dataset,model,seed,event_id,available_future_steps,horizon_steps,horizon_seconds,mae_acc,rmse_acc,mae_spacing,rmse_spacing,mae_speed,collision,collision_step,unsafe_event,unsafe_frames,unsafe_frame_rate,unsafe_thw_threshold_seconds,thw_moving_frames,minimum_predicted_thw,negative_speed_attempts,negative_speed_attempt_rate,overspeed_attempts,overspeed_attempt_rate,numerical_failure,minimum_predicted_spacing,evaluation_gpu_local,evaluation_gpu_physical
SH,Mamba,73,0,156,156,15.600000000000001,0.4592646062374115,0.589454174041748,4.81157922744751,5.538507461547852,1.254284381866455,0,-1,0,0,0.0,2.0,156,6.3958024978637695,0,0.0,0,0.0,0,9.558094024658203,1,6
SH,Mamba,73,1,142,142,14.200000000000001,0.3339364528656006,0.39141377806663513,2.3223280906677246,2.7730534076690674,0.6055933237075806,0,-1,0,0,0.0,2.0,142,2.131317138671875,0,0.0,0,0.0,0,2.064215660095215,1,6
SH,Mamba,73,2,291,291,29.1,0.5794943571090698,0.6928613781929016,10.555516242980957,12.406201362609863,1.3650766611099243,0,-1,1,291,1.0,2.0,291,1.3460708856582642,0,0.0,0,0.0,0,2.6172707080841064,0,5
SH,Mamba,73,3,418,418,41.800000000000004,0.21905353665351868,0.27280193567276,4.978786468505859,6.575314044952393,0.3095376491546631,0,-1,1,418,1.0,2.0,418,0.7924529314041138,0,0.0,0,0.0,0,1.2558083534240723,2,7
SH,Mamba,73,4,265,265,26.5,0.2936486005783081,0.3742244839668274,2.048473358154297,2.284024715423584,0.2631615698337555,0,-1,1,265,1.0,2.0,265,0.9960474371910095,0,0.0,0,0.0,0,2.4090027809143066,1,6
SH,Mamba,73,5,310,310,31.0,0.33789220452308655,0.407527357339859,18.991525650024414,22.21795654296875,1.279287576675415,0,-1,1,234,0.7548387096774194,2.0,310,0.9694406390190125,0,0.0,0,0.0,0,20.365734100341797,2,7
SH,Mamba,73,6,173,173,17.3,0.3722090423107147,0.40687015652656555,5.756072998046875,6.269558429718018,0.749049186706543,0,-1,0,0,0.0,2.0,173,3.776297092437744,0,0.0,0,0.0,0,31.646028518676758,2,7
SH,Mamba,73,7,139,139,13.9,0.19810046255588531,0.2446320354938507,0.7299513816833496,0.8337548971176147,0.1484689712524414,0,-1,1,139,1.0,2.0,139,0.8286327719688416,0,0.0,0,0.0,0,8.83542251586914,2,7
SH,Mamba,73,8,494,494,49.400000000000006,0.22187939286231995,0.28826212882995605,4.2648797035217285,4.944908142089844,0.6108604669570923,0,-1,1,221,0.4473684210526316,2.0,494,1.3342684507369995,0,0.0,0,0.0,0,1.102677345275879,1,6
SH,Mamba,73,9,188,188,18.8,0.27741551399230957,0.352109432220459,11.113910675048828,13.791654586791992,1.1455962657928467,0,-1,1,188,1.0,2.0,188,1.1809875965118408,0,0.0,0,0.0,0,11.628303527832031,1,6
SH,Mamba,73,10,654,654,65.4,0.27204322814941406,0.3487514555454254,11.34680461883545,13.750016212463379,0.6371828317642212,0,-1,1,654,1.0,2.0,654,0.8263738751411438,0,0.0,0,0.0,0,14.530315399169922,2,7
SH,Mamba,73,11,143,143,14.3,0.43792057037353516,0.6691632866859436,2.592637538909912,3.5158188343048096,0.783164381980896,0,-1,1,143,1.0,2.0,143,0.7404260635375977,0,0.0,0,0.0,0,9.2108154296875,2,7
SH,Mamba,73,12,165,165,16.5,0.18927499651908875,0.22788283228874207,12.557284355163574,16.259109497070312,2.0207505226135254,0,-1,1,68,0.4121212121212121,2.0,165,1.4455170631408691,0,0.0,0,0.0,0,28.850631713867188,2,7
SH,Mamba,73,13,168,168,16.8,0.415450781583786,0.5949044823646545,4.346726417541504,4.840298175811768,0.5945965647697449,1,143,1,143,0.8511904761904762,2.0,143,0.0,0,0.0,0,0.0,0,0.0,1,6
SH,Mamba,73,14,161,161,16.1,0.21495948731899261,0.27125561237335205,0.9377865195274353,1.1609985828399658,0.26230788230895996,0,-1,0,0,0.0,2.0,161,2.6989033222198486,0,0.0,0,0.0,0,3.5869011878967285,2,7
SH,Mamba,73,15,133,133,13.3,0.29159921407699585,0.3535010516643524,6.7710723876953125,8.784026145935059,1.4567824602127075,0,-1,1,133,1.0,2.0,133,1.1137230396270752,0,0.0,0,0.0,0,14.453019142150879,1,6
SH,Mamba,73,16,872,872,87.2,0.2628001868724823,0.3460243344306946,7.411877155303955,9.01407241821289,0.5229942202568054,0,-1,1,872,1.0,2.0,872,0.5551324486732483,0,0.0,0,0.0,0,8.66556167602539,0,5
SH,Mamba,73,17,666,666,66.60000000000001,0.34523695707321167,0.4612926244735718,3.286372661590576,3.8677759170532227,2.120912551879883,1,315,1,315,0.47297297297297297,2.0,315,0.0,0,0.0,0,0.0,0,0.0,1,6
SH,Mamba,73,18,221,221,22.1,0.2193652242422104,0.279056578874588,2.3281145095825195,2.641979217529297,0.2399759143590927,0,-1,1,159,0.7194570135746606,2.0,221,0.07786008715629578,0,0.0,0,0.0,0,0.07257968932390213,2,7
SH,Mamba,73,19,174,174,17.400000000000002,0.2318190634250641,0.2771315276622772,1.3409119844436646,1.735188364982605,0.35819441080093384,0,-1,1,174,1.0,2.0,174,1.0892090797424316,0,0.0,0,0.0,0,17.253923416137695,1,6
SH,Mamba,73,20,217,217,21.700000000000003,0.32493945956230164,0.4126463234424591,1.6591811180114746,3.322800636291504,0.7983579039573669,0,-1,1,217,1.0,2.0,217,1.125334620475769,0,0.0,0,0.0,0,4.268884181976318,0,5
SH,Mamba,73,21,210,210,21.0,0.12607449293136597,0.15515123307704926,3.302445650100708,4.0221734046936035,0.3751884698867798,0,-1,1,210,1.0,2.0,210,0.6765808463096619,0,0.0,0,0.0,0,13.32507610321045,2,7
SH,Mamba,73,22,741,741,74.10000000000001,0.3539135754108429,0.5046089291572571,6.132023811340332,7.334873199462891,0.7901274561882019,0,-1,1,481,0.6491228070175439,2.0,741,0.4761297404766083,0,0.0,0,0.0,0,1.969688892364502,2,7
SH,Mamba,73,23,167,167,16.7,0.2753649353981018,0.346271276473999,0.5333642363548279,0.7976211309432983,0.3493795692920685,0,-1,1,167,1.0,2.0,167,0.7982702851295471,0,0.0,0,0.0,0,3.240466356277466,1,6
SH,Mamba,73,24,354,354,35.4,0.26754993200302124,0.35504308342933655,3.7918922901153564,4.675681114196777,0.6782459616661072,1,196,1,196,0.5536723163841808,2.0,196,0.0,0,0.0,0,0.0,0,0.0,1,6
SH,Mamba,73,25,259,259,25.900000000000002,0.2865103781223297,0.34947866201400757,4.806085109710693,5.096963882446289,0.44541358947753906,0,-1,1,259,1.0,2.0,259,1.110931158065796,0,0.0,0,0.0,0,9.197094917297363,1,6
SH,Mamba,73,26,595,595,59.5,0.3452428877353668,0.45519784092903137,2.8684403896331787,3.2389135360717773,0.5966269373893738,0,-1,1,464,0.7798319327731092,2.0,595,0.8944821357727051,0,0.0,0,0.0,0,2.693934917449951,2,7
SH,Mamba,73,27,162,162,16.2,0.4530511498451233,0.48963817954063416,10.402209281921387,13.194001197814941,1.948834776878357,0,-1,0,0,0.0,2.0,162,3.89058780670166,0,0.0,0,0.0,0,38.481788635253906,1,6
SH,Mamba,73,28,143,143,14.3,0.4263840913772583,0.5579744577407837,1.0285428762435913,1.189643144607544,0.31750011444091797,0,-1,1,143,1.0,2.0,143,0.07247606664896011,0,0.0,0,0.0,0,0.19013933837413788,0,5
SH,Mamba,73,29,139,139,13.9,0.26002010703086853,0.2880520224571228,5.071201801300049,7.235793113708496,1.258812427520752,0,-1,0,0,0.0,2.0,139,4.401453018188477,0,0.0,0,0.0,0,27.402524948120117,0,5
SH,Mamba,73,30,185,185,18.5,0.44249045848846436,0.614067018032074,4.807700157165527,5.27253532409668,0.660271167755127,0,-1,1,33,0.1783783783783784,2.0,185,1.9286415576934814,0,0.0,0,0.0,0,10.628705978393555,2,7
SH,Mamba,73,31,166,166,16.6,0.293338805437088,0.3937380313873291,1.9380298852920532,2.361531972885132,0.5541240572929382,0,-1,1,166,1.0,2.0,166,1.272872805595398,0,0.0,0,0.0,0,7.324427604675293,0,5
SH,Mamba,73,32,204,204,20.400000000000002,0.3086279630661011,0.38245078921318054,6.022951602935791,6.8893208503723145,0.9567351937294006,0,-1,1,76,0.37254901960784315,2.0,204,1.787055492401123,0,0.0,0,0.0,0,23.519163131713867,0,5
SH,Mamba,73,33,551,551,55.1,0.3568907678127289,0.5048931241035461,2.9533684253692627,3.9969475269317627,0.7279659509658813,1,491,1,491,0.8911070780399274,2.0,491,0.0,0,0.0,0,0.0,0,0.0,1,6
SH,Mamba,73,34,143,143,14.3,0.3843289911746979,0.4673214256763458,2.000974416732788,2.4162917137145996,0.6913305521011353,0,-1,1,143,1.0,2.0,143,0.7637753486633301,0,0.0,0,0.0,0,9.359121322631836,1,6
SH,Mamba,73,35,152,152,15.200000000000001,0.16401392221450806,0.21472272276878357,3.00166392326355,3.4997003078460693,0.41644376516342163,0,-1,1,102,0.6710526315789473,2.0,152,1.3044313192367554,0,0.0,0,0.0,0,10.56093692779541,2,7
SH,Mamba,73,36,161,161,16.1,0.46429145336151123,0.6241858601570129,1.434251070022583,2.750063180923462,0.8152913451194763,0,-1,1,92,0.5714285714285714,2.0,161,1.4878053665161133,0,0.0,0,0.0,0,4.323065757751465,0,5
SH,Mamba,73,37,231,231,23.1,0.16032300889492035,0.20661650598049164,1.403201937675476,1.6314047574996948,0.24586758017539978,0,-1,1,231,1.0,2.0,231,0.81999272108078,0,0.0,0,0.0,0,14.281332969665527,0,5
SH,Mamba,73,38,340,340,34.0,0.251604825258255,0.31834182143211365,2.0033328533172607,3.415138006210327,0.46189481019973755,0,-1,1,264,0.7764705882352941,2.0,340,1.3957709074020386,0,0.0,0,0.0,0,8.801243782043457,0,5
SH,Mamba,73,39,182,182,18.2,0.12546956539154053,0.17162984609603882,1.9632182121276855,2.490757942199707,0.38587456941604614,0,-1,1,159,0.8736263736263736,2.0,182,1.5086866617202759,0,0.0,0,0.0,0,8.84266471862793,0,5
SH,Mamba,73,40,274,274,27.400000000000002,0.21923035383224487,0.28256264328956604,10.38569450378418,13.236475944519043,0.9607846736907959,0,-1,1,274,1.0,2.0,274,1.0975663661956787,0,0.0,0,0.0,0,4.058938980102539,0,5
SH,Mamba,73,41,207,207,20.700000000000003,0.25892674922943115,0.32810458540916443,4.707287311553955,5.587953567504883,0.7821587920188904,0,-1,1,158,0.7632850241545893,2.0,207,1.291614055633545,0,0.0,0,0.0,0,6.313471794128418,2,7
SH,Mamba,73,42,175,175,17.5,0.06521190702915192,0.09299337863922119,0.5404980182647705,0.6881135702133179,0.1607707142829895,0,-1,1,79,0.4514285714285714,2.0,175,1.731480360031128,0,0.0,0,0.0,0,32.337520599365234,0,5
SH,Mamba,73,43,147,147,14.700000000000001,0.6643308997154236,0.8181331753730774,4.416280269622803,6.6814398765563965,1.2885832786560059,0,-1,0,0,0.0,2.0,147,2.8547139167785645,0,0.0,0,0.0,0,9.722939491271973,2,7
SH,Mamba,73,44,184,184,18.400000000000002,0.1205998882651329,0.1694689840078354,6.133039474487305,7.814604759216309,0.7396303415298462,0,-1,1,184,1.0,2.0,184,1.3827950954437256,0,0.0,0,0.0,0,20.58264923095703,2,7
SH,Mamba,73,45,270,270,27.0,0.2679530382156372,0.3547951281070709,1.4533127546310425,1.911996603012085,0.3454382121562958,1,199,1,199,0.737037037037037,2.0,199,0.0,0,0.0,0,0.0,0,0.0,0,5
SH,Mamba,73,46,204,204,20.400000000000002,0.3554140627384186,0.45092618465423584,4.822867393493652,5.65730619430542,1.1401103734970093,0,-1,1,109,0.5343137254901961,2.0,204,1.1544837951660156,0,0.0,0,0.0,0,7.554036617279053,1,6
SH,Mamba,73,47,208,208,20.8,0.4980338215827942,0.5651734471321106,7.077726364135742,10.051538467407227,1.1741955280303955,0,-1,1,148,0.7115384615384616,2.0,208,1.355190396308899,0,0.0,0,0.0,0,6.255404472351074,2,7
SH,Mamba,73,48,164,164,16.400000000000002,0.19128543138504028,0.23856030404567719,3.157111167907715,5.0299859046936035,0.9478411674499512,0,-1,0,0,0.0,2.0,164,3.8640353679656982,0,0.0,0,0.0,0,84.48834228515625,1,6
SH,Mamba,73,49,167,167,16.7,0.059985142201185226,0.07190632075071335,2.0944716930389404,2.74092435836792,0.31299495697021484,0,-1,1,151,0.9041916167664671,2.0,167,1.5457839965820312,0,0.0,0,0.0,0,18.813453674316406,2,7
SH,Mamba,73,50,153,153,15.3,0.35152265429496765,0.4709068834781647,1.0088258981704712,1.2456251382827759,0.5805623531341553,0,-1,1,153,1.0,2.0,153,0.810457170009613,0,0.0,0,0.0,0,2.0060110092163086,0,5
SH,Mamba,73,51,163,163,16.3,0.21076755225658417,0.27116236090660095,0.6885427236557007,0.9442985653877258,0.1852584034204483,1,161,1,60,0.36809815950920244,2.0,161,0.0,0,0.0,0,0.0,0,0.0,1,6
SH,Mamba,73,52,469,469,46.900000000000006,0.21736763417720795,0.260295033454895,2.612126350402832,3.534681558609009,0.44274571537971497,0,-1,1,351,0.7484008528784648,2.0,469,1.0415306091308594,0,0.0,0,0.0,0,3.5454764366149902,2,7
SH,Mamba,73,53,578,578,57.800000000000004,0.2942500412464142,0.38211676478385925,5.3126654624938965,5.99120569229126,0.510283350944519,0,-1,1,578,1.0,2.0,578,0.5467641353607178,0,0.0,0,0.0,0,2.6243538856506348,0,5
SH,Mamba,73,54,211,211,21.1,0.38029831647872925,0.45850566029548645,4.347840309143066,5.076295852661133,0.7555475234985352,0,-1,0,0,0.0,2.0,211,2.457242250442505,0,0.0,0,0.0,0,3.528271198272705,0,5
SH,Mamba,73,55,1090,1090,109.0,0.29434677958488464,0.3689322769641876,2.7777419090270996,3.187359571456909,0.3649100065231323,0,-1,1,1090,1.0,2.0,1090,0.32582491636276245,0,0.0,0,0.0,0,1.009493350982666,2,7
SH,Mamba,73,56,139,139,13.9,0.21760480105876923,0.25247126817703247,3.793555736541748,4.692997455596924,0.5280980467796326,0,-1,1,101,0.7266187050359713,2.0,139,1.6542329788208008,0,0.0,0,0.0,0,27.9268741607666,2,7
SH,Mamba,73,57,167,167,16.7,0.1339963972568512,0.1753903180360794,0.3268592059612274,0.5237938761711121,0.22534935176372528,0,-1,1,167,1.0,2.0,167,0.7969109416007996,0,0.0,0,0.0,0,9.259345054626465,0,5
SH,Mamba,73,58,140,140,14.0,0.21965423226356506,0.27195069193840027,3.578807830810547,4.069770812988281,0.39293619990348816,0,-1,1,140,1.0,2.0,140,0.5156192779541016,0,0.0,0,0.0,0,2.6397573947906494,1,6
SH,Mamba,73,59,377,377,37.7,0.27119410037994385,0.343776136636734,2.9363858699798584,3.2053191661834717,0.3757425546646118,0,-1,1,377,1.0,2.0,377,0.6720098257064819,0,0.0,0,0.0,0,3.384995937347412,2,7
SH,Mamba,73,60,277,277,27.700000000000003,0.19092023372650146,0.23610055446624756,3.863797664642334,4.8583221435546875,0.4262533485889435,0,-1,1,219,0.7906137184115524,2.0,277,1.371904969215393,0,0.0,0,0.0,0,12.653766632080078,0,5
SH,Mamba,73,61,1027,1027,102.7,0.26521363854408264,0.3650801479816437,4.173166751861572,4.804137229919434,1.1011624336242676,1,758,1,708,0.6893865628042843,2.0,758,0.0,0,0.0,0,0.0,0,0.0,1,6
SH,Mamba,73,62,462,462,46.2,0.21204860508441925,0.24800051748752594,1.697021245956421,1.9666204452514648,0.43333959579467773,0,-1,1,462,1.0,2.0,462,0.7955223321914673,0,0.0,0,0.0,0,7.155104160308838,2,7
SH,Mamba,73,63,238,238,23.8,0.3073159456253052,0.413225919008255,3.0274014472961426,3.488420248031616,0.7226898074150085,0,-1,1,238,1.0,2.0,238,0.88764888048172,0,0.0,0,0.0,0,16.653507232666016,2,7
SH,Mamba,73,64,165,165,16.5,0.15910887718200684,0.18919435143470764,2.434082508087158,3.475315809249878,0.47863802313804626,0,-1,1,165,1.0,2.0,165,1.6046078205108643,0,0.0,0,0.0,0,17.63518524169922,2,7
SH,Mamba,73,65,168,168,16.8,0.43707919120788574,0.569231390953064,7.062175273895264,9.85001277923584,1.087758183479309,0,-1,0,0,0.0,2.0,168,2.8075904846191406,0,0.0,0,0.0,0,16.782466888427734,2,7
SH,Mamba,73,66,1295,1295,129.5,0.35467982292175293,0.47770681977272034,9.637642860412598,10.334785461425781,3.2802610397338867,1,105,1,105,0.08108108108108109,2.0,105,0.0,0,0.0,0,0.0,0,0.0,1,6
SH,Mamba,73,67,185,185,18.5,0.30909812450408936,0.37360844016075134,2.485229253768921,2.975287437438965,0.7561596632003784,0,-1,1,185,1.0,2.0,185,0.9052343964576721,0,0.0,0,0.0,0,3.9799110889434814,2,7
SH,Mamba,73,68,158,158,15.8,0.543921172618866,0.8239305019378662,1.3558530807495117,1.5041276216506958,0.4665885269641876,0,-1,1,158,1.0,2.0,158,0.3128923773765564,0,0.0,0,0.0,0,0.5430170297622681,2,7
SH,Mamba,73,69,134,134,13.4,0.10896788537502289,0.13727886974811554,3.1261167526245117,3.899592876434326,0.48238134384155273,0,-1,1,77,0.5746268656716418,2.0,134,1.7622538805007935,0,0.0,0,0.0,0,30.099924087524414,0,5
SH,Mamba,73,70,159,159,15.9,0.5588821768760681,0.6803137063980103,0.9452766180038452,1.1307590007781982,0.49421969056129456,0,-1,0,0,0.0,2.0,159,2.8895201683044434,0,0.0,0,0.0,0,1.9379663467407227,2,7
SH,Mamba,73,71,351,351,35.1,0.4141465723514557,0.5407817959785461,10.352498054504395,12.21989917755127,1.8610848188400269,1,182,1,182,0.5185185185185185,2.0,182,0.0,0,0.0,0,0.0,0,0.0,0,5
SH,Mamba,73,72,300,300,30.0,0.23731191456317902,0.28730514645576477,2.5060791969299316,2.87107253074646,0.537905752658844,0,-1,1,192,0.64,2.0,300,1.1835689544677734,0,0.0,0,0.0,0,4.402261734008789,1,6
SH,Mamba,73,73,207,207,20.700000000000003,0.24616703391075134,0.33965039253234863,0.8557586669921875,1.0126869678497314,0.3199985921382904,0,-1,1,115,0.5555555555555556,2.0,207,1.5379185676574707,0,0.0,0,0.0,0,1.0706099271774292,0,5
SH,Mamba,73,74,447,447,44.7,0.22144748270511627,0.30466583371162415,4.835581302642822,6.494813919067383,0.5353136658668518,0,-1,1,354,0.7919463087248322,2.0,447,1.0886646509170532,0,0.0,0,0.0,0,2.477268934249878,0,5
SH,Mamba,73,75,132,132,13.200000000000001,0.2560558319091797,0.29753345251083374,1.4491753578186035,2.2705905437469482,0.42736488580703735,0,-1,1,101,0.7651515151515151,2.0,132,1.5623263120651245,0,0.0,0,0.0,0,8.074470520019531,0,5
SH,Mamba,73,76,237,237,23.700000000000003,0.33873918652534485,0.4359833002090454,7.712541103363037,11.28864574432373,1.8276023864746094,0,-1,1,14,0.05907172995780591,2.0,237,1.8388806581497192,0,0.0,0,0.0,0,31.79762840270996,1,6
SH,Mamba,73,77,133,133,13.3,0.23718507587909698,0.2992250919342041,0.6481286287307739,0.780261754989624,0.23181064426898956,0,-1,0,0,0.0,2.0,133,2.4754536151885986,0,0.0,0,0.0,0,7.562574863433838,2,7
SH,Mamba,73,78,132,132,13.200000000000001,0.5052761435508728,0.605527937412262,3.6214959621429443,4.065398693084717,0.6499812006950378,0,-1,0,0,0.0,2.0,132,4.271880626678467,0,0.0,0,0.0,0,11.692001342773438,0,5
SH,Mamba,73,79,131,131,13.100000000000001,0.46099844574928284,0.5059534311294556,9.320068359375,11.658909797668457,1.4856107234954834,0,-1,0,0,0.0,2.0,131,4.530583381652832,0,0.0,0,0.0,0,45.17792892456055,0,5
SH,Mamba,73,80,148,148,14.8,0.3019349277019501,0.3724565804004669,2.3883020877838135,3.0234053134918213,0.7416996359825134,0,-1,1,72,0.4864864864864865,2.0,148,1.6716883182525635,0,0.0,0,0.0,0,5.478527545928955,0,5
SH,Mamba,73,81,204,204,20.400000000000002,0.15572786331176758,0.20400221645832062,2.8384923934936523,3.271540641784668,0.3370785415172577,0,-1,0,0,0.0,2.0,204,3.1409075260162354,0,0.0,0,0.0,0,67.92256164550781,2,7
SH,Mamba,73,82,143,143,14.3,1.0603852272033691,1.2166897058486938,28.454540252685547,41.44565200805664,6.934067249298096,0,-1,0,0,0.0,2.0,143,3.714113235473633,0,0.0,0,0.0,0,57.01911544799805,2,7
SH,Mamba,73,83,182,182,18.2,0.21076327562332153,0.2453121393918991,2.292893409729004,3.1778275966644287,0.39763155579566956,0,-1,1,182,1.0,2.0,182,0.982391893863678,0,0.0,0,0.0,0,4.676848888397217,1,6
SH,Mamba,73,84,206,206,20.6,0.3720817267894745,0.4348846971988678,7.476863384246826,8.722400665283203,1.0700912475585938,0,-1,1,95,0.46116504854368934,2.0,206,1.5032155513763428,0,0.0,0,0.0,0,0.44894272089004517,2,7
SH,Mamba,73,85,201,201,20.1,0.23597148060798645,0.2889378070831299,1.1740232706069946,1.352400541305542,0.15441513061523438,0,-1,1,201,1.0,2.0,201,0.9786751866340637,0,0.0,0,0.0,0,15.480019569396973,0,5
SH,Mamba,73,86,258,258,25.8,0.33879145979881287,0.41836705803871155,11.952049255371094,13.436898231506348,0.9673046469688416,0,-1,0,0,0.0,2.0,258,2.5888895988464355,0,0.0,0,0.0,0,26.640117645263672,1,6
SH,Mamba,73,87,241,241,24.1,0.3657297194004059,0.4912053644657135,2.288909673690796,2.52555775642395,0.6186746954917908,1,212,1,212,0.8796680497925311,2.0,212,0.0,0,0.0,0,0.0,0,0.0,1,6
SH,Mamba,73,88,852,852,85.2,0.2030116319656372,0.2544768452644348,3.742482900619507,4.139462947845459,0.28017890453338623,0,-1,1,841,0.9870892018779343,2.0,852,0.6047058701515198,0,0.0,0,0.0,0,5.018896102905273,1,6
SH,Mamba,73,89,214,214,21.400000000000002,0.2331121265888214,0.29118436574935913,1.9835562705993652,2.1627681255340576,0.2901756465435028,0,-1,1,214,1.0,2.0,214,0.9430263638496399,0,0.0,0,0.0,0,8.952333450317383,1,6
SH,Mamba,73,90,261,261,26.1,0.25629982352256775,0.32937678694725037,2.7086617946624756,3.2714526653289795,0.37644100189208984,0,-1,0,0,0.0,2.0,261,2.347811698913574,0,0.0,0,0.0,0,6.659638404846191,2,7
SH,Mamba,73,91,182,182,18.2,0.26284489035606384,0.3269592523574829,3.994518518447876,5.084385395050049,0.6116313934326172,0,-1,0,0,0.0,2.0,182,2.809060573577881,0,0.0,0,0.0,0,21.65206527709961,2,7
SH,Mamba,73,92,378,378,37.800000000000004,0.4270942211151123,0.6094313859939575,4.537513732910156,6.116600036621094,1.6935995817184448,1,246,1,186,0.49206349206349204,2.0,246,0.0,0,0.0,0,0.0,0,0.0,0,5
SH,Mamba,73,93,133,133,13.3,0.46651700139045715,0.6293562650680542,0.9002764821052551,1.1797974109649658,0.5170090198516846,0,-1,1,116,0.8721804511278195,2.0,133,1.4237940311431885,0,0.0,0,0.0,0,4.581240653991699,1,6
SH,Mamba,73,94,246,246,24.6,0.19043070077896118,0.26181453466415405,4.128453254699707,4.803093433380127,0.36357128620147705,0,-1,1,246,1.0,2.0,246,0.5465635657310486,0,0.0,0,0.0,0,4.119336128234863,1,6
SH,Mamba,73,95,147,147,14.700000000000001,0.3979700207710266,0.47572624683380127,1.9182125329971313,2.454597234725952,0.858700692653656,0,-1,1,147,1.0,2.0,147,1.220685601234436,0,0.0,0,0.0,0,10.931851387023926,2,7
SH,Mamba,73,96,210,210,21.0,0.2826589047908783,0.36565613746643066,2.9280877113342285,3.2546732425689697,0.3974646329879761,0,-1,1,188,0.8952380952380953,2.0,210,1.4401715993881226,0,0.0,0,0.0,0,7.422122478485107,2,7
SH,Mamba,73,97,186,186,18.6,0.22279591858386993,0.2769858241081238,1.9458701610565186,2.247385263442993,0.2059391736984253,0,-1,1,181,0.9731182795698925,2.0,186,0.8535270094871521,0,0.0,0,0.0,0,2.695858955383301,0,5
SH,Mamba,73,98,846,846,84.60000000000001,0.1221555769443512,0.15789102017879486,31.927715301513672,34.01158142089844,0.6933618783950806,0,-1,0,0,0.0,2.0,846,3.427474021911621,0,0.0,0,0.0,0,64.90001678466797,0,5
SH,Mamba,73,99,321,321,32.1,0.31939855217933655,0.376412034034729,2.5843143463134766,3.1824874877929688,0.49580806493759155,0,-1,1,321,1.0,2.0,321,1.0729999542236328,0,0.0,0,0.0,0,11.235392570495605,1,6
SH,Mamba,73,100,204,204,20.400000000000002,0.20828232169151306,0.23600490391254425,1.4810006618499756,2.28745174407959,0.5145770311355591,0,-1,0,0,0.0,2.0,204,2.2021632194519043,0,0.0,0,0.0,0,13.871484756469727,0,5
SH,Mamba,73,101,691,691,69.10000000000001,0.2094063013792038,0.2700217068195343,5.422073841094971,6.448218822479248,0.5984120965003967,0,-1,1,564,0.8162083936324168,2.0,691,0.9165478944778442,0,0.0,0,0.0,0,16.36417007446289,1,6
SH,Mamba,73,102,231,231,23.1,0.3076817989349365,0.38863423466682434,10.514860153198242,12.298417091369629,0.8733667731285095,0,-1,1,32,0.13852813852813853,2.0,231,1.635749101638794,0,0.0,0,0.0,0,30.778682708740234,1,6
SH,Mamba,73,103,170,170,17.0,0.3738507330417633,0.41155704855918884,2.730239152908325,3.4644017219543457,0.8100436329841614,0,-1,0,0,0.0,2.0,170,2.7959907054901123,0,0.0,0,0.0,0,5.173793792724609,0,5
SH,Mamba,73,104,359,359,35.9,0.23966248333454132,0.2937823534011841,5.483036994934082,5.8886237144470215,0.4524295926094055,0,-1,1,359,1.0,2.0,359,0.62093186378479,0,0.0,0,0.0,0,10.030399322509766,0,5
SH,Mamba,73,105,173,173,17.3,0.17486163973808289,0.2213783711194992,4.009067535400391,4.573992729187012,0.3679707944393158,0,-1,1,104,0.6011560693641619,2.0,173,1.3584519624710083,0,0.0,0,0.0,0,21.462657928466797,0,5
SH,Mamba,73,106,219,219,21.900000000000002,0.3905624449253082,0.45549535751342773,9.9920072555542,10.96290111541748,0.8964499831199646,0,-1,1,123,0.5616438356164384,2.0,219,1.5377861261367798,0,0.0,0,0.0,0,33.74338912963867,0,5
SH,Mamba,73,107,330,330,33.0,0.17512664198875427,0.2199244201183319,0.9888781905174255,1.1000093221664429,0.19760727882385254,0,-1,1,4,0.012121212121212121,2.0,330,1.9573605060577393,0,0.0,0,0.0,0,4.555295944213867,0,5
SH,Mamba,73,108,187,187,18.7,0.3448571264743805,0.450544148683548,1.4951831102371216,2.0430045127868652,0.9444981813430786,1,151,1,151,0.8074866310160428,2.0,151,0.0,0,0.0,0,0.0,0,0.0,2,7
SH,Mamba,73,109,464,464,46.400000000000006,0.161355122923851,0.20125117897987366,6.9001145362854,8.034282684326172,0.36340585350990295,0,-1,1,464,1.0,2.0,464,0.5802426934242249,0,0.0,0,0.0,0,9.746869087219238,0,5
SH,Mamba,73,110,515,515,51.5,0.19991835951805115,0.254841148853302,4.822219371795654,6.300573825836182,0.6089091897010803,0,-1,1,477,0.9262135922330097,2.0,515,0.2597525417804718,0,0.0,0,0.0,0,0.46087586879730225,2,7
SH,Mamba,73,111,132,132,13.200000000000001,0.5914163589477539,0.67393958568573,11.905807495117188,13.917420387268066,1.5881441831588745,0,-1,1,132,1.0,2.0,132,0.8843421339988708,0,0.0,0,0.0,0,9.727628707885742,1,6
SH,Mamba,73,112,274,274,27.400000000000002,0.25527244806289673,0.3613516390323639,1.9854233264923096,2.127357244491577,0.2149679958820343,1,266,1,248,0.9051094890510949,2.0,266,0.0,0,0.0,0,0.0,0,0.0,1,6
SH,Mamba,73,113,487,487,48.7,0.29712584614753723,0.3887336850166321,5.057620048522949,6.181025981903076,0.6202499270439148,0,-1,1,254,0.5215605749486653,2.0,487,0.9171281456947327,0,0.0,0,0.0,0,2.5685617923736572,2,7
SH,Mamba,73,114,143,143,14.3,0.2118711918592453,0.24232038855552673,1.8030216693878174,2.18442440032959,0.5035524964332581,0,-1,0,0,0.0,2.0,143,2.3680121898651123,0,0.0,0,0.0,0,33.86782455444336,0,5
SH,Mamba,73,115,140,140,14.0,0.4053250253200531,0.5050255060195923,1.4883174896240234,1.6679368019104004,0.5420545339584351,0,-1,1,98,0.7,2.0,140,0.7690594792366028,0,0.0,0,0.0,0,0.35044270753860474,1,6
SH,Mamba,73,116,268,268,26.8,0.1513749361038208,0.19318759441375732,2.059401035308838,2.5674498081207275,0.47838786244392395,0,-1,1,143,0.5335820895522388,2.0,268,1.2353229522705078,0,0.0,0,0.0,0,14.947734832763672,0,5
SH,Mamba,73,117,314,314,31.400000000000002,0.30283233523368835,0.37031641602516174,6.023257732391357,7.028873443603516,0.7756566405296326,0,-1,1,314,1.0,2.0,314,0.6775307655334473,0,0.0,0,0.0,0,2.783249616622925,2,7
SH,Mamba,73,118,138,138,13.8,0.08647381514310837,0.11415417492389679,1.9804667234420776,2.3433902263641357,0.2110154926776886,0,-1,0,0,0.0,2.0,138,2.281160593032837,0,0.0,0,0.0,0,31.792335510253906,1,6
SH,Mamba,73,119,132,132,13.200000000000001,0.31117182970046997,0.35667726397514343,5.0868940353393555,6.570877552032471,0.8274016976356506,0,-1,1,132,1.0,2.0,132,1.435346007347107,0,0.0,0,0.0,0,12.314457893371582,2,7
SH,Mamba,73,120,183,183,18.3,0.17640456557273865,0.2302321195602417,1.0359658002853394,1.362998127937317,0.19806942343711853,0,-1,1,183,1.0,2.0,183,0.4414827823638916,0,0.0,0,0.0,0,2.372772693634033,0,5
SH,Mamba,73,121,248,248,24.8,0.20641601085662842,0.2600151002407074,3.371737480163574,4.172979831695557,0.2931235730648041,0,-1,1,234,0.9435483870967742,2.0,248,1.2816203832626343,0,0.0,0,0.0,0,22.088579177856445,0,5
SH,Mamba,73,122,705,705,70.5,0.302967369556427,0.40968069434165955,3.842113733291626,4.61527156829834,0.4137955904006958,0,-1,1,705,1.0,2.0,705,0.152218759059906,0,0.0,0,0.0,0,0.41575372219085693,0,5
SH,Mamba,73,123,245,245,24.5,0.2136407494544983,0.26183170080184937,2.8704397678375244,4.044219017028809,0.36888590455055237,0,-1,1,245,1.0,2.0,245,0.8146546483039856,0,0.0,0,0.0,0,8.85639762878418,1,6
SH,Mamba,73,124,434,434,43.400000000000006,0.3774251937866211,0.4619828462600708,5.0163397789001465,5.633836269378662,0.7899737358093262,0,-1,1,428,0.9861751152073732,2.0,434,0.7958308458328247,0,0.0,0,0.0,0,14.563233375549316,0,5
SH,Mamba,73,125,242,242,24.200000000000003,0.24017995595932007,0.35509639978408813,2.3338186740875244,3.2284181118011475,0.6092533469200134,0,-1,1,242,1.0,2.0,242,0.5233306288719177,0,0.0,0,0.0,0,11.416492462158203,2,7
SH,Mamba,73,126,226,226,22.6,0.26788192987442017,0.31815460324287415,10.987859725952148,12.433107376098633,0.8786494731903076,0,-1,0,0,0.0,2.0,226,4.311883926391602,0,0.0,0,0.0,0,50.5241813659668,1,6
SH,Mamba,73,127,157,157,15.700000000000001,0.28563082218170166,0.34230002760887146,1.2968684434890747,1.4958826303482056,0.3713698089122772,0,-1,0,0,0.0,2.0,157,3.020780563354492,0,0.0,0,0.0,0,15.811799049377441,1,6
SH,Mamba,73,128,211,211,21.1,0.1788862943649292,0.22458386421203613,0.9708136916160583,1.3041812181472778,0.22574889659881592,0,-1,1,211,1.0,2.0,211,1.190292239189148,0,0.0,0,0.0,0,9.107608795166016,0,5
SH,Mamba,73,129,139,139,13.9,0.12979920208454132,0.15977124869823456,2.2828707695007324,2.6120152473449707,0.2572815418243408,0,-1,1,139,1.0,2.0,139,1.2413434982299805,0,0.0,0,0.0,0,20.470731735229492,0,5
SH,Mamba,73,130,174,174,17.400000000000002,0.17893417179584503,0.3282840847969055,1.1772788763046265,1.3930888175964355,0.3561323285102844,0,-1,1,174,1.0,2.0,174,0.3500102758407593,0,0.0,0,0.0,0,5.366625785827637,2,7
SH,Mamba,73,131,324,324,32.4,0.25762054324150085,0.33339378237724304,3.2282254695892334,4.3007121086120605,0.683621883392334,1,300,1,300,0.9259259259259259,2.0,300,0.0,0,0.0,0,0.0,0,0.0,0,5
SH,Mamba,73,132,136,136,13.600000000000001,1.2948756217956543,1.6963611841201782,6.772963523864746,8.257969856262207,2.7045257091522217,1,94,1,94,0.6911764705882353,2.0,94,0.0,0,0.0,0,0.0,0,0.0,2,7
SH,Mamba,73,133,215,215,21.5,0.43086570501327515,0.6134719252586365,1.6533232927322388,2.50321102142334,0.44151535630226135,0,-1,1,215,1.0,2.0,215,0.12406089901924133,0,0.0,0,0.0,0,0.18002420663833618,2,7
SH,Mamba,73,134,156,156,15.600000000000001,0.23001231253147125,0.27800461649894714,2.8830864429473877,3.245368480682373,0.46983709931373596,0,-1,1,156,1.0,2.0,156,0.7003452181816101,0,0.0,0,0.0,0,15.67313289642334,2,7
SH,Mamba,73,135,140,140,14.0,0.3142370581626892,0.39341145753860474,0.5716335773468018,0.7680476903915405,0.32817715406417847,0,-1,1,140,1.0,2.0,140,0.8255165219306946,0,0.0,0,0.0,0,1.5770872831344604,2,7
SH,Mamba,73,136,132,132,13.200000000000001,0.7322370409965515,0.9414177536964417,6.154975891113281,8.632115364074707,1.2887699604034424,0,-1,1,131,0.9924242424242424,2.0,132,0.016523165628314018,0,0.0,0,0.0,0,0.47143715620040894,0,5
SH,Mamba,73,137,175,175,17.5,0.1335187554359436,0.173054501414299,4.346327304840088,5.434616565704346,0.6124120950698853,0,-1,0,0,0.0,2.0,175,2.210902690887451,0,0.0,0,0.0,0,2.3287193775177,1,6
SH,Mamba,73,138,424,424,42.400000000000006,0.21772871911525726,0.25866812467575073,3.3697707653045654,3.5876848697662354,0.791766881942749,1,156,1,130,0.30660377358490565,2.0,156,0.0,0,0.0,0,0.0,0,0.0,2,7
SH,Mamba,73,139,191,191,19.1,0.319206565618515,0.42568567395210266,2.804145097732544,4.605417251586914,0.8384209275245667,0,-1,1,191,1.0,2.0,191,0.8311433792114258,0,0.0,0,0.0,0,17.110496520996094,2,7
SH,Mamba,73,140,196,196,19.6,0.19844824075698853,0.2506267726421356,1.9833012819290161,2.154853582382202,0.15547122061252594,0,-1,1,196,1.0,2.0,196,0.8570077419281006,0,0.0,0,0.0,0,2.4907920360565186,2,7
SH,Mamba,73,141,215,215,21.5,0.24907168745994568,0.31902894377708435,2.799682140350342,3.127943515777588,0.6710954308509827,0,-1,1,215,1.0,2.0,215,1.0702077150344849,0,0.0,0,0.0,0,20.35276222229004,0,5
SH,Mamba,73,142,319,319,31.900000000000002,0.4453955888748169,0.5689904689788818,11.722918510437012,13.250406265258789,1.1920318603515625,0,-1,1,319,1.0,2.0,319,0.6044430136680603,0,0.0,0,0.0,0,3.665940284729004,0,5
SH,Mamba,73,143,132,132,13.200000000000001,0.32489797472953796,0.43520501255989075,3.0368502140045166,3.4300625324249268,0.5304213762283325,0,-1,1,114,0.8636363636363636,2.0,132,1.4719843864440918,0,0.0,0,0.0,0,9.485306739807129,1,6
SH,Mamba,73,144,271,271,27.1,0.21992459893226624,0.27353477478027344,12.306755065917969,15.472516059875488,0.949079692363739,0,-1,1,271,1.0,2.0,271,0.5287034511566162,0,0.0,0,0.0,0,8.626872062683105,2,7
SH,Mamba,73,145,393,393,39.300000000000004,0.26014941930770874,0.3466871678829193,1.495613694190979,1.6519525051116943,0.30478379130363464,1,384,1,245,0.6234096692111959,2.0,384,0.0,0,0.0,0,0.0,0,0.0,2,7
SH,Mamba,73,146,238,238,23.8,0.311344176530838,0.448818564414978,6.668431282043457,7.4760894775390625,0.845806896686554,0,-1,1,142,0.5966386554621849,2.0,238,1.4632797241210938,0,0.0,0,0.0,0,11.391892433166504,0,5
SH,Mamba,73,147,421,421,42.1,0.2593880593776703,0.30116158723831177,13.285701751708984,15.408794403076172,1.1151646375656128,0,-1,1,192,0.45605700712589076,2.0,421,1.2429744005203247,0,0.0,0,0.0,0,29.245710372924805,0,5
SH,Mamba,73,148,210,210,21.0,0.32680362462997437,0.38008224964141846,5.8517560958862305,7.923862934112549,1.350502610206604,0,-1,0,0,0.0,2.0,210,2.85434889793396,0,0.0,0,0.0,0,61.876861572265625,0,5
SH,Mamba,73,149,150,150,15.0,0.18855585157871246,0.22788013517856598,0.5707677006721497,0.651099681854248,0.18771116435527802,0,-1,1,28,0.18666666666666668,2.0,150,1.5307261943817139,0,0.0,0,0.0,0,1.1118113994598389,1,6
SH,Mamba,73,150,193,193,19.3,0.330847829580307,0.4361743927001953,3.6157829761505127,4.6041059494018555,0.7676800489425659,0,-1,0,0,0.0,2.0,193,2.2457847595214844,0,0.0,0,0.0,0,2.04777193069458,1,6
SH,Mamba,73,151,149,149,14.9,0.2702372372150421,0.3245850205421448,1.5265249013900757,1.7553361654281616,0.21857184171676636,0,-1,1,149,1.0,2.0,149,1.1012152433395386,0,0.0,0,0.0,0,7.080268383026123,0,5
SH,Mamba,73,152,299,299,29.900000000000002,0.263255774974823,0.38669440150260925,2.0490119457244873,2.2292611598968506,0.50162273645401,1,225,1,220,0.7357859531772575,2.0,225,0.0,0,0.0,0,0.0,0,0.0,2,7
SH,Mamba,73,153,996,996,99.60000000000001,0.24705757200717926,0.32295942306518555,7.7437591552734375,8.530844688415527,0.9190729260444641,1,813,1,805,0.8082329317269076,2.0,813,0.0,0,0.0,0,0.0,0,0.0,0,5
SH,Mamba,73,154,407,407,40.7,0.215058833360672,0.2709714472293854,4.048259735107422,5.061793804168701,0.35276415944099426,0,-1,1,394,0.9680589680589681,2.0,407,0.17676042020320892,0,0.0,0,0.0,0,0.6142778396606445,2,7
SH,Mamba,73,155,138,138,13.8,0.15689696371555328,0.1965101957321167,0.20584255456924438,0.27983900904655457,0.1698949933052063,0,-1,0,0,0.0,2.0,138,2.014397621154785,0,0.0,0,0.0,0,1.8957560062408447,1,6
SH,Mamba,73,156,151,151,15.100000000000001,0.2548309862613678,0.36083394289016724,1.2114486694335938,1.3504443168640137,0.3950781524181366,0,-1,1,151,1.0,2.0,151,0.4791182577610016,0,0.0,0,0.0,0,7.801917552947998,2,7
SH,Mamba,73,157,182,182,18.2,0.14539848268032074,0.17758159339427948,1.194739818572998,1.299163818359375,0.34548264741897583,0,-1,1,152,0.8351648351648352,2.0,182,1.1511027812957764,0,0.0,0,0.0,0,13.518501281738281,0,5
SH,Mamba,73,158,157,157,15.700000000000001,0.29496923089027405,0.35511818528175354,5.089422225952148,5.897494316101074,0.5313494205474854,0,-1,1,157,1.0,2.0,157,0.685291051864624,0,0.0,0,0.0,0,11.28834056854248,1,6
SH,Mamba,73,159,530,530,53.0,0.190448597073555,0.24601569771766663,2.94858717918396,3.2894883155822754,0.7765881419181824,1,168,1,84,0.15849056603773584,2.0,168,0.0,0,0.0,0,0.0,0,0.0,1,6
SH,Mamba,73,160,374,374,37.4,0.5734227299690247,0.7703042030334473,28.451108932495117,35.32927703857422,3.2118804454803467,0,-1,0,0,0.0,2.0,374,3.284952402114868,0,0.0,0,0.0,0,8.416777610778809,1,6
SH,Mamba,73,161,797,797,79.7,0.21470998227596283,0.270509272813797,8.618375778198242,9.802600860595703,0.49617746472358704,0,-1,1,791,0.9924717691342535,2.0,797,0.7850281596183777,0,0.0,0,0.0,0,4.071335315704346,2,7
SH,Mamba,73,162,142,142,14.200000000000001,0.4033961892127991,0.4913100600242615,1.4111334085464478,1.5431652069091797,0.35582587122917175,1,132,1,102,0.7183098591549296,2.0,132,0.0,0,0.0,0,0.0,0,0.0,1,6
SH,Mamba,73,163,275,275,27.5,0.2865954041481018,0.3510207235813141,5.3415679931640625,5.841670989990234,0.41923579573631287,0,-1,1,40,0.14545454545454545,2.0,275,0.07648666203022003,0,0.0,0,0.0,0,0.02278057485818863,2,7
SH,Mamba,73,164,241,241,24.1,0.23585820198059082,0.3201119303703308,0.9492465853691101,1.1628645658493042,0.25904133915901184,0,-1,1,241,1.0,2.0,241,0.7609227895736694,0,0.0,0,0.0,0,4.69313907623291,1,6
SH,Mamba,73,165,481,481,48.1,0.20868732035160065,0.27337804436683655,1.4791196584701538,1.7608014345169067,0.3288785517215729,0,-1,1,349,0.7255717255717256,2.0,481,1.0347273349761963,0,0.0,0,0.0,0,5.896142959594727,2,7
SH,Mamba,73,166,189,189,18.900000000000002,0.24048711359500885,0.3253290355205536,3.302269458770752,4.2905707359313965,0.7621288895606995,0,-1,1,176,0.9312169312169312,2.0,189,1.7179310321807861,0,0.0,0,0.0,0,6.087943077087402,0,5
SH,Mamba,73,167,568,568,56.800000000000004,0.3162200152873993,0.37655210494995117,4.160533428192139,5.453737258911133,0.5815832018852234,0,-1,1,448,0.7887323943661971,2.0,568,1.1762964725494385,0,0.0,0,0.0,0,4.8700714111328125,0,5
SH,Mamba,73,168,327,327,32.7,0.29220256209373474,0.37067949771881104,3.320348024368286,4.015523910522461,0.46490517258644104,0,-1,1,327,1.0,2.0,327,0.5225040316581726,0,0.0,0,0.0,0,8.767169952392578,2,7
SH,Mamba,73,169,602,602,60.2,0.2340289205312729,0.30602046847343445,25.071136474609375,28.925806045532227,0.9050235152244568,0,-1,0,0,0.0,2.0,602,2.158327102661133,0,0.0,0,0.0,0,37.196571350097656,2,7
SH,Mamba,73,170,321,321,32.1,0.2956662178039551,0.42505237460136414,12.014996528625488,13.257969856262207,0.6873393654823303,0,-1,1,321,1.0,2.0,321,0.7903822064399719,0,0.0,0,0.0,0,9.827691078186035,2,7
SH,Mamba,73,171,195,195,19.5,0.2872526943683624,0.3622657358646393,0.37332579493522644,0.4405628442764282,0.270164430141449,0,-1,1,195,1.0,2.0,195,0.3875783085823059,0,0.0,0,0.0,0,1.2718390226364136,2,7
SH,Mamba,73,172,218,218,21.8,0.33689185976982117,0.46450403332710266,7.299582481384277,8.286890983581543,0.7282572984695435,0,-1,1,218,1.0,2.0,218,1.2719905376434326,0,0.0,0,0.0,0,5.695487022399902,2,7
SH,Mamba,73,173,162,162,16.2,0.476858913898468,0.6864769458770752,0.9474897980690002,1.0825884342193604,0.3571200966835022,1,133,1,109,0.6728395061728395,2.0,133,0.0,0,0.0,0,0.0,0,0.0,2,7
SH,Mamba,73,174,168,168,16.8,0.32714182138442993,0.5281711220741272,2.333441972732544,3.153482437133789,0.8605858683586121,0,-1,0,0,0.0,2.0,168,2.15016770362854,0,0.0,0,0.0,0,29.671030044555664,0,5
SH,Mamba,73,175,194,194,19.400000000000002,0.3884181082248688,0.4693601429462433,8.358033180236816,11.834651947021484,1.4159542322158813,0,-1,1,194,1.0,2.0,194,0.8745273351669312,0,0.0,0,0.0,0,8.748085975646973,0,5
SH,Mamba,73,176,142,142,14.200000000000001,0.2887767255306244,0.3652646839618683,2.4975383281707764,3.072378635406494,0.44675949215888977,0,-1,1,142,1.0,2.0,142,1.1189618110656738,0,0.0,0,0.0,0,15.581245422363281,2,7
SH,Mamba,73,177,358,358,35.800000000000004,0.35199639201164246,0.5098854303359985,8.54141616821289,10.726958274841309,0.9893578290939331,1,310,1,310,0.8659217877094972,2.0,310,0.0,0,0.0,0,0.0,0,0.0,2,7
SH,Mamba,73,178,137,137,13.700000000000001,0.26137757301330566,0.5143770575523376,0.30936646461486816,0.398998886346817,0.19479809701442719,0,-1,1,137,1.0,2.0,137,1.0974315404891968,0,0.0,0,0.0,0,8.76939582824707,2,7
SH,Mamba,73,179,157,157,15.700000000000001,0.3174275755882263,0.4382166862487793,5.278652667999268,6.075284481048584,0.5391899347305298,0,-1,1,157,1.0,2.0,157,0.6624794006347656,0,0.0,0,0.0,0,14.727006912231445,2,7
SH,Mamba,73,180,222,222,22.200000000000003,0.18508993089199066,0.23134097456932068,6.307720184326172,8.628050804138184,0.8242529630661011,0,-1,1,192,0.8648648648648649,2.0,222,0.38249385356903076,0,0.0,0,0.0,0,11.091002464294434,2,7
SH,Mamba,73,181,131,131,13.100000000000001,0.1661974936723709,0.1926264613866806,1.1632150411605835,1.7537457942962646,0.3878155052661896,0,-1,1,131,1.0,2.0,131,0.549213707447052,0,0.0,0,0.0,0,8.717351913452148,1,6
SH,Mamba,73,182,196,196,19.6,0.16138556599617004,0.20567704737186432,2.0796163082122803,2.3361096382141113,0.15282469987869263,1,196,1,121,0.6173469387755102,2.0,196,0.0,0,0.0,0,0.0,0,0.0,0,5
SH,Mamba,73,183,295,295,29.5,0.2590177655220032,0.31833145022392273,3.857572078704834,4.433103084564209,0.3419337272644043,0,-1,1,295,1.0,2.0,295,1.1366816759109497,0,0.0,0,0.0,0,9.870933532714844,2,7
SH,Mamba,73,184,538,538,53.800000000000004,0.31076908111572266,0.4086875915527344,9.257072448730469,11.85595417022705,0.8554326891899109,0,-1,1,15,0.027881040892193308,2.0,538,1.978316068649292,0,0.0,0,0.0,0,3.1636571884155273,2,7
SH,Mamba,73,185,200,200,20.0,0.24185779690742493,0.3121117055416107,0.4870423972606659,0.7034559845924377,0.23279742896556854,1,186,1,179,0.895,2.0,186,0.0,0,0.0,0,0.0,0,0.0,0,5
SH,Mamba,73,186,215,215,21.5,0.2088438719511032,0.257118284702301,4.2207794189453125,4.964621067047119,0.5018583536148071,0,-1,0,0,0.0,2.0,215,2.443565845489502,0,0.0,0,0.0,0,6.2861247062683105,2,7
SH,Mamba,73,187,182,182,18.2,0.2949145436286926,0.33456113934516907,5.109181880950928,6.57644510269165,0.8922679424285889,0,-1,1,127,0.6978021978021978,2.0,182,1.8061491250991821,0,0.0,0,0.0,0,13.572202682495117,1,6
SH,Mamba,73,188,377,377,37.7,0.38336771726608276,0.49115416407585144,7.759217262268066,9.504899024963379,1.008259654045105,1,321,1,268,0.7108753315649867,2.0,321,0.0,0,0.0,0,0.0,0,0.0,2,7
SH,Mamba,73,189,151,151,15.100000000000001,0.38852035999298096,0.4540232717990875,7.647506237030029,8.793147087097168,1.0028091669082642,0,-1,1,151,1.0,2.0,151,0.7338764667510986,0,0.0,0,0.0,0,11.015759468078613,0,5
SH,Mamba,73,190,418,418,41.800000000000004,0.313067227602005,0.400107204914093,9.348958969116211,14.00078296661377,1.5231668949127197,0,-1,1,187,0.4473684210526316,2.0,418,0.6381008625030518,0,0.0,0,0.0,0,3.8199870586395264,1,6
SH,Mamba,73,191,162,162,16.2,0.3277122676372528,0.4211772084236145,2.306175708770752,2.474017858505249,0.40800613164901733,0,-1,1,125,0.7716049382716049,2.0,162,1.6704020500183105,0,0.0,0,0.0,0,9.661360740661621,0,5
SH,Mamba,73,192,190,190,19.0,0.1864931583404541,0.23916074633598328,1.2626007795333862,1.4091310501098633,0.25957605242729187,1,190,1,154,0.8105263157894737,2.0,190,0.0,0,0.0,0,0.0,0,0.0,2,7
SH,Mamba,73,193,277,277,27.700000000000003,0.279270738363266,0.3788181245326996,1.9935975074768066,2.3867433071136475,0.41425421833992004,0,-1,1,204,0.7364620938628159,2.0,277,0.9939282536506653,0,0.0,0,0.0,0,11.13106918334961,2,7
SH,Mamba,73,194,169,169,16.900000000000002,0.31101641058921814,0.3766326606273651,0.6529564261436462,0.8633924126625061,0.42718297243118286,0,-1,0,0,0.0,2.0,169,4.664500713348389,0,0.0,0,0.0,0,52.18870162963867,1,6
SH,Mamba,73,195,216,216,21.6,0.4207893908023834,0.5277864336967468,13.68058967590332,16.813312530517578,1.3292524814605713,0,-1,1,41,0.18981481481481483,2.0,216,1.3697853088378906,0,0.0,0,0.0,0,27.097640991210938,1,6
SH,Mamba,73,196,393,393,39.300000000000004,0.3908452093601227,0.5057199597358704,2.006263017654419,2.7315382957458496,0.4160798490047455,1,378,1,317,0.806615776081425,2.0,378,0.0,0,0.0,0,0.0,0,0.0,0,5
SH,Mamba,73,197,168,168,16.8,0.34950414299964905,0.4741383492946625,0.8140178918838501,1.077330231666565,0.452616423368454,0,-1,1,168,1.0,2.0,168,0.23167946934700012,0,0.0,0,0.0,0,3.4618680477142334,1,6
SH,Mamba,73,198,322,322,32.2,0.2944531738758087,0.46417057514190674,4.637159824371338,5.684851169586182,0.5185436010360718,1,315,1,286,0.8881987577639752,2.0,315,0.0,0,0.0,0,0.0,0,0.0,0,5
SH,Mamba,73,199,190,190,19.0,0.3835633397102356,0.47208520770072937,0.7134415507316589,1.134572982788086,0.5294470191001892,0,-1,1,164,0.8631578947368421,2.0,190,1.3787455558776855,0,0.0,0,0.0,0,10.323980331420898,0,5
SH,Mamba,73,200,172,172,17.2,0.29364582896232605,0.4025972783565521,5.32844877243042,5.845188140869141,0.5309622883796692,0,-1,1,172,1.0,2.0,172,0.466056227684021,0,0.0,0,0.0,0,5.169027328491211,0,5
SH,Mamba,73,201,393,393,39.300000000000004,0.1960074007511139,0.24468505382537842,1.046521782875061,1.2410316467285156,0.30350688099861145,0,-1,1,393,1.0,2.0,393,0.8776553273200989,0,0.0,0,0.0,0,14.057047843933105,2,7
SH,Mamba,73,202,495,495,49.5,0.4365435540676117,0.5872830748558044,4.175671577453613,5.437700271606445,1.9522151947021484,1,392,1,392,0.7919191919191919,2.0,392,0.0,0,0.0,0,0.0,0,0.0,2,7
SH,Mamba,73,203,229,229,22.900000000000002,0.2366335391998291,0.28275060653686523,1.0223557949066162,1.144913911819458,0.3052642047405243,0,-1,1,229,1.0,2.0,229,1.2896994352340698,0,0.0,0,0.0,0,16.82832908630371,1,6
SH,Mamba,73,204,239,239,23.900000000000002,0.24489831924438477,0.28588584065437317,14.036554336547852,19.538074493408203,2.059347152709961,0,-1,0,0,0.0,2.0,239,2.910019874572754,0,0.0,0,0.0,0,31.669647216796875,1,6
SH,Mamba,73,205,282,282,28.200000000000003,0.3436642587184906,0.4308311343193054,4.954854965209961,5.591193675994873,0.9168707728385925,0,-1,0,0,0.0,2.0,282,5.894024848937988,0,0.0,0,0.0,0,10.775697708129883,0,5
SH,Mamba,73,206,160,160,16.0,0.2542182505130768,0.3169984817504883,1.2510805130004883,1.4165070056915283,0.4361429810523987,0,-1,1,120,0.75,2.0,160,1.2562798261642456,0,0.0,0,0.0,0,4.435376167297363,2,7
SH,Mamba,73,207,171,171,17.1,0.19242332875728607,0.26055067777633667,4.9071478843688965,5.888944149017334,0.572870135307312,0,-1,1,157,0.9181286549707602,2.0,171,1.5102866888046265,0,0.0,0,0.0,0,18.70101547241211,2,7
SH,Mamba,73,208,497,497,49.7,0.12571300566196442,0.15230681002140045,5.021054744720459,5.716493129730225,0.27712175250053406,0,-1,1,497,1.0,2.0,497,0.5726175904273987,0,0.0,0,0.0,0,8.042726516723633,2,7
SH,Mamba,73,209,281,281,28.1,0.345260351896286,0.4386628270149231,4.247737407684326,4.8026323318481445,0.4157542586326599,0,-1,1,240,0.8540925266903915,2.0,281,0.9594935774803162,0,0.0,0,0.0,0,2.038564443588257,2,7
SH,Mamba,73,210,623,623,62.300000000000004,0.17019052803516388,0.22114597260951996,27.2582950592041,35.73532485961914,1.0757558345794678,0,-1,1,252,0.4044943820224719,2.0,623,0.8946923017501831,0,0.0,0,0.0,0,21.80884552001953,0,5
SH,Mamba,73,211,137,137,13.700000000000001,0.16911542415618896,0.20261164009571075,1.2279555797576904,1.669538140296936,0.4579010307788849,0,-1,1,39,0.2846715328467153,2.0,137,1.6384531259536743,0,0.0,0,0.0,0,2.4018869400024414,0,5
SH,Mamba,73,212,151,151,15.100000000000001,0.3715078830718994,0.40862178802490234,2.076526641845703,2.618492841720581,0.9829864501953125,0,-1,1,151,1.0,2.0,151,0.22998809814453125,0,0.0,0,0.0,0,5.421856880187988,1,6
SH,Mamba,73,213,188,188,18.8,0.3617246448993683,0.5259169936180115,5.795173168182373,6.484637260437012,0.8658756613731384,1,163,1,163,0.8670212765957447,2.0,163,0.0,0,0.0,0,0.0,0,0.0,2,7
SH,Mamba,73,214,331,331,33.1,0.25250867009162903,0.2996070086956024,3.123922348022461,3.66546893119812,0.5091670751571655,0,-1,1,331,1.0,2.0,331,0.5983218550682068,0,0.0,0,0.0,0,10.137664794921875,2,7
SH,Mamba,73,215,594,594,59.400000000000006,0.18398313224315643,0.25245267152786255,4.379973411560059,6.504391193389893,0.6416694521903992,0,-1,1,486,0.8181818181818182,2.0,594,0.800299346446991,0,0.0,0,0.0,0,12.895552635192871,2,7
SH,Mamba,73,216,161,161,16.1,0.2902660667896271,0.36114490032196045,0.5612220168113708,0.7370534539222717,0.2166057676076889,0,-1,1,112,0.6956521739130435,2.0,161,1.2993627786636353,0,0.0,0,0.0,0,3.561108112335205,2,7
SH,Mamba,73,217,355,355,35.5,0.3908328115940094,0.5120701789855957,1.9694949388504028,2.2585442066192627,0.6344226002693176,0,-1,1,354,0.9971830985915493,2.0,355,0.9812929630279541,0,0.0,0,0.0,0,4.882901191711426,1,6
SH,Mamba,73,218,190,190,19.0,0.34499210119247437,0.41841763257980347,2.175297260284424,2.7037529945373535,0.3990423083305359,1,178,1,128,0.6736842105263158,2.0,178,0.0,0,0.0,0,0.0,0,0.0,1,6
SH,Mamba,73,219,318,318,31.8,0.32045599818229675,0.4023153781890869,1.5191755294799805,1.795146107673645,0.3805239796638489,0,-1,1,318,1.0,2.0,318,0.7608142495155334,0,0.0,0,0.0,0,6.700493812561035,1,6
SH,Mamba,73,220,247,247,24.700000000000003,0.3323329985141754,0.5412026643753052,13.000167846679688,16.392852783203125,1.2304966449737549,0,-1,1,191,0.7732793522267206,2.0,247,1.5397632122039795,0,0.0,0,0.0,0,36.62082290649414,1,6
SH,Mamba,73,221,141,141,14.100000000000001,0.22368112206459045,0.41162940859794617,0.2669138014316559,0.301449716091156,0.1460389792919159,1,134,1,134,0.950354609929078,2.0,134,0.0,0,0.0,0,0.0,0,0.0,2,7
SH,Mamba,73,222,650,650,65.0,0.2274809181690216,0.28606295585632324,1.083001732826233,1.3073450326919556,0.29025864601135254,0,-1,1,650,1.0,2.0,650,0.5930923223495483,0,0.0,0,0.0,0,5.812934875488281,1,6
SH,Mamba,73,223,548,548,54.800000000000004,0.24934083223342896,0.3075285255908966,7.559450149536133,10.151084899902344,0.6422585844993591,0,-1,1,548,1.0,2.0,548,0.8774134516716003,0,0.0,0,0.0,0,16.198028564453125,0,5
SH,Mamba,73,224,247,247,24.700000000000003,0.1825968474149704,0.24702462553977966,1.3839068412780762,1.4977312088012695,0.2899269461631775,0,-1,1,155,0.6275303643724697,2.0,247,0.6640028953552246,0,0.0,0,0.0,0,1.2340309619903564,2,7
SH,Mamba,73,225,209,209,20.900000000000002,0.15052656829357147,0.1822170913219452,1.1512242555618286,1.7310547828674316,0.38267815113067627,0,-1,1,186,0.8899521531100478,2.0,209,1.2067221403121948,0,0.0,0,0.0,0,23.196874618530273,1,6
SH,Mamba,73,226,256,256,25.6,0.21699950098991394,0.27839767932891846,12.316170692443848,14.229022026062012,0.7967468500137329,0,-1,1,256,1.0,2.0,256,0.5495572090148926,0,0.0,0,0.0,0,7.95510196685791,2,7
SH,Mamba,73,227,290,290,29.0,0.30334439873695374,0.42668139934539795,11.47350025177002,15.187294006347656,0.9838071465492249,0,-1,1,290,1.0,2.0,290,0.2335701286792755,0,0.0,0,0.0,0,2.2445363998413086,0,5
SH,Mamba,73,228,315,315,31.5,0.2409272938966751,0.35972726345062256,1.8651628494262695,2.628511428833008,0.32149943709373474,0,-1,1,315,1.0,2.0,315,0.7446008920669556,0,0.0,0,0.0,0,3.965029239654541,1,6
SH,Mamba,73,229,1200,1200,120.0,0.23614653944969177,0.2952601909637451,3.8163769245147705,4.164260387420654,0.3003738522529602,0,-1,1,1200,1.0,2.0,1200,0.16359581053256989,0,0.0,0,0.0,0,0.5674121379852295,1,6
SH,Mamba,73,230,409,409,40.900000000000006,0.29583388566970825,0.3888002038002014,2.771381378173828,3.0096306800842285,0.16512654721736908,0,-1,1,409,1.0,2.0,409,0.40786007046699524,0,0.0,0,0.0,0,1.2497987747192383,1,6
SH,Mamba,73,231,160,160,16.0,0.24840255081653595,0.3287957012653351,1.7742973566055298,2.146484613418579,0.27737826108932495,1,148,1,143,0.89375,2.0,148,0.0,0,0.0,0,0.0,0,0.0,0,5
SH,Mamba,73,232,371,371,37.1,0.2950322926044464,0.37323641777038574,16.81334686279297,20.28596305847168,1.2892292737960815,0,-1,1,371,1.0,2.0,371,1.0982410907745361,0,0.0,0,0.0,0,8.511357307434082,1,6
SH,Mamba,73,233,507,507,50.7,0.28180673718452454,0.3291758894920349,3.895658016204834,4.794402122497559,0.6814011335372925,0,-1,1,507,1.0,2.0,507,0.9303361177444458,0,0.0,0,0.0,0,5.944581508636475,2,7
SH,Mamba,73,234,316,316,31.6,0.19867965579032898,0.2486797422170639,6.710255146026611,7.782631874084473,0.3795108497142792,0,-1,1,316,1.0,2.0,316,0.6012816429138184,0,0.0,0,0.0,0,6.954913139343262,0,5
SH,Mamba,73,235,192,192,19.200000000000003,0.2526772916316986,0.3092685043811798,2.4745161533355713,2.778350353240967,0.40798917412757874,0,-1,1,123,0.640625,2.0,192,1.5962367057800293,0,0.0,0,0.0,0,7.7176103591918945,2,7
SH,Mamba,73,236,200,200,20.0,0.37801891565322876,0.47126254439353943,3.704615592956543,4.392576217651367,0.8396314382553101,0,-1,1,108,0.54,2.0,200,1.0450018644332886,0,0.0,0,0.0,0,25.248031616210938,1,6
SH,Mamba,73,237,524,524,52.400000000000006,0.25314462184906006,0.32422399520874023,2.941070556640625,3.26102876663208,0.6054778695106506,1,397,1,362,0.6908396946564885,2.0,397,0.0,0,0.0,0,0.0,0,0.0,1,6
SH,Mamba,73,238,406,406,40.6,0.3056669235229492,0.37971553206443787,12.854701042175293,15.06959056854248,1.2970787286758423,0,-1,1,88,0.21674876847290642,2.0,406,1.7639896869659424,0,0.0,0,0.0,0,17.873008728027344,1,6
SH,Mamba,73,239,171,171,17.1,0.5275270938873291,0.6314122080802917,4.941105842590332,6.166687488555908,1.0262624025344849,0,-1,1,57,0.3333333333333333,2.0,171,1.819116473197937,0,0.0,0,0.0,0,1.7761751413345337,2,7
SH,Mamba,73,240,196,196,19.6,0.29108184576034546,0.3753804564476013,1.5241316556930542,1.8045589923858643,0.413346529006958,0,-1,1,196,1.0,2.0,196,0.7855339646339417,0,0.0,0,0.0,0,8.808707237243652,1,6
SH,Mamba,73,241,333,333,33.300000000000004,0.26385533809661865,0.29773908853530884,1.5515280961990356,2.2719876766204834,0.4039483368396759,0,-1,1,333,1.0,2.0,333,0.8111732006072998,0,0.0,0,0.0,0,13.487190246582031,1,6
SH,Mamba,73,242,213,213,21.3,0.23809607326984406,0.29970964789390564,6.82034969329834,7.955198287963867,0.6011381149291992,0,-1,1,213,1.0,2.0,213,1.0144383907318115,0,0.0,0,0.0,0,8.858003616333008,0,5
SH,Mamba,73,243,358,358,35.800000000000004,0.2528504729270935,0.31761741638183594,3.133559226989746,3.963498592376709,0.6589261889457703,0,-1,1,358,1.0,2.0,358,0.9640463590621948,0,0.0,0,0.0,0,11.359848022460938,0,5
SH,Mamba,73,244,150,150,15.0,0.10559647530317307,0.12430752068758011,3.613633155822754,4.396178722381592,0.43852218985557556,0,-1,0,0,0.0,2.0,150,2.6698732376098633,0,0.0,0,0.0,0,33.81083297729492,1,6
SH,Mamba,73,245,174,174,17.400000000000002,0.4455972909927368,0.5275954604148865,2.5315425395965576,3.0729598999023438,0.8347500562667847,0,-1,1,154,0.8850574712643678,2.0,174,1.5919803380966187,0,0.0,0,0.0,0,11.268706321716309,1,6
SH,Mamba,73,246,169,169,16.900000000000002,0.39591100811958313,0.47638919949531555,15.071329116821289,18.92444610595703,1.8565561771392822,0,-1,1,169,1.0,2.0,169,1.0739588737487793,0,0.0,0,0.0,0,10.374772071838379,2,7
SH,Mamba,73,247,181,181,18.1,0.40929868817329407,0.4725278913974762,4.1421799659729,5.2345662117004395,1.0077978372573853,0,-1,1,144,0.7955801104972375,2.0,181,1.3394138813018799,0,0.0,0,0.0,0,1.5544602870941162,2,7
SH,Mamba,73,248,140,140,14.0,0.2051779329776764,0.2556576132774353,2.911818027496338,3.620218276977539,0.585692286491394,0,-1,1,140,1.0,2.0,140,1.0247859954833984,0,0.0,0,0.0,0,20.17483901977539,0,5
SH,Mamba,73,249,255,255,25.5,0.3232640326023102,0.392314076423645,1.1921570301055908,1.493152379989624,0.45023614168167114,0,-1,1,222,0.8705882352941177,2.0,255,1.1308358907699585,0,0.0,0,0.0,0,21.58824920654297,2,7
SH,Mamba,73,250,304,304,30.400000000000002,0.38788414001464844,0.5571752190589905,3.280200242996216,4.83455228805542,0.7132116556167603,1,277,1,277,0.9111842105263158,2.0,277,0.0,0,0.0,0,0.0,0,0.0,0,5
SH,Mamba,73,251,220,220,22.0,0.4945847690105438,0.8164690136909485,1.1410744190216064,1.5719650983810425,0.5936765074729919,1,209,1,209,0.95,2.0,209,0.0,0,0.0,0,0.0,0,0.0,1,6
SH,Mamba,73,252,134,134,13.4,0.22145472466945648,0.27246367931365967,4.6230387687683105,5.576895236968994,0.6826332211494446,0,-1,1,50,0.373134328358209,2.0,134,1.7728157043457031,0,0.0,0,0.0,0,13.151350021362305,1,6
SH,Mamba,73,253,300,300,30.0,0.21880197525024414,0.30995258688926697,3.275960922241211,4.896879196166992,0.6692251563072205,0,-1,1,300,1.0,2.0,300,0.6681225299835205,0,0.0,0,0.0,0,15.50774097442627,2,7
SH,Mamba,73,254,349,349,34.9,0.20457856357097626,0.2519528567790985,7.369822025299072,10.007851600646973,0.6551153659820557,0,-1,1,291,0.833810888252149,2.0,349,1.0970388650894165,0,0.0,0,0.0,0,8.98836612701416,1,6
SH,Mamba,73,255,149,149,14.9,0.1747966855764389,0.20476070046424866,2.5513036251068115,2.801469326019287,0.39443257451057434,0,-1,1,149,1.0,2.0,149,1.0032037496566772,0,0.0,0,0.0,0,13.090569496154785,0,5
SH,Mamba,73,256,303,303,30.3,0.1274954378604889,0.16421881318092346,12.560647010803223,14.41857624053955,0.6347674131393433,0,-1,1,303,1.0,2.0,303,1.3623547554016113,0,0.0,0,0.0,0,7.6041646003723145,0,5
SH,Mamba,73,257,136,136,13.600000000000001,0.2563188076019287,0.3320687711238861,2.6498444080352783,3.992929697036743,0.7993151545524597,0,-1,0,0,0.0,2.0,136,5.8325653076171875,0,0.0,0,0.0,0,16.701026916503906,0,5
SH,Mamba,73,258,228,228,22.8,0.33493566513061523,0.4092845022678375,3.4002439975738525,4.639487266540527,0.4110376536846161,0,-1,1,228,1.0,2.0,228,0.9100338220596313,0,0.0,0,0.0,0,8.665836334228516,0,5
SH,Mamba,73,259,133,133,13.3,0.20040477812290192,0.23571397364139557,3.0855934619903564,4.205376148223877,0.7236092686653137,0,-1,1,41,0.3082706766917293,2.0,133,1.762481927871704,0,0.0,0,0.0,0,37.634422302246094,2,7
SH,Mamba,73,260,308,308,30.8,0.1511755734682083,0.1823107749223709,1.8048652410507202,2.151304244995117,0.287733793258667,0,-1,1,13,0.04220779220779221,2.0,308,1.9798816442489624,0,0.0,0,0.0,0,55.96691131591797,0,5
SH,Mamba,73,261,186,186,18.6,0.3461904227733612,0.5374348163604736,9.103086471557617,10.881524085998535,1.0750951766967773,0,-1,1,186,1.0,2.0,186,0.46930253505706787,0,0.0,0,0.0,0,7.254804611206055,1,6
SH,Mamba,73,262,500,500,50.0,0.23966853320598602,0.37648382782936096,3.8889729976654053,4.723117828369141,0.3888479173183441,0,-1,1,500,1.0,2.0,500,0.33141791820526123,0,0.0,0,0.0,0,1.4013469219207764,0,5
SH,Mamba,73,263,291,291,29.1,0.25581538677215576,0.3162495195865631,13.757576942443848,17.24297523498535,0.9977521896362305,0,-1,1,182,0.6254295532646048,2.0,291,1.2258381843566895,0,0.0,0,0.0,0,28.992996215820312,1,6
SH,Mamba,73,264,133,133,13.3,0.3440326154232025,0.43064165115356445,2.5052616596221924,3.9207146167755127,0.8628599643707275,0,-1,0,0,0.0,2.0,133,2.278385639190674,0,0.0,0,0.0,0,8.59849739074707,0,5
SH,Mamba,73,265,449,449,44.900000000000006,0.3026578426361084,0.39821237325668335,7.730197429656982,11.64749526977539,0.7319679260253906,0,-1,1,449,1.0,2.0,449,0.8833163380622864,0,0.0,0,0.0,0,4.995177745819092,1,6
SH,Mamba,73,266,2076,2076,207.60000000000002,0.36404475569725037,0.4945901036262512,6.840946674346924,7.590611457824707,2.281754493713379,1,1190,1,1190,0.5732177263969171,2.0,1190,0.0,0,0.0,0,0.0,0,0.0,0,5
SH,Mamba,73,267,183,183,18.3,0.31448110938072205,0.48276740312576294,1.4964659214019775,1.8721964359283447,0.5446274280548096,0,-1,1,78,0.4262295081967213,2.0,183,1.6726925373077393,0,0.0,0,0.0,0,8.032822608947754,1,6
SH,Mamba,73,268,146,146,14.600000000000001,0.6295406818389893,0.747296154499054,5.719924449920654,6.337726593017578,1.368032693862915,1,100,1,100,0.684931506849315,2.0,100,0.0,0,0.0,0,0.0,0,0.0,2,7
SH,Mamba,73,269,213,213,21.3,0.21818897128105164,0.2996032238006592,2.9120895862579346,3.849141836166382,0.4641358554363251,0,-1,1,183,0.8591549295774648,2.0,213,1.463868260383606,0,0.0,0,0.0,0,2.8086884021759033,0,5
SH,Mamba,73,270,279,279,27.900000000000002,0.38574734330177307,0.5383297801017761,1.8595495223999023,2.0777082443237305,0.4207836091518402,0,-1,1,279,1.0,2.0,279,0.7465951442718506,0,0.0,0,0.0,0,3.5521366596221924,1,6
SH,Mamba,73,271,159,159,15.9,0.37741920351982117,0.4606396555900574,0.6561851501464844,0.7929887175559998,0.4089096486568451,0,-1,0,0,0.0,2.0,159,2.3658666610717773,0,0.0,0,0.0,0,3.7565412521362305,0,5
SH,Mamba,73,272,139,139,13.9,0.30440589785575867,0.36401277780532837,2.4319562911987305,2.6659178733825684,0.3678882122039795,0,-1,1,34,0.2446043165467626,2.0,139,1.8974679708480835,0,0.0,0,0.0,0,6.582907676696777,1,6
SH,Mamba,73,273,139,139,13.9,0.34176355600357056,0.4942033886909485,4.701969623565674,5.746006011962891,0.8375899791717529,0,-1,0,0,0.0,2.0,139,2.139285087585449,0,0.0,0,0.0,0,4.978860855102539,2,7
SH,Mamba,73,274,296,296,29.6,0.22854991257190704,0.32559341192245483,2.6603779792785645,3.1508913040161133,0.24881123006343842,0,-1,1,296,1.0,2.0,296,1.0081114768981934,0,0.0,0,0.0,0,7.974246978759766,1,6
SH,Mamba,73,275,303,303,30.3,0.2034747451543808,0.23246942460536957,12.520195960998535,14.459090232849121,1.092954158782959,0,-1,1,291,0.9603960396039604,2.0,303,0.5327981114387512,0,0.0,0,0.0,0,15.402742385864258,1,6
SH,Mamba,73,276,488,488,48.800000000000004,0.2516665756702423,0.3354271650314331,1.9597821235656738,2.5612454414367676,0.3428598940372467,0,-1,1,469,0.9610655737704918,2.0,488,0.8263375163078308,0,0.0,0,0.0,0,2.7198851108551025,2,7
SH,Mamba,73,277,542,542,54.2,0.3354862630367279,0.4336860775947571,7.436560153961182,9.368537902832031,1.1496992111206055,1,514,1,169,0.3118081180811808,2.0,514,0.0,0,0.0,0,0.0,0,0.0,2,7
SH,Mamba,73,278,569,569,56.900000000000006,0.2930750548839569,0.40443432331085205,3.125253677368164,4.027767181396484,0.38700076937675476,1,535,1,535,0.9402460456942003,2.0,535,0.0,0,0.0,0,0.0,0,0.0,1,6
SH,Mamba,73,279,593,593,59.300000000000004,0.3003992736339569,0.3929561972618103,3.261654853820801,3.8869543075561523,0.30207645893096924,0,-1,1,547,0.9224283305227656,2.0,593,0.3791906535625458,0,0.0,0,0.0,0,0.9313366413116455,1,6
SH,Mamba,73,280,147,147,14.700000000000001,0.2779194712638855,0.34511086344718933,2.7547101974487305,3.034229040145874,0.2282930165529251,0,-1,1,147,1.0,2.0,147,0.3978671431541443,0,0.0,0,0.0,0,2.2948498725891113,0,5
SH,Mamba,73,281,261,261,26.1,0.2935408651828766,0.4315311014652252,1.697860598564148,1.996730089187622,0.5493610501289368,1,198,1,198,0.7586206896551724,2.0,198,0.0,0,0.0,0,0.0,0,0.0,0,5
SH,Mamba,73,282,149,149,14.9,0.37696757912635803,0.4639401435852051,2.734426259994507,3.2811601161956787,0.8900805711746216,0,-1,0,0,0.0,2.0,149,7.4862895011901855,0,0.0,0,0.0,0,10.081375122070312,1,6
SH,Mamba,73,283,188,188,18.8,0.23987838625907898,0.30131953954696655,0.5149078369140625,0.6167620420455933,0.30278322100639343,0,-1,1,188,1.0,2.0,188,0.9730385541915894,0,0.0,0,0.0,0,15.751363754272461,1,6
SH,Mamba,73,284,331,331,33.1,0.3320956528186798,0.3937734365463257,14.78403377532959,16.708168029785156,1.0243834257125854,0,-1,1,271,0.8187311178247734,2.0,331,1.2660231590270996,0,0.0,0,0.0,0,20.89060401916504,0,5
SH,Mamba,73,285,406,406,40.6,0.28876665234565735,0.357965886592865,4.214294910430908,4.79578161239624,0.38310232758522034,0,-1,1,406,1.0,2.0,406,0.03505652770400047,0,0.0,0,0.0,0,0.094635009765625,1,6
SH,Mamba,73,286,559,559,55.900000000000006,0.23027144372463226,0.29302656650543213,10.66147518157959,14.267098426818848,0.7285978198051453,0,-1,1,509,0.9105545617173524,2.0,559,0.8487322330474854,0,0.0,0,0.0,0,18.86697769165039,0,5
SH,Mamba,73,287,195,195,19.5,0.35321009159088135,0.4318982660770416,4.558679103851318,4.962979316711426,0.5399096608161926,0,-1,0,0,0.0,2.0,195,3.796759843826294,0,0.0,0,0.0,0,4.868503570556641,0,5
SH,Mamba,73,288,158,158,15.8,0.43324145674705505,0.5236243605613708,1.3655281066894531,1.6378448009490967,0.5178326964378357,0,-1,1,158,1.0,2.0,158,0.45014575123786926,0,0.0,0,0.0,0,7.972182273864746,0,5
SH,Mamba,73,289,159,159,15.9,0.18997728824615479,0.23948585987091064,6.296087741851807,7.9376749992370605,0.9457734227180481,0,-1,1,159,1.0,2.0,159,1.0404597520828247,0,0.0,0,0.0,0,15.611832618713379,1,6
SH,Mamba,73,290,176,176,17.6,0.20666974782943726,0.34491515159606934,6.924200534820557,9.181570053100586,1.0863295793533325,0,-1,1,85,0.48295454545454547,2.0,176,1.1949139833450317,0,0.0,0,0.0,0,24.707866668701172,2,7
SH,Mamba,73,291,251,251,25.1,0.22648291289806366,0.2785953879356384,8.878894805908203,10.135844230651855,0.6762658357620239,0,-1,1,251,1.0,2.0,251,0.4924190938472748,0,0.0,0,0.0,0,8.547677993774414,1,6
SH,Mamba,73,292,165,165,16.5,0.3300604522228241,0.3994952142238617,2.7366244792938232,3.355358362197876,0.9762646555900574,0,-1,1,106,0.6424242424242425,2.0,165,1.3597698211669922,0,0.0,0,0.0,0,17.937644958496094,0,5
SH,Mamba,73,293,229,229,22.900000000000002,0.3986155092716217,0.5446376800537109,1.112337589263916,1.2805280685424805,0.4245152473449707,0,-1,1,86,0.37554585152838427,2.0,229,1.548494815826416,0,0.0,0,0.0,0,6.9263153076171875,2,7
SH,Mamba,73,294,521,521,52.1,0.22251632809638977,0.28932034969329834,1.7722389698028564,2.2573137283325195,0.18964189291000366,0,-1,1,463,0.8886756238003839,2.0,521,0.7353965044021606,0,0.0,0,0.0,0,2.985748767852783,0,5
SH,Mamba,73,295,134,134,13.4,0.23964343965053558,0.28092849254608154,1.2288988828659058,1.5659892559051514,0.5963965654373169,0,-1,0,0,0.0,2.0,134,2.5359835624694824,0,0.0,0,0.0,0,42.131351470947266,0,5
SH,Mamba,73,296,216,216,21.6,0.5000956654548645,0.5555346012115479,6.785937309265137,8.943890571594238,1.260448932647705,0,-1,1,216,1.0,2.0,216,0.46403396129608154,0,0.0,0,0.0,0,12.331969261169434,2,7
SH,Mamba,73,297,145,145,14.5,0.23762495815753937,0.3014224171638489,1.4009870290756226,1.8037214279174805,0.4968792200088501,0,-1,0,0,0.0,2.0,145,4.386929035186768,0,0.0,0,0.0,0,7.912635326385498,0,5
SH,Mamba,73,298,225,225,22.5,0.15990720689296722,0.2036452293395996,5.376075744628906,6.493791580200195,0.42773282527923584,0,-1,1,225,1.0,2.0,225,0.5279184579849243,0,0.0,0,0.0,0,8.947789192199707,1,6
SH,Mamba,73,299,305,305,30.5,0.3220091164112091,0.4529005289077759,1.126188039779663,1.397394061088562,0.46691203117370605,0,-1,1,158,0.5180327868852459,2.0,305,0.9433294534683228,0,0.0,0,0.0,0,1.95566725730896,1,6
SH,Mamba,73,300,249,249,24.900000000000002,0.3643158972263336,0.4995945990085602,1.3610951900482178,1.5762434005737305,0.40164119005203247,1,225,1,225,0.9036144578313253,2.0,225,0.0,0,0.0,0,0.0,0,0.0,0,5
SH,Mamba,73,301,492,492,49.2,0.42389801144599915,0.5822732448577881,3.3203370571136475,4.119843482971191,0.871444582939148,0,-1,1,208,0.42276422764227645,2.0,492,1.4672099351882935,0,0.0,0,0.0,0,3.493326187133789,1,6
SH,Mamba,73,302,339,339,33.9,0.17712968587875366,0.21441832184791565,2.8227477073669434,3.1322548389434814,0.40752044320106506,0,-1,1,339,1.0,2.0,339,0.8004611134529114,0,0.0,0,0.0,0,14.7402925491333,1,6
SH,Mamba,73,303,318,318,31.8,0.2923257350921631,0.3859888017177582,1.635023832321167,2.113567352294922,0.5265234708786011,1,303,1,303,0.9528301886792453,2.0,303,0.0,0,0.0,0,0.0,0,0.0,2,7
SH,Mamba,73,304,206,206,20.6,0.2921273410320282,0.3955451548099518,0.9851537942886353,1.1365957260131836,0.208894744515419,0,-1,1,206,1.0,2.0,206,1.0203337669372559,0,0.0,0,0.0,0,3.4099504947662354,0,5
SH,Mamba,73,305,796,796,79.60000000000001,0.21915730834007263,0.2789355218410492,18.86984634399414,25.34662628173828,1.3302899599075317,0,-1,1,212,0.2663316582914573,2.0,796,1.6425226926803589,0,0.0,0,0.0,0,39.20698928833008,1,6
SH,Mamba,73,306,214,214,21.400000000000002,0.5239579677581787,0.8041781783103943,3.4725892543792725,4.650053977966309,1.0680185556411743,1,173,1,173,0.8084112149532711,2.0,173,0.0,0,0.0,0,0.0,0,0.0,1,6
SH,Mamba,73,307,144,144,14.4,0.38052669167518616,0.5192549824714661,4.097031593322754,5.593348503112793,0.8545786142349243,1,130,1,130,0.9027777777777778,2.0,130,0.0,0,0.0,0,0.0,0,0.0,2,7
SH,Mamba,73,308,292,292,29.200000000000003,0.41230207681655884,0.531851589679718,2.210749626159668,4.016547679901123,0.697053074836731,0,-1,1,292,1.0,2.0,292,0.9024760723114014,0,0.0,0,0.0,0,2.416586399078369,2,7
SH,Mamba,73,309,143,143,14.3,0.20709171891212463,0.29459095001220703,1.284327745437622,1.7398395538330078,0.27031418681144714,0,-1,1,31,0.21678321678321677,2.0,143,1.098067045211792,0,0.0,0,0.0,0,0.648387610912323,1,6
SH,Mamba,73,310,137,137,13.700000000000001,0.1796542853116989,0.22975802421569824,1.4373146295547485,1.6485037803649902,0.244671031832695,0,-1,1,136,0.9927007299270073,2.0,137,1.4296494722366333,0,0.0,0,0.0,0,6.493471622467041,2,7
SH,Mamba,73,311,804,804,80.4,0.2569642961025238,0.3288554549217224,0.70378178358078,0.8850827813148499,0.2564643323421478,0,-1,1,723,0.8992537313432836,2.0,804,1.051327109336853,0,0.0,0,0.0,0,4.219458103179932,0,5
SH,Mamba,73,312,146,146,14.600000000000001,0.6511046886444092,0.9765002727508545,2.741304874420166,3.57356333732605,1.5566790103912354,1,111,1,111,0.7602739726027398,2.0,111,0.0,0,0.0,0,0.0,0,0.0,0,5
SH,Mamba,73,313,337,337,33.7,0.27099788188934326,0.3556625247001648,9.899002075195312,12.600796699523926,1.267998456954956,1,226,1,226,0.6706231454005934,2.0,226,0.0,0,0.0,0,0.0,0,0.0,1,6
SH,Mamba,73,314,139,139,13.9,0.13458971679210663,0.17115198075771332,0.7646414637565613,0.9049525856971741,0.2529096007347107,0,-1,1,85,0.6115107913669064,2.0,139,1.7178672552108765,0,0.0,0,0.0,0,28.215150833129883,0,5
SH,Mamba,73,315,310,310,31.0,0.27324873208999634,0.4984232187271118,4.907734394073486,5.411635398864746,0.4716719090938568,1,283,1,283,0.9129032258064517,2.0,283,0.0,0,0.0,0,0.0,0,0.0,2,7
SH,Mamba,73,316,135,135,13.5,0.3032305836677551,0.3360510766506195,3.9975173473358154,4.526712894439697,0.6892622113227844,0,-1,1,8,0.05925925925925926,2.0,135,1.9281256198883057,0,0.0,0,0.0,0,12.681853294372559,2,7
SH,Mamba,73,317,245,245,24.5,0.31779786944389343,0.42111635208129883,7.146544933319092,9.866744041442871,0.9304867386817932,0,-1,1,111,0.4530612244897959,2.0,245,1.618865728378296,0,0.0,0,0.0,0,9.585808753967285,2,7
SH,Mamba,73,318,141,141,14.100000000000001,0.28758668899536133,0.368047833442688,3.83076548576355,4.58971643447876,0.7331221103668213,0,-1,0,0,0.0,2.0,141,2.9345998764038086,0,0.0,0,0.0,0,25.497148513793945,0,5
SH,Mamba,73,319,409,409,40.900000000000006,0.23760125041007996,0.37818458676338196,1.3256216049194336,1.6756149530410767,0.3759930431842804,0,-1,1,409,1.0,2.0,409,0.2407822459936142,0,0.0,0,0.0,0,3.472088098526001,2,7
SH,Mamba,73,320,180,180,18.0,0.33602678775787354,0.4313216507434845,3.2026302814483643,3.5204639434814453,0.7471102476119995,1,128,1,128,0.7111111111111111,2.0,128,0.0,0,0.0,0,0.0,0,0.0,1,6
SH,Mamba,73,321,418,418,41.800000000000004,0.34450581669807434,0.44323837757110596,2.729321241378784,3.1023874282836914,0.5414661765098572,0,-1,1,418,1.0,2.0,418,0.8231948614120483,0,0.0,0,0.0,0,18.992090225219727,0,5
SH,Mamba,73,322,132,132,13.200000000000001,0.24596235156059265,0.3041148781776428,2.695519208908081,3.6055896282196045,0.5935154557228088,0,-1,1,132,1.0,2.0,132,1.442845344543457,0,0.0,0,0.0,0,25.440288543701172,2,7
SH,Mamba,73,323,268,268,26.8,0.5375741124153137,0.7622143626213074,5.264585018157959,6.945680141448975,1.0460928678512573,1,173,1,173,0.6455223880597015,2.0,173,0.0,0,0.0,0,0.0,0,0.0,1,6
SH,Mamba,73,324,324,324,32.4,0.44263026118278503,0.5409941673278809,4.548391819000244,5.00581169128418,1.1070208549499512,1,247,1,247,0.7623456790123457,2.0,247,0.0,0,0.0,0,0.0,0,0.0,0,5
SH,Mamba,73,325,214,214,21.400000000000002,0.4059864580631256,0.4607181251049042,7.884919166564941,9.44558048248291,1.4037582874298096,1,157,1,157,0.7336448598130841,2.0,157,0.0,0,0.0,0,0.0,0,0.0,2,7
SH,Mamba,73,326,147,147,14.700000000000001,0.23938719928264618,0.32381168007850647,1.1853550672531128,1.5468065738677979,0.2447572499513626,1,140,1,140,0.9523809523809523,2.0,140,0.0,0,0.0,0,0.0,0,0.0,1,6
SH,Mamba,73,327,169,169,16.900000000000002,0.21586164832115173,0.26913487911224365,2.144522190093994,2.489180564880371,0.22997644543647766,0,-1,1,169,1.0,2.0,169,0.7209990620613098,0,0.0,0,0.0,0,9.724720001220703,1,6
SH,Mamba,73,328,147,147,14.700000000000001,0.204630509018898,0.2485298216342926,0.80304354429245,1.0614874362945557,0.13202442228794098,0,-1,1,58,0.3945578231292517,2.0,147,1.527831792831421,0,0.0,0,0.0,0,5.509050369262695,2,7
SH,Mamba,73,329,170,170,17.0,0.6030844449996948,0.6888303160667419,8.163371086120605,9.107003211975098,1.2300596237182617,0,-1,0,0,0.0,2.0,170,2.8637216091156006,0,0.0,0,0.0,0,13.807416915893555,1,6
SH,Mamba,73,330,732,732,73.2,0.2604544162750244,0.33360403776168823,4.7462592124938965,5.756941795349121,0.5016258955001831,0,-1,1,398,0.5437158469945356,2.0,732,1.0858603715896606,0,0.0,0,0.0,0,10.526995658874512,0,5
SH,Mamba,73,331,235,235,23.5,0.1604824960231781,0.20962169766426086,3.6512577533721924,4.153973579406738,0.2826170325279236,1,201,1,167,0.7106382978723405,2.0,201,0.0,0,0.0,0,0.0,0,0.0,0,5
SH,Mamba,73,332,183,183,18.3,0.33420610427856445,0.4244289696216583,2.7347326278686523,2.989084005355835,0.4527379870414734,0,-1,1,80,0.4371584699453552,2.0,183,1.3770792484283447,0,0.0,0,0.0,0,0.8605995774269104,0,5
SH,Mamba,73,333,525,525,52.5,0.32931840419769287,0.43028080463409424,2.884535551071167,3.3930091857910156,0.41383954882621765,0,-1,1,323,0.6152380952380953,2.0,525,0.9755406975746155,0,0.0,0,0.0,0,3.7249057292938232,0,5
SH,Mamba,73,334,496,496,49.6,0.3442891836166382,0.44075265526771545,5.405873775482178,6.477334499359131,0.8380826711654663,0,-1,1,412,0.8306451612903226,2.0,496,1.0794999599456787,0,0.0,0,0.0,0,7.373720645904541,0,5
SH,Mamba,73,335,141,141,14.100000000000001,0.313721239566803,0.37724074721336365,1.3476402759552002,1.7363831996917725,0.41830042004585266,0,-1,1,102,0.723404255319149,2.0,141,1.0357850790023804,0,0.0,0,0.0,0,2.631925344467163,2,7
SH,Mamba,73,336,533,533,53.300000000000004,0.2910796105861664,0.373164564371109,3.1652722358703613,3.6949427127838135,0.4937991499900818,1,479,1,384,0.7204502814258912,2.0,479,0.0,0,0.0,0,0.0,0,0.0,2,7
SH,Mamba,73,337,223,223,22.3,0.21289904415607452,0.2657376825809479,5.697201251983643,7.077586650848389,0.5549671053886414,0,-1,1,223,1.0,2.0,223,1.149430751800537,0,0.0,0,0.0,0,3.5886847972869873,2,7
SH,Mamba,73,338,730,730,73.0,0.13579702377319336,0.17339521646499634,3.4118902683258057,4.303462028503418,0.47988560795783997,0,-1,1,730,1.0,2.0,730,0.8229674696922302,0,0.0,0,0.0,0,16.50555419921875,2,7
SH,Mamba,73,339,200,200,20.0,0.315183162689209,0.3985368609428406,0.6791227459907532,0.7667052149772644,0.20565365254878998,0,-1,1,200,1.0,2.0,200,0.999134361743927,0,0.0,0,0.0,0,8.807503700256348,2,7
SH,Mamba,73,340,131,131,13.100000000000001,0.4051594138145447,0.514114499092102,3.9852294921875,4.421555042266846,0.6710120439529419,0,-1,1,44,0.33587786259541985,2.0,131,1.688387155532837,0,0.0,0,0.0,0,0.6372608542442322,2,7
SH,Mamba,73,341,300,300,30.0,0.3057762682437897,0.372296541929245,2.561257839202881,3.0491087436676025,0.5911104083061218,0,-1,0,0,0.0,2.0,300,3.8373467922210693,0,0.0,0,0.0,0,11.1354398727417,1,6
SH,Mamba,73,342,137,137,13.700000000000001,0.2642212212085724,0.34228187799453735,4.025258541107178,4.261127948760986,0.2515532672405243,0,-1,1,8,0.058394160583941604,2.0,137,1.9926484823226929,0,0.0,0,0.0,0,7.013998508453369,0,5
SH,Mamba,73,343,268,268,26.8,0.1795479655265808,0.23280969262123108,0.9847505688667297,1.3612267971038818,0.28702178597450256,0,-1,1,268,1.0,2.0,268,1.1156924962997437,0,0.0,0,0.0,0,14.064311027526855,0,5
SH,Mamba,73,344,219,219,21.900000000000002,0.31764858961105347,0.41342878341674805,2.920804023742676,5.308251857757568,0.9469822645187378,1,152,1,152,0.6940639269406392,2.0,152,0.0,0,0.0,0,0.0,0,0.0,0,5
SH,Mamba,73,345,849,849,84.9,0.15572816133499146,0.1949513852596283,11.371407508850098,12.608355522155762,0.6627046465873718,0,-1,1,610,0.71849234393404,2.0,849,0.918114960193634,0,0.0,0,0.0,0,18.66182518005371,2,7
SH,Mamba,73,346,192,192,19.200000000000003,0.12406542897224426,0.15404972434043884,5.8602294921875,7.276462078094482,0.6503334641456604,0,-1,1,192,1.0,2.0,192,0.6371905207633972,0,0.0,0,0.0,0,11.831167221069336,0,5
SH,Mamba,73,347,222,222,22.200000000000003,0.16104403138160706,0.2011422961950302,15.939462661743164,19.435012817382812,1.4754918813705444,0,-1,1,222,1.0,2.0,222,0.818601131439209,0,0.0,0,0.0,0,13.875101089477539,0,5
SH,Mamba,73,348,565,565,56.5,0.31484952569007874,0.3867819905281067,6.394740581512451,6.870833396911621,0.5301322937011719,0,-1,1,565,1.0,2.0,565,0.4086293578147888,0,0.0,0,0.0,0,2.1411468982696533,1,6
SH,Mamba,73,349,197,197,19.700000000000003,0.21986041963100433,0.2894272208213806,0.7420445680618286,0.8576782941818237,0.3544449806213379,0,-1,1,197,1.0,2.0,197,1.2519967555999756,0,0.0,0,0.0,0,3.6596038341522217,2,7
SH,Mamba,73,350,196,196,19.6,0.49589183926582336,0.6134865283966064,13.994070053100586,18.93960952758789,2.031651496887207,0,-1,1,9,0.04591836734693878,2.0,196,1.9584649801254272,0,0.0,0,0.0,0,18.927366256713867,2,7
SH,Mamba,73,351,259,259,25.900000000000002,0.20968686044216156,0.2847713530063629,8.463152885437012,9.529766082763672,0.6541673541069031,0,-1,1,259,1.0,2.0,259,0.6703513264656067,0,0.0,0,0.0,0,3.642868995666504,2,7
SH,Mamba,73,352,471,471,47.1,0.1286916434764862,0.15449026226997375,28.8311824798584,33.657230377197266,1.1748981475830078,0,-1,1,225,0.47770700636942676,2.0,471,1.1067074537277222,0,0.0,0,0.0,0,23.878631591796875,2,7
SH,Mamba,73,353,175,175,17.5,0.11630566418170929,0.13561642169952393,0.5905361771583557,0.832184374332428,0.2826751172542572,0,-1,1,13,0.07428571428571429,2.0,175,1.925826072692871,0,0.0,0,0.0,0,34.4099006652832,0,5
SH,Mamba,73,354,290,290,29.0,0.4196803569793701,0.552504301071167,1.589686393737793,1.8608920574188232,0.4771571755409241,0,-1,1,290,1.0,2.0,290,0.6176994442939758,0,0.0,0,0.0,0,2.2242417335510254,1,6
SH,Mamba,73,355,461,461,46.1,0.3662871718406677,0.49402040243148804,2.0726141929626465,2.693969964981079,0.4428922235965729,0,-1,1,461,1.0,2.0,461,0.10500761866569519,0,0.0,0,0.0,0,0.339966744184494,0,5
SH,Mamba,73,356,192,192,19.200000000000003,0.1883525848388672,0.2515615224838257,1.159648060798645,2.0481410026550293,0.3962041139602661,0,-1,1,47,0.24479166666666666,2.0,192,1.2214139699935913,0,0.0,0,0.0,0,1.7083561420440674,2,7
SH,Mamba,73,357,252,252,25.200000000000003,0.3067268133163452,0.39736664295196533,1.6863155364990234,2.139585256576538,0.6011122465133667,0,-1,1,252,1.0,2.0,252,0.970346987247467,0,0.0,0,0.0,0,7.256918907165527,1,6
SH,Mamba,73,358,190,190,19.0,0.16100241243839264,0.1955598145723343,1.7857989072799683,2.0321879386901855,0.4809955060482025,0,-1,1,190,1.0,2.0,190,0.6442853808403015,0,0.0,0,0.0,0,10.80528450012207,2,7
SH,Mamba,73,359,131,131,13.100000000000001,0.24872128665447235,0.30332449078559875,1.074597716331482,1.572504997253418,0.36246106028556824,0,-1,1,131,1.0,2.0,131,1.191466212272644,0,0.0,0,0.0,0,14.014582633972168,0,5
SH,Mamba,73,360,459,459,45.900000000000006,0.5151206254959106,0.6684592366218567,5.214419364929199,6.064635276794434,3.4920003414154053,1,76,1,76,0.1655773420479303,2.0,76,0.0,0,0.0,0,0.0,0,0.0,2,7
SH,Mamba,73,361,354,354,35.4,0.21215184032917023,0.28643715381622314,5.801601409912109,6.606705188751221,0.5609595775604248,0,-1,1,265,0.748587570621469,2.0,354,1.3719269037246704,0,0.0,0,0.0,0,21.23651695251465,2,7
SH,Mamba,73,362,136,136,13.600000000000001,0.4089525043964386,0.554446816444397,1.1391944885253906,1.529764175415039,0.374702125787735,0,-1,1,136,1.0,2.0,136,1.0487761497497559,0,0.0,0,0.0,0,2.3275277614593506,1,6
SH,Mamba,73,363,1072,1072,107.2,0.40959808230400085,0.5514383912086487,6.388345241546631,7.055824279785156,9.972065925598145,1,119,1,119,0.11100746268656717,2.0,119,0.0,0,0.0,0,0.0,0,0.0,2,7
SH,Mamba,73,364,234,234,23.400000000000002,0.1395031213760376,0.18219806253910065,14.575657844543457,17.786724090576172,1.4072015285491943,0,-1,0,0,0.0,2.0,234,2.6809191703796387,0,0.0,0,0.0,0,8.377829551696777,1,6
SH,Mamba,73,365,542,542,54.2,0.21086230874061584,0.2570663094520569,5.074868679046631,5.83494234085083,0.33374327421188354,0,-1,1,542,1.0,2.0,542,0.8205586075782776,0,0.0,0,0.0,0,6.709843158721924,0,5
SH,Mamba,73,366,267,267,26.700000000000003,0.26171132922172546,0.36212393641471863,8.825820922851562,11.473100662231445,0.809493362903595,0,-1,1,124,0.46441947565543074,2.0,267,1.5556596517562866,0,0.0,0,0.0,0,23.418569564819336,1,6
SH,Mamba,73,367,166,166,16.6,0.3675204813480377,0.48127636313438416,0.9044293165206909,1.1562987565994263,0.40667903423309326,1,152,1,152,0.9156626506024096,2.0,152,0.0,0,0.0,0,0.0,0,0.0,0,5
SH,Mamba,73,368,215,215,21.5,0.26810675859451294,0.37095797061920166,5.528141021728516,6.904760360717773,0.7008720636367798,0,-1,1,189,0.8790697674418605,2.0,215,1.2609061002731323,0,0.0,0,0.0,0,28.399267196655273,0,5
SH,Mamba,73,369,211,211,21.1,0.2026512175798416,0.22914548218250275,2.661348819732666,3.0493791103363037,0.7217000126838684,0,-1,1,211,1.0,2.0,211,0.5751014351844788,0,0.0,0,0.0,0,5.241536617279053,1,6
SH,Mamba,73,370,1096,1096,109.60000000000001,0.4852132201194763,0.6164535880088806,5.455117225646973,6.626307487487793,3.844447612762451,1,461,1,461,0.4206204379562044,2.0,461,0.0,0,0.0,0,0.0,0,0.0,1,6
SH,Mamba,73,371,647,647,64.7,0.22607555985450745,0.2958776652812958,4.6814351081848145,6.311254024505615,0.4321446716785431,0,-1,1,622,0.9613601236476044,2.0,647,0.6925495266914368,0,0.0,0,0.0,0,12.709007263183594,0,5
SH,Mamba,73,372,179,179,17.900000000000002,0.19686588644981384,0.23478533327579498,0.6533200740814209,0.7503635287284851,0.17476700246334076,0,-1,0,0,0.0,2.0,179,2.1992921829223633,0,0.0,0,0.0,0,1.1926809549331665,1,6
SH,Mamba,73,373,235,235,23.5,0.31671562790870667,0.3988903760910034,1.0347015857696533,1.2435659170150757,0.35839685797691345,0,-1,1,169,0.7191489361702128,2.0,235,1.6661109924316406,0,0.0,0,0.0,0,10.38794231414795,1,6
SH,Mamba,73,374,440,440,44.0,0.12497442215681076,0.1496669054031372,12.779938697814941,15.605731010437012,0.6850587129592896,0,-1,1,30,0.06818181818181818,2.0,440,1.9910246133804321,0,0.0,0,0.0,0,59.532867431640625,0,5
SH,Mamba,73,375,209,209,20.900000000000002,0.3334379196166992,0.5647783279418945,1.102198600769043,1.6010037660598755,0.4187995493412018,0,-1,1,209,1.0,2.0,209,0.8777240514755249,0,0.0,0,0.0,0,2.4437432289123535,1,6
SH,Mamba,73,376,147,147,14.700000000000001,0.2732295095920563,0.38128072023391724,0.37291961908340454,0.524270236492157,0.35214197635650635,0,-1,1,147,1.0,2.0,147,1.0553934574127197,0,0.0,0,0.0,0,8.589138984680176,0,5
SH,Mamba,73,377,137,137,13.700000000000001,0.3448568880558014,0.4066626727581024,3.4486887454986572,3.942967653274536,0.7082102298736572,0,-1,1,49,0.35766423357664234,2.0,137,1.7830504179000854,0,0.0,0,0.0,0,35.68873596191406,1,6
SH,Mamba,73,378,251,251,25.1,0.20703114569187164,0.2625243067741394,2.7602694034576416,3.155890464782715,0.5004406571388245,0,-1,1,134,0.5338645418326693,2.0,251,1.7487212419509888,0,0.0,0,0.0,0,1.791396975517273,2,7
SH,Mamba,73,379,162,162,16.2,0.34960517287254333,0.5031418204307556,2.6884965896606445,3.051328182220459,0.5112327933311462,0,-1,0,0,0.0,2.0,162,2.9912354946136475,0,0.0,0,0.0,0,9.579941749572754,1,6
SH,Mamba,73,380,192,192,19.200000000000003,0.39806684851646423,0.47432923316955566,1.788106083869934,2.036626100540161,0.6809437274932861,0,-1,0,0,0.0,2.0,192,3.966787099838257,0,0.0,0,0.0,0,7.418431758880615,0,5
SH,Mamba,73,381,376,376,37.6,0.35023409128189087,0.4386703372001648,1.3298566341400146,1.6927838325500488,0.4614008665084839,0,-1,1,376,1.0,2.0,376,0.8534364104270935,0,0.0,0,0.0,0,9.484846115112305,0,5
SH,Mamba,73,382,217,217,21.700000000000003,0.29624074697494507,0.39670330286026,2.2497010231018066,2.988844871520996,0.7032220363616943,0,-1,0,0,0.0,2.0,217,2.9755635261535645,0,0.0,0,0.0,0,3.3703930377960205,1,6
SH,Mamba,73,383,216,216,21.6,0.34928882122039795,0.41474688053131104,2.6516575813293457,2.9327807426452637,0.3381422758102417,0,-1,1,216,1.0,2.0,216,0.9138550162315369,0,0.0,0,0.0,0,4.203173637390137,1,6
SH,Mamba,73,384,155,155,15.5,0.2517894208431244,0.30862876772880554,0.6647792458534241,0.8053385615348816,0.2579188942909241,0,-1,1,155,1.0,2.0,155,0.5313388109207153,0,0.0,0,0.0,0,10.209423065185547,1,6
SH,Mamba,73,385,154,154,15.4,0.32310107350349426,0.3696691691875458,6.868801593780518,8.000417709350586,0.8448023796081543,0,-1,1,147,0.9545454545454546,2.0,154,1.144901156425476,0,0.0,0,0.0,0,23.06488037109375,2,7
SH,Mamba,73,386,246,246,24.6,0.26613202691078186,0.33951735496520996,3.9590792655944824,4.932034492492676,0.5631537437438965,0,-1,1,244,0.991869918699187,2.0,246,1.3630471229553223,0,0.0,0,0.0,0,4.764638900756836,2,7
SH,Mamba,73,387,383,383,38.300000000000004,0.2842898368835449,0.36127161979675293,1.7368963956832886,2.3644139766693115,0.47020506858825684,0,-1,1,360,0.9399477806788512,2.0,383,0.7973806858062744,0,0.0,0,0.0,0,3.4364049434661865,1,6
SH,Mamba,73,388,239,239,23.900000000000002,0.24978771805763245,0.33790549635887146,3.303835391998291,3.9699673652648926,0.42372819781303406,0,-1,0,0,0.0,2.0,239,2.1204631328582764,0,0.0,0,0.0,0,15.919257164001465,2,7
SH,Mamba,73,389,477,477,47.7,0.2369651347398758,0.34199950098991394,1.224321722984314,1.8981003761291504,0.2504272162914276,0,-1,1,361,0.7568134171907757,2.0,477,1.2333134412765503,0,0.0,0,0.0,0,9.330068588256836,1,6
SH,Mamba,73,390,140,140,14.0,0.24048511683940887,0.32881200313568115,4.740619659423828,5.260440826416016,0.5039089918136597,0,-1,1,140,1.0,2.0,140,0.6935500502586365,0,0.0,0,0.0,0,8.855267524719238,1,6
SH,Mamba,73,391,240,240,24.0,0.29030928015708923,0.3687545657157898,6.711362361907959,7.317781448364258,0.627123236656189,0,-1,1,115,0.4791666666666667,2.0,240,1.6338351964950562,0,0.0,0,0.0,0,11.109857559204102,0,5
SH,Mamba,73,392,312,312,31.200000000000003,0.26227647066116333,0.3132767975330353,1.3584072589874268,1.7664700746536255,0.3697056174278259,0,-1,1,107,0.34294871794871795,2.0,312,1.3549846410751343,0,0.0,0,0.0,0,1.5438828468322754,2,7
SH,Mamba,73,393,143,143,14.3,0.16681133210659027,0.22303138673305511,4.153725624084473,5.045630931854248,0.629227876663208,0,-1,1,143,1.0,2.0,143,0.8226749897003174,0,0.0,0,0.0,0,13.622435569763184,2,7
SH,Mamba,73,394,170,170,17.0,0.4313274919986725,0.5122930407524109,4.049613952636719,4.560873031616211,1.0172206163406372,0,-1,0,0,0.0,2.0,170,2.236595392227173,0,0.0,0,0.0,0,8.664140701293945,0,5
SH,Mamba,73,395,150,150,15.0,0.15149398148059845,0.19349949061870575,1.918278455734253,2.50909423828125,0.46204349398612976,0,-1,1,35,0.23333333333333334,2.0,150,0.7593755722045898,0,0.0,0,0.0,0,0.4531748294830322,2,7
SH,Mamba,73,396,168,168,16.8,0.3062991499900818,0.3957696557044983,0.5006170272827148,0.6102573871612549,0.28693288564682007,1,159,1,159,0.9464285714285714,2.0,159,0.0,0,0.0,0,0.0,0,0.0,2,7
SH,Mamba,73,397,210,210,21.0,0.20704035460948944,0.2539978325366974,0.8253152966499329,1.5684927701950073,0.3657466471195221,0,-1,0,0,0.0,2.0,210,2.1193718910217285,0,0.0,0,0.0,0,26.58510398864746,1,6
SH,Mamba,73,398,221,221,22.1,0.35002657771110535,0.4416770339012146,3.6110270023345947,4.935990810394287,0.5614610314369202,0,-1,1,221,1.0,2.0,221,0.3515002429485321,0,0.0,0,0.0,0,1.3317164182662964,0,5
SH,Mamba,73,399,155,155,15.5,0.3625872731208801,0.44065234065055847,2.1537063121795654,2.901893377304077,0.6570795774459839,0,-1,1,155,1.0,2.0,155,0.9356115460395813,0,0.0,0,0.0,0,7.338757514953613,2,7
SH,Mamba,73,400,209,209,20.900000000000002,0.3008994162082672,0.3849986493587494,6.9979939460754395,8.447057723999023,0.6395368576049805,0,-1,1,203,0.9712918660287081,2.0,209,1.1028794050216675,0,0.0,0,0.0,0,5.833192825317383,2,7
SH,Mamba,73,401,140,140,14.0,0.14335712790489197,0.18060258030891418,0.29279404878616333,0.37779977917671204,0.16386596858501434,0,-1,1,15,0.10714285714285714,2.0,140,1.9916554689407349,0,0.0,0,0.0,0,8.561834335327148,2,7
SH,Mamba,73,402,566,566,56.6,0.23318395018577576,0.30004748702049255,3.3013079166412354,3.7260184288024902,0.8023214936256409,1,275,1,171,0.30212014134275617,2.0,275,0.0,0,0.0,0,0.0,0,0.0,0,5
SH,Mamba,73,403,139,139,13.9,0.13851924240589142,0.17016766965389252,4.428615093231201,5.271275520324707,0.5625730156898499,0,-1,1,139,1.0,2.0,139,1.6720565557479858,0,0.0,0,0.0,0,29.790876388549805,1,6
SH,Mamba,73,404,241,241,24.1,0.16729721426963806,0.19673559069633484,1.2966670989990234,1.6988589763641357,0.4515257179737091,0,-1,1,241,1.0,2.0,241,0.6436685919761658,0,0.0,0,0.0,0,9.820380210876465,2,7
SH,Mamba,73,405,192,192,19.200000000000003,0.15869469940662384,0.20044055581092834,3.255539894104004,4.487407684326172,0.6305182576179504,0,-1,1,192,1.0,2.0,192,1.0998061895370483,0,0.0,0,0.0,0,20.124618530273438,1,6
SH,Mamba,73,406,247,247,24.700000000000003,0.2975699007511139,0.35632792115211487,1.3242502212524414,1.7704365253448486,0.31071051955223083,0,-1,1,120,0.48582995951417,2.0,247,1.182908296585083,0,0.0,0,0.0,0,2.9634010791778564,1,6
SH,Mamba,73,407,253,253,25.3,0.3987342119216919,0.5254258513450623,2.203042984008789,2.4712655544281006,0.5115877985954285,0,-1,1,253,1.0,2.0,253,0.5896770358085632,0,0.0,0,0.0,0,2.61535382270813,1,6
SH,Mamba,73,408,158,158,15.8,0.23814170062541962,0.32606616616249084,1.8074007034301758,2.196324586868286,0.28435707092285156,1,138,1,138,0.8734177215189873,2.0,138,0.0,0,0.0,0,0.0,0,0.0,1,6
SH,Mamba,73,409,173,173,17.3,0.32335880398750305,0.38095343112945557,12.971370697021484,15.025762557983398,1.2846261262893677,0,-1,1,173,1.0,2.0,173,1.074744462966919,0,0.0,0,0.0,0,12.340882301330566,2,7
SH,Mamba,73,410,202,202,20.200000000000003,0.4069540202617645,0.5365584492683411,2.5492124557495117,3.0101587772369385,0.5711787939071655,0,-1,1,104,0.5148514851485149,2.0,202,1.690517544746399,0,0.0,0,0.0,0,9.499185562133789,1,6
SH,Mamba,73,411,184,184,18.400000000000002,0.20220862329006195,0.27432116866111755,6.987723350524902,7.8815131187438965,0.665202260017395,0,-1,1,180,0.9782608695652174,2.0,184,0.9528505206108093,0,0.0,0,0.0,0,21.225553512573242,0,5
SH,Mamba,73,412,142,142,14.200000000000001,0.947221040725708,1.0829647779464722,8.277833938598633,9.556683540344238,2.364147901535034,1,91,1,91,0.6408450704225352,2.0,91,0.0,0,0.0,0,0.0,0,0.0,0,5
SH,Mamba,73,413,180,180,18.0,0.2597842514514923,0.3533695638179779,2.894177198410034,3.0265607833862305,0.2585858106613159,0,-1,1,180,1.0,2.0,180,0.7261198163032532,0,0.0,0,0.0,0,4.328774929046631,1,6
SH,Mamba,73,414,222,222,22.200000000000003,0.29300153255462646,0.352110892534256,2.232710123062134,2.574894905090332,0.39449670910835266,0,-1,1,222,1.0,2.0,222,0.8461393117904663,0,0.0,0,0.0,0,8.969220161437988,1,6
SH,Mamba,73,415,567,567,56.7,0.14986413717269897,0.20351146161556244,15.490909576416016,18.85062026977539,0.610561728477478,0,-1,1,567,1.0,2.0,567,0.5813112258911133,0,0.0,0,0.0,0,6.998103141784668,1,6
SH,Mamba,73,416,533,533,53.300000000000004,0.47506463527679443,0.6467603445053101,3.802993059158325,5.487649917602539,1.7682842016220093,1,407,1,365,0.6848030018761726,2.0,407,0.0,0,0.0,0,0.0,0,0.0,0,5
SH,Mamba,73,417,181,181,18.1,0.33566388487815857,0.38580384850502014,7.424098491668701,9.87299919128418,0.9324856996536255,0,-1,0,0,0.0,2.0,181,2.4452714920043945,0,0.0,0,0.0,0,14.314236640930176,2,7
SH,Mamba,73,418,198,198,19.8,0.3756728768348694,0.49949154257774353,2.585890054702759,3.533914089202881,0.571805477142334,0,-1,1,198,1.0,2.0,198,1.1363365650177002,0,0.0,0,0.0,0,5.321329593658447,2,7
SH,Mamba,73,419,133,133,13.3,0.22011490166187286,0.26551440358161926,0.8123719096183777,0.9476993083953857,0.37072816491127014,0,-1,1,94,0.706766917293233,2.0,133,1.3320337533950806,0,0.0,0,0.0,0,26.802303314208984,1,6
SH,Mamba,73,420,132,132,13.200000000000001,0.2956942319869995,0.35166865587234497,1.4816645383834839,1.8035144805908203,0.6580358147621155,0,-1,1,132,1.0,2.0,132,0.7229877710342407,0,0.0,0,0.0,0,7.1583428382873535,0,5
SH,Mamba,73,421,140,140,14.0,0.1878759115934372,0.21337158977985382,5.946133613586426,7.766670227050781,1.2263380289077759,0,-1,1,54,0.38571428571428573,2.0,140,1.8855042457580566,0,0.0,0,0.0,0,32.797786712646484,0,5
SH,Mamba,73,422,417,417,41.7,0.3000789284706116,0.3883185386657715,0.7421780824661255,0.9763673543930054,0.3324449062347412,1,387,1,363,0.8705035971223022,2.0,387,0.0,0,0.0,0,0.0,0,0.0,1,6
SH,Mamba,73,423,186,186,18.6,0.3805643618106842,0.4702763557434082,1.028342604637146,1.3993709087371826,0.33888253569602966,0,-1,1,186,1.0,2.0,186,1.1701003313064575,0,0.0,0,0.0,0,6.127012252807617,0,5
SH,Mamba,73,424,209,209,20.900000000000002,0.1450536847114563,0.18785329163074493,7.111811637878418,8.734211921691895,0.9111330509185791,0,-1,1,209,1.0,2.0,209,0.84483402967453,0,0.0,0,0.0,0,15.247627258300781,0,5
SH,Mamba,73,425,215,215,21.5,0.26842641830444336,0.33590883016586304,2.1338601112365723,2.310598373413086,0.2921672463417053,1,196,1,117,0.5441860465116279,2.0,196,0.0,0,0.0,0,0.0,0,0.0,1,6
SH,Mamba,73,426,613,613,61.300000000000004,0.282295823097229,0.34937623143196106,7.147641181945801,8.346303939819336,0.6946276426315308,1,587,1,271,0.44208809135399674,2.0,587,0.0,0,0.0,0,0.0,0,0.0,0,5
SH,Mamba,73,427,224,224,22.400000000000002,0.34376707673072815,0.48106148838996887,3.705299139022827,5.652421474456787,0.6142671704292297,0,-1,1,224,1.0,2.0,224,0.7567911744117737,0,0.0,0,0.0,0,3.0389790534973145,0,5
SH,Mamba,73,428,171,171,17.1,0.33272096514701843,0.4354381561279297,2.274111270904541,2.7150840759277344,1.3912135362625122,1,81,1,81,0.47368421052631576,2.0,81,0.0,0,0.0,0,0.0,0,0.0,0,5
SH,Mamba,73,429,317,317,31.700000000000003,0.3134342432022095,0.5097512602806091,3.917508602142334,4.73375940322876,0.7420657873153687,1,299,1,299,0.943217665615142,2.0,299,0.0,0,0.0,0,0.0,0,0.0,2,7
SH,Mamba,73,430,150,150,15.0,0.2834461033344269,0.3729984164237976,1.5130146741867065,1.9162580966949463,0.34986764192581177,0,-1,0,0,0.0,2.0,150,2.4027228355407715,0,0.0,0,0.0,0,2.7610578536987305,0,5
SH,Mamba,73,431,721,721,72.10000000000001,0.18839815258979797,0.2287648469209671,4.718097686767578,5.9875264167785645,0.3677118122577667,0,-1,1,691,0.9583911234396671,2.0,721,0.8339675664901733,0,0.0,0,0.0,0,10.015525817871094,2,7
SH,Mamba,73,432,912,912,91.2,0.23124803602695465,0.2944391667842865,4.542569160461426,6.520549774169922,0.4191854000091553,0,-1,1,690,0.756578947368421,2.0,912,0.9264082908630371,0,0.0,0,0.0,0,6.69234561920166,1,6
SH,Mamba,73,433,248,248,24.8,0.2614310383796692,0.34750011563301086,0.8023905158042908,1.0188498497009277,0.29288777709007263,1,242,1,198,0.7983870967741935,2.0,242,0.0,0,0.0,0,0.0,0,0.0,1,6
SH,Mamba,73,434,158,158,15.8,0.2171861231327057,0.2653810977935791,1.9504151344299316,2.3682961463928223,0.4446844160556793,0,-1,1,94,0.5949367088607594,2.0,158,1.0248520374298096,0,0.0,0,0.0,0,0.3708130419254303,2,7
SH,Mamba,73,435,202,202,20.200000000000003,0.19140835106372833,0.2240591049194336,1.7852754592895508,2.2575225830078125,0.23231442272663116,0,-1,1,202,1.0,2.0,202,0.6853387951850891,0,0.0,0,0.0,0,2.3302533626556396,2,7
SH,Mamba,73,436,1005,1005,100.5,0.21018344163894653,0.28345680236816406,2.433974027633667,2.8107004165649414,2.139522075653076,1,501,1,501,0.49850746268656715,2.0,501,0.0,0,0.0,0,0.0,0,0.0,0,5
SH,Mamba,73,437,787,787,78.7,0.2423357218503952,0.3241417706012726,9.13715934753418,11.649389266967773,0.6945250630378723,0,-1,1,298,0.3786531130876747,2.0,787,1.274031162261963,0,0.0,0,0.0,0,2.8244292736053467,2,7
SH,Mamba,73,438,222,222,22.200000000000003,0.11641800403594971,0.14803877472877502,10.14415168762207,13.156848907470703,1.1383912563323975,0,-1,1,164,0.7387387387387387,2.0,222,1.2188829183578491,0,0.0,0,0.0,0,11.620498657226562,2,7
SH,Mamba,73,439,166,166,16.6,0.5090011358261108,0.5857878923416138,5.801913261413574,7.4037580490112305,0.940772294998169,0,-1,1,97,0.5843373493975904,2.0,166,1.6942691802978516,0,0.0,0,0.0,0,5.783761501312256,1,6
SH,Mamba,73,440,1236,1236,123.60000000000001,0.2861650288105011,0.3998679220676422,6.784128189086914,7.9389424324035645,2.3207175731658936,1,530,1,397,0.32119741100323623,2.0,530,0.0,0,0.0,0,0.0,0,0.0,1,6
SH,Mamba,73,441,173,173,17.3,0.24765644967556,0.2859102785587311,2.9337806701660156,3.512836217880249,0.39449331164360046,0,-1,1,173,1.0,2.0,173,0.516447901725769,0,0.0,0,0.0,0,2.1363651752471924,0,5
SH,Mamba,73,442,309,309,30.900000000000002,0.205581396818161,0.24630868434906006,2.9169178009033203,3.710993528366089,0.5835403203964233,0,-1,1,309,1.0,2.0,309,0.4970802962779999,0,0.0,0,0.0,0,12.556140899658203,1,6
SH,Mamba,73,443,171,171,17.1,0.1225709393620491,0.17068587243556976,1.592637300491333,2.3712007999420166,0.4209904670715332,0,-1,0,0,0.0,2.0,171,2.3989293575286865,0,0.0,0,0.0,0,51.49111557006836,1,6
SH,Mamba,73,444,186,186,18.6,0.46436017751693726,0.5891845226287842,5.796584129333496,7.236888408660889,0.716853141784668,0,-1,1,167,0.8978494623655914,2.0,186,0.9337270855903625,0,0.0,0,0.0,0,3.0997731685638428,1,6
SH,Mamba,73,445,175,175,17.5,0.3434494435787201,0.4036548435688019,13.248568534851074,15.93338680267334,1.459274172782898,0,-1,1,175,1.0,2.0,175,1.352534532546997,0,0.0,0,0.0,0,13.664691925048828,1,6
SH,Mamba,73,446,174,174,17.400000000000002,0.23396895825862885,0.28754091262817383,0.7382475137710571,0.9628991484642029,0.25698480010032654,0,-1,0,0,0.0,2.0,174,2.131545066833496,0,0.0,0,0.0,0,1.463100790977478,2,7
SH,Mamba,73,447,278,278,27.8,0.17088285088539124,0.2252635955810547,2.393134593963623,2.6848957538604736,0.2864822447299957,0,-1,0,0,0.0,2.0,278,2.0670642852783203,0,0.0,0,0.0,0,3.2763047218322754,1,6
SH,Mamba,73,448,142,142,14.200000000000001,0.33324140310287476,0.44066092371940613,1.6181820631027222,1.821128010749817,0.25044313073158264,0,-1,1,105,0.7394366197183099,2.0,142,0.24189870059490204,0,0.0,0,0.0,0,0.21309471130371094,1,6
SH,Mamba,73,449,212,212,21.200000000000003,0.4678441286087036,0.5878629088401794,3.049919366836548,3.525127649307251,0.3918715715408325,0,-1,1,144,0.6792452830188679,2.0,212,1.2810394763946533,0,0.0,0,0.0,0,4.105377674102783,1,6
SH,Mamba,73,450,257,257,25.700000000000003,0.18436318635940552,0.24408695101737976,2.2875475883483887,2.5665533542633057,0.2504151165485382,0,-1,1,257,1.0,2.0,257,0.8220885992050171,0,0.0,0,0.0,0,10.528578758239746,2,7
SH,Mamba,73,451,162,162,16.2,0.2880248427391052,0.3437337279319763,1.1189106702804565,1.3962069749832153,0.37061116099357605,0,-1,1,122,0.7530864197530864,2.0,162,1.1188995838165283,0,0.0,0,0.0,0,2.8676540851593018,2,7
SH,Mamba,73,452,573,573,57.300000000000004,0.1825268715620041,0.24790628254413605,7.044707775115967,7.5132646560668945,1.8219289779663086,1,350,1,350,0.6108202443280978,2.0,350,0.0,0,0.0,0,0.0,0,0.0,1,6
SH,Mamba,73,453,188,188,18.8,0.25055164098739624,0.313907265663147,5.8462653160095215,7.043819427490234,0.7918736934661865,0,-1,0,0,0.0,2.0,188,2.66326642036438,0,0.0,0,0.0,0,21.922828674316406,2,7
SH,Mamba,73,454,295,295,29.5,0.3424921929836273,0.4030689597129822,5.297581195831299,6.099498271942139,0.6454868912696838,0,-1,0,0,0.0,2.0,295,2.5545363426208496,0,0.0,0,0.0,0,5.349607467651367,0,5
SH,Mamba,73,455,158,158,15.8,0.33161836862564087,0.4274337887763977,3.531467914581299,4.306088924407959,0.9532590508460999,0,-1,0,0,0.0,2.0,158,3.9405574798583984,0,0.0,0,0.0,0,68.90982055664062,0,5
SH,Mamba,73,456,394,394,39.400000000000006,0.30379921197891235,0.41193264722824097,10.153108596801758,11.745508193969727,0.7493777871131897,1,361,1,295,0.748730964467005,2.0,361,0.0,0,0.0,0,0.0,0,0.0,1,6
SH,Mamba,73,457,221,221,22.1,0.2711641192436218,0.35893896222114563,16.599260330200195,21.950719833374023,1.9639240503311157,0,-1,0,0,0.0,2.0,221,2.4052999019622803,0,0.0,0,0.0,0,7.925542831420898,1,6
SH,Mamba,73,458,152,152,15.200000000000001,0.5004992485046387,0.5994791388511658,9.438397407531738,10.724864959716797,1.0335378646850586,0,-1,0,0,0.0,2.0,152,2.355858564376831,0,0.0,0,0.0,0,21.26167106628418,2,7
SH,Mamba,73,459,207,207,20.700000000000003,0.3737112879753113,0.4523831307888031,11.972103118896484,13.485708236694336,0.9385926127433777,0,-1,1,207,1.0,2.0,207,0.9608003497123718,0,0.0,0,0.0,0,6.335033416748047,1,6
SH,Mamba,73,460,430,430,43.0,0.2549546957015991,0.32986220717430115,3.9708492755889893,5.174856662750244,0.4458352029323578,0,-1,1,430,1.0,2.0,430,0.4114830493927002,0,0.0,0,0.0,0,2.930798053741455,1,6
SH,Mamba,73,461,389,389,38.900000000000006,0.3434722423553467,0.46820634603500366,3.2596116065979004,3.5830252170562744,0.42831549048423767,0,-1,1,302,0.7763496143958869,2.0,389,1.302659034729004,0,0.0,0,0.0,0,6.632533073425293,0,5
SH,Mamba,73,462,442,442,44.2,0.16690950095653534,0.24414867162704468,2.4175331592559814,3.0006768703460693,0.29203468561172485,0,-1,1,442,1.0,2.0,442,0.5335543155670166,0,0.0,0,0.0,0,2.4772510528564453,1,6
SH,Mamba,73,463,183,183,18.3,0.33275654911994934,0.3768114447593689,5.391280651092529,6.464926242828369,1.1233632564544678,0,-1,1,183,1.0,2.0,183,1.1219936609268188,0,0.0,0,0.0,0,4.689977169036865,1,6
SH,Mamba,73,464,408,408,40.800000000000004,0.16559447348117828,0.2020847499370575,3.553462028503418,4.348026275634766,0.25381240248680115,0,-1,1,408,1.0,2.0,408,0.8059422373771667,0,0.0,0,0.0,0,5.222812175750732,0,5
SH,Mamba,73,465,167,167,16.7,0.2897193133831024,0.3683886229991913,2.834636688232422,3.0274782180786133,0.34312593936920166,0,-1,1,115,0.688622754491018,2.0,167,1.5517966747283936,0,0.0,0,0.0,0,2.08518385887146,1,6
SH,Mamba,73,466,220,220,22.0,0.4890647530555725,0.5986821055412292,4.0942463874816895,6.273343086242676,0.8654248118400574,0,-1,1,199,0.9045454545454545,2.0,220,1.0549588203430176,0,0.0,0,0.0,0,4.861234188079834,1,6
SH,Mamba,73,467,170,170,17.0,0.3471190929412842,0.4240085184574127,5.005025863647461,5.924588680267334,0.753955602645874,0,-1,1,170,1.0,2.0,170,1.4454731941223145,0,0.0,0,0.0,0,5.642903804779053,1,6
SH,Mamba,73,468,155,155,15.5,0.34754857420921326,0.46299976110458374,2.7673025131225586,2.9831995964050293,0.44015607237815857,0,-1,1,152,0.9806451612903225,2.0,155,1.317550539970398,0,0.0,0,0.0,0,5.079610824584961,0,5
SH,Mamba,73,469,204,204,20.400000000000002,0.15066123008728027,0.1831604391336441,10.696066856384277,13.1976957321167,1.2327662706375122,0,-1,1,64,0.3137254901960784,2.0,204,0.8309539556503296,0,0.0,0,0.0,0,21.6456356048584,1,6
SH,Mamba,73,470,293,293,29.3,0.2489602118730545,0.3252340257167816,1.2359943389892578,1.6097325086593628,0.3625043034553528,0,-1,1,268,0.9146757679180887,2.0,293,1.1579498052597046,0,0.0,0,0.0,0,4.038674354553223,0,5
SH,Mamba,73,471,451,451,45.1,0.3285740911960602,0.4672618508338928,7.141224384307861,8.760059356689453,0.7251325845718384,1,423,1,423,0.9379157427937915,2.0,423,0.0,0,0.0,0,0.0,0,0.0,1,6
SH,Mamba,73,472,362,362,36.2,0.25475287437438965,0.30690380930900574,2.73018217086792,3.1207306385040283,0.6234979629516602,1,242,1,209,0.5773480662983426,2.0,242,0.0,0,0.0,0,0.0,0,0.0,1,6
SH,Mamba,73,473,319,319,31.900000000000002,0.28394007682800293,0.34741073846817017,1.4939271211624146,1.6562741994857788,0.3283718526363373,1,312,1,312,0.9780564263322884,2.0,312,0.0,0,0.0,0,0.0,0,0.0,0,5
SH,Mamba,73,474,174,174,17.400000000000002,0.47048550844192505,0.7197455167770386,6.969999313354492,7.729312419891357,0.9205716848373413,0,-1,1,40,0.22988505747126436,2.0,174,1.9375416040420532,0,0.0,0,0.0,0,22.85108757019043,0,5
SH,Mamba,73,475,147,147,14.700000000000001,0.24375508725643158,0.3008418679237366,2.6629645824432373,3.3135111331939697,0.32139134407043457,0,-1,1,41,0.2789115646258503,2.0,147,1.903714895248413,0,0.0,0,0.0,0,11.346517562866211,1,6
SH,Mamba,73,476,154,154,15.4,0.32542484998703003,0.458150714635849,3.2733070850372314,3.9769601821899414,0.4887518882751465,0,-1,1,154,1.0,2.0,154,1.1565455198287964,0,0.0,0,0.0,0,2.5622470378875732,0,5
SH,Mamba,73,477,157,157,15.700000000000001,0.21317395567893982,0.2746002674102783,1.556399941444397,2.277188777923584,0.4426193833351135,0,-1,1,157,1.0,2.0,157,1.2485390901565552,0,0.0,0,0.0,0,9.65731143951416,0,5
SH,Mamba,73,478,207,207,20.700000000000003,0.49755004048347473,0.6495578289031982,1.8211936950683594,2.1706018447875977,0.6017436981201172,0,-1,1,191,0.9227053140096618,2.0,207,1.2694798707962036,0,0.0,0,0.0,0,3.210461139678955,2,7
SH,Mamba,73,479,183,183,18.3,0.34163808822631836,0.4385261833667755,3.9935853481292725,4.7390828132629395,0.5074425935745239,0,-1,1,107,0.5846994535519126,2.0,183,1.732401967048645,0,0.0,0,0.0,0,6.911741256713867,2,7
SH,Mamba,73,480,333,333,33.300000000000004,0.46038079261779785,0.5675337910652161,1.4169660806655884,1.9536675214767456,0.5447049140930176,0,-1,1,333,1.0,2.0,333,0.41899868845939636,0,0.0,0,0.0,0,1.9998528957366943,0,5
SH,Mamba,73,481,436,436,43.6,0.2677973210811615,0.35093504190444946,4.344388961791992,7.154073238372803,0.8221856355667114,1,310,1,264,0.6055045871559633,2.0,310,0.0,0,0.0,0,0.0,0,0.0,2,7
SH,Mamba,73,482,179,179,17.900000000000002,0.2289559543132782,0.2897387146949768,2.6233267784118652,3.04319167137146,0.26769155263900757,0,-1,1,80,0.44692737430167595,2.0,179,1.5360362529754639,0,0.0,0,0.0,0,1.067716121673584,2,7
SH,Mamba,73,483,188,188,18.8,0.16087476909160614,0.21874108910560608,3.3788154125213623,4.393717288970947,0.5337452292442322,0,-1,1,188,1.0,2.0,188,0.5841392874717712,0,0.0,0,0.0,0,15.903807640075684,0,5
SH,Mamba,73,484,597,597,59.7,0.2236793041229248,0.28299927711486816,2.0970163345336914,2.572049856185913,0.421894371509552,1,564,1,564,0.9447236180904522,2.0,564,0.0,0,0.0,0,0.0,0,0.0,2,7
SH,Mamba,73,485,153,153,15.3,0.30974525213241577,0.40864816308021545,0.990225076675415,1.1869444847106934,0.3536072075366974,0,-1,1,153,1.0,2.0,153,0.5635056495666504,0,0.0,0,0.0,0,6.713038444519043,1,6
SH,Mamba,73,486,230,230,23.0,0.26877662539482117,0.32327452301979065,4.88895845413208,5.319044589996338,0.5214477181434631,0,-1,1,230,1.0,2.0,230,1.424222707748413,0,0.0,0,0.0,0,3.529745101928711,1,6
SH,Mamba,73,487,868,868,86.80000000000001,0.2390199601650238,0.30267658829689026,10.703041076660156,14.128396987915039,0.9422850608825684,0,-1,1,681,0.7845622119815668,2.0,868,0.4087538421154022,0,0.0,0,0.0,0,0.9980491995811462,0,5
SH,Mamba,73,488,145,145,14.5,0.3456876575946808,0.4277186989784241,3.484804153442383,4.2482805252075195,0.574166476726532,0,-1,1,117,0.8068965517241379,2.0,145,1.6712403297424316,0,0.0,0,0.0,0,7.848214149475098,1,6
SH,Mamba,73,489,316,316,31.6,0.25775283575057983,0.32661280035972595,3.7486891746520996,4.113018035888672,0.49156463146209717,1,261,1,261,0.8259493670886076,2.0,261,0.0,0,0.0,0,0.0,0,0.0,1,6
SH,Mamba,73,490,210,210,21.0,0.24339602887630463,0.3800826072692871,1.5272815227508545,2.099159002304077,0.34229373931884766,0,-1,1,96,0.45714285714285713,2.0,210,1.3814374208450317,0,0.0,0,0.0,0,2.504408597946167,2,7
SH,Mamba,73,491,147,147,14.700000000000001,0.33406901359558105,0.3845434784889221,1.2717469930648804,1.5316566228866577,0.24214483797550201,1,128,1,107,0.7278911564625851,2.0,128,0.0,0,0.0,0,0.0,0,0.0,2,7
SH,Mamba,73,492,181,181,18.1,0.27289003133773804,0.32863691449165344,4.078951835632324,4.770390510559082,0.3910219669342041,0,-1,0,0,0.0,2.0,181,2.048947334289551,0,0.0,0,0.0,0,5.3708343505859375,0,5
SH,Mamba,73,493,157,157,15.700000000000001,0.4433218538761139,0.5814278721809387,1.6235824823379517,2.1091556549072266,0.690777063369751,0,-1,1,157,1.0,2.0,157,0.8405352830886841,0,0.0,0,0.0,0,7.42784309387207,1,6
SH,Mamba,73,494,151,151,15.100000000000001,0.2149391621351242,0.26601889729499817,2.08793044090271,2.9147872924804688,0.5065644383430481,0,-1,1,151,1.0,2.0,151,0.6956291794776917,0,0.0,0,0.0,0,3.919968843460083,2,7
SH,Mamba,73,495,494,494,49.400000000000006,0.31073370575904846,0.4149291515350342,1.9481356143951416,2.141421318054199,0.40178412199020386,1,356,1,356,0.7206477732793523,2.0,356,0.0,0,0.0,0,0.0,0,0.0,2,7
SH,Mamba,73,496,132,132,13.200000000000001,0.25158271193504333,0.3003422021865845,9.404213905334473,12.44062328338623,1.9837477207183838,0,-1,1,132,1.0,2.0,132,1.1044459342956543,0,0.0,0,0.0,0,24.989986419677734,1,6
SH,Mamba,73,497,310,310,31.0,0.368956983089447,0.47898486256599426,9.070062637329102,10.951555252075195,1.1051744222640991,0,-1,0,0,0.0,2.0,310,2.670210361480713,0,0.0,0,0.0,0,8.871368408203125,0,5
SH,Mamba,73,498,239,239,23.900000000000002,0.20024466514587402,0.2482299655675888,1.9629030227661133,2.894425392150879,0.48464787006378174,0,-1,1,239,1.0,2.0,239,0.5545786619186401,0,0.0,0,0.0,0,2.746245861053467,1,6
SH,Mamba,73,499,215,215,21.5,0.22272813320159912,0.2982341945171356,2.1334569454193115,2.286715269088745,0.2796386480331421,1,189,1,189,0.8790697674418605,2.0,189,0.0,0,0.0,0,0.0,0,0.0,2,7
SH,Mamba,73,500,222,222,22.200000000000003,0.27970004081726074,0.35153940320014954,3.697049617767334,4.6699628829956055,0.38698461651802063,0,-1,1,88,0.3963963963963964,2.0,222,1.4853209257125854,0,0.0,0,0.0,0,2.4976119995117188,0,5
SH,Mamba,73,501,327,327,32.7,0.29162055253982544,0.4106430113315582,1.3616158962249756,1.9610226154327393,0.4067666530609131,0,-1,1,327,1.0,2.0,327,1.0011366605758667,0,0.0,0,0.0,0,9.43555736541748,0,5
SH,Mamba,73,502,1595,1595,159.5,0.3394278585910797,0.41553938388824463,4.332568168640137,4.900226593017578,2.009033441543579,1,190,1,190,0.11912225705329153,2.0,190,0.0,0,0.0,0,0.0,0,0.0,2,7
SH,Mamba,73,503,323,323,32.300000000000004,0.2116420567035675,0.24916277825832367,4.653904914855957,6.214908123016357,0.6594803929328918,0,-1,1,323,1.0,2.0,323,0.8154556751251221,0,0.0,0,0.0,0,15.886948585510254,2,7
SH,Mamba,73,504,257,257,25.700000000000003,0.43203747272491455,0.5878134965896606,11.746506690979004,14.103053092956543,1.3039392232894897,0,-1,1,200,0.7782101167315175,2.0,257,1.545480728149414,0,0.0,0,0.0,0,9.063590049743652,0,5
SH,Mamba,73,505,263,263,26.3,0.18784192204475403,0.23479865491390228,2.249423027038574,3.547825813293457,0.437032550573349,0,-1,1,74,0.2813688212927757,2.0,263,1.347823977470398,0,0.0,0,0.0,0,2.4316155910491943,0,5
SH,Mamba,73,506,363,363,36.300000000000004,0.27910929918289185,0.374264657497406,2.9045891761779785,3.0930397510528564,1.152561068534851,1,168,1,168,0.4628099173553719,2.0,168,0.0,0,0.0,0,0.0,0,0.0,0,5
SH,Mamba,73,507,140,140,14.0,0.2204030156135559,0.2919508218765259,1.9474831819534302,2.0891997814178467,0.2700086236000061,0,-1,1,140,1.0,2.0,140,0.8118353486061096,0,0.0,0,0.0,0,3.2311575412750244,1,6
SH,Mamba,73,508,438,438,43.800000000000004,0.37709903717041016,0.44747182726860046,4.075017929077148,6.7587175369262695,0.7487189769744873,0,-1,1,412,0.9406392694063926,2.0,438,0.9326460361480713,0,0.0,0,0.0,0,15.138885498046875,1,6
SH,Mamba,73,509,266,266,26.6,0.5297179818153381,0.7178950309753418,40.0552864074707,52.45417785644531,3.9052045345306396,0,-1,1,49,0.18421052631578946,2.0,266,1.7045377492904663,0,0.0,0,0.0,0,8.690774917602539,2,7
SH,Mamba,73,510,135,135,13.5,0.2584211230278015,0.30204302072525024,11.072333335876465,14.448847770690918,2.2681965827941895,0,-1,0,0,0.0,2.0,135,3.1049137115478516,0,0.0,0,0.0,0,71.90003204345703,0,5
SH,Mamba,73,511,216,216,21.6,0.1682814210653305,0.20198483765125275,1.892450213432312,2.4794726371765137,0.25145840644836426,0,-1,1,195,0.9027777777777778,2.0,216,1.6753480434417725,0,0.0,0,0.0,0,13.49864673614502,2,7
SH,Mamba,73,512,139,139,13.9,0.2279110997915268,0.28393039107322693,2.6246681213378906,3.248047113418579,0.43243834376335144,0,-1,0,0,0.0,2.0,139,5.588088035583496,0,0.0,0,0.0,0,10.133268356323242,2,7
SH,Mamba,73,513,143,143,14.3,0.14898084104061127,0.17844220995903015,3.6783809661865234,4.351052761077881,0.34192007780075073,0,-1,1,143,1.0,2.0,143,1.0036358833312988,0,0.0,0,0.0,0,10.06217098236084,0,5
SH,Mamba,73,514,191,191,19.1,0.15481802821159363,0.19182723760604858,7.042407512664795,8.570656776428223,0.6991769671440125,0,-1,1,191,1.0,2.0,191,0.9081718325614929,0,0.0,0,0.0,0,8.481548309326172,0,5
SH,Mamba,73,515,259,259,25.900000000000002,0.22366733849048615,0.28804102540016174,14.306970596313477,17.455984115600586,1.1153240203857422,0,-1,0,0,0.0,2.0,259,2.5723836421966553,0,0.0,0,0.0,0,50.72530746459961,1,6
SH,Mamba,73,516,188,188,18.8,0.36916735768318176,0.45552513003349304,0.6449108719825745,0.8803827166557312,0.35824739933013916,0,-1,0,0,0.0,2.0,188,2.3398818969726562,0,0.0,0,0.0,0,14.862704277038574,1,6
SH,Mamba,73,517,135,135,13.5,0.23043623566627502,0.30107757449150085,1.2290500402450562,1.5733791589736938,0.2568737864494324,1,126,1,126,0.9333333333333333,2.0,126,0.0,0,0.0,0,0.0,0,0.0,1,6
SH,Mamba,73,518,285,285,28.5,0.3497454524040222,0.4263595938682556,6.516053199768066,7.916596412658691,1.3252507448196411,0,-1,1,274,0.9614035087719298,2.0,285,1.0046262741088867,0,0.0,0,0.0,0,14.578690528869629,1,6
SH,Mamba,73,519,840,840,84.0,0.26356643438339233,0.33126723766326904,9.833306312561035,11.139784812927246,0.8111353516578674,0,-1,1,840,1.0,2.0,840,0.2593660056591034,0,0.0,0,0.0,0,5.407107353210449,0,5
SH,Mamba,73,520,215,215,21.5,0.32659170031547546,0.3972040116786957,5.054002285003662,5.651247501373291,0.5369927883148193,0,-1,1,110,0.5116279069767442,2.0,215,1.652551293373108,0,0.0,0,0.0,0,6.947730541229248,0,5
SH,Mamba,73,521,141,141,14.100000000000001,0.4832811951637268,0.5584352612495422,3.3100476264953613,4.02801513671875,0.5538627505302429,0,-1,1,136,0.9645390070921985,2.0,141,1.4766628742218018,0,0.0,0,0.0,0,8.135018348693848,0,5
SH,Mamba,73,522,185,185,18.5,0.2927488088607788,0.40153005719184875,1.8812329769134521,2.646517038345337,0.45436742901802063,0,-1,1,185,1.0,2.0,185,0.9675822854042053,0,0.0,0,0.0,0,14.109058380126953,0,5
SH,Mamba,73,523,165,165,16.5,0.22269536554813385,0.27915558218955994,0.91804039478302,1.5177546739578247,0.24534861743450165,0,-1,1,152,0.9212121212121213,2.0,165,1.016528844833374,0,0.0,0,0.0,0,3.2737462520599365,1,6
SH,Mamba,73,524,136,136,13.600000000000001,0.18845203518867493,0.24134977161884308,3.8472652435302734,5.470764636993408,0.9619656801223755,0,-1,1,136,1.0,2.0,136,1.4814039468765259,0,0.0,0,0.0,0,14.31226634979248,2,7
SH,Mamba,73,525,904,904,90.4,0.19521349668502808,0.2475184202194214,3.1423556804656982,3.5631563663482666,0.2855067253112793,0,-1,1,859,0.9502212389380531,2.0,904,0.7201816439628601,0,0.0,0,0.0,0,0.5923455357551575,1,6
SH,Mamba,73,526,194,194,19.400000000000002,0.36353400349617004,0.4477390944957733,1.5130906105041504,1.9216841459274292,0.5664741396903992,0,-1,1,194,1.0,2.0,194,0.9748984575271606,0,0.0,0,0.0,0,3.260235548019409,1,6
SH,Mamba,73,527,385,385,38.5,0.3381280303001404,0.45962899923324585,4.325901508331299,5.063945770263672,0.707616925239563,0,-1,1,223,0.5792207792207792,2.0,385,1.3858658075332642,0,0.0,0,0.0,0,7.605679988861084,2,7
SH,Mamba,73,528,144,144,14.4,0.19397574663162231,0.2938147485256195,1.9243651628494263,2.138439178466797,0.24520274996757507,1,132,1,132,0.9166666666666666,2.0,132,0.0,0,0.0,0,0.0,0,0.0,2,7
SH,Mamba,73,529,193,193,19.3,0.37180089950561523,0.5313087701797485,4.261458396911621,5.289313793182373,0.5981273651123047,0,-1,1,19,0.09844559585492228,2.0,193,1.7199615240097046,0,0.0,0,0.0,0,13.572724342346191,2,7
SH,Mamba,73,530,170,170,17.0,0.41836434602737427,0.5584576725959778,11.86989974975586,15.951991081237793,1.6531808376312256,0,-1,1,170,1.0,2.0,170,1.0080503225326538,0,0.0,0,0.0,0,19.26869773864746,2,7
SH,Mamba,73,531,205,205,20.5,0.27804628014564514,0.3955840766429901,1.9760602712631226,2.1665217876434326,0.6579114198684692,1,169,1,169,0.824390243902439,2.0,169,0.0,0,0.0,0,0.0,0,0.0,0,5
SH,Mamba,73,532,277,277,27.700000000000003,0.29677432775497437,0.3954131305217743,3.9922826290130615,4.778714179992676,0.4814188778400421,0,-1,1,206,0.7436823104693141,2.0,277,1.448546290397644,0,0.0,0,0.0,0,16.859729766845703,0,5
SH,Mamba,73,533,185,185,18.5,0.15607863664627075,0.1987273395061493,0.8959245085716248,1.0612289905548096,0.24117881059646606,0,-1,1,169,0.9135135135135135,2.0,185,1.308580994606018,0,0.0,0,0.0,0,5.711309909820557,1,6
SH,Mamba,73,534,199,199,19.900000000000002,0.16297832131385803,0.18834732472896576,4.737562656402588,5.384358882904053,0.3644033968448639,0,-1,0,0,0.0,2.0,199,2.3402938842773438,0,0.0,0,0.0,0,18.54893684387207,2,7
SH,Mamba,73,535,160,160,16.0,0.2864057123661041,0.3994215726852417,0.9312095642089844,1.1557142734527588,0.3761754333972931,0,-1,1,160,1.0,2.0,160,0.8582358956336975,0,0.0,0,0.0,0,5.387572288513184,1,6
SH,Mamba,73,536,197,197,19.700000000000003,0.28745555877685547,0.3642199635505676,2.861218214035034,3.941781759262085,0.8052668571472168,0,-1,1,197,1.0,2.0,197,1.441413164138794,0,0.0,0,0.0,0,10.286577224731445,0,5
SH,Mamba,73,537,221,221,22.1,0.3198641836643219,0.4006975293159485,1.2730364799499512,1.6935793161392212,0.3603760600090027,0,-1,1,214,0.9683257918552036,2.0,221,1.3819239139556885,0,0.0,0,0.0,0,6.39858341217041,2,7
SH,Mamba,73,538,140,140,14.0,0.20033115148544312,0.25286364555358887,5.306046962738037,6.62346887588501,0.8988482356071472,0,-1,0,0,0.0,2.0,140,2.053353786468506,0,0.0,0,0.0,0,23.56922149658203,2,7
SH,Mamba,73,539,329,329,32.9,0.42085757851600647,0.57110995054245,2.1014881134033203,2.551208257675171,0.3386825919151306,1,290,1,228,0.6930091185410334,2.0,290,0.0,0,0.0,0,0.0,0,0.0,0,5
SH,Mamba,73,540,183,183,18.3,0.1350216567516327,0.1590815782546997,7.231256484985352,9.080832481384277,0.8160610795021057,0,-1,1,183,1.0,2.0,183,0.8189858794212341,0,0.0,0,0.0,0,8.089929580688477,0,5
SH,Mamba,73,541,155,155,15.5,0.33210718631744385,0.4211414158344269,1.8470144271850586,2.2089409828186035,0.575864315032959,0,-1,1,155,1.0,2.0,155,0.9055923223495483,0,0.0,0,0.0,0,8.0068998336792,1,6
SH,Mamba,73,542,140,140,14.0,0.5234927535057068,0.7460100054740906,4.668278694152832,5.225142478942871,0.7249778509140015,0,-1,1,67,0.4785714285714286,2.0,140,1.5871539115905762,0,0.0,0,0.0,0,4.220132350921631,0,5
SH,Mamba,73,543,207,207,20.700000000000003,0.22626863420009613,0.2900139391422272,5.214317798614502,6.557612895965576,0.5529141426086426,0,-1,1,72,0.34782608695652173,2.0,207,1.7487399578094482,0,0.0,0,0.0,0,5.0576090812683105,0,5
SH,Mamba,73,544,1538,1538,153.8,0.39164894819259644,0.5345035195350647,5.375363349914551,5.676406383514404,3.56073260307312,1,331,1,331,0.2152145643693108,2.0,331,0.0,0,0.0,0,0.0,0,0.0,0,5
SH,Mamba,73,545,605,605,60.5,0.18763019144535065,0.24804486334323883,1.721289873123169,2.147428035736084,0.36728689074516296,0,-1,1,322,0.5322314049586777,2.0,605,1.158212423324585,0,0.0,0,0.0,0,8.07691478729248,0,5
SH,Mamba,73,546,433,433,43.300000000000004,0.32547590136528015,0.4365678131580353,3.536041259765625,3.898742914199829,0.469576358795166,0,-1,1,433,1.0,2.0,433,0.4353797137737274,0,0.0,0,0.0,0,6.57142448425293,2,7
SH,Mamba,73,547,239,239,23.900000000000002,0.307260125875473,0.4729154706001282,7.5900726318359375,10.046683311462402,1.2221770286560059,0,-1,0,0,0.0,2.0,239,2.728066921234131,0,0.0,0,0.0,0,39.83529281616211,2,7
SH,Mamba,73,548,276,276,27.6,0.16282802820205688,0.20565997064113617,10.08059310913086,13.163712501525879,0.8587918281555176,0,-1,1,140,0.5072463768115942,2.0,276,0.6226413249969482,0,0.0,0,0.0,0,15.28067398071289,2,7
SH,Mamba,73,549,388,388,38.800000000000004,0.3251904845237732,0.48796984553337097,3.083444833755493,3.8414218425750732,0.926414430141449,1,324,1,324,0.8350515463917526,2.0,324,0.0,0,0.0,0,0.0,0,0.0,0,5
SH,Mamba,73,550,473,473,47.300000000000004,0.6382636427879333,0.7361254096031189,4.2857866287231445,4.984312534332275,3.0441277027130127,1,178,1,178,0.3763213530655391,2.0,178,0.0,0,0.0,0,0.0,0,0.0,0,5
SH,Mamba,73,551,211,211,21.1,0.30058225989341736,0.380499929189682,1.4287023544311523,1.7512315511703491,0.4280664920806885,0,-1,1,211,1.0,2.0,211,0.061614152044057846,0,0.0,0,0.0,0,0.08722049742937088,2,7
SH,Mamba,73,552,532,532,53.2,0.4535084366798401,0.6927273869514465,2.9126219749450684,3.271778106689453,1.033646821975708,1,354,1,354,0.6654135338345865,2.0,354,0.0,0,0.0,0,0.0,0,0.0,1,6
SH,Mamba,73,553,338,338,33.800000000000004,0.236417755484581,0.3051930367946625,2.967928647994995,3.4477269649505615,0.28721559047698975,1,311,1,261,0.772189349112426,2.0,311,0.0,0,0.0,0,0.0,0,0.0,1,6
SH,Mamba,73,554,252,252,25.200000000000003,0.22252018749713898,0.2784196138381958,3.79038667678833,5.586333274841309,0.6484285593032837,0,-1,1,208,0.8253968253968254,2.0,252,0.5397661924362183,0,0.0,0,0.0,0,13.145275115966797,2,7
SH,Mamba,73,555,153,153,15.3,0.2572169303894043,0.29646971821784973,1.8659940958023071,2.1055898666381836,0.37048637866973877,0,-1,1,153,1.0,2.0,153,0.8682885766029358,0,0.0,0,0.0,0,14.46760368347168,0,5
SH,Mamba,73,556,158,158,15.8,0.49468347430229187,0.6711807250976562,1.9072937965393066,2.1719350814819336,0.7083360552787781,0,-1,1,133,0.8417721518987342,2.0,158,1.5773922204971313,0,0.0,0,0.0,0,13.586267471313477,1,6
SH,Mamba,73,557,250,250,25.0,0.26364895701408386,0.31476953625679016,3.442951202392578,3.9043989181518555,0.4770669639110565,0,-1,1,250,1.0,2.0,250,1.0510138273239136,0,0.0,0,0.0,0,17.52585792541504,2,7
SH,Mamba,73,558,246,246,24.6,0.24294382333755493,0.3218490779399872,14.24130630493164,16.48603630065918,1.084607481956482,0,-1,1,47,0.1910569105691057,2.0,246,1.917646050453186,0,0.0,0,0.0,0,39.38938903808594,0,5
SH,Mamba,73,559,779,779,77.9,0.27922704815864563,0.3347037732601166,4.659412384033203,5.605238437652588,0.5190280079841614,0,-1,1,779,1.0,2.0,779,0.3588208556175232,0,0.0,0,0.0,0,1.624638319015503,1,6
SH,Mamba,73,560,501,501,50.1,0.23104071617126465,0.29657483100891113,1.8190186023712158,2.062202215194702,0.3097859025001526,0,-1,1,501,1.0,2.0,501,0.40174946188926697,0,0.0,0,0.0,0,1.8087639808654785,1,6
SH,Mamba,73,561,139,139,13.9,0.39515629410743713,0.5684109926223755,7.1502885818481445,8.455121040344238,0.9324585795402527,0,-1,1,139,1.0,2.0,139,0.36768797039985657,0,0.0,0,0.0,0,1.9609034061431885,0,5
SH,Mamba,73,562,152,152,15.200000000000001,0.2586272358894348,0.3134247064590454,2.0617597103118896,2.6479179859161377,0.4660298228263855,0,-1,0,0,0.0,2.0,152,3.1587822437286377,0,0.0,0,0.0,0,4.897671699523926,0,5
SH,Mamba,73,563,328,328,32.800000000000004,0.20864835381507874,0.2620740532875061,1.0553175210952759,1.3584773540496826,0.32429078221321106,0,-1,1,275,0.8384146341463414,2.0,328,1.2166205644607544,0,0.0,0,0.0,0,3.7975921630859375,1,6
SH,Mamba,73,564,308,308,30.8,0.33628445863723755,0.43545764684677124,1.034102439880371,1.266733169555664,0.27964383363723755,1,293,1,282,0.9155844155844156,2.0,293,0.0,0,0.0,0,0.0,0,0.0,0,5
SH,Mamba,73,565,318,318,31.8,0.16309340298175812,0.2012145072221756,5.162214279174805,6.231011390686035,0.4033346474170685,0,-1,0,0,0.0,2.0,318,2.483046770095825,0,0.0,0,0.0,0,45.42294692993164,1,6
SH,Mamba,73,566,173,173,17.3,0.220253124833107,0.26468029618263245,4.283002853393555,4.844343662261963,0.4426664710044861,0,-1,1,81,0.4682080924855491,2.0,173,1.6943259239196777,0,0.0,0,0.0,0,8.521018028259277,1,6
SH,Mamba,73,567,131,131,13.100000000000001,0.1719784438610077,0.19899483025074005,2.3936710357666016,3.6608550548553467,0.7876446843147278,0,-1,1,131,1.0,2.0,131,0.8322552442550659,0,0.0,0,0.0,0,13.14377498626709,1,6
SH,Mamba,73,568,233,233,23.3,0.3965330719947815,0.5844418406486511,7.5284576416015625,8.877147674560547,0.9019271731376648,0,-1,1,11,0.04721030042918455,2.0,233,1.9773504734039307,0,0.0,0,0.0,0,9.359067916870117,0,5
SH,Mamba,73,569,453,453,45.300000000000004,0.2498614639043808,0.32567858695983887,1.9613885879516602,2.2185730934143066,0.368783563375473,0,-1,1,453,1.0,2.0,453,0.5477915406227112,0,0.0,0,0.0,0,6.316257476806641,2,7
SH,Mamba,73,570,709,709,70.9,0.3061656057834625,0.40809592604637146,5.352265357971191,6.36594820022583,0.48619523644447327,0,-1,1,691,0.9746121297602257,2.0,709,0.617034375667572,0,0.0,0,0.0,0,2.585679769515991,2,7
SH,Mamba,73,571,158,158,15.8,0.384779691696167,0.5221601724624634,3.5954501628875732,4.128097057342529,0.7119688391685486,0,-1,1,66,0.4177215189873418,2.0,158,1.6808576583862305,0,0.0,0,0.0,0,15.668732643127441,2,7
SH,Mamba,73,572,168,168,16.8,0.28813061118125916,0.3516119122505188,1.0158119201660156,1.4800918102264404,0.3758256435394287,0,-1,1,168,1.0,2.0,168,0.8538970947265625,0,0.0,0,0.0,0,10.365470886230469,0,5
SH,Mamba,73,573,1151,1151,115.10000000000001,0.20001637935638428,0.25080806016921997,24.315982818603516,32.61443328857422,1.2561612129211426,0,-1,1,718,0.6238053866203301,2.0,1151,0.6210948824882507,0,0.0,0,0.0,0,13.493114471435547,0,5
SH,Mamba,73,574,398,398,39.800000000000004,0.49286022782325745,0.6013871431350708,13.077025413513184,17.6317081451416,9.208342552185059,1,128,1,128,0.32160804020100503,2.0,128,0.0,0,0.0,0,0.0,0,0.0,2,7
SH,Mamba,73,575,739,739,73.9,0.15768785774707794,0.20142889022827148,7.651603698730469,9.803054809570312,0.67530357837677,0,-1,0,0,0.0,2.0,739,2.227485179901123,0,0.0,0,0.0,0,66.57353210449219,0,5
SH,Mamba,73,576,485,485,48.5,0.2062118500471115,0.24456998705863953,6.30021858215332,7.2017974853515625,0.6056172847747803,0,-1,1,111,0.2288659793814433,2.0,485,1.5636792182922363,0,0.0,0,0.0,0,13.403730392456055,1,6
SH,Mamba,73,577,862,862,86.2,0.2271791696548462,0.3210943937301636,5.255113124847412,5.754128456115723,1.5971462726593018,1,246,1,246,0.2853828306264501,2.0,246,0.0,0,0.0,0,0.0,0,0.0,1,6
SH,Mamba,73,578,136,136,13.600000000000001,0.22457487881183624,0.25903382897377014,1.551364541053772,1.9603668451309204,0.3150283396244049,0,-1,0,0,0.0,2.0,136,2.3958609104156494,0,0.0,0,0.0,0,1.6592062711715698,0,5
SH,Mamba,73,579,232,232,23.200000000000003,0.47782862186431885,0.5402755737304688,0.8420109152793884,0.9491246938705444,0.39107513427734375,0,-1,1,175,0.7543103448275862,2.0,232,1.141160011291504,0,0.0,0,0.0,0,2.880490303039551,0,5
SH,Mamba,73,580,302,302,30.200000000000003,0.32976171374320984,0.3828425407409668,1.436835527420044,1.8692679405212402,0.6052154898643494,0,-1,1,159,0.5264900662251656,2.0,302,1.4031280279159546,0,0.0,0,0.0,0,5.404826641082764,2,7
SH,Mamba,73,581,1057,1057,105.7,0.2642454206943512,0.357818067073822,4.927005290985107,5.746350288391113,1.9085681438446045,1,587,1,587,0.5553453169347209,2.0,587,0.0,0,0.0,0,0.0,0,0.0,1,6
SH,Mamba,73,582,225,225,22.5,0.24127845466136932,0.29333198070526123,1.7537481784820557,3.0113935470581055,0.48372483253479004,0,-1,1,96,0.4266666666666667,2.0,225,1.1280159950256348,0,0.0,0,0.0,0,1.047103762626648,2,7
SH,Mamba,73,583,191,191,19.1,0.28374290466308594,0.3958750069141388,1.4763118028640747,2.2451868057250977,0.47601303458213806,0,-1,1,191,1.0,2.0,191,0.9976508617401123,0,0.0,0,0.0,0,4.552868366241455,1,6
SH,Mamba,73,584,449,449,44.900000000000006,0.5753810405731201,0.7343857884407043,93.38272857666016,115.3134536743164,4.726597785949707,0,-1,0,0,0.0,2.0,428,5.509033679962158,21,0.0467706013363029,0,0.0,0,45.544960021972656,2,7
SH,Mamba,73,585,141,141,14.100000000000001,0.3066495358943939,0.41920405626296997,3.3665497303009033,4.566355228424072,0.7006468176841736,0,-1,0,0,0.0,2.0,141,2.2515053749084473,0,0.0,0,0.0,0,42.69330978393555,1,6
SH,Mamba,73,586,192,192,19.200000000000003,0.2828037440776825,0.40046295523643494,8.219094276428223,10.164517402648926,0.9027089476585388,0,-1,1,192,1.0,2.0,192,1.1012890338897705,0,0.0,0,0.0,0,10.629819869995117,2,7
SH,Mamba,73,587,182,182,18.2,0.5168898701667786,0.5932203531265259,8.828422546386719,10.42765998840332,1.2099233865737915,0,-1,0,0,0.0,2.0,182,2.0065104961395264,0,0.0,0,0.0,0,32.03815841674805,2,7
SH,Mamba,73,588,186,186,18.6,0.15106697380542755,0.18040113151073456,3.3573615550994873,4.737397193908691,0.6290577054023743,0,-1,1,64,0.34408602150537637,2.0,186,1.4415315389633179,0,0.0,0,0.0,0,29.151216506958008,2,7
SH,Mamba,73,589,1468,1468,146.8,0.17723222076892853,0.2316131889820099,2.0781567096710205,2.589578628540039,0.26848167181015015,0,-1,1,1465,0.9979564032697548,2.0,1468,0.5735855102539062,0,0.0,0,0.0,0,3.4158287048339844,2,7
SH,Mamba,73,590,351,351,35.1,0.168044775724411,0.20882165431976318,3.824856996536255,4.456683158874512,0.35946735739707947,0,-1,1,180,0.5128205128205128,2.0,351,1.484882116317749,0,0.0,0,0.0,0,19.333179473876953,1,6
SH,Mamba,73,591,154,154,15.4,0.24405856430530548,0.28225764632225037,5.82005500793457,6.946835994720459,0.9441478848457336,0,-1,1,142,0.922077922077922,2.0,154,1.1781412363052368,0,0.0,0,0.0,0,23.87004280090332,2,7
SH,Mamba,73,592,135,135,13.5,0.31526094675064087,0.4006049931049347,2.306813955307007,2.5326032638549805,0.3566845953464508,0,-1,0,0,0.0,2.0,135,2.0976526737213135,0,0.0,0,0.0,0,14.745588302612305,2,7
SH,Mamba,73,593,146,146,14.600000000000001,0.23602305352687836,0.30205270648002625,1.8995461463928223,2.356102466583252,0.457441508769989,0,-1,0,0,0.0,2.0,146,2.184115409851074,0,0.0,0,0.0,0,6.182070255279541,1,6
SH,Mamba,73,594,236,236,23.6,0.1982598453760147,0.24706847965717316,5.233592510223389,6.968781471252441,0.6718802452087402,0,-1,1,236,1.0,2.0,236,1.2167123556137085,0,0.0,0,0.0,0,15.006769180297852,2,7
SH,Mamba,73,595,271,271,27.1,0.2786006033420563,0.36183854937553406,0.7532323002815247,0.9511286616325378,0.4340324103832245,0,-1,1,271,1.0,2.0,271,1.0665898323059082,0,0.0,0,0.0,0,18.66315460205078,2,7
SH,Mamba,73,596,260,260,26.0,0.5022311210632324,0.6911998987197876,2.454756259918213,3.528186559677124,0.7327990531921387,0,-1,1,97,0.3730769230769231,2.0,260,0.6734575629234314,0,0.0,0,0.0,0,0.7109153866767883,0,5
SH,Mamba,73,597,169,169,16.900000000000002,0.23529964685440063,0.30858612060546875,1.1363977193832397,1.5526831150054932,0.2658628821372986,1,150,1,150,0.8875739644970414,2.0,150,0.0,0,0.0,0,0.0,0,0.0,2,7
SH,Mamba,73,598,210,210,21.0,0.25239676237106323,0.3189413547515869,15.51181411743164,18.693124771118164,1.6774954795837402,0,-1,1,76,0.3619047619047619,2.0,210,1.765453815460205,0,0.0,0,0.0,0,15.457795143127441,0,5
SH,Mamba,73,599,196,196,19.6,0.2905707061290741,0.37200629711151123,0.4526382088661194,0.5900567770004272,0.2466147094964981,0,-1,1,20,0.10204081632653061,2.0,196,1.654527187347412,0,0.0,0,0.0,0,5.075655937194824,0,5
SH,Mamba,73,600,208,208,20.8,0.38472655415534973,0.45211586356163025,3.6724488735198975,5.853840351104736,0.9609273076057434,0,-1,1,208,1.0,2.0,208,0.8264061212539673,0,0.0,0,0.0,0,10.03567123413086,0,5
SH,Mamba,73,601,261,261,26.1,0.4619733989238739,0.5936151742935181,2.6105360984802246,2.8682267665863037,1.0602672100067139,1,88,1,88,0.3371647509578544,2.0,88,0.0,0,0.0,0,0.0,0,0.0,2,7
SH,Mamba,73,602,589,589,58.900000000000006,0.35851770639419556,0.4725010395050049,4.265834808349609,4.882791996002197,1.1771459579467773,1,332,1,321,0.5449915110356537,2.0,332,0.0,0,0.0,0,0.0,0,0.0,0,5
SH,Mamba,73,603,161,161,16.1,0.29393303394317627,0.3663138151168823,7.409696578979492,10.767075538635254,1.6133100986480713,0,-1,1,100,0.6211180124223602,2.0,161,1.8422092199325562,0,0.0,0,0.0,0,40.573673248291016,0,5
SH,Mamba,73,604,161,161,16.1,0.2330222725868225,0.2804262340068817,0.7780815958976746,1.0575778484344482,0.3369321823120117,0,-1,1,128,0.7950310559006211,2.0,161,1.1280959844589233,0,0.0,0,0.0,0,2.771282911300659,1,6
SH,Mamba,73,605,132,132,13.200000000000001,0.39299142360687256,0.7384622097015381,1.3483648300170898,1.5218783617019653,0.49686288833618164,0,-1,0,0,0.0,2.0,132,4.0190887451171875,0,0.0,0,0.0,0,7.550790786743164,2,7
SH,Mamba,73,606,176,176,17.6,0.43297651410102844,0.5819730758666992,1.065722107887268,1.3563095331192017,0.38014304637908936,0,-1,1,97,0.5511363636363636,2.0,176,0.45755133032798767,0,0.0,0,0.0,0,0.2596427798271179,0,5
SH,Mamba,73,607,260,260,26.0,0.17834459245204926,0.2269630879163742,1.467317819595337,1.930598497390747,0.33313092589378357,0,-1,1,253,0.9730769230769231,2.0,260,0.7748478055000305,0,0.0,0,0.0,0,3.540276527404785,1,6
SH,Mamba,73,608,150,150,15.0,0.21310220658779144,0.26918739080429077,0.674252450466156,0.7336617708206177,0.2389066517353058,0,-1,1,98,0.6533333333333333,2.0,150,1.2602524757385254,0,0.0,0,0.0,0,2.2307918071746826,1,6
SH,Mamba,73,609,423,423,42.300000000000004,0.48315417766571045,0.6174467206001282,4.76437520980835,6.953603267669678,0.8913078308105469,1,400,1,206,0.48699763593380613,2.0,400,0.0,0,0.0,0,0.0,0,0.0,2,7
SH,Mamba,73,610,260,260,26.0,0.1547061800956726,0.19872863590717316,10.32302188873291,12.623303413391113,0.8469237089157104,0,-1,1,222,0.8538461538461538,2.0,260,1.1552557945251465,0,0.0,0,0.0,0,24.156902313232422,0,5
SH,Mamba,73,611,605,605,60.5,0.38288265466690063,0.5141363143920898,3.378525495529175,3.862853765487671,1.0990931987762451,1,335,1,326,0.5388429752066116,2.0,335,0.0,0,0.0,0,0.0,0,0.0,1,6
SH,Mamba,73,612,259,259,25.900000000000002,0.5768090486526489,0.717204213142395,20.515403747558594,23.86764907836914,2.61413836479187,0,-1,1,259,1.0,2.0,259,0.08232312649488449,0,0.0,0,0.0,0,0.22867275774478912,2,7
SH,Mamba,73,613,346,346,34.6,0.24601039290428162,0.3115397095680237,3.840940237045288,4.157425403594971,0.8430525064468384,1,220,1,220,0.6358381502890174,2.0,220,0.0,0,0.0,0,0.0,0,0.0,1,6
SH,Mamba,73,614,431,431,43.1,0.22153697907924652,0.28060272336006165,7.920587062835693,8.74164867401123,0.3229389488697052,0,-1,1,431,1.0,2.0,431,0.3162323534488678,0,0.0,0,0.0,0,3.4740521907806396,0,5
SH,Mamba,73,615,165,165,16.5,0.20310017466545105,0.25496047735214233,0.9903903603553772,1.1169787645339966,0.2759885787963867,0,-1,1,132,0.8,2.0,165,1.6417245864868164,0,0.0,0,0.0,0,6.687132835388184,2,7
SH,Mamba,73,616,317,317,31.700000000000003,0.18368202447891235,0.23884376883506775,4.244492530822754,4.8394999504089355,0.3471319079399109,0,-1,1,33,0.10410094637223975,2.0,317,1.8121260404586792,0,0.0,0,0.0,0,19.01776885986328,0,5
SH,Mamba,73,617,181,181,18.1,0.28938743472099304,0.38031208515167236,1.9533582925796509,2.5920042991638184,0.4852384328842163,0,-1,1,181,1.0,2.0,181,0.48784035444259644,0,0.0,0,0.0,0,9.884637832641602,1,6
SH,Mamba,73,618,176,176,17.6,0.255816787481308,0.3365570604801178,5.1072916984558105,7.602331638336182,1.200424075126648,0,-1,0,0,0.0,2.0,176,5.290498733520508,0,0.0,0,0.0,0,19.809310913085938,2,7
SH,Mamba,73,619,151,151,15.100000000000001,0.25101354718208313,0.3482520878314972,0.9420282244682312,1.2726118564605713,0.32475388050079346,0,-1,1,151,1.0,2.0,151,1.317309021949768,0,0.0,0,0.0,0,5.227347373962402,0,5
SH,Mamba,73,620,394,394,39.400000000000006,0.30558639764785767,0.3852733373641968,2.4382388591766357,2.897606611251831,0.49280065298080444,0,-1,1,42,0.1065989847715736,2.0,394,1.4713095426559448,0,0.0,0,0.0,0,2.5299408435821533,1,6
SH,Mamba,73,621,207,207,20.700000000000003,0.2969186305999756,0.36731868982315063,1.9736522436141968,2.259592294692993,0.44893231987953186,0,-1,1,207,1.0,2.0,207,1.261696696281433,0,0.0,0,0.0,0,8.680784225463867,1,6
SH,Mamba,73,622,186,186,18.6,0.37409135699272156,0.4281237721443176,6.818389415740967,7.928780555725098,0.7611289024353027,0,-1,0,0,0.0,2.0,186,4.998493194580078,0,0.0,0,0.0,0,55.70635986328125,0,5
SH,Mamba,73,623,162,162,16.2,0.12477856874465942,0.14795948565006256,2.994547128677368,4.0285563468933105,0.5432714223861694,0,-1,0,0,0.0,2.0,162,4.261517524719238,0,0.0,0,0.0,0,71.79872131347656,0,5
SH,Mamba,73,624,205,205,20.5,0.3182664215564728,0.38882967829704285,3.410172700881958,4.673488140106201,0.5963226556777954,0,-1,1,36,0.17560975609756097,2.0,205,1.7354224920272827,0,0.0,0,0.0,0,6.485870838165283,1,6
SH,Mamba,73,625,146,146,14.600000000000001,0.35037288069725037,0.4273930490016937,0.6888251304626465,0.8093510866165161,0.3739783465862274,0,-1,1,146,1.0,2.0,146,0.7273027896881104,0,0.0,0,0.0,0,8.22676944732666,2,7
SH,Mamba,73,626,177,177,17.7,0.23484328389167786,0.32635724544525146,1.1321477890014648,1.5370686054229736,0.2339010238647461,1,177,1,177,1.0,2.0,177,0.0,0,0.0,0,0.0,0,0.0,1,6
SH,Mamba,73,627,323,323,32.300000000000004,0.8046687245368958,1.0540006160736084,39.35868453979492,45.00393295288086,3.0109100341796875,0,-1,0,0,0.0,2.0,323,8.227095603942871,0,0.0,0,0.0,0,37.171539306640625,2,7
SH,Mamba,73,628,228,228,22.8,0.31347399950027466,0.3911057114601135,0.3356172740459442,0.4255465865135193,0.19868029654026031,0,-1,1,228,1.0,2.0,228,0.9154242873191833,0,0.0,0,0.0,0,3.4406118392944336,0,5
SH,Mamba,73,629,330,330,33.0,0.25852519273757935,0.3259689211845398,2.5260560512542725,3.128584623336792,0.5305302739143372,0,-1,1,129,0.39090909090909093,2.0,330,1.8821015357971191,0,0.0,0,0.0,0,9.573356628417969,1,6
SH,Mamba,73,630,286,286,28.6,0.14463837444782257,0.16412284970283508,10.239540100097656,13.932480812072754,1.2114558219909668,0,-1,1,99,0.34615384615384615,2.0,286,1.1465175151824951,0,0.0,0,0.0,0,32.08247375488281,0,5
SH,Mamba,73,631,472,472,47.2,0.290174275636673,0.3644540309906006,3.9832968711853027,4.885060787200928,0.5879083275794983,1,415,1,267,0.565677966101695,2.0,415,0.0,0,0.0,0,0.0,0,0.0,0,5
SH,Mamba,73,632,163,163,16.3,0.19183509051799774,0.24174191057682037,0.5808495879173279,0.6347384452819824,0.23549069464206696,0,-1,0,0,0.0,2.0,163,2.419816732406616,0,0.0,0,0.0,0,6.680057525634766,2,7
SH,Mamba,73,633,174,174,17.400000000000002,0.43713873624801636,0.6943764090538025,3.435210943222046,4.143357753753662,0.8010231256484985,0,-1,1,107,0.6149425287356322,2.0,174,1.6145226955413818,0,0.0,0,0.0,0,6.53842306137085,1,6
SH,Mamba,73,634,308,308,30.8,0.29475998878479004,0.3618261218070984,4.726642608642578,5.4036455154418945,0.6128703355789185,1,266,1,266,0.8636363636363636,2.0,266,0.0,0,0.0,0,0.0,0,0.0,1,6
SH,Mamba,73,635,281,281,28.1,0.20216739177703857,0.25306105613708496,1.1703609228134155,1.403018593788147,0.3964357078075409,0,-1,1,281,1.0,2.0,281,0.8188052773475647,0,0.0,0,0.0,0,7.456968784332275,2,7
SH,Mamba,73,636,157,157,15.700000000000001,0.07663697749376297,0.10108701884746552,2.02724552154541,2.521444082260132,0.2757266163825989,0,-1,1,157,1.0,2.0,157,1.5077240467071533,0,0.0,0,0.0,0,29.796951293945312,2,7
SH,Mamba,73,637,154,154,15.4,0.37884968519210815,0.4455319046974182,3.5666708946228027,4.150122165679932,0.7779613137245178,0,-1,1,53,0.34415584415584416,2.0,154,1.6210174560546875,0,0.0,0,0.0,0,5.680976867675781,0,5
SH,Mamba,73,638,227,227,22.700000000000003,0.18041755259037018,0.24395917356014252,1.5989267826080322,2.1279335021972656,0.2714356482028961,0,-1,0,0,0.0,2.0,227,3.491814136505127,0,0.0,0,0.0,0,7.5872392654418945,1,6
SH,Mamba,73,639,152,152,15.200000000000001,0.08681929856538773,0.11773449182510376,3.9331552982330322,4.645924091339111,0.43369045853614807,0,-1,1,152,1.0,2.0,152,0.811164379119873,0,0.0,0,0.0,0,15.078280448913574,1,6
SH,Mamba,73,640,213,213,21.3,0.3039388656616211,0.40236896276474,4.943765640258789,5.555872917175293,0.86776202917099,1,130,1,130,0.6103286384976526,2.0,130,0.0,0,0.0,0,0.0,0,0.0,1,6
SH,Mamba,73,641,400,400,40.0,0.3732580244541168,0.511853039264679,0.8260886669158936,1.1514321565628052,0.4175947606563568,0,-1,1,400,1.0,2.0,400,0.9820464849472046,0,0.0,0,0.0,0,6.146599769592285,1,6
SH,Mamba,73,642,188,188,18.8,0.15311510860919952,0.18233054876327515,6.378026962280273,7.90352725982666,0.6713117361068726,0,-1,0,0,0.0,2.0,188,2.2060787677764893,0,0.0,0,0.0,0,32.82044982910156,2,7
SH,Mamba,73,643,160,160,16.0,0.33110201358795166,0.4412095546722412,9.80924129486084,11.913047790527344,1.111229658126831,0,-1,1,160,1.0,2.0,160,1.1056504249572754,0,0.0,0,0.0,0,17.889482498168945,2,7
SH,Mamba,73,644,207,207,20.700000000000003,0.14784611761569977,0.20422109961509705,7.51078987121582,8.526659965515137,0.609746515750885,0,-1,1,207,1.0,2.0,207,0.5690336227416992,0,0.0,0,0.0,0,9.718061447143555,2,7
SH,Mamba,73,645,227,227,22.700000000000003,0.23210877180099487,0.2905561625957489,0.46644991636276245,0.5545024871826172,0.17079614102840424,0,-1,1,227,1.0,2.0,227,1.3491904735565186,0,0.0,0,0.0,0,9.717696189880371,2,7
SH,Mamba,73,646,192,192,19.200000000000003,0.14274244010448456,0.16661317646503448,11.988667488098145,15.566534042358398,1.6552895307540894,0,-1,1,2,0.010416666666666666,2.0,192,1.9672355651855469,0,0.0,0,0.0,0,41.47704315185547,0,5
SH,Mamba,73,647,228,228,22.8,0.2480565905570984,0.30113542079925537,1.4941166639328003,1.857279896736145,0.33650776743888855,0,-1,1,228,1.0,2.0,228,1.0493062734603882,0,0.0,0,0.0,0,18.040985107421875,1,6
SH,Mamba,73,648,236,236,23.6,0.20979538559913635,0.282297283411026,2.5145280361175537,4.78075647354126,0.7578743100166321,0,-1,0,0,0.0,2.0,236,2.463876247406006,0,0.0,0,0.0,0,13.400018692016602,0,5
SH,Mamba,73,649,184,184,18.400000000000002,0.33061352372169495,0.42963701486587524,6.155122756958008,7.548426151275635,0.9812598824501038,0,-1,0,0,0.0,2.0,184,2.631988286972046,0,0.0,0,0.0,0,9.365307807922363,1,6
SH,Mamba,73,650,156,156,15.600000000000001,0.32206282019615173,0.4258926212787628,3.6881086826324463,3.8901662826538086,0.35144075751304626,0,-1,1,147,0.9423076923076923,2.0,156,1.2426178455352783,0,0.0,0,0.0,0,5.291244029998779,0,5
SH,Mamba,73,651,177,177,17.7,0.25825434923171997,0.32248052954673767,2.8197643756866455,3.3938276767730713,0.5022521615028381,0,-1,1,98,0.5536723163841808,2.0,177,1.6519062519073486,0,0.0,0,0.0,0,15.310966491699219,2,7
SH,Mamba,73,652,329,329,32.9,0.22543185949325562,0.27388957142829895,0.9851692914962769,1.2635828256607056,0.20050141215324402,0,-1,1,329,1.0,2.0,329,0.6988693475723267,0,0.0,0,0.0,0,3.1576662063598633,1,6
SH,Mamba,73,653,155,155,15.5,0.16712769865989685,0.2188023328781128,2.8333029747009277,3.565197706222534,0.3572382926940918,0,-1,1,140,0.9032258064516129,2.0,155,1.2062289714813232,0,0.0,0,0.0,0,6.548804759979248,2,7
SH,Mamba,73,654,1169,1169,116.9,0.3580987751483917,0.5035682320594788,3.0126335620880127,3.5564019680023193,0.8584350347518921,1,884,1,828,0.7082976903336184,2.0,884,0.0,0,0.0,0,0.0,0,0.0,2,7
SH,Mamba,73,655,247,247,24.700000000000003,0.2156168520450592,0.2928790748119354,1.9249606132507324,2.54207181930542,0.5255461931228638,0,-1,1,220,0.8906882591093117,2.0,247,1.4237819910049438,0,0.0,0,0.0,0,10.47045612335205,2,7
SH,Mamba,73,656,157,157,15.700000000000001,0.33119913935661316,0.4897361099720001,0.42183494567871094,0.5843148827552795,0.21711206436157227,0,-1,1,157,1.0,2.0,157,1.420720100402832,0,0.0,0,0.0,0,9.98730754852295,0,5
SH,Mamba,73,657,140,140,14.0,0.2105472981929779,0.24813108146190643,4.079124450683594,5.277103424072266,0.8058257102966309,0,-1,1,38,0.2714285714285714,2.0,140,1.961594820022583,0,0.0,0,0.0,0,44.05000686645508,1,6
SH,Mamba,73,658,252,252,25.200000000000003,0.26686355471611023,0.3399938642978668,19.334484100341797,22.7260684967041,1.3384120464324951,0,-1,1,252,1.0,2.0,252,0.21926015615463257,0,0.0,0,0.0,0,4.050020217895508,0,5
SH,Mamba,73,659,156,156,15.600000000000001,0.334320068359375,0.4818229079246521,1.778746247291565,2.3444337844848633,0.6121885776519775,1,140,1,135,0.8653846153846154,2.0,140,0.0,0,0.0,0,0.0,0,0.0,1,6
SH,Mamba,73,660,656,656,65.60000000000001,0.16478969156742096,0.21008829772472382,3.577145576477051,4.290809154510498,0.43189388513565063,0,-1,1,627,0.9557926829268293,2.0,656,0.9093259572982788,0,0.0,0,0.0,0,1.0733839273452759,1,6
SH,Mamba,73,661,266,266,26.6,0.22616633772850037,0.2843210995197296,15.184983253479004,19.805917739868164,1.3353211879730225,0,-1,0,0,0.0,2.0,266,2.392441987991333,0,0.0,0,0.0,0,45.30602264404297,2,7
SH,Mamba,73,662,704,704,70.4,0.26649773120880127,0.3774276077747345,3.551388740539551,4.683215141296387,1.0841866731643677,1,467,1,360,0.5113636363636364,2.0,467,0.0,0,0.0,0,0.0,0,0.0,1,6
SH,Mamba,73,663,133,133,13.3,0.334261417388916,0.38889387249946594,1.2275235652923584,1.814115285873413,0.48016825318336487,0,-1,0,0,0.0,2.0,133,4.00527286529541,0,0.0,0,0.0,0,8.232159614562988,2,7
SH,Mamba,73,664,151,151,15.100000000000001,0.4327637553215027,0.6923884153366089,1.185278058052063,1.7037490606307983,0.7021130323410034,0,-1,1,151,1.0,2.0,151,1.1427874565124512,0,0.0,0,0.0,0,10.642661094665527,1,6
SH,Mamba,73,665,191,191,19.1,0.3053187131881714,0.4114607572555542,5.819018840789795,7.010568141937256,0.8495710492134094,0,-1,1,191,1.0,2.0,191,0.2825317680835724,0,0.0,0,0.0,0,6.900546073913574,2,7
SH,Mamba,73,666,132,132,13.200000000000001,0.35248786211013794,0.3968498706817627,6.750906467437744,8.04864501953125,0.8865467309951782,0,-1,1,40,0.30303030303030304,2.0,132,1.8237665891647339,0,0.0,0,0.0,0,32.62400817871094,0,5
SH,Mamba,73,667,499,499,49.900000000000006,0.13428619503974915,0.1593143790960312,12.123469352722168,16.094717025756836,0.7062897086143494,0,-1,1,499,1.0,2.0,499,0.9086745381355286,0,0.0,0,0.0,0,16.313901901245117,2,7
SH,Mamba,73,668,225,225,22.5,0.17780981957912445,0.23742462694644928,2.949479341506958,4.584785461425781,0.6112912893295288,0,-1,1,225,1.0,2.0,225,1.0432236194610596,0,0.0,0,0.0,0,12.0458984375,0,5
SH,Mamba,73,669,253,253,25.3,0.22756925225257874,0.28864383697509766,11.2406644821167,13.067586898803711,0.7663399577140808,0,-1,1,4,0.015810276679841896,2.0,253,1.9224014282226562,0,0.0,0,0.0,0,2.2490382194519043,2,7
SH,Mamba,73,670,450,450,45.0,0.32324275374412537,0.4428541958332062,5.422005653381348,5.934093952178955,1.2462657690048218,1,300,1,300,0.6666666666666666,2.0,300,0.0,0,0.0,0,0.0,0,0.0,1,6
SH,Mamba,73,671,307,307,30.700000000000003,0.31696563959121704,0.43221229314804077,3.653799057006836,4.05901575088501,0.29604408144950867,0,-1,1,307,1.0,2.0,307,0.556647539138794,0,0.0,0,0.0,0,2.328660011291504,2,7
SH,Mamba,73,672,144,144,14.4,0.2628505527973175,0.3272683322429657,1.6722180843353271,1.755708932876587,0.20516300201416016,0,-1,1,144,1.0,2.0,144,0.5498718023300171,0,0.0,0,0.0,0,3.889648675918579,0,5
SH,Mamba,73,673,301,301,30.1,0.32662904262542725,0.41151002049446106,1.6346200704574585,1.8859893083572388,0.3964082598686218,1,285,1,261,0.867109634551495,2.0,285,0.0,0,0.0,0,0.0,0,0.0,0,5
SH,Mamba,73,674,244,244,24.400000000000002,0.2797609269618988,0.3423454761505127,4.0397138595581055,5.195931434631348,0.8124651908874512,0,-1,1,140,0.5737704918032787,2.0,244,1.7548929452896118,0,0.0,0,0.0,0,0.8805825710296631,2,7
SH,Mamba,73,675,151,151,15.100000000000001,0.12580615282058716,0.24092862010002136,1.220337152481079,1.4163532257080078,0.1498018205165863,1,142,1,111,0.7350993377483444,2.0,142,0.0,0,0.0,0,0.0,0,0.0,2,7
SH,Mamba,73,676,216,216,21.6,0.11768995225429535,0.15287210047245026,1.5695602893829346,1.6910791397094727,0.14979839324951172,0,-1,1,216,1.0,2.0,216,1.4166122674942017,0,0.0,0,0.0,0,31.472068786621094,0,5
SH,Mamba,73,677,235,235,23.5,0.22324493527412415,0.2863188087940216,2.1815543174743652,2.7454915046691895,0.5740635395050049,0,-1,1,232,0.9872340425531915,2.0,235,1.1663779020309448,0,0.0,0,0.0,0,6.503194332122803,0,5
SH,Mamba,73,678,348,348,34.800000000000004,0.3096742331981659,0.38559722900390625,6.192889213562012,7.0305094718933105,0.6631566882133484,0,-1,1,320,0.9195402298850575,2.0,348,1.286486029624939,0,0.0,0,0.0,0,4.7905449867248535,0,5
SH,Mamba,73,679,546,546,54.6,0.31534215807914734,0.419733464717865,4.111063003540039,5.1990203857421875,0.6390174031257629,0,-1,1,294,0.5384615384615384,2.0,546,1.1343510150909424,0,0.0,0,0.0,0,6.373450756072998,1,6
SH,Mamba,73,680,555,555,55.5,0.3409231901168823,0.4550105929374695,8.804353713989258,10.090859413146973,1.906587839126587,1,278,1,278,0.5009009009009009,2.0,278,0.0,0,0.0,0,0.0,0,0.0,2,7
SH,Mamba,73,681,295,295,29.5,0.2898167669773102,0.3705938756465912,7.69000768661499,8.854042053222656,0.5845013856887817,0,-1,1,295,1.0,2.0,295,1.1205124855041504,0,0.0,0,0.0,0,7.382626533508301,2,7
SH,Mamba,73,682,156,156,15.600000000000001,0.22661365568637848,0.3111022710800171,0.9233699440956116,1.1117435693740845,0.49086683988571167,1,111,1,111,0.7115384615384616,2.0,111,0.0,0,0.0,0,0.0,0,0.0,2,7
SH,Mamba,73,683,696,696,69.60000000000001,0.26449212431907654,0.4363693296909332,8.842245101928711,10.922435760498047,0.9577873349189758,0,-1,1,464,0.6666666666666666,2.0,696,0.9458411335945129,0,0.0,0,0.0,0,8.079018592834473,2,7
SH,Mamba,73,684,692,692,69.2,0.21420742571353912,0.2693747878074646,3.1901841163635254,3.5141611099243164,0.25499463081359863,0,-1,1,692,1.0,2.0,692,0.5913289785385132,0,0.0,0,0.0,0,2.611952304840088,0,5
SH,Mamba,73,685,261,261,26.1,0.4371427893638611,0.5732467174530029,1.895425796508789,2.443045139312744,0.5566567182540894,0,-1,1,31,0.11877394636015326,2.0,261,1.3394086360931396,0,0.0,0,0.0,0,1.0442450046539307,0,5
SH,Mamba,73,686,255,255,25.5,0.2816094756126404,0.36497193574905396,3.179314613342285,3.7694172859191895,0.6388439536094666,1,243,1,223,0.8745098039215686,2.0,243,0.0,0,0.0,0,0.0,0,0.0,0,5
SH,Mamba,73,687,234,234,23.400000000000002,0.2588396966457367,0.3317461609840393,2.4520676136016846,3.2734971046447754,0.4754253625869751,0,-1,1,234,1.0,2.0,234,0.07674099504947662,0,0.0,0,0.0,0,0.1615006923675537,2,7
SH,Mamba,73,688,435,435,43.5,0.26202234625816345,0.332003116607666,2.6605162620544434,3.692295789718628,0.4016173183917999,0,-1,1,331,0.7609195402298851,2.0,435,0.947476327419281,0,0.0,0,0.0,0,3.139491558074951,2,7
SH,Mamba,73,689,156,156,15.600000000000001,0.48245206475257874,0.6059995889663696,0.6488341689109802,0.7947597503662109,0.3219139277935028,0,-1,1,108,0.6923076923076923,2.0,156,0.7663738131523132,0,0.0,0,0.0,0,1.1008226871490479,0,5
SH,Mamba,73,690,144,144,14.4,0.5465657114982605,0.8065597414970398,2.07869815826416,2.4747769832611084,0.6136789321899414,1,127,1,126,0.875,2.0,127,0.0,0,0.0,0,0.0,0,0.0,1,6
SH,Mamba,73,691,238,238,23.8,0.5903263688087463,0.7812200784683228,3.8119778633117676,4.5294013023376465,0.8437752723693848,0,-1,1,47,0.19747899159663865,2.0,238,1.8052927255630493,0,0.0,0,0.0,0,5.864723205566406,2,7
SH,Mamba,73,692,496,496,49.6,0.30875182151794434,0.42246606945991516,2.371915578842163,2.6989567279815674,0.38757291436195374,0,-1,1,458,0.9233870967741935,2.0,496,0.10210806876420975,0,0.0,0,0.0,0,0.22789010405540466,0,5
SH,Mamba,73,693,514,514,51.400000000000006,0.2947733700275421,0.3837527632713318,2.7329113483428955,3.165693998336792,0.6143159866333008,1,455,1,392,0.7626459143968871,2.0,455,0.0,0,0.0,0,0.0,0,0.0,0,5
SH,Mamba,73,694,133,133,13.3,0.06370172649621964,0.07930253446102142,0.8226914405822754,1.1390485763549805,0.25275880098342896,0,-1,0,0,0.0,2.0,133,2.6495301723480225,0,0.0,0,0.0,0,88.10774230957031,0,5
SH,Mamba,73,695,1142,1142,114.2,0.2862197160720825,0.35216212272644043,4.90697717666626,5.781398773193359,0.4696715772151947,0,-1,1,1126,0.9859894921190894,2.0,1142,0.8299941420555115,0,0.0,0,0.0,0,6.129683017730713,2,7
SH,Mamba,73,696,175,175,17.5,0.2323838174343109,0.3030131757259369,1.0081887245178223,1.2714776992797852,0.3858870267868042,1,173,1,165,0.9428571428571428,2.0,173,0.0,0,0.0,0,0.0,0,0.0,2,7
SH,Mamba,73,697,517,517,51.7,0.1437770128250122,0.19524960219860077,5.135936737060547,7.633476257324219,0.3362461030483246,0,-1,1,213,0.4119922630560928,2.0,517,1.2066274881362915,0,0.0,0,0.0,0,4.889074325561523,2,7
SH,Mamba,73,698,862,862,86.2,0.31676167249679565,0.4313504993915558,4.062810897827148,4.367764472961426,0.5836133360862732,1,711,1,606,0.703016241299304,2.0,711,0.0,0,0.0,0,0.0,0,0.0,0,5
SH,Mamba,73,699,326,326,32.6,0.37558844685554504,0.4652416706085205,2.0474765300750732,2.2978591918945312,0.29410868883132935,1,312,1,194,0.5950920245398773,2.0,312,0.0,0,0.0,0,0.0,0,0.0,2,7
SH,Mamba,73,700,217,217,21.700000000000003,0.5036773085594177,0.6289513111114502,2.1965339183807373,3.1954381465911865,0.8338027596473694,0,-1,1,217,1.0,2.0,217,0.7841761708259583,0,0.0,0,0.0,0,2.0343892574310303,0,5
SH,Mamba,73,701,132,132,13.200000000000001,0.327767550945282,0.40141552686691284,2.3014564514160156,2.762150764465332,0.8664267659187317,0,-1,1,22,0.16666666666666666,2.0,132,1.772023320198059,0,0.0,0,0.0,0,8.429685592651367,1,6
SH,Mamba,73,702,220,220,22.0,0.20078153908252716,0.2469545602798462,1.204287052154541,1.8833088874816895,0.3340599834918976,0,-1,1,197,0.8954545454545455,2.0,220,1.1324321031570435,0,0.0,0,0.0,0,2.865180730819702,2,7
SH,Mamba,73,703,191,191,19.1,0.4262317419052124,0.488008588552475,3.807744264602661,4.780881404876709,0.9957367181777954,0,-1,0,0,0.0,2.0,191,2.5582711696624756,0,0.0,0,0.0,0,4.426223278045654,0,5
SH,Mamba,73,704,169,169,16.900000000000002,0.3017902076244354,0.37266120314598083,3.475450038909912,4.013503074645996,0.4293329417705536,0,-1,1,169,1.0,2.0,169,1.0254336595535278,0,0.0,0,0.0,0,4.323906421661377,0,5
SH,Mamba,73,705,144,144,14.4,0.4182053804397583,0.6116654276847839,0.5640637874603271,0.7490426301956177,0.34810030460357666,0,-1,1,144,1.0,2.0,144,0.649505078792572,0,0.0,0,0.0,0,1.6329588890075684,2,7
SH,Mamba,73,706,224,224,22.400000000000002,0.10426916182041168,0.13743242621421814,2.0922863483428955,2.322460412979126,0.2644572854042053,0,-1,1,224,1.0,2.0,224,0.6243882775306702,0,0.0,0,0.0,0,10.500713348388672,0,5
SH,Mamba,73,707,199,199,19.900000000000002,0.3078208565711975,0.3776823580265045,6.855269432067871,8.244219779968262,0.6739629507064819,0,-1,1,199,1.0,2.0,199,0.5728321671485901,0,0.0,0,0.0,0,9.539718627929688,2,7
SH,Mamba,73,708,148,148,14.8,0.4820175766944885,0.5981847047805786,2.481081008911133,3.4968719482421875,0.8466613292694092,0,-1,1,148,1.0,2.0,148,0.3955177664756775,0,0.0,0,0.0,0,1.2642484903335571,1,6
SH,Mamba,73,709,273,273,27.3,0.14120633900165558,0.17480409145355225,2.5971179008483887,3.19166898727417,0.2920631766319275,0,-1,1,273,1.0,2.0,273,0.47542592883110046,0,0.0,0,0.0,0,7.541572093963623,0,5
SH,Mamba,73,710,317,317,31.700000000000003,0.27737995982170105,0.41344207525253296,14.498525619506836,16.602609634399414,1.2502323389053345,0,-1,1,317,1.0,2.0,317,0.4460141956806183,0,0.0,0,0.0,0,5.551233291625977,2,7
SH,Mamba,73,711,263,263,26.3,0.2271396815776825,0.30100539326667786,2.301997661590576,2.413879871368408,0.2499699741601944,0,-1,1,242,0.9201520912547528,2.0,263,1.3096606731414795,0,0.0,0,0.0,0,9.820578575134277,1,6
SH,Mamba,73,712,187,187,18.7,0.15129278600215912,0.20043930411338806,3.091366767883301,3.589350700378418,0.36497753858566284,0,-1,1,187,1.0,2.0,187,0.8200974464416504,0,0.0,0,0.0,0,14.376446723937988,0,5
SH,Mamba,73,713,226,226,22.6,0.24881386756896973,0.3127504289150238,2.148573875427246,2.376420021057129,0.43771079182624817,0,-1,1,59,0.2610619469026549,2.0,226,1.8068938255310059,0,0.0,0,0.0,0,37.983360290527344,2,7
SH,Mamba,73,714,175,175,17.5,0.3962530195713043,0.5225228667259216,1.5057257413864136,3.084461212158203,0.799656867980957,0,-1,1,115,0.6571428571428571,2.0,175,1.533828854560852,0,0.0,0,0.0,0,3.810920000076294,0,5
SH,Mamba,73,715,260,260,26.0,0.1490502506494522,0.17573165893554688,3.1307108402252197,4.735964775085449,0.8190025091171265,0,-1,1,260,1.0,2.0,260,0.8935554027557373,0,0.0,0,0.0,0,17.594850540161133,1,6
SH,Mamba,73,716,229,229,22.900000000000002,0.36250144243240356,0.4569164514541626,5.726584434509277,6.867300510406494,2.016740322113037,1,146,1,146,0.6375545851528385,2.0,146,0.0,0,0.0,0,0.0,0,0.0,0,5
SH,Mamba,73,717,138,138,13.8,0.2883439362049103,0.33931201696395874,1.863209843635559,2.309161901473999,0.6695947647094727,0,-1,1,138,1.0,2.0,138,1.2555159330368042,0,0.0,0,0.0,0,16.166309356689453,2,7
SH,Mamba,73,718,221,221,22.1,0.3703267276287079,0.4953608214855194,1.981758952140808,2.7123942375183105,0.5439212918281555,0,-1,1,221,1.0,2.0,221,0.6839916110038757,0,0.0,0,0.0,0,5.834193706512451,0,5
SH,Mamba,73,719,160,160,16.0,0.2899322807788849,0.37921828031539917,1.5919239521026611,1.9543994665145874,0.5528126955032349,0,-1,1,42,0.2625,2.0,160,1.8619763851165771,0,0.0,0,0.0,0,2.2000138759613037,0,5
SH,Mamba,73,720,245,245,24.5,0.19556115567684174,0.2434108555316925,1.9497791528701782,2.3301150798797607,0.19212351739406586,0,-1,1,245,1.0,2.0,245,0.6992199420928955,0,0.0,0,0.0,0,8.147224426269531,0,5
SH,Mamba,73,721,296,296,29.6,0.2630625069141388,0.3292074203491211,1.4685252904891968,2.1112942695617676,0.3894997537136078,0,-1,1,296,1.0,2.0,296,0.961106538772583,0,0.0,0,0.0,0,3.157456398010254,2,7
SH,Mamba,73,722,148,148,14.8,0.24142909049987793,0.34493061900138855,0.7553966045379639,0.9645209908485413,0.36185139417648315,0,-1,1,131,0.8851351351351351,2.0,148,1.6982842683792114,0,0.0,0,0.0,0,8.120223999023438,2,7
SH,Mamba,73,723,259,259,25.900000000000002,0.395381361246109,0.4821324646472931,26.757232666015625,33.67591857910156,2.895279884338379,0,-1,0,0,0.0,2.0,259,3.2946066856384277,0,0.0,0,0.0,0,17.888343811035156,0,5
SH,Mamba,73,724,174,174,17.400000000000002,0.2822045087814331,0.3601539134979248,3.155534505844116,3.8887367248535156,0.580176830291748,0,-1,0,0,0.0,2.0,174,2.4573922157287598,0,0.0,0,0.0,0,17.089021682739258,2,7
SH,Mamba,73,725,427,427,42.7,0.3344061076641083,0.4340067505836487,1.6442954540252686,2.2322962284088135,0.5375602841377258,0,-1,1,427,1.0,2.0,427,0.2639727294445038,0,0.0,0,0.0,0,3.5770626068115234,1,6
SH,Mamba,73,726,331,331,33.1,0.291208952665329,0.40098491311073303,1.1363372802734375,1.8284378051757812,0.34858858585357666,0,-1,1,287,0.8670694864048338,2.0,331,0.6317230463027954,0,0.0,0,0.0,0,2.0348875522613525,1,6
SH,Mamba,73,727,196,196,19.6,0.24589663743972778,0.2941495180130005,12.954727172851562,15.641135215759277,1.32647705078125,0,-1,1,196,1.0,2.0,196,0.9034323692321777,0,0.0,0,0.0,0,11.460119247436523,1,6
SH,Mamba,73,728,204,204,20.400000000000002,0.1930314004421234,0.2293129712343216,1.6008602380752563,2.237877130508423,0.48630690574645996,0,-1,0,0,0.0,2.0,204,3.430108070373535,0,0.0,0,0.0,0,34.7385368347168,2,7
SH,Mamba,73,729,190,190,19.0,0.21867264807224274,0.28947746753692627,1.0596145391464233,1.2385081052780151,0.21224142611026764,0,-1,1,50,0.2631578947368421,2.0,190,0.10809978097677231,0,0.0,0,0.0,0,0.02462085150182247,0,5
SH,Mamba,73,730,378,378,37.800000000000004,0.16613730788230896,0.22075152397155762,3.7933173179626465,4.733591556549072,0.34695881605148315,0,-1,1,378,1.0,2.0,378,0.6263415217399597,0,0.0,0,0.0,0,9.71420955657959,1,6
SH,Mamba,73,731,251,251,25.1,0.23450639843940735,0.28290295600891113,13.7022123336792,15.434456825256348,0.8922589421272278,0,-1,1,251,1.0,2.0,251,0.9455198645591736,0,0.0,0,0.0,0,17.397111892700195,0,5
SH,Mamba,73,732,257,257,25.700000000000003,0.20169061422348022,0.2873924970626831,8.626591682434082,10.151703834533691,0.8666505217552185,0,-1,1,257,1.0,2.0,257,1.2152855396270752,0,0.0,0,0.0,0,6.274124622344971,2,7
SH,Mamba,73,733,471,471,47.1,0.1515302062034607,0.20285628736019135,5.520796298980713,8.136686325073242,0.5771488547325134,0,-1,0,0,0.0,2.0,471,2.7074902057647705,0,0.0,0,0.0,0,55.169681549072266,2,7
SH,Mamba,73,734,160,160,16.0,0.2023293524980545,0.2605960965156555,1.0838806629180908,1.1735020875930786,0.2409578263759613,0,-1,0,0,0.0,2.0,160,2.415147066116333,0,0.0,0,0.0,0,19.617137908935547,1,6
SH,Mamba,73,735,379,379,37.9,0.23386983573436737,0.2944876551628113,6.662346363067627,8.199204444885254,0.8974722027778625,0,-1,0,0,0.0,2.0,379,2.26688814163208,0,0.0,0,0.0,0,16.145496368408203,2,7
SH,Mamba,73,736,134,134,13.4,0.3202151656150818,0.38660958409309387,3.295736789703369,3.8019678592681885,0.5943589806556702,0,-1,1,134,1.0,2.0,134,1.0562986135482788,0,0.0,0,0.0,0,5.012787818908691,1,6
SH,Mamba,73,737,139,139,13.9,0.2734978497028351,0.3170677423477173,8.032977104187012,10.202655792236328,1.4535492658615112,0,-1,1,101,0.7266187050359713,2.0,139,0.6590961813926697,0,0.0,0,0.0,0,17.40639877319336,1,6
SH,Mamba,73,738,454,454,45.400000000000006,0.2678021788597107,0.3439149856567383,4.0828728675842285,5.672311305999756,0.6726247072219849,0,-1,1,425,0.9361233480176211,2.0,454,0.5381042957305908,0,0.0,0,0.0,0,9.408188819885254,2,7
SH,Mamba,73,739,340,340,34.0,0.29274898767471313,0.35427409410476685,3.361260175704956,4.0934343338012695,0.42681771516799927,0,-1,0,0,0.0,2.0,340,2.5506842136383057,0,0.0,0,0.0,0,2.714531183242798,1,6
SH,Mamba,73,740,317,317,31.700000000000003,0.47180691361427307,0.6074927449226379,5.239349365234375,6.006021022796631,1.0370581150054932,0,-1,1,88,0.277602523659306,2.0,317,1.544495940208435,0,0.0,0,0.0,0,3.3517043590545654,0,5
SH,Mamba,73,741,190,190,19.0,0.5205978155136108,0.7083688378334045,1.1406089067459106,1.543507695198059,0.6702357530593872,0,-1,1,190,1.0,2.0,190,0.3789527118206024,0,0.0,0,0.0,0,1.3167641162872314,1,6
SH,Mamba,73,742,369,369,36.9,0.1713729053735733,0.2182522714138031,10.772259712219238,14.077621459960938,0.8594541549682617,0,-1,1,369,1.0,2.0,369,1.0907784700393677,0,0.0,0,0.0,0,27.190832138061523,0,5
SH,Mamba,73,743,142,142,14.200000000000001,0.13248929381370544,0.18241359293460846,0.5998546481132507,0.8482943177223206,0.2940511703491211,0,-1,1,114,0.8028169014084507,2.0,142,1.6435056924819946,0,0.0,0,0.0,0,6.129722595214844,2,7
SH,Mamba,73,744,140,140,14.0,0.3059298098087311,0.3658151626586914,1.7827918529510498,2.29757022857666,0.3909890949726105,0,-1,1,140,1.0,2.0,140,0.6215835809707642,0,0.0,0,0.0,0,0.4193214178085327,2,7
SH,Mamba,73,745,508,508,50.800000000000004,0.3580365478992462,0.5616697072982788,2.05004620552063,2.848050355911255,0.5348870158195496,1,479,1,479,0.9429133858267716,2.0,479,0.0,0,0.0,0,0.0,0,0.0,0,5
SH,Mamba,73,746,231,231,23.1,0.1463768631219864,0.171682670712471,11.257329940795898,14.056713104248047,0.9812989234924316,0,-1,1,231,1.0,2.0,231,1.4544756412506104,0,0.0,0,0.0,0,27.179401397705078,2,7
SH,Mamba,73,747,248,248,24.8,0.3188721239566803,0.4030895531177521,2.6160778999328613,3.34212064743042,0.6704866886138916,0,-1,1,96,0.3870967741935484,2.0,248,1.5840529203414917,0,0.0,0,0.0,0,1.7039297819137573,2,7
SH,Mamba,73,748,589,589,58.900000000000006,0.20927231013774872,0.2613290548324585,10.361673355102539,14.50209903717041,1.0186251401901245,0,-1,1,341,0.5789473684210527,2.0,589,0.6999230980873108,0,0.0,0,0.0,0,14.880586624145508,1,6
SH,Mamba,73,749,143,143,14.3,0.20015303790569305,0.2530050575733185,2.6074705123901367,3.772338390350342,0.8299129605293274,0,-1,1,117,0.8181818181818182,2.0,143,1.7291449308395386,0,0.0,0,0.0,0,22.05231475830078,1,6
SH,Mamba,73,750,147,147,14.700000000000001,0.42685070633888245,0.6900011897087097,1.9724735021591187,2.5694472789764404,0.7651532888412476,1,112,1,112,0.7619047619047619,2.0,112,0.0,0,0.0,0,0.0,0,0.0,0,5
SH,Mamba,73,751,132,132,13.200000000000001,0.36465275287628174,0.45777374505996704,1.3181833028793335,1.7327253818511963,0.6201397776603699,0,-1,1,132,1.0,2.0,132,1.0342845916748047,0,0.0,0,0.0,0,5.233233451843262,2,7
SH,Mamba,73,752,162,162,16.2,0.4498424828052521,0.6040453910827637,3.2673094272613525,4.360339164733887,0.9620351791381836,0,-1,1,162,1.0,2.0,162,0.24783258140087128,0,0.0,0,0.0,0,1.8758642673492432,1,6
SH,Mamba,73,753,213,213,21.3,0.35068511962890625,0.5002031922340393,1.4414539337158203,1.9212309122085571,0.36518028378486633,0,-1,1,159,0.7464788732394366,2.0,213,0.23017920553684235,0,0.0,0,0.0,0,0.42043790221214294,2,7
SH,Mamba,73,754,476,476,47.6,0.25626131892204285,0.3656747043132782,4.539999961853027,5.6558380126953125,0.512005090713501,0,-1,1,476,1.0,2.0,476,0.532507061958313,0,0.0,0,0.0,0,3.37282395362854,1,6
SH,Mamba,73,755,357,357,35.7,0.35544273257255554,0.44108760356903076,6.330212116241455,7.286935806274414,0.7834224700927734,0,-1,1,257,0.7198879551820728,2.0,357,1.3452579975128174,0,0.0,0,0.0,0,5.376346588134766,2,7
SH,Mamba,73,756,131,131,13.100000000000001,0.3398933410644531,0.36901310086250305,8.557217597961426,11.793410301208496,2.0148186683654785,0,-1,1,131,1.0,2.0,131,1.2878332138061523,0,0.0,0,0.0,0,41.13945388793945,2,7
SH,Mamba,73,757,140,140,14.0,0.565615713596344,0.6741818785667419,4.633405685424805,5.398712635040283,1.0122148990631104,1,125,1,72,0.5142857142857142,2.0,125,0.0,0,0.0,0,0.0,0,0.0,0,5
SH,Mamba,73,758,171,171,17.1,0.209832102060318,0.2735744118690491,3.2941362857818604,3.798919677734375,0.3700501620769501,0,-1,1,171,1.0,2.0,171,0.7748380899429321,0,0.0,0,0.0,0,4.239067554473877,2,7
SH,Mamba,73,759,305,305,30.5,0.23204784095287323,0.33489790558815,0.8139578104019165,1.049501657485962,0.2406974732875824,1,294,1,294,0.9639344262295082,2.0,294,0.0,0,0.0,0,0.0,0,0.0,2,7
SH,Mamba,73,760,407,407,40.7,0.26268330216407776,0.3121541738510132,7.238938808441162,8.610812187194824,0.7925096154212952,0,-1,1,316,0.7764127764127764,2.0,407,1.3414047956466675,0,0.0,0,0.0,0,20.618839263916016,2,7
SH,Mamba,73,761,167,167,16.7,0.5436616539955139,0.6738454699516296,2.0269663333892822,2.3019251823425293,1.0274007320404053,1,130,1,130,0.7784431137724551,2.0,130,0.0,0,0.0,0,0.0,0,0.0,2,7
SH,Mamba,73,762,236,236,23.6,0.2376168817281723,0.3048916757106781,6.9300432205200195,8.568299293518066,0.7152684330940247,0,-1,1,116,0.4915254237288136,2.0,236,1.8806482553482056,0,0.0,0,0.0,0,34.46458053588867,2,7
SH,Mamba,73,763,311,311,31.1,0.35337233543395996,0.4588504731655121,1.04461669921875,1.3023804426193237,0.34366574883461,1,279,1,279,0.8971061093247589,2.0,279,0.0,0,0.0,0,0.0,0,0.0,0,5
SH,Mamba,73,764,195,195,19.5,0.25897929072380066,0.3433241546154022,0.4224313497543335,0.5595495700836182,0.31675559282302856,0,-1,1,175,0.8974358974358975,2.0,195,0.8737105131149292,0,0.0,0,0.0,0,1.8508274555206299,1,6
SH,Mamba,73,765,516,516,51.6,0.18319649994373322,0.22937697172164917,2.2120208740234375,2.5912163257598877,0.4833637475967407,1,460,1,460,0.8914728682170543,2.0,460,0.0,0,0.0,0,0.0,0,0.0,2,7
SH,Mamba,73,766,138,138,13.8,0.2889231741428375,0.34042787551879883,3.940680503845215,4.640368461608887,0.7015345096588135,0,-1,0,0,0.0,2.0,138,2.9600167274475098,0,0.0,0,0.0,0,11.102596282958984,0,5
SH,Mamba,73,767,175,175,17.5,0.24602481722831726,0.3050921857357025,2.0075247287750244,3.2070891857147217,0.7067642211914062,0,-1,1,13,0.07428571428571429,2.0,175,1.565683126449585,0,0.0,0,0.0,0,18.665334701538086,1,6
SH,Mamba,73,768,143,143,14.3,0.21665804088115692,0.25241634249687195,0.8738555908203125,1.0751900672912598,0.3769010901451111,0,-1,0,0,0.0,2.0,143,5.8562541007995605,0,0.0,0,0.0,0,49.21937942504883,2,7
SH,Mamba,73,769,194,194,19.400000000000002,0.13628536462783813,0.1675509661436081,4.3229498863220215,6.369311332702637,0.7304112315177917,0,-1,1,141,0.7268041237113402,2.0,194,1.5056837797164917,0,0.0,0,0.0,0,31.039403915405273,0,5
SH,Mamba,73,770,218,218,21.8,0.21046236157417297,0.2642073631286621,3.6052470207214355,4.815230369567871,0.6523637175559998,0,-1,0,0,0.0,2.0,218,2.5823776721954346,0,0.0,0,0.0,0,38.05951690673828,2,7
SH,Mamba,73,771,132,132,13.200000000000001,0.18496914207935333,0.22938638925552368,0.4713251292705536,0.5364261865615845,0.27508291602134705,0,-1,1,123,0.9318181818181818,2.0,132,1.6866480112075806,0,0.0,0,0.0,0,9.293394088745117,0,5
SH,Mamba,73,772,566,566,56.6,0.2970980703830719,0.3659425675868988,3.3780956268310547,4.347278118133545,0.6222695112228394,1,526,1,468,0.8268551236749117,2.0,526,0.0,0,0.0,0,0.0,0,0.0,1,6
SH,Mamba,73,773,454,454,45.400000000000006,0.20264306664466858,0.2782876789569855,5.138259410858154,6.4955949783325195,0.47821182012557983,1,402,1,402,0.8854625550660793,2.0,402,0.0,0,0.0,0,0.0,0,0.0,0,5
SH,Mamba,73,774,192,192,19.200000000000003,0.1484653204679489,0.17158308625221252,1.3035682439804077,1.447064757347107,0.3051246106624603,0,-1,0,0,0.0,2.0,192,2.354952812194824,0,0.0,0,0.0,0,37.55918502807617,1,6
SH,Mamba,73,775,427,427,42.7,0.21730491518974304,0.2801959216594696,7.551703929901123,9.083734512329102,0.3926410973072052,0,-1,1,222,0.5199063231850117,2.0,427,1.0502097606658936,0,0.0,0,0.0,0,28.461637496948242,0,5
SH,Mamba,73,776,338,338,33.800000000000004,0.3256300985813141,0.3985368311405182,5.261696815490723,5.642683029174805,0.5023223161697388,0,-1,1,338,1.0,2.0,338,0.6242349743843079,0,0.0,0,0.0,0,2.944207191467285,2,7
SH,Mamba,73,777,142,142,14.200000000000001,0.2756160497665405,0.3299403190612793,1.1248115301132202,1.6308387517929077,0.30348899960517883,0,-1,1,139,0.9788732394366197,2.0,142,0.7892057299613953,0,0.0,0,0.0,0,2.4914186000823975,0,5
SH,Mamba,73,778,417,417,41.7,0.34291431307792664,0.4082677960395813,3.2521231174468994,4.047719955444336,0.4629146158695221,1,371,1,321,0.7697841726618705,2.0,371,0.0,0,0.0,0,0.0,0,0.0,0,5
SH,Mamba,73,779,183,183,18.3,0.34230807423591614,0.5817498564720154,3.144613027572632,3.461052894592285,0.31903326511383057,0,-1,1,104,0.5683060109289617,2.0,183,1.5594316720962524,0,0.0,0,0.0,0,6.776090621948242,1,6
SH,Mamba,73,780,426,426,42.6,0.22888688743114471,0.33475515246391296,1.3839728832244873,1.6310324668884277,0.22292619943618774,1,423,1,411,0.9647887323943662,2.0,423,0.0,0,0.0,0,0.0,0,0.0,1,6
SH,Mamba,73,781,184,184,18.400000000000002,0.15086209774017334,0.18228965997695923,2.407386541366577,3.392383337020874,0.48589763045310974,0,-1,1,8,0.043478260869565216,2.0,184,1.939818263053894,0,0.0,0,0.0,0,51.387203216552734,2,7
SH,Mamba,73,782,533,533,53.300000000000004,0.32594621181488037,0.4335450530052185,1.853025197982788,2.2592484951019287,0.5185166001319885,1,435,1,435,0.8161350844277674,2.0,435,0.0,0,0.0,0,0.0,0,0.0,2,7
SH,Mamba,73,783,202,202,20.200000000000003,0.23507094383239746,0.29116031527519226,5.480958461761475,6.518191337585449,0.8474164009094238,0,-1,1,70,0.3465346534653465,2.0,202,1.640660285949707,0,0.0,0,0.0,0,37.502716064453125,1,6
SH,Mamba,73,784,317,317,31.700000000000003,0.4522556960582733,0.5415447354316711,3.3886799812316895,4.060312271118164,0.7355698347091675,1,286,1,286,0.9022082018927445,2.0,286,0.0,0,0.0,0,0.0,0,0.0,1,6
SH,Mamba,73,785,316,316,31.6,0.4267067611217499,0.555341362953186,1.1421765089035034,1.3397843837738037,0.4946870803833008,0,-1,1,279,0.8829113924050633,2.0,316,0.5991603136062622,0,0.0,0,0.0,0,3.2269880771636963,0,5
SH,Mamba,73,786,168,168,16.8,0.29005226492881775,0.378130704164505,0.8269538879394531,1.066488265991211,0.46334975957870483,0,-1,0,0,0.0,2.0,168,2.7095890045166016,0,0.0,0,0.0,0,5.217588901519775,1,6
SH,Mamba,73,787,212,212,21.200000000000003,0.33982211351394653,0.4050648808479309,5.470087051391602,7.694736957550049,0.7770620584487915,0,-1,1,118,0.5566037735849056,2.0,212,1.4605382680892944,0,0.0,0,0.0,0,3.0576860904693604,2,7
SH,Mamba,73,788,138,138,13.8,0.6713429689407349,0.7972753047943115,11.42605972290039,12.973121643066406,1.8700900077819824,0,-1,1,138,1.0,2.0,138,1.2577852010726929,0,0.0,0,0.0,0,4.291845798492432,1,6
SH,Mamba,73,789,383,383,38.300000000000004,0.20276540517807007,0.2516031563282013,6.353779315948486,7.0841264724731445,0.42139893770217896,0,-1,1,308,0.804177545691906,2.0,383,1.2525382041931152,0,0.0,0,0.0,0,9.439117431640625,1,6
SH,Mamba,73,790,776,776,77.60000000000001,0.309354692697525,0.42100510001182556,5.7218122482299805,6.153254985809326,0.42016345262527466,0,-1,1,680,0.8762886597938144,2.0,776,0.41565361618995667,0,0.0,0,0.0,0,1.5032685995101929,0,5
SH,Mamba,73,791,515,515,51.5,0.32279059290885925,0.44019463658332825,7.589613437652588,9.871652603149414,0.8993564248085022,0,-1,1,381,0.7398058252427184,2.0,515,0.9872166514396667,0,0.0,0,0.0,0,4.563976287841797,1,6
SH,Mamba,73,792,153,153,15.3,0.7750288248062134,1.0096794366836548,6.569012641906738,10.221451759338379,1.6599581241607666,0,-1,0,0,0.0,2.0,153,3.0675840377807617,0,0.0,0,0.0,0,21.333911895751953,1,6
SH,Mamba,73,793,573,573,57.300000000000004,0.19883254170417786,0.24307063221931458,2.692112445831299,3.394712209701538,0.4115278422832489,0,-1,1,573,1.0,2.0,573,0.9056398868560791,0,0.0,0,0.0,0,2.8320999145507812,2,7
SH,Mamba,73,794,363,363,36.300000000000004,0.30994507670402527,0.37884774804115295,2.0656495094299316,2.456183910369873,0.40930503606796265,0,-1,1,363,1.0,2.0,363,0.8682861924171448,0,0.0,0,0.0,0,6.844245433807373,0,5
SH,Mamba,73,795,201,201,20.1,0.3468950092792511,0.41518983244895935,2.9187681674957275,3.6625630855560303,0.6689469814300537,0,-1,0,0,0.0,2.0,201,4.402523994445801,0,0.0,0,0.0,0,7.084418773651123,0,5
SH,Mamba,73,796,400,400,40.0,0.3482861816883087,0.4760649502277374,3.505709648132324,4.953803062438965,0.6470727324485779,0,-1,1,141,0.3525,2.0,400,1.856837511062622,0,0.0,0,0.0,0,12.944490432739258,2,7
SH,Mamba,73,797,143,143,14.3,0.48561057448387146,0.5629451274871826,2.378553628921509,2.9621262550354004,0.8915854096412659,0,-1,0,0,0.0,2.0,143,3.592042922973633,0,0.0,0,0.0,0,6.753787994384766,0,5
SH,Mamba,73,798,335,335,33.5,0.14858363568782806,0.1888795644044876,0.8714624047279358,1.1130263805389404,0.18430376052856445,0,-1,1,315,0.9402985074626866,2.0,335,1.1081403493881226,0,0.0,0,0.0,0,1.7329397201538086,0,5
SH,Mamba,73,799,454,454,45.400000000000006,0.31333091855049133,0.40083032846450806,2.6809778213500977,3.7969508171081543,0.5197281837463379,0,-1,1,437,0.9625550660792952,2.0,454,0.664087176322937,0,0.0,0,0.0,0,3.4709322452545166,1,6
SH,Mamba,73,800,135,135,13.5,0.22730563580989838,0.26950109004974365,0.3907380700111389,0.5642904043197632,0.14278893172740936,0,-1,1,135,1.0,2.0,135,0.6814975142478943,0,0.0,0,0.0,0,6.913637638092041,0,5
SH,Mamba,73,801,158,158,15.8,0.1114717572927475,0.13586540520191193,3.704915761947632,4.890913963317871,0.7209739089012146,0,-1,1,84,0.5316455696202531,2.0,158,1.554548740386963,0,0.0,0,0.0,0,43.13085174560547,0,5
SH,Mamba,73,802,172,172,17.2,0.27528801560401917,0.3652687966823578,10.142020225524902,12.123115539550781,1.1115987300872803,0,-1,0,0,0.0,2.0,172,2.19049334526062,0,0.0,0,0.0,0,27.89130210876465,1,6
SH,Mamba,73,803,139,139,13.9,0.5274375081062317,0.6981470584869385,5.428187847137451,6.131271839141846,1.1316924095153809,0,-1,0,0,0.0,2.0,139,2.521912097930908,0,0.0,0,0.0,0,5.194728851318359,2,7
SH,Mamba,73,804,162,162,16.2,0.3187545835971832,0.4373789429664612,1.7968071699142456,2.4412384033203125,0.4865040183067322,0,-1,1,162,1.0,2.0,162,0.7730540633201599,0,0.0,0,0.0,0,9.866870880126953,2,7
SH,Mamba,73,805,133,133,13.3,0.577719509601593,1.0575625896453857,3.2165310382843018,4.074508190155029,1.4393081665039062,0,-1,1,70,0.5263157894736842,2.0,133,1.623207926750183,0,0.0,0,0.0,0,26.921091079711914,1,6
SH,Mamba,73,806,333,333,33.300000000000004,0.27016380429267883,0.3876411020755768,1.3008439540863037,1.5329946279525757,0.396288126707077,0,-1,1,151,0.45345345345345345,2.0,333,0.9596501588821411,0,0.0,0,0.0,0,1.925965666770935,1,6
SH,Mamba,73,807,592,592,59.2,0.31305354833602905,0.42641445994377136,4.023151397705078,4.659232139587402,1.3380612134933472,1,256,1,256,0.43243243243243246,2.0,256,0.0,0,0.0,0,0.0,0,0.0,2,7
SH,Mamba,73,808,171,171,17.1,0.3260634243488312,0.4309183955192566,0.8693227767944336,1.060064673423767,0.33759963512420654,0,-1,1,171,1.0,2.0,171,1.149785041809082,0,0.0,0,0.0,0,4.73213005065918,0,5
SH,Mamba,73,809,199,199,19.900000000000002,0.34744182229042053,0.46857649087905884,2.8562004566192627,4.18609094619751,0.519512951374054,0,-1,1,143,0.7185929648241206,2.0,199,1.0338280200958252,0,0.0,0,0.0,0,3.0962369441986084,0,5
SH,Mamba,73,810,519,519,51.900000000000006,0.32524922490119934,0.4647625684738159,4.290818214416504,4.799022197723389,1.6307626962661743,1,245,1,201,0.3872832369942196,2.0,245,0.0,0,0.0,0,0.0,0,0.0,0,5
SH,Mamba,73,811,226,226,22.6,0.34854111075401306,0.44377589225769043,7.086414813995361,8.303810119628906,0.7930446863174438,1,169,1,169,0.7477876106194691,2.0,169,0.0,0,0.0,0,0.0,0,0.0,0,5
SH,Mamba,73,812,441,441,44.1,0.3148947060108185,0.4383143186569214,3.799302339553833,4.196325302124023,0.43834108114242554,1,402,1,402,0.9115646258503401,2.0,402,0.0,0,0.0,0,0.0,0,0.0,1,6
SH,Mamba,73,813,221,221,22.1,0.3077497184276581,0.38904425501823425,1.0789541006088257,1.273832082748413,0.28592267632484436,0,-1,1,221,1.0,2.0,221,1.0119805335998535,0,0.0,0,0.0,0,2.652829885482788,1,6
SH,Mamba,73,814,134,134,13.4,0.373830109834671,0.4037865400314331,2.4004721641540527,2.8514597415924072,0.838081955909729,0,-1,1,79,0.5895522388059702,2.0,134,1.5680474042892456,0,0.0,0,0.0,0,4.580811977386475,2,7
SH,Mamba,73,815,178,178,17.8,0.6518286466598511,0.7526465058326721,4.631537437438965,5.761373996734619,1.5642319917678833,0,-1,0,0,0.0,2.0,178,2.107808828353882,0,0.0,0,0.0,0,9.539461135864258,0,5
SH,Mamba,73,816,242,242,24.200000000000003,0.1102679893374443,0.16296815872192383,1.1192785501480103,1.8714690208435059,0.34965381026268005,0,-1,1,66,0.2727272727272727,2.0,242,1.7714217901229858,0,0.0,0,0.0,0,48.78220748901367,0,5
SH,Mamba,73,817,147,147,14.700000000000001,0.31885838508605957,0.40051698684692383,2.271615982055664,2.6100053787231445,0.4790794849395752,0,-1,1,147,1.0,2.0,147,1.2757560014724731,0,0.0,0,0.0,0,5.127635955810547,1,6
SH,Mamba,73,818,580,580,58.0,0.2464187890291214,0.2960839569568634,3.3328216075897217,3.975466012954712,0.39275482296943665,0,-1,1,508,0.8758620689655172,2.0,580,0.8047929406166077,0,0.0,0,0.0,0,5.661160469055176,0,5
SH,Mamba,73,819,158,158,15.8,0.20404449105262756,0.2555218040943146,3.0976619720458984,3.672431230545044,0.4732205271720886,0,-1,1,158,1.0,2.0,158,1.3341972827911377,0,0.0,0,0.0,0,25.05356788635254,1,6
SH,Mamba,73,820,351,351,35.1,0.2939034700393677,0.3720400333404541,4.3692545890808105,4.763575553894043,0.510441243648529,0,-1,1,134,0.3817663817663818,2.0,351,1.5239251852035522,0,0.0,0,0.0,0,8.415346145629883,2,7
SH,Mamba,73,821,170,170,17.0,0.26879361271858215,0.37743520736694336,3.449572801589966,4.158740520477295,0.5718548893928528,0,-1,0,0,0.0,2.0,170,2.7358691692352295,0,0.0,0,0.0,0,8.567089080810547,0,5
SH,Mamba,73,822,236,236,23.6,0.4302036762237549,0.5520924925804138,3.376192092895508,4.206882476806641,0.7685198187828064,0,-1,0,0,0.0,2.0,236,2.38046932220459,0,0.0,0,0.0,0,8.329419136047363,0,5
SH,Mamba,73,823,192,192,19.200000000000003,0.37818828225135803,0.480059951543808,1.3616056442260742,1.6257894039154053,0.36190393567085266,0,-1,1,187,0.9739583333333334,2.0,192,1.2809076309204102,0,0.0,0,0.0,0,4.887125492095947,2,7
SH,Mamba,73,824,147,147,14.700000000000001,0.15945421159267426,0.2025526612997055,0.3127945363521576,0.411681592464447,0.1786663830280304,0,-1,1,6,0.04081632653061224,2.0,147,1.995444655418396,0,0.0,0,0.0,0,1.9281158447265625,2,7
SH,Mamba,73,825,1253,1253,125.30000000000001,0.2014482021331787,0.2541568875312805,4.015185356140137,4.963011264801025,0.36048999428749084,0,-1,1,1253,1.0,2.0,1253,0.4682837128639221,0,0.0,0,0.0,0,4.5922932624816895,0,5
SH,Mamba,73,826,155,155,15.5,0.14418604969978333,0.206954687833786,2.4526631832122803,2.938675880432129,0.18838010728359222,1,148,1,77,0.4967741935483871,2.0,148,0.0,0,0.0,0,0.0,0,0.0,0,5
SH,Mamba,73,827,258,258,25.8,0.31772395968437195,0.4045998454093933,4.122073650360107,4.705130100250244,0.5620182752609253,0,-1,1,258,1.0,2.0,258,0.8583216071128845,0,0.0,0,0.0,0,5.103148460388184,2,7
SH,Mamba,73,828,202,202,20.200000000000003,0.144907608628273,0.18920153379440308,1.2445847988128662,1.4884727001190186,0.13908514380455017,0,-1,1,202,1.0,2.0,202,0.42350900173187256,0,0.0,0,0.0,0,1.4119627475738525,2,7
SH,Mamba,73,829,132,132,13.200000000000001,0.30251333117485046,0.35846322774887085,0.8688163161277771,1.137906789779663,0.464811772108078,0,-1,0,0,0.0,2.0,132,2.2562739849090576,0,0.0,0,0.0,0,3.2971208095550537,1,6
SH,Mamba,73,830,143,143,14.3,0.25132402777671814,0.30853936076164246,0.541314423084259,0.7275528907775879,0.3943542540073395,0,-1,1,143,1.0,2.0,143,0.6095106601715088,0,0.0,0,0.0,0,10.008282661437988,1,6
SH,Mamba,73,831,144,144,14.4,0.36897072196006775,0.516699492931366,2.33615779876709,3.5567638874053955,0.7626514434814453,0,-1,1,144,1.0,2.0,144,1.4090244770050049,0,0.0,0,0.0,0,6.997045993804932,0,5
SH,Mamba,73,832,303,303,30.3,0.4113900065422058,0.537682294845581,20.24258804321289,23.850059509277344,2.247671604156494,0,-1,0,0,0.0,2.0,303,4.555240631103516,0,0.0,0,0.0,0,14.039657592773438,2,7
SH,Mamba,73,833,149,149,14.9,0.175039604306221,0.216999351978302,6.115536212921143,7.733941078186035,0.8901910781860352,0,-1,1,97,0.6510067114093959,2.0,149,1.490485429763794,0,0.0,0,0.0,0,5.895294189453125,2,7
SH,Mamba,73,834,258,258,25.8,0.44759657979011536,0.5845451951026917,5.593088626861572,6.3569560050964355,1.0101813077926636,0,-1,1,203,0.7868217054263565,2.0,258,1.385715126991272,0,0.0,0,0.0,0,2.8316941261291504,0,5
SH,Mamba,73,835,325,325,32.5,0.2439390867948532,0.36904576420783997,1.7918295860290527,2.1317811012268066,0.33209675550460815,1,270,1,270,0.8307692307692308,2.0,270,0.0,0,0.0,0,0.0,0,0.0,1,6
SH,Mamba,73,836,433,433,43.300000000000004,0.251670777797699,0.3042081296443939,2.741551399230957,3.4664390087127686,0.4658745229244232,0,-1,1,433,1.0,2.0,433,0.641292929649353,0,0.0,0,0.0,0,2.8759918212890625,2,7
SH,Mamba,73,837,138,138,13.8,0.32571497559547424,0.37358608841896057,5.72487211227417,8.619352340698242,1.5443798303604126,0,-1,0,0,0.0,2.0,138,3.864516019821167,0,0.0,0,0.0,0,47.79807662963867,2,7
SH,Mamba,73,838,345,345,34.5,0.17831405997276306,0.23350225389003754,2.048935890197754,2.4654853343963623,0.384459525346756,0,-1,1,345,1.0,2.0,345,0.7885584831237793,0,0.0,0,0.0,0,10.288389205932617,2,7
SH,Mamba,73,839,276,276,27.6,0.534201443195343,0.8331695795059204,4.367379665374756,5.886630058288574,0.8285297155380249,1,248,1,248,0.8985507246376812,2.0,248,0.0,0,0.0,0,0.0,0,0.0,2,7
SH,Mamba,73,840,441,441,44.1,0.30202189087867737,0.36208879947662354,4.095085620880127,5.461212158203125,0.74345862865448,0,-1,1,432,0.9795918367346939,2.0,441,1.060199499130249,0,0.0,0,0.0,0,6.672430515289307,0,5
SH,Mamba,73,841,330,330,33.0,0.41940173506736755,0.5481452345848083,0.9999082684516907,1.2000523805618286,0.4740884006023407,0,-1,1,115,0.3484848484848485,2.0,330,1.4126837253570557,0,0.0,0,0.0,0,3.5740129947662354,0,5
SH,Mamba,73,842,176,176,17.6,0.13544012606143951,0.16354715824127197,1.9671763181686401,2.3794124126434326,0.19135986268520355,0,-1,1,165,0.9375,2.0,176,1.164770483970642,0,0.0,0,0.0,0,18.473905563354492,0,5
SH,Mamba,73,843,322,322,32.2,0.2713465094566345,0.3386777937412262,2.1667728424072266,2.6601104736328125,0.5106036067008972,0,-1,1,22,0.06832298136645963,2.0,322,1.9387761354446411,0,0.0,0,0.0,0,4.6175384521484375,1,6
SH,Mamba,73,844,640,640,64.0,0.3490689694881439,0.43082380294799805,1.7359821796417236,3.399853467941284,0.4645252823829651,0,-1,1,640,1.0,2.0,640,0.8625807762145996,0,0.0,0,0.0,0,3.8394813537597656,2,7
SH,Mamba,73,845,463,463,46.300000000000004,0.32282087206840515,0.40737441182136536,4.25667142868042,5.604639053344727,2.7426962852478027,1,171,1,171,0.3693304535637149,2.0,171,0.0,0,0.0,0,0.0,0,0.0,0,5
SH,Mamba,73,846,379,379,37.9,0.3963921368122101,0.48682382702827454,3.3291385173797607,3.9757912158966064,0.4696600139141083,0,-1,1,379,1.0,2.0,379,0.9519446492195129,0,0.0,0,0.0,0,5.051068305969238,0,5
SH,Mamba,73,847,182,182,18.2,0.34694501757621765,0.43212229013442993,1.6053833961486816,1.790837287902832,0.3529648780822754,0,-1,1,42,0.23076923076923078,2.0,182,1.7885559797286987,0,0.0,0,0.0,0,2.777123212814331,0,5
SH,Mamba,73,848,337,337,33.7,0.1357678323984146,0.16943775117397308,7.783714771270752,9.596378326416016,0.5206222534179688,0,-1,1,233,0.6913946587537092,2.0,337,1.4134855270385742,0,0.0,0,0.0,0,37.83074188232422,2,7
SH,Mamba,73,849,283,283,28.3,0.29245948791503906,0.35155752301216125,11.743165969848633,13.54152774810791,0.7911710143089294,0,-1,0,0,0.0,2.0,283,3.3950083255767822,0,0.0,0,0.0,0,37.8751220703125,0,5
SH,Mamba,73,850,162,162,16.2,0.30913326144218445,0.4278205633163452,3.837106227874756,4.721248149871826,0.5866698026657104,0,-1,1,40,0.24691358024691357,2.0,162,1.86490797996521,0,0.0,0,0.0,0,9.024252891540527,0,5
SH,Mamba,73,851,159,159,15.9,0.5366438627243042,0.6643059253692627,12.084559440612793,16.05423927307129,2.256592273712158,0,-1,0,0,0.0,2.0,159,2.944047212600708,0,0.0,0,0.0,0,5.540076732635498,2,7
SH,Mamba,73,852,132,132,13.200000000000001,0.3785325884819031,0.4656747877597809,2.904839515686035,3.443495512008667,0.6573754549026489,0,-1,1,132,1.0,2.0,132,0.6035165786743164,0,0.0,0,0.0,0,11.348490715026855,2,7
SH,Mamba,73,853,153,153,15.3,0.3655065596103668,0.4115588068962097,8.14130973815918,11.439946174621582,1.8272781372070312,0,-1,0,0,0.0,2.0,153,2.246790885925293,0,0.0,0,0.0,0,37.16737365722656,2,7
SH,Mamba,73,854,177,177,17.7,0.24540270864963531,0.33036693930625916,14.838534355163574,19.83245086669922,2.296980142593384,0,-1,1,177,1.0,2.0,177,0.9042525887489319,0,0.0,0,0.0,0,16.66790008544922,1,6
SH,Mamba,73,855,162,162,16.2,0.17612451314926147,0.22636538743972778,1.0171114206314087,1.328349232673645,0.4888931214809418,0,-1,1,162,1.0,2.0,162,1.6138415336608887,0,0.0,0,0.0,0,13.717617988586426,1,6
SH,Mamba,73,856,377,377,37.7,0.2114325612783432,0.2732054889202118,4.546074390411377,6.638521671295166,0.4882926940917969,0,-1,1,377,1.0,2.0,377,1.0530577898025513,0,0.0,0,0.0,0,5.5770158767700195,0,5
SH,Mamba,73,857,446,446,44.6,0.3694782257080078,0.49689775705337524,4.452766418457031,5.585536956787109,0.568670392036438,0,-1,1,19,0.042600896860986545,2.0,446,1.5823075771331787,0,0.0,0,0.0,0,3.2036123275756836,0,5
SH,Mamba,73,858,138,138,13.8,0.30033397674560547,0.37000030279159546,3.5181775093078613,5.006466865539551,1.3270788192749023,0,-1,0,0,0.0,2.0,138,2.7607624530792236,0,0.0,0,0.0,0,72.08589172363281,0,5
SH,Mamba,73,859,172,172,17.2,0.48419198393821716,0.6331442594528198,1.2976478338241577,1.6181623935699463,0.5355036854743958,0,-1,1,33,0.19186046511627908,2.0,172,1.7870959043502808,0,0.0,0,0.0,0,1.3540573120117188,0,5
SH,Mamba,73,860,215,215,21.5,0.1827918291091919,0.21983055770397186,2.228912591934204,2.618354082107544,0.3534194529056549,0,-1,1,215,1.0,2.0,215,1.310062050819397,0,0.0,0,0.0,0,21.274879455566406,1,6
SH,Mamba,73,861,239,239,23.900000000000002,0.18773911893367767,0.238708958029747,2.296649217605591,2.7926676273345947,0.2883909344673157,0,-1,1,208,0.8702928870292888,2.0,239,1.208447813987732,0,0.0,0,0.0,0,4.174422264099121,0,5
SH,Mamba,73,862,591,591,59.1,0.34728240966796875,0.44537633657455444,9.846738815307617,11.430988311767578,1.0034184455871582,0,-1,1,108,0.18274111675126903,2.0,591,1.6919817924499512,0,0.0,0,0.0,0,1.048013687133789,0,5
SH,Mamba,73,863,132,132,13.200000000000001,0.1518465280532837,0.17548620700836182,5.061091899871826,6.333696365356445,0.7979938983917236,0,-1,1,132,1.0,2.0,132,0.48114126920700073,0,0.0,0,0.0,0,14.083158493041992,0,5
SH,Mamba,73,864,169,169,16.900000000000002,0.5412998795509338,0.6732456684112549,5.845091819763184,6.850270748138428,0.7842161655426025,0,-1,0,0,0.0,2.0,169,3.5238189697265625,0,0.0,0,0.0,0,21.60133934020996,1,6
SH,Mamba,73,865,161,161,16.1,0.28991827368736267,0.33955731987953186,2.8271830081939697,3.359668016433716,0.7826982140541077,0,-1,0,0,0.0,2.0,161,3.7550292015075684,0,0.0,0,0.0,0,79.41851043701172,2,7
SH,Mamba,73,866,172,172,17.2,0.3794347047805786,0.44078537821769714,4.831252098083496,5.39583683013916,0.734460711479187,0,-1,1,160,0.9302325581395349,2.0,172,1.4768275022506714,0,0.0,0,0.0,0,0.912289559841156,1,6
SH,Mamba,73,867,383,383,38.300000000000004,0.4503959119319916,0.6314157247543335,3.736239194869995,5.16875696182251,3.310309410095215,1,156,1,156,0.4073107049608355,2.0,156,0.0,0,0.0,0,0.0,0,0.0,2,7
SH,Mamba,73,868,141,141,14.100000000000001,0.17628604173660278,0.22224633395671844,8.96872615814209,11.287151336669922,1.4678456783294678,0,-1,1,141,1.0,2.0,141,0.8680369853973389,0,0.0,0,0.0,0,19.235837936401367,2,7
SH,Mamba,73,869,229,229,22.900000000000002,0.4007522463798523,0.47958460450172424,1.3397988080978394,1.6892889738082886,0.40523606538772583,0,-1,1,229,1.0,2.0,229,1.010541558265686,0,0.0,0,0.0,0,14.098220825195312,1,6
SH,Mamba,73,870,271,271,27.1,0.10440025478601456,0.13210752606391907,8.535375595092773,12.455744743347168,1.0467808246612549,0,-1,1,65,0.23985239852398524,2.0,271,1.7260876893997192,0,0.0,0,0.0,0,33.60401153564453,0,5
SH,Mamba,73,871,238,238,23.8,0.26254287362098694,0.3239046037197113,3.9745147228240967,4.5192108154296875,0.5614765882492065,0,-1,1,36,0.15126050420168066,2.0,238,1.8781859874725342,0,0.0,0,0.0,0,7.36505651473999,0,5
SH,Mamba,73,872,285,285,28.5,0.20135967433452606,0.24328601360321045,5.770739555358887,7.768533706665039,0.5247803926467896,0,-1,1,249,0.8736842105263158,2.0,285,1.5893243551254272,0,0.0,0,0.0,0,7.4857988357543945,2,7
SH,Mamba,73,873,214,214,21.400000000000002,0.35018378496170044,0.4811587631702423,9.502402305603027,14.6433744430542,1.9715503454208374,0,-1,0,0,0.0,2.0,214,4.715318202972412,0,0.0,0,0.0,0,11.628763198852539,0,5
SH,Mamba,73,874,136,136,13.600000000000001,0.3389959931373596,0.4180077016353607,1.0049268007278442,1.3343992233276367,0.4286346435546875,0,-1,0,0,0.0,2.0,136,2.3197810649871826,0,0.0,0,0.0,0,3.4698994159698486,1,6
SH,Mamba,73,875,268,268,26.8,0.14341528713703156,0.17214621603488922,7.244030952453613,9.937357902526855,0.9375121593475342,0,-1,1,268,1.0,2.0,268,1.0627918243408203,0,0.0,0,0.0,0,30.314294815063477,1,6
SH,Mamba,73,876,212,212,21.200000000000003,0.36485254764556885,0.45028430223464966,12.588663101196289,15.70013427734375,1.359717845916748,0,-1,1,212,1.0,2.0,212,1.0096943378448486,0,0.0,0,0.0,0,10.660426139831543,1,6
SH,Mamba,73,877,277,277,27.700000000000003,0.26638340950012207,0.34349900484085083,1.1085971593856812,1.3305509090423584,0.2542491853237152,0,-1,1,277,1.0,2.0,277,0.3926679193973541,0,0.0,0,0.0,0,0.6484899520874023,1,6
SH,Mamba,73,878,193,193,19.3,0.41073039174079895,0.5362864136695862,4.265747547149658,4.859310626983643,0.7407037019729614,0,-1,1,193,1.0,2.0,193,1.1633051633834839,0,0.0,0,0.0,0,4.708264350891113,1,6
SH,Mamba,73,879,157,157,15.700000000000001,0.23727594316005707,0.3329050838947296,0.4597036838531494,0.5268979668617249,0.2126808613538742,0,-1,1,18,0.11464968152866242,2.0,157,1.989280343055725,0,0.0,0,0.0,0,3.071847677230835,1,6
SH,Mamba,73,880,131,131,13.100000000000001,0.3000374734401703,0.3504558801651001,7.616340160369873,9.2169771194458,1.0828537940979004,0,-1,0,0,0.0,2.0,131,2.1846206188201904,0,0.0,0,0.0,0,9.081185340881348,0,5
SH,Mamba,73,881,383,383,38.300000000000004,0.2803986668586731,0.34510040283203125,2.5978660583496094,3.0930445194244385,0.4343095123767853,0,-1,1,383,1.0,2.0,383,0.8204498887062073,0,0.0,0,0.0,0,5.297440052032471,0,5
SH,Mamba,73,882,230,230,23.0,0.13720311224460602,0.17048561573028564,2.06715989112854,2.545372486114502,0.354778915643692,0,-1,1,192,0.8347826086956521,2.0,230,1.6977771520614624,0,0.0,0,0.0,0,33.606021881103516,2,7
SH,Mamba,73,883,139,139,13.9,0.4221338927745819,0.4808853566646576,4.494906902313232,5.152986526489258,0.7452337145805359,0,-1,1,63,0.45323741007194246,2.0,139,1.811647891998291,0,0.0,0,0.0,0,4.314417362213135,0,5
SH,Mamba,73,884,338,338,33.800000000000004,0.18474820256233215,0.26885664463043213,1.4373629093170166,1.6186052560806274,0.24661648273468018,1,330,1,309,0.9142011834319527,2.0,330,0.0,0,0.0,0,0.0,0,0.0,0,5
SH,Mamba,73,885,357,357,35.7,0.3129633665084839,0.41707953810691833,33.54096221923828,52.04961395263672,3.961327075958252,0,-1,1,357,1.0,2.0,357,1.071098804473877,0,0.0,0,0.0,0,30.796205520629883,2,7
SH,Mamba,73,886,304,304,30.400000000000002,0.27693477272987366,0.34351056814193726,2.1749401092529297,2.78206467628479,0.6525638699531555,0,-1,1,304,1.0,2.0,304,0.47453758120536804,0,0.0,0,0.0,0,6.736976623535156,0,5
SH,Mamba,73,887,162,162,16.2,0.4340468943119049,0.6218698024749756,3.7137789726257324,4.926497936248779,0.7804116010665894,0,-1,1,162,1.0,2.0,162,0.8836663961410522,0,0.0,0,0.0,0,6.696120262145996,2,7
SH,Mamba,73,888,172,172,17.2,0.26541784405708313,0.3675463795661926,13.291340827941895,16.068401336669922,1.5789445638656616,0,-1,1,172,1.0,2.0,172,0.7292599678039551,0,0.0,0,0.0,0,14.127239227294922,2,7
SH,Mamba,73,889,301,301,30.1,0.17692020535469055,0.22887076437473297,2.2635691165924072,2.6302759647369385,0.3055764138698578,0,-1,1,301,1.0,2.0,301,0.5007421374320984,0,0.0,0,0.0,0,10.865691184997559,1,6
SH,Mamba,73,890,288,288,28.8,0.28787723183631897,0.392988383769989,1.1598297357559204,1.8141705989837646,0.3826582133769989,1,265,1,265,0.9201388888888888,2.0,265,0.0,0,0.0,0,0.0,0,0.0,1,6
SH,Mamba,73,891,237,237,23.700000000000003,0.5031441450119019,0.5980844497680664,8.611676216125488,9.621051788330078,1.1131983995437622,0,-1,0,0,0.0,2.0,237,2.15614652633667,0,0.0,0,0.0,0,11.652803421020508,1,6
SH,Mamba,73,892,510,510,51.0,0.23075635731220245,0.3192792236804962,3.647397041320801,4.205591678619385,0.31891971826553345,0,-1,1,468,0.9176470588235294,2.0,510,0.44466596841812134,0,0.0,0,0.0,0,1.9451987743377686,2,7
SH,Mamba,73,893,235,235,23.5,0.2314356565475464,0.27973297238349915,1.2835733890533447,1.7235054969787598,0.46569472551345825,0,-1,1,156,0.6638297872340425,2.0,235,1.6898335218429565,0,0.0,0,0.0,0,7.195922374725342,1,6
SH,Mamba,73,894,163,163,16.3,0.25297218561172485,0.2907226085662842,5.398288249969482,6.173813819885254,0.7053618431091309,0,-1,0,0,0.0,2.0,163,2.254422426223755,0,0.0,0,0.0,0,22.18570899963379,0,5
SH,Mamba,73,895,309,309,30.900000000000002,0.36951425671577454,0.4682948589324951,0.9421093463897705,1.3721342086791992,0.36302450299263,0,-1,1,309,1.0,2.0,309,0.7881031036376953,0,0.0,0,0.0,0,3.889169931411743,1,6
SH,Mamba,73,896,312,312,31.200000000000003,0.3044877052307129,0.3610515892505646,8.507394790649414,9.416207313537598,0.9780182242393494,0,-1,1,268,0.8589743589743589,2.0,312,1.4127771854400635,0,0.0,0,0.0,0,11.480940818786621,2,7
SH,Mamba,73,897,173,173,17.3,0.39703652262687683,0.549835741519928,2.080725908279419,2.7368295192718506,1.1564137935638428,1,84,1,84,0.48554913294797686,2.0,84,0.0,0,0.0,0,0.0,0,0.0,2,7
SH,Mamba,73,898,397,397,39.7,0.2932959198951721,0.4115738570690155,10.009244918823242,10.991562843322754,0.7148774862289429,0,-1,1,397,1.0,2.0,397,0.47895973920822144,0,0.0,0,0.0,0,1.871281623840332,1,6
SH,Mamba,73,899,327,327,32.7,0.260336697101593,0.3753851056098938,18.9220027923584,24.317211151123047,1.3552011251449585,0,-1,1,323,0.9877675840978594,2.0,327,0.8158934712409973,0,0.0,0,0.0,0,4.379237174987793,2,7
SH,Mamba,73,900,596,596,59.6,0.18613441288471222,0.24178987741470337,25.233386993408203,29.00893783569336,0.7297002077102661,0,-1,1,299,0.5016778523489933,2.0,596,1.2159181833267212,0,0.0,0,0.0,0,10.121423721313477,0,5
SH,Mamba,73,901,225,225,22.5,0.19743628799915314,0.2558121979236603,3.158397674560547,4.1051025390625,0.4244261682033539,0,-1,1,225,1.0,2.0,225,0.9671068787574768,0,0.0,0,0.0,0,6.074863910675049,1,6
SH,Mamba,73,902,185,185,18.5,0.30706319212913513,0.3823615610599518,1.0741504430770874,1.5984477996826172,0.47327131032943726,0,-1,1,185,1.0,2.0,185,0.7036687731742859,0,0.0,0,0.0,0,3.3847880363464355,2,7
SH,Mamba,73,903,196,196,19.6,0.34706607460975647,0.43783456087112427,1.3472634553909302,1.7493672370910645,0.511321485042572,1,193,1,183,0.9336734693877551,2.0,193,0.0,0,0.0,0,0.0,0,0.0,2,7
SH,Mamba,73,904,147,147,14.700000000000001,0.16632041335105896,0.2024804800748825,1.7111759185791016,1.853705883026123,0.240799680352211,0,-1,1,72,0.4897959183673469,2.0,147,1.5327404737472534,0,0.0,0,0.0,0,33.932655334472656,0,5
SH,Mamba,73,905,465,465,46.5,0.45013436675071716,0.5755372047424316,3.001352310180664,3.299722909927368,1.4242541790008545,1,127,1,127,0.2731182795698925,2.0,127,0.0,0,0.0,0,0.0,0,0.0,1,6
SH,Mamba,73,906,198,198,19.8,0.2341102659702301,0.29400834441185,1.6929253339767456,1.8158797025680542,0.29572445154190063,0,-1,1,198,1.0,2.0,198,1.0399538278579712,0,0.0,0,0.0,0,5.677922248840332,0,5
SH,Mamba,73,907,338,338,33.800000000000004,0.5966998934745789,0.7102184891700745,83.65689849853516,101.12692260742188,4.852484226226807,0,-1,0,0,0.0,2.0,338,2.521906852722168,0,0.0,0,0.0,0,30.603517532348633,1,6
SH,Mamba,73,908,404,404,40.400000000000006,0.16016224026679993,0.20185112953186035,8.285453796386719,10.979284286499023,1.2551114559173584,0,-1,1,279,0.6905940594059405,2.0,404,1.3778692483901978,0,0.0,0,0.0,0,28.277711868286133,1,6
SH,Mamba,73,909,146,146,14.600000000000001,0.2892810106277466,0.36370590329170227,1.253373146057129,1.6621531248092651,0.4213573634624481,0,-1,0,0,0.0,2.0,146,6.3451032638549805,0,0.0,0,0.0,0,3.8955788612365723,0,5
SH,Mamba,73,910,174,174,17.400000000000002,0.14071688055992126,0.17970098555088043,7.435199737548828,9.268362045288086,1.060644507408142,0,-1,0,0,0.0,2.0,174,2.5120701789855957,0,0.0,0,0.0,0,52.37195587158203,0,5
SH,Mamba,73,911,150,150,15.0,0.3826805651187897,0.44018682837486267,1.411759853363037,1.6684306859970093,0.4752286374568939,0,-1,1,150,1.0,2.0,150,1.3172796964645386,0,0.0,0,0.0,0,14.341939926147461,2,7
SH,Mamba,73,912,1480,1480,148.0,0.3739778995513916,0.5037205219268799,5.8262457847595215,6.449132919311523,5.36164665222168,1,426,1,426,0.28783783783783784,2.0,426,0.0,0,0.0,0,0.0,0,0.0,1,6
SH,Mamba,73,913,292,292,29.200000000000003,0.3897028863430023,0.5002351999282837,2.327042818069458,3.547865390777588,0.6918894648551941,0,-1,1,292,1.0,2.0,292,0.8782294988632202,0,0.0,0,0.0,0,2.832000255584717,2,7
SH,Mamba,73,914,225,225,22.5,0.30152446031570435,0.5814076066017151,5.722924709320068,7.513896465301514,0.8541284203529358,0,-1,1,225,1.0,2.0,225,1.2211157083511353,0,0.0,0,0.0,0,17.40699005126953,2,7
SH,Mamba,73,915,2679,2679,267.90000000000003,0.2813253700733185,0.3706675171852112,9.750428199768066,10.320257186889648,3.8193745613098145,1,818,1,679,0.2534527808883912,2.0,818,0.0,0,0.0,0,0.0,0,0.0,2,7
SH,Mamba,73,916,204,204,20.400000000000002,0.34062668681144714,0.38861632347106934,15.260353088378906,17.971601486206055,1.3872015476226807,0,-1,1,109,0.5343137254901961,2.0,204,1.1265037059783936,0,0.0,0,0.0,0,12.902460098266602,0,5
SH,Mamba,73,917,2008,2008,200.8,0.3884894847869873,0.520139753818512,6.042462348937988,7.313207626342773,2.750269651412964,1,935,1,756,0.37649402390438247,2.0,935,0.0,0,0.0,0,0.0,0,0.0,2,7
SH,Mamba,73,918,625,625,62.5,0.29798659682273865,0.38463208079338074,3.0449206829071045,3.429532527923584,0.690428614616394,1,529,1,491,0.7856,2.0,529,0.0,0,0.0,0,0.0,0,0.0,0,5
SH,Mamba,73,919,233,233,23.3,0.17410700023174286,0.22448165714740753,3.9053990840911865,4.360679626464844,0.35188785195350647,0,-1,0,0,0.0,2.0,233,4.516575336456299,0,0.0,0,0.0,0,6.671169757843018,0,5
SH,Mamba,73,920,131,131,13.100000000000001,0.49150872230529785,0.8671871423721313,3.4541752338409424,4.666689872741699,0.7663956880569458,0,-1,1,131,1.0,2.0,131,0.8344237804412842,0,0.0,0,0.0,0,8.620033264160156,1,6
SH,Mamba,73,921,180,180,18.0,0.10418578237295151,0.13738782703876495,1.5338411331176758,2.4279944896698,0.4213888943195343,0,-1,0,0,0.0,2.0,180,2.1183648109436035,0,0.0,0,0.0,0,67.26068115234375,2,7
SH,Mamba,73,922,198,198,19.8,0.29514607787132263,0.3756992220878601,1.0748977661132812,1.4266244173049927,0.30684593319892883,1,186,1,186,0.9393939393939394,2.0,186,0.0,0,0.0,0,0.0,0,0.0,1,6
SH,Mamba,73,923,353,353,35.300000000000004,0.15424886345863342,0.18589116632938385,3.4578464031219482,3.8426473140716553,0.1918417513370514,0,-1,1,353,1.0,2.0,353,1.133894920349121,0,0.0,0,0.0,0,7.576788425445557,0,5
SH,Mamba,73,924,250,250,25.0,0.16649194061756134,0.21549412608146667,13.790271759033203,15.760435104370117,0.8411407470703125,0,-1,1,73,0.292,2.0,250,1.3848992586135864,0,0.0,0,0.0,0,24.136131286621094,0,5
SH,Mamba,73,925,316,316,31.6,0.15996015071868896,0.19891586899757385,9.596166610717773,11.499438285827637,0.6578238606452942,0,-1,1,316,1.0,2.0,316,1.112688422203064,0,0.0,0,0.0,0,24.578460693359375,1,6
SH,Mamba,73,926,394,394,39.400000000000006,0.22876104712486267,0.3220389783382416,4.244178771972656,4.687283992767334,0.5612131953239441,0,-1,1,266,0.6751269035532995,2.0,394,1.1585354804992676,0,0.0,0,0.0,0,15.379706382751465,2,7
SH,Mamba,73,927,263,263,26.3,0.0827748104929924,0.10213089734315872,7.948543071746826,10.352922439575195,0.8033685684204102,0,-1,0,0,0.0,2.0,263,3.082810640335083,0,0.0,0,0.0,0,81.54442596435547,0,5
SH,Mamba,73,928,181,181,18.1,0.43264177441596985,0.49455100297927856,3.7446091175079346,4.754651069641113,0.5841333270072937,0,-1,1,181,1.0,2.0,181,0.5962331295013428,0,0.0,0,0.0,0,2.2423152923583984,2,7
SH,Mamba,73,929,177,177,17.7,0.3339410126209259,0.40277817845344543,0.9476434588432312,1.1952227354049683,0.5009751915931702,0,-1,1,177,1.0,2.0,177,0.8238908648490906,0,0.0,0,0.0,0,11.603140830993652,2,7
SH,Mamba,73,930,227,227,22.700000000000003,0.24609607458114624,0.32002726197242737,2.9923412799835205,3.6338284015655518,0.6402271389961243,0,-1,1,227,1.0,2.0,227,0.581165075302124,0,0.0,0,0.0,0,10.141071319580078,1,6
SH,Mamba,73,931,266,266,26.6,0.37102240324020386,0.481805682182312,2.8716542720794678,4.197239875793457,0.4978093206882477,1,242,1,242,0.9097744360902256,2.0,242,0.0,0,0.0,0,0.0,0,0.0,1,6
SH,Mamba,73,932,204,204,20.400000000000002,0.19269828498363495,0.21341396868228912,9.9823637008667,12.059591293334961,0.8935682773590088,0,-1,0,0,0.0,2.0,204,2.3622844219207764,0,0.0,0,0.0,0,41.77228546142578,1,6
SH,Mamba,73,933,188,188,18.8,0.25085848569869995,0.34382790327072144,1.6372097730636597,2.0757291316986084,0.3105279505252838,0,-1,0,0,0.0,2.0,188,2.0697479248046875,0,0.0,0,0.0,0,1.5069082975387573,0,5
SH,Mamba,73,934,175,175,17.5,0.2612744867801666,0.32120203971862793,0.2561696171760559,0.3129962086677551,0.17112237215042114,0,-1,0,0,0.0,2.0,175,2.344614267349243,0,0.0,0,0.0,0,2.275852918624878,2,7
SH,Mamba,73,935,166,166,16.6,0.5686445832252502,0.7675777673721313,3.8231277465820312,5.586925506591797,0.8411598801612854,0,-1,1,166,1.0,2.0,166,1.0076043605804443,0,0.0,0,0.0,0,8.96374797821045,2,7
SH,Mamba,73,936,151,151,15.100000000000001,0.2193421870470047,0.298735111951828,9.747121810913086,11.402117729187012,1.205454707145691,0,-1,0,0,0.0,2.0,151,4.174115180969238,0,0.0,0,0.0,0,8.266753196716309,0,5
SH,Mamba,73,937,187,187,18.7,0.20842556655406952,0.2674393057823181,6.979421615600586,8.646936416625977,0.7688707113265991,0,-1,1,187,1.0,2.0,187,1.2322992086410522,0,0.0,0,0.0,0,18.514902114868164,2,7
SH,Mamba,73,938,329,329,32.9,0.12167252600193024,0.15427836775779724,7.957085609436035,10.841083526611328,0.5994937419891357,0,-1,0,0,0.0,2.0,329,2.4191133975982666,0,0.0,0,0.0,0,53.469120025634766,2,7
SH,Mamba,73,939,652,652,65.2,0.3240404725074768,0.4613783657550812,5.876512050628662,7.156434535980225,0.5872876048088074,0,-1,1,420,0.6441717791411042,2.0,652,0.4798479378223419,0,0.0,0,0.0,0,1.5193334817886353,0,5
SH,Mamba,73,940,173,173,17.3,0.3866773247718811,0.48044419288635254,2.422576904296875,3.4983246326446533,0.7713985443115234,0,-1,1,173,1.0,2.0,173,1.1362051963806152,0,0.0,0,0.0,0,13.277044296264648,0,5
SH,Mamba,73,941,916,916,91.60000000000001,0.18153205513954163,0.23375242948532104,9.239880561828613,10.30504035949707,0.2713533043861389,0,-1,1,916,1.0,2.0,916,0.592271089553833,0,0.0,0,0.0,0,9.208405494689941,2,7
SH,Mamba,73,942,225,225,22.5,0.2567059099674225,0.33542683720588684,5.072864532470703,7.310586452484131,0.7866901159286499,1,191,1,123,0.5466666666666666,2.0,191,0.0,0,0.0,0,0.0,0,0.0,0,5
SH,Mamba,73,943,186,186,18.6,0.4231536090373993,0.5033178925514221,3.653088092803955,4.2960028648376465,1.1794354915618896,0,-1,0,0,0.0,2.0,186,2.78312611579895,0,0.0,0,0.0,0,10.870392799377441,1,6
SH,Mamba,73,944,416,416,41.6,0.2889215052127838,0.39383095502853394,3.24487566947937,3.8310508728027344,1.5760529041290283,1,175,1,175,0.4206730769230769,2.0,175,0.0,0,0.0,0,0.0,0,0.0,1,6
SH,Mamba,73,945,255,255,25.5,0.23206809163093567,0.30733153223991394,1.3028476238250732,1.4581326246261597,0.2925732135772705,0,-1,1,205,0.803921568627451,2.0,255,1.289609670639038,0,0.0,0,0.0,0,3.51076078414917,1,6
SH,Mamba,73,946,220,220,22.0,0.2769075036048889,0.3531826436519623,14.784402847290039,17.56688117980957,1.2850972414016724,0,-1,1,83,0.37727272727272726,2.0,220,1.7010397911071777,0,0.0,0,0.0,0,13.399775505065918,0,5
SH,Mamba,73,947,187,187,18.7,0.3916085660457611,0.5218529105186462,0.8847070336341858,1.1178456544876099,0.4161921739578247,1,185,1,185,0.9893048128342246,2.0,185,0.0,0,0.0,0,0.0,0,0.0,0,5
SH,Mamba,73,948,232,232,23.200000000000003,0.39708250761032104,0.5280210375785828,1.3145781755447388,1.4730162620544434,0.38078099489212036,1,222,1,222,0.9568965517241379,2.0,222,0.0,0,0.0,0,0.0,0,0.0,1,6
SH,Mamba,73,949,182,182,18.2,0.39824336767196655,0.47530078887939453,9.652405738830566,11.622621536254883,1.0986347198486328,0,-1,0,0,0.0,2.0,182,2.774575710296631,0,0.0,0,0.0,0,24.429479598999023,1,6
SH,Mamba,73,950,174,174,17.400000000000002,0.3245534896850586,0.36552560329437256,0.7414184808731079,0.9397642016410828,0.46619120240211487,0,-1,1,174,1.0,2.0,174,0.9895586967468262,0,0.0,0,0.0,0,8.951626777648926,1,6
SH,Mamba,73,951,829,829,82.9,0.2364753633737564,0.31182339787483215,1.4547982215881348,1.860998272895813,0.26424556970596313,0,-1,1,829,1.0,2.0,829,0.8530734777450562,0,0.0,0,0.0,0,7.0702738761901855,1,6
SH,Mamba,73,952,325,325,32.5,0.18746061623096466,0.23662444949150085,3.980286121368408,5.563350200653076,0.5342633128166199,0,-1,1,325,1.0,2.0,325,0.8746210932731628,0,0.0,0,0.0,0,13.58154582977295,1,6
SH,Mamba,73,953,201,201,20.1,0.13342441618442535,0.16292700171470642,5.242274284362793,7.340847015380859,0.9419678449630737,0,-1,1,72,0.3582089552238806,2.0,201,1.5496631860733032,0,0.0,0,0.0,0,28.30124855041504,1,6
SH,Mamba,73,954,197,197,19.700000000000003,0.24868541955947876,0.30714499950408936,2.2319607734680176,2.5717291831970215,0.5971944332122803,0,-1,0,0,0.0,2.0,197,2.088737726211548,0,0.0,0,0.0,0,21.29704475402832,1,6
SH,Mamba,73,955,223,223,22.3,0.31610533595085144,0.42435500025749207,2.4119017124176025,3.147069215774536,0.5406478047370911,0,-1,0,0,0.0,2.0,223,3.0440666675567627,0,0.0,0,0.0,0,5.9181623458862305,2,7
SH,Mamba,73,956,208,208,20.8,0.2611163258552551,0.3223477602005005,1.5437153577804565,1.907224416732788,0.35610321164131165,0,-1,0,0,0.0,2.0,208,2.488990068435669,0,0.0,0,0.0,0,4.430167198181152,2,7
SH,Mamba,73,957,159,159,15.9,0.2977686822414398,0.45433616638183594,0.8430707454681396,1.112988829612732,0.39065831899642944,0,-1,1,159,1.0,2.0,159,0.27938827872276306,0,0.0,0,0.0,0,0.7572662234306335,0,5
SH,Mamba,73,958,189,189,18.900000000000002,0.5439461469650269,0.7513244152069092,6.435888767242432,11.345904350280762,2.3193702697753906,0,-1,1,150,0.7936507936507936,2.0,189,0.5257077813148499,0,0.0,0,0.0,0,7.684828281402588,1,6
SH,Mamba,73,959,230,230,23.0,0.22385771572589874,0.29993128776550293,1.0756003856658936,1.5925655364990234,0.34038782119750977,0,-1,1,230,1.0,2.0,230,0.8072006106376648,0,0.0,0,0.0,0,6.9272780418396,1,6
SH,Mamba,73,960,221,221,22.1,0.30490463972091675,0.42248013615608215,1.279093623161316,1.7127468585968018,0.48617422580718994,1,162,1,162,0.7330316742081447,2.0,162,0.0,0,0.0,0,0.0,0,0.0,2,7
SH,Mamba,73,961,167,167,16.7,0.24171409010887146,0.30359941720962524,2.279590368270874,2.7673985958099365,0.3539492189884186,0,-1,0,0,0.0,2.0,167,2.3264830112457275,0,0.0,0,0.0,0,12.619120597839355,0,5
SH,Mamba,73,962,209,209,20.900000000000002,0.3528241217136383,0.5686200261116028,1.2985386848449707,1.900412678718567,0.7207063436508179,0,-1,0,0,0.0,2.0,209,2.3510215282440186,0,0.0,0,0.0,0,24.801422119140625,1,6
SH,Mamba,73,963,705,705,70.5,0.4017333984375,0.5656904578208923,7.599679946899414,8.939950942993164,1.7467235326766968,1,573,1,573,0.8127659574468085,2.0,573,0.0,0,0.0,0,0.0,0,0.0,1,6
SH,Mamba,73,964,133,133,13.3,0.23320072889328003,0.2910674512386322,1.6493301391601562,1.7655738592147827,0.2424357682466507,1,123,1,79,0.5939849624060151,2.0,123,0.0,0,0.0,0,0.0,0,0.0,2,7
SH,Mamba,73,965,204,204,20.400000000000002,0.2494291067123413,0.34844812750816345,3.314415693283081,3.8578100204467773,0.3859572410583496,0,-1,1,186,0.9117647058823529,2.0,204,1.1581898927688599,0,0.0,0,0.0,0,4.006032943725586,2,7
SH,Mamba,73,966,144,144,14.4,0.2289067953824997,0.2910815179347992,8.092623710632324,10.178171157836914,1.4859384298324585,0,-1,1,44,0.3055555555555556,2.0,144,1.823521375656128,0,0.0,0,0.0,0,32.44217300415039,1,6
SH,Mamba,73,967,752,752,75.2,0.2310621440410614,0.29090097546577454,5.575586318969727,6.167166709899902,0.4683026969432831,0,-1,1,752,1.0,2.0,752,0.8958309888839722,0,0.0,0,0.0,0,21.017953872680664,2,7
SH,Mamba,73,968,191,191,19.1,0.17714273929595947,0.21989476680755615,2.982426404953003,3.467036724090576,0.469049870967865,0,-1,1,49,0.25654450261780104,2.0,191,1.8222692012786865,0,0.0,0,0.0,0,39.29817199707031,1,6
SH,Mamba,73,969,361,361,36.1,0.6530762314796448,1.0317734479904175,15.79416275024414,18.982410430908203,1.3107775449752808,0,-1,1,322,0.8919667590027701,2.0,361,1.1534364223480225,0,0.0,0,0.0,0,7.907909393310547,2,7
SH,Mamba,73,970,300,300,30.0,0.1493554413318634,0.26055267453193665,4.394189357757568,5.133459091186523,1.2978692054748535,1,188,1,188,0.6266666666666667,2.0,188,0.0,0,0.0,0,0.0,0,0.0,2,7
SH,Mamba,73,971,376,376,37.6,0.14552733302116394,0.20611219108104706,13.370590209960938,15.260758399963379,0.6699578166007996,0,-1,1,376,1.0,2.0,376,0.76617032289505,0,0.0,0,0.0,0,14.073692321777344,1,6
SH,Mamba,73,972,631,631,63.1,0.2698180675506592,0.3838992118835449,8.957467079162598,11.066031455993652,0.9787726402282715,0,-1,1,464,0.7353407290015848,2.0,631,1.2817357778549194,0,0.0,0,0.0,0,4.57799768447876,0,5
SH,Mamba,73,973,176,176,17.6,0.47773855924606323,0.586590051651001,15.880576133728027,22.667755126953125,3.155693292617798,0,-1,0,0,0.0,2.0,176,6.930330276489258,0,0.0,0,0.0,0,36.32167053222656,1,6
SH,Mamba,73,974,386,386,38.6,0.1980021595954895,0.2618430256843567,0.7869446277618408,0.9725409746170044,0.28296640515327454,0,-1,1,374,0.9689119170984456,2.0,386,1.1640307903289795,0,0.0,0,0.0,0,5.131546497344971,2,7
SH,Mamba,73,975,224,224,22.400000000000002,0.39285632967948914,0.4323737621307373,9.167481422424316,13.138361930847168,1.6073881387710571,0,-1,0,0,0.0,2.0,224,4.941050052642822,0,0.0,0,0.0,0,13.17995834350586,1,6
SH,Mamba,73,976,460,460,46.0,0.2156408429145813,0.2641601860523224,18.740530014038086,23.561037063598633,0.9856734275817871,0,-1,1,415,0.9021739130434783,2.0,460,1.1215318441390991,0,0.0,0,0.0,0,30.57933235168457,0,5
SH,Mamba,73,977,193,193,19.3,0.11845406889915466,0.14537188410758972,3.8528053760528564,4.642752170562744,0.35819342732429504,0,-1,1,193,1.0,2.0,193,0.39052924513816833,0,0.0,0,0.0,0,7.417102813720703,2,7
SH,Mamba,73,978,162,162,16.2,0.18857111036777496,0.23840473592281342,6.328070640563965,8.488484382629395,1.1039468050003052,0,-1,1,106,0.654320987654321,2.0,162,1.4568861722946167,0,0.0,0,0.0,0,28.69049072265625,0,5
SH,Mamba,73,979,134,134,13.4,0.16101960837841034,0.1991206407546997,1.41702401638031,1.6324597597122192,0.19946792721748352,0,-1,1,134,1.0,2.0,134,1.64577317237854,0,0.0,0,0.0,0,24.813318252563477,0,5
SH,Mamba,73,980,207,207,20.700000000000003,0.20060871541500092,0.2705868184566498,2.4873249530792236,2.932063102722168,0.33264538645744324,1,174,1,172,0.8309178743961353,2.0,174,0.0,0,0.0,0,0.0,0,0.0,0,5
SH,Mamba,73,981,306,306,30.6,0.20573550462722778,0.2811124324798584,2.763331413269043,4.178178787231445,0.5103065967559814,0,-1,1,267,0.8725490196078431,2.0,306,1.374998927116394,0,0.0,0,0.0,0,7.221119403839111,1,6
SH,Mamba,73,982,277,277,27.700000000000003,0.20941713452339172,0.24210549890995026,8.767956733703613,9.69466781616211,0.5091922283172607,0,-1,1,277,1.0,2.0,277,0.4683153033256531,0,0.0,0,0.0,0,8.45937728881836,2,7
SH,Mamba,73,983,530,530,53.0,0.265314519405365,0.3815937340259552,2.3690288066864014,2.7132081985473633,0.5742537379264832,0,-1,1,530,1.0,2.0,530,0.7054705023765564,0,0.0,0,0.0,0,8.475995063781738,1,6
SH,Mamba,73,984,153,153,15.3,0.31494224071502686,0.37666261196136475,5.425844192504883,6.407820224761963,0.5982059240341187,0,-1,1,96,0.6274509803921569,2.0,153,1.6291438341140747,0,0.0,0,0.0,0,20.392459869384766,0,5
SH,Mamba,73,985,159,159,15.9,0.2843698263168335,0.36374709010124207,3.0440402030944824,4.443026065826416,0.46591684222221375,1,140,1,57,0.3584905660377358,2.0,140,0.0,0,0.0,0,0.0,0,0.0,1,6
SH,Mamba,73,986,173,173,17.3,0.23210328817367554,0.2967251241207123,2.5605263710021973,2.90525484085083,0.3687323033809662,0,-1,1,173,1.0,2.0,173,1.452600121498108,0,0.0,0,0.0,0,13.047450065612793,1,6
SH,Mamba,73,987,161,161,16.1,0.2253345251083374,0.276292622089386,2.9519095420837402,4.49631404876709,0.7303956151008606,0,-1,1,161,1.0,2.0,161,0.7835431098937988,0,0.0,0,0.0,0,6.845425605773926,0,5
SH,Mamba,73,988,219,219,21.900000000000002,0.39164403080940247,0.4626069962978363,10.823246002197266,13.197022438049316,1.2786483764648438,0,-1,0,0,0.0,2.0,219,2.4192519187927246,0,0.0,0,0.0,0,5.81278657913208,1,6
SH,Mamba,73,989,272,272,27.200000000000003,0.31759557127952576,0.44419005513191223,2.7007322311401367,3.447260618209839,0.6797704100608826,0,-1,1,114,0.41911764705882354,2.0,272,1.4648836851119995,0,0.0,0,0.0,0,3.662214517593384,0,5
SH,Mamba,73,990,304,304,30.400000000000002,0.14380429685115814,0.18776479363441467,15.329813003540039,19.491180419921875,1.136056900024414,0,-1,1,237,0.7796052631578947,2.0,304,1.481432318687439,0,0.0,0,0.0,0,5.643464088439941,1,6
SH,Mamba,73,991,494,494,49.400000000000006,0.32273349165916443,0.3901757299900055,1.6013346910476685,2.5269553661346436,0.5921233296394348,0,-1,1,401,0.8117408906882592,2.0,494,0.6980608105659485,0,0.0,0,0.0,0,9.296889305114746,0,5
SH,Mamba,73,992,137,137,13.700000000000001,0.24138273298740387,0.29217270016670227,1.3809908628463745,1.8614360094070435,0.398739755153656,0,-1,0,0,0.0,2.0,137,3.24750018119812,0,0.0,0,0.0,0,5.83260440826416,2,7
SH,Mamba,73,993,274,274,27.400000000000002,0.39109572768211365,0.4983329176902771,1.2807399034500122,1.6568495035171509,0.5873396396636963,0,-1,1,274,1.0,2.0,274,0.5402136445045471,0,0.0,0,0.0,0,3.0527420043945312,0,5
SH,Mamba,73,994,364,364,36.4,0.27912798523902893,0.3342188596725464,6.3561482429504395,7.161260604858398,0.4589129090309143,0,-1,1,364,1.0,2.0,364,1.1448042392730713,0,0.0,0,0.0,0,5.040731430053711,1,6
SH,Mamba,73,995,426,426,42.6,0.12293380498886108,0.1514425426721573,2.7354788780212402,3.4276232719421387,0.26646727323532104,0,-1,1,426,1.0,2.0,426,1.224931240081787,0,0.0,0,0.0,0,15.58242130279541,0,5
SH,Mamba,73,996,197,197,19.700000000000003,0.31908345222473145,0.3848060071468353,14.980134963989258,17.963497161865234,1.5098974704742432,0,-1,0,0,0.0,2.0,197,3.8890771865844727,0,0.0,0,0.0,0,61.72847366333008,2,7
SH,Mamba,73,997,673,673,67.3,0.30138957500457764,0.38361600041389465,9.150613784790039,11.541486740112305,0.7969340682029724,0,-1,1,334,0.4962852897473997,2.0,673,1.3066943883895874,0,0.0,0,0.0,0,6.399360656738281,1,6
SH,Mamba,73,998,456,456,45.6,0.19285842776298523,0.28901928663253784,2.6048154830932617,2.786074638366699,1.0583698749542236,1,173,1,173,0.3793859649122807,2.0,173,0.0,0,0.0,0,0.0,0,0.0,0,5
SH,Mamba,73,999,311,311,31.1,0.5467283725738525,0.7093961238861084,8.556904792785645,11.681368827819824,1.3384580612182617,0,-1,1,311,1.0,2.0,311,0.7585923671722412,0,0.0,0,0.0,0,4.0856146812438965,1,6
SH,Mamba,73,1000,235,235,23.5,0.31569600105285645,0.41231003403663635,6.431436061859131,8.198887825012207,1.6138412952423096,0,-1,1,204,0.8680851063829788,2.0,235,1.2048982381820679,0,0.0,0,0.0,0,13.710936546325684,2,7
SH,Mamba,73,1001,401,401,40.1,0.27291521430015564,0.40554386377334595,2.098877191543579,2.489863157272339,0.4472251236438751,0,-1,1,401,1.0,2.0,401,0.4936661720275879,0,0.0,0,0.0,0,3.2805676460266113,0,5
SH,Mamba,73,1002,482,482,48.2,0.6389238238334656,0.892362117767334,8.193201065063477,9.646871566772461,3.225370407104492,1,258,1,258,0.5352697095435685,2.0,258,0.0,0,0.0,0,0.0,0,0.0,0,5
SH,Mamba,73,1003,279,279,27.900000000000002,0.3345884084701538,0.4313752353191376,0.6540822386741638,0.8585317730903625,0.3156353235244751,0,-1,1,279,1.0,2.0,279,0.8314842581748962,0,0.0,0,0.0,0,3.816861867904663,1,6
SH,Mamba,73,1004,146,146,14.600000000000001,0.34728896617889404,0.4222164452075958,2.7443020343780518,3.26348614692688,0.8222206830978394,0,-1,1,58,0.3972602739726027,2.0,146,1.8491954803466797,0,0.0,0,0.0,0,9.460761070251465,1,6
SH,Mamba,73,1005,386,386,38.6,0.5558760762214661,0.7857678532600403,5.553355693817139,7.242802143096924,1.0470811128616333,0,-1,0,0,0.0,2.0,386,2.0269367694854736,0,0.0,0,0.0,0,6.111645221710205,1,6
SH,Mamba,73,1006,331,331,33.1,0.37253910303115845,0.5665518641471863,3.3175048828125,4.449449062347412,0.681313157081604,0,-1,1,331,1.0,2.0,331,0.8262142539024353,0,0.0,0,0.0,0,3.878338098526001,2,7
SH,Mamba,73,1007,166,166,16.6,0.23511208593845367,0.2920330762863159,6.830489158630371,8.985669136047363,1.1848375797271729,0,-1,0,0,0.0,2.0,166,2.490182876586914,0,0.0,0,0.0,0,62.61990737915039,0,5
SH,Mamba,73,1008,343,343,34.300000000000004,0.2023242861032486,0.24836961925029755,5.716176986694336,6.9382643699646,0.6036202311515808,0,-1,1,343,1.0,2.0,343,0.24249975383281708,0,0.0,0,0.0,0,4.847159385681152,0,5
SH,Mamba,73,1009,366,366,36.6,0.23818984627723694,0.3060077130794525,3.3035778999328613,3.9199984073638916,0.48619359731674194,1,335,1,192,0.5245901639344263,2.0,335,0.0,0,0.0,0,0.0,0,0.0,0,5
SH,Mamba,73,1010,383,383,38.300000000000004,0.18189305067062378,0.2984575927257538,3.7013089656829834,4.167283058166504,1.1099956035614014,1,166,1,146,0.381201044386423,2.0,166,0.0,0,0.0,0,0.0,0,0.0,1,6
SH,Mamba,73,1011,132,132,13.200000000000001,0.22298574447631836,0.2705070972442627,2.068002462387085,3.249704599380493,0.6601381301879883,0,-1,0,0,0.0,2.0,132,3.8087947368621826,0,0.0,0,0.0,0,43.97515106201172,1,6
SH,Mamba,73,1012,246,246,24.6,0.1138901636004448,0.1471720039844513,1.992002010345459,2.3258719444274902,0.11381129175424576,0,-1,1,121,0.491869918699187,2.0,246,1.2745004892349243,0,0.0,0,0.0,0,30.329004287719727,1,6
SH,Mamba,73,1013,767,767,76.7,0.31521743535995483,0.512651264667511,4.045536994934082,5.348756790161133,0.6062800288200378,0,-1,1,317,0.4132985658409387,2.0,767,1.175586223602295,0,0.0,0,0.0,0,7.269264221191406,2,7
SH,Mamba,73,1014,490,490,49.0,0.3358038365840912,0.40806084871292114,6.419058322906494,7.75607442855835,0.6881226301193237,0,-1,1,490,1.0,2.0,490,0.628810703754425,0,0.0,0,0.0,0,5.038656234741211,2,7
SH,Mamba,73,1015,311,311,31.1,0.13749247789382935,0.18147917091846466,2.833420991897583,3.264784097671509,0.2534017264842987,0,-1,1,311,1.0,2.0,311,0.6528133749961853,0,0.0,0,0.0,0,16.06458282470703,0,5
SH,Mamba,73,1016,222,222,22.200000000000003,0.22052104771137238,0.3037455976009369,9.152849197387695,11.520737648010254,0.9048279523849487,0,-1,1,222,1.0,2.0,222,1.0039259195327759,0,0.0,0,0.0,0,7.191784858703613,1,6
SH,Mamba,73,1017,269,269,26.900000000000002,0.16440589725971222,0.21407794952392578,4.888542652130127,8.26087474822998,0.9943875074386597,0,-1,1,108,0.40148698884758366,2.0,269,1.6863646507263184,0,0.0,0,0.0,0,36.60702133178711,2,7
SH,Mamba,73,1018,364,364,36.4,0.31338241696357727,0.4119536578655243,1.6409549713134766,2.033581256866455,0.48509421944618225,1,334,1,334,0.9175824175824175,2.0,334,0.0,0,0.0,0,0.0,0,0.0,2,7
SH,Mamba,73,1019,257,257,25.700000000000003,0.24914894998073578,0.32880836725234985,1.9965202808380127,2.245365619659424,0.4580315947532654,0,-1,1,257,1.0,2.0,257,0.6283152103424072,0,0.0,0,0.0,0,2.7049717903137207,0,5
SH,Mamba,73,1020,173,173,17.3,0.17049512267112732,0.2273682951927185,1.4687360525131226,1.8000062704086304,0.3213297128677368,0,-1,1,173,1.0,2.0,173,0.47363582253456116,0,0.0,0,0.0,0,11.327014923095703,2,7
SH,Mamba,73,1021,842,842,84.2,0.13989579677581787,0.17806871235370636,6.771175861358643,7.283239364624023,0.34052228927612305,0,-1,1,622,0.7387173396674585,2.0,842,0.4311838746070862,0,0.0,0,0.0,0,7.924377918243408,1,6
SH,Mamba,73,1022,217,217,21.700000000000003,0.38408276438713074,0.5068066120147705,6.920799255371094,7.725350856781006,0.9343541860580444,0,-1,0,0,0.0,2.0,217,2.3936290740966797,0,0.0,0,0.0,0,7.212846755981445,1,6
SH,Mamba,73,1023,139,139,13.9,0.5041258931159973,0.5770672559738159,14.855091094970703,18.54307746887207,2.560509204864502,0,-1,1,139,1.0,2.0,139,1.1242095232009888,0,0.0,0,0.0,0,16.142086029052734,1,6
SH,Mamba,73,1024,174,174,17.400000000000002,0.38445308804512024,0.5217251181602478,2.0297648906707764,3.158639669418335,0.9139153361320496,0,-1,1,124,0.7126436781609196,2.0,174,1.5811526775360107,0,0.0,0,0.0,0,12.947210311889648,2,7
SH,Mamba,73,1025,291,291,29.1,0.2055465281009674,0.2388952672481537,15.547027587890625,18.77766990661621,1.0349854230880737,0,-1,1,242,0.8316151202749141,2.0,291,0.8849353194236755,0,0.0,0,0.0,0,27.18600082397461,0,5
SH,Mamba,73,1026,338,338,33.800000000000004,0.2996225357055664,0.3948255479335785,0.8092225193977356,1.0482983589172363,0.43694156408309937,1,300,1,300,0.8875739644970414,2.0,300,0.0,0,0.0,0,0.0,0,0.0,2,7
SH,Mamba,73,1027,413,413,41.300000000000004,0.26497313380241394,0.3532717525959015,3.2750375270843506,3.776149034500122,0.371985524892807,1,380,1,341,0.8256658595641646,2.0,380,0.0,0,0.0,0,0.0,0,0.0,0,5
SH,Mamba,73,1028,332,332,33.2,0.11585752665996552,0.17471538484096527,4.0220842361450195,6.025949478149414,0.44733113050460815,0,-1,0,0,0.0,2.0,332,2.1505930423736572,0,0.0,0,0.0,0,51.9857292175293,2,7
SH,Mamba,73,1029,224,224,22.400000000000002,0.25590115785598755,0.35762158036231995,6.411465167999268,8.0886869430542,0.6492816805839539,0,-1,1,35,0.15625,2.0,224,1.6219432353973389,0,0.0,0,0.0,0,10.138738632202148,2,7
SH,Mamba,73,1030,319,319,31.900000000000002,0.22485588490962982,0.3406713306903839,3.0807812213897705,3.5059213638305664,0.5641933679580688,0,-1,1,104,0.32601880877742945,2.0,319,1.6365758180618286,0,0.0,0,0.0,0,11.721848487854004,1,6
SH,Mamba,73,1031,150,150,15.0,0.29751351475715637,0.37571582198143005,3.9854049682617188,5.532952785491943,0.756630539894104,0,-1,1,150,1.0,2.0,150,1.0424015522003174,0,0.0,0,0.0,0,19.432476043701172,0,5
SH,Mamba,73,1032,185,185,18.5,0.23216183483600616,0.2810703217983246,2.9144604206085205,3.7042272090911865,0.4880565404891968,0,-1,1,118,0.6378378378378379,2.0,185,1.4102364778518677,0,0.0,0,0.0,0,1.992798089981079,0,5
SH,Mamba,73,1033,178,178,17.8,0.3494597375392914,0.4702041745185852,2.7436656951904297,3.7078492641448975,0.5354782342910767,0,-1,1,178,1.0,2.0,178,1.008156657218933,0,0.0,0,0.0,0,9.32541275024414,0,5
SH,Mamba,73,1034,182,182,18.2,0.40989550948143005,0.4763966500759125,6.096474647521973,7.078873157501221,1.0279011726379395,0,-1,0,0,0.0,2.0,182,2.641343116760254,0,0.0,0,0.0,0,1.386963963508606,2,7
SH,Mamba,73,1035,359,359,35.9,0.24559615552425385,0.33185020089149475,4.29571533203125,4.926742076873779,0.39032262563705444,0,-1,1,169,0.47075208913649025,2.0,359,1.0695613622665405,0,0.0,0,0.0,0,1.9258147478103638,1,6
SH,Mamba,73,1036,145,145,14.5,0.4862731993198395,0.5796518325805664,1.0980206727981567,1.3542128801345825,0.49455130100250244,1,143,1,121,0.8344827586206897,2.0,143,0.0,0,0.0,0,0.0,0,0.0,0,5
SH,Mamba,73,1037,476,476,47.6,0.34563782811164856,0.42835307121276855,6.5598578453063965,9.497543334960938,0.5212311148643494,0,-1,1,443,0.930672268907563,2.0,476,0.6849541068077087,0,0.0,0,0.0,0,1.4724236726760864,2,7
SH,Mamba,73,1038,229,229,22.900000000000002,0.19721849262714386,0.2509908676147461,5.767784118652344,6.522148132324219,0.5690196752548218,1,183,1,183,0.7991266375545851,2.0,183,0.0,0,0.0,0,0.0,0,0.0,2,7
SH,Mamba,73,1039,145,145,14.5,0.22691373527050018,0.2647571563720703,6.981578826904297,8.493302345275879,1.1352789402008057,0,-1,1,96,0.6620689655172414,2.0,145,1.3901044130325317,0,0.0,0,0.0,0,11.239304542541504,1,6
SH,Mamba,73,1040,158,158,15.8,0.19956398010253906,0.2301521599292755,2.6459250450134277,3.1327199935913086,0.5763720273971558,0,-1,1,158,1.0,2.0,158,1.648394227027893,0,0.0,0,0.0,0,25.92966651916504,2,7
SH,Mamba,73,1041,135,135,13.5,0.14447152614593506,0.2235029935836792,4.818349838256836,5.657289981842041,0.6496662497520447,0,-1,0,0,0.0,2.0,135,2.442782402038574,0,0.0,0,0.0,0,80.1873779296875,1,6
SH,Mamba,73,1042,494,494,49.400000000000006,0.22418254613876343,0.31431683897972107,4.918636322021484,5.614858150482178,0.5846884846687317,1,421,1,365,0.7388663967611336,2.0,421,0.0,0,0.0,0,0.0,0,0.0,1,6
SH,Mamba,73,1043,351,351,35.1,0.13187211751937866,0.15410587191581726,4.2449631690979,4.871008396148682,0.5119050145149231,0,-1,1,351,1.0,2.0,351,0.770524799823761,0,0.0,0,0.0,0,19.01679801940918,0,5
SH,Mamba,73,1044,236,236,23.6,0.2449154108762741,0.34184348583221436,2.622511863708496,3.2814881801605225,0.3190953731536865,1,215,1,188,0.7966101694915254,2.0,215,0.0,0,0.0,0,0.0,0,0.0,1,6
SH,Mamba,73,1045,137,137,13.700000000000001,0.4271800220012665,0.5958329439163208,1.9025863409042358,2.3625593185424805,0.5463201999664307,0,-1,0,0,0.0,2.0,137,2.9630730152130127,0,0.0,0,0.0,0,4.697714805603027,0,5
SH,Mamba,73,1046,391,391,39.1,0.23792234063148499,0.38792675733566284,2.2913906574249268,2.6914243698120117,0.3041742742061615,0,-1,1,358,0.9156010230179028,2.0,391,0.5371692776679993,0,0.0,0,0.0,0,1.8770837783813477,1,6
SH,Mamba,73,1047,158,158,15.8,0.24302098155021667,0.3341280519962311,1.649497151374817,1.9538230895996094,0.9884200096130371,1,57,1,57,0.36075949367088606,2.0,57,0.0,0,0.0,0,0.0,0,0.0,0,5
SH,Mamba,73,1048,185,185,18.5,0.36534279584884644,0.44488292932510376,2.9293057918548584,3.5259499549865723,0.6576221585273743,0,-1,0,0,0.0,2.0,185,2.2902793884277344,0,0.0,0,0.0,0,7.723779201507568,1,6
SH,Mamba,73,1049,202,202,20.200000000000003,0.7003564834594727,0.8670297861099243,1.5997378826141357,2.434608221054077,1.0131694078445435,0,-1,1,202,1.0,2.0,202,0.596592903137207,0,0.0,0,0.0,0,2.077937602996826,0,5
SH,Mamba,73,1050,440,440,44.0,0.1991342008113861,0.24381141364574432,3.1610705852508545,3.481081485748291,0.8746346831321716,1,343,1,318,0.7227272727272728,2.0,343,0.0,0,0.0,0,0.0,0,0.0,2,7
SH,Mamba,73,1051,147,147,14.700000000000001,0.20011746883392334,0.2626246213912964,2.165273904800415,2.8665778636932373,0.4139178395271301,0,-1,1,78,0.5306122448979592,2.0,147,1.867444396018982,0,0.0,0,0.0,0,3.6573598384857178,1,6
SH,Mamba,73,1052,145,145,14.5,0.2776574492454529,0.336408406496048,2.735417366027832,3.4770326614379883,0.5832183361053467,0,-1,1,113,0.7793103448275862,2.0,145,1.5081208944320679,0,0.0,0,0.0,0,22.895551681518555,2,7
SH,Mamba,73,1053,350,350,35.0,0.2693045139312744,0.3420321047306061,1.5459496974945068,2.0665454864501953,0.4144723415374756,0,-1,1,338,0.9657142857142857,2.0,350,1.0025185346603394,0,0.0,0,0.0,0,3.4727277755737305,2,7
SH,Mamba,73,1054,194,194,19.400000000000002,0.17488054931163788,0.20962536334991455,1.2352546453475952,1.6243232488632202,0.3982104957103729,0,-1,1,124,0.6391752577319587,2.0,194,1.6310338973999023,0,0.0,0,0.0,0,8.218165397644043,1,6
SH,Mamba,73,1055,145,145,14.5,0.046590887010097504,0.05934349074959755,0.4678455889225006,0.6613616943359375,0.13807053864002228,0,-1,1,71,0.4896551724137931,2.0,145,0.8761507272720337,0,0.0,0,0.0,0,25.760177612304688,0,5
SH,Mamba,73,1056,150,150,15.0,0.32797595858573914,0.4487625062465668,2.99358868598938,4.49187707901001,0.831743597984314,0,-1,1,100,0.6666666666666666,2.0,150,0.9352464079856873,0,0.0,0,0.0,0,25.68167495727539,1,6
SH,Mamba,73,1057,199,199,19.900000000000002,0.15137138962745667,0.19169603288173676,3.2297418117523193,3.8635575771331787,0.5057528614997864,0,-1,1,199,1.0,2.0,199,1.2737250328063965,0,0.0,0,0.0,0,26.263904571533203,1,6
SH,Mamba,73,1058,1055,1055,105.5,0.22626075148582458,0.2813223600387573,4.691370964050293,5.471241474151611,0.4427884817123413,0,-1,1,1055,1.0,2.0,1055,0.40020832419395447,0,0.0,0,0.0,0,4.63527250289917,2,7
SH,Mamba,73,1059,177,177,17.7,0.2737034857273102,0.3307760953903198,2.2520954608917236,3.7045271396636963,0.6316967010498047,0,-1,1,165,0.9322033898305084,2.0,177,1.4000184535980225,0,0.0,0,0.0,0,8.802717208862305,0,5
SH,Mamba,73,1060,481,481,48.1,0.09501603990793228,0.12263956665992737,1.0813311338424683,1.2834675312042236,0.1764339953660965,0,-1,1,481,1.0,2.0,481,0.7020871043205261,0,0.0,0,0.0,0,13.759316444396973,2,7
SH,Mamba,73,1061,1235,1235,123.5,0.3404088616371155,0.4688536822795868,5.219277381896973,6.426571846008301,2.298985719680786,1,536,1,536,0.4340080971659919,2.0,536,0.0,0,0.0,0,0.0,0,0.0,2,7
SH,Mamba,73,1062,142,142,14.200000000000001,0.23178251087665558,0.2948266267776489,1.0118473768234253,1.3711811304092407,0.36545461416244507,0,-1,0,0,0.0,2.0,142,2.0113685131073,0,0.0,0,0.0,0,6.721336841583252,1,6
SH,Mamba,73,1063,612,612,61.2,0.45150870084762573,0.5223821997642517,8.441733360290527,9.303898811340332,0.7505406141281128,0,-1,1,612,1.0,2.0,612,0.8903073072433472,0,0.0,0,0.0,0,10.850436210632324,1,6
SH,Mamba,73,1064,212,212,21.200000000000003,0.23515622317790985,0.31542420387268066,1.3118568658828735,1.5244477987289429,0.31053316593170166,0,-1,1,150,0.7075471698113207,2.0,212,1.3523974418640137,0,0.0,0,0.0,0,8.726544380187988,2,7
SH,Mamba,73,1065,370,370,37.0,0.12006542831659317,0.14961273968219757,9.84982681274414,14.510979652404785,1.0533360242843628,0,-1,1,37,0.1,2.0,370,1.587599515914917,0,0.0,0,0.0,0,45.78264617919922,2,7
SH,Mamba,73,1066,363,363,36.300000000000004,0.3715894818305969,0.45045173168182373,1.2927216291427612,1.6189268827438354,0.44384127855300903,0,-1,1,315,0.8677685950413223,2.0,363,1.010863184928894,0,0.0,0,0.0,0,3.1427676677703857,1,6
SH,Mamba,73,1067,159,159,15.9,0.6573569178581238,0.8915956020355225,3.0558366775512695,3.7095625400543213,0.7841612100601196,0,-1,1,159,1.0,2.0,159,0.9488466382026672,0,0.0,0,0.0,0,2.5731801986694336,2,7
SH,Mamba,73,1068,526,526,52.6,0.2582753300666809,0.3277275860309601,2.0830724239349365,2.3641862869262695,0.40082526206970215,1,502,1,450,0.8555133079847909,2.0,502,0.0,0,0.0,0,0.0,0,0.0,2,7
SH,Mamba,73,1069,152,152,15.200000000000001,0.18290969729423523,0.2473651021718979,5.684865474700928,7.215014934539795,0.8877261281013489,0,-1,1,152,1.0,2.0,152,0.8437821269035339,0,0.0,0,0.0,0,17.1855525970459,2,7
SH,Mamba,73,1070,200,200,20.0,0.523140549659729,0.608121395111084,6.919401168823242,8.386457443237305,1.1996515989303589,1,169,1,169,0.845,2.0,169,0.0,0,0.0,0,0.0,0,0.0,0,5
SH,Mamba,73,1071,667,667,66.7,0.30305394530296326,0.41873735189437866,3.4980859756469727,3.742176055908203,0.41161367297172546,0,-1,1,667,1.0,2.0,667,0.8074877858161926,0,0.0,0,0.0,0,6.6659159660339355,2,7
SH,Mamba,73,1072,254,254,25.400000000000002,0.5294541120529175,0.7483260631561279,5.531475067138672,11.139775276184082,1.735785961151123,0,-1,1,108,0.4251968503937008,2.0,254,1.7171398401260376,0,0.0,0,0.0,0,2.7679107189178467,0,5
SH,Mamba,73,1073,270,270,27.0,0.32643231749534607,0.38180986046791077,3.8892831802368164,4.588871002197266,0.7458513379096985,0,-1,1,193,0.7148148148148148,2.0,270,0.39322400093078613,0,0.0,0,0.0,0,0.0706963837146759,1,6
SH,Mamba,73,1074,538,538,53.800000000000004,0.22866412997245789,0.28518223762512207,3.6709654331207275,3.9847755432128906,0.33254873752593994,0,-1,1,538,1.0,2.0,538,0.3919132947921753,0,0.0,0,0.0,0,1.6772394180297852,0,5
SH,Mamba,73,1075,483,483,48.300000000000004,0.2500872313976288,0.31072619557380676,10.121747016906738,12.288765907287598,0.7659540176391602,0,-1,1,233,0.4824016563146998,2.0,483,0.766021728515625,0,0.0,0,0.0,0,12.484975814819336,0,5
SH,Mamba,73,1076,273,273,27.3,0.230772003531456,0.3130616545677185,0.7510326504707336,0.8281344771385193,0.3095397353172302,1,272,1,82,0.30036630036630035,2.0,272,0.0,0,0.0,0,0.0,0,0.0,1,6
SH,Mamba,73,1077,837,837,83.7,0.3259359300136566,0.4697376489639282,4.293687343597412,5.166212558746338,0.4381920099258423,1,809,1,477,0.5698924731182796,2.0,809,0.0,0,0.0,0,0.0,0,0.0,2,7
SH,Mamba,73,1078,269,269,26.900000000000002,0.25061142444610596,0.30698686838150024,6.947210311889648,7.611023902893066,0.5138790607452393,0,-1,1,269,1.0,2.0,269,1.441765308380127,0,0.0,0,0.0,0,5.260127067565918,2,7
SH,Mamba,73,1079,325,325,32.5,0.30599308013916016,0.38088107109069824,4.033295154571533,4.857614040374756,0.5785632729530334,0,-1,1,198,0.6092307692307692,2.0,325,1.529819130897522,0,0.0,0,0.0,0,7.199172496795654,2,7
SH,Mamba,73,1080,441,441,44.1,0.24760232865810394,0.298542857170105,5.641303062438965,6.179262161254883,0.331733763217926,0,-1,1,441,1.0,2.0,441,0.9754064679145813,0,0.0,0,0.0,0,15.033470153808594,2,7
SH,Mamba,73,1081,168,168,16.8,0.26502156257629395,0.31539157032966614,2.1512269973754883,2.4001920223236084,0.39693063497543335,0,-1,1,163,0.9702380952380952,2.0,168,1.2355953454971313,0,0.0,0,0.0,0,7.592191696166992,2,7
SH,Mamba,73,1082,191,191,19.1,0.22523130476474762,0.27406248450279236,0.7153621315956116,0.8848118782043457,0.27356451749801636,0,-1,1,191,1.0,2.0,191,1.0123034715652466,0,0.0,0,0.0,0,2.815298080444336,2,7
SH,Mamba,73,1083,301,301,30.1,0.13170282542705536,0.16472584009170532,7.458287715911865,8.426349639892578,0.3791992962360382,0,-1,1,301,1.0,2.0,301,0.69743412733078,0,0.0,0,0.0,0,13.20026969909668,0,5
SH,Mamba,73,1084,146,146,14.600000000000001,0.19513656198978424,0.22377826273441315,5.628596782684326,7.914172649383545,1.2579376697540283,0,-1,1,35,0.23972602739726026,2.0,146,1.3550721406936646,0,0.0,0,0.0,0,31.580360412597656,2,7
SH,Mamba,73,1085,194,194,19.400000000000002,0.2548157572746277,0.31441906094551086,1.648660659790039,1.923204779624939,0.3676493465900421,0,-1,1,194,1.0,2.0,194,0.5765751600265503,0,0.0,0,0.0,0,1.8662322759628296,2,7
SH,Mamba,73,1086,368,368,36.800000000000004,0.23469600081443787,0.29987192153930664,3.046213150024414,3.869868755340576,0.709460437297821,0,-1,0,0,0.0,2.0,368,2.795032024383545,0,0.0,0,0.0,0,4.880429267883301,1,6
SH,Mamba,73,1087,138,138,13.8,0.23987288773059845,0.3062480390071869,1.5524157285690308,1.8234894275665283,0.41345950961112976,0,-1,0,0,0.0,2.0,138,2.0674796104431152,0,0.0,0,0.0,0,1.842045783996582,1,6
SH,Mamba,73,1088,662,662,66.2,0.3284077048301697,0.3898124098777771,2.166708469390869,2.4640979766845703,0.46013662219047546,0,-1,1,615,0.9290030211480362,2.0,662,1.1319694519042969,0,0.0,0,0.0,0,20.867490768432617,2,7
SH,Mamba,73,1089,149,149,14.9,0.14342421293258667,0.17074726521968842,5.161285877227783,6.976034164428711,1.0818723440170288,0,-1,0,0,0.0,2.0,149,2.8607163429260254,0,0.0,0,0.0,0,50.79512023925781,0,5
SH,Mamba,73,1090,193,193,19.3,0.5948745012283325,0.6599891781806946,14.696449279785156,16.754928588867188,2.032961845397949,0,-1,0,0,0.0,2.0,193,3.402038812637329,0,0.0,0,0.0,0,17.02859115600586,0,5
SH,Mamba,73,1091,400,400,40.0,0.24982546269893646,0.3289160132408142,4.194846153259277,4.6679277420043945,0.27393755316734314,0,-1,1,400,1.0,2.0,400,0.5524352788925171,0,0.0,0,0.0,0,2.915463924407959,1,6
SH,Mamba,73,1092,401,401,40.1,0.24030975997447968,0.33031854033470154,3.188746690750122,3.580718755722046,0.4425347149372101,1,343,1,343,0.8553615960099751,2.0,343,0.0,0,0.0,0,0.0,0,0.0,1,6
SH,Mamba,73,1093,324,324,32.4,0.2574271559715271,0.3162688910961151,7.488741874694824,9.783642768859863,0.752454400062561,0,-1,1,214,0.6604938271604939,2.0,324,0.6564834117889404,0,0.0,0,0.0,0,15.833829879760742,1,6
SH,Mamba,73,1094,1075,1075,107.5,0.2751874327659607,0.37425604462623596,7.184060573577881,7.690371036529541,0.5351574420928955,1,991,1,991,0.9218604651162791,2.0,991,0.0,0,0.0,0,0.0,0,0.0,0,5
SH,Mamba,73,1095,308,308,30.8,0.38780516386032104,0.5504931807518005,2.5679750442504883,3.1049909591674805,1.6698628664016724,1,130,1,130,0.42207792207792205,2.0,130,0.0,0,0.0,0,0.0,0,0.0,2,7
SH,Mamba,73,1096,644,644,64.4,0.284294456243515,0.369693785905838,2.647592306137085,2.952285051345825,0.40507298707962036,0,-1,1,644,1.0,2.0,644,0.3901219666004181,0,0.0,0,0.0,0,1.9344502687454224,2,7
SH,Mamba,73,1097,155,155,15.5,0.41581490635871887,0.5558218359947205,11.274542808532715,15.261170387268066,2.0709309577941895,0,-1,1,155,1.0,2.0,155,1.0716371536254883,0,0.0,0,0.0,0,4.6384077072143555,1,6
SH,Mamba,73,1098,163,163,16.3,0.1187223270535469,0.15235549211502075,5.248640537261963,7.372939586639404,0.9586647152900696,0,-1,0,0,0.0,2.0,163,2.7342119216918945,0,0.0,0,0.0,0,28.83635139465332,1,6
SH,Mamba,73,1099,258,258,25.8,0.24186831712722778,0.31195494532585144,14.480998992919922,19.985950469970703,1.6580228805541992,0,-1,1,87,0.3372093023255814,2.0,258,1.8945655822753906,0,0.0,0,0.0,0,14.772250175476074,1,6
SH,Mamba,73,1100,156,156,15.600000000000001,0.3711359202861786,0.4843728542327881,1.7968610525131226,2.2646663188934326,0.31040915846824646,0,-1,1,156,1.0,2.0,156,0.7150057554244995,0,0.0,0,0.0,0,5.222439765930176,1,6
SH,Mamba,73,1101,232,232,23.200000000000003,0.1806337982416153,0.2112228274345398,1.3603061437606812,1.725216031074524,0.13386870920658112,0,-1,1,159,0.6853448275862069,2.0,232,0.22705937922000885,0,0.0,0,0.0,0,0.3729592561721802,2,7
SH,Mamba,73,1102,338,338,33.800000000000004,0.2768087685108185,0.33643263578414917,2.6758675575256348,4.0438103675842285,0.7173385620117188,0,-1,1,338,1.0,2.0,338,0.8476217985153198,0,0.0,0,0.0,0,8.949727058410645,0,5
SH,Mamba,73,1103,633,633,63.300000000000004,0.24433930218219757,0.29978492856025696,5.201327800750732,5.968482494354248,0.45196518301963806,1,560,1,435,0.6872037914691943,2.0,560,0.0,0,0.0,0,0.0,0,0.0,2,7
SH,Mamba,73,1104,138,138,13.8,0.13784119486808777,0.15820133686065674,1.321693778038025,1.9530566930770874,0.38097843527793884,0,-1,0,0,0.0,2.0,138,2.1341681480407715,0,0.0,0,0.0,0,24.159120559692383,2,7
SH,Mamba,73,1105,283,283,28.3,0.23934513330459595,0.30384692549705505,5.614584922790527,6.796311855316162,0.6509995460510254,0,-1,1,250,0.8833922261484098,2.0,283,1.3307656049728394,0,0.0,0,0.0,0,6.476883411407471,0,5
SH,Mamba,73,1106,238,238,23.8,0.18446621298789978,0.23460589349269867,5.104684829711914,5.683248043060303,0.44154050946235657,0,-1,0,0,0.0,2.0,238,2.0589303970336914,0,0.0,0,0.0,0,13.136433601379395,1,6
SH,Mamba,73,1107,200,200,20.0,0.3093359172344208,0.43474081158638,4.0353498458862305,6.1845784187316895,0.8180359601974487,0,-1,1,200,1.0,2.0,200,1.0933114290237427,0,0.0,0,0.0,0,13.260943412780762,1,6
SH,Mamba,73,1108,315,315,31.5,0.45402792096138,0.6254112124443054,28.569141387939453,32.7652702331543,2.031820297241211,0,-1,1,104,0.33015873015873015,2.0,315,1.7672851085662842,0,0.0,0,0.0,0,11.49443531036377,2,7
SH,Mamba,73,1109,136,136,13.600000000000001,0.31379666924476624,0.4217201769351959,2.3693275451660156,3.099937915802002,0.9780855774879456,0,-1,0,0,0.0,2.0,136,9.338427543640137,0,0.0,0,0.0,0,16.209806442260742,2,7
SH,Mamba,73,1110,220,220,22.0,0.2898182272911072,0.3366991877555847,1.0857125520706177,1.9862686395645142,0.5732546448707581,0,-1,1,70,0.3181818181818182,2.0,220,1.6195316314697266,0,0.0,0,0.0,0,12.927226066589355,1,6
SH,Mamba,73,1111,184,184,18.400000000000002,0.44958093762397766,0.5078167915344238,24.226211547851562,30.29024887084961,3.1213150024414062,0,-1,0,0,0.0,2.0,184,3.6347296237945557,0,0.0,0,0.0,0,45.870765686035156,0,5
SH,Mamba,73,1112,177,177,17.7,0.49543267488479614,0.6776341795921326,6.6778082847595215,7.1830973625183105,0.7944507598876953,0,-1,1,105,0.5932203389830508,2.0,177,1.481992483139038,0,0.0,0,0.0,0,5.591437339782715,1,6
SH,Mamba,73,1113,253,253,25.3,0.2797052562236786,0.3408869504928589,8.419499397277832,9.858275413513184,1.053544521331787,0,-1,0,0,0.0,2.0,253,3.9329562187194824,0,0.0,0,0.0,0,69.38204956054688,1,6
SH,Mamba,73,1114,178,178,17.8,0.406566321849823,0.5184438228607178,3.9103212356567383,4.615119457244873,0.8027606010437012,0,-1,1,178,1.0,2.0,178,0.7009836435317993,0,0.0,0,0.0,0,0.9945113658905029,1,6
SH,Mamba,73,1115,274,274,27.400000000000002,0.47658827900886536,0.5970784425735474,8.970709800720215,11.875829696655273,1.5899070501327515,0,-1,0,0,0.0,2.0,274,2.048278331756592,0,0.0,0,0.0,0,2.1029951572418213,1,6
SH,Mamba,73,1116,282,282,28.200000000000003,0.21371188759803772,0.2804318964481354,5.363706111907959,5.468267917633057,0.3050917983055115,0,-1,1,282,1.0,2.0,282,0.5830687284469604,0,0.0,0,0.0,0,2.730666399002075,1,6
SH,Mamba,73,1117,148,148,14.8,0.2397967427968979,0.29343467950820923,3.6948280334472656,4.257806777954102,0.5662654042243958,0,-1,0,0,0.0,2.0,148,2.042924165725708,0,0.0,0,0.0,0,6.216869831085205,0,5
SH,Mamba,73,1118,373,373,37.300000000000004,0.18207944929599762,0.2139873206615448,5.097039222717285,6.192818641662598,0.5344337821006775,0,-1,1,271,0.7265415549597856,2.0,373,1.5915114879608154,0,0.0,0,0.0,0,23.667194366455078,1,6
SH,Mamba,73,1119,204,204,20.400000000000002,1.0829322338104248,1.2863860130310059,22.37539291381836,25.232254028320312,3.2337331771850586,0,-1,0,0,0.0,2.0,204,2.239881753921509,0,0.0,0,0.0,0,15.293072700500488,0,5
SH,Mamba,73,1120,198,198,19.8,0.11990765482187271,0.16348041594028473,8.427634239196777,10.108580589294434,0.9183349609375,0,-1,1,8,0.04040404040404041,2.0,198,1.936024785041809,0,0.0,0,0.0,0,40.449092864990234,2,7
SH,Mamba,73,1121,332,332,33.2,0.42980632185935974,0.5622925758361816,10.222487449645996,13.107576370239258,1.3470100164413452,0,-1,0,0,0.0,2.0,332,2.4646472930908203,0,0.0,0,0.0,0,30.8162841796875,2,7
SH,Mamba,73,1122,207,207,20.700000000000003,0.33813735842704773,0.41952598094940186,0.9426794648170471,1.153243899345398,0.35393238067626953,0,-1,1,28,0.13526570048309178,2.0,207,1.9175517559051514,0,0.0,0,0.0,0,6.171479225158691,1,6
SH,Mamba,73,1123,878,878,87.80000000000001,0.344948947429657,0.4580700099468231,5.625220775604248,6.502720355987549,1.479946494102478,1,415,1,355,0.4043280182232346,2.0,415,0.0,0,0.0,0,0.0,0,0.0,1,6
SH,Mamba,73,1124,208,208,20.8,0.38205912709236145,0.47567349672317505,12.68960952758789,14.161079406738281,1.1530753374099731,0,-1,1,208,1.0,2.0,208,1.0482667684555054,0,0.0,0,0.0,0,7.456830024719238,0,5
SH,Mamba,73,1125,225,225,22.5,0.3995281159877777,0.5584044456481934,7.43544864654541,9.066757202148438,1.0996285676956177,1,211,1,211,0.9377777777777778,2.0,211,0.0,0,0.0,0,0.0,0,0.0,1,6
SH,Mamba,73,1126,242,242,24.200000000000003,0.197976216673851,0.23581765592098236,2.511320114135742,3.6663379669189453,0.744199275970459,0,-1,1,242,1.0,2.0,242,1.3498156070709229,0,0.0,0,0.0,0,22.450380325317383,1,6
SH,Mamba,73,1127,419,419,41.900000000000006,0.1379358023405075,0.1801348477602005,10.982653617858887,15.920823097229004,0.9823898077011108,0,-1,0,0,0.0,2.0,419,2.5951530933380127,0,0.0,0,0.0,0,62.19894027709961,2,7
SH,Mamba,73,1128,574,574,57.400000000000006,0.32832449674606323,0.4350217580795288,7.023291110992432,8.040450096130371,5.195493698120117,1,174,1,174,0.30313588850174217,2.0,174,0.0,0,0.0,0,0.0,0,0.0,2,7
SH,Mamba,73,1129,563,563,56.300000000000004,0.20895911753177643,0.2756046652793884,2.9512646198272705,3.660142421722412,0.2930327355861664,0,-1,1,476,0.8454706927175843,2.0,563,0.3897773325443268,0,0.0,0,0.0,0,1.2752653360366821,2,7
SH,Mamba,73,1130,510,510,51.0,0.2533121109008789,0.3189649283885956,7.071350574493408,7.7031707763671875,0.5061438083648682,0,-1,1,117,0.22941176470588234,2.0,510,1.8527781963348389,0,0.0,0,0.0,0,5.682592391967773,2,7
SH,Mamba,73,1131,216,216,21.6,0.4366627335548401,0.5522581934928894,3.90061616897583,4.4624762535095215,0.7782803177833557,0,-1,1,51,0.2361111111111111,2.0,216,1.7820159196853638,0,0.0,0,0.0,0,7.164253234863281,1,6
SH,Mamba,73,1132,381,381,38.1,0.33463093638420105,0.41982507705688477,4.721737861633301,5.366615295410156,0.4191613495349884,0,-1,1,381,1.0,2.0,381,0.9382975101470947,0,0.0,0,0.0,0,5.290825366973877,2,7
SH,Mamba,73,1133,259,259,25.900000000000002,0.1994965821504593,0.2682149112224579,15.04190444946289,20.081222534179688,1.6064651012420654,0,-1,1,31,0.11969111969111969,2.0,259,1.0700268745422363,0,0.0,0,0.0,0,23.730091094970703,1,6
SH,Mamba,73,1134,136,136,13.600000000000001,0.16445490717887878,0.20042426884174347,0.3405539095401764,0.4334176480770111,0.12911516427993774,0,-1,1,94,0.6911764705882353,2.0,136,1.3996115922927856,0,0.0,0,0.0,0,17.482404708862305,0,5
SH,Mamba,73,1135,206,206,20.6,0.248602494597435,0.3020508885383606,6.217197895050049,6.860484600067139,0.5896646976470947,0,-1,1,206,1.0,2.0,206,1.0410279035568237,0,0.0,0,0.0,0,8.963419914245605,1,6
SH,Mamba,73,1136,274,274,27.400000000000002,0.39488810300827026,0.4956951439380646,4.049221992492676,4.771874904632568,0.8270528316497803,0,-1,0,0,0.0,2.0,274,2.405968427658081,0,0.0,0,0.0,0,14.159207344055176,2,7
SH,Mamba,73,1137,516,516,51.6,0.2627183794975281,0.33989277482032776,2.24375057220459,2.5721940994262695,0.24269737303256989,0,-1,1,484,0.937984496124031,2.0,516,0.0260736346244812,0,0.0,0,0.0,0,0.05176318809390068,1,6
SH,Mamba,73,1138,201,201,20.1,0.29199743270874023,0.38572800159454346,3.546431541442871,5.256310939788818,0.6059128046035767,0,-1,1,199,0.9900497512437811,2.0,201,1.1635997295379639,0,0.0,0,0.0,0,6.487323760986328,2,7
SH,Mamba,73,1139,232,232,23.200000000000003,0.290533185005188,0.3642100989818573,4.4262590408325195,4.692205905914307,0.4651748538017273,1,209,1,209,0.9008620689655172,2.0,209,0.0,0,0.0,0,0.0,0,0.0,0,5
SH,Mamba,73,1140,138,138,13.8,0.11799508333206177,0.14181305468082428,1.6808831691741943,2.1413755416870117,0.3451566696166992,0,-1,0,0,0.0,2.0,138,4.083035945892334,0,0.0,0,0.0,0,26.433834075927734,0,5
SH,Mamba,73,1141,459,459,45.900000000000006,0.21591101586818695,0.27210572361946106,3.206434965133667,3.966193199157715,0.5159475803375244,0,-1,1,406,0.8845315904139434,2.0,459,0.6353709697723389,0,0.0,0,0.0,0,5.013795375823975,2,7
SH,Mamba,73,1142,259,259,25.900000000000002,0.21264059841632843,0.2796683609485626,3.1468665599823,3.846792221069336,0.5111982226371765,0,-1,1,35,0.13513513513513514,2.0,259,1.7478742599487305,0,0.0,0,0.0,0,13.134626388549805,2,7
SH,Mamba,73,1143,147,147,14.700000000000001,0.32893258333206177,0.41070839762687683,3.612450361251831,4.167259216308594,0.8253722190856934,0,-1,0,0,0.0,2.0,147,2.302661180496216,0,0.0,0,0.0,0,40.21918869018555,2,7
SH,Mamba,73,1144,139,139,13.9,0.3568137288093567,0.43908631801605225,2.9831318855285645,4.571378231048584,0.8512399196624756,0,-1,1,97,0.697841726618705,2.0,139,1.2894501686096191,0,0.0,0,0.0,0,3.33931303024292,2,7
SH,Mamba,73,1145,585,585,58.5,0.3917522430419922,0.4865730404853821,1.9377293586730957,2.6095669269561768,0.49070122838020325,0,-1,1,543,0.9282051282051282,2.0,585,0.8531548380851746,0,0.0,0,0.0,0,6.885369777679443,0,5
SH,Mamba,73,1146,236,236,23.6,0.5106648206710815,0.7183999419212341,11.031943321228027,14.394516944885254,1.7383805513381958,0,-1,1,236,1.0,2.0,236,0.6045342087745667,0,0.0,0,0.0,0,1.8055660724639893,2,7
SH,Mamba,73,1147,202,202,20.200000000000003,0.1426350176334381,0.19800397753715515,9.773242950439453,11.842358589172363,1.036462426185608,0,-1,1,202,1.0,2.0,202,0.7655513286590576,0,0.0,0,0.0,0,15.481180191040039,1,6
SH,Mamba,73,1148,200,200,20.0,0.16411513090133667,0.1954657882452011,0.8340877294540405,1.0933200120925903,0.3447549045085907,0,-1,1,200,1.0,2.0,200,0.9245867729187012,0,0.0,0,0.0,0,14.908977508544922,2,7
SH,Mamba,73,1149,138,138,13.8,0.25396713614463806,0.350933700799942,2.4468154907226562,2.891608238220215,0.4100342094898224,0,-1,1,138,1.0,2.0,138,1.092395544052124,0,0.0,0,0.0,0,16.297157287597656,1,6
SH,Mamba,73,1150,254,254,25.400000000000002,0.6364690661430359,0.90840744972229,4.019352912902832,5.444908618927002,1.1479063034057617,0,-1,1,152,0.5984251968503937,2.0,254,0.8519607782363892,0,0.0,0,0.0,0,2.755690574645996,1,6
SH,Mamba,73,1151,259,259,25.900000000000002,0.3327764570713043,0.38833343982696533,13.96712875366211,18.518861770629883,1.5544549226760864,0,-1,1,259,1.0,2.0,259,1.1587519645690918,0,0.0,0,0.0,0,14.899530410766602,0,5
SH,Mamba,73,1152,452,452,45.2,0.26455917954444885,0.36219051480293274,5.7108635902404785,6.866791725158691,1.5033962726593018,1,231,1,231,0.5110619469026548,2.0,231,0.0,0,0.0,0,0.0,0,0.0,0,5
SH,Mamba,73,1153,211,211,21.1,0.39856091141700745,0.5662752985954285,2.320160150527954,2.834564685821533,0.4238103926181793,0,-1,1,211,1.0,2.0,211,0.8413467407226562,0,0.0,0,0.0,0,6.329630374908447,0,5
SH,Mamba,73,1154,180,180,18.0,0.32886436581611633,0.455011785030365,5.992188930511475,6.837039947509766,0.7067331075668335,0,-1,1,17,0.09444444444444444,2.0,180,1.3854819536209106,0,0.0,0,0.0,0,0.4795704483985901,0,5
SH,Mamba,73,1155,452,452,45.2,0.22992245852947235,0.32989993691444397,5.017763614654541,5.6552228927612305,0.412843257188797,0,-1,1,440,0.9734513274336283,2.0,452,0.6427116394042969,0,0.0,0,0.0,0,3.3055269718170166,1,6
SH,Mamba,73,1156,776,776,77.60000000000001,0.2978363633155823,0.42253080010414124,8.703057289123535,10.233479499816895,0.7341340780258179,0,-1,1,776,1.0,2.0,776,0.1442875862121582,0,0.0,0,0.0,0,1.9046638011932373,1,6
SH,Mamba,73,1157,181,181,18.1,0.3021082282066345,0.4065219461917877,3.817247152328491,6.5289411544799805,1.1983143091201782,0,-1,1,143,0.7900552486187845,2.0,181,1.5567752122879028,0,0.0,0,0.0,0,25.58834457397461,0,5
SH,Mamba,73,1158,317,317,31.700000000000003,0.24710191786289215,0.3046490550041199,7.122985363006592,8.664777755737305,1.2451260089874268,0,-1,1,301,0.9495268138801262,2.0,317,0.8979714512825012,0,0.0,0,0.0,0,8.3843355178833,2,7
SH,Mamba,73,1159,245,245,24.5,0.42168840765953064,0.5685713887214661,2.2966177463531494,2.9643709659576416,2.180288076400757,1,41,1,41,0.1673469387755102,2.0,41,0.0,0,0.0,0,0.0,0,0.0,1,6
SH,Mamba,73,1160,237,237,23.700000000000003,0.25640183687210083,0.3312508761882782,3.4682676792144775,3.7846782207489014,0.6188991665840149,1,164,1,164,0.6919831223628692,2.0,164,0.0,0,0.0,0,0.0,0,0.0,2,7
SH,Mamba,73,1161,144,144,14.4,0.1432638317346573,0.18406113982200623,0.8779967427253723,1.002265214920044,0.2540127635002136,0,-1,0,0,0.0,2.0,144,2.1513447761535645,0,0.0,0,0.0,0,2.585639476776123,2,7
SH,Mamba,73,1162,168,168,16.8,0.23848646879196167,0.2938903868198395,0.7248969674110413,0.8936842679977417,0.24330732226371765,0,-1,1,126,0.75,2.0,168,1.3573276996612549,0,0.0,0,0.0,0,1.0620369911193848,0,5
SH,Mamba,73,1163,157,157,15.700000000000001,0.4661429822444916,0.5130352973937988,10.9777193069458,13.721246719360352,1.8388437032699585,0,-1,1,157,1.0,2.0,157,1.2787590026855469,0,0.0,0,0.0,0,11.06325912475586,2,7
SH,Mamba,73,1164,624,624,62.400000000000006,0.6463202238082886,0.8076654672622681,8.253852844238281,9.602588653564453,7.268984317779541,1,92,1,92,0.14743589743589744,2.0,92,0.0,0,0.0,0,0.0,0,0.0,2,7
SH,Mamba,73,1165,234,234,23.400000000000002,0.1514645665884018,0.20020276308059692,2.299804449081421,3.065244436264038,0.2759260833263397,0,-1,1,99,0.4230769230769231,2.0,234,1.6520527601242065,0,0.0,0,0.0,0,17.097457885742188,1,6
SH,Mamba,73,1166,282,282,28.200000000000003,0.13284146785736084,0.16731788218021393,1.3103879690170288,1.7323986291885376,0.3154814541339874,0,-1,1,65,0.23049645390070922,2.0,282,1.4720571041107178,0,0.0,0,0.0,0,26.799732208251953,2,7
SH,Mamba,73,1167,485,485,48.5,0.17640931904315948,0.21741758286952972,2.349785327911377,2.9600236415863037,0.32788270711898804,0,-1,1,485,1.0,2.0,485,0.3641035258769989,0,0.0,0,0.0,0,2.2953741550445557,0,5
SH,Mamba,73,1168,297,297,29.700000000000003,0.3318430483341217,0.4417094588279724,6.435755252838135,6.978757381439209,0.5662169456481934,0,-1,1,297,1.0,2.0,297,1.2068829536437988,0,0.0,0,0.0,0,12.249140739440918,0,5
SH,Mamba,73,1169,240,240,24.0,0.30908069014549255,0.43165647983551025,1.5805041790008545,1.7581994533538818,0.37992480397224426,0,-1,1,175,0.7291666666666666,2.0,240,1.0673880577087402,0,0.0,0,0.0,0,3.3850135803222656,0,5
SH,Mamba,73,1170,301,301,30.1,0.12103632837533951,0.1627657115459442,3.602360248565674,4.090230464935303,0.3608435094356537,0,-1,0,0,0.0,2.0,301,2.3108649253845215,0,0.0,0,0.0,0,49.418880462646484,1,6
SH,Mamba,73,1171,277,277,27.700000000000003,0.21825027465820312,0.3058277368545532,2.4735751152038574,3.7037699222564697,0.5251241326332092,1,241,1,179,0.6462093862815884,2.0,241,0.0,0,0.0,0,0.0,0,0.0,0,5
SH,Mamba,73,1172,171,171,17.1,0.10494691878557205,0.1448386162519455,4.334880352020264,4.759920120239258,0.33707472681999207,0,-1,1,171,1.0,2.0,171,0.7663224935531616,0,0.0,0,0.0,0,12.81602668762207,1,6
SH,Mamba,73,1173,261,261,26.1,0.3568250834941864,0.5154905319213867,1.571503758430481,2.2263200283050537,0.5691231489181519,0,-1,1,261,1.0,2.0,261,1.2882769107818604,0,0.0,0,0.0,0,6.913881778717041,1,6
SH,Mamba,73,1174,705,705,70.5,0.3807184398174286,0.4703144431114197,13.89377498626709,16.625202178955078,0.7419857978820801,0,-1,1,648,0.9191489361702128,2.0,705,0.6050242781639099,0,0.0,0,0.0,0,2.9268269538879395,0,5
SH,Mamba,73,1175,142,142,14.200000000000001,0.5277500152587891,0.6818638443946838,5.370666027069092,6.821213722229004,1.0776114463806152,0,-1,0,0,0.0,2.0,142,5.230764865875244,0,0.0,0,0.0,0,12.890037536621094,2,7
SH,Mamba,73,1176,248,248,24.8,0.39558741450309753,0.4905661344528198,6.308709621429443,6.945639610290527,2.4029581546783447,1,74,1,74,0.29838709677419356,2.0,74,0.0,0,0.0,0,0.0,0,0.0,0,5
SH,Mamba,73,1177,1263,1263,126.30000000000001,0.10052736848592758,0.13174372911453247,6.002226829528809,7.931027412414551,0.3679247498512268,0,-1,1,1172,0.9279493269992082,2.0,1263,0.46633002161979675,0,0.0,0,0.0,0,6.7447662353515625,2,7
SH,Mamba,73,1178,792,792,79.2,0.2204086035490036,0.2804608643054962,12.478339195251465,13.71789264678955,0.5692269206047058,0,-1,1,792,1.0,2.0,792,0.06829623878002167,0,0.0,0,0.0,0,0.7830801606178284,0,5
SH,Mamba,73,1179,213,213,21.3,0.4604671001434326,0.6036147475242615,6.233454704284668,7.214209079742432,0.7652522921562195,0,-1,0,0,0.0,2.0,213,2.411445379257202,0,0.0,0,0.0,0,11.070158958435059,0,5
SH,Mamba,73,1180,469,469,46.900000000000006,0.16260281205177307,0.19688646495342255,11.678698539733887,16.611331939697266,0.9918665885925293,0,-1,1,469,1.0,2.0,469,0.8966845273971558,0,0.0,0,0.0,0,16.324249267578125,0,5
SH,Mamba,73,1181,235,235,23.5,0.3018288016319275,0.39542698860168457,2.171840190887451,2.477964401245117,0.47185155749320984,1,180,1,170,0.723404255319149,2.0,180,0.0,0,0.0,0,0.0,0,0.0,0,5
SH,Mamba,73,1182,162,162,16.2,0.4515452980995178,0.5439532399177551,4.5328874588012695,6.086485385894775,0.7362962961196899,0,-1,1,162,1.0,2.0,162,0.7078230977058411,0,0.0,0,0.0,0,9.023350715637207,1,6
SH,Mamba,73,1183,211,211,21.1,0.25490763783454895,0.3082767724990845,2.823903799057007,3.536254405975342,0.6479652523994446,0,-1,1,211,1.0,2.0,211,0.9796307682991028,0,0.0,0,0.0,0,4.342015266418457,1,6
SH,Mamba,73,1184,270,270,27.0,0.2908416986465454,0.3800278306007385,3.6556780338287354,5.327661991119385,0.527953565120697,0,-1,1,240,0.8888888888888888,2.0,270,1.0493851900100708,0,0.0,0,0.0,0,3.5692191123962402,0,5
SH,Mamba,73,1185,199,199,19.900000000000002,0.181771919131279,0.21930959820747375,2.476996898651123,3.078132152557373,0.2452913224697113,0,-1,1,199,1.0,2.0,199,0.4636049270629883,0,0.0,0,0.0,0,3.2023494243621826,2,7
SH,Mamba,73,1186,737,737,73.7,0.214228555560112,0.26275399327278137,4.100239276885986,5.946606636047363,0.4679233431816101,0,-1,1,397,0.5386702849389416,2.0,737,0.8841994404792786,0,0.0,0,0.0,0,13.110907554626465,2,7
SH,Mamba,73,1187,177,177,17.7,0.40634968876838684,0.5099636912345886,1.8659451007843018,2.205239772796631,0.5754963755607605,1,174,1,38,0.21468926553672316,2.0,174,0.0,0,0.0,0,0.0,0,0.0,2,7
SH,Mamba,73,1188,145,145,14.5,0.1913527250289917,0.24942713975906372,0.8537400364875793,1.0351333618164062,0.25854241847991943,0,-1,1,145,1.0,2.0,145,0.8316957950592041,0,0.0,0,0.0,0,9.258204460144043,1,6
SH,Mamba,73,1189,347,347,34.7,0.32469213008880615,0.3873257637023926,3.2043471336364746,3.613274574279785,0.40129774808883667,0,-1,1,111,0.31988472622478387,2.0,347,0.6662586331367493,0,0.0,0,0.0,0,0.4906074106693268,2,7
SH,Mamba,73,1190,389,389,38.900000000000006,0.35839033126831055,0.5299013257026672,2.5532844066619873,3.431668758392334,0.4998733699321747,0,-1,1,389,1.0,2.0,389,0.62078857421875,0,0.0,0,0.0,0,3.1973788738250732,0,5
SH,Mamba,73,1191,229,229,22.900000000000002,0.32169273495674133,0.40405920147895813,1.7308765649795532,2.013293981552124,0.461274653673172,0,-1,1,229,1.0,2.0,229,0.6898594498634338,0,0.0,0,0.0,0,3.2163515090942383,0,5
SH,Mamba,73,1192,363,363,36.300000000000004,0.33183714747428894,0.4273220896720886,1.8009915351867676,2.666752815246582,0.46214866638183594,0,-1,1,303,0.8347107438016529,2.0,363,0.11472659558057785,0,0.0,0,0.0,0,0.13794733583927155,2,7
SH,Mamba,73,1193,170,170,17.0,0.26555970311164856,0.3185451626777649,3.525914430618286,4.0337724685668945,0.4852607250213623,0,-1,1,167,0.9823529411764705,2.0,170,1.2428468465805054,0,0.0,0,0.0,0,14.945647239685059,1,6
SH,Mamba,73,1194,154,154,15.4,0.40265974402427673,0.45718666911125183,9.894243240356445,11.651703834533691,1.250724196434021,0,-1,0,0,0.0,2.0,154,4.332458019256592,0,0.0,0,0.0,0,42.61663055419922,1,6
SH,Mamba,73,1195,610,610,61.0,0.2203497737646103,0.2760241627693176,6.340465068817139,7.074140548706055,0.5416495203971863,0,-1,1,610,1.0,2.0,610,0.712665319442749,0,0.0,0,0.0,0,8.884727478027344,1,6
SH,Mamba,73,1196,527,527,52.7,0.2208811640739441,0.2860769033432007,3.532012462615967,4.613022804260254,0.48569178581237793,1,524,1,326,0.618595825426945,2.0,524,0.0,0,0.0,0,0.0,0,0.0,0,5
SH,Mamba,73,1197,219,219,21.900000000000002,0.26032397150993347,0.30924248695373535,1.3921483755111694,1.852683186531067,0.3513636887073517,0,-1,0,0,0.0,2.0,219,2.030679702758789,0,0.0,0,0.0,0,1.9176156520843506,2,7
SH,Mamba,73,1198,142,142,14.200000000000001,0.3321026563644409,0.4048837721347809,3.7929699420928955,4.57573938369751,0.687588095664978,0,-1,1,43,0.3028169014084507,2.0,142,1.8796480894088745,0,0.0,0,0.0,0,9.419798851013184,0,5
SH,Mamba,73,1199,193,193,19.3,0.3015630543231964,0.416445791721344,0.5585309267044067,0.7882908582687378,0.3961118459701538,0,-1,1,122,0.6321243523316062,2.0,193,1.210405945777893,0,0.0,0,0.0,0,4.187953472137451,1,6
SH,Mamba,73,1200,170,170,17.0,0.12425649166107178,0.15364061295986176,6.633532524108887,8.567215919494629,0.9066219329833984,0,-1,1,164,0.9647058823529412,2.0,170,1.3110206127166748,0,0.0,0,0.0,0,29.38726234436035,2,7
SH,Mamba,73,1201,324,324,32.4,0.24900484085083008,0.3221285045146942,1.499116063117981,1.9498499631881714,0.39383748173713684,0,-1,1,324,1.0,2.0,324,0.2372579425573349,0,0.0,0,0.0,0,0.45105618238449097,2,7
SH,Mamba,73,1202,347,347,34.7,0.23867644369602203,0.30528831481933594,1.2837692499160767,1.9627054929733276,0.3128798305988312,0,-1,1,340,0.9798270893371758,2.0,347,1.0838360786437988,0,0.0,0,0.0,0,4.171126365661621,2,7
SH,Mamba,73,1203,220,220,22.0,0.4005344808101654,0.5062504410743713,3.7971348762512207,5.3035454750061035,1.0680491924285889,0,-1,0,0,0.0,2.0,220,3.4719743728637695,0,0.0,0,0.0,0,6.47607946395874,2,7
SH,Mamba,73,1204,542,542,54.2,0.25989478826522827,0.31129369139671326,2.0121922492980957,2.4082181453704834,0.4537411332130432,0,-1,1,540,0.996309963099631,2.0,542,0.9775547981262207,0,0.0,0,0.0,0,15.09280776977539,1,6
SH,Mamba,73,1205,224,224,22.400000000000002,0.16171087324619293,0.19453701376914978,2.0127062797546387,2.4271883964538574,0.5148229598999023,0,-1,1,224,1.0,2.0,224,1.2810951471328735,0,0.0,0,0.0,0,38.08454513549805,0,5
SH,Mamba,73,1206,134,134,13.4,0.284981369972229,0.3660145103931427,6.41964054107666,8.487436294555664,1.3463597297668457,0,-1,1,134,1.0,2.0,134,0.5609355568885803,0,0.0,0,0.0,0,11.537906646728516,1,6
SH,Mamba,73,1207,231,231,23.1,0.19130529463291168,0.25358983874320984,3.780184745788574,4.0895280838012695,0.7603725790977478,1,205,1,205,0.8874458874458875,2.0,205,0.0,0,0.0,0,0.0,0,0.0,0,5
SH,Mamba,73,1208,305,305,30.5,0.35989800095558167,0.4518129527568817,2.9114952087402344,4.128505706787109,0.644797146320343,1,272,1,272,0.8918032786885246,2.0,272,0.0,0,0.0,0,0.0,0,0.0,0,5
SH,Mamba,73,1209,187,187,18.7,0.2144346386194229,0.2660011351108551,4.966188907623291,5.642898082733154,0.4183446168899536,0,-1,0,0,0.0,2.0,187,2.314181089401245,0,0.0,0,0.0,0,9.111379623413086,1,6
SH,Mamba,73,1210,165,165,16.5,0.25792059302330017,0.35372477769851685,6.607555866241455,7.385529518127441,0.6261441707611084,0,-1,1,165,1.0,2.0,165,0.8817504644393921,0,0.0,0,0.0,0,7.94724178314209,0,5
SH,Mamba,73,1211,291,291,29.1,0.30337122082710266,0.3883955180644989,7.633795738220215,9.273431777954102,0.7175869345664978,0,-1,1,291,1.0,2.0,291,1.1563308238983154,0,0.0,0,0.0,0,9.743733406066895,1,6
SH,Mamba,73,1212,143,143,14.3,0.13613079488277435,0.17541494965553284,1.9313429594039917,2.192262649536133,0.287823349237442,0,-1,1,143,1.0,2.0,143,0.8465098738670349,0,0.0,0,0.0,0,11.737001419067383,2,7
SH,Mamba,73,1213,248,248,24.8,0.5404301881790161,0.6571297645568848,2.797710657119751,3.913219928741455,1.185089349746704,1,185,1,185,0.7459677419354839,2.0,185,0.0,0,0.0,0,0.0,0,0.0,1,6
SH,Mamba,73,1214,346,346,34.6,0.13808591663837433,0.16583649814128876,4.943211078643799,6.137407302856445,0.35182493925094604,0,-1,1,308,0.8901734104046243,2.0,346,0.8848755955696106,0,0.0,0,0.0,0,16.08022689819336,1,6
SH,Mamba,73,1215,270,270,27.0,0.27364853024482727,0.3497960865497589,6.4850335121154785,9.052506446838379,1.4490350484848022,0,-1,1,270,1.0,2.0,270,0.8830758929252625,0,0.0,0,0.0,0,18.202777862548828,1,6
SH,Mamba,73,1216,500,500,50.0,0.4159974753856659,0.4854793846607208,10.469413757324219,13.40289306640625,6.676379203796387,1,136,1,136,0.272,2.0,136,0.0,0,0.0,0,0.0,0,0.0,1,6
SH,Mamba,73,1217,236,236,23.6,0.1343681514263153,0.17787623405456543,1.8211956024169922,2.6472480297088623,0.25993970036506653,0,-1,1,235,0.9957627118644068,2.0,236,0.7284952402114868,0,0.0,0,0.0,0,11.244110107421875,0,5
SH,Mamba,73,1218,137,137,13.700000000000001,0.3024110794067383,0.3530513048171997,1.193657636642456,1.4946006536483765,0.25687023997306824,0,-1,1,137,1.0,2.0,137,1.0424017906188965,0,0.0,0,0.0,0,9.60096549987793,1,6
SH,Mamba,73,1219,164,164,16.400000000000002,0.2537098526954651,0.30709826946258545,1.5678154230117798,1.8172932863235474,0.283053457736969,0,-1,1,134,0.8170731707317073,2.0,164,1.0628911256790161,0,0.0,0,0.0,0,1.2031556367874146,1,6
SH,Mamba,73,1220,145,145,14.5,0.35098153352737427,0.4205177128314972,1.1229466199874878,1.5364283323287964,0.40616270899772644,0,-1,1,1,0.006896551724137931,2.0,145,1.9930615425109863,0,0.0,0,0.0,0,19.653640747070312,2,7
SH,Mamba,73,1221,496,496,49.6,0.21341527998447418,0.2695671319961548,8.5003080368042,9.950729370117188,0.5253517031669617,0,-1,1,331,0.6673387096774194,2.0,496,0.9006151556968689,0,0.0,0,0.0,0,4.562402725219727,2,7
SH,Mamba,73,1222,368,368,36.800000000000004,0.2980535924434662,0.4454474449157715,1.9465653896331787,2.3476991653442383,0.3522830605506897,1,357,1,336,0.9130434782608695,2.0,357,0.0,0,0.0,0,0.0,0,0.0,0,5
SH,Mamba,73,1223,239,239,23.900000000000002,0.2242773026227951,0.2725808918476105,1.7727386951446533,2.5258142948150635,0.3157747685909271,1,224,1,124,0.5188284518828452,2.0,224,0.0,0,0.0,0,0.0,0,0.0,1,6
SH,Mamba,73,1224,541,541,54.1,0.2083069235086441,0.26667800545692444,15.236620903015137,18.73415756225586,1.0881357192993164,0,-1,1,221,0.40850277264325324,2.0,541,0.9307491183280945,0,0.0,0,0.0,0,5.726892471313477,2,7
SH,Mamba,73,1225,237,237,23.700000000000003,0.27052438259124756,0.3389507830142975,0.43704333901405334,0.5394346714019775,0.23280611634254456,1,235,1,235,0.9915611814345991,2.0,235,0.0,0,0.0,0,0.0,0,0.0,0,5
SH,Mamba,73,1226,197,197,19.700000000000003,0.2022801637649536,0.24229295551776886,2.9715185165405273,3.226879596710205,0.3705218434333801,0,-1,1,95,0.48223350253807107,2.0,197,1.695626139640808,0,0.0,0,0.0,0,5.7980756759643555,0,5
SH,Mamba,73,1227,214,214,21.400000000000002,0.2985216975212097,0.39186468720436096,2.986988067626953,5.5121917724609375,0.8341699838638306,0,-1,1,175,0.8177570093457944,2.0,214,1.4555611610412598,0,0.0,0,0.0,0,4.310183525085449,1,6
SH,Mamba,73,1228,305,305,30.5,0.39004144072532654,0.4944297671318054,2.0234172344207764,2.8759186267852783,0.6650652885437012,0,-1,1,305,1.0,2.0,305,0.32784503698349,0,0.0,0,0.0,0,3.7699990272521973,1,6
SH,Mamba,73,1229,309,309,30.900000000000002,0.26204854249954224,0.31170454621315,28.57479476928711,36.44568634033203,2.2327146530151367,0,-1,1,309,1.0,2.0,309,0.6987926363945007,0,0.0,0,0.0,0,14.922578811645508,2,7
SH,Mamba,73,1230,212,212,21.200000000000003,0.24213449656963348,0.31510862708091736,4.007537364959717,4.455990314483643,0.4575876295566559,0,-1,1,212,1.0,2.0,212,0.39897340536117554,0,0.0,0,0.0,0,5.078017234802246,0,5
SH,Mamba,73,1231,311,311,31.1,0.19787880778312683,0.2683941125869751,1.748978853225708,1.9608869552612305,0.41256359219551086,1,253,1,189,0.6077170418006431,2.0,253,0.0,0,0.0,0,0.0,0,0.0,1,6
SH,Mamba,73,1232,186,186,18.6,0.23980343341827393,0.28024810552597046,3.8648972511291504,4.388012409210205,0.4634424149990082,0,-1,1,186,1.0,2.0,186,0.6124213337898254,0,0.0,0,0.0,0,10.727681159973145,2,7
SH,Mamba,73,1233,131,131,13.100000000000001,0.44380778074264526,0.5416612029075623,1.1903985738754272,1.5520511865615845,0.6797096133232117,0,-1,1,131,1.0,2.0,131,0.8524312376976013,0,0.0,0,0.0,0,5.761041641235352,2,7
SH,Mamba,73,1234,254,254,25.400000000000002,0.3605990707874298,0.42064937949180603,10.887365341186523,18.65268898010254,2.199021816253662,0,-1,1,197,0.7755905511811023,2.0,254,1.4185552597045898,0,0.0,0,0.0,0,11.439550399780273,0,5
SH,Mamba,73,1235,463,463,46.300000000000004,0.25044846534729004,0.31300005316734314,11.962311744689941,13.557339668273926,0.8583952784538269,1,443,1,348,0.7516198704103672,2.0,443,0.0,0,0.0,0,0.0,0,0.0,1,6
SH,Mamba,73,1236,266,266,26.6,0.24207864701747894,0.3088175654411316,6.555421352386475,7.669436454772949,0.48670679330825806,0,-1,1,266,1.0,2.0,266,0.6303479671478271,0,0.0,0,0.0,0,3.7187283039093018,0,5
SH,Mamba,73,1237,1208,1208,120.80000000000001,0.1919439136981964,0.2538491189479828,1.936141014099121,2.3531851768493652,0.31157824397087097,1,1138,1,1138,0.9420529801324503,2.0,1138,0.0,0,0.0,0,0.0,0,0.0,1,6
SH,Mamba,73,1238,155,155,15.5,0.12946777045726776,0.16896706819534302,1.3513439893722534,1.597019076347351,0.23669376969337463,0,-1,1,155,1.0,2.0,155,1.5162217617034912,0,0.0,0,0.0,0,20.938879013061523,2,7
SH,Mamba,73,1239,333,333,33.300000000000004,0.23215284943580627,0.29120391607284546,4.112547397613525,4.570289134979248,0.2789408266544342,0,-1,1,333,1.0,2.0,333,0.08273302018642426,0,0.0,0,0.0,0,0.23250921070575714,2,7
SH,Mamba,73,1240,186,186,18.6,0.1427507847547531,0.17538872361183167,1.0016801357269287,1.3087515830993652,0.283380925655365,0,-1,1,182,0.978494623655914,2.0,186,0.7918115854263306,0,0.0,0,0.0,0,19.470754623413086,0,5
SH,Mamba,73,1241,1347,1347,134.70000000000002,0.2084425836801529,0.3045955300331116,3.6409640312194824,4.6317057609558105,1.7696075439453125,1,925,1,800,0.5939123979213066,2.0,925,0.0,0,0.0,0,0.0,0,0.0,2,7
SH,Mamba,73,1242,415,415,41.5,0.1920919418334961,0.250470906496048,9.25549602508545,12.54747200012207,0.7355393171310425,0,-1,1,415,1.0,2.0,415,0.7472694516181946,0,0.0,0,0.0,0,15.41105842590332,1,6
SH,Mamba,73,1243,164,164,16.400000000000002,0.29226163029670715,0.36277174949645996,2.3361258506774902,3.056234836578369,0.4522317945957184,0,-1,0,0,0.0,2.0,164,5.1682305335998535,0,0.0,0,0.0,0,9.445115089416504,2,7
SH,Mamba,73,1244,776,776,77.60000000000001,0.43280166387557983,0.6000789403915405,6.166076183319092,7.5461931228637695,3.5904273986816406,1,218,1,218,0.2809278350515464,2.0,218,0.0,0,0.0,0,0.0,0,0.0,2,7
SH,Mamba,73,1245,158,158,15.8,0.150379940867424,0.21389712393283844,2.9078476428985596,4.150744438171387,0.6652976870536804,0,-1,1,5,0.03164556962025317,2.0,158,1.9602506160736084,0,0.0,0,0.0,0,57.92765808105469,1,6
SH,Mamba,73,1246,770,770,77.0,0.47052252292633057,0.6794397234916687,13.292771339416504,17.039806365966797,6.857954978942871,1,160,1,160,0.2077922077922078,2.0,160,0.0,0,0.0,0,0.0,0,0.0,0,5
SH,Mamba,73,1247,207,207,20.700000000000003,0.3003573715686798,0.3437238931655884,6.504954814910889,7.527238845825195,0.7040311098098755,0,-1,1,207,1.0,2.0,207,1.1818920373916626,0,0.0,0,0.0,0,16.57879638671875,2,7
SH,Mamba,73,1248,805,805,80.5,0.36655062437057495,0.4793228805065155,13.627488136291504,16.345487594604492,0.9047003388404846,1,759,1,759,0.9428571428571428,2.0,759,0.0,0,0.0,0,0.0,0,0.0,2,7
SH,Mamba,73,1249,168,168,16.8,0.4736827611923218,0.6007100343704224,1.202651858329773,1.438035249710083,0.5995779633522034,0,-1,1,168,1.0,2.0,168,0.6689736843109131,0,0.0,0,0.0,0,6.787473678588867,1,6
SH,Mamba,73,1250,296,296,29.6,0.2998553514480591,0.3998481333255768,6.038204669952393,7.552733898162842,0.8915134072303772,0,-1,0,0,0.0,2.0,296,2.28953218460083,0,0.0,0,0.0,0,3.843017816543579,1,6
SH,Mamba,73,1251,1684,1684,168.4,0.24065381288528442,0.3152880072593689,3.3091301918029785,4.001863479614258,0.27092647552490234,0,-1,1,1684,1.0,2.0,1684,0.15691156685352325,0,0.0,0,0.0,0,0.7859216928482056,1,6
SH,Mamba,73,1252,329,329,32.9,0.35456952452659607,0.45410898327827454,2.5802578926086426,3.73848819732666,0.38000452518463135,0,-1,1,329,1.0,2.0,329,0.14773401618003845,0,0.0,0,0.0,0,0.29892635345458984,0,5
SH,Mamba,73,1253,425,425,42.5,0.2385501265525818,0.321963369846344,2.7814841270446777,3.7994728088378906,0.4004831612110138,0,-1,1,400,0.9411764705882353,2.0,425,1.3787845373153687,0,0.0,0,0.0,0,6.962647438049316,1,6
SH,Mamba,73,1254,138,138,13.8,0.41317352652549744,0.49560630321502686,1.9609012603759766,2.5159966945648193,0.37557095289230347,0,-1,0,0,0.0,2.0,138,2.9003052711486816,0,0.0,0,0.0,0,8.696855545043945,2,7
SH,Mamba,73,1255,194,194,19.400000000000002,0.31414398550987244,0.373674601316452,4.207858562469482,4.600618362426758,0.3181157112121582,0,-1,1,194,1.0,2.0,194,1.2187145948410034,0,0.0,0,0.0,0,4.064281940460205,0,5
SH,Mamba,73,1256,208,208,20.8,0.4285413324832916,0.5053321719169617,2.463611125946045,2.845759868621826,0.5717456936836243,0,-1,1,179,0.8605769230769231,2.0,208,1.3031986951828003,0,0.0,0,0.0,0,3.2597105503082275,1,6
SH,Mamba,73,1257,178,178,17.8,0.17151226103305817,0.21962101757526398,6.3190531730651855,7.862895965576172,0.9055060744285583,0,-1,1,56,0.3146067415730337,2.0,178,1.2220206260681152,0,0.0,0,0.0,0,19.742847442626953,2,7
SH,Mamba,73,1258,220,220,22.0,0.505361020565033,0.668274462223053,4.5058393478393555,5.514945983886719,1.6936123371124268,1,80,1,80,0.36363636363636365,2.0,80,0.0,0,0.0,0,0.0,0,0.0,0,5
SH,Mamba,73,1259,217,217,21.700000000000003,0.16194464266300201,0.1924271285533905,3.6202445030212402,5.999551773071289,0.8125222325325012,0,-1,1,211,0.9723502304147466,2.0,217,0.8051701784133911,0,0.0,0,0.0,0,20.785663604736328,2,7
SH,Mamba,73,1260,150,150,15.0,0.21282312273979187,0.2685122787952423,0.9843824505805969,1.1195604801177979,0.18288271129131317,0,-1,1,147,0.98,2.0,150,1.1919150352478027,0,0.0,0,0.0,0,8.114879608154297,2,7
SH,Mamba,73,1261,303,303,30.3,0.27402356266975403,0.39529678225517273,2.6556851863861084,2.8932008743286133,0.2788604497909546,0,-1,1,303,1.0,2.0,303,0.379974365234375,0,0.0,0,0.0,0,3.639859676361084,0,5
SH,Mamba,73,1262,220,220,22.0,0.2720823585987091,0.31853818893432617,1.383696436882019,1.6694780588150024,0.255262553691864,0,-1,1,203,0.9227272727272727,2.0,220,0.2225027084350586,0,0.0,0,0.0,0,0.2348393350839615,1,6
SH,Mamba,73,1263,266,266,26.6,0.2771737575531006,0.39926406741142273,3.938802480697632,5.963438510894775,0.8924424648284912,0,-1,1,257,0.9661654135338346,2.0,266,1.1313799619674683,0,0.0,0,0.0,0,5.393909454345703,2,7
SH,Mamba,73,1264,249,249,24.900000000000002,0.5127370953559875,0.7189767956733704,11.615889549255371,16.945377349853516,1.8394198417663574,0,-1,1,180,0.7228915662650602,2.0,249,1.0127065181732178,0,0.0,0,0.0,0,14.576481819152832,1,6
SH,Mamba,73,1265,201,201,20.1,0.33105528354644775,0.3953613042831421,5.183203220367432,6.457298755645752,0.6382162570953369,0,-1,0,0,0.0,2.0,201,2.4614484310150146,0,0.0,0,0.0,0,13.277636528015137,0,5
SH,Mamba,73,1266,161,161,16.1,0.3112723231315613,0.39685478806495667,0.9102867841720581,1.2763762474060059,0.5023542642593384,0,-1,1,161,1.0,2.0,161,1.2625621557235718,0,0.0,0,0.0,0,9.90247917175293,1,6
SH,Mamba,73,1267,186,186,18.6,0.19766943156719208,0.2526492476463318,0.6842840909957886,0.8331286311149597,0.19786737859249115,0,-1,1,186,1.0,2.0,186,0.2835533916950226,0,0.0,0,0.0,0,0.28281915187835693,1,6
SH,Mamba,73,1268,917,917,91.7,0.48702186346054077,0.7144244909286499,3.136826276779175,4.483618259429932,3.4790194034576416,1,211,1,211,0.2300981461286805,2.0,211,0.0,0,0.0,0,0.0,0,0.0,1,6
SH,Mamba,73,1269,1035,1035,103.5,0.131693497300148,0.17430323362350464,4.150485515594482,4.609104633331299,0.27280357480049133,0,-1,1,1035,1.0,2.0,1035,0.10331133008003235,0,0.0,0,0.0,0,1.7800379991531372,0,5
SH,Mamba,73,1270,499,499,49.900000000000006,0.11698652058839798,0.1449464112520218,23.194698333740234,26.327651977539062,0.8207998275756836,0,-1,1,214,0.4288577154308617,2.0,499,1.7013359069824219,0,0.0,0,0.0,0,32.058006286621094,1,6
SH,Mamba,73,1271,400,400,40.0,0.243988037109375,0.31685081124305725,7.215972900390625,8.277958869934082,0.5497450828552246,0,-1,1,400,1.0,2.0,400,0.29624783992767334,0,0.0,0,0.0,0,4.909235000610352,2,7
SH,Mamba,73,1272,245,245,24.5,0.39962175488471985,0.5303114056587219,4.630575656890869,7.178971290588379,1.005052089691162,0,-1,1,226,0.9224489795918367,2.0,245,1.5016710758209229,0,0.0,0,0.0,0,3.9675393104553223,2,7
SH,Mamba,73,1273,308,308,30.8,0.4180750548839569,0.47340816259384155,5.825715065002441,7.2597808837890625,0.7985701560974121,0,-1,1,156,0.5064935064935064,2.0,308,1.3080936670303345,0,0.0,0,0.0,0,7.2513108253479,0,5
SH,Mamba,73,1274,165,165,16.5,0.21284909546375275,0.2906193733215332,4.265843391418457,5.093072414398193,0.6513126492500305,0,-1,1,21,0.12727272727272726,2.0,165,1.970177173614502,0,0.0,0,0.0,0,7.386073589324951,1,6
SH,Mamba,73,1275,733,733,73.3,0.16707471013069153,0.22222428023815155,7.628896713256836,8.949097633361816,0.2520025968551636,0,-1,1,503,0.6862210095497954,2.0,733,0.6837263107299805,0,0.0,0,0.0,0,2.644357442855835,1,6
SH,Mamba,73,1276,449,449,44.900000000000006,0.5209385752677917,0.6904722452163696,6.023487567901611,6.848248481750488,3.239544630050659,1,122,1,122,0.2717149220489978,2.0,122,0.0,0,0.0,0,0.0,0,0.0,0,5
SH,Mamba,73,1277,136,136,13.600000000000001,0.3787720799446106,0.4455737769603729,1.88427734375,2.534315824508667,0.6435791254043579,1,105,1,105,0.7720588235294118,2.0,105,0.0,0,0.0,0,0.0,0,0.0,1,6
SH,Mamba,73,1278,279,279,27.900000000000002,0.2828221321105957,0.35943251848220825,1.9414515495300293,2.5050055980682373,0.393009215593338,0,-1,1,76,0.2724014336917563,2.0,279,0.03886310011148453,0,0.0,0,0.0,0,0.02280522510409355,0,5
SH,Mamba,73,1279,358,358,35.800000000000004,0.5798482894897461,0.6787465214729309,23.078004837036133,29.326580047607422,2.8115055561065674,0,-1,1,62,0.17318435754189945,2.0,358,0.610598087310791,0,0.0,0,0.0,0,0.20793825387954712,1,6
SH,Mamba,73,1280,153,153,15.3,0.6028261184692383,0.9101554155349731,0.36165305972099304,0.4966714680194855,0.45577386021614075,0,-1,1,153,1.0,2.0,153,0.23995386064052582,0,0.0,0,0.0,0,2.624023914337158,1,6
SH,Mamba,73,1281,167,167,16.7,0.11705686151981354,0.16774441301822662,0.49471917748451233,0.7170244455337524,0.24914416670799255,0,-1,1,167,1.0,2.0,167,0.7701902985572815,0,0.0,0,0.0,0,9.573097229003906,1,6
SH,Mamba,73,1282,182,182,18.2,0.29610633850097656,0.4005800783634186,2.956226110458374,3.4943294525146484,0.7583389282226562,1,101,1,101,0.554945054945055,2.0,101,0.0,0,0.0,0,0.0,0,0.0,0,5
SH,Mamba,73,1283,169,169,16.900000000000002,0.2810472846031189,0.40105122327804565,1.5993863344192505,1.7571539878845215,0.34824249148368835,0,-1,1,169,1.0,2.0,169,1.2240198850631714,0,0.0,0,0.0,0,4.3064422607421875,2,7
SH,Mamba,73,1284,710,710,71.0,0.3121786117553711,0.45892515778541565,2.8516876697540283,3.302734136581421,0.5651741027832031,0,-1,1,710,1.0,2.0,710,0.5110162496566772,0,0.0,0,0.0,0,5.1816253662109375,2,7
SH,Mamba,73,1285,192,192,19.200000000000003,0.2308652251958847,0.2810247838497162,0.9983035922050476,1.102272629737854,0.3086584806442261,0,-1,1,192,1.0,2.0,192,0.8496847748756409,0,0.0,0,0.0,0,16.114112854003906,0,5
SH,Mamba,73,1286,151,151,15.100000000000001,0.17728805541992188,0.2485288381576538,4.249499320983887,5.392351150512695,0.7246419787406921,0,-1,0,0,0.0,2.0,151,3.1800217628479004,0,0.0,0,0.0,0,60.017513275146484,1,6
SH,Mamba,73,1287,308,308,30.8,0.22471551597118378,0.32905861735343933,2.338456869125366,2.9447405338287354,0.25345146656036377,1,299,1,264,0.8571428571428571,2.0,299,0.0,0,0.0,0,0.0,0,0.0,1,6
SH,Mamba,73,1288,131,131,13.100000000000001,0.2360192984342575,0.2959388494491577,0.8084083795547485,1.1406607627868652,0.3776100277900696,0,-1,1,131,1.0,2.0,131,1.1546717882156372,0,0.0,0,0.0,0,4.743261337280273,0,5
SH,Mamba,73,1289,164,164,16.400000000000002,0.24999339878559113,0.3024890720844269,1.676650047302246,2.0384340286254883,0.39636221528053284,0,-1,1,164,1.0,2.0,164,1.3788204193115234,0,0.0,0,0.0,0,10.932321548461914,0,5
SH,Mamba,73,1290,406,406,40.6,0.24049142003059387,0.29258108139038086,6.888652801513672,7.804039478302002,0.9852485656738281,0,-1,1,170,0.4187192118226601,2.0,406,0.7212188243865967,0,0.0,0,0.0,0,12.217530250549316,2,7
SH,Mamba,73,1291,330,330,33.0,0.21651266515254974,0.2608301043510437,2.8929426670074463,3.3536500930786133,0.3500872552394867,0,-1,1,330,1.0,2.0,330,0.9524803161621094,0,0.0,0,0.0,0,10.425188064575195,1,6
SH,Mamba,73,1292,230,230,23.0,0.21421872079372406,0.25893041491508484,4.883629322052002,5.4485321044921875,0.4862413704395294,1,211,1,134,0.5826086956521739,2.0,211,0.0,0,0.0,0,0.0,0,0.0,2,7
SH,Mamba,73,1293,145,145,14.5,0.4219677746295929,0.5341238379478455,9.145191192626953,11.428973197937012,1.3805179595947266,0,-1,1,145,1.0,2.0,145,0.7146605849266052,0,0.0,0,0.0,0,6.7614850997924805,0,5
SH,Mamba,73,1294,170,170,17.0,0.2461743950843811,0.3168486952781677,4.738358974456787,6.2208685874938965,0.8879387974739075,0,-1,1,170,1.0,2.0,170,1.3121273517608643,0,0.0,0,0.0,0,12.471855163574219,0,5
SH,Mamba,73,1295,189,189,18.900000000000002,0.543281614780426,0.7427583336830139,2.623417377471924,3.412233352661133,0.9153556823730469,0,-1,1,189,1.0,2.0,189,0.7871907949447632,0,0.0,0,0.0,0,2.5554122924804688,0,5
SH,Mamba,73,1296,333,333,33.300000000000004,0.11467772722244263,0.14475902915000916,2.7476651668548584,3.700981378555298,0.24003754556179047,0,-1,1,333,1.0,2.0,333,0.5027533769607544,0,0.0,0,0.0,0,9.589256286621094,0,5
SH,Mamba,73,1297,217,217,21.700000000000003,0.24827830493450165,0.30917394161224365,1.639953851699829,1.9259597063064575,0.21139606833457947,1,189,1,109,0.5023041474654378,2.0,189,0.0,0,0.0,0,0.0,0,0.0,0,5
SH,Mamba,73,1298,210,210,21.0,0.2831982970237732,0.3559320867061615,4.427323341369629,5.469520568847656,0.6709976196289062,0,-1,0,0,0.0,2.0,210,2.95261812210083,0,0.0,0,0.0,0,2.8326995372772217,1,6
SH,Mamba,73,1299,418,418,41.800000000000004,0.2790322005748749,0.41008326411247253,2.476271152496338,2.807769536972046,0.37406420707702637,0,-1,1,345,0.8253588516746412,2.0,418,0.37263885140419006,0,0.0,0,0.0,0,1.0308641195297241,2,7
SH,Mamba,73,1300,175,175,17.5,0.15069273114204407,0.18536271154880524,1.4333012104034424,1.5897239446640015,0.4211340844631195,0,-1,1,6,0.03428571428571429,2.0,175,1.702226161956787,0,0.0,0,0.0,0,0.7644815444946289,0,5
SH,Mamba,73,1301,133,133,13.3,0.05479510873556137,0.06942196190357208,0.36121007800102234,0.5127125382423401,0.14091597497463226,0,-1,0,0,0.0,2.0,133,4.162689208984375,0,0.0,0,0.0,0,88.73436737060547,0,5
SH,Mamba,73,1302,162,162,16.2,0.2425742894411087,0.3035421371459961,3.8334381580352783,4.753325939178467,0.6978487968444824,0,-1,0,0,0.0,2.0,162,2.0732579231262207,0,0.0,0,0.0,0,13.953304290771484,2,7
SH,Mamba,73,1303,283,283,28.3,0.652414083480835,0.8566851615905762,11.847391128540039,16.423545837402344,2.079150438308716,0,-1,1,123,0.43462897526501765,2.0,283,1.5011999607086182,0,0.0,0,0.0,0,19.42049217224121,1,6
SH,Mamba,73,1304,169,169,16.900000000000002,0.23478463292121887,0.30497926473617554,2.6195859909057617,3.0823447704315186,0.8221086859703064,0,-1,1,116,0.6863905325443787,2.0,169,1.2901362180709839,0,0.0,0,0.0,0,16.441627502441406,0,5
SH,Mamba,73,1305,352,352,35.2,0.2531746029853821,0.29725587368011475,17.321868896484375,19.776247024536133,1.1502723693847656,0,-1,1,260,0.7386363636363636,2.0,352,0.7749992609024048,0,0.0,0,0.0,0,19.080440521240234,0,5
SH,Mamba,73,1306,532,532,53.2,0.31346121430397034,0.431087851524353,9.367044448852539,11.18713092803955,0.7292490005493164,0,-1,1,460,0.8646616541353384,2.0,532,0.6986396908760071,0,0.0,0,0.0,0,1.998118281364441,2,7
SH,Mamba,73,1307,263,263,26.3,0.17739446461200714,0.21959473192691803,0.956585168838501,1.1222124099731445,0.23466801643371582,0,-1,1,263,1.0,2.0,263,1.0351930856704712,0,0.0,0,0.0,0,7.139070987701416,1,6
SH,Mamba,73,1308,146,146,14.600000000000001,0.3225376605987549,0.38370686769485474,11.098429679870605,13.595503807067871,1.4946340322494507,0,-1,1,146,1.0,2.0,146,0.9955158829689026,0,0.0,0,0.0,0,20.765869140625,0,5
SH,Mamba,73,1309,205,205,20.5,0.3323678970336914,0.3933557868003845,0.8852713704109192,1.125502347946167,0.3722350299358368,0,-1,1,55,0.2682926829268293,2.0,205,1.6769121885299683,0,0.0,0,0.0,0,5.053979396820068,0,5
SH,Mamba,73,1310,311,311,31.1,0.28612926602363586,0.3517136871814728,1.7100025415420532,2.4842586517333984,0.4928620755672455,1,133,1,38,0.12218649517684887,2.0,133,0.0,0,0.0,0,0.0,0,0.0,2,7
SH,Mamba,73,1311,449,449,44.900000000000006,0.10402285307645798,0.12634210288524628,16.888553619384766,19.197839736938477,0.6534805297851562,0,-1,1,153,0.34075723830734966,2.0,449,1.1664559841156006,0,0.0,0,0.0,0,26.401941299438477,1,6
SH,Mamba,73,1312,131,131,13.100000000000001,0.7416240572929382,0.9408313632011414,5.047995090484619,6.5215983390808105,1.258151888847351,0,-1,1,131,1.0,2.0,131,1.446692705154419,0,0.0,0,0.0,0,10.495758056640625,1,6
SH,Mamba,73,1313,439,439,43.900000000000006,0.27106332778930664,0.3350420892238617,3.7839157581329346,4.146517276763916,0.3825936019420624,0,-1,1,439,1.0,2.0,439,0.9277725219726562,0,0.0,0,0.0,0,3.2783679962158203,2,7
SH,Mamba,73,1314,401,401,40.1,0.240936741232872,0.33555880188941956,1.257127285003662,1.448992371559143,0.6126150488853455,1,276,1,222,0.5536159600997507,2.0,276,0.0,0,0.0,0,0.0,0,0.0,0,5
SH,Mamba,73,1315,164,164,16.400000000000002,0.20573009550571442,0.2732381522655487,0.6321009397506714,0.9536664485931396,0.43988236784935,0,-1,1,120,0.7317073170731707,2.0,164,1.116133689880371,0,0.0,0,0.0,0,1.6619118452072144,1,6
SH,Mamba,73,1316,239,239,23.900000000000002,0.27577733993530273,0.3459323048591614,3.8108837604522705,4.953030109405518,0.8061181306838989,0,-1,1,239,1.0,2.0,239,0.585472583770752,0,0.0,0,0.0,0,1.7776306867599487,2,7
SH,Mamba,73,1317,405,405,40.5,0.20867107808589935,0.25511598587036133,20.243284225463867,24.484699249267578,1.0062682628631592,0,-1,1,188,0.4641975308641975,2.0,405,1.3561232089996338,0,0.0,0,0.0,0,33.5104866027832,0,5
SH,Mamba,73,1318,353,353,35.300000000000004,0.1773313730955124,0.2308872491121292,6.053256034851074,6.4478278160095215,0.3423271179199219,0,-1,1,353,1.0,2.0,353,0.9532090425491333,0,0.0,0,0.0,0,9.264727592468262,0,5
SH,Mamba,73,1319,194,194,19.400000000000002,0.18433544039726257,0.244018092751503,0.958512008190155,1.0903897285461426,0.20003291964530945,0,-1,1,76,0.3917525773195876,2.0,194,0.17562642693519592,0,0.0,0,0.0,0,0.03753466159105301,1,6
SH,Mamba,73,1320,422,422,42.2,0.2801814079284668,0.34953680634498596,2.84124755859375,3.45694899559021,0.4535045623779297,1,392,1,384,0.909952606635071,2.0,392,0.0,0,0.0,0,0.0,0,0.0,2,7
SH,Mamba,73,1321,513,513,51.300000000000004,0.21364818513393402,0.2622986435890198,2.5687084197998047,3.0565569400787354,0.3617405593395233,0,-1,1,513,1.0,2.0,513,0.24435986578464508,0,0.0,0,0.0,0,1.3692938089370728,0,5
SH,Mamba,73,1322,148,148,14.8,0.07848577201366425,0.09676916152238846,0.2781985104084015,0.3414100110530853,0.10538320243358612,0,-1,0,0,0.0,2.0,148,2.488351583480835,0,0.0,0,0.0,0,34.750465393066406,1,6
SH,Mamba,73,1323,190,190,19.0,0.17144383490085602,0.20329749584197998,1.3296310901641846,1.5393555164337158,0.3005892038345337,0,-1,1,190,1.0,2.0,190,0.9451415538787842,0,0.0,0,0.0,0,11.969154357910156,2,7
SH,Mamba,73,1324,167,167,16.7,0.19526071846485138,0.2346944510936737,1.8239392042160034,2.3338747024536133,0.24220223724842072,0,-1,0,0,0.0,2.0,167,2.3197994232177734,0,0.0,0,0.0,0,23.09766387939453,2,7
SH,Mamba,73,1325,237,237,23.700000000000003,0.20182852447032928,0.2597072422504425,15.940362930297852,19.40721893310547,1.3316123485565186,0,-1,1,237,1.0,2.0,237,0.8579801917076111,0,0.0,0,0.0,0,12.955594062805176,1,6
SH,Mamba,73,1326,333,333,33.300000000000004,0.36344701051712036,0.4487445652484894,27.537595748901367,36.08810043334961,2.4150946140289307,0,-1,1,333,1.0,2.0,333,1.1512322425842285,0,0.0,0,0.0,0,9.944694519042969,1,6
SH,Mamba,73,1327,408,408,40.800000000000004,0.30334773659706116,0.4043492376804352,2.4254367351531982,3.013885974884033,0.48028871417045593,1,364,1,199,0.4877450980392157,2.0,364,0.0,0,0.0,0,0.0,0,0.0,0,5
SH,Mamba,73,1328,375,375,37.5,0.28028973937034607,0.4175606667995453,2.1852192878723145,2.502213716506958,0.2735233008861542,0,-1,1,348,0.928,2.0,375,0.7775868773460388,0,0.0,0,0.0,0,3.0945353507995605,0,5
SH,Mamba,73,1329,172,172,17.2,0.4828340411186218,0.6062844395637512,1.743939757347107,2.1461451053619385,0.5660288333892822,1,161,1,160,0.9302325581395349,2.0,161,0.0,0,0.0,0,0.0,0,0.0,0,5
SH,Mamba,73,1330,271,271,27.1,0.4994494915008545,0.656910240650177,11.695025444030762,15.402442932128906,1.2962474822998047,0,-1,0,0,0.0,2.0,271,2.351951837539673,0,0.0,0,0.0,0,6.568665504455566,1,6
SH,Mamba,73,1331,379,379,37.9,0.40895548462867737,0.5226738452911377,1.1357240676879883,1.4792217016220093,0.4700189232826233,0,-1,1,298,0.7862796833773087,2.0,379,1.1865992546081543,0,0.0,0,0.0,0,6.5049920082092285,1,6
SH,Mamba,73,1332,160,160,16.0,0.28579890727996826,0.34579217433929443,0.38669508695602417,0.5384778380393982,0.26823148131370544,0,-1,1,110,0.6875,2.0,160,1.3348150253295898,0,0.0,0,0.0,0,2.3533592224121094,2,7
SH,Mamba,73,1333,196,196,19.6,0.4217036962509155,0.48847123980522156,2.7652814388275146,3.3012187480926514,0.6563906073570251,0,-1,1,196,1.0,2.0,196,1.2516676187515259,0,0.0,0,0.0,0,3.0662684440612793,0,5
SH,Mamba,73,1334,367,367,36.7,0.4185292422771454,0.5289366245269775,3.8166890144348145,4.280155658721924,0.6690505146980286,1,291,1,291,0.7929155313351499,2.0,291,0.0,0,0.0,0,0.0,0,0.0,0,5
SH,Mamba,73,1335,256,256,25.6,0.20031623542308807,0.42220497131347656,0.6799361705780029,0.7686940431594849,0.29104936122894287,0,-1,0,0,0.0,2.0,256,2.357179641723633,0,0.0,0,0.0,0,48.19705581665039,0,5
SH,Mamba,73,1336,708,708,70.8,0.32529306411743164,0.4215560257434845,4.167912006378174,4.484691619873047,5.8895344734191895,1,166,1,132,0.1864406779661017,2.0,166,0.0,0,0.0,0,0.0,0,0.0,2,7
SH,Mamba,73,1337,183,183,18.3,0.6084369421005249,0.8380052447319031,5.364828586578369,6.073740005493164,1.6438935995101929,1,132,1,132,0.7213114754098361,2.0,132,0.0,0,0.0,0,0.0,0,0.0,2,7
SH,Mamba,73,1338,140,140,14.0,0.5553361177444458,0.6255285143852234,2.1894690990448,2.9027042388916016,0.758588433265686,0,-1,1,33,0.2357142857142857,2.0,140,1.89080011844635,0,0.0,0,0.0,0,4.9189453125,1,6
SH,Mamba,73,1339,627,627,62.7,0.27536892890930176,0.3492370843887329,5.383354187011719,6.788331031799316,2.3051042556762695,1,295,1,279,0.4449760765550239,2.0,295,0.0,0,0.0,0,0.0,0,0.0,1,6
SH,Mamba,73,1340,161,161,16.1,0.3017926514148712,0.45176804065704346,0.4659632742404938,0.8285931348800659,0.3590693175792694,0,-1,1,161,1.0,2.0,161,0.7192689180374146,0,0.0,0,0.0,0,3.631791114807129,2,7
SH,Mamba,73,1341,471,471,47.1,0.27073952555656433,0.37672701478004456,3.1447346210479736,4.799763202667236,0.54322749376297,0,-1,1,267,0.5668789808917197,2.0,471,1.4630870819091797,0,0.0,0,0.0,0,4.508231163024902,0,5
SH,Mamba,73,1342,217,217,21.700000000000003,0.30932560563087463,0.35476577281951904,3.369321584701538,4.2081451416015625,0.5946083068847656,0,-1,1,208,0.9585253456221198,2.0,217,1.315326452255249,0,0.0,0,0.0,0,12.883112907409668,1,6
SH,Mamba,73,1343,164,164,16.400000000000002,0.42180055379867554,0.5679361820220947,0.8694815039634705,1.1024577617645264,0.4233076572418213,0,-1,1,164,1.0,2.0,164,0.3610149025917053,0,0.0,0,0.0,0,1.4562050104141235,2,7
SH,Mamba,73,1344,281,281,28.1,0.21291513741016388,0.2507621645927429,5.903947830200195,6.416434288024902,0.6339564323425293,0,-1,1,281,1.0,2.0,281,0.9126832485198975,0,0.0,0,0.0,0,19.5361385345459,0,5
SH,Mamba,73,1345,192,192,19.200000000000003,0.2228461503982544,0.27535480260849,1.7266278266906738,2.5896947383880615,0.40913689136505127,0,-1,0,0,0.0,2.0,192,2.1948018074035645,0,0.0,0,0.0,0,5.456923961639404,1,6
SH,Mamba,73,1346,1014,1014,101.4,0.39098992943763733,0.5133184790611267,5.0280351638793945,6.44061279296875,2.210599899291992,1,718,1,654,0.6449704142011834,2.0,718,0.0,0,0.0,0,0.0,0,0.0,1,6
SH,Mamba,73,1347,509,509,50.900000000000006,0.15945717692375183,0.20151764154434204,6.508336544036865,9.145866394042969,0.4549151062965393,0,-1,1,509,1.0,2.0,509,0.963205099105835,0,0.0,0,0.0,0,11.760162353515625,1,6
SH,Mamba,73,1348,145,145,14.5,0.295013427734375,0.35085102915763855,1.4908849000930786,1.8629852533340454,0.31614112854003906,0,-1,1,145,1.0,2.0,145,1.3251467943191528,0,0.0,0,0.0,0,5.118745803833008,1,6
SH,Mamba,73,1349,560,560,56.0,0.3491702377796173,0.4459301829338074,1.684067726135254,2.057236433029175,0.44983556866645813,0,-1,1,464,0.8285714285714286,2.0,560,1.2948232889175415,0,0.0,0,0.0,0,3.8887202739715576,2,7
SH,Mamba,73,1350,373,373,37.300000000000004,0.3014117181301117,0.3833906948566437,1.813980221748352,2.3849380016326904,0.5446981191635132,1,290,1,250,0.6702412868632708,2.0,290,0.0,0,0.0,0,0.0,0,0.0,2,7
SH,Mamba,73,1351,156,156,15.600000000000001,0.275893896818161,0.32667726278305054,6.261484146118164,7.5861496925354,0.7646481990814209,1,138,1,104,0.6666666666666666,2.0,138,0.0,0,0.0,0,0.0,0,0.0,2,7
SH,Mamba,73,1352,265,265,26.5,0.22459585964679718,0.2635170519351959,1.6725727319717407,1.9715890884399414,0.5348800420761108,0,-1,1,16,0.06037735849056604,2.0,265,1.937290906906128,0,0.0,0,0.0,0,12.51114273071289,0,5
SH,Mamba,73,1353,163,163,16.3,0.21920067071914673,0.2729049623012543,2.1838841438293457,2.5829830169677734,0.38491857051849365,0,-1,1,82,0.5030674846625767,2.0,163,1.6192574501037598,0,0.0,0,0.0,0,0.6613438129425049,2,7
SH,Mamba,73,1354,253,253,25.3,0.46912387013435364,0.6194096207618713,1.8203235864639282,2.150847911834717,0.5771169662475586,0,-1,1,253,1.0,2.0,253,0.1608968824148178,0,0.0,0,0.0,0,0.5842483043670654,2,7
SH,Mamba,73,1355,214,214,21.400000000000002,0.1746179312467575,0.22270454466342926,11.092013359069824,13.131393432617188,0.9322056770324707,0,-1,1,214,1.0,2.0,214,0.9523799419403076,0,0.0,0,0.0,0,23.24665641784668,2,7
SH,Mamba,73,1356,546,546,54.6,0.40052226185798645,0.552907407283783,2.872499465942383,3.165816068649292,1.737622857093811,1,245,1,245,0.44871794871794873,2.0,245,0.0,0,0.0,0,0.0,0,0.0,1,6
SH,Mamba,73,1357,201,201,20.1,0.2084626406431198,0.273566871881485,14.322657585144043,18.910484313964844,1.7778657674789429,0,-1,1,201,1.0,2.0,201,0.8223786354064941,0,0.0,0,0.0,0,26.88322639465332,1,6
SH,Mamba,73,1358,316,316,31.6,0.5949824452400208,0.7702375650405884,16.181167602539062,18.00861358642578,1.3272422552108765,0,-1,1,316,1.0,2.0,316,0.520793616771698,0,0.0,0,0.0,0,2.419003486633301,2,7
SH,Mamba,73,1359,144,144,14.4,0.13771559298038483,0.18517810106277466,2.6221418380737305,3.031644105911255,0.2748468220233917,0,-1,1,144,1.0,2.0,144,0.8796908259391785,0,0.0,0,0.0,0,17.692888259887695,0,5
SH,Mamba,73,1360,309,309,30.900000000000002,0.13513587415218353,0.16903415322303772,5.2787299156188965,6.591174602508545,0.32889848947525024,0,-1,1,309,1.0,2.0,309,0.8672746419906616,0,0.0,0,0.0,0,8.982366561889648,0,5
SH,Mamba,73,1361,170,170,17.0,0.2988611161708832,0.39987418055534363,1.5554149150848389,1.834894061088562,0.397165447473526,0,-1,1,30,0.17647058823529413,2.0,170,1.752445101737976,0,0.0,0,0.0,0,9.726142883300781,1,6
SH,Mamba,73,1362,178,178,17.8,0.2568652629852295,0.30640047788619995,2.6480116844177246,3.2452468872070312,0.9683744311332703,0,-1,0,0,0.0,2.0,178,2.0081560611724854,0,0.0,0,0.0,0,46.71650695800781,0,5
SH,Mamba,73,1363,233,233,23.3,0.27926337718963623,0.3595621585845947,19.776269912719727,23.02284049987793,1.5954338312149048,0,-1,0,0,0.0,2.0,233,3.009739398956299,0,0.0,0,0.0,0,14.804862022399902,1,6
SH,Mamba,73,1364,177,177,17.7,0.4237600564956665,0.4995063841342926,3.6622962951660156,4.619897365570068,0.6524854302406311,0,-1,0,0,0.0,2.0,177,2.8895530700683594,0,0.0,0,0.0,0,19.433874130249023,0,5
SH,Mamba,73,1365,380,380,38.0,0.20224818587303162,0.25122079253196716,4.261650085449219,5.151408672332764,0.6595533490180969,0,-1,1,278,0.7315789473684211,2.0,380,1.1789860725402832,0,0.0,0,0.0,0,23.010013580322266,2,7
SH,Mamba,73,1366,364,364,36.4,0.244694322347641,0.3508417010307312,4.466590404510498,4.980991363525391,0.5680972337722778,1,361,1,241,0.6620879120879121,2.0,361,0.0,0,0.0,0,0.0,0,0.0,0,5
SH,Mamba,73,1367,226,226,22.6,0.19531796872615814,0.23484240472316742,0.7366816997528076,0.9326293468475342,0.3343430459499359,0,-1,1,126,0.5575221238938053,2.0,226,1.2368590831756592,0,0.0,0,0.0,0,14.626945495605469,1,6
SH,Mamba,73,1368,562,562,56.2,0.2487943172454834,0.3220469355583191,9.250688552856445,10.920502662658691,0.6095579266548157,0,-1,1,562,1.0,2.0,562,0.6798682808876038,0,0.0,0,0.0,0,8.530993461608887,1,6
SH,Mamba,73,1369,133,133,13.3,0.5067451596260071,0.5805264115333557,14.020201683044434,19.9321231842041,3.4394822120666504,0,-1,0,0,0.0,2.0,133,6.8207902908325195,0,0.0,0,0.0,0,54.73918914794922,1,6
SH,Mamba,73,1370,263,263,26.3,0.23194347321987152,0.29716062545776367,1.5459227561950684,1.8050097227096558,0.4506741762161255,0,-1,1,263,1.0,2.0,263,0.7434578537940979,0,0.0,0,0.0,0,4.3620686531066895,2,7
SH,Mamba,73,1371,380,380,38.0,0.4155762791633606,0.5117636919021606,9.608875274658203,12.986781120300293,1.3648978471755981,0,-1,0,0,0.0,2.0,380,2.8662161827087402,0,0.0,0,0.0,0,10.242936134338379,0,5
SH,Mamba,73,1372,149,149,14.9,0.3307687044143677,0.39970913529396057,4.79945707321167,5.4121785163879395,0.6497615575790405,0,-1,1,76,0.5100671140939598,2.0,149,1.599565029144287,0,0.0,0,0.0,0,1.003499984741211,1,6
SH,Mamba,73,1373,220,220,22.0,0.3265741765499115,0.3891911208629608,1.6883093118667603,1.9381729364395142,0.5001485347747803,1,212,1,150,0.6818181818181818,2.0,212,0.0,0,0.0,0,0.0,0,0.0,2,7
SH,Mamba,73,1374,217,217,21.700000000000003,0.2691398859024048,0.316511332988739,1.7109321355819702,2.190321207046509,0.39143332839012146,0,-1,1,86,0.39631336405529954,2.0,217,1.6256293058395386,0,0.0,0,0.0,0,7.078151702880859,2,7
SH,Mamba,73,1375,227,227,22.700000000000003,0.3086976110935211,0.36374449729919434,23.785520553588867,28.78618049621582,2.000075340270996,0,-1,1,117,0.5154185022026432,2.0,227,1.5776660442352295,0,0.0,0,0.0,0,11.715618133544922,2,7
SH,Mamba,73,1376,433,433,43.300000000000004,0.17795607447624207,0.21644482016563416,5.3114914894104,5.679454326629639,0.3621012270450592,0,-1,1,433,1.0,2.0,433,0.6766979694366455,0,0.0,0,0.0,0,12.3794584274292,0,5
SH,Mamba,73,1377,217,217,21.700000000000003,0.4756544828414917,0.6337312459945679,2.371005058288574,3.145911693572998,0.614682674407959,0,-1,1,217,1.0,2.0,217,0.6166692972183228,0,0.0,0,0.0,0,3.5559606552124023,0,5
SH,Mamba,73,1378,763,763,76.3,0.3331253230571747,0.4853633642196655,3.7008883953094482,4.262613296508789,2.491274356842041,1,264,1,264,0.34600262123197906,2.0,264,0.0,0,0.0,0,0.0,0,0.0,0,5
SH,Mamba,73,1379,193,193,19.3,0.2536718547344208,0.3125487267971039,2.8972067832946777,3.323007106781006,0.36963093280792236,0,-1,0,0,0.0,2.0,193,4.870903968811035,0,0.0,0,0.0,0,6.507189750671387,2,7
SH,Mamba,73,1380,453,453,45.300000000000004,0.40879252552986145,0.5916566252708435,8.041280746459961,9.121672630310059,2.9126861095428467,1,97,1,97,0.2141280353200883,2.0,97,0.0,0,0.0,0,0.0,0,0.0,2,7
SH,Mamba,73,1381,179,179,17.900000000000002,0.20296737551689148,0.2631955146789551,3.7597150802612305,4.207030296325684,0.4329443871974945,0,-1,0,0,0.0,2.0,179,2.9338557720184326,0,0.0,0,0.0,0,12.559123039245605,0,5
SH,Mamba,73,1382,167,167,16.7,0.16797694563865662,0.19600646197795868,9.741312026977539,12.806905746459961,1.573514699935913,0,-1,1,167,1.0,2.0,167,0.38163381814956665,0,0.0,0,0.0,0,6.653156280517578,0,5
SH,Mamba,73,1383,274,274,27.400000000000002,0.061162132769823074,0.08072216063737869,3.847120761871338,5.211817741394043,0.3687657117843628,0,-1,0,0,0.0,2.0,274,2.8002824783325195,0,0.0,0,0.0,0,66.66221618652344,0,5
SH,Mamba,73,1384,706,706,70.60000000000001,0.2757240831851959,0.3533068597316742,5.538723468780518,6.380380630493164,0.5856896638870239,1,697,1,579,0.8201133144475921,2.0,697,0.0,0,0.0,0,0.0,0,0.0,2,7
SH,Mamba,73,1385,621,621,62.1,0.21643248200416565,0.2746823728084564,12.212194442749023,14.181777000427246,0.5164383053779602,0,-1,1,586,0.9436392914653784,2.0,621,0.7999226450920105,0,0.0,0,0.0,0,21.803882598876953,1,6
SH,Mamba,73,1386,243,243,24.3,0.32901060581207275,0.4082719385623932,3.5553221702575684,4.16318416595459,0.5737543702125549,0,-1,1,243,1.0,2.0,243,0.39918819069862366,0,0.0,0,0.0,0,1.563278079032898,2,7
SH,Mamba,73,1387,319,319,31.900000000000002,0.32123637199401855,0.3986181616783142,1.2672585248947144,1.425611972808838,0.28540918231010437,0,-1,1,319,1.0,2.0,319,0.28800827264785767,0,0.0,0,0.0,0,0.9570127129554749,2,7
SH,Mamba,73,1388,230,230,23.0,0.18694216012954712,0.23168312013149261,1.3017878532409668,1.6461303234100342,0.3547295033931732,0,-1,1,230,1.0,2.0,230,0.3931843340396881,0,0.0,0,0.0,0,8.522746086120605,0,5
SH,Mamba,73,1389,180,180,18.0,0.30853769183158875,0.4250844120979309,1.8947850465774536,2.20542573928833,0.32871609926223755,1,179,1,179,0.9944444444444445,2.0,179,0.0,0,0.0,0,0.0,0,0.0,1,6
SH,Mamba,73,1390,626,626,62.6,0.25558754801750183,0.37190091609954834,3.9071061611175537,4.478092193603516,0.4217624366283417,1,604,1,604,0.9648562300319489,2.0,604,0.0,0,0.0,0,0.0,0,0.0,1,6
SH,Mamba,73,1391,271,271,27.1,0.28427010774612427,0.35822516679763794,1.7281594276428223,2.3767387866973877,0.4787663519382477,0,-1,1,197,0.7269372693726938,2.0,271,1.3344556093215942,0,0.0,0,0.0,0,1.7876052856445312,2,7
SH,Mamba,73,1392,227,227,22.700000000000003,0.3189413845539093,0.3933000862598419,2.7562577724456787,3.1857216358184814,0.6199327111244202,0,-1,1,227,1.0,2.0,227,0.39326632022857666,0,0.0,0,0.0,0,7.650390625,0,5
SH,Mamba,73,1393,168,168,16.8,0.2319181114435196,0.31235989928245544,4.073460578918457,4.968243598937988,0.48407015204429626,0,-1,1,168,1.0,2.0,168,1.1247386932373047,0,0.0,0,0.0,0,15.86270809173584,2,7
SH,Mamba,73,1394,279,279,27.900000000000002,0.2053588628768921,0.251830518245697,1.7295870780944824,2.0659995079040527,0.38370177149772644,0,-1,1,279,1.0,2.0,279,0.8594781160354614,0,0.0,0,0.0,0,3.6464192867279053,2,7
SH,Mamba,73,1395,201,201,20.1,0.24005062878131866,0.3005225658416748,8.823844909667969,11.19076156616211,1.120642900466919,0,-1,1,201,1.0,2.0,201,0.8330830931663513,0,0.0,0,0.0,0,12.078445434570312,2,7
SH,Mamba,73,1396,274,274,27.400000000000002,0.16909575462341309,0.20453405380249023,2.7637693881988525,3.9139273166656494,0.32326540350914,1,265,1,193,0.7043795620437956,2.0,265,0.0,0,0.0,0,0.0,0,0.0,1,6
SH,Mamba,73,1397,184,184,18.400000000000002,0.33622288703918457,0.4173084497451782,0.8235978484153748,1.0330352783203125,0.2863398492336273,1,163,1,148,0.8043478260869565,2.0,163,0.0,0,0.0,0,0.0,0,0.0,1,6
SH,Mamba,73,1398,372,372,37.2,0.3296032249927521,0.4155951738357544,4.5941267013549805,5.418459415435791,0.5605853796005249,0,-1,1,372,1.0,2.0,372,0.6260996460914612,0,0.0,0,0.0,0,8.140301704406738,0,5
SH,Mamba,73,1399,157,157,15.700000000000001,0.18579591810703278,0.22402401268482208,3.968383312225342,4.4919514656066895,0.3703235387802124,0,-1,0,0,0.0,2.0,157,2.331441640853882,0,0.0,0,0.0,0,14.111274719238281,0,5
SH,Mamba,73,1400,176,176,17.6,0.15415556728839874,0.1825340986251831,3.8534319400787354,5.625746726989746,0.7788618206977844,0,-1,0,0,0.0,2.0,176,5.865237712860107,0,0.0,0,0.0,0,78.5680160522461,2,7
SH,Mamba,73,1401,488,488,48.800000000000004,0.1763353794813156,0.24900589883327484,1.5953874588012695,1.9088951349258423,0.2463964968919754,1,451,1,431,0.8831967213114754,2.0,451,0.0,0,0.0,0,0.0,0,0.0,0,5
SH,Mamba,73,1402,190,190,19.0,0.39538443088531494,0.47970470786094666,2.009093761444092,2.2188024520874023,0.4622232913970947,0,-1,0,0,0.0,2.0,190,2.700322151184082,0,0.0,0,0.0,0,5.03442907333374,0,5
SH,Mamba,73,1403,161,161,16.1,0.20719929039478302,0.2732207179069519,1.406809687614441,2.0811662673950195,0.2823074460029602,0,-1,0,0,0.0,2.0,161,2.553119659423828,0,0.0,0,0.0,0,33.553009033203125,0,5
SH,Mamba,73,1404,174,174,17.400000000000002,0.17778441309928894,0.20095741748809814,4.372041702270508,6.283249378204346,0.6858997344970703,0,-1,0,0,0.0,2.0,174,2.203101396560669,0,0.0,0,0.0,0,39.902000427246094,0,5
SH,Mamba,73,1405,140,140,14.0,0.17426399886608124,0.20090745389461517,5.767009735107422,7.598845481872559,1.0724444389343262,0,-1,0,0,0.0,2.0,140,2.507671356201172,0,0.0,0,0.0,0,49.32234191894531,2,7
SH,Mamba,73,1406,198,198,19.8,0.4103611409664154,0.5429611802101135,1.048635721206665,1.4202402830123901,0.3877872824668884,0,-1,1,198,1.0,2.0,198,0.974014937877655,0,0.0,0,0.0,0,3.8298027515411377,0,5
SH,Mamba,73,1407,154,154,15.4,0.17084118723869324,0.22339855134487152,1.5098973512649536,1.6888296604156494,0.2832389771938324,0,-1,0,0,0.0,2.0,154,2.6673684120178223,0,0.0,0,0.0,0,11.415070533752441,2,7
SH,Mamba,73,1408,142,142,14.200000000000001,0.20011642575263977,0.24404117465019226,3.8956961631774902,5.428256034851074,0.8402235507965088,0,-1,0,0,0.0,2.0,142,2.1310391426086426,0,0.0,0,0.0,0,48.59882354736328,1,6
SH,Mamba,73,1409,161,161,16.1,0.2564184367656708,0.3062056303024292,4.823123455047607,6.516848564147949,0.8234096765518188,0,-1,1,150,0.9316770186335404,2.0,161,1.728139042854309,0,0.0,0,0.0,0,18.62040138244629,1,6
SH,Mamba,73,1410,527,527,52.7,0.25012069940567017,0.3473937511444092,1.9592162370681763,2.389448881149292,0.3746162950992584,0,-1,1,527,1.0,2.0,527,0.3493312895298004,0,0.0,0,0.0,0,6.024320125579834,1,6
SH,Mamba,73,1411,987,987,98.7,0.2717459499835968,0.3847315013408661,2.580810785293579,2.8425679206848145,1.7170299291610718,1,33,1,33,0.03343465045592705,2.0,33,0.0,0,0.0,0,0.0,0,0.0,0,5
SH,Mamba,73,1412,152,152,15.200000000000001,0.2555556297302246,0.339457631111145,1.226505160331726,1.500017523765564,0.4982670247554779,0,-1,1,152,1.0,2.0,152,1.1119871139526367,0,0.0,0,0.0,0,7.22867488861084,0,5
SH,Mamba,73,1413,345,345,34.5,0.46942996978759766,0.5935145020484924,7.287869453430176,8.024247169494629,0.7067601084709167,0,-1,1,18,0.05217391304347826,2.0,345,1.89724600315094,0,0.0,0,0.0,0,10.116717338562012,0,5
SH,Mamba,73,1414,156,156,15.600000000000001,0.4100247323513031,0.5165010094642639,2.235278844833374,2.6510415077209473,0.7085406184196472,0,-1,0,0,0.0,2.0,156,3.471916675567627,0,0.0,0,0.0,0,13.288878440856934,0,5
SH,Mamba,73,1415,339,339,33.9,0.4017452001571655,0.4780158996582031,1.7820789813995361,2.4557576179504395,0.6064963936805725,0,-1,1,339,1.0,2.0,339,0.8689756393432617,0,0.0,0,0.0,0,5.624265193939209,2,7
SH,Mamba,73,1416,276,276,27.6,0.08815747499465942,0.10831909626722336,8.376152038574219,10.297648429870605,0.5906676054000854,0,-1,0,0,0.0,2.0,276,2.840635299682617,0,0.0,0,0.0,0,61.588844299316406,0,5
SH,Mamba,73,1417,150,150,15.0,0.2724289298057556,0.3179384469985962,4.169185161590576,4.80889892578125,0.7584430575370789,0,-1,1,3,0.02,2.0,150,1.9672268629074097,0,0.0,0,0.0,0,44.78523635864258,0,5
SH,Mamba,73,1418,293,293,29.3,0.18520264327526093,0.23388296365737915,3.3789467811584473,4.148876190185547,0.5408417582511902,0,-1,1,59,0.20136518771331058,2.0,293,1.0621687173843384,0,0.0,0,0.0,0,18.5417423248291,1,6
SH,Mamba,73,1419,523,523,52.300000000000004,0.3363659977912903,0.4625009596347809,4.089763164520264,5.037801265716553,0.502902626991272,0,-1,1,523,1.0,2.0,523,0.020761005580425262,0,0.0,0,0.0,0,0.04400303214788437,1,6
SH,Mamba,73,1420,159,159,15.9,0.19672298431396484,0.28305885195732117,1.7745848894119263,2.316368818283081,0.4442856013774872,0,-1,0,0,0.0,2.0,159,2.3354508876800537,0,0.0,0,0.0,0,18.703601837158203,0,5
SH,Mamba,73,1421,301,301,30.1,0.3361416757106781,0.4606180787086487,3.5747828483581543,4.183494567871094,1.1344516277313232,1,167,1,167,0.5548172757475083,2.0,167,0.0,0,0.0,0,0.0,0,0.0,2,7
SH,Mamba,73,1422,483,483,48.300000000000004,0.388555645942688,0.49661344289779663,2.015859603881836,2.5219814777374268,0.9689594507217407,1,299,1,248,0.5134575569358178,2.0,299,0.0,0,0.0,0,0.0,0,0.0,1,6
SH,Mamba,73,1423,319,319,31.900000000000002,0.48293158411979675,0.5889725685119629,6.032830238342285,8.282575607299805,1.0488061904907227,0,-1,1,319,1.0,2.0,319,0.9424459338188171,0,0.0,0,0.0,0,7.008577823638916,0,5
SH,Mamba,73,1424,379,379,37.9,0.2599959373474121,0.34421539306640625,2.6243183612823486,3.2817060947418213,0.7027557492256165,1,265,1,265,0.6992084432717678,2.0,265,0.0,0,0.0,0,0.0,0,0.0,2,7
SH,Mamba,73,1425,662,662,66.2,0.3808516263961792,0.5140133500099182,4.985469341278076,5.8127241134643555,0.6186305284500122,0,-1,1,657,0.9924471299093656,2.0,662,1.0340423583984375,0,0.0,0,0.0,0,12.15517807006836,1,6
SH,Mamba,73,1426,310,310,31.0,0.29648101329803467,0.39010098576545715,10.906576156616211,12.113215446472168,0.965191662311554,0,-1,1,310,1.0,2.0,310,0.6507818698883057,0,0.0,0,0.0,0,11.915340423583984,1,6
SH,Mamba,73,1427,265,265,26.5,0.37247681617736816,0.5058341026306152,3.534069061279297,4.027100563049316,1.5209202766418457,1,153,1,153,0.5773584905660377,2.0,153,0.0,0,0.0,0,0.0,0,0.0,1,6
SH,Mamba,73,1428,206,206,20.6,0.27675923705101013,0.3550674021244049,1.7643285989761353,2.1273419857025146,0.6730448007583618,0,-1,1,111,0.5388349514563107,2.0,206,1.5933973789215088,0,0.0,0,0.0,0,18.65300941467285,2,7
SH,Mamba,73,1429,443,443,44.300000000000004,0.2513768672943115,0.32713839411735535,1.4762123823165894,1.7372374534606934,0.3430691361427307,0,-1,1,427,0.963882618510158,2.0,443,1.0381888151168823,0,0.0,0,0.0,0,4.453344821929932,1,6
SH,Mamba,73,1430,150,150,15.0,0.4667454659938812,0.6283478736877441,0.8757230639457703,1.2263118028640747,0.6155403256416321,0,-1,1,134,0.8933333333333333,2.0,150,1.5295302867889404,0,0.0,0,0.0,0,7.522125720977783,1,6
SH,Mamba,73,1431,207,207,20.700000000000003,0.2698774039745331,0.37076106667518616,7.463771820068359,9.012836456298828,0.8700682520866394,0,-1,1,207,1.0,2.0,207,0.32005107402801514,0,0.0,0,0.0,0,7.771442890167236,0,5
SH,Mamba,73,1432,495,495,49.5,0.26030823588371277,0.3357953429222107,7.404417037963867,9.630766868591309,0.7351288199424744,0,-1,0,0,0.0,2.0,495,2.2477078437805176,0,0.0,0,0.0,0,3.8152074813842773,1,6
SH,Mamba,73,1433,223,223,22.3,0.15288741886615753,0.1969502568244934,4.938974380493164,7.171773910522461,0.7380080819129944,0,-1,0,0,0.0,2.0,223,2.179337978363037,0,0.0,0,0.0,0,20.699047088623047,0,5
SH,Mamba,73,1434,261,261,26.1,0.36663123965263367,0.4471403956413269,1.0653619766235352,1.5895495414733887,0.47874748706817627,0,-1,1,208,0.7969348659003831,2.0,261,1.4399315118789673,0,0.0,0,0.0,0,6.664273262023926,2,7
SH,Mamba,73,1435,207,207,20.700000000000003,0.37440744042396545,0.5445826053619385,3.8783583641052246,4.125720024108887,0.5437167882919312,0,-1,1,207,1.0,2.0,207,0.5176954865455627,0,0.0,0,0.0,0,2.4138190746307373,1,6
SH,Mamba,73,1436,142,142,14.200000000000001,0.29923850297927856,0.40637633204460144,0.7618469595909119,0.8838152885437012,0.2719571888446808,0,-1,1,142,1.0,2.0,142,1.0596799850463867,0,0.0,0,0.0,0,3.88324236869812,2,7
SH,Mamba,73,1437,232,232,23.200000000000003,0.5293532013893127,0.6295859217643738,2.229443073272705,2.912719964981079,0.8763130307197571,0,-1,1,187,0.8060344827586207,2.0,232,0.9469650983810425,0,0.0,0,0.0,0,18.907146453857422,1,6
SH,Mamba,73,1438,330,330,33.0,0.18106570839881897,0.21875090897083282,2.8061892986297607,3.3700551986694336,0.5051166415214539,0,-1,1,330,1.0,2.0,330,0.640736997127533,0,0.0,0,0.0,0,10.034880638122559,2,7
SH,Mamba,73,1439,206,206,20.6,0.47134464979171753,0.578974187374115,5.019565105438232,5.953297138214111,0.7180972695350647,0,-1,1,206,1.0,2.0,206,1.0020482540130615,0,0.0,0,0.0,0,5.706087589263916,0,5
SH,Mamba,73,1440,230,230,23.0,0.42047858238220215,0.5562472939491272,1.3204536437988281,1.4987930059432983,0.41921117901802063,0,-1,1,43,0.18695652173913044,2.0,230,1.552595853805542,0,0.0,0,0.0,0,1.5678117275238037,1,6
SH,Mamba,73,1441,131,131,13.100000000000001,0.33992886543273926,0.3959904611110687,3.562661647796631,4.201058387756348,0.866491436958313,0,-1,0,0,0.0,2.0,131,3.3022518157958984,0,0.0,0,0.0,0,17.487510681152344,2,7
SH,Mamba,73,1442,216,216,21.6,0.3186394274234772,0.3808080852031708,5.057129383087158,5.743999004364014,0.7052174210548401,1,210,1,210,0.9722222222222222,2.0,210,0.0,0,0.0,0,0.0,0,0.0,2,7
SH,Mamba,73,1443,138,138,13.8,0.31911998987197876,0.38961923122406006,0.6882632970809937,0.8130673766136169,0.3728141784667969,0,-1,1,138,1.0,2.0,138,0.6791165471076965,0,0.0,0,0.0,0,3.148283004760742,0,5
SH,Mamba,73,1444,1758,1758,175.8,0.37768784165382385,0.5016465783119202,5.072120189666748,5.7907819747924805,3.3683788776397705,1,648,1,625,0.35551763367463024,2.0,648,0.0,0,0.0,0,0.0,0,0.0,1,6
SH,Mamba,73,1445,193,193,19.3,0.191502645611763,0.21752414107322693,3.9269838333129883,4.52993106842041,0.5145809054374695,0,-1,1,193,1.0,2.0,193,0.8840065598487854,0,0.0,0,0.0,0,9.528389930725098,0,5
SH,Mamba,73,1446,204,204,20.400000000000002,0.2979623079299927,0.3575321137905121,2.7059364318847656,3.234560251235962,0.7790490984916687,0,-1,0,0,0.0,2.0,204,4.190828323364258,0,0.0,0,0.0,0,9.18649959564209,1,6
SH,Mamba,73,1447,566,566,56.6,0.30218639969825745,0.4560149013996124,3.3216030597686768,3.9748692512512207,0.7005356550216675,1,369,1,369,0.6519434628975265,2.0,369,0.0,0,0.0,0,0.0,0,0.0,2,7
SH,Mamba,73,1448,444,444,44.400000000000006,0.3400503396987915,0.4749169647693634,20.341297149658203,23.236108779907227,1.2258061170578003,1,431,1,431,0.9707207207207207,2.0,431,0.0,0,0.0,0,0.0,0,0.0,0,5
SH,Mamba,73,1449,149,149,14.9,0.2480742633342743,0.3414933383464813,2.8507347106933594,3.609611749649048,0.5493180155754089,0,-1,1,97,0.6510067114093959,2.0,149,1.1959624290466309,0,0.0,0,0.0,0,21.45778465270996,2,7
SH,Mamba,73,1450,143,143,14.3,0.2913452386856079,0.3550361692905426,3.1239306926727295,3.6760876178741455,0.47670117020606995,0,-1,0,0,0.0,2.0,143,2.449336290359497,0,0.0,0,0.0,0,6.1194024085998535,0,5
SH,Mamba,73,1451,219,219,21.900000000000002,0.18609866499900818,0.24686039984226227,5.5876688957214355,6.319677352905273,0.5906985402107239,0,-1,1,33,0.1506849315068493,2.0,219,1.807978630065918,0,0.0,0,0.0,0,31.799470901489258,0,5
SH,Mamba,73,1452,187,187,18.7,0.15725131332874298,0.18602542579174042,6.538214683532715,7.543275833129883,0.6264138221740723,0,-1,1,187,1.0,2.0,187,1.044019103050232,0,0.0,0,0.0,0,28.248367309570312,2,7
SH,Mamba,73,1453,132,132,13.200000000000001,0.17317697405815125,0.1965354084968567,1.0307238101959229,1.4695913791656494,0.45013758540153503,0,-1,1,132,1.0,2.0,132,1.5432281494140625,0,0.0,0,0.0,0,29.832088470458984,2,7
SH,Mamba,73,1454,392,392,39.2,0.20685185492038727,0.25252577662467957,5.323850154876709,5.797243118286133,0.3622792363166809,0,-1,1,392,1.0,2.0,392,1.16897714138031,0,0.0,0,0.0,0,16.166297912597656,1,6
SH,Mamba,73,1455,177,177,17.7,0.4246482253074646,0.5622206330299377,1.2158132791519165,1.5356431007385254,0.5503252744674683,0,-1,1,177,1.0,2.0,177,1.0609378814697266,0,0.0,0,0.0,0,2.6925647258758545,1,6
SH,Mamba,73,1456,152,152,15.200000000000001,0.24702084064483643,0.3197096288204193,0.7177011966705322,0.8534402251243591,0.21239984035491943,0,-1,1,152,1.0,2.0,152,0.8503945469856262,0,0.0,0,0.0,0,9.949317932128906,1,6
SH,Mamba,73,1457,391,391,39.1,0.2935258746147156,0.3969641625881195,2.9273359775543213,3.2639214992523193,0.38487693667411804,0,-1,1,391,1.0,2.0,391,0.34328174591064453,0,0.0,0,0.0,0,0.6576138138771057,2,7
SH,Mamba,73,1458,179,179,17.900000000000002,0.36967241764068604,0.469045490026474,2.8358988761901855,4.162375450134277,0.8845708966255188,0,-1,1,179,1.0,2.0,179,0.7849103212356567,0,0.0,0,0.0,0,8.191604614257812,1,6
SH,Mamba,73,1459,461,461,46.1,0.20543165504932404,0.2529516816139221,16.282772064208984,22.221954345703125,1.3662092685699463,0,-1,1,298,0.6464208242950108,2.0,461,0.9499098062515259,0,0.0,0,0.0,0,20.236452102661133,1,6
SH,Mamba,73,1460,272,272,27.200000000000003,0.12800811231136322,0.15753383934497833,1.2762572765350342,1.7698500156402588,0.3734290599822998,0,-1,0,0,0.0,2.0,272,2.8471059799194336,0,0.0,0,0.0,0,64.33025360107422,1,6
SH,Mamba,73,1461,215,215,21.5,0.2860291600227356,0.39278608560562134,2.5709140300750732,3.4679205417633057,0.42896920442581177,0,-1,1,215,1.0,2.0,215,0.5306506752967834,0,0.0,0,0.0,0,8.780292510986328,2,7
SH,Mamba,73,1462,892,892,89.2,0.3383455276489258,0.41927090287208557,3.767331838607788,4.745638370513916,0.4490453004837036,0,-1,1,828,0.9282511210762332,2.0,892,0.5740612149238586,0,0.0,0,0.0,0,1.743775486946106,1,6
SH,Mamba,73,1463,186,186,18.6,0.5669190883636475,0.6736183762550354,4.966655731201172,6.608064651489258,1.2989180088043213,1,142,1,142,0.7634408602150538,2.0,142,0.0,0,0.0,0,0.0,0,0.0,2,7
SH,Mamba,73,1464,302,302,30.200000000000003,0.27243244647979736,0.330683171749115,4.422222137451172,4.737095832824707,0.4072110950946808,0,-1,1,302,1.0,2.0,302,0.9210577011108398,0,0.0,0,0.0,0,11.288585662841797,2,7
SH,Mamba,73,1465,171,171,17.1,0.18249419331550598,0.22886107861995697,0.6377278566360474,0.8174758553504944,0.2624906003475189,0,-1,0,0,0.0,2.0,171,2.001589775085449,0,0.0,0,0.0,0,18.968568801879883,2,7
SH,Mamba,73,1466,639,639,63.900000000000006,0.2876436114311218,0.390421986579895,4.611102104187012,6.222782611846924,3.8551061153411865,1,174,1,174,0.27230046948356806,2.0,174,0.0,0,0.0,0,0.0,0,0.0,2,7
SH,Mamba,73,1467,174,174,17.400000000000002,0.3426176607608795,0.48431867361068726,4.428221702575684,5.685560703277588,1.2566393613815308,0,-1,0,0,0.0,2.0,174,2.0246431827545166,0,0.0,0,0.0,0,14.100579261779785,1,6
SH,Mamba,73,1468,190,190,19.0,0.19949379563331604,0.24868924915790558,0.9707694053649902,1.070591688156128,0.282734751701355,0,-1,1,145,0.7631578947368421,2.0,190,1.427276611328125,0,0.0,0,0.0,0,1.4105956554412842,1,6
SH,Mamba,73,1469,132,132,13.200000000000001,0.32356157898902893,0.3888769745826721,2.8548195362091064,3.267477512359619,0.550983726978302,0,-1,1,39,0.29545454545454547,2.0,132,1.8100436925888062,0,0.0,0,0.0,0,1.7245227098464966,0,5
SH,Mamba,73,1470,183,183,18.3,0.20841029286384583,0.24899166822433472,5.743505477905273,6.738120079040527,0.472229540348053,0,-1,1,183,1.0,2.0,183,0.6400052905082703,0,0.0,0,0.0,0,12.164851188659668,0,5
SH,Mamba,73,1471,301,301,30.1,0.28348392248153687,0.3830425441265106,4.395709037780762,5.172095775604248,0.5514485836029053,0,-1,1,241,0.8006644518272426,2.0,301,1.3752604722976685,0,0.0,0,0.0,0,3.3466553688049316,0,5
SH,Mamba,73,1472,139,139,13.9,0.300547331571579,0.3949560821056366,0.6488808393478394,0.9842828512191772,0.3589118421077728,0,-1,1,139,1.0,2.0,139,0.9902141690254211,0,0.0,0,0.0,0,3.9065682888031006,0,5
SH,Mamba,73,1473,451,451,45.1,0.31853196024894714,0.38090959191322327,2.9635462760925293,3.9730563163757324,0.4096841812133789,1,433,1,307,0.6807095343680709,2.0,433,0.0,0,0.0,0,0.0,0,0.0,2,7
SH,Mamba,73,1474,209,209,20.900000000000002,0.3197615444660187,0.4351460337638855,1.2030972242355347,1.450819969177246,0.4159148335456848,0,-1,1,209,1.0,2.0,209,1.284676194190979,0,0.0,0,0.0,0,24.365694046020508,2,7
SH,Mamba,73,1475,337,337,33.7,0.356953501701355,0.5319454073905945,4.74402379989624,6.307330131530762,0.7684946656227112,1,313,1,298,0.884272997032641,2.0,313,0.0,0,0.0,0,0.0,0,0.0,0,5
SH,Mamba,73,1476,166,166,16.6,0.1975058615207672,0.24903273582458496,2.7744500637054443,3.3964829444885254,1.4601718187332153,1,22,1,22,0.13253012048192772,2.0,22,0.0,0,0.0,0,0.0,0,0.0,1,6
SH,Mamba,73,1477,228,228,22.8,0.4081600606441498,0.5052958130836487,2.924959182739258,3.474571466445923,0.7084841132164001,0,-1,1,228,1.0,2.0,228,0.617314338684082,0,0.0,0,0.0,0,3.7058804035186768,2,7
SH,Mamba,73,1478,226,226,22.6,0.26411354541778564,0.3232353627681732,3.674222230911255,4.390843868255615,0.8257771134376526,1,79,1,55,0.24336283185840707,2.0,79,0.0,0,0.0,0,0.0,0,0.0,2,7
SH,Mamba,73,1479,235,235,23.5,0.44925934076309204,0.5522100925445557,1.5027292966842651,1.8477537631988525,0.6246949434280396,0,-1,1,217,0.9234042553191489,2.0,235,0.2673336863517761,0,0.0,0,0.0,0,0.24904005229473114,1,6
SH,Mamba,73,1480,396,396,39.6,0.2430976927280426,0.306770384311676,4.811526298522949,5.857267379760742,0.5361505150794983,0,-1,1,396,1.0,2.0,396,0.811749279499054,0,0.0,0,0.0,0,5.301324367523193,2,7
SH,Mamba,73,1481,212,212,21.200000000000003,0.27559033036231995,0.39786380529403687,17.271726608276367,22.020061492919922,2.337092876434326,0,-1,1,212,1.0,2.0,212,0.8061236143112183,0,0.0,0,0.0,0,17.009294509887695,1,6
SH,Mamba,73,1482,192,192,19.200000000000003,0.5327348709106445,0.6698246002197266,3.2816965579986572,4.277982711791992,0.8675432801246643,1,155,1,155,0.8072916666666666,2.0,155,0.0,0,0.0,0,0.0,0,0.0,2,7
SH,Mamba,73,1483,371,371,37.1,0.31522250175476074,0.43612343072891235,1.5759342908859253,1.816593050956726,0.34175747632980347,0,-1,1,324,0.8733153638814016,2.0,371,0.7570657134056091,0,0.0,0,0.0,0,2.6861867904663086,2,7
SH,Mamba,73,1484,175,175,17.5,0.2942538261413574,0.3693685829639435,3.016955614089966,3.2326130867004395,0.38324934244155884,0,-1,0,0,0.0,2.0,175,3.1781136989593506,0,0.0,0,0.0,0,4.269218921661377,1,6
SH,Mamba,73,1485,147,147,14.700000000000001,0.10281437635421753,0.1378423124551773,0.776392936706543,1.1791197061538696,0.18541063368320465,0,-1,0,0,0.0,2.0,147,2.157646656036377,0,0.0,0,0.0,0,39.481510162353516,0,5
SH,Mamba,73,1486,210,210,21.0,0.33304840326309204,0.4639914929866791,2.230590343475342,2.7307682037353516,0.5144501328468323,0,-1,0,0,0.0,2.0,210,2.8163414001464844,0,0.0,0,0.0,0,4.206265449523926,2,7
SH,Mamba,73,1487,160,160,16.0,0.4059413969516754,0.45904022455215454,2.527872085571289,2.8142974376678467,0.4208928644657135,0,-1,1,69,0.43125,2.0,160,1.5990701913833618,0,0.0,0,0.0,0,4.466893196105957,0,5
SH,Mamba,73,1488,157,157,15.700000000000001,0.6013202667236328,0.7759295105934143,1.1298513412475586,1.387377381324768,0.5116921663284302,0,-1,1,157,1.0,2.0,157,0.6947474479675293,0,0.0,0,0.0,0,6.994645118713379,1,6
SH,Mamba,73,1489,137,137,13.700000000000001,0.3798360526561737,0.45346128940582275,1.498011589050293,2.3232510089874268,0.8250668048858643,0,-1,0,0,0.0,2.0,137,3.079385995864868,0,0.0,0,0.0,0,7.063225746154785,2,7
SH,Mamba,73,1490,317,317,31.700000000000003,0.2228509485721588,0.26989975571632385,2.326497793197632,2.764749050140381,0.40140512585639954,0,-1,1,56,0.17665615141955837,2.0,317,1.761496901512146,0,0.0,0,0.0,0,7.488311290740967,0,5
SH,Mamba,73,1491,140,140,14.0,0.20824487507343292,0.26774051785469055,3.638932704925537,4.940735340118408,0.5819432735443115,0,-1,1,13,0.09285714285714286,2.0,140,1.9460196495056152,0,0.0,0,0.0,0,14.572977066040039,0,5
SH,Mamba,73,1492,261,261,26.1,0.22248239815235138,0.24875055253505707,24.16014862060547,31.042137145996094,2.2619688510894775,0,-1,1,261,1.0,2.0,261,0.8046582341194153,0,0.0,0,0.0,0,15.644336700439453,0,5
SH,Mamba,73,1493,303,303,30.3,0.329500675201416,0.41996386647224426,10.096869468688965,12.161808013916016,0.7980486750602722,0,-1,1,227,0.7491749174917491,2.0,303,1.3124626874923706,0,0.0,0,0.0,0,12.802131652832031,1,6
SH,Mamba,73,1494,569,569,56.900000000000006,0.2968918979167938,0.3688012659549713,2.8659400939941406,3.3196144104003906,0.5782886743545532,0,-1,1,84,0.14762741652021089,2.0,569,1.6673119068145752,0,0.0,0,0.0,0,2.40324068069458,2,7
SH,Mamba,73,1495,173,173,17.3,0.10110784322023392,0.11752510070800781,3.1751856803894043,3.6396751403808594,0.2717299163341522,0,-1,0,0,0.0,2.0,173,2.111071825027466,0,0.0,0,0.0,0,37.17543411254883,0,5
SH,Mamba,73,1496,313,313,31.3,0.2400670200586319,0.3091317117214203,2.2983436584472656,3.4363558292388916,0.48637932538986206,0,-1,1,313,1.0,2.0,313,1.0654308795928955,0,0.0,0,0.0,0,2.321838140487671,0,5
SH,Mamba,73,1497,138,138,13.8,0.14322134852409363,0.16824261844158173,0.8980535864830017,1.2755520343780518,0.22828516364097595,0,-1,1,138,1.0,2.0,138,0.6772380471229553,0,0.0,0,0.0,0,2.477776527404785,1,6
SH,Mamba,73,1498,297,297,29.700000000000003,0.5161953568458557,0.6761630177497864,3.0184707641601562,3.6169798374176025,0.7455722689628601,0,-1,1,232,0.7811447811447811,2.0,297,1.379414677619934,0,0.0,0,0.0,0,8.108908653259277,1,6
SH,Mamba,73,1499,325,325,32.5,0.1571706384420395,0.19455161690711975,1.3831125497817993,1.5700801610946655,0.3028607666492462,0,-1,1,325,1.0,2.0,325,0.62752765417099,0,0.0,0,0.0,0,11.685652732849121,0,5
SH,Mamba,73,1500,169,169,16.900000000000002,0.11575442552566528,0.13672111928462982,7.599625110626221,9.587903022766113,0.9996895790100098,0,-1,1,140,0.8284023668639053,2.0,169,1.4015393257141113,0,0.0,0,0.0,0,27.203338623046875,1,6
SH,Mamba,73,1501,165,165,16.5,0.37745895981788635,0.6129118204116821,2.980900526046753,3.272289276123047,0.742287278175354,0,-1,1,165,1.0,2.0,165,0.385072261095047,0,0.0,0,0.0,0,1.2960492372512817,2,7
SH,Mamba,73,1502,194,194,19.400000000000002,0.25813379883766174,0.32787904143333435,0.8180844783782959,0.9173747301101685,1.2003800868988037,1,83,1,83,0.42783505154639173,2.0,83,0.0,0,0.0,0,0.0,0,0.0,2,7
SH,Mamba,73,1503,422,422,42.2,0.2600948214530945,0.3303195834159851,1.0361655950546265,1.3481581211090088,0.33500269055366516,0,-1,1,422,1.0,2.0,422,0.5061774849891663,0,0.0,0,0.0,0,4.355654716491699,0,5
SH,Mamba,73,1504,205,205,20.5,0.22693179547786713,0.29375016689300537,13.592223167419434,16.719377517700195,1.3038814067840576,0,-1,1,205,1.0,2.0,205,0.9923219680786133,0,0.0,0,0.0,0,8.977760314941406,1,6
SH,Mamba,73,1505,609,609,60.900000000000006,0.19115090370178223,0.24381329119205475,12.573904037475586,14.448019027709961,0.45068925619125366,0,-1,1,588,0.9655172413793104,2.0,609,0.6785414218902588,0,0.0,0,0.0,0,12.47977066040039,2,7
SH,Mamba,73,1506,290,290,29.0,0.34986943006515503,0.4433515965938568,1.2559292316436768,1.5321614742279053,0.5459479689598083,0,-1,1,290,1.0,2.0,290,0.3554394245147705,0,0.0,0,0.0,0,1.4491126537322998,2,7
SH,Mamba,73,1507,133,133,13.3,0.23952855169773102,0.32774925231933594,0.6661224961280823,0.8602110147476196,0.20039694011211395,0,-1,1,69,0.518796992481203,2.0,133,1.439826250076294,0,0.0,0,0.0,0,1.1654348373413086,2,7
SH,Mamba,73,1508,913,913,91.30000000000001,0.28527435660362244,0.3852775990962982,4.340091228485107,5.155126094818115,2.086430311203003,1,410,1,346,0.37897042716319823,2.0,410,0.0,0,0.0,0,0.0,0,0.0,0,5
SH,Mamba,73,1509,413,413,41.300000000000004,0.22177812457084656,0.3157716989517212,2.7943766117095947,3.5647213459014893,0.3570038378238678,1,394,1,394,0.9539951573849879,2.0,394,0.0,0,0.0,0,0.0,0,0.0,0,5
SH,Mamba,73,1510,380,380,38.0,0.15798349678516388,0.1850259155035019,6.223432540893555,9.821887969970703,1.0158835649490356,0,-1,1,285,0.75,2.0,380,0.583561360836029,0,0.0,0,0.0,0,13.467249870300293,1,6
SH,Mamba,73,1511,154,154,15.4,0.23628757894039154,0.3088219463825226,1.1288819313049316,1.3541125059127808,0.25993701815605164,0,-1,1,154,1.0,2.0,154,1.4029271602630615,0,0.0,0,0.0,0,2.293574094772339,0,5
SH,Mamba,73,1512,179,179,17.900000000000002,0.34327903389930725,0.4255986213684082,3.952375888824463,4.464300155639648,0.5123974084854126,0,-1,0,0,0.0,2.0,179,2.550102949142456,0,0.0,0,0.0,0,18.76885223388672,2,7
SH,Mamba,73,1513,150,150,15.0,0.44437676668167114,0.5818173289299011,1.3480644226074219,1.9073076248168945,0.5302655696868896,0,-1,1,150,1.0,2.0,150,0.09074179083108902,0,0.0,0,0.0,0,0.09224709868431091,2,7
SH,Mamba,73,1514,217,217,21.700000000000003,0.41247719526290894,0.5204010605812073,2.4278721809387207,2.6262803077697754,0.42847585678100586,0,-1,0,0,0.0,2.0,217,2.00331449508667,0,0.0,0,0.0,0,2.5027897357940674,1,6
SH,Mamba,73,1515,279,279,27.900000000000002,0.24050559103488922,0.2797943651676178,10.037336349487305,13.294347763061523,0.9914829730987549,0,-1,1,90,0.3225806451612903,2.0,279,1.7092084884643555,0,0.0,0,0.0,0,7.208712100982666,1,6
SH,Mamba,73,1516,187,187,18.7,0.2756477892398834,0.3296929597854614,6.309187889099121,7.280251979827881,0.5618032217025757,0,-1,1,187,1.0,2.0,187,0.7264753580093384,0,0.0,0,0.0,0,12.042112350463867,0,5
SH,Mamba,73,1517,221,221,22.1,0.22273090481758118,0.2795967757701874,2.5461530685424805,2.7590246200561523,0.3164195716381073,0,-1,1,205,0.9276018099547512,2.0,221,0.46063098311424255,0,0.0,0,0.0,0,0.8444539904594421,0,5
SH,Mamba,73,1518,262,262,26.200000000000003,0.3835901618003845,0.4693511426448822,0.9764533638954163,1.3818098306655884,0.35397130250930786,0,-1,1,243,0.9274809160305344,2.0,262,1.1108118295669556,0,0.0,0,0.0,0,4.818126201629639,1,6
SH,Mamba,73,1519,136,136,13.600000000000001,0.31934189796447754,0.3870636224746704,1.7283912897109985,2.1135387420654297,0.32745444774627686,1,118,1,118,0.8676470588235294,2.0,118,0.0,0,0.0,0,0.0,0,0.0,2,7
SH,Mamba,73,1520,362,362,36.2,0.2165282517671585,0.2900712192058563,2.329272508621216,2.8450474739074707,0.3497093915939331,0,-1,1,206,0.569060773480663,2.0,362,1.2926411628723145,0,0.0,0,0.0,0,10.802934646606445,2,7
SH,Mamba,73,1521,337,337,33.7,0.25007760524749756,0.34391194581985474,5.815706253051758,7.065757751464844,0.5277703404426575,0,-1,0,0,0.0,2.0,337,2.937060832977295,0,0.0,0,0.0,0,14.067564964294434,1,6
SH,Mamba,73,1522,138,138,13.8,0.3414885997772217,0.4044364392757416,0.9350292682647705,1.1256163120269775,0.4862127900123596,1,114,1,114,0.8260869565217391,2.0,114,0.0,0,0.0,0,0.0,0,0.0,2,7
SH,Mamba,73,1523,132,132,13.200000000000001,0.3128839135169983,0.3744002878665924,3.018468141555786,4.480905055999756,0.9550914764404297,0,-1,1,14,0.10606060606060606,2.0,132,1.960140347480774,0,0.0,0,0.0,0,21.409439086914062,1,6
SH,Mamba,73,1524,308,308,30.8,0.24958449602127075,0.39255669713020325,2.7254600524902344,3.8332555294036865,0.5820569396018982,0,-1,1,139,0.4512987012987013,2.0,308,1.4608337879180908,0,0.0,0,0.0,0,17.213708877563477,2,7
SH,Mamba,73,1525,170,170,17.0,0.6262026429176331,0.7734435200691223,2.4058544635772705,2.7619075775146484,0.5581807494163513,0,-1,1,159,0.9352941176470588,2.0,170,0.6869798898696899,0,0.0,0,0.0,0,2.040339231491089,2,7
SH,Mamba,73,1526,152,152,15.200000000000001,0.35254886746406555,0.41379496455192566,6.059578895568848,6.949781894683838,0.7356590628623962,0,-1,0,0,0.0,2.0,152,2.7931747436523438,0,0.0,0,0.0,0,9.944260597229004,2,7
SH,Mamba,73,1527,176,176,17.6,0.1642228215932846,0.19345438480377197,1.3514046669006348,1.5404775142669678,0.37657788395881653,0,-1,0,0,0.0,2.0,176,2.853104591369629,0,0.0,0,0.0,0,4.138254165649414,0,5
SH,Mamba,73,1528,158,158,15.8,0.18173357844352722,0.2340601682662964,1.4434577226638794,2.049694538116455,0.35900717973709106,0,-1,1,97,0.6139240506329114,2.0,158,1.4066505432128906,0,0.0,0,0.0,0,26.49034881591797,2,7
SH,Mamba,73,1529,232,232,23.200000000000003,0.2858552038669586,0.3708137571811676,3.4599974155426025,3.797772169113159,0.4616028070449829,0,-1,1,232,1.0,2.0,232,0.7346343994140625,0,0.0,0,0.0,0,4.83394718170166,2,7
SH,Mamba,73,1530,270,270,27.0,0.11766844987869263,0.14101147651672363,0.6340847015380859,0.8275454044342041,0.1947178691625595,0,-1,1,270,1.0,2.0,270,0.602684497833252,0,0.0,0,0.0,0,10.088403701782227,2,7
SH,Mamba,73,1531,591,591,59.1,0.2665819525718689,0.3203526437282562,4.201308250427246,4.394123554229736,0.2935301661491394,0,-1,1,591,1.0,2.0,591,0.7158190011978149,0,0.0,0,0.0,0,7.479844570159912,1,6
SH,Mamba,73,1532,596,596,59.6,0.2891199588775635,0.44696277379989624,3.3245983123779297,3.721910238265991,0.3561076521873474,1,584,1,550,0.9228187919463087,2.0,584,0.0,0,0.0,0,0.0,0,0.0,0,5
SH,Mamba,73,1533,157,157,15.700000000000001,0.08742726594209671,0.10891151428222656,3.077148914337158,4.061868667602539,0.5326811671257019,0,-1,1,157,1.0,2.0,157,0.9645776748657227,0,0.0,0,0.0,0,16.716323852539062,2,7
SH,Mamba,73,1534,166,166,16.6,0.2714916169643402,0.3202957212924957,3.311249256134033,4.002315521240234,0.3854285180568695,0,-1,1,38,0.2289156626506024,2.0,166,1.8595916032791138,0,0.0,0,0.0,0,12.250207901000977,2,7
SH,Mamba,73,1535,285,285,28.5,0.3060843348503113,0.39352282881736755,1.7425390481948853,2.3969242572784424,0.49194133281707764,0,-1,0,0,0.0,2.0,285,2.2359020709991455,0,0.0,0,0.0,0,2.3059239387512207,1,6
SH,Mamba,73,1536,1749,1749,174.9,0.3127848207950592,0.4237914979457855,7.3686676025390625,8.110865592956543,3.7603344917297363,1,115,1,115,0.06575185820468839,2.0,115,0.0,0,0.0,0,0.0,0,0.0,1,6
SH,Mamba,73,1537,405,405,40.5,0.189710333943367,0.2577473819255829,12.867798805236816,14.464064598083496,0.527744472026825,0,-1,1,405,1.0,2.0,405,0.8777129054069519,0,0.0,0,0.0,0,21.336273193359375,0,5
SH,Mamba,73,1538,163,163,16.3,0.20768721401691437,0.24167534708976746,1.7956422567367554,1.9862821102142334,0.26533305644989014,0,-1,1,45,0.27607361963190186,2.0,163,1.8898082971572876,0,0.0,0,0.0,0,28.042457580566406,0,5
SH,Mamba,73,1539,147,147,14.700000000000001,0.20017600059509277,0.26490554213523865,2.5090692043304443,3.274088144302368,0.4636249244213104,0,-1,0,0,0.0,2.0,147,2.128880739212036,0,0.0,0,0.0,0,19.55323600769043,1,6
SH,Mamba,73,1540,273,273,27.3,0.2769823670387268,0.3777572214603424,1.7055978775024414,2.7091164588928223,0.576725959777832,0,-1,0,0,0.0,2.0,273,2.150575876235962,0,0.0,0,0.0,0,20.39844512939453,2,7
SH,Mamba,73,1541,240,240,24.0,0.28638821840286255,0.4041059613227844,1.5298362970352173,1.9209771156311035,1.4491958618164062,1,83,1,83,0.3458333333333333,2.0,83,0.0,0,0.0,0,0.0,0,0.0,1,6
SH,Mamba,73,1542,229,229,22.900000000000002,0.15825006365776062,0.18551138043403625,1.379074215888977,1.756874442100525,0.45984742045402527,0,-1,0,0,0.0,2.0,229,2.8189470767974854,0,0.0,0,0.0,0,26.059497833251953,1,6
SH,Mamba,73,1543,283,283,28.3,0.20561084151268005,0.2821040153503418,7.849533557891846,8.392452239990234,0.6765349507331848,0,-1,1,283,1.0,2.0,283,0.6123586297035217,0,0.0,0,0.0,0,10.882862091064453,2,7
SH,Mamba,73,1544,266,266,26.6,0.3737708032131195,0.46191343665122986,4.75960636138916,5.553792476654053,0.7078521847724915,0,-1,0,0,0.0,2.0,266,2.8581089973449707,0,0.0,0,0.0,0,4.369425296783447,1,6
SH,Mamba,73,1545,144,144,14.4,0.4137307405471802,0.4995802342891693,3.183598518371582,3.818946361541748,0.68351811170578,0,-1,1,135,0.9375,2.0,144,0.9952667951583862,0,0.0,0,0.0,0,3.680968999862671,1,6
SH,Mamba,73,1546,206,206,20.6,0.5216342210769653,0.686826765537262,4.299712657928467,5.502730846405029,1.170392394065857,0,-1,1,206,1.0,2.0,206,0.5562796592712402,0,0.0,0,0.0,0,1.3762460947036743,1,6
SH,Mamba,73,1547,398,398,39.800000000000004,0.2615984380245209,0.3676663041114807,1.784703254699707,2.375804901123047,0.41583573818206787,1,369,1,327,0.821608040201005,2.0,369,0.0,0,0.0,0,0.0,0,0.0,0,5
SH,Mamba,73,1548,153,153,15.3,0.2287326455116272,0.2631065249443054,3.591545581817627,4.532499313354492,0.4861455261707306,0,-1,1,122,0.7973856209150327,2.0,153,1.2798123359680176,0,0.0,0,0.0,0,5.379720211029053,2,7
SH,Mamba,73,1549,333,333,33.300000000000004,0.3715536296367645,0.4611397981643677,7.107607364654541,8.161205291748047,0.5595157146453857,0,-1,1,308,0.924924924924925,2.0,333,0.9060757160186768,0,0.0,0,0.0,0,4.98043155670166,2,7
SH,Mamba,73,1550,139,139,13.9,0.34868812561035156,0.42046061158180237,2.985206127166748,3.283416509628296,0.31787896156311035,0,-1,0,0,0.0,2.0,139,2.6331520080566406,0,0.0,0,0.0,0,27.71708869934082,1,6
SH,Mamba,73,1551,208,208,20.8,0.197052463889122,0.23722732067108154,2.979121685028076,3.9261531829833984,0.33692681789398193,0,-1,1,208,1.0,2.0,208,1.0383362770080566,0,0.0,0,0.0,0,7.847549915313721,2,7
SH,Mamba,73,1552,189,189,18.900000000000002,0.2083526849746704,0.24642029404640198,6.495840072631836,7.623257637023926,0.7026781439781189,0,-1,1,189,1.0,2.0,189,1.361984372138977,0,0.0,0,0.0,0,20.850841522216797,1,6
SH,Mamba,73,1553,420,420,42.0,0.3750394582748413,0.4574246406555176,4.4473772048950195,5.167654514312744,0.6977633237838745,1,384,1,359,0.8547619047619047,2.0,384,0.0,0,0.0,0,0.0,0,0.0,1,6
SH,Mamba,73,1554,133,133,13.3,0.27951136231422424,0.36474794149398804,0.7415647506713867,1.2565271854400635,0.2783445715904236,0,-1,0,0,0.0,2.0,133,3.0752930641174316,0,0.0,0,0.0,0,5.4620466232299805,0,5
SH,Mamba,73,1555,135,135,13.5,0.1373239904642105,0.21094639599323273,7.419495105743408,8.884308815002441,1.118174433708191,0,-1,0,0,0.0,2.0,135,2.3390538692474365,0,0.0,0,0.0,0,24.031343460083008,2,7
SH,Mamba,73,1556,162,162,16.2,0.45514169335365295,0.618408203125,0.36372998356819153,0.4443407356739044,0.37470629811286926,0,-1,1,161,0.9938271604938271,2.0,162,0.20646247267723083,0,0.0,0,0.0,0,0.5036348104476929,0,5
SH,Mamba,73,1557,521,521,52.1,0.12440534681081772,0.17551228404045105,7.038542747497559,9.7089204788208,0.6000736951828003,0,-1,1,52,0.09980806142034548,2.0,521,1.7721562385559082,0,0.0,0,0.0,0,38.09893798828125,2,7
SH,Mamba,73,1558,184,184,18.400000000000002,0.21711000800132751,0.31053194403648376,1.1417229175567627,1.3471667766571045,0.22320674359798431,1,169,1,169,0.9184782608695652,2.0,169,0.0,0,0.0,0,0.0,0,0.0,2,7
SH,Mamba,73,1559,136,136,13.600000000000001,0.20595887303352356,0.2800374925136566,5.325409889221191,7.157351493835449,1.0672333240509033,0,-1,1,136,1.0,2.0,136,1.3035284280776978,0,0.0,0,0.0,0,24.27283477783203,0,5
SH,Mamba,73,1560,207,207,20.700000000000003,0.2931895852088928,0.3394312262535095,12.952301979064941,16.64986801147461,1.6768643856048584,0,-1,1,95,0.45893719806763283,2.0,207,1.3928860425949097,0,0.0,0,0.0,0,36.42726516723633,2,7
SH,Mamba,73,1561,526,526,52.6,0.2837751805782318,0.42326074838638306,2.1334478855133057,2.6316707134246826,1.3655688762664795,1,238,1,238,0.4524714828897338,2.0,238,0.0,0,0.0,0,0.0,0,0.0,2,7
SH,Mamba,73,1562,136,136,13.600000000000001,0.2025001049041748,0.2345428615808487,5.357782363891602,6.900710582733154,0.9866536259651184,0,-1,1,64,0.47058823529411764,2.0,136,1.6340055465698242,0,0.0,0,0.0,0,4.302318096160889,1,6
SH,Mamba,73,1563,219,219,21.900000000000002,0.14892889559268951,0.19286076724529266,0.597489058971405,0.6781012415885925,0.15722313523292542,0,-1,1,219,1.0,2.0,219,0.863032341003418,0,0.0,0,0.0,0,2.5748438835144043,1,6
SH,Mamba,73,1564,476,476,47.6,0.24601075053215027,0.31117403507232666,1.3710564374923706,1.6787638664245605,0.28529027104377747,0,-1,1,476,1.0,2.0,476,0.4639921188354492,0,0.0,0,0.0,0,2.5258007049560547,0,5
SH,Mamba,73,1565,163,163,16.3,0.23258467018604279,0.34016016125679016,0.7223795652389526,0.9371232390403748,0.27200350165367126,1,151,1,151,0.9263803680981595,2.0,151,0.0,0,0.0,0,0.0,0,0.0,1,6
SH,Mamba,73,1566,361,361,36.1,0.3206535279750824,0.38774582743644714,3.6997127532958984,4.275584697723389,0.46234607696533203,0,-1,1,180,0.4986149584487535,2.0,361,1.5331645011901855,0,0.0,0,0.0,0,9.66626262664795,0,5
SH,Mamba,73,1567,210,210,21.0,0.15128569304943085,0.20628978312015533,5.651407241821289,6.4944562911987305,0.4725286662578583,0,-1,1,77,0.36666666666666664,2.0,210,1.300768494606018,0,0.0,0,0.0,0,32.508033752441406,0,5
SH,Mamba,73,1568,309,309,30.900000000000002,0.57945716381073,0.6599339842796326,51.246212005615234,71.4533462524414,5.797606945037842,0,-1,0,0,0.0,2.0,309,3.5893523693084717,0,0.0,0,0.0,0,16.18948745727539,1,6
SH,Mamba,73,1569,372,372,37.2,0.20519383251667023,0.27410614490509033,9.644148826599121,13.987360954284668,0.92704176902771,0,-1,1,167,0.4489247311827957,2.0,372,1.8041712045669556,0,0.0,0,0.0,0,56.579444885253906,0,5
SH,Mamba,73,1570,174,174,17.400000000000002,0.19180577993392944,0.2544636130332947,4.019949913024902,4.865169048309326,0.4123256206512451,0,-1,1,174,1.0,2.0,174,0.7965023517608643,0,0.0,0,0.0,0,12.766809463500977,2,7
SH,Mamba,73,1571,157,157,15.700000000000001,0.3423217833042145,0.3949512243270874,5.493582725524902,7.378785610198975,0.9369010925292969,0,-1,0,0,0.0,2.0,157,2.5744829177856445,0,0.0,0,0.0,0,47.28922653198242,0,5
SH,Mamba,73,1572,140,140,14.0,0.37801504135131836,0.5254611372947693,6.693439483642578,9.55389404296875,1.610581636428833,0,-1,1,140,1.0,2.0,140,0.8614377975463867,0,0.0,0,0.0,0,8.375304222106934,1,6
SH,Mamba,73,1573,357,357,35.7,0.22147303819656372,0.2754891812801361,4.127291202545166,4.422239780426025,0.4244781732559204,0,-1,1,355,0.9943977591036415,2.0,357,1.3585758209228516,0,0.0,0,0.0,0,3.4430031776428223,0,5
SH,Mamba,73,1574,155,155,15.5,0.22072574496269226,0.291380912065506,0.5460169911384583,0.6695499420166016,0.22066211700439453,0,-1,1,155,1.0,2.0,155,0.906587541103363,0,0.0,0,0.0,0,4.959597110748291,0,5
SH,Mamba,73,1575,146,146,14.600000000000001,0.7077429294586182,0.808010995388031,6.94890832901001,8.036853790283203,1.381522297859192,0,-1,0,0,0.0,2.0,146,2.606031656265259,0,0.0,0,0.0,0,7.438684463500977,1,6
SH,Mamba,73,1576,210,210,21.0,0.333000123500824,0.4016057848930359,3.061293840408325,3.3249404430389404,0.43361082673072815,1,183,1,183,0.8714285714285714,2.0,183,0.0,0,0.0,0,0.0,0,0.0,1,6
SH,Mamba,73,1577,206,206,20.6,0.18698854744434357,0.2716183662414551,2.698943853378296,2.9531688690185547,0.36412593722343445,1,192,1,138,0.6699029126213593,2.0,192,0.0,0,0.0,0,0.0,0,0.0,2,7
SH,Mamba,73,1578,484,484,48.400000000000006,0.3394746780395508,0.4380277693271637,3.870612144470215,4.339288234710693,0.3698209524154663,0,-1,1,484,1.0,2.0,484,0.5881470441818237,0,0.0,0,0.0,0,3.025084972381592,2,7
SH,Mamba,73,1579,563,563,56.300000000000004,0.2311808168888092,0.352187842130661,4.232475757598877,4.749426364898682,0.3342041075229645,1,532,1,532,0.9449378330373002,2.0,532,0.0,0,0.0,0,0.0,0,0.0,0,5
SH,Mamba,73,1580,269,269,26.900000000000002,0.17556318640708923,0.23713138699531555,26.964569091796875,32.821327209472656,2.2673261165618896,0,-1,1,269,1.0,2.0,269,1.0227679014205933,0,0.0,0,0.0,0,20.800920486450195,0,5
SH,Mamba,73,1581,131,131,13.100000000000001,0.20749808847904205,0.25099697709083557,0.7878522276878357,0.9118974804878235,0.2951747179031372,0,-1,1,131,1.0,2.0,131,0.5617485046386719,0,0.0,0,0.0,0,2.7328648567199707,0,5
SH,Mamba,73,1582,296,296,29.6,0.19663794338703156,0.3084121644496918,3.1079792976379395,3.3470094203948975,0.43784430623054504,1,236,1,236,0.7972972972972973,2.0,236,0.0,0,0.0,0,0.0,0,0.0,2,7
SH,Mamba,73,1583,213,213,21.3,0.3192671239376068,0.4031539261341095,1.4763895273208618,2.247299909591675,0.34628650546073914,1,200,1,200,0.9389671361502347,2.0,200,0.0,0,0.0,0,0.0,0,0.0,1,6
SH,Mamba,73,1584,798,798,79.80000000000001,0.31939423084259033,0.4496379792690277,3.4526572227478027,3.8761723041534424,1.760168194770813,1,327,1,283,0.35463659147869675,2.0,327,0.0,0,0.0,0,0.0,0,0.0,0,5
SH,Mamba,73,1585,141,141,14.100000000000001,0.5338462591171265,0.5988790392875671,8.212763786315918,9.36031436920166,1.1322933435440063,0,-1,1,79,0.5602836879432624,2.0,141,1.7298983335494995,0,0.0,0,0.0,0,16.99510383605957,0,5
SH,Mamba,73,1586,173,173,17.3,0.3035227656364441,0.39365923404693604,1.3903728723526,1.8189504146575928,0.3053877651691437,0,-1,1,60,0.3468208092485549,2.0,173,1.3198115825653076,0,0.0,0,0.0,0,0.9353941082954407,1,6
SH,Mamba,73,1587,139,139,13.9,0.2559282183647156,0.3394016623497009,5.59918212890625,6.934749126434326,0.7756309509277344,0,-1,1,139,1.0,2.0,139,1.2185267210006714,0,0.0,0,0.0,0,10.782859802246094,2,7
SH,Mamba,73,1588,221,221,22.1,0.22330498695373535,0.2809445559978485,13.227152824401855,15.907930374145508,1.126632571220398,0,-1,1,221,1.0,2.0,221,0.8453366756439209,0,0.0,0,0.0,0,14.337260246276855,1,6
SH,Mamba,73,1589,164,164,16.400000000000002,0.3602916896343231,0.4539015591144562,1.307417392730713,1.6080906391143799,0.4387213885784149,0,-1,1,164,1.0,2.0,164,0.645440936088562,0,0.0,0,0.0,0,7.524647235870361,0,5
SH,Mamba,73,1590,139,139,13.9,0.5239354372024536,0.6167107224464417,4.042339324951172,4.8396406173706055,1.0620710849761963,0,-1,1,71,0.5107913669064749,2.0,139,1.6424357891082764,0,0.0,0,0.0,0,1.8287104368209839,0,5
SH,Mamba,73,1591,210,210,21.0,0.1805534064769745,0.22383062541484833,9.533105850219727,12.200645446777344,1.0315979719161987,0,-1,1,210,1.0,2.0,210,0.9414168000221252,0,0.0,0,0.0,0,19.954265594482422,2,7
SH,Mamba,73,1592,143,143,14.3,0.46089082956314087,0.5358597040176392,3.8604373931884766,4.441589832305908,0.6185335516929626,0,-1,1,5,0.03496503496503497,2.0,143,1.991073489189148,0,0.0,0,0.0,0,10.426111221313477,1,6
SH,Mamba,73,1593,175,175,17.5,0.46356841921806335,0.5806646347045898,7.885226726531982,8.86484432220459,1.036393404006958,0,-1,0,0,0.0,2.0,175,2.3886048793792725,0,0.0,0,0.0,0,8.450064659118652,2,7
SH,Mamba,73,1594,325,325,32.5,0.5307754874229431,0.708037257194519,6.382111549377441,8.499824523925781,1.168212652206421,0,-1,1,317,0.9753846153846154,2.0,325,0.6899740695953369,0,0.0,0,0.0,0,3.6735804080963135,1,6
SH,Mamba,73,1595,564,564,56.400000000000006,0.2913571298122406,0.3913536071777344,7.399932861328125,9.37680435180664,1.0106830596923828,1,467,1,312,0.5531914893617021,2.0,467,0.0,0,0.0,0,0.0,0,0.0,2,7
SH,Mamba,73,1596,164,164,16.400000000000002,0.4474470019340515,0.5512010455131531,4.751133441925049,5.109347820281982,0.5626585483551025,0,-1,1,164,1.0,2.0,164,0.8779000043869019,0,0.0,0,0.0,0,13.528983116149902,1,6
SH,Mamba,73,1597,137,137,13.700000000000001,0.22259309887886047,0.27246758341789246,1.5874744653701782,1.8644404411315918,0.27361202239990234,0,-1,1,137,1.0,2.0,137,0.8111498355865479,0,0.0,0,0.0,0,11.682999610900879,0,5
SH,Mamba,73,1598,552,552,55.2,0.21136505901813507,0.2832527756690979,3.3567066192626953,4.050512313842773,0.43975329399108887,0,-1,1,240,0.43478260869565216,2.0,552,1.348257064819336,0,0.0,0,0.0,0,7.4835124015808105,0,5
SH,Mamba,73,1599,165,165,16.5,0.35404276847839355,0.4707227051258087,4.253369331359863,5.990706443786621,0.73955237865448,0,-1,1,165,1.0,2.0,165,1.159786581993103,0,0.0,0,0.0,0,6.368587017059326,0,5
SH,Mamba,73,1600,199,199,19.900000000000002,0.20371566712856293,0.2393360435962677,2.7183780670166016,3.1535890102386475,0.3978431820869446,0,-1,1,199,1.0,2.0,199,0.8809095025062561,0,0.0,0,0.0,0,16.674362182617188,0,5
SH,Mamba,73,1601,240,240,24.0,0.24783062934875488,0.3065508008003235,12.243833541870117,15.570169448852539,1.4266999959945679,0,-1,1,4,0.016666666666666666,2.0,240,1.9975820779800415,0,0.0,0,0.0,0,4.036558628082275,2,7
SH,Mamba,73,1602,144,144,14.4,0.34720444679260254,0.4108715057373047,4.686655044555664,5.485577583312988,1.0112881660461426,0,-1,1,144,1.0,2.0,144,1.199657917022705,0,0.0,0,0.0,0,25.45705223083496,2,7
SH,Mamba,73,1603,474,474,47.400000000000006,0.26839664578437805,0.356365442276001,4.10640287399292,4.819090366363525,0.44205960631370544,0,-1,1,472,0.9957805907172996,2.0,474,1.0408889055252075,0,0.0,0,0.0,0,15.69547176361084,2,7
SH,Mamba,73,1604,288,288,28.8,0.13807815313339233,0.17249982059001923,1.4999586343765259,2.0173535346984863,0.3374645411968231,0,-1,1,193,0.6701388888888888,2.0,288,1.2954082489013672,0,0.0,0,0.0,0,17.151002883911133,2,7
SH,Mamba,73,1605,252,252,25.200000000000003,0.29695212841033936,0.35716894268989563,2.690643072128296,3.423269033432007,0.7529146075248718,0,-1,1,74,0.29365079365079366,2.0,252,1.6655985116958618,0,0.0,0,0.0,0,8.428511619567871,1,6
SH,Mamba,73,1606,368,368,36.800000000000004,0.27099883556365967,0.36119794845581055,2.7348756790161133,3.303485631942749,0.47631198167800903,0,-1,1,294,0.7989130434782609,2.0,368,1.3371295928955078,0,0.0,0,0.0,0,2.975987434387207,1,6
SH,Mamba,73,1607,191,191,19.1,0.2212984710931778,0.2695958614349365,2.0967297554016113,2.530935764312744,0.3423396944999695,0,-1,0,0,0.0,2.0,191,3.4152097702026367,0,0.0,0,0.0,0,7.088352203369141,0,5
SH,Mamba,73,1608,263,263,26.3,0.20358647406101227,0.2703956067562103,1.5925828218460083,2.1319262981414795,0.33991536498069763,0,-1,1,221,0.8403041825095057,2.0,263,1.2216209173202515,0,0.0,0,0.0,0,16.98790168762207,0,5
SH,Mamba,73,1609,159,159,15.9,0.22912633419036865,0.2597317397594452,1.009551763534546,1.2411011457443237,0.3138613700866699,0,-1,1,144,0.9056603773584906,2.0,159,1.3075958490371704,0,0.0,0,0.0,0,4.211130619049072,1,6
SH,Mamba,73,1610,159,159,15.9,0.2256103903055191,0.25934121012687683,5.040746688842773,6.219257354736328,0.8002603054046631,0,-1,1,95,0.5974842767295597,2.0,159,1.5800528526306152,0,0.0,0,0.0,0,25.79822540283203,2,7
SH,Mamba,73,1611,395,395,39.5,0.34398123621940613,0.4355989992618561,2.5251410007476807,2.8706114292144775,0.4743155241012573,0,-1,1,395,1.0,2.0,395,0.5004282593727112,0,0.0,0,0.0,0,1.4767670631408691,2,7
SH,Mamba,73,1612,185,185,18.5,0.14147189259529114,0.19364315271377563,2.5877981185913086,3.511193037033081,0.4121558964252472,0,-1,1,185,1.0,2.0,185,1.2196755409240723,0,0.0,0,0.0,0,22.429039001464844,2,7
SH,Mamba,73,1613,372,372,37.2,0.3935255706310272,0.5432563424110413,3.459841728210449,4.153227806091309,0.603645384311676,0,-1,1,372,1.0,2.0,372,0.6078896522521973,0,0.0,0,0.0,0,6.622775554656982,1,6
SH,Mamba,73,1614,308,308,30.8,0.3591533899307251,0.4711180329322815,1.5586429834365845,1.9778051376342773,0.8959437012672424,1,222,1,208,0.6753246753246753,2.0,222,0.0,0,0.0,0,0.0,0,0.0,0,5
SH,Mamba,73,1615,528,528,52.800000000000004,0.3097579777240753,0.39081335067749023,2.803096055984497,3.290804147720337,0.47095417976379395,0,-1,1,492,0.9318181818181818,2.0,528,0.5922654271125793,0,0.0,0,0.0,0,1.2413262128829956,0,5
SH,Mamba,73,1616,257,257,25.700000000000003,0.4665380120277405,0.6188242435455322,2.0210750102996826,2.2886128425598145,0.5695112943649292,0,-1,1,257,1.0,2.0,257,0.28754088282585144,0,0.0,0,0.0,0,3.4250996112823486,1,6
SH,Mamba,73,1617,313,313,31.3,0.4681614935398102,0.6921074390411377,1.014639139175415,1.2146753072738647,0.4207746982574463,1,309,1,309,0.987220447284345,2.0,309,0.0,0,0.0,0,0.0,0,0.0,1,6
SH,Mamba,73,1618,364,364,36.4,0.2254442721605301,0.27181851863861084,3.412066698074341,4.384799003601074,0.5761687755584717,0,-1,1,230,0.6318681318681318,2.0,364,1.1698464155197144,0,0.0,0,0.0,0,10.909181594848633,1,6
SH,Mamba,73,1619,148,148,14.8,0.17229405045509338,0.21052169799804688,3.278548002243042,3.853647232055664,0.3960709571838379,0,-1,1,5,0.033783783783783786,2.0,148,1.8170969486236572,0,0.0,0,0.0,0,27.8094482421875,2,7
SH,Mamba,73,1620,178,178,17.8,0.19773904979228973,0.2813097834587097,2.2390341758728027,2.5673038959503174,0.26366084814071655,1,162,1,162,0.9101123595505618,2.0,162,0.0,0,0.0,0,0.0,0,0.0,1,6
SH,Mamba,73,1621,891,891,89.10000000000001,0.3317854404449463,0.46303245425224304,4.424081802368164,5.552727699279785,1.9069201946258545,1,317,1,203,0.22783389450056116,2.0,317,0.0,0,0.0,0,0.0,0,0.0,0,5
SH,Mamba,73,1622,380,380,38.0,0.33028045296669006,0.40666964650154114,10.909385681152344,13.797226905822754,0.9787399172782898,0,-1,0,0,0.0,2.0,380,2.295454740524292,0,0.0,0,0.0,0,3.9535412788391113,2,7
SH,Mamba,73,1623,285,285,28.5,0.21134856343269348,0.2593403458595276,10.877802848815918,12.917920112609863,0.8732335567474365,0,-1,0,0,0.0,2.0,285,2.571068048477173,0,0.0,0,0.0,0,39.956092834472656,2,7
SH,Mamba,73,1624,202,202,20.200000000000003,0.27421364188194275,0.36556485295295715,3.0221705436706543,3.5470738410949707,0.4191814363002777,0,-1,1,188,0.9306930693069307,2.0,202,1.169832706451416,0,0.0,0,0.0,0,5.663379669189453,2,7
SH,Mamba,73,1625,237,237,23.700000000000003,0.2584344446659088,0.32612526416778564,0.8374944925308228,0.990924060344696,0.4618469178676605,1,135,1,113,0.4767932489451477,2.0,135,0.0,0,0.0,0,0.0,0,0.0,2,7
SH,Mamba,73,1626,258,258,25.8,0.29876965284347534,0.3796471655368805,10.328863143920898,12.76899528503418,1.1782397031784058,0,-1,1,258,1.0,2.0,258,0.9382220506668091,0,0.0,0,0.0,0,11.198699951171875,2,7
SH,Mamba,73,1627,141,141,14.100000000000001,0.19184057414531708,0.23498986661434174,1.92302668094635,2.093806505203247,0.36060240864753723,1,69,1,69,0.48936170212765956,2.0,69,0.0,0,0.0,0,0.0,0,0.0,1,6
SH,Mamba,73,1628,153,153,15.3,0.4445052742958069,0.5697050094604492,1.2296348810195923,1.4898978471755981,0.3321015238761902,0,-1,1,129,0.8431372549019608,2.0,153,1.1617380380630493,0,0.0,0,0.0,0,2.7143101692199707,0,5
SH,Mamba,73,1629,175,175,17.5,0.21492721140384674,0.2654533088207245,1.7147566080093384,2.2203879356384277,0.6895462870597839,0,-1,1,135,0.7714285714285715,2.0,175,0.9130127429962158,0,0.0,0,0.0,0,19.66499137878418,0,5
SH,Mamba,73,1630,341,341,34.1,0.21264111995697021,0.26012295484542847,1.9614267349243164,2.479867458343506,0.4295201897621155,0,-1,0,0,0.0,2.0,341,2.0495638847351074,0,0.0,0,0.0,0,18.382089614868164,0,5
SH,Mamba,73,1631,174,174,17.400000000000002,0.30340471863746643,0.39347532391548157,1.3036854267120361,1.9364447593688965,0.3397791087627411,0,-1,1,105,0.603448275862069,2.0,174,1.1156660318374634,0,0.0,0,0.0,0,1.3789753913879395,0,5
SH,Mamba,73,1632,281,281,28.1,0.39877429604530334,0.5148448348045349,0.8915479779243469,1.8383727073669434,0.49443742632865906,0,-1,1,270,0.9608540925266904,2.0,281,1.0509631633758545,0,0.0,0,0.0,0,5.6093316078186035,1,6
SH,Mamba,73,1633,167,167,16.7,0.11661109328269958,0.15773919224739075,1.2561229467391968,1.6424568891525269,0.1597842574119568,1,140,1,97,0.5808383233532934,2.0,140,0.0,0,0.0,0,0.0,0,0.0,1,6
SH,Mamba,73,1634,138,138,13.8,0.17202329635620117,0.2157382369041443,0.9745069742202759,1.4186713695526123,0.2810670733451843,0,-1,1,109,0.7898550724637681,2.0,138,1.2100683450698853,0,0.0,0,0.0,0,1.5842009782791138,0,5
SH,Mamba,73,1635,590,590,59.0,0.239749014377594,0.3160513639450073,6.731353282928467,8.513504028320312,0.3925047814846039,0,-1,1,590,1.0,2.0,590,0.5662566423416138,0,0.0,0,0.0,0,2.9410266876220703,0,5
SH,Mamba,73,1636,141,141,14.100000000000001,0.4738476276397705,0.5687362551689148,2.224091053009033,3.5574655532836914,1.1208429336547852,0,-1,0,0,0.0,2.0,141,2.610290050506592,0,0.0,0,0.0,0,7.387854099273682,2,7
SH,Mamba,73,1637,638,638,63.800000000000004,0.23159490525722504,0.2831096947193146,10.231847763061523,11.772185325622559,0.4140663743019104,0,-1,1,638,1.0,2.0,638,0.6282236576080322,0,0.0,0,0.0,0,9.844217300415039,1,6
SH,Mamba,73,1638,210,210,21.0,0.427047997713089,0.5795897245407104,14.831477165222168,16.2005558013916,1.1751779317855835,0,-1,1,210,1.0,2.0,210,0.4630429148674011,0,0.0,0,0.0,0,9.0414457321167,0,5
SH,Mamba,73,1639,261,261,26.1,0.20753751695156097,0.27713677287101746,2.8006932735443115,3.4219000339508057,0.38439834117889404,0,-1,1,261,1.0,2.0,261,0.5018055438995361,0,0.0,0,0.0,0,6.399716854095459,1,6
SH,Mamba,73,1640,142,142,14.200000000000001,0.2727518677711487,0.32768428325653076,8.484882354736328,11.649970054626465,1.8616139888763428,0,-1,0,0,0.0,2.0,142,2.3578855991363525,0,0.0,0,0.0,0,64.32621765136719,0,5
SH,Mamba,73,1641,247,247,24.700000000000003,0.33242547512054443,0.41496142745018005,1.1669689416885376,1.789563536643982,0.3364000916481018,0,-1,1,247,1.0,2.0,247,0.41565120220184326,0,0.0,0,0.0,0,6.4636664390563965,0,5
SH,Mamba,73,1642,348,348,34.800000000000004,0.356778085231781,0.4338049292564392,1.698861837387085,1.9634093046188354,0.4538181722164154,0,-1,1,348,1.0,2.0,348,0.706407368183136,0,0.0,0,0.0,0,4.849593162536621,0,5
SH,Mamba,73,1643,148,148,14.8,0.6071215271949768,0.7155627012252808,2.4859914779663086,3.3691842555999756,1.0497462749481201,0,-1,1,148,1.0,2.0,148,0.6448606252670288,0,0.0,0,0.0,0,1.818497896194458,0,5
SH,Mamba,73,1644,169,169,16.900000000000002,0.2348807007074356,0.31318873167037964,2.046849250793457,2.4945714473724365,0.3612290322780609,0,-1,1,45,0.26627218934911245,2.0,169,1.6109813451766968,0,0.0,0,0.0,0,35.70199203491211,2,7
SH,Mamba,73,1645,660,660,66.0,0.3092295229434967,0.374350905418396,3.91791033744812,4.570767879486084,0.43755900859832764,0,-1,1,622,0.9424242424242424,2.0,660,0.5342603921890259,0,0.0,0,0.0,0,1.1253459453582764,0,5
SH,Mamba,73,1646,582,582,58.2,0.258230060338974,0.32689952850341797,4.889665126800537,6.355112552642822,0.5129386186599731,0,-1,1,582,1.0,2.0,582,0.8810960054397583,0,0.0,0,0.0,0,5.277627468109131,1,6
SH,Mamba,73,1647,512,512,51.2,0.200892373919487,0.24150575697422028,6.3190412521362305,7.627681255340576,0.6701144576072693,0,-1,1,256,0.5,2.0,512,0.7130005955696106,0,0.0,0,0.0,0,20.077268600463867,1,6
SH,Mamba,73,1648,629,629,62.900000000000006,0.21560969948768616,0.2879592180252075,4.760359287261963,5.030696868896484,0.29710331559181213,0,-1,1,629,1.0,2.0,629,0.2789992094039917,0,0.0,0,0.0,0,1.2513236999511719,0,5
SH,Mamba,73,1649,424,424,42.400000000000006,0.27646246552467346,0.3360453248023987,1.04952073097229,1.3152134418487549,0.33331039547920227,0,-1,1,424,1.0,2.0,424,0.9051339030265808,0,0.0,0,0.0,0,11.315279006958008,1,6
SH,Mamba,73,1650,137,137,13.700000000000001,0.19504061341285706,0.23763877153396606,5.564818382263184,7.132636070251465,0.81495201587677,0,-1,0,0,0.0,2.0,137,5.164910793304443,0,0.0,0,0.0,0,10.145295143127441,1,6
SH,Mamba,73,1651,974,974,97.4,0.31503117084503174,0.416145920753479,7.0234880447387695,8.294988632202148,0.4663238227367401,0,-1,1,860,0.8829568788501027,2.0,974,0.46786296367645264,0,0.0,0,0.0,0,1.3214985132217407,0,5
SH,Mamba,73,1652,164,164,16.400000000000002,0.21498502790927887,0.2695947587490082,1.8633513450622559,2.0891923904418945,0.5512748956680298,0,-1,1,164,1.0,2.0,164,0.7373520135879517,0,0.0,0,0.0,0,8.264546394348145,2,7
SH,Mamba,73,1653,208,208,20.8,0.4037957489490509,0.48949921131134033,2.271040201187134,3.0380520820617676,0.4496842622756958,0,-1,1,99,0.47596153846153844,2.0,208,1.458749532699585,0,0.0,0,0.0,0,0.3469467759132385,0,5
SH,Mamba,73,1654,226,226,22.6,0.24785317480564117,0.309661865234375,1.6286141872406006,2.144775629043579,0.3952430486679077,0,-1,1,226,1.0,2.0,226,1.2967480421066284,0,0.0,0,0.0,0,5.75864839553833,0,5
SH,Mamba,73,1655,187,187,18.7,0.17188085615634918,0.2556820511817932,2.0183043479919434,2.68835711479187,0.74398273229599,0,-1,0,0,0.0,2.0,187,2.0017287731170654,0,0.0,0,0.0,0,30.5128231048584,1,6
SH,Mamba,73,1656,158,158,15.8,0.42421233654022217,0.48783010244369507,1.806501030921936,2.3544504642486572,0.5221795439720154,0,-1,1,68,0.43037974683544306,2.0,158,1.821260690689087,0,0.0,0,0.0,0,11.05540657043457,0,5
SH,Mamba,73,1657,233,233,23.3,0.23329800367355347,0.27861183881759644,2.732029676437378,3.5991270542144775,0.8183262944221497,0,-1,1,233,1.0,2.0,233,1.1206566095352173,0,0.0,0,0.0,0,24.992128372192383,2,7
SH,Mamba,73,1658,166,166,16.6,0.3943183720111847,0.4702634811401367,3.709646463394165,4.214047908782959,0.5072348117828369,0,-1,0,0,0.0,2.0,166,2.6285722255706787,0,0.0,0,0.0,0,9.52029800415039,0,5
SH,Mamba,73,1659,133,133,13.3,0.18238256871700287,0.22375956177711487,2.878291606903076,3.4689559936523438,0.47198086977005005,0,-1,0,0,0.0,2.0,133,3.907639741897583,0,0.0,0,0.0,0,7.198075771331787,1,6
SH,Mamba,73,1660,402,402,40.2,0.4029831290245056,0.5088421106338501,1.0134466886520386,1.2048242092132568,0.43152904510498047,0,-1,1,402,1.0,2.0,402,0.3747365176677704,0,0.0,0,0.0,0,0.8066199421882629,2,7
SH,Mamba,73,1661,142,142,14.200000000000001,0.260452538728714,0.31015413999557495,1.158361792564392,1.4796651601791382,0.389524906873703,0,-1,1,142,1.0,2.0,142,1.4599076509475708,0,0.0,0,0.0,0,11.724663734436035,1,6
SH,Mamba,73,1662,147,147,14.700000000000001,0.30027660727500916,0.46301406621932983,3.1959946155548096,3.558856964111328,0.5947697758674622,0,-1,1,147,1.0,2.0,147,0.5154286026954651,0,0.0,0,0.0,0,9.775680541992188,2,7
SH,Mamba,73,1663,134,134,13.4,0.13918928802013397,0.18741895258426666,2.9708454608917236,3.9148764610290527,0.584305465221405,0,-1,1,134,1.0,2.0,134,1.3240200281143188,0,0.0,0,0.0,0,25.076025009155273,2,7
SH,Mamba,73,1664,137,137,13.700000000000001,0.2874135971069336,0.33726897835731506,0.9326752424240112,1.0956921577453613,0.2605043351650238,1,137,1,102,0.7445255474452555,2.0,137,0.0,0,0.0,0,0.0,0,0.0,2,7
SH,Mamba,73,1665,200,200,20.0,0.35387811064720154,0.42853760719299316,10.874791145324707,12.963488578796387,1.054211139678955,0,-1,1,200,1.0,2.0,200,0.7066657543182373,0,0.0,0,0.0,0,6.909823894500732,0,5
SH,Mamba,73,1666,287,287,28.700000000000003,0.3300229609012604,0.43003925681114197,2.843987226486206,3.6953318119049072,0.43464913964271545,1,216,1,117,0.4076655052264808,2.0,216,0.0,0,0.0,0,0.0,0,0.0,1,6
SH,Mamba,73,1667,175,175,17.5,0.1960912048816681,0.26209521293640137,17.511295318603516,22.16606330871582,2.4508490562438965,0,-1,1,135,0.7714285714285715,2.0,175,0.9130806922912598,0,0.0,0,0.0,0,16.44182014465332,1,6
SH,Mamba,73,1668,320,320,32.0,0.42109718918800354,0.5460256338119507,2.523118495941162,2.691739320755005,0.4684680104255676,0,-1,1,261,0.815625,2.0,320,0.8799289464950562,0,0.0,0,0.0,0,5.976771831512451,1,6
SH,Mamba,73,1669,720,720,72.0,0.16494105756282806,0.21725185215473175,3.459864616394043,4.080951690673828,0.23155975341796875,0,-1,1,713,0.9902777777777778,2.0,720,0.6446089744567871,0,0.0,0,0.0,0,3.7657241821289062,0,5
SH,Mamba,73,1670,200,200,20.0,0.25869375467300415,0.3406774401664734,3.3280153274536133,4.54149866104126,1.0734997987747192,0,-1,1,136,0.68,2.0,200,1.7044709920883179,0,0.0,0,0.0,0,30.38396453857422,1,6
SH,Mamba,73,1671,216,216,21.6,0.16477301716804504,0.2109145075082779,6.659016132354736,7.6278204917907715,0.5434826612472534,0,-1,1,146,0.6759259259259259,2.0,216,0.7404592633247375,0,0.0,0,0.0,0,14.063189506530762,0,5
SH,Mamba,73,1672,196,196,19.6,0.40425869822502136,0.500213623046875,7.274977207183838,8.307815551757812,0.7866394519805908,0,-1,1,196,1.0,2.0,196,1.2457808256149292,0,0.0,0,0.0,0,6.503214359283447,1,6
SH,Mamba,73,1673,294,294,29.400000000000002,0.30292558670043945,0.33797380328178406,14.156426429748535,16.266958236694336,1.4668680429458618,0,-1,1,83,0.282312925170068,2.0,294,1.8842027187347412,0,0.0,0,0.0,0,1.2192364931106567,0,5
SH,Mamba,73,1674,327,327,32.7,0.2453097254037857,0.3059433698654175,5.935597896575928,8.102920532226562,0.7186807990074158,0,-1,1,327,1.0,2.0,327,0.9507745504379272,0,0.0,0,0.0,0,8.23342227935791,0,5
SH,Mamba,73,1675,332,332,33.2,0.12873566150665283,0.17606762051582336,11.860621452331543,14.928450584411621,0.8169794678688049,0,-1,1,311,0.9367469879518072,2.0,332,1.3311773538589478,0,0.0,0,0.0,0,26.90770149230957,0,5
SH,Mamba,73,1676,202,202,20.200000000000003,0.39309927821159363,0.4643307030200958,6.514731407165527,7.809886455535889,1.1134523153305054,1,187,1,150,0.7425742574257426,2.0,187,0.0,0,0.0,0,0.0,0,0.0,0,5
SH,Mamba,73,1677,555,555,55.5,0.520362138748169,0.6644376516342163,4.4472880363464355,4.669312477111816,0.9699422121047974,1,463,1,463,0.8342342342342343,2.0,463,0.0,0,0.0,0,0.0,0,0.0,1,6
SH,Mamba,73,1678,1637,1637,163.70000000000002,0.17146188020706177,0.22342468798160553,7.970967769622803,9.956095695495605,0.6149726510047913,0,-1,1,1637,1.0,2.0,1637,0.537208616733551,0,0.0,0,0.0,0,7.615380764007568,1,6
SH,Mamba,73,1679,200,200,20.0,0.19206154346466064,0.3251875042915344,7.092462062835693,8.410633087158203,0.5555570721626282,0,-1,1,173,0.865,2.0,200,1.057846188545227,0,0.0,0,0.0,0,9.50955867767334,2,7
SH,Mamba,73,1680,168,168,16.8,0.47505974769592285,0.6077696084976196,4.10426664352417,4.3622822761535645,0.6116102933883667,0,-1,1,162,0.9642857142857143,2.0,168,1.3428140878677368,0,0.0,0,0.0,0,6.727810859680176,0,5
SH,Mamba,73,1681,315,315,31.5,0.2634490132331848,0.45412418246269226,1.5722414255142212,2.3194198608398438,0.42046234011650085,1,298,1,298,0.946031746031746,2.0,298,0.0,0,0.0,0,0.0,0,0.0,1,6
SH,Mamba,73,1682,216,216,21.6,0.2626396715641022,0.3207845687866211,1.7184206247329712,2.4645447731018066,0.34370341897010803,0,-1,1,168,0.7777777777777778,2.0,216,1.5280184745788574,0,0.0,0,0.0,0,7.0522541999816895,1,6
SH,Mamba,73,1683,172,172,17.2,0.3781936466693878,0.6159036755561829,2.297361135482788,3.0408473014831543,0.883946418762207,0,-1,0,0,0.0,2.0,172,2.072404384613037,0,0.0,0,0.0,0,8.277547836303711,1,6
SH,Mamba,73,1684,256,256,25.6,0.34950530529022217,0.512538731098175,0.5864561796188354,0.8185742497444153,0.3130974769592285,0,-1,1,194,0.7578125,2.0,256,1.6079658269882202,0,0.0,0,0.0,0,3.0146644115448,1,6
SH,Mamba,73,1685,144,144,14.4,0.30078232288360596,0.389053076505661,2.9022417068481445,3.3851735591888428,0.5763324499130249,0,-1,1,31,0.2152777777777778,2.0,144,1.8791266679763794,0,0.0,0,0.0,0,1.7926652431488037,0,5
SH,Mamba,73,1686,145,145,14.5,0.4371126890182495,0.5414788126945496,3.876152515411377,4.275880813598633,0.5596886277198792,0,-1,1,52,0.3586206896551724,2.0,145,1.867926001548767,0,0.0,0,0.0,0,14.720428466796875,2,7
SH,Mamba,73,1687,278,278,27.8,0.34433650970458984,0.41867586970329285,8.287055015563965,9.551159858703613,0.9719234108924866,0,-1,1,37,0.13309352517985612,2.0,278,1.9629701375961304,0,0.0,0,0.0,0,7.969930648803711,0,5
SH,Mamba,73,1688,250,250,25.0,0.2186279594898224,0.3005683124065399,1.0300943851470947,1.4613196849822998,0.4057111144065857,0,-1,1,250,1.0,2.0,250,0.8504776954650879,0,0.0,0,0.0,0,11.513233184814453,2,7
SH,Mamba,73,1689,184,184,18.400000000000002,0.33170950412750244,0.4028637111186981,4.197404861450195,5.141119956970215,1.0833518505096436,1,168,1,168,0.9130434782608695,2.0,168,0.0,0,0.0,0,0.0,0,0.0,0,5
SH,Mamba,73,1690,285,285,28.5,0.1779533475637436,0.2179541289806366,12.20193862915039,16.824600219726562,1.3729873895645142,0,-1,0,0,0.0,2.0,285,2.1578426361083984,0,0.0,0,0.0,0,31.364049911499023,0,5
SH,Mamba,73,1691,389,389,38.900000000000006,0.4017300307750702,0.5652675628662109,11.820122718811035,14.211457252502441,1.029014229774475,0,-1,1,132,0.3393316195372751,2.0,389,1.6547725200653076,0,0.0,0,0.0,0,8.75938606262207,1,6
SH,Mamba,73,1692,352,352,35.2,0.17694181203842163,0.20872898399829865,3.519641160964966,4.868101119995117,0.8220508694648743,0,-1,0,0,0.0,2.0,352,3.6612932682037354,0,0.0,0,0.0,0,20.716489791870117,1,6
SH,Mamba,73,1693,234,234,23.400000000000002,0.18066921830177307,0.21994276344776154,6.227296352386475,7.187135696411133,0.49505990743637085,0,-1,1,234,1.0,2.0,234,0.9140788316726685,0,0.0,0,0.0,0,14.665538787841797,2,7
SH,Mamba,73,1694,406,406,40.6,0.1671358048915863,0.2082730531692505,5.9587578773498535,6.433825969696045,0.38295844197273254,0,-1,1,406,1.0,2.0,406,0.644770622253418,0,0.0,0,0.0,0,10.957240104675293,0,5
SH,Mamba,73,1695,145,145,14.5,0.3431568145751953,0.4227527379989624,2.737558603286743,3.3457462787628174,0.62873774766922,0,-1,0,0,0.0,2.0,145,2.6098177433013916,0,0.0,0,0.0,0,4.404421329498291,0,5
SH,Mamba,73,1696,141,141,14.100000000000001,0.22058261930942535,0.26006650924682617,6.8004937171936035,9.068572044372559,1.4926015138626099,0,-1,0,0,0.0,2.0,141,2.4060733318328857,0,0.0,0,0.0,0,44.116764068603516,0,5
SH,Mamba,73,1697,259,259,25.900000000000002,0.17842614650726318,0.2481260597705841,0.880969762802124,0.9868687391281128,0.20956632494926453,1,249,1,249,0.9613899613899614,2.0,249,0.0,0,0.0,0,0.0,0,0.0,1,6
SH,Mamba,73,1698,384,384,38.400000000000006,0.20714618265628815,0.28978976607322693,2.872403383255005,3.1975677013397217,0.37387752532958984,0,-1,1,384,1.0,2.0,384,1.0490484237670898,0,0.0,0,0.0,0,9.090117454528809,2,7
SH,Mamba,73,1699,134,134,13.4,0.23760269582271576,0.3098925054073334,1.7222988605499268,2.0834007263183594,0.4526251554489136,0,-1,1,33,0.2462686567164179,2.0,134,0.33242881298065186,0,0.0,0,0.0,0,0.11958244442939758,0,5
SH,Mamba,73,1700,138,138,13.8,0.17771489918231964,0.20083101093769073,3.0966968536376953,4.685389518737793,0.8816055059432983,0,-1,1,39,0.2826086956521739,2.0,138,1.7505024671554565,0,0.0,0,0.0,0,31.620441436767578,1,6
SH,Mamba,73,1701,228,228,22.8,0.18478916585445404,0.2268487811088562,5.442954063415527,7.30904483795166,0.6265336275100708,0,-1,1,78,0.34210526315789475,2.0,228,1.2453620433807373,0,0.0,0,0.0,0,24.92574119567871,0,5
SH,Mamba,73,1702,383,383,38.300000000000004,0.2698335647583008,0.34460631012916565,4.181820869445801,4.696949481964111,0.35538119077682495,1,373,1,202,0.5274151436031331,2.0,373,0.0,0,0.0,0,0.0,0,0.0,2,7
SH,Mamba,73,1703,355,355,35.5,0.3092567026615143,0.5000091195106506,5.233699798583984,6.83967399597168,0.6557049751281738,0,-1,1,355,1.0,2.0,355,0.6565955877304077,0,0.0,0,0.0,0,9.442244529724121,2,7
SH,Mamba,73,1704,515,515,51.5,0.3448371887207031,0.44861912727355957,2.432255744934082,2.9994735717773438,0.5974329113960266,1,469,1,201,0.39029126213592236,2.0,469,0.0,0,0.0,0,0.0,0,0.0,0,5
SH,Mamba,73,1705,264,264,26.400000000000002,0.15930050611495972,0.20488502085208893,2.4638829231262207,3.1490302085876465,0.24252741038799286,0,-1,1,264,1.0,2.0,264,0.8817856311798096,0,0.0,0,0.0,0,12.274301528930664,2,7
SH,Mamba,73,1706,363,363,36.300000000000004,0.2661902606487274,0.3320847153663635,3.800830125808716,4.420666694641113,0.6150909662246704,0,-1,1,363,1.0,2.0,363,1.1711536645889282,0,0.0,0,0.0,0,11.01512336730957,0,5
SH,Mamba,73,1707,211,211,21.1,0.36719071865081787,0.5733098983764648,8.532771110534668,11.533380508422852,1.0994248390197754,0,-1,1,211,1.0,2.0,211,0.5809890031814575,0,0.0,0,0.0,0,8.133577346801758,2,7
SH,Mamba,73,1708,157,157,15.700000000000001,0.1469133049249649,0.21434786915779114,3.1528682708740234,3.776834487915039,0.540543258190155,0,-1,1,13,0.08280254777070063,2.0,157,1.83661687374115,0,0.0,0,0.0,0,36.56221008300781,1,6
SH,Mamba,73,1709,177,177,17.7,0.18712471425533295,0.22645360231399536,4.006979465484619,4.731553077697754,0.5539839267730713,0,-1,1,116,0.655367231638418,2.0,177,1.1157200336456299,0,0.0,0,0.0,0,18.97562026977539,2,7
SH,Mamba,73,1710,181,181,18.1,0.4996110796928406,0.6067758202552795,1.1940463781356812,1.6276015043258667,0.4898401200771332,0,-1,1,40,0.22099447513812154,2.0,181,1.8361680507659912,0,0.0,0,0.0,0,8.69764232635498,1,6
SH,Mamba,73,1711,210,210,21.0,0.179719015955925,0.23107770085334778,8.165488243103027,9.796875,0.805180013179779,0,-1,1,210,1.0,2.0,210,1.0262813568115234,0,0.0,0,0.0,0,7.1707234382629395,1,6
SH,Mamba,73,1712,194,194,19.400000000000002,0.15311236679553986,0.21969200670719147,1.4342966079711914,1.701060175895691,0.2662533223628998,0,-1,1,63,0.3247422680412371,2.0,194,1.527352213859558,0,0.0,0,0.0,0,21.356040954589844,0,5
SH,Mamba,73,1713,171,171,17.1,0.17656318843364716,0.24691221117973328,5.075925827026367,6.995840549468994,0.8604804873466492,0,-1,1,171,1.0,2.0,171,0.994272768497467,0,0.0,0,0.0,0,22.746797561645508,0,5
SH,Mamba,73,1714,415,415,41.5,0.23974214494228363,0.29418542981147766,6.994399070739746,7.554018974304199,0.498187780380249,0,-1,1,415,1.0,2.0,415,0.8254980444908142,0,0.0,0,0.0,0,9.866716384887695,2,7
SH,Mamba,73,1715,206,206,20.6,0.13510945439338684,0.18106018006801605,3.808166265487671,4.3405351638793945,0.3245909512042999,0,-1,1,87,0.4223300970873786,2.0,206,1.2919422388076782,0,0.0,0,0.0,0,24.567419052124023,0,5
SH,Mamba,73,1716,371,371,37.1,0.26054146885871887,0.3126526474952698,23.636428833007812,27.805288314819336,1.4424585103988647,0,-1,1,371,1.0,2.0,371,0.7888590693473816,0,0.0,0,0.0,0,13.860797882080078,1,6
SH,Mamba,73,1717,406,406,40.6,0.3363693952560425,0.42966440320014954,3.5577807426452637,4.109738826751709,0.7579789757728577,0,-1,1,389,0.958128078817734,2.0,406,0.01947716251015663,0,0.0,0,0.0,0,0.20162418484687805,1,6
SH,Mamba,73,1718,203,203,20.3,0.13779804110527039,0.17447809875011444,2.994861602783203,3.6897270679473877,0.3655734062194824,0,-1,0,0,0.0,2.0,203,2.5542585849761963,0,0.0,0,0.0,0,17.773521423339844,0,5
SH,Mamba,73,1719,255,255,25.5,0.1129140555858612,0.15558835864067078,5.715061187744141,7.420804500579834,0.5281701683998108,0,-1,0,0,0.0,2.0,255,2.201685905456543,0,0.0,0,0.0,0,51.493377685546875,2,7
SH,Mamba,73,1720,341,341,34.1,0.1433754712343216,0.17861388623714447,2.3277251720428467,2.689455270767212,0.3717617392539978,0,-1,1,160,0.46920821114369504,2.0,341,1.6352243423461914,0,0.0,0,0.0,0,7.310954570770264,1,6
SH,Mamba,73,1721,156,156,15.600000000000001,0.20093919336795807,0.29248687624931335,1.8969388008117676,2.326376438140869,0.2910231947898865,0,-1,1,156,1.0,2.0,156,1.047413945198059,0,0.0,0,0.0,0,2.9445712566375732,1,6
SH,Mamba,73,1722,151,151,15.100000000000001,0.6697183847427368,0.7690711617469788,8.371984481811523,9.70019817352295,2.9075019359588623,1,73,1,73,0.48344370860927155,2.0,73,0.0,0,0.0,0,0.0,0,0.0,2,7
SH,Mamba,73,1723,166,166,16.6,0.10238029062747955,0.1398209035396576,4.635168075561523,5.781696796417236,0.5446747541427612,0,-1,1,166,1.0,2.0,166,0.9414405226707458,0,0.0,0,0.0,0,3.4372329711914062,1,6
SH,Mamba,73,1724,132,132,13.200000000000001,0.2984917461872101,0.35505640506744385,3.044424533843994,3.9801511764526367,0.6017205715179443,0,-1,0,0,0.0,2.0,132,4.367484092712402,0,0.0,0,0.0,0,8.59834098815918,2,7
SH,Mamba,73,1725,150,150,15.0,0.18719972670078278,0.24010320007801056,9.58596420288086,11.860466957092285,1.3878391981124878,0,-1,0,0,0.0,2.0,150,2.6554510593414307,0,0.0,0,0.0,0,49.3564453125,0,5
SH,Mamba,73,1726,189,189,18.900000000000002,0.1848093718290329,0.25116637349128723,2.6990487575531006,3.1201279163360596,0.9183794260025024,1,95,1,95,0.5026455026455027,2.0,95,0.0,0,0.0,0,0.0,0,0.0,2,7
SH,Mamba,73,1727,677,677,67.7,0.22289744019508362,0.3460676372051239,1.6560485363006592,2.0855472087860107,0.3572326898574829,0,-1,1,677,1.0,2.0,677,0.34170427918434143,0,0.0,0,0.0,0,3.141200065612793,2,7
SH,Mamba,73,1728,358,358,35.800000000000004,0.17448584735393524,0.21306061744689941,3.013049602508545,4.011649131774902,0.6143006086349487,0,-1,1,358,1.0,2.0,358,0.8442827463150024,0,0.0,0,0.0,0,16.03521156311035,2,7
SH,Mamba,73,1729,341,341,34.1,0.2991318106651306,0.3877584636211395,2.1186418533325195,2.7322211265563965,0.47772708535194397,0,-1,1,126,0.36950146627565983,2.0,341,1.3164420127868652,0,0.0,0,0.0,0,3.9009807109832764,0,5
SH,Mamba,73,1730,229,229,22.900000000000002,0.24876929819583893,0.3357450067996979,1.5255544185638428,2.121572256088257,0.49516159296035767,0,-1,1,229,1.0,2.0,229,1.1617588996887207,0,0.0,0,0.0,0,7.61931848526001,2,7
SH,Mamba,73,1731,464,464,46.400000000000006,0.23685283958911896,0.29782167077064514,6.916237831115723,8.086736679077148,0.4324450194835663,0,-1,1,464,1.0,2.0,464,0.2501729428768158,0,0.0,0,0.0,0,1.6133174896240234,0,5
SH,Mamba,73,1732,136,136,13.600000000000001,0.24116027355194092,0.29274553060531616,1.4165955781936646,1.8994938135147095,0.3403609097003937,0,-1,1,136,1.0,2.0,136,0.7599074840545654,0,0.0,0,0.0,0,11.968335151672363,2,7
SH,Mamba,73,1733,515,515,51.5,0.2299497127532959,0.2960194945335388,12.252360343933105,13.901798248291016,0.7146027684211731,0,-1,1,515,1.0,2.0,515,0.4756835401058197,0,0.0,0,0.0,0,8.13300895690918,2,7
SH,Mamba,73,1734,224,224,22.400000000000002,0.4947204887866974,0.6994678378105164,2.36933970451355,3.3844735622406006,0.7482494115829468,0,-1,1,205,0.9151785714285714,2.0,224,0.9058626890182495,0,0.0,0,0.0,0,0.24466073513031006,1,6
SH,Mamba,73,1735,262,262,26.200000000000003,0.23174552619457245,0.2823584973812103,2.840333938598633,3.5045485496520996,0.5194342136383057,0,-1,0,0,0.0,2.0,262,3.1449313163757324,0,0.0,0,0.0,0,4.062389373779297,2,7
SH,Mamba,73,1736,148,148,14.8,0.22876429557800293,0.2906476855278015,1.102677822113037,1.370503544807434,0.4686160087585449,0,-1,1,51,0.34459459459459457,2.0,148,1.7726590633392334,0,0.0,0,0.0,0,21.69401741027832,1,6
SH,Mamba,73,1737,193,193,19.3,0.39610421657562256,0.4600363075733185,3.81284761428833,4.109908580780029,0.5166882872581482,1,178,1,178,0.9222797927461139,2.0,178,0.0,0,0.0,0,0.0,0,0.0,1,6
SH,Mamba,73,1738,131,131,13.100000000000001,0.1868053525686264,0.23234823346138,4.0515313148498535,5.911389350891113,1.0076814889907837,0,-1,1,131,1.0,2.0,131,1.2120850086212158,0,0.0,0,0.0,0,16.16295623779297,1,6
SH,Mamba,73,1739,294,294,29.400000000000002,0.4635533392429352,0.5621547698974609,4.7639946937561035,6.4432878494262695,0.9715171456336975,0,-1,1,294,1.0,2.0,294,1.1184301376342773,0,0.0,0,0.0,0,10.788728713989258,1,6
SH,Mamba,73,1740,235,235,23.5,0.22939950227737427,0.33030077815055847,2.7727155685424805,3.125715970993042,0.3464305102825165,0,-1,1,140,0.5957446808510638,2.0,235,0.9217297434806824,0,0.0,0,0.0,0,1.6685616970062256,2,7
SH,Mamba,73,1741,173,173,17.3,0.338545024394989,0.41529399156570435,4.205248832702637,5.725531578063965,0.625978946685791,0,-1,1,106,0.6127167630057804,2.0,173,1.6117451190948486,0,0.0,0,0.0,0,19.40185546875,2,7
SH,Mamba,73,1742,183,183,18.3,0.23898226022720337,0.34775206446647644,1.5317201614379883,1.7441445589065552,0.476421058177948,0,-1,1,146,0.7978142076502732,2.0,183,1.2312712669372559,0,0.0,0,0.0,0,1.1426491737365723,1,6
SH,Mamba,73,1743,384,384,38.400000000000006,0.3120342493057251,0.4101940989494324,2.460507392883301,2.6964471340179443,0.2644174098968506,0,-1,1,384,1.0,2.0,384,0.5489398241043091,0,0.0,0,0.0,0,2.4013686180114746,0,5
SH,Mamba,73,1744,735,735,73.5,0.3213752508163452,0.430932879447937,8.39930248260498,9.18978500366211,0.8709562420845032,1,690,1,690,0.9387755102040817,2.0,690,0.0,0,0.0,0,0.0,0,0.0,0,5
SH,Mamba,73,1745,200,200,20.0,0.10963235050439835,0.1257186383008957,6.642960071563721,9.102446556091309,0.9981697201728821,0,-1,1,131,0.655,2.0,200,1.49837064743042,0,0.0,0,0.0,0,19.55852699279785,0,5
SH,Mamba,73,1746,464,464,46.400000000000006,0.25689616799354553,0.3635967969894409,2.003662109375,2.4885010719299316,0.45658522844314575,1,462,1,225,0.4849137931034483,2.0,462,0.0,0,0.0,0,0.0,0,0.0,1,6
SH,Mamba,73,1747,153,153,15.3,0.15216165781021118,0.19688783586025238,1.427028775215149,1.6654646396636963,0.2673448622226715,0,-1,1,153,1.0,2.0,153,1.3524194955825806,0,0.0,0,0.0,0,10.023014068603516,1,6
SH,Mamba,73,1748,210,210,21.0,0.257324755191803,0.32222601771354675,1.4249069690704346,1.859774112701416,0.5026057362556458,0,-1,0,0,0.0,2.0,210,3.54225754737854,0,0.0,0,0.0,0,6.49348258972168,2,7
SH,Mamba,73,1749,242,242,24.200000000000003,0.15530018508434296,0.20473551750183105,0.6704616546630859,0.9189550876617432,0.18886017799377441,0,-1,1,31,0.128099173553719,2.0,242,1.9345628023147583,0,0.0,0,0.0,0,28.91373634338379,2,7
SH,Mamba,73,1750,183,183,18.3,0.3490355908870697,0.4356575608253479,10.649842262268066,12.104225158691406,0.934903085231781,0,-1,1,183,1.0,2.0,183,0.643588662147522,0,0.0,0,0.0,0,4.08448600769043,2,7
SH,Mamba,73,1751,155,155,15.5,0.20206713676452637,0.2849980890750885,0.8576202392578125,1.1001243591308594,0.2476946860551834,0,-1,0,0,0.0,2.0,155,4.855618000030518,0,0.0,0,0.0,0,8.821764945983887,1,6
SH,Mamba,73,1752,264,264,26.400000000000002,0.21133729815483093,0.27605363726615906,1.7971603870391846,2.119856357574463,0.5782727003097534,0,-1,1,86,0.32575757575757575,2.0,264,1.750219702720642,0,0.0,0,0.0,0,13.002046585083008,0,5
SH,Mamba,73,1753,340,340,34.0,0.4037267863750458,0.4945969879627228,3.4500415325164795,3.992912769317627,0.8474651575088501,1,246,1,246,0.7235294117647059,2.0,246,0.0,0,0.0,0,0.0,0,0.0,2,7
SH,Mamba,73,1754,246,246,24.6,0.336175799369812,0.3980862498283386,2.4390501976013184,2.7077455520629883,0.33318302035331726,0,-1,1,246,1.0,2.0,246,0.5084068775177002,0,0.0,0,0.0,0,1.3762388229370117,2,7
SH,Mamba,73,1755,190,190,19.0,0.6377469301223755,0.9169529676437378,15.552275657653809,18.593032836914062,1.85878324508667,0,-1,1,62,0.3263157894736842,2.0,190,1.7983758449554443,0,0.0,0,0.0,0,10.100900650024414,2,7
SH,Mamba,73,1756,275,275,27.5,0.33971625566482544,0.4455883204936981,2.4812769889831543,3.3757424354553223,0.3979512155056,0,-1,1,199,0.7236363636363636,2.0,275,0.9214650392532349,0,0.0,0,0.0,0,1.9344868659973145,0,5
SH,Mamba,73,1757,171,171,17.1,0.06187934800982475,0.07781002670526505,1.6323449611663818,1.9409457445144653,0.22902041673660278,0,-1,0,0,0.0,2.0,171,3.3526065349578857,0,0.0,0,0.0,0,69.96558380126953,1,6
SH,Mamba,73,1758,343,343,34.300000000000004,0.3101035952568054,0.41490182280540466,5.131761074066162,5.871253490447998,0.7268617153167725,0,-1,1,164,0.478134110787172,2.0,343,1.375944972038269,0,0.0,0,0.0,0,8.616260528564453,1,6
SH,Mamba,73,1759,715,715,71.5,0.1846601963043213,0.2585207521915436,4.894796371459961,5.456531524658203,0.283949077129364,0,-1,1,715,1.0,2.0,715,0.2635047733783722,0,0.0,0,0.0,0,4.4091949462890625,1,6
SH,Mamba,73,1760,214,214,21.400000000000002,0.18815186619758606,0.24191641807556152,4.807587623596191,5.840685844421387,0.4661823809146881,0,-1,1,214,1.0,2.0,214,0.3823070824146271,0,0.0,0,0.0,0,6.950653076171875,0,5
SH,Mamba,73,1761,301,301,30.1,0.3263435661792755,0.40279245376586914,1.8293850421905518,2.0542149543762207,0.44783467054367065,0,-1,1,295,0.9800664451827242,2.0,301,1.0308200120925903,0,0.0,0,0.0,0,4.660775184631348,1,6
SH,Mamba,73,1762,164,164,16.400000000000002,0.2468474805355072,0.301766961812973,3.5408523082733154,4.707553863525391,0.7370239496231079,0,-1,1,164,1.0,2.0,164,1.2454607486724854,0,0.0,0,0.0,0,14.958778381347656,0,5
SH,Mamba,73,1763,296,296,29.6,0.17487861216068268,0.23196901381015778,2.2233543395996094,3.157010555267334,0.47010183334350586,0,-1,0,0,0.0,2.0,296,2.321959972381592,0,0.0,0,0.0,0,6.749176979064941,0,5
SH,Mamba,73,1764,164,164,16.400000000000002,0.22956794500350952,0.30081069469451904,2.548379421234131,2.9070932865142822,0.37766891717910767,0,-1,0,0,0.0,2.0,164,2.4601054191589355,0,0.0,0,0.0,0,4.066072463989258,1,6
SH,Mamba,73,1765,133,133,13.3,0.37764936685562134,0.5134521126747131,4.619862079620361,6.579566955566406,1.0778449773788452,0,-1,1,133,1.0,2.0,133,1.7216532230377197,0,0.0,0,0.0,0,20.482589721679688,2,7
SH,Mamba,73,1766,215,215,21.5,0.30854901671409607,0.3705580532550812,1.3586493730545044,1.8632903099060059,0.3756946623325348,0,-1,1,190,0.8837209302325582,2.0,215,0.021277297288179398,0,0.0,0,0.0,0,0.03348424285650253,0,5
SH,Mamba,73,1767,792,792,79.2,0.2755530774593353,0.3304658532142639,2.1098034381866455,2.718090534210205,0.488566130399704,0,-1,1,792,1.0,2.0,792,0.6958949565887451,0,0.0,0,0.0,0,3.7392144203186035,1,6
SH,Mamba,73,1768,213,213,21.3,0.22207704186439514,0.2662220001220703,1.1306723356246948,1.5722076892852783,0.3707291781902313,0,-1,1,213,1.0,2.0,213,0.9530916213989258,0,0.0,0,0.0,0,12.330859184265137,2,7
SH,Mamba,73,1769,188,188,18.8,0.12978233397006989,0.17290887236595154,2.738659381866455,3.256932497024536,0.32639437913894653,0,-1,0,0,0.0,2.0,188,3.356635332107544,0,0.0,0,0.0,0,15.4261474609375,1,6
SH,Mamba,73,1770,170,170,17.0,0.3364953398704529,0.45374569296836853,2.5237209796905518,3.4405922889709473,0.5052031874656677,0,-1,1,78,0.4588235294117647,2.0,170,1.7019010782241821,0,0.0,0,0.0,0,4.8364973068237305,0,5
SH,Mamba,73,1771,172,172,17.2,0.6150945425033569,0.6929987072944641,8.274993896484375,10.146970748901367,1.977255940437317,1,110,1,110,0.6395348837209303,2.0,110,0.0,0,0.0,0,0.0,0,0.0,2,7
SH,Mamba,73,1772,144,144,14.4,0.21951526403427124,0.2574254274368286,6.090246200561523,7.6825785636901855,1.0186429023742676,0,-1,1,3,0.020833333333333332,2.0,144,1.9895199537277222,0,0.0,0,0.0,0,25.320383071899414,1,6
SH,Mamba,73,1773,143,143,14.3,0.4384171664714813,0.5586921572685242,2.556725263595581,3.3197596073150635,0.66140216588974,0,-1,1,2,0.013986013986013986,2.0,143,1.9912432432174683,0,0.0,0,0.0,0,12.248586654663086,2,7
SH,Mamba,73,1774,131,131,13.100000000000001,0.21261879801750183,0.23448479175567627,5.638638973236084,7.794897079467773,1.3324415683746338,0,-1,0,0,0.0,2.0,131,2.165764093399048,0,0.0,0,0.0,0,40.87290573120117,2,7
SH,Mamba,73,1775,478,478,47.800000000000004,0.1525959074497223,0.18467488884925842,1.8523914813995361,2.4316582679748535,0.3436794877052307,0,-1,1,231,0.48326359832635984,2.0,478,0.6049774289131165,0,0.0,0,0.0,0,7.581099987030029,1,6
SH,Mamba,73,1776,153,153,15.3,0.34861481189727783,0.4376917779445648,12.438176155090332,15.451896667480469,1.675519347190857,0,-1,1,150,0.9803921568627451,2.0,153,0.770885705947876,0,0.0,0,0.0,0,18.919349670410156,2,7
SH,Mamba,73,1777,545,545,54.5,0.31838059425354004,0.4121163785457611,4.553883075714111,5.130499839782715,1.4965014457702637,1,400,1,400,0.7339449541284404,2.0,400,0.0,0,0.0,0,0.0,0,0.0,2,7
SH,Mamba,73,1778,172,172,17.2,0.321544349193573,0.41477862000465393,8.53286075592041,11.001886367797852,1.1260758638381958,0,-1,1,41,0.23837209302325582,2.0,172,1.4961076974868774,0,0.0,0,0.0,0,24.279361724853516,0,5
SH,Mamba,73,1779,323,323,32.300000000000004,0.25332576036453247,0.29917165637016296,21.131216049194336,27.25812339782715,1.6497560739517212,0,-1,1,323,1.0,2.0,323,1.4147143363952637,0,0.0,0,0.0,0,6.4154205322265625,0,5
SH,Mamba,73,1780,150,150,15.0,0.1482865959405899,0.18543227016925812,0.18920618295669556,0.24368922412395477,0.10973533987998962,0,-1,1,150,1.0,2.0,150,1.22891104221344,0,0.0,0,0.0,0,3.787731409072876,1,6
SH,Mamba,73,1781,135,135,13.5,0.21294498443603516,0.28089264035224915,0.7461681962013245,0.9984819889068604,0.2212781310081482,0,-1,1,135,1.0,2.0,135,1.0149904489517212,0,0.0,0,0.0,0,18.867570877075195,0,5
SH,Mamba,73,1782,176,176,17.6,0.3324308693408966,0.4315378665924072,8.759406089782715,10.19937801361084,1.0276838541030884,0,-1,1,176,1.0,2.0,176,1.0746110677719116,0,0.0,0,0.0,0,6.907756805419922,1,6
SH,Mamba,73,1783,138,138,13.8,0.17938314378261566,0.22534742951393127,4.562008857727051,5.4125261306762695,0.5470532774925232,0,-1,1,138,1.0,2.0,138,1.468484878540039,0,0.0,0,0.0,0,8.486485481262207,2,7
SH,Mamba,73,1784,162,162,16.2,0.36113736033439636,0.425067275762558,1.7119579315185547,2.0045793056488037,0.6555460095405579,0,-1,0,0,0.0,2.0,162,4.424970626831055,0,0.0,0,0.0,0,10.348384857177734,1,6
SH,Mamba,73,1785,378,378,37.800000000000004,0.32041919231414795,0.4317473769187927,4.074554920196533,4.47912073135376,1.3334177732467651,1,88,1,87,0.23015873015873015,2.0,88,0.0,0,0.0,0,0.0,0,0.0,0,5
SH,Mamba,73,1786,220,220,22.0,0.35409584641456604,0.4649784564971924,6.851776599884033,7.536616325378418,0.8379873633384705,0,-1,1,220,1.0,2.0,220,1.4854191541671753,0,0.0,0,0.0,0,5.359557151794434,0,5
SH,Mamba,73,1787,315,315,31.5,0.2258441001176834,0.28380945324897766,7.244743824005127,9.291839599609375,0.6395325660705566,0,-1,1,130,0.4126984126984127,2.0,315,1.3139368295669556,0,0.0,0,0.0,0,31.23836326599121,2,7
SH,Mamba,73,1788,289,289,28.900000000000002,0.2750706076622009,0.4192541837692261,13.547118186950684,16.293289184570312,1.1563907861709595,0,-1,1,289,1.0,2.0,289,0.5348730087280273,0,0.0,0,0.0,0,1.6456117630004883,0,5
SH,Mamba,73,1789,239,239,23.900000000000002,0.2917960584163666,0.3559459149837494,3.8910913467407227,5.182133197784424,0.5190525054931641,0,-1,1,239,1.0,2.0,239,1.1147829294204712,0,0.0,0,0.0,0,13.855119705200195,0,5
SH,Mamba,73,1790,299,299,29.900000000000002,0.30901893973350525,0.38081833720207214,9.933571815490723,12.19227123260498,1.0721911191940308,0,-1,1,299,1.0,2.0,299,1.0824689865112305,0,0.0,0,0.0,0,21.26832389831543,0,5
SH,Mamba,73,1791,222,222,22.200000000000003,0.2275649458169937,0.27127042412757874,2.436375617980957,2.7803170680999756,0.24098935723304749,0,-1,1,222,1.0,2.0,222,0.24814310669898987,0,0.0,0,0.0,0,0.523000180721283,2,7
SH,Mamba,73,1792,551,551,55.1,0.19043339788913727,0.25814011693000793,4.471499919891357,5.510948181152344,0.6048503518104553,0,-1,1,551,1.0,2.0,551,0.6112403869628906,0,0.0,0,0.0,0,11.258889198303223,2,7
SH,Mamba,73,1793,799,799,79.9,0.23752674460411072,0.3029628396034241,6.913079738616943,7.480100631713867,0.5862958431243896,1,751,1,675,0.8448060075093867,2.0,751,0.0,0,0.0,0,0.0,0,0.0,1,6
SH,Mamba,73,1794,153,153,15.3,0.2108520269393921,0.2437182366847992,8.997112274169922,11.722132682800293,1.5793018341064453,0,-1,1,46,0.3006535947712418,2.0,153,1.3488202095031738,0,0.0,0,0.0,0,25.054025650024414,0,5
SH,Mamba,73,1795,298,298,29.8,0.34164509177207947,0.44364693760871887,8.380043983459473,9.657658576965332,1.265028476715088,1,225,1,225,0.7550335570469798,2.0,225,0.0,0,0.0,0,0.0,0,0.0,0,5
SH,Mamba,73,1796,903,903,90.30000000000001,0.26422134041786194,0.38255181908607483,22.473861694335938,31.58611488342285,1.210360050201416,0,-1,1,470,0.5204872646733112,2.0,903,0.588862419128418,0,0.0,0,0.0,0,9.625151634216309,2,7
SH,Mamba,73,1797,182,182,18.2,0.1940772533416748,0.24998289346694946,3.554290771484375,4.226168155670166,0.36299434304237366,0,-1,1,182,1.0,2.0,182,0.09911692142486572,0,0.0,0,0.0,0,2.3793861865997314,1,6
SH,Mamba,73,1798,477,477,47.7,0.19055749475955963,0.2589077949523926,18.180591583251953,22.22086524963379,0.9069280028343201,0,-1,0,0,0.0,2.0,477,2.617382049560547,0,0.0,0,0.0,0,50.146446228027344,2,7
SH,Mamba,73,1799,288,288,28.8,0.3121597170829773,0.37368693947792053,7.277902603149414,10.992786407470703,1.0201380252838135,0,-1,1,288,1.0,2.0,288,1.3803191184997559,0,0.0,0,0.0,0,26.162996292114258,1,6
SH,Mamba,73,1800,143,143,14.3,0.3509281277656555,0.4923248589038849,1.6940733194351196,1.9573383331298828,0.4688190817832947,0,-1,1,143,1.0,2.0,143,0.9204297661781311,0,0.0,0,0.0,0,13.088577270507812,0,5
SH,Mamba,73,1801,463,463,46.300000000000004,0.1841896027326584,0.2633416950702667,3.962773323059082,5.173562049865723,0.5602131485939026,0,-1,1,355,0.7667386609071274,2.0,463,1.0308175086975098,0,0.0,0,0.0,0,10.713887214660645,2,7
SH,Mamba,73,1802,171,171,17.1,0.22946453094482422,0.26631686091423035,0.8095577955245972,0.9758820533752441,0.3277280926704407,0,-1,0,0,0.0,2.0,171,2.293931484222412,0,0.0,0,0.0,0,2.8671278953552246,2,7
SH,Mamba,73,1803,218,218,21.8,0.21175074577331543,0.2673371136188507,3.6455178260803223,4.097955226898193,0.48164308071136475,0,-1,1,78,0.3577981651376147,2.0,218,1.713712215423584,0,0.0,0,0.0,0,2.166289806365967,0,5
SH,Mamba,73,1804,695,695,69.5,0.28831902146339417,0.3608379065990448,4.283572196960449,4.912472724914551,0.5658348202705383,0,-1,1,695,1.0,2.0,695,0.34868866205215454,0,0.0,0,0.0,0,1.3366914987564087,1,6
SH,Mamba,73,1805,269,269,26.900000000000002,0.297500342130661,0.3445437252521515,2.981781482696533,3.3192152976989746,0.4743809103965759,1,208,1,208,0.7732342007434945,2.0,208,0.0,0,0.0,0,0.0,0,0.0,1,6
SH,Mamba,73,1806,146,146,14.600000000000001,0.16541323065757751,0.20034907758235931,1.5351523160934448,1.652817964553833,0.25493136048316956,0,-1,1,146,1.0,2.0,146,1.0409153699874878,0,0.0,0,0.0,0,1.980349063873291,2,7
SH,Mamba,73,1807,748,748,74.8,0.21307876706123352,0.2652866840362549,5.127030849456787,5.812905788421631,0.562818169593811,1,696,1,482,0.6443850267379679,2.0,696,0.0,0,0.0,0,0.0,0,0.0,0,5
SH,Mamba,73,1808,727,727,72.7,0.2499302327632904,0.32618051767349243,5.025003910064697,7.152156829833984,0.34799861907958984,0,-1,1,727,1.0,2.0,727,0.5673839449882507,0,0.0,0,0.0,0,4.274921417236328,1,6
SH,Mamba,73,1809,304,304,30.400000000000002,0.21319594979286194,0.25538769364356995,11.876139640808105,16.15592384338379,1.1374647617340088,0,-1,1,79,0.2598684210526316,2.0,304,1.8855633735656738,0,0.0,0,0.0,0,34.851318359375,2,7
SH,Mamba,73,1810,208,208,20.8,0.4752950072288513,0.7668508887290955,2.3388264179229736,2.728896141052246,0.4667719006538391,0,-1,1,208,1.0,2.0,208,1.1803866624832153,0,0.0,0,0.0,0,4.5098772048950195,1,6
SH,Mamba,73,1811,344,344,34.4,0.3713040351867676,0.46350952982902527,4.248388767242432,5.358339309692383,0.7779222726821899,1,163,1,163,0.4738372093023256,2.0,163,0.0,0,0.0,0,0.0,0,0.0,2,7
SH,Mamba,73,1812,255,255,25.5,0.36256882548332214,0.4361377954483032,2.7373125553131104,3.9226484298706055,0.7221517562866211,0,-1,1,66,0.25882352941176473,2.0,255,1.6104376316070557,0,0.0,0,0.0,0,9.499588966369629,0,5
SH,Mamba,73,1813,322,322,32.2,0.27591508626937866,0.33638572692871094,2.0997531414031982,2.7279298305511475,0.3283022344112396,0,-1,1,322,1.0,2.0,322,0.848422110080719,0,0.0,0,0.0,0,5.374417781829834,0,5
SH,Mamba,73,1814,228,228,22.8,0.3437668979167938,0.4416665732860565,1.8061575889587402,2.5105631351470947,0.6295974254608154,0,-1,1,67,0.29385964912280704,2.0,228,1.9205044507980347,0,0.0,0,0.0,0,6.491369724273682,1,6
SH,Mamba,73,1815,213,213,21.3,0.27528032660484314,0.32478761672973633,2.949636220932007,3.5967118740081787,0.488718718290329,0,-1,1,213,1.0,2.0,213,0.8397806882858276,0,0.0,0,0.0,0,4.985963344573975,0,5
SH,Mamba,73,1816,225,225,22.5,0.1809040904045105,0.2295055389404297,1.063968300819397,1.203406810760498,0.32590535283088684,0,-1,1,97,0.4311111111111111,2.0,225,1.1533600091934204,0,0.0,0,0.0,0,23.979415893554688,2,7
SH,Mamba,73,1817,146,146,14.600000000000001,0.3930200934410095,0.5199414491653442,0.6176406741142273,0.6652113199234009,0.2993670105934143,0,-1,1,40,0.273972602739726,2.0,146,0.855719804763794,0,0.0,0,0.0,0,0.7009511590003967,0,5
SH,Mamba,73,1818,137,137,13.700000000000001,0.3423871695995331,0.42424115538597107,1.2607710361480713,1.5590550899505615,0.4687270522117615,0,-1,0,0,0.0,2.0,137,2.3292429447174072,0,0.0,0,0.0,0,11.871992111206055,0,5
SH,Mamba,73,1819,140,140,14.0,0.2379600554704666,0.28282269835472107,1.5392948389053345,1.7680044174194336,0.29223161935806274,0,-1,0,0,0.0,2.0,140,2.206303119659424,0,0.0,0,0.0,0,7.877626895904541,2,7
SH,Mamba,73,1820,149,149,14.9,0.3952263593673706,0.4994044899940491,3.562649965286255,4.825430393218994,1.403873324394226,0,-1,0,0,0.0,2.0,149,3.9326610565185547,0,0.0,0,0.0,0,13.947473526000977,0,5
SH,Mamba,73,1821,318,318,31.8,0.30475088953971863,0.4092044234275818,1.3351290225982666,1.7746171951293945,0.321638822555542,0,-1,1,318,1.0,2.0,318,0.8124410510063171,0,0.0,0,0.0,0,5.102145195007324,2,7
SH,Mamba,73,1822,202,202,20.200000000000003,0.33590948581695557,0.3886905908584595,1.0323481559753418,1.2335113286972046,0.4244106113910675,0,-1,1,133,0.6584158415841584,2.0,202,1.6805274486541748,0,0.0,0,0.0,0,5.050392150878906,1,6
SH,Mamba,73,1823,266,266,26.6,0.13510291278362274,0.1836177557706833,0.8983654975891113,1.4024840593338013,0.25549688935279846,0,-1,1,266,1.0,2.0,266,1.7643922567367554,0,0.0,0,0.0,0,31.47163200378418,0,5
SH,Mamba,73,1824,475,475,47.5,0.25860533118247986,0.3317519724369049,3.841365098953247,4.254763603210449,0.284830778837204,0,-1,1,475,1.0,2.0,475,0.9159963130950928,0,0.0,0,0.0,0,2.5476956367492676,1,6
SH,Mamba,73,1825,318,318,31.8,0.3715079426765442,0.5152392983436584,6.227481842041016,7.2396159172058105,0.8614564538002014,0,-1,1,318,1.0,2.0,318,0.8663892149925232,0,0.0,0,0.0,0,3.1969172954559326,0,5
SH,Mamba,73,1826,210,210,21.0,0.43115198612213135,0.4870986342430115,4.007538318634033,4.942208290100098,1.1429346799850464,0,-1,1,173,0.8238095238095238,2.0,210,1.397778034210205,0,0.0,0,0.0,0,6.865217208862305,0,5
SH,Mamba,73,1827,165,165,16.5,0.18125300109386444,0.20977412164211273,1.362725019454956,1.631678819656372,0.34785690903663635,0,-1,0,0,0.0,2.0,165,2.0163772106170654,0,0.0,0,0.0,0,5.906976699829102,1,6
SH,Mamba,73,1828,311,311,31.1,0.22531116008758545,0.3099023103713989,2.54598069190979,3.163461208343506,0.27177056670188904,0,-1,1,298,0.9581993569131833,2.0,311,0.9655322432518005,0,0.0,0,0.0,0,4.458180904388428,0,5
SH,Mamba,73,1829,154,154,15.4,0.15850305557250977,0.2028522491455078,2.7581276893615723,3.1408355236053467,0.28039759397506714,0,-1,1,143,0.9285714285714286,2.0,154,1.8182660341262817,0,0.0,0,0.0,0,13.28892993927002,1,6
SH,Mamba,73,1830,328,328,32.800000000000004,0.37602683901786804,0.5762008428573608,6.506935119628906,7.431960105895996,1.5154672861099243,1,210,1,166,0.5060975609756098,2.0,210,0.0,0,0.0,0,0.0,0,0.0,2,7
SH,Mamba,73,1831,329,329,32.9,0.25281983613967896,0.33703184127807617,2.209303140640259,3.005078077316284,0.4616100490093231,0,-1,1,329,1.0,2.0,329,0.5769881010055542,0,0.0,0,0.0,0,4.041524410247803,1,6
SH,Mamba,73,1832,213,213,21.3,0.29906752705574036,0.44236132502555847,2.3093607425689697,2.6175973415374756,0.461124449968338,0,-1,1,82,0.38497652582159625,2.0,213,1.7074402570724487,0,0.0,0,0.0,0,8.548951148986816,1,6
SH,Mamba,73,1833,135,135,13.5,0.13849756121635437,0.16273152828216553,0.5651094913482666,0.7379971146583557,0.1803964376449585,0,-1,1,135,1.0,2.0,135,1.2574269771575928,0,0.0,0,0.0,0,3.4004950523376465,1,6
SH,Mamba,73,1834,203,203,20.3,0.2832173705101013,0.3839888274669647,3.035590171813965,5.5665411949157715,1.0228649377822876,0,-1,1,85,0.4187192118226601,2.0,203,1.8709341287612915,0,0.0,0,0.0,0,9.31868839263916,1,6
SH,Mamba,73,1835,183,183,18.3,0.23286810517311096,0.2667345106601715,2.0547432899475098,2.4727702140808105,0.40455999970436096,0,-1,0,0,0.0,2.0,183,4.566821098327637,0,0.0,0,0.0,0,4.887346267700195,0,5
SH,Mamba,73,1836,261,261,26.1,0.3274663984775543,0.40474802255630493,3.6717782020568848,3.999312400817871,0.41756412386894226,0,-1,1,261,1.0,2.0,261,0.598578929901123,0,0.0,0,0.0,0,9.699262619018555,2,7
SH,Mamba,73,1837,462,462,46.2,0.1569281667470932,0.18914145231246948,7.679825305938721,8.991647720336914,0.5994272828102112,0,-1,1,462,1.0,2.0,462,0.5501126050949097,0,0.0,0,0.0,0,10.642630577087402,2,7
SH,Mamba,73,1838,344,344,34.4,0.2755647599697113,0.3168526589870453,2.206958770751953,2.7388622760772705,0.5881509780883789,0,-1,1,24,0.06976744186046512,2.0,344,1.9949944019317627,0,0.0,0,0.0,0,56.210052490234375,0,5
SH,Mamba,73,1839,175,175,17.5,0.18472859263420105,0.2315453290939331,3.5323336124420166,4.737002849578857,0.6723186373710632,0,-1,1,164,0.9371428571428572,2.0,175,1.7693161964416504,0,0.0,0,0.0,0,5.009047508239746,2,7
SH,Mamba,73,1840,380,380,38.0,0.2979907691478729,0.39794185757637024,2.7511062622070312,3.4206948280334473,0.3419818580150604,1,344,1,339,0.8921052631578947,2.0,344,0.0,0,0.0,0,0.0,0,0.0,0,5
SH,Mamba,73,1841,245,245,24.5,0.21183231472969055,0.24564199149608612,8.460070610046387,11.915339469909668,1.163340449333191,0,-1,0,0,0.0,2.0,245,2.522313356399536,0,0.0,0,0.0,0,49.51820755004883,0,5
SH,Mamba,73,1842,248,248,24.8,0.2257562130689621,0.27743658423423767,0.43516165018081665,0.5586445927619934,0.2939707636833191,0,-1,0,0,0.0,2.0,248,2.34340763092041,0,0.0,0,0.0,0,6.969184875488281,2,7
SH,Mamba,73,1843,359,359,35.9,0.22886759042739868,0.2952647805213928,1.0487971305847168,1.2298957109451294,0.2687669098377228,0,-1,1,211,0.5877437325905293,2.0,359,0.4088912904262543,0,0.0,0,0.0,0,0.8962077498435974,0,5
SH,Mamba,73,1844,933,933,93.30000000000001,0.2728382647037506,0.35096263885498047,4.132617473602295,4.627572059631348,2.279458522796631,1,547,1,547,0.5862808145766345,2.0,547,0.0,0,0.0,0,0.0,0,0.0,2,7
SH,Mamba,73,1845,467,467,46.7,0.27078545093536377,0.3498096466064453,2.4940733909606934,3.311819314956665,0.5143726468086243,1,430,1,284,0.6081370449678801,2.0,430,0.0,0,0.0,0,0.0,0,0.0,2,7
SH,Mamba,73,1846,372,372,37.2,0.29212620854377747,0.3568318486213684,7.811347007751465,9.333501815795898,0.813592791557312,1,304,1,304,0.8172043010752689,2.0,304,0.0,0,0.0,0,0.0,0,0.0,2,7
SH,Mamba,73,1847,221,221,22.1,0.270687073469162,0.3391525447368622,1.940940499305725,2.304185628890991,0.5078111290931702,0,-1,1,189,0.8552036199095022,2.0,221,1.1575953960418701,0,0.0,0,0.0,0,0.8089744448661804,2,7
SH,Mamba,73,1848,666,666,66.60000000000001,0.47158581018447876,0.6034536361694336,6.492414951324463,7.604156494140625,4.738616466522217,1,148,1,148,0.2222222222222222,2.0,148,0.0,0,0.0,0,0.0,0,0.0,0,5
SH,Mamba,73,1849,202,202,20.200000000000003,0.3676605224609375,0.5610581040382385,2.093228816986084,2.951694965362549,0.6525965929031372,0,-1,1,202,1.0,2.0,202,0.6707133054733276,0,0.0,0,0.0,0,4.6245622634887695,2,7
SH,Mamba,73,1850,1668,1668,166.8,0.3112879991531372,0.4304511547088623,5.042937278747559,5.536418914794922,2.8351898193359375,1,218,1,186,0.11151079136690648,2.0,218,0.0,0,0.0,0,0.0,0,0.0,0,5
SH,Mamba,73,1851,172,172,17.2,0.3034234941005707,0.3971436321735382,1.7685267925262451,2.049909830093384,0.31717196106910706,1,161,1,161,0.936046511627907,2.0,161,0.0,0,0.0,0,0.0,0,0.0,1,6
SH,Mamba,73,1852,178,178,17.8,0.16831578314304352,0.23572969436645508,0.8734221458435059,1.0644639730453491,0.2784040570259094,0,-1,1,53,0.29775280898876405,2.0,178,1.0724695920944214,0,0.0,0,0.0,0,0.8060625195503235,2,7
SH,Mamba,73,1853,195,195,19.5,0.5458503365516663,0.8450220227241516,2.24922776222229,3.545656204223633,1.0301487445831299,0,-1,1,189,0.9692307692307692,2.0,195,1.0083420276641846,0,0.0,0,0.0,0,2.0316319465637207,2,7
SH,Mamba,73,1854,235,235,23.5,0.38995179533958435,0.47530433535575867,4.122408866882324,5.061880111694336,0.9056895971298218,1,197,1,166,0.7063829787234043,2.0,197,0.0,0,0.0,0,0.0,0,0.0,0,5
SH,Mamba,73,1855,295,295,29.5,0.4428252577781677,0.5272342562675476,2.6377806663513184,3.1071815490722656,0.4964875876903534,1,289,1,239,0.8101694915254237,2.0,289,0.0,0,0.0,0,0.0,0,0.0,0,5
SH,Mamba,73,1856,132,132,13.200000000000001,0.5637433528900146,0.6899042725563049,1.2779085636138916,2.081993818283081,0.805855393409729,0,-1,1,132,1.0,2.0,132,0.8666990995407104,0,0.0,0,0.0,0,3.9619452953338623,0,5
SH,Mamba,73,1857,394,394,39.400000000000006,0.4148043692111969,0.5992377400398254,5.14381217956543,5.737402439117432,0.6571050882339478,0,-1,1,394,1.0,2.0,394,0.5936596393585205,0,0.0,0,0.0,0,1.727921962738037,0,5
SH,Mamba,73,1858,172,172,17.2,0.3731323480606079,0.46772581338882446,5.209130764007568,5.940784931182861,0.5626468062400818,0,-1,1,172,1.0,2.0,172,1.4328022003173828,0,0.0,0,0.0,0,6.2504048347473145,2,7
SH,Mamba,73,1859,256,256,25.6,0.3514808714389801,0.42033523321151733,5.87615442276001,6.570076942443848,0.7530789971351624,0,-1,1,103,0.40234375,2.0,256,1.4170187711715698,0,0.0,0,0.0,0,17.08863067626953,2,7
SH,Mamba,73,1860,246,246,24.6,0.13572733104228973,0.1617743819952011,6.845106601715088,10.325139999389648,1.157871127128601,0,-1,0,0,0.0,2.0,246,4.720127582550049,0,0.0,0,0.0,0,44.75432586669922,0,5
SH,Mamba,73,1861,135,135,13.5,0.15282270312309265,0.18880954384803772,1.7415151596069336,2.0425639152526855,0.273003488779068,0,-1,0,0,0.0,2.0,135,2.2376315593719482,0,0.0,0,0.0,0,6.9580397605896,2,7
SH,Mamba,73,1862,134,134,13.4,0.6671943068504333,0.8980503678321838,6.595172882080078,7.526193141937256,1.2189348936080933,1,111,1,111,0.8283582089552238,2.0,111,0.0,0,0.0,0,0.0,0,0.0,1,6
SH,Mamba,73,1863,187,187,18.7,0.3034064471721649,0.38156214356422424,5.194109916687012,5.8821120262146,0.5235878229141235,0,-1,1,19,0.10160427807486631,2.0,187,1.9131029844284058,0,0.0,0,0.0,0,12.720344543457031,2,7
SH,Mamba,73,1864,165,165,16.5,0.24771134555339813,0.29136717319488525,3.376528024673462,4.021317005157471,0.6310255527496338,0,-1,1,165,1.0,2.0,165,0.7996315956115723,0,0.0,0,0.0,0,21.21050262451172,2,7
SH,Mamba,73,1865,367,367,36.7,0.27036556601524353,0.35127681493759155,1.4697582721710205,1.901896357536316,0.41602984070777893,1,332,1,332,0.9046321525885559,2.0,332,0.0,0,0.0,0,0.0,0,0.0,1,6
SH,Mamba,73,1866,342,342,34.2,0.1869392991065979,0.2526887059211731,6.6473822593688965,7.661052703857422,0.6025001406669617,0,-1,1,342,1.0,2.0,342,1.144511103630066,0,0.0,0,0.0,0,21.92315673828125,2,7
SH,Mamba,73,1867,173,173,17.3,0.19214093685150146,0.2361520379781723,3.8949878215789795,4.815744876861572,0.4999176561832428,0,-1,1,173,1.0,2.0,173,0.9115601778030396,0,0.0,0,0.0,0,7.244413375854492,0,5
SH,Mamba,73,1868,204,204,20.400000000000002,0.5684745907783508,0.7237317562103271,5.239467620849609,5.70098352432251,0.843265175819397,0,-1,1,204,1.0,2.0,204,0.5991348624229431,0,0.0,0,0.0,0,4.145193099975586,2,7
SH,Mamba,73,1869,217,217,21.700000000000003,0.4978030025959015,0.6387585997581482,9.273022651672363,10.731348991394043,1.338005781173706,0,-1,0,0,0.0,2.0,217,3.6743087768554688,0,0.0,0,0.0,0,10.739891052246094,2,7
SH,Mamba,73,1870,201,201,20.1,0.2581138610839844,0.3143625855445862,5.71528959274292,6.363193511962891,0.3491620123386383,0,-1,1,201,1.0,2.0,201,0.47561150789260864,0,0.0,0,0.0,0,8.959174156188965,0,5
SH,Mamba,73,1871,189,189,18.900000000000002,0.1748722642660141,0.2895764410495758,5.560031414031982,7.372844696044922,0.8793413043022156,0,-1,1,59,0.31216931216931215,2.0,189,1.8566557168960571,0,0.0,0,0.0,0,15.996732711791992,0,5
SH,Mamba,73,1872,192,192,19.200000000000003,0.6769439578056335,0.8849816918373108,1.311154842376709,1.9870843887329102,0.8279352188110352,1,167,1,167,0.8697916666666666,2.0,167,0.0,0,0.0,0,0.0,0,0.0,0,5
SH,Mamba,73,1873,291,291,29.1,0.40990179777145386,0.5128974318504333,2.974667549133301,3.3650591373443604,0.630207359790802,1,268,1,263,0.9037800687285223,2.0,268,0.0,0,0.0,0,0.0,0,0.0,2,7
SH,Mamba,73,1874,210,210,21.0,0.338251531124115,0.4596540033817291,1.1167168617248535,1.3973207473754883,0.45673757791519165,0,-1,1,145,0.6904761904761905,2.0,210,1.6647700071334839,0,0.0,0,0.0,0,8.966421127319336,1,6
SH,Mamba,73,1875,231,231,23.1,0.18075349926948547,0.2230057418346405,2.3509554862976074,3.4374213218688965,0.6609004735946655,0,-1,1,231,1.0,2.0,231,1.1933649778366089,0,0.0,0,0.0,0,25.103805541992188,1,6
SH,Mamba,73,1876,446,446,44.6,0.3320083022117615,0.4458601176738739,2.277533769607544,3.0616037845611572,0.5464068055152893,0,-1,1,446,1.0,2.0,446,0.5276057720184326,0,0.0,0,0.0,0,8.328680992126465,1,6
SH,Mamba,73,1877,260,260,26.0,0.3315044939517975,0.4371483325958252,1.8317042589187622,2.227242946624756,0.37347322702407837,0,-1,1,260,1.0,2.0,260,1.2532869577407837,0,0.0,0,0.0,0,13.398114204406738,2,7
SH,Mamba,73,1878,590,590,59.0,0.2456909418106079,0.3029637336730957,7.652750015258789,8.138731956481934,0.3920132517814636,0,-1,1,590,1.0,2.0,590,0.6425567865371704,0,0.0,0,0.0,0,9.068218231201172,1,6
SH,Mamba,73,1879,154,154,15.4,0.20483525097370148,0.24305948615074158,2.7997844219207764,3.811267375946045,0.4465721547603607,0,-1,1,154,1.0,2.0,154,0.9363416433334351,0,0.0,0,0.0,0,12.381885528564453,2,7
SH,Mamba,73,1880,214,214,21.400000000000002,0.2085116058588028,0.25270727276802063,3.619677782058716,5.516417026519775,0.8020361661911011,0,-1,1,214,1.0,2.0,214,1.0828423500061035,0,0.0,0,0.0,0,9.728166580200195,1,6
SH,Mamba,73,1881,216,216,21.6,0.2899647057056427,0.32639530301094055,14.40816593170166,17.175800323486328,1.1890240907669067,0,-1,1,189,0.875,2.0,216,1.1291300058364868,0,0.0,0,0.0,0,25.510086059570312,2,7
SH,Mamba,73,1882,441,441,44.1,0.3567437529563904,0.45335593819618225,3.330095052719116,4.189759731292725,0.5107635855674744,0,-1,1,161,0.36507936507936506,2.0,441,1.46493661403656,0,0.0,0,0.0,0,0.515318751335144,1,6
SH,Mamba,73,1883,170,170,17.0,0.8737823367118835,1.0760324001312256,17.23394203186035,20.337120056152344,3.112337827682495,0,-1,1,32,0.18823529411764706,2.0,170,1.5970607995986938,0,0.0,0,0.0,0,2.039907455444336,1,6
SH,Mamba,73,1884,131,131,13.100000000000001,0.6872187256813049,0.8142447471618652,2.5950677394866943,3.7240846157073975,0.9116778373718262,1,104,1,104,0.7938931297709924,2.0,104,0.0,0,0.0,0,0.0,0,0.0,0,5
SH,Mamba,73,1885,166,166,16.6,0.2691589593887329,0.3201475739479065,4.000641822814941,4.748948574066162,0.8412195444107056,0,-1,0,0,0.0,2.0,166,5.012121677398682,0,0.0,0,0.0,0,54.3441276550293,2,7
SH,Mamba,73,1886,257,257,25.700000000000003,0.35798779129981995,0.4278613030910492,1.513458251953125,2.039217233657837,0.4674045145511627,0,-1,1,257,1.0,2.0,257,1.2559419870376587,0,0.0,0,0.0,0,9.47000789642334,2,7
SH,Mamba,73,1887,158,158,15.8,0.2405472993850708,0.2769315242767334,0.7013261914253235,0.9996076822280884,0.36106956005096436,0,-1,1,158,1.0,2.0,158,1.2406965494155884,0,0.0,0,0.0,0,14.348388671875,1,6
SH,Mamba,73,1888,266,266,26.6,0.4358784556388855,0.5519425272941589,2.1111011505126953,2.410417318344116,0.7227810025215149,0,-1,1,254,0.9548872180451128,2.0,266,1.0066475868225098,0,0.0,0,0.0,0,6.997255802154541,2,7
SH,Mamba,73,1889,329,329,32.9,0.20500823855400085,0.26119720935821533,8.215290069580078,11.251801490783691,0.8087766766548157,0,-1,1,329,1.0,2.0,329,1.0537281036376953,0,0.0,0,0.0,0,4.8450751304626465,2,7
SH,Mamba,73,1890,412,412,41.2,0.277814120054245,0.36573511362075806,7.440393924713135,7.785830497741699,0.4828745722770691,0,-1,1,400,0.970873786407767,2.0,412,1.0917809009552002,0,0.0,0,0.0,0,15.10075569152832,0,5
SH,Mamba,73,1891,180,180,18.0,0.3964569568634033,0.5305559039115906,1.7706201076507568,2.1389694213867188,0.3566092252731323,1,168,1,168,0.9333333333333333,2.0,168,0.0,0,0.0,0,0.0,0,0.0,2,7
SH,Mamba,73,1892,395,395,39.5,0.17298248410224915,0.3755270838737488,17.019245147705078,19.979366302490234,1.0187034606933594,0,-1,0,0,0.0,2.0,395,2.4864511489868164,0,0.0,0,0.0,0,48.77444076538086,0,5
SH,Mamba,73,1893,168,168,16.8,0.2719186544418335,0.3644140958786011,3.0668675899505615,4.126358509063721,0.5762226581573486,0,-1,1,168,1.0,2.0,168,0.31350481510162354,0,0.0,0,0.0,0,4.845483779907227,1,6
SH,Mamba,73,1894,229,229,22.900000000000002,0.23878701031208038,0.30222654342651367,15.844518661499023,21.2845516204834,2.006108283996582,0,-1,1,171,0.7467248908296943,2.0,229,1.4442843198776245,0,0.0,0,0.0,0,5.130453586578369,0,5
SH,Mamba,73,1895,198,198,19.8,0.37959563732147217,0.5436448454856873,0.9263398051261902,1.1530067920684814,0.4141312837600708,0,-1,1,198,1.0,2.0,198,0.8475354909896851,0,0.0,0,0.0,0,3.0969955921173096,1,6
SH,Mamba,73,1896,238,238,23.8,0.371712863445282,0.4585743546485901,2.396575450897217,2.9550461769104004,0.5941985845565796,0,-1,1,238,1.0,2.0,238,0.7292850613594055,0,0.0,0,0.0,0,3.357492446899414,2,7
SH,Mamba,73,1897,200,200,20.0,0.2506754994392395,0.34244105219841003,1.4557942152023315,1.7466228008270264,0.5501945614814758,1,194,1,155,0.775,2.0,194,0.0,0,0.0,0,0.0,0,0.0,1,6
SH,Mamba,73,1898,175,175,17.5,0.2627027630805969,0.3166845738887787,1.4681757688522339,1.6791592836380005,0.3763152062892914,0,-1,1,175,1.0,2.0,175,1.4982131719589233,0,0.0,0,0.0,0,22.435800552368164,0,5
SH,Mamba,73,1899,434,434,43.400000000000006,0.3561280071735382,0.48128950595855713,3.6339848041534424,4.033829212188721,2.4675776958465576,1,53,1,53,0.12211981566820276,2.0,53,0.0,0,0.0,0,0.0,0,0.0,1,6
SH,Mamba,73,1900,132,132,13.200000000000001,0.39504292607307434,0.42177706956863403,2.322821617126465,2.8960423469543457,0.7093636393547058,0,-1,1,4,0.030303030303030304,2.0,132,1.9058524370193481,0,0.0,0,0.0,0,35.327091217041016,1,6
SH,Mamba,73,1901,638,638,63.800000000000004,0.2975058853626251,0.38957780599594116,1.5633630752563477,2.0664258003234863,0.42706939578056335,0,-1,1,638,1.0,2.0,638,0.45597803592681885,0,0.0,0,0.0,0,1.7814565896987915,1,6
SH,Mamba,73,1902,246,246,24.6,0.5958888530731201,0.7577613592147827,8.269146919250488,9.747928619384766,2.5720126628875732,1,141,1,141,0.573170731707317,2.0,141,0.0,0,0.0,0,0.0,0,0.0,1,6
SH,Mamba,73,1903,184,184,18.400000000000002,0.518063485622406,0.622772216796875,6.691027641296387,7.950096130371094,1.3186426162719727,0,-1,0,0,0.0,2.0,184,2.1861038208007812,0,0.0,0,0.0,0,2.6261613368988037,1,6
SH,Mamba,73,1904,163,163,16.3,0.3332127332687378,0.41891908645629883,16.908918380737305,21.952558517456055,2.8576009273529053,0,-1,0,0,0.0,2.0,163,3.53840970993042,0,0.0,0,0.0,0,62.12994384765625,2,7
SH,Mamba,73,1905,160,160,16.0,0.8576781153678894,1.2156178951263428,2.089047908782959,2.978066921234131,1.02639639377594,0,-1,1,160,1.0,2.0,160,0.5097640752792358,0,0.0,0,0.0,0,6.01470947265625,1,6
SH,Mamba,73,1906,179,179,17.900000000000002,0.5422142744064331,0.6176586151123047,9.622052192687988,11.074100494384766,1.5091112852096558,1,153,1,99,0.553072625698324,2.0,153,0.0,0,0.0,0,0.0,0,0.0,0,5
SH,Mamba,73,1907,142,142,14.200000000000001,0.20339028537273407,0.2404562532901764,10.130748748779297,12.936051368713379,1.7853257656097412,0,-1,1,66,0.4647887323943662,2.0,142,1.028448462486267,0,0.0,0,0.0,0,21.50132942199707,2,7
SH,Mamba,73,1908,148,148,14.8,0.862636923789978,0.9763795137405396,38.2403450012207,49.428829193115234,6.857517242431641,0,-1,0,0,0.0,2.0,148,4.298365592956543,0,0.0,0,0.0,0,41.13072967529297,2,7
SH,Mamba,73,1909,253,253,25.3,0.2605837285518646,0.43057507276535034,30.653079986572266,35.84502029418945,2.29376482963562,0,-1,1,253,1.0,2.0,253,0.4396217465400696,0,0.0,0,0.0,0,7.499546527862549,0,5
SH,Mamba,73,1910,211,211,21.1,0.2921779751777649,0.40074422955513,1.9998503923416138,2.451793909072876,0.29674047231674194,1,202,1,202,0.957345971563981,2.0,202,0.0,0,0.0,0,0.0,0,0.0,0,5
SH,Mamba,73,1911,465,465,46.5,0.33763596415519714,0.4590977430343628,11.380196571350098,13.725517272949219,1.1944125890731812,1,440,1,440,0.946236559139785,2.0,440,0.0,0,0.0,0,0.0,0,0.0,2,7
SH,Mamba,73,1912,661,661,66.10000000000001,0.23033735156059265,0.28422945737838745,9.142197608947754,10.604825973510742,0.37369728088378906,0,-1,1,654,0.989409984871407,2.0,661,1.0166975259780884,0,0.0,0,0.0,0,5.391839504241943,0,5
SH,Mamba,73,1913,421,421,42.1,0.2831466794013977,0.34736955165863037,8.703668594360352,9.35165786743164,0.6312000155448914,0,-1,1,405,0.9619952494061758,2.0,421,0.8226304054260254,0,0.0,0,0.0,0,5.542859077453613,1,6
SH,Mamba,73,1914,161,161,16.1,0.35567179322242737,0.46431782841682434,1.8615766763687134,2.336458921432495,0.39171302318573,0,-1,0,0,0.0,2.0,161,2.3746960163116455,0,0.0,0,0.0,0,3.411757707595825,2,7
SH,Mamba,73,1915,154,154,15.4,0.12388090789318085,0.15688695013523102,2.4216184616088867,3.1726369857788086,0.37922078371047974,0,-1,1,154,1.0,2.0,154,0.972095251083374,0,0.0,0,0.0,0,7.998599052429199,0,5
SH,Mamba,73,1916,139,139,13.9,0.18952994048595428,0.23684144020080566,4.243372440338135,5.5927042961120605,0.8289599418640137,0,-1,1,139,1.0,2.0,139,0.9476033449172974,0,0.0,0,0.0,0,19.225927352905273,1,6
SH,Mamba,73,1917,442,442,44.2,0.1919277459383011,0.2490936666727066,25.04730796813965,27.4766788482666,0.822378396987915,0,-1,1,442,1.0,2.0,442,0.9719471335411072,0,0.0,0,0.0,0,7.755835056304932,0,5
SH,Mamba,73,1918,167,167,16.7,0.4656332731246948,0.6092755794525146,0.9170689582824707,1.1052407026290894,0.4296132028102875,0,-1,1,120,0.718562874251497,2.0,167,0.518204391002655,0,0.0,0,0.0,0,0.5493070483207703,2,7
SH,Mamba,73,1919,404,404,40.400000000000006,0.3027617037296295,0.4082659184932709,4.756984710693359,6.547041416168213,0.8073445558547974,0,-1,1,305,0.754950495049505,2.0,404,1.1329668760299683,0,0.0,0,0.0,0,18.003034591674805,2,7
SH,Mamba,73,1920,159,159,15.9,0.4013270139694214,0.6042753458023071,0.5099257826805115,0.8901255130767822,0.39394545555114746,0,-1,1,83,0.5220125786163522,2.0,159,1.8081073760986328,0,0.0,0,0.0,0,6.222648620605469,0,5
SH,Mamba,73,1921,184,184,18.400000000000002,0.14385886490345,0.16647937893867493,5.449869155883789,6.711239337921143,0.6538761258125305,0,-1,0,0,0.0,2.0,184,2.918699026107788,0,0.0,0,0.0,0,53.49807357788086,2,7
SH,Mamba,73,1922,199,199,19.900000000000002,0.23850379884243011,0.28754574060440063,1.0790132284164429,1.2169462442398071,0.25569576025009155,0,-1,1,155,0.7788944723618091,2.0,199,1.4517269134521484,0,0.0,0,0.0,0,3.873225212097168,1,6
SH,Mamba,73,1923,143,143,14.3,0.37221774458885193,0.4401648938655853,5.994088172912598,6.977040767669678,0.9606263637542725,0,-1,0,0,0.0,2.0,143,2.415081739425659,0,0.0,0,0.0,0,20.152864456176758,1,6
SH,Mamba,73,1924,380,380,38.0,0.2436230331659317,0.30284059047698975,0.8543582558631897,1.102353572845459,0.29961323738098145,0,-1,1,377,0.9921052631578947,2.0,380,0.9211903214454651,0,0.0,0,0.0,0,5.422452449798584,1,6
SH,Mamba,73,1925,575,575,57.5,0.1666921228170395,0.24374893307685852,2.8029534816741943,3.3949241638183594,0.5156790614128113,1,433,1,303,0.5269565217391304,2.0,433,0.0,0,0.0,0,0.0,0,0.0,1,6
SH,Mamba,73,1926,135,135,13.5,0.3515033721923828,0.40190571546554565,0.8341294527053833,0.9850005507469177,0.5291277170181274,0,-1,1,135,1.0,2.0,135,0.7506840229034424,0,0.0,0,0.0,0,3.0309643745422363,0,5
SH,Mamba,73,1927,296,296,29.6,0.20349150896072388,0.24373474717140198,18.06474494934082,22.838232040405273,9.103177070617676,1,211,1,211,0.7128378378378378,2.0,211,0.0,0,0.0,0,0.0,0,0.0,1,6
SH,Mamba,73,1928,191,191,19.1,0.19141769409179688,0.23526549339294434,6.047975540161133,7.53518533706665,0.6967217326164246,0,-1,0,0,0.0,2.0,191,2.656574010848999,0,0.0,0,0.0,0,59.832237243652344,1,6
SH,Mamba,73,1929,1755,1755,175.5,0.19895902276039124,0.25078684091567993,21.85518455505371,24.34284019470215,0.7160615921020508,0,-1,1,1755,1.0,2.0,1755,0.19915145635604858,0,0.0,0,0.0,0,3.5680627822875977,2,7
SH,Mamba,73,1930,285,285,28.5,0.06784258782863617,0.08462295681238174,1.8975393772125244,2.0475971698760986,0.16818401217460632,0,-1,1,61,0.21403508771929824,2.0,285,1.9298049211502075,0,0.0,0,0.0,0,39.24367141723633,1,6
SH,Mamba,73,1931,144,144,14.4,0.23942017555236816,0.29293662309646606,2.846951961517334,3.4226794242858887,0.4962604343891144,0,-1,1,144,1.0,2.0,144,0.7807979583740234,0,0.0,0,0.0,0,12.507410049438477,2,7
SH,Mamba,73,1932,682,682,68.2,0.37725749611854553,0.49125173687934875,5.185754299163818,5.860045433044434,2.7308690547943115,1,76,1,76,0.11143695014662756,2.0,76,0.0,0,0.0,0,0.0,0,0.0,0,5
SH,Mamba,73,1933,236,236,23.6,0.1908436417579651,0.22877174615859985,1.5323224067687988,2.019315004348755,0.32317399978637695,0,-1,1,201,0.8516949152542372,2.0,236,1.2115625143051147,0,0.0,0,0.0,0,6.839629173278809,1,6
SH,Mamba,73,1934,372,372,37.2,0.46264079213142395,0.643799364566803,5.971762180328369,6.740455150604248,0.6435234546661377,0,-1,1,8,0.021505376344086023,2.0,372,1.9296610355377197,0,0.0,0,0.0,0,6.554191589355469,0,5
SH,Mamba,73,1935,157,157,15.700000000000001,0.43114539980888367,0.5097488760948181,4.532400131225586,5.219499111175537,0.7000433802604675,0,-1,1,93,0.5923566878980892,2.0,157,1.7808172702789307,0,0.0,0,0.0,0,7.411800861358643,2,7
SH,Mamba,73,1936,144,144,14.4,0.47750192880630493,0.6223599314689636,2.8582847118377686,4.715559959411621,1.177655577659607,0,-1,1,144,1.0,2.0,144,0.626971423625946,0,0.0,0,0.0,0,2.887326717376709,0,5
SH,Mamba,73,1937,155,155,15.5,0.2011568248271942,0.24460068345069885,0.4144352972507477,0.5553901791572571,0.22006885707378387,0,-1,1,100,0.6451612903225806,2.0,155,1.4572474956512451,0,0.0,0,0.0,0,2.686178207397461,2,7
SH,Mamba,73,1938,174,174,17.400000000000002,0.3501283824443817,0.4773223400115967,7.048277378082275,7.721189022064209,0.6934152245521545,0,-1,0,0,0.0,2.0,174,2.1872377395629883,0,0.0,0,0.0,0,23.173755645751953,1,6
SH,Mamba,73,1939,201,201,20.1,0.27695879340171814,0.3531132638454437,6.146803379058838,7.075538635253906,0.7710883021354675,0,-1,0,0,0.0,2.0,201,3.392745018005371,0,0.0,0,0.0,0,16.064224243164062,1,6
SH,Mamba,73,1940,327,327,32.7,0.3146369159221649,0.3783978223800659,19.626569747924805,21.84726333618164,1.1268166303634644,0,-1,1,327,1.0,2.0,327,1.5959463119506836,0,0.0,0,0.0,0,21.099733352661133,1,6
SH,Mamba,73,1941,358,358,35.800000000000004,0.3959132730960846,0.5542297959327698,1.425195336341858,1.9625991582870483,0.7919983863830566,1,288,1,252,0.7039106145251397,2.0,288,0.0,0,0.0,0,0.0,0,0.0,0,5
SH,Mamba,73,1942,236,236,23.6,0.264663428068161,0.34243467450141907,1.794247031211853,2.094170093536377,0.44303831458091736,0,-1,1,183,0.7754237288135594,2.0,236,1.2520992755889893,0,0.0,0,0.0,0,2.191331386566162,2,7
SH,Mamba,73,1943,131,131,13.100000000000001,0.4305189549922943,0.5295179486274719,2.5592968463897705,2.7535998821258545,0.42808783054351807,0,-1,1,128,0.9770992366412213,2.0,131,1.1090166568756104,0,0.0,0,0.0,0,3.9326813220977783,1,6
SH,Mamba,73,1944,317,317,31.700000000000003,0.40429461002349854,0.4644734263420105,6.967096328735352,7.603021621704102,0.6912281513214111,0,-1,1,177,0.5583596214511041,2.0,317,1.5210754871368408,0,0.0,0,0.0,0,1.0599397420883179,1,6
SH,Mamba,73,1945,504,504,50.400000000000006,0.25141358375549316,0.3107881247997284,3.100367307662964,3.509627342224121,0.47738122940063477,0,-1,1,501,0.9940476190476191,2.0,504,1.1104375123977661,0,0.0,0,0.0,0,8.78039264678955,1,6
SH,Mamba,73,1946,641,641,64.10000000000001,0.2351936250925064,0.4134681224822998,5.89890193939209,6.413232326507568,0.41042447090148926,1,611,1,611,0.953198127925117,2.0,611,0.0,0,0.0,0,0.0,0,0.0,0,5
SH,Mamba,73,1947,154,154,15.4,0.19042746722698212,0.2539748251438141,0.6989008784294128,0.8951676487922668,0.4075927138328552,0,-1,0,0,0.0,2.0,154,2.822399854660034,0,0.0,0,0.0,0,78.97084045410156,1,6
SH,Mamba,73,1948,263,263,26.3,0.31704628467559814,0.4535149037837982,5.423898220062256,6.896623134613037,0.7304295301437378,0,-1,1,263,1.0,2.0,263,1.084135890007019,0,0.0,0,0.0,0,20.624658584594727,1,6
SH,Mamba,73,1949,470,470,47.0,0.2681248188018799,0.3310106098651886,10.461485862731934,12.428694725036621,0.7859399318695068,0,-1,1,102,0.2170212765957447,2.0,470,1.6797616481781006,0,0.0,0,0.0,0,18.592058181762695,1,6
SH,Mamba,73,1950,215,215,21.5,0.17054788768291473,0.20313887298107147,1.3734599351882935,1.7119606733322144,0.2711668014526367,0,-1,0,0,0.0,2.0,215,2.495020627975464,0,0.0,0,0.0,0,57.96309280395508,1,6
SH,Mamba,73,1951,169,169,16.900000000000002,0.4194622039794922,0.4745493531227112,2.7432937622070312,3.1320037841796875,0.8204768896102905,0,-1,1,169,1.0,2.0,169,0.43059030175209045,0,0.0,0,0.0,0,7.177602767944336,0,5
SH,Mamba,73,1952,272,272,27.200000000000003,0.1949390023946762,0.24517114460468292,6.984714508056641,7.742204666137695,0.42848801612854004,0,-1,1,272,1.0,2.0,272,0.96004718542099,0,0.0,0,0.0,0,8.235697746276855,2,7
SH,Mamba,73,1953,437,437,43.7,0.23237784206867218,0.2955951988697052,1.5767576694488525,2.165281057357788,0.4825857877731323,0,-1,1,255,0.5835240274599542,2.0,437,1.2211138010025024,0,0.0,0,0.0,0,9.609221458435059,1,6
SH,Mamba,73,1954,477,477,47.7,0.2371176779270172,0.29366543889045715,4.652381420135498,4.906191349029541,0.8304815292358398,1,296,1,232,0.4863731656184486,2.0,296,0.0,0,0.0,0,0.0,0,0.0,0,5
SH,Mamba,73,1955,145,145,14.5,0.3703565001487732,0.4266144931316376,2.5390074253082275,2.92808198928833,0.5759605765342712,0,-1,1,145,1.0,2.0,145,1.3234169483184814,0,0.0,0,0.0,0,11.3023042678833,1,6
SH,Mamba,73,1956,150,150,15.0,0.3469937741756439,0.43088746070861816,0.800849974155426,1.0717676877975464,0.29066047072410583,0,-1,1,150,1.0,2.0,150,0.8950005769729614,0,0.0,0,0.0,0,3.310359001159668,2,7
SH,Mamba,73,1957,157,157,15.700000000000001,0.2952997088432312,0.3852905333042145,7.509250164031982,9.436328887939453,1.1516625881195068,0,-1,1,157,1.0,2.0,157,0.6646169424057007,0,0.0,0,0.0,0,9.607242584228516,0,5
SH,Mamba,73,1958,137,137,13.700000000000001,0.378080815076828,0.4606345295906067,8.81757926940918,10.998969078063965,1.6399850845336914,0,-1,0,0,0.0,2.0,137,2.3078010082244873,0,0.0,0,0.0,0,19.17890739440918,1,6
SH,Mamba,73,1959,131,131,13.100000000000001,0.2667713761329651,0.31580159068107605,4.9276251792907715,6.068718433380127,0.8014495968818665,0,-1,1,131,1.0,2.0,131,0.8713120818138123,0,0.0,0,0.0,0,7.309727668762207,2,7
SH,Mamba,73,1960,639,639,63.900000000000006,0.23411068320274353,0.2962157726287842,9.788479804992676,11.06580638885498,0.4253452718257904,0,-1,1,639,1.0,2.0,639,0.7114366292953491,0,0.0,0,0.0,0,7.553504943847656,0,5
SH,Mamba,73,1961,349,349,34.9,0.3098297417163849,0.37711596488952637,3.70307993888855,5.431524753570557,0.4633578360080719,0,-1,1,328,0.9398280802292264,2.0,349,1.2227826118469238,0,0.0,0,0.0,0,2.8157949447631836,1,6
SH,Mamba,73,1962,221,221,22.1,0.19622407853603363,0.23904578387737274,17.293174743652344,22.15965461730957,2.068132162094116,0,-1,0,0,0.0,2.0,221,4.10693883895874,0,0.0,0,0.0,0,19.112070083618164,0,5
SH,Mamba,73,1963,271,271,27.1,0.3656612038612366,0.47153958678245544,1.32453191280365,1.5368566513061523,0.5432860851287842,0,-1,1,242,0.8929889298892989,2.0,271,0.3265458643436432,0,0.0,0,0.0,0,0.8575059175491333,0,5
SH,Mamba,73,1964,199,199,19.900000000000002,0.3371431231498718,0.46814805269241333,3.3068461418151855,4.320252895355225,0.6107601523399353,0,-1,1,199,1.0,2.0,199,1.289042592048645,0,0.0,0,0.0,0,13.53956413269043,2,7
SH,Mamba,73,1965,132,132,13.200000000000001,0.32765647768974304,0.40819376707077026,1.2627687454223633,1.3886162042617798,0.33606329560279846,0,-1,1,132,1.0,2.0,132,0.5921803712844849,0,0.0,0,0.0,0,0.43842875957489014,2,7
SH,Mamba,73,1966,193,193,19.3,0.26858091354370117,0.32695093750953674,4.885204792022705,5.8764190673828125,0.5176877975463867,0,-1,1,161,0.8341968911917098,2.0,193,1.3033862113952637,0,0.0,0,0.0,0,4.981370449066162,2,7
SH,Mamba,73,1967,405,405,40.5,0.2447994500398636,0.3321811556816101,1.936434030532837,2.381722927093506,0.3356357514858246,1,357,1,281,0.6938271604938272,2.0,357,0.0,0,0.0,0,0.0,0,0.0,1,6
SH,Mamba,73,1968,408,408,40.800000000000004,0.26357191801071167,0.3536706864833832,4.921775817871094,5.703370571136475,0.5921973586082458,1,408,1,323,0.7916666666666666,2.0,408,0.0,0,0.0,0,0.0,0,0.0,1,6
SH,Mamba,73,1969,310,310,31.0,0.11384310573339462,0.15518426895141602,8.541993141174316,11.801276206970215,0.8417990207672119,0,-1,0,0,0.0,2.0,310,2.0060222148895264,0,0.0,0,0.0,0,65.0274887084961,2,7
SH,Mamba,73,1970,133,133,13.3,0.3535791039466858,0.39707520604133606,2.651684045791626,3.09860897064209,1.120581030845642,0,-1,1,133,1.0,2.0,133,1.3196135759353638,0,0.0,0,0.0,0,19.77912139892578,0,5
SH,Mamba,73,1971,353,353,35.300000000000004,0.11814289540052414,0.16005860269069672,8.202990531921387,9.634062767028809,0.601853609085083,0,-1,1,353,1.0,2.0,353,1.066535234451294,0,0.0,0,0.0,0,30.12876319885254,1,6
SH,Mamba,73,1972,239,239,23.900000000000002,0.4721774160861969,0.6641870737075806,2.846163272857666,3.2882490158081055,0.6962746977806091,1,223,1,223,0.9330543933054394,2.0,223,0.0,0,0.0,0,0.0,0,0.0,1,6
SH,Mamba,73,1973,143,143,14.3,0.15706515312194824,0.19530647993087769,0.27444154024124146,0.44216981530189514,0.14091210067272186,0,-1,1,143,1.0,2.0,143,0.8669442534446716,0,0.0,0,0.0,0,17.29168128967285,2,7
SH,Mamba,73,1974,142,142,14.200000000000001,0.19630306959152222,0.24227534234523773,2.526015281677246,3.3936192989349365,0.6356759667396545,0,-1,1,106,0.7464788732394366,2.0,142,1.3837326765060425,0,0.0,0,0.0,0,39.11880111694336,0,5
SH,Mamba,73,1975,138,138,13.8,0.21013370156288147,0.2715158760547638,2.2807064056396484,2.9522464275360107,0.7060769200325012,0,-1,1,111,0.8043478260869565,2.0,138,1.5065127611160278,0,0.0,0,0.0,0,6.863092422485352,0,5
SH,Mamba,73,1976,653,653,65.3,0.37285858392715454,0.476348340511322,2.5105018615722656,3.4476399421691895,0.5179280042648315,1,615,1,615,0.9418070444104135,2.0,615,0.0,0,0.0,0,0.0,0,0.0,1,6
SH,Mamba,73,1977,351,351,35.1,0.20550239086151123,0.2522137761116028,3.7281668186187744,4.094085693359375,0.3287369906902313,0,-1,1,351,1.0,2.0,351,1.0777618885040283,0,0.0,0,0.0,0,3.43550705909729,1,6
SH,Mamba,73,1978,238,238,23.8,0.4970041513442993,0.6158937215805054,4.981479167938232,6.486999034881592,2.6566293239593506,1,91,1,91,0.38235294117647056,2.0,91,0.0,0,0.0,0,0.0,0,0.0,0,5
SH,Mamba,73,1979,173,173,17.3,0.32328879833221436,0.39295288920402527,3.855656147003174,4.5752949714660645,0.5596275925636292,0,-1,1,173,1.0,2.0,173,0.7784661054611206,0,0.0,0,0.0,0,2.759504556655884,1,6
SH,Mamba,73,1980,434,434,43.400000000000006,0.16303223371505737,0.2368594855070114,3.8827686309814453,4.77197790145874,0.2946922183036804,0,-1,1,434,1.0,2.0,434,0.5389993190765381,0,0.0,0,0.0,0,6.726574897766113,0,5
SH,Mamba,73,1981,148,148,14.8,0.29137030243873596,0.345314621925354,2.2562084197998047,2.585222005844116,0.3868175148963928,0,-1,1,105,0.7094594594594594,2.0,148,1.4936295747756958,0,0.0,0,0.0,0,9.402142524719238,0,5
SH,Mamba,73,1982,152,152,15.200000000000001,0.34989219903945923,0.40265822410583496,2.4562766551971436,2.6874911785125732,0.3823651671409607,0,-1,1,152,1.0,2.0,152,0.7031012773513794,0,0.0,0,0.0,0,1.3393752574920654,0,5
SH,Mamba,73,1983,213,213,21.3,0.3082083463668823,0.3511286973953247,4.832443714141846,5.485313892364502,1.1185998916625977,0,-1,0,0,0.0,2.0,213,2.920553207397461,0,0.0,0,0.0,0,31.73426628112793,2,7
SH,Mamba,73,1984,447,447,44.7,0.11784105002880096,0.1553226262331009,9.323183059692383,10.001575469970703,0.3393961787223816,0,-1,1,447,1.0,2.0,447,0.6657688617706299,0,0.0,0,0.0,0,11.469701766967773,1,6
SH,Mamba,73,1985,176,176,17.6,0.1404239684343338,0.17061279714107513,3.48161244392395,4.385425567626953,0.4632739722728729,0,-1,0,0,0.0,2.0,176,2.696669816970825,0,0.0,0,0.0,0,46.09982681274414,2,7
SH,Mamba,73,1986,1203,1203,120.30000000000001,0.25781363248825073,0.3898618817329407,5.605836391448975,6.369100093841553,2.1611404418945312,1,639,1,639,0.5311720698254364,2.0,639,0.0,0,0.0,0,0.0,0,0.0,0,5
SH,Mamba,73,1987,133,133,13.3,0.1604893058538437,0.23813673853874207,0.5481698513031006,0.6493439674377441,0.2320229858160019,0,-1,0,0,0.0,2.0,133,3.778379201889038,0,0.0,0,0.0,0,4.484531402587891,1,6
SH,Mamba,73,1988,214,214,21.400000000000002,0.15725652873516083,0.2007596641778946,3.008709192276001,3.825545072555542,0.397735595703125,0,-1,1,49,0.22897196261682243,2.0,214,1.4583659172058105,0,0.0,0,0.0,0,32.8055534362793,2,7
SH,Mamba,73,1989,426,426,42.6,0.20375342667102814,0.2506599426269531,9.503206253051758,12.483114242553711,0.6137598156929016,0,-1,1,426,1.0,2.0,426,1.2041194438934326,0,0.0,0,0.0,0,10.349898338317871,2,7
SH,Mamba,73,1990,171,171,17.1,0.2387830913066864,0.33437100052833557,1.8950318098068237,2.2111096382141113,0.37350913882255554,0,-1,1,87,0.5087719298245614,2.0,171,1.7060433626174927,0,0.0,0,0.0,0,7.476187705993652,0,5
SH,Mamba,73,1991,403,403,40.300000000000004,0.25923609733581543,0.30951032042503357,6.316874027252197,7.2459540367126465,0.6774182319641113,0,-1,1,179,0.4441687344913151,2.0,403,1.5214630365371704,0,0.0,0,0.0,0,17.274011611938477,1,6
SH,Mamba,73,1992,306,306,30.6,0.38540756702423096,0.4491601288318634,7.321868896484375,9.160008430480957,1.2504348754882812,0,-1,1,117,0.38235294117647056,2.0,306,1.541573405265808,0,0.0,0,0.0,0,1.1786834001541138,1,6
SH,Mamba,73,1993,285,285,28.5,0.4673190414905548,0.6073326468467712,3.290314197540283,4.235317230224609,0.6962335109710693,0,-1,1,113,0.39649122807017545,2.0,285,1.5684640407562256,0,0.0,0,0.0,0,7.401061058044434,2,7
SH,Mamba,73,1994,347,347,34.7,0.20346800982952118,0.2635308504104614,4.028266906738281,4.545712471008301,0.34878039360046387,0,-1,1,191,0.5504322766570605,2.0,347,1.126094937324524,0,0.0,0,0.0,0,19.88296127319336,0,5
SH,Mamba,73,1995,207,207,20.700000000000003,0.2567378878593445,0.3813108205795288,1.5472217798233032,1.712041974067688,0.33628466725349426,1,188,1,188,0.9082125603864735,2.0,188,0.0,0,0.0,0,0.0,0,0.0,0,5
SH,Mamba,73,1996,279,279,27.900000000000002,0.16773392260074615,0.2038322538137436,17.066495895385742,20.65213966369629,1.2772455215454102,0,-1,1,138,0.4946236559139785,2.0,279,1.544910192489624,0,0.0,0,0.0,0,27.02622413635254,0,5
SH,Mamba,73,1997,309,309,30.900000000000002,0.3014986217021942,0.3800406754016876,1.308562994003296,1.9101558923721313,0.5531075596809387,0,-1,1,309,1.0,2.0,309,0.7402946949005127,0,0.0,0,0.0,0,7.84281587600708,2,7
SH,Mamba,73,1998,146,146,14.600000000000001,0.3032691180706024,0.4016549289226532,0.9541372060775757,1.1019859313964844,0.2712298631668091,0,-1,0,0,0.0,2.0,146,2.83695387840271,0,0.0,0,0.0,0,3.7065346240997314,1,6
SH,Mamba,73,1999,202,202,20.200000000000003,0.3319867253303528,0.4146674573421478,4.214513301849365,6.1390485763549805,0.5740214586257935,1,118,1,118,0.5841584158415841,2.0,118,0.0,0,0.0,0,0.0,0,0.0,0,5
SH,Mamba,73,2000,1000,1000,100.0,0.3094465434551239,0.4367813467979431,4.407628059387207,4.938234329223633,0.8695301413536072,1,779,1,773,0.773,2.0,779,0.0,0,0.0,0,0.0,0,0.0,2,7
SH,Mamba,73,2001,937,937,93.7,0.2893700897693634,0.37678882479667664,3.2435085773468018,3.895826578140259,1.467583417892456,1,614,1,331,0.35325506937033085,2.0,614,0.0,0,0.0,0,0.0,0,0.0,0,5
SH,Mamba,73,2002,464,464,46.400000000000006,0.22795195877552032,0.2874651849269867,7.857801914215088,8.66623592376709,0.9015604257583618,1,328,1,328,0.7068965517241379,2.0,328,0.0,0,0.0,0,0.0,0,0.0,2,7
SH,Mamba,73,2003,608,608,60.800000000000004,0.3173047602176666,0.4199620485305786,5.913485050201416,6.339730262756348,1.6397258043289185,1,273,1,259,0.42598684210526316,2.0,273,0.0,0,0.0,0,0.0,0,0.0,0,5
SH,Mamba,73,2004,241,241,24.1,0.1708497256040573,0.21757300198078156,12.076138496398926,14.501604080200195,1.0064785480499268,0,-1,1,241,1.0,2.0,241,1.0960475206375122,0,0.0,0,0.0,0,19.274301528930664,0,5
SH,Mamba,73,2005,298,298,29.8,0.3231737017631531,0.5069942474365234,3.4525949954986572,4.020003795623779,0.30328941345214844,0,-1,1,298,1.0,2.0,298,0.8189469575881958,0,0.0,0,0.0,0,3.534358263015747,1,6
SH,Mamba,73,2006,155,155,15.5,0.16688519716262817,0.19111810624599457,0.39351943135261536,0.4652502238750458,0.144844651222229,0,-1,1,42,0.2709677419354839,2.0,155,1.9027208089828491,0,0.0,0,0.0,0,31.18575668334961,0,5
SH,Mamba,73,2007,214,214,21.400000000000002,0.3039757311344147,0.3939080238342285,1.5513488054275513,1.8762149810791016,0.3334096372127533,0,-1,1,214,1.0,2.0,214,0.8297749161720276,0,0.0,0,0.0,0,6.846108436584473,0,5
SH,Mamba,73,2008,163,163,16.3,0.14263582229614258,0.16899748146533966,2.7249491214752197,3.0218851566314697,0.3512086868286133,0,-1,0,0,0.0,2.0,163,6.356174468994141,0,0.0,0,0.0,0,20.611907958984375,0,5
SH,Mamba,73,2009,186,186,18.6,0.579275369644165,0.6980843544006348,7.899559020996094,10.568304061889648,1.27894127368927,0,-1,1,186,1.0,2.0,186,1.338577151298523,0,0.0,0,0.0,0,7.328997611999512,0,5
SH,Mamba,73,2010,233,233,23.3,0.4099743366241455,0.4658825397491455,4.970882415771484,6.255799293518066,0.9258016347885132,0,-1,1,69,0.296137339055794,2.0,233,1.8880040645599365,0,0.0,0,0.0,0,28.15597152709961,0,5
SH,Mamba,73,2011,320,320,32.0,0.34639784693717957,0.43312498927116394,8.24185562133789,10.725787162780762,0.8015506863594055,0,-1,1,320,1.0,2.0,320,1.1058279275894165,0,0.0,0,0.0,0,3.7490150928497314,2,7
SH,Mamba,73,2012,210,210,21.0,0.2286597490310669,0.3016110062599182,1.5118958950042725,1.6296987533569336,0.2412761002779007,0,-1,1,81,0.38571428571428573,2.0,210,1.5445473194122314,0,0.0,0,0.0,0,5.744960308074951,2,7
SH,Mamba,73,2013,226,226,22.6,0.24038179218769073,0.3175933361053467,3.4946510791778564,3.8907063007354736,0.42035654187202454,0,-1,0,0,0.0,2.0,226,3.2046127319335938,0,0.0,0,0.0,0,7.799834728240967,1,6
SH,Mamba,73,2014,583,583,58.300000000000004,0.44354739785194397,0.6732430458068848,5.866145133972168,7.082862377166748,1.120453119277954,0,-1,1,583,1.0,2.0,583,0.30483490228652954,0,0.0,0,0.0,0,5.00554895401001,1,6
SH,Mamba,73,2015,236,236,23.6,0.1708652228116989,0.2110593616962433,1.3584567308425903,1.8006597757339478,0.34469157457351685,0,-1,1,206,0.8728813559322034,2.0,236,1.0054112672805786,0,0.0,0,0.0,0,19.256406784057617,0,5
SH,Mamba,73,2016,413,413,41.300000000000004,0.1278960257768631,0.1527499258518219,23.259124755859375,27.142475128173828,1.141886591911316,0,-1,1,413,1.0,2.0,413,0.6722992062568665,0,0.0,0,0.0,0,13.951964378356934,2,7
SH,Mamba,73,2017,530,530,53.0,0.4446465075016022,0.6044760942459106,2.5661261081695557,2.972524642944336,0.6259385943412781,1,509,1,440,0.8301886792452831,2.0,509,0.0,0,0.0,0,0.0,0,0.0,2,7
SH,Mamba,73,2018,295,295,29.5,0.22358305752277374,0.3068370223045349,5.242184638977051,6.029719352722168,0.4501058757305145,0,-1,1,295,1.0,2.0,295,0.7941989302635193,0,0.0,0,0.0,0,10.84158992767334,1,6
SH,Mamba,73,2019,297,297,29.700000000000003,0.35384637117385864,0.4384940564632416,3.8862860202789307,5.0561981201171875,0.556914746761322,0,-1,1,73,0.24579124579124578,2.0,297,1.612951397895813,0,0.0,0,0.0,0,5.901580810546875,2,7
SH,Mamba,73,2020,353,353,35.300000000000004,0.3874000906944275,0.46832355856895447,4.682497501373291,5.029832363128662,1.839758276939392,1,167,1,167,0.4730878186968839,2.0,167,0.0,0,0.0,0,0.0,0,0.0,2,7
SH,Mamba,73,2021,151,151,15.100000000000001,0.13881240785121918,0.16544586420059204,5.329233646392822,6.644078254699707,0.7540369033813477,0,-1,1,103,0.6821192052980133,2.0,151,1.4512988328933716,0,0.0,0,0.0,0,26.653255462646484,0,5
SH,Mamba,73,2022,332,332,33.2,0.29293346405029297,0.40594932436943054,4.293848037719727,5.627420902252197,0.70475172996521,0,-1,1,332,1.0,2.0,332,0.0033288076519966125,0,0.0,0,0.0,0,0.016124248504638672,1,6
SH,Mamba,73,2023,141,141,14.100000000000001,0.23238392174243927,0.30238649249076843,1.2350265979766846,1.3496497869491577,0.26166418194770813,0,-1,0,0,0.0,2.0,141,2.281925916671753,0,0.0,0,0.0,0,21.311222076416016,1,6
SH,Mamba,73,2024,1172,1172,117.2,0.2505800724029541,0.3173530101776123,7.209850788116455,9.450226783752441,0.5345991849899292,0,-1,1,1172,1.0,2.0,1172,0.5823072195053101,0,0.0,0,0.0,0,5.7700419425964355,1,6
SH,Mamba,73,2025,1176,1176,117.60000000000001,0.3191361129283905,0.4236726462841034,2.472170352935791,3.2642838954925537,0.4096750319004059,0,-1,1,1176,1.0,2.0,1176,0.6537675261497498,0,0.0,0,0.0,0,4.497186660766602,0,5
SH,Mamba,73,2026,357,357,35.7,0.31838375329971313,0.38006845116615295,6.48070764541626,7.669529438018799,0.6332646012306213,0,-1,1,326,0.9131652661064426,2.0,357,1.0956816673278809,0,0.0,0,0.0,0,6.524880886077881,1,6
SH,Mamba,73,2027,287,287,28.700000000000003,0.3265796899795532,0.40095242857933044,3.514470100402832,3.949934482574463,0.4814654588699341,0,-1,1,2,0.006968641114982578,2.0,287,1.987496018409729,0,0.0,0,0.0,0,11.664857864379883,2,7
SH,Mamba,73,2028,160,160,16.0,0.2110956609249115,0.26151782274246216,11.857222557067871,14.692399978637695,1.760088562965393,0,-1,1,160,1.0,2.0,160,0.7592282891273499,0,0.0,0,0.0,0,12.302927017211914,2,7
SH,Mamba,73,2029,151,151,15.100000000000001,0.4767972528934479,0.6251198649406433,1.4805623292922974,1.7334520816802979,0.619194507598877,0,-1,0,0,0.0,2.0,151,3.4292373657226562,0,0.0,0,0.0,0,8.734694480895996,1,6
SH,Mamba,73,2030,211,211,21.1,0.24550648033618927,0.3460044264793396,3.0693018436431885,3.560357093811035,0.4900840222835541,0,-1,1,18,0.08530805687203792,2.0,211,1.4196118116378784,0,0.0,0,0.0,0,0.527481198310852,1,6
SH,Mamba,73,2031,334,334,33.4,0.2995298504829407,0.39852339029312134,3.1412155628204346,3.3428313732147217,0.5464218258857727,0,-1,1,334,1.0,2.0,334,0.7862032055854797,0,0.0,0,0.0,0,2.3483595848083496,0,5
SH,Mamba,73,2032,600,600,60.0,0.17076921463012695,0.24948152899742126,11.230681419372559,13.008767127990723,0.8700548410415649,0,-1,1,334,0.5566666666666666,2.0,600,0.7475351095199585,0,0.0,0,0.0,0,15.984451293945312,2,7
SH,Mamba,73,2033,398,398,39.800000000000004,0.3453027904033661,0.45469287037849426,11.533463478088379,13.416165351867676,0.846413254737854,0,-1,1,398,1.0,2.0,398,0.624360203742981,0,0.0,0,0.0,0,5.167619705200195,2,7
SH,Mamba,73,2034,274,274,27.400000000000002,0.25526925921440125,0.311485230922699,1.4050019979476929,1.6491059064865112,0.314026802778244,0,-1,1,274,1.0,2.0,274,0.8428693413734436,0,0.0,0,0.0,0,3.436038017272949,2,7
SH,Mamba,73,2035,188,188,18.8,0.25473350286483765,0.3681327998638153,4.482032299041748,5.270183086395264,0.7739022970199585,0,-1,1,188,1.0,2.0,188,0.39120596647262573,0,0.0,0,0.0,0,6.837533473968506,2,7
SH,Mamba,73,2036,353,353,35.300000000000004,0.44771823287010193,0.5658543705940247,2.8781898021698,3.3900043964385986,0.6751013994216919,1,331,1,331,0.9376770538243626,2.0,331,0.0,0,0.0,0,0.0,0,0.0,0,5
SH,Mamba,73,2037,1679,1679,167.9,0.2040528655052185,0.27697744965553284,3.7819981575012207,4.349218368530273,0.4389064311981201,1,1574,1,1273,0.7581893984514592,2.0,1574,0.0,0,0.0,0,0.0,0,0.0,2,7
SH,Mamba,73,2038,585,585,58.5,0.2227325737476349,0.31931132078170776,2.5986900329589844,3.126204490661621,0.43006402254104614,1,559,1,290,0.49572649572649574,2.0,559,0.0,0,0.0,0,0.0,0,0.0,1,6
SH,Mamba,73,2039,184,184,18.400000000000002,0.2628752589225769,0.36469802260398865,2.370913028717041,2.7795047760009766,0.43358293175697327,0,-1,1,184,1.0,2.0,184,0.8245341777801514,0,0.0,0,0.0,0,18.010404586791992,0,5
SH,Mamba,73,2040,171,171,17.1,0.22338418662548065,0.2735242247581482,1.8456087112426758,2.229884624481201,0.3114675283432007,0,-1,0,0,0.0,2.0,171,2.9370782375335693,0,0.0,0,0.0,0,10.558865547180176,1,6
SH,Mamba,73,2041,174,174,17.400000000000002,0.30666983127593994,0.42318713665008545,1.0288832187652588,1.2181025743484497,0.3794693350791931,0,-1,1,174,1.0,2.0,174,0.5045406222343445,0,0.0,0,0.0,0,2.891430377960205,2,7
SH,Mamba,73,2042,265,265,26.5,0.14604589343070984,0.19921444356441498,2.4855263233184814,3.4129364490509033,0.2728469669818878,0,-1,1,71,0.2679245283018868,2.0,265,1.865341305732727,0,0.0,0,0.0,0,10.75719165802002,2,7
SH,Mamba,73,2043,325,325,32.5,0.29196304082870483,0.4033193588256836,1.6176131963729858,2.008159637451172,0.5635861158370972,0,-1,1,325,1.0,2.0,325,1.2956722974777222,0,0.0,0,0.0,0,6.16627311706543,2,7
SH,Mamba,73,2044,242,242,24.200000000000003,0.5201014876365662,0.6041858792304993,7.92714262008667,12.364935874938965,2.1728811264038086,0,-1,0,0,0.0,2.0,242,2.0530505180358887,0,0.0,0,0.0,0,8.530716896057129,0,5
SH,Mamba,73,2045,313,313,31.3,0.3306979537010193,0.4396757185459137,1.8649734258651733,2.773531913757324,0.5674079060554504,0,-1,1,251,0.8019169329073482,2.0,313,1.2074717283248901,0,0.0,0,0.0,0,3.5408413410186768,0,5
SH,Mamba,73,2046,234,234,23.400000000000002,0.3348373472690582,0.5116051435470581,1.0316540002822876,1.3071539402008057,0.30789831280708313,0,-1,1,163,0.6965811965811965,2.0,234,0.47160154581069946,0,0.0,0,0.0,0,0.6566302180290222,0,5
SH,Mamba,73,2047,165,165,16.5,0.3052558898925781,0.35007625818252563,3.8684580326080322,4.343753814697266,0.6065056324005127,0,-1,0,0,0.0,2.0,165,2.7174270153045654,0,0.0,0,0.0,0,15.072700500488281,0,5
SH,Mamba,73,2048,392,392,39.2,0.28201839327812195,0.37282776832580566,1.905940055847168,2.083221197128296,0.5796866416931152,1,324,1,324,0.826530612244898,2.0,324,0.0,0,0.0,0,0.0,0,0.0,1,6
SH,Mamba,73,2049,141,141,14.100000000000001,0.5248720049858093,0.6164060235023499,1.0590661764144897,1.2263113260269165,0.4191911518573761,0,-1,1,141,1.0,2.0,141,0.7914400100708008,0,0.0,0,0.0,0,9.551862716674805,2,7
SH,Mamba,73,2050,271,271,27.1,0.193991020321846,0.254088819026947,3.377699851989746,4.113806247711182,0.3175630569458008,0,-1,1,271,1.0,2.0,271,0.6658368110656738,0,0.0,0,0.0,0,10.606261253356934,1,6
SH,Mamba,73,2051,365,365,36.5,0.33020493388175964,0.4098342955112457,3.301356554031372,3.895310878753662,0.32002967596054077,0,-1,1,365,1.0,2.0,365,0.36359280347824097,0,0.0,0,0.0,0,0.9893447756767273,1,6
SH,Mamba,73,2052,296,296,29.6,0.19513702392578125,0.24266475439071655,3.3213071823120117,4.172766208648682,0.4191894829273224,0,-1,1,296,1.0,2.0,296,0.6548366546630859,0,0.0,0,0.0,0,11.871915817260742,2,7
SH,Mamba,73,2053,149,149,14.9,0.2085617631673813,0.25932860374450684,5.2262468338012695,6.227370738983154,0.6767159104347229,0,-1,0,0,0.0,2.0,149,2.0969412326812744,0,0.0,0,0.0,0,46.878456115722656,1,6
SH,Mamba,73,2054,133,133,13.3,0.16114991903305054,0.19069074094295502,0.5440596342086792,0.6357168555259705,0.19411279261112213,0,-1,1,32,0.24060150375939848,2.0,133,1.852663278579712,0,0.0,0,0.0,0,17.699275970458984,2,7
SH,Mamba,73,2055,192,192,19.200000000000003,0.18817293643951416,0.2651692032814026,1.1353744268417358,1.2501764297485352,0.16277769207954407,1,192,1,111,0.578125,2.0,192,0.0,0,0.0,0,0.0,0,0.0,1,6
SH,Mamba,73,2056,856,856,85.60000000000001,0.17897330224514008,0.2317786067724228,5.318902492523193,7.200942039489746,0.6766546368598938,0,-1,1,780,0.9112149532710281,2.0,856,0.6689895391464233,0,0.0,0,0.0,0,14.037192344665527,2,7
SH,Mamba,73,2057,319,319,31.900000000000002,0.7013324499130249,0.9240016937255859,6.745299339294434,7.496318817138672,2.312840700149536,1,108,1,108,0.3385579937304075,2.0,108,0.0,0,0.0,0,0.0,0,0.0,1,6
SH,Mamba,73,2058,150,150,15.0,0.2656106948852539,0.3340561091899872,4.762054920196533,5.6636505126953125,0.5128014087677002,0,-1,1,150,1.0,2.0,150,1.547326683998108,0,0.0,0,0.0,0,10.725577354431152,0,5
SH,Mamba,73,2059,191,191,19.1,0.2733443081378937,0.350717693567276,1.3055520057678223,1.5639913082122803,0.37850165367126465,0,-1,1,142,0.743455497382199,2.0,191,1.5619573593139648,0,0.0,0,0.0,0,8.85213565826416,2,7
SH,Mamba,73,2060,222,222,22.200000000000003,0.28949421644210815,0.38942691683769226,3.5407750606536865,4.3830976486206055,0.6361444592475891,0,-1,1,219,0.9864864864864865,2.0,222,0.8205414414405823,0,0.0,0,0.0,0,10.61142635345459,0,5
SH,Mamba,73,2061,477,477,47.7,0.2940576374530792,0.39004895091056824,4.718339443206787,4.9959025382995605,0.4077695906162262,1,437,1,437,0.9161425576519916,2.0,437,0.0,0,0.0,0,0.0,0,0.0,1,6
SH,Mamba,73,2062,174,174,17.400000000000002,0.10593902319669724,0.13348834216594696,2.0194590091705322,2.9128143787384033,0.36688733100891113,0,-1,0,0,0.0,2.0,174,2.3185746669769287,0,0.0,0,0.0,0,45.81236267089844,0,5
SH,Mamba,73,2063,209,209,20.900000000000002,0.22252774238586426,0.27028316259384155,4.765243053436279,5.238940238952637,0.4718917906284332,0,-1,1,209,1.0,2.0,209,1.1296050548553467,0,0.0,0,0.0,0,16.87417221069336,0,5
SH,Mamba,73,2064,933,933,93.30000000000001,0.23846697807312012,0.29494011402130127,5.248230934143066,6.08486795425415,0.39777520298957825,0,-1,1,928,0.9946409431939979,2.0,933,0.18443143367767334,0,0.0,0,0.0,0,0.7632625699043274,0,5
SH,Mamba,73,2065,153,153,15.3,0.21282774209976196,0.2594211995601654,1.7371906042099,2.087178945541382,0.3813498914241791,0,-1,0,0,0.0,2.0,153,3.1925723552703857,0,0.0,0,0.0,0,5.830050945281982,1,6
SH,Mamba,73,2066,138,138,13.8,0.2821505665779114,0.36460819840431213,5.647517204284668,7.672933101654053,1.0792080163955688,0,-1,1,132,0.9565217391304348,2.0,138,1.4244518280029297,0,0.0,0,0.0,0,7.754945755004883,1,6
SH,Mamba,73,2067,151,151,15.100000000000001,0.3036089241504669,0.4540330469608307,3.256035089492798,4.690618515014648,0.7585760354995728,0,-1,1,90,0.5960264900662252,2.0,151,1.494728684425354,0,0.0,0,0.0,0,4.679106712341309,2,7
SH,Mamba,73,2068,133,133,13.3,0.38748040795326233,0.46792399883270264,2.712982654571533,3.538784980773926,0.6103838086128235,0,-1,1,101,0.7593984962406015,2.0,133,1.365891695022583,0,0.0,0,0.0,0,3.835803508758545,0,5
SH,Mamba,73,2069,179,179,17.900000000000002,0.20419049263000488,0.24815243482589722,3.2913570404052734,4.58704137802124,0.603930652141571,0,-1,1,179,1.0,2.0,179,1.041948676109314,0,0.0,0,0.0,0,24.37122344970703,1,6
SH,Mamba,73,2070,157,157,15.700000000000001,0.27739670872688293,0.3684375286102295,1.1882598400115967,1.434888243675232,0.4657585024833679,0,-1,1,133,0.8471337579617835,2.0,157,0.45477941632270813,0,0.0,0,0.0,0,9.66513442993164,1,6
SH,Mamba,73,2071,338,338,33.800000000000004,0.12306176126003265,0.15597599744796753,5.538095474243164,8.515506744384766,0.688736081123352,0,-1,1,4,0.011834319526627219,2.0,338,1.9540210962295532,0,0.0,0,0.0,0,40.62736892700195,1,6
SH,Mamba,73,2072,496,496,49.6,0.29061490297317505,0.357530802488327,3.5529909133911133,5.317153453826904,0.7124375104904175,0,-1,1,496,1.0,2.0,496,0.22804273664951324,0,0.0,0,0.0,0,0.6636956334114075,1,6
SH,Mamba,73,2073,297,297,29.700000000000003,0.26696303486824036,0.33875611424446106,2.8728644847869873,3.2695746421813965,0.47641709446907043,0,-1,1,297,1.0,2.0,297,1.2753814458847046,0,0.0,0,0.0,0,11.179778099060059,0,5
SH,Mamba,73,2074,482,482,48.2,0.4608374834060669,0.5932247638702393,5.964954853057861,7.219387054443359,2.913663387298584,1,154,1,154,0.31950207468879666,2.0,154,0.0,0,0.0,0,0.0,0,0.0,1,6
SH,Mamba,73,2075,472,472,47.2,0.18279458582401276,0.23017774522304535,6.32960319519043,9.335714340209961,0.4897720515727997,0,-1,1,472,1.0,2.0,472,0.8990685343742371,0,0.0,0,0.0,0,26.113079071044922,1,6
SH,Mamba,73,2076,199,199,19.900000000000002,0.07736847549676895,0.09540537744760513,3.815669536590576,5.09307336807251,0.5289384722709656,0,-1,1,12,0.06030150753768844,2.0,199,1.886126160621643,0,0.0,0,0.0,0,45.449798583984375,0,5
SH,Mamba,73,2077,432,432,43.2,0.2238430231809616,0.2805415093898773,6.342166423797607,8.61765193939209,0.772371768951416,0,-1,1,313,0.7245370370370371,2.0,432,1.4548357725143433,0,0.0,0,0.0,0,9.123285293579102,0,5
SH,Mamba,73,2078,233,233,23.3,0.26502570509910583,0.32921597361564636,3.161374807357788,3.5935893058776855,0.6089134812355042,0,-1,1,154,0.6609442060085837,2.0,233,1.8110870122909546,0,0.0,0,0.0,0,10.407159805297852,1,6
SH,Mamba,73,2079,183,183,18.3,0.3929658532142639,0.45882612466812134,7.090422630310059,8.5307035446167,0.9347921013832092,0,-1,1,149,0.8142076502732241,2.0,183,1.3195351362228394,0,0.0,0,0.0,0,5.53682804107666,1,6
SH,Mamba,73,2080,387,387,38.7,0.22509007155895233,0.28157851099967957,2.655524253845215,3.1677770614624023,0.43976253271102905,0,-1,1,266,0.6873385012919897,2.0,387,1.018417477607727,0,0.0,0,0.0,0,4.010243892669678,2,7
SH,Mamba,73,2081,189,189,18.900000000000002,0.18023009598255157,0.2506512701511383,3.4350638389587402,4.3153767585754395,0.4028427004814148,0,-1,1,41,0.21693121693121692,2.0,189,1.7185006141662598,0,0.0,0,0.0,0,30.72965431213379,1,6
SH,Mamba,73,2082,151,151,15.100000000000001,0.32043778896331787,0.39180436730384827,12.63235092163086,14.801580429077148,1.438339114189148,0,-1,1,151,1.0,2.0,151,1.242018699645996,0,0.0,0,0.0,0,8.580796241760254,0,5
SH,Mamba,73,2083,303,303,30.3,0.42371511459350586,0.5598123669624329,1.3691542148590088,1.5523271560668945,0.6532185077667236,1,291,1,205,0.6765676567656765,2.0,291,0.0,0,0.0,0,0.0,0,0.0,2,7
SH,Mamba,73,2084,147,147,14.700000000000001,0.311281681060791,0.3648923933506012,8.711146354675293,11.71037769317627,1.523584008216858,0,-1,0,0,0.0,2.0,147,2.3574318885803223,0,0.0,0,0.0,0,27.733028411865234,0,5
SH,Mamba,73,2085,1406,1406,140.6,0.43528181314468384,0.623683512210846,5.479357719421387,6.025254726409912,3.2563681602478027,1,384,1,384,0.27311522048364156,2.0,384,0.0,0,0.0,0,0.0,0,0.0,0,5
SH,Mamba,73,2086,144,144,14.4,0.20006883144378662,0.26973313093185425,1.3112512826919556,1.3740909099578857,0.1551443338394165,0,-1,0,0,0.0,2.0,144,2.46445894241333,0,0.0,0,0.0,0,2.8588707447052,1,6
SH,Mamba,73,2087,145,145,14.5,0.2764401435852051,0.32787683606147766,4.875906467437744,5.860990047454834,0.7044066786766052,0,-1,0,0,0.0,2.0,145,2.0166120529174805,0,0.0,0,0.0,0,23.25224494934082,2,7
SH,Mamba,73,2088,516,516,51.6,0.21218053996562958,0.2543722987174988,4.036915302276611,5.00848388671875,0.44349589943885803,0,-1,1,516,1.0,2.0,516,1.1100395917892456,0,0.0,0,0.0,0,16.172700881958008,0,5
SH,Mamba,73,2089,137,137,13.700000000000001,0.14595261216163635,0.20464524626731873,0.8624998331069946,1.2638332843780518,0.4221439063549042,0,-1,0,0,0.0,2.0,137,2.2037551403045654,0,0.0,0,0.0,0,54.04090881347656,2,7
SH,Mamba,73,2090,258,258,25.8,0.28021901845932007,0.3785513937473297,0.9104050993919373,1.220179557800293,0.37245041131973267,0,-1,1,214,0.8294573643410853,2.0,258,1.1119682788848877,0,0.0,0,0.0,0,4.881803035736084,0,5
SH,Mamba,73,2091,218,218,21.8,0.27921658754348755,0.3492073714733124,5.58927059173584,6.299776554107666,0.7913975119590759,0,-1,0,0,0.0,2.0,218,2.738581895828247,0,0.0,0,0.0,0,13.69638442993164,1,6
SH,Mamba,73,2092,221,221,22.1,0.24862517416477203,0.30657103657722473,1.13953697681427,2.05735182762146,0.5479694604873657,0,-1,1,221,1.0,2.0,221,0.5485848784446716,0,0.0,0,0.0,0,9.707446098327637,1,6
SH,Mamba,73,2093,228,228,22.8,0.2972756326198578,0.4230816960334778,3.11901593208313,3.5225160121917725,0.8359799385070801,1,153,1,153,0.6710526315789473,2.0,153,0.0,0,0.0,0,0.0,0,0.0,2,7
SH,Mamba,73,2094,181,181,18.1,0.34424054622650146,0.42457184195518494,2.9219093322753906,3.258058547973633,0.6926484704017639,0,-1,1,181,1.0,2.0,181,1.2089226245880127,0,0.0,0,0.0,0,9.858819007873535,2,7
SH,Mamba,73,2095,159,159,15.9,0.22275394201278687,0.2741382420063019,3.37351131439209,4.618410110473633,0.6162362098693848,0,-1,0,0,0.0,2.0,159,2.8831560611724854,0,0.0,0,0.0,0,56.3665771484375,1,6
SH,Mamba,73,2096,775,775,77.5,0.3725459575653076,0.5400259494781494,5.918315410614014,6.682714939117432,2.7758681774139404,1,378,1,378,0.48774193548387096,2.0,378,0.0,0,0.0,0,0.0,0,0.0,0,5
SH,Mamba,73,2097,921,921,92.10000000000001,0.21598447859287262,0.2775220572948456,3.557594060897827,4.424612998962402,0.3000388443470001,0,-1,1,921,1.0,2.0,921,0.24037978053092957,0,0.0,0,0.0,0,1.286519169807434,0,5
SH,Mamba,73,2098,155,155,15.5,0.3137603998184204,0.4222223162651062,3.1663219928741455,3.828382968902588,0.46621668338775635,0,-1,0,0,0.0,2.0,155,2.5324649810791016,0,0.0,0,0.0,0,10.036227226257324,1,6
SH,Mamba,73,2099,292,292,29.200000000000003,0.3112340271472931,0.4276812970638275,3.437161922454834,4.718532085418701,0.5520626306533813,0,-1,1,29,0.09931506849315068,2.0,292,1.9296603202819824,0,0.0,0,0.0,0,5.075376510620117,0,5
SH,Mamba,73,2100,201,201,20.1,1.0090363025665283,1.2720216512680054,12.844629287719727,14.91055965423584,2.626833200454712,0,-1,1,79,0.39303482587064675,2.0,201,1.257898211479187,0,0.0,0,0.0,0,2.7061636447906494,2,7
SH,Mamba,73,2101,132,132,13.200000000000001,0.210056334733963,0.2653040885925293,2.3998091220855713,2.6104214191436768,0.26358044147491455,0,-1,1,132,1.0,2.0,132,1.2853482961654663,0,0.0,0,0.0,0,9.882891654968262,0,5
SH,Mamba,73,2102,1109,1109,110.9,0.25755253434181213,0.3501625955104828,4.205520153045654,4.900298595428467,1.7772464752197266,1,448,1,436,0.3931469792605951,2.0,448,0.0,0,0.0,0,0.0,0,0.0,0,5
SH,Mamba,73,2103,132,132,13.200000000000001,0.13668644428253174,0.16361777484416962,3.633662462234497,4.903618335723877,0.7879257202148438,0,-1,0,0,0.0,2.0,132,2.286006450653076,0,0.0,0,0.0,0,41.4262809753418,1,6
SH,Mamba,73,2104,1122,1122,112.2,0.28609728813171387,0.38251426815986633,3.691854476928711,4.3425703048706055,2.56317138671875,1,392,1,298,0.26559714795008915,2.0,392,0.0,0,0.0,0,0.0,0,0.0,0,5
SH,Mamba,73,2105,150,150,15.0,0.39301472902297974,0.41505175828933716,16.5527286529541,22.046615600585938,3.1872003078460693,0,-1,0,0,0.0,2.0,150,6.720399856567383,0,0.0,0,0.0,0,134.64181518554688,1,6
SH,Mamba,73,2106,185,185,18.5,0.17975519597530365,0.23078545928001404,2.2589809894561768,4.099607944488525,0.7451457381248474,0,-1,0,0,0.0,2.0,185,4.211327075958252,0,0.0,0,0.0,0,86.07102966308594,0,5
SH,Mamba,73,2107,297,297,29.700000000000003,0.3246381878852844,0.4189211130142212,1.6864382028579712,2.0829787254333496,0.670890748500824,0,-1,1,205,0.6902356902356902,2.0,297,1.1623003482818604,0,0.0,0,0.0,0,29.03913116455078,1,6
SH,Mamba,73,2108,233,233,23.3,0.17998617887496948,0.20365488529205322,9.298516273498535,11.683816909790039,1.074379801750183,0,-1,0,0,0.0,2.0,233,2.1935110092163086,0,0.0,0,0.0,0,42.84995651245117,2,7
SH,Mamba,73,2109,143,143,14.3,0.4232845604419708,0.5173107385635376,1.5565379858016968,2.1229798793792725,0.7538217902183533,0,-1,1,85,0.5944055944055944,2.0,143,1.15464186668396,0,0.0,0,0.0,0,11.509980201721191,0,5
SH,Mamba,73,2110,182,182,18.2,0.1088728979229927,0.14684844017028809,0.9654149413108826,1.1320374011993408,0.30143484473228455,0,-1,1,182,1.0,2.0,182,1.1415729522705078,0,0.0,0,0.0,0,21.603004455566406,2,7
SH,Mamba,73,2111,136,136,13.600000000000001,0.319391131401062,0.39876797795295715,2.6702075004577637,3.543071746826172,0.6801387667655945,0,-1,0,0,0.0,2.0,136,2.0715622901916504,0,0.0,0,0.0,0,18.34494400024414,0,5
SH,Mamba,73,2112,163,163,16.3,0.21367107331752777,0.27889519929885864,3.0154330730438232,3.41050124168396,0.4121949374675751,0,-1,1,111,0.6809815950920245,2.0,163,0.5181524753570557,0,0.0,0,0.0,0,0.6247050762176514,1,6
SH,Mamba,73,2113,156,156,15.600000000000001,0.24462273716926575,0.3056502044200897,1.1519044637680054,1.3635016679763794,0.447344034910202,0,-1,1,156,1.0,2.0,156,1.0381648540496826,0,0.0,0,0.0,0,11.754043579101562,2,7
SH,Mamba,73,2114,291,291,29.1,0.2961745262145996,0.36922234296798706,4.0373945236206055,5.158459186553955,0.8961785435676575,0,-1,1,291,1.0,2.0,291,0.3740738332271576,0,0.0,0,0.0,0,1.441313624382019,0,5
SH,Mamba,73,2115,409,409,40.900000000000006,0.18014195561408997,0.2857951819896698,1.6684629917144775,2.045057535171509,0.1583995372056961,1,404,1,300,0.7334963325183375,2.0,404,0.0,0,0.0,0,0.0,0,0.0,1,6
SH,Mamba,73,2116,958,958,95.80000000000001,0.33383283019065857,0.4293833076953888,5.201905250549316,6.032003402709961,1.341296911239624,1,764,1,764,0.7974947807933194,2.0,764,0.0,0,0.0,0,0.0,0,0.0,2,7
SH,Mamba,73,2117,246,246,24.6,0.49903127551078796,0.9351276159286499,5.87800407409668,9.132569313049316,1.3250205516815186,0,-1,1,140,0.5691056910569106,2.0,246,1.4687492847442627,0,0.0,0,0.0,0,14.582155227661133,2,7
SH,Mamba,73,2118,265,265,26.5,0.2754155099391937,0.33918526768684387,3.5123913288116455,4.604034423828125,0.5320907831192017,0,-1,1,265,1.0,2.0,265,0.27234989404678345,0,0.0,0,0.0,0,4.391470909118652,0,5
SH,Mamba,73,2119,232,232,23.200000000000003,0.5121341943740845,0.6334245800971985,2.008131265640259,2.552015781402588,0.570682168006897,0,-1,1,232,1.0,2.0,232,0.9414623379707336,0,0.0,0,0.0,0,6.172765254974365,0,5
SH,Mamba,73,2120,381,381,38.1,0.2702389657497406,0.3877682685852051,2.068204402923584,2.391603946685791,0.2659243643283844,1,369,1,369,0.968503937007874,2.0,369,0.0,0,0.0,0,0.0,0,0.0,0,5
SH,Mamba,73,2121,262,262,26.200000000000003,0.2182062864303589,0.2824762463569641,1.7013459205627441,2.172461748123169,0.30465269088745117,1,230,1,141,0.5381679389312977,2.0,230,0.0,0,0.0,0,0.0,0,0.0,1,6
SH,Mamba,73,2122,198,198,19.8,0.2615385055541992,0.36101290583610535,0.7092404365539551,0.9525136351585388,0.4118853509426117,0,-1,1,178,0.898989898989899,2.0,198,1.015625238418579,0,0.0,0,0.0,0,3.61563777923584,2,7
SH,Mamba,73,2123,137,137,13.700000000000001,0.36195406317710876,0.4545031785964966,1.3144947290420532,1.7811435461044312,0.6540024876594543,1,121,1,121,0.8832116788321168,2.0,121,0.0,0,0.0,0,0.0,0,0.0,0,5
SH,Mamba,73,2124,343,343,34.300000000000004,0.25393757224082947,0.31874799728393555,1.4773236513137817,1.8516960144042969,0.5336974859237671,1,282,1,282,0.8221574344023324,2.0,282,0.0,0,0.0,0,0.0,0,0.0,0,5
SH,Mamba,73,2125,440,440,44.0,0.17309315502643585,0.22717846930027008,6.034750461578369,7.3624467849731445,0.45686107873916626,0,-1,1,439,0.9977272727272727,2.0,440,0.750169575214386,0,0.0,0,0.0,0,11.46107006072998,0,5
SH,Mamba,73,2126,182,182,18.2,0.2316538244485855,0.28007417917251587,1.695580005645752,1.9391103982925415,0.2541339695453644,0,-1,1,182,1.0,2.0,182,0.894919216632843,0,0.0,0,0.0,0,5.003501892089844,0,5
SH,Mamba,73,2127,146,146,14.600000000000001,0.34252047538757324,0.4218306243419647,4.1741485595703125,5.739479064941406,1.080984354019165,0,-1,1,92,0.6301369863013698,2.0,146,1.7422336339950562,0,0.0,0,0.0,0,17.16436767578125,2,7
SH,Mamba,73,2128,190,190,19.0,0.342311292886734,0.41176319122314453,1.839576005935669,2.407153367996216,0.4557593762874603,0,-1,1,148,0.7789473684210526,2.0,190,0.02311851643025875,0,0.0,0,0.0,0,0.017850041389465332,0,5
SH,Mamba,73,2129,196,196,19.6,0.22837065160274506,0.2805896997451782,5.855651378631592,6.517975330352783,0.4287716746330261,0,-1,1,196,1.0,2.0,196,0.9556732773780823,0,0.0,0,0.0,0,12.986749649047852,2,7
SH,Mamba,73,2130,275,275,27.5,0.3937148153781891,0.4739353060722351,2.212249517440796,2.741971254348755,0.6033915281295776,0,-1,1,275,1.0,2.0,275,0.5895429253578186,0,0.0,0,0.0,0,4.51263952255249,1,6
SH,Mamba,73,2131,311,311,31.1,0.31969770789146423,0.45581957697868347,5.043457984924316,5.823629379272461,0.6623486876487732,1,286,1,286,0.9196141479099679,2.0,286,0.0,0,0.0,0,0.0,0,0.0,1,6
SH,Mamba,73,2132,188,188,18.8,0.20595943927764893,0.25508615374565125,2.1813347339630127,2.651203155517578,0.4341679513454437,0,-1,1,188,1.0,2.0,188,1.082276701927185,0,0.0,0,0.0,0,26.503555297851562,0,5
SH,Mamba,73,2133,192,192,19.200000000000003,0.28206634521484375,0.350405216217041,0.8221878409385681,1.5166515111923218,0.3903329372406006,0,-1,1,102,0.53125,2.0,192,1.7280550003051758,0,0.0,0,0.0,0,8.784905433654785,2,7
SH,Mamba,73,2134,166,166,16.6,0.6836936473846436,0.8347976803779602,19.703828811645508,28.93874740600586,4.501907825469971,0,-1,0,0,0.0,2.0,166,2.1255640983581543,0,0.0,0,0.0,0,8.473939895629883,0,5
SH,Mamba,73,2135,180,180,18.0,0.1441469043493271,0.1904006004333496,8.748266220092773,10.685803413391113,1.057866096496582,0,-1,1,180,1.0,2.0,180,0.9453761577606201,0,0.0,0,0.0,0,19.35300064086914,0,5
SH,Mamba,73,2136,622,622,62.2,0.3539029657840729,0.5161683559417725,7.716189861297607,8.517707824707031,0.7274255752563477,0,-1,1,622,1.0,2.0,622,0.570467472076416,0,0.0,0,0.0,0,5.587636470794678,2,7
SH,Mamba,73,2137,317,317,31.700000000000003,0.5172268152236938,0.585654079914093,64.41451263427734,77.98985290527344,4.154870510101318,0,-1,0,0,0.0,2.0,204,13.701321601867676,113,0.35646687697160884,0,0.0,0,45.81433868408203,2,7
SH,Mamba,73,2138,178,178,17.8,0.15608680248260498,0.22528952360153198,3.011399745941162,4.211612224578857,0.5775474905967712,0,-1,1,178,1.0,2.0,178,0.59518963098526,0,0.0,0,0.0,0,12.413590431213379,0,5
SH,Mamba,73,2139,408,408,40.800000000000004,0.24212311208248138,0.28712260723114014,5.653408050537109,6.191799163818359,0.36956140398979187,0,-1,1,405,0.9926470588235294,2.0,408,1.2252799272537231,0,0.0,0,0.0,0,5.988692760467529,2,7
SH,Mamba,73,2140,200,200,20.0,0.24676597118377686,0.3012681305408478,1.2437074184417725,1.4771956205368042,0.317263126373291,0,-1,1,200,1.0,2.0,200,1.1022478342056274,0,0.0,0,0.0,0,5.667669296264648,2,7
SH,Mamba,73,2141,345,345,34.5,0.27194201946258545,0.3751063644886017,5.655135631561279,6.831226825714111,0.6089646220207214,1,313,1,313,0.9072463768115943,2.0,313,0.0,0,0.0,0,0.0,0,0.0,2,7
SH,Mamba,73,2142,131,131,13.100000000000001,0.17330358922481537,0.22930364310741425,2.740675687789917,3.965513229370117,0.6801791787147522,0,-1,0,0,0.0,2.0,131,5.376683235168457,0,0.0,0,0.0,0,64.49382781982422,0,5
SH,Mamba,73,2143,217,217,21.700000000000003,0.190062016248703,0.2104392945766449,3.112079381942749,3.855109214782715,0.6882271766662598,0,-1,1,103,0.47465437788018433,2.0,217,1.249235987663269,0,0.0,0,0.0,0,36.381771087646484,0,5
SH,Mamba,73,2144,145,145,14.5,0.24471117556095123,0.2844880223274231,11.441706657409668,14.726253509521484,1.9838709831237793,0,-1,1,145,1.0,2.0,145,1.607082486152649,0,0.0,0,0.0,0,18.705581665039062,0,5
SH,Mamba,73,2145,316,316,31.6,0.352571040391922,0.4551115036010742,12.294731140136719,14.246272087097168,1.1305036544799805,0,-1,1,316,1.0,2.0,316,0.25326815247535706,0,0.0,0,0.0,0,5.046348571777344,0,5
SH,Mamba,73,2146,192,192,19.200000000000003,0.11607668548822403,0.14476922154426575,3.5494384765625,5.106076240539551,0.6503302454948425,0,-1,0,0,0.0,2.0,192,2.909996509552002,0,0.0,0,0.0,0,49.00532913208008,0,5
SH,Mamba,73,2147,369,369,36.9,0.24283699691295624,0.31728315353393555,2.0919601917266846,2.482412099838257,0.26971399784088135,1,359,1,137,0.3712737127371274,2.0,359,0.0,0,0.0,0,0.0,0,0.0,0,5
SH,Mamba,73,2148,203,203,20.3,0.20437666773796082,0.25743570923805237,0.6357917189598083,0.8240334391593933,0.1781335026025772,1,190,1,144,0.7093596059113301,2.0,190,0.0,0,0.0,0,0.0,0,0.0,2,7
SH,Mamba,73,2149,310,310,31.0,0.2906838059425354,0.36864814162254333,0.6533355712890625,0.7870122790336609,0.31484952569007874,0,-1,1,92,0.2967741935483871,2.0,310,1.4160553216934204,0,0.0,0,0.0,0,3.4200234413146973,0,5
SH,Mamba,73,2150,243,243,24.3,0.2643667757511139,0.35850974917411804,3.8974039554595947,4.579148292541504,0.921285092830658,0,-1,0,0,0.0,2.0,243,2.1074886322021484,0,0.0,0,0.0,0,6.890326976776123,0,5
SH,Mamba,73,2151,529,529,52.900000000000006,0.2283252775669098,0.2862023115158081,17.960878372192383,19.450191497802734,0.7154173254966736,0,-1,1,529,1.0,2.0,529,0.5741931796073914,0,0.0,0,0.0,0,7.746957302093506,2,7
SH,Mamba,73,2152,599,599,59.900000000000006,0.30722764134407043,0.4311741888523102,1.7554885149002075,2.2145650386810303,0.4399169087409973,0,-1,1,599,1.0,2.0,599,0.577957034111023,0,0.0,0,0.0,0,3.528078556060791,1,6
SH,Mamba,73,2153,640,640,64.0,0.4508315920829773,0.6496857404708862,3.216926097869873,4.3942484855651855,1.8561725616455078,1,324,1,258,0.403125,2.0,324,0.0,0,0.0,0,0.0,0,0.0,1,6
SH,Mamba,73,2154,159,159,15.9,0.15279623866081238,0.21342426538467407,4.873865127563477,5.853033542633057,0.6441861987113953,0,-1,1,159,1.0,2.0,159,0.9957325458526611,0,0.0,0,0.0,0,31.367916107177734,2,7
SH,Mamba,73,2155,225,225,22.5,0.3692973852157593,0.46474379301071167,5.615353107452393,6.326789855957031,0.7671351432800293,0,-1,1,225,1.0,2.0,225,1.0229190587997437,0,0.0,0,0.0,0,9.837940216064453,0,5
SH,Mamba,73,2156,856,856,85.60000000000001,0.39342257380485535,0.5063005089759827,4.66759729385376,5.18372917175293,0.6422224044799805,1,825,1,369,0.4310747663551402,2.0,825,0.0,0,0.0,0,0.0,0,0.0,0,5
SH,Mamba,73,2157,210,210,21.0,0.40914469957351685,0.5591896772384644,5.574758052825928,6.485527992248535,0.7233090400695801,0,-1,1,60,0.2857142857142857,2.0,210,1.2231404781341553,0,0.0,0,0.0,0,2.6272330284118652,0,5
SH,Mamba,73,2158,221,221,22.1,0.43784767389297485,0.5906346440315247,1.3726954460144043,2.2100889682769775,0.7154108881950378,0,-1,1,141,0.6380090497737556,2.0,221,1.6600923538208008,0,0.0,0,0.0,0,5.9069623947143555,2,7
SH,Mamba,73,2159,452,452,45.2,0.4730566143989563,0.5960354208946228,6.689722061157227,8.071459770202637,0.7983956336975098,1,430,1,430,0.9513274336283186,2.0,430,0.0,0,0.0,0,0.0,0,0.0,0,5
SH,Mamba,73,2160,341,341,34.1,0.24436062574386597,0.29960858821868896,11.546979904174805,13.480085372924805,0.5701515674591064,0,-1,1,341,1.0,2.0,341,0.07507287710905075,0,0.0,0,0.0,0,0.8154409527778625,1,6
SH,Mamba,73,2161,248,248,24.8,0.3785250186920166,0.44663336873054504,0.8602698445320129,0.9485661387443542,0.312094509601593,0,-1,1,226,0.9112903225806451,2.0,248,0.3628562390804291,0,0.0,0,0.0,0,0.4963482916355133,0,5
SH,Mamba,73,2162,134,134,13.4,0.33241474628448486,0.46542418003082275,3.23992657661438,3.9181785583496094,0.6456470489501953,0,-1,0,0,0.0,2.0,134,2.7686026096343994,0,0.0,0,0.0,0,15.271642684936523,2,7
SH,Mamba,73,2163,166,166,16.6,0.17305845022201538,0.21369577944278717,1.6862456798553467,2.1380040645599365,0.2835499048233032,0,-1,1,14,0.08433734939759036,2.0,166,1.941545009613037,0,0.0,0,0.0,0,13.765168190002441,1,6
SH,Mamba,73,2164,171,171,17.1,0.1222400963306427,0.15103685855865479,1.4362777471542358,2.087705612182617,0.3304370641708374,0,-1,0,0,0.0,2.0,171,3.1085000038146973,0,0.0,0,0.0,0,59.39643096923828,2,7
SH,Mamba,73,2165,479,479,47.900000000000006,0.20461751520633698,0.2734546661376953,3.0901458263397217,4.275827407836914,0.3764866590499878,0,-1,1,479,1.0,2.0,479,0.5612995028495789,0,0.0,0,0.0,0,12.647674560546875,0,5
SH,Mamba,73,2166,158,158,15.8,0.21219965815544128,0.3180900812149048,0.4931108355522156,0.6666411757469177,0.16238781809806824,0,-1,1,17,0.10759493670886076,2.0,158,1.907829999923706,0,0.0,0,0.0,0,2.2255640029907227,2,7
SH,Mamba,73,2167,150,150,15.0,0.3346318304538727,0.3979128301143646,3.1286067962646484,3.571092367172241,0.5114259123802185,0,-1,1,52,0.3466666666666667,2.0,150,1.8592939376831055,0,0.0,0,0.0,0,12.467700004577637,2,7
SH,Mamba,73,2168,350,350,35.0,0.3703180253505707,0.46515315771102905,2.7045726776123047,3.34049916267395,0.5746912360191345,1,335,1,302,0.8628571428571429,2.0,335,0.0,0,0.0,0,0.0,0,0.0,2,7
SH,Mamba,73,2169,145,145,14.5,0.19021075963974,0.22350290417671204,1.3922770023345947,1.6754599809646606,0.27899301052093506,0,-1,0,0,0.0,2.0,145,4.087190628051758,0,0.0,0,0.0,0,54.50893783569336,1,6
SH,Mamba,73,2170,981,981,98.10000000000001,0.2696685194969177,0.3666742444038391,3.6609015464782715,4.2111496925354,0.4204351603984833,0,-1,1,981,1.0,2.0,981,0.49715349078178406,0,0.0,0,0.0,0,2.9137392044067383,2,7
SH,Mamba,73,2171,766,766,76.60000000000001,0.2385026216506958,0.3158749043941498,5.734734535217285,8.523775100708008,0.5923187732696533,0,-1,1,764,0.9973890339425587,2.0,766,1.031143307685852,0,0.0,0,0.0,0,11.63482666015625,1,6
SH,Mamba,73,2172,342,342,34.2,0.25742512941360474,0.31323522329330444,4.911356449127197,5.813615798950195,0.4577971398830414,0,-1,1,342,1.0,2.0,342,0.14468100666999817,0,0.0,0,0.0,0,1.473061442375183,2,7
SH,Mamba,73,2173,155,155,15.5,0.30413275957107544,0.35540536046028137,3.2994208335876465,4.776582717895508,0.8080389499664307,0,-1,1,113,0.7290322580645161,2.0,155,1.4354522228240967,0,0.0,0,0.0,0,4.6143364906311035,2,7
SH,Mamba,73,2174,624,624,62.400000000000006,0.28338590264320374,0.3604736030101776,1.055185079574585,1.2741111516952515,0.3570825755596161,0,-1,1,624,1.0,2.0,624,0.2771998643875122,0,0.0,0,0.0,0,0.8662338852882385,1,6
SH,Mamba,73,2175,132,132,13.200000000000001,0.5393048524856567,0.7700943946838379,3.210810899734497,4.4296956062316895,1.3806796073913574,0,-1,0,0,0.0,2.0,132,3.1034514904022217,0,0.0,0,0.0,0,34.01364517211914,2,7
SH,Mamba,73,2176,289,289,28.900000000000002,0.1802859604358673,0.23005041480064392,4.089809417724609,4.941987991333008,0.5491987466812134,0,-1,1,283,0.9792387543252595,2.0,289,0.7991071343421936,0,0.0,0,0.0,0,17.845970153808594,1,6
SH,Mamba,73,2177,168,168,16.8,0.16392934322357178,0.21441738307476044,0.4580388367176056,0.5520278811454773,0.20055201649665833,0,-1,1,168,1.0,2.0,168,1.1712472438812256,0,0.0,0,0.0,0,4.3146867752075195,2,7
SH,Mamba,73,2178,325,325,32.5,0.12298548966646194,0.14577212929725647,13.461374282836914,16.930912017822266,0.9847154021263123,0,-1,1,61,0.18769230769230769,2.0,325,1.7999048233032227,0,0.0,0,0.0,0,37.706363677978516,0,5
SH,Mamba,73,2179,135,135,13.5,0.30684733390808105,0.3822328448295593,1.8221384286880493,2.1450374126434326,0.43333736062049866,0,-1,1,122,0.9037037037037037,2.0,135,1.4448349475860596,0,0.0,0,0.0,0,7.194173336029053,1,6
SH,Mamba,73,2180,196,196,19.6,0.30788928270339966,0.36922487616539,3.760688543319702,4.273339748382568,0.467312753200531,0,-1,1,196,1.0,2.0,196,1.3211009502410889,0,0.0,0,0.0,0,13.165421485900879,0,5
SH,Mamba,73,2181,320,320,32.0,0.28853529691696167,0.368936687707901,10.571496963500977,12.389435768127441,0.7939435243606567,0,-1,1,320,1.0,2.0,320,0.9147118330001831,0,0.0,0,0.0,0,15.770099639892578,0,5
SH,Mamba,73,2182,408,408,40.800000000000004,0.38665488362312317,0.5286445021629333,1.3817099332809448,1.7765518426895142,0.6392483711242676,0,-1,1,408,1.0,2.0,408,0.878672182559967,0,0.0,0,0.0,0,3.5193934440612793,0,5
SH,Mamba,73,2183,387,387,38.7,0.2620431184768677,0.35288938879966736,3.4723713397979736,4.05420446395874,0.4598996937274933,0,-1,1,387,1.0,2.0,387,0.4248136579990387,0,0.0,0,0.0,0,1.332984447479248,0,5
SH,Mamba,73,2184,156,156,15.600000000000001,0.2288261502981186,0.3191276490688324,1.8159862756729126,2.280776262283325,0.40735960006713867,0,-1,1,156,1.0,2.0,156,0.9142194390296936,0,0.0,0,0.0,0,15.59033489227295,0,5
SH,Mamba,73,2185,204,204,20.400000000000002,0.47079646587371826,0.6479762196540833,2.0894744396209717,2.348898410797119,0.5282778143882751,1,195,1,195,0.9558823529411765,2.0,195,0.0,0,0.0,0,0.0,0,0.0,0,5
SH,Mamba,73,2186,405,405,40.5,0.2692963480949402,0.37249788641929626,4.495741844177246,5.337649822235107,0.5541388392448425,1,392,1,332,0.8197530864197531,2.0,392,0.0,0,0.0,0,0.0,0,0.0,2,7
SH,Mamba,73,2187,224,224,22.400000000000002,0.39061740040779114,0.5535358786582947,2.842425584793091,3.3776209354400635,0.8177750706672668,1,202,1,202,0.9017857142857143,2.0,202,0.0,0,0.0,0,0.0,0,0.0,2,7
SH,Mamba,73,2188,182,182,18.2,0.20821896195411682,0.26306870579719543,2.0402674674987793,2.4983811378479004,0.36668476462364197,0,-1,1,181,0.9945054945054945,2.0,182,0.7507585287094116,0,0.0,0,0.0,0,12.669315338134766,1,6
SH,Mamba,73,2189,391,391,39.1,0.39453884959220886,0.5216039419174194,2.8222837448120117,3.5666146278381348,0.6474241018295288,0,-1,1,366,0.9360613810741688,2.0,391,0.20715545117855072,0,0.0,0,0.0,0,0.38681066036224365,0,5
SH,Mamba,73,2190,1111,1111,111.10000000000001,0.23027560114860535,0.29004573822021484,7.666688919067383,8.543133735656738,2.332402229309082,1,367,1,300,0.27002700270027,2.0,367,0.0,0,0.0,0,0.0,0,0.0,2,7
SH,Mamba,73,2191,194,194,19.400000000000002,0.2430756390094757,0.2951878607273102,1.0255393981933594,1.2967888116836548,0.3663172721862793,0,-1,1,194,1.0,2.0,194,0.8334305286407471,0,0.0,0,0.0,0,4.974913120269775,1,6
SH,Mamba,73,2192,429,429,42.900000000000006,0.16305945813655853,0.21581622958183289,0.6833459138870239,0.9678510427474976,0.23292505741119385,0,-1,1,429,1.0,2.0,429,0.5764041543006897,0,0.0,0,0.0,0,9.054851531982422,2,7
SH,Mamba,73,2193,398,398,39.800000000000004,0.11298149079084396,0.14462833106517792,1.53407883644104,2.3737258911132812,0.36235323548316956,0,-1,1,11,0.02763819095477387,2.0,398,1.9642956256866455,0,0.0,0,0.0,0,24.98470115661621,0,5
SH,Mamba,73,2194,295,295,29.5,0.3813015818595886,0.4533739686012268,2.0029284954071045,3.0226361751556396,0.5827230215072632,1,267,1,267,0.9050847457627119,2.0,267,0.0,0,0.0,0,0.0,0,0.0,2,7
SH,Mamba,73,2195,157,157,15.700000000000001,0.35554203391075134,0.5522217154502869,1.2094357013702393,2.3334908485412598,0.6916521191596985,0,-1,1,157,1.0,2.0,157,0.6147770881652832,0,0.0,0,0.0,0,3.1692445278167725,2,7
SH,Mamba,73,2196,134,134,13.4,0.3585987985134125,0.5048033595085144,2.387363910675049,2.7829411029815674,0.9368476271629333,0,-1,1,43,0.3208955223880597,2.0,134,1.8230737447738647,0,0.0,0,0.0,0,8.068889617919922,0,5
SH,Mamba,73,2197,541,541,54.1,0.49089381098747253,0.6564494371414185,3.7247095108032227,4.394734859466553,4.263442516326904,1,137,1,137,0.2532347504621072,2.0,137,0.0,0,0.0,0,0.0,0,0.0,0,5
SH,Mamba,73,2198,486,486,48.6,0.27345511317253113,0.3709806501865387,2.7609570026397705,3.325456380844116,0.4119088053703308,1,467,1,444,0.9135802469135802,2.0,467,0.0,0,0.0,0,0.0,0,0.0,0,5
SH,Mamba,73,2199,340,340,34.0,0.25758373737335205,0.3206212818622589,5.918232440948486,6.868276119232178,0.4311057925224304,0,-1,1,340,1.0,2.0,340,1.169863224029541,0,0.0,0,0.0,0,11.460014343261719,0,5
SH,Mamba,73,2200,327,327,32.7,0.42377370595932007,0.6485306024551392,1.7896029949188232,2.801201820373535,0.5589331984519958,0,-1,1,233,0.7125382262996942,2.0,327,0.24641521275043488,0,0.0,0,0.0,0,0.5926805138587952,2,7
SH,Mamba,73,2201,188,188,18.8,0.21950344741344452,0.26512759923934937,0.22154287993907928,0.3199484050273895,0.21937280893325806,0,-1,0,0,0.0,2.0,188,2.426717519760132,0,0.0,0,0.0,0,6.187283992767334,1,6
SH,Mamba,73,2202,141,141,14.100000000000001,0.1486724317073822,0.17771662771701813,1.2281358242034912,1.3873406648635864,0.17496062815189362,0,-1,1,141,1.0,2.0,141,1.4963935613632202,0,0.0,0,0.0,0,19.292675018310547,0,5
SH,Mamba,73,2203,230,230,23.0,0.4343259036540985,0.5448717474937439,3.525167465209961,5.119447231292725,0.5873376727104187,0,-1,1,230,1.0,2.0,230,1.1834378242492676,0,0.0,0,0.0,0,2.235185384750366,2,7
SH,Mamba,73,2204,144,144,14.4,0.3034614622592926,0.3579975664615631,3.785916328430176,4.419848442077637,0.5426613688468933,0,-1,1,144,1.0,2.0,144,0.35478800535202026,0,0.0,0,0.0,0,8.409733772277832,2,7
SH,Mamba,73,2205,258,258,25.8,0.181720569729805,0.21754465997219086,3.6591310501098633,4.179995059967041,0.3110722303390503,0,-1,1,245,0.9496124031007752,2.0,258,1.2877768278121948,0,0.0,0,0.0,0,12.285194396972656,1,6
SH,Mamba,73,2206,149,149,14.9,0.33255988359451294,0.42347732186317444,1.0004726648330688,1.1112794876098633,0.3514584004878998,0,-1,1,68,0.4563758389261745,2.0,149,0.07958861440420151,0,0.0,0,0.0,0,0.05542445927858353,2,7
SH,Mamba,73,2207,196,196,19.6,0.3948056399822235,0.48368608951568604,0.7119299173355103,0.9148748517036438,0.3679072856903076,0,-1,1,191,0.9744897959183674,2.0,196,0.8961822390556335,0,0.0,0,0.0,0,4.17719841003418,1,6
SH,Mamba,73,2208,393,393,39.300000000000004,0.25086256861686707,0.3222622871398926,3.3941361904144287,4.533429145812988,0.42530736327171326,0,-1,1,393,1.0,2.0,393,0.9619331359863281,0,0.0,0,0.0,0,5.831542015075684,0,5
SH,Mamba,73,2209,405,405,40.5,0.2610365152359009,0.35572749376296997,4.696460723876953,6.956506729125977,0.5506197810173035,0,-1,1,405,1.0,2.0,405,0.8531098365783691,0,0.0,0,0.0,0,17.666961669921875,0,5
SH,Mamba,73,2210,359,359,35.9,0.21602299809455872,0.2655997574329376,4.495625972747803,6.528105735778809,0.9944772720336914,0,-1,0,0,0.0,2.0,359,4.464019775390625,0,0.0,0,0.0,0,82.39614868164062,1,6
SH,Mamba,73,2211,205,205,20.5,0.16985657811164856,0.2158719301223755,1.9541661739349365,2.383518934249878,0.19855763018131256,0,-1,1,205,1.0,2.0,205,0.553883969783783,0,0.0,0,0.0,0,1.1711822748184204,2,7
SH,Mamba,73,2212,463,463,46.300000000000004,0.1710086613893509,0.22459986805915833,5.289447784423828,6.391791343688965,0.3283229172229767,0,-1,1,463,1.0,2.0,463,0.2344789355993271,0,0.0,0,0.0,0,2.7386245727539062,0,5
SH,Mamba,73,2213,226,226,22.6,0.23982472717761993,0.2956748902797699,3.610114812850952,4.485581398010254,0.4153206944465637,0,-1,1,226,1.0,2.0,226,0.7191064953804016,0,0.0,0,0.0,0,12.004159927368164,2,7
SH,Mamba,73,2214,265,265,26.5,0.2981455326080322,0.4552323520183563,1.598832368850708,2.3914525508880615,0.4024406373500824,1,241,1,241,0.909433962264151,2.0,241,0.0,0,0.0,0,0.0,0,0.0,1,6
SH,Mamba,73,2215,778,778,77.80000000000001,0.2068503350019455,0.2652529180049896,15.228105545043945,16.27387809753418,0.5404019355773926,0,-1,1,778,1.0,2.0,778,0.3199070990085602,0,0.0,0,0.0,0,5.446647644042969,2,7
SH,Mamba,73,2216,288,288,28.8,0.3480021059513092,0.4279699921607971,3.4539170265197754,4.276260852813721,0.5931951403617859,0,-1,1,288,1.0,2.0,288,0.3015490174293518,0,0.0,0,0.0,0,0.6306343674659729,2,7
SH,Mamba,73,2217,293,293,29.3,0.18390639126300812,0.22538544237613678,3.7190887928009033,4.643919944763184,0.4903882145881653,0,-1,1,18,0.06143344709897611,2.0,293,1.8609033823013306,0,0.0,0,0.0,0,10.405647277832031,2,7
SH,Mamba,73,2218,145,145,14.5,0.4513770341873169,0.6313872933387756,0.45854488015174866,0.6306763887405396,0.4839429557323456,0,-1,1,142,0.9793103448275862,2.0,145,1.0522786378860474,0,0.0,0,0.0,0,4.4986066818237305,2,7
SH,Mamba,73,2219,285,285,28.5,0.1941925585269928,0.258790522813797,0.9338130354881287,1.4491347074508667,0.28347089886665344,0,-1,1,285,1.0,2.0,285,0.25034603476524353,0,0.0,0,0.0,0,0.663396954536438,0,5
SH,Mamba,73,2220,163,163,16.3,0.2557719349861145,0.33224785327911377,7.897470474243164,9.457615852355957,0.8247775435447693,0,-1,1,26,0.15950920245398773,2.0,163,1.6312384605407715,0,0.0,0,0.0,0,0.8896433711051941,2,7
SH,Mamba,73,2221,217,217,21.700000000000003,0.1666751652956009,0.22733482718467712,1.3446733951568604,2.0280981063842773,0.2753291726112366,0,-1,1,158,0.728110599078341,2.0,217,1.7925492525100708,0,0.0,0,0.0,0,29.679969787597656,1,6
SH,Mamba,73,2222,216,216,21.6,0.2829374670982361,0.3447709083557129,2.169449806213379,2.4093854427337646,0.3783150911331177,0,-1,0,0,0.0,2.0,216,2.610700845718384,0,0.0,0,0.0,0,2.6648569107055664,0,5
SH,Mamba,73,2223,3202,3202,320.20000000000005,0.3504118323326111,0.5188872814178467,9.920707702636719,10.438738822937012,3.613452911376953,1,1056,1,1034,0.32292317301686446,2.0,1056,0.0,0,0.0,0,0.0,0,0.0,1,6
SH,Mamba,73,2224,440,440,44.0,0.3625251352787018,0.48520606756210327,1.8901084661483765,2.4244391918182373,0.6193216443061829,1,385,1,385,0.875,2.0,385,0.0,0,0.0,0,0.0,0,0.0,1,6
SH,Mamba,73,2225,170,170,17.0,0.2774423062801361,0.3723321259021759,5.1394195556640625,7.6613969802856445,1.1338016986846924,0,-1,1,170,1.0,2.0,170,1.1565042734146118,0,0.0,0,0.0,0,7.672601699829102,2,7
SH,Mamba,73,2226,180,180,18.0,0.1895756870508194,0.23000191152095795,4.259218215942383,4.722899913787842,0.35613584518432617,0,-1,1,180,1.0,2.0,180,0.7059969902038574,0,0.0,0,0.0,0,9.934873580932617,1,6
SH,Mamba,73,2227,239,239,23.900000000000002,0.379750519990921,0.4653778672218323,5.248775005340576,6.389480113983154,0.4955068528652191,0,-1,1,227,0.9497907949790795,2.0,239,1.5416094064712524,0,0.0,0,0.0,0,6.103508472442627,2,7
SH,Mamba,73,2228,183,183,18.3,0.2733694911003113,0.33497995138168335,3.9949398040771484,4.568443298339844,0.37224048376083374,0,-1,1,183,1.0,2.0,183,0.7057437300682068,0,0.0,0,0.0,0,6.465978145599365,2,7
SH,Mamba,73,2229,163,163,16.3,0.45627227425575256,0.5877957940101624,2.856368064880371,3.827171802520752,1.4876501560211182,1,106,1,106,0.6503067484662577,2.0,106,0.0,0,0.0,0,0.0,0,0.0,0,5
SH,Mamba,73,2230,266,266,26.6,0.15369047224521637,0.20048995316028595,1.8208982944488525,2.2562966346740723,0.4796375334262848,0,-1,1,209,0.7857142857142857,2.0,266,0.9185538291931152,0,0.0,0,0.0,0,15.772065162658691,1,6
SH,Mamba,73,2231,194,194,19.400000000000002,0.21272119879722595,0.23922258615493774,1.5632829666137695,2.326854944229126,0.4835182726383209,0,-1,1,175,0.9020618556701031,2.0,194,0.9139901399612427,0,0.0,0,0.0,0,20.28514289855957,2,7
SH,Mamba,73,2232,278,278,27.8,0.1702885776758194,0.22535990178585052,2.955465793609619,3.627579927444458,0.32215481996536255,1,252,1,133,0.4784172661870504,2.0,252,0.0,0,0.0,0,0.0,0,0.0,2,7
SH,Mamba,73,2233,528,528,52.800000000000004,0.36337295174598694,0.46900346875190735,2.7897753715515137,3.2153074741363525,0.43129339814186096,1,505,1,505,0.9564393939393939,2.0,505,0.0,0,0.0,0,0.0,0,0.0,0,5
SH,Mamba,73,2234,433,433,43.300000000000004,0.26539692282676697,0.3158626854419708,2.0353071689605713,2.6154208183288574,0.35248008370399475,0,-1,1,433,1.0,2.0,433,0.6100797057151794,0,0.0,0,0.0,0,2.756335973739624,1,6
SH,Mamba,73,2235,149,149,14.9,0.27348312735557556,0.38654622435569763,0.5481106638908386,0.7117060422897339,0.21872352063655853,0,-1,1,141,0.9463087248322147,2.0,149,0.8102317452430725,0,0.0,0,0.0,0,2.000082015991211,0,5
SH,Mamba,73,2236,138,138,13.8,0.177974671125412,0.2933196723461151,2.190913200378418,2.8508474826812744,0.5401548147201538,0,-1,1,99,0.717391304347826,2.0,138,1.2519896030426025,0,0.0,0,0.0,0,22.395742416381836,2,7
SH,Mamba,73,2237,150,150,15.0,0.35186833143234253,0.4188893735408783,7.083252906799316,8.588397979736328,0.954498827457428,0,-1,0,0,0.0,2.0,150,2.229170083999634,0,0.0,0,0.0,0,23.384624481201172,0,5
SH,Mamba,73,2238,265,265,26.5,0.3458424210548401,0.4300294816493988,2.7250876426696777,3.509354829788208,0.506304144859314,1,242,1,242,0.9132075471698113,2.0,242,0.0,0,0.0,0,0.0,0,0.0,2,7
SH,Mamba,73,2239,161,161,16.1,0.5775278210639954,0.83229660987854,4.686739444732666,5.3679304122924805,1.5115509033203125,0,-1,0,0,0.0,2.0,161,2.8596489429473877,0,0.0,0,0.0,0,10.786625862121582,0,5
SH,Mamba,73,2240,378,378,37.800000000000004,0.37337619066238403,0.49783462285995483,1.1998968124389648,1.7058418989181519,0.5219912528991699,1,377,1,347,0.917989417989418,2.0,377,0.0,0,0.0,0,0.0,0,0.0,1,6
SH,Mamba,73,2241,165,165,16.5,0.22538481652736664,0.29302600026130676,2.278724431991577,4.0607829093933105,0.8160890340805054,0,-1,1,64,0.3878787878787879,2.0,165,1.4254192113876343,0,0.0,0,0.0,0,24.187665939331055,1,6
SH,Mamba,73,2242,160,160,16.0,0.32029080390930176,0.42647168040275574,1.5504552125930786,2.001011848449707,0.6217033863067627,0,-1,1,153,0.95625,2.0,160,1.5680419206619263,0,0.0,0,0.0,0,20.100521087646484,0,5
SH,Mamba,73,2243,545,545,54.5,0.2971284091472626,0.3717772662639618,1.9191608428955078,2.291069984436035,0.320838063955307,0,-1,1,490,0.8990825688073395,2.0,545,0.7856723070144653,0,0.0,0,0.0,0,2.228498935699463,0,5
SH,Mamba,73,2244,450,450,45.0,0.2791402041912079,0.32145634293556213,6.964727878570557,10.06120777130127,0.772182822227478,0,-1,1,424,0.9422222222222222,2.0,450,0.7254592776298523,0,0.0,0,0.0,0,16.249042510986328,2,7
SH,Mamba,73,2245,494,494,49.400000000000006,0.24752584099769592,0.3074330687522888,1.217572808265686,1.4307403564453125,0.294454425573349,0,-1,1,494,1.0,2.0,494,0.4777660667896271,0,0.0,0,0.0,0,3.3136370182037354,2,7
SH,Mamba,73,2246,253,253,25.3,0.2656373679637909,0.3780269920825958,3.1379854679107666,4.2748026847839355,0.449377179145813,0,-1,1,253,1.0,2.0,253,1.0103309154510498,0,0.0,0,0.0,0,5.555751323699951,1,6
SH,Mamba,73,2247,322,322,32.2,0.6369790434837341,1.0068279504776,37.3255615234375,45.332008361816406,3.145674228668213,0,-1,0,0,0.0,2.0,322,3.390510082244873,0,0.0,0,0.0,0,10.024346351623535,1,6
SH,Mamba,73,2248,160,160,16.0,0.14221253991127014,0.18527986109256744,1.0583142042160034,1.3143929243087769,0.273330420255661,0,-1,0,0,0.0,2.0,160,5.679605960845947,0,0.0,0,0.0,0,7.846227645874023,1,6
SH,Mamba,73,2249,332,332,33.2,0.31767725944519043,0.4309828281402588,5.154524326324463,6.23751974105835,0.8273294568061829,0,-1,1,332,1.0,2.0,332,0.22230985760688782,0,0.0,0,0.0,0,0.6857711672782898,2,7
SH,Mamba,73,2250,1738,1738,173.8,0.4109695255756378,0.5411030650138855,12.936629295349121,15.43664836883545,8.844057083129883,1,416,1,416,0.23935558112773303,2.0,416,0.0,0,0.0,0,0.0,0,0.0,2,7
SH,Mamba,73,2251,588,588,58.800000000000004,0.1552954763174057,0.20874139666557312,34.1645622253418,40.662254333496094,1.3480074405670166,0,-1,1,588,1.0,2.0,588,0.3768473267555237,0,0.0,0,0.0,0,6.96819543838501,2,7
SH,Mamba,73,2252,274,274,27.400000000000002,0.471954345703125,0.6035583019256592,7.353525638580322,10.913702011108398,1.2254431247711182,0,-1,1,274,1.0,2.0,274,1.2714775800704956,0,0.0,0,0.0,0,9.242767333984375,0,5
SH,Mamba,73,2253,186,186,18.6,0.35381019115448,0.47384727001190186,2.025839328765869,2.5021464824676514,0.5935254096984863,0,-1,1,186,1.0,2.0,186,0.6868827939033508,0,0.0,0,0.0,0,10.469805717468262,1,6
SH,Mamba,73,2254,215,215,21.5,0.12412039935588837,0.14456205070018768,11.114204406738281,14.80364990234375,1.424774408340454,0,-1,0,0,0.0,2.0,215,2.225558280944824,0,0.0,0,0.0,0,63.51466369628906,2,7
SH,Mamba,73,2255,858,858,85.80000000000001,0.33138903975486755,0.47668978571891785,4.58009147644043,4.997748851776123,1.2524428367614746,1,410,1,410,0.47785547785547783,2.0,410,0.0,0,0.0,0,0.0,0,0.0,2,7
SH,Mamba,73,2256,279,279,27.900000000000002,0.13198822736740112,0.17128834128379822,1.2283735275268555,1.5007127523422241,0.26341041922569275,0,-1,0,0,0.0,2.0,279,3.185267686843872,0,0.0,0,0.0,0,4.570281505584717,2,7
SH,Mamba,73,2257,141,141,14.100000000000001,0.10953667759895325,0.14900538325309753,0.3649464547634125,0.45904797315597534,0.15690375864505768,0,-1,1,141,1.0,2.0,141,1.4712300300598145,0,0.0,0,0.0,0,30.6312255859375,1,6
SH,Mamba,73,2258,279,279,27.900000000000002,0.36557838320732117,0.508669376373291,4.61619234085083,5.135539531707764,1.3545149564743042,1,141,1,141,0.5053763440860215,2.0,141,0.0,0,0.0,0,0.0,0,0.0,1,6
SH,Mamba,73,2259,224,224,22.400000000000002,0.2888682186603546,0.34780484437942505,9.729150772094727,11.316227912902832,0.789326548576355,0,-1,1,197,0.8794642857142857,2.0,224,1.1837104558944702,0,0.0,0,0.0,0,5.410787105560303,0,5
SH,Mamba,73,2260,167,167,16.7,0.3099132478237152,0.3596448600292206,3.183770179748535,4.095802307128906,0.8711836338043213,0,-1,1,45,0.2694610778443114,2.0,167,1.943341851234436,0,0.0,0,0.0,0,5.4903693199157715,0,5
SH,Mamba,73,2261,513,513,51.300000000000004,0.48485928773880005,0.6209203004837036,1.3526813983917236,1.8242378234863281,0.6137540340423584,0,-1,1,513,1.0,2.0,513,0.8137568831443787,0,0.0,0,0.0,0,7.682617664337158,1,6
SH,Mamba,73,2262,204,204,20.400000000000002,0.1294611692428589,0.1555963009595871,4.699347972869873,6.193297386169434,0.5028510689735413,0,-1,1,204,1.0,2.0,204,1.0446704626083374,0,0.0,0,0.0,0,6.4381914138793945,1,6
SH,Mamba,73,2263,239,239,23.900000000000002,0.156830295920372,0.18781156837940216,3.5561885833740234,4.04011344909668,0.41150182485580444,0,-1,1,239,1.0,2.0,239,1.0087579488754272,0,0.0,0,0.0,0,5.510540962219238,0,5
SH,Mamba,73,2264,134,134,13.4,0.42269665002822876,0.5271328091621399,3.6560163497924805,4.195132732391357,0.7258337140083313,0,-1,0,0,0.0,2.0,134,2.083919048309326,0,0.0,0,0.0,0,2.5305471420288086,1,6
SH,Mamba,73,2265,132,132,13.200000000000001,0.39151817560195923,0.44412344694137573,2.0356295108795166,2.2744791507720947,0.4634261727333069,0,-1,1,132,1.0,2.0,132,0.44814035296440125,0,0.0,0,0.0,0,1.3866242170333862,0,5
SH,Mamba,73,2266,208,208,20.8,0.3394910395145416,0.45209166407585144,2.7236645221710205,3.0596354007720947,0.5108150243759155,0,-1,1,33,0.15865384615384615,2.0,208,1.6368837356567383,0,0.0,0,0.0,0,1.8341317176818848,2,7
SH,Mamba,73,2267,266,266,26.6,0.241722971200943,0.29831093549728394,0.8297728300094604,1.1240495443344116,0.2687528729438782,0,-1,1,265,0.9962406015037594,2.0,266,1.048755168914795,0,0.0,0,0.0,0,3.689537525177002,0,5
SH,Mamba,73,2268,774,774,77.4,0.23455114662647247,0.2871505916118622,3.579432725906372,3.817716598510742,1.4185738563537598,1,244,1,244,0.3152454780361757,2.0,244,0.0,0,0.0,0,0.0,0,0.0,1,6
SH,Mamba,73,2269,315,315,31.5,0.2518061697483063,0.30612123012542725,7.21360969543457,9.010383605957031,1.0032163858413696,0,-1,0,0,0.0,2.0,315,2.3177621364593506,0,0.0,0,0.0,0,3.0789589881896973,0,5
SH,Mamba,73,2270,163,163,16.3,0.2287643998861313,0.317641943693161,2.333648204803467,2.6919784545898438,0.7576273083686829,0,-1,1,51,0.3128834355828221,2.0,163,1.8029272556304932,0,0.0,0,0.0,0,10.620582580566406,1,6
SH,Mamba,73,2271,265,265,26.5,0.15842682123184204,0.20946428179740906,1.7103263139724731,2.010021686553955,0.564132571220398,0,-1,1,49,0.18490566037735848,2.0,265,1.6797106266021729,0,0.0,0,0.0,0,8.680089950561523,0,5
SH,Mamba,73,2272,174,174,17.400000000000002,0.35568034648895264,0.5362865328788757,1.86098051071167,2.6208388805389404,0.6336119771003723,0,-1,1,83,0.47701149425287354,2.0,174,1.2063119411468506,0,0.0,0,0.0,0,1.517324447631836,1,6
SH,Mamba,73,2273,207,207,20.700000000000003,0.21184779703617096,0.2842220664024353,6.286136150360107,7.252877712249756,0.542513370513916,0,-1,1,207,1.0,2.0,207,0.702551007270813,0,0.0,0,0.0,0,13.294036865234375,1,6
SH,Mamba,73,2274,158,158,15.8,0.2137143760919571,0.259658545255661,2.567056894302368,3.1115736961364746,0.32753515243530273,0,-1,1,158,1.0,2.0,158,0.5428389310836792,0,0.0,0,0.0,0,11.466835021972656,0,5
SH,Mamba,73,2275,167,167,16.7,0.2985685467720032,0.385385125875473,2.8255767822265625,3.2921247482299805,0.4057944715023041,0,-1,1,40,0.23952095808383234,2.0,167,1.7889788150787354,0,0.0,0,0.0,0,1.3858197927474976,1,6
SH,Mamba,73,2276,187,187,18.7,0.18274515867233276,0.21385625004768372,1.3083785772323608,1.4300000667572021,0.3393844664096832,0,-1,1,85,0.45454545454545453,2.0,187,1.493512749671936,0,0.0,0,0.0,0,10.056427001953125,0,5
SH,Mamba,73,2277,573,573,57.300000000000004,0.3198850154876709,0.4022742509841919,2.230076551437378,2.7664201259613037,0.34187713265419006,0,-1,1,478,0.8342059336823735,2.0,573,0.6281165480613708,0,0.0,0,0.0,0,1.4716531038284302,0,5
SH,Mamba,73,2278,254,254,25.400000000000002,0.1903713196516037,0.2489573359489441,2.4137768745422363,2.705641031265259,0.5112335681915283,0,-1,1,247,0.9724409448818898,2.0,254,1.014022946357727,0,0.0,0,0.0,0,18.213403701782227,1,6
SH,Mamba,73,2279,169,169,16.900000000000002,0.4048384130001068,0.5369451642036438,1.6325041055679321,2.209947347640991,0.5630970001220703,0,-1,1,127,0.7514792899408284,2.0,169,1.1955351829528809,0,0.0,0,0.0,0,4.413376331329346,1,6
SH,Mamba,73,2280,445,445,44.5,0.1686881184577942,0.2106933444738388,3.5995078086853027,4.432900905609131,0.5212297439575195,0,-1,1,445,1.0,2.0,445,0.7841506600379944,0,0.0,0,0.0,0,8.039581298828125,2,7
SH,Mamba,73,2281,175,175,17.5,0.3028028905391693,0.38348764181137085,5.654623985290527,7.299159526824951,1.0126993656158447,0,-1,0,0,0.0,2.0,175,2.1055479049682617,0,0.0,0,0.0,0,43.95292282104492,1,6
SH,Mamba,73,2282,208,208,20.8,0.12469310313463211,0.15557654201984406,1.309805989265442,1.615638017654419,0.3247215151786804,0,-1,1,208,1.0,2.0,208,1.2201883792877197,0,0.0,0,0.0,0,14.344034194946289,0,5
SH,Mamba,73,2283,262,262,26.200000000000003,0.3761869966983795,0.47785475850105286,1.3945289850234985,1.876512885093689,0.4638449549674988,0,-1,1,261,0.9961832061068703,2.0,262,1.0349572896957397,0,0.0,0,0.0,0,3.602419853210449,2,7
SH,Mamba,73,2284,564,564,56.400000000000006,0.18688228726387024,0.2614732086658478,5.268839359283447,6.237473487854004,0.5167883038520813,0,-1,1,564,1.0,2.0,564,0.7640159130096436,0,0.0,0,0.0,0,12.34881591796875,0,5
SH,Mamba,73,2285,495,495,49.5,0.27220168709754944,0.3560100793838501,4.236598968505859,4.7801947593688965,0.7341099977493286,0,-1,1,425,0.8585858585858586,2.0,495,0.27206656336784363,0,0.0,0,0.0,0,4.8934783935546875,2,7
SH,Mamba,73,2286,349,349,34.9,0.30945470929145813,0.36963242292404175,9.709431648254395,11.075413703918457,0.6646708846092224,0,-1,1,349,1.0,2.0,349,0.20879240334033966,0,0.0,0,0.0,0,5.010590076446533,2,7
SH,Mamba,73,2287,165,165,16.5,0.31285831332206726,0.40994954109191895,2.258324384689331,2.642286777496338,0.5134653449058533,0,-1,1,165,1.0,2.0,165,1.06317138671875,0,0.0,0,0.0,0,10.710994720458984,2,7
SH,Mamba,73,2288,426,426,42.6,0.20187504589557648,0.2921473979949951,1.7692116498947144,2.1952857971191406,0.465505450963974,1,325,1,187,0.43896713615023475,2.0,325,0.0,0,0.0,0,0.0,0,0.0,1,6
SH,Mamba,73,2289,257,257,25.700000000000003,0.5688328146934509,0.7096028923988342,6.388192653656006,7.290113925933838,0.9039497375488281,0,-1,0,0,0.0,2.0,257,2.1427135467529297,0,0.0,0,0.0,0,11.326489448547363,0,5
SH,Mamba,73,2290,303,303,30.3,0.32781779766082764,0.4209672510623932,1.4841783046722412,1.8473267555236816,0.4177089035511017,0,-1,1,267,0.8811881188118812,2.0,303,0.6775108575820923,0,0.0,0,0.0,0,0.5865189433097839,0,5
SH,Mamba,73,2291,170,170,17.0,0.2071755975484848,0.3054600656032562,4.046769618988037,4.773412704467773,0.4337671101093292,0,-1,1,170,1.0,2.0,170,0.9557276368141174,0,0.0,0,0.0,0,16.901920318603516,0,5
SH,Mamba,73,2292,367,367,36.7,0.2696049213409424,0.3595259487628937,3.2288565635681152,3.482301950454712,0.2888385057449341,0,-1,1,367,1.0,2.0,367,0.585267961025238,0,0.0,0,0.0,0,2.263179063796997,2,7
SH,Mamba,73,2293,148,148,14.8,0.21108773350715637,0.25101029872894287,5.054497718811035,5.98590612411499,0.5905771255493164,0,-1,0,0,0.0,2.0,148,3.8343210220336914,0,0.0,0,0.0,0,23.08819007873535,1,6
SH,Mamba,73,2294,172,172,17.2,0.2266254425048828,0.2994493246078491,1.2687126398086548,1.9579424858093262,0.4449878931045532,0,-1,1,58,0.3372093023255814,2.0,172,1.4082813262939453,0,0.0,0,0.0,0,4.126786708831787,0,5
SH,Mamba,73,2295,259,259,25.900000000000002,0.33208534121513367,0.40613070130348206,16.88753890991211,19.358562469482422,1.5540263652801514,0,-1,0,0,0.0,2.0,259,2.951247215270996,0,0.0,0,0.0,0,54.303199768066406,2,7
SH,Mamba,73,2296,172,172,17.2,0.338934987783432,0.4169101119041443,2.144864797592163,2.4295294284820557,0.3935226500034332,0,-1,1,172,1.0,2.0,172,1.4210911989212036,0,0.0,0,0.0,0,14.242618560791016,1,6
SH,Mamba,73,2297,366,366,36.6,0.22553813457489014,0.33015596866607666,3.206549882888794,4.338191509246826,1.234632968902588,1,197,1,176,0.4808743169398907,2.0,197,0.0,0,0.0,0,0.0,0,0.0,1,6
SH,Mamba,73,2298,144,144,14.4,0.24201923608779907,0.3034617602825165,2.321000576019287,2.5870554447174072,0.3448936641216278,0,-1,1,144,1.0,2.0,144,0.8922310471534729,0,0.0,0,0.0,0,13.284494400024414,0,5
SH,Mamba,73,2299,232,232,23.200000000000003,0.23138532042503357,0.3336038589477539,3.2667088508605957,3.6484017372131348,0.4049457311630249,0,-1,1,232,1.0,2.0,232,1.0308005809783936,0,0.0,0,0.0,0,14.060310363769531,1,6
SH,Mamba,73,2300,149,149,14.9,0.19982822239398956,0.23642860352993011,3.3013603687286377,4.505681991577148,0.7400833964347839,0,-1,1,123,0.825503355704698,2.0,149,1.216590166091919,0,0.0,0,0.0,0,23.570695877075195,1,6
SH,Mamba,73,2301,1768,1768,176.8,0.2366560697555542,0.2935948967933655,13.640730857849121,14.5652437210083,0.5320584774017334,0,-1,1,1710,0.9671945701357466,2.0,1768,0.5237464904785156,0,0.0,0,0.0,0,7.795815467834473,0,5
SH,Mamba,73,2302,237,237,23.700000000000003,0.23113061487674713,0.29852429032325745,0.7793219685554504,0.9394294619560242,0.26362499594688416,0,-1,1,30,0.12658227848101267,2.0,237,1.6759341955184937,0,0.0,0,0.0,0,0.35153576731681824,0,5
SH,Mamba,73,2303,252,252,25.200000000000003,0.12094737589359283,0.15579259395599365,3.758124589920044,4.3094162940979,0.5007251501083374,0,-1,1,133,0.5277777777777778,2.0,252,1.7279402017593384,0,0.0,0,0.0,0,35.719051361083984,2,7
SH,Mamba,73,2304,654,654,65.4,0.23457831144332886,0.36223915219306946,8.368622779846191,10.254472732543945,0.48450085520744324,0,-1,1,654,1.0,2.0,654,0.19040445983409882,0,0.0,0,0.0,0,1.5791559219360352,2,7
SH,Mamba,73,2305,232,232,23.200000000000003,0.2876163423061371,0.3549293279647827,1.8317930698394775,2.504856586456299,0.4212224781513214,0,-1,1,232,1.0,2.0,232,0.6107687950134277,0,0.0,0,0.0,0,1.2955105304718018,2,7
SH,Mamba,73,2306,152,152,15.200000000000001,0.37413668632507324,0.40362152457237244,12.04556655883789,14.530949592590332,1.4273042678833008,0,-1,1,152,1.0,2.0,152,1.0976769924163818,0,0.0,0,0.0,0,9.257353782653809,1,6
SH,Mamba,73,2307,400,400,40.0,0.32343989610671997,0.49926701188087463,2.6441986560821533,4.33681583404541,0.6640883684158325,0,-1,1,386,0.965,2.0,400,0.743729829788208,0,0.0,0,0.0,0,4.100442409515381,0,5
SH,Mamba,73,2308,181,181,18.1,0.3257121443748474,0.39520686864852905,5.0167236328125,6.201415061950684,1.0110328197479248,0,-1,1,78,0.430939226519337,2.0,181,1.3886594772338867,0,0.0,0,0.0,0,29.37647247314453,0,5
SH,Mamba,73,2309,379,379,37.9,0.25746193528175354,0.3192281723022461,1.412566065788269,1.6910762786865234,0.24933429062366486,0,-1,1,379,1.0,2.0,379,0.6452431082725525,0,0.0,0,0.0,0,8.567500114440918,0,5
SH,Mamba,73,2310,161,161,16.1,0.5136353969573975,0.6714561581611633,7.873692989349365,9.371445655822754,0.9866058230400085,0,-1,1,15,0.09316770186335403,2.0,161,1.945731520652771,0,0.0,0,0.0,0,7.2546515464782715,1,6
SH,Mamba,73,2311,237,237,23.700000000000003,0.2125672549009323,0.28703105449676514,4.3011698722839355,5.167623519897461,0.36206039786338806,1,237,1,237,1.0,2.0,237,0.0,0,0.0,0,0.0,0,0.0,1,6
SH,Mamba,73,2312,243,243,24.3,0.29340454936027527,0.332631379365921,6.776858806610107,9.301663398742676,1.7912801504135132,0,-1,1,69,0.2839506172839506,2.0,243,1.3486073017120361,0,0.0,0,0.0,0,33.6970100402832,1,6
SH,Mamba,73,2313,213,213,21.3,0.26627403497695923,0.32730230689048767,0.854634702205658,1.0351834297180176,0.3264485001564026,0,-1,1,187,0.8779342723004695,2.0,213,1.1563678979873657,0,0.0,0,0.0,0,5.2769083976745605,0,5
SH,Mamba,73,2314,157,157,15.700000000000001,0.2768673598766327,0.3726312518119812,5.0498175621032715,6.4298248291015625,0.9114501476287842,0,-1,1,77,0.49044585987261147,2.0,157,1.2236385345458984,0,0.0,0,0.0,0,23.40514373779297,0,5
SH,Mamba,73,2315,163,163,16.3,0.6847817301750183,0.9239208698272705,15.914411544799805,18.28165054321289,2.273618221282959,1,157,1,157,0.9631901840490797,2.0,157,0.0,0,0.0,0,0.0,0,0.0,2,7
SH,Mamba,73,2316,156,156,15.600000000000001,0.21676333248615265,0.2706397771835327,6.072754859924316,7.035485744476318,0.5973818302154541,0,-1,1,156,1.0,2.0,156,1.334881067276001,0,0.0,0,0.0,0,5.782332897186279,1,6
SH,Mamba,73,2317,206,206,20.6,0.3931766748428345,0.504477858543396,3.188171148300171,3.8252246379852295,1.0826584100723267,1,107,1,107,0.5194174757281553,2.0,107,0.0,0,0.0,0,0.0,0,0.0,1,6
SH,Mamba,73,2318,174,174,17.400000000000002,0.5096216797828674,0.6210559606552124,5.415261268615723,6.3360676765441895,1.1005059480667114,0,-1,1,126,0.7241379310344828,2.0,174,0.9987843036651611,0,0.0,0,0.0,0,16.52872657775879,2,7
SH,Mamba,73,2319,282,282,28.200000000000003,0.23502840101718903,0.3051002323627472,6.780176162719727,8.562520027160645,0.4945817291736603,0,-1,1,282,1.0,2.0,282,0.8636572957038879,0,0.0,0,0.0,0,5.713998317718506,0,5
SH,Mamba,73,2320,157,157,15.700000000000001,0.3809398412704468,0.45187634229660034,3.2489380836486816,4.150489330291748,0.735546886920929,0,-1,1,157,1.0,2.0,157,1.095047950744629,0,0.0,0,0.0,0,20.813261032104492,1,6
SH,Mamba,73,2321,175,175,17.5,0.4572559595108032,0.5790145993232727,4.933084011077881,5.849838733673096,0.9242057800292969,0,-1,1,128,0.7314285714285714,2.0,175,1.3759592771530151,0,0.0,0,0.0,0,15.837854385375977,2,7
SH,Mamba,73,2322,155,155,15.5,0.17549970746040344,0.208517387509346,1.882459044456482,2.177821159362793,0.3870941400527954,0,-1,0,0,0.0,2.0,155,2.724332571029663,0,0.0,0,0.0,0,43.11557388305664,0,5
SH,Mamba,73,2323,171,171,17.1,0.304720014333725,0.38999539613723755,2.4197092056274414,2.6520228385925293,0.49320095777511597,1,132,1,132,0.7719298245614035,2.0,132,0.0,0,0.0,0,0.0,0,0.0,0,5
SH,Mamba,73,2324,381,381,38.1,0.310344398021698,0.38089749217033386,9.677377700805664,11.509818077087402,1.3605509996414185,0,-1,1,344,0.9028871391076115,2.0,381,0.5600184202194214,0,0.0,0,0.0,0,13.153614044189453,2,7
SH,Mamba,73,2325,206,206,20.6,0.1690797507762909,0.23442867398262024,0.5875130891799927,0.6936284899711609,0.21769247949123383,1,202,1,176,0.8543689320388349,2.0,202,0.0,0,0.0,0,0.0,0,0.0,2,7
SH,Mamba,73,2326,682,682,68.2,0.3154560327529907,0.4036523997783661,14.149240493774414,15.339977264404297,2.9978911876678467,1,470,1,470,0.6891495601173021,2.0,470,0.0,0,0.0,0,0.0,0,0.0,1,6
SH,Mamba,73,2327,150,150,15.0,0.27656131982803345,0.34908491373062134,0.5309705138206482,0.7017463445663452,0.2709205746650696,0,-1,1,150,1.0,2.0,150,1.032823085784912,0,0.0,0,0.0,0,4.918510913848877,1,6
SH,Mamba,73,2328,248,248,24.8,0.26726433634757996,0.3665268123149872,3.3442537784576416,4.153809070587158,0.6033242344856262,0,-1,0,0,0.0,2.0,248,2.1502530574798584,0,0.0,0,0.0,0,3.627474546432495,1,6
SH,Mamba,73,2329,333,333,33.300000000000004,0.26160457730293274,0.35611411929130554,1.7697855234146118,3.3779098987579346,0.5864307284355164,0,-1,1,292,0.8768768768768769,2.0,333,1.3327443599700928,0,0.0,0,0.0,0,8.626809120178223,0,5
SH,Mamba,73,2330,187,187,18.7,0.2274247407913208,0.3036528527736664,2.0312488079071045,2.511523723602295,0.453839510679245,0,-1,1,9,0.0481283422459893,2.0,187,1.9862269163131714,0,0.0,0,0.0,0,2.407835006713867,1,6
SH,Mamba,73,2331,323,323,32.300000000000004,0.31117355823516846,0.4043455719947815,1.497525691986084,2.090888261795044,0.3509441912174225,1,295,1,295,0.913312693498452,2.0,295,0.0,0,0.0,0,0.0,0,0.0,1,6
SH,Mamba,73,2332,259,259,25.900000000000002,0.19775539636611938,0.23653171956539154,3.80798077583313,4.624207019805908,0.415890097618103,0,-1,1,259,1.0,2.0,259,1.0512851476669312,0,0.0,0,0.0,0,11.184281349182129,0,5
SH,Mamba,73,2333,278,278,27.8,0.3009020984172821,0.37067943811416626,6.691668510437012,8.194767951965332,1.1008813381195068,0,-1,0,0,0.0,2.0,278,2.455449342727661,0,0.0,0,0.0,0,18.533117294311523,1,6
SH,Mamba,73,2334,173,173,17.3,0.3036547899246216,0.4446609914302826,2.858240842819214,3.7408292293548584,0.5465768575668335,0,-1,1,173,1.0,2.0,173,1.0258084535598755,0,0.0,0,0.0,0,10.702911376953125,2,7
SH,Mamba,73,2335,236,236,23.6,0.21683497726917267,0.25570690631866455,1.854172945022583,2.2539875507354736,0.6228913068771362,0,-1,1,236,1.0,2.0,236,1.2095032930374146,0,0.0,0,0.0,0,22.230937957763672,1,6
SH,Mamba,73,2336,291,291,29.1,0.23599426448345184,0.3046523928642273,0.8293194770812988,1.1335434913635254,0.21870724856853485,0,-1,1,164,0.563573883161512,2.0,291,1.086892008781433,0,0.0,0,0.0,0,2.221492290496826,1,6
SH,Mamba,73,2337,422,422,42.2,0.18876656889915466,0.23663856089115143,5.508530616760254,8.940017700195312,0.6368820667266846,0,-1,1,416,0.985781990521327,2.0,422,0.9339093565940857,0,0.0,0,0.0,0,3.2899653911590576,1,6
SH,Mamba,73,2338,150,150,15.0,0.23827394843101501,0.2810088098049164,3.205706834793091,3.8951900005340576,0.509949266910553,0,-1,1,143,0.9533333333333334,2.0,150,1.6184674501419067,0,0.0,0,0.0,0,48.85301208496094,2,7
SH,Mamba,73,2339,440,440,44.0,0.22296522557735443,0.31123781204223633,1.1885496377944946,1.6003957986831665,0.3786883056163788,0,-1,1,415,0.9431818181818182,2.0,440,1.1170107126235962,0,0.0,0,0.0,0,3.870865821838379,2,7
SH,Mamba,73,2340,222,222,22.200000000000003,0.513289213180542,0.7089664340019226,5.106780052185059,6.965195655822754,0.9229223132133484,0,-1,0,0,0.0,2.0,222,3.3234803676605225,0,0.0,0,0.0,0,37.842384338378906,1,6
SH,Mamba,73,2341,140,140,14.0,0.12542469799518585,0.15672558546066284,1.4602733850479126,2.2471814155578613,0.5119701027870178,0,-1,1,88,0.6285714285714286,2.0,140,1.2830755710601807,0,0.0,0,0.0,0,28.60501480102539,0,5
SH,Mamba,73,2342,434,434,43.400000000000006,0.21327190101146698,0.2744431495666504,4.015185832977295,4.7501630783081055,0.547714114189148,0,-1,1,97,0.22350230414746544,2.0,434,1.8177522420883179,0,0.0,0,0.0,0,1.422288417816162,1,6
SH,Mamba,73,2343,282,282,28.200000000000003,0.17108456790447235,0.22517332434654236,17.070039749145508,22.70452308654785,1.775526523590088,0,-1,1,79,0.2801418439716312,2.0,282,1.631016492843628,0,0.0,0,0.0,0,26.307979583740234,1,6
SH,Mamba,73,2344,501,501,50.1,0.23643054068088531,0.3411130905151367,2.562779188156128,2.9075756072998047,0.37808430194854736,0,-1,1,501,1.0,2.0,501,0.9476253390312195,0,0.0,0,0.0,0,3.6134116649627686,2,7
SH,Mamba,73,2345,172,172,17.2,0.20945733785629272,0.2613484561443329,4.086491584777832,4.709464073181152,0.3516359329223633,0,-1,1,172,1.0,2.0,172,1.1766221523284912,0,0.0,0,0.0,0,20.52603530883789,2,7
SH,Mamba,73,2346,204,204,20.400000000000002,0.2279668152332306,0.2965267300605774,1.5023242235183716,1.8845628499984741,0.35450246930122375,0,-1,1,53,0.25980392156862747,2.0,204,1.749056339263916,0,0.0,0,0.0,0,6.18174934387207,2,7
SH,Mamba,73,2347,150,150,15.0,0.34638434648513794,0.42941293120384216,0.559370219707489,0.8607808947563171,0.3172285854816437,0,-1,1,118,0.7866666666666666,2.0,150,1.3131827116012573,0,0.0,0,0.0,0,3.966015100479126,0,5
SH,Mamba,73,2348,180,180,18.0,0.2547571063041687,0.31122297048568726,0.8562531471252441,1.1012012958526611,0.48125800490379333,0,-1,1,180,1.0,2.0,180,1.146361231803894,0,0.0,0,0.0,0,1.8688158988952637,2,7
SH,Mamba,73,2349,275,275,27.5,0.3304859399795532,0.41921770572662354,5.9209465980529785,7.157400608062744,0.5663131475448608,1,269,1,269,0.9781818181818182,2.0,269,0.0,0,0.0,0,0.0,0,0.0,2,7
SH,Mamba,73,2350,791,791,79.10000000000001,0.3150693476200104,0.41775140166282654,4.435630798339844,5.128941059112549,0.5235936641693115,0,-1,1,533,0.6738305941845765,2.0,791,0.6216803193092346,0,0.0,0,0.0,0,1.3904606103897095,0,5
SH,Mamba,73,2351,470,470,47.0,0.30608052015304565,0.38869142532348633,5.403715133666992,7.104719161987305,0.806344747543335,0,-1,1,470,1.0,2.0,470,0.7745477557182312,0,0.0,0,0.0,0,13.6100435256958,1,6
SH,Mamba,73,2352,169,169,16.900000000000002,0.22079703211784363,0.2761553227901459,1.0876119136810303,1.3264310359954834,0.19697852432727814,0,-1,1,110,0.650887573964497,2.0,169,0.07107439637184143,0,0.0,0,0.0,0,0.04924227297306061,2,7
SH,Mamba,73,2353,163,163,16.3,0.21049371361732483,0.25238996744155884,3.5454936027526855,4.56775426864624,0.4675493836402893,0,-1,1,163,1.0,2.0,163,0.8958545923233032,0,0.0,0,0.0,0,18.33837127685547,0,5
SH,Mamba,73,2354,482,482,48.2,0.13999585807323456,0.1802213490009308,2.3533620834350586,2.8627614974975586,0.35657477378845215,0,-1,1,482,1.0,2.0,482,0.6689538955688477,0,0.0,0,0.0,0,10.041518211364746,2,7
SH,Mamba,73,2355,321,321,32.1,0.2926942706108093,0.4485523998737335,2.720712900161743,3.242037534713745,0.5486329197883606,0,-1,1,321,1.0,2.0,321,0.7939815521240234,0,0.0,0,0.0,0,6.923452854156494,1,6
SH,Mamba,73,2356,238,238,23.8,0.2864704728126526,0.3729650378227234,1.5257656574249268,1.7975735664367676,0.3560310900211334,0,-1,1,163,0.6848739495798319,2.0,238,0.06405413895845413,0,0.0,0,0.0,0,0.02822958305478096,1,6
SH,Mamba,73,2357,191,191,19.1,0.3294079601764679,0.3989817202091217,1.343927025794983,1.540226697921753,0.2967383563518524,0,-1,1,188,0.9842931937172775,2.0,191,1.2054823637008667,0,0.0,0,0.0,0,5.4315996170043945,0,5
SH,Mamba,73,2358,294,294,29.400000000000002,0.22175633907318115,0.29280224442481995,3.137101411819458,3.837890625,0.4696073532104492,0,-1,1,257,0.8741496598639455,2.0,294,0.8461792469024658,0,0.0,0,0.0,0,11.488890647888184,0,5
SH,Mamba,73,2359,149,149,14.9,0.3398815989494324,0.4407700300216675,1.3657784461975098,1.9449127912521362,0.5310533046722412,0,-1,1,108,0.7248322147651006,2.0,149,1.1334396600723267,0,0.0,0,0.0,0,1.8264578580856323,2,7
SH,Mamba,73,2360,202,202,20.200000000000003,0.15096415579319,0.2008289396762848,6.731020450592041,7.9544758796691895,0.5400292873382568,0,-1,1,88,0.43564356435643564,2.0,202,1.7295734882354736,0,0.0,0,0.0,0,14.055401802062988,1,6
SH,Mamba,73,2361,139,139,13.9,0.25575077533721924,0.3334573209285736,0.7369263768196106,0.9630303382873535,0.29913151264190674,0,-1,0,0,0.0,2.0,139,2.5093765258789062,0,0.0,0,0.0,0,3.6610727310180664,2,7
SH,Mamba,73,2362,710,710,71.0,0.18987137079238892,0.24265150725841522,4.522109031677246,4.900096893310547,0.31896790862083435,0,-1,1,710,1.0,2.0,710,0.4889308512210846,0,0.0,0,0.0,0,5.349213123321533,0,5
SH,Mamba,73,2363,201,201,20.1,0.24192790687084198,0.3017050325870514,15.65084457397461,19.770313262939453,1.9197769165039062,0,-1,1,34,0.1691542288557214,2.0,201,1.9042054414749146,0,0.0,0,0.0,0,3.6728219985961914,0,5
SH,Mamba,73,2364,467,467,46.7,0.19790592789649963,0.2556647062301636,3.07028865814209,3.561861515045166,0.3309050500392914,0,-1,1,464,0.9935760171306209,2.0,467,1.1548221111297607,0,0.0,0,0.0,0,4.784578323364258,0,5
SH,Mamba,73,2365,131,131,13.100000000000001,0.19777461886405945,0.22950296103954315,0.5293108820915222,0.6627403497695923,0.19379392266273499,0,-1,1,131,1.0,2.0,131,1.0845625400543213,0,0.0,0,0.0,0,16.468576431274414,1,6
SH,Mamba,73,2366,262,262,26.200000000000003,0.22766421735286713,0.30333253741264343,4.29489803314209,5.343930244445801,0.7939012050628662,0,-1,1,159,0.6068702290076335,2.0,262,1.2130374908447266,0,0.0,0,0.0,0,18.14426040649414,0,5
SH,Mamba,73,2367,198,198,19.8,0.2684423327445984,0.34196996688842773,1.6509299278259277,2.420440673828125,0.4040190279483795,0,-1,1,9,0.045454545454545456,2.0,198,1.9790626764297485,0,0.0,0,0.0,0,7.153601169586182,0,5
SH,Mamba,73,2368,135,135,13.5,0.5093249082565308,0.5933343768119812,0.9466471076011658,1.7305110692977905,0.8279121518135071,0,-1,0,0,0.0,2.0,135,2.1474876403808594,0,0.0,0,0.0,0,2.051137924194336,2,7
SH,Mamba,73,2369,164,164,16.400000000000002,0.5517397522926331,0.6187298893928528,6.996872425079346,8.182997703552246,1.451363444328308,0,-1,1,141,0.8597560975609756,2.0,164,1.371971845626831,0,0.0,0,0.0,0,0.5964393019676208,2,7
SH,Mamba,73,2370,144,144,14.4,0.24201615154743195,0.30497467517852783,8.386615753173828,11.235613822937012,1.6193101406097412,0,-1,0,0,0.0,2.0,144,2.007882833480835,0,0.0,0,0.0,0,33.07774353027344,1,6
SH,Mamba,73,2371,196,196,19.6,0.10198624432086945,0.13145805895328522,6.948677062988281,9.599306106567383,1.0200828313827515,0,-1,0,0,0.0,2.0,196,3.9130492210388184,0,0.0,0,0.0,0,65.41185760498047,2,7
SH,Mamba,73,2372,263,263,26.3,0.16805513203144073,0.21611084043979645,2.4162042140960693,2.9276492595672607,0.40897440910339355,0,-1,1,263,1.0,2.0,263,1.1419428586959839,0,0.0,0,0.0,0,13.9283447265625,2,7
SH,Mamba,73,2373,151,151,15.100000000000001,0.26741060614585876,0.3209277093410492,1.9061912298202515,2.178187370300293,0.34087586402893066,0,-1,1,78,0.5165562913907285,2.0,151,1.9271005392074585,0,0.0,0,0.0,0,3.6468656063079834,1,6
SH,Mamba,73,2374,156,156,15.600000000000001,0.3199847638607025,0.40415841341018677,0.780641496181488,1.1420403718948364,0.4807838499546051,0,-1,1,117,0.75,2.0,156,1.3898178339004517,0,0.0,0,0.0,0,4.152266979217529,2,7
SH,Mamba,73,2375,743,743,74.3,0.2423473596572876,0.320065975189209,5.694684982299805,6.346827983856201,2.0145103931427,1,476,1,476,0.6406460296096904,2.0,476,0.0,0,0.0,0,0.0,0,0.0,2,7
SH,Mamba,73,2376,528,528,52.800000000000004,0.3220193684101105,0.4782579243183136,8.355254173278809,9.271629333496094,8.320011138916016,1,223,1,223,0.42234848484848486,2.0,223,0.0,0,0.0,0,0.0,0,0.0,1,6
SH,Mamba,73,2377,186,186,18.6,0.22130049765110016,0.27024900913238525,5.015518665313721,6.245321273803711,0.5157461166381836,0,-1,1,186,1.0,2.0,186,0.8165148496627808,0,0.0,0,0.0,0,2.411098003387451,2,7
SH,Mamba,73,2378,131,131,13.100000000000001,0.16594544053077698,0.19771821796894073,3.0638744831085205,3.9698073863983154,0.5286819934844971,0,-1,1,131,1.0,2.0,131,1.3183537721633911,0,0.0,0,0.0,0,19.158157348632812,2,7
SH,Mamba,73,2379,210,210,21.0,0.18074727058410645,0.23023724555969238,3.1523964405059814,4.451664447784424,0.4492439925670624,0,-1,1,210,1.0,2.0,210,0.7837560772895813,0,0.0,0,0.0,0,1.5826294422149658,1,6
SH,Mamba,73,2380,197,197,19.700000000000003,0.4207911491394043,0.5403355956077576,0.8011055588722229,1.3293348550796509,0.5698037147521973,0,-1,1,197,1.0,2.0,197,0.8332397937774658,0,0.0,0,0.0,0,3.577968120574951,1,6
SH,Mamba,73,2381,285,285,28.5,0.3526245951652527,0.42551612854003906,1.6075434684753418,2.288691997528076,0.5471931099891663,0,-1,1,260,0.9122807017543859,2.0,285,1.2908475399017334,0,0.0,0,0.0,0,6.641787528991699,1,6
SH,Mamba,73,2382,172,172,17.2,0.2058241218328476,0.2505350708961487,2.351732015609741,2.786501407623291,0.7331503033638,0,-1,1,83,0.48255813953488375,2.0,172,1.7302823066711426,0,0.0,0,0.0,0,34.52116394042969,0,5
SH,Mamba,73,2383,192,192,19.200000000000003,0.3631216585636139,0.4638911485671997,1.7787469625473022,2.1462297439575195,0.346630722284317,0,-1,1,115,0.5989583333333334,2.0,192,1.5230993032455444,0,0.0,0,0.0,0,3.781862735748291,1,6
SH,Mamba,73,2384,248,248,24.8,0.3213878273963928,0.4043203890323639,6.498037338256836,7.263689041137695,0.6634409427642822,0,-1,1,248,1.0,2.0,248,0.1670534461736679,0,0.0,0,0.0,0,1.2141417264938354,2,7
SH,Mamba,73,2385,318,318,31.8,0.19039450585842133,0.21884781122207642,2.8925540447235107,3.652165174484253,0.41535115242004395,0,-1,1,318,1.0,2.0,318,1.1704083681106567,0,0.0,0,0.0,0,10.850146293640137,1,6
SH,Mamba,73,2386,166,166,16.6,0.4878266453742981,0.6554677486419678,1.4339827299118042,2.3919382095336914,2.523940324783325,1,8,1,8,0.04819277108433735,2.0,8,0.0,0,0.0,0,0.0,0,0.0,2,7
SH,Mamba,73,2387,684,684,68.4,0.3323642313480377,0.43146857619285583,2.8889851570129395,3.4960451126098633,2.456939458847046,1,83,1,83,0.12134502923976608,2.0,83,0.0,0,0.0,0,0.0,0,0.0,1,6
SH,Mamba,73,2388,193,193,19.3,0.280059814453125,0.36846819519996643,1.3884484767913818,2.005999803543091,0.5796668529510498,1,130,1,130,0.6735751295336787,2.0,130,0.0,0,0.0,0,0.0,0,0.0,0,5
SH,Mamba,73,2389,357,357,35.7,0.2734324634075165,0.35056501626968384,2.64237642288208,3.2099790573120117,0.4659596383571625,0,-1,1,357,1.0,2.0,357,1.0867860317230225,0,0.0,0,0.0,0,12.475417137145996,2,7
SH,Mamba,73,2390,402,402,40.2,0.29889050126075745,0.411914587020874,2.5333120822906494,3.9242022037506104,0.6372283101081848,0,-1,1,114,0.2835820895522388,2.0,402,1.6293714046478271,0,0.0,0,0.0,0,5.4399824142456055,0,5
SH,Mamba,73,2391,743,743,74.3,0.29749831557273865,0.4030979573726654,1.760076642036438,1.9852501153945923,0.3865479528903961,1,716,1,688,0.9259757738896366,2.0,716,0.0,0,0.0,0,0.0,0,0.0,1,6
SH,Mamba,73,2392,165,165,16.5,0.1951739490032196,0.25469422340393066,0.9469202160835266,1.12236487865448,0.3144536018371582,0,-1,1,165,1.0,2.0,165,0.8576015830039978,0,0.0,0,0.0,0,9.118006706237793,0,5
SH,Mamba,73,2393,215,215,21.5,0.35960501432418823,0.43610525131225586,2.2102599143981934,2.595198154449463,0.3443150818347931,0,-1,1,188,0.8744186046511628,2.0,215,1.1774839162826538,0,0.0,0,0.0,0,2.244699478149414,0,5
SH,Mamba,73,2394,154,154,15.4,0.136394664645195,0.1635863333940506,4.297290802001953,5.10564661026001,0.46512097120285034,0,-1,1,154,1.0,2.0,154,0.7398648262023926,0,0.0,0,0.0,0,10.684144020080566,2,7
SH,Mamba,73,2395,190,190,19.0,0.39849284291267395,0.5323761105537415,1.2411717176437378,1.586276650428772,0.4243719279766083,0,-1,1,190,1.0,2.0,190,0.9181283116340637,0,0.0,0,0.0,0,3.050130844116211,1,6
SH,Mamba,73,2396,132,132,13.200000000000001,0.20983830094337463,0.2814493179321289,1.3119219541549683,1.7166388034820557,0.38848891854286194,0,-1,1,132,1.0,2.0,132,0.9740564227104187,0,0.0,0,0.0,0,2.26330828666687,1,6
SH,Mamba,73,2397,222,222,22.200000000000003,0.16764196753501892,0.21296294033527374,5.217659950256348,6.115621566772461,0.6537941098213196,0,-1,1,222,1.0,2.0,222,1.3413804769515991,0,0.0,0,0.0,0,21.47903060913086,2,7
SH,Mamba,73,2398,162,162,16.2,0.40477314591407776,0.5286020636558533,0.8528151512145996,1.011394739151001,0.43107613921165466,0,-1,1,154,0.9506172839506173,2.0,162,1.0608333349227905,0,0.0,0,0.0,0,4.607029438018799,2,7
SH,Mamba,73,2399,175,175,17.5,0.2551380693912506,0.3170526921749115,13.311623573303223,17.4793643951416,1.982334017753601,0,-1,0,0,0.0,2.0,175,2.218764305114746,0,0.0,0,0.0,0,19.43836784362793,0,5
SH,Mamba,73,2400,343,343,34.300000000000004,0.28964370489120483,0.3561670482158661,2.108433246612549,2.8253817558288574,0.4551199972629547,0,-1,1,159,0.46355685131195334,2.0,343,1.4228980541229248,0,0.0,0,0.0,0,8.463432312011719,1,6
SH,Mamba,73,2401,661,661,66.10000000000001,0.24322985112667084,0.3080190420150757,14.976478576660156,16.913694381713867,0.7891975045204163,0,-1,1,661,1.0,2.0,661,0.640910267829895,0,0.0,0,0.0,0,9.497166633605957,2,7
SH,Mamba,73,2402,276,276,27.6,0.33876127004623413,0.3971838355064392,7.243399143218994,8.62154769897461,0.9455955624580383,0,-1,0,0,0.0,2.0,276,3.744225263595581,0,0.0,0,0.0,0,7.480204105377197,1,6
SH,Mamba,73,2403,156,156,15.600000000000001,0.3044319748878479,0.3683868944644928,5.1015777587890625,6.034079551696777,0.7337914109230042,0,-1,1,156,1.0,2.0,156,0.7629576921463013,0,0.0,0,0.0,0,3.990912675857544,0,5
SH,Mamba,73,2404,255,255,25.5,0.3953476548194885,0.5855605602264404,7.274033069610596,8.47008228302002,0.6940248608589172,0,-1,1,255,1.0,2.0,255,0.8128643035888672,0,0.0,0,0.0,0,5.89593505859375,1,6
SH,Mamba,73,2405,240,240,24.0,0.3795037865638733,0.4379833936691284,1.3877484798431396,2.229379177093506,0.4853837788105011,0,-1,1,240,1.0,2.0,240,0.9539306163787842,0,0.0,0,0.0,0,4.380612850189209,0,5
SH,Mamba,73,2406,296,296,29.6,0.3818965554237366,0.49740877747535706,2.8584001064300537,3.870361328125,0.5794083476066589,0,-1,1,296,1.0,2.0,296,0.5979480743408203,0,0.0,0,0.0,0,10.58016586303711,0,5
SH,Mamba,73,2407,231,231,23.1,0.25956472754478455,0.3348900377750397,4.31467342376709,5.064765930175781,0.5178366899490356,1,204,1,117,0.5064935064935064,2.0,204,0.0,0,0.0,0,0.0,0,0.0,2,7
SH,Mamba,73,2408,454,454,45.400000000000006,0.2944622039794922,0.34786030650138855,6.064806938171387,7.4168901443481445,0.45685744285583496,0,-1,1,454,1.0,2.0,454,0.5600079298019409,0,0.0,0,0.0,0,9.642967224121094,2,7
SH,Mamba,73,2409,1831,1831,183.10000000000002,0.29796087741851807,0.36856406927108765,6.031956195831299,6.802593231201172,0.5437259674072266,0,-1,1,1831,1.0,2.0,1831,0.26337730884552,0,0.0,0,0.0,0,1.2394018173217773,1,6
SH,Mamba,73,2410,161,161,16.1,0.4369434714317322,0.6154574751853943,1.9556835889816284,3.191082000732422,0.8565722107887268,0,-1,1,161,1.0,2.0,161,0.6915590763092041,0,0.0,0,0.0,0,6.060554504394531,2,7
SH,Mamba,73,2411,184,184,18.400000000000002,0.38687363266944885,0.5857442617416382,5.441615104675293,6.090892791748047,0.7429035305976868,1,163,1,163,0.8858695652173914,2.0,163,0.0,0,0.0,0,0.0,0,0.0,1,6
SH,Mamba,73,2412,134,134,13.4,0.21481609344482422,0.2597770392894745,1.0591856241226196,1.215552806854248,0.40183910727500916,0,-1,0,0,0.0,2.0,134,2.9735753536224365,0,0.0,0,0.0,0,4.783988952636719,2,7
SH,Mamba,73,2413,135,135,13.5,0.21475616097450256,0.25966131687164307,2.840364933013916,3.216855525970459,0.5663646459579468,0,-1,1,135,1.0,2.0,135,0.7418964505195618,0,0.0,0,0.0,0,13.808547019958496,0,5
SH,Mamba,73,2414,141,141,14.100000000000001,0.27932843565940857,0.3699765205383301,2.231234073638916,2.6905572414398193,0.8169825673103333,0,-1,0,0,0.0,2.0,141,2.070418357849121,0,0.0,0,0.0,0,8.213911056518555,2,7
SH,Mamba,73,2415,289,289,28.900000000000002,0.27523380517959595,0.3250305950641632,3.131491184234619,3.4419565200805664,0.26746127009391785,0,-1,1,289,1.0,2.0,289,0.9272798299789429,0,0.0,0,0.0,0,9.456876754760742,2,7
SH,Mamba,73,2416,869,869,86.9,0.1798955351114273,0.23790940642356873,4.796402454376221,5.552244663238525,0.3026164472103119,0,-1,1,625,0.7192174913693901,2.0,869,0.7692596316337585,0,0.0,0,0.0,0,1.6971880197525024,1,6
SH,Mamba,73,2417,167,167,16.7,0.2273486703634262,0.25948023796081543,7.7430572509765625,11.213361740112305,1.63661527633667,0,-1,0,0,0.0,2.0,167,2.485555410385132,0,0.0,0,0.0,0,54.03527069091797,2,7
SH,Mamba,73,2418,167,167,16.7,0.1784307211637497,0.20693658292293549,0.5327087044715881,0.6890239715576172,0.333060085773468,0,-1,1,167,1.0,2.0,167,0.7083959579467773,0,0.0,0,0.0,0,2.3711843490600586,0,5
SH,Mamba,73,2419,237,237,23.700000000000003,0.18696831166744232,0.24674810469150543,8.99179744720459,11.24744987487793,0.9604805707931519,0,-1,1,106,0.4472573839662447,2.0,237,0.7137638330459595,0,0.0,0,0.0,0,19.31099510192871,2,7
SH,Mamba,73,2420,257,257,25.700000000000003,0.2744928002357483,0.33975139260292053,0.7559698224067688,0.8984707593917847,0.33483514189720154,0,-1,1,257,1.0,2.0,257,0.7484585642814636,0,0.0,0,0.0,0,3.5460801124572754,1,6
SH,Mamba,73,2421,142,142,14.200000000000001,0.2846355736255646,0.3762812614440918,1.9903711080551147,3.432725429534912,0.8308902382850647,0,-1,0,0,0.0,2.0,142,2.2177371978759766,0,0.0,0,0.0,0,31.857315063476562,1,6
SH,Mamba,73,2422,266,266,26.6,0.23808389902114868,0.29007717967033386,12.538566589355469,14.261600494384766,0.7267367839813232,0,-1,1,266,1.0,2.0,266,0.5916802883148193,0,0.0,0,0.0,0,9.991853713989258,2,7
SH,Mamba,73,2423,753,753,75.3,0.3332078158855438,0.4235687851905823,7.405860900878906,9.773646354675293,0.9039092659950256,0,-1,1,185,0.2456839309428951,2.0,753,1.4503074884414673,0,0.0,0,0.0,0,9.795391082763672,1,6
SH,Mamba,73,2424,233,233,23.3,0.23950637876987457,0.29071104526519775,2.482264995574951,2.8373050689697266,0.2942223846912384,0,-1,1,233,1.0,2.0,233,0.855340838432312,0,0.0,0,0.0,0,4.898576736450195,0,5
SH,Mamba,73,2425,173,173,17.3,0.19899369776248932,0.26902100443840027,0.7899240255355835,0.8813111782073975,0.20621807873249054,0,-1,1,154,0.8901734104046243,2.0,173,1.1329113245010376,0,0.0,0,0.0,0,3.7354066371917725,0,5
SH,Mamba,73,2426,314,314,31.400000000000002,0.19720390439033508,0.30226656794548035,3.5943055152893066,3.870159387588501,0.3199964761734009,0,-1,1,314,1.0,2.0,314,0.425862193107605,0,0.0,0,0.0,0,3.5620296001434326,0,5
SH,Mamba,73,2427,197,197,19.700000000000003,0.20177064836025238,0.2584097385406494,7.172125339508057,8.562760353088379,0.7938951849937439,0,-1,0,0,0.0,2.0,197,2.0147368907928467,0,0.0,0,0.0,0,64.66031646728516,2,7
SH,Mamba,73,2428,198,198,19.8,0.2547075152397156,0.323056697845459,0.8685378432273865,1.4970035552978516,0.44511547684669495,0,-1,1,198,1.0,2.0,198,0.815716028213501,0,0.0,0,0.0,0,3.4165914058685303,1,6
SH,Mamba,73,2429,477,477,47.7,0.18035370111465454,0.21718868613243103,5.664947986602783,8.254563331604004,0.6425596475601196,0,-1,1,196,0.4109014675052411,2.0,477,0.9371117949485779,0,0.0,0,0.0,0,12.882551193237305,2,7
SH,Mamba,73,2430,180,180,18.0,0.2759110629558563,0.3345450460910797,1.9251692295074463,2.2117197513580322,0.4013681709766388,0,-1,1,146,0.8111111111111111,2.0,180,1.4717862606048584,0,0.0,0,0.0,0,3.156686782836914,0,5
SH,Mamba,73,2431,174,174,17.400000000000002,0.19282086193561554,0.22242727875709534,5.153576850891113,7.007066249847412,1.0380970239639282,0,-1,1,122,0.7011494252873564,2.0,174,1.317327857017517,0,0.0,0,0.0,0,23.452260971069336,0,5
SH,Mamba,73,2432,165,165,16.5,0.3624279499053955,0.4432622492313385,4.898805141448975,5.933914661407471,0.6563258171081543,0,-1,0,0,0.0,2.0,165,3.129862070083618,0,0.0,0,0.0,0,10.78831958770752,1,6
SH,Mamba,73,2433,150,150,15.0,0.39317843317985535,0.5054346323013306,3.1107943058013916,3.7545669078826904,1.1172878742218018,0,-1,0,0,0.0,2.0,150,2.0845234394073486,0,0.0,0,0.0,0,14.982802391052246,1,6
SH,Mamba,73,2434,319,319,31.900000000000002,0.5200669765472412,0.7777904868125916,31.270841598510742,37.651065826416016,3.2673604488372803,0,-1,0,0,0.0,2.0,319,2.9058122634887695,0,0.0,0,0.0,0,23.922088623046875,2,7
SH,Mamba,73,2435,1191,1191,119.10000000000001,0.31507766246795654,0.43218541145324707,7.117171287536621,8.241080284118652,2.116838216781616,1,923,1,893,0.7497900923593619,2.0,923,0.0,0,0.0,0,0.0,0,0.0,2,7
SH,Mamba,73,2436,328,328,32.800000000000004,0.5449748635292053,0.6813256740570068,12.552935600280762,14.923189163208008,1.2345881462097168,0,-1,1,101,0.3079268292682927,2.0,328,1.337585210800171,0,0.0,0,0.0,0,5.934476375579834,1,6
SH,Mamba,73,2437,210,210,21.0,0.14057132601737976,0.16005930304527283,11.070737838745117,14.887321472167969,1.5053842067718506,0,-1,1,92,0.4380952380952381,2.0,210,1.7700413465499878,0,0.0,0,0.0,0,31.969348907470703,2,7
SH,Mamba,73,2438,297,297,29.700000000000003,0.27503517270088196,0.35044020414352417,2.9059762954711914,3.6262404918670654,0.5816666483879089,0,-1,1,292,0.9831649831649831,2.0,297,1.0521748065948486,0,0.0,0,0.0,0,6.265841484069824,2,7
SH,Mamba,73,2439,223,223,22.3,0.32920005917549133,0.446045458316803,3.986929416656494,4.525582790374756,0.9597970843315125,0,-1,0,0,0.0,2.0,223,3.790579080581665,0,0.0,0,0.0,0,4.647835731506348,1,6
SH,Mamba,73,2440,175,175,17.5,0.4008052349090576,0.471570760011673,2.58744215965271,3.0641984939575195,0.5603355765342712,0,-1,1,158,0.9028571428571428,2.0,175,1.4125308990478516,0,0.0,0,0.0,0,3.541311740875244,1,6
SH,Mamba,73,2441,329,329,32.9,0.32957735657691956,0.4150390326976776,4.081660270690918,5.686873435974121,0.6207332611083984,0,-1,1,329,1.0,2.0,329,1.1796813011169434,0,0.0,0,0.0,0,20.44451141357422,0,5
SH,Mamba,73,2442,201,201,20.1,0.4973387122154236,0.5738059878349304,2.4991042613983154,3.2090375423431396,0.7016648650169373,0,-1,1,201,1.0,2.0,201,0.9187354445457458,0,0.0,0,0.0,0,12.763975143432617,1,6
SH,Mamba,73,2443,193,193,19.3,0.21413849294185638,0.257859468460083,5.121623516082764,6.499722480773926,0.7376946806907654,0,-1,0,0,0.0,2.0,193,2.305837392807007,0,0.0,0,0.0,0,14.997427940368652,1,6
SH,Mamba,73,2444,738,738,73.8,0.2897949814796448,0.41655683517456055,9.481274604797363,10.592024803161621,0.43396344780921936,1,678,1,678,0.9186991869918699,2.0,678,0.0,0,0.0,0,0.0,0,0.0,1,6
SH,Mamba,73,2445,279,279,27.900000000000002,0.3151884078979492,0.3533075749874115,38.24089050292969,51.10401916503906,4.194772720336914,0,-1,0,0,0.0,2.0,279,8.651962280273438,0,0.0,0,0.0,0,80.4300308227539,0,5
SH,Mamba,73,2446,212,212,21.200000000000003,0.3274672031402588,0.4100636839866638,6.546113967895508,8.166318893432617,0.6153129935264587,0,-1,1,144,0.6792452830188679,2.0,212,1.3542413711547852,0,0.0,0,0.0,0,3.3257124423980713,2,7
SH,Mamba,73,2447,266,266,26.6,0.23969559371471405,0.3172470033168793,10.334585189819336,12.606083869934082,0.895387589931488,0,-1,1,266,1.0,2.0,266,1.0837228298187256,0,0.0,0,0.0,0,14.106963157653809,1,6
SH,Mamba,73,2448,268,268,26.8,0.24048486351966858,0.30044010281562805,2.68241024017334,3.8180298805236816,0.5571028590202332,0,-1,1,248,0.9253731343283582,2.0,268,1.2842144966125488,0,0.0,0,0.0,0,18.697893142700195,2,7
SH,Mamba,73,2449,196,196,19.6,0.3474619388580322,0.48394033312797546,1.5273714065551758,2.3955790996551514,0.6324831247329712,0,-1,1,91,0.4642857142857143,2.0,196,1.2744626998901367,0,0.0,0,0.0,0,3.206047296524048,0,5
SH,Mamba,73,2450,254,254,25.400000000000002,0.38384538888931274,0.46191537380218506,3.859722852706909,4.936497211456299,0.6015666723251343,0,-1,1,254,1.0,2.0,254,0.4000037908554077,0,0.0,0,0.0,0,5.5829949378967285,2,7
SH,Mamba,73,2451,187,187,18.7,0.32263749837875366,0.37428081035614014,3.7491841316223145,5.020173072814941,0.5765602588653564,0,-1,1,163,0.8716577540106952,2.0,187,1.5864049196243286,0,0.0,0,0.0,0,9.888324737548828,2,7
SH,Mamba,73,2452,187,187,18.7,0.1689348667860031,0.22253744304180145,2.8253793716430664,4.263413429260254,0.5727894902229309,0,-1,1,20,0.10695187165775401,2.0,187,1.8727964162826538,0,0.0,0,0.0,0,52.9572639465332,0,5
SH,Mamba,73,2453,345,345,34.5,0.41502469778060913,0.5816346406936646,1.6802750825881958,1.9539679288864136,0.6058238744735718,1,314,1,314,0.9101449275362319,2.0,314,0.0,0,0.0,0,0.0,0,0.0,0,5
SH,Mamba,73,2454,152,152,15.200000000000001,0.2585825026035309,0.3164771497249603,1.804690957069397,2.1407313346862793,0.2981627881526947,0,-1,0,0,0.0,2.0,152,2.1389026641845703,0,0.0,0,0.0,0,1.9234517812728882,2,7
SH,Mamba,73,2455,136,136,13.600000000000001,0.3230348825454712,0.4027048647403717,1.2813677787780762,1.592944860458374,0.2745707333087921,1,134,1,100,0.7352941176470589,2.0,134,0.0,0,0.0,0,0.0,0,0.0,1,6
SH,Mamba,73,2456,300,300,30.0,0.22209589183330536,0.3175514340400696,1.1115405559539795,1.4202392101287842,0.5206750631332397,1,209,1,209,0.6966666666666667,2.0,209,0.0,0,0.0,0,0.0,0,0.0,0,5
SH,Mamba,73,2457,894,894,89.4,0.2650427520275116,0.3858078420162201,5.699604511260986,6.7764763832092285,1.7793346643447876,1,511,1,501,0.5604026845637584,2.0,511,0.0,0,0.0,0,0.0,0,0.0,0,5
SH,Mamba,73,2458,325,325,32.5,0.40361014008522034,0.5401570200920105,6.405796051025391,7.264519214630127,0.732676088809967,0,-1,1,325,1.0,2.0,325,0.6591334342956543,0,0.0,0,0.0,0,2.6029458045959473,1,6
SH,Mamba,73,2459,174,174,17.400000000000002,0.2575536072254181,0.3258214294910431,7.179045677185059,8.577757835388184,0.7688604593276978,0,-1,0,0,0.0,2.0,174,3.859072208404541,0,0.0,0,0.0,0,43.17455291748047,1,6
SH,Mamba,73,2460,190,190,19.0,0.4165564179420471,0.5383912324905396,6.192769527435303,6.899302005767822,0.7231076955795288,0,-1,1,3,0.015789473684210527,2.0,190,1.9797791242599487,0,0.0,0,0.0,0,12.028173446655273,2,7
SH,Mamba,73,2461,178,178,17.8,0.4388585090637207,0.6742931604385376,4.835346221923828,5.585330486297607,0.7021816372871399,0,-1,1,178,1.0,2.0,178,0.683917224407196,0,0.0,0,0.0,0,9.82378101348877,1,6
SH,Mamba,73,2462,343,343,34.300000000000004,0.2615562379360199,0.322767972946167,3.3005733489990234,4.211911678314209,0.8766123652458191,1,159,1,113,0.3294460641399417,2.0,159,0.0,0,0.0,0,0.0,0,0.0,2,7
SH,Mamba,73,2463,277,277,27.700000000000003,0.3142000436782837,0.3885602653026581,10.416365623474121,13.810086250305176,1.1690216064453125,0,-1,1,114,0.41155234657039713,2.0,277,1.5470621585845947,0,0.0,0,0.0,0,24.44617462158203,1,6
SH,Mamba,73,2464,439,439,43.900000000000006,0.1692451387643814,0.2385275512933731,4.2453532218933105,5.082400321960449,0.4005586504936218,0,-1,1,386,0.8792710706150342,2.0,439,0.3155692219734192,0,0.0,0,0.0,0,0.9764023423194885,2,7
SH,Mamba,73,2465,515,515,51.5,0.17435696721076965,0.21613971889019012,4.813021183013916,6.261961936950684,0.4327114224433899,0,-1,1,467,0.9067961165048544,2.0,515,1.0645989179611206,0,0.0,0,0.0,0,4.858492374420166,1,6
SH,Mamba,73,2466,1328,1328,132.8,0.32783690094947815,0.45428287982940674,7.144198894500732,8.509011268615723,3.786172866821289,1,684,1,684,0.5150602409638554,2.0,684,0.0,0,0.0,0,0.0,0,0.0,0,5
SH,Mamba,73,2467,265,265,26.5,0.23851458728313446,0.29160577058792114,5.6791768074035645,7.33568000793457,0.5703296661376953,0,-1,1,213,0.8037735849056604,2.0,265,0.915770947933197,0,0.0,0,0.0,0,8.127538681030273,1,6
SH,Mamba,73,2468,344,344,34.4,0.256468802690506,0.33930879831314087,2.6320693492889404,4.287155628204346,0.6473183631896973,0,-1,1,344,1.0,2.0,344,0.8241757750511169,0,0.0,0,0.0,0,3.7032318115234375,1,6
SH,Mamba,73,2469,358,358,35.800000000000004,0.3475252091884613,0.4445209503173828,4.037977695465088,4.334902763366699,1.13418447971344,1,142,1,142,0.39664804469273746,2.0,142,0.0,0,0.0,0,0.0,0,0.0,1,6
SH,Mamba,73,2470,484,484,48.400000000000006,0.14104288816452026,0.1713971048593521,4.469615459442139,5.013442039489746,0.3637383282184601,0,-1,1,484,1.0,2.0,484,1.1570863723754883,0,0.0,0,0.0,0,17.419233322143555,2,7
SH,Mamba,73,2471,312,312,31.200000000000003,0.24734482169151306,0.30247342586517334,3.8951494693756104,4.6922197341918945,0.6782295107841492,0,-1,1,78,0.25,2.0,312,1.6047874689102173,0,0.0,0,0.0,0,0.8081663846969604,0,5
SH,Mamba,73,2472,229,229,22.900000000000002,0.11499138921499252,0.13819248974323273,5.474424362182617,6.68242073059082,0.5077351331710815,0,-1,0,0,0.0,2.0,229,2.6639881134033203,0,0.0,0,0.0,0,62.332191467285156,1,6
SH,Mamba,73,2473,140,140,14.0,0.21411123871803284,0.28783470392227173,1.8971081972122192,2.2017619609832764,0.42334839701652527,0,-1,0,0,0.0,2.0,140,2.3745956420898438,0,0.0,0,0.0,0,65.79048919677734,1,6
SH,Mamba,73,2474,246,246,24.6,0.3384569585323334,0.4391421973705292,1.8881382942199707,2.2291712760925293,0.3819802701473236,0,-1,1,246,1.0,2.0,246,0.9785666465759277,0,0.0,0,0.0,0,4.762080669403076,0,5
SH,Mamba,73,2475,251,251,25.1,0.19390122592449188,0.25845134258270264,14.689828872680664,16.528900146484375,0.904029130935669,0,-1,1,251,1.0,2.0,251,1.0053290128707886,0,0.0,0,0.0,0,17.671892166137695,1,6
SH,Mamba,73,2476,164,164,16.400000000000002,0.38808557391166687,0.48593997955322266,4.779139518737793,5.498212814331055,0.7802865505218506,0,-1,0,0,0.0,2.0,164,2.305755138397217,0,0.0,0,0.0,0,16.43853187561035,0,5
SH,Mamba,73,2477,262,262,26.200000000000003,0.4434049427509308,0.6147868633270264,2.340660572052002,2.7731826305389404,0.6678070425987244,1,247,1,247,0.9427480916030534,2.0,247,0.0,0,0.0,0,0.0,0,0.0,1,6
SH,Mamba,73,2478,708,708,70.8,0.1780027449131012,0.22363656759262085,15.690831184387207,16.391019821166992,0.6710551381111145,0,-1,1,708,1.0,2.0,708,0.41247856616973877,0,0.0,0,0.0,0,5.437948703765869,0,5
SH,Mamba,73,2479,291,291,29.1,0.2954513430595398,0.3734864592552185,6.774820327758789,7.964198589324951,0.5608698129653931,0,-1,1,291,1.0,2.0,291,0.6702136397361755,0,0.0,0,0.0,0,14.311494827270508,2,7
SH,Mamba,73,2480,149,149,14.9,0.3940783739089966,0.46404963731765747,5.073076248168945,5.630341053009033,0.6321027874946594,0,-1,1,149,1.0,2.0,149,0.6948038339614868,0,0.0,0,0.0,0,10.610974311828613,0,5
SH,Mamba,73,2481,134,134,13.4,0.3818853795528412,0.4452773332595825,3.0502941608428955,3.496166944503784,0.5721603631973267,0,-1,0,0,0.0,2.0,134,2.766141414642334,0,0.0,0,0.0,0,24.086050033569336,0,5
SH,Mamba,73,2482,290,290,29.0,0.2503401041030884,0.33947888016700745,1.9783706665039062,2.0802834033966064,1.0057241916656494,1,49,1,49,0.16896551724137931,2.0,49,0.0,0,0.0,0,0.0,0,0.0,0,5
SH,Mamba,73,2483,436,436,43.6,0.3391038179397583,0.40863940119743347,1.5225132703781128,1.9011633396148682,0.4917726516723633,0,-1,1,436,1.0,2.0,436,0.6631516218185425,0,0.0,0,0.0,0,11.619585037231445,0,5
SH,Mamba,73,2484,750,750,75.0,0.37210002541542053,0.48047322034835815,10.15283489227295,11.68508243560791,2.3395659923553467,1,436,1,416,0.5546666666666666,2.0,436,0.0,0,0.0,0,0.0,0,0.0,0,5
SH,Mamba,73,2485,159,159,15.9,0.28353118896484375,0.34475594758987427,2.1317853927612305,3.075493335723877,0.48286736011505127,0,-1,1,159,1.0,2.0,159,0.9561601281166077,0,0.0,0,0.0,0,22.912118911743164,0,5
SH,Mamba,73,2486,365,365,36.5,0.2911999821662903,0.3858051598072052,1.1941769123077393,1.4095288515090942,0.2691035866737366,1,347,1,341,0.9342465753424658,2.0,347,0.0,0,0.0,0,0.0,0,0.0,2,7
SH,Mamba,73,2487,141,141,14.100000000000001,0.19678163528442383,0.24909095466136932,6.680017948150635,9.076728820800781,1.447054147720337,0,-1,0,0,0.0,2.0,141,2.545459270477295,0,0.0,0,0.0,0,42.58918762207031,0,5
SH,Mamba,73,2488,182,182,18.2,0.3204256594181061,0.40796807408332825,2.2798917293548584,2.842939615249634,0.8703927397727966,0,-1,1,182,1.0,2.0,182,0.8601454496383667,0,0.0,0,0.0,0,10.063346862792969,2,7
SH,Mamba,73,2489,250,250,25.0,0.2368217557668686,0.30588459968566895,0.8169540166854858,1.002142071723938,0.15835106372833252,0,-1,1,198,0.792,2.0,250,0.5881654024124146,0,0.0,0,0.0,0,1.2270796298980713,0,5
SH,Mamba,73,2490,1027,1027,102.7,0.2615927457809448,0.32187944650650024,4.834473609924316,5.393154144287109,0.4354059100151062,0,-1,1,1027,1.0,2.0,1027,0.6522323489189148,0,0.0,0,0.0,0,6.233818531036377,2,7
SH,Mamba,73,2491,181,181,18.1,0.3856826722621918,0.47824352979660034,2.732905149459839,3.309683322906494,0.45633697509765625,0,-1,1,181,1.0,2.0,181,0.9756434559822083,0,0.0,0,0.0,0,7.389768600463867,1,6
SH,Mamba,73,2492,470,470,47.0,0.2563307285308838,0.3368070423603058,9.214079856872559,12.423404693603516,1.047583818435669,1,412,1,346,0.7361702127659574,2.0,412,0.0,0,0.0,0,0.0,0,0.0,2,7
SH,Mamba,73,2493,143,143,14.3,0.48084595799446106,0.5717673897743225,5.657820224761963,6.341716289520264,1.0293262004852295,1,102,1,102,0.7132867132867133,2.0,102,0.0,0,0.0,0,0.0,0,0.0,1,6
SH,Mamba,73,2494,463,463,46.300000000000004,0.5840244889259338,0.7546389102935791,11.60815715789795,12.386702537536621,3.3510732650756836,1,213,1,213,0.46004319654427644,2.0,213,0.0,0,0.0,0,0.0,0,0.0,1,6
SH,Mamba,73,2495,207,207,20.700000000000003,0.4255864918231964,0.5689552426338196,2.6125903129577637,2.935835361480713,0.49240535497665405,0,-1,1,84,0.4057971014492754,2.0,207,1.5353233814239502,0,0.0,0,0.0,0,3.2853875160217285,2,7
SH,Mamba,73,2496,159,159,15.9,0.26866841316223145,0.37563037872314453,3.464554786682129,4.335545063018799,0.5457236766815186,0,-1,0,0,0.0,2.0,159,4.136582851409912,0,0.0,0,0.0,0,6.001298904418945,1,6
SH,Mamba,73,2497,196,196,19.6,0.1991191804409027,0.23885968327522278,2.692831516265869,3.6803510189056396,0.589512825012207,0,-1,1,196,1.0,2.0,196,0.5863574147224426,0,0.0,0,0.0,0,11.273542404174805,1,6
SH,Mamba,73,2498,133,133,13.3,0.33367255330085754,0.4605112075805664,2.505610704421997,2.798365354537964,0.5035349726676941,0,-1,1,72,0.5413533834586466,2.0,133,1.486168384552002,0,0.0,0,0.0,0,4.877199649810791,1,6
SH,Mamba,73,2499,218,218,21.8,0.21590611338615417,0.25640222430229187,11.28347396850586,14.869597434997559,1.2259085178375244,0,-1,1,218,1.0,2.0,218,0.7383131980895996,0,0.0,0,0.0,0,14.034006118774414,2,7
SH,Mamba,73,2500,191,191,19.1,0.3056063950061798,0.4151286780834198,2.3803300857543945,2.6896111965179443,0.572245717048645,0,-1,1,6,0.031413612565445025,2.0,191,1.9618465900421143,0,0.0,0,0.0,0,6.735117435455322,1,6
SH,Mamba,73,2501,220,220,22.0,0.2706848084926605,0.33980023860931396,2.2955706119537354,2.790940523147583,0.6851114630699158,0,-1,1,118,0.5363636363636364,2.0,220,1.533141016960144,0,0.0,0,0.0,0,2.9619927406311035,1,6
SH,Mamba,73,2502,284,284,28.400000000000002,0.27500689029693604,0.3678872883319855,9.182083129882812,10.155725479125977,0.5430044531822205,0,-1,1,284,1.0,2.0,284,0.8066484928131104,0,0.0,0,0.0,0,12.047473907470703,1,6
SH,Mamba,73,2503,332,332,33.2,0.27449658513069153,0.38418424129486084,2.3629841804504395,2.866116523742676,0.5816864371299744,1,247,1,179,0.5391566265060241,2.0,247,0.0,0,0.0,0,0.0,0,0.0,0,5
SH,Mamba,73,2504,187,187,18.7,0.444369912147522,0.5386731028556824,8.603873252868652,11.629049301147461,1.2622712850570679,0,-1,1,182,0.9732620320855615,2.0,187,1.3394721746444702,0,0.0,0,0.0,0,9.292057037353516,1,6
SH,Mamba,73,2505,205,205,20.5,0.2556276321411133,0.30323752760887146,5.2899909019470215,5.802074432373047,0.5062986612319946,0,-1,0,0,0.0,2.0,205,2.436947822570801,0,0.0,0,0.0,0,48.23634338378906,0,5
SH,Mamba,73,2506,382,382,38.2,0.42903900146484375,0.525294303894043,10.040397644042969,11.129191398620605,3.2120492458343506,1,184,1,184,0.4816753926701571,2.0,184,0.0,0,0.0,0,0.0,0,0.0,1,6
SH,Mamba,73,2507,602,602,60.2,0.1473919004201889,0.1808043122291565,1.9168134927749634,2.145297050476074,0.19179405272006989,0,-1,1,602,1.0,2.0,602,0.4927951693534851,0,0.0,0,0.0,0,8.214000701904297,0,5
SH,Mamba,73,2508,551,551,55.1,0.2655831277370453,0.3322053849697113,5.616738319396973,6.040617942810059,0.48618200421333313,1,500,1,498,0.9038112522686026,2.0,500,0.0,0,0.0,0,0.0,0,0.0,1,6
SH,Mamba,73,2509,327,327,32.7,0.4280915856361389,0.5453428626060486,3.4771485328674316,3.989821672439575,1.209966778755188,1,174,1,174,0.5321100917431193,2.0,174,0.0,0,0.0,0,0.0,0,0.0,0,5
SH,Mamba,73,2510,295,295,29.5,0.27033260464668274,0.3605586886405945,1.569276213645935,1.7573555707931519,0.2881304919719696,1,292,1,117,0.39661016949152544,2.0,292,0.0,0,0.0,0,0.0,0,0.0,0,5
SH,Mamba,73,2511,429,429,42.900000000000006,0.24207060039043427,0.3761468529701233,2.6626269817352295,3.1756930351257324,0.47691965103149414,1,383,1,334,0.7785547785547785,2.0,383,0.0,0,0.0,0,0.0,0,0.0,2,7
SH,Mamba,73,2512,211,211,21.1,0.38055145740509033,0.5353238582611084,1.0127167701721191,1.6763113737106323,0.3768063485622406,0,-1,1,211,1.0,2.0,211,0.978991687297821,0,0.0,0,0.0,0,3.5792906284332275,2,7
SH,Mamba,73,2513,131,131,13.100000000000001,0.2798725962638855,0.30080586671829224,9.238653182983398,11.608312606811523,1.6235780715942383,0,-1,1,19,0.1450381679389313,2.0,131,1.8221569061279297,0,0.0,0,0.0,0,25.0304012298584,0,5
SH,Mamba,73,2514,133,133,13.3,0.28526780009269714,0.3233768045902252,1.8590131998062134,2.4455554485321045,0.48124396800994873,0,-1,1,133,1.0,2.0,133,1.241762638092041,0,0.0,0,0.0,0,14.36903190612793,2,7
SH,Mamba,73,2515,205,205,20.5,0.4742433726787567,0.6637066006660461,7.009385108947754,8.251606941223145,0.8058503866195679,0,-1,1,205,1.0,2.0,205,0.6378553509712219,0,0.0,0,0.0,0,8.173182487487793,1,6
SH,Mamba,73,2516,151,151,15.100000000000001,0.12817396223545074,0.1641586273908615,0.9963818192481995,1.4746341705322266,0.277921199798584,0,-1,0,0,0.0,2.0,151,2.6253998279571533,0,0.0,0,0.0,0,42.33611297607422,2,7
SH,Mamba,73,2517,290,290,29.0,0.5760582089424133,0.7426453828811646,10.645495414733887,15.508856773376465,1.4051151275634766,0,-1,1,114,0.3931034482758621,2.0,290,1.3657702207565308,0,0.0,0,0.0,0,2.8861727714538574,1,6
SH,Mamba,73,2518,456,456,45.6,0.23161907494068146,0.30963706970214844,1.3711906671524048,1.744094729423523,0.3088148832321167,0,-1,1,367,0.8048245614035088,2.0,456,0.7834019064903259,0,0.0,0,0.0,0,2.3725674152374268,1,6
SH,Mamba,73,2519,224,224,22.400000000000002,0.4689347743988037,0.5978723168373108,1.6916755437850952,2.1757988929748535,0.7316433191299438,0,-1,1,36,0.16071428571428573,2.0,224,1.9428311586380005,0,0.0,0,0.0,0,6.576102256774902,1,6
SH,Mamba,73,2520,373,373,37.300000000000004,0.3740583062171936,0.45736655592918396,4.558082580566406,5.702594757080078,0.8131417036056519,0,-1,1,205,0.5495978552278821,2.0,373,1.499907374382019,0,0.0,0,0.0,0,5.031645774841309,0,5
SH,Mamba,73,2521,260,260,26.0,0.21453450620174408,0.2970609962940216,1.1901707649230957,1.2757164239883423,0.20816095173358917,0,-1,1,192,0.7384615384615385,2.0,260,1.294628381729126,0,0.0,0,0.0,0,7.7806315422058105,0,5
SH,Mamba,73,2522,582,582,58.2,0.2507602572441101,0.3249552249908447,6.504091262817383,8.71413516998291,0.6913589835166931,0,-1,1,582,1.0,2.0,582,0.4886287450790405,0,0.0,0,0.0,0,7.750289440155029,2,7
SH,Mamba,73,2523,336,336,33.6,0.20916253328323364,0.2930801808834076,2.869664192199707,3.1341893672943115,0.3425131142139435,0,-1,1,336,1.0,2.0,336,0.592903196811676,0,0.0,0,0.0,0,6.252795219421387,2,7
SH,Mamba,73,2524,162,162,16.2,0.4975017011165619,0.5905604958534241,2.646601676940918,3.2347030639648438,0.8113836646080017,0,-1,1,162,1.0,2.0,162,0.5614138245582581,0,0.0,0,0.0,0,10.279881477355957,0,5
SH,Mamba,73,2525,415,415,41.5,0.2293117344379425,0.3333531320095062,9.12248706817627,10.498589515686035,0.40599575638771057,0,-1,1,402,0.9686746987951808,2.0,415,1.014203667640686,0,0.0,0,0.0,0,6.732484817504883,0,5
SH,Mamba,73,2526,877,877,87.7,0.17672252655029297,0.22714456915855408,4.801651954650879,5.852206707000732,0.28926384449005127,0,-1,1,843,0.9612314709236032,2.0,877,0.7177789211273193,0,0.0,0,0.0,0,2.9594719409942627,2,7
SH,Mamba,73,2527,292,292,29.200000000000003,0.29028913378715515,0.45192861557006836,6.1356048583984375,10.65351390838623,1.1136478185653687,0,-1,1,187,0.6404109589041096,2.0,292,0.877046525478363,0,0.0,0,0.0,0,0.7030959725379944,1,6
SH,Mamba,73,2528,866,866,86.60000000000001,0.42449086904525757,0.57005774974823,9.683725357055664,10.36995792388916,6.326571464538574,1,344,1,344,0.3972286374133949,2.0,344,0.0,0,0.0,0,0.0,0,0.0,2,7
SH,Mamba,73,2529,278,278,27.8,0.256191611289978,0.438527375459671,3.9577198028564453,4.802527904510498,0.41183504462242126,0,-1,1,278,1.0,2.0,278,0.9621343016624451,0,0.0,0,0.0,0,7.017343521118164,0,5
SH,Mamba,73,2530,396,396,39.6,0.13570940494537354,0.1646108478307724,2.2456347942352295,3.1083083152770996,0.41099220514297485,0,-1,1,396,1.0,2.0,396,0.9702173471450806,0,0.0,0,0.0,0,19.60313606262207,0,5
SH,Mamba,73,2531,227,227,22.700000000000003,0.4649248421192169,0.5582751035690308,3.1516997814178467,3.5794475078582764,0.9864763021469116,0,-1,1,62,0.27312775330396477,2.0,227,1.3655766248703003,0,0.0,0,0.0,0,14.773907661437988,1,6
SH,Mamba,73,2532,165,165,16.5,0.31944993138313293,0.39774370193481445,2.879251718521118,3.326483964920044,0.476544052362442,0,-1,1,165,1.0,2.0,165,0.622473955154419,0,0.0,0,0.0,0,0.13918277621269226,2,7
SH,Mamba,73,2533,169,169,16.900000000000002,0.34131067991256714,0.3924853801727295,3.304885149002075,5.08398962020874,0.7920691967010498,0,-1,1,113,0.6686390532544378,2.0,169,1.5392004251480103,0,0.0,0,0.0,0,7.215734004974365,0,5
SH,Mamba,73,2534,289,289,28.900000000000002,0.12341748178005219,0.14597143232822418,12.465849876403809,15.664776802062988,1.1783432960510254,0,-1,1,172,0.5951557093425606,2.0,289,1.661999225616455,0,0.0,0,0.0,0,38.63905715942383,0,5
SH,Mamba,73,2535,143,143,14.3,0.25538942217826843,0.3206668496131897,1.5253465175628662,1.7621959447860718,0.4640883803367615,0,-1,1,75,0.5244755244755245,2.0,143,1.6414061784744263,0,0.0,0,0.0,0,4.648558616638184,2,7
SH,Mamba,73,2536,196,196,19.6,0.25708213448524475,0.29059627652168274,2.287229061126709,2.802523374557495,0.6019826531410217,0,-1,0,0,0.0,2.0,196,2.4634242057800293,0,0.0,0,0.0,0,54.45758056640625,2,7
SH,Mamba,73,2537,132,132,13.200000000000001,0.33414554595947266,0.4229757487773895,1.421256184577942,1.7238547801971436,0.5215301513671875,0,-1,0,0,0.0,2.0,132,2.483558416366577,0,0.0,0,0.0,0,5.258358478546143,2,7
SH,Mamba,73,2538,4054,4054,405.40000000000003,0.3343662917613983,0.4582253098487854,8.85770320892334,11.731023788452148,5.206026077270508,1,598,1,598,0.14750863344844597,2.0,598,0.0,0,0.0,0,0.0,0,0.0,0,5
SH,Mamba,73,2539,377,377,37.7,0.2726236581802368,0.32612910866737366,3.8632447719573975,4.490876197814941,0.552689254283905,1,342,1,200,0.5305039787798409,2.0,342,0.0,0,0.0,0,0.0,0,0.0,1,6
SH,Mamba,73,2540,242,242,24.200000000000003,0.32944750785827637,0.37698325514793396,20.187881469726562,25.22065544128418,1.6479049921035767,0,-1,1,242,1.0,2.0,242,0.8200648427009583,0,0.0,0,0.0,0,12.02734661102295,1,6
SH,Mamba,73,2541,161,161,16.1,0.38612061738967896,0.48561984300613403,5.231009006500244,6.4374680519104,1.1961076259613037,0,-1,0,0,0.0,2.0,161,2.2628087997436523,0,0.0,0,0.0,0,20.379140853881836,0,5
SH,Mamba,73,2542,205,205,20.5,0.343624085187912,0.44892850518226624,1.1253387928009033,1.4806593656539917,0.3861657977104187,1,199,1,156,0.7609756097560976,2.0,199,0.0,0,0.0,0,0.0,0,0.0,2,7
SH,Mamba,73,2543,263,263,26.3,0.328186571598053,0.4994014501571655,2.9205374717712402,4.270425319671631,0.5682799816131592,0,-1,1,257,0.9771863117870723,2.0,263,1.3628544807434082,0,0.0,0,0.0,0,5.303432464599609,0,5
SH,Mamba,73,2544,189,189,18.900000000000002,0.111700139939785,0.1417592316865921,6.62120246887207,8.804593086242676,0.9291550517082214,0,-1,1,189,1.0,2.0,189,1.2902684211730957,0,0.0,0,0.0,0,20.9421329498291,2,7
SH,Mamba,73,2545,154,154,15.4,0.24994970858097076,0.3176599144935608,1.0461393594741821,1.3379428386688232,0.3471842408180237,0,-1,0,0,0.0,2.0,154,2.3646466732025146,0,0.0,0,0.0,0,2.3545165061950684,0,5
SH,Mamba,73,2546,232,232,23.200000000000003,0.1567351520061493,0.22200721502304077,2.3490331172943115,3.4061174392700195,0.44026392698287964,0,-1,1,232,1.0,2.0,232,0.44030576944351196,0,0.0,0,0.0,0,10.532719612121582,0,5
SH,Mamba,73,2547,318,318,31.8,0.3227866291999817,0.40362751483917236,2.0129871368408203,2.323953151702881,0.5047118663787842,0,-1,0,0,0.0,2.0,318,3.270672082901001,0,0.0,0,0.0,0,5.17007303237915,2,7
SH,Mamba,73,2548,164,164,16.400000000000002,0.28515106439590454,0.4339364469051361,5.674471855163574,7.105647563934326,0.8759241104125977,0,-1,1,96,0.5853658536585366,2.0,164,1.322793960571289,0,0.0,0,0.0,0,17.417888641357422,1,6
SH,Mamba,73,2549,203,203,20.3,0.3352479934692383,0.3968924582004547,1.0493826866149902,1.3693896532058716,0.37692734599113464,1,186,1,175,0.8620689655172413,2.0,186,0.0,0,0.0,0,0.0,0,0.0,0,5
SH,Mamba,73,2550,146,146,14.600000000000001,0.4336525499820709,0.5344712138175964,7.1545729637146,8.310276985168457,1.1230580806732178,0,-1,1,146,1.0,2.0,146,1.0525243282318115,0,0.0,0,0.0,0,3.7693898677825928,0,5
SH,Mamba,73,2551,245,245,24.5,0.18529270589351654,0.240242600440979,5.667776584625244,7.270870208740234,0.5971641540527344,0,-1,1,245,1.0,2.0,245,0.8650501370429993,0,0.0,0,0.0,0,14.681203842163086,1,6
SH,Mamba,73,2552,131,131,13.100000000000001,0.3973785936832428,0.5096128582954407,0.9069798588752747,1.1294372081756592,0.7915341854095459,1,110,1,83,0.6335877862595419,2.0,110,0.0,0,0.0,0,0.0,0,0.0,1,6
SH,Mamba,73,2553,133,133,13.3,0.2495361566543579,0.286952942609787,5.655195236206055,7.245665073394775,1.1774147748947144,0,-1,0,0,0.0,2.0,133,2.4672257900238037,0,0.0,0,0.0,0,21.9180965423584,0,5
SH,Mamba,73,2554,246,246,24.6,0.15836787223815918,0.20547525584697723,1.6431593894958496,1.9481052160263062,0.20998263359069824,0,-1,1,246,1.0,2.0,246,0.5211203098297119,0,0.0,0,0.0,0,1.701666235923767,1,6
SH,Mamba,73,2555,239,239,23.900000000000002,0.3295632600784302,0.43497657775878906,7.35273551940918,8.14050006866455,1.4950177669525146,1,86,1,86,0.3598326359832636,2.0,86,0.0,0,0.0,0,0.0,0,0.0,1,6
SH,Mamba,73,2556,277,277,27.700000000000003,0.27499139308929443,0.3570297956466675,3.2757349014282227,3.6396358013153076,0.4009315073490143,0,-1,1,194,0.7003610108303249,2.0,277,1.3935304880142212,0,0.0,0,0.0,0,10.780070304870605,2,7
SH,Mamba,73,2557,172,172,17.2,0.2880852222442627,0.376975417137146,2.72887921333313,3.180368661880493,0.4501570761203766,0,-1,1,172,1.0,2.0,172,0.29060888290405273,0,0.0,0,0.0,0,3.2290403842926025,1,6
SH,Mamba,73,2558,177,177,17.7,0.42507076263427734,0.5150327086448669,0.9701346755027771,1.7874315977096558,0.5342659950256348,0,-1,1,177,1.0,2.0,177,1.0528552532196045,0,0.0,0,0.0,0,8.497684478759766,0,5
SH,Mamba,73,2559,207,207,20.700000000000003,0.19228190183639526,0.279694139957428,1.64176344871521,1.9507780075073242,0.3755270838737488,0,-1,1,207,1.0,2.0,207,0.5112116932868958,0,0.0,0,0.0,0,8.981929779052734,0,5
SH,Mamba,73,2560,190,190,19.0,0.40343940258026123,0.536778450012207,0.7015984654426575,0.8732941746711731,0.5118324160575867,0,-1,0,0,0.0,2.0,190,2.369091272354126,0,0.0,0,0.0,0,3.399498701095581,0,5
SH,Mamba,73,2561,311,311,31.1,0.30206194519996643,0.3875814974308014,4.107097148895264,4.409712791442871,0.4189871549606323,0,-1,1,311,1.0,2.0,311,0.7124177813529968,0,0.0,0,0.0,0,2.0314056873321533,2,7
SH,Mamba,73,2562,718,718,71.8,0.15528157353401184,0.21485348045825958,11.537833213806152,14.925477981567383,0.6002863049507141,0,-1,1,616,0.8579387186629527,2.0,718,0.4392714500427246,0,0.0,0,0.0,0,6.417545318603516,0,5
SH,Mamba,73,2563,148,148,14.8,0.5017175674438477,0.6199761033058167,1.5657906532287598,1.99086332321167,0.6589313745498657,1,136,1,134,0.9054054054054054,2.0,136,0.0,0,0.0,0,0.0,0,0.0,2,7
SH,Mamba,73,2564,171,171,17.1,0.3798236548900604,0.4972899258136749,6.8305792808532715,7.455892562866211,0.7159300446510315,0,-1,1,171,1.0,2.0,171,0.42623937129974365,0,0.0,0,0.0,0,2.558311939239502,1,6
SH,Mamba,73,2565,190,190,19.0,0.2922109365463257,0.4909394085407257,0.8689720630645752,1.039498209953308,0.3425538241863251,0,-1,1,129,0.6789473684210526,2.0,190,1.4520543813705444,0,0.0,0,0.0,0,13.166421890258789,1,6
SH,Mamba,73,2566,682,682,68.2,0.33894118666648865,0.4096134901046753,5.936858654022217,8.060394287109375,0.48839071393013,0,-1,1,605,0.8870967741935484,2.0,682,0.8631342649459839,0,0.0,0,0.0,0,3.2984039783477783,2,7
SH,Mamba,73,2567,350,350,35.0,0.3008800148963928,0.5505381226539612,8.215078353881836,10.231995582580566,1.5853899717330933,0,-1,1,13,0.037142857142857144,2.0,350,1.9944616556167603,0,0.0,0,0.0,0,37.73916244506836,0,5
SH,Mamba,73,2568,153,153,15.3,0.34598296880722046,0.4293796420097351,2.9654085636138916,3.2925806045532227,0.4569072723388672,0,-1,1,153,1.0,2.0,153,1.093243956565857,0,0.0,0,0.0,0,6.927122592926025,2,7
SH,Mamba,73,2569,481,481,48.1,0.17372088134288788,0.26120319962501526,2.4885125160217285,2.80378794670105,0.2807762622833252,0,-1,1,390,0.8108108108108109,2.0,481,0.42974647879600525,0,0.0,0,0.0,0,4.969455718994141,0,5
SH,Mamba,73,2570,206,206,20.6,0.2129354327917099,0.2664183974266052,3.8146116733551025,5.215158939361572,0.6453720331192017,0,-1,1,189,0.9174757281553398,2.0,206,1.485166072845459,0,0.0,0,0.0,0,16.777530670166016,0,5
SH,Mamba,73,2571,708,708,70.8,0.25346168875694275,0.3079644739627838,11.755868911743164,14.75412654876709,0.8303284645080566,0,-1,1,639,0.902542372881356,2.0,708,0.045224085450172424,0,0.0,0,0.0,0,0.8498868346214294,1,6
SH,Mamba,73,2572,439,439,43.900000000000006,0.43998411297798157,0.5669857263565063,3.492786169052124,4.813663482666016,0.6756141781806946,1,409,1,409,0.9316628701594533,2.0,409,0.0,0,0.0,0,0.0,0,0.0,0,5
SH,Mamba,73,2573,400,400,40.0,0.44421958923339844,0.5271943807601929,1.7669434547424316,2.390958309173584,0.5927153825759888,0,-1,1,400,1.0,2.0,400,0.7533418536186218,0,0.0,0,0.0,0,3.734429359436035,1,6
SH,Mamba,73,2574,326,326,32.6,0.2520100474357605,0.3069472908973694,5.775942325592041,6.872920989990234,0.579319417476654,0,-1,1,134,0.4110429447852761,2.0,326,1.3077813386917114,0,0.0,0,0.0,0,15.109947204589844,0,5
SH,Mamba,73,2575,155,155,15.5,0.3612542748451233,0.5040263533592224,5.1874518394470215,6.181547164916992,0.7040991187095642,0,-1,1,137,0.8838709677419355,2.0,155,1.0324815511703491,0,0.0,0,0.0,0,12.30029582977295,1,6
SH,Mamba,73,2576,304,304,30.400000000000002,0.17865297198295593,0.20789514482021332,8.079242706298828,9.020785331726074,0.6106082797050476,0,-1,1,292,0.9605263157894737,2.0,304,0.6768863201141357,0,0.0,0,0.0,0,14.426069259643555,0,5
SH,Mamba,73,2577,935,935,93.5,0.33777135610580444,0.4445750117301941,5.366152763366699,6.080153465270996,0.5145062804222107,0,-1,1,935,1.0,2.0,935,0.4127667546272278,0,0.0,0,0.0,0,1.7069616317749023,1,6
SH,Mamba,73,2578,177,177,17.7,0.3180767297744751,0.5255833268165588,3.552459478378296,4.042521953582764,0.3400345742702484,0,-1,1,177,1.0,2.0,177,0.3951840102672577,0,0.0,0,0.0,0,5.253695964813232,1,6
SH,Mamba,73,2579,292,292,29.200000000000003,0.36971548199653625,0.4759458005428314,1.0564223527908325,1.3205596208572388,0.4289383888244629,0,-1,1,169,0.5787671232876712,2.0,292,1.7146790027618408,0,0.0,0,0.0,0,0.9833964109420776,2,7
SH,Mamba,73,2580,440,440,44.0,0.35406792163848877,0.44396528601646423,3.383201837539673,3.9214582443237305,0.518977701663971,0,-1,1,163,0.3704545454545455,2.0,440,1.6208314895629883,0,0.0,0,0.0,0,9.158812522888184,0,5
SH,Mamba,73,2581,234,234,23.400000000000002,0.3991667628288269,0.503801703453064,1.8462634086608887,2.4915359020233154,0.5747418403625488,0,-1,1,163,0.6965811965811965,2.0,234,0.6351384520530701,0,0.0,0,0.0,0,0.6016069054603577,1,6
SH,Mamba,73,2582,362,362,36.2,0.37838488817214966,0.5234479904174805,15.070390701293945,17.894094467163086,1.6708617210388184,1,317,1,146,0.40331491712707185,2.0,317,0.0,0,0.0,0,0.0,0,0.0,1,6
SH,Mamba,73,2583,133,133,13.3,0.2159595638513565,0.2727023959159851,1.7909209728240967,2.3267829418182373,0.44984015822410583,0,-1,0,0,0.0,2.0,133,5.550570964813232,0,0.0,0,0.0,0,7.981265544891357,1,6
SH,Mamba,73,2584,327,327,32.7,0.17101061344146729,0.216013565659523,0.7208054065704346,0.91061931848526,0.273057222366333,0,-1,1,326,0.9969418960244648,2.0,327,0.8362841010093689,0,0.0,0,0.0,0,10.595640182495117,1,6
SH,Mamba,73,2585,232,232,23.200000000000003,0.47540879249572754,0.6245316863059998,3.1307060718536377,3.9312584400177,0.6343392133712769,0,-1,1,232,1.0,2.0,232,0.3035321533679962,0,0.0,0,0.0,0,4.219857215881348,1,6
SH,Mamba,73,2586,241,241,24.1,0.1949109435081482,0.23948517441749573,2.9217655658721924,3.469505786895752,0.3036647140979767,0,-1,1,241,1.0,2.0,241,0.537270724773407,0,0.0,0,0.0,0,4.047289848327637,1,6
SH,Mamba,73,2587,287,287,28.700000000000003,0.2071162909269333,0.30443400144577026,2.4073967933654785,3.488840341567993,0.4899946451187134,0,-1,1,287,1.0,2.0,287,1.0923455953598022,0,0.0,0,0.0,0,9.249366760253906,0,5
SH,Mamba,73,2588,248,248,24.8,0.4340874254703522,0.6034271121025085,2.507664442062378,3.583111524581909,0.8514981865882874,0,-1,1,248,1.0,2.0,248,0.909130334854126,0,0.0,0,0.0,0,10.21328353881836,0,5
SH,Mamba,73,2589,216,216,21.6,0.15087595582008362,0.21103927493095398,14.240538597106934,19.0373592376709,1.7891311645507812,0,-1,0,0,0.0,2.0,216,2.3179101943969727,0,0.0,0,0.0,0,45.67559814453125,1,6
SH,Mamba,73,2590,146,146,14.600000000000001,0.3112521171569824,0.4447844624519348,4.718367576599121,5.679993152618408,0.7206541299819946,0,-1,0,0,0.0,2.0,146,3.0465972423553467,0,0.0,0,0.0,0,10.28882884979248,1,6
SH,Mamba,73,2591,144,144,14.4,0.3472141921520233,0.4282335340976715,1.3774207830429077,1.7748315334320068,0.6682784557342529,0,-1,0,0,0.0,2.0,144,2.1410341262817383,0,0.0,0,0.0,0,5.788020610809326,2,7
SH,Mamba,73,2592,517,517,51.7,0.09742498397827148,0.1284460425376892,10.085700988769531,11.338656425476074,0.38716164231300354,0,-1,1,10,0.019342359767891684,2.0,517,1.9540876150131226,0,0.0,0,0.0,0,43.16750717163086,1,6
SH,Mamba,73,2593,989,989,98.9,0.16490259766578674,0.20130543410778046,5.776486396789551,6.974430084228516,0.5118263959884644,0,-1,1,989,1.0,2.0,989,0.44275209307670593,0,0.0,0,0.0,0,5.530338764190674,1,6
SH,Mamba,73,2594,152,152,15.200000000000001,0.19056886434555054,0.2275962233543396,2.0018155574798584,2.461306571960449,0.320509672164917,0,-1,0,0,0.0,2.0,152,2.3140668869018555,0,0.0,0,0.0,0,18.22295379638672,0,5
SH,Mamba,73,2595,159,159,15.9,0.19498372077941895,0.23904377222061157,0.5959746837615967,0.702248752117157,0.16629062592983246,0,-1,1,156,0.9811320754716981,2.0,159,1.5352048873901367,0,0.0,0,0.0,0,3.616185426712036,2,7
SH,Mamba,73,2596,284,284,28.400000000000002,0.26479846239089966,0.3341391682624817,1.953792691230774,2.1160714626312256,0.33127573132514954,0,-1,1,282,0.9929577464788732,2.0,284,1.0225361585617065,0,0.0,0,0.0,0,6.036349296569824,2,7
SH,Mamba,73,2597,225,225,22.5,0.22501517832279205,0.2862407863140106,2.785064458847046,3.3285269737243652,0.2915307581424713,0,-1,1,225,1.0,2.0,225,0.902386486530304,0,0.0,0,0.0,0,2.2768635749816895,1,6
SH,Mamba,73,2598,371,371,37.1,0.22307650744915009,0.2907901406288147,6.40965461730957,7.27951717376709,0.4271343946456909,0,-1,1,371,1.0,2.0,371,0.5104495286941528,0,0.0,0,0.0,0,7.1142578125,2,7
SH,Mamba,73,2599,188,188,18.8,0.6582926511764526,0.7637344002723694,14.770532608032227,20.51889991760254,2.390655040740967,0,-1,0,0,0.0,2.0,188,4.380957126617432,0,0.0,0,0.0,0,41.3151741027832,2,7
SH,Mamba,73,2600,504,504,50.400000000000006,0.28285956382751465,0.4158231317996979,1.9023771286010742,2.192746877670288,0.36545294523239136,0,-1,1,492,0.9761904761904762,2.0,504,0.495199590921402,0,0.0,0,0.0,0,0.663124680519104,2,7
SH,Mamba,73,2601,353,353,35.300000000000004,0.29480576515197754,0.36784127354621887,2.387737512588501,3.3033294677734375,0.41268622875213623,0,-1,1,182,0.5155807365439093,2.0,353,0.5582443475723267,0,0.0,0,0.0,0,0.6970834732055664,1,6
SH,Mamba,73,2602,500,500,50.0,0.17653976380825043,0.22811931371688843,6.709016799926758,7.808126449584961,0.37726011872291565,0,-1,1,500,1.0,2.0,500,0.6737991571426392,0,0.0,0,0.0,0,12.061603546142578,0,5
SH,Mamba,73,2603,141,141,14.100000000000001,0.11107628792524338,0.14021249115467072,5.631249904632568,6.950634002685547,0.9010687470436096,0,-1,1,141,1.0,2.0,141,1.0590790510177612,0,0.0,0,0.0,0,19.454233169555664,1,6
SH,Mamba,73,2604,811,811,81.10000000000001,0.428591787815094,0.5461848974227905,4.339657306671143,6.502970218658447,0.6305936574935913,0,-1,1,811,1.0,2.0,811,0.23731695115566254,0,0.0,0,0.0,0,3.4629149436950684,1,6
SH,Mamba,73,2605,160,160,16.0,0.24301812052726746,0.3728104829788208,0.7155829668045044,1.1192964315414429,0.34162628650665283,1,155,1,155,0.96875,2.0,155,0.0,0,0.0,0,0.0,0,0.0,2,7
SH,Mamba,73,2606,138,138,13.8,0.21361885964870453,0.3329680860042572,0.9908905029296875,1.2820931673049927,0.26716020703315735,0,-1,0,0,0.0,2.0,138,2.8072798252105713,0,0.0,0,0.0,0,8.688519477844238,0,5
SH,Mamba,73,2607,209,209,20.900000000000002,0.2661181092262268,0.33781492710113525,1.330590009689331,1.5002371072769165,0.3193795382976532,0,-1,1,209,1.0,2.0,209,0.37467148900032043,0,0.0,0,0.0,0,0.4221901595592499,1,6
SH,Mamba,73,2608,392,392,39.2,0.3974210023880005,0.5117952823638916,5.601552963256836,6.750995635986328,0.6653143167495728,0,-1,1,128,0.32653061224489793,2.0,392,1.585813045501709,0,0.0,0,0.0,0,6.472104549407959,2,7
SH,Mamba,73,2609,495,495,49.5,0.2748626172542572,0.36033177375793457,1.0065382719039917,1.155226707458496,0.33273446559906006,0,-1,1,495,1.0,2.0,495,0.41146427392959595,0,0.0,0,0.0,0,4.6908650398254395,0,5
SH,Mamba,73,2610,182,182,18.2,0.8212689161300659,1.077268123626709,8.292583465576172,11.098847389221191,1.2348811626434326,0,-1,1,182,1.0,2.0,182,0.574859619140625,0,0.0,0,0.0,0,9.251943588256836,0,5
SH,Mamba,73,2611,197,197,19.700000000000003,0.39297857880592346,0.5023900270462036,1.8123515844345093,2.175001621246338,0.8013892769813538,0,-1,1,197,1.0,2.0,197,0.6877139806747437,0,0.0,0,0.0,0,13.516148567199707,0,5
SH,Mamba,73,2612,153,153,15.3,0.320903480052948,0.384693443775177,2.8609743118286133,3.4701600074768066,0.4647032916545868,0,-1,0,0,0.0,2.0,153,2.2048518657684326,0,0.0,0,0.0,0,5.644087791442871,0,5
SH,Mamba,73,2613,155,155,15.5,0.5381655693054199,0.6346847414970398,4.588197708129883,5.684933662414551,1.2901177406311035,0,-1,1,155,1.0,2.0,155,1.1433292627334595,0,0.0,0,0.0,0,10.303037643432617,2,7
SH,Mamba,73,2614,322,322,32.2,0.32479777932167053,0.43927261233329773,4.158204555511475,4.907386302947998,0.8740786910057068,1,276,1,276,0.8571428571428571,2.0,276,0.0,0,0.0,0,0.0,0,0.0,2,7
SH,Mamba,73,2615,230,230,23.0,0.30725088715553284,0.37496712803840637,4.180363655090332,4.92402458190918,0.5441473722457886,0,-1,1,230,1.0,2.0,230,0.3789408206939697,0,0.0,0,0.0,0,7.721602916717529,0,5
SH,Mamba,73,2616,234,234,23.400000000000002,0.2322668880224228,0.3030296266078949,4.870328903198242,6.207383632659912,0.5448418855667114,0,-1,1,115,0.49145299145299143,2.0,234,0.9563683867454529,0,0.0,0,0.0,0,15.978631019592285,2,7
SH,Mamba,73,2617,197,197,19.700000000000003,0.3215939402580261,0.3907710909843445,4.094864368438721,5.955233573913574,0.7804094552993774,0,-1,1,197,1.0,2.0,197,0.7616838216781616,0,0.0,0,0.0,0,12.654052734375,1,6
SH,Mamba,73,2618,194,194,19.400000000000002,0.24917806684970856,0.32677286863327026,1.0338746309280396,1.1353931427001953,0.27091437578201294,0,-1,1,184,0.9484536082474226,2.0,194,0.9886453747749329,0,0.0,0,0.0,0,3.2796740531921387,0,5
SH,Mamba,73,2619,407,407,40.7,0.3050190806388855,0.3780726194381714,3.9794294834136963,4.926285743713379,0.5223907828330994,0,-1,1,407,1.0,2.0,407,0.23361457884311676,0,0.0,0,0.0,0,3.7005844116210938,0,5
SH,Mamba,73,2620,227,227,22.700000000000003,0.37328439950942993,0.4553886950016022,5.40576696395874,6.835445404052734,1.3027116060256958,0,-1,0,0,0.0,2.0,227,2.1106483936309814,0,0.0,0,0.0,0,8.716214179992676,2,7
SH,Mamba,73,2621,691,691,69.10000000000001,0.13875603675842285,0.17278392612934113,3.296421766281128,3.8940367698669434,0.3690742552280426,0,-1,1,691,1.0,2.0,691,0.4592687487602234,0,0.0,0,0.0,0,7.948713779449463,2,7
SH,Mamba,73,2622,254,254,25.400000000000002,0.26015228033065796,0.328445702791214,2.664177656173706,3.2265918254852295,0.6212283968925476,0,-1,0,0,0.0,2.0,254,2.3922317028045654,0,0.0,0,0.0,0,7.057164192199707,0,5
SH,Mamba,73,2623,239,239,23.900000000000002,0.1918947547674179,0.24977806210517883,0.780455470085144,0.9251601696014404,0.18223126232624054,0,-1,1,237,0.9916317991631799,2.0,239,0.7431738972663879,0,0.0,0,0.0,0,2.19846510887146,2,7
SH,Mamba,73,2624,203,203,20.3,0.2729303240776062,0.3291102647781372,10.74262523651123,13.253399848937988,1.2118865251541138,0,-1,1,203,1.0,2.0,203,0.690414547920227,0,0.0,0,0.0,0,15.559194564819336,1,6
SH,Mamba,73,2625,275,275,27.5,0.21897195279598236,0.28167176246643066,1.2552495002746582,1.5238239765167236,0.3012126088142395,0,-1,0,0,0.0,2.0,275,2.162946939468384,0,0.0,0,0.0,0,17.182727813720703,0,5
SH,Mamba,73,2626,132,132,13.200000000000001,0.2168329954147339,0.24749024212360382,3.8685262203216553,5.239081859588623,0.8614552617073059,0,-1,0,0,0.0,2.0,132,2.6218502521514893,0,0.0,0,0.0,0,24.20961570739746,0,5
SH,Mamba,73,2627,160,160,16.0,0.2627795338630676,0.31579136848449707,0.5660213232040405,0.9381608963012695,0.3436243534088135,0,-1,1,160,1.0,2.0,160,1.1522713899612427,0,0.0,0,0.0,0,9.22292709350586,0,5
SH,Mamba,73,2628,184,184,18.400000000000002,0.443913996219635,0.6776850819587708,1.7716039419174194,2.7521917819976807,0.5746139287948608,0,-1,1,184,1.0,2.0,184,0.28048110008239746,0,0.0,0,0.0,0,0.7500273585319519,2,7
SH,Mamba,73,2629,168,168,16.8,0.14850476384162903,0.18877653777599335,2.612299680709839,4.109400749206543,0.6617687940597534,0,-1,0,0,0.0,2.0,168,2.754197120666504,0,0.0,0,0.0,0,37.879173278808594,0,5
SH,Mamba,73,2630,619,619,61.900000000000006,0.20278656482696533,0.26033324003219604,6.323359489440918,8.008607864379883,0.4020037055015564,0,-1,1,619,1.0,2.0,619,0.5974123477935791,0,0.0,0,0.0,0,3.498866558074951,2,7
SH,Mamba,73,2631,246,246,24.6,0.26622310280799866,0.3675294518470764,8.69666862487793,13.315049171447754,1.299217939376831,0,-1,1,191,0.7764227642276422,2.0,246,1.0793801546096802,0,0.0,0,0.0,0,4.310956001281738,2,7
SH,Mamba,73,2632,148,148,14.8,0.2836737334728241,0.36391696333885193,1.4833087921142578,1.9559683799743652,0.4788843095302582,0,-1,1,148,1.0,2.0,148,0.33889123797416687,0,0.0,0,0.0,0,4.805534839630127,0,5
SH,Mamba,73,2633,413,413,41.300000000000004,0.24490602314472198,0.35631263256073,2.159027576446533,2.3665263652801514,0.9549510478973389,1,240,1,240,0.5811138014527845,2.0,240,0.0,0,0.0,0,0.0,0,0.0,1,6
SH,Mamba,73,2634,165,165,16.5,0.3519856333732605,0.5472732186317444,1.148273229598999,1.2814964056015015,0.27176907658576965,0,-1,1,165,1.0,2.0,165,0.45867446064949036,0,0.0,0,0.0,0,2.0373666286468506,0,5
SH,Mamba,73,2635,191,191,19.1,0.4166596531867981,0.4945465922355652,3.990644931793213,5.11411714553833,0.8738276362419128,0,-1,0,0,0.0,2.0,191,2.2704579830169678,0,0.0,0,0.0,0,24.091577529907227,2,7
SH,Mamba,73,2636,220,220,22.0,0.22308893501758575,0.33351340889930725,3.960961103439331,5.111635208129883,0.531117856502533,0,-1,1,220,1.0,2.0,220,0.017033612355589867,0,0.0,0,0.0,0,0.02684061974287033,2,7
SH,Mamba,73,2637,259,259,25.900000000000002,0.23677003383636475,0.3322066068649292,1.7855722904205322,2.080637216567993,0.3784277141094208,1,254,1,249,0.9613899613899614,2.0,254,0.0,0,0.0,0,0.0,0,0.0,1,6
SH,Mamba,73,2638,184,184,18.400000000000002,0.25352373719215393,0.30303850769996643,1.7026609182357788,2.1412203311920166,0.3930465579032898,0,-1,1,184,1.0,2.0,184,1.075669527053833,0,0.0,0,0.0,0,20.969776153564453,0,5
SH,Mamba,73,2639,1280,1280,128.0,0.37519556283950806,0.4841669797897339,4.727552890777588,5.031045436859131,3.6950786113739014,1,94,1,94,0.0734375,2.0,94,0.0,0,0.0,0,0.0,0,0.0,2,7
SH,Mamba,73,2640,176,176,17.6,0.3023054003715515,0.39528849720954895,1.8144172430038452,2.37715482711792,0.7251117825508118,0,-1,0,0,0.0,2.0,176,3.964277505874634,0,0.0,0,0.0,0,55.55943298339844,0,5
SH,Mamba,73,2641,283,283,28.3,0.1738658994436264,0.2582642138004303,4.230513572692871,5.0074872970581055,0.2360166609287262,0,-1,1,283,1.0,2.0,283,0.2594762146472931,0,0.0,0,0.0,0,4.187406539916992,0,5
SH,Mamba,73,2642,136,136,13.600000000000001,0.28406858444213867,0.37434592843055725,0.393050879240036,0.4545440673828125,0.23117685317993164,0,-1,1,136,1.0,2.0,136,0.5267215967178345,0,0.0,0,0.0,0,7.589384078979492,2,7
SH,Mamba,73,2643,169,169,16.900000000000002,0.29452112317085266,0.36816707253456116,0.9363906383514404,1.4716315269470215,0.3991769552230835,0,-1,0,0,0.0,2.0,169,3.390915870666504,0,0.0,0,0.0,0,7.1876420974731445,1,6
SH,Mamba,73,2644,149,149,14.9,0.3143403232097626,0.38849544525146484,2.1808383464813232,2.4052674770355225,0.3964341878890991,0,-1,0,0,0.0,2.0,149,2.944868803024292,0,0.0,0,0.0,0,4.545073986053467,1,6
SH,Mamba,73,2645,250,250,25.0,0.282465398311615,0.37803637981414795,0.7648181319236755,0.9814682602882385,0.291440486907959,1,243,1,223,0.892,2.0,243,0.0,0,0.0,0,0.0,0,0.0,1,6
SH,Mamba,73,2646,168,168,16.8,0.25726962089538574,0.3773457407951355,2.0668506622314453,2.4519567489624023,0.445502907037735,0,-1,1,168,1.0,2.0,168,1.3202440738677979,0,0.0,0,0.0,0,4.524194717407227,1,6
SH,Mamba,73,2647,536,536,53.6,0.3125547468662262,0.3882346749305725,11.929059982299805,15.666703224182129,1.0302338600158691,0,-1,1,438,0.8171641791044776,2.0,536,0.6845215559005737,0,0.0,0,0.0,0,3.7912895679473877,1,6
SH,Mamba,73,2648,335,335,33.5,0.17899860441684723,0.2369028627872467,2.1700727939605713,2.8279757499694824,0.27397894859313965,0,-1,1,335,1.0,2.0,335,0.754199206829071,0,0.0,0,0.0,0,5.197102069854736,0,5
SH,Mamba,73,2649,190,190,19.0,0.28452736139297485,0.37280377745628357,4.640574932098389,6.955965518951416,1.1666690111160278,0,-1,1,131,0.6894736842105263,2.0,190,1.2470601797103882,0,0.0,0,0.0,0,20.547346115112305,2,7
SH,Mamba,73,2650,165,165,16.5,0.16953638195991516,0.23511169850826263,1.8442234992980957,2.2621636390686035,0.4776320159435272,0,-1,1,18,0.10909090909090909,2.0,165,1.806182622909546,0,0.0,0,0.0,0,46.11842346191406,1,6
SH,Mamba,73,2651,209,209,20.900000000000002,0.13734063506126404,0.17398306727409363,1.784637212753296,2.0298004150390625,0.24166031181812286,0,-1,1,177,0.84688995215311,2.0,209,1.43766188621521,0,0.0,0,0.0,0,14.12524127960205,2,7
SH,Mamba,73,2652,214,214,21.400000000000002,0.23359577357769012,0.3084273040294647,1.4046499729156494,1.7818572521209717,0.34630799293518066,0,-1,0,0,0.0,2.0,214,2.0346567630767822,0,0.0,0,0.0,0,3.232860803604126,1,6
SH,Mamba,73,2653,238,238,23.8,0.1598339080810547,0.2053297609090805,1.6683632135391235,2.0921452045440674,0.3311176598072052,0,-1,1,65,0.27310924369747897,2.0,238,1.7610787153244019,0,0.0,0,0.0,0,10.841791152954102,2,7
SH,Mamba,73,2654,316,316,31.6,0.24502123892307281,0.2920882999897003,27.807703018188477,34.73859786987305,1.9053962230682373,0,-1,1,82,0.25949367088607594,2.0,316,0.9630010724067688,0,0.0,0,0.0,0,23.13236427307129,1,6
SH,Mamba,73,2655,609,609,60.900000000000006,0.8908517956733704,1.1711524724960327,63.51075744628906,86.59934997558594,5.860307216644287,0,-1,1,134,0.2200328407224959,2.0,609,0.8718130588531494,0,0.0,0,0.0,0,6.407527446746826,1,6
SH,Mamba,73,2656,139,139,13.9,0.3395381569862366,0.556159496307373,2.8081417083740234,2.9768447875976562,0.32172319293022156,0,-1,1,74,0.5323741007194245,2.0,139,1.7767902612686157,0,0.0,0,0.0,0,5.355273246765137,0,5
SH,Mamba,73,2657,256,256,25.6,0.1727757602930069,0.2442185878753662,13.08908748626709,17.708097457885742,1.3880267143249512,0,-1,1,256,1.0,2.0,256,1.0954010486602783,0,0.0,0,0.0,0,22.962570190429688,0,5
SH,Mamba,73,2658,470,470,47.0,0.28888261318206787,0.3432891070842743,1.9663710594177246,3.068730354309082,0.520622968673706,0,-1,1,470,1.0,2.0,470,1.2344582080841064,0,0.0,0,0.0,0,2.14487624168396,0,5
SH,Mamba,73,2659,141,141,14.100000000000001,0.337497740983963,0.41634711623191833,1.6971583366394043,2.336517810821533,0.4167458713054657,0,-1,1,73,0.5177304964539007,2.0,141,1.0808831453323364,0,0.0,0,0.0,0,1.8799779415130615,2,7
SH,Mamba,73,2660,174,174,17.400000000000002,0.620478630065918,0.8276563882827759,4.9283061027526855,5.783274173736572,1.5470468997955322,0,-1,1,22,0.12643678160919541,2.0,174,1.8661108016967773,0,0.0,0,0.0,0,12.00069522857666,2,7
SH,Mamba,73,2661,246,246,24.6,0.20580275356769562,0.2677212655544281,13.208808898925781,17.032682418823242,1.292993426322937,0,-1,1,246,1.0,2.0,246,0.27046307921409607,0,0.0,0,0.0,0,6.633176803588867,0,5
SH,Mamba,73,2662,384,384,38.400000000000006,0.19828598201274872,0.2324518859386444,1.3105392456054688,1.4651864767074585,0.2854118347167969,0,-1,1,51,0.1328125,2.0,384,1.8060252666473389,0,0.0,0,0.0,0,4.1705522537231445,1,6
SH,Mamba,73,2663,142,142,14.200000000000001,0.19269908964633942,0.2273925244808197,8.831427574157715,11.16238784790039,1.5122238397598267,0,-1,1,142,1.0,2.0,142,1.5969501733779907,0,0.0,0,0.0,0,25.057483673095703,2,7
SH,Mamba,73,2664,151,151,15.100000000000001,0.6690993309020996,0.9311043620109558,3.4609806537628174,4.61593770980835,1.0583245754241943,0,-1,1,151,1.0,2.0,151,0.6115850210189819,0,0.0,0,0.0,0,6.044943809509277,0,5
SH,Mamba,73,2665,749,749,74.9,0.33545202016830444,0.45638635754585266,2.329383134841919,2.6324706077575684,0.44614267349243164,0,-1,1,356,0.4753004005340454,2.0,749,1.244362235069275,0,0.0,0,0.0,0,5.993803024291992,1,6
SH,Mamba,73,2666,194,194,19.400000000000002,0.38885805010795593,0.44815486669540405,9.678038597106934,12.15383529663086,1.3304636478424072,0,-1,1,194,1.0,2.0,194,0.9802821278572083,0,0.0,0,0.0,0,29.352426528930664,1,6
SH,Mamba,73,2667,136,136,13.600000000000001,0.39415815472602844,0.497470498085022,1.0414655208587646,1.2425310611724854,0.3454296588897705,0,-1,0,0,0.0,2.0,136,2.3736534118652344,0,0.0,0,0.0,0,5.38176155090332,0,5
SH,Mamba,73,2668,627,627,62.7,0.14798368513584137,0.17659080028533936,9.999070167541504,13.133079528808594,0.5097280740737915,0,-1,1,609,0.9712918660287081,2.0,627,0.7230327725410461,0,0.0,0,0.0,0,12.34553337097168,0,5
SH,Mamba,73,2669,274,274,27.400000000000002,0.1914602518081665,0.23097148537635803,2.4790291786193848,3.3830955028533936,0.3448505103588104,0,-1,1,88,0.32116788321167883,2.0,274,1.5452758073806763,0,0.0,0,0.0,0,25.5563907623291,1,6
SH,Mamba,73,2670,173,173,17.3,0.2878563106060028,0.3745918571949005,2.7665112018585205,3.887477159500122,0.8576272130012512,0,-1,1,40,0.23121387283236994,2.0,173,1.58236563205719,0,0.0,0,0.0,0,7.745760917663574,1,6
SH,Mamba,73,2671,681,681,68.10000000000001,0.17594049870967865,0.2107730656862259,8.22432804107666,9.200813293457031,0.3050558567047119,0,-1,1,681,1.0,2.0,681,0.40624961256980896,0,0.0,0,0.0,0,8.631271362304688,0,5
SH,Mamba,73,2672,455,455,45.5,0.27929335832595825,0.34770506620407104,6.826226234436035,9.320919036865234,0.8780088424682617,0,-1,0,0,0.0,2.0,455,2.226766347885132,0,0.0,0,0.0,0,0.7778014540672302,0,5
SH,Mamba,73,2673,164,164,16.400000000000002,0.258139967918396,0.31887006759643555,3.826382875442505,4.556665897369385,0.4635655879974365,0,-1,0,0,0.0,2.0,164,2.4409866333007812,0,0.0,0,0.0,0,34.715721130371094,2,7
SH,Mamba,73,2674,211,211,21.1,0.1804313063621521,0.24786658585071564,2.3403830528259277,3.007899284362793,0.24061915278434753,0,-1,1,211,1.0,2.0,211,0.5971123576164246,0,0.0,0,0.0,0,8.281153678894043,0,5
SH,Mamba,73,2675,193,193,19.3,0.4020034670829773,0.5236747860908508,1.1313177347183228,1.5764096975326538,0.3828071355819702,0,-1,1,153,0.7927461139896373,2.0,193,1.4362494945526123,0,0.0,0,0.0,0,8.194535255432129,2,7
SH,Mamba,73,2676,140,140,14.0,0.20695054531097412,0.24848751723766327,6.8759684562683105,9.000694274902344,1.3594430685043335,0,-1,1,45,0.32142857142857145,2.0,140,1.6640170812606812,0,0.0,0,0.0,0,34.246219635009766,2,7
SH,Mamba,73,2677,194,194,19.400000000000002,0.4453420341014862,0.6475906372070312,1.8289563655853271,2.1647684574127197,0.6906002759933472,0,-1,1,194,1.0,2.0,194,0.30027109384536743,0,0.0,0,0.0,0,1.164852261543274,2,7
SH,Mamba,73,2678,278,278,27.8,0.18199950456619263,0.24424751102924347,0.9646463990211487,1.3041306734085083,0.21899168193340302,0,-1,1,205,0.737410071942446,2.0,278,1.4080619812011719,0,0.0,0,0.0,0,2.52333927154541,2,7
SH,Mamba,73,2679,259,259,25.900000000000002,0.3558382987976074,0.42784184217453003,4.411931991577148,5.359194278717041,0.46627792716026306,0,-1,1,259,1.0,2.0,259,1.2708444595336914,0,0.0,0,0.0,0,4.35338020324707,2,7
SH,Mamba,73,2680,132,132,13.200000000000001,0.6978695392608643,0.9396764636039734,5.337497711181641,7.3705315589904785,1.232072114944458,0,-1,0,0,0.0,2.0,132,2.211495876312256,0,0.0,0,0.0,0,12.701528549194336,1,6
SH,Mamba,73,2681,177,177,17.7,0.35647282004356384,0.45429494976997375,1.8626893758773804,3.093630790710449,0.5539640188217163,0,-1,1,177,1.0,2.0,177,0.9825558662414551,0,0.0,0,0.0,0,6.913823127746582,2,7
SH,Mamba,73,2682,514,514,51.400000000000006,0.18459933996200562,0.2766096293926239,0.937971293926239,1.1596474647521973,0.35225987434387207,0,-1,1,454,0.8832684824902723,2.0,514,0.9476416110992432,0,0.0,0,0.0,0,14.999789237976074,2,7
SH,Mamba,73,2683,221,221,22.1,0.38519909977912903,0.4702008068561554,1.7013835906982422,2.1730523109436035,0.6983498334884644,0,-1,1,221,1.0,2.0,221,1.022461175918579,0,0.0,0,0.0,0,29.41843032836914,0,5
SH,Mamba,73,2684,456,456,45.6,0.2509479224681854,0.3100038468837738,5.732583045959473,6.810476779937744,0.6558014750480652,0,-1,1,53,0.1162280701754386,2.0,456,1.9180999994277954,0,0.0,0,0.0,0,10.474230766296387,2,7
SH,Mamba,73,2685,473,473,47.300000000000004,0.14582182466983795,0.17917877435684204,2.97575306892395,4.2017059326171875,0.5004658699035645,0,-1,1,318,0.6723044397463002,2.0,473,0.8666161894798279,0,0.0,0,0.0,0,16.71961212158203,1,6
SH,Mamba,73,2686,905,905,90.5,0.27022355794906616,0.3490106165409088,4.227458477020264,4.889571666717529,0.4409947097301483,0,-1,1,905,1.0,2.0,905,0.42539340257644653,0,0.0,0,0.0,0,2.5206615924835205,0,5
SH,Mamba,73,2687,457,457,45.7,0.34842678904533386,0.48542749881744385,2.4871368408203125,2.984600067138672,0.4548603296279907,0,-1,1,457,1.0,2.0,457,0.8608401417732239,0,0.0,0,0.0,0,4.025332450866699,0,5
SH,Mamba,73,2688,335,335,33.5,0.31694892048835754,0.3899763822555542,8.791595458984375,11.283461570739746,1.3972749710083008,0,-1,1,61,0.18208955223880596,2.0,335,1.5220221281051636,0,0.0,0,0.0,0,31.593978881835938,2,7
SH,Mamba,73,2689,227,227,22.700000000000003,0.18676210939884186,0.23134253919124603,2.1564626693725586,2.3547098636627197,0.2901424169540405,0,-1,1,227,1.0,2.0,227,0.695875346660614,0,0.0,0,0.0,0,13.890863418579102,0,5
SH,Mamba,73,2690,343,343,34.300000000000004,0.2108806073665619,0.2553967833518982,12.875104904174805,19.42390251159668,1.4791067838668823,0,-1,1,301,0.8775510204081632,2.0,343,1.520324945449829,0,0.0,0,0.0,0,5.776234149932861,0,5
SH,Mamba,73,2691,185,185,18.5,0.20808914303779602,0.261372834444046,2.3392527103424072,2.8747575283050537,0.3551233112812042,0,-1,1,54,0.2918918918918919,2.0,185,1.815679669380188,0,0.0,0,0.0,0,29.345006942749023,1,6
SH,Mamba,73,2692,132,132,13.200000000000001,0.471321702003479,0.5710098743438721,1.150894045829773,1.4094181060791016,0.458438515663147,0,-1,0,0,0.0,2.0,132,4.424193859100342,0,0.0,0,0.0,0,14.411076545715332,2,7
SH,Mamba,73,2693,362,362,36.2,0.1974024623632431,0.24700725078582764,2.2763960361480713,2.483555793762207,0.281183660030365,0,-1,1,362,1.0,2.0,362,1.2012799978256226,0,0.0,0,0.0,0,18.013572692871094,2,7
SH,Mamba,73,2694,198,198,19.8,0.521738588809967,0.6115257740020752,17.303468704223633,21.359539031982422,1.6470015048980713,0,-1,1,146,0.7373737373737373,2.0,198,0.2219303995370865,0,0.0,0,0.0,0,4.053544998168945,2,7
SH,Mamba,73,2695,140,140,14.0,0.20807848870754242,0.26957109570503235,1.2114758491516113,1.6838563680648804,0.4373387396335602,0,-1,0,0,0.0,2.0,140,2.9229538440704346,0,0.0,0,0.0,0,17.374019622802734,0,5
SH,Mamba,73,2696,533,533,53.300000000000004,0.3623785376548767,0.5021570324897766,3.3199973106384277,4.687746047973633,0.5160707831382751,0,-1,1,533,1.0,2.0,533,0.1050599068403244,0,0.0,0,0.0,0,0.3133470118045807,0,5
SH,Mamba,73,2697,177,177,17.7,0.1154627576470375,0.13958008587360382,1.611302137374878,2.086622714996338,0.17673428356647491,0,-1,1,73,0.4124293785310734,2.0,177,1.7623658180236816,0,0.0,0,0.0,0,32.601200103759766,0,5
SH,Mamba,73,2698,142,142,14.200000000000001,0.14097778499126434,0.17615024745464325,0.346750408411026,0.3939347565174103,0.14548943936824799,0,-1,0,0,0.0,2.0,142,4.215207576751709,0,0.0,0,0.0,0,64.79605102539062,0,5
SH,Mamba,73,2699,166,166,16.6,0.45934200286865234,0.5800706148147583,1.403503179550171,1.6714335680007935,0.6849058270454407,0,-1,1,44,0.26506024096385544,2.0,166,1.7011783123016357,0,0.0,0,0.0,0,16.81661033630371,0,5
SH,Mamba,73,2700,450,450,45.0,0.1990545094013214,0.270379900932312,4.566251754760742,5.5052008628845215,0.5770918726921082,1,360,1,352,0.7822222222222223,2.0,360,0.0,0,0.0,0,0.0,0,0.0,0,5
SH,Mamba,73,2701,223,223,22.3,0.4333150088787079,0.5402657985687256,1.6638603210449219,1.941594123840332,0.7273508310317993,0,-1,1,223,1.0,2.0,223,0.44258224964141846,0,0.0,0,0.0,0,2.815535068511963,2,7
SH,Mamba,73,2702,277,277,27.700000000000003,0.40904712677001953,0.5710002183914185,1.7754729986190796,2.0350821018218994,0.5454941391944885,0,-1,1,272,0.9819494584837545,2.0,277,1.1385623216629028,0,0.0,0,0.0,0,3.4191317558288574,0,5
SH,Mamba,73,2703,923,923,92.30000000000001,0.21997526288032532,0.2886766493320465,4.796918869018555,5.376242160797119,1.5846725702285767,1,333,1,243,0.26327193932827736,2.0,333,0.0,0,0.0,0,0.0,0,0.0,2,7
SH,Mamba,73,2704,216,216,21.6,0.22668227553367615,0.2752113342285156,0.7860363125801086,0.9858288168907166,0.3385968506336212,0,-1,1,216,1.0,2.0,216,0.592938244342804,0,0.0,0,0.0,0,8.416619300842285,2,7
SH,Mamba,73,2705,285,285,28.5,0.5604838132858276,0.7732097506523132,4.093958377838135,4.587683200836182,2.6482956409454346,1,35,1,35,0.12280701754385964,2.0,35,0.0,0,0.0,0,0.0,0,0.0,2,7
SH,Mamba,73,2706,140,140,14.0,0.5274284482002258,0.6728907227516174,1.036579966545105,1.4326740503311157,0.8246588110923767,0,-1,1,140,1.0,2.0,140,1.1278374195098877,0,0.0,0,0.0,0,3.6655681133270264,1,6
SH,Mamba,73,2707,155,155,15.5,0.4335901439189911,0.5489284992218018,6.5841064453125,9.769465446472168,1.5533511638641357,0,-1,1,154,0.9935483870967742,2.0,155,1.259372353553772,0,0.0,0,0.0,0,5.283102035522461,0,5
SH,Mamba,73,2708,332,332,33.2,0.1869969367980957,0.2261560708284378,4.716407775878906,5.5326619148254395,0.3983835279941559,0,-1,0,0,0.0,2.0,332,2.4216339588165283,0,0.0,0,0.0,0,26.965036392211914,1,6
SH,Mamba,73,2709,153,153,15.3,0.3416246175765991,0.4443904161453247,2.700105667114258,3.3511953353881836,0.5612897872924805,1,130,1,130,0.8496732026143791,2.0,130,0.0,0,0.0,0,0.0,0,0.0,1,6
SH,Mamba,73,2710,490,490,49.0,0.447662889957428,0.5951899886131287,4.418891906738281,4.979072093963623,3.2394824028015137,1,71,1,71,0.14489795918367346,2.0,71,0.0,0,0.0,0,0.0,0,0.0,0,5
SH,Mamba,73,2711,144,144,14.4,0.5198415517807007,0.6629651784896851,1.590554118156433,1.9631251096725464,0.6404483318328857,0,-1,1,144,1.0,2.0,144,0.6148631572723389,0,0.0,0,0.0,0,0.8213334083557129,0,5
SH,Mamba,73,2712,1394,1394,139.4,0.31582826375961304,0.40731388330459595,4.775642395019531,5.202671051025391,0.5866541862487793,1,1206,1,1122,0.8048780487804879,2.0,1206,0.0,0,0.0,0,0.0,0,0.0,1,6
SH,Mamba,73,2713,320,320,32.0,0.2707490622997284,0.343395471572876,1.1214163303375244,1.5395143032073975,0.3697959780693054,0,-1,1,320,1.0,2.0,320,0.7584832310676575,0,0.0,0,0.0,0,3.497796058654785,1,6
SH,Mamba,73,2714,507,507,50.7,0.29771167039871216,0.3719252347946167,1.4045823812484741,1.6252007484436035,0.3001326322555542,0,-1,1,507,1.0,2.0,507,0.7798603177070618,0,0.0,0,0.0,0,3.7837681770324707,0,5
SH,Mamba,73,2715,324,324,32.4,0.5338039398193359,0.7253722548484802,4.014133930206299,5.1002726554870605,0.8357313871383667,0,-1,1,324,1.0,2.0,324,0.1188850998878479,0,0.0,0,0.0,0,0.27259361743927,0,5
SH,Mamba,73,2716,345,345,34.5,0.2049524486064911,0.2605411410331726,2.432656764984131,2.631223201751709,0.23535507917404175,0,-1,1,220,0.6376811594202898,2.0,345,1.4902817010879517,0,0.0,0,0.0,0,4.713805198669434,1,6
SH,Mamba,73,2717,205,205,20.5,0.20505720376968384,0.2653051018714905,5.898723125457764,7.557249069213867,0.7650831937789917,0,-1,1,205,1.0,2.0,205,0.334640771150589,0,0.0,0,0.0,0,10.725130081176758,0,5
SH,Mamba,73,2718,377,377,37.7,0.24379341304302216,0.2956697940826416,11.802325248718262,13.700674057006836,0.6240035891532898,0,-1,1,241,0.6392572944297082,2.0,377,1.1603771448135376,0,0.0,0,0.0,0,24.40919303894043,2,7
SH,Mamba,73,2719,366,366,36.6,0.3024534285068512,0.46898946166038513,2.6704070568084717,3.754551649093628,0.4798290431499481,0,-1,1,348,0.9508196721311475,2.0,366,0.9462884068489075,0,0.0,0,0.0,0,2.8503239154815674,2,7
SH,Mamba,73,2720,455,455,45.5,0.3265199065208435,0.5516480207443237,2.2541558742523193,3.8165299892425537,0.6175840497016907,0,-1,1,455,1.0,2.0,455,0.7052333354949951,0,0.0,0,0.0,0,4.75775146484375,1,6
SH,Mamba,73,2721,211,211,21.1,0.14961554110050201,0.19775937497615814,1.961436152458191,2.7007133960723877,0.3245348036289215,0,-1,1,211,1.0,2.0,211,1.1346502304077148,0,0.0,0,0.0,0,6.690364360809326,1,6
SH,Mamba,73,2722,131,131,13.100000000000001,0.23692689836025238,0.3069492280483246,1.9356739521026611,2.7153987884521484,0.5501900911331177,0,-1,0,0,0.0,2.0,131,4.601315021514893,0,0.0,0,0.0,0,8.614583969116211,2,7
SH,Mamba,73,2723,495,495,49.5,0.23586177825927734,0.3934551775455475,10.332971572875977,13.531668663024902,0.7993319034576416,0,-1,1,495,1.0,2.0,495,1.079347014427185,0,0.0,0,0.0,0,19.12693214416504,1,6
SH,Mamba,73,2724,251,251,25.1,0.4117792248725891,0.4851272404193878,2.4579195976257324,3.2173454761505127,0.828944206237793,0,-1,1,137,0.545816733067729,2.0,251,1.6244583129882812,0,0.0,0,0.0,0,6.911319732666016,2,7
SH,Mamba,73,2725,240,240,24.0,0.20036783814430237,0.2871868312358856,3.9578521251678467,4.5001325607299805,0.6112279295921326,1,179,1,179,0.7458333333333333,2.0,179,0.0,0,0.0,0,0.0,0,0.0,1,6
SH,Mamba,73,2726,272,272,27.200000000000003,0.2577437162399292,0.34373292326927185,1.976826786994934,2.5068886280059814,0.45862260460853577,0,-1,1,272,1.0,2.0,272,0.6912016272544861,0,0.0,0,0.0,0,13.576004981994629,0,5
SH,Mamba,73,2727,138,138,13.8,0.38627931475639343,0.45880556106567383,10.562383651733398,12.69649600982666,1.5439560413360596,0,-1,0,0,0.0,2.0,138,2.641403913497925,0,0.0,0,0.0,0,47.007835388183594,1,6
SH,Mamba,73,2728,184,184,18.400000000000002,0.18446111679077148,0.2209698110818863,3.4081833362579346,3.878084182739258,0.28705015778541565,0,-1,1,184,1.0,2.0,184,0.4878748655319214,0,0.0,0,0.0,0,9.26055908203125,1,6
SH,Mamba,73,2729,235,235,23.5,0.31044647097587585,0.3754708766937256,1.8620221614837646,2.565889358520508,0.3855687975883484,0,-1,1,235,1.0,2.0,235,1.367952585220337,0,0.0,0,0.0,0,7.112008094787598,1,6
SH,Mamba,73,2730,133,133,13.3,0.21698838472366333,0.2540585398674011,0.8170590400695801,1.0339995622634888,0.2301071584224701,0,-1,1,97,0.7293233082706767,2.0,133,1.717355489730835,0,0.0,0,0.0,0,8.541563034057617,2,7
SH,Mamba,73,2731,162,162,16.2,0.21885940432548523,0.2550695538520813,0.6473482847213745,0.9049212336540222,0.3357172906398773,1,140,1,140,0.8641975308641975,2.0,140,0.0,0,0.0,0,0.0,0,0.0,1,6
SH,Mamba,73,2732,189,189,18.900000000000002,0.24126039445400238,0.2897675931453705,4.046631336212158,4.559976577758789,0.45315074920654297,0,-1,1,189,1.0,2.0,189,1.3168575763702393,0,0.0,0,0.0,0,40.17286682128906,0,5
SH,Mamba,73,2733,369,369,36.9,0.26866891980171204,0.3832225799560547,7.357626914978027,8.886380195617676,0.6669034957885742,0,-1,1,178,0.4823848238482385,2.0,369,1.0614248514175415,0,0.0,0,0.0,0,3.4777166843414307,2,7
SH,Mamba,73,2734,536,536,53.6,0.1812473088502884,0.24396201968193054,5.111854076385498,6.534922122955322,0.5387608408927917,0,-1,1,103,0.1921641791044776,2.0,536,1.61525559425354,0,0.0,0,0.0,0,5.419505596160889,1,6
SH,Mamba,73,2735,140,140,14.0,0.571773886680603,0.6854222416877747,5.279149532318115,5.784364223480225,0.8440151810646057,1,118,1,118,0.8428571428571429,2.0,118,0.0,0,0.0,0,0.0,0,0.0,2,7
SH,Mamba,73,2736,184,184,18.400000000000002,0.5699925422668457,0.7203211188316345,3.5144786834716797,5.001983165740967,1.3515228033065796,0,-1,1,182,0.9891304347826086,2.0,184,1.0915807485580444,0,0.0,0,0.0,0,6.483126163482666,2,7
SH,Mamba,73,2737,191,191,19.1,0.3041509985923767,0.4615079462528229,1.473578691482544,1.8325564861297607,0.4802362024784088,0,-1,0,0,0.0,2.0,191,2.0440516471862793,0,0.0,0,0.0,0,5.732837677001953,0,5
SH,Mamba,73,2738,253,253,25.3,0.26572516560554504,0.32212138175964355,1.3820761442184448,1.9041637182235718,0.33770790696144104,0,-1,1,253,1.0,2.0,253,0.9915746450424194,0,0.0,0,0.0,0,8.414385795593262,2,7
SH,Mamba,73,2739,146,146,14.600000000000001,0.5335748195648193,0.741955578327179,2.647402763366699,3.056683301925659,0.9010888934135437,0,-1,1,146,1.0,2.0,146,0.16748377680778503,0,0.0,0,0.0,0,1.0426915884017944,2,7
SH,Mamba,73,2740,396,396,39.6,0.23455233871936798,0.2974384129047394,1.9722695350646973,2.4001667499542236,0.2803412675857544,1,394,1,87,0.2196969696969697,2.0,394,0.0,0,0.0,0,0.0,0,0.0,1,6
SH,Mamba,73,2741,433,433,43.300000000000004,0.2629548907279968,0.3332098424434662,3.3455114364624023,3.9207797050476074,0.4410887658596039,0,-1,1,397,0.9168591224018475,2.0,433,1.2300217151641846,0,0.0,0,0.0,0,9.147773742675781,2,7
SH,Mamba,73,2742,137,137,13.700000000000001,0.18616560101509094,0.25850123167037964,0.2889629602432251,0.3395039439201355,0.18853473663330078,0,-1,1,107,0.781021897810219,2.0,137,0.9315897226333618,0,0.0,0,0.0,0,17.898597717285156,1,6
SH,Mamba,73,2743,194,194,19.400000000000002,0.2991502285003662,0.35175347328186035,1.7553284168243408,2.595752477645874,0.33871886134147644,0,-1,1,84,0.4329896907216495,2.0,194,1.5161082744598389,0,0.0,0,0.0,0,4.320138454437256,0,5
SH,Mamba,73,2744,406,406,40.6,0.3417922258377075,0.4105451703071594,9.454629898071289,10.719886779785156,0.8919125199317932,0,-1,1,147,0.3620689655172414,2.0,406,1.369513988494873,0,0.0,0,0.0,0,10.059903144836426,2,7
SH,Mamba,73,2745,394,394,39.400000000000006,0.560565710067749,0.9556481838226318,7.151388645172119,8.69218921661377,1.2155357599258423,0,-1,1,394,1.0,2.0,394,1.1561189889907837,0,0.0,0,0.0,0,13.334811210632324,1,6
SH,Mamba,73,2746,152,152,15.200000000000001,0.2408190220594406,0.2924865186214447,8.58520221710205,10.619406700134277,1.3843024969100952,0,-1,0,0,0.0,2.0,152,2.7622618675231934,0,0.0,0,0.0,0,45.78032684326172,1,6
SH,Mamba,73,2747,287,287,28.700000000000003,0.5937812328338623,0.7629098296165466,3.9133636951446533,4.6992363929748535,1.981358289718628,1,145,1,145,0.5052264808362369,2.0,145,0.0,0,0.0,0,0.0,0,0.0,1,6
SH,Mamba,73,2748,195,195,19.5,0.32030928134918213,0.42449724674224854,2.9903674125671387,3.5350899696350098,0.5528119206428528,0,-1,1,195,1.0,2.0,195,0.8506836891174316,0,0.0,0,0.0,0,16.99999237060547,0,5
SH,Mamba,73,2749,248,248,24.8,0.4169386029243469,0.5087676644325256,2.9967219829559326,3.68906569480896,0.6508305072784424,1,238,1,238,0.9596774193548387,2.0,238,0.0,0,0.0,0,0.0,0,0.0,1,6
SH,Mamba,73,2750,278,278,27.8,0.5469679832458496,0.702113926410675,8.51718807220459,10.288735389709473,4.602236747741699,1,135,1,135,0.4856115107913669,2.0,135,0.0,0,0.0,0,0.0,0,0.0,1,6
SH,Mamba,73,2751,147,147,14.700000000000001,0.5154354572296143,0.6124079823493958,1.9059149026870728,2.30086612701416,0.727172315120697,0,-1,1,147,1.0,2.0,147,0.43209463357925415,0,0.0,0,0.0,0,2.7539303302764893,1,6
SH,Mamba,73,2752,765,765,76.5,0.29054364562034607,0.3979732394218445,4.922807693481445,5.908790111541748,2.2347946166992188,1,203,1,203,0.265359477124183,2.0,203,0.0,0,0.0,0,0.0,0,0.0,2,7
SH,Mamba,73,2753,233,233,23.3,0.34629204869270325,0.4060439467430115,14.56959056854248,16.96626091003418,1.2063926458358765,0,-1,1,203,0.871244635193133,2.0,233,0.8472326993942261,0,0.0,0,0.0,0,13.851012229919434,1,6
SH,Mamba,73,2754,174,174,17.400000000000002,0.7693803310394287,1.3493291139602661,1.178406834602356,2.0715606212615967,0.8386035561561584,0,-1,1,174,1.0,2.0,174,0.9519588351249695,0,0.0,0,0.0,0,7.345663070678711,0,5
SH,Mamba,73,2755,134,134,13.4,0.4110894203186035,0.5278783440589905,10.382548332214355,11.764128684997559,1.1637017726898193,0,-1,0,0,0.0,2.0,134,2.1934990882873535,0,0.0,0,0.0,0,2.5521655082702637,1,6
SH,Mamba,73,2756,479,479,47.900000000000006,0.18644213676452637,0.2389029860496521,12.398612022399902,13.7070951461792,0.5166824460029602,0,-1,1,463,0.9665970772442589,2.0,479,0.6078527569770813,0,0.0,0,0.0,0,8.698348999023438,1,6
SH,Mamba,73,2757,244,244,24.400000000000002,0.32273441553115845,0.41429007053375244,3.2945127487182617,3.7704319953918457,1.285900354385376,1,76,1,76,0.3114754098360656,2.0,76,0.0,0,0.0,0,0.0,0,0.0,0,5
SH,Mamba,73,2758,315,315,31.5,0.38639092445373535,0.5388031601905823,8.15973949432373,9.088979721069336,0.7201964259147644,0,-1,1,315,1.0,2.0,315,0.1855282485485077,0,0.0,0,0.0,0,0.8130876421928406,1,6
SH,Mamba,73,2759,215,215,21.5,0.1560557633638382,0.18158838152885437,1.7737181186676025,2.2612509727478027,0.30762979388237,0,-1,0,0,0.0,2.0,215,2.049644947052002,0,0.0,0,0.0,0,9.796566009521484,1,6
SH,Mamba,73,2760,182,182,18.2,0.2368202656507492,0.2808299660682678,4.952033996582031,5.466768741607666,0.5047564506530762,0,-1,1,182,1.0,2.0,182,1.1633775234222412,0,0.0,0,0.0,0,13.605206489562988,1,6
SH,Mamba,73,2761,263,263,26.3,0.3826877176761627,0.4813898205757141,1.9209682941436768,2.4050822257995605,0.5267983078956604,0,-1,1,159,0.6045627376425855,2.0,263,1.5749658346176147,0,0.0,0,0.0,0,4.704726219177246,1,6
SH,Mamba,73,2762,177,177,17.7,0.6599405407905579,0.828889012336731,4.06965970993042,4.915374755859375,1.0905922651290894,0,-1,0,0,0.0,2.0,177,2.377134323120117,0,0.0,0,0.0,0,15.640162467956543,1,6
SH,Mamba,73,2763,694,694,69.4,0.1637147217988968,0.21235673129558563,6.737166881561279,7.908299922943115,0.4091361165046692,0,-1,1,610,0.8789625360230547,2.0,694,0.9412230253219604,0,0.0,0,0.0,0,6.119227886199951,0,5
SH,Mamba,73,2764,240,240,24.0,0.282508909702301,0.36564117670059204,2.4874649047851562,3.0840985774993896,0.28956934809684753,1,229,1,229,0.9541666666666667,2.0,229,0.0,0,0.0,0,0.0,0,0.0,2,7
SH,Mamba,73,2765,1386,1386,138.6,0.3134423792362213,0.4176687002182007,5.537688255310059,6.554314136505127,2.4077279567718506,1,578,1,484,0.3492063492063492,2.0,578,0.0,0,0.0,0,0.0,0,0.0,2,7
SH,Mamba,73,2766,138,138,13.8,0.4094814658164978,0.5119573473930359,2.3270373344421387,3.199591875076294,0.4969087243080139,0,-1,1,138,1.0,2.0,138,0.66379314661026,0,0.0,0,0.0,0,1.4114338159561157,2,7
SH,Mamba,73,2767,2123,2123,212.3,0.3161088526248932,0.42383044958114624,7.344487190246582,8.271060943603516,2.5033960342407227,1,937,1,890,0.41921808761187,2.0,937,0.0,0,0.0,0,0.0,0,0.0,1,6
SH,Mamba,73,2768,138,138,13.8,0.29144755005836487,0.34477025270462036,3.0896286964416504,3.484923839569092,0.47639819979667664,1,113,1,113,0.8188405797101449,2.0,113,0.0,0,0.0,0,0.0,0,0.0,0,5
SH,Mamba,73,2769,235,235,23.5,0.2845529317855835,0.36376020312309265,0.9209931492805481,1.2633421421051025,0.24886956810951233,0,-1,1,159,0.676595744680851,2.0,235,1.1252497434616089,0,0.0,0,0.0,0,2.587463617324829,2,7
SH,Mamba,73,2770,358,358,35.800000000000004,0.27795323729515076,0.37207454442977905,5.621457099914551,6.78779411315918,0.816464900970459,0,-1,1,210,0.5865921787709497,2.0,358,1.0931638479232788,0,0.0,0,0.0,0,6.105651378631592,2,7
SH,Mamba,73,2771,646,646,64.60000000000001,0.2774946987628937,0.3575521409511566,5.875830173492432,6.871265411376953,0.607280433177948,0,-1,1,621,0.9613003095975232,2.0,646,0.3980019986629486,0,0.0,0,0.0,0,1.7277261018753052,0,5
SH,Mamba,73,2772,171,171,17.1,0.16435131430625916,0.20724694430828094,2.2847166061401367,2.7672011852264404,0.3651370704174042,0,-1,1,171,1.0,2.0,171,1.3848689794540405,0,0.0,0,0.0,0,19.304126739501953,2,7
SH,Mamba,73,2773,243,243,24.3,0.44188347458839417,0.556554913520813,2.6013779640197754,3.4070870876312256,0.8509815335273743,0,-1,0,0,0.0,2.0,243,2.303957462310791,0,0.0,0,0.0,0,1.1568098068237305,2,7
SH,Mamba,73,2774,513,513,51.300000000000004,0.13704274594783783,0.17044499516487122,4.977227687835693,6.093742847442627,0.4081380367279053,0,-1,1,467,0.9103313840155945,2.0,513,1.1783630847930908,0,0.0,0,0.0,0,16.048093795776367,0,5
SH,Mamba,73,2775,216,216,21.6,0.31119027733802795,0.3539378046989441,1.6079338788986206,1.9039312601089478,0.43956926465034485,0,-1,1,195,0.9027777777777778,2.0,216,1.301876425743103,0,0.0,0,0.0,0,4.6998491287231445,0,5
SH,Mamba,73,2776,133,133,13.3,0.24046188592910767,0.2814440131187439,1.249251365661621,1.4903391599655151,0.5354787707328796,0,-1,1,118,0.8872180451127819,2.0,133,1.0936442613601685,0,0.0,0,0.0,0,3.6179141998291016,0,5
SH,Mamba,73,2777,158,158,15.8,0.2157457321882248,0.2681678235530853,4.943770885467529,6.562809944152832,1.0472800731658936,0,-1,0,0,0.0,2.0,158,2.2682249546051025,0,0.0,0,0.0,0,49.065406799316406,1,6
SH,Mamba,73,2778,323,323,32.300000000000004,0.3089662194252014,0.37642574310302734,1.0665768384933472,1.4641342163085938,0.3077511191368103,0,-1,1,319,0.9876160990712074,2.0,323,1.0964726209640503,0,0.0,0,0.0,0,5.056384563446045,2,7
SH,Mamba,73,2779,137,137,13.700000000000001,0.31082460284233093,0.404157429933548,2.234703779220581,2.8435308933258057,0.3903904855251312,0,-1,0,0,0.0,2.0,137,5.505725860595703,0,0.0,0,0.0,0,22.032743453979492,2,7
SH,Mamba,73,2780,142,142,14.200000000000001,0.4976593255996704,0.5982284545898438,1.821224331855774,1.976379632949829,0.42963707447052,1,120,1,120,0.8450704225352113,2.0,120,0.0,0,0.0,0,0.0,0,0.0,1,6
SH,Mamba,73,2781,146,146,14.600000000000001,0.3022523522377014,0.3899853527545929,14.384255409240723,17.478525161743164,2.0366461277008057,0,-1,1,106,0.726027397260274,2.0,146,0.8710741996765137,0,0.0,0,0.0,0,25.10834312438965,0,5
SH,Mamba,73,2782,216,216,21.6,0.25416019558906555,0.30902376770973206,1.678995966911316,2.0973360538482666,0.24643926322460175,0,-1,1,187,0.8657407407407407,2.0,216,1.3184033632278442,0,0.0,0,0.0,0,6.023110389709473,1,6
SH,Mamba,73,2783,145,145,14.5,0.22885888814926147,0.26881223917007446,1.096800684928894,1.280792474746704,0.35533979535102844,0,-1,1,122,0.8413793103448276,2.0,145,0.41569629311561584,0,0.0,0,0.0,0,0.6272687911987305,0,5
SH,Mamba,73,2784,660,660,66.0,0.3958073854446411,0.4897454082965851,1.7293158769607544,2.4622962474823,0.5115538835525513,0,-1,1,490,0.7424242424242424,2.0,660,0.3896857500076294,0,0.0,0,0.0,0,0.6797612309455872,1,6
SH,Mamba,73,2785,183,183,18.3,0.1397404968738556,0.20100654661655426,1.0183883905410767,2.08634614944458,0.36377233266830444,0,-1,1,183,1.0,2.0,183,1.411973476409912,0,0.0,0,0.0,0,20.09164047241211,0,5
SH,Mamba,73,2786,361,361,36.1,0.2269299179315567,0.27937933802604675,3.795200824737549,4.024209499359131,0.305471271276474,0,-1,1,361,1.0,2.0,361,0.6856467723846436,0,0.0,0,0.0,0,5.696314811706543,2,7
SH,Mamba,73,2787,221,221,22.1,0.2010153830051422,0.26048028469085693,2.5908901691436768,2.981178045272827,0.36332783102989197,0,-1,1,155,0.7013574660633484,2.0,221,1.3368492126464844,0,0.0,0,0.0,0,13.612933158874512,1,6
SH,Mamba,73,2788,148,148,14.8,0.39127135276794434,0.4805900752544403,2.0607964992523193,2.8259785175323486,0.673025369644165,0,-1,0,0,0.0,2.0,148,4.030898571014404,0,0.0,0,0.0,0,43.25326156616211,1,6
SH,Mamba,73,2789,145,145,14.5,0.21095237135887146,0.244414284825325,1.738474726676941,2.371507167816162,0.6359888315200806,0,-1,0,0,0.0,2.0,145,2.0803234577178955,0,0.0,0,0.0,0,47.447120666503906,1,6
SH,Mamba,73,2790,189,189,18.900000000000002,0.29501989483833313,0.3862836956977844,5.0225911140441895,6.002651214599609,0.6355800628662109,0,-1,1,162,0.8571428571428571,2.0,189,1.2921388149261475,0,0.0,0,0.0,0,9.666548728942871,1,6
SH,Mamba,73,2791,154,154,15.4,0.2062661498785019,0.2644944489002228,1.818242073059082,2.65165638923645,0.5020827054977417,0,-1,1,154,1.0,2.0,154,1.744568943977356,0,0.0,0,0.0,0,18.706743240356445,1,6
SH,Mamba,73,2792,555,555,55.5,0.1461772620677948,0.1849338710308075,2.640084743499756,3.0852065086364746,0.3338833749294281,0,-1,1,357,0.6432432432432432,2.0,555,1.0223065614700317,0,0.0,0,0.0,0,8.388067245483398,2,7
SH,Mamba,73,2793,236,236,23.6,0.43041181564331055,0.5438675880432129,3.0795695781707764,3.601095676422119,0.6278976798057556,0,-1,1,205,0.8686440677966102,2.0,236,0.5626015663146973,0,0.0,0,0.0,0,2.325202703475952,2,7
SH,Mamba,73,2794,137,137,13.700000000000001,0.22299717366695404,0.2565341293811798,3.3802669048309326,5.262624740600586,1.0770615339279175,0,-1,0,0,0.0,2.0,137,2.0205187797546387,0,0.0,0,0.0,0,41.97330093383789,0,5
SH,Mamba,73,2795,285,285,28.5,0.42339709401130676,0.5348300933837891,5.397717475891113,6.844217777252197,0.9610856175422668,0,-1,1,47,0.1649122807017544,2.0,285,1.7736486196517944,0,0.0,0,0.0,0,13.1253023147583,0,5
SH,Mamba,73,2796,549,549,54.900000000000006,0.23244592547416687,0.29508936405181885,1.8936400413513184,2.2676572799682617,0.27849286794662476,0,-1,1,522,0.9508196721311475,2.0,549,1.025849461555481,0,0.0,0,0.0,0,4.9354567527771,0,5
SH,Mamba,73,2797,585,585,58.5,0.40625619888305664,0.578851580619812,3.764047145843506,4.148958683013916,2.0576231479644775,1,172,1,170,0.2905982905982906,2.0,172,0.0,0,0.0,0,0.0,0,0.0,0,5
SH,Mamba,73,2798,293,293,29.3,0.30015453696250916,0.38500791788101196,11.608288764953613,14.766210556030273,1.103413462638855,0,-1,1,293,1.0,2.0,293,1.0441913604736328,0,0.0,0,0.0,0,13.521764755249023,0,5
SH,Mamba,73,2799,426,426,42.6,0.32246464490890503,0.3937501907348633,3.871058225631714,4.8057098388671875,0.5228696465492249,0,-1,1,426,1.0,2.0,426,0.6178535223007202,0,0.0,0,0.0,0,6.1390380859375,0,5
SH,Mamba,73,2800,422,422,42.2,0.21879342198371887,0.31239089369773865,10.86915111541748,13.76958179473877,1.2695361375808716,0,-1,1,151,0.3578199052132701,2.0,422,1.5129541158676147,0,0.0,0,0.0,0,25.887447357177734,2,7
SH,Mamba,73,2801,911,911,91.10000000000001,0.23192188143730164,0.2934458255767822,2.7724223136901855,3.244067668914795,0.3014898896217346,0,-1,1,911,1.0,2.0,911,0.5368445515632629,0,0.0,0,0.0,0,2.7573986053466797,2,7
SH,Mamba,73,2802,241,241,24.1,0.32815253734588623,0.42403003573417664,4.981130123138428,6.097005367279053,1.0905991792678833,0,-1,1,190,0.7883817427385892,2.0,241,1.1385653018951416,0,0.0,0,0.0,0,7.985440731048584,2,7
SH,Mamba,73,2803,364,364,36.4,0.1663675755262375,0.22154606878757477,1.5931236743927002,2.4231555461883545,0.40413787961006165,0,-1,1,172,0.4725274725274725,2.0,364,1.4228047132492065,0,0.0,0,0.0,0,9.522709846496582,2,7
SH,Mamba,73,2804,144,144,14.4,0.13498777151107788,0.19750690460205078,8.088968276977539,10.04926586151123,1.041703701019287,0,-1,0,0,0.0,2.0,144,4.137882232666016,0,0.0,0,0.0,0,12.001201629638672,1,6
SH,Mamba,73,2805,223,223,22.3,0.4183254837989807,0.5204823613166809,6.468384265899658,7.102598667144775,0.6987611055374146,0,-1,0,0,0.0,2.0,223,2.824366807937622,0,0.0,0,0.0,0,20.628337860107422,0,5
SH,Mamba,73,2806,131,131,13.100000000000001,0.23190565407276154,0.27807241678237915,3.3382718563079834,3.765418767929077,0.4273594915866852,0,-1,1,59,0.45038167938931295,2.0,131,1.692695140838623,0,0.0,0,0.0,0,6.057775497436523,0,5
SH,Mamba,73,2807,269,269,26.900000000000002,0.19599345326423645,0.2566065192222595,6.083556652069092,7.463759899139404,0.482304185628891,0,-1,1,269,1.0,2.0,269,0.995495080947876,0,0.0,0,0.0,0,8.683427810668945,2,7
SH,Mamba,73,2808,212,212,21.200000000000003,0.22418643534183502,0.2880765199661255,2.1756744384765625,2.696044921875,0.5077613592147827,0,-1,1,212,1.0,2.0,212,0.38256460428237915,0,0.0,0,0.0,0,0.8808230757713318,0,5
SH,Mamba,73,2809,157,157,15.700000000000001,0.2631451189517975,0.320220410823822,2.3631808757781982,2.5639476776123047,0.39870116114616394,0,-1,1,73,0.46496815286624205,2.0,157,1.594470739364624,0,0.0,0,0.0,0,7.1588239669799805,2,7
SH,Mamba,73,2810,194,194,19.400000000000002,0.37329232692718506,0.46281784772872925,2.109567642211914,2.3709471225738525,0.8962320685386658,1,75,1,75,0.3865979381443299,2.0,75,0.0,0,0.0,0,0.0,0,0.0,1,6
SH,Mamba,73,2811,667,667,66.7,0.3965156674385071,0.5011777877807617,2.5995490550994873,3.184981346130371,0.5276929140090942,1,649,1,596,0.8935532233883059,2.0,649,0.0,0,0.0,0,0.0,0,0.0,2,7
SH,Mamba,73,2812,167,167,16.7,0.1867402046918869,0.22464962303638458,3.5069167613983154,4.054466247558594,0.3752025067806244,0,-1,1,146,0.874251497005988,2.0,167,0.9557234644889832,0,0.0,0,0.0,0,1.5637420415878296,1,6
SH,Mamba,73,2813,557,557,55.7,0.23584315180778503,0.32608696818351746,1.7258399724960327,2.229292631149292,0.38341692090034485,1,542,1,216,0.3877917414721723,2.0,542,0.0,0,0.0,0,0.0,0,0.0,0,5
SH,Mamba,73,2814,168,168,16.8,0.37782585620880127,0.43419843912124634,14.45823860168457,18.134700775146484,2.0857601165771484,0,-1,0,0,0.0,2.0,168,3.691584825515747,0,0.0,0,0.0,0,39.45401382446289,2,7
SH,Mamba,73,2815,132,132,13.200000000000001,0.34254786372184753,0.39165303111076355,1.473214030265808,2.2430224418640137,0.5340185165405273,0,-1,0,0,0.0,2.0,132,4.398880958557129,0,0.0,0,0.0,0,6.3788161277771,0,5
SH,Mamba,73,2816,415,415,41.5,0.2404821515083313,0.3187139332294464,7.3875956535339355,7.888307571411133,0.4910261332988739,1,381,1,343,0.8265060240963855,2.0,381,0.0,0,0.0,0,0.0,0,0.0,1,6
SH,Mamba,73,2817,171,171,17.1,0.2318519651889801,0.2787058651447296,3.5115017890930176,4.718724727630615,0.38546985387802124,0,-1,0,0,0.0,2.0,171,6.581299781799316,0,0.0,0,0.0,0,10.510499954223633,0,5
SH,Mamba,73,2818,307,307,30.700000000000003,0.24952861666679382,0.3665865659713745,3.034881591796875,5.934868812561035,0.8924819231033325,0,-1,1,307,1.0,2.0,307,0.7372073531150818,0,0.0,0,0.0,0,9.498678207397461,2,7
SH,Mamba,73,2819,250,250,25.0,0.2920280396938324,0.41874974966049194,3.4298980236053467,3.9797255992889404,0.43859168887138367,1,218,1,218,0.872,2.0,218,0.0,0,0.0,0,0.0,0,0.0,2,7
SH,Mamba,73,2820,339,339,33.9,0.1642552614212036,0.20384818315505981,0.6690828800201416,0.7962960004806519,0.24325549602508545,0,-1,1,339,1.0,2.0,339,0.7002228498458862,0,0.0,0,0.0,0,9.265077590942383,1,6
SH,Mamba,73,2821,440,440,44.0,0.35943225026130676,0.4381822347640991,1.8039497137069702,2.082415819168091,0.31477615237236023,1,436,1,199,0.45227272727272727,2.0,436,0.0,0,0.0,0,0.0,0,0.0,1,6
SH,Mamba,73,2822,174,174,17.400000000000002,0.6256004571914673,0.7799006700515747,6.667340278625488,8.113565444946289,0.8031543493270874,0,-1,0,0,0.0,2.0,174,2.952023506164551,0,0.0,0,0.0,0,11.046896934509277,1,6
SH,Mamba,73,2823,432,432,43.2,0.25214552879333496,0.33782532811164856,6.843628406524658,8.783275604248047,1.036971092224121,0,-1,1,42,0.09722222222222222,2.0,432,1.5581985712051392,0,0.0,0,0.0,0,21.77642250061035,1,6
SH,Mamba,73,2824,209,209,20.900000000000002,0.20606160163879395,0.2630816698074341,2.2418744564056396,2.8476641178131104,0.446449875831604,0,-1,1,79,0.37799043062200954,2.0,209,1.4933000802993774,0,0.0,0,0.0,0,24.724050521850586,0,5
SH,Mamba,73,2825,335,335,33.5,0.18181699514389038,0.25392740964889526,4.144009590148926,4.807025909423828,0.33488768339157104,0,-1,1,335,1.0,2.0,335,0.3539554178714752,0,0.0,0,0.0,0,0.9901017546653748,1,6
SH,Mamba,73,2826,304,304,30.400000000000002,0.20419639348983765,0.27525535225868225,4.449244976043701,6.056634426116943,0.48143312335014343,0,-1,1,304,1.0,2.0,304,1.4504868984222412,0,0.0,0,0.0,0,9.928431510925293,1,6
SH,Mamba,73,2827,151,151,15.100000000000001,0.10684552788734436,0.1331859827041626,0.6906800866127014,0.8716055154800415,0.1693808138370514,0,-1,1,34,0.2251655629139073,2.0,151,1.6838096380233765,0,0.0,0,0.0,0,22.81368637084961,1,6
SH,Mamba,73,2828,178,178,17.8,0.2827684283256531,0.3598394989967346,2.873655319213867,3.311983108520508,0.8485596776008606,0,-1,1,178,1.0,2.0,178,0.574081301689148,0,0.0,0,0.0,0,7.5113396644592285,2,7
SH,Mamba,73,2829,1687,1687,168.70000000000002,0.26203835010528564,0.34494030475616455,6.5639753341674805,7.283783912658691,0.6876584887504578,1,1495,1,1029,0.6099585062240664,2.0,1495,0.0,0,0.0,0,0.0,0,0.0,0,5
SH,Mamba,73,2830,176,176,17.6,0.2469540536403656,0.36130422353744507,3.0380842685699463,3.5994608402252197,0.3550565838813782,0,-1,1,176,1.0,2.0,176,0.4274241328239441,0,0.0,0,0.0,0,4.033822536468506,1,6
SH,Mamba,73,2831,152,152,15.200000000000001,0.2716726064682007,0.3510502576828003,12.124444961547852,14.538344383239746,1.5873826742172241,0,-1,1,152,1.0,2.0,152,1.2088422775268555,0,0.0,0,0.0,0,11.850823402404785,2,7
SH,Mamba,73,2832,188,188,18.8,0.30099672079086304,0.42908281087875366,0.8648199439048767,1.1341016292572021,0.38206490874290466,0,-1,0,0,0.0,2.0,188,2.076064109802246,0,0.0,0,0.0,0,2.596775531768799,0,5
SH,Mamba,73,2833,183,183,18.3,0.35549208521842957,0.45434463024139404,0.8851094841957092,1.0475717782974243,0.3609859347343445,0,-1,1,183,1.0,2.0,183,0.6937461495399475,0,0.0,0,0.0,0,3.821244716644287,1,6
SH,Mamba,73,2834,834,834,83.4,0.27776509523391724,0.4471142888069153,3.309520721435547,4.024509906768799,0.381192147731781,1,805,1,743,0.8908872901678657,2.0,805,0.0,0,0.0,0,0.0,0,0.0,2,7
SH,Mamba,73,2835,158,158,15.8,0.14504346251487732,0.20000548660755157,5.299287796020508,6.108016490936279,0.5218387246131897,0,-1,1,158,1.0,2.0,158,1.0887211561203003,0,0.0,0,0.0,0,10.019280433654785,2,7
SH,Mamba,73,2836,191,191,19.1,0.21999357640743256,0.26018214225769043,2.705841541290283,3.0292561054229736,0.4656318128108978,0,-1,1,14,0.07329842931937172,2.0,191,1.949156641960144,0,0.0,0,0.0,0,21.566402435302734,1,6
SH,Mamba,73,2837,928,928,92.80000000000001,0.21440349519252777,0.26606664061546326,4.9554948806762695,6.850247383117676,0.5990117788314819,0,-1,1,896,0.9655172413793104,2.0,928,0.6967284679412842,0,0.0,0,0.0,0,8.469010353088379,1,6
SH,Mamba,73,2838,275,275,27.5,0.30924803018569946,0.4492689073085785,5.521949768066406,6.377893447875977,0.5181931257247925,0,-1,1,263,0.9563636363636364,2.0,275,1.1511632204055786,0,0.0,0,0.0,0,2.804847478866577,1,6
SH,Mamba,73,2839,495,495,49.5,0.258564293384552,0.3470844328403473,5.763243675231934,9.133604049682617,0.6521506309509277,0,-1,1,415,0.8383838383838383,2.0,495,0.7591099143028259,0,0.0,0,0.0,0,1.8754695653915405,2,7
SH,Mamba,73,2840,260,260,26.0,0.30748653411865234,0.39467373490333557,1.5065330266952515,1.822572112083435,0.6931710243225098,0,-1,1,144,0.5538461538461539,2.0,260,1.1849528551101685,0,0.0,0,0.0,0,3.79757022857666,1,6
SH,Mamba,73,2841,175,175,17.5,0.8897741436958313,1.0170499086380005,21.69892692565918,24.98798179626465,2.958610773086548,0,-1,0,0,0.0,2.0,175,4.2538347244262695,0,0.0,0,0.0,0,27.242582321166992,2,7
SH,Mamba,73,2842,646,646,64.60000000000001,0.20112399756908417,0.2512664794921875,3.8581323623657227,4.702778339385986,0.37925687432289124,0,-1,1,646,1.0,2.0,646,0.6991662383079529,0,0.0,0,0.0,0,13.117279052734375,1,6
SH,Mamba,73,2843,188,188,18.8,0.1873941272497177,0.24877063930034637,0.43244418501853943,0.5320442318916321,0.14003606140613556,0,-1,1,112,0.5957446808510638,2.0,188,1.7003092765808105,0,0.0,0,0.0,0,4.833651542663574,1,6
SH,Mamba,73,2844,155,155,15.5,0.494672566652298,0.5648533701896667,5.008556365966797,5.865593910217285,1.0382156372070312,0,-1,0,0,0.0,2.0,155,2.3782706260681152,0,0.0,0,0.0,0,3.3675734996795654,1,6
SH,Mamba,73,2845,153,153,15.3,0.313522607088089,0.36568158864974976,16.996368408203125,21.853837966918945,2.906186819076538,0,-1,0,0,0.0,2.0,153,3.4757466316223145,0,0.0,0,0.0,0,62.92567443847656,2,7
SH,Mamba,73,2846,148,148,14.8,0.2768155336380005,0.3269217014312744,3.56462025642395,3.8690595626831055,0.5041697025299072,0,-1,1,148,1.0,2.0,148,1.0019992589950562,0,0.0,0,0.0,0,14.81098747253418,2,7
SH,Mamba,73,2847,193,193,19.3,0.21893219649791718,0.2728419601917267,0.8962346315383911,1.213598608970642,0.18122398853302002,0,-1,1,193,1.0,2.0,193,1.1806509494781494,0,0.0,0,0.0,0,15.123382568359375,0,5
SH,Mamba,73,2848,165,165,16.5,0.33882462978363037,0.4266376197338104,1.9848555326461792,2.39697527885437,0.6595087647438049,0,-1,0,0,0.0,2.0,165,4.111016750335693,0,0.0,0,0.0,0,7.298166275024414,2,7
SH,Mamba,73,2849,137,137,13.700000000000001,0.24436858296394348,0.2627599239349365,8.153608322143555,10.911116600036621,1.7129931449890137,0,-1,1,57,0.41605839416058393,2.0,137,1.9639114141464233,0,0.0,0,0.0,0,47.797584533691406,1,6
SH,Mamba,73,2850,141,141,14.100000000000001,0.19323113560676575,0.22227585315704346,3.0214359760284424,3.5719690322875977,0.47551241517066956,0,-1,1,141,1.0,2.0,141,1.573184847831726,0,0.0,0,0.0,0,38.4991569519043,0,5
SH,Mamba,73,2851,1015,1015,101.5,0.316802054643631,0.3943045139312744,4.789296627044678,5.752399444580078,0.581937849521637,1,973,1,966,0.9517241379310345,2.0,973,0.0,0,0.0,0,0.0,0,0.0,0,5
SH,Mamba,73,2852,161,161,16.1,0.19650353491306305,0.24345383048057556,2.771399974822998,3.4667515754699707,0.4465959072113037,0,-1,1,161,1.0,2.0,161,1.2380517721176147,0,0.0,0,0.0,0,24.445411682128906,1,6
SH,Mamba,73,2853,319,319,31.900000000000002,0.3510047197341919,0.4983786344528198,2.8599631786346436,3.133242607116699,0.5067782998085022,0,-1,1,305,0.9561128526645768,2.0,319,1.1439671516418457,0,0.0,0,0.0,0,7.340409755706787,0,5
SH,Mamba,73,2854,482,482,48.2,0.272564172744751,0.37527742981910706,6.788482189178467,7.257942199707031,0.5738917589187622,1,411,1,411,0.8526970954356846,2.0,411,0.0,0,0.0,0,0.0,0,0.0,0,5
SH,Mamba,73,2855,464,464,46.400000000000006,0.3612717390060425,0.4827618896961212,16.500307083129883,18.0311222076416,0.7944126725196838,0,-1,1,464,1.0,2.0,464,0.31791043281555176,0,0.0,0,0.0,0,4.140665531158447,0,5
SH,Mamba,73,2856,206,206,20.6,0.1813703179359436,0.23568929731845856,12.008421897888184,14.664180755615234,1.2471492290496826,0,-1,0,0,0.0,2.0,206,3.2954680919647217,0,0.0,0,0.0,0,66.74243927001953,1,6
SH,Mamba,73,2857,151,151,15.100000000000001,0.8790964484214783,1.4226603507995605,3.219184160232544,6.590464115142822,1.8392558097839355,0,-1,0,0,0.0,2.0,151,2.027243137359619,0,0.0,0,0.0,0,17.627351760864258,2,7
SH,Mamba,73,2858,504,504,50.400000000000006,0.5428312420845032,0.7520216703414917,10.168701171875,12.521121978759766,1.3083113431930542,0,-1,1,287,0.5694444444444444,2.0,504,1.0742173194885254,0,0.0,0,0.0,0,5.5414958000183105,0,5
SH,Mamba,73,2859,830,830,83.0,0.24426624178886414,0.3330434262752533,4.430896759033203,5.061130046844482,0.444975882768631,1,791,1,638,0.7686746987951807,2.0,791,0.0,0,0.0,0,0.0,0,0.0,0,5
SH,Mamba,73,2860,212,212,21.200000000000003,0.19803456962108612,0.25734943151474,2.025157928466797,2.4645469188690186,0.3809235692024231,0,-1,1,212,1.0,2.0,212,0.6643815636634827,0,0.0,0,0.0,0,10.021076202392578,1,6
SH,Mamba,73,2861,153,153,15.3,0.10498283803462982,0.12835608422756195,0.4187404215335846,0.4786966145038605,0.1781511902809143,0,-1,1,153,1.0,2.0,153,0.5054693818092346,0,0.0,0,0.0,0,8.5498685836792,0,5
SH,Mamba,73,2862,457,457,45.7,0.35351207852363586,0.46959173679351807,1.7884012460708618,2.343707799911499,0.41170254349708557,0,-1,1,450,0.9846827133479212,2.0,457,0.5724630951881409,0,0.0,0,0.0,0,1.6493240594863892,1,6
SH,Mamba,73,2863,262,262,26.200000000000003,0.21604023873806,0.24835555255413055,11.566165924072266,17.0367488861084,1.7580784559249878,0,-1,0,0,0.0,2.0,262,4.20566463470459,0,0.0,0,0.0,0,16.99139404296875,2,7
SH,Mamba,73,2864,379,379,37.9,0.3544153571128845,0.4591916501522064,8.616575241088867,11.377224922180176,1.2112152576446533,0,-1,1,86,0.22691292875989447,2.0,379,1.6981637477874756,0,0.0,0,0.0,0,2.015815019607544,1,6
SH,Mamba,73,2865,285,285,28.5,0.2563807964324951,0.42950502038002014,7.783875465393066,9.43246078491211,0.9600088000297546,0,-1,1,52,0.1824561403508772,2.0,285,1.7765759229660034,0,0.0,0,0.0,0,6.516293525695801,1,6
SH,Mamba,73,2866,220,220,22.0,0.19286379218101501,0.22971613705158234,0.6752734780311584,0.947449266910553,0.24651245772838593,0,-1,1,220,1.0,2.0,220,1.11306893825531,0,0.0,0,0.0,0,19.62928009033203,0,5
SH,Mamba,73,2867,301,301,30.1,0.3383964002132416,0.42943549156188965,8.87533187866211,10.095664978027344,0.695943295955658,0,-1,1,301,1.0,2.0,301,0.9300944805145264,0,0.0,0,0.0,0,7.461484432220459,2,7
SH,Mamba,73,2868,140,140,14.0,0.4406794011592865,0.4948863089084625,4.125574588775635,5.054459095001221,0.8134667277336121,0,-1,0,0,0.0,2.0,140,2.3037679195404053,0,0.0,0,0.0,0,8.190606117248535,0,5
SH,Mamba,73,2869,410,410,41.0,0.32461896538734436,0.4010169506072998,17.649036407470703,19.362730026245117,1.267346978187561,0,-1,1,410,1.0,2.0,410,0.4935835003852844,0,0.0,0,0.0,0,7.583099365234375,0,5
SH,Mamba,73,2870,140,140,14.0,0.2594972550868988,0.34125393629074097,1.4188367128372192,1.7620294094085693,0.46301379799842834,0,-1,0,0,0.0,2.0,140,2.0549044609069824,0,0.0,0,0.0,0,18.48238182067871,1,6
SH,Mamba,73,2871,239,239,23.900000000000002,0.2762708067893982,0.41119706630706787,2.425158977508545,3.6519148349761963,0.39917251467704773,0,-1,1,191,0.799163179916318,2.0,239,0.26218101382255554,0,0.0,0,0.0,0,0.6281818747520447,0,5
SH,Mamba,73,2872,191,191,19.1,0.3048371374607086,0.3885754346847534,4.448181629180908,4.829977035522461,0.4836786091327667,0,-1,1,117,0.612565445026178,2.0,191,1.4594056606292725,0,0.0,0,0.0,0,4.358217239379883,2,7
SH,Mamba,73,2873,136,136,13.600000000000001,0.1334010362625122,0.16550478339195251,1.5866423845291138,2.27357816696167,0.41487717628479004,0,-1,1,136,1.0,2.0,136,1.2131507396697998,0,0.0,0,0.0,0,14.83493423461914,1,6
SH,Mamba,73,2874,136,136,13.600000000000001,0.14856505393981934,0.1977478563785553,0.3556278944015503,0.44608479738235474,0.19503772258758545,0,-1,1,66,0.4852941176470588,2.0,136,1.5807825326919556,0,0.0,0,0.0,0,6.182915687561035,2,7
SH,Mamba,73,2875,989,989,98.9,0.46140074729919434,0.6335795521736145,2.9426536560058594,3.3157026767730713,3.249833345413208,1,422,1,422,0.42669362992922144,2.0,422,0.0,0,0.0,0,0.0,0,0.0,2,7
SH,Mamba,73,2876,594,594,59.400000000000006,0.16810661554336548,0.21122056245803833,4.184873104095459,4.625099182128906,0.3415830731391907,0,-1,1,594,1.0,2.0,594,0.8831655383110046,0,0.0,0,0.0,0,19.67456817626953,0,5
SH,Mamba,73,2877,144,144,14.4,0.41543421149253845,0.5304964184761047,4.013064861297607,4.494543552398682,0.5161061882972717,0,-1,1,144,1.0,2.0,144,1.0082939863204956,0,0.0,0,0.0,0,4.486445426940918,2,7
SH,Mamba,73,2878,142,142,14.200000000000001,0.22175849974155426,0.274990975856781,2.823223114013672,3.1370928287506104,0.28220048546791077,0,-1,1,142,1.0,2.0,142,0.9748914837837219,0,0.0,0,0.0,0,6.930256366729736,2,7
SH,Mamba,73,2879,166,166,16.6,0.44212254881858826,0.5645679831504822,1.0705409049987793,1.4186488389968872,0.4390772581100464,1,157,1,157,0.9457831325301205,2.0,157,0.0,0,0.0,0,0.0,0,0.0,1,6
SH,Mamba,73,2880,384,384,38.400000000000006,0.43411561846733093,0.5531148314476013,31.77837562561035,36.68840408325195,2.695321798324585,0,-1,0,0,0.0,2.0,384,2.1657986640930176,0,0.0,0,0.0,0,12.052742004394531,2,7
SH,Mamba,73,2881,1012,1012,101.2,0.26334360241889954,0.36484840512275696,4.1986846923828125,4.779819011688232,1.0739282369613647,1,744,1,744,0.7351778656126482,2.0,744,0.0,0,0.0,0,0.0,0,0.0,2,7
SH,Mamba,73,2882,627,627,62.7,0.25379884243011475,0.3359432518482208,3.1118929386138916,3.645524263381958,0.6250311732292175,1,515,1,515,0.8213716108452951,2.0,515,0.0,0,0.0,0,0.0,0,0.0,2,7
SH,Mamba,73,2883,409,409,40.900000000000006,0.40914350748062134,0.4994508922100067,7.310364723205566,7.9427385330200195,4.2076616287231445,1,59,1,59,0.14425427872860636,2.0,59,0.0,0,0.0,0,0.0,0,0.0,2,7
SH,Mamba,73,2884,190,190,19.0,0.2881320118904114,0.3965480625629425,1.6190366744995117,2.2269816398620605,0.5478417277336121,0,-1,1,43,0.22631578947368422,2.0,190,1.882564663887024,0,0.0,0,0.0,0,2.411015033721924,0,5
SH,Mamba,73,2885,391,391,39.1,0.2197457253932953,0.2937169373035431,7.842925071716309,10.801673889160156,0.6171364784240723,0,-1,1,350,0.8951406649616368,2.0,391,1.026942253112793,0,0.0,0,0.0,0,3.367199420928955,1,6
SH,Mamba,73,2886,163,163,16.3,0.7513852715492249,0.8566475510597229,6.188786029815674,7.410675525665283,1.2502951622009277,0,-1,1,163,1.0,2.0,163,1.0954755544662476,0,0.0,0,0.0,0,3.5601301193237305,1,6
SH,Mamba,73,2887,709,709,70.9,0.21084880828857422,0.26916155219078064,5.2080793380737305,7.0108513832092285,0.6331885457038879,0,-1,1,493,0.6953455571227081,2.0,709,1.0019289255142212,0,0.0,0,0.0,0,18.195648193359375,1,6
SH,Mamba,73,2888,561,561,56.1,0.23248423635959625,0.28710147738456726,4.5638933181762695,4.895874977111816,0.2847713828086853,0,-1,1,561,1.0,2.0,561,0.8241409659385681,0,0.0,0,0.0,0,10.22627067565918,1,6
SH,Mamba,73,2889,131,131,13.100000000000001,0.16265596449375153,0.19816838204860687,0.6721476316452026,1.0251954793930054,0.23456040024757385,0,-1,0,0,0.0,2.0,131,2.9056265354156494,0,0.0,0,0.0,0,6.961605072021484,1,6
SH,Mamba,73,2890,190,190,19.0,0.320600301027298,0.43023681640625,5.668205261230469,6.488442420959473,0.9047962427139282,0,-1,1,1,0.005263157894736842,2.0,190,1.9939854145050049,0,0.0,0,0.0,0,17.969680786132812,1,6
SH,Mamba,73,2891,2053,2053,205.3,0.3725794553756714,0.5012891292572021,7.083456993103027,8.105842590332031,4.650598049163818,1,388,1,332,0.16171456405260595,2.0,388,0.0,0,0.0,0,0.0,0,0.0,1,6
SH,Mamba,73,2892,163,163,16.3,0.4029143750667572,0.5759339928627014,2.0534183979034424,2.520714282989502,0.6321516633033752,0,-1,1,121,0.7423312883435583,2.0,163,1.5599623918533325,0,0.0,0,0.0,0,5.652288436889648,2,7
SH,Mamba,73,2893,231,231,23.1,0.19946341216564178,0.2500452995300293,13.975560188293457,16.63030242919922,1.1396008729934692,0,-1,1,35,0.15151515151515152,2.0,231,1.6628021001815796,0,0.0,0,0.0,0,25.903379440307617,0,5
SH,Mamba,73,2894,254,254,25.400000000000002,0.42608702182769775,0.6071745157241821,3.8228001594543457,4.326776504516602,0.8010331988334656,0,-1,1,254,1.0,2.0,254,0.4738931953907013,0,0.0,0,0.0,0,9.315608978271484,1,6
SH,Mamba,73,2895,166,166,16.6,0.45735806226730347,0.5801434516906738,9.856527328491211,14.951733589172363,2.310039520263672,0,-1,0,0,0.0,2.0,166,3.5928828716278076,0,0.0,0,0.0,0,39.9803466796875,2,7
SH,Mamba,73,2896,229,229,22.900000000000002,0.40528732538223267,0.5366213321685791,7.002229690551758,8.241323471069336,1.1056818962097168,1,177,1,177,0.7729257641921398,2.0,177,0.0,0,0.0,0,0.0,0,0.0,2,7
SH,Mamba,73,2897,173,173,17.3,0.2417607605457306,0.3046041429042816,5.38664436340332,6.069811820983887,0.6355518102645874,0,-1,0,0,0.0,2.0,173,2.1553783416748047,0,0.0,0,0.0,0,13.157002449035645,2,7
SH,Mamba,73,2898,587,587,58.7,0.192008376121521,0.2599421441555023,24.809030532836914,30.212133407592773,2.272329330444336,0,-1,1,499,0.8500851788756388,2.0,587,0.8027298450469971,0,0.0,0,0.0,0,28.349876403808594,2,7
SH,Mamba,73,2899,423,423,42.300000000000004,0.21153222024440765,0.2606564164161682,5.806127071380615,6.942111968994141,0.8126173615455627,0,-1,1,81,0.19148936170212766,2.0,423,1.7831681966781616,0,0.0,0,0.0,0,5.913454055786133,0,5
SH,Mamba,73,2900,368,368,36.800000000000004,0.21479253470897675,0.3102701008319855,2.05979323387146,2.8054373264312744,0.32276028394699097,0,-1,1,368,1.0,2.0,368,0.6000796556472778,0,0.0,0,0.0,0,11.603473663330078,2,7
SH,Mamba,73,2901,147,147,14.700000000000001,0.10493889451026917,0.12526041269302368,3.458557605743408,4.319314002990723,0.624183714389801,0,-1,0,0,0.0,2.0,147,2.2301738262176514,0,0.0,0,0.0,0,36.932647705078125,2,7
SH,Mamba,73,2902,358,358,35.800000000000004,0.15104268491268158,0.1807078719139099,5.395969867706299,6.676156997680664,0.6922019720077515,0,-1,1,358,1.0,2.0,358,0.7897332310676575,0,0.0,0,0.0,0,15.827376365661621,0,5
SH,Mamba,73,2903,331,331,33.1,0.30384376645088196,0.3760487735271454,1.9091339111328125,2.3728575706481934,0.4659391939640045,0,-1,1,56,0.1691842900302115,2.0,331,1.675736427307129,0,0.0,0,0.0,0,3.3248512744903564,0,5
SH,Mamba,73,2904,373,373,37.300000000000004,0.20535564422607422,0.2726841866970062,2.9906136989593506,3.1932291984558105,0.5551892518997192,1,268,1,268,0.7184986595174263,2.0,268,0.0,0,0.0,0,0.0,0,0.0,1,6
SH,Mamba,73,2905,190,190,19.0,0.19468070566654205,0.24652452766895294,5.774621486663818,8.100910186767578,1.0592864751815796,0,-1,1,15,0.07894736842105263,2.0,190,1.7307329177856445,0,0.0,0,0.0,0,39.02066421508789,2,7
SH,Mamba,73,2906,411,411,41.1,0.20558792352676392,0.3140709698200226,1.1973625421524048,1.573272705078125,0.25750377774238586,1,392,1,324,0.7883211678832117,2.0,392,0.0,0,0.0,0,0.0,0,0.0,1,6
SH,Mamba,73,2907,163,163,16.3,0.4282771944999695,0.4914309084415436,6.711953163146973,7.6883039474487305,1.0362582206726074,0,-1,0,0,0.0,2.0,163,4.2901787757873535,0,0.0,0,0.0,0,8.524794578552246,0,5
SH,Mamba,73,2908,221,221,22.1,0.27131712436676025,0.3415709137916565,4.8234710693359375,5.720142364501953,0.5162685513496399,0,-1,1,221,1.0,2.0,221,0.6026728749275208,0,0.0,0,0.0,0,10.430586814880371,2,7
SH,Mamba,73,2909,237,237,23.700000000000003,0.31055253744125366,0.4547947645187378,1.988135814666748,2.2834413051605225,0.4202895164489746,0,-1,1,148,0.6244725738396625,2.0,237,1.3589825630187988,0,0.0,0,0.0,0,1.6003150939941406,0,5
SH,Mamba,73,2910,156,156,15.600000000000001,0.150648295879364,0.17868934571743011,0.7242740988731384,1.0430041551589966,0.3471105396747589,0,-1,1,29,0.1858974358974359,2.0,156,1.725919485092163,0,0.0,0,0.0,0,6.135409832000732,1,6
SH,Mamba,73,2911,196,196,19.6,0.17507116496562958,0.21025554835796356,4.396629810333252,5.451797962188721,0.5727375745773315,0,-1,1,196,1.0,2.0,196,0.9089567065238953,0,0.0,0,0.0,0,16.76360321044922,0,5
SH,Mamba,73,2912,140,140,14.0,0.3091820180416107,0.3554968535900116,5.877230167388916,7.0544538497924805,0.8229418992996216,0,-1,1,115,0.8214285714285714,2.0,140,1.6805716753005981,0,0.0,0,0.0,0,19.107994079589844,2,7
SH,Mamba,73,2913,140,140,14.0,0.1868191510438919,0.2241882085800171,0.9029775261878967,1.1164286136627197,0.33152246475219727,0,-1,0,0,0.0,2.0,140,3.300403356552124,0,0.0,0,0.0,0,17.786996841430664,0,5
SH,Mamba,73,2914,354,354,35.4,0.3085300922393799,0.40776243805885315,7.752235412597656,8.822868347167969,0.576133131980896,0,-1,1,106,0.2994350282485876,2.0,354,1.2371731996536255,0,0.0,0,0.0,0,0.7042779922485352,0,5
SH,Mamba,73,2915,140,140,14.0,0.5420128703117371,0.6391633749008179,8.85838508605957,10.412394523620605,1.2169708013534546,0,-1,0,0,0.0,2.0,140,2.121722459793091,0,0.0,0,0.0,0,13.932435035705566,1,6
SH,Mamba,73,2916,340,340,34.0,0.21420049667358398,0.26258623600006104,4.419169902801514,5.730201721191406,0.32768380641937256,0,-1,1,340,1.0,2.0,340,0.249508336186409,0,0.0,0,0.0,0,0.1941128969192505,1,6
SH,Mamba,73,2917,1207,1207,120.7,0.13936632871627808,0.1795995831489563,9.579750061035156,10.227239608764648,0.3650781512260437,0,-1,1,1207,1.0,2.0,1207,0.6227407455444336,0,0.0,0,0.0,0,11.707836151123047,2,7
SH,Mamba,73,2918,192,192,19.200000000000003,0.5652285814285278,0.6159729361534119,7.262470245361328,8.07131290435791,0.9730791449546814,0,-1,1,192,1.0,2.0,192,1.2792963981628418,0,0.0,0,0.0,0,15.730388641357422,2,7
SH,Mamba,73,2919,138,138,13.8,0.3916749358177185,0.5052430629730225,8.164642333984375,9.649942398071289,1.0534958839416504,0,-1,1,138,1.0,2.0,138,0.2478068619966507,0,0.0,0,0.0,0,4.855663776397705,1,6
SH,Mamba,73,2920,401,401,40.1,0.3921221196651459,0.5380576252937317,16.157934188842773,17.341026306152344,1.0784456729888916,0,-1,0,0,0.0,2.0,401,2.7505228519439697,0,0.0,0,0.0,0,24.665475845336914,1,6
SH,Mamba,73,2921,163,163,16.3,0.26522842049598694,0.3327332139015198,1.2635753154754639,1.8225904703140259,0.5084854960441589,0,-1,1,163,1.0,2.0,163,1.0217355489730835,0,0.0,0,0.0,0,4.12558126449585,1,6
SH,Mamba,73,2922,233,233,23.3,0.146168515086174,0.17470870912075043,4.319666385650635,6.191832065582275,0.7918758988380432,0,-1,0,0,0.0,2.0,233,2.700728178024292,0,0.0,0,0.0,0,9.649145126342773,2,7
SH,Mamba,73,2923,488,488,48.800000000000004,0.4553706645965576,0.5738270878791809,5.103082656860352,6.602052688598633,2.505145311355591,1,239,1,239,0.48975409836065575,2.0,239,0.0,0,0.0,0,0.0,0,0.0,1,6
SH,Mamba,73,2924,284,284,28.400000000000002,0.29866620898246765,0.41095244884490967,2.6561012268066406,2.99052357673645,0.4821604788303375,1,247,1,247,0.8697183098591549,2.0,247,0.0,0,0.0,0,0.0,0,0.0,0,5
SH,Mamba,73,2925,166,166,16.6,0.29347363114356995,0.3567432761192322,3.178232192993164,3.4899203777313232,0.38621097803115845,0,-1,0,0,0.0,2.0,166,2.5851659774780273,0,0.0,0,0.0,0,6.283136367797852,0,5
SH,Mamba,73,2926,136,136,13.600000000000001,0.22868293523788452,0.29729923605918884,2.7755842208862305,3.282012701034546,0.4558079242706299,0,-1,1,114,0.8382352941176471,2.0,136,1.3215852975845337,0,0.0,0,0.0,0,13.311534881591797,0,5
SH,Mamba,73,2927,137,137,13.700000000000001,0.3197702169418335,0.5611551403999329,1.737227439880371,2.1172289848327637,0.4504695236682892,0,-1,1,137,1.0,2.0,137,1.5222893953323364,0,0.0,0,0.0,0,15.68753433227539,2,7
SH,Mamba,73,2928,819,819,81.9,0.32547590136528015,0.5946792960166931,2.1212379932403564,2.8701560497283936,0.36397719383239746,1,814,1,814,0.9938949938949939,2.0,814,0.0,0,0.0,0,0.0,0,0.0,2,7
SH,Mamba,73,2929,207,207,20.700000000000003,0.10521331429481506,0.13865064084529877,3.3449337482452393,4.635228633880615,0.5167130827903748,0,-1,0,0,0.0,2.0,207,2.722133159637451,0,0.0,0,0.0,0,50.97747802734375,1,6
SH,Mamba,73,2930,274,274,27.400000000000002,0.12684692442417145,0.15953762829303741,5.113322734832764,6.4911298751831055,0.4234117567539215,0,-1,1,255,0.9306569343065694,2.0,274,1.5888997316360474,0,0.0,0,0.0,0,5.349987506866455,2,7
SH,Mamba,73,2931,1751,1751,175.10000000000002,0.3113466501235962,0.40739014744758606,7.726588726043701,8.931634902954102,3.2326126098632812,1,986,1,986,0.5631067961165048,2.0,986,0.0,0,0.0,0,0.0,0,0.0,0,5
SH,Mamba,73,2932,146,146,14.600000000000001,0.3724682331085205,0.5003193020820618,2.7370176315307617,3.2528114318847656,0.71957927942276,0,-1,0,0,0.0,2.0,146,2.3211865425109863,0,0.0,0,0.0,0,9.216277122497559,1,6
SH,Mamba,73,2933,231,231,23.1,0.12432260811328888,0.17028574645519257,0.6243152618408203,0.6880715489387512,0.17685624957084656,0,-1,0,0,0.0,2.0,231,3.240408420562744,0,0.0,0,0.0,0,19.85824203491211,1,6
SH,Mamba,73,2934,152,152,15.200000000000001,0.3263324499130249,0.4524203836917877,3.515587568283081,3.8697686195373535,0.5498077869415283,0,-1,1,152,1.0,2.0,152,0.46208158135414124,0,0.0,0,0.0,0,3.750138759613037,0,5
SH,Mamba,73,2935,1074,1074,107.4,0.16403672099113464,0.23928511142730713,9.455613136291504,11.421552658081055,0.41577282547950745,0,-1,1,1074,1.0,2.0,1074,0.5433434247970581,0,0.0,0,0.0,0,6.62089729309082,1,6
SH,Mamba,73,2936,221,221,22.1,0.32492128014564514,0.4078977108001709,3.431173801422119,4.333183288574219,0.6007089614868164,1,201,1,145,0.6561085972850679,2.0,201,0.0,0,0.0,0,0.0,0,0.0,0,5
SH,Mamba,73,2937,176,176,17.6,0.34315431118011475,0.4103545844554901,4.041306495666504,5.298346996307373,0.51742023229599,0,-1,1,176,1.0,2.0,176,1.1387014389038086,0,0.0,0,0.0,0,2.917719602584839,2,7
SH,Mamba,73,2938,186,186,18.6,0.25286298990249634,0.31916993856430054,0.5368496775627136,0.7338566780090332,0.3069424033164978,0,-1,1,186,1.0,2.0,186,1.174834132194519,0,0.0,0,0.0,0,5.143477439880371,0,5
SH,Mamba,73,2939,136,136,13.600000000000001,0.2774409055709839,0.4119599759578705,2.699549436569214,3.77821683883667,0.503398597240448,0,-1,1,99,0.7279411764705882,2.0,136,1.3211668729782104,0,0.0,0,0.0,0,19.46982192993164,1,6
SH,Mamba,73,2940,140,140,14.0,0.4069500267505646,0.5059682726860046,8.897489547729492,11.878905296325684,1.740946888923645,0,-1,0,0,0.0,2.0,140,2.040066957473755,0,0.0,0,0.0,0,6.2434797286987305,2,7
SH,Mamba,73,2941,276,276,27.6,0.28812628984451294,0.3567531108856201,1.627859354019165,1.9997665882110596,0.6181217432022095,0,-1,0,0,0.0,2.0,276,2.6594297885894775,0,0.0,0,0.0,0,15.095824241638184,2,7
SH,Mamba,73,2942,683,683,68.3,0.1968403458595276,0.24275173246860504,3.657870054244995,4.067699909210205,0.3659013509750366,0,-1,1,376,0.5505124450951684,2.0,683,1.3340370655059814,0,0.0,0,0.0,0,8.165377616882324,0,5
SH,Mamba,73,2943,166,166,16.6,0.47127074003219604,0.6398378014564514,4.566473007202148,7.460872650146484,1.2878042459487915,0,-1,1,31,0.18674698795180722,2.0,166,1.705194115638733,0,0.0,0,0.0,0,5.090906143188477,1,6
SH,Mamba,73,2944,553,553,55.300000000000004,0.3883923888206482,0.49141013622283936,8.330604553222656,9.91849422454834,0.8217970728874207,0,-1,1,539,0.9746835443037974,2.0,553,1.023294448852539,0,0.0,0,0.0,0,3.2593963146209717,1,6
SH,Mamba,73,2945,135,135,13.5,0.1681363433599472,0.21345984935760498,0.78070467710495,0.8504847288131714,0.09284171462059021,0,-1,1,133,0.9851851851851852,2.0,135,0.9374152421951294,0,0.0,0,0.0,0,3.6062371730804443,1,6
SH,Mamba,73,2946,357,357,35.7,0.22641123831272125,0.2813073992729187,4.834665298461914,6.220699787139893,0.36354103684425354,0,-1,1,357,1.0,2.0,357,0.5545310378074646,0,0.0,0,0.0,0,8.604837417602539,0,5
SH,Mamba,73,2947,135,135,13.5,0.23952266573905945,0.31999486684799194,4.933225631713867,6.091551780700684,0.6354800462722778,0,-1,1,135,1.0,2.0,135,1.3356260061264038,0,0.0,0,0.0,0,17.061962127685547,2,7
SH,Mamba,73,2948,293,293,29.3,0.28113865852355957,0.36915597319602966,35.82236862182617,42.56713104248047,2.404693603515625,0,-1,1,90,0.30716723549488056,2.0,293,1.1302250623703003,0,0.0,0,0.0,0,28.773923873901367,1,6
SH,Mamba,73,2949,312,312,31.200000000000003,0.3846253752708435,0.49934279918670654,4.340819358825684,4.978960990905762,0.7444083094596863,0,-1,1,209,0.6698717948717948,2.0,312,1.3821240663528442,0,0.0,0,0.0,0,14.57746410369873,1,6
SH,Mamba,73,2950,313,313,31.3,0.4004809856414795,0.4838158190250397,3.0067601203918457,3.6310131549835205,0.6020032167434692,0,-1,1,309,0.987220447284345,2.0,313,1.465574860572815,0,0.0,0,0.0,0,4.209654331207275,1,6
SH,Mamba,73,2951,134,134,13.4,0.052993517369031906,0.06670763343572617,0.6185092329978943,0.85175621509552,0.20233865082263947,0,-1,1,134,1.0,2.0,134,1.8464690446853638,0,0.0,0,0.0,0,41.142730712890625,2,7
SH,Mamba,73,2952,305,305,30.5,0.36050739884376526,0.4364997148513794,2.325798749923706,3.1262660026550293,0.594407856464386,0,-1,1,305,1.0,2.0,305,0.8159391283988953,0,0.0,0,0.0,0,8.337540626525879,2,7
SH,Mamba,73,2953,161,161,16.1,0.25847089290618896,0.340376615524292,0.5960990190505981,0.7782336473464966,0.23451992869377136,0,-1,1,61,0.37888198757763975,2.0,161,1.884764552116394,0,0.0,0,0.0,0,3.7786593437194824,2,7
SH,Mamba,73,2954,171,171,17.1,0.10087417811155319,0.13148200511932373,5.512155532836914,7.144326210021973,0.9068514108657837,0,-1,0,0,0.0,2.0,171,2.2931649684906006,0,0.0,0,0.0,0,42.70974349975586,1,6
SH,Mamba,73,2955,369,369,36.9,0.20244501531124115,0.2774057388305664,3.7077057361602783,4.162528038024902,0.23065900802612305,0,-1,1,369,1.0,2.0,369,0.41930678486824036,0,0.0,0,0.0,0,1.2815167903900146,1,6
SH,Mamba,73,2956,260,260,26.0,0.21763752400875092,0.2623865604400635,5.606772422790527,6.114596366882324,0.4253547489643097,0,-1,1,220,0.8461538461538461,2.0,260,1.03351628780365,0,0.0,0,0.0,0,15.165379524230957,2,7
SH,Mamba,73,2957,170,170,17.0,0.17551995813846588,0.20666854083538055,4.2298970222473145,4.904690742492676,0.4261384904384613,0,-1,1,170,1.0,2.0,170,0.9336684346199036,0,0.0,0,0.0,0,18.14654541015625,1,6
SH,Mamba,73,2958,147,147,14.700000000000001,0.36001351475715637,0.4336397051811218,5.149454116821289,6.956559658050537,0.9905394315719604,0,-1,1,64,0.43537414965986393,2.0,147,1.7003364562988281,0,0.0,0,0.0,0,6.707134246826172,0,5
SH,Mamba,73,2959,711,711,71.10000000000001,0.24382683634757996,0.3132290542125702,2.7215487957000732,3.126649856567383,0.3026823401451111,0,-1,1,702,0.9873417721518988,2.0,711,0.8695672154426575,0,0.0,0,0.0,0,6.024532794952393,0,5
SH,Mamba,73,2960,240,240,24.0,0.25945451855659485,0.32662123441696167,3.431399345397949,4.46345329284668,0.5159808397293091,0,-1,1,94,0.39166666666666666,2.0,240,1.7143529653549194,0,0.0,0,0.0,0,0.7488880157470703,0,5
SH,Mamba,73,2961,583,583,58.300000000000004,0.3003033399581909,0.38941100239753723,8.059741020202637,8.609906196594238,0.5478987693786621,1,535,1,381,0.6535162950257289,2.0,535,0.0,0,0.0,0,0.0,0,0.0,2,7
SH,Mamba,73,2962,283,283,28.3,0.2983708083629608,0.4868248999118805,4.422852039337158,4.875271797180176,0.5804778337478638,0,-1,1,126,0.4452296819787986,2.0,283,1.6049023866653442,0,0.0,0,0.0,0,7.974315166473389,1,6
SH,Mamba,73,2963,167,167,16.7,0.6546357274055481,0.8016107678413391,8.412522315979004,10.971063613891602,1.542289137840271,0,-1,1,167,1.0,2.0,167,0.14290906488895416,0,0.0,0,0.0,0,0.7500507235527039,2,7
SH,Mamba,73,2964,260,260,26.0,0.35743334889411926,0.5339801907539368,7.314859390258789,10.453028678894043,1.1468130350112915,0,-1,1,260,1.0,2.0,260,0.7838259935379028,0,0.0,0,0.0,0,7.161582946777344,0,5
SH,Mamba,73,2965,480,480,48.0,0.10640636086463928,0.13492469489574432,18.847932815551758,22.237871170043945,0.7789656519889832,0,-1,1,307,0.6395833333333333,2.0,480,0.9325611591339111,0,0.0,0,0.0,0,21.266223907470703,2,7
SH,Mamba,73,2966,154,154,15.4,0.4455079436302185,0.6872904300689697,3.356174945831299,4.116682052612305,0.9104306101799011,0,-1,1,154,1.0,2.0,154,1.263487458229065,0,0.0,0,0.0,0,15.610949516296387,2,7
SH,Mamba,73,2967,132,132,13.200000000000001,0.4129669666290283,0.5711138844490051,2.991823196411133,3.2729241847991943,0.5209271907806396,0,-1,1,132,1.0,2.0,132,0.7470883131027222,0,0.0,0,0.0,0,8.96371841430664,1,6
SH,Mamba,73,2968,341,341,34.1,0.14402300119400024,0.17308922111988068,4.218874454498291,5.775625705718994,0.6443157196044922,0,-1,1,341,1.0,2.0,341,0.9415832161903381,0,0.0,0,0.0,0,16.914955139160156,2,7
SH,Mamba,73,2969,158,158,15.8,0.30420729517936707,0.35741275548934937,3.5575623512268066,4.940674304962158,0.7426884770393372,0,-1,1,158,1.0,2.0,158,1.166282057762146,0,0.0,0,0.0,0,7.412570476531982,0,5
SH,Mamba,73,2970,460,460,46.0,0.25817304849624634,0.3643268048763275,2.4352242946624756,2.667250156402588,0.40938106179237366,0,-1,1,460,1.0,2.0,460,0.6396565437316895,0,0.0,0,0.0,0,6.635166168212891,1,6
SH,Mamba,73,2971,131,131,13.100000000000001,0.19093066453933716,0.24867373704910278,2.210047483444214,2.506605386734009,0.30216091871261597,0,-1,0,0,0.0,2.0,131,2.0458054542541504,0,0.0,0,0.0,0,26.53157615661621,2,7
SH,Mamba,73,2972,168,168,16.8,0.44307830929756165,0.6072337031364441,9.224231719970703,12.610010147094727,1.787632942199707,0,-1,1,168,1.0,2.0,168,0.7042713165283203,0,0.0,0,0.0,0,12.53018856048584,0,5
SH,Mamba,73,2973,294,294,29.400000000000002,0.4781222641468048,0.6045805811882019,2.6285672187805176,3.612362861633301,0.8225880861282349,0,-1,1,222,0.7551020408163265,2.0,294,0.9826347231864929,0,0.0,0,0.0,0,4.4156928062438965,1,6
SH,Mamba,73,2974,148,148,14.8,0.45696958899497986,0.4948212206363678,3.514887571334839,4.147343635559082,1.2961478233337402,0,-1,1,6,0.04054054054054054,2.0,148,1.9886740446090698,0,0.0,0,0.0,0,50.69268798828125,0,5
SH,Mamba,73,2975,362,362,36.2,0.23945651948451996,0.2978307008743286,3.08821439743042,4.848872661590576,0.5522106885910034,0,-1,1,286,0.7900552486187845,2.0,362,1.3322114944458008,0,0.0,0,0.0,0,19.7117919921875,0,5
SH,Mamba,73,2976,136,136,13.600000000000001,0.20518839359283447,0.24977102875709534,0.29798364639282227,0.3517736792564392,0.2468721717596054,0,-1,1,96,0.7058823529411765,2.0,136,1.27061927318573,0,0.0,0,0.0,0,24.81070899963379,2,7
SH,Mamba,73,2977,162,162,16.2,0.2441760003566742,0.3179049491882324,1.1972438097000122,1.3678990602493286,0.22982046008110046,0,-1,1,107,0.6604938271604939,2.0,162,0.10487987101078033,0,0.0,0,0.0,0,0.06662056595087051,2,7
SH,Mamba,73,2978,145,145,14.5,0.1866523176431656,0.2201003134250641,0.8643830418586731,0.9766616225242615,0.1547023206949234,0,-1,1,120,0.8275862068965517,2.0,145,1.3911961317062378,0,0.0,0,0.0,0,4.049437046051025,2,7
SH,Mamba,73,2979,629,629,62.900000000000006,0.4303000271320343,0.5473659038543701,10.73360538482666,12.155190467834473,4.90488862991333,1,140,1,140,0.22257551669316375,2.0,140,0.0,0,0.0,0,0.0,0,0.0,2,7
SH,Mamba,73,2980,212,212,21.200000000000003,0.21158954501152039,0.2977774441242218,1.4962142705917358,1.7617762088775635,0.34387290477752686,0,-1,1,212,1.0,2.0,212,1.140699863433838,0,0.0,0,0.0,0,12.640315055847168,2,7
SH,Mamba,73,2981,135,135,13.5,0.23160266876220703,0.2993946969509125,10.059456825256348,12.47814655303955,1.8314154148101807,0,-1,1,135,1.0,2.0,135,1.1155130863189697,0,0.0,0,0.0,0,19.8629093170166,0,5
SH,Mamba,73,2982,426,426,42.6,0.32869985699653625,0.41212671995162964,2.862935781478882,3.4148125648498535,0.6456465721130371,1,308,1,279,0.6549295774647887,2.0,308,0.0,0,0.0,0,0.0,0,0.0,2,7
SH,Mamba,73,2983,171,171,17.1,0.23154252767562866,0.2876799404621124,3.8517203330993652,4.658056735992432,0.4118093252182007,0,-1,1,158,0.9239766081871345,2.0,171,1.3418418169021606,0,0.0,0,0.0,0,22.30652618408203,2,7
SH,Mamba,73,2984,161,161,16.1,0.10715633630752563,0.14030855894088745,0.28561604022979736,0.34398066997528076,0.10207188874483109,0,-1,1,161,1.0,2.0,161,0.5594696998596191,0,0.0,0,0.0,0,9.863388061523438,0,5
SH,Mamba,73,2985,204,204,20.400000000000002,0.12567821145057678,0.16722311079502106,6.151681423187256,7.701347351074219,0.7065269351005554,0,-1,1,61,0.29901960784313725,2.0,204,1.5276583433151245,0,0.0,0,0.0,0,32.81983947753906,0,5
SH,Mamba,73,2986,567,567,56.7,0.44344690442085266,0.6111330389976501,2.460409641265869,2.8897526264190674,0.5163680911064148,0,-1,1,407,0.7178130511463845,2.0,567,0.8504380583763123,0,0.0,0,0.0,0,1.6884806156158447,2,7
SH,Mamba,73,2987,421,421,42.1,0.22686626017093658,0.2838008403778076,2.5419228076934814,2.933274745941162,0.41773363947868347,0,-1,1,421,1.0,2.0,421,0.9518193006515503,0,0.0,0,0.0,0,5.1885809898376465,0,5
SH,Mamba,73,2988,608,608,60.800000000000004,0.24515129625797272,0.35646361112594604,5.364128589630127,7.259166240692139,0.49992993474006653,1,590,1,309,0.5082236842105263,2.0,590,0.0,0,0.0,0,0.0,0,0.0,2,7
SH,Mamba,73,2989,454,454,45.400000000000006,0.5537974238395691,0.6990066170692444,5.3006463050842285,5.814724445343018,3.9783360958099365,1,85,1,85,0.18722466960352424,2.0,85,0.0,0,0.0,0,0.0,0,0.0,0,5
SH,Mamba,73,2990,263,263,26.3,0.3135821521282196,0.3607289791107178,15.993148803710938,19.5638427734375,1.4407777786254883,0,-1,0,0,0.0,2.0,263,2.474158525466919,0,0.0,0,0.0,0,44.65890121459961,2,7
SH,Mamba,73,2991,154,154,15.4,0.29804089665412903,0.38124629855155945,9.965147972106934,11.798093795776367,1.0545979738235474,0,-1,1,154,1.0,2.0,154,0.4199638068675995,0,0.0,0,0.0,0,7.865490436553955,0,5
SH,Mamba,73,2992,147,147,14.700000000000001,0.25730299949645996,0.35745030641555786,5.903350830078125,7.246927738189697,0.9543808102607727,0,-1,1,147,1.0,2.0,147,0.6714548468589783,0,0.0,0,0.0,0,9.748685836791992,1,6
SH,Mamba,73,2993,160,160,16.0,0.2958816587924957,0.33000317215919495,11.764325141906738,15.092639923095703,1.6375993490219116,0,-1,0,0,0.0,2.0,160,2.942305088043213,0,0.0,0,0.0,0,68.27136993408203,1,6
SH,Mamba,73,2994,162,162,16.2,0.15795092284679413,0.18649135529994965,3.609933853149414,4.059479713439941,0.4300619959831238,0,-1,1,162,1.0,2.0,162,1.1674714088439941,0,0.0,0,0.0,0,30.47008514404297,0,5
SH,Mamba,73,2995,414,414,41.400000000000006,0.30124861001968384,0.4071596562862396,3.9391815662384033,4.408483505249023,0.6324518918991089,0,-1,1,232,0.5603864734299517,2.0,414,0.5227347612380981,0,0.0,0,0.0,0,1.3349390029907227,2,7
SH,Mamba,73,2996,195,195,19.5,0.21976304054260254,0.27377012372016907,1.0474961996078491,1.3945056200027466,0.24505415558815002,0,-1,1,6,0.03076923076923077,2.0,195,1.9972257614135742,0,0.0,0,0.0,0,3.2621307373046875,1,6
SH,Mamba,73,2997,959,959,95.9,0.23691263794898987,0.31637319922447205,16.947500228881836,21.737716674804688,1.4345498085021973,0,-1,1,881,0.9186652763295099,2.0,959,0.5613728761672974,0,0.0,0,0.0,0,15.753355026245117,1,6
SH,Mamba,73,2998,341,341,34.1,0.0767381489276886,0.09999709576368332,1.8446441888809204,2.1878151893615723,0.27254408597946167,0,-1,0,0,0.0,2.0,341,2.1966867446899414,0,0.0,0,0.0,0,61.98638153076172,0,5
SH,Mamba,73,2999,171,171,17.1,0.316089391708374,0.4755226969718933,2.059483289718628,2.260071039199829,0.3197326064109802,0,-1,0,0,0.0,2.0,171,3.6648612022399902,0,0.0,0,0.0,0,3.268433094024658,0,5
SH,Mamba,73,3000,211,211,21.1,0.31758761405944824,0.44357049465179443,1.5166817903518677,1.7820287942886353,0.4571291208267212,1,200,1,200,0.9478672985781991,2.0,200,0.0,0,0.0,0,0.0,0,0.0,2,7
SH,Mamba,73,3001,392,392,39.2,0.2001115381717682,0.25737378001213074,1.5874059200286865,1.9611499309539795,0.3302624821662903,0,-1,1,349,0.8903061224489796,2.0,392,1.3544548749923706,0,0.0,0,0.0,0,10.133881568908691,0,5
SH,Mamba,73,3002,263,263,26.3,0.33167997002601624,0.4015638828277588,2.0175375938415527,2.3525450229644775,0.4411157965660095,0,-1,1,263,1.0,2.0,263,0.8885879516601562,0,0.0,0,0.0,0,22.509170532226562,0,5
SH,Mamba,73,3003,152,152,15.200000000000001,0.34008270502090454,0.41414394974708557,0.7603043913841248,1.0806623697280884,0.46911805868148804,1,151,1,151,0.993421052631579,2.0,151,0.0,0,0.0,0,0.0,0,0.0,1,6
SH,Mamba,73,3004,145,145,14.5,0.1999453604221344,0.23466190695762634,0.6737536787986755,0.8220762014389038,0.21128642559051514,0,-1,1,91,0.6275862068965518,2.0,145,1.2510040998458862,0,0.0,0,0.0,0,2.7242023944854736,0,5
SH,Mamba,73,3005,270,270,27.0,0.38548386096954346,0.5496336221694946,2.9805967807769775,3.3283987045288086,0.8590728640556335,1,185,1,185,0.6851851851851852,2.0,185,0.0,0,0.0,0,0.0,0,0.0,0,5
SH,Mamba,73,3006,203,203,20.3,0.23069463670253754,0.33134496212005615,1.5585602521896362,2.014819860458374,0.5311582684516907,0,-1,1,118,0.5812807881773399,2.0,203,1.5901548862457275,0,0.0,0,0.0,0,9.665604591369629,2,7
SH,Mamba,73,3007,180,180,18.0,0.2284746766090393,0.291771799325943,2.9455230236053467,4.163691520690918,0.5412972569465637,0,-1,1,180,1.0,2.0,180,1.0994784832000732,0,0.0,0,0.0,0,12.738258361816406,1,6
SH,Mamba,73,3008,325,325,32.5,0.2812191843986511,0.37678614258766174,7.64712381362915,9.906858444213867,0.8947505950927734,0,-1,1,325,1.0,2.0,325,0.8944064378738403,0,0.0,0,0.0,0,14.397759437561035,2,7
SH,Mamba,73,3009,2991,2991,299.1,0.3938036561012268,0.48564982414245605,4.796211242675781,5.352545261383057,2.939016580581665,1,564,1,564,0.18856569709127383,2.0,564,0.0,0,0.0,0,0.0,0,0.0,2,7
SH,Mamba,73,3010,210,210,21.0,0.25410225987434387,0.361907035112381,1.2419703006744385,1.8700278997421265,0.45807066559791565,0,-1,1,188,0.8952380952380953,2.0,210,1.4399782419204712,0,0.0,0,0.0,0,5.805938720703125,0,5
SH,Mamba,73,3011,474,474,47.400000000000006,0.2412099689245224,0.30106109380722046,0.7947778105735779,0.951623260974884,0.2946138083934784,0,-1,1,466,0.9831223628691983,2.0,474,0.8444869518280029,0,0.0,0,0.0,0,2.975466012954712,0,5
SH,Mamba,73,3012,138,138,13.8,0.5942151546478271,0.6739975810050964,6.665628910064697,7.628276824951172,1.1789849996566772,1,114,1,114,0.8260869565217391,2.0,114,0.0,0,0.0,0,0.0,0,0.0,2,7
SH,Mamba,73,3013,136,136,13.600000000000001,0.735921323299408,0.8740374445915222,3.966161012649536,4.548011302947998,0.8662797808647156,0,-1,1,136,1.0,2.0,136,0.5350756049156189,0,0.0,0,0.0,0,2.440937042236328,0,5
SH,Mamba,73,3014,252,252,25.200000000000003,0.1661176085472107,0.20592477917671204,19.502002716064453,24.458005905151367,1.987693428993225,0,-1,0,0,0.0,2.0,252,4.008060932159424,0,0.0,0,0.0,0,77.81150817871094,0,5
SH,Mamba,73,3015,601,601,60.1,0.17585083842277527,0.2099003940820694,21.359634399414062,26.353559494018555,1.1455479860305786,0,-1,1,222,0.36938435940099834,2.0,601,1.2560937404632568,0,0.0,0,0.0,0,26.104585647583008,1,6
SH,Mamba,73,3016,225,225,22.5,0.22568735480308533,0.27239084243774414,1.9514938592910767,2.542299747467041,0.5511357188224792,0,-1,1,127,0.5644444444444444,2.0,225,1.6403837203979492,0,0.0,0,0.0,0,9.502971649169922,2,7
SH,Mamba,73,3017,137,137,13.700000000000001,0.3238576054573059,0.3999980092048645,6.53524112701416,8.428902626037598,1.0317437648773193,0,-1,1,137,1.0,2.0,137,1.0654319524765015,0,0.0,0,0.0,0,14.605849266052246,0,5
SH,Mamba,73,3018,148,148,14.8,0.1466684341430664,0.17932003736495972,3.790712833404541,4.543651580810547,0.3962878882884979,0,-1,1,37,0.25,2.0,148,0.9007021188735962,0,0.0,0,0.0,0,0.587049126625061,1,6
SH,Mamba,73,3019,143,143,14.3,0.47725340723991394,0.5765669941902161,4.2471184730529785,5.193894386291504,1.1329355239868164,0,-1,1,53,0.3706293706293706,2.0,143,1.8154246807098389,0,0.0,0,0.0,0,13.403154373168945,0,5
SH,Mamba,73,3020,254,254,25.400000000000002,0.2299252301454544,0.3085850477218628,0.7922717332839966,0.8994131088256836,0.5435646772384644,1,52,1,50,0.1968503937007874,2.0,52,0.0,0,0.0,0,0.0,0,0.0,2,7
SH,Mamba,73,3021,343,343,34.300000000000004,0.26190996170043945,0.320247083902359,22.866802215576172,25.357418060302734,1.3865400552749634,0,-1,1,110,0.3206997084548105,2.0,343,1.2676628828048706,0,0.0,0,0.0,0,28.773059844970703,1,6
SH,Mamba,73,3022,333,333,33.300000000000004,0.4525921940803528,0.6170980334281921,2.502960681915283,3.7486274242401123,0.5784059762954712,0,-1,1,333,1.0,2.0,333,0.3141312301158905,0,0.0,0,0.0,0,0.6023889183998108,1,6
SH,Mamba,73,3023,1059,1059,105.9,0.3021944463253021,0.3969370424747467,3.4122519493103027,3.7459349632263184,0.37682151794433594,1,1021,1,1021,0.9641170915958451,2.0,1021,0.0,0,0.0,0,0.0,0,0.0,0,5
SH,Mamba,73,3024,179,179,17.900000000000002,0.35584574937820435,0.4390815496444702,6.340477466583252,7.677958011627197,0.7482178807258606,0,-1,1,8,0.0446927374301676,2.0,179,1.9703422784805298,0,0.0,0,0.0,0,19.602947235107422,2,7
SH,Mamba,73,3025,174,174,17.400000000000002,0.16547498106956482,0.2183678299188614,9.412962913513184,11.73746395111084,1.2552146911621094,0,-1,1,43,0.2471264367816092,2.0,174,1.5330649614334106,0,0.0,0,0.0,0,27.825519561767578,2,7
SH,Mamba,73,3026,353,353,35.300000000000004,0.3102671802043915,0.38334938883781433,7.348252296447754,8.50534725189209,0.5129530429840088,0,-1,1,353,1.0,2.0,353,0.21719315648078918,0,0.0,0,0.0,0,4.3417205810546875,2,7
SH,Mamba,73,3027,281,281,28.1,0.47325456142425537,0.7587060332298279,3.7462944984436035,5.465900897979736,1.4275873899459839,0,-1,0,0,0.0,2.0,281,2.8486435413360596,0,0.0,0,0.0,0,10.461657524108887,2,7
SH,Mamba,73,3028,180,180,18.0,0.3496190309524536,0.44628167152404785,1.9086017608642578,2.258458137512207,0.8235931992530823,1,150,1,150,0.8333333333333334,2.0,150,0.0,0,0.0,0,0.0,0,0.0,2,7
SH,Mamba,73,3029,348,348,34.800000000000004,0.4665317237377167,0.5739618539810181,1.731831669807434,1.9508415460586548,0.4265998899936676,0,-1,1,166,0.47701149425287354,2.0,348,1.4370652437210083,0,0.0,0,0.0,0,3.4248225688934326,1,6
SH,Mamba,73,3030,248,248,24.8,0.3233064115047455,0.416873037815094,1.411889910697937,1.6463874578475952,0.28123369812965393,0,-1,1,248,1.0,2.0,248,0.7265777587890625,0,0.0,0,0.0,0,5.82366943359375,2,7
SH,Mamba,73,3031,1357,1357,135.70000000000002,0.1675982028245926,0.22127658128738403,11.02141284942627,12.16804313659668,0.5532573461532593,0,-1,1,1357,1.0,2.0,1357,0.557820200920105,0,0.0,0,0.0,0,7.361507415771484,0,5
SH,Mamba,73,3032,159,159,15.9,0.2725425362586975,0.34510669112205505,2.2927610874176025,2.553856611251831,0.4058128595352173,0,-1,1,6,0.03773584905660377,2.0,159,1.9944581985473633,0,0.0,0,0.0,0,11.799915313720703,0,5
SH,Mamba,73,3033,235,235,23.5,0.24245648086071014,0.2991878390312195,15.885835647583008,18.270952224731445,1.2444771528244019,0,-1,1,228,0.9702127659574468,2.0,235,1.5313414335250854,0,0.0,0,0.0,0,16.46363067626953,0,5
SH,Mamba,73,3034,190,190,19.0,0.24180471897125244,0.3455883860588074,4.549866199493408,5.633137226104736,0.4426933228969574,0,-1,1,190,1.0,2.0,190,1.400965929031372,0,0.0,0,0.0,0,12.287456512451172,0,5
SH,Mamba,73,3035,198,198,19.8,0.43902862071990967,0.5598458051681519,2.052668809890747,2.7072601318359375,0.8025262355804443,0,-1,0,0,0.0,2.0,198,2.6540474891662598,0,0.0,0,0.0,0,4.01723051071167,0,5
SH,Mamba,73,3036,885,885,88.5,0.3379417359828949,0.4196612536907196,9.919387817382812,10.937261581420898,0.7024990916252136,0,-1,1,772,0.8723163841807909,2.0,885,0.1954721063375473,0,0.0,0,0.0,0,1.3065088987350464,2,7
SH,Mamba,73,3037,1776,1776,177.60000000000002,0.24069154262542725,0.33753275871276855,5.617358684539795,6.879196643829346,2.323533535003662,1,1239,1,1239,0.6976351351351351,2.0,1239,0.0,0,0.0,0,0.0,0,0.0,2,7
SH,Mamba,73,3038,151,151,15.100000000000001,0.22107119858264923,0.30089184641838074,0.9700045585632324,1.4982552528381348,0.5228455662727356,0,-1,1,92,0.609271523178808,2.0,151,1.3050644397735596,0,0.0,0,0.0,0,22.045408248901367,0,5
SH,Mamba,73,3039,495,495,49.5,0.21195539832115173,0.2621157467365265,9.543293952941895,10.622682571411133,0.5891029238700867,0,-1,1,495,1.0,2.0,495,0.538151204586029,0,0.0,0,0.0,0,8.562637329101562,0,5
SH,Mamba,73,3040,477,477,47.7,0.3936833143234253,0.5036919116973877,3.367171049118042,3.611021041870117,1.8383108377456665,1,97,1,97,0.20335429769392033,2.0,97,0.0,0,0.0,0,0.0,0,0.0,0,5
SH,Mamba,73,3041,208,208,20.8,0.10140246897935867,0.11988730728626251,7.305163383483887,9.755231857299805,0.9709843397140503,0,-1,0,0,0.0,2.0,208,2.2949657440185547,0,0.0,0,0.0,0,33.30137634277344,1,6
SH,Mamba,73,3042,222,222,22.200000000000003,0.28074517846107483,0.3278215825557709,8.562843322753906,9.45272159576416,0.8522173762321472,0,-1,0,0,0.0,2.0,222,2.0770838260650635,0,0.0,0,0.0,0,14.373876571655273,0,5
SH,Mamba,73,3043,391,391,39.1,0.29640597105026245,0.3847206234931946,2.286480665206909,2.912278413772583,0.5763342380523682,0,-1,1,365,0.9335038363171355,2.0,391,1.1564717292785645,0,0.0,0,0.0,0,10.305594444274902,2,7
SH,Mamba,73,3044,268,268,26.8,0.28630331158638,0.34415003657341003,7.641811847686768,10.193775177001953,0.7110061645507812,0,-1,0,0,0.0,2.0,268,2.6927101612091064,0,0.0,0,0.0,0,66.0902099609375,0,5
SH,Mamba,73,3045,186,186,18.6,0.23552896082401276,0.29315268993377686,0.8987051248550415,1.0330654382705688,0.2332097887992859,0,-1,1,134,0.7204301075268817,2.0,186,1.460395097732544,0,0.0,0,0.0,0,2.864165782928467,1,6
SH,Mamba,73,3046,482,482,48.2,0.10610348731279373,0.14026732742786407,8.598760604858398,9.161931991577148,0.43875885009765625,0,-1,1,482,1.0,2.0,482,1.2022932767868042,0,0.0,0,0.0,0,27.15050506591797,1,6
SH,Mamba,73,3047,240,240,24.0,0.2132381945848465,0.27146562933921814,8.361165046691895,9.68198013305664,0.5666512846946716,0,-1,1,240,1.0,2.0,240,0.765810489654541,0,0.0,0,0.0,0,18.953737258911133,1,6
SH,Mamba,73,3048,286,286,28.6,0.3087431490421295,0.3989037573337555,0.8463866710662842,1.046554684638977,0.4531567394733429,0,-1,1,286,1.0,2.0,286,0.33710843324661255,0,0.0,0,0.0,0,1.6416385173797607,0,5
SH,Mamba,73,3049,158,158,15.8,0.2337753027677536,0.3030451536178589,0.3925313949584961,0.4813592731952667,0.18747642636299133,0,-1,1,158,1.0,2.0,158,0.608663022518158,0,0.0,0,0.0,0,5.291516304016113,1,6
SH,Mamba,73,3050,383,383,38.300000000000004,0.3499002158641815,0.4232313930988312,3.7303104400634766,3.912511110305786,0.28684690594673157,0,-1,1,383,1.0,2.0,383,0.4183565676212311,0,0.0,0,0.0,0,2.045476198196411,0,5
SH,Mamba,73,3051,198,198,19.8,0.5445601344108582,0.6799056529998779,1.3854128122329712,1.65675950050354,0.5106840133666992,0,-1,1,125,0.6313131313131313,2.0,198,0.6661067008972168,0,0.0,0,0.0,0,1.1278091669082642,1,6
SH,Mamba,73,3052,389,389,38.900000000000006,0.2555030286312103,0.31487277150154114,3.3682801723480225,3.7755165100097656,0.3201856315135956,0,-1,1,362,0.9305912596401028,2.0,389,0.9518048763275146,0,0.0,0,0.0,0,6.988680362701416,2,7
SH,Mamba,73,3053,181,181,18.1,0.18305563926696777,0.2260858714580536,2.727083206176758,3.217029333114624,0.48992085456848145,0,-1,1,181,1.0,2.0,181,1.1813966035842896,0,0.0,0,0.0,0,13.202072143554688,2,7
SH,Mamba,73,3054,416,416,41.6,0.2931751012802124,0.38908112049102783,2.679959774017334,3.377145290374756,0.5833689570426941,0,-1,1,376,0.9038461538461539,2.0,416,1.3366620540618896,0,0.0,0,0.0,0,4.8890275955200195,2,7
SH,Mamba,73,3055,342,342,34.2,0.33959105610847473,0.4532298445701599,2.925384044647217,3.187690019607544,0.45158395171165466,1,293,1,293,0.8567251461988304,2.0,293,0.0,0,0.0,0,0.0,0,0.0,0,5
SH,Mamba,73,3056,142,142,14.200000000000001,0.22109581530094147,0.27007806301116943,1.9974573850631714,2.325648546218872,0.3938813805580139,0,-1,0,0,0.0,2.0,142,2.9518942832946777,0,0.0,0,0.0,0,4.341781139373779,0,5
SH,Mamba,73,3057,255,255,25.5,0.22171425819396973,0.2839415371417999,3.2301433086395264,3.671353340148926,0.32206156849861145,0,-1,1,255,1.0,2.0,255,0.5023247599601746,0,0.0,0,0.0,0,8.003849029541016,2,7
SH,Mamba,73,3058,371,371,37.1,0.2828408479690552,0.3805782198905945,3.015946865081787,3.8525469303131104,0.32420486211776733,0,-1,1,336,0.9056603773584906,2.0,371,1.2772502899169922,0,0.0,0,0.0,0,10.790156364440918,0,5
SH,Mamba,73,3059,366,366,36.6,0.1800186038017273,0.22668282687664032,2.8423845767974854,3.331357479095459,0.3935750722885132,0,-1,1,144,0.39344262295081966,2.0,366,1.5296616554260254,0,0.0,0,0.0,0,7.810779094696045,0,5
SH,Mamba,73,3060,204,204,20.400000000000002,0.3551177978515625,0.4491104185581207,1.638887643814087,2.0676283836364746,0.5176801085472107,1,203,1,203,0.9950980392156863,2.0,203,0.0,0,0.0,0,0.0,0,0.0,1,6
SH,Mamba,73,3061,316,316,31.6,0.14735157787799835,0.1802978515625,10.66907024383545,12.87687873840332,0.6485188603401184,0,-1,1,316,1.0,2.0,316,0.8307620286941528,0,0.0,0,0.0,0,15.296395301818848,2,7
SH,Mamba,73,3062,217,217,21.700000000000003,0.6728875041007996,0.8794482350349426,4.6806206703186035,5.290122032165527,0.8862078785896301,0,-1,1,217,1.0,2.0,217,0.2663831114768982,0,0.0,0,0.0,0,0.44178834557533264,2,7
SH,Mamba,73,3063,566,566,56.6,0.2533349394798279,0.34440672397613525,4.074693202972412,5.597906112670898,0.5273642539978027,1,482,1,463,0.8180212014134276,2.0,482,0.0,0,0.0,0,0.0,0,0.0,0,5
SH,Mamba,73,3064,236,236,23.6,0.3272446393966675,0.4741385877132416,1.1422181129455566,1.5377888679504395,0.43066680431365967,0,-1,1,226,0.9576271186440678,2.0,236,1.1614829301834106,0,0.0,0,0.0,0,8.125181198120117,0,5
SH,Mamba,73,3065,355,355,35.5,0.1868830770254135,0.25454819202423096,2.6116466522216797,3.3122401237487793,0.39523205161094666,0,-1,1,355,1.0,2.0,355,1.2754014730453491,0,0.0,0,0.0,0,28.531572341918945,0,5
SH,Mamba,73,3066,285,285,28.5,0.38548192381858826,0.5814416408538818,6.737217426300049,10.475707054138184,1.247756004333496,0,-1,1,65,0.22807017543859648,2.0,285,1.2508251667022705,0,0.0,0,0.0,0,4.499128341674805,2,7
SH,Mamba,73,3067,470,470,47.0,0.08862647414207458,0.10544830560684204,13.67258358001709,16.30139923095703,0.7126131653785706,0,-1,1,184,0.39148936170212767,2.0,470,0.5712971687316895,0,0.0,0,0.0,0,15.792825698852539,1,6
SH,Mamba,73,3068,196,196,19.6,0.2176630049943924,0.29508739709854126,1.4827953577041626,1.678606629371643,0.25671255588531494,0,-1,1,142,0.7244897959183674,2.0,196,1.6195435523986816,0,0.0,0,0.0,0,1.3298617601394653,1,6
SH,Mamba,73,3069,165,165,16.5,0.3047991991043091,0.36680805683135986,3.046410322189331,4.535416126251221,0.8205995559692383,0,-1,0,0,0.0,2.0,165,3.4390060901641846,0,0.0,0,0.0,0,19.48685646057129,0,5
SH,Mamba,73,3070,271,271,27.1,0.42993706464767456,0.5275058150291443,1.796502709388733,2.1628224849700928,0.6064351797103882,0,-1,1,271,1.0,2.0,271,1.323270559310913,0,0.0,0,0.0,0,9.498002052307129,2,7
SH,Mamba,73,3071,140,140,14.0,0.2036990374326706,0.26273486018180847,5.665616035461426,7.7086663246154785,1.223533272743225,0,-1,1,9,0.06428571428571428,2.0,140,1.8498250246047974,0,0.0,0,0.0,0,29.952404022216797,0,5
SH,Mamba,73,3072,283,283,28.3,0.18577155470848083,0.23518416285514832,1.3273720741271973,1.5333499908447266,0.32836660742759705,0,-1,1,283,1.0,2.0,283,0.6741634011268616,0,0.0,0,0.0,0,2.9972360134124756,2,7
SH,Mamba,73,3073,494,494,49.400000000000006,0.23356616497039795,0.30410143733024597,5.94193696975708,6.920525074005127,0.508067786693573,0,-1,0,0,0.0,2.0,494,2.6334056854248047,0,0.0,0,0.0,0,1.6471402645111084,0,5
SH,Mamba,73,3074,318,318,31.8,0.2718336284160614,0.3514096438884735,0.8506054878234863,1.0984708070755005,0.3591327369213104,0,-1,1,245,0.7704402515723271,2.0,318,1.024048089981079,0,0.0,0,0.0,0,4.004255294799805,0,5
SH,Mamba,73,3075,354,354,35.4,0.19046299159526825,0.24884502589702606,2.752948045730591,3.252662420272827,0.2751525938510895,0,-1,1,354,1.0,2.0,354,0.16748401522636414,0,0.0,0,0.0,0,0.4005628228187561,1,6
SH,Mamba,73,3076,167,167,16.7,0.2252742052078247,0.27364641427993774,1.8407790660858154,2.089599847793579,0.4044249653816223,0,-1,1,11,0.0658682634730539,2.0,167,1.872188687324524,0,0.0,0,0.0,0,30.723522186279297,0,5
SH,Mamba,73,3077,478,478,47.800000000000004,0.16094844043254852,0.2075408548116684,3.8468759059906006,4.221532821655273,0.28010714054107666,1,466,1,466,0.9748953974895398,2.0,466,0.0,0,0.0,0,0.0,0,0.0,2,7
SH,Mamba,73,3078,149,149,14.9,0.4995240569114685,0.5734976530075073,2.6185052394866943,2.83445405960083,0.47613048553466797,0,-1,0,0,0.0,2.0,149,2.14219331741333,0,0.0,0,0.0,0,6.161317825317383,2,7
SH,Mamba,73,3079,385,385,38.5,0.3350279927253723,0.4977710545063019,2.2625908851623535,2.5604348182678223,0.3038562834262848,1,375,1,351,0.9116883116883117,2.0,375,0.0,0,0.0,0,0.0,0,0.0,0,5
SH,Mamba,73,3080,222,222,22.200000000000003,0.29761970043182373,0.38581565022468567,2.1996166706085205,3.010558843612671,0.6086681485176086,0,-1,0,0,0.0,2.0,222,2.3647396564483643,0,0.0,0,0.0,0,6.765614986419678,1,6
SH,Mamba,73,3081,297,297,29.700000000000003,0.2909682095050812,0.3992440700531006,3.6045942306518555,4.698136806488037,0.9395977854728699,0,-1,1,203,0.6835016835016835,2.0,297,1.7288858890533447,0,0.0,0,0.0,0,7.7266740798950195,0,5
SH,Mamba,73,3082,279,279,27.900000000000002,0.1942157745361328,0.2593505382537842,16.00132942199707,17.9554500579834,0.8158518075942993,0,-1,1,279,1.0,2.0,279,0.3126099407672882,0,0.0,0,0.0,0,4.542122840881348,2,7
SH,Mamba,73,3083,191,191,19.1,0.2780303359031677,0.35315436124801636,1.592410922050476,1.7889741659164429,0.3252817392349243,0,-1,1,52,0.27225130890052357,2.0,191,1.848528504371643,0,0.0,0,0.0,0,3.166123628616333,0,5
SH,Mamba,73,3084,794,794,79.4,0.1962423473596573,0.24679554998874664,11.139724731445312,13.12172794342041,0.37296462059020996,0,-1,1,794,1.0,2.0,794,0.40271297097206116,0,0.0,0,0.0,0,0.7542719841003418,2,7
SH,Mamba,73,3085,139,139,13.9,0.22432348132133484,0.2600744068622589,2.2059624195098877,3.2954320907592773,0.71901535987854,0,-1,0,0,0.0,2.0,139,2.8537817001342773,0,0.0,0,0.0,0,54.81052780151367,1,6
SH,Mamba,73,3086,169,169,16.900000000000002,0.21106991171836853,0.31600716710090637,1.7009443044662476,2.294830083847046,0.3666224181652069,0,-1,1,79,0.46745562130177515,2.0,169,1.6096810102462769,0,0.0,0,0.0,0,3.2118353843688965,2,7
SH,Mamba,73,3087,248,248,24.8,0.4229011535644531,0.5858682990074158,1.4176338911056519,1.8286871910095215,0.5270770788192749,0,-1,1,248,1.0,2.0,248,1.0537306070327759,0,0.0,0,0.0,0,3.2284278869628906,0,5
SH,Mamba,73,3088,134,134,13.4,0.2126135528087616,0.24175149202346802,3.8678712844848633,5.64713716506958,1.0767104625701904,0,-1,1,108,0.8059701492537313,2.0,134,1.4920845031738281,0,0.0,0,0.0,0,34.91735076904297,0,5
SH,Mamba,73,3089,247,247,24.700000000000003,0.36376556754112244,0.5522798895835876,4.739713191986084,6.259215831756592,0.7924482226371765,1,223,1,223,0.902834008097166,2.0,223,0.0,0,0.0,0,0.0,0,0.0,1,6
SH,Mamba,73,3090,694,694,69.4,0.42273908853530884,0.5371053814888,3.8248772621154785,4.4076762199401855,0.6531772017478943,0,-1,1,679,0.978386167146974,2.0,694,0.5371891260147095,0,0.0,0,0.0,0,2.3620011806488037,2,7
SH,Mamba,73,3091,203,203,20.3,0.3122456669807434,0.3787885308265686,28.671720504760742,35.722042083740234,3.191462993621826,0,-1,1,203,1.0,2.0,203,0.6214845180511475,0,0.0,0,0.0,0,13.785574913024902,0,5
SH,Mamba,73,3092,401,401,40.1,0.45242002606391907,0.573777973651886,4.053201198577881,5.857754707336426,0.6201510429382324,0,-1,1,387,0.9650872817955112,2.0,401,1.1796362400054932,0,0.0,0,0.0,0,3.983869791030884,2,7
SH,Mamba,73,3093,314,314,31.400000000000002,0.270681232213974,0.3193501830101013,5.729233264923096,6.670836448669434,0.6732847094535828,0,-1,1,183,0.5828025477707006,2.0,314,1.5991520881652832,0,0.0,0,0.0,0,15.055638313293457,2,7
SH,Mamba,73,3094,248,248,24.8,0.19133181869983673,0.2637658715248108,11.35254955291748,14.156627655029297,0.9507710933685303,0,-1,1,248,1.0,2.0,248,1.0886331796646118,0,0.0,0,0.0,0,15.065128326416016,1,6
SH,Mamba,73,3095,284,284,28.400000000000002,0.1611517071723938,0.2093246728181839,1.9906474351882935,2.329923629760742,0.20499016344547272,0,-1,1,284,1.0,2.0,284,0.9512681365013123,0,0.0,0,0.0,0,2.2172799110412598,1,6
SH,Mamba,73,3096,242,242,24.200000000000003,0.27375006675720215,0.3146551549434662,3.642874240875244,4.958672523498535,0.46044376492500305,0,-1,1,242,1.0,2.0,242,0.7198266983032227,0,0.0,0,0.0,0,3.2867276668548584,2,7
SH,Mamba,73,3097,287,287,28.700000000000003,0.1457219272851944,0.24370121955871582,18.728303909301758,21.695236206054688,1.0674927234649658,0,-1,1,197,0.686411149825784,2.0,287,0.9941357970237732,0,0.0,0,0.0,0,26.717988967895508,2,7
SH,Mamba,73,3098,236,236,23.6,0.20058313012123108,0.23944450914859772,3.0378522872924805,3.787766456604004,0.47210538387298584,0,-1,1,236,1.0,2.0,236,0.917576014995575,0,0.0,0,0.0,0,17.21892738342285,1,6
SH,Mamba,73,3099,295,295,29.5,0.14979733526706696,0.18878722190856934,13.277235984802246,16.366422653198242,1.129846215248108,0,-1,0,0,0.0,2.0,295,2.8215720653533936,0,0.0,0,0.0,0,8.225229263305664,1,6
SH,Mamba,73,3100,201,201,20.1,0.27230772376060486,0.33600249886512756,5.105853080749512,5.498520851135254,0.4348466694355011,0,-1,1,201,1.0,2.0,201,0.7830852270126343,0,0.0,0,0.0,0,1.8008649349212646,2,7
SH,Mamba,73,3101,301,301,30.1,0.1606605350971222,0.2122335582971573,0.4739828407764435,0.5716314911842346,0.19814695417881012,0,-1,1,301,1.0,2.0,301,0.3817273676395416,0,0.0,0,0.0,0,3.589165687561035,0,5
SH,Mamba,73,3102,276,276,27.6,0.3605775237083435,0.47188472747802734,10.778841972351074,12.189934730529785,0.9561187028884888,0,-1,1,201,0.7282608695652174,2.0,276,1.1671220064163208,0,0.0,0,0.0,0,6.662501811981201,0,5
SH,Mamba,73,3103,448,448,44.800000000000004,0.23770086467266083,0.31834936141967773,1.6981284618377686,2.6629135608673096,0.2758863568305969,0,-1,1,448,1.0,2.0,448,0.37615281343460083,0,0.0,0,0.0,0,4.983855724334717,0,5
SH,Mamba,73,3104,200,200,20.0,0.2755241096019745,0.30245304107666016,1.5982896089553833,2.002366065979004,0.7211942076683044,0,-1,1,200,1.0,2.0,200,0.6158319711685181,0,0.0,0,0.0,0,17.782821655273438,0,5
SH,Mamba,73,3105,172,172,17.2,0.4267994165420532,0.5480836629867554,0.38073402643203735,0.5137500166893005,0.3749312460422516,0,-1,1,172,1.0,2.0,172,0.7823302149772644,0,0.0,0,0.0,0,3.159161329269409,2,7
SH,Mamba,73,3106,1353,1353,135.3,0.17824019491672516,0.2254342883825302,3.3790388107299805,3.5441431999206543,0.1729879081249237,0,-1,1,1353,1.0,2.0,1353,0.4739488363265991,0,0.0,0,0.0,0,3.3628973960876465,1,6
SH,Mamba,73,3107,284,284,28.400000000000002,0.5056910514831543,0.6358989477157593,1.3938325643539429,1.8693214654922485,0.5382806062698364,1,284,1,284,1.0,2.0,284,0.0,0,0.0,0,0.0,0,0.0,2,7
SH,Mamba,73,3108,150,150,15.0,0.3705991506576538,0.47047457098960876,1.5296037197113037,2.1530113220214844,0.7522255182266235,1,142,1,142,0.9466666666666667,2.0,142,0.0,0,0.0,0,0.0,0,0.0,2,7
SH,Mamba,73,3109,321,321,32.1,0.47900229692459106,0.610007643699646,3.519383668899536,3.8909270763397217,2.069310426712036,1,104,1,104,0.32398753894080995,2.0,104,0.0,0,0.0,0,0.0,0,0.0,2,7
SH,Mamba,73,3110,381,381,38.1,0.37403056025505066,0.4731113314628601,9.050956726074219,9.65817928314209,0.6536343097686768,0,-1,0,0,0.0,2.0,381,2.1350648403167725,0,0.0,0,0.0,0,20.35245132446289,0,5
SH,Mamba,73,3111,155,155,15.5,0.2613024115562439,0.34890666604042053,0.6541873812675476,0.9192519783973694,0.39950358867645264,0,-1,1,121,0.7806451612903226,2.0,155,1.3960165977478027,0,0.0,0,0.0,0,5.603891372680664,2,7
SH,Mamba,73,3112,170,170,17.0,0.23062177002429962,0.30958372354507446,7.16023588180542,9.263604164123535,0.9990058541297913,0,-1,1,170,1.0,2.0,170,1.1600538492202759,0,0.0,0,0.0,0,3.430417060852051,2,7
SH,Mamba,73,3113,402,402,40.2,0.34128984808921814,0.42284560203552246,2.0252091884613037,2.8517768383026123,0.44432541728019714,0,-1,1,402,1.0,2.0,402,0.581892192363739,0,0.0,0,0.0,0,1.3114207983016968,2,7
SH,Mamba,73,3114,341,341,34.1,0.2421708106994629,0.3073115944862366,4.215566635131836,5.524189472198486,0.5929366946220398,0,-1,1,262,0.7683284457478006,2.0,341,0.8619340658187866,0,0.0,0,0.0,0,12.843107223510742,1,6
SH,Mamba,73,3115,322,322,32.2,0.2001640647649765,0.2636859118938446,1.62185800075531,1.9528815746307373,0.309318482875824,1,303,1,216,0.6708074534161491,2.0,303,0.0,0,0.0,0,0.0,0,0.0,0,5
SH,Mamba,73,3116,139,139,13.9,0.37662509083747864,0.4693807363510132,18.113624572753906,23.68210792541504,3.4407472610473633,0,-1,1,139,1.0,2.0,139,1.2248072624206543,0,0.0,0,0.0,0,13.49914264678955,2,7
SH,Mamba,73,3117,354,354,35.4,0.15031057596206665,0.19255755841732025,1.5495517253875732,1.9122605323791504,0.24142701923847198,0,-1,1,283,0.7994350282485876,2.0,354,1.5291213989257812,0,0.0,0,0.0,0,12.582310676574707,2,7
SH,Mamba,73,3118,445,445,44.5,0.2654000222682953,0.31951403617858887,2.585571527481079,3.056320905685425,0.42589589953422546,0,-1,1,443,0.9955056179775281,2.0,445,1.2088007926940918,0,0.0,0,0.0,0,4.014898777008057,2,7
SH,Mamba,73,3119,541,541,54.1,0.2698211371898651,0.3466393053531647,3.593107223510742,4.732918739318848,0.5924403071403503,0,-1,1,472,0.8724584103512015,2.0,541,0.9032387733459473,0,0.0,0,0.0,0,11.599580764770508,1,6
SH,Mamba,73,3120,232,232,23.200000000000003,0.29849812388420105,0.35007181763648987,4.056020736694336,5.931631565093994,0.8333796858787537,0,-1,1,232,1.0,2.0,232,0.9147648215293884,0,0.0,0,0.0,0,18.319438934326172,2,7
SH,Mamba,73,3121,185,185,18.5,0.23919826745986938,0.29379013180732727,1.1823076009750366,1.4035258293151855,0.3279385268688202,0,-1,1,107,0.5783783783783784,2.0,185,0.8211563229560852,0,0.0,0,0.0,0,21.376239776611328,2,7
SH,Mamba,73,3122,136,136,13.600000000000001,0.18039532005786896,0.2303086668252945,0.9320161938667297,1.1063262224197388,0.2597353458404541,0,-1,1,136,1.0,2.0,136,1.4101545810699463,0,0.0,0,0.0,0,14.31619644165039,1,6
SH,Mamba,73,3123,1005,1005,100.5,0.3789490759372711,0.5479119420051575,7.467841148376465,8.480110168457031,2.537260055541992,1,497,1,483,0.48059701492537316,2.0,497,0.0,0,0.0,0,0.0,0,0.0,1,6
SH,Mamba,73,3124,296,296,29.6,0.3175654411315918,0.41518813371658325,2.1931047439575195,2.752424478530884,0.6214773058891296,1,268,1,268,0.9054054054054054,2.0,268,0.0,0,0.0,0,0.0,0,0.0,1,6
SH,Mamba,73,3125,262,262,26.200000000000003,0.20405244827270508,0.252410888671875,14.030957221984863,16.584070205688477,1.1138163805007935,0,-1,1,201,0.767175572519084,2.0,262,1.4236609935760498,0,0.0,0,0.0,0,29.031681060791016,0,5
SH,Mamba,73,3126,198,198,19.8,0.4236357808113098,0.4647216796875,12.593578338623047,14.187640190124512,1.554715871810913,0,-1,0,0,0.0,2.0,198,2.884671449661255,0,0.0,0,0.0,0,62.15190887451172,2,7
SH,Mamba,73,3127,266,266,26.6,0.3507477343082428,0.4440906345844269,1.1872360706329346,1.4532322883605957,0.4787452220916748,0,-1,1,266,1.0,2.0,266,1.0312694311141968,0,0.0,0,0.0,0,2.7131597995758057,0,5
SH,Mamba,73,3128,307,307,30.700000000000003,0.15701647102832794,0.18756286799907684,4.968871593475342,5.860006809234619,0.3909096121788025,0,-1,1,307,1.0,2.0,307,0.9893227219581604,0,0.0,0,0.0,0,12.751962661743164,0,5
SH,Mamba,73,3129,178,178,17.8,0.38482242822647095,0.48618218302726746,3.628098487854004,3.93308687210083,0.6962697505950928,0,-1,0,0,0.0,2.0,178,2.101447105407715,0,0.0,0,0.0,0,9.82421588897705,0,5
SH,Mamba,73,3130,311,311,31.1,0.1958901584148407,0.22300954163074493,4.881195545196533,5.778229713439941,0.6100761294364929,0,-1,1,311,1.0,2.0,311,0.4826163649559021,0,0.0,0,0.0,0,13.447335243225098,0,5
SH,Mamba,73,3131,342,342,34.2,0.19776013493537903,0.2841115891933441,1.8522483110427856,2.1727547645568848,0.6904119849205017,1,182,1,182,0.5321637426900585,2.0,182,0.0,0,0.0,0,0.0,0,0.0,1,6
SH,Mamba,73,3132,181,181,18.1,0.21248877048492432,0.2607264816761017,2.8769888877868652,3.3641374111175537,0.7513051629066467,0,-1,1,180,0.994475138121547,2.0,181,1.0591325759887695,0,0.0,0,0.0,0,11.174210548400879,0,5
SH,Mamba,73,3133,272,272,27.200000000000003,0.20083937048912048,0.25117042660713196,3.241518020629883,3.6505684852600098,0.3686593174934387,0,-1,0,0,0.0,2.0,272,2.4808850288391113,0,0.0,0,0.0,0,37.20711135864258,1,6
SH,Mamba,73,3134,194,194,19.400000000000002,0.28688958287239075,0.3548351526260376,1.1320221424102783,1.5211107730865479,0.42370620369911194,0,-1,0,0,0.0,2.0,194,2.086599588394165,0,0.0,0,0.0,0,14.675155639648438,2,7
SH,Mamba,73,3135,505,505,50.5,0.3202757239341736,0.42722204327583313,2.3894431591033936,2.8898515701293945,0.5664850473403931,0,-1,1,505,1.0,2.0,505,0.21204307675361633,0,0.0,0,0.0,0,2.923628091812134,1,6
SH,Mamba,73,3136,699,699,69.9,0.2673497796058655,0.3699539005756378,7.295303821563721,8.055205345153809,0.807990550994873,0,-1,1,668,0.9556509298998569,2.0,699,0.9802281856536865,0,0.0,0,0.0,0,8.205881118774414,2,7
SH,Mamba,73,3137,133,133,13.3,0.2745709717273712,0.3663957118988037,1.8769593238830566,2.3066840171813965,0.5291739702224731,0,-1,1,133,1.0,2.0,133,1.0109049081802368,0,0.0,0,0.0,0,4.249465465545654,1,6
SH,Mamba,73,3138,190,190,19.0,0.3399997055530548,0.39546558260917664,10.0235013961792,11.72819709777832,1.3235665559768677,0,-1,0,0,0.0,2.0,190,3.393622875213623,0,0.0,0,0.0,0,16.256425857543945,1,6
SH,Mamba,73,3139,144,144,14.4,0.35123857855796814,0.5567972660064697,0.7780042886734009,0.8897905945777893,0.4158283472061157,1,138,1,138,0.9583333333333334,2.0,138,0.0,0,0.0,0,0.0,0,0.0,0,5
SH,Mamba,73,3140,338,338,33.800000000000004,0.36709505319595337,0.6122971177101135,2.0109703540802,2.812269926071167,0.5339099764823914,0,-1,1,298,0.8816568047337278,2.0,338,0.7960109114646912,0,0.0,0,0.0,0,2.2042014598846436,2,7
SH,Mamba,73,3141,136,136,13.600000000000001,0.252888023853302,0.3482608497142792,2.412755012512207,2.6949918270111084,0.43915867805480957,0,-1,0,0,0.0,2.0,136,2.204572916030884,0,0.0,0,0.0,0,0.6541886925697327,2,7
SH,Mamba,73,3142,270,270,27.0,0.33443188667297363,0.4166495203971863,5.020015239715576,5.838495254516602,0.644071102142334,0,-1,1,270,1.0,2.0,270,1.0714125633239746,0,0.0,0,0.0,0,9.153210639953613,1,6
SH,Mamba,73,3143,159,159,15.9,0.1522909253835678,0.18388167023658752,4.662724494934082,6.215493679046631,0.7069798111915588,0,-1,1,159,1.0,2.0,159,1.0605647563934326,0,0.0,0,0.0,0,10.18178939819336,1,6
SH,Mamba,73,3144,342,342,34.2,0.21661564707756042,0.283388614654541,1.152074933052063,1.3727110624313354,0.3180385231971741,0,-1,1,342,1.0,2.0,342,0.3268587589263916,0,0.0,0,0.0,0,0.5944260358810425,2,7
SH,Mamba,73,3145,652,652,65.2,0.17882415652275085,0.2310023009777069,2.775191307067871,3.213061809539795,1.1411819458007812,1,295,1,261,0.4003067484662577,2.0,295,0.0,0,0.0,0,0.0,0,0.0,2,7
SH,Mamba,73,3146,303,303,30.3,0.23962195217609406,0.29801133275032043,1.5278549194335938,2.329277992248535,0.24439196288585663,0,-1,1,303,1.0,2.0,303,0.7117249965667725,0,0.0,0,0.0,0,2.1435892581939697,1,6
SH,Mamba,73,3147,256,256,25.6,0.2080117017030716,0.24242208898067474,9.470611572265625,13.677644729614258,1.1934384107589722,0,-1,1,4,0.015625,2.0,256,1.9805833101272583,0,0.0,0,0.0,0,53.04684829711914,1,6
SH,Mamba,73,3148,356,356,35.6,0.15938915312290192,0.20459619164466858,5.6112284660339355,6.66295862197876,0.2955029010772705,0,-1,1,356,1.0,2.0,356,0.16131967306137085,0,0.0,0,0.0,0,0.4699953496456146,1,6
SH,Mamba,73,3149,163,163,16.3,0.2046123743057251,0.24537159502506256,3.747429132461548,4.728392601013184,0.40963098406791687,0,-1,1,163,1.0,2.0,163,1.1016486883163452,0,0.0,0,0.0,0,13.387679100036621,2,7
SH,Mamba,73,3150,1143,1143,114.30000000000001,0.1805211454629898,0.22442933917045593,24.602487564086914,29.2767276763916,1.0709171295166016,0,-1,1,463,0.40507436570428695,2.0,1143,1.75631844997406,0,0.0,0,0.0,0,43.25433349609375,1,6
SH,Mamba,73,3151,149,149,14.9,0.20681196451187134,0.27357277274131775,1.4237760305404663,1.783796787261963,0.5622832179069519,0,-1,1,26,0.174496644295302,2.0,149,1.5826185941696167,0,0.0,0,0.0,0,0.8543767929077148,0,5
SH,Mamba,73,3152,224,224,22.400000000000002,0.3322005867958069,0.5196969509124756,1.387191653251648,2.2024805545806885,0.6207075119018555,0,-1,1,224,1.0,2.0,224,1.5658830404281616,0,0.0,0,0.0,0,21.191661834716797,2,7
SH,Mamba,73,3153,659,659,65.9,0.34856197237968445,0.4521928131580353,2.823611259460449,3.6574716567993164,0.4281187057495117,0,-1,1,586,0.8892261001517451,2.0,659,0.6056337356567383,0,0.0,0,0.0,0,2.3033714294433594,0,5
SH,Mamba,73,3154,172,172,17.2,0.5147920846939087,0.6098255515098572,4.466238498687744,5.790586948394775,1.1460976600646973,0,-1,0,0,0.0,2.0,172,2.1536614894866943,0,0.0,0,0.0,0,2.5248231887817383,0,5
SH,Mamba,73,3155,340,340,34.0,0.2557083070278168,0.3316899836063385,1.8358477354049683,2.4862163066864014,0.4632579982280731,0,-1,1,340,1.0,2.0,340,1.1232080459594727,0,0.0,0,0.0,0,8.345806121826172,2,7
SH,Mamba,73,3156,234,234,23.400000000000002,0.20510514080524445,0.24987949430942535,3.6058499813079834,4.7607951164245605,0.759029746055603,0,-1,0,0,0.0,2.0,234,3.759876012802124,0,0.0,0,0.0,0,14.548370361328125,0,5
SH,Mamba,73,3157,331,331,33.1,0.2462978959083557,0.3171272277832031,1.2101621627807617,1.4291166067123413,0.33568280935287476,0,-1,1,331,1.0,2.0,331,1.1230868101119995,0,0.0,0,0.0,0,11.450758934020996,1,6
SH,Mamba,73,3158,373,373,37.300000000000004,0.28334563970565796,0.3616979122161865,1.778035283088684,2.071899890899658,0.7368202805519104,1,188,1,188,0.5040214477211796,2.0,188,0.0,0,0.0,0,0.0,0,0.0,2,7
SH,Mamba,73,3159,331,331,33.1,0.1758405566215515,0.23801009356975555,7.981875896453857,9.960000038146973,0.5114130973815918,0,-1,1,331,1.0,2.0,331,1.2445130348205566,0,0.0,0,0.0,0,22.314977645874023,2,7
SH,Mamba,73,3160,173,173,17.3,0.35370945930480957,0.4803137481212616,5.6005730628967285,6.7961812019348145,0.6845456957817078,0,-1,1,173,1.0,2.0,173,0.3644106090068817,0,0.0,0,0.0,0,4.00217866897583,0,5
SH,Mamba,73,3161,240,240,24.0,0.2632279694080353,0.3688330054283142,2.796204090118408,3.759183406829834,0.6749264001846313,0,-1,1,240,1.0,2.0,240,0.7677358984947205,0,0.0,0,0.0,0,12.929438591003418,2,7
SH,Mamba,73,3162,1987,1987,198.70000000000002,0.26723912358283997,0.34993216395378113,12.917928695678711,13.985092163085938,0.43978390097618103,0,-1,1,1987,1.0,2.0,1987,0.2672756612300873,0,0.0,0,0.0,0,2.0922186374664307,0,5
SH,Mamba,73,3163,190,190,19.0,0.259145587682724,0.3181002140045166,1.4985682964324951,1.8206422328948975,0.3851332366466522,0,-1,1,190,1.0,2.0,190,1.2448997497558594,0,0.0,0,0.0,0,7.261326789855957,2,7
SH,Mamba,73,3164,344,344,34.4,0.14569979906082153,0.1826133280992508,6.820715427398682,8.25661849975586,0.6904946565628052,0,-1,0,0,0.0,2.0,344,2.0365138053894043,0,0.0,0,0.0,0,26.56396484375,2,7
SH,Mamba,73,3165,174,174,17.400000000000002,0.40046629309654236,0.49110275506973267,3.9019060134887695,4.281644344329834,0.42473918199539185,0,-1,1,174,1.0,2.0,174,0.10248610377311707,0,0.0,0,0.0,0,0.3796583414077759,0,5
SH,Mamba,73,3166,237,237,23.700000000000003,0.27606695890426636,0.3834691643714905,4.508791923522949,5.746696472167969,0.7452828884124756,0,-1,1,237,1.0,2.0,237,0.006786540616303682,0,0.0,0,0.0,0,0.13464663922786713,1,6
SH,Mamba,73,3167,135,135,13.5,0.36119070649147034,0.4251742660999298,0.937275767326355,1.0404865741729736,0.31783270835876465,0,-1,0,0,0.0,2.0,135,2.5982446670532227,0,0.0,0,0.0,0,4.947568416595459,1,6
SH,Mamba,73,3168,191,191,19.1,0.16804185509681702,0.19373100996017456,1.1379008293151855,1.377477765083313,0.3725982904434204,0,-1,1,191,1.0,2.0,191,0.4802800416946411,0,0.0,0,0.0,0,8.053845405578613,1,6
SH,Mamba,73,3169,264,264,26.400000000000002,0.33159664273262024,0.43817242980003357,1.970374345779419,2.4790537357330322,0.5971673130989075,1,217,1,217,0.821969696969697,2.0,217,0.0,0,0.0,0,0.0,0,0.0,2,7
SH,Mamba,73,3170,821,821,82.10000000000001,0.2407836616039276,0.3076748251914978,17.013853073120117,18.29483985900879,0.9095567464828491,0,-1,1,821,1.0,2.0,821,0.5630562901496887,0,0.0,0,0.0,0,7.3221330642700195,0,5
SH,Mamba,73,3171,175,175,17.5,0.6461359262466431,0.9548694491386414,11.008289337158203,16.13096046447754,2.585352659225464,0,-1,1,14,0.08,2.0,175,1.971619725227356,0,0.0,0,0.0,0,15.35513687133789,0,5
SH,Mamba,73,3172,324,324,32.4,0.4496614336967468,0.5285882949829102,3.552651882171631,4.3726582527160645,0.6632976531982422,0,-1,1,324,1.0,2.0,324,0.7786276340484619,0,0.0,0,0.0,0,13.066655158996582,1,6
SH,Mamba,73,3173,299,299,29.900000000000002,0.3174608051776886,0.36196425557136536,13.281635284423828,17.90920066833496,1.1766231060028076,0,-1,1,299,1.0,2.0,299,1.0529474020004272,0,0.0,0,0.0,0,5.916016578674316,2,7
SH,Mamba,73,3174,251,251,25.1,0.46249106526374817,0.6536943912506104,2.415471315383911,2.925739049911499,0.6580563187599182,0,-1,1,232,0.9243027888446215,2.0,251,1.1546261310577393,0,0.0,0,0.0,0,2.147050380706787,0,5
SH,Mamba,73,3175,132,132,13.200000000000001,0.3142520785331726,0.3970358967781067,1.8696038722991943,2.028127670288086,0.34950339794158936,0,-1,0,0,0.0,2.0,132,3.119098424911499,0,0.0,0,0.0,0,5.218761444091797,2,7
SH,Mamba,73,3176,246,246,24.6,0.25579941272735596,0.34266960620880127,1.4004942178726196,1.7175952196121216,0.3836928606033325,1,218,1,213,0.8658536585365854,2.0,218,0.0,0,0.0,0,0.0,0,0.0,1,6
SH,Mamba,73,3177,374,374,37.4,0.5506100058555603,0.6388571262359619,12.707886695861816,14.329607009887695,1.268539547920227,0,-1,1,101,0.2700534759358289,2.0,374,1.6948126554489136,0,0.0,0,0.0,0,21.8634033203125,2,7
SH,Mamba,73,3178,836,836,83.60000000000001,0.2740801274776459,0.3743846118450165,4.924932956695557,5.40177583694458,0.42641493678092957,0,-1,1,791,0.9461722488038278,2.0,836,0.7156670689582825,0,0.0,0,0.0,0,10.132881164550781,1,6
SH,Mamba,73,3179,275,275,27.5,0.40079551935195923,0.4915006458759308,35.107147216796875,49.65222930908203,4.366928577423096,0,-1,0,0,0.0,2.0,275,3.012925863265991,0,0.0,0,0.0,0,9.10094165802002,2,7
SH,Mamba,73,3180,180,180,18.0,0.6526166200637817,0.818332314491272,4.746318340301514,7.144527912139893,2.0884227752685547,0,-1,1,37,0.20555555555555555,2.0,180,1.9493393898010254,0,0.0,0,0.0,0,15.82763957977295,0,5
SH,Mamba,73,3181,211,211,21.1,0.202236607670784,0.25092199444770813,1.0451252460479736,1.3255391120910645,0.28344374895095825,0,-1,1,74,0.35071090047393366,2.0,211,1.6908445358276367,0,0.0,0,0.0,0,36.974037170410156,0,5
SH,Mamba,73,3182,154,154,15.4,0.40334293246269226,0.4996885657310486,2.5514602661132812,3.6988959312438965,0.56458979845047,0,-1,1,154,1.0,2.0,154,0.9212220907211304,0,0.0,0,0.0,0,6.931972980499268,1,6
SH,Mamba,73,3183,167,167,16.7,0.17028698325157166,0.22020335495471954,5.739562034606934,6.903696537017822,0.7154178023338318,0,-1,1,167,1.0,2.0,167,0.48916947841644287,0,0.0,0,0.0,0,3.5678837299346924,1,6
SH,Mamba,73,3184,341,341,34.1,0.2799251079559326,0.3446512222290039,7.183629035949707,8.460347175598145,0.6400129199028015,0,-1,1,341,1.0,2.0,341,0.8463733792304993,0,0.0,0,0.0,0,3.262741804122925,2,7
SH,Mamba,73,3185,169,169,16.900000000000002,0.3619142472743988,0.4696073830127716,2.2881557941436768,2.6538946628570557,0.7420385479927063,0,-1,1,135,0.7988165680473372,2.0,169,0.36566847562789917,0,0.0,0,0.0,0,0.283005028963089,0,5
SH,Mamba,73,3186,259,259,25.900000000000002,0.395946741104126,0.4578539729118347,3.4371635913848877,4.222046852111816,0.9032241702079773,0,-1,1,50,0.19305019305019305,2.0,259,1.8469889163970947,0,0.0,0,0.0,0,13.734159469604492,0,5
SH,Mamba,73,3187,547,547,54.7,0.289343923330307,0.3860522508621216,3.714045763015747,5.653321266174316,0.5683989524841309,1,452,1,367,0.6709323583180987,2.0,452,0.0,0,0.0,0,0.0,0,0.0,2,7
SH,Mamba,73,3188,202,202,20.200000000000003,0.20556741952896118,0.24022634327411652,1.3437305688858032,1.879616379737854,0.530201256275177,0,-1,1,78,0.38613861386138615,2.0,202,1.581420660018921,0,0.0,0,0.0,0,45.047607421875,2,7
SH,Mamba,73,3189,196,196,19.6,0.1711869090795517,0.1995609849691391,6.953804969787598,8.552672386169434,0.8917675614356995,0,-1,0,0,0.0,2.0,196,2.1703622341156006,0,0.0,0,0.0,0,27.021953582763672,2,7
SH,Mamba,73,3190,144,144,14.4,0.3251381516456604,0.43423378467559814,1.8538131713867188,2.1054530143737793,0.3310812711715698,0,-1,1,144,1.0,2.0,144,0.4953401982784271,0,0.0,0,0.0,0,3.887331485748291,1,6
SH,Mamba,73,3191,266,266,26.6,0.22564411163330078,0.2897129952907562,4.151402473449707,5.056378364562988,0.6358951330184937,0,-1,1,266,1.0,2.0,266,0.6398710012435913,0,0.0,0,0.0,0,11.838757514953613,2,7
SH,Mamba,73,3192,329,329,32.9,0.5334433317184448,0.6880202293395996,7.835670471191406,8.715311050415039,0.6480222940444946,0,-1,1,324,0.9848024316109423,2.0,329,1.2597143650054932,0,0.0,0,0.0,0,3.825313091278076,1,6
SH,Mamba,73,3193,408,408,40.800000000000004,0.28076884150505066,0.3511531352996826,3.2095041275024414,4.2949066162109375,0.7220197916030884,0,-1,1,408,1.0,2.0,408,1.0615779161453247,0,0.0,0,0.0,0,5.03366756439209,1,6
SH,Mamba,73,3194,493,493,49.300000000000004,0.3573310971260071,0.4707353115081787,2.7896010875701904,4.072437763214111,0.4888512194156647,0,-1,1,201,0.4077079107505071,2.0,493,1.3976222276687622,0,0.0,0,0.0,0,4.975376129150391,1,6
SH,Mamba,73,3195,352,352,35.2,0.4041808247566223,0.5139629244804382,2.178934097290039,3.1767303943634033,0.646885335445404,0,-1,1,352,1.0,2.0,352,1.0646307468414307,0,0.0,0,0.0,0,9.654091835021973,2,7
SH,Mamba,73,3196,858,858,85.80000000000001,0.27688831090927124,0.4078003168106079,5.043973922729492,7.247647762298584,0.7753520607948303,1,829,1,643,0.7494172494172494,2.0,829,0.0,0,0.0,0,0.0,0,0.0,1,6
SH,Mamba,73,3197,369,369,36.9,0.2770672142505646,0.3536728322505951,2.7533183097839355,3.5584123134613037,0.5478357076644897,0,-1,1,369,1.0,2.0,369,0.83709716796875,0,0.0,0,0.0,0,10.844860076904297,0,5
SH,Mamba,73,3198,192,192,19.200000000000003,0.3239952027797699,0.3741835951805115,3.872901678085327,4.922307014465332,0.621863067150116,0,-1,1,192,1.0,2.0,192,1.0049937963485718,0,0.0,0,0.0,0,13.797811508178711,0,5
SH,Mamba,73,3199,329,329,32.9,0.1897776871919632,0.23924581706523895,8.249820709228516,10.531827926635742,0.6297819018363953,0,-1,1,329,1.0,2.0,329,1.37053644657135,0,0.0,0,0.0,0,23.168460845947266,2,7
SH,Mamba,73,3200,145,145,14.5,0.14434652030467987,0.18629050254821777,3.2694003582000732,4.670317649841309,0.7216721177101135,0,-1,1,64,0.4413793103448276,2.0,145,1.5798572301864624,0,0.0,0,0.0,0,5.989776611328125,1,6
SH,Mamba,73,3201,285,285,28.5,0.24928492307662964,0.33810511231422424,1.7201118469238281,2.0976643562316895,0.30434510111808777,1,251,1,246,0.8631578947368421,2.0,251,0.0,0,0.0,0,0.0,0,0.0,0,5
SH,Mamba,73,3202,339,339,33.9,0.2002183198928833,0.2613261938095093,7.126833438873291,8.482077598571777,0.5544503927230835,0,-1,1,335,0.9882005899705014,2.0,339,1.3582535982131958,0,0.0,0,0.0,0,5.468320846557617,2,7
SH,Mamba,73,3203,171,171,17.1,0.5209473967552185,0.6703121066093445,5.052165985107422,5.996465682983398,0.9326992034912109,1,153,1,153,0.8947368421052632,2.0,153,0.0,0,0.0,0,0.0,0,0.0,1,6
SH,Mamba,73,3204,147,147,14.700000000000001,0.40958091616630554,0.4608282446861267,0.46897992491722107,0.5468201637268066,0.43341439962387085,0,-1,1,147,1.0,2.0,147,0.34774598479270935,0,0.0,0,0.0,0,2.575329303741455,2,7
SH,Mamba,73,3205,388,388,38.800000000000004,0.5210561752319336,0.70851731300354,3.6276798248291016,5.416060447692871,1.3009920120239258,1,253,1,226,0.5824742268041238,2.0,253,0.0,0,0.0,0,0.0,0,0.0,1,6
SH,Mamba,73,3206,277,277,27.700000000000003,0.0989927351474762,0.16288772225379944,5.565421104431152,8.24956226348877,0.6394357681274414,0,-1,1,122,0.4404332129963899,2.0,277,0.9678471684455872,0,0.0,0,0.0,0,25.189807891845703,1,6
SH,Mamba,73,3207,464,464,46.400000000000006,0.5116191506385803,0.677651047706604,5.594814777374268,6.604465484619141,3.470400094985962,1,135,1,135,0.29094827586206895,2.0,135,0.0,0,0.0,0,0.0,0,0.0,1,6
SH,Mamba,73,3208,416,416,41.6,0.1861272007226944,0.23067808151245117,4.722720623016357,5.341252326965332,0.1993662565946579,0,-1,1,416,1.0,2.0,416,0.4017351269721985,0,0.0,0,0.0,0,1.7788407802581787,0,5
SH,Mamba,73,3209,464,464,46.400000000000006,0.2992856502532959,0.3985406458377838,9.3692045211792,11.548074722290039,0.6953294277191162,0,-1,1,125,0.26939655172413796,2.0,464,1.5685739517211914,0,0.0,0,0.0,0,9.388069152832031,2,7
SH,Mamba,73,3210,149,149,14.9,0.3240931034088135,0.41220325231552124,2.131150245666504,2.3522701263427734,0.3846472501754761,0,-1,1,129,0.8657718120805369,2.0,149,0.5136664509773254,0,0.0,0,0.0,0,3.9894509315490723,1,6
SH,Mamba,73,3211,189,189,18.900000000000002,0.39837557077407837,0.5619944334030151,1.4085299968719482,1.6842814683914185,0.5663689374923706,1,189,1,189,1.0,2.0,189,0.0,0,0.0,0,0.0,0,0.0,2,7
SH,Mamba,73,3212,385,385,38.5,0.41298308968544006,0.5123964548110962,9.744549751281738,13.587608337402344,1.0667885541915894,0,-1,1,254,0.6597402597402597,2.0,385,0.6967145204544067,0,0.0,0,0.0,0,6.0706095695495605,1,6
SH,Mamba,73,3213,532,532,53.2,0.21569488942623138,0.2835330367088318,2.056793451309204,2.7662415504455566,0.34666770696640015,0,-1,1,531,0.9981203007518797,2.0,532,0.5240913033485413,0,0.0,0,0.0,0,2.9515609741210938,0,5
SH,Mamba,73,3214,196,196,19.6,0.3229494094848633,0.40690141916275024,1.020027756690979,1.4210774898529053,0.5304198265075684,0,-1,1,196,1.0,2.0,196,0.6612845659255981,0,0.0,0,0.0,0,4.944849014282227,0,5
SH,Mamba,73,3215,610,610,61.0,0.15118278563022614,0.1930515021085739,4.047787189483643,4.645458698272705,0.40522539615631104,0,-1,1,439,0.719672131147541,2.0,610,1.1171460151672363,0,0.0,0,0.0,0,14.93303394317627,0,5
SH,Mamba,73,3216,138,138,13.8,0.6319049596786499,0.8642720580101013,3.274578094482422,5.2764997482299805,1.1339236497879028,0,-1,1,78,0.5652173913043478,2.0,138,1.3168538808822632,0,0.0,0,0.0,0,3.729444980621338,0,5
SH,Mamba,73,3217,401,401,40.1,0.17889921367168427,0.24040144681930542,0.9407467246055603,1.2086673974990845,0.2380274087190628,1,394,1,248,0.6184538653366584,2.0,394,0.0,0,0.0,0,0.0,0,0.0,0,5
SH,Mamba,73,3218,240,240,24.0,0.2599135637283325,0.3308601975440979,1.197009563446045,1.5040024518966675,0.25922104716300964,1,211,1,185,0.7708333333333334,2.0,211,0.0,0,0.0,0,0.0,0,0.0,0,5
SH,Mamba,73,3219,158,158,15.8,0.26765042543411255,0.3348921239376068,1.3049410581588745,1.838894248008728,0.30651557445526123,1,155,1,100,0.6329113924050633,2.0,155,0.0,0,0.0,0,0.0,0,0.0,2,7
SH,Mamba,73,3220,173,173,17.3,0.22109392285346985,0.28676971793174744,1.2913328409194946,1.6882660388946533,0.2567278742790222,0,-1,0,0,0.0,2.0,173,2.048208713531494,0,0.0,0,0.0,0,12.519918441772461,1,6
SH,Mamba,73,3221,209,209,20.900000000000002,0.14514414966106415,0.1866094022989273,0.9161062836647034,1.0887426137924194,0.270645409822464,0,-1,1,180,0.861244019138756,2.0,209,1.4108695983886719,0,0.0,0,0.0,0,22.51340103149414,1,6
SH,Mamba,73,3222,528,528,52.800000000000004,0.33483850955963135,0.42129623889923096,3.0914595127105713,3.7290821075439453,0.5088446140289307,0,-1,1,85,0.16098484848484848,2.0,528,1.2724723815917969,0,0.0,0,0.0,0,1.5629637241363525,2,7
SH,Mamba,73,3223,295,295,29.5,0.3378862142562866,0.41196924448013306,4.899277687072754,6.173229694366455,0.7136250734329224,1,269,1,269,0.911864406779661,2.0,269,0.0,0,0.0,0,0.0,0,0.0,2,7
SH,Mamba,73,3224,174,174,17.400000000000002,0.08655349165201187,0.10560663789510727,1.8188260793685913,2.4731736183166504,0.2727629244327545,0,-1,1,174,1.0,2.0,174,1.398611068725586,0,0.0,0,0.0,0,14.125372886657715,1,6
SH,Mamba,73,3225,339,339,33.9,0.30630695819854736,0.3761729598045349,3.6983606815338135,4.109185218811035,0.4930301606655121,0,-1,1,291,0.8584070796460177,2.0,339,1.051466464996338,0,0.0,0,0.0,0,5.083461284637451,0,5
SH,Mamba,73,3226,161,161,16.1,0.371364563703537,0.46075114607810974,2.634967565536499,2.996828556060791,0.46033865213394165,0,-1,1,137,0.8509316770186336,2.0,161,1.3752825260162354,0,0.0,0,0.0,0,5.846155643463135,1,6
SH,Mamba,73,3227,379,379,37.9,0.25132107734680176,0.339931845664978,11.341004371643066,12.888534545898438,0.6216234564781189,0,-1,1,379,1.0,2.0,379,0.3749013841152191,0,0.0,0,0.0,0,5.73281192779541,2,7
SH,Mamba,73,3228,369,369,36.9,0.13557259738445282,0.18913590908050537,3.2549171447753906,4.34918212890625,0.2634485065937042,0,-1,1,369,1.0,2.0,369,1.2511156797409058,0,0.0,0,0.0,0,19.253122329711914,2,7
SH,Mamba,73,3229,276,276,27.6,0.4509269893169403,0.5656833648681641,4.432590484619141,5.952189922332764,0.9868847131729126,0,-1,1,276,1.0,2.0,276,0.9839312434196472,0,0.0,0,0.0,0,3.048085927963257,1,6
SH,Mamba,73,3230,236,236,23.6,0.3165241777896881,0.37078970670700073,22.015525817871094,26.976524353027344,2.0690066814422607,0,-1,0,0,0.0,2.0,236,3.4908595085144043,0,0.0,0,0.0,0,55.64546585083008,2,7
SH,Mamba,73,3231,157,157,15.700000000000001,0.3136715292930603,0.34718793630599976,3.496821165084839,4.136369705200195,0.7130100131034851,0,-1,1,149,0.9490445859872612,2.0,157,0.6916974782943726,0,0.0,0,0.0,0,18.763891220092773,0,5
SH,Mamba,73,3232,186,186,18.6,0.25670143961906433,0.34554269909858704,1.0903127193450928,1.460274338722229,0.3631945252418518,0,-1,1,185,0.9946236559139785,2.0,186,1.2101603746414185,0,0.0,0,0.0,0,6.17417573928833,2,7
SH,Mamba,73,3233,205,205,20.5,0.28989067673683167,0.3739902675151825,2.9263992309570312,3.4500439167022705,0.7170650362968445,0,-1,0,0,0.0,2.0,205,4.609524250030518,0,0.0,0,0.0,0,7.461750507354736,1,6
SH,Mamba,73,3234,985,985,98.5,0.2758680582046509,0.3503602147102356,6.615737438201904,7.386363506317139,0.4212659001350403,0,-1,1,985,1.0,2.0,985,0.7268684506416321,0,0.0,0,0.0,0,10.005775451660156,1,6
SH,Mamba,73,3235,175,175,17.5,0.25484699010849,0.378368616104126,1.785750150680542,2.498562812805176,0.5645822286605835,1,153,1,115,0.6571428571428571,2.0,153,0.0,0,0.0,0,0.0,0,0.0,1,6
SH,Mamba,73,3236,217,217,21.700000000000003,0.3266444504261017,0.4882749617099762,2.030341863632202,2.353011131286621,0.4871712327003479,0,-1,1,217,1.0,2.0,217,0.5059042572975159,0,0.0,0,0.0,0,6.3487043380737305,0,5
SH,Mamba,73,3237,214,214,21.400000000000002,0.21214529871940613,0.2626073956489563,3.9045090675354004,4.681562423706055,0.6540428996086121,0,-1,0,0,0.0,2.0,214,2.462966203689575,0,0.0,0,0.0,0,3.8106844425201416,2,7
SH,Mamba,73,3238,234,234,23.400000000000002,0.3058924674987793,0.36435261368751526,3.5200467109680176,4.072137355804443,0.5303872227668762,0,-1,1,186,0.7948717948717948,2.0,234,1.6250091791152954,0,0.0,0,0.0,0,8.737020492553711,1,6
SH,Mamba,73,3239,145,145,14.5,0.31691867113113403,0.3597870171070099,2.469691753387451,2.8251540660858154,0.36878615617752075,0,-1,1,52,0.3586206896551724,2.0,145,1.7063852548599243,0,0.0,0,0.0,0,5.444920063018799,2,7
SH,Mamba,73,3240,362,362,36.2,0.192609041929245,0.24914094805717468,3.1855673789978027,3.6627776622772217,0.4471094608306885,0,-1,1,174,0.48066298342541436,2.0,362,1.4930434226989746,0,0.0,0,0.0,0,0.8585537672042847,1,6
SH,Mamba,73,3241,186,186,18.6,0.31632861495018005,0.36705493927001953,9.631937980651855,10.899635314941406,0.9162024855613708,0,-1,1,84,0.45161290322580644,2.0,186,1.8518725633621216,0,0.0,0,0.0,0,22.092876434326172,0,5
SH,Mamba,73,3242,185,185,18.5,0.2537258565425873,0.3918082118034363,2.61850643157959,3.0253746509552,0.411226749420166,0,-1,1,93,0.5027027027027027,2.0,185,1.6299211978912354,0,0.0,0,0.0,0,6.823685646057129,0,5
SH,Mamba,73,3243,162,162,16.2,0.3305746614933014,0.38653939962387085,1.4434516429901123,1.7216060161590576,0.36276495456695557,0,-1,1,148,0.9135802469135802,2.0,162,1.258370280265808,0,0.0,0,0.0,0,8.429458618164062,1,6
SH,Mamba,73,3244,133,133,13.3,0.5002281069755554,0.5928444862365723,1.9646631479263306,2.3761680126190186,0.8562349677085876,0,-1,1,21,0.15789473684210525,2.0,133,1.9528907537460327,0,0.0,0,0.0,0,2.2702081203460693,2,7
SH,Mamba,73,3245,334,334,33.4,0.34731265902519226,0.5180763006210327,3.3585731983184814,4.249218463897705,0.5085574388504028,0,-1,1,334,1.0,2.0,334,0.8166465163230896,0,0.0,0,0.0,0,6.466315746307373,2,7
SH,Mamba,73,3246,318,318,31.8,0.30872559547424316,0.3840436339378357,4.164989948272705,4.796318531036377,0.4758548438549042,0,-1,1,318,1.0,2.0,318,0.35433098673820496,0,0.0,0,0.0,0,7.061058521270752,1,6
SH,Mamba,73,3247,247,247,24.700000000000003,0.30427342653274536,0.38717153668403625,4.611405849456787,5.632120609283447,0.6087155938148499,0,-1,1,247,1.0,2.0,247,0.8957542777061462,0,0.0,0,0.0,0,4.6837615966796875,2,7
SH,Mamba,73,3248,243,243,24.3,0.2734064757823944,0.34332704544067383,1.7110323905944824,2.02012300491333,0.35006028413772583,1,217,1,196,0.8065843621399177,2.0,217,0.0,0,0.0,0,0.0,0,0.0,0,5
SH,Mamba,73,3249,156,156,15.600000000000001,0.3141568601131439,0.42979446053504944,3.5108821392059326,4.071333408355713,0.594635009765625,0,-1,1,156,1.0,2.0,156,0.6559853553771973,0,0.0,0,0.0,0,9.846683502197266,2,7
SH,Mamba,73,3250,447,447,44.7,0.2399774044752121,0.28707221150398254,2.004441022872925,2.496333599090576,0.4229276478290558,0,-1,1,447,1.0,2.0,447,1.1564894914627075,0,0.0,0,0.0,0,15.202329635620117,2,7
SH,Mamba,73,3251,172,172,17.2,0.3339056074619293,0.47998282313346863,1.5903877019882202,2.714735984802246,0.47850456833839417,0,-1,0,0,0.0,2.0,172,3.5080819129943848,0,0.0,0,0.0,0,9.04611873626709,1,6
SH,Mamba,73,3252,200,200,20.0,0.2934805750846863,0.37503573298454285,4.512134552001953,5.113572120666504,0.6415544748306274,0,-1,0,0,0.0,2.0,200,2.1754164695739746,0,0.0,0,0.0,0,2.2843496799468994,1,6
SH,Mamba,73,3253,196,196,19.6,0.17051856219768524,0.2223895788192749,2.7814037799835205,3.630157709121704,0.32420533895492554,0,-1,1,188,0.9591836734693877,2.0,196,1.11688232421875,0,0.0,0,0.0,0,2.1802186965942383,1,6
SH,Mamba,73,3254,552,552,55.2,0.20307977497577667,0.25628823041915894,1.7158403396606445,2.2661709785461426,0.4073159098625183,0,-1,1,552,1.0,2.0,552,0.8780843019485474,0,0.0,0,0.0,0,13.510035514831543,0,5
SH,Mamba,73,3255,248,248,24.8,0.5997838377952576,0.7719596028327942,1.4828630685806274,1.8956714868545532,0.6266458034515381,0,-1,1,248,1.0,2.0,248,0.08555971831083298,0,0.0,0,0.0,0,0.1433323621749878,2,7
SH,Mamba,73,3256,136,136,13.600000000000001,0.16734693944454193,0.19323568046092987,1.4021570682525635,2.1374354362487793,0.6052151322364807,0,-1,0,0,0.0,2.0,136,2.3750624656677246,0,0.0,0,0.0,0,31.779129028320312,0,5
SH,Mamba,73,3257,149,149,14.9,0.17322136461734772,0.2415153682231903,1.681776762008667,2.347203254699707,0.40817099809646606,0,-1,0,0,0.0,2.0,149,4.342720031738281,0,0.0,0,0.0,0,7.457411289215088,2,7
SH,Mamba,73,3258,167,167,16.7,0.22596868872642517,0.2713053524494171,1.123747706413269,1.2776002883911133,0.2599697411060333,0,-1,0,0,0.0,2.0,167,2.5373151302337646,0,0.0,0,0.0,0,4.074766635894775,2,7
SH,Mamba,73,3259,248,248,24.8,0.19011859595775604,0.24418194591999054,1.501071572303772,1.7727340459823608,0.18236282467842102,0,-1,1,204,0.8225806451612904,2.0,248,0.8338573575019836,0,0.0,0,0.0,0,1.9291961193084717,0,5
SH,Mamba,73,3260,306,306,30.6,0.4794933795928955,0.6603562235832214,11.641637802124023,20.360300064086914,0.745588481426239,1,177,1,177,0.5784313725490197,2.0,177,0.0,0,0.0,0,0.0,0,0.0,2,7
SH,Mamba,73,3261,199,199,19.900000000000002,0.17733456194400787,0.2015598565340042,2.390446186065674,2.8171987533569336,0.5147337913513184,0,-1,1,14,0.07035175879396985,2.0,199,1.9079006910324097,0,0.0,0,0.0,0,40.621768951416016,1,6
SH,Mamba,73,3262,220,220,22.0,0.15749289095401764,0.1799798607826233,2.5990161895751953,4.122408866882324,0.7427708506584167,0,-1,1,121,0.55,2.0,220,1.6065746545791626,0,0.0,0,0.0,0,25.559545516967773,1,6
SH,Mamba,73,3263,679,679,67.9,0.2333933562040329,0.2913129925727844,14.42765998840332,20.07817840576172,0.6401129364967346,0,-1,1,354,0.5213549337260678,2.0,679,0.5462122559547424,0,0.0,0,0.0,0,12.54749870300293,1,6
SH,Mamba,73,3264,164,164,16.400000000000002,0.4984546899795532,0.5919238328933716,5.422557830810547,6.152346611022949,0.8453564643859863,1,126,1,126,0.7682926829268293,2.0,126,0.0,0,0.0,0,0.0,0,0.0,0,5
SH,Mamba,73,3265,412,412,41.2,0.3679554760456085,0.7887171506881714,6.7420334815979,8.25197982788086,0.6782522797584534,1,408,1,405,0.9830097087378641,2.0,408,0.0,0,0.0,0,0.0,0,0.0,2,7
SH,Mamba,73,3266,1275,1275,127.5,0.3141179084777832,0.39346063137054443,2.6580183506011963,4.075120449066162,0.3877857029438019,0,-1,1,1275,1.0,2.0,1275,0.5223090052604675,0,0.0,0,0.0,0,2.302605390548706,0,5
SH,Mamba,73,3267,224,224,22.400000000000002,0.33153536915779114,0.4441518485546112,1.387229561805725,1.610931634902954,0.4271458685398102,1,211,1,206,0.9196428571428571,2.0,211,0.0,0,0.0,0,0.0,0,0.0,0,5
SH,Mamba,73,3268,186,186,18.6,0.18483956158161163,0.25728145241737366,17.823490142822266,22.223066329956055,2.2994494438171387,0,-1,1,87,0.46774193548387094,2.0,186,0.7911973595619202,0,0.0,0,0.0,0,16.618778228759766,1,6
SH,Mamba,73,3269,243,243,24.3,0.1931297779083252,0.2348734587430954,2.3374269008636475,3.215392827987671,0.27810439467430115,0,-1,1,231,0.9506172839506173,2.0,243,0.9156931638717651,0,0.0,0,0.0,0,4.705138206481934,1,6
SH,Mamba,73,3270,153,153,15.3,0.17549070715904236,0.20004841685295105,5.344809055328369,7.1945390701293945,0.910065770149231,0,-1,1,153,1.0,2.0,153,1.2481955289840698,0,0.0,0,0.0,0,10.962719917297363,1,6
SH,Mamba,73,3271,254,254,25.400000000000002,0.30772504210472107,0.37251174449920654,1.6433988809585571,1.957727313041687,0.3470613956451416,0,-1,1,70,0.2755905511811024,2.0,254,1.5855079889297485,0,0.0,0,0.0,0,2.0829415321350098,0,5
SH,Mamba,73,3272,239,239,23.900000000000002,0.23540233075618744,0.3474857807159424,1.8047806024551392,2.0590744018554688,0.211403027176857,0,-1,1,165,0.6903765690376569,2.0,239,1.0642855167388916,0,0.0,0,0.0,0,1.6067590713500977,1,6
SH,Mamba,73,3273,173,173,17.3,0.11312339454889297,0.13881531357765198,1.7702659368515015,1.9356589317321777,0.2513352334499359,0,-1,1,173,1.0,2.0,173,1.5361248254776,0,0.0,0,0.0,0,30.580486297607422,2,7
SH,Mamba,73,3274,188,188,18.8,0.37990033626556396,0.4519766569137573,0.9580832123756409,1.1471307277679443,0.4083053469657898,0,-1,1,188,1.0,2.0,188,1.4164084196090698,0,0.0,0,0.0,0,9.080018043518066,2,7
SH,Mamba,73,3275,146,146,14.600000000000001,0.23682871460914612,0.2759809195995331,5.164517402648926,6.259410858154297,0.7748669981956482,0,-1,1,146,1.0,2.0,146,0.2676524817943573,0,0.0,0,0.0,0,4.854650020599365,2,7
SH,Mamba,73,3276,175,175,17.5,0.2985546588897705,0.3823699951171875,9.889473915100098,12.24213981628418,1.067225694656372,0,-1,0,0,0.0,2.0,175,2.150745153427124,0,0.0,0,0.0,0,8.523508071899414,2,7
SH,Mamba,73,3277,139,139,13.9,0.33199113607406616,0.42571741342544556,0.663497805595398,0.8284404277801514,0.4827198088169098,0,-1,1,139,1.0,2.0,139,0.8503521680831909,0,0.0,0,0.0,0,2.6305618286132812,0,5
SH,Mamba,73,3278,590,590,59.0,0.22703319787979126,0.2855302095413208,2.9453704357147217,3.445363759994507,0.44204312562942505,0,-1,1,497,0.8423728813559322,2.0,590,0.9410200715065002,0,0.0,0,0.0,0,5.672086715698242,2,7
SH,Mamba,73,3279,155,155,15.5,0.19814960658550262,0.2346022129058838,0.2833699584007263,0.35532426834106445,0.1349419355392456,0,-1,1,119,0.7677419354838709,2.0,155,1.7655137777328491,0,0.0,0,0.0,0,1.4600425958633423,0,5
SH,Mamba,73,3280,338,338,33.800000000000004,0.29652565717697144,0.3601085841655731,11.697070121765137,12.786076545715332,0.8460312485694885,0,-1,1,237,0.7011834319526628,2.0,338,1.0080841779708862,0,0.0,0,0.0,0,6.115860939025879,0,5
SH,Mamba,73,3281,145,145,14.5,0.26017823815345764,0.35873904824256897,3.7335071563720703,5.263221263885498,0.8033647537231445,0,-1,0,0,0.0,2.0,145,2.1748077869415283,0,0.0,0,0.0,0,33.44561004638672,0,5
SH,Mamba,73,3282,246,246,24.6,0.2386985719203949,0.3022063076496124,21.942214965820312,25.716279983520508,1.6860333681106567,0,-1,1,246,1.0,2.0,246,0.5066758394241333,0,0.0,0,0.0,0,8.822721481323242,2,7
SH,Mamba,73,3283,198,198,19.8,0.17757658660411835,0.22653844952583313,13.428841590881348,17.507427215576172,1.8494963645935059,0,-1,0,0,0.0,2.0,198,3.560272455215454,0,0.0,0,0.0,0,80.94719696044922,0,5
SH,Mamba,73,3284,294,294,29.400000000000002,0.4207082688808441,0.5330750346183777,15.380693435668945,18.046335220336914,1.9998899698257446,0,-1,0,0,0.0,2.0,294,3.351583957672119,0,0.0,0,0.0,0,32.08139419555664,2,7
SH,Mamba,73,3285,234,234,23.400000000000002,0.3376064598560333,0.48052385449409485,4.123623371124268,5.711043834686279,0.5873845219612122,0,-1,1,234,1.0,2.0,234,0.8524702191352844,0,0.0,0,0.0,0,13.073362350463867,2,7
SH,Mamba,73,3286,530,530,53.0,0.33667615056037903,0.4187358021736145,8.48193073272705,10.863903045654297,0.9719452261924744,0,-1,0,0,0.0,2.0,530,2.3888468742370605,0,0.0,0,0.0,0,1.5650700330734253,0,5
SH,Mamba,73,3287,306,306,30.6,0.427032470703125,0.5413044691085815,10.447052955627441,12.18958854675293,1.2595776319503784,0,-1,0,0,0.0,2.0,306,2.459965229034424,0,0.0,0,0.0,0,4.758361339569092,0,5
SH,Mamba,73,3288,231,231,23.1,0.31022319197654724,0.40358608961105347,7.80863094329834,8.624472618103027,0.8230510354042053,1,207,1,207,0.8961038961038961,2.0,207,0.0,0,0.0,0,0.0,0,0.0,2,7
SH,Mamba,73,3289,159,159,15.9,0.38836556673049927,0.5857493877410889,5.353298187255859,6.28319787979126,0.9183944463729858,0,-1,0,0,0.0,2.0,159,2.3685150146484375,0,0.0,0,0.0,0,8.075630187988281,2,7
SH,Mamba,73,3290,156,156,15.600000000000001,0.2127232849597931,0.299871563911438,1.7988336086273193,2.0086944103240967,0.2510826289653778,0,-1,1,120,0.7692307692307693,2.0,156,1.7480084896087646,0,0.0,0,0.0,0,6.139039516448975,0,5
SH,Mamba,73,3291,1271,1271,127.10000000000001,0.33108198642730713,0.47427424788475037,3.3050544261932373,4.287837028503418,1.09993577003479,1,1004,1,1004,0.7899291896144768,2.0,1004,0.0,0,0.0,0,0.0,0,0.0,1,6
SH,Mamba,73,3292,159,159,15.9,0.25879305601119995,0.4766966700553894,0.5718211531639099,0.7927569150924683,0.29937294125556946,0,-1,1,64,0.4025157232704403,2.0,159,1.5507153272628784,0,0.0,0,0.0,0,17.732820510864258,0,5
SH,Mamba,73,3293,247,247,24.700000000000003,0.685034990310669,0.8043439388275146,15.18053913116455,17.95523452758789,2.106109142303467,0,-1,1,247,1.0,2.0,247,0.07575961947441101,0,0.0,0,0.0,0,0.1557537168264389,0,5
SH,Mamba,73,3294,474,474,47.400000000000006,0.3406122326850891,0.48446720838546753,1.6656782627105713,2.2197694778442383,0.5377830266952515,0,-1,1,284,0.5991561181434599,2.0,474,1.2544050216674805,0,0.0,0,0.0,0,7.27644157409668,2,7
SH,Mamba,73,3295,140,140,14.0,0.33267295360565186,0.4749293625354767,9.520768165588379,12.057190895080566,1.5604292154312134,0,-1,0,0,0.0,2.0,140,2.119394540786743,0,0.0,0,0.0,0,25.87556266784668,1,6
SH,Mamba,73,3296,194,194,19.400000000000002,0.39752528071403503,0.4845043122768402,1.8989903926849365,2.1497316360473633,0.39415666460990906,0,-1,1,122,0.6288659793814433,2.0,194,1.47726309299469,0,0.0,0,0.0,0,5.935473918914795,0,5
SH,Mamba,73,3297,714,714,71.4,0.19870363175868988,0.25973379611968994,2.5462541580200195,3.263627290725708,0.4107474386692047,0,-1,1,714,1.0,2.0,714,0.3733418881893158,0,0.0,0,0.0,0,1.618640661239624,1,6
SH,Mamba,73,3298,159,159,15.9,0.2361067831516266,0.30463066697120667,1.7025392055511475,2.1562488079071045,0.6847749352455139,0,-1,1,65,0.4088050314465409,2.0,159,1.7757378816604614,0,0.0,0,0.0,0,17.675378799438477,1,6
SH,Mamba,73,3299,530,530,53.0,0.24927036464214325,0.3084973990917206,4.534463882446289,7.092396259307861,0.8590484857559204,0,-1,1,391,0.7377358490566037,2.0,530,0.953769326210022,0,0.0,0,0.0,0,15.8638277053833,1,6
SH,Mamba,73,3300,138,138,13.8,0.17258702218532562,0.2280595749616623,1.7326933145523071,2.2790169715881348,0.39408302307128906,0,-1,1,128,0.927536231884058,2.0,138,1.4562418460845947,0,0.0,0,0.0,0,7.067015647888184,1,6
SH,Mamba,73,3301,340,340,34.0,0.3398585021495819,0.4556848108768463,2.6317014694213867,2.8504116535186768,0.6668606996536255,1,260,1,260,0.7647058823529411,2.0,260,0.0,0,0.0,0,0.0,0,0.0,0,5
SH,Mamba,73,3302,481,481,48.1,0.23062355816364288,0.3047865331172943,5.825926780700684,7.537841320037842,0.6844305396080017,0,-1,1,255,0.5301455301455301,2.0,481,1.1688708066940308,0,0.0,0,0.0,0,8.865047454833984,1,6
SH,Mamba,73,3303,454,454,45.400000000000006,0.3592919707298279,0.46170875430107117,4.800243377685547,5.916762351989746,0.6212320327758789,1,434,1,421,0.9273127753303965,2.0,434,0.0,0,0.0,0,0.0,0,0.0,1,6
SH,Mamba,73,3304,154,154,15.4,0.4329390525817871,0.6333757042884827,2.434870481491089,4.04539680480957,0.9299895763397217,0,-1,1,154,1.0,2.0,154,1.1786017417907715,0,0.0,0,0.0,0,3.5435144901275635,2,7
SH,Mamba,73,3305,246,246,24.6,0.2453468143939972,0.2789566218852997,15.210031509399414,17.6107120513916,1.0281813144683838,0,-1,1,200,0.8130081300813008,2.0,246,1.6929306983947754,0,0.0,0,0.0,0,26.967247009277344,0,5
SH,Mamba,73,3306,1121,1121,112.10000000000001,0.30163463950157166,0.43905001878738403,8.228132247924805,9.77738094329834,4.3109846115112305,1,440,1,430,0.3835860838537021,2.0,440,0.0,0,0.0,0,0.0,0,0.0,1,6
SH,Mamba,73,3307,479,479,47.900000000000006,0.15604697167873383,0.1955685317516327,4.338817119598389,6.080642223358154,0.5334764719009399,0,-1,1,479,1.0,2.0,479,0.7297145128250122,0,0.0,0,0.0,0,11.839347839355469,0,5
SH,Mamba,73,3308,304,304,30.400000000000002,0.3374389111995697,0.4272666573524475,2.7750649452209473,3.2735824584960938,0.4716421365737915,0,-1,1,304,1.0,2.0,304,0.589593231678009,0,0.0,0,0.0,0,10.590832710266113,2,7
SH,Mamba,73,3309,163,163,16.3,0.1235923171043396,0.18454737961292267,1.2600651979446411,1.4938843250274658,0.14928628504276276,1,139,1,84,0.5153374233128835,2.0,139,0.0,0,0.0,0,0.0,0,0.0,0,5
SH,Mamba,73,3310,171,171,17.1,0.3216921389102936,0.4338621199131012,1.3204070329666138,1.6900160312652588,0.5060787796974182,0,-1,1,171,1.0,2.0,171,1.1294420957565308,0,0.0,0,0.0,0,6.318654537200928,2,7
SH,Mamba,73,3311,187,187,18.7,0.3690420687198639,0.5059845447540283,1.2273105382919312,1.7725292444229126,0.49478086829185486,0,-1,1,181,0.9679144385026738,2.0,187,1.077136516571045,0,0.0,0,0.0,0,5.1216278076171875,2,7
SH,Mamba,73,3312,193,193,19.3,0.21639737486839294,0.26840463280677795,2.7916791439056396,3.601391553878784,0.41227519512176514,0,-1,1,57,0.29533678756476683,2.0,193,1.4707218408584595,0,0.0,0,0.0,0,20.306150436401367,1,6
SH,Mamba,73,3313,311,311,31.1,0.25816842913627625,0.3187063932418823,2.091357946395874,2.6167476177215576,0.41191351413726807,0,-1,1,151,0.4855305466237942,2.0,311,1.6083523035049438,0,0.0,0,0.0,0,18.980411529541016,1,6
SH,Mamba,73,3314,158,158,15.8,0.47805264592170715,0.6681877374649048,0.6306646466255188,0.9106919765472412,0.5323175191879272,0,-1,1,158,1.0,2.0,158,0.2315642386674881,0,0.0,0,0.0,0,1.6198370456695557,0,5
SH,Mamba,73,3315,1228,1228,122.80000000000001,0.4108688533306122,0.5550535321235657,8.023664474487305,8.993597984313965,3.263538360595703,1,393,1,393,0.32003257328990226,2.0,393,0.0,0,0.0,0,0.0,0,0.0,0,5
SH,Mamba,73,3316,280,280,28.0,0.33080798387527466,0.4495321810245514,1.6764129400253296,2.025692939758301,0.46794068813323975,0,-1,1,280,1.0,2.0,280,0.7449789047241211,0,0.0,0,0.0,0,8.927069664001465,0,5
SH,Mamba,73,3317,195,195,19.5,0.18544761836528778,0.22906650602817535,1.6667060852050781,2.770064353942871,0.6449194550514221,0,-1,1,195,1.0,2.0,195,1.1630767583847046,0,0.0,0,0.0,0,14.027325630187988,2,7
SH,Mamba,73,3318,442,442,44.2,0.28357836604118347,0.3631916642189026,5.713825225830078,7.323118209838867,0.5809726715087891,0,-1,1,432,0.9773755656108597,2.0,442,0.7945215106010437,0,0.0,0,0.0,0,4.901517868041992,2,7
SH,Mamba,73,3319,253,253,25.3,0.34886065125465393,0.4298725128173828,2.853203535079956,3.2633891105651855,0.6109962463378906,0,-1,1,209,0.8260869565217391,2.0,253,1.4022598266601562,0,0.0,0,0.0,0,11.674500465393066,0,5
SH,Mamba,73,3320,175,175,17.5,0.3588326573371887,0.4635518193244934,4.131809711456299,4.483502388000488,0.6396952867507935,0,-1,0,0,0.0,2.0,175,2.259913444519043,0,0.0,0,0.0,0,7.805293083190918,0,5
SH,Mamba,73,3321,288,288,28.8,0.36727696657180786,0.4453164339065552,1.083379864692688,1.6136631965637207,0.48119989037513733,0,-1,1,288,1.0,2.0,288,1.1937503814697266,0,0.0,0,0.0,0,16.84943199157715,0,5
SH,Mamba,73,3322,329,329,32.9,0.32711854577064514,0.4546816945075989,5.352479934692383,6.2808003425598145,0.6787128448486328,1,262,1,262,0.7963525835866262,2.0,262,0.0,0,0.0,0,0.0,0,0.0,0,5
SH,Mamba,73,3323,135,135,13.5,0.5438202023506165,0.7697359919548035,8.868498802185059,9.796975135803223,0.9189602136611938,0,-1,1,135,1.0,2.0,135,0.5073511004447937,0,0.0,0,0.0,0,7.446840286254883,2,7
SH,Mamba,73,3324,188,188,18.8,0.28327298164367676,0.3915392756462097,1.446000337600708,1.771444320678711,0.36555716395378113,0,-1,1,49,0.26063829787234044,2.0,188,1.7189031839370728,0,0.0,0,0.0,0,19.530054092407227,0,5
SH,Mamba,73,3325,228,228,22.8,0.8445104360580444,1.118769645690918,25.534107208251953,32.157989501953125,2.6892457008361816,0,-1,1,228,1.0,2.0,228,0.7037534117698669,0,0.0,0,0.0,0,2.602238655090332,0,5
SH,Mamba,73,3326,485,485,48.5,0.3689006268978119,0.4867636263370514,2.5573878288269043,2.8329005241394043,0.4071084260940552,0,-1,1,485,1.0,2.0,485,0.6074422597885132,0,0.0,0,0.0,0,2.479532480239868,1,6
SH,Mamba,73,3327,290,290,29.0,0.24440307915210724,0.3453844487667084,3.529118776321411,3.9856228828430176,0.5716837048530579,1,236,1,236,0.8137931034482758,2.0,236,0.0,0,0.0,0,0.0,0,0.0,2,7
SH,Mamba,73,3328,155,155,15.5,0.3349980115890503,0.4037308394908905,4.227260112762451,4.874435901641846,0.3825068175792694,0,-1,1,155,1.0,2.0,155,1.065253496170044,0,0.0,0,0.0,0,4.765645503997803,1,6
SH,Mamba,73,3329,672,672,67.2,0.24712951481342316,0.30668020248413086,4.616957187652588,6.144561290740967,0.45096173882484436,0,-1,1,669,0.9955357142857143,2.0,672,0.7263410687446594,0,0.0,0,0.0,0,5.427373886108398,0,5
SH,Mamba,73,3330,358,358,35.800000000000004,0.33690884709358215,0.42130112648010254,2.446320056915283,2.946223497390747,0.5855092406272888,0,-1,1,263,0.7346368715083799,2.0,358,0.9515871405601501,0,0.0,0,0.0,0,2.360398769378662,1,6
SH,Mamba,73,3331,206,206,20.6,0.20120882987976074,0.2386856973171234,5.425524711608887,6.3403167724609375,0.49285808205604553,0,-1,1,206,1.0,2.0,206,0.41674599051475525,0,0.0,0,0.0,0,8.287967681884766,2,7
SH,Mamba,73,3332,496,496,49.6,0.46161484718322754,0.6436412334442139,1.9263055324554443,2.4028477668762207,1.5467242002487183,1,324,1,324,0.6532258064516129,2.0,324,0.0,0,0.0,0,0.0,0,0.0,0,5
SH,Mamba,73,3333,466,466,46.6,0.3091627061367035,0.40553027391433716,2.128554105758667,2.6220762729644775,0.5818572640419006,0,-1,1,466,1.0,2.0,466,0.30679669976234436,0,0.0,0,0.0,0,0.9043828845024109,1,6
SH,Mamba,73,3334,136,136,13.600000000000001,0.3139377534389496,0.3880719244480133,2.8478901386260986,3.677874803543091,0.5496551394462585,0,-1,1,136,1.0,2.0,136,0.37303170561790466,0,0.0,0,0.0,0,2.526249408721924,1,6
SH,Mamba,73,3335,204,204,20.400000000000002,0.2876672148704529,0.3328568935394287,1.4723834991455078,1.734269380569458,0.262201189994812,0,-1,1,202,0.9901960784313726,2.0,204,1.0218614339828491,0,0.0,0,0.0,0,4.891838073730469,2,7
SH,Mamba,73,3336,220,220,22.0,0.2034997045993805,0.28195035457611084,1.571192979812622,1.9503142833709717,0.5378929376602173,0,-1,0,0,0.0,2.0,220,2.5267961025238037,0,0.0,0,0.0,0,2.2284038066864014,2,7
SH,Mamba,73,3337,321,321,32.1,0.31896108388900757,0.3962540030479431,2.3140275478363037,2.7960293292999268,0.40058669447898865,0,-1,1,316,0.9844236760124611,2.0,321,1.0834407806396484,0,0.0,0,0.0,0,6.848604679107666,0,5
SH,Mamba,73,3338,425,425,42.5,0.17775914072990417,0.2334553301334381,20.09018898010254,26.90172004699707,1.3371070623397827,0,-1,1,135,0.3176470588235294,2.0,425,1.6381254196166992,0,0.0,0,0.0,0,28.302715301513672,0,5
SH,Mamba,73,3339,381,381,38.1,0.33901920914649963,0.4416886568069458,4.837059020996094,6.82920503616333,0.51873779296875,0,-1,1,265,0.6955380577427821,2.0,381,0.41686928272247314,0,0.0,0,0.0,0,0.6828292012214661,1,6
SH,Mamba,73,3340,251,251,25.1,0.22134782373905182,0.3028624653816223,2.259458541870117,2.5525639057159424,0.253693550825119,0,-1,1,251,1.0,2.0,251,0.8784669637680054,0,0.0,0,0.0,0,7.4435038566589355,1,6
SH,Mamba,73,3341,224,224,22.400000000000002,0.25815674662590027,0.31356102228164673,2.093411922454834,3.0162010192871094,0.4361429810523987,0,-1,1,189,0.84375,2.0,224,1.0593931674957275,0,0.0,0,0.0,0,13.226243019104004,1,6
SH,Mamba,73,3342,152,152,15.200000000000001,0.4218124449253082,0.5167722702026367,2.869854688644409,3.6812801361083984,0.8964697122573853,0,-1,1,41,0.26973684210526316,2.0,152,1.5948268175125122,0,0.0,0,0.0,0,7.301039695739746,2,7
SH,Mamba,73,3343,300,300,30.0,0.33356672525405884,0.38732531666755676,6.211672306060791,8.486621856689453,0.6662980318069458,0,-1,0,0,0.0,2.0,300,3.374709367752075,0,0.0,0,0.0,0,13.59995174407959,1,6
SH,Mamba,73,3344,188,188,18.8,0.32112932205200195,0.3950842320919037,11.359023094177246,13.578070640563965,1.272979736328125,0,-1,0,0,0.0,2.0,188,2.2080695629119873,0,0.0,0,0.0,0,23.98895263671875,1,6
SH,Mamba,73,3345,720,720,72.0,0.2647469937801361,0.3635706901550293,7.524231433868408,9.785015106201172,2.7321643829345703,1,450,1,282,0.39166666666666666,2.0,450,0.0,0,0.0,0,0.0,0,0.0,2,7
SH,Mamba,73,3346,185,185,18.5,0.5989729762077332,0.8583977222442627,2.4642186164855957,2.844670295715332,0.9026715159416199,0,-1,1,185,1.0,2.0,185,0.9563658237457275,0,0.0,0,0.0,0,5.9334611892700195,1,6
SH,Mamba,73,3347,170,170,17.0,0.17333956062793732,0.21516357362270355,2.0623812675476074,2.7142579555511475,0.7280276417732239,0,-1,1,170,1.0,2.0,170,1.7917863130569458,0,0.0,0,0.0,0,30.118850708007812,0,5
SH,Mamba,73,3348,262,262,26.200000000000003,0.24125269055366516,0.35334479808807373,4.8198561668396,7.375333786010742,1.1297208070755005,0,-1,1,31,0.1183206106870229,2.0,262,1.6116021871566772,0,0.0,0,0.0,0,17.904207229614258,1,6
SH,Mamba,73,3349,231,231,23.1,0.33240020275115967,0.4410109519958496,13.32043743133545,18.12507438659668,1.5824060440063477,0,-1,0,0,0.0,2.0,231,2.640981674194336,0,0.0,0,0.0,0,40.172054290771484,0,5
SH,Mamba,73,3350,192,192,19.200000000000003,0.37103530764579773,0.6058074831962585,6.025352954864502,6.995021820068359,0.8581873774528503,0,-1,1,34,0.17708333333333334,2.0,192,1.8299102783203125,0,0.0,0,0.0,0,7.587733745574951,1,6
SH,Mamba,73,3351,145,145,14.5,0.16887332499027252,0.21012867987155914,1.2402312755584717,1.3608908653259277,0.17743970453739166,0,-1,1,101,0.696551724137931,2.0,145,1.613051414489746,0,0.0,0,0.0,0,8.628575325012207,1,6
SH,Mamba,73,3352,223,223,22.3,0.2526918351650238,0.32852697372436523,4.869655609130859,6.903414249420166,0.7173815965652466,0,-1,1,66,0.29596412556053814,2.0,223,1.7908817529678345,0,0.0,0,0.0,0,9.795310974121094,1,6
SH,Mamba,73,3353,205,205,20.5,0.22809256613254547,0.34521645307540894,1.5493043661117554,2.0818440914154053,0.3031187057495117,0,-1,1,186,0.9073170731707317,2.0,205,1.0630048513412476,0,0.0,0,0.0,0,2.1090850830078125,2,7
SH,Mamba,73,3354,242,242,24.200000000000003,0.3788108229637146,0.5273743867874146,2.736180067062378,3.1134018898010254,0.5478371977806091,1,218,1,152,0.628099173553719,2.0,218,0.0,0,0.0,0,0.0,0,0.0,0,5
SH,Mamba,73,3355,189,189,18.900000000000002,0.13560786843299866,0.21050211787223816,2.3685414791107178,3.2709341049194336,0.4608626067638397,0,-1,1,189,1.0,2.0,189,0.7181833982467651,0,0.0,0,0.0,0,13.845317840576172,0,5
SH,Mamba,73,3356,549,549,54.900000000000006,0.23498676717281342,0.3029596209526062,1.9666917324066162,2.764526128768921,0.23000448942184448,0,-1,1,549,1.0,2.0,549,0.5640416741371155,0,0.0,0,0.0,0,7.043403625488281,2,7
SH,Mamba,73,3357,226,226,22.6,0.15954869985580444,0.20042511820793152,3.3251161575317383,4.424921035766602,0.5436806082725525,0,-1,1,226,1.0,2.0,226,1.3518822193145752,0,0.0,0,0.0,0,4.092203617095947,0,5
SH,Mamba,73,3358,198,198,19.8,0.25456666946411133,0.367727667093277,1.313611388206482,1.538251519203186,0.3604951798915863,0,-1,1,198,1.0,2.0,198,0.89991295337677,0,0.0,0,0.0,0,5.695198059082031,1,6
SH,Mamba,73,3359,152,152,15.200000000000001,0.2660902440547943,0.31869766116142273,5.11147928237915,6.6619486808776855,0.7364439964294434,0,-1,1,152,1.0,2.0,152,0.20867465436458588,0,0.0,0,0.0,0,0.43632960319519043,0,5
SH,Mamba,73,3360,215,215,21.5,0.13504090905189514,0.1671033352613449,0.6811431050300598,0.7759406566619873,0.21385689079761505,0,-1,0,0,0.0,2.0,215,5.001106262207031,0,0.0,0,0.0,0,77.72733306884766,2,7
SH,Mamba,73,3361,183,183,18.3,0.3225127160549164,0.40463703870773315,3.7978732585906982,4.794267177581787,0.5912373065948486,0,-1,0,0,0.0,2.0,183,3.1208877563476562,0,0.0,0,0.0,0,9.766429901123047,2,7
SH,Mamba,73,3362,152,152,15.200000000000001,0.5586156249046326,0.6389885544776917,8.781773567199707,12.062131881713867,1.6517826318740845,0,-1,1,152,1.0,2.0,152,1.221977710723877,0,0.0,0,0.0,0,8.614981651306152,1,6
SH,Mamba,73,3363,449,449,44.900000000000006,0.2602052688598633,0.3349705934524536,0.8482449650764465,1.0096089839935303,0.40694138407707214,1,374,1,374,0.8329621380846325,2.0,374,0.0,0,0.0,0,0.0,0,0.0,2,7
SH,Mamba,73,3364,238,238,23.8,0.31251421570777893,0.4283144474029541,7.697915077209473,8.673623085021973,0.8966014385223389,1,162,1,162,0.680672268907563,2.0,162,0.0,0,0.0,0,0.0,0,0.0,0,5
SH,Mamba,73,3365,215,215,21.5,0.22738885879516602,0.32954517006874084,1.9079781770706177,2.1825835704803467,0.2987677752971649,0,-1,1,215,1.0,2.0,215,0.3516120910644531,0,0.0,0,0.0,0,0.9061940908432007,0,5
SH,Mamba,73,3366,147,147,14.700000000000001,0.3006593585014343,0.404400497674942,9.131948471069336,10.707178115844727,1.1593306064605713,0,-1,1,35,0.23809523809523808,2.0,147,1.3482403755187988,0,0.0,0,0.0,0,21.05525779724121,0,5
SH,Mamba,73,3367,147,147,14.700000000000001,0.16034305095672607,0.20142100751399994,1.913061261177063,2.524372100830078,0.3451664447784424,0,-1,1,147,1.0,2.0,147,1.102755069732666,0,0.0,0,0.0,0,9.07721996307373,1,6
SH,Mamba,73,3368,312,312,31.200000000000003,0.3003116250038147,0.36517858505249023,4.415533065795898,5.460906505584717,0.792577862739563,0,-1,1,312,1.0,2.0,312,0.6372768878936768,0,0.0,0,0.0,0,11.350188255310059,2,7
SH,Mamba,73,3369,384,384,38.400000000000006,0.38704410195350647,0.48672211170196533,4.1433916091918945,5.195032119750977,0.90793776512146,0,-1,1,230,0.5989583333333334,2.0,384,1.4916056394577026,0,0.0,0,0.0,0,0.9692431092262268,0,5
SH,Mamba,73,3370,320,320,32.0,0.35689330101013184,0.4444965720176697,1.1832573413848877,1.5645852088928223,0.5115653276443481,1,294,1,279,0.871875,2.0,294,0.0,0,0.0,0,0.0,0,0.0,2,7
SH,Mamba,73,3371,137,137,13.700000000000001,0.2670421004295349,0.3185455799102783,1.6285983324050903,1.9760860204696655,0.4743127226829529,0,-1,1,71,0.5182481751824818,2.0,137,1.6049867868423462,0,0.0,0,0.0,0,3.591010093688965,1,6
SH,Mamba,73,3372,595,595,59.5,0.25337013602256775,0.30316516757011414,2.635197162628174,3.3172149658203125,0.3955119848251343,0,-1,1,595,1.0,2.0,595,0.9848236441612244,0,0.0,0,0.0,0,10.6698579788208,1,6
SH,Mamba,73,3373,371,371,37.1,0.23705917596817017,0.3011144697666168,4.936520576477051,5.619908332824707,0.7088770270347595,0,-1,1,371,1.0,2.0,371,1.1826859712600708,0,0.0,0,0.0,0,7.007950305938721,1,6
SH,Mamba,73,3374,142,142,14.200000000000001,0.35271137952804565,0.3916977047920227,7.478177547454834,8.718282699584961,0.9245399236679077,0,-1,1,142,1.0,2.0,142,1.5374952554702759,0,0.0,0,0.0,0,34.50218200683594,1,6
SH,Mamba,73,3375,316,316,31.6,0.18852835893630981,0.2577279508113861,3.9030792713165283,4.956167697906494,0.3513621687889099,0,-1,1,298,0.9430379746835443,2.0,316,0.16463038325309753,0,0.0,0,0.0,0,2.8486833572387695,0,5
SH,Mamba,73,3376,308,308,30.8,0.413762629032135,0.5339629650115967,7.562864780426025,8.528217315673828,0.8937900066375732,0,-1,1,30,0.09740259740259741,2.0,308,1.9184390306472778,0,0.0,0,0.0,0,4.395538806915283,1,6
SH,Mamba,73,3377,211,211,21.1,0.29756003618240356,0.38527926802635193,5.071320533752441,8.375534057617188,1.2970960140228271,0,-1,1,211,1.0,2.0,211,1.1068933010101318,0,0.0,0,0.0,0,3.9254491329193115,1,6
