dataset,model,seed,event_id,available_future_steps,horizon_steps,horizon_seconds,mae_acc,rmse_acc,mae_spacing,rmse_spacing,mae_speed,collision,collision_step,unsafe_event,unsafe_frames,unsafe_frame_rate,unsafe_thw_threshold_seconds,thw_moving_frames,minimum_predicted_thw,negative_speed_attempts,negative_speed_attempt_rate,overspeed_attempts,overspeed_attempt_rate,numerical_failure,minimum_predicted_spacing,evaluation_gpu_local,evaluation_gpu_physical
SH,Mamba,137,0,156,156,15.600000000000001,0.43751129508018494,0.5692785978317261,3.61183762550354,4.266413688659668,1.1528738737106323,0,-1,0,0,0.0,2.0,156,5.3470869064331055,0,0.0,0,0.0,0,7.81127405166626,1,6
SH,Mamba,137,1,142,142,14.200000000000001,0.33991149067878723,0.3944433331489563,2.215003490447998,2.708799362182617,0.6345744132995605,0,-1,0,0,0.0,2.0,142,2.120023250579834,0,0.0,0,0.0,0,2.572740316390991,1,6
SH,Mamba,137,2,291,291,29.1,0.5934659838676453,0.7106217741966248,9.857600212097168,12.028428077697754,1.409839153289795,0,-1,1,194,0.6666666666666666,2.0,291,1.506173014640808,0,0.0,0,0.0,0,3.760286331176758,0,5
SH,Mamba,137,3,418,418,41.800000000000004,0.2100827544927597,0.2638544738292694,2.931335687637329,4.285562038421631,0.26728159189224243,0,-1,1,331,0.7918660287081339,2.0,418,1.3978190422058105,0,0.0,0,0.0,0,2.342355966567993,2,7
SH,Mamba,137,4,265,265,26.5,0.29231879115104675,0.37341785430908203,3.262868881225586,3.7206008434295654,0.33636167645454407,0,-1,1,265,1.0,2.0,265,1.266785979270935,0,0.0,0,0.0,0,2.4090027809143066,1,6
SH,Mamba,137,5,310,310,31.0,0.34474074840545654,0.41527870297431946,21.24603843688965,25.151025772094727,1.455235481262207,0,-1,1,195,0.6290322580645161,2.0,310,0.9692464470863342,0,0.0,0,0.0,0,20.36553382873535,2,7
SH,Mamba,137,6,173,173,17.3,0.34390413761138916,0.38258323073387146,8.312620162963867,9.332514762878418,0.832601010799408,0,-1,0,0,0.0,2.0,173,4.108935356140137,0,0.0,0,0.0,0,31.646081924438477,2,7
SH,Mamba,137,7,139,139,13.9,0.20748379826545715,0.25672516226768494,0.5075031518936157,0.5780545473098755,0.15459729731082916,0,-1,1,139,1.0,2.0,139,0.881454348564148,0,0.0,0,0.0,0,9.433238983154297,2,7
SH,Mamba,137,8,494,494,49.400000000000006,0.23543418943881989,0.29896852374076843,5.445085525512695,6.77952766418457,0.7189171314239502,0,-1,1,22,0.044534412955465584,2.0,494,1.9620647430419922,0,0.0,0,0.0,0,2.8766634464263916,1,6
SH,Mamba,137,9,188,188,18.8,0.28246355056762695,0.3557893633842468,11.514091491699219,14.082783699035645,1.1767688989639282,0,-1,1,188,1.0,2.0,188,1.2005568742752075,0,0.0,0,0.0,0,11.974827766418457,1,6
SH,Mamba,137,10,654,654,65.4,0.2608606815338135,0.3364887237548828,4.892333507537842,7.432727336883545,0.6484679579734802,0,-1,1,619,0.9464831804281345,2.0,654,1.2896933555603027,0,0.0,0,0.0,0,22.245941162109375,2,7
SH,Mamba,137,11,143,143,14.3,0.4301832914352417,0.6547648310661316,2.040059804916382,3.0484349727630615,0.7629210948944092,0,-1,1,143,1.0,2.0,143,0.7976123690605164,0,0.0,0,0.0,0,9.92034912109375,2,7
SH,Mamba,137,12,165,165,16.5,0.15406455099582672,0.18403640389442444,9.371609687805176,12.302587509155273,1.5546311140060425,0,-1,1,48,0.2909090909090909,2.0,165,1.4462404251098633,0,0.0,0,0.0,0,28.851112365722656,2,7
SH,Mamba,137,13,168,168,16.8,0.35912904143333435,0.4702085256576538,3.864558219909668,4.256117343902588,0.4820849597454071,1,156,1,156,0.9285714285714286,2.0,156,0.0,0,0.0,0,0.0,0,0.0,1,6
SH,Mamba,137,14,161,161,16.1,0.19859953224658966,0.24881170690059662,0.7519788146018982,0.8525529503822327,0.19092655181884766,0,-1,0,0,0.0,2.0,161,2.6989033222198486,0,0.0,0,0.0,0,3.7469260692596436,2,7
SH,Mamba,137,15,133,133,13.3,0.2760850191116333,0.3335650861263275,6.48903751373291,8.472551345825195,1.4023774862289429,0,-1,1,130,0.9774436090225563,2.0,133,1.114469051361084,0,0.0,0,0.0,0,14.453434944152832,1,6
SH,Mamba,137,16,872,872,87.2,0.27782317996025085,0.35884588956832886,5.904130458831787,7.269471168518066,0.5236982107162476,0,-1,1,872,1.0,2.0,872,0.5553152561187744,0,0.0,0,0.0,0,8.894107818603516,0,5
SH,Mamba,137,17,666,666,66.60000000000001,0.26045432686805725,0.33481264114379883,1.017026662826538,1.356289267539978,0.3505617082118988,0,-1,1,666,1.0,2.0,666,0.05088231340050697,0,0.0,0,0.0,0,0.05557062476873398,1,6
SH,Mamba,137,18,221,221,22.1,0.21569602191448212,0.27663666009902954,1.6087254285812378,1.8747012615203857,0.22453691065311432,0,-1,1,69,0.31221719457013575,2.0,221,1.6282156705856323,0,0.0,0,0.0,0,1.4795300960540771,2,7
SH,Mamba,137,19,174,174,17.400000000000002,0.24365323781967163,0.28964343667030334,1.661634922027588,2.1192028522491455,0.3727239966392517,0,-1,1,174,1.0,2.0,174,1.1352314949035645,0,0.0,0,0.0,0,17.872276306152344,1,6
SH,Mamba,137,20,217,217,21.700000000000003,0.3354552388191223,0.42332175374031067,2.329049587249756,3.9183318614959717,0.840070903301239,0,-1,1,217,1.0,2.0,217,1.2481399774551392,0,0.0,0,0.0,0,4.268965244293213,0,5
SH,Mamba,137,21,210,210,21.0,0.1384826898574829,0.16771897673606873,3.4424798488616943,4.101668834686279,0.39087000489234924,0,-1,1,210,1.0,2.0,210,0.672903835773468,0,0.0,0,0.0,0,13.237128257751465,2,7
SH,Mamba,137,22,741,741,74.10000000000001,0.33917567133903503,0.47894802689552307,7.297543048858643,9.037365913391113,0.7899587750434875,0,-1,1,371,0.5006747638326585,2.0,741,1.383623480796814,0,0.0,0,0.0,0,6.114651679992676,2,7
SH,Mamba,137,23,167,167,16.7,0.2878669798374176,0.35884276032447815,1.3054988384246826,1.5912072658538818,0.4073743522167206,0,-1,1,167,1.0,2.0,167,1.0999667644500732,0,0.0,0,0.0,0,4.421037197113037,1,6
SH,Mamba,137,24,354,354,35.4,0.2775861322879791,0.36325153708457947,2.850476026535034,3.7192037105560303,0.3136035203933716,1,309,1,309,0.8728813559322034,2.0,309,0.0,0,0.0,0,0.0,0,0.0,1,6
SH,Mamba,137,25,259,259,25.900000000000002,0.2790887653827667,0.3395463228225708,3.663464069366455,3.9168736934661865,0.42875149846076965,0,-1,1,259,1.0,2.0,259,1.3479838371276855,0,0.0,0,0.0,0,10.466413497924805,1,6
SH,Mamba,137,26,595,595,59.5,0.35568878054618835,0.4711480140686035,3.847598075866699,4.540829181671143,0.6865033507347107,0,-1,1,264,0.4436974789915966,2.0,595,1.4294453859329224,0,0.0,0,0.0,0,5.06570291519165,2,7
SH,Mamba,137,27,162,162,16.2,0.5890384912490845,0.633182942867279,16.341405868530273,21.82461929321289,3.288918972015381,0,-1,0,0,0.0,2.0,162,3.8911497592926025,0,0.0,0,0.0,0,38.48185729980469,1,6
SH,Mamba,137,28,143,143,14.3,0.42911770939826965,0.580994725227356,0.6228140592575073,0.7160561084747314,0.3352135419845581,0,-1,1,143,1.0,2.0,143,0.4129899740219116,0,0.0,0,0.0,0,1.1230772733688354,0,5
SH,Mamba,137,29,139,139,13.9,0.2641633152961731,0.2979870140552521,5.632380962371826,8.078486442565918,1.4050549268722534,0,-1,0,0,0.0,2.0,139,5.034643650054932,0,0.0,0,0.0,0,27.64090347290039,0,5
SH,Mamba,137,30,185,185,18.5,0.43443015217781067,0.6055441498756409,5.17738676071167,5.739272117614746,0.6505048871040344,0,-1,0,0,0.0,2.0,185,2.158797264099121,0,0.0,0,0.0,0,11.447982788085938,2,7
SH,Mamba,137,31,166,166,16.6,0.29139193892478943,0.39393478631973267,2.2968590259552,2.687112808227539,0.5597657561302185,0,-1,1,166,1.0,2.0,166,1.3521031141281128,0,0.0,0,0.0,0,7.83534049987793,0,5
SH,Mamba,137,32,204,204,20.400000000000002,0.3060106635093689,0.38053473830223083,4.688810348510742,5.4854207038879395,0.9416502118110657,0,-1,0,0,0.0,2.0,204,2.0731077194213867,0,0.0,0,0.0,0,26.77846908569336,0,5
SH,Mamba,137,33,551,551,55.1,0.36100515723228455,0.5126444697380066,3.4160423278808594,4.486235618591309,0.7233574986457825,1,490,1,490,0.8892921960072595,2.0,490,0.0,0,0.0,0,0.0,0,0.0,1,6
SH,Mamba,137,34,143,143,14.3,0.3501613438129425,0.43671345710754395,1.579624891281128,1.9511587619781494,0.6343888640403748,0,-1,1,143,1.0,2.0,143,0.7235611081123352,0,0.0,0,0.0,0,8.794049263000488,1,6
SH,Mamba,137,35,152,152,15.200000000000001,0.1526121348142624,0.1931833028793335,2.0122828483581543,2.351618766784668,0.3089509904384613,0,-1,1,87,0.5723684210526315,2.0,152,1.4837926626205444,0,0.0,0,0.0,0,11.983479499816895,2,7
SH,Mamba,137,36,161,161,16.1,0.4666133522987366,0.6223500370979309,1.3820902109146118,2.380418300628662,0.782011091709137,0,-1,1,53,0.32919254658385094,2.0,161,1.7932567596435547,0,0.0,0,0.0,0,4.429499626159668,0,5
SH,Mamba,137,37,231,231,23.1,0.16109740734100342,0.20810340344905853,1.0720620155334473,1.4017351865768433,0.2817681133747101,0,-1,1,231,1.0,2.0,231,0.8374987244606018,0,0.0,0,0.0,0,14.531853675842285,0,5
SH,Mamba,137,38,340,340,34.0,0.24739380180835724,0.31129035353660583,1.4345815181732178,2.3679752349853516,0.43362322449684143,0,-1,1,250,0.7352941176470589,2.0,340,1.668181300163269,0,0.0,0,0.0,0,10.243913650512695,0,5
SH,Mamba,137,39,182,182,18.2,0.1359056681394577,0.18443769216537476,3.414639711380005,4.258688926696777,0.5563182830810547,0,-1,1,84,0.46153846153846156,2.0,182,1.520539402961731,0,0.0,0,0.0,0,8.93851375579834,0,5
SH,Mamba,137,40,274,274,27.400000000000002,0.21961605548858643,0.2779332101345062,9.239161491394043,11.997787475585938,0.8867501616477966,0,-1,1,274,1.0,2.0,274,1.2775747776031494,0,0.0,0,0.0,0,4.059422016143799,0,5
SH,Mamba,137,41,207,207,20.700000000000003,0.24934929609298706,0.31580331921577454,5.3068623542785645,6.171701431274414,0.7497682571411133,0,-1,1,157,0.7584541062801933,2.0,207,1.5816823244094849,0,0.0,0,0.0,0,7.784770965576172,2,7
SH,Mamba,137,42,175,175,17.5,0.08317790925502777,0.10169681161642075,2.570357084274292,3.6114652156829834,0.5272216796875,0,-1,1,62,0.35428571428571426,2.0,175,1.7319111824035645,0,0.0,0,0.0,0,32.337745666503906,0,5
SH,Mamba,137,43,147,147,14.700000000000001,0.65119469165802,0.8113784790039062,4.435934543609619,6.6308913230896,1.2596712112426758,0,-1,0,0,0.0,2.0,147,2.862905502319336,0,0.0,0,0.0,0,9.615483283996582,2,7
SH,Mamba,137,44,184,184,18.400000000000002,0.11331761628389359,0.16103918850421906,5.051287651062012,6.437252521514893,0.5983977317810059,0,-1,1,184,1.0,2.0,184,1.5731804370880127,0,0.0,0,0.0,0,23.17360496520996,2,7
SH,Mamba,137,45,270,270,27.0,0.266475111246109,0.34572935104370117,0.9569571018218994,1.3296059370040894,0.22403492033481598,1,254,1,254,0.9407407407407408,2.0,254,0.0,0,0.0,0,0.0,0,0.0,0,5
SH,Mamba,137,46,204,204,20.400000000000002,0.3619712293148041,0.4663946032524109,5.571739196777344,6.6088643074035645,1.1935434341430664,0,-1,1,97,0.47549019607843135,2.0,204,1.3981094360351562,0,0.0,0,0.0,0,9.571427345275879,1,6
SH,Mamba,137,47,208,208,20.8,0.49052441120147705,0.5554687976837158,6.421135425567627,9.104635238647461,1.112959623336792,0,-1,1,133,0.6394230769230769,2.0,208,1.5887304544448853,0,0.0,0,0.0,0,6.255356788635254,2,7
SH,Mamba,137,48,164,164,16.400000000000002,0.16708709299564362,0.2085048407316208,1.8771764039993286,2.7541470527648926,0.667660117149353,0,-1,0,0,0.0,2.0,164,3.8644118309020996,0,0.0,0,0.0,0,84.48844146728516,1,6
SH,Mamba,137,49,167,167,16.7,0.05656396597623825,0.06747178733348846,1.1224429607391357,1.5639209747314453,0.18119940161705017,0,-1,1,144,0.8622754491017964,2.0,167,1.7456706762313843,0,0.0,0,0.0,0,21.03787612915039,2,7
SH,Mamba,137,50,153,153,15.3,0.35185757279396057,0.4757457673549652,1.004338026046753,1.2191903591156006,0.5413715839385986,0,-1,1,153,1.0,2.0,153,1.1390645503997803,0,0.0,0,0.0,0,2.852036952972412,0,5
SH,Mamba,137,51,163,163,16.3,0.21320971846580505,0.26851004362106323,0.37427839636802673,0.5147420167922974,0.1659143716096878,0,-1,1,28,0.17177914110429449,2.0,163,1.210018277168274,0,0.0,0,0.0,0,0.7580967545509338,1,6
SH,Mamba,137,52,469,469,46.900000000000006,0.20489844679832458,0.2509547770023346,1.7162704467773438,2.0927367210388184,0.43645408749580383,0,-1,1,212,0.4520255863539446,2.0,469,1.5754809379577637,0,0.0,0,0.0,0,6.094085693359375,2,7
SH,Mamba,137,53,578,578,57.800000000000004,0.2949675917625427,0.38133299350738525,2.950946569442749,3.5171263217926025,0.5381773710250854,0,-1,1,578,1.0,2.0,578,1.13777494430542,0,0.0,0,0.0,0,5.8270416259765625,0,5
SH,Mamba,137,54,211,211,21.1,0.3514810800552368,0.4267735481262207,4.163650989532471,4.859212398529053,0.7127355337142944,0,-1,0,0,0.0,2.0,211,2.406759738922119,0,0.0,0,0.0,0,3.7463600635528564,0,5
SH,Mamba,137,55,1090,1090,109.0,0.3185542821884155,0.4009159803390503,1.4182182550430298,1.7130060195922852,0.40387195348739624,0,-1,1,1090,1.0,2.0,1090,1.1340646743774414,0,0.0,0,0.0,0,3.1086907386779785,2,7
SH,Mamba,137,56,139,139,13.9,0.2109682261943817,0.24446149170398712,2.870910167694092,3.495375633239746,0.3657177984714508,0,-1,1,95,0.6834532374100719,2.0,139,1.8469897508621216,0,0.0,0,0.0,0,30.585166931152344,2,7
SH,Mamba,137,57,167,167,16.7,0.1387127935886383,0.18255069851875305,0.4541897475719452,0.5807486176490784,0.19585514068603516,0,-1,1,167,1.0,2.0,167,0.7967527508735657,0,0.0,0,0.0,0,9.259236335754395,0,5
SH,Mamba,137,58,140,140,14.0,0.2189064770936966,0.2687004506587982,3.091646194458008,3.4786181449890137,0.38661471009254456,0,-1,1,140,1.0,2.0,140,0.6000251173973083,0,0.0,0,0.0,0,3.3716156482696533,1,6
SH,Mamba,137,59,377,377,37.7,0.27956122159957886,0.3584464490413666,1.9125607013702393,2.1743087768554688,0.3813592195510864,0,-1,1,377,1.0,2.0,377,1.1914846897125244,0,0.0,0,0.0,0,5.413395404815674,2,7
SH,Mamba,137,60,277,277,27.700000000000003,0.19122456014156342,0.23915384709835052,4.712830543518066,6.15316104888916,0.4884324073791504,0,-1,1,202,0.7292418772563177,2.0,277,1.6430469751358032,0,0.0,0,0.0,0,14.975004196166992,0,5
SH,Mamba,137,61,1027,1027,102.7,0.2306332141160965,0.29531005024909973,1.2440117597579956,1.5882233381271362,0.2599365711212158,1,1020,1,963,0.937682570593963,2.0,1020,0.0,0,0.0,0,0.0,0,0.0,1,6
SH,Mamba,137,62,462,462,46.2,0.20775198936462402,0.24442631006240845,2.1662728786468506,2.732003688812256,0.41249164938926697,0,-1,1,462,1.0,2.0,462,0.8796613216400146,0,0.0,0,0.0,0,8.076494216918945,2,7
SH,Mamba,137,63,238,238,23.8,0.29995670914649963,0.40757355093955994,3.61672043800354,4.380013465881348,0.7213999032974243,0,-1,1,238,1.0,2.0,238,1.0378926992416382,0,0.0,0,0.0,0,19.376026153564453,2,7
SH,Mamba,137,64,165,165,16.5,0.14874252676963806,0.17751270532608032,2.2969110012054443,3.173476457595825,0.40807199478149414,0,-1,1,165,1.0,2.0,165,1.6916179656982422,0,0.0,0,0.0,0,17.63523292541504,2,7
SH,Mamba,137,65,168,168,16.8,0.39499419927597046,0.5245307087898254,6.7599310874938965,9.197725296020508,0.960015058517456,0,-1,0,0,0.0,2.0,168,2.945446252822876,0,0.0,0,0.0,0,16.41108512878418,2,7
SH,Mamba,137,66,1295,1295,129.5,0.333570659160614,0.46134963631629944,9.387697219848633,10.00552749633789,2.7531023025512695,1,289,1,289,0.22316602316602316,2.0,289,0.0,0,0.0,0,0.0,0,0.0,1,6
SH,Mamba,137,67,185,185,18.5,0.3045887053012848,0.36833009123802185,2.301647901535034,2.7108538150787354,0.7510910630226135,0,-1,1,185,1.0,2.0,185,1.365975260734558,0,0.0,0,0.0,0,4.7053022384643555,2,7
SH,Mamba,137,68,158,158,15.8,0.56533282995224,0.837782621383667,0.9326765537261963,1.3537040948867798,0.4869422912597656,0,-1,1,158,1.0,2.0,158,0.9622482657432556,0,0.0,0,0.0,0,1.8189760446548462,2,7
SH,Mamba,137,69,134,134,13.4,0.10103236138820648,0.12575829029083252,1.9713202714920044,2.4049386978149414,0.2507801353931427,0,-1,1,14,0.1044776119402985,2.0,134,1.9854366779327393,0,0.0,0,0.0,0,33.207950592041016,0,5
SH,Mamba,137,70,159,159,15.9,0.5608468651771545,0.6867550611495972,0.9507750272750854,1.209130883216858,0.4953930079936981,0,-1,0,0,0.0,2.0,159,2.8868093490600586,0,0.0,0,0.0,0,2.3905563354492188,2,7
SH,Mamba,137,71,351,351,35.1,0.35017308592796326,0.4773549437522888,9.525175094604492,11.232352256774902,0.9442111849784851,1,307,1,307,0.8746438746438746,2.0,307,0.0,0,0.0,0,0.0,0,0.0,0,5
SH,Mamba,137,72,300,300,30.0,0.24036476016044617,0.2884579598903656,2.9450581073760986,3.548719644546509,0.5544977188110352,0,-1,1,164,0.5466666666666666,2.0,300,1.5945605039596558,0,0.0,0,0.0,0,6.296741485595703,1,6
SH,Mamba,137,73,207,207,20.700000000000003,0.2564017176628113,0.3496413230895996,1.5118253231048584,1.767210841178894,0.34993213415145874,0,-1,1,40,0.1932367149758454,2.0,207,1.8415215015411377,0,0.0,0,0.0,0,2.4405970573425293,0,5
SH,Mamba,137,74,447,447,44.7,0.21856212615966797,0.3048020303249359,3.33512020111084,4.853908061981201,0.4637383818626404,0,-1,1,247,0.5525727069351231,2.0,447,1.5700863599777222,0,0.0,0,0.0,0,4.253283500671387,0,5
SH,Mamba,137,75,132,132,13.200000000000001,0.26059314608573914,0.3008441627025604,1.092975378036499,1.7262210845947266,0.35785147547721863,0,-1,1,98,0.7424242424242424,2.0,132,1.7527732849121094,0,0.0,0,0.0,0,8.074502944946289,0,5
SH,Mamba,137,76,237,237,23.700000000000003,0.3512759804725647,0.4464433491230011,6.896739482879639,9.074942588806152,1.8155330419540405,0,-1,0,0,0.0,2.0,237,2.205000400543213,0,0.0,0,0.0,0,38.10823059082031,1,6
SH,Mamba,137,77,133,133,13.3,0.22743745148181915,0.2913699150085449,0.5158156156539917,0.6203340888023376,0.19182182848453522,0,-1,0,0,0.0,2.0,133,2.4128482341766357,0,0.0,0,0.0,0,7.519184112548828,2,7
SH,Mamba,137,78,132,132,13.200000000000001,0.4923253059387207,0.5925804972648621,2.3664228916168213,2.663524866104126,0.5260937213897705,0,-1,0,0,0.0,2.0,132,3.8649075031280518,0,0.0,0,0.0,0,9.558938026428223,0,5
SH,Mamba,137,79,131,131,13.100000000000001,0.4335997700691223,0.48166248202323914,10.428363800048828,13.19423770904541,1.8014682531356812,0,-1,0,0,0.0,2.0,131,5.143591403961182,0,0.0,0,0.0,0,49.27942657470703,0,5
SH,Mamba,137,80,148,148,14.8,0.277742475271225,0.346858412027359,2.1506705284118652,2.6679348945617676,0.7300160527229309,0,-1,1,50,0.33783783783783783,2.0,148,1.7809008359909058,0,0.0,0,0.0,0,6.185507774353027,0,5
SH,Mamba,137,81,204,204,20.400000000000002,0.1634305864572525,0.2077852487564087,5.97592306137085,7.180851459503174,0.6187705397605896,0,-1,0,0,0.0,2.0,204,3.538299798965454,0,0.0,0,0.0,0,75.45355224609375,2,7
SH,Mamba,137,82,143,143,14.3,0.9934831261634827,1.1518425941467285,26.498065948486328,38.77489471435547,6.4931230545043945,0,-1,0,0,0.0,2.0,143,4.022443771362305,0,0.0,0,0.0,0,59.148677825927734,2,7
SH,Mamba,137,83,182,182,18.2,0.21447589993476868,0.25154680013656616,1.4968422651290894,2.1936752796173096,0.3669660687446594,0,-1,1,182,1.0,2.0,182,0.9825001955032349,0,0.0,0,0.0,0,4.80493688583374,1,6
SH,Mamba,137,84,206,206,20.6,0.3736203610897064,0.4433761537075043,6.495395660400391,7.839096546173096,1.0643185377120972,0,-1,1,60,0.2912621359223301,2.0,206,1.7199443578720093,0,0.0,0,0.0,0,2.30275821685791,2,7
SH,Mamba,137,85,201,201,20.1,0.23537777364253998,0.2885192930698395,0.6106027960777283,0.7513127326965332,0.16982030868530273,0,-1,1,201,1.0,2.0,201,1.0332070589065552,0,0.0,0,0.0,0,16.236391067504883,0,5
SH,Mamba,137,86,258,258,25.8,0.3366272449493408,0.40881770849227905,19.516490936279297,23.883804321289062,1.8213804960250854,0,-1,0,0,0.0,2.0,258,2.587799072265625,0,0.0,0,0.0,0,26.63990592956543,1,6
SH,Mamba,137,87,241,241,24.1,0.3742448687553406,0.4869305193424225,1.4678038358688354,1.753860354423523,0.504308819770813,1,239,1,239,0.991701244813278,2.0,239,0.0,0,0.0,0,0.0,0,0.0,1,6
SH,Mamba,137,88,852,852,85.2,0.20891913771629333,0.26401984691619873,1.6548070907592773,2.004063844680786,0.29362380504608154,0,-1,1,840,0.9859154929577465,2.0,852,0.9239701628684998,0,0.0,0,0.0,0,7.712332725524902,1,6
SH,Mamba,137,89,214,214,21.400000000000002,0.23650336265563965,0.2957831621170044,1.4573965072631836,1.632821798324585,0.2779184877872467,0,-1,1,214,1.0,2.0,214,1.023343801498413,0,0.0,0,0.0,0,9.639342308044434,1,6
SH,Mamba,137,90,261,261,26.1,0.27574995160102844,0.3493340313434601,1.790919303894043,2.095492124557495,0.41659015417099,0,-1,0,0,0.0,2.0,261,2.069636344909668,0,0.0,0,0.0,0,4.262614727020264,2,7
SH,Mamba,137,91,182,182,18.2,0.23708327114582062,0.2956322729587555,3.017376661300659,3.723749876022339,0.5022526979446411,0,-1,0,0,0.0,2.0,182,3.227853298187256,0,0.0,0,0.0,0,21.247873306274414,2,7
SH,Mamba,137,92,378,378,37.800000000000004,0.35973456501960754,0.46748337149620056,2.1081981658935547,2.369920015335083,0.48537829518318176,0,-1,1,169,0.4470899470899471,2.0,378,1.561578631401062,0,0.0,0,0.0,0,1.1999542713165283,0,5
SH,Mamba,137,93,133,133,13.3,0.4686650335788727,0.6363697648048401,1.1381100416183472,1.4017068147659302,0.565668523311615,0,-1,1,117,0.8796992481203008,2.0,133,1.5542482137680054,0,0.0,0,0.0,0,4.9911322593688965,1,6
SH,Mamba,137,94,246,246,24.6,0.1979937106370926,0.2695169746875763,3.5863425731658936,4.341294288635254,0.37942028045654297,0,-1,1,246,1.0,2.0,246,0.546505868434906,0,0.0,0,0.0,0,4.376281261444092,1,6
SH,Mamba,137,95,147,147,14.700000000000001,0.40349656343460083,0.4862416088581085,2.1230878829956055,2.5420753955841064,0.8527123332023621,0,-1,1,147,1.0,2.0,147,1.304762363433838,0,0.0,0,0.0,0,11.662012100219727,2,7
SH,Mamba,137,96,210,210,21.0,0.2985966205596924,0.38146933913230896,4.313594341278076,4.695781230926514,0.49360889196395874,0,-1,1,91,0.43333333333333335,2.0,210,1.7138497829437256,0,0.0,0,0.0,0,8.047255516052246,2,7
SH,Mamba,137,97,186,186,18.6,0.23020653426647186,0.28430643677711487,1.2345551252365112,1.403178095817566,0.1901879608631134,0,-1,1,180,0.967741935483871,2.0,186,1.1839020252227783,0,0.0,0,0.0,0,2.939552068710327,0,5
SH,Mamba,137,98,846,846,84.60000000000001,0.1303372085094452,0.16578461229801178,61.41973876953125,67.39376831054688,1.2797083854675293,0,-1,0,0,0.0,2.0,846,3.8523662090301514,0,0.0,0,0.0,0,66.81816101074219,0,5
SH,Mamba,137,99,321,321,32.1,0.3172154128551483,0.3757261037826538,3.677184820175171,4.2224273681640625,0.5185549855232239,0,-1,1,321,1.0,2.0,321,1.2274335622787476,0,0.0,0,0.0,0,12.957283020019531,1,6
SH,Mamba,137,100,204,204,20.400000000000002,0.20356975495815277,0.2312185913324356,1.3712315559387207,1.841243863105774,0.49393531680107117,0,-1,0,0,0.0,2.0,204,2.508105993270874,0,0.0,0,0.0,0,15.626535415649414,0,5
SH,Mamba,137,101,691,691,69.10000000000001,0.22014199197292328,0.27579984068870544,20.967716217041016,22.663982391357422,0.7391617298126221,0,-1,1,40,0.05788712011577424,2.0,691,1.5883183479309082,0,0.0,0,0.0,0,22.418109893798828,1,6
SH,Mamba,137,102,231,231,23.1,0.31274327635765076,0.39164111018180847,11.848562240600586,14.007469177246094,1.0212956666946411,0,-1,1,13,0.05627705627705628,2.0,231,1.858117938041687,0,0.0,0,0.0,0,34.603675842285156,1,6
SH,Mamba,137,103,170,170,17.0,0.3402770459651947,0.37778398394584656,2.697697877883911,3.375180244445801,0.7370880246162415,0,-1,0,0,0.0,2.0,170,2.670454978942871,0,0.0,0,0.0,0,4.712040901184082,0,5
SH,Mamba,137,104,359,359,35.9,0.23748569190502167,0.29034432768821716,4.315051078796387,4.665502548217773,0.4420230984687805,0,-1,1,359,1.0,2.0,359,0.7134832739830017,0,0.0,0,0.0,0,11.528360366821289,0,5
SH,Mamba,137,105,173,173,17.3,0.18246260285377502,0.22750680148601532,2.957920789718628,3.2780308723449707,0.3207669258117676,0,-1,1,95,0.5491329479768786,2.0,173,1.5371149778366089,0,0.0,0,0.0,0,24.091154098510742,0,5
SH,Mamba,137,106,219,219,21.900000000000002,0.3827038109302521,0.4480664134025574,9.983137130737305,11.071346282958984,0.9447171688079834,0,-1,1,129,0.589041095890411,2.0,219,1.6007236242294312,0,0.0,0,0.0,0,34.788482666015625,0,5
SH,Mamba,137,107,330,330,33.0,0.180113285779953,0.22213882207870483,0.45191869139671326,0.5583171844482422,0.22192193567752838,0,-1,0,0,0.0,2.0,330,2.2927792072296143,0,0.0,0,0.0,0,5.42005729675293,0,5
SH,Mamba,137,108,187,187,18.7,0.3408716917037964,0.4629315435886383,0.9153269529342651,1.286014199256897,0.482465535402298,0,-1,1,187,1.0,2.0,187,0.44744744896888733,0,0.0,0,0.0,0,0.9229793548583984,2,7
SH,Mamba,137,109,464,464,46.400000000000006,0.1579350233078003,0.19484937191009521,2.4073896408081055,3.528721809387207,0.3032551407814026,0,-1,1,464,1.0,2.0,464,0.9094533324241638,0,0.0,0,0.0,0,15.535520553588867,0,5
SH,Mamba,137,110,515,515,51.5,0.1957310438156128,0.2465493530035019,3.0179874897003174,4.308300018310547,0.5708696842193604,0,-1,1,448,0.8699029126213592,2.0,515,1.2724995613098145,0,0.0,0,0.0,0,2.486264944076538,2,7
SH,Mamba,137,111,132,132,13.200000000000001,0.633411705493927,0.7131916284561157,12.33383560180664,14.37904167175293,1.6591862440109253,0,-1,1,132,1.0,2.0,132,0.8626272678375244,0,0.0,0,0.0,0,9.443059921264648,1,6
SH,Mamba,137,112,274,274,27.400000000000002,0.22426359355449677,0.27482128143310547,0.3105434775352478,0.38994497060775757,0.18790479004383087,0,-1,1,164,0.5985401459854015,2.0,274,1.3761290311813354,0,0.0,0,0.0,0,1.5901061296463013,1,6
SH,Mamba,137,113,487,487,48.7,0.28416383266448975,0.37858685851097107,3.7929043769836426,4.664212703704834,0.5725170373916626,0,-1,1,247,0.5071868583162218,2.0,487,1.595834493637085,0,0.0,0,0.0,0,5.174777984619141,2,7
SH,Mamba,137,114,143,143,14.3,0.20594027638435364,0.23309382796287537,2.9456958770751953,3.480443239212036,0.4570402204990387,0,-1,0,0,0.0,2.0,143,2.653991460800171,0,0.0,0,0.0,0,35.71633529663086,0,5
SH,Mamba,137,115,140,140,14.0,0.4090555012226105,0.5083726048469543,1.2968007326126099,1.5421748161315918,0.5469171404838562,0,-1,1,51,0.36428571428571427,2.0,140,1.5103988647460938,0,0.0,0,0.0,0,1.3421471118927002,1,6
SH,Mamba,137,116,268,268,26.8,0.1409468650817871,0.18421874940395355,1.67483651638031,2.237328052520752,0.44116535782814026,0,-1,1,131,0.48880597014925375,2.0,268,1.4354745149612427,0,0.0,0,0.0,0,17.39818572998047,0,5
SH,Mamba,137,117,314,314,31.400000000000002,0.3014906346797943,0.3632729947566986,4.8384199142456055,6.222757816314697,0.775261640548706,0,-1,1,314,1.0,2.0,314,1.010474681854248,0,0.0,0,0.0,0,4.8314313888549805,2,7
SH,Mamba,137,118,138,138,13.8,0.07395759969949722,0.09807338565587997,0.6871036291122437,0.8031835556030273,0.12424053996801376,0,-1,0,0,0.0,2.0,138,2.547473192214966,0,0.0,0,0.0,0,34.94103240966797,1,6
SH,Mamba,137,119,132,132,13.200000000000001,0.3250938653945923,0.3696640729904175,4.140318393707275,5.602149963378906,0.7664962410926819,0,-1,1,132,1.0,2.0,132,1.586328387260437,0,0.0,0,0.0,0,13.60992431640625,2,7
SH,Mamba,137,120,183,183,18.3,0.1763932704925537,0.22997580468654633,0.47710564732551575,0.6997448205947876,0.18027259409427643,0,-1,1,183,1.0,2.0,183,0.6527546644210815,0,0.0,0,0.0,0,2.975292444229126,0,5
SH,Mamba,137,121,248,248,24.8,0.20874948799610138,0.2628251016139984,1.56039297580719,1.9021673202514648,0.18945138156414032,0,-1,1,234,0.9435483870967742,2.0,248,1.511428713798523,0,0.0,0,0.0,0,25.633609771728516,0,5
SH,Mamba,137,122,705,705,70.5,0.31746435165405273,0.4301714301109314,2.12408709526062,2.684293031692505,0.47615504264831543,0,-1,1,705,1.0,2.0,705,0.6592462062835693,0,0.0,0,0.0,0,1.7333884239196777,0,5
SH,Mamba,137,123,245,245,24.5,0.21805496513843536,0.26820728182792664,2.354513168334961,3.5103697776794434,0.36146724224090576,0,-1,1,245,1.0,2.0,245,0.9091043472290039,0,0.0,0,0.0,0,9.877080917358398,1,6
SH,Mamba,137,124,434,434,43.400000000000006,0.3716127574443817,0.45734480023384094,7.068803787231445,7.939139366149902,0.7741529941558838,0,-1,1,427,0.9838709677419355,2.0,434,0.8594265580177307,0,0.0,0,0.0,0,15.78217887878418,0,5
SH,Mamba,137,125,242,242,24.200000000000003,0.24119418859481812,0.35823366045951843,2.3344528675079346,3.0964856147766113,0.6174781322479248,0,-1,1,242,1.0,2.0,242,0.5062240362167358,0,0.0,0,0.0,0,11.067540168762207,2,7
SH,Mamba,137,126,226,226,22.6,0.21632258594036102,0.3049775958061218,21.830976486206055,26.946273803710938,2.375216484069824,0,-1,0,0,0.0,2.0,226,4.424850940704346,0,0.0,0,0.0,0,50.524288177490234,1,6
SH,Mamba,137,127,157,157,15.700000000000001,0.255904883146286,0.3115260899066925,1.2479465007781982,1.4296598434448242,0.32164499163627625,0,-1,0,0,0.0,2.0,157,3.156510353088379,0,0.0,0,0.0,0,15.760432243347168,1,6
SH,Mamba,137,128,211,211,21.1,0.1703706830739975,0.2112683355808258,1.149306297302246,1.2669618129730225,0.23338733613491058,0,-1,1,211,1.0,2.0,211,1.4191125631332397,0,0.0,0,0.0,0,10.965277671813965,0,5
SH,Mamba,137,129,139,139,13.9,0.12695558369159698,0.15669137239456177,0.8547330498695374,1.0486377477645874,0.22166869044303894,0,-1,1,139,1.0,2.0,139,1.4322055578231812,0,0.0,0,0.0,0,23.474864959716797,0,5
SH,Mamba,137,130,174,174,17.400000000000002,0.208131805062294,0.3386498689651489,0.7917967438697815,0.8842417597770691,0.29522252082824707,0,-1,1,174,1.0,2.0,174,0.3409360647201538,0,0.0,0,0.0,0,5.242164134979248,2,7
SH,Mamba,137,131,324,324,32.4,0.2905525267124176,0.396752268075943,2.8403050899505615,3.6881282329559326,0.5125454068183899,0,-1,1,324,1.0,2.0,324,0.5534000992774963,0,0.0,0,0.0,0,0.9907979965209961,0,5
SH,Mamba,137,132,136,136,13.600000000000001,1.4123072624206543,1.8329135179519653,6.282804012298584,7.788818359375,1.6741465330123901,0,-1,1,136,1.0,2.0,136,0.04202289506793022,0,0.0,0,0.0,0,0.17024463415145874,2,7
SH,Mamba,137,133,215,215,21.5,0.430345356464386,0.6154051423072815,0.9383541941642761,1.592695951461792,0.4350617825984955,0,-1,1,215,1.0,2.0,215,0.8363582491874695,0,0.0,0,0.0,0,1.441094994544983,2,7
SH,Mamba,137,134,156,156,15.600000000000001,0.22425968945026398,0.2719273567199707,2.580015182495117,2.9180760383605957,0.4503610134124756,0,-1,1,156,1.0,2.0,156,0.6851993799209595,0,0.0,0,0.0,0,15.389228820800781,2,7
SH,Mamba,137,135,140,140,14.0,0.32287412881851196,0.4063092768192291,0.7495654225349426,0.8548245429992676,0.32883235812187195,0,-1,1,140,1.0,2.0,140,1.1992225646972656,0,0.0,0,0.0,0,1.5725724697113037,2,7
SH,Mamba,137,136,132,132,13.200000000000001,0.6908102631568909,0.8986024856567383,6.756313800811768,9.08495807647705,1.2751333713531494,0,-1,1,131,0.9924242424242424,2.0,132,0.010684138163924217,0,0.0,0,0.0,0,0.3046768307685852,0,5
SH,Mamba,137,137,175,175,17.5,0.13539175689220428,0.17439892888069153,4.228552341461182,5.25881814956665,0.5867552161216736,0,-1,0,0,0.0,2.0,175,2.758681535720825,0,0.0,0,0.0,0,2.775359630584717,1,6
SH,Mamba,137,138,424,424,42.400000000000006,0.1910766065120697,0.2401307225227356,2.702432870864868,2.878270387649536,0.19721093773841858,1,395,1,338,0.7971698113207547,2.0,395,0.0,0,0.0,0,0.0,0,0.0,2,7
SH,Mamba,137,139,191,191,19.1,0.3227265477180481,0.42965927720069885,3.5447239875793457,5.406575679779053,0.9075117707252502,0,-1,1,191,1.0,2.0,191,0.8895809650421143,0,0.0,0,0.0,0,18.236717224121094,2,7
SH,Mamba,137,140,196,196,19.6,0.19596411287784576,0.24567995965480804,1.0967730283737183,1.1559158563613892,0.14387968182563782,0,-1,1,196,1.0,2.0,196,0.9429259896278381,0,0.0,0,0.0,0,2.4906575679779053,2,7
SH,Mamba,137,141,215,215,21.5,0.248890221118927,0.3177546262741089,2.608652114868164,3.1300394535064697,0.7874542474746704,0,-1,1,215,1.0,2.0,215,1.2590774297714233,0,0.0,0,0.0,0,23.70590591430664,0,5
SH,Mamba,137,142,319,319,31.900000000000002,0.43319961428642273,0.5506861209869385,9.31937026977539,11.018641471862793,1.1479698419570923,0,-1,1,319,1.0,2.0,319,1.0520920753479004,0,0.0,0,0.0,0,7.0392937660217285,0,5
SH,Mamba,137,143,132,132,13.200000000000001,0.32096385955810547,0.4277942478656769,2.8881306648254395,3.253941297531128,0.4955240786075592,0,-1,1,117,0.8863636363636364,2.0,132,1.4820243120193481,0,0.0,0,0.0,0,9.485169410705566,1,6
SH,Mamba,137,144,271,271,27.1,0.20990633964538574,0.2708948850631714,11.470102310180664,14.42515754699707,0.8940697908401489,0,-1,1,271,1.0,2.0,271,0.5962831974029541,0,0.0,0,0.0,0,9.729804039001465,2,7
SH,Mamba,137,145,393,393,39.300000000000004,0.25660115480422974,0.3305254280567169,0.6672373414039612,0.9368993639945984,0.3522273004055023,0,-1,1,218,0.55470737913486,2.0,393,0.9687328338623047,0,0.0,0,0.0,0,1.0895955562591553,2,7
SH,Mamba,137,146,238,238,23.8,0.3133428692817688,0.45400112867355347,7.306045055389404,8.11308479309082,0.806337833404541,0,-1,1,133,0.5588235294117647,2.0,238,1.6573402881622314,0,0.0,0,0.0,0,11.391892433166504,0,5
SH,Mamba,137,147,421,421,42.1,0.2554134428501129,0.29683181643486023,11.916049003601074,13.858990669250488,1.0079357624053955,0,-1,1,214,0.5083135391923991,2.0,421,1.2414391040802002,0,0.0,0,0.0,0,28.95163917541504,0,5
SH,Mamba,137,148,210,210,21.0,0.3277871012687683,0.3833698630332947,7.373406887054443,10.497197151184082,1.5006022453308105,0,-1,0,0,0.0,2.0,210,3.126058578491211,0,0.0,0,0.0,0,67.15491485595703,0,5
SH,Mamba,137,149,150,150,15.0,0.19103409349918365,0.22915968298912048,0.36511752009391785,0.4376537501811981,0.18202543258666992,0,-1,0,0,0.0,2.0,150,2.157245635986328,0,0.0,0,0.0,0,1.8421319723129272,1,6
SH,Mamba,137,150,193,193,19.3,0.550862193107605,0.6857455372810364,6.433838367462158,8.066576957702637,1.317226767539978,1,115,1,33,0.17098445595854922,2.0,115,0.0,0,0.0,0,0.0,0,0.0,1,6
SH,Mamba,137,151,149,149,14.9,0.2658698558807373,0.3156168460845947,0.8276063799858093,0.9387640357017517,0.18331311643123627,0,-1,1,149,1.0,2.0,149,1.2407288551330566,0,0.0,0,0.0,0,7.080471515655518,0,5
SH,Mamba,137,152,299,299,29.900000000000002,0.24182437360286713,0.34195950627326965,1.0085219144821167,1.1728744506835938,0.233301043510437,0,-1,1,293,0.979933110367893,2.0,299,0.5868790745735168,0,0.0,0,0.0,0,0.5322755575180054,2,7
SH,Mamba,137,153,996,996,99.60000000000001,0.226640984416008,0.29234468936920166,5.048003196716309,6.172593593597412,0.4741289019584656,0,-1,1,985,0.9889558232931727,2.0,996,0.4852754771709442,0,0.0,0,0.0,0,0.41523313522338867,0,5
SH,Mamba,137,154,407,407,40.7,0.21569247543811798,0.2684975862503052,2.4260761737823486,3.2418429851531982,0.33916839957237244,0,-1,1,391,0.9606879606879607,2.0,407,1.0846648216247559,0,0.0,0,0.0,0,1.8424274921417236,2,7
SH,Mamba,137,155,138,138,13.8,0.16343969106674194,0.20267896354198456,0.6204507350921631,0.7453027367591858,0.19593992829322815,0,-1,0,0,0.0,2.0,138,2.014914035797119,0,0.0,0,0.0,0,2.7157061100006104,1,6
SH,Mamba,137,156,151,151,15.100000000000001,0.26810595393180847,0.3733324706554413,1.5067692995071411,1.6821707487106323,0.4164605140686035,0,-1,1,151,1.0,2.0,151,0.4694281816482544,0,0.0,0,0.0,0,7.66990852355957,2,7
SH,Mamba,137,157,182,182,18.2,0.14774855971336365,0.17891885340213776,1.0752508640289307,1.449144959449768,0.3969162404537201,0,-1,1,150,0.8241758241758241,2.0,182,1.2871884107589722,0,0.0,0,0.0,0,15.078219413757324,0,5
SH,Mamba,137,158,157,157,15.700000000000001,0.29911836981773376,0.36033567786216736,4.585606098175049,5.332004547119141,0.49431902170181274,0,-1,1,157,1.0,2.0,157,0.7336710691452026,0,0.0,0,0.0,0,12.039748191833496,1,6
SH,Mamba,137,159,530,530,53.0,0.16814422607421875,0.22829510271549225,2.459503173828125,2.784611701965332,0.5297170281410217,1,302,1,94,0.17735849056603772,2.0,302,0.0,0,0.0,0,0.0,0,0.0,1,6
SH,Mamba,137,160,374,374,37.4,0.49470046162605286,0.6114104986190796,65.82071685791016,77.65361022949219,3.252781867980957,0,-1,0,0,0.0,2.0,374,4.188113689422607,0,0.0,0,0.0,0,42.20933151245117,1,6
SH,Mamba,137,161,797,797,79.7,0.20362915098667145,0.25767743587493896,6.4374098777771,7.603701114654541,0.4529362618923187,0,-1,1,789,0.9899623588456713,2.0,797,1.0218297243118286,0,0.0,0,0.0,0,4.071756362915039,2,7
SH,Mamba,137,162,142,142,14.200000000000001,0.40658918023109436,0.48870864510536194,1.130506992340088,1.2508541345596313,0.3251384496688843,0,-1,1,94,0.6619718309859155,2.0,142,0.6425586938858032,0,0.0,0,0.0,0,0.37414616346359253,1,6
SH,Mamba,137,163,275,275,27.5,0.28992900252342224,0.35671889781951904,4.700273036956787,5.133080005645752,0.4097274839878082,0,-1,0,0,0.0,2.0,275,2.0445263385772705,0,0.0,0,0.0,0,1.1594346761703491,2,7
SH,Mamba,137,164,241,241,24.1,0.230239599943161,0.3133082985877991,1.1065008640289307,1.3164881467819214,0.2592880129814148,0,-1,1,241,1.0,2.0,241,0.8658705353736877,0,0.0,0,0.0,0,5.438243865966797,1,6
SH,Mamba,137,165,481,481,48.1,0.20632189512252808,0.27069905400276184,1.654239535331726,1.9285825490951538,0.33057132363319397,0,-1,1,318,0.6611226611226612,2.0,481,1.4513072967529297,0,0.0,0,0.0,0,7.214453220367432,2,7
SH,Mamba,137,166,189,189,18.900000000000002,0.2453034371137619,0.33497923612594604,3.4391860961914062,4.422603130340576,0.7710821032524109,0,-1,1,172,0.91005291005291,2.0,189,1.7209599018096924,0,0.0,0,0.0,0,6.088245868682861,0,5
SH,Mamba,137,167,568,568,56.800000000000004,0.33195897936820984,0.3926786482334137,6.387822151184082,7.923664093017578,0.6402751207351685,0,-1,1,255,0.448943661971831,2.0,568,1.6435269117355347,0,0.0,0,0.0,0,5.148151874542236,0,5
SH,Mamba,137,168,327,327,32.7,0.29411542415618896,0.37325364351272583,2.8858814239501953,3.5828917026519775,0.4607517421245575,0,-1,1,327,1.0,2.0,327,0.5474393367767334,0,0.0,0,0.0,0,9.225143432617188,2,7
SH,Mamba,137,169,602,602,60.2,0.24372108280658722,0.32096993923187256,49.33914566040039,60.912296295166016,1.7365080118179321,0,-1,0,0,0.0,2.0,602,2.4061880111694336,0,0.0,0,0.0,0,40.030311584472656,2,7
SH,Mamba,137,170,321,321,32.1,0.28714194893836975,0.41593363881111145,10.505111694335938,11.681097984313965,0.6370159983634949,0,-1,1,321,1.0,2.0,321,0.9332718849182129,0,0.0,0,0.0,0,11.650346755981445,2,7
SH,Mamba,137,171,195,195,19.5,0.2866517901420593,0.35652104020118713,0.996125340461731,1.3099855184555054,0.2548052966594696,0,-1,1,195,1.0,2.0,195,0.4706157445907593,0,0.0,0,0.0,0,1.5209814310073853,2,7
SH,Mamba,137,172,218,218,21.8,0.3136586546897888,0.4478316605091095,6.2732062339782715,7.161942005157471,0.6398127675056458,0,-1,1,193,0.8853211009174312,2.0,218,1.6608251333236694,0,0.0,0,0.0,0,7.429424285888672,2,7
SH,Mamba,137,173,162,162,16.2,0.46664875745773315,0.6686509847640991,0.5734268426895142,0.6662923693656921,0.2795330882072449,0,-1,1,118,0.7283950617283951,2.0,162,0.5338391661643982,0,0.0,0,0.0,0,0.2842383086681366,2,7
SH,Mamba,137,174,168,168,16.8,0.32813650369644165,0.5367857813835144,2.5788497924804688,3.0534231662750244,0.8983377814292908,0,-1,0,0,0.0,2.0,168,2.469033718109131,0,0.0,0,0.0,0,33.59147262573242,0,5
SH,Mamba,137,175,194,194,19.400000000000002,0.40291595458984375,0.4846758246421814,7.784455299377441,11.133526802062988,1.3655849695205688,0,-1,1,194,1.0,2.0,194,0.8842074275016785,0,0.0,0,0.0,0,8.873656272888184,0,5
SH,Mamba,137,176,142,142,14.200000000000001,0.28405046463012695,0.3618546426296234,1.9273797273635864,2.375480890274048,0.39790189266204834,0,-1,1,142,1.0,2.0,142,1.2136847972869873,0,0.0,0,0.0,0,16.84195327758789,2,7
SH,Mamba,137,177,358,358,35.800000000000004,0.317752480506897,0.44573068618774414,7.737717151641846,9.700136184692383,0.8112149238586426,1,332,1,332,0.9273743016759777,2.0,332,0.0,0,0.0,0,0.0,0,0.0,2,7
SH,Mamba,137,178,137,137,13.700000000000001,0.260185182094574,0.4991968870162964,0.35182657837867737,0.4343637526035309,0.15678152441978455,0,-1,1,137,1.0,2.0,137,1.085771918296814,0,0.0,0,0.0,0,8.769610404968262,2,7
SH,Mamba,137,179,157,157,15.700000000000001,0.3225138783454895,0.4454273283481598,5.5202131271362305,6.345367908477783,0.5795167684555054,0,-1,1,157,1.0,2.0,157,0.6616888046264648,0,0.0,0,0.0,0,14.634977340698242,2,7
SH,Mamba,137,180,222,222,22.200000000000003,0.20081768929958344,0.24547551572322845,9.465576171875,12.997060775756836,1.2452123165130615,0,-1,1,165,0.7432432432432432,2.0,222,0.38256871700286865,0,0.0,0,0.0,0,11.091253280639648,2,7
SH,Mamba,137,181,131,131,13.100000000000001,0.14874517917633057,0.176335871219635,1.653444766998291,2.2770309448242188,0.37810784578323364,0,-1,1,131,1.0,2.0,131,0.5492527484893799,0,0.0,0,0.0,0,8.717403411865234,1,6
SH,Mamba,137,182,196,196,19.6,0.1654246747493744,0.21162201464176178,1.3814345598220825,1.5216834545135498,0.11129554361104965,0,-1,1,91,0.4642857142857143,2.0,196,1.6408922672271729,0,0.0,0,0.0,0,1.3238837718963623,0,5
SH,Mamba,137,183,295,295,29.5,0.2509867548942566,0.31042301654815674,2.480583667755127,2.9212868213653564,0.2947687804698944,0,-1,1,295,1.0,2.0,295,1.4055143594741821,0,0.0,0,0.0,0,12.172861099243164,2,7
SH,Mamba,137,184,538,538,53.800000000000004,0.465286523103714,0.6526598334312439,19.93939208984375,24.521316528320312,1.6242305040359497,0,-1,0,0,0.0,2.0,538,2.49341082572937,0,0.0,0,0.0,0,6.042271137237549,2,7
SH,Mamba,137,185,200,200,20.0,0.2322559952735901,0.29122859239578247,0.8424327969551086,0.9458820819854736,0.24945080280303955,0,-1,1,193,0.965,2.0,200,0.6830058693885803,0,0.0,0,0.0,0,0.484799325466156,0,5
SH,Mamba,137,186,215,215,21.5,0.2047218680381775,0.2535855770111084,3.955141067504883,4.731143474578857,0.4665006101131439,0,-1,0,0,0.0,2.0,215,2.5829856395721436,0,0.0,0,0.0,0,6.505910396575928,2,7
SH,Mamba,137,187,182,182,18.2,0.2767558693885803,0.31784722208976746,4.078071117401123,5.342584133148193,0.777478814125061,0,-1,1,36,0.1978021978021978,2.0,182,1.9391398429870605,0,0.0,0,0.0,0,14.488070487976074,1,6
SH,Mamba,137,188,377,377,37.7,0.41781800985336304,0.5307525396347046,7.630590438842773,9.6883544921875,1.0695825815200806,0,-1,1,156,0.41379310344827586,2.0,377,1.3515748977661133,0,0.0,0,0.0,0,0.3101826608181,2,7
SH,Mamba,137,189,151,151,15.100000000000001,0.37886011600494385,0.4441370368003845,7.504519939422607,8.63455581665039,0.983272910118103,0,-1,1,151,1.0,2.0,151,0.7448595762252808,0,0.0,0,0.0,0,11.174644470214844,0,5
SH,Mamba,137,190,418,418,41.800000000000004,0.34033480286598206,0.4360794723033905,12.008835792541504,19.6042423248291,1.9650996923446655,0,-1,1,185,0.44258373205741625,2.0,418,0.6672258973121643,0,0.0,0,0.0,0,3.958221435546875,1,6
SH,Mamba,137,191,162,162,16.2,0.3301369845867157,0.42671576142311096,1.7420105934143066,2.034684658050537,0.4609290361404419,0,-1,1,76,0.4691358024691358,2.0,162,1.7307792901992798,0,0.0,0,0.0,0,10.873465538024902,0,5
SH,Mamba,137,192,190,190,19.0,0.1789078712463379,0.23564770817756653,0.5757706165313721,0.7270346879959106,0.2224370241165161,0,-1,1,41,0.21578947368421053,2.0,190,1.87870454788208,0,0.0,0,0.0,0,1.2431809902191162,2,7
SH,Mamba,137,193,277,277,27.700000000000003,0.27489593625068665,0.3719274699687958,1.15338933467865,1.4104100465774536,0.3976137042045593,0,-1,1,197,0.7111913357400722,2.0,277,1.1884188652038574,0,0.0,0,0.0,0,13.326614379882812,2,7
SH,Mamba,137,194,169,169,16.900000000000002,0.35446393489837646,0.45040905475616455,5.107635498046875,6.6336283683776855,0.7906636595726013,0,-1,0,0,0.0,2.0,169,5.262123107910156,0,0.0,0,0.0,0,65.6457748413086,1,6
SH,Mamba,137,195,216,216,21.6,0.4126971662044525,0.5248516201972961,11.957206726074219,14.806087493896484,1.2255754470825195,0,-1,1,34,0.1574074074074074,2.0,216,1.5257371664047241,0,0.0,0,0.0,0,30.135162353515625,1,6
SH,Mamba,137,196,393,393,39.300000000000004,0.38142290711402893,0.4939802289009094,1.190961480140686,1.514809012413025,0.4049406945705414,0,-1,1,304,0.7735368956743003,2.0,393,1.2797611951828003,0,0.0,0,0.0,0,2.0244131088256836,0,5
SH,Mamba,137,197,168,168,16.8,0.3397223651409149,0.45472949743270874,1.1220896244049072,1.3602879047393799,0.4262669086456299,0,-1,1,168,1.0,2.0,168,0.19230958819389343,0,0.0,0,0.0,0,2.8705286979675293,1,6
SH,Mamba,137,198,322,322,32.2,0.272178590297699,0.3960815668106079,3.4513909816741943,4.50700044631958,0.5156463980674744,0,-1,1,279,0.8664596273291926,2.0,322,0.8149073719978333,0,0.0,0,0.0,0,0.9914191961288452,0,5
SH,Mamba,137,199,190,190,19.0,0.38472530245780945,0.4736926853656769,0.9075326919555664,1.4276636838912964,0.5506018996238708,0,-1,1,161,0.8473684210526315,2.0,190,1.5030571222305298,0,0.0,0,0.0,0,11.19792652130127,0,5
SH,Mamba,137,200,172,172,17.2,0.3102627694606781,0.41796043515205383,4.94158411026001,5.3933491706848145,0.5014699101448059,0,-1,1,172,1.0,2.0,172,0.5362233519554138,0,0.0,0,0.0,0,5.893387794494629,0,5
SH,Mamba,137,201,393,393,39.300000000000004,0.19717447459697723,0.24561847746372223,1.2546888589859009,1.441203236579895,0.32529425621032715,0,-1,1,393,1.0,2.0,393,0.9361684918403625,0,0.0,0,0.0,0,14.141895294189453,2,7
SH,Mamba,137,202,495,495,49.5,0.4214782416820526,0.5538361668586731,4.119824409484863,5.346147537231445,1.8870748281478882,1,396,1,396,0.8,2.0,396,0.0,0,0.0,0,0.0,0,0.0,2,7
SH,Mamba,137,203,229,229,22.900000000000002,0.23361210525035858,0.2795746326446533,1.649278163909912,1.9342361688613892,0.31321072578430176,0,-1,1,229,1.0,2.0,229,1.4230949878692627,0,0.0,0,0.0,0,16.822938919067383,1,6
SH,Mamba,137,204,239,239,23.900000000000002,0.33042246103286743,0.3738451302051544,23.979684829711914,34.15079879760742,3.4919228553771973,0,-1,0,0,0.0,2.0,239,2.913182258605957,0,0.0,0,0.0,0,31.669660568237305,1,6
SH,Mamba,137,205,282,282,28.200000000000003,0.32882601022720337,0.41801756620407104,6.199099540710449,7.659789562225342,1.0517840385437012,0,-1,0,0,0.0,2.0,282,4.888917446136475,0,0.0,0,0.0,0,10.388469696044922,0,5
SH,Mamba,137,206,160,160,16.0,0.2398701012134552,0.30210745334625244,0.9650160074234009,1.1383447647094727,0.432941198348999,0,-1,1,113,0.70625,2.0,160,1.5963542461395264,0,0.0,0,0.0,0,5.594648361206055,2,7
SH,Mamba,137,207,171,171,17.1,0.19523538649082184,0.26214665174484253,4.409187316894531,5.1989288330078125,0.4863177239894867,0,-1,1,159,0.9298245614035088,2.0,171,1.6373473405838013,0,0.0,0,0.0,0,20.12493324279785,2,7
SH,Mamba,137,208,497,497,49.7,0.12523607909679413,0.152520552277565,4.6837544441223145,5.444337368011475,0.2735327184200287,0,-1,1,497,1.0,2.0,497,0.6040365695953369,0,0.0,0,0.0,0,8.478022575378418,2,7
SH,Mamba,137,209,281,281,28.1,0.34773680567741394,0.4372350573539734,3.346595525741577,3.7903716564178467,0.3990916311740875,0,-1,1,231,0.8220640569395018,2.0,281,1.510929822921753,0,0.0,0,0.0,0,3.5682199001312256,2,7
SH,Mamba,137,210,623,623,62.300000000000004,0.16625972092151642,0.21390731632709503,33.41698455810547,44.13643264770508,1.3674051761627197,0,-1,1,212,0.3402889245585875,2.0,623,0.8946781754493713,0,0.0,0,0.0,0,21.808828353881836,0,5
SH,Mamba,137,211,137,137,13.700000000000001,0.16663330793380737,0.19918251037597656,1.0185606479644775,1.3319400548934937,0.42370423674583435,0,-1,1,30,0.21897810218978103,2.0,137,1.7430329322814941,0,0.0,0,0.0,0,2.387056350708008,0,5
SH,Mamba,137,212,151,151,15.100000000000001,0.3820692300796509,0.41841694712638855,2.3400955200195312,2.855973958969116,0.9588598012924194,0,-1,1,151,1.0,2.0,151,0.19392947852611542,0,0.0,0,0.0,0,4.605373382568359,1,6
SH,Mamba,137,213,188,188,18.8,0.28969281911849976,0.3818361759185791,5.081634044647217,5.7291693687438965,0.7525750994682312,1,181,1,181,0.9627659574468085,2.0,181,0.0,0,0.0,0,0.0,0,0.0,2,7
SH,Mamba,137,214,331,331,33.1,0.2430800199508667,0.28809040784835815,1.8462417125701904,2.128401756286621,0.42390578985214233,0,-1,1,331,1.0,2.0,331,0.7298889756202698,0,0.0,0,0.0,0,12.482632637023926,2,7
SH,Mamba,137,215,594,594,59.400000000000006,0.18240229785442352,0.2514738440513611,3.569986581802368,5.04818058013916,0.6306783556938171,0,-1,1,476,0.8013468013468014,2.0,594,1.0654497146606445,0,0.0,0,0.0,0,17.238492965698242,2,7
SH,Mamba,137,216,161,161,16.1,0.2990076541900635,0.3712023198604584,1.53227698802948,1.7429747581481934,0.2863897979259491,0,-1,1,47,0.2919254658385093,2.0,161,1.7333341836929321,0,0.0,0,0.0,0,4.702903747558594,2,7
SH,Mamba,137,217,355,355,35.5,0.3840940296649933,0.5043696165084839,2.0615928173065186,2.6810336112976074,0.5941848158836365,0,-1,1,354,0.9971830985915493,2.0,355,1.3785057067871094,0,0.0,0,0.0,0,6.650500297546387,1,6
SH,Mamba,137,218,190,190,19.0,0.34182724356651306,0.4223845601081848,1.7408251762390137,2.1252312660217285,0.3728908598423004,0,-1,1,98,0.5157894736842106,2.0,190,1.6070053577423096,0,0.0,0,0.0,0,0.5384582877159119,1,6
SH,Mamba,137,219,318,318,31.8,0.31751126050949097,0.3987596035003662,1.1519278287887573,1.348421335220337,0.35605350136756897,0,-1,1,318,1.0,2.0,318,0.8323484659194946,0,0.0,0,0.0,0,7.652507305145264,1,6
SH,Mamba,137,220,247,247,24.700000000000003,0.33343154191970825,0.5395529866218567,13.987692832946777,17.696733474731445,1.3365623950958252,0,-1,1,155,0.6275303643724697,2.0,247,1.539718747138977,0,0.0,0,0.0,0,36.62078857421875,1,6
SH,Mamba,137,221,141,141,14.100000000000001,0.19242902100086212,0.29889827966690063,0.4111100733280182,0.5210464000701904,0.17552798986434937,0,-1,1,141,1.0,2.0,141,0.14221172034740448,0,0.0,0,0.0,0,0.17108988761901855,2,7
SH,Mamba,137,222,650,650,65.0,0.2325471192598343,0.2929784059524536,0.9230356216430664,1.2653361558914185,0.30232810974121094,0,-1,1,650,1.0,2.0,650,0.7018155455589294,0,0.0,0,0.0,0,6.903158187866211,1,6
SH,Mamba,137,223,548,548,54.800000000000004,0.2521333694458008,0.31289947032928467,4.126989841461182,6.440481662750244,0.5676360130310059,0,-1,1,548,1.0,2.0,548,1.1832973957061768,0,0.0,0,0.0,0,19.005233764648438,0,5
SH,Mamba,137,224,247,247,24.700000000000003,0.17809663712978363,0.24039119482040405,0.7093483805656433,0.9080935120582581,0.29199934005737305,0,-1,1,129,0.5222672064777328,2.0,247,1.5345242023468018,0,0.0,0,0.0,0,2.6180286407470703,2,7
SH,Mamba,137,225,209,209,20.900000000000002,0.15360267460346222,0.18671868741512299,2.2506296634674072,3.289686679840088,0.478107213973999,0,-1,1,185,0.8851674641148325,2.0,209,1.3765949010849,0,0.0,0,0.0,0,25.462560653686523,1,6
SH,Mamba,137,226,256,256,25.6,0.2260940968990326,0.29096919298171997,11.652630805969238,13.610965728759766,0.7707443237304688,0,-1,1,256,1.0,2.0,256,0.5995754599571228,0,0.0,0,0.0,0,8.701349258422852,2,7
SH,Mamba,137,227,290,290,29.0,0.30088356137275696,0.42589643597602844,10.650020599365234,14.206990242004395,0.9503445625305176,0,-1,1,290,1.0,2.0,290,0.37461057305336,0,0.0,0,0.0,0,3.5587172508239746,0,5
SH,Mamba,137,228,315,315,31.5,0.2613142132759094,0.3935549557209015,0.9281221032142639,1.4841883182525635,0.34175413846969604,0,-1,1,315,1.0,2.0,315,0.9370627999305725,0,0.0,0,0.0,0,4.085638523101807,1,6
SH,Mamba,137,229,1200,1200,120.0,0.2364128679037094,0.29730600118637085,1.2682560682296753,1.6497405767440796,0.3004879951477051,0,-1,1,1200,1.0,2.0,1200,0.5537078976631165,0,0.0,0,0.0,0,1.9817194938659668,1,6
SH,Mamba,137,230,409,409,40.900000000000006,0.2946802079677582,0.3883415758609772,0.9140765070915222,0.9907130002975464,0.1877010017633438,0,-1,1,409,1.0,2.0,409,0.9664398431777954,0,0.0,0,0.0,0,1.7305140495300293,1,6
SH,Mamba,137,231,160,160,16.0,0.21529558300971985,0.266512006521225,1.2304450273513794,1.525667428970337,0.19684270024299622,0,-1,1,154,0.9625,2.0,160,0.1933320015668869,0,0.0,0,0.0,0,0.12691959738731384,0,5
SH,Mamba,137,232,371,371,37.1,0.2690536677837372,0.34552299976348877,15.424569129943848,18.657913208007812,1.2245330810546875,0,-1,1,371,1.0,2.0,371,1.2477506399154663,0,0.0,0,0.0,0,9.615857124328613,1,6
SH,Mamba,137,233,507,507,50.7,0.2780906558036804,0.33044034242630005,2.9202284812927246,3.974966049194336,0.6902318000793457,0,-1,1,507,1.0,2.0,507,0.9775497913360596,0,0.0,0,0.0,0,6.3240509033203125,2,7
SH,Mamba,137,234,316,316,31.6,0.1946191042661667,0.23864322900772095,6.225883960723877,7.3514838218688965,0.3624934256076813,0,-1,1,316,1.0,2.0,316,0.6440593004226685,0,0.0,0,0.0,0,7.446786403656006,0,5
SH,Mamba,137,235,192,192,19.200000000000003,0.2598270773887634,0.317921906709671,3.226621627807617,3.487938404083252,0.3808246850967407,0,-1,1,62,0.3229166666666667,2.0,192,1.8476097583770752,0,0.0,0,0.0,0,7.717529773712158,2,7
SH,Mamba,137,236,200,200,20.0,0.3959962725639343,0.4903329014778137,5.054630279541016,5.781816005706787,0.9181029796600342,0,-1,1,115,0.575,2.0,200,0.9643165469169617,0,0.0,0,0.0,0,23.14737892150879,1,6
SH,Mamba,137,237,524,524,52.400000000000006,0.2613445818424225,0.32040876150131226,1.8288846015930176,2.1686654090881348,0.3347780406475067,1,513,1,473,0.9026717557251909,2.0,513,0.0,0,0.0,0,0.0,0,0.0,1,6
SH,Mamba,137,238,406,406,40.6,0.33204394578933716,0.4025694727897644,21.728527069091797,25.010860443115234,1.7475879192352295,0,-1,0,0,0.0,2.0,406,2.635204792022705,0,0.0,0,0.0,0,27.35384178161621,1,6
SH,Mamba,137,239,171,171,17.1,0.530168890953064,0.6339284181594849,4.296874046325684,5.519913196563721,1.0227895975112915,0,-1,1,27,0.15789473684210525,2.0,171,1.9599238634109497,0,0.0,0,0.0,0,3.0590360164642334,2,7
SH,Mamba,137,240,196,196,19.6,0.28852561116218567,0.3728694021701813,1.8506755828857422,2.1462581157684326,0.3956906199455261,0,-1,1,196,1.0,2.0,196,0.8475633859634399,0,0.0,0,0.0,0,9.557235717773438,1,6
SH,Mamba,137,241,333,333,33.300000000000004,0.2648758292198181,0.30016833543777466,1.829516887664795,2.7002766132354736,0.4150357246398926,0,-1,1,333,1.0,2.0,333,0.7969569563865662,0,0.0,0,0.0,0,13.26363468170166,1,6
SH,Mamba,137,242,213,213,21.3,0.24259673058986664,0.3031429052352905,6.3890862464904785,7.428207874298096,0.5569407939910889,0,-1,1,213,1.0,2.0,213,1.1302039623260498,0,0.0,0,0.0,0,9.796196937561035,0,5
SH,Mamba,137,243,358,358,35.800000000000004,0.25510552525520325,0.3193725347518921,3.942519426345825,5.354508399963379,0.7164928913116455,0,-1,1,358,1.0,2.0,358,0.9640463590621948,0,0.0,0,0.0,0,11.359848022460938,0,5
SH,Mamba,137,244,150,150,15.0,0.13674499094486237,0.167592853307724,1.027199387550354,1.213745355606079,0.3798210620880127,0,-1,0,0,0.0,2.0,150,2.671086311340332,0,0.0,0,0.0,0,33.81111526489258,1,6
SH,Mamba,137,245,174,174,17.400000000000002,0.4276297092437744,0.5092021226882935,2.352191686630249,2.830899953842163,0.7360573410987854,0,-1,1,113,0.6494252873563219,2.0,174,1.8077259063720703,0,0.0,0,0.0,0,11.192245483398438,1,6
SH,Mamba,137,246,169,169,16.900000000000002,0.3808349072933197,0.4607112407684326,14.11046314239502,17.848176956176758,1.7755979299545288,0,-1,1,169,1.0,2.0,169,1.2011997699737549,0,0.0,0,0.0,0,11.681159019470215,2,7
SH,Mamba,137,247,181,181,18.1,0.39599233865737915,0.4618631899356842,3.4779491424560547,4.487727165222168,0.9529972076416016,0,-1,1,88,0.4861878453038674,2.0,181,1.742626667022705,0,0.0,0,0.0,0,2.2101309299468994,2,7
SH,Mamba,137,248,140,140,14.0,0.20946066081523895,0.26321280002593994,3.3526084423065186,4.184675216674805,0.6605913639068604,0,-1,1,140,1.0,2.0,140,1.0601011514663696,0,0.0,0,0.0,0,20.767961502075195,0,5
SH,Mamba,137,249,255,255,25.5,0.3266488015651703,0.3942917287349701,2.881281614303589,3.832401990890503,0.5184434056282043,0,-1,1,220,0.8627450980392157,2.0,255,1.399274230003357,0,0.0,0,0.0,0,26.43440055847168,2,7
SH,Mamba,137,250,304,304,30.400000000000002,0.3178328275680542,0.42335689067840576,2.4860734939575195,3.426452875137329,0.601956844329834,1,292,1,203,0.6677631578947368,2.0,292,0.0,0,0.0,0,0.0,0,0.0,0,5
SH,Mamba,137,251,220,220,22.0,0.458194375038147,0.6847790479660034,1.3132473230361938,1.7667722702026367,0.6304434537887573,1,213,1,213,0.9681818181818181,2.0,213,0.0,0,0.0,0,0.0,0,0.0,1,6
SH,Mamba,137,252,134,134,13.4,0.2353094518184662,0.28760796785354614,5.339273452758789,6.494509696960449,0.8079108595848083,0,-1,1,6,0.04477611940298507,2.0,134,1.9975401163101196,0,0.0,0,0.0,0,13.260123252868652,1,6
SH,Mamba,137,253,300,300,30.0,0.2205887883901596,0.30918559432029724,2.994744062423706,4.378812313079834,0.6450255513191223,0,-1,1,300,1.0,2.0,300,0.6918986439704895,0,0.0,0,0.0,0,16.012479782104492,2,7
SH,Mamba,137,254,349,349,34.9,0.22227296233177185,0.26748982071876526,9.236202239990234,12.431706428527832,0.8459416627883911,0,-1,1,250,0.7163323782234957,2.0,349,1.1617385149002075,0,0.0,0,0.0,0,9.448375701904297,1,6
SH,Mamba,137,255,149,149,14.9,0.17425581812858582,0.2012898176908493,2.449209690093994,2.7146992683410645,0.4181255102157593,0,-1,1,149,1.0,2.0,149,1.0037144422531128,0,0.0,0,0.0,0,13.090885162353516,0,5
SH,Mamba,137,256,303,303,30.3,0.13609613478183746,0.17587141692638397,12.145249366760254,13.814714431762695,0.5411651134490967,0,-1,1,238,0.7854785478547854,2.0,303,1.36323881149292,0,0.0,0,0.0,0,7.604339122772217,0,5
SH,Mamba,137,257,136,136,13.600000000000001,0.4034046232700348,0.49520012736320496,7.723377227783203,11.3333101272583,2.1184399127960205,0,-1,0,0,0.0,2.0,136,6.155282497406006,0,0.0,0,0.0,0,16.70230484008789,0,5
SH,Mamba,137,258,228,228,22.8,0.3427622616291046,0.4172261357307434,2.758704423904419,3.9729936122894287,0.43096598982810974,0,-1,1,228,1.0,2.0,228,0.9433891773223877,0,0.0,0,0.0,0,9.001495361328125,0,5
SH,Mamba,137,259,133,133,13.3,0.2061326503753662,0.24114441871643066,3.2769837379455566,4.519497871398926,0.785189688205719,0,-1,1,38,0.2857142857142857,2.0,133,1.812590479850769,0,0.0,0,0.0,0,38.44633102416992,2,7
SH,Mamba,137,260,308,308,30.8,0.1514343023300171,0.18252253532409668,1.893496036529541,2.2045116424560547,0.2780681252479553,0,-1,1,13,0.04220779220779221,2.0,308,1.9799389839172363,0,0.0,0,0.0,0,55.966949462890625,0,5
SH,Mamba,137,261,186,186,18.6,0.33400827646255493,0.5386216044425964,8.568181037902832,10.328645706176758,1.0376225709915161,0,-1,1,186,1.0,2.0,186,0.5133849382400513,0,0.0,0,0.0,0,7.953478813171387,1,6
SH,Mamba,137,262,500,500,50.0,0.23578117787837982,0.371220201253891,2.597013235092163,3.1354970932006836,0.37198442220687866,0,-1,1,500,1.0,2.0,500,0.9703401923179626,0,0.0,0,0.0,0,4.021115303039551,0,5
SH,Mamba,137,263,291,291,29.1,0.257851243019104,0.31791988015174866,13.943690299987793,17.313814163208008,0.986986517906189,0,-1,1,185,0.6357388316151202,2.0,291,1.2645418643951416,0,0.0,0,0.0,0,29.728012084960938,1,6
SH,Mamba,137,264,133,133,13.3,0.3374719023704529,0.42054978013038635,2.3365566730499268,3.67862606048584,0.8243662118911743,0,-1,0,0,0.0,2.0,133,2.4646098613739014,0,0.0,0,0.0,0,8.59854793548584,0,5
SH,Mamba,137,265,449,449,44.900000000000006,0.3054511249065399,0.40107107162475586,6.755794525146484,9.95279312133789,0.7328046560287476,0,-1,1,449,1.0,2.0,449,1.1224318742752075,0,0.0,0,0.0,0,5.098496437072754,1,6
SH,Mamba,137,266,2076,2076,207.60000000000002,0.27672019600868225,0.3603132367134094,1.8791362047195435,2.2124969959259033,0.31597045063972473,0,-1,1,2046,0.9855491329479769,2.0,2076,0.45265212655067444,0,0.0,0,0.0,0,0.79015052318573,0,5
SH,Mamba,137,267,183,183,18.3,0.30202800035476685,0.4754530191421509,1.2977416515350342,1.624980092048645,0.48939719796180725,0,-1,1,42,0.22950819672131148,2.0,183,1.84488844871521,0,0.0,0,0.0,0,9.65107536315918,1,6
SH,Mamba,137,268,146,146,14.600000000000001,0.5378288626670837,0.6825828552246094,4.86320686340332,5.332062244415283,0.8838613629341125,1,131,1,131,0.8972602739726028,2.0,131,0.0,0,0.0,0,0.0,0,0.0,2,7
SH,Mamba,137,269,213,213,21.3,0.22200606763362885,0.30668124556541443,3.6004586219787598,4.612265110015869,0.5240029692649841,0,-1,1,169,0.7934272300469484,2.0,213,1.554169774055481,0,0.0,0,0.0,0,2.8089940547943115,0,5
SH,Mamba,137,270,279,279,27.900000000000002,0.40509533882141113,0.5649957656860352,1.1507811546325684,1.378261685371399,0.4278036653995514,0,-1,1,279,1.0,2.0,279,1.1541279554367065,0,0.0,0,0.0,0,5.242746829986572,1,6
SH,Mamba,137,271,159,159,15.9,0.37033191323280334,0.460149884223938,0.6488329768180847,0.7869640588760376,0.40755197405815125,0,-1,0,0,0.0,2.0,159,2.276128053665161,0,0.0,0,0.0,0,3.9674265384674072,0,5
SH,Mamba,137,272,139,139,13.9,0.28709709644317627,0.34602317214012146,2.7090301513671875,2.9832417964935303,0.36987411975860596,0,-1,0,0,0.0,2.0,139,2.1168277263641357,0,0.0,0,0.0,0,7.3563971519470215,1,6
SH,Mamba,137,273,139,139,13.9,0.33728861808776855,0.4844857156276703,4.409782409667969,5.3223748207092285,0.7805401682853699,0,-1,0,0,0.0,2.0,139,2.073781728744507,0,0.0,0,0.0,0,4.978781223297119,2,7
SH,Mamba,137,274,296,296,29.6,0.22503896057605743,0.32279935479164124,1.6296021938323975,1.9399925470352173,0.19915516674518585,0,-1,1,296,1.0,2.0,296,1.1734131574630737,0,0.0,0,0.0,0,9.297112464904785,1,6
SH,Mamba,137,275,303,303,30.3,0.2139335423707962,0.2448304444551468,13.498464584350586,15.445600509643555,1.1699787378311157,0,-1,1,291,0.9603960396039604,2.0,303,0.5071119070053101,0,0.0,0,0.0,0,14.59577465057373,1,6
SH,Mamba,137,276,488,488,48.800000000000004,0.2622268795967102,0.3480362296104431,2.9824419021606445,3.72450590133667,0.4019635319709778,0,-1,1,465,0.9528688524590164,2.0,488,1.1988834142684937,0,0.0,0,0.0,0,3.717268228530884,2,7
SH,Mamba,137,277,542,542,54.2,0.3334957957267761,0.4243253469467163,7.186129570007324,9.213237762451172,1.143596887588501,0,-1,1,71,0.13099630996309963,2.0,542,1.721695065498352,0,0.0,0,0.0,0,2.3462443351745605,2,7
SH,Mamba,137,278,569,569,56.900000000000006,0.2560303211212158,0.3566024899482727,1.5024524927139282,2.0268661975860596,0.3087771236896515,0,-1,1,569,1.0,2.0,569,0.2532987594604492,0,0.0,0,0.0,0,0.09249356389045715,1,6
SH,Mamba,137,279,593,593,59.300000000000004,0.30279091000556946,0.3983123004436493,1.2658697366714478,1.5240205526351929,0.32973137497901917,0,-1,1,536,0.9038785834738617,2.0,593,1.122643232345581,0,0.0,0,0.0,0,1.4244061708450317,1,6
SH,Mamba,137,280,147,147,14.700000000000001,0.28400918841362,0.35074582695961,1.9533147811889648,2.1022756099700928,0.18967951834201813,0,-1,1,147,1.0,2.0,147,0.3978671431541443,0,0.0,0,0.0,0,2.2948410511016846,0,5
SH,Mamba,137,281,261,261,26.1,0.2795998156070709,0.3975886404514313,0.8791275024414062,1.009914517402649,0.23930960893630981,1,259,1,259,0.9923371647509579,2.0,259,0.0,0,0.0,0,0.0,0,0.0,0,5
SH,Mamba,137,282,149,149,14.9,0.3191526234149933,0.3953723609447479,2.2004849910736084,2.5099527835845947,0.7114861607551575,0,-1,0,0,0.0,2.0,149,7.133978843688965,0,0.0,0,0.0,0,7.529772758483887,1,6
SH,Mamba,137,283,188,188,18.8,0.24209293723106384,0.30557629466056824,0.7943307757377625,0.9103889465332031,0.33142969012260437,0,-1,1,188,1.0,2.0,188,1.0081087350845337,0,0.0,0,0.0,0,16.236648559570312,1,6
SH,Mamba,137,284,331,331,33.1,0.341151624917984,0.4045863449573517,11.337630271911621,12.791842460632324,0.9827920794487,0,-1,1,257,0.7764350453172205,2.0,331,1.5777074098587036,0,0.0,0,0.0,0,25.849628448486328,0,5
SH,Mamba,137,285,406,406,40.6,0.27983689308166504,0.34787455201148987,2.4987473487854004,2.923815965652466,0.3387802541255951,0,-1,1,406,1.0,2.0,406,0.9818390607833862,0,0.0,0,0.0,0,2.6796135902404785,1,6
SH,Mamba,137,286,559,559,55.900000000000006,0.23241925239562988,0.29137352108955383,13.724762916564941,18.926698684692383,0.8840078711509705,0,-1,1,489,0.8747763864042933,2.0,559,0.8948693871498108,0,0.0,0,0.0,0,19.863271713256836,0,5
SH,Mamba,137,287,195,195,19.5,0.32590705156326294,0.39878222346305847,3.8594226837158203,4.231531143188477,0.48134666681289673,0,-1,0,0,0.0,2.0,195,3.604745626449585,0,0.0,0,0.0,0,4.2913055419921875,0,5
SH,Mamba,137,288,158,158,15.8,0.4097491502761841,0.5066747069358826,1.1242938041687012,1.351605772972107,0.4607183635234833,0,-1,1,158,1.0,2.0,158,0.42474284768104553,0,0.0,0,0.0,0,7.5224928855896,0,5
SH,Mamba,137,289,159,159,15.9,0.18907350301742554,0.23577915132045746,4.936341285705566,6.378751754760742,0.7950548529624939,0,-1,1,159,1.0,2.0,159,1.1986247301101685,0,0.0,0,0.0,0,18.0092716217041,1,6
SH,Mamba,137,290,176,176,17.6,0.2310388684272766,0.364523321390152,8.594932556152344,11.507816314697266,1.3853492736816406,0,-1,1,80,0.45454545454545453,2.0,176,1.1949418783187866,0,0.0,0,0.0,0,24.707889556884766,2,7
SH,Mamba,137,291,251,251,25.1,0.22218339145183563,0.27182817459106445,8.519901275634766,9.794547080993652,0.6488153338432312,0,-1,1,251,1.0,2.0,251,0.5215854644775391,0,0.0,0,0.0,0,9.082727432250977,1,6
SH,Mamba,137,292,165,165,16.5,0.31898191571235657,0.38988345861434937,2.3563144207000732,2.9293336868286133,0.9462360739707947,0,-1,1,101,0.6121212121212121,2.0,165,1.501439094543457,0,0.0,0,0.0,0,19.68459129333496,0,5
SH,Mamba,137,293,229,229,22.900000000000002,0.3885616064071655,0.5403903126716614,1.415551781654358,1.592020034790039,0.3994393050670624,0,-1,1,71,0.31004366812227074,2.0,229,1.8648266792297363,0,0.0,0,0.0,0,7.5997395515441895,2,7
SH,Mamba,137,294,521,521,52.1,0.22010912001132965,0.29019156098365784,1.2073280811309814,1.4091991186141968,0.1901412457227707,0,-1,1,447,0.8579654510556622,2.0,521,1.2720414400100708,0,0.0,0,0.0,0,5.311119079589844,0,5
SH,Mamba,137,295,134,134,13.4,0.22336210310459137,0.26539236307144165,1.3040246963500977,1.5785431861877441,0.48536545038223267,0,-1,0,0,0.0,2.0,134,2.7784194946289062,0,0.0,0,0.0,0,44.91653060913086,0,5
SH,Mamba,137,296,216,216,21.6,0.5031487941741943,0.5594598650932312,6.966391563415527,9.210729598999023,1.2605204582214355,0,-1,1,216,1.0,2.0,216,0.45185112953186035,0,0.0,0,0.0,0,11.995648384094238,2,7
SH,Mamba,137,297,145,145,14.5,0.28184714913368225,0.33643460273742676,1.6968896389007568,2.2340569496154785,0.5123435854911804,0,-1,0,0,0.0,2.0,145,3.5595598220825195,0,0.0,0,0.0,0,5.025028705596924,0,5
SH,Mamba,137,298,225,225,22.5,0.16033987700939178,0.2052471786737442,5.416289806365967,6.566646575927734,0.434243768453598,0,-1,1,225,1.0,2.0,225,0.5279521942138672,0,0.0,0,0.0,0,8.94783878326416,1,6
SH,Mamba,137,299,305,305,30.5,0.32254835963249207,0.4526893198490143,1.4797040224075317,1.8229933977127075,0.4632532298564911,0,-1,1,64,0.2098360655737705,2.0,305,1.7774029970169067,0,0.0,0,0.0,0,3.7801027297973633,1,6
SH,Mamba,137,300,249,249,24.900000000000002,0.3068467378616333,0.3924122452735901,0.8255901336669922,0.9189128875732422,0.35376638174057007,1,247,1,247,0.9919678714859438,2.0,247,0.0,0,0.0,0,0.0,0,0.0,0,5
SH,Mamba,137,301,492,492,49.2,0.4481811821460724,0.6084696650505066,5.439020156860352,6.256422996520996,1.0104559659957886,0,-1,1,29,0.05894308943089431,2.0,492,1.9369847774505615,0,0.0,0,0.0,0,5.691278457641602,1,6
SH,Mamba,137,302,339,339,33.9,0.18548737466335297,0.21641837060451508,1.559290885925293,2.0481271743774414,0.3820071518421173,0,-1,1,339,1.0,2.0,339,1.0450350046157837,0,0.0,0,0.0,0,19.376462936401367,1,6
SH,Mamba,137,303,318,318,31.8,0.27166947722435,0.3623998761177063,1.8651347160339355,2.342195510864258,0.49754759669303894,0,-1,1,318,1.0,2.0,318,1.3051339387893677,0,0.0,0,0.0,0,0.7824095487594604,2,7
SH,Mamba,137,304,206,206,20.6,0.2961674630641937,0.4018821120262146,0.5679207444190979,0.6720713973045349,0.21802125871181488,0,-1,1,206,1.0,2.0,206,1.3222324848175049,0,0.0,0,0.0,0,5.267347812652588,0,5
SH,Mamba,137,305,796,796,79.60000000000001,0.2038116455078125,0.26475992798805237,32.7324333190918,38.06998062133789,1.1940606832504272,0,-1,1,158,0.1984924623115578,2.0,796,1.6561857461929321,0,0.0,0,0.0,0,39.46135330200195,1,6
SH,Mamba,137,306,214,214,21.400000000000002,0.49629950523376465,0.6892937421798706,2.7332260608673096,3.7105367183685303,0.6712486743927002,1,191,1,191,0.8925233644859814,2.0,191,0.0,0,0.0,0,0.0,0,0.0,1,6
SH,Mamba,137,307,144,144,14.4,0.44673141837120056,0.630781352519989,3.5978078842163086,5.039669036865234,0.673384428024292,1,144,1,144,1.0,2.0,144,0.0,0,0.0,0,0.0,0,0.0,2,7
SH,Mamba,137,308,292,292,29.200000000000003,0.42309579253196716,0.5368870496749878,1.6691503524780273,3.1389904022216797,0.6888550519943237,0,-1,1,259,0.886986301369863,2.0,292,1.5007293224334717,0,0.0,0,0.0,0,4.206257343292236,2,7
SH,Mamba,137,309,143,143,14.3,0.21059264242649078,0.29517143964767456,1.067394495010376,1.4376263618469238,0.24504490196704865,0,-1,0,0,0.0,2.0,143,2.0525333881378174,0,0.0,0,0.0,0,1.2658392190933228,1,6
SH,Mamba,137,310,137,137,13.700000000000001,0.18633998930454254,0.24116991460323334,1.8002212047576904,2.1388370990753174,0.28058063983917236,0,-1,1,113,0.8248175182481752,2.0,137,1.659003734588623,0,0.0,0,0.0,0,6.366384983062744,2,7
SH,Mamba,137,311,804,804,80.4,0.26588332653045654,0.3396635949611664,3.3581299781799316,3.7440855503082275,0.30504101514816284,0,-1,1,646,0.8034825870646766,2.0,804,1.4831510782241821,0,0.0,0,0.0,0,6.052225112915039,0,5
SH,Mamba,137,312,146,146,14.600000000000001,0.6266025900840759,0.9518106579780579,2.889728546142578,3.662992477416992,1.4937986135482788,1,112,1,112,0.7671232876712328,2.0,112,0.0,0,0.0,0,0.0,0,0.0,0,5
SH,Mamba,137,313,337,337,33.7,0.43770867586135864,0.5695248246192932,7.41076135635376,8.895974159240723,1.2091935873031616,0,-1,1,337,1.0,2.0,337,0.49992358684539795,0,0.0,0,0.0,0,1.119154691696167,1,6
SH,Mamba,137,314,139,139,13.9,0.13438758254051208,0.17055858671665192,1.409350037574768,1.7304126024246216,0.30855998396873474,0,-1,1,80,0.5755395683453237,2.0,139,1.7345800399780273,0,0.0,0,0.0,0,28.31237030029297,0,5
SH,Mamba,137,315,310,310,31.0,0.21631422638893127,0.3058711290359497,3.849958658218384,4.299670219421387,0.3708527684211731,1,297,1,297,0.9580645161290322,2.0,297,0.0,0,0.0,0,0.0,0,0.0,2,7
SH,Mamba,137,316,135,135,13.5,0.2934069037437439,0.3284885287284851,4.355554580688477,4.944094181060791,0.6870543360710144,0,-1,0,0,0.0,2.0,135,2.127223014831543,0,0.0,0,0.0,0,12.681733131408691,2,7
SH,Mamba,137,317,245,245,24.5,0.3130590617656708,0.4070752263069153,6.982038497924805,9.529478073120117,0.876524031162262,0,-1,1,108,0.44081632653061226,2.0,245,1.7585909366607666,0,0.0,0,0.0,0,10.499959945678711,2,7
SH,Mamba,137,318,141,141,14.100000000000001,0.30055302381515503,0.3639184534549713,5.041155815124512,6.120790958404541,0.7365555167198181,0,-1,0,0,0.0,2.0,141,2.965407609939575,0,0.0,0,0.0,0,25.497182846069336,0,5
SH,Mamba,137,319,409,409,40.900000000000006,0.24397848546504974,0.3828474283218384,0.8250432014465332,1.100314736366272,0.3566562533378601,0,-1,1,409,1.0,2.0,409,0.2231452614068985,0,0.0,0,0.0,0,3.2151577472686768,2,7
SH,Mamba,137,320,180,180,18.0,0.3725568652153015,0.4605436623096466,2.306607723236084,2.4722514152526855,0.37644168734550476,0,-1,1,180,1.0,2.0,180,0.4155712425708771,0,0.0,0,0.0,0,0.583528459072113,1,6
SH,Mamba,137,321,418,418,41.800000000000004,0.34693586826324463,0.4474385380744934,4.887746810913086,5.734171390533447,0.6214486360549927,0,-1,1,418,1.0,2.0,418,1.0752110481262207,0,0.0,0,0.0,0,23.921796798706055,0,5
SH,Mamba,137,322,132,132,13.200000000000001,0.26072996854782104,0.3207045793533325,3.9585049152374268,5.24432373046875,0.8159205317497253,0,-1,1,132,1.0,2.0,132,1.540106177330017,0,0.0,0,0.0,0,25.635610580444336,2,7
SH,Mamba,137,323,268,268,26.8,0.45651015639305115,0.726105809211731,3.27370023727417,4.272714614868164,0.7241646647453308,0,-1,1,268,1.0,2.0,268,0.7312974333763123,0,0.0,0,0.0,0,1.3848508596420288,1,6
SH,Mamba,137,324,324,324,32.4,0.3955693542957306,0.5026980638504028,4.46251916885376,4.876020908355713,0.563601553440094,1,284,1,284,0.8765432098765432,2.0,284,0.0,0,0.0,0,0.0,0,0.0,0,5
SH,Mamba,137,325,214,214,21.400000000000002,0.42514151334762573,0.5003538727760315,6.983724117279053,8.431168556213379,1.0208585262298584,0,-1,1,214,1.0,2.0,214,0.8554961085319519,0,0.0,0,0.0,0,1.5910754203796387,2,7
SH,Mamba,137,326,147,147,14.700000000000001,0.22950391471385956,0.3048849105834961,0.8279299736022949,1.0075864791870117,0.2528604567050934,0,-1,1,146,0.9931972789115646,2.0,147,0.6810069680213928,0,0.0,0,0.0,0,0.4736960232257843,1,6
SH,Mamba,137,327,169,169,16.900000000000002,0.22416971623897552,0.2767508924007416,2.220006227493286,2.579970121383667,0.243728905916214,0,-1,1,169,1.0,2.0,169,0.7187578082084656,0,0.0,0,0.0,0,9.724702835083008,1,6
SH,Mamba,137,328,147,147,14.700000000000001,0.20449422299861908,0.251200407743454,0.3498203158378601,0.44794923067092896,0.11557479202747345,0,-1,1,39,0.2653061224489796,2.0,147,1.6976771354675293,0,0.0,0,0.0,0,5.605752944946289,2,7
SH,Mamba,137,329,170,170,17.0,0.5810210704803467,0.6680099964141846,7.412510871887207,8.275062561035156,1.1407439708709717,0,-1,0,0,0.0,2.0,170,2.8436920642852783,0,0.0,0,0.0,0,13.807416915893555,1,6
SH,Mamba,137,330,732,732,73.2,0.2615887522697449,0.3356322646141052,4.331392288208008,5.540375709533691,0.5374938249588013,0,-1,1,75,0.10245901639344263,2.0,732,1.8428857326507568,0,0.0,0,0.0,0,17.40938949584961,0,5
SH,Mamba,137,331,235,235,23.5,0.13351520895957947,0.1625651866197586,2.994563341140747,3.393242120742798,0.12032001465559006,0,-1,1,185,0.7872340425531915,2.0,235,0.05596764385700226,0,0.0,0,0.0,0,0.03151538223028183,0,5
SH,Mamba,137,332,183,183,18.3,0.33401045203208923,0.4247540235519409,1.7922170162200928,2.1956393718719482,0.4413630962371826,0,-1,1,44,0.24043715846994534,2.0,183,1.8046135902404785,0,0.0,0,0.0,0,2.370068311691284,0,5
SH,Mamba,137,333,525,525,52.5,0.3248617947101593,0.42685452103614807,1.28965425491333,2.397374153137207,0.41478636860847473,0,-1,1,222,0.4228571428571429,2.0,525,1.468002200126648,0,0.0,0,0.0,0,4.885157585144043,0,5
SH,Mamba,137,334,496,496,49.6,0.34231507778167725,0.4366135597229004,7.783201694488525,9.969828605651855,0.8687180280685425,0,-1,1,106,0.21370967741935484,2.0,496,1.7340834140777588,0,0.0,0,0.0,0,11.287736892700195,0,5
SH,Mamba,137,335,141,141,14.100000000000001,0.31176844239234924,0.37605252861976624,1.8112659454345703,2.1089978218078613,0.4428987503051758,0,-1,1,97,0.6879432624113475,2.0,141,1.3957325220108032,0,0.0,0,0.0,0,2.870936155319214,2,7
SH,Mamba,137,336,533,533,53.300000000000004,0.26896998286247253,0.3352701663970947,1.642586588859558,2.083059549331665,0.36293619871139526,0,-1,1,386,0.724202626641651,2.0,533,1.1891396045684814,0,0.0,0,0.0,0,0.9647166728973389,2,7
SH,Mamba,137,337,223,223,22.3,0.21669071912765503,0.26974043250083923,4.716435432434082,5.957448959350586,0.5061634182929993,0,-1,1,223,1.0,2.0,223,1.2408603429794312,0,0.0,0,0.0,0,3.588782548904419,2,7
SH,Mamba,137,338,730,730,73.0,0.12659458816051483,0.16172577440738678,7.813962936401367,10.521814346313477,0.4921092391014099,0,-1,1,686,0.9397260273972603,2.0,730,1.384638786315918,0,0.0,0,0.0,0,24.681734085083008,2,7
SH,Mamba,137,339,200,200,20.0,0.3142087757587433,0.39671117067337036,1.2230373620986938,1.3191684484481812,0.21917007863521576,0,-1,1,200,1.0,2.0,200,1.0506937503814697,0,0.0,0,0.0,0,8.807538986206055,2,7
SH,Mamba,137,340,131,131,13.100000000000001,0.38075143098831177,0.480547696352005,3.298689603805542,3.774435043334961,0.6637260913848877,0,-1,1,25,0.19083969465648856,2.0,131,1.8831080198287964,0,0.0,0,0.0,0,1.8288841247558594,2,7
SH,Mamba,137,341,300,300,30.0,0.29043886065483093,0.3582044839859009,1.4960458278656006,1.7738311290740967,0.5490274429321289,0,-1,0,0,0.0,2.0,300,3.484114646911621,0,0.0,0,0.0,0,9.542804718017578,1,6
SH,Mamba,137,342,137,137,13.700000000000001,0.2761126458644867,0.3583323359489441,4.327525615692139,4.593625068664551,0.2657672166824341,0,-1,0,0,0.0,2.0,137,2.1554272174835205,0,0.0,0,0.0,0,6.997795104980469,0,5
SH,Mamba,137,343,268,268,26.8,0.1846478283405304,0.23578718304634094,1.6318432092666626,2.340604066848755,0.34120917320251465,0,-1,1,268,1.0,2.0,268,1.2451720237731934,0,0.0,0,0.0,0,15.688741683959961,0,5
SH,Mamba,137,344,219,219,21.900000000000002,0.25177574157714844,0.31085866689682007,0.828470766544342,1.421689510345459,0.2292655110359192,0,-1,1,198,0.9041095890410958,2.0,219,0.9264646768569946,0,0.0,0,0.0,0,1.1041405200958252,0,5
SH,Mamba,137,345,849,849,84.9,0.16072344779968262,0.20178382098674774,17.65334701538086,19.177474975585938,0.751684844493866,0,-1,1,559,0.6584216725559482,2.0,849,1.3759138584136963,0,0.0,0,0.0,0,26.952192306518555,2,7
SH,Mamba,137,346,192,192,19.200000000000003,0.12850801646709442,0.1599883735179901,4.751187324523926,5.955353736877441,0.5498342514038086,0,-1,1,192,1.0,2.0,192,0.7414854168891907,0,0.0,0,0.0,0,13.827631950378418,0,5
SH,Mamba,137,347,222,222,22.200000000000003,0.14578817784786224,0.18192946910858154,14.305877685546875,17.61906623840332,1.36350417137146,0,-1,1,222,1.0,2.0,222,0.9663071632385254,0,0.0,0,0.0,0,16.36026954650879,0,5
SH,Mamba,137,348,565,565,56.5,0.29599201679229736,0.36934447288513184,4.577414035797119,4.982050895690918,0.4897097945213318,0,-1,1,565,1.0,2.0,565,0.4781157076358795,0,0.0,0,0.0,0,2.8235440254211426,1,6
SH,Mamba,137,349,197,197,19.700000000000003,0.23597997426986694,0.30761584639549255,0.995259702205658,1.2478222846984863,0.4449622333049774,0,-1,1,197,1.0,2.0,197,1.2560492753982544,0,0.0,0,0.0,0,3.659709930419922,2,7
SH,Mamba,137,350,196,196,19.6,0.4257526397705078,0.5568694472312927,15.616705894470215,20.45578956604004,1.920490026473999,0,-1,1,25,0.12755102040816327,2.0,196,1.8961533308029175,0,0.0,0,0.0,0,18.036802291870117,2,7
SH,Mamba,137,351,259,259,25.900000000000002,0.21219852566719055,0.2855380177497864,8.181036949157715,9.134818077087402,0.6325167417526245,0,-1,1,259,1.0,2.0,259,0.8800626397132874,0,0.0,0,0.0,0,4.725710391998291,2,7
SH,Mamba,137,352,471,471,47.1,0.1335850954055786,0.16011841595172882,28.192668914794922,32.7865104675293,1.215387225151062,0,-1,1,225,0.47770700636942676,2.0,471,1.29804527759552,0,0.0,0,0.0,0,27.769378662109375,2,7
SH,Mamba,137,353,175,175,17.5,0.11588219553232193,0.1341201215982437,1.3526794910430908,1.5831875801086426,0.29282060265541077,0,-1,0,0,0.0,2.0,175,2.169306993484497,0,0.0,0,0.0,0,38.04563903808594,0,5
SH,Mamba,137,354,290,290,29.0,0.4173148572444916,0.5510913729667664,0.7644674777984619,0.9747224450111389,0.47658056020736694,0,-1,1,290,1.0,2.0,290,1.2924869060516357,0,0.0,0,0.0,0,4.561774730682373,1,6
SH,Mamba,137,355,461,461,46.1,0.37642157077789307,0.5178576707839966,1.9279556274414062,2.5106890201568604,0.47336387634277344,0,-1,1,461,1.0,2.0,461,0.9019556641578674,0,0.0,0,0.0,0,2.804715394973755,0,5
SH,Mamba,137,356,192,192,19.200000000000003,0.18686151504516602,0.24821098148822784,0.8882160186767578,1.7057298421859741,0.3644373416900635,0,-1,1,20,0.10416666666666667,2.0,192,1.6483526229858398,0,0.0,0,0.0,0,2.140697717666626,2,7
SH,Mamba,137,357,252,252,25.200000000000003,0.31437328457832336,0.40479928255081177,1.9170691967010498,2.287954092025757,0.6763317584991455,0,-1,1,252,1.0,2.0,252,0.9846015572547913,0,0.0,0,0.0,0,7.356424331665039,1,6
SH,Mamba,137,358,190,190,19.0,0.15917138755321503,0.18825387954711914,1.5115634202957153,1.69626784324646,0.43382692337036133,0,-1,1,190,1.0,2.0,190,0.6865785717964172,0,0.0,0,0.0,0,11.531393051147461,2,7
SH,Mamba,137,359,131,131,13.100000000000001,0.24642029404640198,0.30163925886154175,0.8167341947555542,1.122597336769104,0.34744992852211,0,-1,1,131,1.0,2.0,131,1.2715368270874023,0,0.0,0,0.0,0,14.91571044921875,0,5
SH,Mamba,137,360,459,459,45.900000000000006,0.5237666964530945,0.6738284826278687,5.118250846862793,6.046640872955322,3.4749202728271484,1,90,1,90,0.19607843137254902,2.0,90,0.0,0,0.0,0,0.0,0,0.0,2,7
SH,Mamba,137,361,354,354,35.4,0.22543475031852722,0.29500487446784973,9.955181121826172,12.29262638092041,0.9133164286613464,0,-1,1,204,0.576271186440678,2.0,354,1.4037038087844849,0,0.0,0,0.0,0,21.568653106689453,2,7
SH,Mamba,137,362,136,136,13.600000000000001,0.4056040346622467,0.5491158962249756,1.755456805229187,2.2847139835357666,0.45381295680999756,0,-1,1,136,1.0,2.0,136,1.0722846984863281,0,0.0,0,0.0,0,2.3437023162841797,1,6
SH,Mamba,137,363,1072,1072,107.2,0.40876060724258423,0.5506846904754639,6.392329216003418,7.051946640014648,9.944158554077148,1,123,1,123,0.11473880597014925,2.0,123,0.0,0,0.0,0,0.0,0,0.0,2,7
SH,Mamba,137,364,234,234,23.400000000000002,0.13905900716781616,0.1821536421775818,14.410331726074219,17.559612274169922,1.3852399587631226,0,-1,0,0,0.0,2.0,234,2.8859481811523438,0,0.0,0,0.0,0,8.889503479003906,1,6
SH,Mamba,137,365,542,542,54.2,0.21071374416351318,0.2554709017276764,4.056976318359375,4.771023750305176,0.3166593313217163,0,-1,1,542,1.0,2.0,542,0.8214420676231384,0,0.0,0,0.0,0,6.710257530212402,0,5
SH,Mamba,137,366,267,267,26.700000000000003,0.26407498121261597,0.3721776604652405,6.351090431213379,8.51888370513916,0.6406103372573853,0,-1,1,77,0.2883895131086142,2.0,267,1.909260630607605,0,0.0,0,0.0,0,28.08257293701172,1,6
SH,Mamba,137,367,166,166,16.6,0.33412230014801025,0.4153026044368744,0.8534836173057556,1.0293333530426025,0.4170255959033966,0,-1,1,166,1.0,2.0,166,0.15760529041290283,0,0.0,0,0.0,0,0.30589035153388977,0,5
SH,Mamba,137,368,215,215,21.5,0.2754284739494324,0.37421730160713196,4.452731609344482,5.43691349029541,0.6083551645278931,0,-1,1,186,0.8651162790697674,2.0,215,1.4130562543869019,0,0.0,0,0.0,0,31.53761100769043,0,5
SH,Mamba,137,369,211,211,21.1,0.19101941585540771,0.22185727953910828,2.2185540199279785,2.647568464279175,0.6715260148048401,0,-1,1,211,1.0,2.0,211,0.6328583359718323,0,0.0,0,0.0,0,5.769050121307373,1,6
SH,Mamba,137,370,1096,1096,109.60000000000001,0.4131584167480469,0.5234469771385193,1.7049041986465454,2.2809348106384277,0.5343061685562134,0,-1,1,1075,0.9808394160583942,2.0,1096,0.9215287566184998,0,0.0,0,0.0,0,1.848950982093811,1,6
SH,Mamba,137,371,647,647,64.7,0.23497438430786133,0.3024720847606659,3.8593859672546387,5.160900115966797,0.4872416853904724,0,-1,1,621,0.9598145285935085,2.0,647,1.0794154405593872,0,0.0,0,0.0,0,20.114727020263672,0,5
SH,Mamba,137,372,179,179,17.900000000000002,0.19373203814029694,0.22721633315086365,0.662110447883606,0.8396899104118347,0.17136357724666595,0,-1,0,0,0.0,2.0,179,2.5504355430603027,0,0.0,0,0.0,0,1.7110490798950195,1,6
SH,Mamba,137,373,235,235,23.5,0.30919528007507324,0.39329099655151367,1.9097391366958618,2.145843267440796,0.3729746639728546,0,-1,1,69,0.2936170212765957,2.0,235,1.765652060508728,0,0.0,0,0.0,0,10.465458869934082,1,6
SH,Mamba,137,374,440,440,44.0,0.117405965924263,0.1432245522737503,8.647300720214844,11.331684112548828,0.615620493888855,0,-1,1,166,0.37727272727272726,2.0,440,1.80023992061615,0,0.0,0,0.0,0,54.355995178222656,0,5
SH,Mamba,137,375,209,209,20.900000000000002,0.3364582359790802,0.5659449100494385,0.49731743335723877,0.8425235748291016,0.4156630337238312,0,-1,1,209,1.0,2.0,209,1.1558301448822021,0,0.0,0,0.0,0,3.168011426925659,1,6
SH,Mamba,137,376,147,147,14.700000000000001,0.28110161423683167,0.3845486044883728,0.4728671610355377,0.7854982614517212,0.4005957245826721,0,-1,1,147,1.0,2.0,147,1.1107755899429321,0,0.0,0,0.0,0,8.994138717651367,0,5
SH,Mamba,137,377,137,137,13.700000000000001,0.35269439220428467,0.4092977046966553,2.305199146270752,2.766547203063965,0.7986147403717041,0,-1,1,18,0.13138686131386862,2.0,137,1.9090720415115356,0,0.0,0,0.0,0,37.73786163330078,1,6
SH,Mamba,137,378,251,251,25.1,0.20807945728302002,0.267229288816452,3.835690975189209,4.357985019683838,0.5540890097618103,0,-1,0,0,0.0,2.0,251,2.0093588829040527,0,0.0,0,0.0,0,3.261680841445923,2,7
SH,Mamba,137,379,162,162,16.2,0.3201875686645508,0.48404496908187866,1.9085049629211426,2.2089035511016846,0.424748033285141,0,-1,0,0,0.0,2.0,162,2.9094786643981934,0,0.0,0,0.0,0,8.555398941040039,1,6
SH,Mamba,137,380,192,192,19.200000000000003,0.39859524369239807,0.4705531895160675,1.9048057794570923,2.1968767642974854,0.6666626334190369,0,-1,0,0,0.0,2.0,192,3.657109498977661,0,0.0,0,0.0,0,6.426292896270752,0,5
SH,Mamba,137,381,376,376,37.6,0.35075828433036804,0.4381349980831146,1.6557703018188477,1.9638773202896118,0.4789961874485016,0,-1,1,376,1.0,2.0,376,1.0182937383651733,0,0.0,0,0.0,0,11.372459411621094,0,5
SH,Mamba,137,382,217,217,21.700000000000003,0.3009609580039978,0.40108922123908997,2.333442211151123,3.1462178230285645,0.7091546058654785,0,-1,0,0,0.0,2.0,217,2.9439902305603027,0,0.0,0,0.0,0,3.403672218322754,1,6
SH,Mamba,137,383,216,216,21.6,0.3467293381690979,0.40902167558670044,1.4772874116897583,1.6340360641479492,0.3054395020008087,0,-1,1,216,1.0,2.0,216,1.280684232711792,0,0.0,0,0.0,0,5.354918479919434,1,6
SH,Mamba,137,384,155,155,15.5,0.226363867521286,0.28619346022605896,0.29832619428634644,0.4258236587047577,0.21027880907058716,0,-1,1,155,1.0,2.0,155,0.6081838607788086,0,0.0,0,0.0,0,11.695116996765137,1,6
SH,Mamba,137,385,154,154,15.4,0.31036874651908875,0.35851332545280457,7.2251152992248535,8.500345230102539,0.8839510679244995,0,-1,1,147,0.9545454545454546,2.0,154,1.234075903892517,0,0.0,0,0.0,0,24.617847442626953,2,7
SH,Mamba,137,386,246,246,24.6,0.2596185505390167,0.32209262251853943,3.409165859222412,4.297997951507568,0.5242120027542114,0,-1,1,244,0.991869918699187,2.0,246,1.4227248430252075,0,0.0,0,0.0,0,4.7646684646606445,2,7
SH,Mamba,137,387,383,383,38.300000000000004,0.27889105677604675,0.3590691089630127,1.7412621974945068,2.0734610557556152,0.4777155816555023,0,-1,1,352,0.9190600522193212,2.0,383,1.3396227359771729,0,0.0,0,0.0,0,5.517169952392578,1,6
SH,Mamba,137,388,239,239,23.900000000000002,0.24886587262153625,0.3333164155483246,4.279475688934326,5.220006465911865,0.4429668188095093,0,-1,0,0,0.0,2.0,239,2.458569049835205,0,0.0,0,0.0,0,16.06516456604004,2,7
SH,Mamba,137,389,477,477,47.7,0.24641501903533936,0.35288915038108826,1.6585495471954346,2.144244909286499,0.31885838508605957,0,-1,1,251,0.5262054507337526,2.0,477,1.4238888025283813,0,0.0,0,0.0,0,11.409981727600098,1,6
SH,Mamba,137,390,140,140,14.0,0.25556790828704834,0.3550368547439575,4.591929912567139,5.060197830200195,0.4744172692298889,0,-1,1,140,1.0,2.0,140,0.6830167770385742,0,0.0,0,0.0,0,8.72127628326416,1,6
SH,Mamba,137,391,240,240,24.0,0.27045828104019165,0.33721500635147095,5.484574317932129,5.947932243347168,0.5936077237129211,0,-1,1,74,0.30833333333333335,2.0,240,1.9261845350265503,0,0.0,0,0.0,0,11.109857559204102,0,5
SH,Mamba,137,392,312,312,31.200000000000003,0.2611449658870697,0.3133963942527771,0.7593912482261658,1.0417040586471558,0.3532155752182007,0,-1,1,45,0.14423076923076922,2.0,312,1.7580773830413818,0,0.0,0,0.0,0,2.4337496757507324,2,7
SH,Mamba,137,393,143,143,14.3,0.16869540512561798,0.2254623919725418,3.5908472537994385,4.364133834838867,0.5233791470527649,0,-1,1,143,1.0,2.0,143,0.8231204152107239,0,0.0,0,0.0,0,13.622857093811035,2,7
SH,Mamba,137,394,170,170,17.0,0.4222199022769928,0.4986826777458191,4.214909076690674,4.715975761413574,0.9788162112236023,0,-1,0,0,0.0,2.0,170,2.498128890991211,0,0.0,0,0.0,0,8.90367317199707,0,5
SH,Mamba,137,395,150,150,15.0,0.1535552591085434,0.19546689093112946,1.6772047281265259,2.1772096157073975,0.4159988760948181,0,-1,0,0,0.0,2.0,150,2.1280312538146973,0,0.0,0,0.0,0,1.1408137083053589,2,7
SH,Mamba,137,396,168,168,16.8,0.28548628091812134,0.3409573435783386,0.7410837411880493,0.8869464993476868,0.2770209014415741,0,-1,1,168,1.0,2.0,168,0.4036799371242523,0,0.0,0,0.0,0,0.38012397289276123,2,7
SH,Mamba,137,397,210,210,21.0,0.2421065866947174,0.3085797131061554,2.1814088821411133,2.7071337699890137,0.5150284767150879,0,-1,0,0,0.0,2.0,210,2.522512197494507,0,0.0,0,0.0,0,32.5201301574707,1,6
SH,Mamba,137,398,221,221,22.1,0.3572838008403778,0.44497963786125183,2.5010414123535156,3.751926898956299,0.5625963807106018,0,-1,1,221,1.0,2.0,221,0.8022569417953491,0,0.0,0,0.0,0,3.1853506565093994,0,5
SH,Mamba,137,399,155,155,15.5,0.34889495372772217,0.4277886748313904,1.8001112937927246,2.4039011001586914,0.6023597717285156,0,-1,1,155,1.0,2.0,155,1.0531256198883057,0,0.0,0,0.0,0,8.17913818359375,2,7
SH,Mamba,137,400,209,209,20.900000000000002,0.2937769591808319,0.3762933015823364,6.0426201820373535,7.325366973876953,0.5840311050415039,0,-1,1,202,0.9665071770334929,2.0,209,1.3188315629959106,0,0.0,0,0.0,0,5.833519458770752,2,7
SH,Mamba,137,401,140,140,14.0,0.14657624065876007,0.1827716827392578,0.7188931703567505,0.9493223428726196,0.23029784858226776,0,-1,0,0,0.0,2.0,140,2.091571807861328,0,0.0,0,0.0,0,8.561850547790527,2,7
SH,Mamba,137,402,566,566,56.6,0.18535619974136353,0.23945686221122742,2.3850269317626953,2.6760897636413574,0.18025405704975128,1,552,1,330,0.5830388692579506,2.0,552,0.0,0,0.0,0,0.0,0,0.0,0,5
SH,Mamba,137,403,139,139,13.9,0.11244045197963715,0.13773414492607117,2.3824832439422607,2.7687504291534424,0.29277724027633667,0,-1,1,70,0.5035971223021583,2.0,139,1.7360947132110596,0,0.0,0,0.0,0,29.79131317138672,1,6
SH,Mamba,137,404,241,241,24.1,0.16921761631965637,0.20787277817726135,1.3580875396728516,1.8406163454055786,0.4805610477924347,0,-1,1,241,1.0,2.0,241,0.7028356790542603,0,0.0,0,0.0,0,10.706132888793945,2,7
SH,Mamba,137,405,192,192,19.200000000000003,0.16322793066501617,0.20517200231552124,4.188632011413574,5.776064395904541,0.7830695509910583,0,-1,1,192,1.0,2.0,192,1.102446436882019,0,0.0,0,0.0,0,20.12511444091797,1,6
SH,Mamba,137,406,247,247,24.700000000000003,0.3033071756362915,0.36274319887161255,0.8376689553260803,1.1308847665786743,0.3303416669368744,0,-1,1,102,0.41295546558704455,2.0,247,1.638656497001648,0,0.0,0,0.0,0,4.068577289581299,1,6
SH,Mamba,137,407,253,253,25.3,0.39818230271339417,0.5221103429794312,2.8171379566192627,3.0717859268188477,0.5099353194236755,0,-1,1,253,1.0,2.0,253,0.9345690011978149,0,0.0,0,0.0,0,4.132416248321533,1,6
SH,Mamba,137,408,158,158,15.8,0.20988669991493225,0.28064683079719543,1.1881442070007324,1.5463590621948242,0.1676103174686432,1,152,1,152,0.9620253164556962,2.0,152,0.0,0,0.0,0,0.0,0,0.0,1,6
SH,Mamba,137,409,173,173,17.3,0.2923274636268616,0.3424692451953888,10.960066795349121,12.771697044372559,1.1383103132247925,0,-1,1,173,1.0,2.0,173,1.2759902477264404,0,0.0,0,0.0,0,14.881105422973633,2,7
SH,Mamba,137,410,202,202,20.200000000000003,0.4036977291107178,0.5373383164405823,2.5123417377471924,2.9864323139190674,0.6144731044769287,0,-1,1,89,0.4405940594059406,2.0,202,1.9295202493667603,0,0.0,0,0.0,0,9.49924087524414,1,6
SH,Mamba,137,411,184,184,18.400000000000002,0.19625937938690186,0.2653138041496277,6.787402153015137,7.745832920074463,0.6811739206314087,0,-1,1,180,0.9782608695652174,2.0,184,0.9846203923225403,0,0.0,0,0.0,0,21.782819747924805,0,5
SH,Mamba,137,412,142,142,14.200000000000001,0.84788978099823,1.0004774332046509,7.522860050201416,8.73151683807373,1.6849441528320312,1,102,1,102,0.7183098591549296,2.0,102,0.0,0,0.0,0,0.0,0,0.0,0,5
SH,Mamba,137,413,180,180,18.0,0.28813445568084717,0.39369410276412964,2.1585276126861572,2.295417308807373,0.37421509623527527,0,-1,1,180,1.0,2.0,180,0.6866580843925476,0,0.0,0,0.0,0,4.1178669929504395,1,6
SH,Mamba,137,414,222,222,22.200000000000003,0.3024301826953888,0.3664746582508087,2.2290220260620117,2.5778870582580566,0.41194966435432434,0,-1,1,222,1.0,2.0,222,0.8162602782249451,0,0.0,0,0.0,0,8.6677885055542,1,6
SH,Mamba,137,415,567,567,56.7,0.14873816072940826,0.20317761600017548,14.313733100891113,17.45809555053711,0.580538272857666,0,-1,1,567,1.0,2.0,567,0.7371416687965393,0,0.0,0,0.0,0,8.958253860473633,1,6
SH,Mamba,137,416,533,533,53.300000000000004,0.4477117359638214,0.6167749762535095,1.2947343587875366,1.5909303426742554,0.4573337435722351,0,-1,1,480,0.900562851782364,2.0,533,0.6598702073097229,0,0.0,0,0.0,0,1.7672666311264038,0,5
SH,Mamba,137,417,181,181,18.1,0.3414950668811798,0.3948113024234772,6.0989274978637695,8.150897979736328,0.8372552394866943,0,-1,0,0,0.0,2.0,181,2.6795475482940674,0,0.0,0,0.0,0,14.319077491760254,2,7
SH,Mamba,137,418,198,198,19.8,0.38168489933013916,0.5071479082107544,1.8783107995986938,2.6340668201446533,0.5512354969978333,0,-1,1,198,1.0,2.0,198,1.3108325004577637,0,0.0,0,0.0,0,5.823143482208252,2,7
SH,Mamba,137,419,133,133,13.3,0.21844255924224854,0.26926568150520325,1.1336848735809326,1.3846476078033447,0.454065203666687,0,-1,1,92,0.6917293233082706,2.0,133,1.4199734926223755,0,0.0,0,0.0,0,28.299945831298828,1,6
SH,Mamba,137,420,132,132,13.200000000000001,0.2852739095687866,0.338180273771286,1.4676753282546997,1.7913182973861694,0.6472841501235962,0,-1,1,132,1.0,2.0,132,0.7177239656448364,0,0.0,0,0.0,0,7.11155366897583,0,5
SH,Mamba,137,421,140,140,14.0,0.22225570678710938,0.2463318556547165,6.7119550704956055,8.93240737915039,1.4590167999267578,0,-1,1,52,0.37142857142857144,2.0,140,1.8848978281021118,0,0.0,0,0.0,0,32.79359436035156,0,5
SH,Mamba,137,422,417,417,41.7,0.3104102909564972,0.40000978112220764,1.1418825387954712,1.3167296648025513,0.31822746992111206,0,-1,1,313,0.750599520383693,2.0,417,1.4120063781738281,0,0.0,0,0.0,0,1.0333304405212402,1,6
SH,Mamba,137,423,186,186,18.6,0.3904193639755249,0.48363715410232544,1.2406959533691406,1.7626478672027588,0.3635094463825226,0,-1,1,186,1.0,2.0,186,1.1920660734176636,0,0.0,0,0.0,0,7.120128154754639,0,5
SH,Mamba,137,424,209,209,20.900000000000002,0.14722482860088348,0.1947305053472519,5.568351745605469,6.901934623718262,0.7656604647636414,0,-1,1,209,1.0,2.0,209,1.014315128326416,0,0.0,0,0.0,0,18.28704071044922,0,5
SH,Mamba,137,425,215,215,21.5,0.24939990043640137,0.3208189010620117,1.5871367454528809,1.7435734272003174,0.25115424394607544,1,213,1,106,0.4930232558139535,2.0,213,0.0,0,0.0,0,0.0,0,0.0,1,6
SH,Mamba,137,426,613,613,61.300000000000004,0.3019227385520935,0.39555615186691284,12.357508659362793,15.323210716247559,0.8886572122573853,0,-1,0,0,0.0,2.0,613,2.481996774673462,0,0.0,0,0.0,0,2.287681818008423,0,5
SH,Mamba,137,427,224,224,22.400000000000002,0.35347241163253784,0.49314069747924805,2.6563754081726074,4.469716548919678,0.6118143200874329,0,-1,1,208,0.9285714285714286,2.0,224,1.2987147569656372,0,0.0,0,0.0,0,4.610437393188477,0,5
SH,Mamba,137,428,171,171,17.1,0.3812825083732605,0.46209716796875,1.1021381616592407,1.3009154796600342,0.5163305401802063,0,-1,1,171,1.0,2.0,171,0.21549755334854126,0,0.0,0,0.0,0,0.2876990735530853,0,5
SH,Mamba,137,429,317,317,31.700000000000003,0.25583335757255554,0.36335381865501404,4.487574100494385,5.5681257247924805,0.6676964163780212,1,313,1,313,0.9873817034700315,2.0,313,0.0,0,0.0,0,0.0,0,0.0,2,7
SH,Mamba,137,430,150,150,15.0,0.27983415126800537,0.3691661059856415,1.3720991611480713,1.722518801689148,0.34501734375953674,0,-1,0,0,0.0,2.0,150,2.534271478652954,0,0.0,0,0.0,0,3.2362799644470215,0,5
SH,Mamba,137,431,721,721,72.10000000000001,0.18881972134113312,0.22913897037506104,3.1939868927001953,4.037705421447754,0.37906014919281006,0,-1,1,688,0.9542302357836339,2.0,721,1.0741112232208252,0,0.0,0,0.0,0,12.831942558288574,2,7
SH,Mamba,137,432,912,912,91.2,0.24079075455665588,0.30842122435569763,2.8628365993499756,4.023470878601074,0.43152090907096863,0,-1,1,588,0.6447368421052632,2.0,912,1.4598764181137085,0,0.0,0,0.0,0,10.507606506347656,1,6
SH,Mamba,137,433,248,248,24.8,0.250834584236145,0.31113705039024353,1.070408821105957,1.27370285987854,0.29086852073669434,0,-1,1,190,0.7661290322580645,2.0,248,1.3576908111572266,0,0.0,0,0.0,0,1.1199527978897095,1,6
SH,Mamba,137,434,158,158,15.8,0.21825392544269562,0.26602187752723694,1.570260763168335,1.9601757526397705,0.44010496139526367,0,-1,1,20,0.12658227848101267,2.0,158,1.9277732372283936,0,0.0,0,0.0,0,0.9892579317092896,2,7
SH,Mamba,137,435,202,202,20.200000000000003,0.20438198745250702,0.2389918863773346,0.7834708094596863,1.03602933883667,0.2221783697605133,0,-1,1,202,1.0,2.0,202,0.9077169299125671,0,0.0,0,0.0,0,2.9911656379699707,2,7
SH,Mamba,137,436,1005,1005,100.5,0.1674615442752838,0.2270916998386383,1.7419754266738892,1.9807871580123901,0.22818368673324585,0,-1,1,1005,1.0,2.0,1005,0.7241685390472412,0,0.0,0,0.0,0,1.364780306816101,0,5
SH,Mamba,137,437,787,787,78.7,0.25927701592445374,0.33986908197402954,34.091346740722656,48.37338638305664,1.4463613033294678,0,-1,1,225,0.28589580686149935,2.0,787,1.4625681638717651,0,0.0,0,0.0,0,2.82454514503479,2,7
SH,Mamba,137,438,222,222,22.200000000000003,0.12501977384090424,0.15400353074073792,11.256936073303223,14.261960983276367,1.1808216571807861,0,-1,1,173,0.7792792792792793,2.0,222,1.2184098958969116,0,0.0,0,0.0,0,11.620320320129395,2,7
SH,Mamba,137,439,166,166,16.6,0.4995269775390625,0.5754995942115784,5.205837249755859,6.551930904388428,0.8705586791038513,0,-1,1,111,0.6686746987951807,2.0,166,1.7134077548980713,0,0.0,0,0.0,0,5.784107685089111,1,6
SH,Mamba,137,440,1236,1236,123.60000000000001,0.18914775550365448,0.2587215304374695,3.538093328475952,3.958885431289673,0.24709665775299072,0,-1,1,998,0.8074433656957929,2.0,1236,0.1461973339319229,0,0.0,0,0.0,0,0.13098232448101044,1,6
SH,Mamba,137,441,173,173,17.3,0.2541143000125885,0.29428377747535706,1.8146491050720215,2.2192578315734863,0.36639493703842163,0,-1,1,173,1.0,2.0,173,0.6322182416915894,0,0.0,0,0.0,0,2.7179861068725586,0,5
SH,Mamba,137,442,309,309,30.900000000000002,0.20965047180652618,0.2505325376987457,3.8659422397613525,4.754732608795166,0.5493436455726624,0,-1,1,309,1.0,2.0,309,0.6652848720550537,0,0.0,0,0.0,0,16.589834213256836,1,6
SH,Mamba,137,443,171,171,17.1,0.12466000020503998,0.17062050104141235,1.2642184495925903,1.7641342878341675,0.3658309876918793,0,-1,0,0,0.0,2.0,171,2.4904651641845703,0,0.0,0,0.0,0,52.98579406738281,1,6
SH,Mamba,137,444,186,186,18.6,0.4698977768421173,0.588601291179657,5.1442694664001465,6.425353527069092,0.6449886560440063,0,-1,1,162,0.8709677419354839,2.0,186,1.3145346641540527,0,0.0,0,0.0,0,3.379838228225708,1,6
SH,Mamba,137,445,175,175,17.5,0.3315829038619995,0.3905445337295532,12.547858238220215,15.09268569946289,1.3729454278945923,0,-1,1,175,1.0,2.0,175,1.5078117847442627,0,0.0,0,0.0,0,15.17344856262207,1,6
SH,Mamba,137,446,174,174,17.400000000000002,0.23414331674575806,0.2874234616756439,1.0238096714019775,1.2135591506958008,0.2508833408355713,0,-1,0,0,0.0,2.0,174,2.078325033187866,0,0.0,0,0.0,0,2.20536732673645,2,7
SH,Mamba,137,447,278,278,27.8,0.1649836003780365,0.22170217335224152,2.2525484561920166,2.631795883178711,0.2547045350074768,0,-1,0,0,0.0,2.0,278,2.277463436126709,0,0.0,0,0.0,0,3.7549784183502197,1,6
SH,Mamba,137,448,142,142,14.200000000000001,0.3283459544181824,0.43709033727645874,1.2005442380905151,1.3283284902572632,0.2323610782623291,0,-1,1,81,0.5704225352112676,2.0,142,1.4557157754898071,0,0.0,0,0.0,0,1.1652960777282715,1,6
SH,Mamba,137,449,212,212,21.200000000000003,0.4755774736404419,0.5930763483047485,2.409644603729248,2.7227635383605957,0.39074933528900146,0,-1,1,134,0.6320754716981132,2.0,212,1.5069644451141357,0,0.0,0,0.0,0,4.015584468841553,1,6
SH,Mamba,137,450,257,257,25.700000000000003,0.18054986000061035,0.24060405790805817,2.1448299884796143,2.504657745361328,0.25544729828834534,0,-1,1,257,1.0,2.0,257,0.7919178009033203,0,0.0,0,0.0,0,10.139607429504395,2,7
SH,Mamba,137,451,162,162,16.2,0.29658007621765137,0.3531401753425598,1.1049919128417969,1.5019607543945312,0.3558635115623474,0,-1,1,105,0.6481481481481481,2.0,162,1.4050655364990234,0,0.0,0,0.0,0,2.9141952991485596,2,7
SH,Mamba,137,452,573,573,57.300000000000004,0.14534789323806763,0.19347169995307922,4.276858329772949,4.580836772918701,0.3439215123653412,0,-1,1,573,1.0,2.0,573,1.0495505332946777,0,0.0,0,0.0,0,2.499776601791382,1,6
SH,Mamba,137,453,188,188,18.8,0.24692338705062866,0.308085173368454,5.674783706665039,6.970324993133545,0.7491021752357483,0,-1,0,0,0.0,2.0,188,2.8369994163513184,0,0.0,0,0.0,0,22.829160690307617,2,7
SH,Mamba,137,454,295,295,29.5,0.33453527092933655,0.39654481410980225,5.910322189331055,6.583189010620117,0.6110578179359436,0,-1,0,0,0.0,2.0,295,2.805152177810669,0,0.0,0,0.0,0,6.296224117279053,0,5
SH,Mamba,137,455,158,158,15.8,0.3194658160209656,0.40680521726608276,4.650263786315918,5.489687442779541,0.8948221206665039,0,-1,0,0,0.0,2.0,158,3.9405574798583984,0,0.0,0,0.0,0,68.90982055664062,0,5
SH,Mamba,137,456,394,394,39.400000000000006,0.27000725269317627,0.343767911195755,8.79180908203125,10.175318717956543,0.6515855193138123,0,-1,1,278,0.7055837563451777,2.0,394,1.2219401597976685,0,0.0,0,0.0,0,0.5085147023200989,1,6
SH,Mamba,137,457,221,221,22.1,0.27656853199005127,0.3654022812843323,16.480241775512695,21.71014404296875,1.8965709209442139,0,-1,0,0,0.0,2.0,221,2.4175548553466797,0,0.0,0,0.0,0,7.9256134033203125,1,6
SH,Mamba,137,458,152,152,15.200000000000001,0.4854945242404938,0.5881704688072205,9.362271308898926,10.656880378723145,1.0181713104248047,0,-1,0,0,0.0,2.0,152,2.4746789932250977,0,0.0,0,0.0,0,21.191543579101562,2,7
SH,Mamba,137,459,207,207,20.700000000000003,0.35695886611938477,0.4359113574028015,11.134373664855957,12.5803804397583,0.9234874844551086,0,-1,1,207,1.0,2.0,207,1.127984642982483,0,0.0,0,0.0,0,7.512711048126221,1,6
SH,Mamba,137,460,430,430,43.0,0.2587539851665497,0.3319557309150696,2.875340461730957,3.9940996170043945,0.481557160615921,0,-1,1,430,1.0,2.0,430,0.7017653584480286,0,0.0,0,0.0,0,5.336612701416016,1,6
SH,Mamba,137,461,389,389,38.900000000000006,0.3417499363422394,0.47347888350486755,2.0734760761260986,2.676088571548462,0.47464820742607117,0,-1,1,251,0.6452442159383034,2.0,389,1.5686686038970947,0,0.0,0,0.0,0,6.632511615753174,0,5
SH,Mamba,137,462,442,442,44.2,0.170736163854599,0.24661973118782043,1.9668258428573608,2.3188905715942383,0.2936095595359802,0,-1,1,442,1.0,2.0,442,0.9997977018356323,0,0.0,0,0.0,0,4.665246486663818,1,6
SH,Mamba,137,463,183,183,18.3,0.3413606882095337,0.38929927349090576,5.071822166442871,6.206009864807129,1.1804523468017578,0,-1,1,183,1.0,2.0,183,1.1861618757247925,0,0.0,0,0.0,0,5.8626885414123535,1,6
SH,Mamba,137,464,408,408,40.800000000000004,0.1602483093738556,0.1923104077577591,1.9562180042266846,2.492065668106079,0.23011887073516846,0,-1,1,408,1.0,2.0,408,1.1822381019592285,0,0.0,0,0.0,0,6.613895416259766,0,5
SH,Mamba,137,465,167,167,16.7,0.2904414236545563,0.3751944899559021,3.512848138809204,3.7859318256378174,0.39328646659851074,0,-1,1,84,0.5029940119760479,2.0,167,1.7226530313491821,0,0.0,0,0.0,0,2.0849146842956543,1,6
SH,Mamba,137,466,220,220,22.0,0.47946175932884216,0.5876750349998474,3.3777055740356445,5.4099345207214355,0.8309507369995117,0,-1,1,172,0.7818181818181819,2.0,220,1.3639742136001587,0,0.0,0,0.0,0,6.461394786834717,1,6
SH,Mamba,137,467,170,170,17.0,0.3489970564842224,0.42870163917541504,5.281152725219727,6.20685338973999,0.7792413830757141,0,-1,1,170,1.0,2.0,170,1.485595941543579,0,0.0,0,0.0,0,5.643155097961426,1,6
SH,Mamba,137,468,155,155,15.5,0.34922489523887634,0.462886244058609,3.3899800777435303,3.6919031143188477,0.5101189613342285,0,-1,1,151,0.9741935483870968,2.0,155,1.4421555995941162,0,0.0,0,0.0,0,5.079942226409912,0,5
SH,Mamba,137,469,204,204,20.400000000000002,0.09530731290578842,0.12156279385089874,3.9730610847473145,4.956315517425537,0.4762464463710785,0,-1,1,56,0.27450980392156865,2.0,204,0.8314312696456909,0,0.0,0,0.0,0,21.64634132385254,1,6
SH,Mamba,137,470,293,293,29.3,0.24918633699417114,0.3265068233013153,2.439749240875244,3.117999792098999,0.406123548746109,0,-1,1,256,0.8737201365187713,2.0,293,1.411283016204834,0,0.0,0,0.0,0,4.039226055145264,0,5
SH,Mamba,137,471,451,451,45.1,0.3031582832336426,0.41480591893196106,5.870406627655029,7.361670017242432,0.6624718904495239,0,-1,1,451,1.0,2.0,451,0.9762154221534729,0,0.0,0,0.0,0,0.685987651348114,1,6
SH,Mamba,137,472,362,362,36.2,0.22516874969005585,0.27247974276542664,1.6560721397399902,1.9046893119812012,0.18345871567726135,1,350,1,311,0.8591160220994475,2.0,350,0.0,0,0.0,0,0.0,0,0.0,1,6
SH,Mamba,137,473,319,319,31.900000000000002,0.2795829772949219,0.33934372663497925,1.41366446018219,1.8461966514587402,0.37081366777420044,0,-1,1,319,1.0,2.0,319,1.0120435953140259,0,0.0,0,0.0,0,1.2565513849258423,0,5
SH,Mamba,137,474,174,174,17.400000000000002,0.4606208801269531,0.7120963335037231,8.0166015625,8.959197998046875,0.9269243478775024,0,-1,0,0,0.0,2.0,174,2.213336944580078,0,0.0,0,0.0,0,23.08051109313965,0,5
SH,Mamba,137,475,147,147,14.700000000000001,0.22423133254051208,0.2834635078907013,2.6664276123046875,3.1874914169311523,0.278193861246109,0,-1,1,20,0.1360544217687075,2.0,147,1.9448890686035156,0,0.0,0,0.0,0,12.089401245117188,1,6
SH,Mamba,137,476,154,154,15.4,0.32878878712654114,0.4637472331523895,2.6270158290863037,3.178525924682617,0.42901527881622314,0,-1,1,154,1.0,2.0,154,1.222545862197876,0,0.0,0,0.0,0,2.6349594593048096,0,5
SH,Mamba,137,477,157,157,15.700000000000001,0.22000040113925934,0.27926817536354065,1.1555290222167969,1.6199469566345215,0.4017062485218048,0,-1,1,157,1.0,2.0,157,1.4257904291152954,0,0.0,0,0.0,0,9.875836372375488,0,5
SH,Mamba,137,478,207,207,20.700000000000003,0.49104154109954834,0.6429054737091064,2.0608649253845215,2.322097063064575,0.5845813751220703,0,-1,1,132,0.6376811594202898,2.0,207,1.706308126449585,0,0.0,0,0.0,0,4.31715202331543,2,7
SH,Mamba,137,479,183,183,18.3,0.3442457318305969,0.44020670652389526,4.281795501708984,5.102276802062988,0.5275877118110657,0,-1,1,101,0.5519125683060109,2.0,183,1.8278253078460693,0,0.0,0,0.0,0,7.720240592956543,2,7
SH,Mamba,137,480,333,333,33.300000000000004,0.46734288334846497,0.5749289393424988,2.016549587249756,2.9610579013824463,0.6023120284080505,0,-1,1,333,1.0,2.0,333,0.5487942099571228,0,0.0,0,0.0,0,2.787891387939453,0,5
SH,Mamba,137,481,436,436,43.6,0.279539555311203,0.3434847295284271,2.5366923809051514,4.4435811042785645,0.47389066219329834,0,-1,1,359,0.823394495412844,2.0,436,0.9918349385261536,0,0.0,0,0.0,0,1.4405488967895508,2,7
SH,Mamba,137,482,179,179,17.900000000000002,0.2342662215232849,0.29462000727653503,2.0387635231018066,2.320551872253418,0.251017689704895,0,-1,1,50,0.27932960893854747,2.0,179,1.7524545192718506,0,0.0,0,0.0,0,1.3616091012954712,2,7
SH,Mamba,137,483,188,188,18.8,0.16061453521251678,0.21588946878910065,0.8631629943847656,1.199212908744812,0.25994735956192017,0,-1,1,188,1.0,2.0,188,0.5842669606208801,0,0.0,0,0.0,0,15.904082298278809,0,5
SH,Mamba,137,484,597,597,59.7,0.24241319298744202,0.31106722354888916,3.30135178565979,4.300882816314697,0.5035584568977356,0,-1,1,558,0.9346733668341709,2.0,597,1.3587284088134766,0,0.0,0,0.0,0,1.4810341596603394,2,7
SH,Mamba,137,485,153,153,15.3,0.31739479303359985,0.41609635949134827,0.9095580577850342,1.0974358320236206,0.3556117117404938,0,-1,1,153,1.0,2.0,153,0.5710767507553101,0,0.0,0,0.0,0,6.80725622177124,1,6
SH,Mamba,137,486,230,230,23.0,0.2652755081653595,0.32020989060401917,4.016080856323242,4.4421186447143555,0.5190222263336182,0,-1,1,153,0.6652173913043479,2.0,230,1.7980483770370483,0,0.0,0,0.0,0,4.496836185455322,1,6
SH,Mamba,137,487,868,868,86.80000000000001,0.23172222077846527,0.2966569662094116,8.298003196716309,11.80819320678711,0.9228131175041199,0,-1,1,591,0.6808755760368663,2.0,868,1.3097832202911377,0,0.0,0,0.0,0,3.866133689880371,0,5
SH,Mamba,137,488,145,145,14.5,0.3522201478481293,0.43715521693229675,3.9783451557159424,4.872649669647217,0.6502618193626404,0,-1,1,85,0.5862068965517241,2.0,145,1.8140218257904053,0,0.0,0,0.0,0,7.848172664642334,1,6
SH,Mamba,137,489,316,316,31.6,0.2214520126581192,0.2832484841346741,2.5452377796173096,2.8559393882751465,0.28407377004623413,0,-1,1,316,1.0,2.0,316,0.2994110882282257,0,0.0,0,0.0,0,0.24750129878520966,1,6
SH,Mamba,137,490,210,210,21.0,0.2381575107574463,0.3673526644706726,2.0399138927459717,2.864670515060425,0.4047601521015167,0,-1,1,55,0.2619047619047619,2.0,210,1.5773677825927734,0,0.0,0,0.0,0,2.6007251739501953,2,7
SH,Mamba,137,491,147,147,14.700000000000001,0.31426945328712463,0.38190755248069763,0.8453240990638733,1.0369246006011963,0.1839643269777298,0,-1,1,99,0.673469387755102,2.0,147,1.0687077045440674,0,0.0,0,0.0,0,0.49905234575271606,2,7
SH,Mamba,137,492,181,181,18.1,0.25426584482192993,0.3112172484397888,3.5741937160491943,4.213601589202881,0.3722836971282959,0,-1,0,0,0.0,2.0,181,2.3962862491607666,0,0.0,0,0.0,0,6.267043113708496,0,5
SH,Mamba,137,493,157,157,15.700000000000001,0.45828476548194885,0.6061394214630127,1.651581048965454,2.037897825241089,0.8005886077880859,0,-1,1,157,1.0,2.0,157,0.9498559236526489,0,0.0,0,0.0,0,9.034385681152344,1,6
SH,Mamba,137,494,151,151,15.100000000000001,0.2129698544740677,0.2661220133304596,1.5029020309448242,2.266092300415039,0.4556539058685303,0,-1,1,151,1.0,2.0,151,0.9208528399467468,0,0.0,0,0.0,0,5.106899738311768,2,7
SH,Mamba,137,495,494,494,49.400000000000006,0.3271053433418274,0.44499120116233826,1.1782907247543335,1.559192419052124,0.37767019867897034,1,378,1,378,0.7651821862348178,2.0,378,0.0,0,0.0,0,0.0,0,0.0,2,7
SH,Mamba,137,496,132,132,13.200000000000001,0.2652500569820404,0.3172839879989624,9.870609283447266,13.133268356323242,2.1128058433532715,0,-1,1,132,1.0,2.0,132,1.1044267416000366,0,0.0,0,0.0,0,24.98996925354004,1,6
SH,Mamba,137,497,310,310,31.0,0.3438628911972046,0.45298025012016296,6.5055952072143555,8.045609474182129,0.9562677145004272,0,-1,0,0,0.0,2.0,310,2.622044324874878,0,0.0,0,0.0,0,8.87130355834961,0,5
SH,Mamba,137,498,239,239,23.900000000000002,0.21181020140647888,0.25666624307632446,3.000387668609619,4.090402126312256,0.5525140762329102,0,-1,1,239,1.0,2.0,239,0.6556141972541809,0,0.0,0,0.0,0,3.194596529006958,1,6
SH,Mamba,137,499,215,215,21.5,0.16211041808128357,0.20643781125545502,1.3411409854888916,1.4313390254974365,0.14507216215133667,1,213,1,213,0.9906976744186047,2.0,213,0.0,0,0.0,0,0.0,0,0.0,2,7
SH,Mamba,137,500,222,222,22.200000000000003,0.2630063593387604,0.33835023641586304,3.1415116786956787,4.026754379272461,0.35392245650291443,0,-1,1,79,0.35585585585585583,2.0,222,1.6963090896606445,0,0.0,0,0.0,0,2.631910562515259,0,5
SH,Mamba,137,501,327,327,32.7,0.2874596118927002,0.41570571064949036,1.946178913116455,2.617978096008301,0.4463547170162201,0,-1,1,327,1.0,2.0,327,0.9981158375740051,0,0.0,0,0.0,0,9.581031799316406,0,5
SH,Mamba,137,502,1595,1595,159.5,0.29524338245391846,0.36349430680274963,3.6927947998046875,4.446239948272705,1.4591821432113647,1,635,1,635,0.3981191222570533,2.0,635,0.0,0,0.0,0,0.0,0,0.0,2,7
SH,Mamba,137,503,323,323,32.300000000000004,0.20995935797691345,0.24967244267463684,2.999530792236328,3.7424120903015137,0.6384916305541992,0,-1,1,323,1.0,2.0,323,0.9007346034049988,0,0.0,0,0.0,0,15.903860092163086,2,7
SH,Mamba,137,504,257,257,25.700000000000003,0.42116305232048035,0.578723669052124,10.881555557250977,13.14560604095459,1.2913261651992798,0,-1,1,171,0.6653696498054474,2.0,257,1.6799826622009277,0,0.0,0,0.0,0,9.063555717468262,0,5
SH,Mamba,137,505,263,263,26.3,0.18403787910938263,0.2296796292066574,1.8282113075256348,2.8973543643951416,0.3994346559047699,0,-1,1,49,0.18631178707224336,2.0,263,1.6910642385482788,0,0.0,0,0.0,0,2.9091567993164062,0,5
SH,Mamba,137,506,363,363,36.300000000000004,0.2740776538848877,0.3672601878643036,2.3384287357330322,2.6384191513061523,0.9205991625785828,1,236,1,236,0.650137741046832,2.0,236,0.0,0,0.0,0,0.0,0,0.0,0,5
SH,Mamba,137,507,140,140,14.0,0.22564223408699036,0.2945232391357422,1.3023754358291626,1.5753387212753296,0.31988662481307983,0,-1,1,140,1.0,2.0,140,1.0743871927261353,0,0.0,0,0.0,0,3.6041300296783447,1,6
SH,Mamba,137,508,438,438,43.800000000000004,0.3811846077442169,0.4504804015159607,3.3748579025268555,4.609826564788818,0.7483150362968445,0,-1,1,410,0.9360730593607306,2.0,438,1.241531491279602,0,0.0,0,0.0,0,19.47109031677246,1,6
SH,Mamba,137,509,266,266,26.6,0.5086476802825928,0.6985673904418945,38.27305221557617,50.23158645629883,3.753793716430664,0,-1,0,0,0.0,2.0,266,2.0444562435150146,0,0.0,0,0.0,0,8.69092082977295,2,7
SH,Mamba,137,510,135,135,13.5,0.261537104845047,0.305460125207901,11.145885467529297,14.56900691986084,2.2900688648223877,0,-1,0,0,0.0,2.0,135,3.123103618621826,0,0.0,0,0.0,0,72.19332122802734,0,5
SH,Mamba,137,511,216,216,21.6,0.1669694185256958,0.20256203413009644,0.848587155342102,1.0660059452056885,0.2305688112974167,0,-1,1,103,0.47685185185185186,2.0,216,1.8709267377853394,0,0.0,0,0.0,0,13.642923355102539,2,7
SH,Mamba,137,512,139,139,13.9,0.19771477580070496,0.26178282499313354,0.7093648314476013,0.8410429954528809,0.2039525806903839,0,-1,0,0,0.0,2.0,139,4.253379821777344,0,0.0,0,0.0,0,6.133304595947266,2,7
SH,Mamba,137,513,143,143,14.3,0.1524001657962799,0.18833816051483154,3.250347375869751,3.902235984802246,0.2914653420448303,0,-1,1,143,1.0,2.0,143,1.0329982042312622,0,0.0,0,0.0,0,10.062485694885254,0,5
SH,Mamba,137,514,191,191,19.1,0.1477411389350891,0.18354454636573792,6.546947956085205,8.07162857055664,0.6602286100387573,0,-1,1,191,1.0,2.0,191,0.9613130688667297,0,0.0,0,0.0,0,8.481738090515137,0,5
SH,Mamba,137,515,259,259,25.900000000000002,0.22646334767341614,0.290863037109375,16.917236328125,20.935991287231445,1.4389914274215698,0,-1,0,0,0.0,2.0,259,2.698815107345581,0,0.0,0,0.0,0,52.18831253051758,1,6
SH,Mamba,137,516,188,188,18.8,0.3778669536113739,0.47224941849708557,2.1725547313690186,2.378530979156494,0.4358585476875305,0,-1,0,0,0.0,2.0,188,2.435589551925659,0,0.0,0,0.0,0,16.640424728393555,1,6
SH,Mamba,137,517,135,135,13.5,0.20509804785251617,0.27068373560905457,0.6817624568939209,0.9434356093406677,0.2014310210943222,0,-1,1,108,0.8,2.0,135,1.603987693786621,0,0.0,0,0.0,0,0.7450328469276428,1,6
SH,Mamba,137,518,285,285,28.5,0.3623671233654022,0.4388927221298218,6.76365327835083,7.925940036773682,1.3010766506195068,0,-1,1,274,0.9614035087719298,2.0,285,1.1624938249588013,0,0.0,0,0.0,0,16.954801559448242,1,6
SH,Mamba,137,519,840,840,84.0,0.2710845470428467,0.3391861021518707,11.723262786865234,13.030838966369629,0.8745449781417847,0,-1,1,840,1.0,2.0,840,0.1904633492231369,0,0.0,0,0.0,0,3.9892053604125977,0,5
SH,Mamba,137,520,215,215,21.5,0.3356447219848633,0.40518197417259216,5.770137786865234,6.4772725105285645,0.5985480546951294,0,-1,1,92,0.42790697674418604,2.0,215,1.8195375204086304,0,0.0,0,0.0,0,6.9477620124816895,0,5
SH,Mamba,137,521,141,141,14.100000000000001,0.4877643585205078,0.5644100904464722,3.731581211090088,4.5290679931640625,0.6015190482139587,0,-1,1,135,0.9574468085106383,2.0,141,1.5587974786758423,0,0.0,0,0.0,0,8.135018348693848,0,5
SH,Mamba,137,522,185,185,18.5,0.2932038903236389,0.4003579318523407,2.063697338104248,2.9454567432403564,0.46807923913002014,0,-1,1,185,1.0,2.0,185,0.9929533004760742,0,0.0,0,0.0,0,14.225614547729492,0,5
SH,Mamba,137,523,165,165,16.5,0.2232864797115326,0.2809595763683319,0.7241442799568176,0.9624473452568054,0.23889562487602234,0,-1,1,149,0.9030303030303031,2.0,165,1.3852847814559937,0,0.0,0,0.0,0,4.0280303955078125,1,6
SH,Mamba,137,524,136,136,13.600000000000001,0.18080928921699524,0.22686849534511566,4.206929683685303,5.819406509399414,0.9849321842193604,0,-1,1,136,1.0,2.0,136,1.4812411069869995,0,0.0,0,0.0,0,14.312214851379395,2,7
SH,Mamba,137,525,904,904,90.4,0.20506905019283295,0.26193955540657043,6.02081823348999,6.958173751831055,0.33225446939468384,0,-1,1,755,0.8351769911504425,2.0,904,1.030834436416626,0,0.0,0,0.0,0,1.2348048686981201,1,6
SH,Mamba,137,526,194,194,19.400000000000002,0.3621646761894226,0.44955259561538696,1.2220325469970703,1.4709422588348389,0.5835453867912292,0,-1,1,175,0.9020618556701031,2.0,194,1.038818597793579,0,0.0,0,0.0,0,3.5722692012786865,1,6
SH,Mamba,137,527,385,385,38.5,0.3377450108528137,0.46921950578689575,4.380593299865723,5.276188850402832,0.6672873497009277,0,-1,1,155,0.4025974025974026,2.0,385,1.5974125862121582,0,0.0,0,0.0,0,7.605861663818359,2,7
SH,Mamba,137,528,144,144,14.4,0.15119369328022003,0.19644324481487274,1.24666166305542,1.3643395900726318,0.18394261598587036,0,-1,1,144,1.0,2.0,144,1.3070461750030518,0,0.0,0,0.0,0,0.5581398010253906,2,7
SH,Mamba,137,529,193,193,19.3,0.3991253972053528,0.5696477293968201,5.528083324432373,7.006394386291504,0.7742477059364319,0,-1,0,0,0.0,2.0,193,2.0581538677215576,0,0.0,0,0.0,0,16.704708099365234,2,7
SH,Mamba,137,530,170,170,17.0,0.4160671830177307,0.5505373477935791,10.937045097351074,14.708292961120605,1.5290907621383667,0,-1,1,170,1.0,2.0,170,1.1401658058166504,0,0.0,0,0.0,0,21.67569923400879,2,7
SH,Mamba,137,531,205,205,20.5,0.31433239579200745,0.43872392177581787,1.233391523361206,1.4129189252853394,0.528697669506073,1,182,1,182,0.8878048780487805,2.0,182,0.0,0,0.0,0,0.0,0,0.0,0,5
SH,Mamba,137,532,277,277,27.700000000000003,0.3158830404281616,0.41563549637794495,2.0838210582733154,3.053722858428955,0.5213919878005981,0,-1,1,193,0.6967509025270758,2.0,277,1.7595722675323486,0,0.0,0,0.0,0,18.42728042602539,0,5
SH,Mamba,137,533,185,185,18.5,0.17079715430736542,0.2149156630039215,1.6784405708312988,1.9466636180877686,0.3203262388706207,0,-1,1,166,0.8972972972972973,2.0,185,1.4756896495819092,0,0.0,0,0.0,0,5.711596488952637,1,6
SH,Mamba,137,534,199,199,19.900000000000002,0.1496228277683258,0.17289169132709503,1.9989442825317383,2.201042652130127,0.2751557528972626,0,-1,0,0,0.0,2.0,199,2.7281477451324463,0,0.0,0,0.0,0,23.123764038085938,2,7
SH,Mamba,137,535,160,160,16.0,0.29406094551086426,0.4048670530319214,0.5663691163063049,0.7269071340560913,0.4141964316368103,0,-1,1,160,1.0,2.0,160,0.9492121338844299,0,0.0,0,0.0,0,5.416367053985596,1,6
SH,Mamba,137,536,197,197,19.700000000000003,0.28477755188941956,0.3587266206741333,3.601832628250122,4.854396820068359,0.8450328707695007,0,-1,1,197,1.0,2.0,197,1.653315782546997,0,0.0,0,0.0,0,11.290318489074707,0,5
SH,Mamba,137,537,221,221,22.1,0.33057811856269836,0.41458043456077576,2.075822353363037,2.5253398418426514,0.42949214577674866,0,-1,1,154,0.6968325791855203,2.0,221,1.57535982131958,0,0.0,0,0.0,0,7.6498188972473145,2,7
SH,Mamba,137,538,140,140,14.0,0.1901855617761612,0.23547595739364624,3.7181332111358643,4.719655990600586,0.6658112406730652,0,-1,0,0,0.0,2.0,140,2.3651349544525146,0,0.0,0,0.0,0,26.82491683959961,2,7
SH,Mamba,137,539,329,329,32.9,0.41920095682144165,0.5697044134140015,1.3048579692840576,1.6449310779571533,0.29209789633750916,0,-1,1,212,0.6443768996960486,2.0,329,0.6726988554000854,0,0.0,0,0.0,0,0.240861713886261,0,5
SH,Mamba,137,540,183,183,18.3,0.1468755155801773,0.16874974966049194,7.088100910186768,8.946282386779785,0.8116751313209534,0,-1,1,183,1.0,2.0,183,0.817703366279602,0,0.0,0,0.0,0,8.078723907470703,0,5
SH,Mamba,137,541,155,155,15.5,0.3215270936489105,0.40570780634880066,1.2384347915649414,1.5757969617843628,0.5163726210594177,0,-1,1,155,1.0,2.0,155,1.1355886459350586,0,0.0,0,0.0,0,10.977425575256348,1,6
SH,Mamba,137,542,140,140,14.0,0.5267728567123413,0.7437089085578918,5.248441219329834,5.926309585571289,0.7879701256752014,0,-1,1,49,0.35,2.0,140,1.7881138324737549,0,0.0,0,0.0,0,4.220128059387207,0,5
SH,Mamba,137,543,207,207,20.700000000000003,0.24909910559654236,0.3112149238586426,5.0364251136779785,6.490826606750488,0.6079952716827393,0,-1,1,59,0.28502415458937197,2.0,207,1.823515772819519,0,0.0,0,0.0,0,5.057894706726074,0,5
SH,Mamba,137,544,1538,1538,153.8,0.30738580226898193,0.4330454170703888,1.6842472553253174,2.5450046062469482,0.4199783205986023,0,-1,1,1538,1.0,2.0,1538,0.22713220119476318,0,0.0,0,0.0,0,0.21579837799072266,0,5
SH,Mamba,137,545,605,605,60.5,0.18175458908081055,0.23756445944309235,3.101377010345459,3.478792190551758,0.3832060396671295,0,-1,1,273,0.4512396694214876,2.0,605,1.584592580795288,0,0.0,0,0.0,0,7.581974029541016,0,5
SH,Mamba,137,546,433,433,43.300000000000004,0.33170244097709656,0.4405919015407562,3.96046781539917,4.328522205352783,0.48519089818000793,0,-1,1,433,1.0,2.0,433,0.41036900877952576,0,0.0,0,0.0,0,6.19366455078125,2,7
SH,Mamba,137,547,239,239,23.900000000000002,0.3300834000110626,0.4638938307762146,16.927656173706055,22.151020050048828,1.58836829662323,0,-1,0,0,0.0,2.0,239,2.729973554611206,0,0.0,0,0.0,0,39.835792541503906,2,7
SH,Mamba,137,548,276,276,27.6,0.1831665188074112,0.2291056215763092,13.440921783447266,17.612485885620117,1.1339153051376343,0,-1,1,124,0.4492753623188406,2.0,276,0.6226522326469421,0,0.0,0,0.0,0,15.280693054199219,2,7
SH,Mamba,137,549,388,388,38.800000000000004,0.3392781615257263,0.4836346209049225,1.1295952796936035,1.4350343942642212,0.39141646027565,0,-1,1,388,1.0,2.0,388,0.9521039128303528,0,0.0,0,0.0,0,2.615194797515869,0,5
SH,Mamba,137,550,473,473,47.300000000000004,0.6261309385299683,0.7219436168670654,4.4189677238464355,5.058750152587891,3.0344996452331543,1,185,1,185,0.39112050739957716,2.0,185,0.0,0,0.0,0,0.0,0,0.0,0,5
SH,Mamba,137,551,211,211,21.1,0.30587485432624817,0.3852032721042633,0.8401534557342529,1.0291622877120972,0.4547393321990967,0,-1,1,211,1.0,2.0,211,0.993717610836029,0,0.0,0,0.0,0,1.5066184997558594,2,7
SH,Mamba,137,552,532,532,53.2,0.3339095413684845,0.46402600407600403,1.0997289419174194,1.3142470121383667,0.3743015229701996,0,-1,1,532,1.0,2.0,532,0.222416952252388,0,0.0,0,0.0,0,0.15126940608024597,1,6
SH,Mamba,137,553,338,338,33.800000000000004,0.2061575949192047,0.2592712640762329,1.8892310857772827,2.204543113708496,0.2006169855594635,1,336,1,257,0.7603550295857988,2.0,336,0.0,0,0.0,0,0.0,0,0.0,1,6
SH,Mamba,137,554,252,252,25.200000000000003,0.21329110860824585,0.2690044939517975,3.7228832244873047,5.487876892089844,0.6042253375053406,0,-1,1,210,0.8333333333333334,2.0,252,0.5489714741706848,0,0.0,0,0.0,0,13.36577320098877,2,7
SH,Mamba,137,555,153,153,15.3,0.27783480286598206,0.31663259863853455,1.6928790807724,2.0117766857147217,0.4084078073501587,0,-1,1,153,1.0,2.0,153,0.9054412245750427,0,0.0,0,0.0,0,15.056220054626465,0,5
SH,Mamba,137,556,158,158,15.8,0.5003321766853333,0.6796857714653015,2.368535280227661,2.787721872329712,0.7463956475257874,0,-1,1,95,0.6012658227848101,2.0,158,1.6272927522659302,0,0.0,0,0.0,0,14.090331077575684,1,6
SH,Mamba,137,557,250,250,25.0,0.25259560346603394,0.30234238505363464,1.414478063583374,1.6271182298660278,0.3847600817680359,0,-1,1,250,1.0,2.0,250,1.1974143981933594,0,0.0,0,0.0,0,19.807830810546875,2,7
SH,Mamba,137,558,246,246,24.6,0.2417488396167755,0.323658287525177,15.849692344665527,18.616661071777344,1.2410836219787598,0,-1,1,42,0.17073170731707318,2.0,246,1.9323384761810303,0,0.0,0,0.0,0,39.53428649902344,0,5
SH,Mamba,137,559,779,779,77.9,0.2866579294204712,0.3428359031677246,3.474437952041626,4.0423359870910645,0.5213243365287781,0,-1,1,779,1.0,2.0,779,0.8815727233886719,0,0.0,0,0.0,0,4.590765476226807,1,6
SH,Mamba,137,560,501,501,50.1,0.23150689899921417,0.30025714635849,1.076947808265686,1.421924352645874,0.3278839886188507,0,-1,1,501,1.0,2.0,501,0.8996016383171082,0,0.0,0,0.0,0,4.551813125610352,1,6
SH,Mamba,137,561,139,139,13.9,0.4030402898788452,0.5795075297355652,6.742255210876465,7.968948841094971,0.8917093276977539,0,-1,1,139,1.0,2.0,139,0.5973654985427856,0,0.0,0,0.0,0,3.056674003601074,0,5
SH,Mamba,137,562,152,152,15.200000000000001,0.25708314776420593,0.30973830819129944,1.8125718832015991,2.351389169692993,0.4412156641483307,0,-1,0,0,0.0,2.0,152,3.1041924953460693,0,0.0,0,0.0,0,4.599169731140137,0,5
SH,Mamba,137,563,328,328,32.800000000000004,0.2071877419948578,0.2632489502429962,1.6059895753860474,1.8618429899215698,0.32280734181404114,0,-1,1,268,0.8170731707317073,2.0,328,1.4542675018310547,0,0.0,0,0.0,0,3.797544240951538,1,6
SH,Mamba,137,564,308,308,30.8,0.3055799603462219,0.3949483335018158,0.5008640885353088,0.6495201587677002,0.24591203033924103,0,-1,1,298,0.9675324675324676,2.0,308,1.072139859199524,0,0.0,0,0.0,0,0.5158057808876038,0,5
SH,Mamba,137,565,318,318,31.8,0.16324996948242188,0.20038112998008728,3.247546672821045,5.407151222229004,0.6962511539459229,0,-1,0,0,0.0,2.0,318,2.858168840408325,0,0.0,0,0.0,0,48.3463249206543,1,6
SH,Mamba,137,566,173,173,17.3,0.21296711266040802,0.2542662024497986,3.672553777694702,4.120553493499756,0.39655715227127075,0,-1,1,58,0.3352601156069364,2.0,173,1.8363919258117676,0,0.0,0,0.0,0,8.521254539489746,1,6
SH,Mamba,137,567,131,131,13.100000000000001,0.18505005538463593,0.21832309663295746,2.0363407135009766,3.260335683822632,0.7646397352218628,0,-1,1,131,1.0,2.0,131,0.8320975303649902,0,0.0,0,0.0,0,13.143633842468262,1,6
SH,Mamba,137,568,233,233,23.3,0.3997615575790405,0.5899685025215149,7.427876949310303,8.836200714111328,0.9715578556060791,0,-1,0,0,0.0,2.0,233,2.1004528999328613,0,0.0,0,0.0,0,10.114574432373047,0,5
SH,Mamba,137,569,453,453,45.300000000000004,0.24604161083698273,0.31970593333244324,1.6806585788726807,1.948879361152649,0.351209431886673,0,-1,1,453,1.0,2.0,453,0.5760965943336487,0,0.0,0,0.0,0,6.7031660079956055,2,7
SH,Mamba,137,570,709,709,70.9,0.30828192830085754,0.4138030707836151,3.088966131210327,4.138223171234131,0.5131722092628479,0,-1,1,688,0.9703808180535967,2.0,709,1.2070249319076538,0,0.0,0,0.0,0,4.063413619995117,2,7
SH,Mamba,137,571,158,158,15.8,0.38448214530944824,0.5215467214584351,4.3430914878845215,4.853414058685303,0.7141037583351135,0,-1,1,45,0.2848101265822785,2.0,158,1.8217796087265015,0,0.0,0,0.0,0,17.005813598632812,2,7
SH,Mamba,137,572,168,168,16.8,0.28337231278419495,0.3459797203540802,0.9178614020347595,1.369465947151184,0.3676759600639343,0,-1,1,168,1.0,2.0,168,0.8593985438346863,0,0.0,0,0.0,0,10.415627479553223,0,5
SH,Mamba,137,573,1151,1151,115.10000000000001,0.20876894891262054,0.25931277871131897,32.39072799682617,43.22724914550781,1.5275208950042725,0,-1,1,620,0.5386620330147698,2.0,1151,0.7749370336532593,0,0.0,0,0.0,0,14.122419357299805,0,5
SH,Mamba,137,574,398,398,39.800000000000004,0.2722538709640503,0.4101893901824951,5.908214569091797,8.368051528930664,1.0097472667694092,0,-1,1,294,0.7386934673366834,2.0,398,0.019000323489308357,0,0.0,0,0.0,0,0.07699757069349289,2,7
SH,Mamba,137,575,739,739,73.9,0.1620693951845169,0.20594920217990875,9.234338760375977,11.275083541870117,0.7155618071556091,0,-1,0,0,0.0,2.0,739,2.277756690979004,0,0.0,0,0.0,0,68.15803527832031,0,5
SH,Mamba,137,576,485,485,48.5,0.19212937355041504,0.23041975498199463,6.762742519378662,8.236258506774902,0.5953599214553833,0,-1,0,0,0.0,2.0,485,2.0057756900787354,0,0.0,0,0.0,0,14.84732723236084,1,6
SH,Mamba,137,577,862,862,86.2,0.17629969120025635,0.24796156585216522,3.797173023223877,4.166966915130615,0.2798158824443817,1,842,1,842,0.9767981438515081,2.0,842,0.0,0,0.0,0,0.0,0,0.0,1,6
SH,Mamba,137,578,136,136,13.600000000000001,0.20945313572883606,0.2426072359085083,1.3418164253234863,1.7125827074050903,0.2928186058998108,0,-1,0,0,0.0,2.0,136,2.542044162750244,0,0.0,0,0.0,0,2.1040468215942383,0,5
SH,Mamba,137,579,232,232,23.200000000000003,0.4792538285255432,0.5420207381248474,1.3174422979354858,1.5255643129348755,0.4124475121498108,0,-1,1,120,0.5172413793103449,2.0,232,1.5412616729736328,0,0.0,0,0.0,0,4.336509704589844,0,5
SH,Mamba,137,580,302,302,30.200000000000003,0.319683313369751,0.37359094619750977,1.5725716352462769,2.2667269706726074,0.6223713159561157,0,-1,1,60,0.1986754966887417,2.0,302,1.774704933166504,0,0.0,0,0.0,0,7.063056945800781,2,7
SH,Mamba,137,581,1057,1057,105.7,0.22517719864845276,0.3184622526168823,1.7762184143066406,2.3509013652801514,0.2886521816253662,0,-1,1,1057,1.0,2.0,1057,0.44219574332237244,0,0.0,0,0.0,0,0.31151872873306274,1,6
SH,Mamba,137,582,225,225,22.5,0.23483403027057648,0.28716543316841125,1.4865237474441528,2.521226644515991,0.44629916548728943,0,-1,1,46,0.20444444444444446,2.0,225,1.6400909423828125,0,0.0,0,0.0,0,1.7797911167144775,2,7
SH,Mamba,137,583,191,191,19.1,0.2882251739501953,0.3976595997810364,2.2241270542144775,3.21002459526062,0.5454556345939636,0,-1,1,191,1.0,2.0,191,1.1514785289764404,0,0.0,0,0.0,0,4.669595718383789,1,6
SH,Mamba,137,584,449,449,44.900000000000006,0.4606759548187256,0.5563885569572449,94.31332397460938,109.13844299316406,4.135406970977783,0,-1,0,0,0.0,2.0,449,5.504426002502441,0,0.0,0,0.0,0,45.54482650756836,2,7
SH,Mamba,137,585,141,141,14.100000000000001,0.317984938621521,0.4202985465526581,4.456898212432861,6.087340831756592,0.916878342628479,0,-1,0,0,0.0,2.0,141,2.2515883445739746,0,0.0,0,0.0,0,42.69334411621094,1,6
SH,Mamba,137,586,192,192,19.200000000000003,0.28227683901786804,0.40425682067871094,8.966141700744629,10.876968383789062,0.9255385994911194,0,-1,1,192,1.0,2.0,192,1.0625731945037842,0,0.0,0,0.0,0,10.629704475402832,2,7
SH,Mamba,137,587,182,182,18.2,0.5220218300819397,0.5974510312080383,10.02060604095459,12.02482795715332,1.3696744441986084,0,-1,0,0,0.0,2.0,182,2.2854678630828857,0,0.0,0,0.0,0,34.98543167114258,2,7
SH,Mamba,137,588,186,186,18.6,0.16650421917438507,0.19424216449260712,5.905274868011475,8.118659973144531,0.9761810898780823,0,-1,1,52,0.27956989247311825,2.0,186,1.441771149635315,0,0.0,0,0.0,0,29.151378631591797,2,7
SH,Mamba,137,589,1468,1468,146.8,0.18340902030467987,0.24216365814208984,2.6748032569885254,3.1270065307617188,0.281385600566864,0,-1,1,1464,0.997275204359673,2.0,1468,0.9570276737213135,0,0.0,0,0.0,0,3.416069269180298,2,7
SH,Mamba,137,590,351,351,35.1,0.17453506588935852,0.21381798386573792,7.895019054412842,8.983454704284668,0.48227229714393616,0,-1,1,36,0.10256410256410256,2.0,351,1.9736396074295044,0,0.0,0,0.0,0,25.656484603881836,1,6
SH,Mamba,137,591,154,154,15.4,0.24611468613147736,0.2871018052101135,6.487245082855225,7.822736740112305,1.0662695169448853,0,-1,1,142,0.922077922077922,2.0,154,1.2827529907226562,0,0.0,0,0.0,0,25.741012573242188,2,7
SH,Mamba,137,592,135,135,13.5,0.3177352547645569,0.4054001569747925,1.610959529876709,1.8120037317276,0.3376964330673218,0,-1,0,0,0.0,2.0,135,2.1537580490112305,0,0.0,0,0.0,0,15.290712356567383,2,7
SH,Mamba,137,593,146,146,14.600000000000001,0.24037784337997437,0.3055335581302643,2.4385645389556885,3.057424545288086,0.5560627579689026,0,-1,0,0,0.0,2.0,146,2.362300395965576,0,0.0,0,0.0,0,6.1820244789123535,1,6
SH,Mamba,137,594,236,236,23.6,0.196969673037529,0.24756544828414917,4.08971643447876,5.611953258514404,0.574608325958252,0,-1,1,236,1.0,2.0,236,1.300102949142456,0,0.0,0,0.0,0,15.920572280883789,2,7
SH,Mamba,137,595,271,271,27.1,0.2820725440979004,0.3658410310745239,1.3926559686660767,1.7778531312942505,0.4817107915878296,0,-1,1,271,1.0,2.0,271,1.171566128730774,0,0.0,0,0.0,0,19.025362014770508,2,7
SH,Mamba,137,596,260,260,26.0,0.49141672253608704,0.6759474277496338,1.869022250175476,2.8715107440948486,0.6999776363372803,0,-1,1,27,0.10384615384615385,2.0,260,1.5364513397216797,0,0.0,0,0.0,0,1.6853289604187012,0,5
SH,Mamba,137,597,169,169,16.900000000000002,0.19884037971496582,0.24546341598033905,0.6084599494934082,0.8607615828514099,0.20005890727043152,1,169,1,169,1.0,2.0,169,0.0,0,0.0,0,0.0,0,0.0,2,7
SH,Mamba,137,598,210,210,21.0,0.24270908534526825,0.3029559552669525,13.930329322814941,16.80181121826172,1.5086678266525269,0,-1,0,0,0.0,2.0,210,2.032550573348999,0,0.0,0,0.0,0,15.457795143127441,0,5
SH,Mamba,137,599,196,196,19.6,0.30033716559410095,0.3843531906604767,0.5908533334732056,0.8922551274299622,0.27779465913772583,0,-1,0,0,0.0,2.0,196,2.0321264266967773,0,0.0,0,0.0,0,5.748079299926758,0,5
SH,Mamba,137,600,208,208,20.8,0.3918185532093048,0.4581761062145233,3.746267080307007,5.914367198944092,0.9715443849563599,0,-1,1,208,1.0,2.0,208,0.8284793496131897,0,0.0,0,0.0,0,10.089019775390625,0,5
SH,Mamba,137,601,261,261,26.1,0.3690534830093384,0.47017574310302734,1.7616158723831177,1.9206119775772095,0.30590584874153137,1,258,1,258,0.9885057471264368,2.0,258,0.0,0,0.0,0,0.0,0,0.0,2,7
SH,Mamba,137,602,589,589,58.900000000000006,0.2842005789279938,0.3568486273288727,2.2163853645324707,2.479278564453125,0.2828657925128937,1,578,1,565,0.9592529711375212,2.0,578,0.0,0,0.0,0,0.0,0,0.0,0,5
SH,Mamba,137,603,161,161,16.1,0.29289400577545166,0.36420154571533203,6.860952854156494,9.954468727111816,1.51727294921875,0,-1,1,77,0.4782608695652174,2.0,161,1.9471023082733154,0,0.0,0,0.0,0,42.418575286865234,0,5
SH,Mamba,137,604,161,161,16.1,0.22530895471572876,0.27308017015457153,0.6402007937431335,0.9054552912712097,0.34312012791633606,0,-1,1,105,0.6521739130434783,2.0,161,1.428903341293335,0,0.0,0,0.0,0,3.774930000305176,1,6
SH,Mamba,137,605,132,132,13.200000000000001,0.403823584318161,0.7512702345848083,1.5813812017440796,1.9551821947097778,0.5115658640861511,0,-1,0,0,0.0,2.0,132,3.795076847076416,0,0.0,0,0.0,0,5.905420780181885,2,7
SH,Mamba,137,606,176,176,17.6,0.4237482249736786,0.5671975016593933,0.7598538994789124,0.9447519183158875,0.35604918003082275,0,-1,1,68,0.38636363636363635,2.0,176,1.4113799333572388,0,0.0,0,0.0,0,1.4076682329177856,0,5
SH,Mamba,137,607,260,260,26.0,0.1824837177991867,0.23020833730697632,1.2929970026016235,1.5701661109924316,0.320734441280365,0,-1,1,252,0.9692307692307692,2.0,260,1.1497923135757446,0,0.0,0,0.0,0,5.430227279663086,1,6
SH,Mamba,137,608,150,150,15.0,0.21011000871658325,0.26688870787620544,1.2107590436935425,1.3512074947357178,0.2836580276489258,0,-1,1,92,0.6133333333333333,2.0,150,1.4976361989974976,0,0.0,0,0.0,0,2.230801582336426,1,6
SH,Mamba,137,609,423,423,42.300000000000004,0.47951221466064453,0.6257951855659485,4.319199562072754,6.071346759796143,0.8897781372070312,0,-1,1,90,0.2127659574468085,2.0,423,1.6287134885787964,0,0.0,0,0.0,0,1.2848126888275146,2,7
SH,Mamba,137,610,260,260,26.0,0.16369128227233887,0.20543664693832397,12.548198699951172,15.57097053527832,1.0945485830307007,0,-1,1,158,0.6076923076923076,2.0,260,1.1553467512130737,0,0.0,0,0.0,0,24.156982421875,0,5
SH,Mamba,137,611,605,605,60.5,0.33745884895324707,0.4781337082386017,2.4222445487976074,2.704460620880127,0.4833110272884369,1,600,1,534,0.8826446280991735,2.0,600,0.0,0,0.0,0,0.0,0,0.0,1,6
SH,Mamba,137,612,259,259,25.900000000000002,0.5941973328590393,0.7417624592781067,19.838764190673828,23.290931701660156,2.6755731105804443,0,-1,1,259,1.0,2.0,259,0.7262380719184875,0,0.0,0,0.0,0,2.3606903553009033,2,7
SH,Mamba,137,613,346,346,34.6,0.2291935384273529,0.29658377170562744,2.5464813709259033,2.7304399013519287,0.2749515473842621,1,337,1,337,0.9739884393063584,2.0,337,0.0,0,0.0,0,0.0,0,0.0,1,6
SH,Mamba,137,614,431,431,43.1,0.22642651200294495,0.28761717677116394,8.001776695251465,8.834528923034668,0.3606486916542053,0,-1,1,431,1.0,2.0,431,0.2923622131347656,0,0.0,0,0.0,0,3.201427459716797,0,5
SH,Mamba,137,615,165,165,16.5,0.196269690990448,0.24838398396968842,1.1928123235702515,1.3826161623001099,0.280665785074234,0,-1,1,137,0.8303030303030303,2.0,165,1.7838354110717773,0,0.0,0,0.0,0,7.341141700744629,2,7
SH,Mamba,137,616,317,317,31.700000000000003,0.1856839507818222,0.24957895278930664,2.4343080520629883,2.651517868041992,0.3216080367565155,0,-1,0,0,0.0,2.0,317,2.283059597015381,0,0.0,0,0.0,0,18.94627571105957,0,5
SH,Mamba,137,617,181,181,18.1,0.29727596044540405,0.38870564103126526,1.5782420635223389,2.207041025161743,0.47300341725349426,0,-1,1,181,1.0,2.0,181,0.4597567915916443,0,0.0,0,0.0,0,9.311278343200684,1,6
SH,Mamba,137,618,176,176,17.6,0.3614994287490845,0.5172972083091736,11.785343170166016,18.48039436340332,2.7296056747436523,0,-1,0,0,0.0,2.0,176,5.169604778289795,0,0.0,0,0.0,0,19.80895233154297,2,7
SH,Mamba,137,619,151,151,15.100000000000001,0.2509074807167053,0.3413192331790924,0.5993378758430481,0.839385986328125,0.26423418521881104,0,-1,1,151,1.0,2.0,151,1.49228036403656,0,0.0,0,0.0,0,6.1205949783325195,0,5
SH,Mamba,137,620,394,394,39.400000000000006,0.2967989444732666,0.38092416524887085,2.422776222229004,3.087331771850586,0.4809521436691284,0,-1,1,22,0.05583756345177665,2.0,394,1.8932406902313232,0,0.0,0,0.0,0,2.825895309448242,1,6
SH,Mamba,137,621,207,207,20.700000000000003,0.3005693554878235,0.3672838509082794,1.4106390476226807,1.777283787727356,0.44816046953201294,0,-1,1,207,1.0,2.0,207,1.4043283462524414,0,0.0,0,0.0,0,9.68041706085205,1,6
SH,Mamba,137,622,186,186,18.6,0.3944638967514038,0.4567601978778839,12.644913673400879,15.864166259765625,1.6934260129928589,0,-1,0,0,0.0,2.0,186,6.495118141174316,0,0.0,0,0.0,0,73.87059783935547,0,5
SH,Mamba,137,623,162,162,16.2,0.16468462347984314,0.17896762490272522,5.726471900939941,7.742010593414307,1.067939043045044,0,-1,0,0,0.0,2.0,162,4.390791893005371,0,0.0,0,0.0,0,72.74561309814453,0,5
SH,Mamba,137,624,205,205,20.5,0.2930922210216522,0.3641732931137085,2.4742279052734375,3.2693405151367188,0.48726558685302734,0,-1,0,0,0.0,2.0,205,2.0736098289489746,0,0.0,0,0.0,0,8.331950187683105,1,6
SH,Mamba,137,625,146,146,14.600000000000001,0.3501264452934265,0.4285522997379303,0.6609109044075012,0.7793931365013123,0.3580189645290375,0,-1,1,146,1.0,2.0,146,0.7285283207893372,0,0.0,0,0.0,0,8.230937004089355,2,7
SH,Mamba,137,626,177,177,17.7,0.23657286167144775,0.32095426321029663,0.5861406922340393,0.7967069745063782,0.21608249843120575,0,-1,1,177,1.0,2.0,177,0.3359786868095398,0,0.0,0,0.0,0,1.3369406461715698,1,6
SH,Mamba,137,627,323,323,32.300000000000004,0.845313310623169,1.0686616897583008,78.49532318115234,92.54505920410156,4.404286861419678,0,-1,0,0,0.0,2.0,184,8.144397735595703,136,0.42105263157894735,0,0.0,0,47.7318000793457,2,7
SH,Mamba,137,628,228,228,22.8,0.31336405873298645,0.39330410957336426,0.9650889039039612,1.1335853338241577,0.216487318277359,0,-1,1,228,1.0,2.0,228,1.30626380443573,0,0.0,0,0.0,0,4.4104695320129395,0,5
SH,Mamba,137,629,330,330,33.0,0.26489436626434326,0.33285149931907654,2.156553268432617,2.835258722305298,0.46967676281929016,0,-1,0,0,0.0,2.0,330,2.149256706237793,0,0.0,0,0.0,0,9.5418062210083,1,6
SH,Mamba,137,630,286,286,28.6,0.1284414380788803,0.1474195420742035,6.372319221496582,9.165703773498535,0.8576495051383972,0,-1,1,91,0.3181818181818182,2.0,286,1.1467602252960205,0,0.0,0,0.0,0,32.08275604248047,0,5
SH,Mamba,137,631,472,472,47.2,0.2871185541152954,0.358391672372818,3.0145466327667236,3.791193723678589,0.48349326848983765,1,442,1,280,0.5932203389830508,2.0,442,0.0,0,0.0,0,0.0,0,0.0,0,5
SH,Mamba,137,632,163,163,16.3,0.1979287564754486,0.24964012205600739,0.8023058176040649,0.8875622749328613,0.2696307897567749,0,-1,0,0,0.0,2.0,163,2.6050925254821777,0,0.0,0,0.0,0,6.916910648345947,2,7
SH,Mamba,137,633,174,174,17.400000000000002,0.42585310339927673,0.6806104183197021,2.9810123443603516,3.620015859603882,0.7610014081001282,0,-1,1,93,0.5344827586206896,2.0,174,1.7201143503189087,0,0.0,0,0.0,0,6.538510322570801,1,6
SH,Mamba,137,634,308,308,30.8,0.27791473269462585,0.3455977141857147,3.9234354496002197,4.531243801116943,0.5254491567611694,1,297,1,297,0.9642857142857143,2.0,297,0.0,0,0.0,0,0.0,0,0.0,1,6
SH,Mamba,137,635,281,281,28.1,0.20275241136550903,0.2533947229385376,1.6061123609542847,1.8733406066894531,0.414185106754303,0,-1,1,281,1.0,2.0,281,0.8888195753097534,0,0.0,0,0.0,0,8.056632041931152,2,7
SH,Mamba,137,636,157,157,15.700000000000001,0.07750937342643738,0.09958375245332718,1.3313775062561035,1.5892853736877441,0.14833486080169678,0,-1,1,157,1.0,2.0,157,1.522566795349121,0,0.0,0,0.0,0,29.91822052001953,2,7
SH,Mamba,137,637,154,154,15.4,0.3699921667575836,0.43372926115989685,2.8042914867401123,3.3090171813964844,0.7461880445480347,0,-1,1,75,0.487012987012987,2.0,154,1.6415694952011108,0,0.0,0,0.0,0,5.680976867675781,0,5
SH,Mamba,137,638,227,227,22.700000000000003,0.18041765689849854,0.24138593673706055,2.5376811027526855,3.355776071548462,0.25529977679252625,0,-1,0,0,0.0,2.0,227,3.0432615280151367,0,0.0,0,0.0,0,5.739811420440674,1,6
SH,Mamba,137,639,152,152,15.200000000000001,0.07669659703969955,0.09738525003194809,2.5110645294189453,2.9283623695373535,0.23070144653320312,0,-1,1,152,1.0,2.0,152,0.8111006617546082,0,0.0,0,0.0,0,15.078211784362793,1,6
SH,Mamba,137,640,213,213,21.3,0.2897701859474182,0.3868408501148224,3.703570604324341,4.154835224151611,0.3897543251514435,0,-1,1,213,1.0,2.0,213,0.4369255304336548,0,0.0,0,0.0,0,0.5635669827461243,1,6
SH,Mamba,137,641,400,400,40.0,0.3920667767524719,0.528811514377594,2.465672254562378,2.851959705352783,0.4481514096260071,0,-1,1,400,1.0,2.0,400,1.3814733028411865,0,0.0,0,0.0,0,7.58680534362793,1,6
SH,Mamba,137,642,188,188,18.8,0.13067837059497833,0.1607680469751358,4.122572422027588,4.987522125244141,0.3458188772201538,0,-1,0,0,0.0,2.0,188,2.588946580886841,0,0.0,0,0.0,0,37.350345611572266,2,7
SH,Mamba,137,643,160,160,16.0,0.31769120693206787,0.4262765347957611,8.6878662109375,10.5396728515625,0.9675102233886719,0,-1,1,160,1.0,2.0,160,1.253485918045044,0,0.0,0,0.0,0,20.183210372924805,2,7
SH,Mamba,137,644,207,207,20.700000000000003,0.14473439753055573,0.19061730802059174,6.584288120269775,7.620295524597168,0.5669978260993958,0,-1,1,207,1.0,2.0,207,0.6357746124267578,0,0.0,0,0.0,0,10.859642028808594,2,7
SH,Mamba,137,645,227,227,22.700000000000003,0.2333894968032837,0.28945472836494446,0.7239484190940857,0.9414282441139221,0.18900810182094574,0,-1,1,227,1.0,2.0,227,1.6478747129440308,0,0.0,0,0.0,0,10.02828311920166,2,7
SH,Mamba,137,646,192,192,19.200000000000003,0.11873055249452591,0.13709557056427002,7.971653461456299,10.74729061126709,1.193947196006775,0,-1,1,2,0.010416666666666666,2.0,192,1.968760371208191,0,0.0,0,0.0,0,41.477840423583984,0,5
SH,Mamba,137,647,228,228,22.8,0.25478896498680115,0.30432116985321045,3.0200157165527344,3.6961984634399414,0.45499947667121887,0,-1,1,228,1.0,2.0,228,1.2666919231414795,0,0.0,0,0.0,0,21.523170471191406,1,6
SH,Mamba,137,648,236,236,23.6,0.20509566366672516,0.2729991376399994,2.2196226119995117,4.133419990539551,0.7022138833999634,0,-1,0,0,0.0,2.0,236,2.752666711807251,0,0.0,0,0.0,0,13.399828910827637,0,5
SH,Mamba,137,649,184,184,18.400000000000002,0.27324289083480835,0.3529199957847595,4.588257312774658,5.729419231414795,0.6743013858795166,0,-1,0,0,0.0,2.0,184,2.5511984825134277,0,0.0,0,0.0,0,9.411592483520508,1,6
SH,Mamba,137,650,156,156,15.600000000000001,0.30338236689567566,0.393743634223938,4.840611934661865,5.125503063201904,0.28378668427467346,0,-1,1,133,0.8525641025641025,2.0,156,1.3651034832000732,0,0.0,0,0.0,0,5.292520999908447,0,5
SH,Mamba,137,651,177,177,17.7,0.25530609488487244,0.3148919343948364,1.4346497058868408,1.9099619388580322,0.45291009545326233,0,-1,1,8,0.04519774011299435,2.0,177,1.9607419967651367,0,0.0,0,0.0,0,15.34764289855957,2,7
SH,Mamba,137,652,329,329,32.9,0.23348739743232727,0.28433695435523987,1.0164252519607544,1.3495720624923706,0.2160957157611847,0,-1,1,329,1.0,2.0,329,0.7296075224876404,0,0.0,0,0.0,0,3.1561636924743652,1,6
SH,Mamba,137,653,155,155,15.5,0.16014789044857025,0.21303634345531464,2.1800591945648193,2.7634823322296143,0.2685015797615051,0,-1,1,136,0.8774193548387097,2.0,155,1.4013153314590454,0,0.0,0,0.0,0,6.549157619476318,2,7
SH,Mamba,137,654,1169,1169,116.9,0.31495049595832825,0.4334014356136322,1.5656402111053467,1.9034874439239502,0.3314330279827118,0,-1,1,1031,0.8819503849443969,2.0,1169,0.4555700421333313,0,0.0,0,0.0,0,0.7197299003601074,2,7
SH,Mamba,137,655,247,247,24.700000000000003,0.22342541813850403,0.30309808254241943,1.6286126375198364,2.1934096813201904,0.5823608040809631,0,-1,1,213,0.8623481781376519,2.0,247,1.7106455564498901,0,0.0,0,0.0,0,10.899984359741211,2,7
SH,Mamba,137,656,157,157,15.700000000000001,0.33586832880973816,0.5010387897491455,0.3339507579803467,0.42428120970726013,0.2372198849916458,0,-1,1,157,1.0,2.0,157,1.542487382888794,0,0.0,0,0.0,0,10.839590072631836,0,5
SH,Mamba,137,657,140,140,14.0,0.21085777878761292,0.24613913893699646,3.5865020751953125,4.666784763336182,0.7187299728393555,0,-1,0,0,0.0,2.0,140,2.0260300636291504,0,0.0,0,0.0,0,45.07780838012695,1,6
SH,Mamba,137,658,252,252,25.200000000000003,0.2643904983997345,0.3481811285018921,18.544734954833984,21.891115188598633,1.3328053951263428,0,-1,1,252,1.0,2.0,252,0.21892555058002472,0,0.0,0,0.0,0,4.076111793518066,0,5
SH,Mamba,137,659,156,156,15.600000000000001,0.403190553188324,0.6379616260528564,1.1684014797210693,1.6324037313461304,0.45645812153816223,1,155,1,149,0.9551282051282052,2.0,155,0.0,0,0.0,0,0.0,0,0.0,1,6
SH,Mamba,137,660,656,656,65.60000000000001,0.17066220939159393,0.21525338292121887,5.876280307769775,6.970555782318115,0.4942835867404938,0,-1,1,623,0.9496951219512195,2.0,656,1.2234214544296265,0,0.0,0,0.0,0,1.7135777473449707,1,6
SH,Mamba,137,661,266,266,26.6,0.21823787689208984,0.2733290195465088,10.870713233947754,14.122945785522461,0.922817051410675,0,-1,0,0,0.0,2.0,266,2.3926475048065186,0,0.0,0,0.0,0,45.30610275268555,2,7
SH,Mamba,137,662,704,704,70.4,0.21159137785434723,0.29503104090690613,2.0506041049957275,2.3660378456115723,0.20499281585216522,0,-1,1,528,0.75,2.0,704,0.9840548634529114,0,0.0,0,0.0,0,1.7662122249603271,1,6
SH,Mamba,137,663,133,133,13.3,0.37094858288764954,0.4389277994632721,1.2647262811660767,1.586875319480896,0.5715469717979431,0,-1,0,0,0.0,2.0,133,3.336733102798462,0,0.0,0,0.0,0,5.757292747497559,2,7
SH,Mamba,137,664,151,151,15.100000000000001,0.43244868516921997,0.6861647367477417,1.392530083656311,1.7952008247375488,0.7153632640838623,0,-1,1,151,1.0,2.0,151,1.2271370887756348,0,0.0,0,0.0,0,11.40157699584961,1,6
SH,Mamba,137,665,191,191,19.1,0.2819593846797943,0.3804498016834259,5.283632755279541,6.296421051025391,0.7616899609565735,0,-1,1,191,1.0,2.0,191,0.3147624731063843,0,0.0,0,0.0,0,7.753846645355225,2,7
SH,Mamba,137,666,132,132,13.200000000000001,0.333797425031662,0.38350722193717957,5.30839729309082,6.269095420837402,0.6841130256652832,0,-1,0,0,0.0,2.0,132,2.066479444503784,0,0.0,0,0.0,0,36.19939041137695,0,5
SH,Mamba,137,667,499,499,49.900000000000006,0.1379386931657791,0.16371925175189972,9.9120512008667,13.2374906539917,0.6458902955055237,0,-1,1,499,1.0,2.0,499,0.9003744721412659,0,0.0,0,0.0,0,16.203561782836914,2,7
SH,Mamba,137,668,225,225,22.5,0.17867396771907806,0.23744583129882812,2.7724459171295166,4.293838024139404,0.5774614810943604,0,-1,1,225,1.0,2.0,225,1.043459177017212,0,0.0,0,0.0,0,12.04602336883545,0,5
SH,Mamba,137,669,253,253,25.3,0.23308761417865753,0.29805365204811096,11.224365234375,13.013306617736816,0.7481767535209656,0,-1,0,0,0.0,2.0,253,2.468302011489868,0,0.0,0,0.0,0,2.7141432762145996,2,7
SH,Mamba,137,670,450,450,45.0,0.2852139472961426,0.39020606875419617,2.661627769470215,3.4831578731536865,0.4989752471446991,1,448,1,401,0.8911111111111111,2.0,448,0.0,0,0.0,0,0.0,0,0.0,1,6
SH,Mamba,137,671,307,307,30.700000000000003,0.3171793520450592,0.43423131108283997,2.4176878929138184,2.670037269592285,0.2949439585208893,0,-1,1,307,1.0,2.0,307,0.7587084174156189,0,0.0,0,0.0,0,2.4003660678863525,2,7
SH,Mamba,137,672,144,144,14.4,0.26695558428764343,0.33538296818733215,1.662119746208191,1.747023105621338,0.24654552340507507,0,-1,1,144,1.0,2.0,144,0.6045083403587341,0,0.0,0,0.0,0,4.34738302230835,0,5
SH,Mamba,137,673,301,301,30.1,0.30714574456214905,0.3766935169696808,2.1264755725860596,2.3259973526000977,0.3947904407978058,0,-1,1,252,0.8372093023255814,2.0,301,1.3753761053085327,0,0.0,0,0.0,0,0.9620342254638672,0,5
SH,Mamba,137,674,244,244,24.400000000000002,0.27290478348731995,0.3331112563610077,3.891298770904541,5.122503757476807,0.7705003023147583,0,-1,1,117,0.47950819672131145,2.0,244,1.8868321180343628,0,0.0,0,0.0,0,1.860127329826355,2,7
SH,Mamba,137,675,151,151,15.100000000000001,0.0996769592165947,0.19690193235874176,0.7255657911300659,0.8425604104995728,0.08062296360731125,0,-1,1,103,0.6821192052980133,2.0,151,0.8441970348358154,0,0.0,0,0.0,0,0.45420706272125244,2,7
SH,Mamba,137,676,216,216,21.6,0.12355097383260727,0.15872561931610107,0.8724150657653809,1.0147432088851929,0.24083317816257477,0,-1,1,171,0.7916666666666666,2.0,216,1.5721068382263184,0,0.0,0,0.0,0,34.51568603515625,0,5
SH,Mamba,137,677,235,235,23.5,0.22712168097496033,0.2914355397224426,2.4167940616607666,2.8132987022399902,0.5812250375747681,0,-1,1,231,0.9829787234042553,2.0,235,1.337204098701477,0,0.0,0,0.0,0,6.503292083740234,0,5
SH,Mamba,137,678,348,348,34.800000000000004,0.301196426153183,0.37790948152542114,5.092517852783203,6.159540176391602,0.7091183066368103,0,-1,1,278,0.7988505747126436,2.0,348,1.4718917608261108,0,0.0,0,0.0,0,6.24290132522583,0,5
SH,Mamba,137,679,546,546,54.6,0.29167887568473816,0.3870411813259125,2.5533270835876465,3.1940114498138428,0.5747992396354675,0,-1,1,163,0.29853479853479853,2.0,546,1.75498366355896,0,0.0,0,0.0,0,9.574968338012695,1,6
SH,Mamba,137,680,555,555,55.5,0.34660568833351135,0.446475088596344,5.6678972244262695,6.515203952789307,0.43743064999580383,0,-1,1,555,1.0,2.0,555,1.0357391834259033,0,0.0,0,0.0,0,2.5089287757873535,2,7
SH,Mamba,137,681,295,295,29.5,0.2639901041984558,0.3406641483306885,6.523519039154053,7.5677690505981445,0.5285662412643433,0,-1,1,267,0.9050847457627119,2.0,295,1.3744217157363892,0,0.0,0,0.0,0,7.8890700340271,2,7
SH,Mamba,137,682,156,156,15.600000000000001,0.26142698526382446,0.3366079330444336,0.8903968930244446,0.9738830327987671,0.2704108953475952,0,-1,1,156,1.0,2.0,156,0.2692970037460327,0,0.0,0,0.0,0,0.18122786283493042,2,7
SH,Mamba,137,683,696,696,69.60000000000001,0.2594203054904938,0.4301799237728119,5.8693976402282715,7.584279537200928,0.8818415403366089,0,-1,1,310,0.4454022988505747,2.0,696,1.3788813352584839,0,0.0,0,0.0,0,11.902812957763672,2,7
SH,Mamba,137,684,692,692,69.2,0.21887417137622833,0.27396562695503235,1.5003219842910767,1.7058076858520508,0.2735392451286316,0,-1,1,692,1.0,2.0,692,0.5960490703582764,0,0.0,0,0.0,0,2.6121609210968018,0,5
SH,Mamba,137,685,261,261,26.1,0.4363022446632385,0.5622335076332092,1.6815619468688965,2.367943048477173,0.582508385181427,0,-1,1,6,0.022988505747126436,2.0,261,1.9759235382080078,0,0.0,0,0.0,0,2.0272507667541504,0,5
SH,Mamba,137,686,255,255,25.5,0.254573792219162,0.31683412194252014,3.2347054481506348,4.167868614196777,0.6236134171485901,0,-1,1,229,0.8980392156862745,2.0,255,0.6447434425354004,0,0.0,0,0.0,0,0.4726807475090027,0,5
SH,Mamba,137,687,234,234,23.400000000000002,0.25289931893348694,0.3271646797657013,1.6006643772125244,2.169633388519287,0.4524689316749573,0,-1,1,234,1.0,2.0,234,0.82293301820755,0,0.0,0,0.0,0,1.6872912645339966,2,7
SH,Mamba,137,688,435,435,43.5,0.2625246047973633,0.3362398147583008,2.0204405784606934,2.4253909587860107,0.4241427779197693,0,-1,1,240,0.5517241379310345,2.0,435,1.526425838470459,0,0.0,0,0.0,0,4.3911848068237305,2,7
SH,Mamba,137,689,156,156,15.600000000000001,0.4885883331298828,0.6108376979827881,1.0801749229431152,1.2656259536743164,0.33565768599510193,0,-1,1,93,0.5961538461538461,2.0,156,1.6197820901870728,0,0.0,0,0.0,0,2.462191104888916,0,5
SH,Mamba,137,690,144,144,14.4,0.5154483318328857,0.8013712763786316,1.7705961465835571,2.0547897815704346,0.5348723530769348,0,-1,1,130,0.9027777777777778,2.0,144,1.3683918714523315,0,0.0,0,0.0,0,0.5263472199440002,1,6
SH,Mamba,137,691,238,238,23.8,0.6184592843055725,0.8180069923400879,4.585334300994873,5.3075337409973145,0.90401291847229,0,-1,0,0,0.0,2.0,238,2.1120827198028564,0,0.0,0,0.0,0,5.868165969848633,2,7
SH,Mamba,137,692,496,496,49.6,0.3246563971042633,0.4445590674877167,1.337948203086853,1.7456929683685303,0.4544053375720978,0,-1,1,415,0.8366935483870968,2.0,496,1.1203455924987793,0,0.0,0,0.0,0,2.962512493133545,0,5
SH,Mamba,137,693,514,514,51.400000000000006,0.28057482838630676,0.3703031539916992,1.2496103048324585,1.7206519842147827,0.3066174387931824,0,-1,1,406,0.7898832684824902,2.0,514,1.232083797454834,0,0.0,0,0.0,0,2.38742995262146,0,5
SH,Mamba,137,694,133,133,13.3,0.16426384449005127,0.17824408411979675,4.2289958000183105,5.778285503387451,1.0508966445922852,0,-1,0,0,0.0,2.0,133,2.6503703594207764,0,0.0,0,0.0,0,88.10826110839844,0,5
SH,Mamba,137,695,1142,1142,114.2,0.3058144152164459,0.37277328968048096,2.924410820007324,3.5321106910705566,0.47110220789909363,0,-1,1,1031,0.9028021015761821,2.0,1142,1.1959861516952515,0,0.0,0,0.0,0,9.495390892028809,2,7
SH,Mamba,137,696,175,175,17.5,0.23059101402759552,0.3065407872200012,0.6920340657234192,0.8571365475654602,0.3744882643222809,0,-1,1,166,0.9485714285714286,2.0,175,0.7845564484596252,0,0.0,0,0.0,0,1.3612909317016602,2,7
SH,Mamba,137,697,517,517,51.7,0.14251698553562164,0.190912663936615,4.059057712554932,6.09962797164917,0.2898574471473694,0,-1,1,152,0.2940038684719536,2.0,517,1.6350830793380737,0,0.0,0,0.0,0,5.825098037719727,2,7
SH,Mamba,137,698,862,862,86.2,0.3051917254924774,0.3982531428337097,1.7875080108642578,2.16829252243042,0.3218737244606018,1,853,1,672,0.7795823665893271,2.0,853,0.0,0,0.0,0,0.0,0,0.0,0,5
SH,Mamba,137,699,326,326,32.6,0.36159175634384155,0.45576098561286926,1.1490757465362549,1.503105878829956,0.26061874628067017,0,-1,1,66,0.20245398773006135,2.0,326,1.8071812391281128,0,0.0,0,0.0,0,1.1216833591461182,2,7
SH,Mamba,137,700,217,217,21.700000000000003,0.5058547258377075,0.6309662461280823,1.6028789281845093,2.5154356956481934,0.8337824940681458,0,-1,1,217,1.0,2.0,217,1.3543154001235962,0,0.0,0,0.0,0,3.7598354816436768,0,5
SH,Mamba,137,701,132,132,13.200000000000001,0.32812410593032837,0.3903392255306244,2.332655668258667,2.8320114612579346,0.8224557042121887,0,-1,1,7,0.05303030303030303,2.0,132,1.9696547985076904,0,0.0,0,0.0,0,9.373788833618164,1,6
SH,Mamba,137,702,220,220,22.0,0.1962534487247467,0.24488204717636108,0.699510395526886,1.0814212560653687,0.3286822438240051,0,-1,1,194,0.8818181818181818,2.0,220,1.4297382831573486,0,0.0,0,0.0,0,3.357151985168457,2,7
SH,Mamba,137,703,191,191,19.1,0.46061307191848755,0.5316508412361145,4.248335361480713,5.476600170135498,1.1032840013504028,0,-1,0,0,0.0,2.0,191,2.2807118892669678,0,0.0,0,0.0,0,3.9724533557891846,0,5
SH,Mamba,137,704,169,169,16.900000000000002,0.3065895736217499,0.3799891471862793,4.362184047698975,5.049387454986572,0.495013952255249,0,-1,1,169,1.0,2.0,169,1.3218919038772583,0,0.0,0,0.0,0,5.776369094848633,0,5
SH,Mamba,137,705,144,144,14.4,0.40892350673675537,0.6131764650344849,0.4535423815250397,0.5825464725494385,0.39596498012542725,0,-1,1,144,1.0,2.0,144,1.2057604789733887,0,0.0,0,0.0,0,3.0200178623199463,2,7
SH,Mamba,137,706,224,224,22.400000000000002,0.1027681976556778,0.13440623879432678,1.5717064142227173,1.7704473733901978,0.24251689016819,0,-1,1,224,1.0,2.0,224,0.6245073080062866,0,0.0,0,0.0,0,10.500862121582031,0,5
SH,Mamba,137,707,199,199,19.900000000000002,0.3029724061489105,0.37514302134513855,5.764346599578857,6.9342942237854,0.591058075428009,0,-1,1,199,1.0,2.0,199,0.6554271578788757,0,0.0,0,0.0,0,10.981717109680176,2,7
SH,Mamba,137,708,148,148,14.8,0.5088713765144348,0.6232733130455017,1.973422884941101,2.7038891315460205,0.7813249230384827,0,-1,1,148,1.0,2.0,148,0.9094427824020386,0,0.0,0,0.0,0,2.957669973373413,1,6
SH,Mamba,137,709,273,273,27.3,0.13956069946289062,0.1737278699874878,2.7992374897003174,3.477673292160034,0.2869323790073395,0,-1,1,273,1.0,2.0,273,0.46074557304382324,0,0.0,0,0.0,0,7.161505222320557,0,5
SH,Mamba,137,710,317,317,31.700000000000003,0.24982613325119019,0.37523579597473145,12.315428733825684,14.207507133483887,1.1254866123199463,0,-1,1,317,1.0,2.0,317,0.6610037088394165,0,0.0,0,0.0,0,8.305754661560059,2,7
SH,Mamba,137,711,263,263,26.3,0.22072339057922363,0.2929103672504425,1.8252333402633667,1.9447723627090454,0.21852046251296997,0,-1,1,243,0.9239543726235742,2.0,263,1.4065195322036743,0,0.0,0,0.0,0,9.820923805236816,1,6
SH,Mamba,137,712,187,187,18.7,0.14976926147937775,0.19857139885425568,4.636359214782715,5.508340835571289,0.5092999339103699,0,-1,1,187,1.0,2.0,187,1.0302683115005493,0,0.0,0,0.0,0,18.038084030151367,0,5
SH,Mamba,137,713,226,226,22.6,0.2506296634674072,0.3142396807670593,2.680238723754883,3.105739116668701,0.5245281457901001,0,-1,1,36,0.1592920353982301,2.0,226,1.9371906518936157,0,0.0,0,0.0,0,40.22651290893555,2,7
SH,Mamba,137,714,175,175,17.5,0.3968072831630707,0.5238059163093567,1.4840508699417114,2.691375732421875,0.7791030406951904,0,-1,1,20,0.11428571428571428,2.0,175,1.8428168296813965,0,0.0,0,0.0,0,4.287903308868408,0,5
SH,Mamba,137,715,260,260,26.0,0.15350201725959778,0.18467150628566742,3.549640417098999,5.809711456298828,0.8781872987747192,0,-1,1,260,1.0,2.0,260,0.9564282894134521,0,0.0,0,0.0,0,18.710166931152344,1,6
SH,Mamba,137,716,229,229,22.900000000000002,0.360107421875,0.4579663872718811,5.482937812805176,6.554616451263428,1.83415687084198,1,155,1,155,0.6768558951965066,2.0,155,0.0,0,0.0,0,0.0,0,0.0,0,5
SH,Mamba,137,717,138,138,13.8,0.2536262571811676,0.3063946068286896,1.5831232070922852,1.9024766683578491,0.641068160533905,0,-1,1,138,1.0,2.0,138,1.4352909326553345,0,0.0,0,0.0,0,18.39794921875,2,7
SH,Mamba,137,718,221,221,22.1,0.3803379535675049,0.5055665373802185,1.2294248342514038,1.5434626340866089,0.5740407705307007,0,-1,1,221,1.0,2.0,221,0.9205331206321716,0,0.0,0,0.0,0,8.4984769821167,0,5
SH,Mamba,137,719,160,160,16.0,0.301082044839859,0.39778396487236023,1.7367479801177979,2.198106527328491,0.5778380632400513,0,-1,1,7,0.04375,2.0,160,1.9936286211013794,0,0.0,0,0.0,0,2.9123778343200684,0,5
SH,Mamba,137,720,245,245,24.5,0.1989247351884842,0.24783924221992493,1.573889136314392,1.8704760074615479,0.17839834094047546,0,-1,1,245,1.0,2.0,245,0.7346174716949463,0,0.0,0,0.0,0,8.336973190307617,0,5
SH,Mamba,137,721,296,296,29.6,0.27507877349853516,0.338556170463562,2.1515345573425293,3.1410973072052,0.43122971057891846,0,-1,1,296,1.0,2.0,296,1.182680606842041,0,0.0,0,0.0,0,3.157700300216675,2,7
SH,Mamba,137,722,148,148,14.8,0.2696428894996643,0.378099650144577,1.2054314613342285,1.3693891763687134,0.4455580413341522,0,-1,1,80,0.5405405405405406,2.0,148,1.685642957687378,0,0.0,0,0.0,0,7.863579273223877,2,7
SH,Mamba,137,723,259,259,25.900000000000002,0.43622201681137085,0.5163912177085876,34.219879150390625,45.74849319458008,4.12119197845459,0,-1,0,0,0.0,2.0,259,3.225821018218994,0,0.0,0,0.0,0,17.888343811035156,0,5
SH,Mamba,137,724,174,174,17.400000000000002,0.26376578211784363,0.344605952501297,2.9462480545043945,3.653914451599121,0.5250795483589172,0,-1,0,0,0.0,2.0,174,2.588594913482666,0,0.0,0,0.0,0,17.59117889404297,2,7
SH,Mamba,137,725,427,427,42.7,0.32992038130760193,0.4277209937572479,1.4819586277008057,1.861525297164917,0.5092562437057495,0,-1,1,427,1.0,2.0,427,0.2725774347782135,0,0.0,0,0.0,0,3.699998378753662,1,6
SH,Mamba,137,726,331,331,33.1,0.29298731684684753,0.40395456552505493,1.208505630493164,1.38861083984375,0.3709772527217865,0,-1,1,215,0.649546827794562,2.0,331,1.2833563089370728,0,0.0,0,0.0,0,2.3661794662475586,1,6
SH,Mamba,137,727,196,196,19.6,0.22860680520534515,0.271333783864975,11.946797370910645,14.528489112854004,1.2481869459152222,0,-1,1,196,1.0,2.0,196,1.019190788269043,0,0.0,0,0.0,0,12.998025894165039,1,6
SH,Mamba,137,728,204,204,20.400000000000002,0.35620179772377014,0.4520517885684967,10.539716720581055,15.814663887023926,2.181920289993286,0,-1,0,0,0.0,2.0,204,3.588160753250122,0,0.0,0,0.0,0,34.98395538330078,2,7
SH,Mamba,137,729,190,190,19.0,0.21954438090324402,0.2961307168006897,0.8125572800636292,0.9171313643455505,0.232138529419899,0,-1,0,0,0.0,2.0,190,2.013964891433716,0,0.0,0,0.0,0,0.9572230577468872,0,5
SH,Mamba,137,730,378,378,37.800000000000004,0.16666603088378906,0.21961897611618042,2.6406781673431396,3.319350242614746,0.3096153438091278,0,-1,1,378,1.0,2.0,378,0.7343295216560364,0,0.0,0,0.0,0,11.40964126586914,1,6
SH,Mamba,137,731,251,251,25.1,0.22564703226089478,0.26872187852859497,11.381268501281738,12.877713203430176,0.794610857963562,0,-1,1,251,1.0,2.0,251,1.0492782592773438,0,0.0,0,0.0,0,17.76963233947754,0,5
SH,Mamba,137,732,257,257,25.700000000000003,0.19977642595767975,0.2867184579372406,8.08515739440918,9.484055519104004,0.8449717164039612,0,-1,1,257,1.0,2.0,257,1.370306372642517,0,0.0,0,0.0,0,7.782455921173096,2,7
SH,Mamba,137,733,471,471,47.1,0.15217603743076324,0.20275969803333282,11.197578430175781,14.789122581481934,0.7037004232406616,0,-1,0,0,0.0,2.0,471,2.709064245223999,0,0.0,0,0.0,0,55.17058563232422,2,7
SH,Mamba,137,734,160,160,16.0,0.20145896077156067,0.26582467555999756,1.522149920463562,1.7187814712524414,0.31911009550094604,0,-1,0,0,0.0,2.0,160,2.4930224418640137,0,0.0,0,0.0,0,19.61701011657715,1,6
SH,Mamba,137,735,379,379,37.9,0.2600342929363251,0.3572796881198883,16.214874267578125,18.500225067138672,0.8542346954345703,0,-1,0,0,0.0,2.0,379,3.456385850906372,0,0.0,0,0.0,0,20.774921417236328,2,7
SH,Mamba,137,736,134,134,13.4,0.30392736196517944,0.36360660195350647,2.497870922088623,2.8967630863189697,0.5196715593338013,0,-1,1,134,1.0,2.0,134,1.401879072189331,0,0.0,0,0.0,0,6.1847968101501465,1,6
SH,Mamba,137,737,139,139,13.9,0.30371370911598206,0.3566713333129883,10.3071928024292,13.200438499450684,1.9032469987869263,0,-1,1,88,0.6330935251798561,2.0,139,0.6592733263969421,0,0.0,0,0.0,0,17.406728744506836,1,6
SH,Mamba,137,738,454,454,45.400000000000006,0.27031704783439636,0.351430207490921,3.8277857303619385,5.2581634521484375,0.6894226670265198,0,-1,1,423,0.9317180616740088,2.0,454,0.5045961141586304,0,0.0,0,0.0,0,8.815391540527344,2,7
SH,Mamba,137,739,340,340,34.0,0.26327863335609436,0.3265988230705261,1.9157395362854004,2.3365089893341064,0.3137025237083435,0,-1,0,0,0.0,2.0,340,2.2561745643615723,0,0.0,0,0.0,0,2.0281529426574707,1,6
SH,Mamba,137,740,317,317,31.700000000000003,0.4756937623023987,0.6039866805076599,5.41000509262085,6.258908271789551,1.0513379573822021,0,-1,1,49,0.15457413249211358,2.0,317,1.7869443893432617,0,0.0,0,0.0,0,3.3518190383911133,0,5
SH,Mamba,137,741,190,190,19.0,0.5111008882522583,0.7002100944519043,0.9201396107673645,1.1028505563735962,0.6521544456481934,0,-1,1,190,1.0,2.0,190,0.890519917011261,0,0.0,0,0.0,0,3.1019845008850098,1,6
SH,Mamba,137,742,369,369,36.9,0.172220841050148,0.21769335865974426,8.817593574523926,11.438435554504395,0.741534948348999,0,-1,1,369,1.0,2.0,369,1.1964037418365479,0,0.0,0,0.0,0,29.628925323486328,0,5
SH,Mamba,137,743,142,142,14.200000000000001,0.13966207206249237,0.18791723251342773,0.6228838562965393,0.7937854528427124,0.28679606318473816,0,-1,1,103,0.7253521126760564,2.0,142,1.7781506776809692,0,0.0,0,0.0,0,6.129786014556885,2,7
SH,Mamba,137,744,140,140,14.0,0.31219255924224854,0.37488892674446106,1.184422254562378,1.6322683095932007,0.38212069869041443,0,-1,1,127,0.9071428571428571,2.0,140,1.5001035928726196,0,0.0,0,0.0,0,2.0442750453948975,2,7
SH,Mamba,137,745,508,508,50.800000000000004,0.37444382905960083,0.5659883618354797,1.8213114738464355,2.564483642578125,0.5139883756637573,1,500,1,500,0.984251968503937,2.0,500,0.0,0,0.0,0,0.0,0,0.0,0,5
SH,Mamba,137,746,231,231,23.1,0.1441309154033661,0.16998369991779327,8.916154861450195,11.093634605407715,0.7168291807174683,0,-1,1,231,1.0,2.0,231,1.5396113395690918,0,0.0,0,0.0,0,28.299850463867188,2,7
SH,Mamba,137,747,248,248,24.8,0.3545899987220764,0.4403907358646393,4.718255043029785,5.847312927246094,0.8525213599205017,0,-1,1,13,0.05241935483870968,2.0,248,1.5840529203414917,0,0.0,0,0.0,0,3.751641273498535,2,7
SH,Mamba,137,748,589,589,58.900000000000006,0.2090451866388321,0.26023900508880615,9.380475997924805,13.4536714553833,0.9373477697372437,0,-1,1,350,0.5942275042444821,2.0,589,0.7933352589607239,0,0.0,0,0.0,0,16.848609924316406,1,6
SH,Mamba,137,749,143,143,14.3,0.2063555121421814,0.2593249976634979,3.370786190032959,4.919131755828857,0.9801091551780701,0,-1,1,115,0.8041958041958042,2.0,143,1.8299057483673096,0,0.0,0,0.0,0,22.942935943603516,1,6
SH,Mamba,137,750,147,147,14.700000000000001,0.43755412101745605,0.6930180788040161,1.5744853019714355,2.127610683441162,0.46151894330978394,1,125,1,125,0.8503401360544217,2.0,125,0.0,0,0.0,0,0.0,0,0.0,0,5
SH,Mamba,137,751,132,132,13.200000000000001,0.37002143263816833,0.4534003734588623,1.117324709892273,1.4310766458511353,0.5809734463691711,0,-1,1,132,1.0,2.0,132,1.235359787940979,0,0.0,0,0.0,0,5.233790874481201,2,7
SH,Mamba,137,752,162,162,16.2,0.44323983788490295,0.6116201281547546,2.946938991546631,3.970555305480957,0.8673768043518066,0,-1,1,162,1.0,2.0,162,0.42673736810684204,0,0.0,0,0.0,0,3.0727474689483643,1,6
SH,Mamba,137,753,213,213,21.3,0.3499433398246765,0.498623788356781,1.099507451057434,1.3477160930633545,0.349211186170578,0,-1,1,102,0.4788732394366197,2.0,213,1.0732910633087158,0,0.0,0,0.0,0,1.882173776626587,2,7
SH,Mamba,137,754,476,476,47.6,0.25583234429359436,0.36460185050964355,3.1382229328155518,4.082890510559082,0.4923490881919861,0,-1,1,476,1.0,2.0,476,0.8840095400810242,0,0.0,0,0.0,0,5.693902969360352,1,6
SH,Mamba,137,755,357,357,35.7,0.3481980562210083,0.43667492270469666,4.941425323486328,5.945064067840576,0.7997523546218872,0,-1,1,157,0.43977591036414565,2.0,357,1.6511623859405518,0,0.0,0,0.0,0,6.250370025634766,2,7
SH,Mamba,137,756,131,131,13.100000000000001,0.3188169002532959,0.3473145067691803,7.864047050476074,10.865555763244629,1.8564542531967163,0,-1,1,131,1.0,2.0,131,1.2879431247711182,0,0.0,0,0.0,0,41.139583587646484,2,7
SH,Mamba,137,757,140,140,14.0,0.5324488282203674,0.626305878162384,3.9075469970703125,4.700730800628662,1.022212266921997,0,-1,1,60,0.42857142857142855,2.0,137,1.498508334159851,3,0.02142857142857143,0,0.0,0,1.4617112874984741,0,5
SH,Mamba,137,758,171,171,17.1,0.21079735457897186,0.27754664421081543,2.7193689346313477,3.1611380577087402,0.3245711326599121,0,-1,1,171,1.0,2.0,171,0.9035165905952454,0,0.0,0,0.0,0,4.239334583282471,2,7
SH,Mamba,137,759,305,305,30.5,0.22263233363628387,0.2951779067516327,0.8806681632995605,1.0158745050430298,0.21569368243217468,0,-1,1,294,0.9639344262295082,2.0,305,1.3156417608261108,0,0.0,0,0.0,0,1.0887588262557983,2,7
SH,Mamba,137,760,407,407,40.7,0.2687253952026367,0.3195115923881531,11.188119888305664,12.168478012084961,0.7450798749923706,0,-1,1,91,0.22358722358722358,2.0,407,1.9193729162216187,0,0.0,0,0.0,0,27.186777114868164,2,7
SH,Mamba,137,761,167,167,16.7,0.5565604567527771,0.6888359785079956,1.579961895942688,1.896480917930603,0.9702487587928772,1,137,1,137,0.8203592814371258,2.0,137,0.0,0,0.0,0,0.0,0,0.0,2,7
SH,Mamba,137,762,236,236,23.6,0.2310309112071991,0.29664379358291626,4.590698719024658,5.529458522796631,0.5219739675521851,0,-1,0,0,0.0,2.0,236,2.0428383350372314,0,0.0,0,0.0,0,36.577415466308594,2,7
SH,Mamba,137,763,311,311,31.1,0.32569295167922974,0.41139328479766846,0.7292379140853882,0.9204373955726624,0.3456754684448242,1,308,1,308,0.9903536977491961,2.0,308,0.0,0,0.0,0,0.0,0,0.0,0,5
SH,Mamba,137,764,195,195,19.5,0.26320675015449524,0.3423439860343933,0.7059149146080017,0.9586239457130432,0.3389931321144104,0,-1,1,174,0.8923076923076924,2.0,195,1.4230525493621826,0,0.0,0,0.0,0,3.026010036468506,1,6
SH,Mamba,137,765,516,516,51.6,0.19606131315231323,0.266058087348938,0.43073973059654236,0.5648058652877808,0.23245464265346527,0,-1,1,516,1.0,2.0,516,0.6882583498954773,0,0.0,0,0.0,0,1.313292145729065,2,7
SH,Mamba,137,766,138,138,13.8,0.2717197835445404,0.32077330350875854,3.3142666816711426,4.017230987548828,0.6372857093811035,0,-1,0,0,0.0,2.0,138,2.941147804260254,0,0.0,0,0.0,0,10.478092193603516,0,5
SH,Mamba,137,767,175,175,17.5,0.23347939550876617,0.29666462540626526,4.599338054656982,5.2831130027771,0.533378005027771,0,-1,1,11,0.06285714285714286,2.0,175,1.565683126449585,0,0.0,0,0.0,0,18.665334701538086,1,6
SH,Mamba,137,768,143,143,14.3,0.22139985859394073,0.2595011293888092,5.131589412689209,6.327947616577148,0.8894311785697937,0,-1,0,0,0.0,2.0,143,7.884397983551025,0,0.0,0,0.0,0,63.164947509765625,2,7
SH,Mamba,137,769,194,194,19.400000000000002,0.14698903262615204,0.17382922768592834,3.3466291427612305,4.89031457901001,0.5579111576080322,0,-1,1,133,0.6855670103092784,2.0,194,1.5181646347045898,0,0.0,0,0.0,0,31.208133697509766,0,5
SH,Mamba,137,770,218,218,21.8,0.22358918190002441,0.2830176055431366,6.630437850952148,9.064684867858887,1.086599588394165,0,-1,0,0,0.0,2.0,218,2.960930109024048,0,0.0,0,0.0,0,39.03023147583008,2,7
SH,Mamba,137,771,132,132,13.200000000000001,0.19024163484573364,0.2310035079717636,0.6791934370994568,0.7824589014053345,0.29207831621170044,0,-1,1,122,0.9242424242424242,2.0,132,1.7525032758712769,0,0.0,0,0.0,0,9.2936429977417,0,5
SH,Mamba,137,772,566,566,56.6,0.29801446199417114,0.3695848882198334,2.074052095413208,2.9135780334472656,0.4974668323993683,0,-1,1,359,0.6342756183745583,2.0,566,1.0832141637802124,0,0.0,0,0.0,0,1.3246657848358154,1,6
SH,Mamba,137,773,454,454,45.400000000000006,0.2040969580411911,0.27891185879707336,3.9651501178741455,5.001048564910889,0.3606901168823242,1,425,1,425,0.9361233480176211,2.0,425,0.0,0,0.0,0,0.0,0,0.0,0,5
SH,Mamba,137,774,192,192,19.200000000000003,0.1653662621974945,0.18472489714622498,3.4414122104644775,4.632967472076416,0.5973585247993469,0,-1,0,0,0.0,2.0,192,2.9070935249328613,0,0.0,0,0.0,0,44.988059997558594,1,6
SH,Mamba,137,775,427,427,42.7,0.21571096777915955,0.27873221039772034,8.784698486328125,10.731531143188477,0.43733543157577515,0,-1,1,229,0.5362997658079626,2.0,427,0.9553555250167847,0,0.0,0,0.0,0,25.887714385986328,0,5
SH,Mamba,137,776,338,338,33.800000000000004,0.31554844975471497,0.3882678151130676,3.2695963382720947,3.5574116706848145,0.48230552673339844,0,-1,1,338,1.0,2.0,338,0.7707036137580872,0,0.0,0,0.0,0,4.237789154052734,2,7
SH,Mamba,137,777,142,142,14.200000000000001,0.28530561923980713,0.3422369062900543,0.8202221989631653,1.038364052772522,0.2764260172843933,0,-1,1,138,0.971830985915493,2.0,142,1.1910457611083984,0,0.0,0,0.0,0,3.7397592067718506,0,5
SH,Mamba,137,778,417,417,41.7,0.3108219504356384,0.37994280457496643,1.9716614484786987,2.5711159706115723,0.35153770446777344,0,-1,1,351,0.841726618705036,2.0,417,1.1877938508987427,0,0.0,0,0.0,0,0.5750236511230469,0,5
SH,Mamba,137,779,183,183,18.3,0.33524349331855774,0.5755892395973206,2.796105146408081,3.095987319946289,0.31177157163619995,0,-1,1,67,0.366120218579235,2.0,183,1.6781721115112305,0,0.0,0,0.0,0,6.776071071624756,1,6
SH,Mamba,137,780,426,426,42.6,0.21890975534915924,0.2988728880882263,0.45757541060447693,0.5326307415962219,0.2092616707086563,0,-1,1,361,0.8474178403755869,2.0,426,1.2377114295959473,0,0.0,0,0.0,0,1.930910587310791,1,6
SH,Mamba,137,781,184,184,18.400000000000002,0.14921662211418152,0.18150486052036285,2.905346632003784,4.07720947265625,0.563886821269989,0,-1,1,17,0.09239130434782608,2.0,184,1.8760604858398438,0,0.0,0,0.0,0,49.87178421020508,2,7
SH,Mamba,137,782,533,533,53.300000000000004,0.3152863681316376,0.39933228492736816,0.9182500243186951,1.1458024978637695,0.33690115809440613,0,-1,1,533,1.0,2.0,533,0.0968560129404068,0,0.0,0,0.0,0,0.0656677857041359,2,7
SH,Mamba,137,783,202,202,20.200000000000003,0.2274898737668991,0.28282490372657776,5.319729328155518,6.3528733253479,0.805432140827179,0,-1,1,73,0.3613861386138614,2.0,202,1.6664270162582397,0,0.0,0,0.0,0,37.84915542602539,1,6
SH,Mamba,137,784,317,317,31.700000000000003,0.39952513575553894,0.4732822775840759,3.569308280944824,4.05307149887085,0.7242205142974854,0,-1,1,308,0.9716088328075709,2.0,309,0.37751835584640503,8,0.025236593059936908,0,0.0,0,0.04371616244316101,1,6
SH,Mamba,137,785,316,316,31.6,0.43287914991378784,0.572661817073822,1.3303219079971313,1.942258596420288,0.5303449630737305,0,-1,1,265,0.8386075949367089,2.0,316,0.729300320148468,0,0.0,0,0.0,0,4.2822041511535645,0,5
SH,Mamba,137,786,168,168,16.8,0.29928097128868103,0.391325980424881,0.8555727601051331,1.0721768140792847,0.4897691607475281,0,-1,0,0,0.0,2.0,168,2.619755744934082,0,0.0,0,0.0,0,4.9135236740112305,1,6
SH,Mamba,137,787,212,212,21.200000000000003,0.32818901538848877,0.3900946378707886,4.796455383300781,6.836040019989014,0.7153300642967224,0,-1,1,107,0.5047169811320755,2.0,212,1.682533860206604,0,0.0,0,0.0,0,3.100416421890259,2,7
SH,Mamba,137,788,138,138,13.8,0.6544955372810364,0.7788359522819519,10.540545463562012,12.033087730407715,1.821807622909546,0,-1,1,138,1.0,2.0,138,1.4717060327529907,0,0.0,0,0.0,0,5.762105941772461,1,6
SH,Mamba,137,789,383,383,38.300000000000004,0.1976831555366516,0.24609141051769257,4.769429683685303,5.428827285766602,0.4203717112541199,0,-1,1,229,0.597911227154047,2.0,383,1.5868632793426514,0,0.0,0,0.0,0,9.439122200012207,1,6
SH,Mamba,137,790,776,776,77.60000000000001,0.32337820529937744,0.43806201219558716,2.886439323425293,3.1690890789031982,0.46531519293785095,0,-1,1,563,0.7255154639175257,2.0,776,1.249161720275879,0,0.0,0,0.0,0,5.235698223114014,0,5
SH,Mamba,137,791,515,515,51.5,0.31888800859451294,0.42450448870658875,5.248051166534424,7.404581546783447,0.775760293006897,0,-1,1,248,0.4815533980582524,2.0,515,1.3882447481155396,0,0.0,0,0.0,0,6.784237384796143,1,6
SH,Mamba,137,792,153,153,15.3,0.7803106307983398,1.0245040655136108,5.845347881317139,9.132216453552246,1.6789301633834839,0,-1,0,0,0.0,2.0,153,3.2921223640441895,0,0.0,0,0.0,0,23.141897201538086,1,6
SH,Mamba,137,793,573,573,57.300000000000004,0.20354042947292328,0.25321081280708313,4.423707962036133,5.342322826385498,0.4602054953575134,0,-1,1,524,0.9144851657940664,2.0,573,1.1290932893753052,0,0.0,0,0.0,0,2.854252338409424,2,7
SH,Mamba,137,794,363,363,36.300000000000004,0.3189995586872101,0.3964129686355591,3.1909384727478027,3.517390727996826,0.4359719455242157,0,-1,1,363,1.0,2.0,363,1.102434754371643,0,0.0,0,0.0,0,8.80859088897705,0,5
SH,Mamba,137,795,201,201,20.1,0.3150660991668701,0.3789186477661133,1.8030891418457031,2.3749513626098633,0.5766839981079102,0,-1,0,0,0.0,2.0,201,3.8140811920166016,0,0.0,0,0.0,0,5.374400615692139,0,5
SH,Mamba,137,796,400,400,40.0,0.34873858094215393,0.4869891405105591,3.0609493255615234,3.741424798965454,0.6201732158660889,0,-1,0,0,0.0,2.0,400,2.187213659286499,0,0.0,0,0.0,0,12.819013595581055,2,7
SH,Mamba,137,797,143,143,14.3,0.4850226938724518,0.5604274272918701,2.595560312271118,3.343635082244873,0.8919649720191956,0,-1,0,0,0.0,2.0,143,3.592042922973633,0,0.0,0,0.0,0,5.47887659072876,0,5
SH,Mamba,137,798,335,335,33.5,0.14761973917484283,0.1891871839761734,0.9499977231025696,1.4614453315734863,0.19391866028308868,0,-1,1,308,0.9194029850746268,2.0,335,1.3232592344284058,0,0.0,0,0.0,0,2.1456170082092285,0,5
SH,Mamba,137,799,454,454,45.400000000000006,0.32086172699928284,0.4078132212162018,3.1847763061523438,4.01392126083374,0.6393995881080627,0,-1,1,403,0.8876651982378855,2.0,454,0.8558930158615112,0,0.0,0,0.0,0,4.545407295227051,1,6
SH,Mamba,137,800,135,135,13.5,0.23638507723808289,0.2794767916202545,0.3487365245819092,0.434466153383255,0.16212907433509827,0,-1,1,135,1.0,2.0,135,0.7280234098434448,0,0.0,0,0.0,0,7.338299751281738,0,5
SH,Mamba,137,801,158,158,15.8,0.10513439774513245,0.12966981530189514,2.916142702102661,3.8793256282806396,0.5940030813217163,0,-1,1,88,0.5569620253164557,2.0,158,1.4743943214416504,0,0.0,0,0.0,0,41.132347106933594,0,5
SH,Mamba,137,802,172,172,17.2,0.27544891834259033,0.3628784120082855,8.129945755004883,9.51589584350586,0.7566929459571838,0,-1,0,0,0.0,2.0,172,2.1905646324157715,0,0.0,0,0.0,0,27.891321182250977,1,6
SH,Mamba,137,803,139,139,13.9,0.553051769733429,0.7256833910942078,5.3441572189331055,6.067237854003906,1.1508089303970337,0,-1,0,0,0.0,2.0,139,2.4489996433258057,0,0.0,0,0.0,0,5.091065406799316,2,7
SH,Mamba,137,804,162,162,16.2,0.3223765790462494,0.4405466914176941,1.4206492900848389,1.974298119544983,0.4903341829776764,0,-1,1,162,1.0,2.0,162,0.8172810077667236,0,0.0,0,0.0,0,10.410398483276367,2,7
SH,Mamba,137,805,133,133,13.3,0.593122124671936,1.0593266487121582,3.649623394012451,4.6839280128479,1.4584226608276367,0,-1,1,64,0.48120300751879697,2.0,133,1.7737019062042236,0,0.0,0,0.0,0,28.936235427856445,1,6
SH,Mamba,137,806,333,333,33.300000000000004,0.26846328377723694,0.379170686006546,1.1720198392868042,1.3842562437057495,0.37060537934303284,0,-1,1,79,0.23723723723723725,2.0,333,1.693367838859558,0,0.0,0,0.0,0,3.3190689086914062,1,6
SH,Mamba,137,807,592,592,59.2,0.2672269344329834,0.3594444692134857,2.287900924682617,2.915160894393921,0.2866819500923157,0,-1,1,517,0.8733108108108109,2.0,592,0.43753889203071594,0,0.0,0,0.0,0,0.6336354613304138,2,7
SH,Mamba,137,808,171,171,17.1,0.3351464867591858,0.44843021035194397,0.9252522587776184,1.2159982919692993,0.3575791120529175,0,-1,1,171,1.0,2.0,171,1.3172736167907715,0,0.0,0,0.0,0,4.731868743896484,0,5
SH,Mamba,137,809,199,199,19.900000000000002,0.34617292881011963,0.46035143733024597,2.3846592903137207,3.4022326469421387,0.505652904510498,0,-1,1,129,0.6482412060301508,2.0,199,1.4609241485595703,0,0.0,0,0.0,0,3.6074600219726562,0,5
SH,Mamba,137,810,519,519,51.900000000000006,0.2198486626148224,0.2957644760608673,1.7251152992248535,1.8949027061462402,0.23201701045036316,1,514,1,461,0.8882466281310212,2.0,514,0.0,0,0.0,0,0.0,0,0.0,0,5
SH,Mamba,137,811,226,226,22.6,0.3457432985305786,0.4450305700302124,6.098447322845459,7.137310028076172,0.6444523334503174,0,-1,1,111,0.4911504424778761,2.0,226,1.343898057937622,0,0.0,0,0.0,0,0.49721625447273254,0,5
SH,Mamba,137,812,441,441,44.1,0.2890714704990387,0.39897674322128296,2.0462512969970703,2.3363561630249023,0.39552801847457886,1,432,1,432,0.9795918367346939,2.0,432,0.0,0,0.0,0,0.0,0,0.0,1,6
SH,Mamba,137,813,221,221,22.1,0.3127845525741577,0.4016326367855072,0.5342472791671753,0.7233846187591553,0.32643210887908936,0,-1,1,221,1.0,2.0,221,1.4378563165664673,0,0.0,0,0.0,0,3.737917900085449,1,6
SH,Mamba,137,814,134,134,13.4,0.3609292209148407,0.3946414291858673,2.0288517475128174,2.4188830852508545,0.8244106769561768,0,-1,1,6,0.04477611940298507,2.0,134,1.9646176099777222,0,0.0,0,0.0,0,5.570184230804443,2,7
SH,Mamba,137,815,178,178,17.8,0.6466900110244751,0.7553209662437439,5.0368547439575195,6.208177089691162,1.6802030801773071,0,-1,0,0,0.0,2.0,178,2.178588390350342,0,0.0,0,0.0,0,10.036087989807129,0,5
SH,Mamba,137,816,242,242,24.200000000000003,0.11109139770269394,0.16414311528205872,1.6052870750427246,3.0485727787017822,0.3688161373138428,0,-1,1,84,0.34710743801652894,2.0,242,1.6427243947982788,0,0.0,0,0.0,0,45.57161331176758,0,5
SH,Mamba,137,817,147,147,14.700000000000001,0.3307352364063263,0.4112858772277832,2.8707733154296875,3.3503150939941406,0.5472835302352905,0,-1,1,147,1.0,2.0,147,1.4858261346817017,0,0.0,0,0.0,0,5.127635955810547,1,6
SH,Mamba,137,818,580,580,58.0,0.23992621898651123,0.2886410057544708,1.4365111589431763,2.046285390853882,0.3771964907646179,0,-1,1,481,0.8293103448275863,2.0,580,1.332733392715454,0,0.0,0,0.0,0,8.151030540466309,0,5
SH,Mamba,137,819,158,158,15.8,0.20046846568584442,0.24905775487422943,3.6050496101379395,4.416728496551514,0.5636096596717834,0,-1,1,158,1.0,2.0,158,1.3332825899124146,0,0.0,0,0.0,0,25.053590774536133,1,6
SH,Mamba,137,820,351,351,35.1,0.28663259744644165,0.3643702268600464,4.880053520202637,5.262699604034424,0.5079858303070068,0,-1,1,139,0.396011396011396,2.0,351,1.6936631202697754,0,0.0,0,0.0,0,8.415443420410156,2,7
SH,Mamba,137,821,170,170,17.0,0.2646167278289795,0.3696742653846741,3.713423013687134,4.486517429351807,0.5958897471427917,0,-1,0,0,0.0,2.0,170,2.807739496231079,0,0.0,0,0.0,0,8.622230529785156,0,5
SH,Mamba,137,822,236,236,23.6,0.4398227035999298,0.5676811337471008,3.1595373153686523,4.021117210388184,0.7639274597167969,0,-1,0,0,0.0,2.0,236,2.4698140621185303,0,0.0,0,0.0,0,8.67055606842041,0,5
SH,Mamba,137,823,192,192,19.200000000000003,0.37628528475761414,0.483462929725647,2.156451463699341,2.540440320968628,0.3800107538700104,0,-1,1,187,0.9739583333333334,2.0,192,1.474213719367981,0,0.0,0,0.0,0,4.969898223876953,2,7
SH,Mamba,137,824,147,147,14.700000000000001,0.1606113463640213,0.20352201163768768,0.30303192138671875,0.3376650810241699,0.16659212112426758,0,-1,0,0,0.0,2.0,147,2.1366496086120605,0,0.0,0,0.0,0,2.5393097400665283,2,7
SH,Mamba,137,825,1253,1253,125.30000000000001,0.20033825933933258,0.25265660881996155,3.1767265796661377,4.242870330810547,0.35728999972343445,0,-1,1,1253,1.0,2.0,1253,0.5348262190818787,0,0.0,0,0.0,0,5.270034313201904,0,5
SH,Mamba,137,826,155,155,15.5,0.12778182327747345,0.17380501329898834,2.0807945728302,2.480807065963745,0.157151997089386,0,-1,1,52,0.33548387096774196,2.0,155,1.4999977350234985,0,0.0,0,0.0,0,0.5295361280441284,0,5
SH,Mamba,137,827,258,258,25.8,0.3213179409503937,0.4070722758769989,3.3799901008605957,3.894984245300293,0.569941520690918,0,-1,1,258,1.0,2.0,258,1.1162798404693604,0,0.0,0,0.0,0,6.5604753494262695,2,7
SH,Mamba,137,828,202,202,20.200000000000003,0.14218051731586456,0.18964223563671112,0.2937459349632263,0.37003424763679504,0.12708431482315063,0,-1,1,202,1.0,2.0,202,1.0352602005004883,0,0.0,0,0.0,0,3.3719441890716553,2,7
SH,Mamba,137,829,132,132,13.200000000000001,0.2749888598918915,0.3328283727169037,0.7766768932342529,1.0198148488998413,0.4271804988384247,0,-1,0,0,0.0,2.0,132,2.2029969692230225,0,0.0,0,0.0,0,3.6654880046844482,1,6
SH,Mamba,137,830,143,143,14.3,0.2544515132904053,0.3100404739379883,0.5216422080993652,0.7045391201972961,0.405003160238266,0,-1,1,143,1.0,2.0,143,0.6095945835113525,0,0.0,0,0.0,0,10.008387565612793,1,6
SH,Mamba,137,831,144,144,14.4,0.3729003667831421,0.5212448835372925,1.9093023538589478,2.9116997718811035,0.6753695011138916,0,-1,1,144,1.0,2.0,144,1.4574804306030273,0,0.0,0,0.0,0,7.310218334197998,0,5
SH,Mamba,137,832,303,303,30.3,0.4371378719806671,0.5033789873123169,52.43131637573242,64.81886291503906,3.5600502490997314,0,-1,0,0,0.0,2.0,276,5.750696659088135,27,0.0891089108910891,0,0.0,0,50.77317428588867,2,7
SH,Mamba,137,833,149,149,14.9,0.16823561489582062,0.20958666503429413,5.704376697540283,7.266172409057617,0.837827205657959,0,-1,1,88,0.5906040268456376,2.0,149,1.5934009552001953,0,0.0,0,0.0,0,5.897737503051758,2,7
SH,Mamba,137,834,258,258,25.8,0.4691912829875946,0.6098641157150269,6.692799091339111,7.5883331298828125,1.109890103340149,0,-1,1,98,0.3798449612403101,2.0,258,1.5743038654327393,0,0.0,0,0.0,0,2.8316941261291504,0,5
SH,Mamba,137,835,325,325,32.5,0.23250126838684082,0.35990986227989197,0.7833987474441528,1.0932575464248657,0.19811870157718658,0,-1,1,300,0.9230769230769231,2.0,325,0.7199639081954956,0,0.0,0,0.0,0,0.5430886149406433,1,6
SH,Mamba,137,836,433,433,43.300000000000004,0.25109270215034485,0.30724823474884033,1.742950201034546,2.218674659729004,0.44842126965522766,0,-1,1,433,1.0,2.0,433,1.0407819747924805,0,0.0,0,0.0,0,2.863640785217285,2,7
SH,Mamba,137,837,138,138,13.8,0.30932751297950745,0.3481677174568176,3.9182190895080566,6.387022495269775,1.262214183807373,0,-1,0,0,0.0,2.0,138,4.459877967834473,0,0.0,0,0.0,0,52.48431396484375,2,7
SH,Mamba,137,838,345,345,34.5,0.177189901471138,0.23261447250843048,2.614741086959839,3.1191933155059814,0.40154144167900085,0,-1,1,345,1.0,2.0,345,0.8657568693161011,0,0.0,0,0.0,0,11.273649215698242,2,7
SH,Mamba,137,839,276,276,27.6,0.4965260326862335,0.7710235118865967,3.60685133934021,4.9860615730285645,0.7511225342750549,1,254,1,254,0.9202898550724637,2.0,254,0.0,0,0.0,0,0.0,0,0.0,2,7
SH,Mamba,137,840,441,441,44.1,0.3103488087654114,0.3705332577228546,5.497287273406982,7.555222034454346,0.8217830657958984,0,-1,1,431,0.9773242630385488,2.0,441,1.3014034032821655,0,0.0,0,0.0,0,7.310664176940918,0,5
SH,Mamba,137,841,330,330,33.0,0.41490039229393005,0.5456198453903198,1.0334347486495972,1.572672724723816,0.4663371741771698,0,-1,1,37,0.11212121212121212,2.0,330,1.8969141244888306,0,0.0,0,0.0,0,5.229190826416016,0,5
SH,Mamba,137,842,176,176,17.6,0.13037380576133728,0.16026298701763153,1.2669146060943604,1.4799290895462036,0.1449788510799408,0,-1,1,165,0.9375,2.0,176,1.2902404069900513,0,0.0,0,0.0,0,20.29586410522461,0,5
SH,Mamba,137,843,322,322,32.2,0.29542258381843567,0.3668261170387268,2.438816547393799,3.1795380115509033,0.5385794639587402,0,-1,1,39,0.12111801242236025,2.0,322,1.8279969692230225,0,0.0,0,0.0,0,4.6256537437438965,1,6
SH,Mamba,137,844,640,640,64.0,0.35868456959724426,0.444430947303772,3.044163465499878,4.63515567779541,0.5072917342185974,0,-1,1,640,1.0,2.0,640,1.0788581371307373,0,0.0,0,0.0,0,3.8395516872406006,2,7
SH,Mamba,137,845,463,463,46.300000000000004,0.2270730584859848,0.29369455575942993,0.5141977071762085,0.7333517670631409,0.23277448117733002,0,-1,1,377,0.8142548596112311,2.0,463,1.234371304512024,0,0.0,0,0.0,0,1.396033763885498,0,5
SH,Mamba,137,846,379,379,37.9,0.39206355810165405,0.4839313328266144,2.501626968383789,2.894735813140869,0.46606239676475525,0,-1,1,379,1.0,2.0,379,0.9528103470802307,0,0.0,0,0.0,0,5.051297187805176,0,5
SH,Mamba,137,847,182,182,18.2,0.34981968998908997,0.43676164746284485,1.815596580505371,2.022566318511963,0.37466710805892944,0,-1,1,27,0.14835164835164835,2.0,182,1.8927839994430542,0,0.0,0,0.0,0,3.3408048152923584,0,5
SH,Mamba,137,848,337,337,33.7,0.1299411952495575,0.1640697419643402,6.226828575134277,7.685225009918213,0.4525621831417084,0,-1,1,238,0.7062314540059347,2.0,337,1.3041599988937378,0,0.0,0,0.0,0,34.88626480102539,2,7
SH,Mamba,137,849,283,283,28.3,0.3930092453956604,0.47745999693870544,21.680110931396484,27.5446720123291,2.291604518890381,0,-1,0,0,0.0,2.0,283,3.782693386077881,0,0.0,0,0.0,0,38.66197204589844,0,5
SH,Mamba,137,850,162,162,16.2,0.31939780712127686,0.4352080821990967,3.2842628955841064,4.004275321960449,0.5053926706314087,0,-1,0,0,0.0,2.0,162,2.033085584640503,0,0.0,0,0.0,0,9.138603210449219,0,5
SH,Mamba,137,851,159,159,15.9,0.567793607711792,0.6872290968894958,13.124143600463867,17.40182876586914,2.4227309226989746,0,-1,0,0,0.0,2.0,159,2.944047212600708,0,0.0,0,0.0,0,5.5532331466674805,2,7
SH,Mamba,137,852,132,132,13.200000000000001,0.38243162631988525,0.4655141532421112,3.098270893096924,3.649956464767456,0.6628885865211487,0,-1,1,132,1.0,2.0,132,0.6267850995063782,0,0.0,0,0.0,0,11.793686866760254,2,7
SH,Mamba,137,853,153,153,15.3,0.32374125719070435,0.36563482880592346,6.183980464935303,8.747298240661621,1.4179513454437256,0,-1,0,0,0.0,2.0,153,2.246943950653076,0,0.0,0,0.0,0,37.16743087768555,2,7
SH,Mamba,137,854,177,177,17.7,0.24454137682914734,0.3257864713668823,13.809694290161133,18.673770904541016,2.1946029663085938,0,-1,1,177,1.0,2.0,177,1.0019742250442505,0,0.0,0,0.0,0,18.371889114379883,1,6
SH,Mamba,137,855,162,162,16.2,0.18328045308589935,0.23243261873722076,1.2157468795776367,1.5206687450408936,0.4865556061267853,0,-1,1,162,1.0,2.0,162,1.6376599073410034,0,0.0,0,0.0,0,13.718421936035156,1,6
SH,Mamba,137,856,377,377,37.7,0.21327203512191772,0.27482765913009644,3.5285353660583496,5.3608784675598145,0.44784432649612427,0,-1,1,377,1.0,2.0,377,1.1083283424377441,0,0.0,0,0.0,0,5.709812164306641,0,5
SH,Mamba,137,857,446,446,44.6,0.3706607222557068,0.49725431203842163,3.7425334453582764,4.706491947174072,0.5319368243217468,0,-1,1,10,0.02242152466367713,2.0,446,1.8624050617218018,0,0.0,0,0.0,0,3.6692733764648438,0,5
SH,Mamba,137,858,138,138,13.8,0.3007725775241852,0.37027716636657715,3.583332061767578,5.144199848175049,1.341388463973999,0,-1,0,0,0.0,2.0,138,2.739917039871216,0,0.0,0,0.0,0,71.71635437011719,0,5
SH,Mamba,137,859,172,172,17.2,0.4886729121208191,0.6418045163154602,1.4854696989059448,1.7906858921051025,0.5504735708236694,0,-1,0,0,0.0,2.0,172,2.212881326675415,0,0.0,0,0.0,0,2.0318331718444824,0,5
SH,Mamba,137,860,215,215,21.5,0.18934771418571472,0.2261095941066742,3.63486385345459,4.51721715927124,0.4615189731121063,0,-1,1,215,1.0,2.0,215,1.5556640625,0,0.0,0,0.0,0,24.971464157104492,1,6
SH,Mamba,137,861,239,239,23.900000000000002,0.184176504611969,0.2352246642112732,1.175062894821167,1.5147603750228882,0.2615121603012085,0,-1,1,202,0.8451882845188284,2.0,239,1.498936414718628,0,0.0,0,0.0,0,4.174625873565674,0,5
SH,Mamba,137,862,591,591,59.1,0.41216838359832764,0.4995654821395874,58.209197998046875,78.9844970703125,2.7351343631744385,0,-1,0,0,0.0,2.0,591,4.154708385467529,0,0.0,0,0.0,0,45.881752014160156,0,5
SH,Mamba,137,863,132,132,13.200000000000001,0.1507159024477005,0.1738373190164566,4.836974620819092,6.007571697235107,0.7404625415802002,0,-1,1,132,1.0,2.0,132,0.508285641670227,0,0.0,0,0.0,0,14.838732719421387,0,5
SH,Mamba,137,864,169,169,16.900000000000002,0.5284058451652527,0.6780676245689392,4.784811973571777,5.739013671875,0.807377815246582,0,-1,0,0,0.0,2.0,169,3.2807328701019287,0,0.0,0,0.0,0,21.601215362548828,1,6
SH,Mamba,137,865,161,161,16.1,0.2958051562309265,0.34199172258377075,2.639392614364624,3.0887932777404785,0.8888787627220154,0,-1,0,0,0.0,2.0,161,3.892688512802124,0,0.0,0,0.0,0,80.79283142089844,2,7
SH,Mamba,137,866,172,172,17.2,0.37954604625701904,0.43232351541519165,4.201266765594482,4.850380897521973,0.7673878073692322,0,-1,1,115,0.6686046511627907,2.0,172,1.5641220808029175,0,0.0,0,0.0,0,2.396240472793579,1,6
SH,Mamba,137,867,383,383,38.300000000000004,0.4292564392089844,0.6118932962417603,0.8802253007888794,1.329696774482727,0.4323755204677582,0,-1,1,383,1.0,2.0,383,0.18541988730430603,0,0.0,0,0.0,0,0.29964759945869446,2,7
SH,Mamba,137,868,141,141,14.100000000000001,0.14660263061523438,0.18505103886127472,6.889057636260986,8.608450889587402,1.0806816816329956,0,-1,1,101,0.7163120567375887,2.0,141,0.868333637714386,0,0.0,0,0.0,0,19.236196517944336,2,7
SH,Mamba,137,869,229,229,22.900000000000002,0.40159234404563904,0.4794620871543884,0.9393264055252075,1.113793134689331,0.3821200132369995,0,-1,1,229,1.0,2.0,229,1.0773710012435913,0,0.0,0,0.0,0,14.990439414978027,1,6
SH,Mamba,137,870,271,271,27.1,0.09782757610082626,0.12715096771717072,4.3947553634643555,7.385625839233398,0.7446730136871338,0,-1,0,0,0.0,2.0,271,2.2232351303100586,0,0.0,0,0.0,0,40.92672348022461,0,5
SH,Mamba,137,871,238,238,23.8,0.2679136395454407,0.33002930879592896,4.951602935791016,5.565281391143799,0.5867688655853271,0,-1,0,0,0.0,2.0,238,2.164867401123047,0,0.0,0,0.0,0,7.741240501403809,0,5
SH,Mamba,137,872,285,285,28.5,0.20259569585323334,0.24387788772583008,4.7207489013671875,6.413900852203369,0.44434279203414917,0,-1,1,245,0.8596491228070176,2.0,285,1.772767186164856,0,0.0,0,0.0,0,7.485865116119385,2,7
SH,Mamba,137,873,214,214,21.400000000000002,0.38307538628578186,0.5135430097579956,6.589568138122559,10.570998191833496,1.6722487211227417,0,-1,0,0,0.0,2.0,214,3.8317530155181885,0,0.0,0,0.0,0,8.256329536437988,0,5
SH,Mamba,137,874,136,136,13.600000000000001,0.3522387146949768,0.4324699640274048,0.9402737617492676,1.26450514793396,0.46027928590774536,0,-1,0,0,0.0,2.0,136,2.332916259765625,0,0.0,0,0.0,0,3.8798012733459473,1,6
SH,Mamba,137,875,268,268,26.8,0.14869064092636108,0.176517054438591,8.697159767150879,11.851773262023926,1.0921212434768677,0,-1,1,228,0.8507462686567164,2.0,268,1.0628780126571655,0,0.0,0,0.0,0,30.31440544128418,1,6
SH,Mamba,137,876,212,212,21.200000000000003,0.3604642450809479,0.4483993351459503,11.005433082580566,13.947324752807617,1.2677057981491089,0,-1,1,212,1.0,2.0,212,1.0096943378448486,0,0.0,0,0.0,0,10.660426139831543,1,6
SH,Mamba,137,877,277,277,27.700000000000003,0.2672078311443329,0.3405918776988983,0.7468112111091614,0.8738912343978882,0.24939513206481934,0,-1,1,277,1.0,2.0,277,0.61134272813797,0,0.0,0,0.0,0,1.0051734447479248,1,6
SH,Mamba,137,878,193,193,19.3,0.39175960421562195,0.517509400844574,3.4106600284576416,3.9078569412231445,0.6524301767349243,0,-1,1,193,1.0,2.0,193,1.4015473127365112,0,0.0,0,0.0,0,6.39742374420166,1,6
SH,Mamba,137,879,157,157,15.700000000000001,0.24133014678955078,0.3354793190956116,0.32024529576301575,0.3767744302749634,0.22104497253894806,0,-1,0,0,0.0,2.0,157,2.015393018722534,0,0.0,0,0.0,0,3.858818292617798,1,6
SH,Mamba,137,880,131,131,13.100000000000001,0.2866702079772949,0.33830398321151733,6.773725986480713,8.315378189086914,1.0145626068115234,0,-1,0,0,0.0,2.0,131,2.2764546871185303,0,0.0,0,0.0,0,9.86616039276123,0,5
SH,Mamba,137,881,383,383,38.300000000000004,0.2770194411277771,0.34373581409454346,2.528825283050537,3.57590913772583,0.4567469358444214,0,-1,1,383,1.0,2.0,383,1.1808079481124878,0,0.0,0,0.0,0,7.551809310913086,0,5
SH,Mamba,137,882,230,230,23.0,0.15078969299793243,0.18128801882266998,6.27542781829834,7.138846397399902,0.45820707082748413,0,-1,1,31,0.13478260869565217,2.0,230,1.6990082263946533,0,0.0,0,0.0,0,33.606719970703125,2,7
SH,Mamba,137,883,139,139,13.9,0.4288780391216278,0.48950353264808655,5.046870231628418,5.830146312713623,0.8358922600746155,0,-1,1,40,0.28776978417266186,2.0,139,1.9622167348861694,0,0.0,0,0.0,0,4.314352512359619,0,5
SH,Mamba,137,884,338,338,33.800000000000004,0.17653411626815796,0.24171797931194305,1.1698628664016724,1.5112671852111816,0.24255047738552094,0,-1,1,318,0.9408284023668639,2.0,338,1.1942106485366821,0,0.0,0,0.0,0,1.3674567937850952,0,5
SH,Mamba,137,885,357,357,35.7,0.31394946575164795,0.4171658158302307,33.36091995239258,51.77384567260742,3.940504312515259,0,-1,1,357,1.0,2.0,357,1.0952386856079102,0,0.0,0,0.0,0,31.412031173706055,2,7
SH,Mamba,137,886,304,304,30.400000000000002,0.2760106921195984,0.34377673268318176,2.273977041244507,2.9346067905426025,0.6392766237258911,0,-1,1,304,1.0,2.0,304,0.5087941884994507,0,0.0,0,0.0,0,7.233670234680176,0,5
SH,Mamba,137,887,162,162,16.2,0.428024560213089,0.6148430705070496,3.3267478942871094,4.43773078918457,0.7316704392433167,0,-1,1,162,1.0,2.0,162,0.8994507789611816,0,0.0,0,0.0,0,6.6707611083984375,2,7
SH,Mamba,137,888,172,172,17.2,0.2692886292934418,0.37206754088401794,13.113147735595703,15.869791984558105,1.5448554754257202,0,-1,1,172,1.0,2.0,172,0.7410765290260315,0,0.0,0,0.0,0,14.359850883483887,2,7
SH,Mamba,137,889,301,301,30.1,0.17598724365234375,0.22769401967525482,1.2983496189117432,1.547791600227356,0.29817336797714233,0,-1,1,301,1.0,2.0,301,0.5777349472045898,0,0.0,0,0.0,0,12.571041107177734,1,6
SH,Mamba,137,890,288,288,28.8,0.24786703288555145,0.3266758620738983,1.0280649662017822,1.2546864748001099,0.27339109778404236,1,282,1,282,0.9791666666666666,2.0,282,0.0,0,0.0,0,0.0,0,0.0,1,6
SH,Mamba,137,891,237,237,23.700000000000003,0.5119150876998901,0.6089473962783813,8.70206069946289,9.65296459197998,1.110253095626831,0,-1,0,0,0.0,2.0,237,2.2977399826049805,0,0.0,0,0.0,0,12.53170394897461,1,6
SH,Mamba,137,892,510,510,51.0,0.23731181025505066,0.33011117577552795,1.7180334329605103,2.2985599040985107,0.3455670177936554,0,-1,1,448,0.8784313725490196,2.0,510,1.2120518684387207,0,0.0,0,0.0,0,3.7080814838409424,2,7
SH,Mamba,137,893,235,235,23.5,0.23257538676261902,0.2776886820793152,1.7344145774841309,2.2834110260009766,0.4821668863296509,0,-1,1,76,0.32340425531914896,2.0,235,1.9432605504989624,0,0.0,0,0.0,0,7.652351379394531,1,6
SH,Mamba,137,894,163,163,16.3,0.2505977749824524,0.28787165880203247,5.5098137855529785,6.363422393798828,0.7743751406669617,0,-1,0,0,0.0,2.0,163,2.4246914386749268,0,0.0,0,0.0,0,22.722972869873047,0,5
SH,Mamba,137,895,309,309,30.900000000000002,0.386395663022995,0.49049991369247437,2.1219193935394287,2.58497953414917,0.40261024236679077,0,-1,1,309,1.0,2.0,309,1.178457498550415,0,0.0,0,0.0,0,5.041374206542969,1,6
SH,Mamba,137,896,312,312,31.200000000000003,0.3058711588382721,0.36429059505462646,7.008634090423584,7.965749740600586,0.960037112236023,0,-1,1,227,0.7275641025641025,2.0,312,1.6811914443969727,0,0.0,0,0.0,0,11.481245994567871,2,7
SH,Mamba,137,897,173,173,17.3,0.2905535399913788,0.3961714506149292,0.7561700940132141,0.8448205590248108,0.2640789747238159,0,-1,1,173,1.0,2.0,173,0.5519436597824097,0,0.0,0,0.0,0,0.6006644368171692,2,7
SH,Mamba,137,898,397,397,39.7,0.28396081924438477,0.4028202295303345,9.088363647460938,10.031685829162598,0.720162034034729,0,-1,1,397,1.0,2.0,397,0.9570919275283813,0,0.0,0,0.0,0,3.950460195541382,1,6
SH,Mamba,137,899,327,327,32.7,0.25604575872421265,0.3720124661922455,17.624813079833984,22.90340805053711,1.3035495281219482,0,-1,1,322,0.9847094801223242,2.0,327,1.1969499588012695,0,0.0,0,0.0,0,4.928856372833252,2,7
SH,Mamba,137,900,596,596,59.6,0.17720328271389008,0.23337580263614655,22.489709854125977,25.763561248779297,0.6444514989852905,0,-1,1,219,0.3674496644295302,2.0,596,1.6408051252365112,0,0.0,0,0.0,0,10.12157154083252,0,5
SH,Mamba,137,901,225,225,22.5,0.19656503200531006,0.2542693316936493,3.4177451133728027,4.366762161254883,0.43785497546195984,0,-1,1,225,1.0,2.0,225,1.079477310180664,0,0.0,0,0.0,0,6.651453495025635,1,6
SH,Mamba,137,902,185,185,18.5,0.32146844267845154,0.39131858944892883,1.5084726810455322,2.2707457542419434,0.485956072807312,0,-1,1,185,1.0,2.0,185,0.8453733921051025,0,0.0,0,0.0,0,4.017948627471924,2,7
SH,Mamba,137,903,196,196,19.6,0.34246331453323364,0.4334437847137451,1.7401926517486572,2.3181967735290527,0.5363931655883789,0,-1,1,165,0.8418367346938775,2.0,196,1.1287604570388794,0,0.0,0,0.0,0,0.9893774390220642,2,7
SH,Mamba,137,904,147,147,14.700000000000001,0.16428716480731964,0.20042265951633453,1.7170581817626953,1.8777416944503784,0.26281043887138367,0,-1,1,73,0.4965986394557823,2.0,147,1.5614442825317383,0,0.0,0,0.0,0,34.35770034790039,0,5
SH,Mamba,137,905,465,465,46.5,0.421785444021225,0.527366578578949,1.4914838075637817,1.6370314359664917,0.3167971670627594,1,460,1,453,0.9741935483870968,2.0,460,0.0,0,0.0,0,0.0,0,0.0,1,6
SH,Mamba,137,906,198,198,19.8,0.21899046003818512,0.2779473066329956,0.9469027519226074,1.1759141683578491,0.292848140001297,0,-1,1,198,1.0,2.0,198,1.2779741287231445,0,0.0,0,0.0,0,5.677873611450195,0,5
SH,Mamba,137,907,338,338,33.800000000000004,0.7373942732810974,0.9455166459083557,119.70838165283203,140.3892822265625,6.131418228149414,0,-1,0,0,0.0,2.0,338,2.521906852722168,0,0.0,0,0.0,0,30.603517532348633,1,6
SH,Mamba,137,908,404,404,40.400000000000006,0.15495535731315613,0.1985161453485489,7.4979023933410645,8.94313907623291,1.1441080570220947,0,-1,1,266,0.6584158415841584,2.0,404,1.7401087284088135,0,0.0,0,0.0,0,33.43024826049805,1,6
SH,Mamba,137,909,146,146,14.600000000000001,0.2946556508541107,0.36772945523262024,1.1964607238769531,1.5273786783218384,0.4414520263671875,0,-1,0,0,0.0,2.0,146,5.932997703552246,0,0.0,0,0.0,0,3.59633731842041,0,5
SH,Mamba,137,910,174,174,17.400000000000002,0.14727990329265594,0.1851963996887207,8.311519622802734,10.455741882324219,1.2142033576965332,0,-1,0,0,0.0,2.0,174,2.676482915878296,0,0.0,0,0.0,0,55.02947998046875,0,5
SH,Mamba,137,911,150,150,15.0,0.39309820532798767,0.4499601423740387,2.0172078609466553,2.347872495651245,0.5154324769973755,0,-1,1,150,1.0,2.0,150,1.4316332340240479,0,0.0,0,0.0,0,14.437506675720215,2,7
SH,Mamba,137,912,1480,1480,148.0,0.2926316559314728,0.3777696192264557,2.0772507190704346,2.821955919265747,0.4438905417919159,0,-1,1,1480,1.0,2.0,1480,0.8871827721595764,0,0.0,0,0.0,0,2.0408742427825928,1,6
SH,Mamba,137,913,292,292,29.200000000000003,0.3930533826351166,0.5020399689674377,2.5990607738494873,3.2220866680145264,0.7089765071868896,0,-1,1,292,1.0,2.0,292,1.1866260766983032,0,0.0,0,0.0,0,2.832143783569336,2,7
SH,Mamba,137,914,225,225,22.5,0.2980755567550659,0.5816712975502014,4.891359806060791,6.43551778793335,0.7557530999183655,0,-1,1,225,1.0,2.0,225,1.2763206958770752,0,0.0,0,0.0,0,17.96691131591797,2,7
SH,Mamba,137,915,2679,2679,267.90000000000003,0.21825681626796722,0.2940138578414917,4.581488609313965,4.83047342300415,0.2614023983478546,0,-1,1,2425,0.9051885031728257,2.0,2679,1.0329197645187378,0,0.0,0,0.0,0,3.059823513031006,2,7
SH,Mamba,137,916,204,204,20.400000000000002,0.35603034496307373,0.400607705116272,15.789902687072754,18.541797637939453,1.3729267120361328,0,-1,1,117,0.5735294117647058,2.0,204,1.1266590356826782,0,0.0,0,0.0,0,12.902536392211914,0,5
SH,Mamba,137,917,2008,2008,200.8,0.2822744846343994,0.35881975293159485,1.8618019819259644,2.2128753662109375,0.36641180515289307,0,-1,1,1624,0.8087649402390438,2.0,2008,1.070338249206543,0,0.0,0,0.0,0,1.800062894821167,2,7
SH,Mamba,137,918,625,625,62.5,0.2775099277496338,0.3433153033256531,1.0696014165878296,1.2510533332824707,0.3107684552669525,0,-1,1,526,0.8416,2.0,625,1.2238390445709229,0,0.0,0,0.0,0,2.083878517150879,0,5
SH,Mamba,137,919,233,233,23.3,0.15925277769565582,0.2146378606557846,2.8367762565612793,3.225983142852783,0.2895737290382385,0,-1,0,0,0.0,2.0,233,4.066002368927002,0,0.0,0,0.0,0,5.489393711090088,0,5
SH,Mamba,137,920,131,131,13.100000000000001,0.4832683503627777,0.8547417521476746,3.484468460083008,4.698962211608887,0.7677485942840576,0,-1,1,131,1.0,2.0,131,0.831544041633606,0,0.0,0,0.0,0,8.584426879882812,1,6
SH,Mamba,137,921,180,180,18.0,0.10638836026191711,0.13556697964668274,2.830756902694702,4.004158973693848,0.5808191299438477,0,-1,0,0,0.0,2.0,180,2.2176601886749268,0,0.0,0,0.0,0,70.17808532714844,2,7
SH,Mamba,137,922,198,198,19.8,0.27540847659111023,0.3440268039703369,0.8302178382873535,0.956910252571106,0.30139821767807007,0,-1,1,198,1.0,2.0,198,0.38621821999549866,0,0.0,0,0.0,0,0.26205065846443176,1,6
SH,Mamba,137,923,353,353,35.300000000000004,0.14070811867713928,0.17283746600151062,1.888365626335144,2.0681817531585693,0.15613919496536255,0,-1,1,353,1.0,2.0,353,1.4921942949295044,0,0.0,0,0.0,0,9.839816093444824,0,5
SH,Mamba,137,924,250,250,25.0,0.16179460287094116,0.19609346985816956,8.771350860595703,9.836573600769043,0.6285304427146912,0,-1,1,9,0.036,2.0,250,1.9319140911102295,0,0.0,0,0.0,0,33.87455749511719,0,5
SH,Mamba,137,925,316,316,31.6,0.16467051208019257,0.2064162641763687,6.096179008483887,7.241901397705078,0.49532443284988403,0,-1,1,316,1.0,2.0,316,1.1774921417236328,0,0.0,0,0.0,0,24.578758239746094,1,6
SH,Mamba,137,926,394,394,39.400000000000006,0.2534275949001312,0.3562319576740265,3.178483486175537,4.498543739318848,0.6872376799583435,0,-1,1,234,0.5939086294416244,2.0,394,1.5445140600204468,0,0.0,0,0.0,0,20.923681259155273,2,7
SH,Mamba,137,927,263,263,26.3,0.0634964182972908,0.08308395743370056,2.343254566192627,2.717491388320923,0.1537841111421585,0,-1,0,0,0.0,2.0,263,3.0831542015075684,0,0.0,0,0.0,0,81.54457092285156,0,5
SH,Mamba,137,928,181,181,18.1,0.41449713706970215,0.47916120290756226,2.8568153381347656,3.7421090602874756,0.5836182236671448,0,-1,1,181,1.0,2.0,181,0.9492603540420532,0,0.0,0,0.0,0,3.5646328926086426,2,7
SH,Mamba,137,929,177,177,17.7,0.32609477639198303,0.3922143280506134,1.303377389907837,1.4210991859436035,0.4908200800418854,0,-1,1,177,1.0,2.0,177,0.8977711200714111,0,0.0,0,0.0,0,12.639666557312012,2,7
SH,Mamba,137,930,227,227,22.700000000000003,0.23868708312511444,0.31133171916007996,1.2488974332809448,1.687013030052185,0.5193456411361694,0,-1,1,227,1.0,2.0,227,0.7207505702972412,0,0.0,0,0.0,0,12.631949424743652,1,6
SH,Mamba,137,931,266,266,26.6,0.31348979473114014,0.3933078944683075,2.3663883209228516,3.1699109077453613,0.4120635688304901,1,258,1,258,0.9699248120300752,2.0,258,0.0,0,0.0,0,0.0,0,0.0,1,6
SH,Mamba,137,932,204,204,20.400000000000002,0.1800185889005661,0.20221279561519623,7.848755359649658,9.388615608215332,0.751956582069397,0,-1,0,0,0.0,2.0,204,2.7230618000030518,0,0.0,0,0.0,0,47.181671142578125,1,6
SH,Mamba,137,933,188,188,18.8,0.2586658298969269,0.3498520255088806,1.7012299299240112,2.155038356781006,0.318674772977829,0,-1,1,23,0.12234042553191489,2.0,188,1.9468955993652344,0,0.0,0,0.0,0,2.069096326828003,0,5
SH,Mamba,137,934,175,175,17.5,0.26009401679039,0.3207645118236542,0.15930630266666412,0.19183200597763062,0.164194256067276,0,-1,0,0,0.0,2.0,175,2.6396524906158447,0,0.0,0,0.0,0,2.8181724548339844,2,7
SH,Mamba,137,935,166,166,16.6,0.5731717944145203,0.7717611789703369,3.674785852432251,5.337492942810059,0.8101284503936768,0,-1,1,166,1.0,2.0,166,1.0974065065383911,0,0.0,0,0.0,0,9.642120361328125,2,7
SH,Mamba,137,936,151,151,15.100000000000001,0.2257695198059082,0.3046494126319885,10.055257797241211,11.779402732849121,1.2377560138702393,0,-1,0,0,0.0,2.0,151,4.008346080780029,0,0.0,0,0.0,0,7.776989459991455,0,5
SH,Mamba,137,937,187,187,18.7,0.21164493262767792,0.2704223692417145,6.588930606842041,8.049229621887207,0.6866678595542908,0,-1,1,187,1.0,2.0,187,1.2553390264511108,0,0.0,0,0.0,0,18.656003952026367,2,7
SH,Mamba,137,938,329,329,32.9,0.12057073414325714,0.1528092324733734,6.201699733734131,8.484495162963867,0.46954345703125,0,-1,0,0,0.0,2.0,329,2.662705659866333,0,0.0,0,0.0,0,58.32381820678711,2,7
SH,Mamba,137,939,652,652,65.2,0.30897220969200134,0.44630107283592224,4.101043701171875,5.1121110916137695,0.5360262989997864,0,-1,1,350,0.5368098159509203,2.0,652,1.2848058938980103,0,0.0,0,0.0,0,3.7848570346832275,0,5
SH,Mamba,137,940,173,173,17.3,0.3947705924510956,0.48366212844848633,3.4315185546875,4.746828079223633,0.8393179774284363,0,-1,1,173,1.0,2.0,173,1.1371859312057495,0,0.0,0,0.0,0,13.27752685546875,0,5
SH,Mamba,137,941,916,916,91.60000000000001,0.18233820796012878,0.23490585386753082,8.454708099365234,9.563313484191895,0.2662864327430725,0,-1,1,916,1.0,2.0,916,0.6309500336647034,0,0.0,0,0.0,0,9.97228717803955,2,7
SH,Mamba,137,942,225,225,22.5,0.252341628074646,0.3374672532081604,4.614001274108887,6.714641094207764,0.6850709915161133,1,212,1,101,0.4488888888888889,2.0,212,0.0,0,0.0,0,0.0,0,0.0,0,5
SH,Mamba,137,943,186,186,18.6,0.39039576053619385,0.47688090801239014,3.5720386505126953,4.217560768127441,1.158280372619629,0,-1,0,0,0.0,2.0,186,2.589106321334839,0,0.0,0,0.0,0,9.924559593200684,1,6
SH,Mamba,137,944,416,416,41.6,0.2197934091091156,0.28030991554260254,1.3346856832504272,1.5427324771881104,0.2528698444366455,0,-1,1,416,1.0,2.0,416,0.23433341085910797,0,0.0,0,0.0,0,0.2242146134376526,1,6
SH,Mamba,137,945,255,255,25.5,0.23195908963680267,0.3071076571941376,0.9191781282424927,1.322113037109375,0.3171297013759613,0,-1,1,181,0.7098039215686275,2.0,255,1.527023434638977,0,0.0,0,0.0,0,3.510814905166626,1,6
SH,Mamba,137,946,220,220,22.0,0.29948607087135315,0.37843313813209534,15.747537612915039,18.484027862548828,1.335130214691162,0,-1,1,99,0.45,2.0,220,1.7175779342651367,0,0.0,0,0.0,0,13.399717330932617,0,5
SH,Mamba,137,947,187,187,18.7,0.4154895544052124,0.5495898127555847,1.0605841875076294,1.495248794555664,0.5153235197067261,0,-1,1,187,1.0,2.0,187,0.9942275285720825,0,0.0,0,0.0,0,1.7110573053359985,0,5
SH,Mamba,137,948,232,232,23.200000000000003,0.3816097378730774,0.4810999035835266,0.9182281494140625,1.2241737842559814,0.401362806558609,0,-1,1,232,1.0,2.0,232,0.5215386748313904,0,0.0,0,0.0,0,1.0693799257278442,1,6
SH,Mamba,137,949,182,182,18.2,0.4366477429866791,0.5236702561378479,11.752546310424805,14.433700561523438,1.40924072265625,0,-1,0,0,0.0,2.0,182,2.936375856399536,0,0.0,0,0.0,0,24.26874542236328,1,6
SH,Mamba,137,950,174,174,17.400000000000002,0.3298763334751129,0.3735754191875458,1.0207366943359375,1.3511590957641602,0.5016032457351685,0,-1,1,174,1.0,2.0,174,0.9899209141731262,0,0.0,0,0.0,0,8.951784133911133,1,6
SH,Mamba,137,951,829,829,82.9,0.23868969082832336,0.3164803981781006,2.7094671726226807,3.076613426208496,0.2913675010204315,0,-1,1,829,1.0,2.0,829,1.1138262748718262,0,0.0,0,0.0,0,9.020965576171875,1,6
SH,Mamba,137,952,325,325,32.5,0.1809932291507721,0.22978287935256958,2.9537436962127686,4.46864652633667,0.49763327836990356,0,-1,1,325,1.0,2.0,325,0.9878036379814148,0,0.0,0,0.0,0,14.70012092590332,1,6
SH,Mamba,137,953,201,201,20.1,0.13835293054580688,0.16988028585910797,6.428092002868652,8.925592422485352,1.109159231185913,0,-1,1,53,0.263681592039801,2.0,201,1.7556272745132446,0,0.0,0,0.0,0,31.650047302246094,1,6
SH,Mamba,137,954,197,197,19.700000000000003,0.2543972432613373,0.31565719842910767,2.5321576595306396,3.006039619445801,0.719155490398407,0,-1,0,0,0.0,2.0,197,2.3800766468048096,0,0.0,0,0.0,0,21.58966064453125,1,6
SH,Mamba,137,955,223,223,22.3,0.333352267742157,0.44382718205451965,3.0446865558624268,3.6478590965270996,0.6119768023490906,0,-1,0,0,0.0,2.0,223,3.13154673576355,0,0.0,0,0.0,0,5.868331432342529,2,7
SH,Mamba,137,956,208,208,20.8,0.26403191685676575,0.3250287175178528,1.038063883781433,1.2527564764022827,0.30187129974365234,0,-1,0,0,0.0,2.0,208,2.5079705715179443,0,0.0,0,0.0,0,4.706348419189453,2,7
SH,Mamba,137,957,159,159,15.9,0.3022821247577667,0.45350927114486694,0.7146528959274292,0.9074919819831848,0.4661135971546173,0,-1,1,159,1.0,2.0,159,0.5239380598068237,0,0.0,0,0.0,0,1.4005217552185059,0,5
SH,Mamba,137,958,189,189,18.900000000000002,0.5957525372505188,0.7980527281761169,5.526984691619873,8.054847717285156,2.269482135772705,0,-1,1,110,0.582010582010582,2.0,189,0.6247637271881104,0,0.0,0,0.0,0,14.168801307678223,1,6
SH,Mamba,137,959,230,230,23.0,0.22481481730937958,0.30330902338027954,0.7786291837692261,1.1943005323410034,0.31858688592910767,0,-1,1,230,1.0,2.0,230,0.7944068908691406,0,0.0,0,0.0,0,6.916759490966797,1,6
SH,Mamba,137,960,221,221,22.1,0.28934118151664734,0.4173124134540558,0.8380666375160217,1.1439735889434814,0.29112860560417175,1,205,1,205,0.9276018099547512,2.0,205,0.0,0,0.0,0,0.0,0,0.0,2,7
SH,Mamba,137,961,167,167,16.7,0.2457820028066635,0.30894243717193604,2.721799612045288,3.3306496143341064,0.3955201506614685,0,-1,0,0,0.0,2.0,167,2.4286630153656006,0,0.0,0,0.0,0,12.619270324707031,0,5
SH,Mamba,137,962,209,209,20.900000000000002,0.3612555265426636,0.5780295133590698,3.5338900089263916,4.475553035736084,0.8467786908149719,0,-1,0,0,0.0,2.0,209,2.635784864425659,0,0.0,0,0.0,0,28.22461700439453,1,6
SH,Mamba,137,963,705,705,70.5,0.3671574592590332,0.495327889919281,9.25791072845459,11.135727882385254,0.9422347545623779,0,-1,1,557,0.7900709219858156,2.0,705,1.2637455463409424,0,0.0,0,0.0,0,3.2143757343292236,1,6
SH,Mamba,137,964,133,133,13.3,0.20937953889369965,0.27538368105888367,1.2340766191482544,1.3237156867980957,0.24650871753692627,0,-1,1,76,0.5714285714285714,2.0,133,0.9571197628974915,0,0.0,0,0.0,0,0.34565144777297974,2,7
SH,Mamba,137,965,204,204,20.400000000000002,0.2512073814868927,0.35242947936058044,4.305943012237549,4.9852142333984375,0.4119873344898224,0,-1,1,179,0.8774509803921569,2.0,204,1.3651800155639648,0,0.0,0,0.0,0,4.006131172180176,2,7
SH,Mamba,137,966,144,144,14.4,0.2568873167037964,0.3183389902114868,9.150527954101562,11.671917915344238,1.748314380645752,0,-1,1,40,0.2777777777777778,2.0,144,1.8234449625015259,0,0.0,0,0.0,0,32.442138671875,1,6
SH,Mamba,137,967,752,752,75.2,0.23613160848617554,0.2964753806591034,6.510196685791016,7.701912879943848,0.5579830408096313,0,-1,1,585,0.7779255319148937,2.0,752,0.975753664970398,0,0.0,0,0.0,0,21.44533348083496,2,7
SH,Mamba,137,968,191,191,19.1,0.17621305584907532,0.21807067096233368,1.8999534845352173,2.253948450088501,0.5254133939743042,0,-1,0,0,0.0,2.0,191,2.0445923805236816,0,0.0,0,0.0,0,43.47146987915039,1,6
SH,Mamba,137,969,361,361,36.1,0.6483253240585327,1.0214365720748901,14.658368110656738,17.665790557861328,1.2559621334075928,0,-1,1,274,0.7590027700831025,2.0,361,1.371651530265808,0,0.0,0,0.0,0,7.913951873779297,2,7
SH,Mamba,137,970,300,300,30.0,0.18473920226097107,0.2720348834991455,2.4642443656921387,2.8879356384277344,0.24802327156066895,0,-1,1,300,1.0,2.0,300,0.6579610705375671,0,0.0,0,0.0,0,1.697367548942566,2,7
SH,Mamba,137,971,376,376,37.6,0.13670723140239716,0.1894175410270691,10.608358383178711,12.179193496704102,0.5685204267501831,0,-1,1,376,1.0,2.0,376,1.0127630233764648,0,0.0,0,0.0,0,17.96937370300293,1,6
SH,Mamba,137,972,631,631,63.1,0.2434312254190445,0.3492354452610016,6.01010799407959,8.458635330200195,0.858896017074585,0,-1,1,250,0.39619651347068147,2.0,631,1.7748972177505493,0,0.0,0,0.0,0,6.508137226104736,0,5
SH,Mamba,137,973,176,176,17.6,0.7434482574462891,0.9190738797187805,39.49931716918945,53.883975982666016,6.425836086273193,0,-1,0,0,0.0,2.0,93,6.930330276489258,83,0.4715909090909091,0,0.0,0,36.32167053222656,1,6
SH,Mamba,137,974,386,386,38.6,0.19880308210849762,0.26217585802078247,1.7944623231887817,2.249221086502075,0.3219679296016693,0,-1,1,369,0.9559585492227979,2.0,386,1.3993037939071655,0,0.0,0,0.0,0,5.131862640380859,2,7
SH,Mamba,137,975,224,224,22.400000000000002,0.3870721757411957,0.4473997950553894,6.073418140411377,8.7330322265625,1.3952722549438477,0,-1,0,0,0.0,2.0,224,3.5689263343811035,0,0.0,0,0.0,0,8.979776382446289,1,6
SH,Mamba,137,976,460,460,46.0,0.2162409871816635,0.26553845405578613,21.75106430053711,26.52156639099121,1.0663070678710938,0,-1,1,418,0.908695652173913,2.0,460,0.9776058793067932,0,0.0,0,0.0,0,26.56894874572754,0,5
SH,Mamba,137,977,193,193,19.3,0.1276743859052658,0.15892557799816132,3.5668840408325195,4.35114860534668,0.3197328746318817,0,-1,1,193,1.0,2.0,193,0.3906018137931824,0,0.0,0,0.0,0,7.417259216308594,2,7
SH,Mamba,137,978,162,162,16.2,0.1800668090581894,0.23067890107631683,5.215253829956055,7.057576656341553,0.9218636751174927,0,-1,1,101,0.6234567901234568,2.0,162,1.6282908916473389,0,0.0,0,0.0,0,31.626766204833984,0,5
SH,Mamba,137,979,134,134,13.4,0.1498030424118042,0.1906704604625702,0.6734312176704407,0.9959049224853516,0.19760310649871826,0,-1,1,129,0.9626865671641791,2.0,134,1.7926242351531982,0,0.0,0,0.0,0,26.546443939208984,0,5
SH,Mamba,137,980,207,207,20.700000000000003,0.1909504234790802,0.25364476442337036,1.8467562198638916,2.2447478771209717,0.21281051635742188,1,205,1,202,0.9758454106280193,2.0,205,0.0,0,0.0,0,0.0,0,0.0,0,5
SH,Mamba,137,981,306,306,30.6,0.20350240170955658,0.2828267514705658,2.0048725605010986,2.9042019844055176,0.47210580110549927,0,-1,1,256,0.8366013071895425,2.0,306,1.5642132759094238,0,0.0,0,0.0,0,7.221402645111084,1,6
SH,Mamba,137,982,277,277,27.700000000000003,0.20803754031658173,0.24091613292694092,8.682902336120605,9.673666000366211,0.5182193517684937,0,-1,1,277,1.0,2.0,277,0.4677985608577728,0,0.0,0,0.0,0,8.465888977050781,2,7
SH,Mamba,137,983,530,530,53.0,0.25428977608680725,0.3702557682991028,2.012895107269287,2.5084784030914307,0.5630255937576294,0,-1,1,530,1.0,2.0,530,0.8689455986022949,0,0.0,0,0.0,0,10.210736274719238,1,6
SH,Mamba,137,984,153,153,15.3,0.30920273065567017,0.37475940585136414,4.639930725097656,5.430720806121826,0.4965726435184479,0,-1,1,86,0.5620915032679739,2.0,153,1.8054596185684204,0,0.0,0,0.0,0,22.30298614501953,0,5
SH,Mamba,137,985,159,159,15.9,0.3177679181098938,0.385349839925766,2.738002061843872,4.089399337768555,0.38651615381240845,0,-1,1,42,0.2641509433962264,2.0,159,0.43001678586006165,0,0.0,0,0.0,0,0.067414790391922,1,6
SH,Mamba,137,986,173,173,17.3,0.24287068843841553,0.30860912799835205,2.5227317810058594,2.8923003673553467,0.40031176805496216,0,-1,1,173,1.0,2.0,173,1.42529296875,0,0.0,0,0.0,0,12.890069007873535,1,6
SH,Mamba,137,987,161,161,16.1,0.23999203741550446,0.29254046082496643,2.8218703269958496,4.602017402648926,0.8380033373832703,0,-1,1,161,1.0,2.0,161,0.7836000919342041,0,0.0,0,0.0,0,6.8478498458862305,0,5
SH,Mamba,137,988,219,219,21.900000000000002,0.4167022705078125,0.493704229593277,12.214747428894043,14.950705528259277,1.478617548942566,0,-1,0,0,0.0,2.0,219,2.603781223297119,0,0.0,0,0.0,0,5.815774440765381,1,6
SH,Mamba,137,989,272,272,27.200000000000003,0.30430248379707336,0.4325934648513794,2.332010269165039,2.8066864013671875,0.6471322774887085,0,-1,1,73,0.26838235294117646,2.0,272,1.7650909423828125,0,0.0,0,0.0,0,3.9902524948120117,0,5
SH,Mamba,137,990,304,304,30.400000000000002,0.1346249133348465,0.17527279257774353,14.454998016357422,18.43401527404785,1.0702276229858398,0,-1,1,192,0.631578947368421,2.0,304,1.6554163694381714,0,0.0,0,0.0,0,5.643606662750244,1,6
SH,Mamba,137,991,494,494,49.400000000000006,0.32979312539100647,0.40006425976753235,2.772024154663086,3.5903127193450928,0.6266072392463684,0,-1,1,398,0.805668016194332,2.0,494,0.8812743425369263,0,0.0,0,0.0,0,11.817538261413574,0,5
SH,Mamba,137,992,137,137,13.700000000000001,0.27489039301872253,0.32129308581352234,1.2647080421447754,1.4474223852157593,0.43032851815223694,0,-1,0,0,0.0,2.0,137,2.9443559646606445,0,0.0,0,0.0,0,4.652725696563721,2,7
SH,Mamba,137,993,274,274,27.400000000000002,0.41958004236221313,0.5331823229789734,1.3307048082351685,1.9040154218673706,0.661215603351593,0,-1,1,274,1.0,2.0,274,0.6320592164993286,0,0.0,0,0.0,0,3.728026866912842,0,5
SH,Mamba,137,994,364,364,36.4,0.28691592812538147,0.3422141373157501,7.338779449462891,8.307751655578613,0.5132981538772583,0,-1,1,364,1.0,2.0,364,1.1660802364349365,0,0.0,0,0.0,0,5.0656538009643555,1,6
SH,Mamba,137,995,426,426,42.6,0.12521152198314667,0.15484154224395752,2.002342939376831,2.3925774097442627,0.31663623452186584,0,-1,1,391,0.9178403755868545,2.0,426,1.2378298044204712,0,0.0,0,0.0,0,15.582255363464355,0,5
SH,Mamba,137,996,197,197,19.700000000000003,0.3503429591655731,0.4125638008117676,20.139892578125,24.73567008972168,2.2847259044647217,0,-1,0,0,0.0,2.0,197,3.89086651802063,0,0.0,0,0.0,0,61.72883224487305,2,7
SH,Mamba,137,997,673,673,67.3,0.30674371123313904,0.39147111773490906,12.938502311706543,14.822622299194336,0.7364135384559631,0,-1,1,134,0.19910846953937592,2.0,673,1.829641342163086,0,0.0,0,0.0,0,6.399247169494629,1,6
SH,Mamba,137,998,456,456,45.6,0.1953490525484085,0.2873968482017517,1.8144335746765137,1.9935109615325928,0.22432975471019745,1,429,1,429,0.9407894736842105,2.0,429,0.0,0,0.0,0,0.0,0,0.0,0,5
SH,Mamba,137,999,311,311,31.1,0.5393053889274597,0.7169361114501953,7.803709983825684,10.80419921875,1.3314168453216553,0,-1,1,311,1.0,2.0,311,0.949493944644928,0,0.0,0,0.0,0,5.65315580368042,1,6
SH,Mamba,137,1000,235,235,23.5,0.30040955543518066,0.39779677987098694,5.848803520202637,7.532321929931641,1.4956574440002441,0,-1,1,235,1.0,2.0,235,1.3151459693908691,0,0.0,0,0.0,0,14.956148147583008,2,7
SH,Mamba,137,1001,401,401,40.1,0.28466132283210754,0.41321903467178345,1.423863172531128,2.1853296756744385,0.46106505393981934,0,-1,1,401,1.0,2.0,401,0.7452294826507568,0,0.0,0,0.0,0,5.116394996643066,0,5
SH,Mamba,137,1002,482,482,48.2,0.41148295998573303,0.4995677173137665,3.4431238174438477,4.785972595214844,0.5573885440826416,1,477,1,477,0.9896265560165975,2.0,477,0.0,0,0.0,0,0.0,0,0.0,0,5
SH,Mamba,137,1003,279,279,27.900000000000002,0.3395172953605652,0.43857333064079285,0.6815364956855774,0.9776944518089294,0.3707294762134552,0,-1,1,279,1.0,2.0,279,1.0572683811187744,0,0.0,0,0.0,0,3.8171157836914062,1,6
SH,Mamba,137,1004,146,146,14.600000000000001,0.3496200740337372,0.43033477663993835,2.854275703430176,3.4128856658935547,0.8051464557647705,0,-1,1,54,0.3698630136986301,2.0,146,1.9392672777175903,0,0.0,0,0.0,0,9.460761070251465,1,6
SH,Mamba,137,1005,386,386,38.6,0.5707963109016418,0.8026950359344482,5.990002155303955,7.570295333862305,1.0898505449295044,0,-1,0,0,0.0,2.0,386,2.1081178188323975,0,0.0,0,0.0,0,5.541895389556885,1,6
SH,Mamba,137,1006,331,331,33.1,0.37878528237342834,0.5784215331077576,2.4022011756896973,3.2782535552978516,0.6297978758811951,0,-1,1,331,1.0,2.0,331,1.0800048112869263,0,0.0,0,0.0,0,5.351955890655518,2,7
SH,Mamba,137,1007,166,166,16.6,0.23804301023483276,0.2956978678703308,6.807478904724121,8.987334251403809,1.1941208839416504,0,-1,0,0,0.0,2.0,166,2.476754903793335,0,0.0,0,0.0,0,62.469566345214844,0,5
SH,Mamba,137,1008,343,343,34.300000000000004,0.18945424258708954,0.23031072318553925,5.884622097015381,7.231035232543945,0.6079414486885071,0,-1,1,343,1.0,2.0,343,0.18304495513439178,0,0.0,0,0.0,0,3.6484804153442383,0,5
SH,Mamba,137,1009,366,366,36.6,0.23387987911701202,0.29548048973083496,2.447662591934204,3.285003423690796,0.4080953598022461,0,-1,1,146,0.3989071038251366,2.0,366,0.8033393621444702,0,0.0,0,0.0,0,0.3890272378921509,0,5
SH,Mamba,137,1010,383,383,38.300000000000004,0.17766641080379486,0.2733962833881378,2.577486515045166,2.865166187286377,0.24479940533638,1,373,1,348,0.9086161879895561,2.0,373,0.0,0,0.0,0,0.0,0,0.0,1,6
SH,Mamba,137,1011,132,132,13.200000000000001,0.20610949397087097,0.2365409880876541,0.6106204390525818,0.9599664807319641,0.4091432988643646,0,-1,0,0,0.0,2.0,132,4.389183521270752,0,0.0,0,0.0,0,49.082061767578125,1,6
SH,Mamba,137,1012,246,246,24.6,0.1146099641919136,0.14739201962947845,2.6747779846191406,3.1002984046936035,0.13299110531806946,0,-1,1,124,0.5040650406504065,2.0,246,1.2505245208740234,0,0.0,0,0.0,0,29.62508773803711,1,6
SH,Mamba,137,1013,767,767,76.7,0.304267555475235,0.507138729095459,1.545027732849121,2.9757375717163086,0.5903098583221436,0,-1,1,150,0.19556714471968709,2.0,767,1.7261011600494385,0,0.0,0,0.0,0,9.266861915588379,2,7
SH,Mamba,137,1014,490,490,49.0,0.3312058448791504,0.40518417954444885,5.444439888000488,6.953428268432617,0.6850374341011047,0,-1,1,490,1.0,2.0,490,0.8129745721817017,0,0.0,0,0.0,0,6.527961254119873,2,7
SH,Mamba,137,1015,311,311,31.1,0.14004892110824585,0.18175984919071198,2.276247024536133,2.5313901901245117,0.25003209710121155,0,-1,1,311,1.0,2.0,311,0.6548254489898682,0,0.0,0,0.0,0,16.109573364257812,0,5
SH,Mamba,137,1016,222,222,22.200000000000003,0.22442485392093658,0.30260422825813293,9.785065650939941,12.05010986328125,0.9152987599372864,0,-1,1,222,1.0,2.0,222,0.9705052375793457,0,0.0,0,0.0,0,7.191697120666504,1,6
SH,Mamba,137,1017,269,269,26.900000000000002,0.16868312656879425,0.21627840399742126,3.5956220626831055,5.725998401641846,0.8419362306594849,0,-1,1,70,0.26022304832713755,2.0,269,1.7981854677200317,0,0.0,0,0.0,0,37.9467887878418,2,7
SH,Mamba,137,1018,364,364,36.4,0.27986010909080505,0.37353837490081787,1.351463794708252,1.7009705305099487,0.369516521692276,1,350,1,350,0.9615384615384616,2.0,350,0.0,0,0.0,0,0.0,0,0.0,2,7
SH,Mamba,137,1019,257,257,25.700000000000003,0.25249743461608887,0.33804216980934143,2.4606411457061768,2.933243751525879,0.48179134726524353,0,-1,1,257,1.0,2.0,257,0.9719024896621704,0,0.0,0,0.0,0,4.299927234649658,0,5
SH,Mamba,137,1020,173,173,17.3,0.1537318080663681,0.20693178474903107,0.3711935877799988,0.5471038222312927,0.22675415873527527,0,-1,1,173,1.0,2.0,173,0.5780124664306641,0,0.0,0,0.0,0,13.864891052246094,2,7
SH,Mamba,137,1021,842,842,84.2,0.14294251799583435,0.18125522136688232,5.066813945770264,6.048370361328125,0.3887726664543152,0,-1,1,623,0.7399049881235155,2.0,842,0.5535992383956909,0,0.0,0,0.0,0,10.178139686584473,1,6
SH,Mamba,137,1022,217,217,21.700000000000003,0.38944029808044434,0.5113508105278015,7.28604793548584,8.183281898498535,0.9969453811645508,0,-1,0,0,0.0,2.0,217,2.417884349822998,0,0.0,0,0.0,0,7.1524529457092285,1,6
SH,Mamba,137,1023,139,139,13.9,0.46120837330818176,0.5474626421928406,13.228093147277832,16.76903533935547,2.389096260070801,0,-1,1,139,1.0,2.0,139,1.2322742938995361,0,0.0,0,0.0,0,18.046188354492188,1,6
SH,Mamba,137,1024,174,174,17.400000000000002,0.3812619745731354,0.5081759691238403,2.6554834842681885,4.459218502044678,1.0242325067520142,0,-1,1,59,0.3390804597701149,2.0,174,1.7170919179916382,0,0.0,0,0.0,0,14.126004219055176,2,7
SH,Mamba,137,1025,291,291,29.1,0.2201596349477768,0.25315356254577637,18.730558395385742,22.44208335876465,1.206073522567749,0,-1,1,245,0.8419243986254296,2.0,291,0.7189029455184937,0,0.0,0,0.0,0,22.084430694580078,0,5
SH,Mamba,137,1026,338,338,33.800000000000004,0.31597205996513367,0.409136027097702,1.7715787887573242,2.1103923320770264,0.3858644962310791,1,325,1,325,0.9615384615384616,2.0,325,0.0,0,0.0,0,0.0,0,0.0,2,7
SH,Mamba,137,1027,413,413,41.300000000000004,0.23320609331130981,0.2901718020439148,1.8188049793243408,2.0575919151306152,0.24320490658283234,0,-1,1,368,0.8910411622276029,2.0,413,0.9284430146217346,0,0.0,0,0.0,0,0.5543117523193359,0,5
SH,Mamba,137,1028,332,332,33.2,0.11639980226755142,0.17616042494773865,4.658041477203369,6.945201396942139,0.4906458556652069,0,-1,0,0,0.0,2.0,332,2.0748281478881836,0,0.0,0,0.0,0,50.21493911743164,2,7
SH,Mamba,137,1029,224,224,22.400000000000002,0.22924065589904785,0.3432144522666931,4.197722434997559,5.496587753295898,0.5045782327651978,0,-1,1,3,0.013392857142857142,2.0,224,1.9895918369293213,0,0.0,0,0.0,0,12.965609550476074,2,7
SH,Mamba,137,1030,319,319,31.900000000000002,0.2033132165670395,0.3170386552810669,4.1764235496521,4.568061351776123,0.5512612462043762,0,-1,1,57,0.1786833855799373,2.0,319,1.888434648513794,0,0.0,0,0.0,0,13.807333946228027,1,6
SH,Mamba,137,1031,150,150,15.0,0.29907935857772827,0.385171115398407,3.9052367210388184,5.412604331970215,0.8383749127388,0,-1,1,150,1.0,2.0,150,1.0708507299423218,0,0.0,0,0.0,0,19.770458221435547,0,5
SH,Mamba,137,1032,185,185,18.5,0.23450148105621338,0.28364384174346924,2.4283928871154785,3.0631721019744873,0.4389409124851227,0,-1,1,71,0.3837837837837838,2.0,185,1.7092044353485107,0,0.0,0,0.0,0,2.282028913497925,0,5
SH,Mamba,137,1033,178,178,17.8,0.3576269745826721,0.4782644510269165,3.0487289428710938,4.049907207489014,0.5593571662902832,0,-1,1,178,1.0,2.0,178,1.0258475542068481,0,0.0,0,0.0,0,9.336844444274902,0,5
SH,Mamba,137,1034,182,182,18.2,0.40522754192352295,0.4726676046848297,5.739467144012451,6.732309341430664,1.0186764001846313,0,-1,0,0,0.0,2.0,182,2.8151683807373047,0,0.0,0,0.0,0,2.011171340942383,2,7
SH,Mamba,137,1035,359,359,35.9,0.24455450475215912,0.3256191313266754,3.832002639770508,4.542102336883545,0.4196523129940033,0,-1,1,45,0.12534818941504178,2.0,359,1.5665313005447388,0,0.0,0,0.0,0,2.8486738204956055,1,6
SH,Mamba,137,1036,145,145,14.5,0.4783715009689331,0.5731685161590576,0.974704921245575,1.167574167251587,0.50301194190979,0,-1,1,106,0.7310344827586207,2.0,145,1.2274019718170166,0,0.0,0,0.0,0,1.132744312286377,0,5
SH,Mamba,137,1037,476,476,47.6,0.34895190596580505,0.42953088879585266,4.934753894805908,7.402958393096924,0.5017179846763611,0,-1,1,400,0.8403361344537815,2.0,476,1.371773600578308,0,0.0,0,0.0,0,2.813539505004883,2,7
SH,Mamba,137,1038,229,229,22.900000000000002,0.15419618785381317,0.20457665622234344,4.901054859161377,5.517032623291016,0.44023510813713074,0,-1,1,201,0.8777292576419214,2.0,229,1.4067178964614868,0,0.0,0,0.0,0,0.27072766423225403,2,7
SH,Mamba,137,1039,145,145,14.5,0.22550342977046967,0.26549187302589417,7.62144660949707,9.301621437072754,1.2128971815109253,0,-1,1,145,1.0,2.0,145,1.3912155628204346,0,0.0,0,0.0,0,11.239616394042969,1,6
SH,Mamba,137,1040,158,158,15.8,0.1995869278907776,0.2241995632648468,3.604780673980713,4.267093181610107,0.5731703639030457,0,-1,1,158,1.0,2.0,158,1.7190890312194824,0,0.0,0,0.0,0,26.617258071899414,2,7
SH,Mamba,137,1041,135,135,13.5,0.14304609596729279,0.21720975637435913,3.273841142654419,3.707648515701294,0.4124557375907898,0,-1,0,0,0.0,2.0,135,2.6173202991485596,0,0.0,0,0.0,0,84.50777435302734,1,6
SH,Mamba,137,1042,494,494,49.400000000000006,0.17548252642154694,0.2416929304599762,3.201749801635742,3.7051000595092773,0.2632284164428711,0,-1,1,405,0.819838056680162,2.0,494,0.8124464750289917,0,0.0,0,0.0,0,1.1145192384719849,1,6
SH,Mamba,137,1043,351,351,35.1,0.13228252530097961,0.15302883088588715,3.125972032546997,3.5807268619537354,0.5427882075309753,0,-1,1,351,1.0,2.0,351,1.0044119358062744,0,0.0,0,0.0,0,24.66108512878418,0,5
SH,Mamba,137,1044,236,236,23.6,0.22721543908119202,0.30806997418403625,1.7341691255569458,2.3233158588409424,0.21728800237178802,1,230,1,172,0.7288135593220338,2.0,230,0.0,0,0.0,0,0.0,0,0.0,1,6
SH,Mamba,137,1045,137,137,13.700000000000001,0.4313940405845642,0.6078504920005798,1.7550857067108154,2.2358744144439697,0.5398615598678589,0,-1,0,0,0.0,2.0,137,2.917539358139038,0,0.0,0,0.0,0,4.691120624542236,0,5
SH,Mamba,137,1046,391,391,39.1,0.24101795256137848,0.3935408890247345,3.9210569858551025,4.379820346832275,0.3549966514110565,0,-1,1,351,0.8976982097186701,2.0,391,1.1961551904678345,0,0.0,0,0.0,0,3.919189929962158,1,6
SH,Mamba,137,1047,158,158,15.8,0.26491355895996094,0.3563731908798218,1.1636710166931152,1.3853349685668945,0.30283984541893005,1,151,1,151,0.9556962025316456,2.0,151,0.0,0,0.0,0,0.0,0,0.0,0,5
SH,Mamba,137,1048,185,185,18.5,0.3683370351791382,0.44974204897880554,3.302253246307373,3.8470656871795654,0.6478400230407715,0,-1,0,0,0.0,2.0,185,2.449009418487549,0,0.0,0,0.0,0,7.723730087280273,1,6
SH,Mamba,137,1049,202,202,20.200000000000003,0.6998756527900696,0.8685239553451538,1.8787083625793457,3.2281668186187744,1.0818064212799072,0,-1,1,202,1.0,2.0,202,0.8199710845947266,0,0.0,0,0.0,0,3.570199489593506,0,5
SH,Mamba,137,1050,440,440,44.0,0.2039874643087387,0.24671335518360138,1.318516731262207,1.9429563283920288,0.2957066595554352,0,-1,1,398,0.9045454545454545,2.0,440,1.137451410293579,0,0.0,0,0.0,0,2.173877239227295,2,7
SH,Mamba,137,1051,147,147,14.700000000000001,0.20725500583648682,0.26917997002601624,1.6569597721099854,2.234224796295166,0.37027719616889954,0,-1,0,0,0.0,2.0,147,2.009817361831665,0,0.0,0,0.0,0,3.6573798656463623,1,6
SH,Mamba,137,1052,145,145,14.5,0.2868243455886841,0.33966681361198425,3.4143455028533936,4.361865997314453,0.6666302680969238,0,-1,1,112,0.7724137931034483,2.0,145,1.6610143184661865,0,0.0,0,0.0,0,24.891098022460938,2,7
SH,Mamba,137,1053,350,350,35.0,0.2716216444969177,0.34433725476264954,1.6345372200012207,2.0680928230285645,0.4161797761917114,0,-1,1,337,0.9628571428571429,2.0,350,1.3034203052520752,0,0.0,0,0.0,0,3.627173900604248,2,7
SH,Mamba,137,1054,194,194,19.400000000000002,0.17518755793571472,0.21040084958076477,1.6257494688034058,2.1538922786712646,0.40178337693214417,0,-1,1,113,0.5824742268041238,2.0,194,1.7959445714950562,0,0.0,0,0.0,0,8.21815299987793,1,6
SH,Mamba,137,1055,145,145,14.5,0.08820053935050964,0.10264580696821213,3.5882513523101807,4.654239654541016,0.6760534048080444,0,-1,1,64,0.4413793103448276,2.0,145,0.8764145970344543,0,0.0,0,0.0,0,25.760597229003906,0,5
SH,Mamba,137,1056,150,150,15.0,0.3300442099571228,0.45074301958084106,4.059739589691162,6.070573806762695,0.8994207978248596,0,-1,1,104,0.6933333333333334,2.0,150,0.8399702310562134,0,0.0,0,0.0,0,23.02309799194336,1,6
SH,Mamba,137,1057,199,199,19.900000000000002,0.15893760323524475,0.19986172020435333,4.4716691970825195,5.431488990783691,0.5455995202064514,0,-1,1,199,1.0,2.0,199,1.3734256029129028,0,0.0,0,0.0,0,26.83738899230957,1,6
SH,Mamba,137,1058,1055,1055,105.5,0.22402425110340118,0.279610276222229,5.100193023681641,5.748359680175781,0.43347904086112976,0,-1,1,1055,1.0,2.0,1055,0.368965744972229,0,0.0,0,0.0,0,4.29811429977417,2,7
SH,Mamba,137,1059,177,177,17.7,0.281510591506958,0.3428055942058563,2.0834295749664307,3.3657422065734863,0.6189484000205994,0,-1,1,164,0.9265536723163842,2.0,177,1.5050681829452515,0,0.0,0,0.0,0,8.802732467651367,0,5
SH,Mamba,137,1060,481,481,48.1,0.09985540062189102,0.12768374383449554,1.3656386137008667,1.7851392030715942,0.199763685464859,0,-1,1,481,1.0,2.0,481,0.8718181848526001,0,0.0,0,0.0,0,17.12481117248535,2,7
SH,Mamba,137,1061,1235,1235,123.5,0.2820189595222473,0.3598771095275879,1.7892473936080933,2.529879093170166,0.33963319659233093,0,-1,1,1235,1.0,2.0,1235,0.5673762559890747,0,0.0,0,0.0,0,0.8862274289131165,2,7
SH,Mamba,137,1062,142,142,14.200000000000001,0.22318227589130402,0.27900195121765137,1.0631520748138428,1.5338795185089111,0.389024555683136,0,-1,0,0,0.0,2.0,142,2.029454469680786,0,0.0,0,0.0,0,6.721410274505615,1,6
SH,Mamba,137,1063,612,612,61.2,0.4471614956855774,0.5176606178283691,6.521968841552734,7.540298938751221,0.8132673501968384,0,-1,1,540,0.8823529411764706,2.0,612,0.9624300599098206,0,0.0,0,0.0,0,11.586219787597656,1,6
SH,Mamba,137,1064,212,212,21.200000000000003,0.23982204496860504,0.3238886892795563,1.694298267364502,1.8819319009780884,0.26024898886680603,0,-1,1,94,0.44339622641509435,2.0,212,1.6993627548217773,0,0.0,0,0.0,0,9.144645690917969,2,7
SH,Mamba,137,1065,370,370,37.0,0.1099671870470047,0.13874030113220215,4.972275733947754,7.1997246742248535,0.6583846807479858,0,-1,1,35,0.0945945945945946,2.0,370,1.5876997709274292,0,0.0,0,0.0,0,45.78273391723633,2,7
SH,Mamba,137,1066,363,363,36.300000000000004,0.3792515695095062,0.46003350615501404,1.0531156063079834,1.250441551208496,0.4606471657752991,0,-1,1,274,0.7548209366391184,2.0,363,1.5101617574691772,0,0.0,0,0.0,0,4.147980213165283,1,6
SH,Mamba,137,1067,159,159,15.9,0.6672728657722473,0.9100715517997742,3.4698870182037354,4.154096603393555,0.8175352215766907,0,-1,1,159,1.0,2.0,159,0.951132595539093,0,0.0,0,0.0,0,2.5734896659851074,2,7
SH,Mamba,137,1068,526,526,52.6,0.24634195864200592,0.31563258171081543,1.4077491760253906,1.737224817276001,0.40770816802978516,0,-1,1,365,0.6939163498098859,2.0,526,1.3722636699676514,0,0.0,0,0.0,0,0.9323339462280273,2,7
SH,Mamba,137,1069,152,152,15.200000000000001,0.1793099045753479,0.24588538706302643,4.8333353996276855,6.1487717628479,0.7562181949615479,0,-1,1,152,1.0,2.0,152,0.9467222690582275,0,0.0,0,0.0,0,19.179855346679688,2,7
SH,Mamba,137,1070,200,200,20.0,0.49798640608787537,0.58475661277771,5.944660186767578,7.43956184387207,1.1645219326019287,0,-1,1,168,0.84,2.0,200,1.3115121126174927,0,0.0,0,0.0,0,1.3895400762557983,0,5
SH,Mamba,137,1071,667,667,66.7,0.316645085811615,0.42924627661705017,5.077307224273682,5.432451248168945,0.45468875765800476,0,-1,1,667,1.0,2.0,667,1.117832064628601,0,0.0,0,0.0,0,8.979907989501953,2,7
SH,Mamba,137,1072,254,254,25.400000000000002,0.5359921455383301,0.7512019872665405,4.847619533538818,10.245635986328125,1.7014129161834717,0,-1,1,36,0.14173228346456693,2.0,254,1.841156005859375,0,0.0,0,0.0,0,4.10547399520874,0,5
SH,Mamba,137,1073,270,270,27.0,0.3173607587814331,0.3722454905509949,3.434995412826538,3.985896587371826,0.7433430552482605,0,-1,1,79,0.29259259259259257,2.0,270,1.7509208917617798,0,0.0,0,0.0,0,1.5955034494400024,1,6
SH,Mamba,137,1074,538,538,53.800000000000004,0.22486688196659088,0.28102150559425354,1.6726586818695068,2.079787492752075,0.308616042137146,0,-1,1,538,1.0,2.0,538,0.9400174617767334,0,0.0,0,0.0,0,4.3195061683654785,0,5
SH,Mamba,137,1075,483,483,48.300000000000004,0.2455715537071228,0.2995734214782715,8.810982704162598,10.547891616821289,0.7207623720169067,0,-1,1,226,0.46790890269151136,2.0,483,0.9566778540611267,0,0.0,0,0.0,0,15.83560562133789,0,5
SH,Mamba,137,1076,273,273,27.3,0.21053892374038696,0.29543524980545044,0.5127254128456116,0.6325086355209351,0.28876596689224243,0,-1,1,23,0.08424908424908426,2.0,273,1.474339246749878,0,0.0,0,0.0,0,0.9760358333587646,1,6
SH,Mamba,137,1077,837,837,83.7,0.30030229687690735,0.420934796333313,3.304974317550659,4.407264232635498,0.3776322901248932,1,835,1,302,0.36081242532855434,2.0,835,0.0,0,0.0,0,0.0,0,0.0,2,7
SH,Mamba,137,1078,269,269,26.900000000000002,0.25277337431907654,0.30677732825279236,6.9924211502075195,7.639008045196533,0.5296663641929626,0,-1,1,269,1.0,2.0,269,1.4893653392791748,0,0.0,0,0.0,0,5.260127067565918,2,7
SH,Mamba,137,1079,325,325,32.5,0.31958842277526855,0.3984554409980774,4.509178161621094,5.5941996574401855,0.6238970756530762,0,-1,1,149,0.4584615384615385,2.0,325,1.7350068092346191,0,0.0,0,0.0,0,7.199201583862305,2,7
SH,Mamba,137,1080,441,441,44.1,0.24744975566864014,0.29552382230758667,2.6384623050689697,2.9096078872680664,0.31744909286499023,0,-1,1,441,1.0,2.0,441,1.1253411769866943,0,0.0,0,0.0,0,17.30323028564453,2,7
SH,Mamba,137,1081,168,168,16.8,0.26704326272010803,0.31885987520217896,2.814066171646118,3.1214914321899414,0.44347453117370605,0,-1,1,162,0.9642857142857143,2.0,168,1.400607705116272,0,0.0,0,0.0,0,8.692152976989746,2,7
SH,Mamba,137,1082,191,191,19.1,0.2290026843547821,0.27857354283332825,1.1707590818405151,1.4331419467926025,0.2918539345264435,0,-1,1,191,1.0,2.0,191,1.0635061264038086,0,0.0,0,0.0,0,2.836092948913574,2,7
SH,Mamba,137,1083,301,301,30.1,0.13141000270843506,0.16477257013320923,6.237731456756592,7.029684543609619,0.31846219301223755,0,-1,1,301,1.0,2.0,301,0.8051851987838745,0,0.0,0,0.0,0,15.23771858215332,0,5
SH,Mamba,137,1084,146,146,14.600000000000001,0.22954843938350677,0.2537079155445099,8.039151191711426,10.928317070007324,1.6589441299438477,0,-1,1,33,0.22602739726027396,2.0,146,1.3555023670196533,0,0.0,0,0.0,0,31.580717086791992,2,7
SH,Mamba,137,1085,194,194,19.400000000000002,0.23409463465213776,0.29099494218826294,0.7997252345085144,0.9751253724098206,0.3391048312187195,0,-1,1,194,1.0,2.0,194,0.9494631290435791,0,0.0,0,0.0,0,2.8366994857788086,2,7
SH,Mamba,137,1086,368,368,36.800000000000004,0.34239086508750916,0.4561966359615326,8.215191841125488,11.31629467010498,1.2636131048202515,0,-1,0,0,0.0,2.0,368,2.5800604820251465,0,0.0,0,0.0,0,4.896360874176025,1,6
SH,Mamba,137,1087,138,138,13.8,0.23103125393390656,0.2957138419151306,1.6104915142059326,1.8560223579406738,0.37607327103614807,0,-1,0,0,0.0,2.0,138,2.0282294750213623,0,0.0,0,0.0,0,2.2865099906921387,1,6
SH,Mamba,137,1088,662,662,66.2,0.3285122513771057,0.3924427330493927,10.990118980407715,13.062088966369629,0.6521126627922058,0,-1,1,84,0.1268882175226586,2.0,662,1.882126808166504,0,0.0,0,0.0,0,31.610761642456055,2,7
SH,Mamba,137,1089,149,149,14.9,0.17089085280895233,0.19924291968345642,6.886011123657227,9.215691566467285,1.3931547403335571,0,-1,0,0,0.0,2.0,149,3.208134651184082,0,0.0,0,0.0,0,55.408966064453125,0,5
SH,Mamba,137,1090,193,193,19.3,0.5728258490562439,0.6364763379096985,13.81699275970459,15.808595657348633,1.9670413732528687,0,-1,0,0,0.0,2.0,193,3.166794538497925,0,0.0,0,0.0,0,17.02859115600586,0,5
SH,Mamba,137,1091,400,400,40.0,0.24517640471458435,0.3223211467266083,2.4400107860565186,2.795982599258423,0.27126049995422363,0,-1,1,400,1.0,2.0,400,0.9535929560661316,0,0.0,0,0.0,0,4.391045570373535,1,6
SH,Mamba,137,1092,401,401,40.1,0.20562024414539337,0.2663719654083252,2.1976287364959717,2.435661792755127,0.1978209912776947,1,390,1,390,0.972568578553616,2.0,390,0.0,0,0.0,0,0.0,0,0.0,1,6
SH,Mamba,137,1093,324,324,32.4,0.2555873990058899,0.3179799020290375,8.953187942504883,11.939620018005371,0.8005762696266174,0,-1,1,225,0.6944444444444444,2.0,324,0.5883159637451172,0,0.0,0,0.0,0,14.00476360321045,1,6
SH,Mamba,137,1094,1075,1075,107.5,0.2611258327960968,0.3542449176311493,4.200571060180664,5.128353595733643,0.37007373571395874,1,1059,1,1059,0.9851162790697674,2.0,1059,0.0,0,0.0,0,0.0,0,0.0,0,5
SH,Mamba,137,1095,308,308,30.8,0.35502052307128906,0.5076056718826294,2.41684627532959,2.8790111541748047,1.3734954595565796,1,155,1,155,0.5032467532467533,2.0,155,0.0,0,0.0,0,0.0,0,0.0,2,7
SH,Mamba,137,1096,644,644,64.4,0.29646846652030945,0.3857223391532898,0.9577642679214478,1.161454677581787,0.4319327175617218,0,-1,1,644,1.0,2.0,644,0.7590757012367249,0,0.0,0,0.0,0,5.230676174163818,2,7
SH,Mamba,137,1097,155,155,15.5,0.4209110736846924,0.5604743361473083,10.534217834472656,14.366305351257324,1.9754611253738403,0,-1,1,155,1.0,2.0,155,1.2834159135818481,0,0.0,0,0.0,0,4.6387434005737305,1,6
SH,Mamba,137,1098,163,163,16.3,0.09589552879333496,0.12301161885261536,3.0087685585021973,4.183688163757324,0.4885142147541046,0,-1,0,0,0.0,2.0,163,2.7353506088256836,0,0.0,0,0.0,0,28.836566925048828,1,6
SH,Mamba,137,1099,258,258,25.8,0.23809051513671875,0.30261602997779846,12.755653381347656,17.76309585571289,1.498354196548462,0,-1,0,0,0.0,2.0,258,2.2065067291259766,0,0.0,0,0.0,0,15.484114646911621,1,6
SH,Mamba,137,1100,156,156,15.600000000000001,0.36938172578811646,0.4829923212528229,1.2632654905319214,1.57468581199646,0.3234591484069824,0,-1,1,156,1.0,2.0,156,0.7898579835891724,0,0.0,0,0.0,0,5.741679668426514,1,6
SH,Mamba,137,1101,232,232,23.200000000000003,0.18065185844898224,0.211852565407753,0.6432421207427979,0.8770281672477722,0.11019587516784668,0,-1,1,138,0.5948275862068966,2.0,232,1.145987868309021,0,0.0,0,0.0,0,1.4908534288406372,2,7
SH,Mamba,137,1102,338,338,33.800000000000004,0.2783946990966797,0.3363264799118042,2.7751481533050537,4.121444225311279,0.7213126420974731,0,-1,1,338,1.0,2.0,338,0.8413384556770325,0,0.0,0,0.0,0,8.949596405029297,0,5
SH,Mamba,137,1103,633,633,63.300000000000004,0.21847324073314667,0.26789844036102295,3.6890580654144287,4.290987491607666,0.36284640431404114,1,598,1,379,0.5987361769352291,2.0,598,0.0,0,0.0,0,0.0,0,0.0,2,7
SH,Mamba,137,1104,138,138,13.8,0.15884876251220703,0.1812349110841751,1.248645544052124,1.9545762538909912,0.4671870172023773,0,-1,0,0,0.0,2.0,138,2.1330788135528564,0,0.0,0,0.0,0,24.158836364746094,2,7
SH,Mamba,137,1105,283,283,28.3,0.23938454687595367,0.30345824360847473,4.698843002319336,5.780666351318359,0.6480095982551575,0,-1,1,228,0.8056537102473498,2.0,283,1.5204384326934814,0,0.0,0,0.0,0,6.476883411407471,0,5
SH,Mamba,137,1106,238,238,23.8,0.18766190111637115,0.23688168823719025,6.144553184509277,6.9021806716918945,0.459543377161026,0,-1,0,0,0.0,2.0,238,2.3798375129699707,0,0.0,0,0.0,0,13.136286735534668,1,6
SH,Mamba,137,1107,200,200,20.0,0.29908353090286255,0.40508797764778137,2.606044054031372,4.1534905433654785,0.7044894695281982,0,-1,1,200,1.0,2.0,200,1.4004005193710327,0,0.0,0,0.0,0,17.18169403076172,1,6
SH,Mamba,137,1108,315,315,31.5,0.453797310590744,0.6147691607475281,26.546117782592773,30.47882652282715,1.921731948852539,0,-1,0,0,0.0,2.0,315,2.1431806087493896,0,0.0,0,0.0,0,12.634459495544434,2,7
SH,Mamba,137,1109,136,136,13.600000000000001,0.3601948022842407,0.4594987630844116,2.6099023818969727,3.134613275527954,0.9584698677062988,0,-1,0,0,0.0,2.0,136,6.892313003540039,0,0.0,0,0.0,0,10.962801933288574,2,7
SH,Mamba,137,1110,220,220,22.0,0.307284414768219,0.3564646542072296,1.255165696144104,1.6677942276000977,0.6219777464866638,0,-1,1,31,0.1409090909090909,2.0,220,1.8584100008010864,0,0.0,0,0.0,0,14.663973808288574,1,6
SH,Mamba,137,1111,184,184,18.400000000000002,0.5103549361228943,0.5894215106964111,29.194246292114258,37.22371292114258,4.093268394470215,0,-1,0,0,0.0,2.0,184,3.634324789047241,0,0.0,0,0.0,0,45.87069320678711,0,5
SH,Mamba,137,1112,177,177,17.7,0.5076112747192383,0.6799554228782654,6.1421051025390625,6.624817848205566,0.8350198864936829,0,-1,1,80,0.4519774011299435,2.0,177,1.7481251955032349,0,0.0,0,0.0,0,5.691749572753906,1,6
SH,Mamba,137,1113,253,253,25.3,0.27948322892189026,0.3528539836406708,12.73042106628418,14.986393928527832,1.1384871006011963,0,-1,0,0,0.0,2.0,253,3.9330532550811768,0,0.0,0,0.0,0,69.38207244873047,1,6
SH,Mamba,137,1114,178,178,17.8,0.40568113327026367,0.5151693820953369,3.1511895656585693,4.0190019607543945,0.8538280725479126,0,-1,1,140,0.7865168539325843,2.0,178,1.2956210374832153,0,0.0,0,0.0,0,2.527528762817383,1,6
SH,Mamba,137,1115,274,274,27.400000000000002,0.4372696578502655,0.5609464645385742,7.524281978607178,10.087867736816406,1.4136581420898438,0,-1,0,0,0.0,2.0,274,2.247403860092163,0,0.0,0,0.0,0,3.3563194274902344,1,6
SH,Mamba,137,1116,282,282,28.200000000000003,0.20547838509082794,0.269804447889328,3.9721264839172363,4.039350986480713,0.28813695907592773,0,-1,1,282,1.0,2.0,282,0.9943952560424805,0,0.0,0,0.0,0,4.703245639801025,1,6
SH,Mamba,137,1117,148,148,14.8,0.24215100705623627,0.29570358991622925,4.163242340087891,4.835063457489014,0.6391417980194092,0,-1,0,0,0.0,2.0,148,2.198443651199341,0,0.0,0,0.0,0,6.216805458068848,0,5
SH,Mamba,137,1118,373,373,37.300000000000004,0.18369577825069427,0.21777640283107758,8.25008773803711,10.536660194396973,0.7035881876945496,0,-1,1,165,0.44235924932975873,2.0,373,1.7697257995605469,0,0.0,0,0.0,0,25.907400131225586,1,6
SH,Mamba,137,1119,204,204,20.400000000000002,1.0346674919128418,1.2306842803955078,17.888391494750977,20.636947631835938,2.860166549682617,0,-1,0,0,0.0,2.0,204,2.482055425643921,0,0.0,0,0.0,0,18.676738739013672,0,5
SH,Mamba,137,1120,198,198,19.8,0.1321902573108673,0.1864270120859146,11.201095581054688,13.583562850952148,1.264272928237915,0,-1,1,7,0.03535353535353535,2.0,198,1.9366815090179443,0,0.0,0,0.0,0,40.44943618774414,2,7
SH,Mamba,137,1121,332,332,33.2,0.5445857048034668,0.7134366631507874,21.254638671875,29.507299423217773,2.057941436767578,0,-1,0,0,0.0,2.0,332,2.6102092266082764,0,0.0,0,0.0,0,31.552827835083008,2,7
SH,Mamba,137,1122,207,207,20.700000000000003,0.3341962993144989,0.41593316197395325,1.1498249769210815,1.394632339477539,0.3360469937324524,0,-1,0,0,0.0,2.0,207,2.1046791076660156,0,0.0,0,0.0,0,6.0663676261901855,1,6
SH,Mamba,137,1123,878,878,87.80000000000001,0.34734463691711426,0.44192612171173096,3.290815591812134,3.945819854736328,0.4528825283050537,1,870,1,738,0.8405466970387244,2.0,870,0.0,0,0.0,0,0.0,0,0.0,1,6
SH,Mamba,137,1124,208,208,20.8,0.3905395269393921,0.4737936854362488,12.074478149414062,13.454876899719238,1.0907623767852783,0,-1,1,208,1.0,2.0,208,1.231281042098999,0,0.0,0,0.0,0,7.457347869873047,0,5
SH,Mamba,137,1125,225,225,22.5,0.35351547598838806,0.45847782492637634,6.7332868576049805,8.283160209655762,1.0404964685440063,0,-1,1,225,1.0,2.0,225,1.1118792295455933,0,0.0,0,0.0,0,0.5960590243339539,1,6
SH,Mamba,137,1126,242,242,24.200000000000003,0.19072170555591583,0.23121017217636108,2.6014480590820312,3.426992893218994,0.6571999788284302,0,-1,1,242,1.0,2.0,242,1.4590727090835571,0,0.0,0,0.0,0,22.450773239135742,1,6
SH,Mamba,137,1127,419,419,41.900000000000006,0.14233164489269257,0.1820349544286728,5.912971019744873,9.268537521362305,0.6834947466850281,0,-1,0,0,0.0,2.0,419,2.595273494720459,0,0.0,0,0.0,0,62.19899368286133,2,7
SH,Mamba,137,1128,574,574,57.400000000000006,0.25213080644607544,0.32728657126426697,1.2147233486175537,1.4325830936431885,0.27425089478492737,0,-1,1,574,1.0,2.0,574,0.9065707921981812,0,0.0,0,0.0,0,1.6119608879089355,2,7
SH,Mamba,137,1129,563,563,56.300000000000004,0.2047543078660965,0.2742536664009094,1.367164134979248,1.728523850440979,0.29621535539627075,0,-1,1,438,0.7779751332149201,2.0,563,1.2957853078842163,0,0.0,0,0.0,0,3.2663817405700684,2,7
SH,Mamba,137,1130,510,510,51.0,0.2747930884361267,0.33543717861175537,10.699865341186523,12.235112190246582,0.7159677743911743,0,-1,0,0,0.0,2.0,510,2.0152738094329834,0,0.0,0,0.0,0,5.39838171005249,2,7
SH,Mamba,137,1131,216,216,21.6,0.4670475721359253,0.5972687005996704,5.331881046295166,6.072747230529785,0.9366893172264099,0,-1,0,0,0.0,2.0,216,2.0387351512908936,0,0.0,0,0.0,0,8.858735084533691,1,6
SH,Mamba,137,1132,381,381,38.1,0.32935830950737,0.41410312056541443,3.722633123397827,4.1969313621521,0.39729365706443787,0,-1,1,381,1.0,2.0,381,1.1948693990707397,0,0.0,0,0.0,0,7.1069159507751465,2,7
SH,Mamba,137,1133,259,259,25.900000000000002,0.2565160393714905,0.3260660171508789,4.706361293792725,5.596463680267334,1.0842890739440918,0,-1,1,25,0.09652509652509653,2.0,259,1.0717381238937378,0,0.0,0,0.0,0,23.731782913208008,1,6
SH,Mamba,137,1134,136,136,13.600000000000001,0.1573692411184311,0.19359758496284485,0.4346160888671875,0.5399125814437866,0.1404491811990738,0,-1,1,89,0.6544117647058824,2.0,136,1.5058964490890503,0,0.0,0,0.0,0,18.787673950195312,0,5
SH,Mamba,137,1135,206,206,20.6,0.24830779433250427,0.3014713525772095,6.108464241027832,6.7240214347839355,0.5786824822425842,0,-1,1,206,1.0,2.0,206,1.042889952659607,0,0.0,0,0.0,0,8.963604927062988,1,6
SH,Mamba,137,1136,274,274,27.400000000000002,0.3879208564758301,0.4924400746822357,4.804731369018555,5.841983795166016,0.9109454154968262,0,-1,0,0,0.0,2.0,274,2.689880609512329,0,0.0,0,0.0,0,14.785237312316895,2,7
SH,Mamba,137,1137,516,516,51.6,0.27572101354599,0.3562505841255188,1.0036413669586182,1.2409017086029053,0.2766113579273224,0,-1,1,464,0.8992248062015504,2.0,516,1.0835816860198975,0,0.0,0,0.0,0,2.5686159133911133,1,6
SH,Mamba,137,1138,201,201,20.1,0.2987920939922333,0.38917338848114014,2.9290883541107178,4.361494064331055,0.5986091494560242,0,-1,1,199,0.9900497512437811,2.0,201,1.4289581775665283,0,0.0,0,0.0,0,7.922650337219238,2,7
SH,Mamba,137,1139,232,232,23.200000000000003,0.28622376918792725,0.34420472383499146,3.6362557411193848,3.847784996032715,0.38304847478866577,0,-1,1,212,0.9137931034482759,2.0,232,1.1058937311172485,0,0.0,0,0.0,0,0.3003939688205719,0,5
SH,Mamba,137,1140,138,138,13.8,0.17099958658218384,0.1934417188167572,3.3661959171295166,4.5721821784973145,0.7954849004745483,0,-1,0,0,0.0,2.0,138,4.237362384796143,0,0.0,0,0.0,0,26.43385887145996,0,5
SH,Mamba,137,1141,459,459,45.900000000000006,0.22067612409591675,0.2785457968711853,3.016234874725342,4.162124156951904,0.5722218155860901,0,-1,1,401,0.8736383442265795,2.0,459,0.9580370187759399,0,0.0,0,0.0,0,7.629650592803955,2,7
SH,Mamba,137,1142,259,259,25.900000000000002,0.2129259556531906,0.28303584456443787,1.819271206855774,2.1601436138153076,0.4207043945789337,0,-1,0,0,0.0,2.0,259,2.072355031967163,0,0.0,0,0.0,0,13.31261157989502,2,7
SH,Mamba,137,1143,147,147,14.700000000000001,0.312932550907135,0.39436566829681396,4.5008225440979,4.995574474334717,0.6770595908164978,0,-1,0,0,0.0,2.0,147,2.4768881797790527,0,0.0,0,0.0,0,41.59791564941406,2,7
SH,Mamba,137,1144,139,139,13.9,0.34462830424308777,0.4282684028148651,2.6416187286376953,4.058255672454834,0.8154485821723938,0,-1,1,84,0.60431654676259,2.0,139,1.561375617980957,0,0.0,0,0.0,0,3.339320421218872,2,7
SH,Mamba,137,1145,585,585,58.5,0.3960525691509247,0.4981241524219513,2.523550271987915,2.8558847904205322,0.5328682065010071,0,-1,1,486,0.8307692307692308,2.0,585,1.2402819395065308,0,0.0,0,0.0,0,10.285954475402832,0,5
SH,Mamba,137,1146,236,236,23.6,0.5167394280433655,0.7272378206253052,9.945598602294922,13.209427833557129,1.6939287185668945,0,-1,1,236,1.0,2.0,236,1.0893170833587646,0,0.0,0,0.0,0,3.7478320598602295,2,7
SH,Mamba,137,1147,202,202,20.200000000000003,0.14801402390003204,0.21147078275680542,10.21592903137207,12.168750762939453,1.0137890577316284,0,-1,1,202,1.0,2.0,202,0.7553658485412598,0,0.0,0,0.0,0,15.376649856567383,1,6
SH,Mamba,137,1148,200,200,20.0,0.15170998871326447,0.18479441106319427,1.5494815111160278,1.8656638860702515,0.271280974149704,0,-1,1,120,0.6,2.0,200,0.9248100519180298,0,0.0,0,0.0,0,14.909162521362305,2,7
SH,Mamba,137,1149,138,138,13.8,0.2580948770046234,0.35116046667099,1.2389862537384033,1.625203013420105,0.33302196860313416,0,-1,1,138,1.0,2.0,138,0.9858412146568298,0,0.0,0,0.0,0,15.173373222351074,1,6
SH,Mamba,137,1150,254,254,25.400000000000002,0.6573346853256226,0.933228611946106,5.197207450866699,7.225619792938232,1.2320208549499512,0,-1,1,119,0.468503937007874,2.0,254,1.456482172012329,0,0.0,0,0.0,0,5.462526321411133,1,6
SH,Mamba,137,1151,259,259,25.900000000000002,0.31926336884498596,0.3743026554584503,12.168508529663086,16.44318389892578,1.42362642288208,0,-1,1,259,1.0,2.0,259,1.4074374437332153,0,0.0,0,0.0,0,18.295011520385742,0,5
SH,Mamba,137,1152,452,452,45.2,0.2585906386375427,0.32956308126449585,3.722141981124878,4.490902900695801,0.40951988101005554,0,-1,1,452,1.0,2.0,452,0.688765287399292,0,0.0,0,0.0,0,1.248624324798584,0,5
SH,Mamba,137,1153,211,211,21.1,0.4065731167793274,0.5758711695671082,2.1243460178375244,2.531888008117676,0.42671579122543335,0,-1,1,211,1.0,2.0,211,0.9542895555496216,0,0.0,0,0.0,0,7.10659646987915,0,5
SH,Mamba,137,1154,180,180,18.0,0.3285020887851715,0.45393428206443787,5.7255120277404785,6.5260467529296875,0.7079593539237976,0,-1,0,0,0.0,2.0,180,2.402860641479492,0,0.0,0,0.0,0,1.2347334623336792,0,5
SH,Mamba,137,1155,452,452,45.2,0.22641541063785553,0.32550957798957825,5.828075408935547,6.292979717254639,0.3865240514278412,0,-1,1,440,0.9734513274336283,2.0,452,1.0196566581726074,0,0.0,0,0.0,0,5.247187614440918,1,6
SH,Mamba,137,1156,776,776,77.60000000000001,0.2857326567173004,0.4059346616268158,5.618030071258545,7.5593791007995605,0.7250019311904907,0,-1,1,776,1.0,2.0,776,0.5619223117828369,0,0.0,0,0.0,0,7.427650451660156,1,6
SH,Mamba,137,1157,181,181,18.1,0.3325391411781311,0.4429013431072235,5.347597122192383,8.646822929382324,1.47385573387146,0,-1,1,121,0.6685082872928176,2.0,181,1.5972895622253418,0,0.0,0,0.0,0,25.982664108276367,0,5
SH,Mamba,137,1158,317,317,31.700000000000003,0.21633417904376984,0.2742030918598175,6.528517246246338,8.440224647521973,0.9951249957084656,0,-1,1,317,1.0,2.0,317,0.8975296020507812,0,0.0,0,0.0,0,8.38411808013916,2,7
SH,Mamba,137,1159,245,245,24.5,0.3716484010219574,0.48593869805336,1.3154118061065674,1.5595239400863647,0.5114301443099976,0,-1,1,245,1.0,2.0,245,0.03726627305150032,0,0.0,0,0.0,0,0.03630356118083,1,6
SH,Mamba,137,1160,237,237,23.700000000000003,0.2544490396976471,0.3199053406715393,2.598968982696533,2.8313143253326416,0.31361788511276245,1,232,1,232,0.9789029535864979,2.0,232,0.0,0,0.0,0,0.0,0,0.0,2,7
SH,Mamba,137,1161,144,144,14.4,0.13594117760658264,0.18190912902355194,0.7915711998939514,0.897269070148468,0.20773281157016754,0,-1,0,0,0.0,2.0,144,2.1786975860595703,0,0.0,0,0.0,0,2.9590578079223633,2,7
SH,Mamba,137,1162,168,168,16.8,0.25622978806495667,0.3196604549884796,0.7298258543014526,0.9871982336044312,0.32198986411094666,0,-1,1,62,0.36904761904761907,2.0,168,1.6403292417526245,0,0.0,0,0.0,0,2.8158926963806152,0,5
SH,Mamba,137,1163,157,157,15.700000000000001,0.47333434224128723,0.5153989195823669,10.104714393615723,12.71150016784668,1.7559678554534912,0,-1,1,157,1.0,2.0,157,1.2790729999542236,0,0.0,0,0.0,0,11.063362121582031,2,7
SH,Mamba,137,1164,624,624,62.400000000000006,0.3638719618320465,0.4756985008716583,3.952791213989258,4.758833408355713,0.6715014576911926,0,-1,1,525,0.8413461538461539,2.0,624,0.008446775376796722,0,0.0,0,0.0,0,0.023736601695418358,2,7
SH,Mamba,137,1165,234,234,23.400000000000002,0.14325712621212006,0.18933717906475067,1.1398214101791382,1.5904546976089478,0.20708473026752472,0,-1,1,46,0.19658119658119658,2.0,234,1.9194679260253906,0,0.0,0,0.0,0,18.502891540527344,1,6
SH,Mamba,137,1166,282,282,28.200000000000003,0.1331070065498352,0.16634702682495117,3.4915666580200195,4.073861122131348,0.3572831451892853,0,-1,1,38,0.1347517730496454,2.0,282,1.742582082748413,0,0.0,0,0.0,0,31.581308364868164,2,7
SH,Mamba,137,1167,485,485,48.5,0.17139865458011627,0.20980100333690643,2.231060266494751,2.499429702758789,0.296855628490448,0,-1,1,485,1.0,2.0,485,0.4482351541519165,0,0.0,0,0.0,0,2.8901278972625732,0,5
SH,Mamba,137,1168,297,297,29.700000000000003,0.3208042085170746,0.42011547088623047,8.693713188171387,9.564971923828125,0.601876437664032,0,-1,1,236,0.7946127946127947,2.0,297,1.579636573791504,0,0.0,0,0.0,0,12.682486534118652,0,5
SH,Mamba,137,1169,240,240,24.0,0.3203434348106384,0.442260205745697,2.5526044368743896,2.7268834114074707,0.40503817796707153,0,-1,1,159,0.6625,2.0,240,1.5059353113174438,0,0.0,0,0.0,0,4.850434303283691,0,5
SH,Mamba,137,1170,301,301,30.1,0.1213623508810997,0.16346989572048187,1.9035464525222778,2.146690845489502,0.38105860352516174,0,-1,0,0,0.0,2.0,301,2.31109619140625,0,0.0,0,0.0,0,49.418983459472656,1,6
SH,Mamba,137,1171,277,277,27.700000000000003,0.19900727272033691,0.2756105661392212,1.932862401008606,2.849795341491699,0.4195514917373657,0,-1,1,205,0.740072202166065,2.0,277,1.234062910079956,0,0.0,0,0.0,0,0.46156394481658936,0,5
SH,Mamba,137,1172,171,171,17.1,0.11015121638774872,0.15011194348335266,3.824274778366089,4.147800922393799,0.3319399952888489,0,-1,1,171,1.0,2.0,171,0.7657325863838196,0,0.0,0,0.0,0,12.80947208404541,1,6
SH,Mamba,137,1173,261,261,26.1,0.35523703694343567,0.5114153027534485,1.8425406217575073,2.270815372467041,0.5213459134101868,0,-1,1,261,1.0,2.0,261,1.5020902156829834,0,0.0,0,0.0,0,8.4944486618042,1,6
SH,Mamba,137,1174,705,705,70.5,0.35345399379730225,0.43723514676094055,11.45044231414795,13.848270416259766,0.6743636131286621,0,-1,1,630,0.8936170212765957,2.0,705,1.2186473608016968,0,0.0,0,0.0,0,5.183706760406494,0,5
SH,Mamba,137,1175,142,142,14.200000000000001,0.5512878894805908,0.7307615280151367,6.829408645629883,8.842737197875977,1.2089515924453735,0,-1,0,0,0.0,2.0,142,3.9860963821411133,0,0.0,0,0.0,0,8.44419002532959,2,7
SH,Mamba,137,1176,248,248,24.8,0.3815446197986603,0.4636482000350952,6.094888687133789,6.8139119148254395,2.2360808849334717,1,79,1,79,0.3185483870967742,2.0,79,0.0,0,0.0,0,0.0,0,0.0,0,5
SH,Mamba,137,1177,1263,1263,126.30000000000001,0.09982199966907501,0.13092824816703796,6.951401710510254,8.012085914611816,0.413959801197052,0,-1,1,1103,0.8733174980205859,2.0,1263,0.7003148198127747,0,0.0,0,0.0,0,10.219466209411621,2,7
SH,Mamba,137,1178,792,792,79.2,0.2152901291847229,0.2828592360019684,11.697245597839355,13.0545654296875,0.5930200219154358,0,-1,1,792,1.0,2.0,792,0.09502100199460983,0,0.0,0,0.0,0,1.096215009689331,0,5
SH,Mamba,137,1179,213,213,21.3,0.4571206569671631,0.5964102745056152,7.096421241760254,8.45302963256836,0.8437162637710571,0,-1,0,0,0.0,2.0,213,2.4492626190185547,0,0.0,0,0.0,0,11.070162773132324,0,5
SH,Mamba,137,1180,469,469,46.900000000000006,0.17175918817520142,0.2079092413187027,8.317874908447266,12.320913314819336,0.8602124452590942,0,-1,1,469,1.0,2.0,469,1.2403002977371216,0,0.0,0,0.0,0,19.644489288330078,0,5
SH,Mamba,137,1181,235,235,23.5,0.31476855278015137,0.40691840648651123,1.4014095067977905,1.6711844205856323,0.2563256323337555,0,-1,1,213,0.9063829787234042,2.0,235,0.2292652279138565,0,0.0,0,0.0,0,0.14493417739868164,0,5
SH,Mamba,137,1182,162,162,16.2,0.4275435507297516,0.5236843824386597,4.276055812835693,5.743122577667236,0.6870061159133911,0,-1,1,162,1.0,2.0,162,0.7569710612297058,0,0.0,0,0.0,0,9.647972106933594,1,6
SH,Mamba,137,1183,211,211,21.1,0.23160503804683685,0.27717092633247375,1.4509114027023315,1.8904657363891602,0.5522873401641846,0,-1,1,211,1.0,2.0,211,1.120123267173767,0,0.0,0,0.0,0,6.434823989868164,1,6
SH,Mamba,137,1184,270,270,27.0,0.28787413239479065,0.3679380714893341,2.693986415863037,4.113883018493652,0.5095739960670471,0,-1,1,230,0.8518518518518519,2.0,270,1.3362127542495728,0,0.0,0,0.0,0,3.9631333351135254,0,5
SH,Mamba,137,1185,199,199,19.900000000000002,0.1853855401277542,0.2224626988172531,2.219578742980957,2.7177932262420654,0.22767935693264008,0,-1,1,199,1.0,2.0,199,0.5649718642234802,0,0.0,0,0.0,0,3.9387786388397217,2,7
SH,Mamba,137,1186,737,737,73.7,0.2254967838525772,0.2816966474056244,11.35370922088623,13.55086898803711,0.8703509569168091,0,-1,1,205,0.2781546811397558,2.0,737,1.4396023750305176,0,0.0,0,0.0,0,21.514869689941406,2,7
SH,Mamba,137,1187,177,177,17.7,0.4000096619129181,0.5011305212974548,1.7875903844833374,2.045567512512207,0.588169276714325,0,-1,0,0,0.0,2.0,177,2.9192404747009277,0,0.0,0,0.0,0,0.5954629778862,2,7
SH,Mamba,137,1188,145,145,14.5,0.18889175355434418,0.2477240115404129,0.46533066034317017,0.6794032454490662,0.2569488286972046,0,-1,1,145,1.0,2.0,145,0.8787311911582947,0,0.0,0,0.0,0,9.768829345703125,1,6
SH,Mamba,137,1189,347,347,34.7,0.32897651195526123,0.3947637975215912,2.0028645992279053,2.395770788192749,0.4000307321548462,0,-1,1,11,0.03170028818443804,2.0,347,1.9795392751693726,0,0.0,0,0.0,0,2.2413220405578613,2,7
SH,Mamba,137,1190,389,389,38.900000000000006,0.3621242642402649,0.5363942384719849,4.319376468658447,5.223092555999756,0.5764807462692261,0,-1,1,389,1.0,2.0,389,0.6932194232940674,0,0.0,0,0.0,0,3.6765880584716797,0,5
SH,Mamba,137,1191,229,229,22.900000000000002,0.3071364760398865,0.388247549533844,2.3832695484161377,2.737467050552368,0.4915621280670166,0,-1,1,229,1.0,2.0,229,1.021593451499939,0,0.0,0,0.0,0,5.3437347412109375,0,5
SH,Mamba,137,1192,363,363,36.300000000000004,0.33425796031951904,0.4293513596057892,1.2008957862854004,1.8095065355300903,0.4575813114643097,0,-1,1,278,0.7658402203856749,2.0,363,1.2357730865478516,0,0.0,0,0.0,0,1.8692762851715088,2,7
SH,Mamba,137,1193,170,170,17.0,0.26432743668556213,0.3126344382762909,3.596169948577881,4.261050224304199,0.5301247239112854,0,-1,1,167,0.9823529411764705,2.0,170,1.2408937215805054,0,0.0,0,0.0,0,14.884326934814453,1,6
SH,Mamba,137,1194,154,154,15.4,0.48188766837120056,0.5547811985015869,12.913385391235352,15.935873031616211,1.906841516494751,0,-1,0,0,0.0,2.0,154,4.327381610870361,0,0.0,0,0.0,0,42.926631927490234,1,6
SH,Mamba,137,1195,610,610,61.0,0.21698395907878876,0.2735186815261841,4.568873882293701,5.330478191375732,0.5320777297019958,0,-1,1,610,1.0,2.0,610,0.8868939876556396,0,0.0,0,0.0,0,11.12344741821289,1,6
SH,Mamba,137,1196,527,527,52.7,0.23169063031673431,0.29697859287261963,3.770871877670288,4.922435760498047,0.4830617308616638,0,-1,1,236,0.4478178368121442,2.0,527,1.7184765338897705,0,0.0,0,0.0,0,2.068312883377075,0,5
SH,Mamba,137,1197,219,219,21.900000000000002,0.2582574486732483,0.30957865715026855,1.9281737804412842,2.4393625259399414,0.3631354868412018,0,-1,0,0,0.0,2.0,219,2.1994783878326416,0,0.0,0,0.0,0,2.8852791786193848,2,7
SH,Mamba,137,1198,142,142,14.200000000000001,0.32606396079063416,0.39262160658836365,2.8662335872650146,3.5533347129821777,0.5770193934440613,0,-1,0,0,0.0,2.0,142,2.092742443084717,0,0.0,0,0.0,0,10.686166763305664,0,5
SH,Mamba,137,1199,193,193,19.3,0.30100804567337036,0.4196838140487671,0.9615044593811035,1.1459500789642334,0.4229302406311035,0,-1,1,99,0.5129533678756477,2.0,193,1.649739384651184,0,0.0,0,0.0,0,5.5889716148376465,1,6
SH,Mamba,137,1200,170,170,17.0,0.12265027314424515,0.1521136611700058,6.034729957580566,7.775673866271973,0.8009690046310425,0,-1,1,164,0.9647058823529412,2.0,170,1.4045042991638184,0,0.0,0,0.0,0,31.179401397705078,2,7
SH,Mamba,137,1201,324,324,32.4,0.24092474579811096,0.308830201625824,0.7842025756835938,0.9643518328666687,0.3867838978767395,0,-1,1,324,1.0,2.0,324,1.3046573400497437,0,0.0,0,0.0,0,2.5205793380737305,2,7
SH,Mamba,137,1202,347,347,34.7,0.2464999109506607,0.31299325823783875,1.1665360927581787,1.5564011335372925,0.32330793142318726,0,-1,1,339,0.9769452449567724,2.0,347,1.3161437511444092,0,0.0,0,0.0,0,4.171274185180664,2,7
SH,Mamba,137,1203,220,220,22.0,0.3821067810058594,0.45135265588760376,3.3644869327545166,4.376027584075928,0.8779429197311401,0,-1,0,0,0.0,2.0,220,2.176715612411499,0,0.0,0,0.0,0,2.815488338470459,2,7
SH,Mamba,137,1204,542,542,54.2,0.26274245977401733,0.31637266278266907,5.1706366539001465,5.785428047180176,0.4857330918312073,0,-1,1,540,0.996309963099631,2.0,542,1.3642194271087646,0,0.0,0,0.0,0,21.130117416381836,1,6
SH,Mamba,137,1205,224,224,22.400000000000002,0.16402916610240936,0.19605694711208344,2.058128833770752,2.5592148303985596,0.5541297197341919,0,-1,1,224,1.0,2.0,224,1.335058569908142,0,0.0,0,0.0,0,39.5185432434082,0,5
SH,Mamba,137,1206,134,134,13.4,0.28814268112182617,0.37685051560401917,5.458450794219971,7.3202409744262695,1.2153300046920776,0,-1,1,134,1.0,2.0,134,0.652059018611908,0,0.0,0,0.0,0,13.443886756896973,1,6
SH,Mamba,137,1207,231,231,23.1,0.2262076735496521,0.2818821668624878,2.9006853103637695,3.206602096557617,0.42576688528060913,0,-1,1,231,1.0,2.0,231,0.2839061915874481,0,0.0,0,0.0,0,0.8710674047470093,0,5
SH,Mamba,137,1208,305,305,30.5,0.40116408467292786,0.4953775107860565,2.2646079063415527,3.3837218284606934,0.501462996006012,1,300,1,300,0.9836065573770492,2.0,300,0.0,0,0.0,0,0.0,0,0.0,0,5
SH,Mamba,137,1209,187,187,18.7,0.1922519952058792,0.23795054852962494,4.408272743225098,5.029482364654541,0.3741038143634796,0,-1,0,0,0.0,2.0,187,2.5863006114959717,0,0.0,0,0.0,0,9.92627239227295,1,6
SH,Mamba,137,1210,165,165,16.5,0.27769795060157776,0.35986584424972534,7.571437835693359,8.542678833007812,0.7321273684501648,0,-1,1,165,1.0,2.0,165,0.8825975656509399,0,0.0,0,0.0,0,7.947651386260986,0,5
SH,Mamba,137,1211,291,291,29.1,0.30279257893562317,0.38676315546035767,7.5282440185546875,9.20238971710205,0.6993193030357361,0,-1,1,291,1.0,2.0,291,1.1441586017608643,0,0.0,0,0.0,0,9.713167190551758,1,6
SH,Mamba,137,1212,143,143,14.3,0.1358664482831955,0.17659956216812134,2.2948384284973145,2.6300456523895264,0.3465941250324249,0,-1,1,143,1.0,2.0,143,0.9104851484298706,0,0.0,0,0.0,0,12.574712753295898,2,7
SH,Mamba,137,1213,248,248,24.8,0.5579206943511963,0.6774526238441467,2.484375238418579,3.466732978820801,1.0799204111099243,1,191,1,191,0.7701612903225806,2.0,191,0.0,0,0.0,0,0.0,0,0.0,1,6
SH,Mamba,137,1214,346,346,34.6,0.14390096068382263,0.171595960855484,2.9983842372894287,3.9169952869415283,0.3124035894870758,0,-1,1,306,0.884393063583815,2.0,346,1.0559760332107544,0,0.0,0,0.0,0,19.18332290649414,1,6
SH,Mamba,137,1215,270,270,27.0,0.2775121033191681,0.3489352762699127,6.0778279304504395,7.8576812744140625,1.41329026222229,0,-1,1,270,1.0,2.0,270,1.1007684469223022,0,0.0,0,0.0,0,22.290367126464844,1,6
SH,Mamba,137,1216,500,500,50.0,0.28372615575790405,0.3597522974014282,3.061633825302124,3.9201736450195312,0.6796573400497437,0,-1,1,500,1.0,2.0,500,0.1962900012731552,0,0.0,0,0.0,0,0.1884094476699829,1,6
SH,Mamba,137,1217,236,236,23.6,0.14489422738552094,0.18638095259666443,1.4281893968582153,1.8406835794448853,0.2909320592880249,0,-1,1,235,0.9957627118644068,2.0,236,0.8207815885543823,0,0.0,0,0.0,0,12.697750091552734,0,5
SH,Mamba,137,1218,137,137,13.700000000000001,0.3045237362384796,0.35861971974372864,1.0359123945236206,1.3924258947372437,0.2607986032962799,0,-1,1,137,1.0,2.0,137,1.0156242847442627,0,0.0,0,0.0,0,9.60085678100586,1,6
SH,Mamba,137,1219,164,164,16.400000000000002,0.2605574429035187,0.3174574077129364,1.1646785736083984,1.2889389991760254,0.2670912742614746,0,-1,1,125,0.7621951219512195,2.0,164,1.7963191270828247,0,0.0,0,0.0,0,1.936092734336853,1,6
SH,Mamba,137,1220,145,145,14.5,0.3348252773284912,0.400588721036911,0.744590163230896,0.9179682731628418,0.3825707733631134,0,-1,0,0,0.0,2.0,145,2.1322743892669678,0,0.0,0,0.0,0,21.10340690612793,2,7
SH,Mamba,137,1221,496,496,49.6,0.19105997681617737,0.2410661280155182,7.006106376647949,8.162307739257812,0.46301665902137756,0,-1,1,272,0.5483870967741935,2.0,496,1.417634129524231,0,0.0,0,0.0,0,5.187346935272217,2,7
SH,Mamba,137,1222,368,368,36.800000000000004,0.27310097217559814,0.36008065938949585,1.6559277772903442,1.8709031343460083,0.3272998332977295,0,-1,1,346,0.9402173913043478,2.0,368,1.1495230197906494,0,0.0,0,0.0,0,1.1428909301757812,0,5
SH,Mamba,137,1223,239,239,23.900000000000002,0.2135486900806427,0.2562398910522461,1.2794994115829468,1.7580026388168335,0.2705150246620178,0,-1,1,115,0.4811715481171548,2.0,239,1.4852651357650757,0,0.0,0,0.0,0,1.3395057916641235,1,6
SH,Mamba,137,1224,541,541,54.1,0.2093333601951599,0.2700119912624359,20.999279022216797,28.15555763244629,1.6301205158233643,0,-1,1,223,0.4121996303142329,2.0,541,0.9976561665534973,0,0.0,0,0.0,0,5.955246448516846,2,7
SH,Mamba,137,1225,237,237,23.700000000000003,0.2830082178115845,0.3514247536659241,0.8143705129623413,0.8970886468887329,0.23340578377246857,0,-1,1,237,1.0,2.0,237,0.6837491989135742,0,0.0,0,0.0,0,1.760823369026184,0,5
SH,Mamba,137,1226,197,197,19.700000000000003,0.2159741371870041,0.26218727231025696,3.575511932373047,3.918139696121216,0.44851917028427124,0,-1,1,67,0.3401015228426396,2.0,197,1.830189824104309,0,0.0,0,0.0,0,5.798145294189453,0,5
SH,Mamba,137,1227,214,214,21.400000000000002,0.30845120549201965,0.40348708629608154,2.310426712036133,4.5244669914245605,0.8240195512771606,0,-1,1,162,0.7570093457943925,2.0,214,1.60822594165802,0,0.0,0,0.0,0,4.329035758972168,1,6
SH,Mamba,137,1228,305,305,30.5,0.38805875182151794,0.4904438555240631,2.100051164627075,3.058781147003174,0.6391634941101074,0,-1,1,305,1.0,2.0,305,0.2787627875804901,0,0.0,0,0.0,0,3.188810110092163,1,6
SH,Mamba,137,1229,309,309,30.900000000000002,0.2474854588508606,0.2922525405883789,26.299680709838867,33.793148040771484,2.0901613235473633,0,-1,1,309,1.0,2.0,309,0.900935709476471,0,0.0,0,0.0,0,19.332727432250977,2,7
SH,Mamba,137,1230,212,212,21.200000000000003,0.24716107547283173,0.32280823588371277,4.179924964904785,4.646423816680908,0.45467808842658997,0,-1,1,212,1.0,2.0,212,0.3991195261478424,0,0.0,0,0.0,0,5.082861423492432,0,5
SH,Mamba,137,1231,311,311,31.1,0.18164755403995514,0.24127590656280518,0.7812379598617554,1.0194497108459473,0.22784411907196045,0,-1,1,230,0.7395498392282959,2.0,311,0.20522642135620117,0,0.0,0,0.0,0,0.13261568546295166,1,6
SH,Mamba,137,1232,186,186,18.6,0.24603667855262756,0.2877497375011444,3.3937911987304688,3.9091827869415283,0.43238240480422974,0,-1,1,186,1.0,2.0,186,0.64750075340271,0,0.0,0,0.0,0,11.334552764892578,2,7
SH,Mamba,137,1233,131,131,13.100000000000001,0.46947625279426575,0.5748460292816162,1.3027673959732056,1.71751868724823,0.711581826210022,0,-1,1,131,1.0,2.0,131,0.907207190990448,0,0.0,0,0.0,0,5.7188239097595215,2,7
SH,Mamba,137,1234,254,254,25.400000000000002,0.3540010452270508,0.41569784283638,9.9896240234375,17.42578887939453,2.1691412925720215,0,-1,1,155,0.610236220472441,2.0,254,1.68131422996521,0,0.0,0,0.0,0,13.652935981750488,0,5
SH,Mamba,137,1235,463,463,46.300000000000004,0.23448672890663147,0.2904927730560303,9.631958961486816,11.093839645385742,0.7148165106773376,0,-1,1,293,0.6328293736501079,2.0,463,1.3129116296768188,0,0.0,0,0.0,0,2.610093355178833,1,6
SH,Mamba,137,1236,266,266,26.6,0.24555988609790802,0.3118378520011902,6.595809459686279,7.589946746826172,0.49861976504325867,0,-1,1,266,1.0,2.0,266,0.7340554594993591,0,0.0,0,0.0,0,4.463979244232178,0,5
SH,Mamba,137,1237,1208,1208,120.80000000000001,0.18764501810073853,0.24525845050811768,1.4387359619140625,1.784005045890808,0.23669956624507904,1,1198,1,1198,0.9917218543046358,2.0,1198,0.0,0,0.0,0,0.0,0,0.0,1,6
SH,Mamba,137,1238,155,155,15.5,0.1282312572002411,0.17108552157878876,1.7774022817611694,2.2042503356933594,0.3426252007484436,0,-1,1,155,1.0,2.0,155,1.6121950149536133,0,0.0,0,0.0,0,20.881996154785156,2,7
SH,Mamba,137,1239,333,333,33.300000000000004,0.22094318270683289,0.28267884254455566,2.7288591861724854,2.9856276512145996,0.22275108098983765,0,-1,1,333,1.0,2.0,333,0.9505231380462646,0,0.0,0,0.0,0,2.786458969116211,2,7
SH,Mamba,137,1240,186,186,18.6,0.1560744345188141,0.19037017226219177,1.1187535524368286,1.461659550666809,0.3008159399032593,0,-1,1,182,0.978494623655914,2.0,186,0.7996710538864136,0,0.0,0,0.0,0,19.647838592529297,0,5
SH,Mamba,137,1241,1347,1347,134.70000000000002,0.18074430525302887,0.23720870912075043,1.066664457321167,1.3801050186157227,0.24936752021312714,0,-1,1,1165,0.8648849294729027,2.0,1347,1.1579011678695679,0,0.0,0,0.0,0,3.1674599647521973,2,7
SH,Mamba,137,1242,415,415,41.5,0.19224537909030914,0.2498566061258316,6.78358268737793,8.957841873168945,0.6905171871185303,0,-1,1,415,1.0,2.0,415,1.0116263628005981,0,0.0,0,0.0,0,20.907167434692383,1,6
SH,Mamba,137,1243,164,164,16.400000000000002,0.2466469258069992,0.31246358156204224,1.4511737823486328,1.7159603834152222,0.4046606123447418,0,-1,0,0,0.0,2.0,164,3.496727705001831,0,0.0,0,0.0,0,5.123785495758057,2,7
SH,Mamba,137,1244,776,776,77.60000000000001,0.33583101630210876,0.43492424488067627,1.4749244451522827,2.5774948596954346,0.39140862226486206,0,-1,1,776,1.0,2.0,776,0.6751707792282104,0,0.0,0,0.0,0,1.4884122610092163,2,7
SH,Mamba,137,1245,158,158,15.8,0.12168101966381073,0.1838982105255127,1.4374498128890991,2.1750779151916504,0.36962980031967163,0,-1,1,4,0.02531645569620253,2.0,158,1.9604415893554688,0,0.0,0,0.0,0,57.927799224853516,1,6
SH,Mamba,137,1246,770,770,77.0,0.39788609743118286,0.5604382157325745,4.356700420379639,6.376564025878906,0.8332646489143372,0,-1,1,770,1.0,2.0,770,0.5208728313446045,0,0.0,0,0.0,0,1.3690236806869507,0,5
SH,Mamba,137,1247,207,207,20.700000000000003,0.30186450481414795,0.34537965059280396,7.060860633850098,8.240723609924316,0.7746385931968689,0,-1,1,207,1.0,2.0,207,1.2393884658813477,0,0.0,0,0.0,0,16.777530670166016,2,7
SH,Mamba,137,1248,805,805,80.5,0.3513481616973877,0.4576510787010193,11.69240951538086,14.336938858032227,0.8409204483032227,1,774,1,774,0.9614906832298137,2.0,774,0.0,0,0.0,0,0.0,0,0.0,2,7
SH,Mamba,137,1249,168,168,16.8,0.4756821095943451,0.6005014777183533,0.8977335095405579,1.1238521337509155,0.5921086668968201,0,-1,1,168,1.0,2.0,168,0.6690024733543396,0,0.0,0,0.0,0,6.787493705749512,1,6
SH,Mamba,137,1250,296,296,29.6,0.29666662216186523,0.3939555287361145,5.505049228668213,6.824069976806641,0.8074248433113098,0,-1,0,0,0.0,2.0,296,2.1962008476257324,0,0.0,0,0.0,0,3.983511209487915,1,6
SH,Mamba,137,1251,1684,1684,168.4,0.2449660450220108,0.3234560489654541,1.8574833869934082,2.5508909225463867,0.28927522897720337,0,-1,1,1684,1.0,2.0,1684,0.7111360430717468,0,0.0,0,0.0,0,4.057041168212891,1,6
SH,Mamba,137,1252,329,329,32.9,0.36337193846702576,0.4665333032608032,1.6142958402633667,2.4215035438537598,0.38858699798583984,0,-1,1,315,0.9574468085106383,2.0,329,1.099825382232666,0,0.0,0,0.0,0,1.6759930849075317,0,5
SH,Mamba,137,1253,425,425,42.5,0.2539660632610321,0.34596171975135803,4.403485298156738,5.197561264038086,0.4694924056529999,0,-1,1,266,0.6258823529411764,2.0,425,1.678565263748169,0,0.0,0,0.0,0,8.80443000793457,1,6
SH,Mamba,137,1254,138,138,13.8,0.40531036257743835,0.4864615499973297,1.592076063156128,2.1238296031951904,0.3543848991394043,0,-1,0,0,0.0,2.0,138,3.109689950942993,0,0.0,0,0.0,0,9.339371681213379,2,7
SH,Mamba,137,1255,194,194,19.400000000000002,0.3167731761932373,0.3761299252510071,3.2773308753967285,3.5286941528320312,0.2863228917121887,0,-1,1,194,1.0,2.0,194,1.3757343292236328,0,0.0,0,0.0,0,4.064417362213135,0,5
SH,Mamba,137,1256,208,208,20.8,0.4465649724006653,0.5231928825378418,3.2628564834594727,3.761021852493286,0.6311665177345276,0,-1,1,167,0.8028846153846154,2.0,208,1.4472874402999878,0,0.0,0,0.0,0,3.2596163749694824,1,6
SH,Mamba,137,1257,178,178,17.8,0.15955251455307007,0.2051944136619568,3.5904719829559326,4.31483793258667,0.47874048352241516,0,-1,1,49,0.2752808988764045,2.0,178,1.2220206260681152,0,0.0,0,0.0,0,19.742847442626953,2,7
SH,Mamba,137,1258,220,220,22.0,0.3402389585971832,0.4227760434150696,2.4697065353393555,2.7617690563201904,0.30874744057655334,1,194,1,194,0.8818181818181818,2.0,194,0.0,0,0.0,0,0.0,0,0.0,0,5
SH,Mamba,137,1259,217,217,21.700000000000003,0.1699560284614563,0.2019014060497284,4.75758171081543,7.4736528396606445,0.9635887742042542,0,-1,1,198,0.9124423963133641,2.0,217,0.8051679134368896,0,0.0,0,0.0,0,20.785659790039062,2,7
SH,Mamba,137,1260,150,150,15.0,0.2095031589269638,0.26579350233078003,1.1827629804611206,1.3766220808029175,0.20083943009376526,0,-1,1,147,0.98,2.0,150,1.2550923824310303,0,0.0,0,0.0,0,8.59575366973877,2,7
SH,Mamba,137,1261,303,303,30.3,0.2729678153991699,0.39037367701530457,2.207948684692383,2.410691976547241,0.26717156171798706,0,-1,1,303,1.0,2.0,303,0.41580429673194885,0,0.0,0,0.0,0,4.631721496582031,0,5
SH,Mamba,137,1262,220,220,22.0,0.27654027938842773,0.32248103618621826,0.6451466083526611,0.8465763926506042,0.27878817915916443,0,-1,1,200,0.9090909090909091,2.0,220,1.0354279279708862,0,0.0,0,0.0,0,1.0720500946044922,1,6
SH,Mamba,137,1263,266,266,26.6,0.27868279814720154,0.4024583101272583,3.646589517593384,5.25277853012085,0.8742169737815857,0,-1,1,254,0.9548872180451128,2.0,266,1.3636367321014404,0,0.0,0,0.0,0,5.393912315368652,2,7
SH,Mamba,137,1264,249,249,24.900000000000002,0.5167475938796997,0.7241916060447693,11.419942855834961,17.147613525390625,1.9097849130630493,0,-1,1,181,0.7269076305220884,2.0,249,1.0035098791122437,0,0.0,0,0.0,0,14.538838386535645,1,6
SH,Mamba,137,1265,201,201,20.1,0.3121238350868225,0.3749883472919464,4.723209857940674,5.936980724334717,0.64918452501297,0,-1,0,0,0.0,2.0,201,2.5262229442596436,0,0.0,0,0.0,0,13.32695198059082,0,5
SH,Mamba,137,1266,161,161,16.1,0.31540900468826294,0.38997703790664673,0.8936023712158203,1.1668214797973633,0.4842323064804077,0,-1,1,161,1.0,2.0,161,1.3635828495025635,0,0.0,0,0.0,0,10.789881706237793,1,6
SH,Mamba,137,1267,186,186,18.6,0.19164817035198212,0.2489389181137085,1.0856895446777344,1.1905741691589355,0.17508861422538757,0,-1,1,175,0.9408602150537635,2.0,186,1.6317901611328125,0,0.0,0,0.0,0,1.5331807136535645,1,6
SH,Mamba,137,1268,917,917,91.7,0.39445948600769043,0.5346018075942993,1.8235152959823608,2.526453733444214,0.4411335587501526,0,-1,1,917,1.0,2.0,917,0.0464802123606205,0,0.0,0,0.0,0,0.02934318035840988,1,6
SH,Mamba,137,1269,1035,1035,103.5,0.18863900005817413,0.24192368984222412,7.372803688049316,9.146026611328125,9.581347465515137,1,438,1,438,0.42318840579710143,2.0,438,0.0,0,0.0,0,0.0,0,0.0,0,5
SH,Mamba,137,1270,499,499,49.900000000000006,0.11072015762329102,0.1375054568052292,9.12403678894043,9.932765007019043,0.40551140904426575,0,-1,1,38,0.07615230460921844,2.0,499,1.7020267248153687,0,0.0,0,0.0,0,32.05837631225586,1,6
SH,Mamba,137,1271,400,400,40.0,0.23615849018096924,0.31122809648513794,7.676470756530762,8.835464477539062,0.5643579363822937,0,-1,1,400,1.0,2.0,400,0.2812683880329132,0,0.0,0,0.0,0,4.393430709838867,2,7
SH,Mamba,137,1272,245,245,24.5,0.3982308804988861,0.5257928967475891,3.791576385498047,6.382125377655029,0.9706716537475586,0,-1,1,189,0.7714285714285715,2.0,245,1.6266785860061646,0,0.0,0,0.0,0,4.001500606536865,2,7
SH,Mamba,137,1273,308,308,30.8,0.42275169491767883,0.47750064730644226,6.8941426277160645,8.35152530670166,0.8175546526908875,0,-1,1,111,0.36038961038961037,2.0,308,1.5732918977737427,0,0.0,0,0.0,0,7.251490592956543,0,5
SH,Mamba,137,1274,165,165,16.5,0.20275795459747314,0.28803664445877075,4.469818115234375,5.279719829559326,0.663110077381134,0,-1,0,0,0.0,2.0,165,2.02469539642334,0,0.0,0,0.0,0,7.386073589324951,1,6
SH,Mamba,137,1275,733,733,73.3,0.16091322898864746,0.215983584523201,5.745135307312012,6.673644542694092,0.2142687737941742,0,-1,1,484,0.660300136425648,2.0,733,1.2935463190078735,0,0.0,0,0.0,0,5.297408103942871,1,6
SH,Mamba,137,1276,449,449,44.900000000000006,0.3538573384284973,0.4306526184082031,2.686248302459717,3.3606338500976562,0.6369470953941345,0,-1,1,449,1.0,2.0,449,0.9838180541992188,0,0.0,0,0.0,0,0.9697872996330261,0,5
SH,Mamba,137,1277,136,136,13.600000000000001,0.34638893604278564,0.415737509727478,1.6579999923706055,2.2217490673065186,0.5126186013221741,1,116,1,116,0.8529411764705882,2.0,116,0.0,0,0.0,0,0.0,0,0.0,1,6
SH,Mamba,137,1278,279,279,27.900000000000002,0.28379660844802856,0.3653978109359741,1.471149206161499,1.9142992496490479,0.3780890703201294,0,-1,1,33,0.11827956989247312,2.0,279,1.6669315099716187,0,0.0,0,0.0,0,1.280808448791504,0,5
SH,Mamba,137,1279,358,358,35.800000000000004,0.5724929571151733,0.6773713827133179,22.013511657714844,28.397357940673828,2.791760206222534,0,-1,1,18,0.05027932960893855,2.0,358,1.9665327072143555,0,0.0,0,0.0,0,1.5749140977859497,1,6
SH,Mamba,137,1280,153,153,15.3,0.610913097858429,0.9235954880714417,0.7288381457328796,1.0548686981201172,0.5011164546012878,0,-1,1,153,1.0,2.0,153,0.4163461923599243,0,0.0,0,0.0,0,4.5074567794799805,1,6
SH,Mamba,137,1281,167,167,16.7,0.11517724394798279,0.16701726615428925,0.4628528356552124,0.7086462378501892,0.23253560066223145,0,-1,1,167,1.0,2.0,167,0.7705308198928833,0,0.0,0,0.0,0,9.573355674743652,1,6
SH,Mamba,137,1282,182,182,18.2,0.318592369556427,0.3971709609031677,2.50964093208313,3.021981716156006,0.441384494304657,1,182,1,182,1.0,2.0,182,0.0,0,0.0,0,0.0,0,0.0,0,5
SH,Mamba,137,1283,169,169,16.900000000000002,0.3013743460178375,0.41945213079452515,2.211893320083618,2.3493199348449707,0.38357242941856384,0,-1,1,147,0.8698224852071006,2.0,169,1.5153701305389404,0,0.0,0,0.0,0,5.239224433898926,2,7
SH,Mamba,137,1284,710,710,71.0,0.319966584444046,0.46042823791503906,3.4572689533233643,4.255098819732666,0.5694521069526672,0,-1,1,704,0.9915492957746479,2.0,710,0.5954472422599792,0,0.0,0,0.0,0,6.0425004959106445,2,7
SH,Mamba,137,1285,192,192,19.200000000000003,0.23160533607006073,0.2828519344329834,0.9967687129974365,1.17566978931427,0.34502288699150085,0,-1,1,192,1.0,2.0,192,0.9087188243865967,0,0.0,0,0.0,0,16.775711059570312,0,5
SH,Mamba,137,1286,151,151,15.100000000000001,0.16338545083999634,0.23823527991771698,2.707340717315674,3.36663818359375,0.4366809129714966,0,-1,0,0,0.0,2.0,151,3.180739164352417,0,0.0,0,0.0,0,60.017723083496094,1,6
SH,Mamba,137,1287,308,308,30.8,0.2020626664161682,0.26968133449554443,1.4318486452102661,1.8184734582901,0.21354861557483673,0,-1,1,271,0.8798701298701299,2.0,308,1.174884557723999,0,0.0,0,0.0,0,0.9403694868087769,1,6
SH,Mamba,137,1288,131,131,13.100000000000001,0.23561450839042664,0.29444584250450134,1.1207200288772583,1.6597480773925781,0.4336378872394562,0,-1,1,131,1.0,2.0,131,1.2877024412155151,0,0.0,0,0.0,0,4.743607997894287,0,5
SH,Mamba,137,1289,164,164,16.400000000000002,0.24847473204135895,0.303628534078598,1.3749213218688965,1.7560079097747803,0.4272279441356659,0,-1,1,164,1.0,2.0,164,1.4741592407226562,0,0.0,0,0.0,0,11.906891822814941,0,5
SH,Mamba,137,1290,406,406,40.6,0.230272114276886,0.2799740731716156,6.290805339813232,7.109496593475342,0.9260540008544922,0,-1,1,171,0.4211822660098522,2.0,406,0.7965813875198364,0,0.0,0,0.0,0,13.527236938476562,2,7
SH,Mamba,137,1291,330,330,33.0,0.21270093321800232,0.25797829031944275,1.6409242153167725,1.9739136695861816,0.3373008072376251,0,-1,1,330,1.0,2.0,330,1.1365028619766235,0,0.0,0,0.0,0,12.43010139465332,1,6
SH,Mamba,137,1292,230,230,23.0,0.2196974903345108,0.2641223967075348,4.206869602203369,4.697662353515625,0.4591975212097168,0,-1,1,47,0.20434782608695654,2.0,230,1.8738856315612793,0,0.0,0,0.0,0,1.036077857017517,2,7
SH,Mamba,137,1293,145,145,14.5,0.42620882391929626,0.5337828397750854,8.890639305114746,11.026844024658203,1.31538724899292,0,-1,1,145,1.0,2.0,145,0.7229558229446411,0,0.0,0,0.0,0,7.038908004760742,0,5
SH,Mamba,137,1294,170,170,17.0,0.2411590963602066,0.3160780966281891,3.959463596343994,5.494008541107178,0.8538273572921753,0,-1,1,170,1.0,2.0,170,1.2797058820724487,0,0.0,0,0.0,0,12.471620559692383,0,5
SH,Mamba,137,1295,189,189,18.900000000000002,0.5199887156486511,0.7066660523414612,1.766495943069458,2.298879384994507,0.8213073015213013,0,-1,1,189,1.0,2.0,189,1.0837297439575195,0,0.0,0,0.0,0,4.046475410461426,0,5
SH,Mamba,137,1296,333,333,33.300000000000004,0.11623521149158478,0.14922605454921722,2.257233142852783,2.760404109954834,0.2616479992866516,0,-1,1,333,1.0,2.0,333,0.5702701210975647,0,0.0,0,0.0,0,10.841455459594727,0,5
SH,Mamba,137,1297,217,217,21.700000000000003,0.24740545451641083,0.2987058460712433,1.2500462532043457,1.453604817390442,0.17840257287025452,0,-1,1,121,0.5576036866359447,2.0,217,0.08119095861911774,0,0.0,0,0.0,0,0.01987207867205143,0,5
SH,Mamba,137,1298,210,210,21.0,0.27857863903045654,0.34769779443740845,4.578456401824951,5.610240936279297,0.6797332167625427,0,-1,0,0,0.0,2.0,210,2.9011964797973633,0,0.0,0,0.0,0,2.859717845916748,1,6
SH,Mamba,137,1299,418,418,41.800000000000004,0.2892419993877411,0.4190586805343628,3.8136653900146484,4.277721881866455,0.39089590311050415,0,-1,1,266,0.6363636363636364,2.0,418,1.3425213098526,0,0.0,0,0.0,0,3.6059868335723877,2,7
SH,Mamba,137,1300,175,175,17.5,0.14707905054092407,0.1798352748155594,1.516629934310913,1.6681430339813232,0.44872963428497314,0,-1,0,0,0.0,2.0,175,3.221820831298828,0,0.0,0,0.0,0,1.244259238243103,0,5
SH,Mamba,137,1301,133,133,13.3,0.05352608859539032,0.06926941126585007,1.067143440246582,1.3622331619262695,0.2022671401500702,0,-1,0,0,0.0,2.0,133,4.439499378204346,0,0.0,0,0.0,0,90.69631958007812,0,5
SH,Mamba,137,1302,162,162,16.2,0.2335052788257599,0.28568342328071594,4.355216979980469,5.348939895629883,0.6838700175285339,0,-1,0,0,0.0,2.0,162,2.329350471496582,0,0.0,0,0.0,0,14.47391128540039,2,7
SH,Mamba,137,1303,283,283,28.3,0.6605696082115173,0.8808106780052185,8.473006248474121,13.06315803527832,2.0395987033843994,0,-1,1,37,0.13074204946996468,2.0,283,1.927166223526001,0,0.0,0,0.0,0,23.462749481201172,1,6
SH,Mamba,137,1304,169,169,16.900000000000002,0.2367839515209198,0.3087196946144104,2.6710245609283447,3.264850616455078,0.7968911528587341,0,-1,1,115,0.6804733727810651,2.0,169,1.4143534898757935,0,0.0,0,0.0,0,17.938810348510742,0,5
SH,Mamba,137,1305,352,352,35.2,0.25186020135879517,0.3030036389827728,15.998562812805176,18.271224975585938,1.0984240770339966,0,-1,1,248,0.7045454545454546,2.0,352,0.8836577534675598,0,0.0,0,0.0,0,21.621707916259766,0,5
SH,Mamba,137,1306,532,532,53.2,0.2974790334701538,0.4186001420021057,6.256504535675049,7.802634239196777,0.6230372190475464,0,-1,1,423,0.7951127819548872,2.0,532,1.3326222896575928,0,0.0,0,0.0,0,5.002035617828369,2,7
SH,Mamba,137,1307,263,263,26.3,0.17970117926597595,0.22282859683036804,1.228964924812317,1.403967261314392,0.2700375020503998,0,-1,1,263,1.0,2.0,263,1.0079585313796997,0,0.0,0,0.0,0,7.139108180999756,1,6
SH,Mamba,137,1308,146,146,14.600000000000001,0.30337074398994446,0.36969226598739624,9.179473876953125,11.366943359375,1.2344638109207153,0,-1,1,146,1.0,2.0,146,1.0052950382232666,0,0.0,0,0.0,0,20.766828536987305,0,5
SH,Mamba,137,1309,205,205,20.5,0.3172011077404022,0.3749684989452362,0.6164245009422302,0.789878785610199,0.33559271693229675,0,-1,1,1,0.004878048780487805,2.0,205,1.9813662767410278,0,0.0,0,0.0,0,5.121580600738525,0,5
SH,Mamba,137,1310,311,311,31.1,0.2863607704639435,0.3485785126686096,1.7003287076950073,2.4801266193389893,0.48208555579185486,1,173,1,47,0.15112540192926044,2.0,173,0.0,0,0.0,0,0.0,0,0.0,2,7
SH,Mamba,137,1311,449,449,44.900000000000006,0.10329931974411011,0.12641111016273499,15.648297309875488,17.773073196411133,0.590951144695282,0,-1,1,145,0.32293986636971045,2.0,449,1.297442078590393,0,0.0,0,0.0,0,29.203262329101562,1,6
SH,Mamba,137,1312,131,131,13.100000000000001,0.725696861743927,0.9273567795753479,4.523860454559326,5.867527961730957,1.1791142225265503,0,-1,1,131,1.0,2.0,131,1.5590810775756836,0,0.0,0,0.0,0,11.185598373413086,1,6
SH,Mamba,137,1313,439,439,43.900000000000006,0.2777050733566284,0.34202224016189575,1.982344627380371,2.4411821365356445,0.4055485427379608,0,-1,1,439,1.0,2.0,439,1.1062736511230469,0,0.0,0,0.0,0,3.6841182708740234,2,7
SH,Mamba,137,1314,401,401,40.1,0.21705107390880585,0.3001202940940857,0.5323449373245239,0.7431423664093018,0.16928823292255402,1,396,1,323,0.8054862842892768,2.0,396,0.0,0,0.0,0,0.0,0,0.0,0,5
SH,Mamba,137,1315,164,164,16.400000000000002,0.19694851338863373,0.25883036851882935,0.8152424693107605,1.0950629711151123,0.41630738973617554,0,-1,1,83,0.5060975609756098,2.0,164,1.4748625755310059,0,0.0,0,0.0,0,1.723057508468628,1,6
SH,Mamba,137,1316,239,239,23.900000000000002,0.2762511968612671,0.3449304699897766,2.956850290298462,3.9701640605926514,0.79400235414505,0,-1,1,239,1.0,2.0,239,1.2626901865005493,0,0.0,0,0.0,0,3.7699873447418213,2,7
SH,Mamba,137,1317,405,405,40.5,0.21543648838996887,0.26369208097457886,24.590335845947266,29.529985427856445,1.1861616373062134,0,-1,1,159,0.3925925925925926,2.0,405,1.3565505743026733,0,0.0,0,0.0,0,33.510860443115234,0,5
SH,Mamba,137,1318,353,353,35.300000000000004,0.17302586138248444,0.22602571547031403,4.733885765075684,5.009537220001221,0.32175004482269287,0,-1,1,353,1.0,2.0,353,1.1603772640228271,0,0.0,0,0.0,0,11.256009101867676,0,5
SH,Mamba,137,1319,194,194,19.400000000000002,0.1785610467195511,0.24109584093093872,0.9162865877151489,1.1084043979644775,0.18257050216197968,0,-1,1,8,0.041237113402061855,2.0,194,1.9839609861373901,0,0.0,0,0.0,0,0.8761501908302307,1,6
SH,Mamba,137,1320,422,422,42.2,0.23841044306755066,0.2844957411289215,1.4982483386993408,1.976690411567688,0.3442939519882202,0,-1,1,414,0.981042654028436,2.0,422,0.4639352858066559,0,0.0,0,0.0,0,0.2362835705280304,2,7
SH,Mamba,137,1321,513,513,51.300000000000004,0.217323437333107,0.26724281907081604,1.9698817729949951,2.441037654876709,0.36233648657798767,0,-1,1,513,1.0,2.0,513,0.4249984323978424,0,0.0,0,0.0,0,2.963656425476074,0,5
SH,Mamba,137,1322,148,148,14.8,0.07343234121799469,0.09597259014844894,1.6471126079559326,2.043764352798462,0.33529961109161377,0,-1,0,0,0.0,2.0,148,2.9036624431610107,0,0.0,0,0.0,0,37.34082794189453,1,6
SH,Mamba,137,1323,190,190,19.0,0.17048770189285278,0.20562145113945007,1.449966549873352,1.692888855934143,0.29632866382598877,0,-1,1,190,1.0,2.0,190,0.9906954765319824,0,0.0,0,0.0,0,12.117119789123535,2,7
SH,Mamba,137,1324,167,167,16.7,0.17589423060417175,0.21044376492500305,0.4056212306022644,0.5428794026374817,0.16776202619075775,0,-1,0,0,0.0,2.0,167,2.681384325027466,0,0.0,0,0.0,0,26.532264709472656,2,7
SH,Mamba,137,1325,237,237,23.700000000000003,0.20448105037212372,0.2616797089576721,14.701994895935059,18.12092399597168,1.253545880317688,0,-1,1,237,1.0,2.0,237,0.958534836769104,0,0.0,0,0.0,0,14.497910499572754,1,6
SH,Mamba,137,1326,333,333,33.300000000000004,0.35463985800743103,0.44084006547927856,26.948606491088867,35.28067398071289,2.3625667095184326,0,-1,1,333,1.0,2.0,333,1.260620355606079,0,0.0,0,0.0,0,9.944683074951172,1,6
SH,Mamba,137,1327,408,408,40.800000000000004,0.30203139781951904,0.40285947918891907,2.1512277126312256,2.4022583961486816,0.36804476380348206,0,-1,1,146,0.35784313725490197,2.0,408,0.972778856754303,0,0.0,0,0.0,0,0.9263899922370911,0,5
SH,Mamba,137,1328,375,375,37.5,0.28357023000717163,0.42600908875465393,0.8071102499961853,0.9315872192382812,0.2827001214027405,0,-1,1,346,0.9226666666666666,2.0,375,1.224534511566162,0,0.0,0,0.0,0,3.4144771099090576,0,5
SH,Mamba,137,1329,172,172,17.2,0.43700891733169556,0.544903039932251,1.2293775081634521,1.5322362184524536,0.5728922486305237,0,-1,1,171,0.9941860465116279,2.0,172,0.24319963157176971,0,0.0,0,0.0,0,0.26245519518852234,0,5
SH,Mamba,137,1330,271,271,27.1,0.5012218356132507,0.6598491668701172,13.248908996582031,17.988996505737305,1.7203948497772217,0,-1,0,0,0.0,2.0,271,2.3086094856262207,0,0.0,0,0.0,0,6.403902530670166,1,6
SH,Mamba,137,1331,379,379,37.9,0.4142102301120758,0.5273282527923584,1.258438229560852,1.6383824348449707,0.4751538932323456,0,-1,1,194,0.5118733509234829,2.0,379,1.6269588470458984,0,0.0,0,0.0,0,7.756049633026123,1,6
SH,Mamba,137,1332,160,160,16.0,0.2998759150505066,0.35923057794570923,0.6743354797363281,0.7913109660148621,0.26998090744018555,0,-1,1,97,0.60625,2.0,160,1.5337567329406738,0,0.0,0,0.0,0,2.3061628341674805,2,7
SH,Mamba,137,1333,196,196,19.6,0.4235970973968506,0.4910185933113098,3.415919303894043,4.024848937988281,0.6989833116531372,0,-1,1,196,1.0,2.0,196,1.2324988842010498,0,0.0,0,0.0,0,3.0595362186431885,0,5
SH,Mamba,137,1334,367,367,36.7,0.3921276330947876,0.4945920407772064,2.5326364040374756,2.9237282276153564,0.4717258810997009,1,319,1,319,0.8692098092643051,2.0,319,0.0,0,0.0,0,0.0,0,0.0,0,5
SH,Mamba,137,1335,256,256,25.6,0.19701255857944489,0.4202151894569397,2.049736261367798,2.5192086696624756,0.3280245065689087,0,-1,0,0,0.0,2.0,256,2.6115505695343018,0,0.0,0,0.0,0,52.66184616088867,0,5
SH,Mamba,137,1336,708,708,70.8,0.2399401068687439,0.3176773190498352,4.508065700531006,5.1757707595825195,0.3757851719856262,0,-1,1,664,0.9378531073446328,2.0,708,1.0637269020080566,0,0.0,0,0.0,0,0.945988118648529,2,7
SH,Mamba,137,1337,183,183,18.3,0.5326775908470154,0.7514975666999817,5.115390300750732,5.766013145446777,1.3033920526504517,1,141,1,141,0.7704918032786885,2.0,141,0.0,0,0.0,0,0.0,0,0.0,2,7
SH,Mamba,137,1338,140,140,14.0,0.5602688193321228,0.629406750202179,2.5344231128692627,3.3653948307037354,0.8297793865203857,0,-1,0,0,0.0,2.0,140,2.1198155879974365,0,0.0,0,0.0,0,5.098169326782227,1,6
SH,Mamba,137,1339,627,627,62.7,0.20045945048332214,0.24696162343025208,2.0888185501098633,2.5769543647766113,0.22477272152900696,0,-1,1,606,0.9665071770334929,2.0,627,0.6448697447776794,0,0.0,0,0.0,0,0.25267431139945984,1,6
SH,Mamba,137,1340,161,161,16.1,0.30172285437583923,0.4475679397583008,0.8928558826446533,1.3770917654037476,0.41870367527008057,0,-1,1,161,1.0,2.0,161,0.720771849155426,0,0.0,0,0.0,0,3.630924940109253,2,7
SH,Mamba,137,1341,471,471,47.1,0.2807731628417969,0.3881702423095703,4.359827518463135,5.691856384277344,0.5771166086196899,0,-1,1,33,0.07006369426751592,2.0,471,1.9156304597854614,0,0.0,0,0.0,0,6.314866065979004,0,5
SH,Mamba,137,1342,217,217,21.700000000000003,0.30337780714035034,0.34690409898757935,2.769857883453369,3.7333505153656006,0.6085050106048584,0,-1,1,209,0.9631336405529954,2.0,217,1.4567350149154663,0,0.0,0,0.0,0,14.255941390991211,1,6
SH,Mamba,137,1343,164,164,16.400000000000002,0.44209346175193787,0.5909212827682495,0.7145045399665833,0.9415299296379089,0.4515392482280731,0,-1,1,164,1.0,2.0,164,0.340833842754364,0,0.0,0,0.0,0,1.3872737884521484,2,7
SH,Mamba,137,1344,281,281,28.1,0.21636217832565308,0.2512854337692261,2.626983642578125,3.3982367515563965,0.6132524013519287,0,-1,1,281,1.0,2.0,281,0.9128654599189758,0,0.0,0,0.0,0,19.536340713500977,0,5
SH,Mamba,137,1345,192,192,19.200000000000003,0.20977675914764404,0.26695120334625244,1.5867191553115845,2.3229942321777344,0.4236389100551605,0,-1,0,0,0.0,2.0,192,2.272989273071289,0,0.0,0,0.0,0,5.45714807510376,1,6
SH,Mamba,137,1346,1014,1014,101.4,0.3185811936855316,0.41878756880760193,1.2730567455291748,1.7098156213760376,0.40533727407455444,0,-1,1,824,0.8126232741617357,2.0,1014,1.245348334312439,0,0.0,0,0.0,0,2.3270339965820312,1,6
SH,Mamba,137,1347,509,509,50.900000000000006,0.16071872413158417,0.2019534558057785,5.10247802734375,7.258376121520996,0.4168095886707306,0,-1,1,509,1.0,2.0,509,1.2015066146850586,0,0.0,0,0.0,0,12.751220703125,1,6
SH,Mamba,137,1348,145,145,14.5,0.2913702726364136,0.35045069456100464,0.8099490404129028,0.8996890187263489,0.3449602723121643,0,-1,1,145,1.0,2.0,145,1.327129602432251,0,0.0,0,0.0,0,5.121496677398682,1,6
SH,Mamba,137,1349,560,560,56.0,0.3632655143737793,0.4648771584033966,1.862979531288147,2.3608272075653076,0.5455283522605896,0,-1,1,150,0.26785714285714285,2.0,560,1.7829945087432861,0,0.0,0,0.0,0,5.883720874786377,2,7
SH,Mamba,137,1350,373,373,37.300000000000004,0.24105702340602875,0.3007219433784485,0.9214989542961121,1.1177352666854858,0.2931741178035736,1,370,1,298,0.7989276139410187,2.0,370,0.0,0,0.0,0,0.0,0,0.0,2,7
SH,Mamba,137,1351,156,156,15.600000000000001,0.2818218469619751,0.3297395408153534,5.852366924285889,7.119033336639404,0.7412364482879639,0,-1,1,102,0.6538461538461539,2.0,156,0.6322367191314697,0,0.0,0,0.0,0,0.26355060935020447,2,7
SH,Mamba,137,1352,265,265,26.5,0.21208456158638,0.252702534198761,1.7504267692565918,2.0284080505371094,0.4951482117176056,0,-1,0,0,0.0,2.0,265,2.1226511001586914,0,0.0,0,0.0,0,13.71931266784668,0,5
SH,Mamba,137,1353,163,163,16.3,0.2222072184085846,0.27582618594169617,1.8193720579147339,2.191267967224121,0.39106830954551697,0,-1,1,57,0.3496932515337423,2.0,163,1.8467676639556885,0,0.0,0,0.0,0,1.605082392692566,2,7
SH,Mamba,137,1354,253,253,25.3,0.48144784569740295,0.6315568089485168,2.1819162368774414,2.7710413932800293,0.6353760957717896,0,-1,1,253,1.0,2.0,253,0.5686996579170227,0,0.0,0,0.0,0,2.0337843894958496,2,7
SH,Mamba,137,1355,214,214,21.400000000000002,0.14870873093605042,0.19179968535900116,7.665885925292969,8.91261100769043,0.6150527596473694,0,-1,1,214,1.0,2.0,214,0.9526267647743225,0,0.0,0,0.0,0,23.24695587158203,2,7
SH,Mamba,137,1356,546,546,54.6,0.38111764192581177,0.4976027011871338,1.0122785568237305,1.4155842065811157,0.46587780117988586,0,-1,1,546,1.0,2.0,546,0.07315085828304291,0,0.0,0,0.0,0,0.084282286465168,1,6
SH,Mamba,137,1357,201,201,20.1,0.17914371192455292,0.23295877873897552,10.107837677001953,13.528498649597168,1.3015007972717285,0,-1,1,201,1.0,2.0,201,0.8225922584533691,0,0.0,0,0.0,0,26.88362693786621,1,6
SH,Mamba,137,1358,316,316,31.6,0.5693486928939819,0.753062903881073,15.192625045776367,16.98541831970215,1.3098564147949219,0,-1,1,316,1.0,2.0,316,0.8170230984687805,0,0.0,0,0.0,0,3.935945510864258,2,7
SH,Mamba,137,1359,144,144,14.4,0.12888604402542114,0.1772681027650833,1.9475209712982178,2.2294366359710693,0.23694276809692383,0,-1,1,144,1.0,2.0,144,0.9262087941169739,0,0.0,0,0.0,0,18.48397445678711,0,5
SH,Mamba,137,1360,309,309,30.900000000000002,0.1387290507555008,0.17353849112987518,4.850139617919922,6.099262714385986,0.303589403629303,0,-1,1,309,1.0,2.0,309,0.914670467376709,0,0.0,0,0.0,0,8.982377052307129,0,5
SH,Mamba,137,1361,170,170,17.0,0.2904718220233917,0.3825913965702057,1.9743670225143433,2.329976797103882,0.4245009124279022,0,-1,1,16,0.09411764705882353,2.0,170,1.8810452222824097,0,0.0,0,0.0,0,9.726299285888672,1,6
SH,Mamba,137,1362,178,178,17.8,0.2662818133831024,0.31415170431137085,2.861783027648926,3.4728598594665527,1.0211336612701416,0,-1,0,0,0.0,2.0,178,2.0001509189605713,0,0.0,0,0.0,0,46.58757781982422,0,5
SH,Mamba,137,1363,233,233,23.3,0.2817559838294983,0.35433024168014526,20.90351104736328,24.873966217041016,1.9737471342086792,0,-1,0,0,0.0,2.0,233,2.933871030807495,0,0.0,0,0.0,0,14.804862022399902,1,6
SH,Mamba,137,1364,177,177,17.7,0.42874959111213684,0.5031874179840088,4.303531169891357,5.470593452453613,0.8045335412025452,0,-1,0,0,0.0,2.0,177,2.9815099239349365,0,0.0,0,0.0,0,18.841407775878906,0,5
SH,Mamba,137,1365,380,380,38.0,0.20301450788974762,0.24973702430725098,5.807122707366943,6.692394733428955,0.5570631623268127,0,-1,1,266,0.7,2.0,380,1.3785057067871094,0,0.0,0,0.0,0,26.7508602142334,2,7
SH,Mamba,137,1366,364,364,36.4,0.23752461373806,0.3421410918235779,3.5117640495300293,4.078845024108887,0.5486732125282288,0,-1,1,183,0.5027472527472527,2.0,364,1.7704367637634277,0,0.0,0,0.0,0,1.5987263917922974,0,5
SH,Mamba,137,1367,226,226,22.6,0.19631515443325043,0.23467481136322021,0.8880814909934998,1.2066071033477783,0.31889936327934265,0,-1,1,130,0.5752212389380531,2.0,226,1.2365527153015137,0,0.0,0,0.0,0,14.62680435180664,1,6
SH,Mamba,137,1368,562,562,56.2,0.25070542097091675,0.3225077986717224,8.607400894165039,10.212051391601562,0.6057329773902893,0,-1,1,562,1.0,2.0,562,0.7599689960479736,0,0.0,0,0.0,0,9.523848533630371,1,6
SH,Mamba,137,1369,133,133,13.3,0.6519111394882202,0.7712888717651367,22.22968292236328,30.611452102661133,5.037167549133301,0,-1,0,0,0.0,2.0,133,6.8339362144470215,0,0.0,0,0.0,0,54.73995590209961,1,6
SH,Mamba,137,1370,263,263,26.3,0.2342924177646637,0.297997385263443,1.5486210584640503,2.13749098777771,0.4853310286998749,0,-1,1,263,1.0,2.0,263,0.8831444382667542,0,0.0,0,0.0,0,5.321613311767578,2,7
SH,Mamba,137,1371,380,380,38.0,0.5669370889663696,0.7619878649711609,18.9633731842041,25.61465835571289,2.6381595134735107,0,-1,0,0,0.0,2.0,380,3.05092191696167,0,0.0,0,0.0,0,10.926377296447754,0,5
SH,Mamba,137,1372,149,149,14.9,0.3253200054168701,0.3938000202178955,3.9943158626556396,4.546759128570557,0.6401638388633728,0,-1,1,48,0.3221476510067114,2.0,149,1.7865660190582275,0,0.0,0,0.0,0,2.550091505050659,1,6
SH,Mamba,137,1373,220,220,22.0,0.3162337839603424,0.3791104853153229,1.8951048851013184,2.211488962173462,0.5187729001045227,0,-1,1,115,0.5227272727272727,2.0,220,1.316852331161499,0,0.0,0,0.0,0,0.8577448725700378,2,7
SH,Mamba,137,1374,217,217,21.700000000000003,0.28255319595336914,0.32790258526802063,2.443305253982544,3.111351490020752,0.4245522618293762,0,-1,1,20,0.09216589861751152,2.0,217,1.9040905237197876,0,0.0,0,0.0,0,7.078099250793457,2,7
SH,Mamba,137,1375,227,227,22.700000000000003,0.30540838837623596,0.3556576073169708,23.556989669799805,28.425968170166016,1.9498370885849,0,-1,1,116,0.5110132158590308,2.0,227,1.7341657876968384,0,0.0,0,0.0,0,12.855368614196777,2,7
SH,Mamba,137,1376,433,433,43.300000000000004,0.18028277158737183,0.22095711529254913,4.175990581512451,4.538506507873535,0.38835859298706055,0,-1,1,433,1.0,2.0,433,0.6802816390991211,0,0.0,0,0.0,0,12.429323196411133,0,5
SH,Mamba,137,1377,217,217,21.700000000000003,0.4839724004268646,0.6413449048995972,2.1445915699005127,2.5934407711029053,0.6642679572105408,0,-1,1,217,1.0,2.0,217,0.7857874035835266,0,0.0,0,0.0,0,4.729457855224609,0,5
SH,Mamba,137,1378,763,763,76.3,0.2648327052593231,0.3384084701538086,1.0369195938110352,1.380728840827942,0.3935304880142212,0,-1,1,763,1.0,2.0,763,0.34616944193840027,0,0.0,0,0.0,0,0.584378182888031,0,5
SH,Mamba,137,1379,193,193,19.3,0.23361188173294067,0.28917744755744934,1.0890997648239136,1.2201266288757324,0.3048690855503082,0,-1,0,0,0.0,2.0,193,4.045999526977539,0,0.0,0,0.0,0,4.2433319091796875,2,7
SH,Mamba,137,1380,453,453,45.300000000000004,0.28160643577575684,0.36656633019447327,3.74364972114563,4.313347816467285,0.45641976594924927,1,443,1,394,0.869757174392936,2.0,443,0.0,0,0.0,0,0.0,0,0.0,2,7
SH,Mamba,137,1381,179,179,17.900000000000002,0.19718943536281586,0.25575190782546997,5.481109619140625,6.175151348114014,0.4863376319408417,0,-1,0,0,0.0,2.0,179,3.1585476398468018,0,0.0,0,0.0,0,13.99544906616211,0,5
SH,Mamba,137,1382,167,167,16.7,0.1698560118675232,0.2016860991716385,10.166011810302734,13.251416206359863,1.5950900316238403,0,-1,1,167,1.0,2.0,167,0.38154172897338867,0,0.0,0,0.0,0,6.652970314025879,0,5
SH,Mamba,137,1383,274,274,27.400000000000002,0.062294889241456985,0.08201149851083755,2.5645055770874023,3.7644197940826416,0.2916428744792938,0,-1,0,0,0.0,2.0,274,2.905998706817627,0,0.0,0,0.0,0,69.09635162353516,0,5
SH,Mamba,137,1384,706,706,70.60000000000001,0.29356732964515686,0.3771156668663025,7.681600570678711,8.366000175476074,0.623469352722168,0,-1,1,584,0.8271954674220963,2.0,706,1.2078496217727661,0,0.0,0,0.0,0,3.0250842571258545,2,7
SH,Mamba,137,1385,621,621,62.1,0.21325384080410004,0.2729046046733856,11.797203063964844,13.651519775390625,0.5708478093147278,0,-1,1,588,0.9468599033816425,2.0,621,0.8076804280281067,0,0.0,0,0.0,0,21.897764205932617,1,6
SH,Mamba,137,1386,243,243,24.3,0.3188711106777191,0.40589770674705505,2.9436113834381104,3.7032716274261475,0.5645448565483093,0,-1,1,243,1.0,2.0,243,0.765065610408783,0,0.0,0,0.0,0,3.0701825618743896,2,7
SH,Mamba,137,1387,319,319,31.900000000000002,0.3295590579509735,0.40261492133140564,0.9656715393066406,1.1810961961746216,0.3149120509624481,0,-1,1,319,1.0,2.0,319,0.8878304362297058,0,0.0,0,0.0,0,2.9434938430786133,2,7
SH,Mamba,137,1388,230,230,23.0,0.18860331177711487,0.23465293645858765,1.9074373245239258,2.1577446460723877,0.3361673057079315,0,-1,1,230,1.0,2.0,230,0.3691430687904358,0,0.0,0,0.0,0,7.995380401611328,0,5
SH,Mamba,137,1389,180,180,18.0,0.30228757858276367,0.41234713792800903,1.2093634605407715,1.4430162906646729,0.27727025747299194,0,-1,1,180,1.0,2.0,180,1.3042651414871216,0,0.0,0,0.0,0,1.528670072555542,1,6
SH,Mamba,137,1390,626,626,62.6,0.21732307970523834,0.28658294677734375,2.0481760501861572,2.4120118618011475,0.3360467851161957,0,-1,1,626,1.0,2.0,626,0.6495676040649414,0,0.0,0,0.0,0,0.6669116616249084,1,6
SH,Mamba,137,1391,271,271,27.1,0.29251667857170105,0.36973243951797485,2.6053965091705322,3.586350440979004,0.5226097702980042,0,-1,1,144,0.5313653136531366,2.0,271,1.6565181016921997,0,0.0,0,0.0,0,2.5997185707092285,2,7
SH,Mamba,137,1392,227,227,22.700000000000003,0.3127133846282959,0.3829048275947571,2.580902576446533,2.9598701000213623,0.5859758257865906,0,-1,1,227,1.0,2.0,227,0.36771130561828613,0,0.0,0,0.0,0,7.176345348358154,0,5
SH,Mamba,137,1393,168,168,16.8,0.22764699161052704,0.31126460433006287,2.4632458686828613,3.087388038635254,0.40329116582870483,0,-1,1,168,1.0,2.0,168,1.3087815046310425,0,0.0,0,0.0,0,18.554931640625,2,7
SH,Mamba,137,1394,279,279,27.900000000000002,0.18417008221149445,0.23242883384227753,1.5868537425994873,1.91249418258667,0.34163805842399597,0,-1,1,279,1.0,2.0,279,1.3141229152679443,0,0.0,0,0.0,0,5.660787582397461,2,7
SH,Mamba,137,1395,201,201,20.1,0.23784853518009186,0.2985360622406006,8.46261978149414,10.783958435058594,1.086398959159851,0,-1,1,201,1.0,2.0,201,0.8813086152076721,0,0.0,0,0.0,0,12.766088485717773,2,7
SH,Mamba,137,1396,274,274,27.400000000000002,0.17811499536037445,0.21618378162384033,2.017810821533203,2.7879509925842285,0.33488112688064575,0,-1,1,128,0.46715328467153283,2.0,274,1.4992280006408691,0,0.0,0,0.0,0,1.8187059164047241,1,6
SH,Mamba,137,1397,184,184,18.400000000000002,0.2945691645145416,0.3652067184448242,0.5200753808021545,0.6128920316696167,0.22148995101451874,0,-1,1,166,0.9021739130434783,2.0,184,0.08003388345241547,0,0.0,0,0.0,0,0.043485913425683975,1,6
SH,Mamba,137,1398,372,372,37.2,0.32842177152633667,0.4197247326374054,3.587948799133301,4.3503594398498535,0.5492728352546692,0,-1,1,372,1.0,2.0,372,0.704124391078949,0,0.0,0,0.0,0,9.268416404724121,0,5
SH,Mamba,137,1399,157,157,15.700000000000001,0.2426915466785431,0.2831001281738281,4.434238910675049,5.0660929679870605,0.6355714797973633,0,-1,0,0,0.0,2.0,157,2.334890604019165,0,0.0,0,0.0,0,14.111712455749512,0,5
SH,Mamba,137,1400,176,176,17.6,0.19786053895950317,0.22835145890712738,8.69234561920166,12.116294860839844,1.5830966234207153,0,-1,0,0,0.0,2.0,176,5.869583606719971,0,0.0,0,0.0,0,78.56816864013672,2,7
SH,Mamba,137,1401,488,488,48.800000000000004,0.16942237317562103,0.23438169062137604,0.6482764482498169,0.7806675434112549,0.17061492800712585,1,484,1,462,0.9467213114754098,2.0,484,0.0,0,0.0,0,0.0,0,0.0,0,5
SH,Mamba,137,1402,190,190,19.0,0.3802548050880432,0.46447131037712097,2.308563470840454,2.496469736099243,0.4309999942779541,0,-1,0,0,0.0,2.0,190,2.8259639739990234,0,0.0,0,0.0,0,5.278496265411377,0,5
SH,Mamba,137,1403,161,161,16.1,0.20434513688087463,0.26515355706214905,0.6010559797286987,0.6827084422111511,0.14064933359622955,0,-1,0,0,0.0,2.0,161,2.987285852432251,0,0.0,0,0.0,0,38.418853759765625,0,5
SH,Mamba,137,1404,174,174,17.400000000000002,0.16880539059638977,0.19434790313243866,3.1260247230529785,4.5315752029418945,0.49135953187942505,0,-1,0,0,0.0,2.0,174,2.466654062271118,0,0.0,0,0.0,0,43.7417106628418,0,5
SH,Mamba,137,1405,140,140,14.0,0.16508062183856964,0.1916123479604721,5.136264324188232,6.749040603637695,0.9381594061851501,0,-1,0,0,0.0,2.0,140,2.6339056491851807,0,0.0,0,0.0,0,51.20015335083008,2,7
SH,Mamba,137,1406,198,198,19.8,0.438236802816391,0.5706823468208313,0.929227888584137,1.0853766202926636,0.42721977829933167,0,-1,1,198,1.0,2.0,198,1.230820655822754,0,0.0,0,0.0,0,5.023550987243652,0,5
SH,Mamba,137,1407,154,154,15.4,0.15296287834644318,0.19832320511341095,1.5232183933258057,1.7180567979812622,0.268391877412796,0,-1,0,0,0.0,2.0,154,2.581623077392578,0,0.0,0,0.0,0,10.81673526763916,2,7
SH,Mamba,137,1408,142,142,14.200000000000001,0.2083670049905777,0.2529345750808716,4.300175666809082,5.983076572418213,0.9227048754692078,0,-1,0,0,0.0,2.0,142,2.131234645843506,0,0.0,0,0.0,0,48.59892654418945,1,6
SH,Mamba,137,1409,161,161,16.1,0.25421103835105896,0.30310070514678955,4.233286380767822,5.631563663482666,0.7179750800132751,0,-1,1,126,0.782608695652174,2.0,161,1.820621132850647,0,0.0,0,0.0,0,18.544761657714844,1,6
SH,Mamba,137,1410,527,527,52.7,0.24825242161750793,0.3461972773075104,2.808776617050171,3.1870343685150146,0.3479262888431549,0,-1,1,527,1.0,2.0,527,0.2837197482585907,0,0.0,0,0.0,0,4.792398452758789,1,6
SH,Mamba,137,1411,987,987,98.7,0.27376770973205566,0.3868713974952698,2.5786030292510986,2.8420920372009277,1.7113806009292603,1,36,1,36,0.0364741641337386,2.0,36,0.0,0,0.0,0,0.0,0,0.0,0,5
SH,Mamba,137,1412,152,152,15.200000000000001,0.268115758895874,0.36215677857398987,1.274749517440796,1.6211118698120117,0.509228527545929,0,-1,1,152,1.0,2.0,152,1.2809181213378906,0,0.0,0,0.0,0,7.22861909866333,0,5
SH,Mamba,137,1413,345,345,34.5,0.45832812786102295,0.5834840536117554,6.568647861480713,7.147975921630859,0.6604818105697632,0,-1,0,0,0.0,2.0,345,2.247159957885742,0,0.0,0,0.0,0,10.984268188476562,0,5
SH,Mamba,137,1414,156,156,15.600000000000001,0.41039276123046875,0.5121597051620483,2.5439255237579346,2.9259042739868164,0.6897071599960327,0,-1,0,0,0.0,2.0,156,3.542140007019043,0,0.0,0,0.0,0,12.763365745544434,0,5
SH,Mamba,137,1415,339,339,33.9,0.3962482511997223,0.46958160400390625,2.3590967655181885,3.589486598968506,0.6529964208602905,0,-1,1,339,1.0,2.0,339,1.0683261156082153,0,0.0,0,0.0,0,6.346423625946045,2,7
SH,Mamba,137,1416,276,276,27.6,0.08541503548622131,0.10418974608182907,6.120283603668213,7.518304347991943,0.4010446071624756,0,-1,0,0,0.0,2.0,276,3.069025993347168,0,0.0,0,0.0,0,64.94103240966797,0,5
SH,Mamba,137,1417,150,150,15.0,0.2631850242614746,0.31230321526527405,3.80180287361145,4.399770736694336,0.7433376312255859,0,-1,1,6,0.04,2.0,150,1.9357357025146484,0,0.0,0,0.0,0,44.03624725341797,0,5
SH,Mamba,137,1418,293,293,29.3,0.19585369527339935,0.2406902313232422,7.124551773071289,9.789911270141602,0.8875113725662231,0,-1,1,57,0.1945392491467577,2.0,293,1.0625241994857788,0,0.0,0,0.0,0,18.542020797729492,1,6
SH,Mamba,137,1419,523,523,52.300000000000004,0.3228950500488281,0.4536425471305847,1.9156650304794312,2.677856683731079,0.5019731521606445,0,-1,1,523,1.0,2.0,523,0.3800300359725952,0,0.0,0,0.0,0,0.7411453723907471,1,6
SH,Mamba,137,1420,159,159,15.9,0.19488725066184998,0.28262701630592346,2.0375866889953613,2.6662375926971436,0.46121883392333984,0,-1,0,0,0.0,2.0,159,2.4690279960632324,0,0.0,0,0.0,0,19.60344886779785,0,5
SH,Mamba,137,1421,301,301,30.1,0.2775995135307312,0.36270901560783386,2.2111480236053467,2.819021701812744,0.40737274289131165,0,-1,1,301,1.0,2.0,301,0.14447978138923645,0,0.0,0,0.0,0,0.15837405622005463,2,7
SH,Mamba,137,1422,483,483,48.300000000000004,0.32263845205307007,0.40426599979400635,1.4316531419754028,1.6690157651901245,0.4542582631111145,1,480,1,372,0.7701863354037267,2.0,480,0.0,0,0.0,0,0.0,0,0.0,1,6
SH,Mamba,137,1423,319,319,31.900000000000002,0.47502073645591736,0.575187087059021,5.164538383483887,6.928112506866455,1.0203031301498413,0,-1,1,319,1.0,2.0,319,1.21444833278656,0,0.0,0,0.0,0,7.008620738983154,0,5
SH,Mamba,137,1424,379,379,37.9,0.2171313762664795,0.2897771894931793,1.4142881631851196,1.8275835514068604,0.1925879567861557,1,371,1,371,0.978891820580475,2.0,371,0.0,0,0.0,0,0.0,0,0.0,2,7
SH,Mamba,137,1425,662,662,66.2,0.38853269815444946,0.519493043422699,6.89174747467041,8.054302215576172,0.6409643292427063,0,-1,1,606,0.9154078549848943,2.0,662,1.3204683065414429,0,0.0,0,0.0,0,13.506853103637695,1,6
SH,Mamba,137,1426,310,310,31.0,0.30110350251197815,0.3941287398338318,10.44294548034668,11.708795547485352,0.9818654656410217,0,-1,1,310,1.0,2.0,310,0.7058768272399902,0,0.0,0,0.0,0,12.951386451721191,1,6
SH,Mamba,137,1427,265,265,26.5,0.3468565046787262,0.46987617015838623,2.079916000366211,2.6301639080047607,0.4646016061306,0,-1,1,265,1.0,2.0,265,0.3320673108100891,0,0.0,0,0.0,0,0.7159061431884766,1,6
SH,Mamba,137,1428,206,206,20.6,0.2725992202758789,0.35285845398902893,1.539469599723816,1.8865633010864258,0.6086677312850952,0,-1,1,81,0.3932038834951456,2.0,206,1.7819561958312988,0,0.0,0,0.0,0,19.243534088134766,2,7
SH,Mamba,137,1429,443,443,44.300000000000004,0.25919806957244873,0.3347271680831909,2.7364962100982666,3.1170825958251953,0.3301558196544647,0,-1,1,364,0.8216704288939052,2.0,443,1.5546658039093018,0,0.0,0,0.0,0,6.826959133148193,1,6
SH,Mamba,137,1430,150,150,15.0,0.4762059450149536,0.6357578635215759,1.1732711791992188,1.6570295095443726,0.6471304893493652,0,-1,1,132,0.88,2.0,150,1.686081886291504,0,0.0,0,0.0,0,7.677453517913818,1,6
SH,Mamba,137,1431,207,207,20.700000000000003,0.25875958800315857,0.3551265001296997,6.988104343414307,8.45373821258545,0.805717408657074,0,-1,1,207,1.0,2.0,207,0.3414759337902069,0,0.0,0,0.0,0,8.34349250793457,0,5
SH,Mamba,137,1432,495,495,49.5,0.4156136214733124,0.5423099398612976,35.630096435546875,45.08497619628906,1.938414216041565,0,-1,0,0,0.0,2.0,495,3.1317358016967773,0,0.0,0,0.0,0,17.130273818969727,1,6
SH,Mamba,137,1433,223,223,22.3,0.14590826630592346,0.1889687329530716,2.882889747619629,4.403084754943848,0.4786011576652527,0,-1,0,0,0.0,2.0,223,2.516847610473633,0,0.0,0,0.0,0,20.699256896972656,0,5
SH,Mamba,137,1434,261,261,26.1,0.36378881335258484,0.4424326419830322,1.7878772020339966,2.473667621612549,0.508540153503418,0,-1,1,202,0.7739463601532567,2.0,261,1.634291172027588,0,0.0,0,0.0,0,6.664273262023926,2,7
SH,Mamba,137,1435,207,207,20.700000000000003,0.3882218599319458,0.5514137744903564,2.9502487182617188,3.4507367610931396,0.6096569895744324,0,-1,1,207,1.0,2.0,207,0.7770587801933289,0,0.0,0,0.0,0,3.7274017333984375,1,6
SH,Mamba,137,1436,142,142,14.200000000000001,0.30229637026786804,0.4237883687019348,1.2461357116699219,1.4842065572738647,0.3223230540752411,0,-1,1,142,1.0,2.0,142,1.2107222080230713,0,0.0,0,0.0,0,3.8833844661712646,2,7
SH,Mamba,137,1437,232,232,23.200000000000003,0.5280119180679321,0.6288025975227356,2.5434954166412354,3.1886987686157227,0.919335663318634,0,-1,1,187,0.8060344827586207,2.0,232,1.07094144821167,0,0.0,0,0.0,0,21.25952911376953,1,6
SH,Mamba,137,1438,330,330,33.0,0.18338164687156677,0.2189653366804123,2.923431634902954,3.733574390411377,0.49318259954452515,0,-1,1,330,1.0,2.0,330,0.8082095980644226,0,0.0,0,0.0,0,12.785160064697266,2,7
SH,Mamba,137,1439,206,206,20.6,0.4667145907878876,0.5741633176803589,4.014261722564697,4.819565773010254,0.6872363090515137,0,-1,1,206,1.0,2.0,206,1.3268159627914429,0,0.0,0,0.0,0,7.547426700592041,0,5
SH,Mamba,137,1440,230,230,23.0,0.42814892530441284,0.5675857067108154,1.3198074102401733,1.5596472024917603,0.4192020297050476,0,-1,0,0,0.0,2.0,230,2.10225772857666,0,0.0,0,0.0,0,2.563933849334717,1,6
SH,Mamba,137,1441,131,131,13.100000000000001,0.2763482928276062,0.3285995125770569,2.6255300045013428,3.138575315475464,0.6872254014015198,0,-1,0,0,0.0,2.0,131,3.247617483139038,0,0.0,0,0.0,0,15.988903045654297,2,7
SH,Mamba,137,1442,216,216,21.6,0.3079894781112671,0.36884117126464844,3.8133695125579834,4.5741987228393555,0.6783111691474915,0,-1,1,165,0.7638888888888888,2.0,216,1.4985862970352173,0,0.0,0,0.0,0,1.6954190731048584,2,7
SH,Mamba,137,1443,138,138,13.8,0.33573904633522034,0.4030826687812805,0.7925009727478027,1.0309771299362183,0.3860350549221039,0,-1,1,138,1.0,2.0,138,0.6795258522033691,0,0.0,0,0.0,0,3.1484129428863525,0,5
SH,Mamba,137,1444,1758,1758,175.8,0.27793869376182556,0.36356040835380554,1.3050287961959839,1.6049562692642212,0.37321406602859497,0,-1,1,1726,0.981797497155859,2.0,1758,0.9906377196311951,0,0.0,0,0.0,0,0.5333822965621948,1,6
SH,Mamba,137,1445,193,193,19.3,0.197247713804245,0.22392277419567108,4.148635387420654,4.8347697257995605,0.5278277397155762,0,-1,1,193,1.0,2.0,193,0.9458034634590149,0,0.0,0,0.0,0,10.174153327941895,0,5
SH,Mamba,137,1446,204,204,20.400000000000002,0.3494299650192261,0.4098035395145416,2.930962324142456,3.9448423385620117,0.7430015206336975,0,-1,0,0,0.0,2.0,204,3.8363192081451416,0,0.0,0,0.0,0,7.071417808532715,1,6
SH,Mamba,137,1447,566,566,56.6,0.3075036108493805,0.4670926332473755,3.0378971099853516,3.562502861022949,0.6235725283622742,1,453,1,363,0.6413427561837456,2.0,453,0.0,0,0.0,0,0.0,0,0.0,2,7
SH,Mamba,137,1448,444,444,44.400000000000006,0.29426679015159607,0.3874598741531372,15.49035930633545,18.239564895629883,0.7172365188598633,0,-1,1,444,1.0,2.0,444,0.13609252870082855,0,0.0,0,0.0,0,1.6849521398544312,0,5
SH,Mamba,137,1449,149,149,14.9,0.23540329933166504,0.33241695165634155,2.202171564102173,2.780301332473755,0.4972487986087799,0,-1,1,96,0.6442953020134228,2.0,149,1.3024508953094482,0,0.0,0,0.0,0,23.198518753051758,2,7
SH,Mamba,137,1450,143,143,14.3,0.2958069145679474,0.35513439774513245,3.329162120819092,3.959182024002075,0.5244446396827698,0,-1,0,0,0.0,2.0,143,2.5743954181671143,0,0.0,0,0.0,0,6.119290351867676,0,5
SH,Mamba,137,1451,219,219,21.900000000000002,0.18401040136814117,0.2303033024072647,1.8185697793960571,2.063424587249756,0.491000235080719,0,-1,1,28,0.1278538812785388,2.0,219,1.808295726776123,0,0.0,0,0.0,0,31.799619674682617,0,5
SH,Mamba,137,1452,187,187,18.7,0.14492595195770264,0.1714007556438446,4.9127936363220215,5.570751190185547,0.4348943829536438,0,-1,1,187,1.0,2.0,187,1.0441815853118896,0,0.0,0,0.0,0,28.248567581176758,2,7
SH,Mamba,137,1453,132,132,13.200000000000001,0.17767876386642456,0.2004765123128891,1.160936713218689,1.3738267421722412,0.41785725951194763,0,-1,1,132,1.0,2.0,132,1.7236154079437256,0,0.0,0,0.0,0,32.80188751220703,2,7
SH,Mamba,137,1454,392,392,39.2,0.21603049337863922,0.2646730840206146,2.5746049880981445,3.051069974899292,0.42455193400382996,0,-1,1,392,1.0,2.0,392,1.4898051023483276,0,0.0,0,0.0,0,19.22527503967285,1,6
SH,Mamba,137,1455,177,177,17.7,0.41883647441864014,0.5525408387184143,1.447474479675293,1.8090338706970215,0.5764175653457642,0,-1,1,131,0.7401129943502824,2.0,177,1.591677188873291,0,0.0,0,0.0,0,4.003062725067139,1,6
SH,Mamba,137,1456,152,152,15.200000000000001,0.2480878084897995,0.322917640209198,0.6451935768127441,0.7745880484580994,0.20621830224990845,0,-1,1,152,1.0,2.0,152,0.8392907381057739,0,0.0,0,0.0,0,9.949759483337402,1,6
SH,Mamba,137,1457,391,391,39.1,0.28825029730796814,0.3857315480709076,1.267712116241455,1.778468370437622,0.39001503586769104,0,-1,1,327,0.8363171355498721,2.0,391,1.3329797983169556,0,0.0,0,0.0,0,2.2606332302093506,2,7
SH,Mamba,137,1458,179,179,17.900000000000002,0.3822556734085083,0.47948169708251953,2.8089993000030518,4.3341064453125,0.9095532894134521,0,-1,1,179,1.0,2.0,179,0.7852917909622192,0,0.0,0,0.0,0,8.191843032836914,1,6
SH,Mamba,137,1459,461,461,46.1,0.19979894161224365,0.24703551828861237,15.08614730834961,20.36728286743164,1.237351894378662,0,-1,1,303,0.6572668112798264,2.0,461,1.186002254486084,0,0.0,0,0.0,0,25.092670440673828,1,6
SH,Mamba,137,1460,272,272,27.200000000000003,0.12857551872730255,0.15812687575817108,2.2657618522644043,3.106290817260742,0.4181883931159973,0,-1,0,0,0.0,2.0,272,2.9573700428009033,0,0.0,0,0.0,0,66.44792175292969,1,6
SH,Mamba,137,1461,215,215,21.5,0.2870056927204132,0.3893824517726898,3.5052247047424316,4.447635650634766,0.46982258558273315,0,-1,1,215,1.0,2.0,215,0.5978096127510071,0,0.0,0,0.0,0,9.922119140625,2,7
SH,Mamba,137,1462,892,892,89.2,0.3449980616569519,0.4281064569950104,1.784773349761963,2.221092700958252,0.4864409267902374,0,-1,1,740,0.8295964125560538,2.0,892,1.0664921998977661,0,0.0,0,0.0,0,1.784433126449585,1,6
SH,Mamba,137,1463,186,186,18.6,0.5507200360298157,0.658395528793335,4.589822769165039,6.009511947631836,1.1126868724822998,1,155,1,155,0.8333333333333334,2.0,155,0.0,0,0.0,0,0.0,0,0.0,2,7
SH,Mamba,137,1464,302,302,30.200000000000003,0.2631804049015045,0.32415464520454407,3.9893782138824463,4.245110511779785,0.39046552777290344,0,-1,1,302,1.0,2.0,302,1.0126779079437256,0,0.0,0,0.0,0,12.48376178741455,2,7
SH,Mamba,137,1465,171,171,17.1,0.15381599962711334,0.1972203403711319,0.6583119630813599,0.7660484910011292,0.1963927447795868,0,-1,0,0,0.0,2.0,171,2.128291368484497,0,0.0,0,0.0,0,20.17472267150879,2,7
SH,Mamba,137,1466,639,639,63.900000000000006,0.20652185380458832,0.2550348937511444,0.8621596693992615,1.0594472885131836,0.21159914135932922,0,-1,1,639,1.0,2.0,639,0.8304966688156128,0,0.0,0,0.0,0,1.7371293306350708,2,7
SH,Mamba,137,1467,174,174,17.400000000000002,0.34103354811668396,0.48402103781700134,5.305574893951416,6.550018310546875,1.2493027448654175,0,-1,0,0,0.0,2.0,174,2.25232195854187,0,0.0,0,0.0,0,15.356976509094238,1,6
SH,Mamba,137,1468,190,190,19.0,0.20157380402088165,0.24863585829734802,1.3275290727615356,1.4786267280578613,0.27969419956207275,0,-1,1,123,0.6473684210526316,2.0,190,1.706081509590149,0,0.0,0,0.0,0,2.6938235759735107,1,6
SH,Mamba,137,1469,132,132,13.200000000000001,0.304352730512619,0.3743501305580139,1.993334174156189,2.330871105194092,0.45768454670906067,0,-1,0,0,0.0,2.0,132,2.0848186016082764,0,0.0,0,0.0,0,2.941821575164795,0,5
SH,Mamba,137,1470,183,183,18.3,0.21169887483119965,0.25140470266342163,4.753572463989258,5.652268409729004,0.4031473398208618,0,-1,1,183,1.0,2.0,183,0.6399999856948853,0,0.0,0,0.0,0,12.164844512939453,0,5
SH,Mamba,137,1471,301,301,30.1,0.2861289381980896,0.3784252405166626,5.7389445304870605,6.784564971923828,0.6213990449905396,0,-1,1,232,0.770764119601329,2.0,301,1.619327187538147,0,0.0,0,0.0,0,3.346534490585327,0,5
SH,Mamba,137,1472,139,139,13.9,0.2929277718067169,0.3801797926425934,0.8706205487251282,0.9875046014785767,0.33894604444503784,0,-1,1,139,1.0,2.0,139,1.1474233865737915,0,0.0,0,0.0,0,4.652093410491943,0,5
SH,Mamba,137,1473,451,451,45.1,0.29388460516929626,0.35626018047332764,1.7519551515579224,2.4636805057525635,0.3754294216632843,0,-1,1,197,0.43680709534368073,2.0,451,1.2796896696090698,0,0.0,0,0.0,0,1.1248400211334229,2,7
SH,Mamba,137,1474,209,209,20.900000000000002,0.31791651248931885,0.43059951066970825,1.1022253036499023,1.47935152053833,0.47128358483314514,0,-1,1,209,1.0,2.0,209,1.4478472471237183,0,0.0,0,0.0,0,26.091106414794922,2,7
SH,Mamba,137,1475,337,337,33.7,0.3236483633518219,0.4788636267185211,4.163792133331299,5.488763332366943,0.7262731790542603,0,-1,1,304,0.9020771513353115,2.0,337,1.1734713315963745,0,0.0,0,0.0,0,0.8024845719337463,0,5
SH,Mamba,137,1476,166,166,16.6,0.19097334146499634,0.24902033805847168,1.9750213623046875,2.328328847885132,0.21139204502105713,0,-1,1,166,1.0,2.0,166,0.10009430348873138,0,0.0,0,0.0,0,0.07052361965179443,1,6
SH,Mamba,137,1477,228,228,22.8,0.4224873185157776,0.5279455780982971,2.2946577072143555,2.8991994857788086,0.758091151714325,0,-1,1,228,1.0,2.0,228,0.7334485650062561,0,0.0,0,0.0,0,4.399972915649414,2,7
SH,Mamba,137,1478,226,226,22.6,0.26779258251190186,0.3302636742591858,3.544116735458374,4.216870307922363,0.7299168109893799,1,146,1,114,0.504424778761062,2.0,146,0.0,0,0.0,0,0.0,0,0.0,2,7
SH,Mamba,137,1479,235,235,23.5,0.4474196135997772,0.5522449612617493,1.480563998222351,1.9373005628585815,0.6677047610282898,0,-1,1,205,0.8723404255319149,2.0,235,1.088802695274353,0,0.0,0,0.0,0,1.2705841064453125,1,6
SH,Mamba,137,1480,396,396,39.6,0.24512164294719696,0.309802383184433,4.350392818450928,5.600665092468262,0.5478513836860657,0,-1,1,396,1.0,2.0,396,0.9356896877288818,0,0.0,0,0.0,0,5.301635265350342,2,7
SH,Mamba,137,1481,212,212,21.200000000000003,0.26367202401161194,0.3894936740398407,13.779362678527832,18.007164001464844,2.0091216564178467,0,-1,1,212,1.0,2.0,212,0.8068201541900635,0,0.0,0,0.0,0,17.01015281677246,1,6
SH,Mamba,137,1482,192,192,19.200000000000003,0.45208343863487244,0.5985114574432373,2.855327606201172,3.694504976272583,0.6278440952301025,0,-1,1,192,1.0,2.0,192,0.5887358784675598,0,0.0,0,0.0,0,0.22767315804958344,2,7
SH,Mamba,137,1483,371,371,37.1,0.33071771264076233,0.451669305562973,0.7413210272789001,0.9249745011329651,0.360673189163208,0,-1,1,306,0.8247978436657682,2.0,371,1.3367429971694946,0,0.0,0,0.0,0,5.012271881103516,2,7
SH,Mamba,137,1484,175,175,17.5,0.29187485575675964,0.3606429398059845,2.713275194168091,2.900423765182495,0.36369702219963074,0,-1,0,0,0.0,2.0,175,3.029356002807617,0,0.0,0,0.0,0,4.017424583435059,1,6
SH,Mamba,137,1485,147,147,14.700000000000001,0.09954971075057983,0.13639457523822784,0.5019652247428894,0.5716212391853333,0.1179017424583435,0,-1,0,0,0.0,2.0,147,2.3986732959747314,0,0.0,0,0.0,0,42.95677947998047,0,5
SH,Mamba,137,1486,210,210,21.0,0.32561007142066956,0.4529484510421753,2.0096404552459717,2.4350695610046387,0.46180593967437744,0,-1,0,0,0.0,2.0,210,2.8205556869506836,0,0.0,0,0.0,0,4.238810062408447,2,7
SH,Mamba,137,1487,160,160,16.0,0.4004262387752533,0.455459862947464,2.1503310203552246,2.3568220138549805,0.3887695372104645,0,-1,1,16,0.1,2.0,160,1.9183534383773804,0,0.0,0,0.0,0,4.974370956420898,0,5
SH,Mamba,137,1488,157,157,15.700000000000001,0.6204421520233154,0.7967697978019714,1.7096083164215088,1.9580605030059814,0.5513193607330322,0,-1,1,157,1.0,2.0,157,0.6948570609092712,0,0.0,0,0.0,0,6.9947190284729,1,6
SH,Mamba,137,1489,137,137,13.700000000000001,0.3942173719406128,0.4608617424964905,1.7826493978500366,2.6833279132843018,0.8232289552688599,0,-1,0,0,0.0,2.0,137,2.969017505645752,0,0.0,0,0.0,0,6.227576732635498,2,7
SH,Mamba,137,1490,317,317,31.700000000000003,0.21570074558258057,0.2650899291038513,2.349524736404419,2.6811022758483887,0.3708666265010834,0,-1,0,0,0.0,2.0,317,2.0236330032348633,0,0.0,0,0.0,0,8.674701690673828,0,5
SH,Mamba,137,1491,140,140,14.0,0.19312109053134918,0.24786081910133362,3.3289268016815186,4.412313938140869,0.47734594345092773,0,-1,0,0,0.0,2.0,140,2.0197229385375977,0,0.0,0,0.0,0,14.621142387390137,0,5
SH,Mamba,137,1492,261,261,26.1,0.20920346677303314,0.23408196866512299,19.930830001831055,25.962709426879883,1.8961256742477417,0,-1,1,261,1.0,2.0,261,0.8052728772163391,0,0.0,0,0.0,0,15.645035743713379,0,5
SH,Mamba,137,1493,303,303,30.3,0.31690487265586853,0.3984980881214142,8.272442817687988,9.994087219238281,0.6679023504257202,0,-1,1,129,0.42574257425742573,2.0,303,1.5942696332931519,0,0.0,0,0.0,0,13.173800468444824,1,6
SH,Mamba,137,1494,569,569,56.900000000000006,0.28038689494132996,0.35256505012512207,2.6634230613708496,3.0704174041748047,0.529873788356781,0,-1,1,27,0.04745166959578207,2.0,569,1.9331636428833008,0,0.0,0,0.0,0,3.9280149936676025,2,7
SH,Mamba,137,1495,173,173,17.3,0.10633238404989243,0.12567579746246338,1.2262442111968994,1.5467315912246704,0.43774908781051636,0,-1,0,0,0.0,2.0,173,2.1117775440216064,0,0.0,0,0.0,0,37.175724029541016,0,5
SH,Mamba,137,1496,313,313,31.3,0.23802702128887177,0.3038322925567627,3.6389153003692627,4.993535995483398,0.5203979015350342,0,-1,1,313,1.0,2.0,313,1.281590461730957,0,0.0,0,0.0,0,2.331960439682007,0,5
SH,Mamba,137,1497,138,138,13.8,0.1426384598016739,0.16905732452869415,0.4177168011665344,0.6441158056259155,0.18214958906173706,0,-1,1,138,1.0,2.0,138,1.042441725730896,0,0.0,0,0.0,0,3.3646016120910645,1,6
SH,Mamba,137,1498,297,297,29.700000000000003,0.5065333247184753,0.670930027961731,3.5452051162719727,4.37371301651001,0.7249056696891785,0,-1,1,115,0.3872053872053872,2.0,297,1.6726655960083008,0,0.0,0,0.0,0,10.120514869689941,1,6
SH,Mamba,137,1499,325,325,32.5,0.1609295755624771,0.19664083421230316,1.6115692853927612,2.466071128845215,0.32607999444007874,0,-1,1,325,1.0,2.0,325,0.8027863502502441,0,0.0,0,0.0,0,15.056329727172852,0,5
SH,Mamba,137,1500,169,169,16.900000000000002,0.10350266844034195,0.1218123584985733,5.252769947052002,6.606235504150391,0.6302220225334167,0,-1,1,107,0.6331360946745562,2.0,169,1.4021137952804565,0,0.0,0,0.0,0,27.203723907470703,1,6
SH,Mamba,137,1501,165,165,16.5,0.3627949655056,0.5982224345207214,2.227830648422241,2.4419050216674805,0.6469869613647461,0,-1,1,165,1.0,2.0,165,0.6414163112640381,0,0.0,0,0.0,0,2.1339688301086426,2,7
SH,Mamba,137,1502,194,194,19.400000000000002,0.22616766393184662,0.28803548216819763,0.5113301873207092,0.7664886713027954,0.30600303411483765,0,-1,1,194,1.0,2.0,194,0.6272749304771423,0,0.0,0,0.0,0,0.9942200183868408,2,7
SH,Mamba,137,1503,422,422,42.2,0.2688772678375244,0.34121468663215637,0.6776530742645264,0.8467764854431152,0.3804636299610138,0,-1,1,422,1.0,2.0,422,0.5944803953170776,0,0.0,0,0.0,0,5.169118881225586,0,5
SH,Mamba,137,1504,205,205,20.5,0.2296445518732071,0.2902858257293701,13.515155792236328,16.601171493530273,1.2821786403656006,0,-1,1,205,1.0,2.0,205,1.0451558828353882,0,0.0,0,0.0,0,8.97799015045166,1,6
SH,Mamba,137,1505,609,609,60.900000000000006,0.2047146111726761,0.2585444450378418,10.356761932373047,12.01479721069336,0.5093409419059753,0,-1,1,561,0.9211822660098522,2.0,609,0.777292788028717,0,0.0,0,0.0,0,14.369391441345215,2,7
SH,Mamba,137,1506,290,290,29.0,0.36185744404792786,0.4636048972606659,1.1801702976226807,1.7092939615249634,0.5980464816093445,0,-1,1,290,1.0,2.0,290,0.7999134063720703,0,0.0,0,0.0,0,3.590357542037964,2,7
SH,Mamba,137,1507,133,133,13.3,0.23638880252838135,0.32599467039108276,0.32870855927467346,0.43237540125846863,0.1871669441461563,0,-1,1,44,0.3308270676691729,2.0,133,1.8784236907958984,0,0.0,0,0.0,0,1.9325511455535889,2,7
SH,Mamba,137,1508,913,913,91.30000000000001,0.20618215203285217,0.27324235439300537,1.388226866722107,1.6677558422088623,0.22719544172286987,0,-1,1,841,0.9211391018619934,2.0,913,0.1743079423904419,0,0.0,0,0.0,0,0.11167149990797043,0,5
SH,Mamba,137,1509,413,413,41.300000000000004,0.19391755759716034,0.2503613531589508,1.805237054824829,2.198335886001587,0.28975263237953186,0,-1,1,413,1.0,2.0,413,0.46112874150276184,0,0.0,0,0.0,0,0.38955065608024597,0,5
SH,Mamba,137,1510,380,380,38.0,0.15635482966899872,0.18333767354488373,9.291610717773438,14.484158515930176,1.2448359727859497,0,-1,1,237,0.6236842105263158,2.0,380,0.5835753083229065,0,0.0,0,0.0,0,13.467275619506836,1,6
SH,Mamba,137,1511,154,154,15.4,0.234567791223526,0.3050236999988556,0.6347774863243103,0.7573438882827759,0.244089275598526,0,-1,1,154,1.0,2.0,154,1.5464845895767212,0,0.0,0,0.0,0,2.2934508323669434,0,5
SH,Mamba,137,1512,179,179,17.900000000000002,0.3490908145904541,0.43029844760894775,4.644273281097412,5.257994174957275,0.6028648614883423,0,-1,0,0,0.0,2.0,179,2.501676082611084,0,0.0,0,0.0,0,17.85970115661621,2,7
SH,Mamba,137,1513,150,150,15.0,0.4424992799758911,0.5865956544876099,1.029900074005127,1.3406598567962646,0.5271596908569336,0,-1,1,150,1.0,2.0,150,1.1568896770477295,0,0.0,0,0.0,0,1.2604568004608154,2,7
SH,Mamba,137,1514,217,217,21.700000000000003,0.4122805893421173,0.5314728617668152,2.451909065246582,2.6625683307647705,0.44542714953422546,0,-1,0,0,0.0,2.0,217,2.0694234371185303,0,0.0,0,0.0,0,2.994798421859741,1,6
SH,Mamba,137,1515,279,279,27.900000000000002,0.24536217749118805,0.2821051776409149,9.144176483154297,11.996230125427246,0.9537268280982971,0,-1,1,22,0.07885304659498207,2.0,279,1.9269803762435913,0,0.0,0,0.0,0,7.208958148956299,1,6
SH,Mamba,137,1516,187,187,18.7,0.2730324864387512,0.3320791721343994,5.734518527984619,6.666337966918945,0.5260738730430603,0,-1,1,187,1.0,2.0,187,0.7753831148147583,0,0.0,0,0.0,0,12.852611541748047,0,5
SH,Mamba,137,1517,221,221,22.1,0.21771085262298584,0.2757418155670166,1.7863037586212158,2.0627825260162354,0.31233489513397217,0,-1,1,203,0.918552036199095,2.0,221,1.2029753923416138,0,0.0,0,0.0,0,2.243166446685791,0,5
SH,Mamba,137,1518,262,262,26.200000000000003,0.38380736112594604,0.47388097643852234,0.7284781336784363,0.8558019995689392,0.37782788276672363,0,-1,1,242,0.9236641221374046,2.0,262,1.4213440418243408,0,0.0,0,0.0,0,5.04046630859375,1,6
SH,Mamba,137,1519,136,136,13.600000000000001,0.2638247609138489,0.3088066577911377,1.323906660079956,1.6392822265625,0.22630563378334045,0,-1,1,136,1.0,2.0,136,0.16029071807861328,0,0.0,0,0.0,0,0.15404121577739716,2,7
SH,Mamba,137,1520,362,362,36.2,0.2045523226261139,0.2799598276615143,0.7898944020271301,1.0824121236801147,0.30919015407562256,0,-1,1,171,0.4723756906077348,2.0,362,1.6100573539733887,0,0.0,0,0.0,0,13.505885124206543,2,7
SH,Mamba,137,1521,337,337,33.7,0.2826947569847107,0.3578222692012787,8.23442554473877,10.7567777633667,0.8200584650039673,0,-1,0,0,0.0,2.0,337,3.1284799575805664,0,0.0,0,0.0,0,13.63093376159668,1,6
SH,Mamba,137,1522,138,138,13.8,0.3438337743282318,0.40785542130470276,0.8467198014259338,1.0267095565795898,0.3714694380760193,1,125,1,125,0.9057971014492754,2.0,125,0.0,0,0.0,0,0.0,0,0.0,2,7
SH,Mamba,137,1523,132,132,13.200000000000001,0.3079114854335785,0.36928272247314453,2.454927444458008,3.55588436126709,0.8417729139328003,0,-1,0,0,0.0,2.0,132,2.1747026443481445,0,0.0,0,0.0,0,21.466121673583984,1,6
SH,Mamba,137,1524,308,308,30.8,0.25953787565231323,0.4241027534008026,4.323757171630859,6.3434343338012695,0.6561794281005859,0,-1,1,21,0.06818181818181818,2.0,308,1.8453845977783203,0,0.0,0,0.0,0,22.029922485351562,2,7
SH,Mamba,137,1525,170,170,17.0,0.6408395171165466,0.7915363907814026,3.171546459197998,3.639902114868164,0.619496762752533,0,-1,1,158,0.9294117647058824,2.0,170,1.1064118146896362,0,0.0,0,0.0,0,3.5155324935913086,2,7
SH,Mamba,137,1526,152,152,15.200000000000001,0.3180826008319855,0.3751809298992157,4.606781482696533,5.510060787200928,0.619834303855896,0,-1,0,0,0.0,2.0,152,2.5685806274414062,0,0.0,0,0.0,0,8.080129623413086,2,7
SH,Mamba,137,1527,176,176,17.6,0.1633070707321167,0.19175606966018677,1.3805917501449585,1.5685323476791382,0.3661637306213379,0,-1,0,0,0.0,2.0,176,3.006605863571167,0,0.0,0,0.0,0,4.503396511077881,0,5
SH,Mamba,137,1528,158,158,15.8,0.18806491792201996,0.2386743128299713,2.3228602409362793,3.22843861579895,0.5168594121932983,0,-1,1,92,0.5822784810126582,2.0,158,1.5573155879974365,0,0.0,0,0.0,0,28.973024368286133,2,7
SH,Mamba,137,1529,232,232,23.200000000000003,0.2975688576698303,0.3856502175331116,2.4589240550994873,2.8753747940063477,0.4739494025707245,0,-1,1,232,1.0,2.0,232,0.9193154573440552,0,0.0,0,0.0,0,6.6367387771606445,2,7
SH,Mamba,137,1530,270,270,27.0,0.11293850839138031,0.13828085362911224,1.0744221210479736,1.2720489501953125,0.2053624987602234,0,-1,1,270,1.0,2.0,270,0.663033127784729,0,0.0,0,0.0,0,11.110037803649902,2,7
SH,Mamba,137,1531,591,591,59.1,0.2675192654132843,0.32189297676086426,3.2174034118652344,3.477189064025879,0.29544809460639954,0,-1,1,591,1.0,2.0,591,0.8458510041236877,0,0.0,0,0.0,0,8.829115867614746,1,6
SH,Mamba,137,1532,596,596,59.6,0.2727843225002289,0.37601107358932495,1.6539219617843628,2.310213565826416,0.370760440826416,0,-1,1,512,0.8590604026845637,2.0,596,0.7870042324066162,0,0.0,0,0.0,0,1.6110049486160278,0,5
SH,Mamba,137,1533,157,157,15.700000000000001,0.07857083529233932,0.10063985735177994,2.7042956352233887,3.5111021995544434,0.4430750012397766,0,-1,1,157,1.0,2.0,157,0.9646579623222351,0,0.0,0,0.0,0,16.716392517089844,2,7
SH,Mamba,137,1534,166,166,16.6,0.27394726872444153,0.3252219259738922,2.4228529930114746,2.991095781326294,0.28825119137763977,0,-1,0,0,0.0,2.0,166,2.146094799041748,0,0.0,0,0.0,0,13.956212043762207,2,7
SH,Mamba,137,1535,285,285,28.5,0.31854408979415894,0.40731993317604065,2.127997875213623,2.8022170066833496,0.546025276184082,0,-1,0,0,0.0,2.0,285,2.413695812225342,0,0.0,0,0.0,0,2.8633291721343994,1,6
SH,Mamba,137,1536,1749,1749,174.9,0.20171181857585907,0.2588445544242859,2.2828962802886963,2.8274405002593994,0.3059491515159607,0,-1,1,1704,0.9742710120068611,2.0,1749,0.6894340515136719,0,0.0,0,0.0,0,0.42353925108909607,1,6
SH,Mamba,137,1537,405,405,40.5,0.18572522699832916,0.24945689737796783,8.843067169189453,10.016253471374512,0.502443790435791,0,-1,1,405,1.0,2.0,405,1.0514705181121826,0,0.0,0,0.0,0,25.27652359008789,0,5
SH,Mamba,137,1538,163,163,16.3,0.21005113422870636,0.24527418613433838,3.1618876457214355,3.632432222366333,0.4072003960609436,0,-1,0,0,0.0,2.0,163,2.1391782760620117,0,0.0,0,0.0,0,29.066987991333008,0,5
SH,Mamba,137,1539,147,147,14.700000000000001,0.19117964804172516,0.25536486506462097,1.9833731651306152,2.5186572074890137,0.369045615196228,0,-1,0,0,0.0,2.0,147,2.3499724864959717,0,0.0,0,0.0,0,21.265548706054688,1,6
SH,Mamba,137,1540,273,273,27.3,0.27616411447525024,0.3760145902633667,1.75027596950531,2.091801166534424,0.5341060757637024,0,-1,0,0,0.0,2.0,273,2.688499927520752,0,0.0,0,0.0,0,20.930118560791016,2,7
SH,Mamba,137,1541,240,240,24.0,0.3053748905658722,0.4391691982746124,1.4138127565383911,1.8799567222595215,1.4155250787734985,1,87,1,87,0.3625,2.0,87,0.0,0,0.0,0,0.0,0,0.0,1,6
SH,Mamba,137,1542,229,229,22.900000000000002,0.28400686383247375,0.3501405119895935,8.61794376373291,11.126928329467773,1.0899672508239746,0,-1,0,0,0.0,2.0,229,3.825530529022217,0,0.0,0,0.0,0,40.91044616699219,1,6
SH,Mamba,137,1543,283,283,28.3,0.21339620649814606,0.2871610224246979,7.77940559387207,8.304168701171875,0.6860024333000183,0,-1,1,283,1.0,2.0,283,0.610378623008728,0,0.0,0,0.0,0,10.860310554504395,2,7
SH,Mamba,137,1544,266,266,26.6,0.3813937306404114,0.4619033634662628,3.9544782638549805,4.775493144989014,0.682344913482666,0,-1,0,0,0.0,2.0,266,2.711965560913086,0,0.0,0,0.0,0,4.014217853546143,1,6
SH,Mamba,137,1545,144,144,14.4,0.40202659368515015,0.48389822244644165,2.574697971343994,3.1251370906829834,0.6602820158004761,0,-1,1,132,0.9166666666666666,2.0,144,1.2439342737197876,0,0.0,0,0.0,0,4.115626335144043,1,6
SH,Mamba,137,1546,206,206,20.6,0.5106193423271179,0.6767169833183289,3.1125564575195312,4.2506866455078125,1.0796304941177368,0,-1,1,206,1.0,2.0,206,1.157288908958435,0,0.0,0,0.0,0,2.785287380218506,1,6
SH,Mamba,137,1547,398,398,39.800000000000004,0.2861400842666626,0.4415794610977173,1.2707079648971558,1.6498585939407349,0.3668612241744995,0,-1,1,348,0.8743718592964824,2.0,398,0.7903009057044983,0,0.0,0,0.0,0,0.45215046405792236,0,5
SH,Mamba,137,1548,153,153,15.3,0.22778268158435822,0.2616578936576843,3.0943005084991455,3.8879244327545166,0.4204525351524353,0,-1,1,118,0.7712418300653595,2.0,153,1.5537757873535156,0,0.0,0,0.0,0,6.530125617980957,2,7
SH,Mamba,137,1549,333,333,33.300000000000004,0.3649834394454956,0.452094703912735,5.530976295471191,6.3942179679870605,0.5129551291465759,0,-1,1,267,0.8018018018018018,2.0,333,1.409306526184082,0,0.0,0,0.0,0,6.475978374481201,2,7
SH,Mamba,137,1550,139,139,13.9,0.3403157889842987,0.41311806440353394,1.6573233604431152,1.765345573425293,0.32344940304756165,0,-1,0,0,0.0,2.0,139,2.999500274658203,0,0.0,0,0.0,0,30.170028686523438,1,6
SH,Mamba,137,1551,208,208,20.8,0.1876775473356247,0.22596099972724915,2.201383590698242,2.967341899871826,0.2779496908187866,0,-1,1,208,1.0,2.0,208,1.1802608966827393,0,0.0,0,0.0,0,8.50499439239502,2,7
SH,Mamba,137,1552,189,189,18.900000000000002,0.1946629285812378,0.22864414751529694,4.670706748962402,5.473147869110107,0.5173117518424988,0,-1,1,189,1.0,2.0,189,1.4757813215255737,0,0.0,0,0.0,0,21.682411193847656,1,6
SH,Mamba,137,1553,420,420,42.0,0.3556217849254608,0.4422689974308014,5.496415138244629,6.502383232116699,0.70341557264328,0,-1,1,318,0.7571428571428571,2.0,410,1.3187031745910645,9,0.02142857142857143,0,0.0,0,0.8962141275405884,1,6
SH,Mamba,137,1554,133,133,13.3,0.2787530720233917,0.3666580617427826,0.7356089949607849,1.245331883430481,0.25983214378356934,0,-1,0,0,0.0,2.0,133,3.1368298530578613,0,0.0,0,0.0,0,5.3622565269470215,0,5
SH,Mamba,137,1555,135,135,13.5,0.15232153236865997,0.18323278427124023,4.780623435974121,5.5207200050354,0.5482205748558044,0,-1,0,0,0.0,2.0,135,2.3416543006896973,0,0.0,0,0.0,0,24.031902313232422,2,7
SH,Mamba,137,1556,162,162,16.2,0.473069429397583,0.6436368823051453,0.9354080557823181,1.1243035793304443,0.3983039855957031,0,-1,1,161,0.9938271604938271,2.0,162,0.8240849375724792,0,0.0,0,0.0,0,1.9113483428955078,0,5
SH,Mamba,137,1557,521,521,52.1,0.12679526209831238,0.17696821689605713,2.959484815597534,4.067959785461426,0.4947991371154785,0,-1,0,0,0.0,2.0,521,2.4268152713775635,0,0.0,0,0.0,0,51.486549377441406,2,7
SH,Mamba,137,1558,184,184,18.400000000000002,0.16681329905986786,0.22047214210033417,0.580282986164093,0.7170365452766418,0.16687487065792084,0,-1,1,184,1.0,2.0,184,0.2521749436855316,0,0.0,0,0.0,0,0.12767456471920013,2,7
SH,Mamba,137,1559,136,136,13.600000000000001,0.19345863163471222,0.26840466260910034,3.202242136001587,4.569164752960205,0.692206621170044,0,-1,1,136,1.0,2.0,136,1.3045755624771118,0,0.0,0,0.0,0,24.273555755615234,0,5
SH,Mamba,137,1560,207,207,20.700000000000003,0.2950575351715088,0.3402346074581146,13.76378345489502,17.766454696655273,1.8047680854797363,0,-1,1,93,0.4492753623188406,2.0,207,1.3943290710449219,0,0.0,0,0.0,0,36.44078063964844,2,7
SH,Mamba,137,1561,526,526,52.6,0.19760699570178986,0.2763780355453491,0.49593374133110046,0.5972643494606018,0.1524655967950821,1,524,1,499,0.9486692015209125,2.0,524,0.0,0,0.0,0,0.0,0,0.0,2,7
SH,Mamba,137,1562,136,136,13.600000000000001,0.19465838372707367,0.22521765530109406,4.912121772766113,6.364619255065918,0.9200842380523682,0,-1,1,50,0.36764705882352944,2.0,136,1.800819993019104,0,0.0,0,0.0,0,4.3022685050964355,1,6
SH,Mamba,137,1563,219,219,21.900000000000002,0.15095706284046173,0.19888271391391754,0.7846986055374146,0.8831959962844849,0.21147556602954865,0,-1,1,219,1.0,2.0,219,0.8704583644866943,0,0.0,0,0.0,0,2.5831551551818848,1,6
SH,Mamba,137,1564,476,476,47.6,0.26073694229125977,0.3237983286380768,1.5470361709594727,1.7396165132522583,0.30916324257850647,0,-1,1,476,1.0,2.0,476,0.5133554935455322,0,0.0,0,0.0,0,3.460515260696411,0,5
SH,Mamba,137,1565,163,163,16.3,0.243455708026886,0.3718143403530121,0.6920152306556702,0.8583263158798218,0.2505140006542206,0,-1,1,163,1.0,2.0,163,0.6218238472938538,0,0.0,0,0.0,0,0.37424683570861816,1,6
SH,Mamba,137,1566,361,361,36.1,0.32948997616767883,0.4002997577190399,4.98328161239624,5.300318241119385,0.4966210126876831,0,-1,1,135,0.3739612188365651,2.0,361,1.9099186658859253,0,0.0,0,0.0,0,10.223703384399414,0,5
SH,Mamba,137,1567,210,210,21.0,0.16563396155834198,0.2212529182434082,8.016254425048828,9.33742904663086,0.7146885991096497,0,-1,1,65,0.30952380952380953,2.0,210,1.300978422164917,0,0.0,0,0.0,0,32.50822830200195,0,5
SH,Mamba,137,1568,309,309,30.900000000000002,0.5018985867500305,0.5780253410339355,60.730506896972656,84.2364730834961,6.000823497772217,0,-1,0,0,0.0,2.0,309,3.5372602939605713,0,0.0,0,0.0,0,16.189552307128906,1,6
SH,Mamba,137,1569,372,372,37.2,0.21430985629558563,0.2812812328338623,7.812473773956299,10.605010032653809,0.9331715106964111,0,-1,1,26,0.06989247311827956,2.0,372,1.996802568435669,0,0.0,0,0.0,0,62.50508499145508,0,5
SH,Mamba,137,1570,174,174,17.400000000000002,0.18158447742462158,0.2530897259712219,3.569742441177368,4.234234809875488,0.3530368208885193,0,-1,1,174,1.0,2.0,174,0.8670543432235718,0,0.0,0,0.0,0,13.927751541137695,2,7
SH,Mamba,137,1571,157,157,15.700000000000001,0.35535478591918945,0.40849462151527405,6.784307956695557,9.169711112976074,1.1854712963104248,0,-1,0,0,0.0,2.0,157,2.854207992553711,0,0.0,0,0.0,0,51.243873596191406,0,5
SH,Mamba,137,1572,140,140,14.0,0.38260695338249207,0.5375857353210449,6.318498611450195,9.125636100769043,1.5651439428329468,0,-1,1,140,1.0,2.0,140,0.8577481508255005,0,0.0,0,0.0,0,8.345501899719238,1,6
SH,Mamba,137,1573,357,357,35.7,0.22227469086647034,0.27800846099853516,4.848423004150391,5.119844913482666,0.43477508425712585,0,-1,1,355,0.9943977591036415,2.0,357,1.437375545501709,0,0.0,0,0.0,0,3.443180561065674,0,5
SH,Mamba,137,1574,155,155,15.5,0.22652839124202728,0.295913964509964,0.3757689595222473,0.4688436985015869,0.24570411443710327,0,-1,1,155,1.0,2.0,155,1.0297999382019043,0,0.0,0,0.0,0,5.88693380355835,0,5
SH,Mamba,137,1575,146,146,14.600000000000001,0.6973311901092529,0.8001216650009155,6.632293224334717,7.701258182525635,1.3495326042175293,0,-1,0,0,0.0,2.0,146,2.755784749984741,0,0.0,0,0.0,0,7.856382846832275,1,6
SH,Mamba,137,1576,210,210,21.0,0.30783286690711975,0.37202122807502747,2.3703036308288574,2.5274665355682373,0.3301297724246979,0,-1,1,210,1.0,2.0,210,0.7795752286911011,0,0.0,0,0.0,0,0.13209494948387146,1,6
SH,Mamba,137,1577,206,206,20.6,0.17209579050540924,0.24454478919506073,2.1951160430908203,2.483515501022339,0.3287162184715271,0,-1,1,123,0.5970873786407767,2.0,206,0.5245729088783264,0,0.0,0,0.0,0,0.28063905239105225,2,7
SH,Mamba,137,1578,484,484,48.400000000000006,0.33416733145713806,0.4342327415943146,1.9220305681228638,2.166245222091675,0.35131320357322693,0,-1,1,484,1.0,2.0,484,1.132214069366455,0,0.0,0,0.0,0,6.0104851722717285,2,7
SH,Mamba,137,1579,563,563,56.300000000000004,0.20941807329654694,0.2960547208786011,2.3921849727630615,2.810033082962036,0.26157858967781067,1,547,1,547,0.9715808170515098,2.0,547,0.0,0,0.0,0,0.0,0,0.0,0,5
SH,Mamba,137,1580,269,269,26.900000000000002,0.17247256636619568,0.22603048384189606,24.69608497619629,30.06983184814453,2.0789268016815186,0,-1,1,269,1.0,2.0,269,1.0539398193359375,0,0.0,0,0.0,0,20.801151275634766,0,5
SH,Mamba,137,1581,131,131,13.100000000000001,0.2145632654428482,0.2619633078575134,0.7917500734329224,0.9769085049629211,0.35855644941329956,0,-1,1,131,1.0,2.0,131,0.5887287259101868,0,0.0,0,0.0,0,2.847687005996704,0,5
SH,Mamba,137,1582,296,296,29.6,0.20240968465805054,0.36139580607414246,1.8322296142578125,1.945122480392456,0.20638227462768555,0,-1,1,296,1.0,2.0,296,1.1972733736038208,0,0.0,0,0.0,0,1.4370888471603394,2,7
SH,Mamba,137,1583,213,213,21.3,0.2979334890842438,0.381759911775589,1.238869071006775,1.5380996465682983,0.332817018032074,0,-1,1,213,1.0,2.0,213,1.1425145864486694,0,0.0,0,0.0,0,1.1146166324615479,1,6
SH,Mamba,137,1584,798,798,79.80000000000001,0.2580775320529938,0.3422940969467163,1.4003232717514038,1.5606181621551514,0.26421982049942017,1,791,1,703,0.8809523809523809,2.0,791,0.0,0,0.0,0,0.0,0,0.0,0,5
SH,Mamba,137,1585,141,141,14.100000000000001,0.47401297092437744,0.5336630940437317,6.816533088684082,7.76808500289917,0.973918616771698,0,-1,1,38,0.2695035460992908,2.0,141,1.934759497642517,0,0.0,0,0.0,0,19.075937271118164,0,5
SH,Mamba,137,1586,173,173,17.3,0.29965534806251526,0.39137306809425354,1.002089023590088,1.2959470748901367,0.28077372908592224,0,-1,1,39,0.2254335260115607,2.0,173,1.7677733898162842,0,0.0,0,0.0,0,1.8677924871444702,1,6
SH,Mamba,137,1587,139,139,13.9,0.2588413655757904,0.33754268288612366,5.228643417358398,6.4988274574279785,0.7259118556976318,0,-1,1,139,1.0,2.0,139,1.3293489217758179,0,0.0,0,0.0,0,10.81981372833252,2,7
SH,Mamba,137,1588,221,221,22.1,0.2173692137002945,0.27209171652793884,12.378084182739258,14.902054786682129,1.044114351272583,0,-1,1,221,1.0,2.0,221,0.9348421692848206,0,0.0,0,0.0,0,14.337471008300781,1,6
SH,Mamba,137,1589,164,164,16.400000000000002,0.3683057725429535,0.46518415212631226,1.204903244972229,1.4328354597091675,0.4536776542663574,0,-1,1,164,1.0,2.0,164,0.6769940853118896,0,0.0,0,0.0,0,7.897892475128174,0,5
SH,Mamba,137,1590,139,139,13.9,0.5208226442337036,0.6162582039833069,3.50244140625,4.27532958984375,1.0710855722427368,0,-1,1,48,0.34532374100719426,2.0,139,1.7866290807724,0,0.0,0,0.0,0,3.264767646789551,0,5
SH,Mamba,137,1591,210,210,21.0,0.1788448989391327,0.22212275862693787,7.806070327758789,10.125225067138672,0.8565024733543396,0,-1,1,210,1.0,2.0,210,0.9416260719299316,0,0.0,0,0.0,0,19.95448875427246,2,7
SH,Mamba,137,1592,143,143,14.3,0.4682583510875702,0.541056215763092,3.337594509124756,3.878082752227783,0.61034095287323,0,-1,0,0,0.0,2.0,143,2.208364248275757,0,0.0,0,0.0,0,10.426265716552734,1,6
SH,Mamba,137,1593,175,175,17.5,0.45601415634155273,0.5764592289924622,7.2471604347229,8.077537536621094,0.9745358824729919,0,-1,0,0,0.0,2.0,175,2.2850475311279297,0,0.0,0,0.0,0,8.450064659118652,2,7
SH,Mamba,137,1594,325,325,32.5,0.5326710343360901,0.7124558687210083,5.743690013885498,7.320624828338623,1.155036449432373,0,-1,1,317,0.9753846153846154,2.0,325,1.1704472303390503,0,0.0,0,0.0,0,6.220273017883301,1,6
SH,Mamba,137,1595,564,564,56.400000000000006,0.2864496409893036,0.3716890811920166,6.4595112800598145,7.959778308868408,0.7959709763526917,1,555,1,384,0.6808510638297872,2.0,555,0.0,0,0.0,0,0.0,0,0.0,2,7
SH,Mamba,137,1596,164,164,16.400000000000002,0.44978201389312744,0.5421750545501709,4.165413856506348,4.468413829803467,0.5502985119819641,0,-1,1,164,1.0,2.0,164,0.8398603200912476,0,0.0,0,0.0,0,13.028762817382812,1,6
SH,Mamba,137,1597,137,137,13.700000000000001,0.2221541702747345,0.27016758918762207,1.906720519065857,2.267115592956543,0.31318241357803345,0,-1,1,137,1.0,2.0,137,0.8644477128982544,0,0.0,0,0.0,0,12.428154945373535,0,5
SH,Mamba,137,1598,552,552,55.2,0.230018749833107,0.310385137796402,6.645334243774414,8.201028823852539,0.535102128982544,0,-1,1,5,0.009057971014492754,2.0,552,1.9702060222625732,0,0.0,0,0.0,0,7.389708042144775,0,5
SH,Mamba,137,1599,165,165,16.5,0.3556976318359375,0.4690687656402588,3.4816370010375977,5.250041961669922,0.7438128590583801,0,-1,1,165,1.0,2.0,165,1.1626776456832886,0,0.0,0,0.0,0,6.368587017059326,0,5
SH,Mamba,137,1600,199,199,19.900000000000002,0.18274147808551788,0.22047287225723267,1.3374183177947998,1.6546878814697266,0.3255465030670166,0,-1,1,199,1.0,2.0,199,0.9731074571609497,0,0.0,0,0.0,0,18.358734130859375,0,5
SH,Mamba,137,1601,240,240,24.0,0.24813012778759003,0.31181955337524414,12.712202072143555,16.06412696838379,1.5027180910110474,0,-1,0,0,0.0,2.0,240,2.1432743072509766,0,0.0,0,0.0,0,4.036480903625488,2,7
SH,Mamba,137,1602,144,144,14.4,0.3322683274745941,0.4001578390598297,3.583728790283203,4.344063758850098,1.0032182931900024,0,-1,1,144,1.0,2.0,144,1.2913126945495605,0,0.0,0,0.0,0,27.10770606994629,2,7
SH,Mamba,137,1603,474,474,47.400000000000006,0.2832126021385193,0.3647599220275879,1.9429148435592651,2.276151180267334,0.5199066400527954,0,-1,1,383,0.8080168776371308,2.0,474,1.1840022802352905,0,0.0,0,0.0,0,17.842906951904297,2,7
SH,Mamba,137,1604,288,288,28.8,0.14644178748130798,0.1803014874458313,3.064067840576172,3.394887685775757,0.34442973136901855,0,-1,1,176,0.6111111111111112,2.0,288,1.5780913829803467,0,0.0,0,0.0,0,20.78450584411621,2,7
SH,Mamba,137,1605,252,252,25.200000000000003,0.27574339509010315,0.33700868487358093,1.937557339668274,2.457890748977661,0.6752240061759949,0,-1,1,27,0.10714285714285714,2.0,252,1.9252901077270508,0,0.0,0,0.0,0,10.124517440795898,1,6
SH,Mamba,137,1606,368,368,36.800000000000004,0.27333298325538635,0.36320260167121887,1.9386930465698242,2.5269129276275635,0.517685055732727,0,-1,1,273,0.7418478260869565,2.0,368,1.6514726877212524,0,0.0,0,0.0,0,2.9759726524353027,1,6
SH,Mamba,137,1607,191,191,19.1,0.2089722752571106,0.2539518475532532,1.8926470279693604,2.1529541015625,0.28786501288414,0,-1,0,0,0.0,2.0,191,3.269578456878662,0,0.0,0,0.0,0,5.949262619018555,0,5
SH,Mamba,137,1608,263,263,26.3,0.21110519766807556,0.27806851267814636,3.5545599460601807,4.439255237579346,0.4513099491596222,0,-1,1,218,0.8288973384030418,2.0,263,1.4839154481887817,0,0.0,0,0.0,0,20.72293472290039,0,5
SH,Mamba,137,1609,159,159,15.9,0.23630255460739136,0.26504355669021606,1.8142027854919434,2.1827313899993896,0.422267347574234,0,-1,1,142,0.8930817610062893,2.0,159,1.5192804336547852,0,0.0,0,0.0,0,4.211352348327637,1,6
SH,Mamba,137,1610,159,159,15.9,0.23384441435337067,0.2685491740703583,6.497652053833008,8.080470085144043,1.0308701992034912,0,-1,1,54,0.33962264150943394,2.0,159,1.8320280313491821,0,0.0,0,0.0,0,29.452329635620117,2,7
SH,Mamba,137,1611,395,395,39.5,0.3578685224056244,0.44795793294906616,1.3694661855697632,1.5785925388336182,0.4727504253387451,0,-1,1,395,1.0,2.0,395,1.1570203304290771,0,0.0,0,0.0,0,3.4318392276763916,2,7
SH,Mamba,137,1612,185,185,18.5,0.13976439833641052,0.19649134576320648,0.7588459849357605,1.2880686521530151,0.24258042871952057,0,-1,1,185,1.0,2.0,185,1.4481014013290405,0,0.0,0,0.0,0,26.324621200561523,2,7
SH,Mamba,137,1613,372,372,37.2,0.4014241099357605,0.548941433429718,3.3226563930511475,4.014163970947266,0.6086721420288086,0,-1,1,372,1.0,2.0,372,0.6332826018333435,0,0.0,0,0.0,0,6.906269550323486,1,6
SH,Mamba,137,1614,308,308,30.8,0.3320341110229492,0.4501386284828186,0.5849663615226746,0.7025656700134277,0.30641111731529236,0,-1,1,292,0.948051948051948,2.0,308,1.0017952919006348,0,0.0,0,0.0,0,1.3507788181304932,0,5
SH,Mamba,137,1615,528,528,52.800000000000004,0.31928834319114685,0.400810182094574,1.3152376413345337,1.9385395050048828,0.5199886560440063,0,-1,1,404,0.7651515151515151,2.0,528,1.231648325920105,0,0.0,0,0.0,0,2.1662137508392334,0,5
SH,Mamba,137,1616,257,257,25.700000000000003,0.45596930384635925,0.605746328830719,1.5868514776229858,1.82632577419281,0.5806452035903931,0,-1,1,257,1.0,2.0,257,0.37496617436408997,0,0.0,0,0.0,0,4.73809814453125,1,6
SH,Mamba,137,1617,313,313,31.3,0.4708879292011261,0.659648597240448,1.2801005840301514,1.8337790966033936,0.4837741553783417,0,-1,1,313,1.0,2.0,313,0.436435341835022,0,0.0,0,0.0,0,1.288263201713562,1,6
SH,Mamba,137,1618,364,364,36.4,0.22576390206813812,0.2755690813064575,3.5946459770202637,4.708026885986328,0.655067503452301,0,-1,1,123,0.33791208791208793,2.0,364,1.561635971069336,0,0.0,0,0.0,0,14.749846458435059,1,6
SH,Mamba,137,1619,148,148,14.8,0.18037553131580353,0.21615049242973328,3.896132707595825,5.341980457305908,0.901118814945221,0,-1,1,5,0.033783783783783786,2.0,148,1.8196204900741577,0,0.0,0,0.0,0,27.810482025146484,2,7
SH,Mamba,137,1620,178,178,17.8,0.15801237523555756,0.20292770862579346,1.5910022258758545,1.8250483274459839,0.16425760090351105,0,-1,1,178,1.0,2.0,178,0.22099867463111877,0,0.0,0,0.0,0,0.11283031105995178,1,6
SH,Mamba,137,1621,891,891,89.10000000000001,0.2336404174566269,0.31282252073287964,2.245652198791504,3.6544270515441895,0.5707213282585144,1,667,1,467,0.5241301907968574,2.0,667,0.0,0,0.0,0,0.0,0,0.0,0,5
SH,Mamba,137,1622,380,380,38.0,0.3770867884159088,0.4612586498260498,17.178241729736328,24.16750717163086,1.8749204874038696,0,-1,0,0,0.0,2.0,380,2.4559504985809326,0,0.0,0,0.0,0,4.016139984130859,2,7
SH,Mamba,137,1623,285,285,28.5,0.2287275344133377,0.28162509202957153,20.180330276489258,25.267641067504883,1.854287028312683,0,-1,0,0,0.0,2.0,285,3.1531026363372803,0,0.0,0,0.0,0,44.22767639160156,2,7
SH,Mamba,137,1624,202,202,20.200000000000003,0.2662189304828644,0.3490641713142395,2.1610002517700195,2.563822031021118,0.39412155747413635,0,-1,1,186,0.9207920792079208,2.0,202,1.394444465637207,0,0.0,0,0.0,0,5.6634840965271,2,7
SH,Mamba,137,1625,237,237,23.700000000000003,0.23312188684940338,0.29067307710647583,0.7178045511245728,0.8218014240264893,0.22375547885894775,1,231,1,205,0.8649789029535865,2.0,231,0.0,0,0.0,0,0.0,0,0.0,2,7
SH,Mamba,137,1626,258,258,25.8,0.26401472091674805,0.3436766564846039,8.614928245544434,10.828234672546387,1.0465612411499023,0,-1,1,258,1.0,2.0,258,1.1256757974624634,0,0.0,0,0.0,0,13.531143188476562,2,7
SH,Mamba,137,1627,141,141,14.100000000000001,0.15926425158977509,0.19234643876552582,1.7986819744110107,1.9657992124557495,0.2665972411632538,1,79,1,79,0.5602836879432624,2.0,79,0.0,0,0.0,0,0.0,0,0.0,1,6
SH,Mamba,137,1628,153,153,15.3,0.4436856806278229,0.5723742246627808,0.6287060379981995,0.832366943359375,0.3317869007587433,0,-1,1,53,0.3464052287581699,2.0,153,1.622749924659729,0,0.0,0,0.0,0,3.210921287536621,0,5
SH,Mamba,137,1629,175,175,17.5,0.21969938278198242,0.2663393020629883,1.872748851776123,2.49448561668396,0.7416884899139404,0,-1,1,136,0.7771428571428571,2.0,175,0.9681910872459412,0,0.0,0,0.0,0,20.75502586364746,0,5
SH,Mamba,137,1630,341,341,34.1,0.20996329188346863,0.25785356760025024,3.0916683673858643,3.6632959842681885,0.4166513979434967,0,-1,0,0,0.0,2.0,341,2.446429967880249,0,0.0,0,0.0,0,18.04315185546875,0,5
SH,Mamba,137,1631,174,174,17.400000000000002,0.29033154249191284,0.38221484422683716,0.9220871329307556,1.3464246988296509,0.3071591258049011,0,-1,1,40,0.22988505747126436,2.0,174,1.516717791557312,0,0.0,0,0.0,0,2.0840494632720947,0,5
SH,Mamba,137,1632,281,281,28.1,0.40393346548080444,0.521055281162262,0.9872855544090271,1.4146802425384521,0.5000674724578857,0,-1,1,270,0.9608540925266904,2.0,281,1.3427714109420776,0,0.0,0,0.0,0,5.870765686035156,1,6
SH,Mamba,137,1633,167,167,16.7,0.1047142818570137,0.14079521596431732,0.8846462965011597,1.2598025798797607,0.11478970944881439,1,158,1,100,0.5988023952095808,2.0,158,0.0,0,0.0,0,0.0,0,0.0,1,6
SH,Mamba,137,1634,138,138,13.8,0.17989546060562134,0.2235720306634903,0.735073447227478,0.9971007704734802,0.2651938199996948,0,-1,1,100,0.7246376811594203,2.0,138,1.8467011451721191,0,0.0,0,0.0,0,2.461501121520996,0,5
SH,Mamba,137,1635,590,590,59.0,0.2143680304288864,0.27430757880210876,4.556705474853516,6.008579254150391,0.3344992697238922,0,-1,1,590,1.0,2.0,590,1.170003056526184,0,0.0,0,0.0,0,6.312072277069092,0,5
SH,Mamba,137,1636,141,141,14.100000000000001,0.47054052352905273,0.5536080598831177,2.149925708770752,3.203605890274048,1.0947881937026978,0,-1,0,0,0.0,2.0,141,2.741952657699585,0,0.0,0,0.0,0,7.387935161590576,2,7
SH,Mamba,137,1637,638,638,63.800000000000004,0.2328348159790039,0.28258493542671204,8.238946914672852,9.522089004516602,0.3559317886829376,0,-1,1,638,1.0,2.0,638,0.7926352620124817,0,0.0,0,0.0,0,12.483789443969727,1,6
SH,Mamba,137,1638,210,210,21.0,0.41099703311920166,0.5691823959350586,14.099162101745605,15.411894798278809,1.1197665929794312,0,-1,1,210,1.0,2.0,210,0.5269724130630493,0,0.0,0,0.0,0,10.372035026550293,0,5
SH,Mamba,137,1639,261,261,26.1,0.21430431306362152,0.28434157371520996,2.6369731426239014,3.251530408859253,0.38667717576026917,0,-1,1,261,1.0,2.0,261,0.5142180919647217,0,0.0,0,0.0,0,6.553587913513184,1,6
SH,Mamba,137,1640,142,142,14.200000000000001,0.276220440864563,0.3338809907436371,8.341753005981445,11.51515007019043,1.8570634126663208,0,-1,0,0,0.0,2.0,142,2.354936361312866,0,0.0,0,0.0,0,64.3940200805664,0,5
SH,Mamba,137,1641,247,247,24.700000000000003,0.3377346098423004,0.4173221290111542,0.9418567419052124,1.433712124824524,0.3207429349422455,0,-1,1,247,1.0,2.0,247,0.4008810222148895,0,0.0,0,0.0,0,6.232140064239502,0,5
SH,Mamba,137,1642,348,348,34.800000000000004,0.36679333448410034,0.4448164403438568,0.9184744954109192,1.0673187971115112,0.4629301428794861,0,-1,1,348,1.0,2.0,348,0.8832926154136658,0,0.0,0,0.0,0,6.374668598175049,0,5
SH,Mamba,137,1643,148,148,14.8,0.5461816191673279,0.6529393196105957,2.319178342819214,2.966931104660034,0.9239133596420288,0,-1,1,148,1.0,2.0,148,0.8947299718856812,0,0.0,0,0.0,0,2.6368532180786133,0,5
SH,Mamba,137,1644,169,169,16.900000000000002,0.2402547150850296,0.314195454120636,2.0138180255889893,2.4486520290374756,0.3712729215621948,0,-1,1,43,0.25443786982248523,2.0,169,1.6556562185287476,0,0.0,0,0.0,0,36.38124084472656,2,7
SH,Mamba,137,1645,660,660,66.0,0.3171996474266052,0.38059067726135254,1.9135078191757202,2.3179736137390137,0.451775461435318,0,-1,1,540,0.8181818181818182,2.0,660,1.3529012203216553,0,0.0,0,0.0,0,3.244382858276367,0,5
SH,Mamba,137,1646,582,582,58.2,0.2586418688297272,0.3260999619960785,3.8448359966278076,5.196031093597412,0.5029073357582092,0,-1,1,582,1.0,2.0,582,1.0084208250045776,0,0.0,0,0.0,0,5.277767658233643,1,6
SH,Mamba,137,1647,512,512,51.2,0.1985192596912384,0.23969370126724243,6.6665425300598145,7.844465732574463,0.6470377445220947,0,-1,1,255,0.498046875,2.0,512,0.6947882175445557,0,0.0,0,0.0,0,19.47698211669922,1,6
SH,Mamba,137,1648,629,629,62.900000000000006,0.21386665105819702,0.283275842666626,2.1936614513397217,2.533735990524292,0.28501802682876587,0,-1,1,629,1.0,2.0,629,0.4976968765258789,0,0.0,0,0.0,0,3.0146312713623047,0,5
SH,Mamba,137,1649,424,424,42.400000000000006,0.28060126304626465,0.3405160903930664,0.918799638748169,1.2023099660873413,0.3556372821331024,0,-1,1,424,1.0,2.0,424,1.0406954288482666,0,0.0,0,0.0,0,12.283053398132324,1,6
SH,Mamba,137,1650,137,137,13.700000000000001,0.19555900990962982,0.2410159558057785,6.105684280395508,7.76003885269165,0.8835632801055908,0,-1,0,0,0.0,2.0,137,4.72421407699585,0,0.0,0,0.0,0,9.195830345153809,1,6
SH,Mamba,137,1651,974,974,97.4,0.3185332417488098,0.42108455300331116,4.074792861938477,5.016882419586182,0.45085015892982483,0,-1,1,791,0.8121149897330595,2.0,974,1.187699794769287,0,0.0,0,0.0,0,3.8631348609924316,0,5
SH,Mamba,137,1652,164,164,16.400000000000002,0.2169458568096161,0.27794909477233887,1.89216148853302,2.1242735385894775,0.5652706027030945,0,-1,1,164,1.0,2.0,164,0.7301607728004456,0,0.0,0,0.0,0,8.172208786010742,2,7
SH,Mamba,137,1653,208,208,20.8,0.4152112603187561,0.5035415291786194,1.8454095125198364,2.541118621826172,0.45929795503616333,0,-1,1,29,0.13942307692307693,2.0,208,1.8794629573822021,0,0.0,0,0.0,0,1.335087776184082,0,5
SH,Mamba,137,1654,226,226,22.6,0.23681630194187164,0.2987258732318878,0.7349336743354797,1.06795072555542,0.37569889426231384,0,-1,1,226,1.0,2.0,226,1.6154158115386963,0,0.0,0,0.0,0,7.205386161804199,0,5
SH,Mamba,137,1655,187,187,18.7,0.16808754205703735,0.252634197473526,2.398045301437378,2.9311623573303223,0.7149452567100525,0,-1,0,0,0.0,2.0,187,2.4322707653045654,0,0.0,0,0.0,0,36.061214447021484,1,6
SH,Mamba,137,1656,158,158,15.8,0.42119646072387695,0.4803449809551239,2.298920154571533,2.9915335178375244,0.5684635043144226,0,-1,1,31,0.1962025316455696,2.0,158,1.9720888137817383,0,0.0,0,0.0,0,11.074173927307129,0,5
SH,Mamba,137,1657,233,233,23.3,0.23765672743320465,0.280150830745697,4.245782375335693,5.460348606109619,0.8309715390205383,0,-1,1,233,1.0,2.0,233,1.3017088174819946,0,0.0,0,0.0,0,27.87010955810547,2,7
SH,Mamba,137,1658,166,166,16.6,0.3877633213996887,0.45906761288642883,3.2160110473632812,3.782256841659546,0.46869567036628723,0,-1,0,0,0.0,2.0,166,2.661585807800293,0,0.0,0,0.0,0,8.617149353027344,0,5
SH,Mamba,137,1659,133,133,13.3,0.17219486832618713,0.19795216619968414,1.584862232208252,2.0228512287139893,0.3476647436618805,0,-1,0,0,0.0,2.0,133,3.5608315467834473,0,0.0,0,0.0,0,5.452080726623535,1,6
SH,Mamba,137,1660,402,402,40.2,0.40808963775634766,0.516666829586029,1.8701533079147339,2.2372372150421143,0.4549304246902466,0,-1,1,402,1.0,2.0,402,0.7704619765281677,0,0.0,0,0.0,0,1.7154951095581055,2,7
SH,Mamba,137,1661,142,142,14.200000000000001,0.24605713784694672,0.2973429262638092,0.872477650642395,1.066664218902588,0.38463887572288513,0,-1,1,142,1.0,2.0,142,1.4476301670074463,0,0.0,0,0.0,0,11.649706840515137,1,6
SH,Mamba,137,1662,147,147,14.700000000000001,0.29549336433410645,0.4513748586177826,2.788820505142212,3.1033103466033936,0.5479075908660889,0,-1,1,147,1.0,2.0,147,0.5429446697235107,0,0.0,0,0.0,0,10.336002349853516,2,7
SH,Mamba,137,1663,134,134,13.4,0.1485152244567871,0.19654197990894318,3.317906379699707,4.440614700317383,0.6861847639083862,0,-1,1,134,1.0,2.0,134,1.3242546319961548,0,0.0,0,0.0,0,25.071168899536133,2,7
SH,Mamba,137,1664,137,137,13.700000000000001,0.29966267943382263,0.3480724096298218,0.5710297226905823,0.6857950687408447,0.25504395365715027,0,-1,1,98,0.7153284671532847,2.0,137,1.1253252029418945,0,0.0,0,0.0,0,0.8377794623374939,2,7
SH,Mamba,137,1665,200,200,20.0,0.35063284635543823,0.42326295375823975,11.036856651306152,13.092498779296875,1.0452200174331665,0,-1,1,200,1.0,2.0,200,0.7318950891494751,0,0.0,0,0.0,0,7.084738731384277,0,5
SH,Mamba,137,1666,287,287,28.700000000000003,0.3129289448261261,0.3992335796356201,2.366387128829956,3.102383852005005,0.34865185618400574,0,-1,1,116,0.40418118466898956,2.0,287,0.34512341022491455,0,0.0,0,0.0,0,0.0818266049027443,1,6
SH,Mamba,137,1667,175,175,17.5,0.1631363183259964,0.21954625844955444,14.296947479248047,18.13986587524414,1.9945001602172852,0,-1,1,78,0.44571428571428573,2.0,175,0.9138765931129456,0,0.0,0,0.0,0,16.442564010620117,1,6
SH,Mamba,137,1668,320,320,32.0,0.419356107711792,0.5438876748085022,3.7989706993103027,4.063165187835693,0.49927496910095215,0,-1,1,258,0.80625,2.0,320,1.113759160041809,0,0.0,0,0.0,0,8.290331840515137,1,6
SH,Mamba,137,1669,720,720,72.0,0.16793286800384521,0.221725195646286,1.4653596878051758,1.8908342123031616,0.22345401346683502,0,-1,1,713,0.9902777777777778,2.0,720,1.0666455030441284,0,0.0,0,0.0,0,6.40477180480957,0,5
SH,Mamba,137,1670,200,200,20.0,0.2757764458656311,0.35090816020965576,3.1161892414093018,3.8771865367889404,0.9884592294692993,0,-1,1,80,0.4,2.0,200,1.902282476425171,0,0.0,0,0.0,0,33.138301849365234,1,6
SH,Mamba,137,1671,216,216,21.6,0.1823388934135437,0.22699996829032898,6.610263347625732,7.471118450164795,0.44798314571380615,0,-1,1,146,0.6759259259259259,2.0,216,0.7408013343811035,0,0.0,0,0.0,0,14.069038391113281,0,5
SH,Mamba,137,1672,196,196,19.6,0.4075893759727478,0.5035514831542969,7.462957859039307,8.545572280883789,0.8008855581283569,0,-1,1,196,1.0,2.0,196,1.302035927772522,0,0.0,0,0.0,0,6.503411769866943,1,6
SH,Mamba,137,1673,294,294,29.400000000000002,0.2879936099052429,0.3271707594394684,13.028572082519531,15.15778923034668,1.4430443048477173,0,-1,1,20,0.06802721088435375,2.0,294,1.9826478958129883,0,0.0,0,0.0,0,2.5471930503845215,0,5
SH,Mamba,137,1674,327,327,32.7,0.24878288805484772,0.31230273842811584,5.824969291687012,7.846449375152588,0.7007819414138794,0,-1,1,327,1.0,2.0,327,0.914731502532959,0,0.0,0,0.0,0,7.9382405281066895,0,5
SH,Mamba,137,1675,332,332,33.2,0.1299855262041092,0.17782695591449738,7.2252044677734375,9.18044662475586,0.48028266429901123,0,-1,1,259,0.7801204819277109,2.0,332,1.4556989669799805,0,0.0,0,0.0,0,28.442354202270508,0,5
SH,Mamba,137,1676,202,202,20.200000000000003,0.3816029131412506,0.45928457379341125,5.820357322692871,7.136498928070068,1.0819958448410034,0,-1,1,103,0.5099009900990099,2.0,202,1.4814471006393433,0,0.0,0,0.0,0,0.9726688265800476,0,5
SH,Mamba,137,1677,555,555,55.5,0.5145572423934937,0.6473580002784729,3.701472282409668,3.9403433799743652,0.676466703414917,1,507,1,507,0.9135135135135135,2.0,507,0.0,0,0.0,0,0.0,0,0.0,1,6
SH,Mamba,137,1678,1637,1637,163.70000000000002,0.17069461941719055,0.22304445505142212,8.265132904052734,10.27149486541748,0.6126723289489746,0,-1,1,1637,1.0,2.0,1637,0.47225841879844666,0,0.0,0,0.0,0,6.932478427886963,1,6
SH,Mamba,137,1679,200,200,20.0,0.20681999623775482,0.3327490985393524,7.075748920440674,8.536232948303223,0.5817344784736633,0,-1,1,200,1.0,2.0,200,1.0920817852020264,0,0.0,0,0.0,0,9.509706497192383,2,7
SH,Mamba,137,1680,168,168,16.8,0.482340544462204,0.613013744354248,3.7117760181427,3.971148729324341,0.6223010420799255,0,-1,1,159,0.9464285714285714,2.0,168,1.4840028285980225,0,0.0,0,0.0,0,7.432497501373291,0,5
SH,Mamba,137,1681,315,315,31.5,0.2154485583305359,0.28821367025375366,1.7731046676635742,1.976151704788208,0.38515838980674744,1,315,1,315,1.0,2.0,315,0.0,0,0.0,0,0.0,0,0.0,1,6
SH,Mamba,137,1682,216,216,21.6,0.25355595350265503,0.30975255370140076,1.1737791299819946,1.513391375541687,0.32300427556037903,0,-1,1,144,0.6666666666666666,2.0,216,1.6915514469146729,0,0.0,0,0.0,0,7.052392959594727,1,6
SH,Mamba,137,1683,172,172,17.2,0.3909972012042999,0.6278608441352844,2.2540695667266846,2.989619493484497,0.8683393597602844,0,-1,0,0,0.0,2.0,172,2.137632131576538,0,0.0,0,0.0,0,8.277803421020508,1,6
SH,Mamba,137,1684,256,256,25.6,0.3531794548034668,0.5185760855674744,1.1903061866760254,1.4805907011032104,0.352326899766922,0,-1,1,9,0.03515625,2.0,256,1.9895399808883667,0,0.0,0,0.0,0,4.269768238067627,1,6
SH,Mamba,137,1685,144,144,14.4,0.3003813326358795,0.38765981793403625,2.532259225845337,3.0695202350616455,0.5872519612312317,0,-1,1,19,0.13194444444444445,2.0,144,1.937392234802246,0,0.0,0,0.0,0,2.5857200622558594,0,5
SH,Mamba,137,1686,145,145,14.5,0.40831804275512695,0.5246219635009766,3.5167236328125,3.932738780975342,0.5005078911781311,0,-1,1,54,0.3724137931034483,2.0,145,1.888785719871521,0,0.0,0,0.0,0,14.65012264251709,2,7
SH,Mamba,137,1687,278,278,27.8,0.34604039788246155,0.4281972050666809,7.781973838806152,9.148392677307129,1.030031681060791,0,-1,0,0,0.0,2.0,278,2.2031679153442383,0,0.0,0,0.0,0,8.689252853393555,0,5
SH,Mamba,137,1688,250,250,25.0,0.22015298902988434,0.30060967803001404,1.4625998735427856,1.790126085281372,0.4109838604927063,0,-1,1,250,1.0,2.0,250,0.8939414024353027,0,0.0,0,0.0,0,11.88305950164795,2,7
SH,Mamba,137,1689,184,184,18.400000000000002,0.35102635622024536,0.43212831020355225,3.7159955501556396,4.587364196777344,0.9674336910247803,1,177,1,177,0.9619565217391305,2.0,177,0.0,0,0.0,0,0.0,0,0.0,0,5
SH,Mamba,137,1690,285,285,28.5,0.15492026507854462,0.20313705503940582,5.961661338806152,8.451823234558105,0.7229558825492859,0,-1,0,0,0.0,2.0,285,2.2870285511016846,0,0.0,0,0.0,0,32.16913986206055,0,5
SH,Mamba,137,1691,389,389,38.900000000000006,0.383780300617218,0.5595075488090515,9.840437889099121,12.008904457092285,0.9315940737724304,0,-1,0,0,0.0,2.0,389,2.016260862350464,0,0.0,0,0.0,0,11.185954093933105,1,6
SH,Mamba,137,1692,352,352,35.2,0.24552692472934723,0.2981971800327301,24.80497932434082,36.75355911254883,2.5807583332061768,0,-1,0,0,0.0,2.0,352,4.120879650115967,0,0.0,0,0.0,0,20.742961883544922,1,6
SH,Mamba,137,1693,234,234,23.400000000000002,0.1672375500202179,0.2060682773590088,4.8948516845703125,5.657777309417725,0.4115035831928253,0,-1,1,234,1.0,2.0,234,1.0626240968704224,0,0.0,0,0.0,0,17.06101417541504,2,7
SH,Mamba,137,1694,406,406,40.6,0.16072002053260803,0.19978691637516022,1.9031033515930176,2.407325267791748,0.3857988119125366,0,-1,1,406,1.0,2.0,406,0.9416446685791016,0,0.0,0,0.0,0,16.205060958862305,0,5
SH,Mamba,137,1695,145,145,14.5,0.34319764375686646,0.4227682054042816,2.6061997413635254,3.196617364883423,0.6072586178779602,0,-1,0,0,0.0,2.0,145,2.560913562774658,0,0.0,0,0.0,0,4.403363227844238,0,5
SH,Mamba,137,1696,141,141,14.100000000000001,0.23644602298736572,0.27549657225608826,8.221959114074707,10.799640655517578,1.7210187911987305,0,-1,0,0,0.0,2.0,141,2.6139652729034424,0,0.0,0,0.0,0,47.3259162902832,0,5
SH,Mamba,137,1697,259,259,25.900000000000002,0.19503197073936462,0.2988145053386688,0.31881165504455566,0.42583873867988586,0.1639949381351471,0,-1,1,259,1.0,2.0,259,0.7882385849952698,0,0.0,0,0.0,0,1.0976839065551758,1,6
SH,Mamba,137,1698,384,384,38.400000000000006,0.22066889703273773,0.3074840009212494,4.417845249176025,4.741628170013428,0.43766355514526367,0,-1,1,384,1.0,2.0,384,1.260801911354065,0,0.0,0,0.0,0,10.976480484008789,2,7
SH,Mamba,137,1699,134,134,13.4,0.2395586371421814,0.31339070200920105,1.4470754861831665,1.778483510017395,0.4986419677734375,0,-1,0,0,0.0,2.0,134,2.8143060207366943,0,0.0,0,0.0,0,0.8131968975067139,0,5
SH,Mamba,137,1700,138,138,13.8,0.198448047041893,0.21908175945281982,3.68739652633667,5.5418853759765625,1.0278853178024292,0,-1,1,23,0.16666666666666666,2.0,138,1.8901305198669434,0,0.0,0,0.0,0,33.61301040649414,1,6
SH,Mamba,137,1701,228,228,22.8,0.19455648958683014,0.2394188493490219,9.448058128356934,12.501594543457031,1.0233569145202637,0,-1,1,66,0.2894736842105263,2.0,228,1.2459555864334106,0,0.0,0,0.0,0,24.926198959350586,0,5
SH,Mamba,137,1702,383,383,38.300000000000004,0.24509777128696442,0.28958722949028015,3.1985251903533936,3.61545729637146,0.33888477087020874,0,-1,1,170,0.44386422976501305,2.0,383,1.4432858228683472,0,0.0,0,0.0,0,1.4058055877685547,2,7
SH,Mamba,137,1703,355,355,35.5,0.3102366626262665,0.5047100782394409,4.42067813873291,5.853318214416504,0.6557333469390869,0,-1,1,355,1.0,2.0,355,0.7476332187652588,0,0.0,0,0.0,0,10.772335052490234,2,7
SH,Mamba,137,1704,515,515,51.5,0.3272804617881775,0.4397057294845581,2.964104413986206,3.430868625640869,0.5401427149772644,0,-1,1,111,0.21553398058252426,2.0,515,1.1563040018081665,0,0.0,0,0.0,0,0.5619743466377258,0,5
SH,Mamba,137,1705,264,264,26.400000000000002,0.1627907007932663,0.20800372958183289,2.039989948272705,2.5725767612457275,0.21527162194252014,0,-1,1,264,1.0,2.0,264,0.8820526003837585,0,0.0,0,0.0,0,12.275039672851562,2,7
SH,Mamba,137,1706,363,363,36.300000000000004,0.27413856983184814,0.34161338210105896,5.06997013092041,5.732794284820557,0.6356492042541504,0,-1,1,363,1.0,2.0,363,1.3608511686325073,0,0.0,0,0.0,0,11.950738906860352,0,5
SH,Mamba,137,1707,211,211,21.1,0.36741530895233154,0.5686535835266113,7.552106857299805,10.583357810974121,1.0330137014389038,0,-1,1,211,1.0,2.0,211,0.6779138445854187,0,0.0,0,0.0,0,9.516196250915527,2,7
SH,Mamba,137,1708,157,157,15.700000000000001,0.15048545598983765,0.22034040093421936,3.303412675857544,3.9614975452423096,0.5771085023880005,0,-1,1,11,0.07006369426751592,2.0,157,1.879757285118103,0,0.0,0,0.0,0,37.129638671875,1,6
SH,Mamba,137,1709,177,177,17.7,0.18215367197990417,0.2186247557401657,3.132552146911621,3.7516543865203857,0.540743350982666,0,-1,1,114,0.6440677966101694,2.0,177,1.2402853965759277,0,0.0,0,0.0,0,21.00480079650879,2,7
SH,Mamba,137,1710,181,181,18.1,0.5015354752540588,0.6128249168395996,1.1785777807235718,1.4478074312210083,0.5130454897880554,0,-1,1,21,0.11602209944751381,2.0,181,1.9450874328613281,0,0.0,0,0.0,0,9.397481918334961,1,6
SH,Mamba,137,1711,210,210,21.0,0.17249101400375366,0.22262181341648102,6.443036079406738,7.8917622566223145,0.6920368671417236,0,-1,1,210,1.0,2.0,210,1.0280741453170776,0,0.0,0,0.0,0,7.3254923820495605,1,6
SH,Mamba,137,1712,194,194,19.400000000000002,0.17417550086975098,0.23901094496250153,3.664677619934082,4.375881671905518,0.4608868360519409,0,-1,1,24,0.12371134020618557,2.0,194,1.8333570957183838,0,0.0,0,0.0,0,25.722009658813477,0,5
SH,Mamba,137,1713,171,171,17.1,0.17378510534763336,0.24105927348136902,3.9769809246063232,5.581936359405518,0.709678053855896,0,-1,1,171,1.0,2.0,171,1.1261621713638306,0,0.0,0,0.0,0,25.537784576416016,0,5
SH,Mamba,137,1714,415,415,41.5,0.2341725379228592,0.28790733218193054,6.038207054138184,6.570857524871826,0.4747527837753296,0,-1,1,415,1.0,2.0,415,0.9135197997093201,0,0.0,0,0.0,0,10.794938087463379,2,7
SH,Mamba,137,1715,206,206,20.6,0.13997164368629456,0.17754217982292175,1.1473332643508911,1.4660398960113525,0.33616727590560913,0,-1,1,71,0.3446601941747573,2.0,206,1.2924439907073975,0,0.0,0,0.0,0,24.567773818969727,0,5
SH,Mamba,137,1716,371,371,37.1,0.24839773774147034,0.30012738704681396,20.598752975463867,24.657365798950195,1.3163007497787476,0,-1,1,371,1.0,2.0,371,0.9907526969909668,0,0.0,0,0.0,0,17.522899627685547,1,6
SH,Mamba,137,1717,406,406,40.6,0.34676840901374817,0.439359575510025,3.6927459239959717,4.339803218841553,0.819724977016449,0,-1,1,389,0.958128078817734,2.0,406,0.10362593829631805,0,0.0,0,0.0,0,1.0656616687774658,1,6
SH,Mamba,137,1718,203,203,20.3,0.1448468416929245,0.17440353333950043,4.65672492980957,5.646549701690674,0.46601465344429016,0,-1,0,0,0.0,2.0,203,2.788317918777466,0,0.0,0,0.0,0,19.820415496826172,0,5
SH,Mamba,137,1719,255,255,25.5,0.1129375547170639,0.15679484605789185,6.7723917961120605,8.7022066116333,0.6100376844406128,0,-1,0,0,0.0,2.0,255,2.202019691467285,0,0.0,0,0.0,0,51.493553161621094,2,7
SH,Mamba,137,1720,341,341,34.1,0.14911137521266937,0.18501712381839752,2.471388339996338,3.077221155166626,0.39847543835639954,0,-1,1,48,0.14076246334310852,2.0,341,1.8951301574707031,0,0.0,0,0.0,0,8.874341011047363,1,6
SH,Mamba,137,1721,156,156,15.600000000000001,0.20219533145427704,0.29886236786842346,1.161134123802185,1.477824330329895,0.20834770798683167,0,-1,1,156,1.0,2.0,156,1.451687216758728,0,0.0,0,0.0,0,3.823312282562256,1,6
SH,Mamba,137,1722,151,151,15.100000000000001,0.6406396627426147,0.7278348207473755,8.090418815612793,9.435832977294922,2.651646375656128,1,79,1,79,0.5231788079470199,2.0,79,0.0,0,0.0,0,0.0,0,0.0,2,7
SH,Mamba,137,1723,166,166,16.6,0.09379106014966965,0.1275220513343811,3.8524365425109863,4.850227355957031,0.4520006775856018,0,-1,1,166,1.0,2.0,166,1.373921513557434,0,0.0,0,0.0,0,4.974086284637451,1,6
SH,Mamba,137,1724,132,132,13.200000000000001,0.2677249312400818,0.3261433243751526,1.3640397787094116,1.7720903158187866,0.42819514870643616,0,-1,0,0,0.0,2.0,132,3.594151496887207,0,0.0,0,0.0,0,5.617093086242676,2,7
SH,Mamba,137,1725,150,150,15.0,0.1714734435081482,0.21252602338790894,7.017786502838135,8.576069831848145,0.929648756980896,0,-1,0,0,0.0,2.0,150,2.6566579341888428,0,0.0,0,0.0,0,49.35685729980469,0,5
SH,Mamba,137,1726,189,189,18.900000000000002,0.2336140125989914,0.29240867495536804,1.78501558303833,2.1084070205688477,0.426628440618515,0,-1,1,189,1.0,2.0,189,0.6001108884811401,0,0.0,0,0.0,0,0.6692818403244019,2,7
SH,Mamba,137,1727,677,677,67.7,0.2290647327899933,0.35019099712371826,1.5691248178482056,1.982025146484375,0.3527882397174835,0,-1,1,677,1.0,2.0,677,0.3375507593154907,0,0.0,0,0.0,0,3.1132168769836426,2,7
SH,Mamba,137,1728,358,358,35.800000000000004,0.18263518810272217,0.2197273224592209,4.695849895477295,5.866897106170654,0.7243870496749878,0,-1,1,358,1.0,2.0,358,0.9260278344154358,0,0.0,0,0.0,0,17.578611373901367,2,7
SH,Mamba,137,1729,341,341,34.1,0.28922221064567566,0.375,2.327510356903076,2.7699477672576904,0.46705466508865356,0,-1,1,57,0.16715542521994134,2.0,341,1.7837507724761963,0,0.0,0,0.0,0,4.870765686035156,0,5
SH,Mamba,137,1730,229,229,22.900000000000002,0.25141090154647827,0.33940237760543823,1.599748134613037,1.9811158180236816,0.4837953448295593,0,-1,1,228,0.9956331877729258,2.0,229,1.283227801322937,0,0.0,0,0.0,0,7.666036128997803,2,7
SH,Mamba,137,1731,464,464,46.400000000000006,0.23825696110725403,0.30090615153312683,6.3658447265625,7.447925090789795,0.3984129726886749,0,-1,1,464,1.0,2.0,464,0.4554046094417572,0,0.0,0,0.0,0,2.8491477966308594,0,5
SH,Mamba,137,1732,136,136,13.600000000000001,0.25904443860054016,0.311034232378006,1.2100424766540527,1.5886603593826294,0.3504953980445862,0,-1,1,136,1.0,2.0,136,0.7601932883262634,0,0.0,0,0.0,0,11.968613624572754,2,7
SH,Mamba,137,1733,515,515,51.5,0.2186536192893982,0.2814156115055084,10.128520011901855,11.53744888305664,0.6293244957923889,0,-1,1,515,1.0,2.0,515,0.5984014272689819,0,0.0,0,0.0,0,10.266534805297852,2,7
SH,Mamba,137,1734,224,224,22.400000000000002,0.5018643736839294,0.7061145305633545,1.92863929271698,2.5855002403259277,0.7600590586662292,0,-1,1,171,0.7633928571428571,2.0,224,1.792417049407959,0,0.0,0,0.0,0,1.8987903594970703,1,6
SH,Mamba,137,1735,262,262,26.200000000000003,0.23990288376808167,0.2944049537181854,3.845261573791504,4.6237287521362305,0.6203400492668152,0,-1,0,0,0.0,2.0,262,2.784071207046509,0,0.0,0,0.0,0,3.353018045425415,2,7
SH,Mamba,137,1736,148,148,14.8,0.23394779860973358,0.2961905598640442,1.8241817951202393,2.205265760421753,0.4978289306163788,0,-1,1,10,0.06756756756756757,2.0,148,1.9652674198150635,0,0.0,0,0.0,0,23.765104293823242,1,6
SH,Mamba,137,1737,193,193,19.3,0.35595300793647766,0.4065141975879669,3.150024652481079,3.4385735988616943,0.4646466076374054,0,-1,1,193,1.0,2.0,193,1.3239811658859253,0,0.0,0,0.0,0,0.7307888865470886,1,6
SH,Mamba,137,1738,131,131,13.100000000000001,0.18123725056648254,0.22940832376480103,3.637068033218384,5.379530429840088,0.9263814091682434,0,-1,1,131,1.0,2.0,131,1.2933307886123657,0,0.0,0,0.0,0,16.4176025390625,1,6
SH,Mamba,137,1739,294,294,29.400000000000002,0.4636548161506653,0.5643583536148071,4.497880935668945,6.117510795593262,0.9504636526107788,0,-1,1,294,1.0,2.0,294,1.1609522104263306,0,0.0,0,0.0,0,10.788799285888672,1,6
SH,Mamba,137,1740,235,235,23.5,0.2311478704214096,0.333269327878952,2.0231034755706787,2.301603317260742,0.3407341241836548,0,-1,1,105,0.44680851063829785,2.0,235,1.6742914915084839,0,0.0,0,0.0,0,3.1458990573883057,2,7
SH,Mamba,137,1741,173,173,17.3,0.3263678252696991,0.3974088132381439,4.840892791748047,6.532127857208252,0.6832292079925537,0,-1,1,103,0.5953757225433526,2.0,173,1.7713805437088013,0,0.0,0,0.0,0,20.144882202148438,2,7
SH,Mamba,137,1742,183,183,18.3,0.2456948608160019,0.3555999994277954,1.5328949689865112,1.8972585201263428,0.48655328154563904,0,-1,1,121,0.6612021857923497,2.0,183,1.7002800703048706,0,0.0,0,0.0,0,2.476773738861084,1,6
SH,Mamba,137,1743,384,384,38.400000000000006,0.3208908438682556,0.42069998383522034,1.118331789970398,1.3791922330856323,0.3003358542919159,0,-1,1,384,1.0,2.0,384,1.1097660064697266,0,0.0,0,0.0,0,4.197371006011963,0,5
SH,Mamba,137,1744,735,735,73.5,0.31540364027023315,0.4202393889427185,6.33606481552124,7.437394618988037,0.7595363259315491,1,699,1,699,0.9510204081632653,2.0,699,0.0,0,0.0,0,0.0,0,0.0,0,5
SH,Mamba,137,1745,200,200,20.0,0.09472369402647018,0.11042218655347824,3.978602647781372,5.696753978729248,0.6194567680358887,0,-1,1,93,0.465,2.0,200,1.49895179271698,0,0.0,0,0.0,0,19.558773040771484,0,5
SH,Mamba,137,1746,464,464,46.400000000000006,0.26569947600364685,0.3728572130203247,2.377974510192871,3.0986595153808594,0.4811318814754486,0,-1,1,4,0.008620689655172414,2.0,464,1.994847297668457,0,0.0,0,0.0,0,2.0134596824645996,1,6
SH,Mamba,137,1747,153,153,15.3,0.1388658583164215,0.1805688887834549,1.1446943283081055,1.3763633966445923,0.24415050446987152,0,-1,1,153,1.0,2.0,153,1.383160948753357,0,0.0,0,0.0,0,10.023271560668945,1,6
SH,Mamba,137,1748,210,210,21.0,0.37664130330085754,0.4561803638935089,1.9676319360733032,2.407926559448242,0.7703348994255066,0,-1,0,0,0.0,2.0,210,2.2337751388549805,0,0.0,0,0.0,0,2.9245669841766357,2,7
SH,Mamba,137,1749,242,242,24.200000000000003,0.16783003509044647,0.21720314025878906,4.257026672363281,5.122329235076904,0.4853664040565491,0,-1,0,0,0.0,2.0,242,2.219257354736328,0,0.0,0,0.0,0,28.9140682220459,2,7
SH,Mamba,137,1750,183,183,18.3,0.3483572006225586,0.44111374020576477,9.597734451293945,10.95368766784668,0.883184552192688,0,-1,1,183,1.0,2.0,183,0.8981615304946899,0,0.0,0,0.0,0,6.046300411224365,2,7
SH,Mamba,137,1751,155,155,15.5,0.21984750032424927,0.3046287000179291,0.8359642624855042,1.1222435235977173,0.3130907416343689,0,-1,0,0,0.0,2.0,155,4.18552827835083,0,0.0,0,0.0,0,6.336122512817383,1,6
SH,Mamba,137,1752,264,264,26.400000000000002,0.19204889237880707,0.25079140067100525,2.485192060470581,3.282958507537842,0.4914854168891907,0,-1,1,47,0.17803030303030304,2.0,264,1.8954015970230103,0,0.0,0,0.0,0,14.242171287536621,0,5
SH,Mamba,137,1753,340,340,34.0,0.37030166387557983,0.4741503596305847,2.2452943325042725,2.7729077339172363,0.3688432276248932,0,-1,1,340,1.0,2.0,340,0.582813024520874,0,0.0,0,0.0,0,0.8669629096984863,2,7
SH,Mamba,137,1754,246,246,24.6,0.34136149287223816,0.4028252363204956,1.267027497291565,1.4573825597763062,0.36297762393951416,0,-1,1,246,1.0,2.0,246,1.2121754884719849,0,0.0,0,0.0,0,3.2426154613494873,2,7
SH,Mamba,137,1755,190,190,19.0,0.6328222155570984,0.9118772149085999,14.86194133758545,17.708393096923828,1.7691831588745117,0,-1,1,80,0.42105263157894735,2.0,190,1.7997885942459106,0,0.0,0,0.0,0,10.100900650024414,2,7
SH,Mamba,137,1756,275,275,27.5,0.333355575799942,0.43318527936935425,1.5726118087768555,2.2016561031341553,0.3598945438861847,0,-1,1,180,0.6545454545454545,2.0,275,1.2988734245300293,0,0.0,0,0.0,0,2.0027472972869873,0,5
SH,Mamba,137,1757,171,171,17.1,0.06171678379178047,0.07885332405567169,2.600430965423584,3.21311092376709,0.39679017663002014,0,-1,0,0,0.0,2.0,171,3.3528926372528076,0,0.0,0,0.0,0,69.9656753540039,1,6
SH,Mamba,137,1758,343,343,34.300000000000004,0.3150748908519745,0.4238221049308777,4.969090938568115,5.647043228149414,0.6252798438072205,0,-1,1,174,0.5072886297376094,2.0,343,1.3714978694915771,0,0.0,0,0.0,0,8.632250785827637,1,6
SH,Mamba,137,1759,715,715,71.5,0.18950362503528595,0.2612557113170624,5.143151760101318,5.794497489929199,0.2893534004688263,0,-1,1,715,1.0,2.0,715,0.19093649089336395,0,0.0,0,0.0,0,3.1941211223602295,1,6
SH,Mamba,137,1760,214,214,21.400000000000002,0.1879558265209198,0.2407529503107071,4.223176002502441,5.234381198883057,0.4583304226398468,0,-1,1,214,1.0,2.0,214,0.4073493778705597,0,0.0,0,0.0,0,7.452514171600342,0,5
SH,Mamba,137,1761,301,301,30.1,0.3366507887840271,0.4145146906375885,0.8568878769874573,1.0753059387207031,0.44595229625701904,0,-1,1,294,0.9767441860465116,2.0,301,1.2918156385421753,0,0.0,0,0.0,0,5.2249345779418945,1,6
SH,Mamba,137,1762,164,164,16.400000000000002,0.2513188123703003,0.3067884147167206,3.8094117641448975,5.165979385375977,0.815750241279602,0,-1,1,164,1.0,2.0,164,1.2470312118530273,0,0.0,0,0.0,0,14.898374557495117,0,5
SH,Mamba,137,1763,296,296,29.6,0.18233343958854675,0.23932135105133057,1.8849380016326904,2.6425836086273193,0.4355587363243103,0,-1,0,0,0.0,2.0,296,2.477182626724243,0,0.0,0,0.0,0,7.119219779968262,0,5
SH,Mamba,137,1764,164,164,16.400000000000002,0.21899230778217316,0.2958320081233978,2.5068492889404297,2.8860161304473877,0.3827091455459595,0,-1,0,0,0.0,2.0,164,2.4195761680603027,0,0.0,0,0.0,0,4.343728065490723,1,6
SH,Mamba,137,1765,133,133,13.3,0.3762603998184204,0.5111578106880188,3.973372220993042,5.72274112701416,0.9811917543411255,0,-1,1,103,0.7744360902255639,2.0,133,1.8723634481430054,0,0.0,0,0.0,0,20.482847213745117,2,7
SH,Mamba,137,1766,215,215,21.5,0.30482521653175354,0.3666050434112549,1.361476182937622,1.5051517486572266,0.372905433177948,0,-1,1,169,0.786046511627907,2.0,215,1.1909430027008057,0,0.0,0,0.0,0,1.9672850370407104,0,5
SH,Mamba,137,1767,792,792,79.2,0.28095749020576477,0.3357996642589569,2.690016269683838,3.3292667865753174,0.5007374882698059,0,-1,1,792,1.0,2.0,792,0.7302546501159668,0,0.0,0,0.0,0,3.9555342197418213,1,6
SH,Mamba,137,1768,213,213,21.3,0.22857864201068878,0.270651638507843,1.2660834789276123,2.0258829593658447,0.3959091305732727,0,-1,1,213,1.0,2.0,213,1.0348589420318604,0,0.0,0,0.0,0,13.320865631103516,2,7
SH,Mamba,137,1769,188,188,18.8,0.12684325873851776,0.15758463740348816,1.5901305675506592,1.7237091064453125,0.17071175575256348,0,-1,0,0,0.0,2.0,188,3.6500821113586426,0,0.0,0,0.0,0,15.42604923248291,1,6
SH,Mamba,137,1770,170,170,17.0,0.3405357599258423,0.4625554382801056,2.9706287384033203,4.177774906158447,0.549643874168396,0,-1,1,24,0.1411764705882353,2.0,170,1.8613619804382324,0,0.0,0,0.0,0,4.836482048034668,0,5
SH,Mamba,137,1771,172,172,17.2,0.6738783121109009,0.7632514834403992,7.553084373474121,9.231841087341309,1.571186900138855,1,125,1,125,0.7267441860465116,2.0,125,0.0,0,0.0,0,0.0,0,0.0,2,7
SH,Mamba,137,1772,144,144,14.4,0.2281194031238556,0.2670784592628479,6.753600597381592,8.60020637512207,1.1599928140640259,0,-1,0,0,0.0,2.0,144,2.187417507171631,0,0.0,0,0.0,0,27.34450340270996,1,6
SH,Mamba,137,1773,143,143,14.3,0.4343754053115845,0.5495310425758362,2.0768418312072754,2.67929744720459,0.6198077201843262,0,-1,0,0,0.0,2.0,143,2.1428041458129883,0,0.0,0,0.0,0,12.24853515625,2,7
SH,Mamba,137,1774,131,131,13.100000000000001,0.25062108039855957,0.2729814350605011,7.97633695602417,10.690800666809082,1.7547160387039185,0,-1,0,0,0.0,2.0,131,2.166961908340454,0,0.0,0,0.0,0,40.8734130859375,2,7
SH,Mamba,137,1775,478,478,47.800000000000004,0.15634864568710327,0.1875656396150589,1.8622217178344727,2.3984756469726562,0.3908432722091675,0,-1,1,215,0.4497907949790795,2.0,478,0.7958430051803589,0,0.0,0,0.0,0,10.113090515136719,1,6
SH,Mamba,137,1776,153,153,15.3,0.3303086757659912,0.4234201908111572,11.789173126220703,14.729742050170898,1.619779348373413,0,-1,1,150,0.9803921568627451,2.0,153,0.8121611475944519,0,0.0,0,0.0,0,19.949111938476562,2,7
SH,Mamba,137,1777,545,545,54.5,0.28067296743392944,0.35354894399642944,1.9383827447891235,2.1828413009643555,0.3702276647090912,0,-1,1,545,1.0,2.0,545,0.8382954597473145,0,0.0,0,0.0,0,1.886623501777649,2,7
SH,Mamba,137,1778,172,172,17.2,0.2899145185947418,0.3795071244239807,7.093935012817383,9.16476058959961,0.9462980031967163,0,-1,1,25,0.14534883720930233,2.0,172,1.7109743356704712,0,0.0,0,0.0,0,27.680999755859375,0,5
SH,Mamba,137,1779,323,323,32.300000000000004,0.26440274715423584,0.3110170364379883,19.76325035095215,25.465620040893555,1.558791160583496,0,-1,1,298,0.9226006191950464,2.0,323,1.5866068601608276,0,0.0,0,0.0,0,6.415782928466797,0,5
SH,Mamba,137,1780,150,150,15.0,0.15514828264713287,0.18986329436302185,1.2593059539794922,1.4099653959274292,0.2301902323961258,0,-1,1,150,1.0,2.0,150,1.2294089794158936,0,0.0,0,0.0,0,3.7877912521362305,1,6
SH,Mamba,137,1781,135,135,13.5,0.21020251512527466,0.2772015631198883,0.4924253225326538,0.5537917017936707,0.19744518399238586,0,-1,1,135,1.0,2.0,135,1.0992836952209473,0,0.0,0,0.0,0,20.26228141784668,0,5
SH,Mamba,137,1782,176,176,17.6,0.3153882622718811,0.4336036443710327,7.62823486328125,8.94586181640625,0.9408825039863586,0,-1,1,176,1.0,2.0,176,1.3231637477874756,0,0.0,0,0.0,0,8.435144424438477,1,6
SH,Mamba,137,1783,138,138,13.8,0.1825505942106247,0.22683554887771606,4.557225704193115,5.402700901031494,0.535256564617157,0,-1,1,138,1.0,2.0,138,1.489066243171692,0,0.0,0,0.0,0,8.486478805541992,2,7
SH,Mamba,137,1784,162,162,16.2,0.3255389928817749,0.3808657228946686,1.674457311630249,2.1851155757904053,0.5582612752914429,0,-1,0,0,0.0,2.0,162,3.8267433643341064,0,0.0,0,0.0,0,7.897744655609131,1,6
SH,Mamba,137,1785,378,378,37.800000000000004,0.2541636824607849,0.3311084508895874,2.9220168590545654,3.170714855194092,0.28493496775627136,1,343,1,342,0.9047619047619048,2.0,343,0.0,0,0.0,0,0.0,0,0.0,0,5
SH,Mamba,137,1786,220,220,22.0,0.3647701144218445,0.47420915961265564,7.133289813995361,7.856788158416748,0.9117373824119568,0,-1,1,220,1.0,2.0,220,1.4757260084152222,0,0.0,0,0.0,0,5.359628677368164,0,5
SH,Mamba,137,1787,315,315,31.5,0.22328557074069977,0.2829546630382538,3.0522332191467285,4.515451908111572,0.483797162771225,0,-1,1,100,0.31746031746031744,2.0,315,1.3142391443252563,0,0.0,0,0.0,0,31.23862648010254,2,7
SH,Mamba,137,1788,289,289,28.900000000000002,0.2711993455886841,0.4255011975765228,12.546037673950195,15.167556762695312,1.1302549839019775,0,-1,1,289,1.0,2.0,289,0.9958998560905457,0,0.0,0,0.0,0,3.7525453567504883,0,5
SH,Mamba,137,1789,239,239,23.900000000000002,0.2917203903198242,0.3561318516731262,3.3122663497924805,4.427709102630615,0.45710310339927673,0,-1,1,239,1.0,2.0,239,1.2372751235961914,0,0.0,0,0.0,0,15.303498268127441,0,5
SH,Mamba,137,1790,299,299,29.900000000000002,0.3053227663040161,0.37847059965133667,13.503283500671387,16.42262840270996,1.1259407997131348,0,-1,1,299,1.0,2.0,299,1.2927958965301514,0,0.0,0,0.0,0,24.46981430053711,0,5
SH,Mamba,137,1791,222,222,22.200000000000003,0.22551675140857697,0.26939207315444946,1.4138307571411133,1.6101984977722168,0.21441949903964996,0,-1,1,222,1.0,2.0,222,1.0237756967544556,0,0.0,0,0.0,0,2.395749807357788,2,7
SH,Mamba,137,1792,551,551,55.1,0.18710516393184662,0.2538030743598938,3.392259120941162,4.630006790161133,0.5982997417449951,0,-1,1,551,1.0,2.0,551,0.7099780440330505,0,0.0,0,0.0,0,13.097867012023926,2,7
SH,Mamba,137,1793,799,799,79.9,0.21524196863174438,0.26839256286621094,4.728238582611084,5.627821922302246,0.513469398021698,1,796,1,709,0.8873591989987485,2.0,796,0.0,0,0.0,0,0.0,0,0.0,1,6
SH,Mamba,137,1794,153,153,15.3,0.169112429022789,0.2054358571767807,6.039241313934326,7.885617256164551,1.0668716430664062,0,-1,1,41,0.2679738562091503,2.0,153,1.3493632078170776,0,0.0,0,0.0,0,25.054386138916016,0,5
SH,Mamba,137,1795,298,298,29.8,0.30207517743110657,0.3934459686279297,8.24768352508545,9.455887794494629,1.039842963218689,1,246,1,246,0.825503355704698,2.0,246,0.0,0,0.0,0,0.0,0,0.0,0,5
SH,Mamba,137,1796,903,903,90.30000000000001,0.276451975107193,0.3958515226840973,29.451658248901367,42.22612380981445,1.4195798635482788,0,-1,1,450,0.4983388704318937,2.0,903,0.6957576870918274,0,0.0,0,0.0,0,11.423145294189453,2,7
SH,Mamba,137,1797,182,182,18.2,0.20715224742889404,0.26508766412734985,2.6633574962615967,3.096684694290161,0.3406212031841278,0,-1,1,182,1.0,2.0,182,0.17008988559246063,0,0.0,0,0.0,0,4.144746780395508,1,6
SH,Mamba,137,1798,477,477,47.7,0.1977195292711258,0.26709577441215515,27.2576847076416,33.65688705444336,1.332381010055542,0,-1,0,0,0.0,2.0,477,2.6189980506896973,0,0.0,0,0.0,0,50.146507263183594,2,7
SH,Mamba,137,1799,288,288,28.8,0.3123200535774231,0.37408241629600525,5.062685489654541,7.555449962615967,0.8449544310569763,0,-1,1,288,1.0,2.0,288,1.6051281690597534,0,0.0,0,0.0,0,28.679216384887695,1,6
SH,Mamba,137,1800,143,143,14.3,0.35201266407966614,0.48474881052970886,1.2289401292800903,1.5611445903778076,0.4735439419746399,0,-1,1,143,1.0,2.0,143,0.9413534998893738,0,0.0,0,0.0,0,13.377664566040039,0,5
SH,Mamba,137,1801,463,463,46.300000000000004,0.20762337744235992,0.282807856798172,5.740782260894775,6.654294967651367,0.6643913388252258,0,-1,1,310,0.6695464362850972,2.0,463,1.4195842742919922,0,0.0,0,0.0,0,14.848776817321777,2,7
SH,Mamba,137,1802,171,171,17.1,0.204865500330925,0.24182257056236267,0.6160886287689209,0.7672906517982483,0.2802008092403412,0,-1,0,0,0.0,2.0,171,2.2400729656219482,0,0.0,0,0.0,0,3.2776741981506348,2,7
SH,Mamba,137,1803,218,218,21.8,0.21098345518112183,0.2653808891773224,2.8942954540252686,3.443058490753174,0.4806945025920868,0,-1,1,47,0.21559633027522937,2.0,218,1.8688534498214722,0,0.0,0,0.0,0,3.5842158794403076,0,5
SH,Mamba,137,1804,695,695,69.5,0.27552324533462524,0.34981003403663635,3.0593314170837402,3.6146819591522217,0.5644047260284424,0,-1,1,695,1.0,2.0,695,1.0426584482192993,0,0.0,0,0.0,0,4.734015941619873,1,6
SH,Mamba,137,1805,269,269,26.900000000000002,0.2960342764854431,0.34890639781951904,2.091663122177124,2.3319852352142334,0.3000984191894531,1,250,1,250,0.929368029739777,2.0,250,0.0,0,0.0,0,0.0,0,0.0,1,6
SH,Mamba,137,1806,146,146,14.600000000000001,0.16925272345542908,0.20210441946983337,0.9719142913818359,1.0501375198364258,0.2960560917854309,0,-1,1,146,1.0,2.0,146,1.2015682458877563,0,0.0,0,0.0,0,1.9803048372268677,2,7
SH,Mamba,137,1807,748,748,74.8,0.19222542643547058,0.23884692788124084,7.060244083404541,7.9131011962890625,0.5812764167785645,0,-1,1,319,0.4264705882352941,2.0,748,1.3123096227645874,0,0.0,0,0.0,0,0.8464397192001343,0,5
SH,Mamba,137,1808,727,727,72.7,0.2503410875797272,0.3260374069213867,4.326535701751709,6.013206958770752,0.3482659161090851,0,-1,1,727,1.0,2.0,727,0.734527051448822,0,0.0,0,0.0,0,4.274962425231934,1,6
SH,Mamba,137,1809,304,304,30.400000000000002,0.2313016653060913,0.2700938284397125,17.648290634155273,23.927148818969727,1.6879583597183228,0,-1,1,68,0.2236842105263158,2.0,304,1.919811487197876,0,0.0,0,0.0,0,35.15803527832031,2,7
SH,Mamba,137,1810,208,208,20.8,0.47799110412597656,0.7682227492332458,1.4968883991241455,1.789650321006775,0.4536343812942505,0,-1,1,208,1.0,2.0,208,1.2906006574630737,0,0.0,0,0.0,0,4.510388374328613,1,6
SH,Mamba,137,1811,344,344,34.4,0.37959781289100647,0.46665486693382263,3.2488250732421875,4.639307975769043,0.45759084820747375,1,289,1,289,0.8401162790697675,2.0,289,0.0,0,0.0,0,0.0,0,0.0,2,7
SH,Mamba,137,1812,255,255,25.5,0.3584955334663391,0.42922618985176086,2.5708236694335938,3.6476809978485107,0.6961715817451477,0,-1,1,57,0.2235294117647059,2.0,255,1.7107434272766113,0,0.0,0,0.0,0,9.499677658081055,0,5
SH,Mamba,137,1813,322,322,32.2,0.2810613214969635,0.34281930327415466,1.1380400657653809,1.4976125955581665,0.322701096534729,0,-1,1,322,1.0,2.0,322,1.0492700338363647,0,0.0,0,0.0,0,7.261305332183838,0,5
SH,Mamba,137,1814,228,228,22.8,0.3471622169017792,0.44983580708503723,1.8169306516647339,2.4524147510528564,0.6082979440689087,0,-1,1,44,0.19298245614035087,2.0,228,1.9262574911117554,0,0.0,0,0.0,0,7.140422344207764,1,6
SH,Mamba,137,1815,213,213,21.3,0.2711903750896454,0.32032665610313416,1.8299299478530884,2.346254587173462,0.48837950825691223,0,-1,1,213,1.0,2.0,213,1.061867356300354,0,0.0,0,0.0,0,5.785933971405029,0,5
SH,Mamba,137,1816,225,225,22.5,0.18072421848773956,0.23453977704048157,1.1328856945037842,1.3345462083816528,0.3449437916278839,0,-1,1,99,0.44,2.0,225,1.2164522409439087,0,0.0,0,0.0,0,25.0104923248291,2,7
SH,Mamba,137,1817,146,146,14.600000000000001,0.39599719643592834,0.5249775052070618,0.5900059938430786,0.7042005658149719,0.3084578216075897,0,-1,1,22,0.1506849315068493,2.0,146,1.8622125387191772,0,0.0,0,0.0,0,1.4793243408203125,0,5
SH,Mamba,137,1818,137,137,13.700000000000001,0.3866700232028961,0.4736093580722809,1.7616549730300903,2.170395612716675,0.6067851185798645,0,-1,0,0,0.0,2.0,137,2.128180980682373,0,0.0,0,0.0,0,10.82235336303711,0,5
SH,Mamba,137,1819,140,140,14.0,0.2372758388519287,0.2842681109905243,1.2667279243469238,1.434800148010254,0.2780383229255676,0,-1,0,0,0.0,2.0,140,2.438746690750122,0,0.0,0,0.0,0,8.504793167114258,2,7
SH,Mamba,137,1820,149,149,14.9,0.4193323254585266,0.5339018106460571,3.575819969177246,4.580405235290527,1.4675296545028687,0,-1,0,0,0.0,2.0,149,3.7043354511260986,0,0.0,0,0.0,0,12.871533393859863,0,5
SH,Mamba,137,1821,318,318,31.8,0.2951679527759552,0.40803807973861694,0.8319560885429382,0.9888153076171875,0.3409537672996521,0,-1,1,318,1.0,2.0,318,0.8622536659240723,0,0.0,0,0.0,0,5.104071617126465,2,7
SH,Mamba,137,1822,202,202,20.200000000000003,0.3447655737400055,0.3992091715335846,1.6685004234313965,2.0224218368530273,0.45116522908210754,0,-1,1,57,0.28217821782178215,2.0,202,1.8648605346679688,0,0.0,0,0.0,0,5.050479888916016,1,6
SH,Mamba,137,1823,266,266,26.6,0.13279184699058533,0.18159429728984833,3.4696877002716064,4.042191028594971,0.2870841920375824,0,-1,1,137,0.5150375939849624,2.0,266,1.774242877960205,0,0.0,0,0.0,0,31.471744537353516,0,5
SH,Mamba,137,1824,475,475,47.5,0.2598562240600586,0.3285903334617615,1.996703863143921,2.311936616897583,0.28660979866981506,0,-1,1,475,1.0,2.0,475,1.3526462316513062,0,0.0,0,0.0,0,4.261256694793701,1,6
SH,Mamba,137,1825,318,318,31.8,0.3734072744846344,0.5163723826408386,4.925718307495117,5.879955768585205,0.8636347055435181,0,-1,1,318,1.0,2.0,318,0.9815465807914734,0,0.0,0,0.0,0,3.2042391300201416,0,5
SH,Mamba,137,1826,210,210,21.0,0.4229452610015869,0.47890740633010864,3.2911763191223145,4.27667760848999,1.1176824569702148,0,-1,1,134,0.638095238095238,2.0,210,1.7422136068344116,0,0.0,0,0.0,0,7.398648738861084,0,5
SH,Mamba,137,1827,165,165,16.5,0.1872798502445221,0.22034822404384613,1.451973795890808,1.683625340461731,0.35495638847351074,0,-1,0,0,0.0,2.0,165,2.3373773097991943,0,0.0,0,0.0,0,6.530287742614746,1,6
SH,Mamba,137,1828,311,311,31.1,0.23330195248126984,0.320604532957077,1.4509036540985107,1.7093206644058228,0.2973286807537079,0,-1,1,297,0.954983922829582,2.0,311,1.3194077014923096,0,0.0,0,0.0,0,4.45878267288208,0,5
SH,Mamba,137,1829,154,154,15.4,0.16467013955116272,0.2042795568704605,2.101768732070923,2.3463313579559326,0.209686279296875,0,-1,1,88,0.5714285714285714,2.0,154,1.8774714469909668,0,0.0,0,0.0,0,13.289300918579102,1,6
SH,Mamba,137,1830,328,328,32.800000000000004,0.32012104988098145,0.4393106997013092,4.950088024139404,5.689713954925537,0.5642271041870117,1,308,1,261,0.7957317073170732,2.0,308,0.0,0,0.0,0,0.0,0,0.0,2,7
SH,Mamba,137,1831,329,329,32.9,0.24546422064304352,0.3325907588005066,1.8889269828796387,2.3763365745544434,0.4706171751022339,0,-1,1,329,1.0,2.0,329,0.7840816974639893,0,0.0,0,0.0,0,5.5076775550842285,1,6
SH,Mamba,137,1832,213,213,21.3,0.30365225672721863,0.44956085085868835,2.997063636779785,3.441965103149414,0.5040531754493713,0,-1,1,48,0.22535211267605634,2.0,213,1.861466646194458,0,0.0,0,0.0,0,8.981033325195312,1,6
SH,Mamba,137,1833,135,135,13.5,0.14079053699970245,0.16578154265880585,0.9493985772132874,1.137343406677246,0.21686139702796936,0,-1,1,135,1.0,2.0,135,1.2816904783248901,0,0.0,0,0.0,0,3.400614023208618,1,6
SH,Mamba,137,1834,203,203,20.3,0.28738775849342346,0.3864905834197998,2.5566141605377197,4.632327079772949,0.999299168586731,0,-1,0,0,0.0,2.0,203,2.1001532077789307,0,0.0,0,0.0,0,9.31871223449707,1,6
SH,Mamba,137,1835,183,183,18.3,0.21647080779075623,0.24823901057243347,1.2238022089004517,1.606977939605713,0.3458755910396576,0,-1,0,0,0.0,2.0,183,4.027793884277344,0,0.0,0,0.0,0,3.8529927730560303,0,5
SH,Mamba,137,1836,261,261,26.1,0.32664892077445984,0.4041670560836792,3.5248019695281982,3.8511884212493896,0.41253048181533813,0,-1,1,261,1.0,2.0,261,0.6119158864021301,0,0.0,0,0.0,0,9.903353691101074,2,7
SH,Mamba,137,1837,462,462,46.2,0.15861955285072327,0.19031153619289398,7.419673919677734,8.708244323730469,0.5938215851783752,0,-1,1,462,1.0,2.0,462,0.5717694759368896,0,0.0,0,0.0,0,11.07910442352295,2,7
SH,Mamba,137,1838,344,344,34.4,0.27963361144065857,0.31893351674079895,4.582487106323242,5.731432914733887,0.6348072290420532,0,-1,1,192,0.5581395348837209,2.0,344,1.7817511558532715,0,0.0,0,0.0,0,50.72712326049805,0,5
SH,Mamba,137,1839,175,175,17.5,0.18644854426383972,0.23399895429611206,3.860947608947754,5.003414154052734,0.696183979511261,0,-1,1,162,0.9257142857142857,2.0,175,1.848955512046814,0,0.0,0,0.0,0,5.009280681610107,2,7
SH,Mamba,137,1840,380,380,38.0,0.26981574296951294,0.3484395146369934,1.560556173324585,1.9575380086898804,0.2562623620033264,0,-1,1,374,0.9842105263157894,2.0,380,0.06286900490522385,0,0.0,0,0.0,0,0.04418104514479637,0,5
SH,Mamba,137,1841,245,245,24.5,0.2206430733203888,0.25222423672676086,11.832501411437988,16.0956974029541,1.4928059577941895,0,-1,0,0,0.0,2.0,245,2.982205390930176,0,0.0,0,0.0,0,57.61143112182617,0,5
SH,Mamba,137,1842,248,248,24.8,0.22393237054347992,0.2757696211338043,0.8642929792404175,1.0204737186431885,0.25063619017601013,0,-1,0,0,0.0,2.0,248,2.2270667552948,0,0.0,0,0.0,0,5.748901844024658,2,7
SH,Mamba,137,1843,359,359,35.9,0.23249055445194244,0.30269479751586914,1.6883891820907593,1.9184356927871704,0.3079160749912262,0,-1,1,163,0.45403899721448465,2.0,359,1.2851120233535767,0,0.0,0,0.0,0,2.6998116970062256,0,5
SH,Mamba,137,1844,933,933,93.30000000000001,0.22978228330612183,0.2989652752876282,1.2547237873077393,1.394442081451416,0.24281691014766693,0,-1,1,933,1.0,2.0,933,0.7885199189186096,0,0.0,0,0.0,0,1.1395310163497925,2,7
SH,Mamba,137,1845,467,467,46.7,0.2554601728916168,0.3118312358856201,3.6454365253448486,4.215202331542969,0.5371698141098022,0,-1,1,135,0.2890792291220557,2.0,467,1.6086351871490479,0,0.0,0,0.0,0,1.782721757888794,2,7
SH,Mamba,137,1846,372,372,37.2,0.26531317830085754,0.3215238153934479,6.648755073547363,8.021607398986816,0.6990752816200256,0,-1,1,325,0.8736559139784946,2.0,372,1.1131739616394043,0,0.0,0,0.0,0,0.21845439076423645,2,7
SH,Mamba,137,1847,221,221,22.1,0.2556193172931671,0.32345089316368103,2.322523355484009,2.621938943862915,0.46641677618026733,0,-1,1,173,0.7828054298642534,2.0,221,1.6335344314575195,0,0.0,0,0.0,0,2.2169620990753174,2,7
SH,Mamba,137,1848,666,666,66.60000000000001,0.3586515188217163,0.45910027623176575,1.5884184837341309,1.9220209121704102,0.476592093706131,0,-1,1,666,1.0,2.0,666,0.4774666726589203,0,0.0,0,0.0,0,0.830721914768219,0,5
SH,Mamba,137,1849,202,202,20.200000000000003,0.3874109089374542,0.5832557678222656,1.362738847732544,2.2257611751556396,0.6737099885940552,0,-1,1,202,1.0,2.0,202,0.655657947063446,0,0.0,0,0.0,0,4.71450138092041,2,7
SH,Mamba,137,1850,1668,1668,166.8,0.30101272463798523,0.4185151159763336,4.66027307510376,5.314720153808594,2.538696050643921,1,546,1,482,0.28896882494004794,2.0,546,0.0,0,0.0,0,0.0,0,0.0,0,5
SH,Mamba,137,1851,172,172,17.2,0.2623337507247925,0.3372197449207306,1.0257542133331299,1.220223307609558,0.23192378878593445,0,-1,1,172,1.0,2.0,172,1.0815232992172241,0,0.0,0,0.0,0,0.6714407801628113,1,6
SH,Mamba,137,1852,178,178,17.8,0.16645386815071106,0.23089954257011414,0.7126258611679077,0.8369476199150085,0.2591670751571655,0,-1,0,0,0.0,2.0,178,2.173902988433838,0,0.0,0,0.0,0,1.5486903190612793,2,7
SH,Mamba,137,1853,195,195,19.5,0.5450068712234497,0.844678521156311,2.4455199241638184,3.3099048137664795,1.0592076778411865,0,-1,1,188,0.9641025641025641,2.0,195,1.3419526815414429,0,0.0,0,0.0,0,2.0939338207244873,2,7
SH,Mamba,137,1854,235,235,23.5,0.3549157679080963,0.4479294419288635,3.5066702365875244,4.2887773513793945,0.8024430871009827,1,224,1,143,0.6085106382978723,2.0,224,0.0,0,0.0,0,0.0,0,0.0,0,5
SH,Mamba,137,1855,295,295,29.5,0.4273741543292999,0.5121647119522095,2.407301902770996,2.8544530868530273,0.4992372691631317,0,-1,1,218,0.7389830508474576,2.0,295,1.462152123451233,0,0.0,0,0.0,0,1.6733520030975342,0,5
SH,Mamba,137,1856,132,132,13.200000000000001,0.5841805338859558,0.7121671438217163,1.1624794006347656,1.7728134393692017,0.7830001711845398,0,-1,1,132,1.0,2.0,132,0.9416601657867432,0,0.0,0,0.0,0,3.9620537757873535,0,5
SH,Mamba,137,1857,394,394,39.400000000000006,0.4253543019294739,0.6080437302589417,7.019934177398682,7.785704135894775,0.6897374391555786,0,-1,1,394,1.0,2.0,394,1.3515312671661377,0,0.0,0,0.0,0,4.561618328094482,0,5
SH,Mamba,137,1858,172,172,17.2,0.38112178444862366,0.47701403498649597,6.143435478210449,7.03627347946167,0.6548753976821899,0,-1,1,172,1.0,2.0,172,1.4326293468475342,0,0.0,0,0.0,0,6.255511283874512,2,7
SH,Mamba,137,1859,256,256,25.6,0.34858518838882446,0.41822054982185364,5.994543552398682,6.739973545074463,0.6629937291145325,0,-1,1,99,0.38671875,2.0,256,1.630724310874939,0,0.0,0,0.0,0,19.980167388916016,2,7
SH,Mamba,137,1860,246,246,24.6,0.37010249495506287,0.4316879212856293,28.529890060424805,41.1901969909668,3.879580497741699,0,-1,0,0,0.0,2.0,246,4.936283588409424,0,0.0,0,0.0,0,45.17877197265625,0,5
SH,Mamba,137,1861,135,135,13.5,0.15422338247299194,0.1907714456319809,1.919839859008789,2.2564475536346436,0.26254960894584656,0,-1,0,0,0.0,2.0,135,2.4910247325897217,0,0.0,0,0.0,0,7.4093146324157715,2,7
SH,Mamba,137,1862,134,134,13.4,0.530629575252533,0.7213197946548462,6.08083963394165,6.945030689239502,1.1145696640014648,0,-1,1,127,0.9477611940298507,2.0,129,0.4216598570346832,5,0.03731343283582089,0,0.0,0,0.07813166826963425,1,6
SH,Mamba,137,1863,187,187,18.7,0.3031207323074341,0.3846735656261444,6.552829265594482,7.5411787033081055,0.6685211062431335,0,-1,0,0,0.0,2.0,187,2.25994610786438,0,0.0,0,0.0,0,12.796342849731445,2,7
SH,Mamba,137,1864,165,165,16.5,0.25397056341171265,0.29714348912239075,2.900864839553833,3.416417121887207,0.5971592664718628,0,-1,1,165,1.0,2.0,165,0.8527553081512451,0,0.0,0,0.0,0,22.530380249023438,2,7
SH,Mamba,137,1865,367,367,36.7,0.2542183995246887,0.33884188532829285,1.613676905632019,1.8212594985961914,0.3723102807998657,0,-1,1,367,1.0,2.0,367,1.0014549493789673,0,0.0,0,0.0,0,0.4119607210159302,1,6
SH,Mamba,137,1866,342,342,34.2,0.19182264804840088,0.26883718371391296,2.1724395751953125,2.7221410274505615,0.5563168525695801,0,-1,1,162,0.47368421052631576,2.0,342,1.6888362169265747,0,0.0,0,0.0,0,32.796241760253906,2,7
SH,Mamba,137,1867,173,173,17.3,0.18533726036548615,0.22352179884910583,3.3267250061035156,4.185991287231445,0.45097973942756653,0,-1,1,173,1.0,2.0,173,0.9950763583183289,0,0.0,0,0.0,0,7.515818119049072,0,5
SH,Mamba,137,1868,204,204,20.400000000000002,0.5754518508911133,0.7248582243919373,5.009436130523682,5.504391193389893,0.8525102734565735,0,-1,1,204,1.0,2.0,204,0.7940564155578613,0,0.0,0,0.0,0,5.476485729217529,2,7
SH,Mamba,137,1869,217,217,21.700000000000003,0.6106853485107422,0.8163817524909973,13.407515525817871,15.85333251953125,2.0960335731506348,0,-1,0,0,0.0,2.0,217,3.02091383934021,0,0.0,0,0.0,0,11.061915397644043,2,7
SH,Mamba,137,1870,201,201,20.1,0.23390009999275208,0.2959042191505432,4.973393440246582,5.717229843139648,0.32987695932388306,0,-1,1,201,1.0,2.0,201,0.5239904522895813,0,0.0,0,0.0,0,9.94909954071045,0,5
SH,Mamba,137,1871,189,189,18.900000000000002,0.17329765856266022,0.2893993854522705,4.484364032745361,6.013860702514648,0.7390811443328857,0,-1,0,0,0.0,2.0,189,2.1400504112243652,0,0.0,0,0.0,0,16.015644073486328,0,5
SH,Mamba,137,1872,192,192,19.200000000000003,0.6999570727348328,0.8945491313934326,1.2031594514846802,1.5435755252838135,0.6281041502952576,0,-1,1,192,1.0,2.0,192,0.7820775508880615,0,0.0,0,0.0,0,0.5959718823432922,0,5
SH,Mamba,137,1873,291,291,29.1,0.3524618446826935,0.4251847267150879,2.192500591278076,2.6046037673950195,0.4791184365749359,0,-1,1,286,0.9828178694158075,2.0,291,0.22258682548999786,0,0.0,0,0.0,0,0.0721835270524025,2,7
SH,Mamba,137,1874,210,210,21.0,0.343464732170105,0.4659571051597595,1.7287817001342773,1.9863001108169556,0.4680982232093811,0,-1,1,88,0.41904761904761906,2.0,210,1.8606414794921875,0,0.0,0,0.0,0,8.966419219970703,1,6
SH,Mamba,137,1875,231,231,23.1,0.18553759157657623,0.22877439856529236,3.2003719806671143,5.331686496734619,0.7920418977737427,0,-1,1,231,1.0,2.0,231,1.223304271697998,0,0.0,0,0.0,0,25.51129722595215,1,6
SH,Mamba,137,1876,446,446,44.6,0.3304031193256378,0.44882574677467346,2.068343162536621,2.8656351566314697,0.5439241528511047,0,-1,1,446,1.0,2.0,446,0.5394617915153503,0,0.0,0,0.0,0,8.548724174499512,1,6
SH,Mamba,137,1877,260,260,26.0,0.33122244477272034,0.4440586566925049,1.385690689086914,1.6728179454803467,0.4015972316265106,0,-1,1,260,1.0,2.0,260,1.4621636867523193,0,0.0,0,0.0,0,15.727839469909668,2,7
SH,Mamba,137,1878,590,590,59.0,0.24432602524757385,0.3013097047805786,6.744438171386719,7.194411754608154,0.37677523493766785,0,-1,1,590,1.0,2.0,590,0.722874641418457,0,0.0,0,0.0,0,10.217448234558105,1,6
SH,Mamba,137,1879,154,154,15.4,0.19512368738651276,0.23383811116218567,2.571564197540283,3.4818148612976074,0.4027556777000427,0,-1,1,154,1.0,2.0,154,0.9670255780220032,0,0.0,0,0.0,0,12.70503044128418,2,7
SH,Mamba,137,1880,214,214,21.400000000000002,0.19711071252822876,0.24152353405952454,4.304401874542236,5.9963765144348145,0.7618801593780518,0,-1,1,214,1.0,2.0,214,1.0828641653060913,0,0.0,0,0.0,0,9.728175163269043,1,6
SH,Mamba,137,1881,216,216,21.6,0.2911851704120636,0.3273557424545288,13.633111000061035,16.174278259277344,1.130961298942566,0,-1,1,189,0.875,2.0,216,1.2413649559020996,0,0.0,0,0.0,0,27.80782127380371,2,7
SH,Mamba,137,1882,441,441,44.1,0.38331031799316406,0.4808253049850464,3.043523073196411,3.742652416229248,0.5551619529724121,0,-1,1,74,0.16780045351473924,2.0,441,1.7928576469421387,0,0.0,0,0.0,0,1.9792383909225464,1,6
SH,Mamba,137,1883,170,170,17.0,0.8504697680473328,1.0806902647018433,17.256959915161133,20.461660385131836,3.078829765319824,0,-1,1,48,0.2823529411764706,2.0,170,0.7723141312599182,0,0.0,0,0.0,0,0.6696441769599915,1,6
SH,Mamba,137,1884,131,131,13.100000000000001,0.6324719190597534,0.7588875889778137,2.389103412628174,3.4470701217651367,0.7358805537223816,1,110,1,110,0.8396946564885496,2.0,110,0.0,0,0.0,0,0.0,0,0.0,0,5
SH,Mamba,137,1885,166,166,16.6,0.30948081612586975,0.33961543440818787,9.439207077026367,11.689558982849121,1.1971497535705566,0,-1,0,0,0.0,2.0,166,6.917904853820801,0,0.0,0,0.0,0,70.91858673095703,2,7
SH,Mamba,137,1886,257,257,25.700000000000003,0.3564052879810333,0.42213737964630127,1.4902151823043823,1.732541561126709,0.4522080421447754,0,-1,1,257,1.0,2.0,257,1.3885183334350586,0,0.0,0,0.0,0,10.299039840698242,2,7
SH,Mamba,137,1887,158,158,15.8,0.24116715788841248,0.2780185341835022,0.7518665194511414,0.9063068628311157,0.34999319911003113,0,-1,1,158,1.0,2.0,158,1.301252007484436,0,0.0,0,0.0,0,14.348341941833496,1,6
SH,Mamba,137,1888,266,266,26.6,0.43655380606651306,0.553331196308136,3.047635078430176,3.5512137413024902,0.7605636119842529,0,-1,1,254,0.9548872180451128,2.0,266,1.2704285383224487,0,0.0,0,0.0,0,9.289705276489258,2,7
SH,Mamba,137,1889,329,329,32.9,0.20028135180473328,0.2623022198677063,7.040909290313721,9.690666198730469,0.7101708054542542,0,-1,1,227,0.6899696048632219,2.0,329,1.0552693605422974,0,0.0,0,0.0,0,4.845395565032959,2,7
SH,Mamba,137,1890,412,412,41.2,0.2764091193675995,0.360889196395874,10.307599067687988,11.018407821655273,0.541206955909729,0,-1,1,400,0.970873786407767,2.0,412,1.50544273853302,0,0.0,0,0.0,0,19.426788330078125,0,5
SH,Mamba,137,1891,180,180,18.0,0.3689935505390167,0.46085819602012634,0.8533025979995728,1.0655807256698608,0.3330812454223633,0,-1,1,180,1.0,2.0,180,0.715086042881012,0,0.0,0,0.0,0,0.9594903588294983,2,7
SH,Mamba,137,1892,395,395,39.5,0.17562013864517212,0.3786945343017578,22.394758224487305,26.821435928344727,1.3013744354248047,0,-1,0,0,0.0,2.0,395,2.48640775680542,0,0.0,0,0.0,0,48.7744255065918,0,5
SH,Mamba,137,1893,168,168,16.8,0.28541675209999084,0.38556408882141113,2.9334511756896973,4.008708953857422,0.6007024645805359,0,-1,1,168,1.0,2.0,168,0.31354638934135437,0,0.0,0,0.0,0,4.787647247314453,1,6
SH,Mamba,137,1894,229,229,22.900000000000002,0.23574219644069672,0.29572218656539917,14.759575843811035,19.994857788085938,1.9092276096343994,0,-1,1,161,0.7030567685589519,2.0,229,1.6548343896865845,0,0.0,0,0.0,0,5.130423545837402,0,5
SH,Mamba,137,1895,198,198,19.8,0.38394996523857117,0.5520082116127014,1.9562205076217651,2.260828733444214,0.48637011647224426,0,-1,1,198,1.0,2.0,198,1.127698540687561,0,0.0,0,0.0,0,3.0987846851348877,1,6
SH,Mamba,137,1896,238,238,23.8,0.3621786832809448,0.4495600163936615,1.454143762588501,2.065685749053955,0.5547935962677002,0,-1,1,238,1.0,2.0,238,0.9137817621231079,0,0.0,0,0.0,0,4.398326873779297,2,7
SH,Mamba,137,1897,200,200,20.0,0.2666390836238861,0.35489585995674133,1.5257641077041626,1.9477888345718384,0.5554980039596558,0,-1,1,112,0.56,2.0,200,1.3828691244125366,0,0.0,0,0.0,0,1.1916711330413818,1,6
SH,Mamba,137,1898,175,175,17.5,0.26210910081863403,0.3169620633125305,2.8458709716796875,3.381519317626953,0.4387539327144623,0,-1,1,175,1.0,2.0,175,1.7379757165908813,0,0.0,0,0.0,0,23.851909637451172,0,5
SH,Mamba,137,1899,434,434,43.400000000000006,0.3193957507610321,0.3911088705062866,0.6486799716949463,0.8547842502593994,0.3727434575557709,0,-1,1,409,0.9423963133640553,2.0,434,0.06531207263469696,0,0.0,0,0.0,0,0.028223058208823204,1,6
SH,Mamba,137,1900,132,132,13.200000000000001,0.44654929637908936,0.4914350211620331,7.482945919036865,9.243793487548828,1.1333801746368408,0,-1,1,3,0.022727272727272728,2.0,132,1.9081823825836182,0,0.0,0,0.0,0,35.32819366455078,1,6
SH,Mamba,137,1901,638,638,63.800000000000004,0.3063684403896332,0.4070080518722534,1.875075340270996,2.275632381439209,0.4594331979751587,0,-1,1,638,1.0,2.0,638,1.048413634300232,0,0.0,0,0.0,0,4.406377792358398,1,6
SH,Mamba,137,1902,246,246,24.6,0.6362432837486267,0.799818217754364,8.939242362976074,10.5093355178833,2.821176528930664,1,136,1,136,0.5528455284552846,2.0,136,0.0,0,0.0,0,0.0,0,0.0,1,6
SH,Mamba,137,1903,184,184,18.400000000000002,0.5650755763053894,0.6788938641548157,7.359251022338867,8.787352561950684,1.4719419479370117,0,-1,1,18,0.09782608695652174,2.0,184,1.9357649087905884,0,0.0,0,0.0,0,2.566737174987793,1,6
SH,Mamba,137,1904,163,163,16.3,0.35069093108177185,0.4453718364238739,18.739730834960938,24.465383529663086,3.2109835147857666,0,-1,0,0,0.0,2.0,163,3.538668155670166,0,0.0,0,0.0,0,62.130008697509766,2,7
SH,Mamba,137,1905,160,160,16.0,0.8616331815719604,1.2164719104766846,2.9930992126464844,3.8200435638427734,0.9796794652938843,0,-1,1,160,1.0,2.0,160,0.4664960205554962,0,0.0,0,0.0,0,5.598521709442139,1,6
SH,Mamba,137,1906,179,179,17.900000000000002,0.5032474994659424,0.595629870891571,8.254984855651855,9.642088890075684,1.4197248220443726,0,-1,1,64,0.3575418994413408,2.0,179,1.5485033988952637,0,0.0,0,0.0,0,1.750769853591919,0,5
SH,Mamba,137,1907,142,142,14.200000000000001,0.1595897078514099,0.19252926111221313,7.736448287963867,9.825613021850586,1.3314423561096191,0,-1,1,59,0.4154929577464789,2.0,142,1.0288567543029785,0,0.0,0,0.0,0,21.501724243164062,2,7
SH,Mamba,137,1908,148,148,14.8,0.8793197870254517,0.9904658198356628,41.10243606567383,53.67347717285156,7.443759441375732,0,-1,0,0,0.0,2.0,148,4.292192459106445,0,0.0,0,0.0,0,41.13072967529297,2,7
SH,Mamba,137,1909,253,253,25.3,0.2505173981189728,0.41970664262771606,30.556140899658203,35.76876449584961,2.3013036251068115,0,-1,1,253,1.0,2.0,253,0.44287002086639404,0,0.0,0,0.0,0,7.566337585449219,0,5
SH,Mamba,137,1910,211,211,21.1,0.27495649456977844,0.35897356271743774,1.2572152614593506,1.5217338800430298,0.2599842846393585,0,-1,1,211,1.0,2.0,211,1.4021656513214111,0,0.0,0,0.0,0,0.8875182867050171,0,5
SH,Mamba,137,1911,465,465,46.5,0.3326539993286133,0.4680173397064209,12.212789535522461,14.964797973632812,1.2085615396499634,0,-1,1,384,0.8258064516129032,2.0,465,1.3293782472610474,0,0.0,0,0.0,0,1.5552148818969727,2,7
SH,Mamba,137,1912,661,661,66.10000000000001,0.23082147538661957,0.28541216254234314,5.593928337097168,6.5450215339660645,0.31075623631477356,0,-1,1,593,0.897125567322239,2.0,661,1.102127194404602,0,0.0,0,0.0,0,5.868024826049805,0,5
SH,Mamba,137,1913,421,421,42.1,0.2599579989910126,0.32029038667678833,6.763261795043945,7.3226423263549805,0.5528551936149597,0,-1,1,377,0.8954869358669834,2.0,421,1.217179298400879,0,0.0,0,0.0,0,8.378500938415527,1,6
SH,Mamba,137,1914,161,161,16.1,0.3549592196941376,0.4624379277229309,1.889172077178955,2.291443347930908,0.38956549763679504,0,-1,0,0,0.0,2.0,161,2.3262126445770264,0,0.0,0,0.0,0,3.7465977668762207,2,7
SH,Mamba,137,1915,154,154,15.4,0.12103381752967834,0.1506132334470749,2.226440668106079,2.933396100997925,0.34795352816581726,0,-1,1,154,1.0,2.0,154,0.9926133751869202,0,0.0,0,0.0,0,7.998543739318848,0,5
SH,Mamba,137,1916,139,139,13.9,0.1754016876220703,0.22264082729816437,3.390338897705078,4.491943359375,0.6610544323921204,0,-1,1,139,1.0,2.0,139,0.9478045105934143,0,0.0,0,0.0,0,19.226133346557617,1,6
SH,Mamba,137,1917,442,442,44.2,0.19640760123729706,0.25473567843437195,24.629701614379883,26.850067138671875,0.7757639288902283,0,-1,1,442,1.0,2.0,442,0.9732109308242798,0,0.0,0,0.0,0,7.756328105926514,0,5
SH,Mamba,137,1918,167,167,16.7,0.47191300988197327,0.6121167540550232,1.3891040086746216,1.5452784299850464,0.4625413715839386,0,-1,1,90,0.5389221556886228,2.0,167,1.5184093713760376,0,0.0,0,0.0,0,1.4199305772781372,2,7
SH,Mamba,137,1919,404,404,40.400000000000006,0.3070180118083954,0.41812118887901306,6.764477252960205,8.200547218322754,0.8581377267837524,0,-1,1,302,0.7475247524752475,2.0,404,1.4513932466506958,0,0.0,0,0.0,0,22.241975784301758,2,7
SH,Mamba,137,1920,159,159,15.9,0.402828574180603,0.6030569076538086,0.8007848858833313,0.900848925113678,0.4147294759750366,0,-1,1,45,0.2830188679245283,2.0,159,1.9408162832260132,0,0.0,0,0.0,0,6.222707271575928,0,5
SH,Mamba,137,1921,184,184,18.400000000000002,0.16066700220108032,0.18206404149532318,8.162714004516602,10.251648902893066,1.069442629814148,0,-1,0,0,0.0,2.0,184,2.9193217754364014,0,0.0,0,0.0,0,53.498268127441406,2,7
SH,Mamba,137,1922,199,199,19.900000000000002,0.23213991522789001,0.2843797206878662,0.35646939277648926,0.5301141738891602,0.22484052181243896,0,-1,1,66,0.3316582914572864,2.0,199,1.721659779548645,0,0.0,0,0.0,0,4.992699146270752,1,6
SH,Mamba,137,1923,143,143,14.3,0.37265610694885254,0.45214349031448364,6.190954685211182,7.2417893409729,1.0073314905166626,0,-1,0,0,0.0,2.0,143,2.422142267227173,0,0.0,0,0.0,0,20.466341018676758,1,6
SH,Mamba,137,1924,380,380,38.0,0.24241697788238525,0.3007444143295288,1.5180085897445679,1.7231652736663818,0.2953663468360901,0,-1,1,376,0.9894736842105263,2.0,380,1.1727592945098877,0,0.0,0,0.0,0,5.556284427642822,1,6
SH,Mamba,137,1925,575,575,57.5,0.1704164296388626,0.24533461034297943,1.8539183139801025,2.191103219985962,0.2147953063249588,1,560,1,388,0.6747826086956522,2.0,560,0.0,0,0.0,0,0.0,0,0.0,1,6
SH,Mamba,137,1926,135,135,13.5,0.3396488428115845,0.37850823998451233,0.8849196434020996,1.194972276687622,0.5116572976112366,0,-1,1,135,1.0,2.0,135,1.0586168766021729,0,0.0,0,0.0,0,3.9383084774017334,0,5
SH,Mamba,137,1927,296,296,29.6,0.17409126460552216,0.2101488709449768,16.811735153198242,21.62531280517578,7.010022163391113,1,233,1,233,0.7871621621621622,2.0,233,0.0,0,0.0,0,0.0,0,0.0,1,6
SH,Mamba,137,1928,191,191,19.1,0.1940452605485916,0.23733288049697876,6.282333850860596,7.873630523681641,0.7345224022865295,0,-1,0,0,0.0,2.0,191,2.656433343887329,0,0.0,0,0.0,0,59.83218002319336,1,6
SH,Mamba,137,1929,1755,1755,175.5,0.19940657913684845,0.25088244676589966,17.241619110107422,20.366830825805664,0.7307436466217041,0,-1,1,1755,1.0,2.0,1755,0.24838168919086456,0,0.0,0,0.0,0,4.317834854125977,2,7
SH,Mamba,137,1930,285,285,28.5,0.0663900300860405,0.083277128636837,2.0299272537231445,2.8946332931518555,0.39252904057502747,0,-1,0,0,0.0,2.0,285,2.0834195613861084,0,0.0,0,0.0,0,41.76118850708008,1,6
SH,Mamba,137,1931,144,144,14.4,0.24920116364955902,0.3040393888950348,3.4985923767089844,4.218197345733643,0.5575948357582092,0,-1,1,144,1.0,2.0,144,0.7809872031211853,0,0.0,0,0.0,0,12.507593154907227,2,7
SH,Mamba,137,1932,682,682,68.2,0.38275834918022156,0.494104266166687,5.083113670349121,5.821142673492432,2.5917344093322754,1,156,1,156,0.2287390029325513,2.0,156,0.0,0,0.0,0,0.0,0,0.0,0,5
SH,Mamba,137,1933,236,236,23.6,0.18922875821590424,0.22814035415649414,2.2177305221557617,2.741990327835083,0.3112727701663971,0,-1,1,197,0.8347457627118644,2.0,236,1.550545573234558,0,0.0,0,0.0,0,8.689016342163086,1,6
SH,Mamba,137,1934,372,372,37.2,0.46604856848716736,0.6648588180541992,7.237614631652832,7.999545097351074,0.6821631193161011,0,-1,0,0,0.0,2.0,372,2.3616418838500977,0,0.0,0,0.0,0,7.917068958282471,0,5
SH,Mamba,137,1935,157,157,15.700000000000001,0.43584081530570984,0.5156987905502319,4.6151556968688965,5.328233242034912,0.7248671054840088,0,-1,1,85,0.5414012738853503,2.0,157,1.776500940322876,0,0.0,0,0.0,0,7.411800861358643,2,7
SH,Mamba,137,1936,144,144,14.4,0.477361798286438,0.6255179643630981,2.6038661003112793,4.057653903961182,1.1502972841262817,0,-1,1,144,1.0,2.0,144,0.6859704256057739,0,0.0,0,0.0,0,2.8879666328430176,0,5
SH,Mamba,137,1937,155,155,15.5,0.2011726051568985,0.24532407522201538,0.6623971462249756,0.7107576727867126,0.20300182700157166,0,-1,1,94,0.6064516129032258,2.0,155,1.6624199151992798,0,0.0,0,0.0,0,2.686009407043457,2,7
SH,Mamba,137,1938,174,174,17.400000000000002,0.38053467869758606,0.497792512178421,5.9611029624938965,6.655622482299805,0.945713460445404,0,-1,0,0,0.0,2.0,174,2.24212908744812,0,0.0,0,0.0,0,23.458402633666992,1,6
SH,Mamba,137,1939,201,201,20.1,0.3144649565219879,0.4010787904262543,7.763017177581787,9.420817375183105,1.1388063430786133,0,-1,0,0,0.0,2.0,201,3.684950113296509,0,0.0,0,0.0,0,16.064584732055664,1,6
SH,Mamba,137,1940,327,327,32.7,0.3036196231842041,0.36945098638534546,15.273941993713379,16.7271671295166,0.9015166759490967,0,-1,1,63,0.1926605504587156,2.0,327,1.6923925876617432,0,0.0,0,0.0,0,21.100229263305664,1,6
SH,Mamba,137,1941,358,358,35.800000000000004,0.3429846167564392,0.48944225907325745,1.519525170326233,1.8790652751922607,0.5339400768280029,0,-1,1,271,0.7569832402234636,2.0,358,1.0856006145477295,0,0.0,0,0.0,0,1.6880923509597778,0,5
SH,Mamba,137,1942,236,236,23.6,0.26831287145614624,0.34932512044906616,1.5800349712371826,1.9629932641983032,0.44523510336875916,0,-1,1,165,0.6991525423728814,2.0,236,1.492033839225769,0,0.0,0,0.0,0,2.19120192527771,2,7
SH,Mamba,137,1943,131,131,13.100000000000001,0.4438933730125427,0.5475674271583557,2.2205779552459717,2.4090330600738525,0.4712017774581909,0,-1,1,127,0.9694656488549618,2.0,131,1.3243314027786255,0,0.0,0,0.0,0,3.897796154022217,1,6
SH,Mamba,137,1944,317,317,31.700000000000003,0.40502819418907166,0.4653385579586029,6.290888786315918,6.976284027099609,0.6996375918388367,0,-1,1,85,0.26813880126182965,2.0,317,1.944237470626831,0,0.0,0,0.0,0,2.3706984519958496,1,6
SH,Mamba,137,1945,504,504,50.400000000000006,0.2395259439945221,0.29865145683288574,3.074383020401001,3.83247447013855,0.42353466153144836,0,-1,1,501,0.9940476190476191,2.0,504,1.3613797426223755,0,0.0,0,0.0,0,8.78039264678955,1,6
SH,Mamba,137,1946,641,641,64.10000000000001,0.2129712998867035,0.3677927553653717,5.102365493774414,5.595386028289795,0.3209509253501892,1,621,1,621,0.968798751950078,2.0,621,0.0,0,0.0,0,0.0,0,0.0,0,5
SH,Mamba,137,1947,154,154,15.4,0.197284534573555,0.2590387165546417,1.0205239057540894,1.385488510131836,0.44080406427383423,0,-1,0,0,0.0,2.0,154,2.870110273361206,0,0.0,0,0.0,0,80.1242904663086,1,6
SH,Mamba,137,1948,263,263,26.3,0.32127317786216736,0.45370277762413025,6.825849533081055,8.72108268737793,0.7287301421165466,0,-1,1,263,1.0,2.0,263,1.0831232070922852,0,0.0,0,0.0,0,20.624614715576172,1,6
SH,Mamba,137,1949,470,470,47.0,0.29661113023757935,0.3609207272529602,13.187234878540039,15.852296829223633,0.8969975113868713,0,-1,0,0,0.0,2.0,470,2.2164156436920166,0,0.0,0,0.0,0,19.06450843811035,1,6
SH,Mamba,137,1950,215,215,21.5,0.16681130230426788,0.2020534723997116,0.6289178729057312,0.7908446788787842,0.25569263100624084,0,-1,0,0,0.0,2.0,215,2.556529998779297,0,0.0,0,0.0,0,59.39772033691406,1,6
SH,Mamba,137,1951,169,169,16.900000000000002,0.40785762667655945,0.46240755915641785,2.6081597805023193,2.945843458175659,0.7973849773406982,0,-1,1,169,1.0,2.0,169,0.48553603887557983,0,0.0,0,0.0,0,8.117701530456543,0,5
SH,Mamba,137,1952,272,272,27.200000000000003,0.19088561832904816,0.23859155178070068,6.1106276512146,6.729455471038818,0.38911202549934387,0,-1,1,272,1.0,2.0,272,1.1232362985610962,0,0.0,0,0.0,0,8.545147895812988,2,7
SH,Mamba,137,1953,437,437,43.7,0.22713997960090637,0.2926712930202484,3.796562910079956,4.261013031005859,0.48753622174263,0,-1,1,146,0.3340961098398169,2.0,437,1.6414512395858765,0,0.0,0,0.0,0,12.954556465148926,1,6
SH,Mamba,137,1954,477,477,47.7,0.19900143146514893,0.24970972537994385,3.307502031326294,3.507795810699463,0.20337438583374023,0,-1,1,401,0.8406708595387841,2.0,477,0.6879916191101074,0,0.0,0,0.0,0,0.7884374260902405,0,5
SH,Mamba,137,1955,145,145,14.5,0.3788968324661255,0.43807876110076904,2.2796332836151123,2.574537754058838,0.5490603446960449,0,-1,1,145,1.0,2.0,145,1.3220689296722412,0,0.0,0,0.0,0,11.365121841430664,1,6
SH,Mamba,137,1956,150,150,15.0,0.35955289006233215,0.44087842106819153,0.4861913025379181,0.5887520909309387,0.28398463129997253,0,-1,1,150,1.0,2.0,150,1.075583577156067,0,0.0,0,0.0,0,3.310631036758423,2,7
SH,Mamba,137,1957,157,157,15.700000000000001,0.2820681631565094,0.37174853682518005,6.7303056716918945,8.566213607788086,1.0509995222091675,0,-1,1,157,1.0,2.0,157,0.664677083492279,0,0.0,0,0.0,0,9.607303619384766,0,5
SH,Mamba,137,1958,137,137,13.700000000000001,0.366697758436203,0.44901496171951294,7.55387020111084,9.52082633972168,1.4573309421539307,0,-1,0,0,0.0,2.0,137,2.6107587814331055,0,0.0,0,0.0,0,19.17890739440918,1,6
SH,Mamba,137,1959,131,131,13.100000000000001,0.26849934458732605,0.32065311074256897,5.005974769592285,6.148106575012207,0.8002198338508606,0,-1,1,131,1.0,2.0,131,0.8641030192375183,0,0.0,0,0.0,0,7.309657096862793,2,7
SH,Mamba,137,1960,639,639,63.900000000000006,0.23522719740867615,0.2956184148788452,8.566967010498047,9.757617950439453,0.4282147288322449,0,-1,1,639,1.0,2.0,639,0.845481276512146,0,0.0,0,0.0,0,9.280695915222168,0,5
SH,Mamba,137,1961,349,349,34.9,0.3104739785194397,0.3783651292324066,2.5828959941864014,3.7878713607788086,0.4409956932067871,0,-1,1,299,0.8567335243553008,2.0,349,1.455562710762024,0,0.0,0,0.0,0,3.144195556640625,1,6
SH,Mamba,137,1962,221,221,22.1,0.25018149614334106,0.29952678084373474,19.81047821044922,26.64274787902832,2.7894327640533447,0,-1,0,0,0.0,2.0,221,3.9843294620513916,0,0.0,0,0.0,0,19.111909866333008,0,5
SH,Mamba,137,1963,271,271,27.1,0.36217838525772095,0.4620398283004761,1.8375109434127808,2.1132609844207764,0.5507006049156189,0,-1,1,227,0.8376383763837638,2.0,271,1.1049840450286865,0,0.0,0,0.0,0,2.885403871536255,0,5
SH,Mamba,137,1964,199,199,19.900000000000002,0.33448848128318787,0.46574491262435913,2.3923323154449463,3.3167543411254883,0.5479252934455872,0,-1,1,199,1.0,2.0,199,1.4646612405776978,0,0.0,0,0.0,0,15.291662216186523,2,7
SH,Mamba,137,1965,132,132,13.200000000000001,0.3306621313095093,0.4136483371257782,0.825415849685669,1.0274229049682617,0.3444537818431854,0,-1,1,132,1.0,2.0,132,0.9728865027427673,0,0.0,0,0.0,0,0.6662766933441162,2,7
SH,Mamba,137,1966,193,193,19.3,0.2750910520553589,0.334877610206604,4.59165096282959,5.385896682739258,0.4738937020301819,0,-1,1,163,0.844559585492228,2.0,193,1.5263113975524902,0,0.0,0,0.0,0,5.963672161102295,2,7
SH,Mamba,137,1967,405,405,40.5,0.22217899560928345,0.2980968654155731,0.8467518091201782,1.072365641593933,0.16347545385360718,0,-1,1,304,0.7506172839506173,2.0,405,0.6233133673667908,0,0.0,0,0.0,0,0.5277360677719116,1,6
SH,Mamba,137,1968,408,408,40.800000000000004,0.2820069491863251,0.37525296211242676,6.187629699707031,7.238067150115967,0.629961371421814,0,-1,1,252,0.6176470588235294,2.0,408,1.2797577381134033,0,0.0,0,0.0,0,2.7015860080718994,1,6
SH,Mamba,137,1969,310,310,31.0,0.11679185181856155,0.16050216555595398,9.772311210632324,13.585159301757812,0.9871165752410889,0,-1,0,0,0.0,2.0,310,2.0744192600250244,0,0.0,0,0.0,0,66.79155731201172,2,7
SH,Mamba,137,1970,133,133,13.3,0.35757017135620117,0.4003927409648895,2.658006191253662,3.4389281272888184,1.1944056749343872,0,-1,1,133,1.0,2.0,133,1.3202250003814697,0,0.0,0,0.0,0,19.779457092285156,0,5
SH,Mamba,137,1971,353,353,35.300000000000004,0.12013489007949829,0.16144903004169464,10.341242790222168,12.338050842285156,0.7522415518760681,0,-1,1,353,1.0,2.0,353,1.0665900707244873,0,0.0,0,0.0,0,30.12883186340332,1,6
SH,Mamba,137,1972,239,239,23.900000000000002,0.4442743957042694,0.6475681066513062,2.540487289428711,3.3621411323547363,0.6979381442070007,0,-1,1,239,1.0,2.0,239,1.0422096252441406,0,0.0,0,0.0,0,0.8098009824752808,1,6
SH,Mamba,137,1973,143,143,14.3,0.15232977271080017,0.18753430247306824,0.40594062209129333,0.5222256183624268,0.15858566761016846,0,-1,1,143,1.0,2.0,143,0.9437110424041748,0,0.0,0,0.0,0,18.774349212646484,2,7
SH,Mamba,137,1974,142,142,14.200000000000001,0.19168001413345337,0.2397899031639099,2.039276123046875,2.758275270462036,0.5490694046020508,0,-1,1,108,0.7605633802816901,2.0,142,1.3361612558364868,0,0.0,0,0.0,0,37.893470764160156,0,5
SH,Mamba,137,1975,138,138,13.8,0.20712915062904358,0.2730751633644104,2.7033321857452393,3.579772472381592,0.7948127388954163,0,-1,1,108,0.782608695652174,2.0,138,1.7202504873275757,0,0.0,0,0.0,0,6.863354206085205,0,5
SH,Mamba,137,1976,653,653,65.3,0.3339955806732178,0.433322548866272,1.8014616966247559,2.2720870971679688,0.4516795873641968,0,-1,1,652,0.998468606431853,2.0,653,0.8060892224311829,0,0.0,0,0.0,0,0.12563088536262512,1,6
SH,Mamba,137,1977,351,351,35.1,0.2083713710308075,0.25523242354393005,2.5649685859680176,2.853644371032715,0.3150944411754608,0,-1,1,351,1.0,2.0,351,1.1560041904449463,0,0.0,0,0.0,0,3.43556547164917,1,6
SH,Mamba,137,1978,238,238,23.8,0.25056058168411255,0.33302801847457886,1.7476232051849365,2.243084192276001,0.31713390350341797,0,-1,1,238,1.0,2.0,238,0.30833423137664795,0,0.0,0,0.0,0,0.5217894315719604,0,5
SH,Mamba,137,1979,173,173,17.3,0.3145608603954315,0.38412800431251526,2.9391720294952393,3.4666168689727783,0.47266560792922974,0,-1,1,154,0.8901734104046243,2.0,173,1.0559040307998657,0,0.0,0,0.0,0,3.813828945159912,1,6
SH,Mamba,137,1980,434,434,43.400000000000006,0.17372319102287292,0.2554178535938263,2.1111340522766113,3.240607500076294,0.3100295066833496,0,-1,1,434,1.0,2.0,434,0.688345193862915,0,0.0,0,0.0,0,8.668661117553711,0,5
SH,Mamba,137,1981,148,148,14.8,0.2870706617832184,0.3411862254142761,1.6916284561157227,2.0418896675109863,0.39863914251327515,0,-1,1,80,0.5405405405405406,2.0,148,1.6900358200073242,0,0.0,0,0.0,0,10.649863243103027,0,5
SH,Mamba,137,1982,152,152,15.200000000000001,0.3478114604949951,0.4047565460205078,1.5041553974151611,1.66851007938385,0.32514074444770813,0,-1,1,143,0.9407894736842105,2.0,152,1.1354682445526123,0,0.0,0,0.0,0,2.8313019275665283,0,5
SH,Mamba,137,1983,213,213,21.3,0.2884901463985443,0.3248099386692047,6.151423454284668,7.997192859649658,1.396335482597351,0,-1,0,0,0.0,2.0,213,4.084789276123047,0,0.0,0,0.0,0,39.53352355957031,2,7
SH,Mamba,137,1984,447,447,44.7,0.11386532336473465,0.15432584285736084,5.195032119750977,5.546103000640869,0.27502548694610596,0,-1,1,447,1.0,2.0,447,0.992725133895874,0,0.0,0,0.0,0,17.261573791503906,1,6
SH,Mamba,137,1985,176,176,17.6,0.14945131540298462,0.17749108374118805,6.401565074920654,8.201045036315918,0.8917529582977295,0,-1,0,0,0.0,2.0,176,2.697620153427124,0,0.0,0,0.0,0,46.100120544433594,2,7
SH,Mamba,137,1986,1203,1203,120.30000000000001,0.20597097277641296,0.28193479776382446,1.7118735313415527,2.050673484802246,0.28435394167900085,0,-1,1,1203,1.0,2.0,1203,0.1214580312371254,0,0.0,0,0.0,0,0.06457014381885529,0,5
SH,Mamba,137,1987,133,133,13.3,0.1599666029214859,0.22251075506210327,0.6836312413215637,0.7608745098114014,0.21306560933589935,0,-1,0,0,0.0,2.0,133,3.68619966506958,0,0.0,0,0.0,0,4.048646926879883,1,6
SH,Mamba,137,1988,214,214,21.400000000000002,0.16589140892028809,0.20937161147594452,5.525453567504883,6.959331512451172,0.6503284573554993,0,-1,1,45,0.2102803738317757,2.0,214,1.4588143825531006,0,0.0,0,0.0,0,32.80588912963867,2,7
SH,Mamba,137,1989,426,426,42.6,0.19940991699695587,0.24548253417015076,8.3712158203125,10.86614990234375,0.5766417980194092,0,-1,1,426,1.0,2.0,426,1.1896201372146606,0,0.0,0,0.0,0,10.20847225189209,2,7
SH,Mamba,137,1990,171,171,17.1,0.2406756728887558,0.3298420011997223,2.202894687652588,2.503309965133667,0.3942405879497528,0,-1,1,94,0.5497076023391813,2.0,171,1.7068827152252197,0,0.0,0,0.0,0,7.539924621582031,0,5
SH,Mamba,137,1991,403,403,40.300000000000004,0.28744015097618103,0.3373737931251526,10.567547798156738,11.719392776489258,0.7990797758102417,0,-1,0,0,0.0,2.0,403,2.013817548751831,0,0.0,0,0.0,0,23.475435256958008,1,6
SH,Mamba,137,1992,306,306,30.6,0.3621812164783478,0.4330810606479645,5.958835601806641,7.5560383796691895,1.092687964439392,0,-1,1,110,0.35947712418300654,2.0,306,1.6813734769821167,0,0.0,0,0.0,0,2.480945587158203,1,6
SH,Mamba,137,1993,285,285,28.5,0.46962809562683105,0.6131752133369446,2.4231348037719727,3.1835319995880127,0.6529074907302856,0,-1,1,14,0.04912280701754386,2.0,285,1.9414337873458862,0,0.0,0,0.0,0,8.440196990966797,2,7
SH,Mamba,137,1994,347,347,34.7,0.21536782383918762,0.27842530608177185,7.963894844055176,9.115697860717773,0.5281031131744385,0,-1,1,137,0.39481268011527376,2.0,347,1.509337306022644,0,0.0,0,0.0,0,26.753307342529297,0,5
SH,Mamba,137,1995,207,207,20.700000000000003,0.21218493580818176,0.3123471438884735,0.683405876159668,0.8530781865119934,0.2564113140106201,0,-1,1,207,1.0,2.0,207,0.0386025533080101,0,0.0,0,0.0,0,0.04052921384572983,0,5
SH,Mamba,137,1996,279,279,27.900000000000002,0.16255226731300354,0.19664472341537476,13.304369926452637,15.985045433044434,0.9596723914146423,0,-1,0,0,0.0,2.0,279,2.0943899154663086,0,0.0,0,0.0,0,35.86813735961914,0,5
SH,Mamba,137,1997,309,309,30.900000000000002,0.30280163884162903,0.38027223944664,1.402868390083313,2.0140113830566406,0.5485385060310364,0,-1,1,309,1.0,2.0,309,0.8174816966056824,0,0.0,0,0.0,0,8.638941764831543,2,7
SH,Mamba,137,1998,146,146,14.600000000000001,0.30875635147094727,0.4038220942020416,0.9732199907302856,1.1254911422729492,0.26160258054733276,0,-1,0,0,0.0,2.0,146,3.016087293624878,0,0.0,0,0.0,0,3.7859156131744385,1,6
SH,Mamba,137,1999,202,202,20.200000000000003,0.42866936326026917,0.5499598979949951,2.5849175453186035,3.554766893386841,0.6807299256324768,0,-1,1,157,0.7772277227722773,2.0,202,0.9231860637664795,0,0.0,0,0.0,0,0.659523606300354,0,5
SH,Mamba,137,2000,1000,1000,100.0,0.29065415263175964,0.3762058615684509,1.7060564756393433,2.210193634033203,0.3941972851753235,0,-1,1,994,0.994,2.0,1000,0.7454710602760315,0,0.0,0,0.0,0,0.4820408225059509,2,7
SH,Mamba,137,2001,937,937,93.7,0.22840623557567596,0.2915978729724884,1.727552056312561,2.3086295127868652,0.32577621936798096,0,-1,1,429,0.4578441835645678,2.0,937,0.45423901081085205,0,0.0,0,0.0,0,0.21050521731376648,0,5
SH,Mamba,137,2002,464,464,46.400000000000006,0.2110973596572876,0.2691054940223694,6.4011335372924805,7.131779670715332,0.672572672367096,1,387,1,387,0.834051724137931,2.0,387,0.0,0,0.0,0,0.0,0,0.0,2,7
SH,Mamba,137,2003,608,608,60.800000000000004,0.2814202308654785,0.3511119484901428,3.890582323074341,4.186612129211426,0.31074419617652893,1,585,1,570,0.9375,2.0,585,0.0,0,0.0,0,0.0,0,0.0,0,5
SH,Mamba,137,2004,241,241,24.1,0.15675218403339386,0.20241041481494904,10.294623374938965,12.376198768615723,0.8373159766197205,0,-1,1,241,1.0,2.0,241,1.2256978750228882,0,0.0,0,0.0,0,19.96554946899414,0,5
SH,Mamba,137,2005,298,298,29.8,0.3383311331272125,0.5248011946678162,1.338261365890503,1.5064340829849243,0.38198769092559814,0,-1,1,298,1.0,2.0,298,1.1160337924957275,0,0.0,0,0.0,0,5.234457492828369,1,6
SH,Mamba,137,2006,155,155,15.5,0.17407971620559692,0.19626979529857635,0.8893488645553589,1.3485422134399414,0.307716429233551,0,-1,0,0,0.0,2.0,155,2.1495494842529297,0,0.0,0,0.0,0,31.81427574157715,0,5
SH,Mamba,137,2007,214,214,21.400000000000002,0.30131232738494873,0.396526038646698,1.2886934280395508,1.4530630111694336,0.33085671067237854,0,-1,1,214,1.0,2.0,214,0.9958534836769104,0,0.0,0,0.0,0,8.366930961608887,0,5
SH,Mamba,137,2008,163,163,16.3,0.09775128215551376,0.12127206474542618,1.0341557264328003,1.1932923793792725,0.12661057710647583,0,-1,0,0,0.0,2.0,163,5.557356357574463,0,0.0,0,0.0,0,21.055768966674805,0,5
SH,Mamba,137,2009,186,186,18.6,0.5850008130073547,0.7034298777580261,8.517163276672363,11.388071060180664,1.313949465751648,0,-1,1,137,0.7365591397849462,2.0,186,1.428636074066162,0,0.0,0,0.0,0,7.974431037902832,0,5
SH,Mamba,137,2010,233,233,23.3,0.4289805591106415,0.4848839342594147,6.671821594238281,7.619141101837158,0.8927157521247864,0,-1,0,0,0.0,2.0,233,2.054957866668701,0,0.0,0,0.0,0,30.00016212463379,0,5
SH,Mamba,137,2011,320,320,32.0,0.3454355001449585,0.43275532126426697,6.232202529907227,8.413850784301758,0.7383314967155457,0,-1,1,320,1.0,2.0,320,1.299356460571289,0,0.0,0,0.0,0,4.4317498207092285,2,7
SH,Mamba,137,2012,210,210,21.0,0.22713059186935425,0.30252426862716675,2.5676016807556152,2.8586981296539307,0.3395974934101105,0,-1,1,39,0.18571428571428572,2.0,210,1.8284034729003906,0,0.0,0,0.0,0,7.237996578216553,2,7
SH,Mamba,137,2013,226,226,22.6,0.2492058277130127,0.3261827826499939,3.6405880451202393,4.092423439025879,0.4825092554092407,0,-1,0,0,0.0,2.0,226,3.1049368381500244,0,0.0,0,0.0,0,7.238662242889404,1,6
SH,Mamba,137,2014,583,583,58.300000000000004,0.44214800000190735,0.6750916838645935,5.704240798950195,6.874164581298828,1.127253770828247,0,-1,1,583,1.0,2.0,583,0.4576425850391388,0,0.0,0,0.0,0,7.601522922515869,1,6
SH,Mamba,137,2015,236,236,23.6,0.17003591358661652,0.21118001639842987,1.8688479661941528,3.042607069015503,0.3851020336151123,0,-1,1,203,0.8601694915254238,2.0,236,1.1652040481567383,0,0.0,0,0.0,0,22.210918426513672,0,5
SH,Mamba,137,2016,413,413,41.300000000000004,0.12122205644845963,0.14550840854644775,20.5988826751709,24.1336612701416,1.0433982610702515,0,-1,1,413,1.0,2.0,413,0.8688616752624512,0,0.0,0,0.0,0,18.018810272216797,2,7
SH,Mamba,137,2017,530,530,53.0,0.4111146926879883,0.549106240272522,4.007227897644043,4.295254230499268,0.6668953895568848,0,-1,1,357,0.6735849056603773,2.0,530,0.2902398109436035,0,0.0,0,0.0,0,0.13015328347682953,2,7
SH,Mamba,137,2018,295,295,29.5,0.22466710209846497,0.3059616982936859,4.63204288482666,5.374691963195801,0.45358502864837646,0,-1,1,295,1.0,2.0,295,0.8557056784629822,0,0.0,0,0.0,0,11.673219680786133,1,6
SH,Mamba,137,2019,297,297,29.700000000000003,0.33083370327949524,0.4133647084236145,3.4281318187713623,4.359261989593506,0.5199637413024902,0,-1,1,26,0.08754208754208755,2.0,297,1.9047431945800781,0,0.0,0,0.0,0,6.243200302124023,2,7
SH,Mamba,137,2020,353,353,35.300000000000004,0.37409165501594543,0.4545794725418091,3.5079421997070312,3.8584258556365967,0.4596005976200104,1,337,1,337,0.9546742209631728,2.0,337,0.0,0,0.0,0,0.0,0,0.0,2,7
SH,Mamba,137,2021,151,151,15.100000000000001,0.12637513875961304,0.1622914969921112,2.9185476303100586,3.597644567489624,0.3891310393810272,0,-1,1,73,0.48344370860927155,2.0,151,1.4512988328933716,0,0.0,0,0.0,0,26.653255462646484,0,5
SH,Mamba,137,2022,332,332,33.2,0.3019884526729584,0.4291941225528717,3.8199963569641113,5.108754634857178,0.7437502145767212,0,-1,1,332,1.0,2.0,332,0.3153267204761505,0,0.0,0,0.0,0,1.541657567024231,1,6
SH,Mamba,137,2023,141,141,14.100000000000001,0.22626379132270813,0.29555460810661316,0.54796302318573,0.6138478517532349,0.25889286398887634,0,-1,0,0,0.0,2.0,141,2.391822099685669,0,0.0,0,0.0,0,22.8377685546875,1,6
SH,Mamba,137,2024,1172,1172,117.2,0.252988338470459,0.3200916349887848,5.578449249267578,7.886627197265625,0.5271785855293274,0,-1,1,1172,1.0,2.0,1172,0.7439319491386414,0,0.0,0,0.0,0,7.441540241241455,1,6
SH,Mamba,137,2025,1176,1176,117.60000000000001,0.33698368072509766,0.4436395466327667,5.660295486450195,6.75443172454834,0.49814558029174805,0,-1,1,1176,1.0,2.0,1176,0.9790301322937012,0,0.0,0,0.0,0,6.916549205780029,0,5
SH,Mamba,137,2026,357,357,35.7,0.30723294615745544,0.364298552274704,5.193817615509033,6.1325788497924805,0.5994517803192139,0,-1,1,316,0.8851540616246498,2.0,357,1.4038341045379639,0,0.0,0,0.0,0,6.525025844573975,1,6
SH,Mamba,137,2027,287,287,28.700000000000003,0.32755059003829956,0.3997735381126404,4.419848918914795,4.945572853088379,0.5286411046981812,0,-1,0,0,0.0,2.0,287,2.303852081298828,0,0.0,0,0.0,0,12.27697467803955,2,7
SH,Mamba,137,2028,160,160,16.0,0.19568286836147308,0.241423562169075,10.558988571166992,13.135042190551758,1.567673921585083,0,-1,1,160,1.0,2.0,160,0.7596114873886108,0,0.0,0,0.0,0,12.30331039428711,2,7
SH,Mamba,137,2029,151,151,15.100000000000001,0.4463091194629669,0.605705976486206,1.0157397985458374,1.2105735540390015,0.5490182042121887,0,-1,0,0,0.0,2.0,151,3.2749385833740234,0,0.0,0,0.0,0,7.712839603424072,1,6
SH,Mamba,137,2030,211,211,21.1,0.24218283593654633,0.3412952721118927,2.6352999210357666,3.1596343517303467,0.479952871799469,0,-1,0,0,0.0,2.0,211,2.4240946769714355,0,0.0,0,0.0,0,1.4155240058898926,1,6
SH,Mamba,137,2031,334,334,33.4,0.30551865696907043,0.40591806173324585,2.4953112602233887,3.1364645957946777,0.6509674191474915,0,-1,1,334,1.0,2.0,334,0.9012386202812195,0,0.0,0,0.0,0,2.5604488849639893,0,5
SH,Mamba,137,2032,600,600,60.0,0.17467054724693298,0.2519029378890991,10.542778015136719,12.031655311584473,0.8821873068809509,0,-1,1,332,0.5533333333333333,2.0,600,0.9171626567840576,0,0.0,0,0.0,0,19.595783233642578,2,7
SH,Mamba,137,2033,398,398,39.800000000000004,0.3355638384819031,0.441905677318573,10.481287002563477,12.283164978027344,0.8030950427055359,0,-1,1,398,1.0,2.0,398,0.7958899140357971,0,0.0,0,0.0,0,7.097517013549805,2,7
SH,Mamba,137,2034,274,274,27.400000000000002,0.2609381675720215,0.3198854923248291,2.7297701835632324,3.107090950012207,0.3546469509601593,0,-1,1,274,1.0,2.0,274,1.1595779657363892,0,0.0,0,0.0,0,3.4362919330596924,2,7
SH,Mamba,137,2035,188,188,18.8,0.25118488073349,0.36604055762290955,4.772903919219971,5.566644668579102,0.7830994129180908,0,-1,1,188,1.0,2.0,188,0.3806746006011963,0,0.0,0,0.0,0,6.571132183074951,2,7
SH,Mamba,137,2036,353,353,35.300000000000004,0.4094700813293457,0.5090481638908386,2.7721917629241943,3.080862522125244,0.6416150331497192,0,-1,1,344,0.9745042492917847,2.0,353,1.1980258226394653,0,0.0,0,0.0,0,0.6984366774559021,0,5
SH,Mamba,137,2037,1679,1679,167.9,0.21866807341575623,0.30677175521850586,1.6866191625595093,2.1204681396484375,0.2824409008026123,1,1677,1,1147,0.6831447290053604,2.0,1677,0.0,0,0.0,0,0.0,0,0.0,2,7
SH,Mamba,137,2038,585,585,58.5,0.20952090620994568,0.30456772446632385,2.509814977645874,3.001725912094116,0.4071827530860901,0,-1,1,171,0.2923076923076923,2.0,585,1.6391059160232544,0,0.0,0,0.0,0,0.7949641942977905,1,6
SH,Mamba,137,2039,184,184,18.400000000000002,0.2671343684196472,0.36906394362449646,2.808915853500366,3.3060731887817383,0.4748295545578003,0,-1,1,184,1.0,2.0,184,0.8675339221954346,0,0.0,0,0.0,0,18.78677749633789,0,5
SH,Mamba,137,2040,171,171,17.1,0.2343389242887497,0.28602471947669983,2.1387484073638916,2.6521270275115967,0.34782928228378296,0,-1,0,0,0.0,2.0,171,3.0363454818725586,0,0.0,0,0.0,0,10.872185707092285,1,6
SH,Mamba,137,2041,174,174,17.400000000000002,0.3057589530944824,0.421851247549057,0.7539114356040955,1.0258437395095825,0.3970305025577545,0,-1,1,174,1.0,2.0,174,0.7422195076942444,0,0.0,0,0.0,0,4.353755950927734,2,7
SH,Mamba,137,2042,265,265,26.5,0.12504252791404724,0.16916365921497345,3.151923179626465,4.173416614532471,0.30912071466445923,0,-1,0,0,0.0,2.0,265,2.052056074142456,0,0.0,0,0.0,0,11.928035736083984,2,7
SH,Mamba,137,2043,325,325,32.5,0.30808892846107483,0.4169808626174927,2.344667911529541,2.846365451812744,0.49550148844718933,0,-1,1,116,0.3569230769230769,2.0,325,1.6769157648086548,0,0.0,0,0.0,0,8.43801212310791,2,7
SH,Mamba,137,2044,242,242,24.200000000000003,0.5072782635688782,0.593102216720581,7.263861656188965,11.26138973236084,2.100822925567627,0,-1,0,0,0.0,2.0,242,2.0662975311279297,0,0.0,0,0.0,0,8.920838356018066,0,5
SH,Mamba,137,2045,313,313,31.3,0.32925158739089966,0.433693528175354,3.2482690811157227,4.269323348999023,0.6258572340011597,0,-1,1,242,0.7731629392971247,2.0,313,1.4889768362045288,0,0.0,0,0.0,0,3.5408568382263184,0,5
SH,Mamba,137,2046,234,234,23.400000000000002,0.3421339690685272,0.5197839140892029,0.4922927916049957,0.5969708561897278,0.311951220035553,0,-1,1,116,0.49572649572649574,2.0,234,1.3329436779022217,0,0.0,0,0.0,0,2.188328504562378,0,5
SH,Mamba,137,2047,165,165,16.5,0.2831172049045563,0.3241995871067047,3.451376438140869,3.8703532218933105,0.5371652245521545,0,-1,0,0,0.0,2.0,165,2.802028179168701,0,0.0,0,0.0,0,14.69879150390625,0,5
SH,Mamba,137,2048,392,392,39.2,0.2830624580383301,0.3715592622756958,0.8967152833938599,1.0704745054244995,0.2672950029373169,0,-1,1,392,1.0,2.0,392,0.019435182213783264,0,0.0,0,0.0,0,0.02495100535452366,1,6
SH,Mamba,137,2049,141,141,14.100000000000001,0.5280351042747498,0.6174835562705994,0.6804751753807068,0.7846285700798035,0.41300925612449646,0,-1,1,141,1.0,2.0,141,0.8648186922073364,0,0.0,0,0.0,0,10.384697914123535,2,7
SH,Mamba,137,2050,271,271,27.1,0.20590092241764069,0.2593201696872711,2.6544196605682373,3.394568920135498,0.32017266750335693,0,-1,1,271,1.0,2.0,271,0.7261127233505249,0,0.0,0,0.0,0,11.59579849243164,1,6
SH,Mamba,137,2051,365,365,36.5,0.3328059911727905,0.4165651500225067,1.6583824157714844,1.8803972005844116,0.3591040074825287,0,-1,1,365,1.0,2.0,365,1.130076289176941,0,0.0,0,0.0,0,3.6207242012023926,1,6
SH,Mamba,137,2052,296,296,29.6,0.19551151990890503,0.24120113253593445,2.461951494216919,2.9496288299560547,0.42237892746925354,0,-1,1,296,1.0,2.0,296,0.7603976726531982,0,0.0,0,0.0,0,13.819515228271484,2,7
SH,Mamba,137,2053,149,149,14.9,0.2168554961681366,0.26645517349243164,5.729796886444092,6.8684492111206055,0.7688770890235901,0,-1,0,0,0.0,2.0,149,2.096870183944702,0,0.0,0,0.0,0,46.87841796875,1,6
SH,Mamba,137,2054,133,133,13.3,0.1618340164422989,0.18967679142951965,0.9207330346107483,1.049784541130066,0.19375284016132355,0,-1,1,6,0.045112781954887216,2.0,133,1.9812272787094116,0,0.0,0,0.0,0,18.73933982849121,2,7
SH,Mamba,137,2055,192,192,19.200000000000003,0.18416738510131836,0.2680755853652954,0.6758224368095398,0.7433373928070068,0.1345142275094986,0,-1,1,94,0.4895833333333333,2.0,192,1.31297767162323,0,0.0,0,0.0,0,1.1228857040405273,1,6
SH,Mamba,137,2056,856,856,85.60000000000001,0.1874898374080658,0.24461038410663605,9.930209159851074,12.627944946289062,0.7794907689094543,0,-1,1,779,0.9100467289719626,2.0,856,1.374145269393921,0,0.0,0,0.0,0,27.44891357421875,2,7
SH,Mamba,137,2057,319,319,31.900000000000002,0.6765072345733643,0.9053547382354736,6.6169962882995605,7.366056442260742,2.2721359729766846,1,114,1,114,0.3573667711598746,2.0,114,0.0,0,0.0,0,0.0,0,0.0,1,6
SH,Mamba,137,2058,150,150,15.0,0.2643495798110962,0.32072633504867554,3.539944648742676,4.2403974533081055,0.39608222246170044,0,-1,1,150,1.0,2.0,150,1.632906198501587,0,0.0,0,0.0,0,11.258905410766602,0,5
SH,Mamba,137,2059,191,191,19.1,0.27495041489601135,0.35095667839050293,1.8792212009429932,2.101961135864258,0.33774104714393616,0,-1,1,128,0.6701570680628273,2.0,191,1.767909049987793,0,0.0,0,0.0,0,8.852245330810547,2,7
SH,Mamba,137,2060,222,222,22.200000000000003,0.3010435998439789,0.3910244405269623,4.230784893035889,5.610729217529297,0.6448104977607727,0,-1,1,219,0.9864864864864865,2.0,222,0.9558001160621643,0,0.0,0,0.0,0,12.443684577941895,0,5
SH,Mamba,137,2061,477,477,47.7,0.27991098165512085,0.36493468284606934,2.4571640491485596,2.7342612743377686,0.38679039478302,0,-1,1,477,1.0,2.0,477,0.9313693046569824,0,0.0,0,0.0,0,0.2212897390127182,1,6
SH,Mamba,137,2062,174,174,17.400000000000002,0.1008608266711235,0.1260470300912857,0.9958780407905579,1.5588791370391846,0.20816724002361298,0,-1,0,0,0.0,2.0,174,2.465545654296875,0,0.0,0,0.0,0,47.938785552978516,0,5
SH,Mamba,137,2063,209,209,20.900000000000002,0.20893386006355286,0.25600695610046387,5.004673004150391,5.633783340454102,0.49067866802215576,0,-1,1,209,1.0,2.0,209,1.2132295370101929,0,0.0,0,0.0,0,17.963254928588867,0,5
SH,Mamba,137,2064,933,933,93.30000000000001,0.23950980603694916,0.29149743914604187,2.145622730255127,2.968120574951172,0.3803957998752594,0,-1,1,928,0.9946409431939979,2.0,933,1.0811820030212402,0,0.0,0,0.0,0,4.813070297241211,0,5
SH,Mamba,137,2065,153,153,15.3,0.226301908493042,0.2731628119945526,2.0401692390441895,2.4569931030273438,0.41746991872787476,0,-1,0,0,0.0,2.0,153,3.097046136856079,0,0.0,0,0.0,0,5.1616435050964355,1,6
SH,Mamba,137,2066,138,138,13.8,0.2800123989582062,0.36228734254837036,5.262792587280273,7.2239089012146,1.040996789932251,0,-1,1,132,0.9565217391304348,2.0,138,1.5059181451797485,0,0.0,0,0.0,0,7.755717754364014,1,6
SH,Mamba,137,2067,151,151,15.100000000000001,0.3012799918651581,0.44821563363075256,2.8866710662841797,4.235029220581055,0.6954891085624695,0,-1,1,75,0.4966887417218543,2.0,151,1.8325260877609253,0,0.0,0,0.0,0,5.321038246154785,2,7
SH,Mamba,137,2068,133,133,13.3,0.38576140999794006,0.4649428129196167,2.3536038398742676,3.0512938499450684,0.5588786602020264,0,-1,1,95,0.7142857142857143,2.0,133,1.5593541860580444,0,0.0,0,0.0,0,3.83577299118042,0,5
SH,Mamba,137,2069,179,179,17.900000000000002,0.21513181924819946,0.25695037841796875,4.845608711242676,6.692250728607178,0.8046189546585083,0,-1,1,179,1.0,2.0,179,1.2256993055343628,0,0.0,0,0.0,0,28.408479690551758,1,6
SH,Mamba,137,2070,157,157,15.700000000000001,0.2543536126613617,0.34013786911964417,0.8902407288551331,1.0927915573120117,0.36485257744789124,0,-1,1,134,0.8535031847133758,2.0,157,0.47324201464653015,0,0.0,0,0.0,0,10.109354019165039,1,6
SH,Mamba,137,2071,338,338,33.800000000000004,0.12676964700222015,0.1591602861881256,9.215574264526367,13.274393081665039,0.9252707362174988,0,-1,0,0,0.0,2.0,338,2.2456281185150146,0,0.0,0,0.0,0,46.023597717285156,1,6
SH,Mamba,137,2072,496,496,49.6,0.2927941083908081,0.36178961396217346,2.3344430923461914,3.608891248703003,0.6696112155914307,0,-1,1,496,1.0,2.0,496,1.0907443761825562,0,0.0,0,0.0,0,3.4932620525360107,1,6
SH,Mamba,137,2073,297,297,29.700000000000003,0.26393377780914307,0.3304903507232666,1.564421534538269,1.9049402475357056,0.5193609595298767,0,-1,1,297,1.0,2.0,297,1.5064386129379272,0,0.0,0,0.0,0,12.528543472290039,0,5
SH,Mamba,137,2074,482,482,48.2,0.3789759576320648,0.49826472997665405,2.5382213592529297,2.9746811389923096,0.4622749984264374,0,-1,1,482,1.0,2.0,482,0.769951343536377,0,0.0,0,0.0,0,1.0340567827224731,1,6
SH,Mamba,137,2075,472,472,47.2,0.18275697529315948,0.2289927452802658,2.6099205017089844,4.631825923919678,0.3860061764717102,0,-1,1,463,0.9809322033898306,2.0,472,0.8990679383277893,0,0.0,0,0.0,0,26.11307716369629,1,6
SH,Mamba,137,2076,199,199,19.900000000000002,0.07619524002075195,0.0942639708518982,2.7327303886413574,3.810586929321289,0.4134480059146881,0,-1,1,11,0.05527638190954774,2.0,199,1.886358618736267,0,0.0,0,0.0,0,45.4499397277832,0,5
SH,Mamba,137,2077,432,432,43.2,0.2265997976064682,0.28335610032081604,4.8261799812316895,6.052001953125,0.6750732660293579,0,-1,1,112,0.25925925925925924,2.0,432,1.9800387620925903,0,0.0,0,0.0,0,9.12330150604248,0,5
SH,Mamba,137,2078,233,233,23.3,0.26502683758735657,0.32898449897766113,3.943126916885376,4.459376811981201,0.5777446031570435,0,-1,1,21,0.09012875536480687,2.0,233,1.9732145071029663,0,0.0,0,0.0,0,10.40735912322998,1,6
SH,Mamba,137,2079,183,183,18.3,0.39603671431541443,0.4632517397403717,6.285181522369385,7.450459003448486,0.8255402445793152,0,-1,1,183,1.0,2.0,183,1.3370801210403442,0,0.0,0,0.0,0,5.537161350250244,1,6
SH,Mamba,137,2080,387,387,38.7,0.21666713058948517,0.271308571100235,1.636841893196106,2.32466983795166,0.3893284797668457,0,-1,1,240,0.6201550387596899,2.0,387,1.6227548122406006,0,0.0,0,0.0,0,6.2564897537231445,2,7
SH,Mamba,137,2081,189,189,18.900000000000002,0.17613115906715393,0.24844622611999512,2.370598077774048,2.9074018001556396,0.25852030515670776,0,-1,1,15,0.07936507936507936,2.0,189,1.9155446290969849,0,0.0,0,0.0,0,33.764404296875,1,6
SH,Mamba,137,2082,151,151,15.100000000000001,0.31015023589134216,0.3767755329608917,11.960368156433105,14.0010347366333,1.347273349761963,0,-1,1,151,1.0,2.0,151,1.4370253086090088,0,0.0,0,0.0,0,8.580796241760254,0,5
SH,Mamba,137,2083,303,303,30.3,0.44149619340896606,0.5841737985610962,1.5633574724197388,1.8306037187576294,0.6858047842979431,0,-1,1,201,0.6633663366336634,2.0,303,1.0131429433822632,0,0.0,0,0.0,0,0.7701008915901184,2,7
SH,Mamba,137,2084,147,147,14.700000000000001,0.2658935487270355,0.3063790798187256,7.097729206085205,9.710004806518555,1.3093109130859375,0,-1,0,0,0.0,2.0,147,2.589967966079712,0,0.0,0,0.0,0,30.89592933654785,0,5
SH,Mamba,137,2085,1406,1406,140.6,0.3215058743953705,0.4380926191806793,1.4231384992599487,1.6899300813674927,0.352218359708786,0,-1,1,1406,1.0,2.0,1406,0.9008811116218567,0,0.0,0,0.0,0,0.8591578006744385,0,5
SH,Mamba,137,2086,144,144,14.4,0.20699983835220337,0.27701327204704285,1.168864369392395,1.22501540184021,0.14704962074756622,0,-1,0,0,0.0,2.0,144,2.5038816928863525,0,0.0,0,0.0,0,3.162339448928833,1,6
SH,Mamba,137,2087,145,145,14.5,0.27229800820350647,0.32376083731651306,5.161975860595703,6.32305908203125,0.7932324409484863,0,-1,0,0,0.0,2.0,145,2.17997670173645,0,0.0,0,0.0,0,24.001380920410156,2,7
SH,Mamba,137,2088,516,516,51.6,0.2302313894033432,0.2750108540058136,8.172182083129883,9.370563507080078,0.5561702251434326,0,-1,1,433,0.8391472868217055,2.0,516,1.3537534475326538,0,0.0,0,0.0,0,16.695079803466797,0,5
SH,Mamba,137,2089,137,137,13.700000000000001,0.14180201292037964,0.19939301908016205,0.8670623898506165,1.307632327079773,0.41528910398483276,0,-1,0,0,0.0,2.0,137,2.203781843185425,0,0.0,0,0.0,0,54.04096984863281,2,7
SH,Mamba,137,2090,258,258,25.8,0.28293904662132263,0.38043805956840515,0.9860761761665344,1.266998291015625,0.36767616868019104,0,-1,1,207,0.8023255813953488,2.0,258,1.5638585090637207,0,0.0,0,0.0,0,6.754164218902588,0,5
SH,Mamba,137,2091,218,218,21.8,0.2605434060096741,0.3243679702281952,6.11691951751709,6.7383527755737305,0.7547160387039185,0,-1,0,0,0.0,2.0,218,2.896805763244629,0,0.0,0,0.0,0,14.723455429077148,1,6
SH,Mamba,137,2092,221,221,22.1,0.24645638465881348,0.3055919110774994,1.0076274871826172,1.8310378789901733,0.538526177406311,0,-1,1,221,1.0,2.0,221,0.5190523862838745,0,0.0,0,0.0,0,9.265490531921387,1,6
SH,Mamba,137,2093,228,228,22.8,0.24265848100185394,0.3396179974079132,2.3298332691192627,2.574122905731201,0.34274518489837646,1,186,1,186,0.8157894736842105,2.0,186,0.0,0,0.0,0,0.0,0,0.0,2,7
SH,Mamba,137,2094,181,181,18.1,0.38144341111183167,0.45676636695861816,3.532424211502075,4.053292274475098,0.8633314967155457,0,-1,1,181,1.0,2.0,181,1.2095493078231812,0,0.0,0,0.0,0,9.85902214050293,2,7
SH,Mamba,137,2095,159,159,15.9,0.22746087610721588,0.2765357494354248,4.998053073883057,6.839136123657227,0.9018218517303467,0,-1,0,0,0.0,2.0,159,2.967060089111328,0,0.0,0,0.0,0,56.68878936767578,1,6
SH,Mamba,137,2096,775,775,77.5,0.3552137017250061,0.5065162777900696,4.931941032409668,5.960150718688965,2.625432014465332,1,423,1,423,0.5458064516129032,2.0,423,0.0,0,0.0,0,0.0,0,0.0,0,5
SH,Mamba,137,2097,921,921,92.10000000000001,0.22392328083515167,0.2865638732910156,1.3271783590316772,1.9138519763946533,0.30874571204185486,0,-1,1,921,1.0,2.0,921,0.8215612769126892,0,0.0,0,0.0,0,4.045019626617432,0,5
SH,Mamba,137,2098,155,155,15.5,0.3027324676513672,0.40635648369789124,3.596276044845581,4.278672695159912,0.5086025595664978,0,-1,0,0,0.0,2.0,155,2.6479039192199707,0,0.0,0,0.0,0,10.462292671203613,1,6
SH,Mamba,137,2099,292,292,29.200000000000003,0.30098140239715576,0.41657349467277527,2.8202924728393555,4.01384162902832,0.5131911039352417,0,-1,0,0,0.0,2.0,292,2.2357754707336426,0,0.0,0,0.0,0,5.750485420227051,0,5
SH,Mamba,137,2100,201,201,20.1,1.0260690450668335,1.303932785987854,11.551495552062988,13.515643119812012,2.532120943069458,0,-1,1,57,0.2835820895522388,2.0,201,1.7162964344024658,0,0.0,0,0.0,0,4.123860836029053,2,7
SH,Mamba,137,2101,132,132,13.200000000000001,0.20590172708034515,0.25576090812683105,1.814534068107605,1.9717681407928467,0.24888873100280762,0,-1,1,132,1.0,2.0,132,1.4149011373519897,0,0.0,0,0.0,0,9.882843017578125,0,5
SH,Mamba,137,2102,1109,1109,110.9,0.20320674777030945,0.27065208554267883,2.249282121658325,2.456437110900879,0.2769533097743988,1,1093,1,1081,0.9747520288548241,2.0,1093,0.0,0,0.0,0,0.0,0,0.0,0,5
SH,Mamba,137,2103,132,132,13.200000000000001,0.16719359159469604,0.2033051699399948,5.222149848937988,7.048421859741211,1.1378116607666016,0,-1,0,0,0.0,2.0,132,2.286181926727295,0,0.0,0,0.0,0,41.42634963989258,1,6
SH,Mamba,137,2104,1122,1122,112.2,0.2169257253408432,0.29086533188819885,0.8210670351982117,1.033578634262085,0.28302013874053955,0,-1,1,997,0.8885918003565062,2.0,1122,0.4305804967880249,0,0.0,0,0.0,0,0.4084535539150238,0,5
SH,Mamba,137,2105,150,150,15.0,0.1715659648180008,0.2031281292438507,7.063433647155762,9.238216400146484,1.3055334091186523,0,-1,0,0,0.0,2.0,150,9.368465423583984,0,0.0,0,0.0,0,134.6426544189453,1,6
SH,Mamba,137,2106,185,185,18.5,0.15826629102230072,0.19773739576339722,1.0993225574493408,1.592582106590271,0.46005570888519287,0,-1,0,0,0.0,2.0,185,4.211256980895996,0,0.0,0,0.0,0,86.07101440429688,0,5
SH,Mamba,137,2107,297,297,29.700000000000003,0.32403507828712463,0.41889262199401855,2.228273391723633,3.1045427322387695,0.6713324785232544,0,-1,1,199,0.67003367003367,2.0,297,1.1664127111434937,0,0.0,0,0.0,0,29.08250617980957,1,6
SH,Mamba,137,2108,233,233,23.3,0.19374024868011475,0.22120335698127747,12.565510749816895,15.905253410339355,1.4587002992630005,0,-1,0,0,0.0,2.0,233,2.4920506477355957,0,0.0,0,0.0,0,46.593589782714844,2,7
SH,Mamba,137,2109,143,143,14.3,0.4081884026527405,0.5058758854866028,1.3441121578216553,1.8385987281799316,0.743344247341156,0,-1,1,84,0.5874125874125874,2.0,143,1.284319281578064,0,0.0,0,0.0,0,12.630136489868164,0,5
SH,Mamba,137,2110,182,182,18.2,0.11347205936908722,0.15320725739002228,1.2236928939819336,1.9749364852905273,0.3695976436138153,0,-1,1,182,1.0,2.0,182,1.3205827474594116,0,0.0,0,0.0,0,24.720592498779297,2,7
SH,Mamba,137,2111,136,136,13.600000000000001,0.31655168533325195,0.39610448479652405,2.2828006744384766,2.9871301651000977,0.5838019251823425,0,-1,0,0,0.0,2.0,136,2.0831005573272705,0,0.0,0,0.0,0,18.3448543548584,0,5
SH,Mamba,137,2112,163,163,16.3,0.20265723764896393,0.26770880818367004,2.5561699867248535,2.8696823120117188,0.37332627177238464,0,-1,1,69,0.4233128834355828,2.0,163,1.3826298713684082,0,0.0,0,0.0,0,1.6374332904815674,1,6
SH,Mamba,137,2113,156,156,15.600000000000001,0.236764058470726,0.2975284159183502,1.0700223445892334,1.2649949789047241,0.40037453174591064,0,-1,1,156,1.0,2.0,156,1.0883888006210327,0,0.0,0,0.0,0,12.273907661437988,2,7
SH,Mamba,137,2114,291,291,29.1,0.3106684386730194,0.3906628489494324,4.008492469787598,4.973517417907715,0.894558310508728,0,-1,1,291,1.0,2.0,291,0.9025181531906128,0,0.0,0,0.0,0,4.4742584228515625,0,5
SH,Mamba,137,2115,409,409,40.900000000000006,0.17862270772457123,0.27586010098457336,0.7759976983070374,0.8659041523933411,0.2057877480983734,0,-1,1,236,0.5770171149144254,2.0,409,1.2999441623687744,0,0.0,0,0.0,0,1.6620187759399414,1,6
SH,Mamba,137,2116,958,958,95.80000000000001,0.28317713737487793,0.37225964665412903,3.4895694255828857,4.074415683746338,0.5098655819892883,1,937,1,937,0.9780793319415448,2.0,937,0.0,0,0.0,0,0.0,0,0.0,2,7
SH,Mamba,137,2117,246,246,24.6,0.4763927161693573,0.9074578285217285,5.197695732116699,8.29411506652832,1.2010259628295898,0,-1,1,138,0.5609756097560976,2.0,246,1.593937635421753,0,0.0,0,0.0,0,15.855191230773926,2,7
SH,Mamba,137,2118,265,265,26.5,0.27091163396835327,0.3286608159542084,3.039475917816162,4.0873823165893555,0.5003162026405334,0,-1,1,265,1.0,2.0,265,0.3094260096549988,0,0.0,0,0.0,0,5.047551155090332,0,5
SH,Mamba,137,2119,232,232,23.200000000000003,0.5198693871498108,0.6438452005386353,2.6675190925598145,3.513561964035034,0.5997135043144226,0,-1,1,232,1.0,2.0,232,1.064247965812683,0,0.0,0,0.0,0,6.172765254974365,0,5
SH,Mamba,137,2120,381,381,38.1,0.2493862509727478,0.32644861936569214,1.121281623840332,1.3816241025924683,0.2585688829421997,0,-1,1,381,1.0,2.0,381,0.8052888512611389,0,0.0,0,0.0,0,0.6261070370674133,0,5
SH,Mamba,137,2121,262,262,26.200000000000003,0.17540724575519562,0.22496068477630615,1.036228060722351,1.4349486827850342,0.18233416974544525,1,260,1,147,0.5610687022900763,2.0,260,0.0,0,0.0,0,0.0,0,0.0,1,6
SH,Mamba,137,2122,198,198,19.8,0.2574746608734131,0.35688355565071106,1.0369479656219482,1.3960349559783936,0.4023262560367584,0,-1,1,174,0.8787878787878788,2.0,198,1.413033127784729,0,0.0,0,0.0,0,4.897190093994141,2,7
SH,Mamba,137,2123,137,137,13.700000000000001,0.4247194826602936,0.5649101734161377,0.6574752330780029,0.9894697070121765,0.26011040806770325,0,-1,1,137,1.0,2.0,137,0.33913832902908325,0,0.0,0,0.0,0,1.039154291152954,0,5
SH,Mamba,137,2124,343,343,34.300000000000004,0.24268685281276703,0.3151642680168152,1.2812764644622803,1.5323290824890137,0.3047601282596588,1,326,1,326,0.9504373177842566,2.0,326,0.0,0,0.0,0,0.0,0,0.0,0,5
SH,Mamba,137,2125,440,440,44.0,0.18214240670204163,0.23653961718082428,3.932173252105713,4.593352794647217,0.40507063269615173,0,-1,1,439,0.9977272727272727,2.0,440,0.9852892756462097,0,0.0,0,0.0,0,15.149264335632324,0,5
SH,Mamba,137,2126,182,182,18.2,0.23366670310497284,0.2785419523715973,0.9915085434913635,1.1620211601257324,0.23036929965019226,0,-1,1,182,1.0,2.0,182,1.0382239818572998,0,0.0,0,0.0,0,5.941758632659912,0,5
SH,Mamba,137,2127,146,146,14.600000000000001,0.35394564270973206,0.43547341227531433,4.603206634521484,6.375434875488281,1.1730520725250244,0,-1,1,72,0.4931506849315068,2.0,146,1.8717496395111084,0,0.0,0,0.0,0,17.675918579101562,2,7
SH,Mamba,137,2128,190,190,19.0,0.35182273387908936,0.4198581278324127,1.254729986190796,1.7173593044281006,0.46482306718826294,0,-1,1,94,0.49473684210526314,2.0,190,1.4297990798950195,0,0.0,0,0.0,0,1.5452369451522827,0,5
SH,Mamba,137,2129,196,196,19.6,0.22263666987419128,0.2723665237426758,5.398190021514893,5.984482765197754,0.4036295413970947,0,-1,1,196,1.0,2.0,196,1.0005412101745605,0,0.0,0,0.0,0,13.608734130859375,2,7
SH,Mamba,137,2130,275,275,27.5,0.3980090618133545,0.4790233075618744,2.6620259284973145,3.0863616466522217,0.6539405584335327,0,-1,1,275,1.0,2.0,275,0.7259837985038757,0,0.0,0,0.0,0,5.791391372680664,1,6
SH,Mamba,137,2131,311,311,31.1,0.2773144543170929,0.3814939260482788,4.647221088409424,5.350039005279541,0.5582401752471924,1,303,1,303,0.9742765273311897,2.0,303,0.0,0,0.0,0,0.0,0,0.0,1,6
SH,Mamba,137,2132,188,188,18.8,0.20346640050411224,0.2550903260707855,1.9714152812957764,2.36203670501709,0.5060880780220032,0,-1,1,188,1.0,2.0,188,1.1791071891784668,0,0.0,0,0.0,0,28.630413055419922,0,5
SH,Mamba,137,2133,192,192,19.200000000000003,0.27230411767959595,0.3376615047454834,0.6207298636436462,1.0250884294509888,0.36202165484428406,0,-1,1,46,0.23958333333333334,2.0,192,1.8779933452606201,0,0.0,0,0.0,0,8.785052299499512,2,7
SH,Mamba,137,2134,166,166,16.6,0.7280254364013672,0.9209028482437134,18.223167419433594,27.650676727294922,4.340771675109863,0,-1,0,0,0.0,2.0,166,2.099975109100342,0,0.0,0,0.0,0,8.473803520202637,0,5
SH,Mamba,137,2135,180,180,18.0,0.13499696552753448,0.18103407323360443,7.083800792694092,8.644619941711426,0.86908358335495,0,-1,1,180,1.0,2.0,180,0.995798647403717,0,0.0,0,0.0,0,19.92572784423828,0,5
SH,Mamba,137,2136,622,622,62.2,0.35907676815986633,0.5208774209022522,5.0953803062438965,5.944403648376465,0.7151190042495728,0,-1,1,622,1.0,2.0,622,0.8868709206581116,0,0.0,0,0.0,0,8.810861587524414,2,7
SH,Mamba,137,2137,317,317,31.700000000000003,0.7049198150634766,0.8239460587501526,81.52440643310547,97.5302505493164,4.839938640594482,0,-1,0,0,0.0,2.0,180,13.769051551818848,136,0.42902208201892744,0,0.0,0,45.814247131347656,2,7
SH,Mamba,137,2138,178,178,17.8,0.16679491102695465,0.22824260592460632,3.554227352142334,4.987435340881348,0.6620399355888367,0,-1,1,178,1.0,2.0,178,0.66831374168396,0,0.0,0,0.0,0,13.915840148925781,0,5
SH,Mamba,137,2139,408,408,40.800000000000004,0.24136808514595032,0.28803524374961853,7.322176456451416,8.052226066589355,0.4029969573020935,0,-1,1,405,0.9926470588235294,2.0,408,1.44965398311615,0,0.0,0,0.0,0,5.988823890686035,2,7
SH,Mamba,137,2140,200,200,20.0,0.24272428452968597,0.2971097230911255,0.8213735222816467,0.92666095495224,0.32433760166168213,0,-1,1,200,1.0,2.0,200,1.307506799697876,0,0.0,0,0.0,0,6.808936595916748,2,7
SH,Mamba,137,2141,345,345,34.5,0.2271634042263031,0.2929007112979889,5.299666881561279,6.454725742340088,0.5590028166770935,1,332,1,332,0.9623188405797102,2.0,332,0.0,0,0.0,0,0.0,0,0.0,2,7
SH,Mamba,137,2142,131,131,13.100000000000001,0.16781745851039886,0.19049853086471558,2.0605790615081787,2.647216320037842,0.5399009585380554,0,-1,0,0,0.0,2.0,131,8.042031288146973,0,0.0,0,0.0,0,79.10735321044922,0,5
SH,Mamba,137,2143,217,217,21.700000000000003,0.19809816777706146,0.22063420712947845,5.312409400939941,6.2978434562683105,0.7108690142631531,0,-1,1,114,0.5253456221198156,2.0,217,1.0538700819015503,0,0.0,0,0.0,0,30.83316993713379,0,5
SH,Mamba,137,2144,145,145,14.5,0.23427677154541016,0.27449920773506165,10.31198501586914,13.397931098937988,1.8189444541931152,0,-1,1,145,1.0,2.0,145,1.6702446937561035,0,0.0,0,0.0,0,18.705581665039062,0,5
SH,Mamba,137,2145,316,316,31.6,0.3250792920589447,0.42318347096443176,12.094245910644531,13.840143203735352,1.0120779275894165,0,-1,1,316,1.0,2.0,316,0.2808990478515625,0,0.0,0,0.0,0,5.651053428649902,0,5
SH,Mamba,137,2146,192,192,19.200000000000003,0.09022948890924454,0.12486477941274643,0.698247492313385,1.4477227926254272,0.284919410943985,0,-1,0,0,0.0,2.0,192,3.557914972305298,0,0.0,0,0.0,0,57.25193405151367,0,5
SH,Mamba,137,2147,369,369,36.9,0.24098116159439087,0.31004127860069275,1.5917737483978271,1.8648003339767456,0.26089799404144287,0,-1,1,104,0.28184281842818426,2.0,369,1.4167457818984985,0,0.0,0,0.0,0,1.0788131952285767,0,5
SH,Mamba,137,2148,203,203,20.3,0.204665869474411,0.2554413676261902,0.21226240694522858,0.2682802975177765,0.1606692373752594,0,-1,1,133,0.6551724137931034,2.0,203,1.0693697929382324,0,0.0,0,0.0,0,1.0916696786880493,2,7
SH,Mamba,137,2149,310,310,31.0,0.26096421480178833,0.3325580656528473,1.0356082916259766,1.1896122694015503,0.2746499180793762,0,-1,1,11,0.035483870967741936,2.0,310,1.9841073751449585,0,0.0,0,0.0,0,5.242390155792236,0,5
SH,Mamba,137,2150,243,243,24.3,0.24846209585666656,0.33693328499794006,3.4621403217315674,4.115187168121338,0.840293288230896,0,-1,0,0,0.0,2.0,243,2.3206467628479004,0,0.0,0,0.0,0,7.4148359298706055,0,5
SH,Mamba,137,2151,529,529,52.900000000000006,0.23163549602031708,0.29234176874160767,18.562313079833984,19.9788818359375,0.7226047515869141,0,-1,1,529,1.0,2.0,529,0.5491811037063599,0,0.0,0,0.0,0,7.412490367889404,2,7
SH,Mamba,137,2152,599,599,59.900000000000006,0.3088769018650055,0.4261512756347656,1.6562079191207886,2.540483236312866,0.4550912082195282,0,-1,1,599,1.0,2.0,599,0.8901069164276123,0,0.0,0,0.0,0,4.309391498565674,1,6
SH,Mamba,137,2153,640,640,64.0,0.4054465889930725,0.576765775680542,1.2268788814544678,1.6159294843673706,0.4366983473300934,0,-1,1,538,0.840625,2.0,640,1.031938910484314,0,0.0,0,0.0,0,2.2914998531341553,1,6
SH,Mamba,137,2154,159,159,15.9,0.1490260362625122,0.20551350712776184,3.718301296234131,4.342902660369873,0.4234820604324341,0,-1,1,159,1.0,2.0,159,1.0378037691116333,0,0.0,0,0.0,0,33.156917572021484,2,7
SH,Mamba,137,2155,225,225,22.5,0.3688778877258301,0.46567028760910034,5.239129543304443,5.941922664642334,0.7794621586799622,0,-1,1,225,1.0,2.0,225,1.1280454397201538,0,0.0,0,0.0,0,10.764492988586426,0,5
SH,Mamba,137,2156,856,856,85.60000000000001,0.37045472860336304,0.48111191391944885,3.7547123432159424,4.275976657867432,0.5939221382141113,0,-1,1,332,0.3878504672897196,2.0,856,1.0266468524932861,0,0.0,0,0.0,0,0.9458187818527222,0,5
SH,Mamba,137,2157,210,210,21.0,0.40239548683166504,0.5519281625747681,4.620994567871094,5.468095302581787,0.686371386051178,0,-1,1,6,0.02857142857142857,2.0,210,1.9676979780197144,0,0.0,0,0.0,0,4.192567348480225,0,5
SH,Mamba,137,2158,221,221,22.1,0.432094544172287,0.5876351594924927,1.3717687129974365,2.1330013275146484,0.6865195035934448,0,-1,1,137,0.6199095022624435,2.0,221,1.735581636428833,0,0.0,0,0.0,0,5.9069623947143555,2,7
SH,Mamba,137,2159,452,452,45.2,0.4412437975406647,0.539991557598114,6.101005554199219,7.021716594696045,0.7333218455314636,0,-1,1,452,1.0,2.0,452,0.24817031621932983,0,0.0,0,0.0,0,0.12180522829294205,0,5
SH,Mamba,137,2160,341,341,34.1,0.22820709645748138,0.28735584020614624,11.337262153625488,13.325095176696777,0.5470903515815735,0,-1,1,341,1.0,2.0,341,0.10021909326314926,0,0.0,0,0.0,0,1.0671038627624512,1,6
SH,Mamba,137,2161,248,248,24.8,0.38252341747283936,0.4511144757270813,0.6867906451225281,0.8333843350410461,0.3225594460964203,0,-1,1,222,0.8951612903225806,2.0,248,1.1284265518188477,0,0.0,0,0.0,0,1.436210036277771,0,5
SH,Mamba,137,2162,134,134,13.4,0.32623058557510376,0.46200382709503174,3.1127912998199463,3.7476956844329834,0.6419040560722351,0,-1,0,0,0.0,2.0,134,2.8738579750061035,0,0.0,0,0.0,0,15.796903610229492,2,7
SH,Mamba,137,2163,166,166,16.6,0.17390640079975128,0.21421365439891815,1.1320894956588745,1.4128423929214478,0.20303551852703094,0,-1,0,0,0.0,2.0,166,2.1077961921691895,0,0.0,0,0.0,0,13.765018463134766,1,6
SH,Mamba,137,2164,171,171,17.1,0.11342959851026535,0.13937103748321533,0.6836780905723572,0.9667688608169556,0.18789802491664886,0,-1,0,0,0.0,2.0,171,3.322343587875366,0,0.0,0,0.0,0,62.209712982177734,2,7
SH,Mamba,137,2165,479,479,47.900000000000006,0.20424619317054749,0.27571210265159607,3.8417739868164062,5.421769142150879,0.44329655170440674,0,-1,1,479,1.0,2.0,479,0.5696764588356018,0,0.0,0,0.0,0,12.829169273376465,0,5
SH,Mamba,137,2166,158,158,15.8,0.21572692692279816,0.32187512516975403,0.6281015276908875,0.674660325050354,0.15449999272823334,0,-1,0,0,0.0,2.0,158,2.344373941421509,0,0.0,0,0.0,0,3.0587384700775146,2,7
SH,Mamba,137,2167,150,150,15.0,0.3227023780345917,0.38584327697753906,2.983161687850952,3.4402482509613037,0.4815371632575989,0,-1,1,66,0.44,2.0,150,1.9246054887771606,0,0.0,0,0.0,0,12.849756240844727,2,7
SH,Mamba,137,2168,350,350,35.0,0.3279034495353699,0.4012340307235718,3.256601572036743,4.131166458129883,0.5776458978652954,0,-1,1,297,0.8485714285714285,2.0,350,0.843023955821991,0,0.0,0,0.0,0,0.5335124731063843,2,7
SH,Mamba,137,2169,145,145,14.5,0.19801871478557587,0.24679820239543915,3.9927237033843994,5.232279300689697,0.8331760764122009,0,-1,0,0,0.0,2.0,145,4.314776420593262,0,0.0,0,0.0,0,55.58164978027344,1,6
SH,Mamba,137,2170,981,981,98.10000000000001,0.26907098293304443,0.36589524149894714,1.4034236669540405,1.7405465841293335,0.4391768276691437,0,-1,1,981,1.0,2.0,981,1.0905202627182007,0,0.0,0,0.0,0,6.651588439941406,2,7
SH,Mamba,137,2171,766,766,76.60000000000001,0.24892519414424896,0.3278251588344574,4.768263339996338,6.303936004638672,0.5600690841674805,0,-1,1,739,0.9647519582245431,2.0,766,1.3548086881637573,0,0.0,0,0.0,0,13.504199028015137,1,6
SH,Mamba,137,2172,342,342,34.2,0.2488858699798584,0.3064589500427246,4.970656871795654,5.9018330574035645,0.4743579030036926,0,-1,1,342,1.0,2.0,342,0.172880157828331,0,0.0,0,0.0,0,1.7287700176239014,2,7
SH,Mamba,137,2173,155,155,15.5,0.3047495484352112,0.3544709086418152,2.8066625595092773,4.089171409606934,0.7392823100090027,0,-1,1,105,0.6774193548387096,2.0,155,1.6677747964859009,0,0.0,0,0.0,0,4.6145453453063965,2,7
SH,Mamba,137,2174,624,624,62.400000000000006,0.2896720767021179,0.36834585666656494,2.817715883255005,3.239185333251953,0.3690308630466461,0,-1,1,624,1.0,2.0,624,0.7116034626960754,0,0.0,0,0.0,0,2.3017327785491943,1,6
SH,Mamba,137,2175,132,132,13.200000000000001,0.5451891422271729,0.7639378905296326,2.5852038860321045,3.2502191066741943,1.16217041015625,0,-1,0,0,0.0,2.0,132,3.1739203929901123,0,0.0,0,0.0,0,34.00782775878906,2,7
SH,Mamba,137,2176,289,289,28.900000000000002,0.17622777819633484,0.22709515690803528,4.993677616119385,5.633131504058838,0.5145865678787231,0,-1,1,283,0.9792387543252595,2.0,289,0.8873760104179382,0,0.0,0,0.0,0,19.74637794494629,1,6
SH,Mamba,137,2177,168,168,16.8,0.16927789151668549,0.22054126858711243,1.193451166152954,1.3709362745285034,0.2391083985567093,0,-1,1,168,1.0,2.0,168,1.2453361749649048,0,0.0,0,0.0,0,4.314826488494873,2,7
SH,Mamba,137,2178,325,325,32.5,0.13303643465042114,0.1576162725687027,17.309791564941406,21.8267765045166,1.2766354084014893,0,-1,1,49,0.15076923076923077,2.0,325,1.8001044988632202,0,0.0,0,0.0,0,37.70647430419922,0,5
SH,Mamba,137,2179,135,135,13.5,0.3148196041584015,0.39280757308006287,1.4182262420654297,1.6610532999038696,0.40258845686912537,0,-1,1,121,0.8962962962962963,2.0,135,1.5702993869781494,0,0.0,0,0.0,0,7.753241062164307,1,6
SH,Mamba,137,2180,196,196,19.6,0.31434085965156555,0.38140150904655457,3.0795512199401855,3.4333419799804688,0.4540237486362457,0,-1,1,196,1.0,2.0,196,1.3659359216690063,0,0.0,0,0.0,0,13.684348106384277,0,5
SH,Mamba,137,2181,320,320,32.0,0.29466018080711365,0.3765340745449066,8.862343788146973,10.265766143798828,0.7152882218360901,0,-1,1,320,1.0,2.0,320,1.1335946321487427,0,0.0,0,0.0,0,19.567598342895508,0,5
SH,Mamba,137,2182,408,408,40.800000000000004,0.39950063824653625,0.5442664623260498,2.076028347015381,2.510047674179077,0.6722627282142639,0,-1,1,408,1.0,2.0,408,1.2097063064575195,0,0.0,0,0.0,0,5.044325828552246,0,5
SH,Mamba,137,2183,387,387,38.7,0.2638712525367737,0.3538917601108551,1.95423424243927,2.7431211471557617,0.4375641942024231,0,-1,1,387,1.0,2.0,387,1.1949923038482666,0,0.0,0,0.0,0,2.99526047706604,0,5
SH,Mamba,137,2184,156,156,15.600000000000001,0.22601716220378876,0.323829710483551,1.9164636135101318,2.377764940261841,0.4438154697418213,0,-1,1,156,1.0,2.0,156,0.9439446926116943,0,0.0,0,0.0,0,15.994305610656738,0,5
SH,Mamba,137,2185,204,204,20.400000000000002,0.5461227297782898,0.7766354084014893,1.013800024986267,1.1676256656646729,0.42903855443000793,0,-1,1,204,1.0,2.0,204,0.18953819572925568,0,0.0,0,0.0,0,0.4111492335796356,0,5
SH,Mamba,137,2186,405,405,40.5,0.2506418824195862,0.33218804001808167,3.139559268951416,3.7854950428009033,0.48441269993782043,0,-1,1,300,0.7407407407407407,2.0,405,1.4299800395965576,0,0.0,0,0.0,0,1.2998400926589966,2,7
SH,Mamba,137,2187,224,224,22.400000000000002,0.36063408851623535,0.5261115431785583,2.9398341178894043,3.708500623703003,0.7432137131690979,1,219,1,219,0.9776785714285714,2.0,219,0.0,0,0.0,0,0.0,0,0.0,2,7
SH,Mamba,137,2188,182,182,18.2,0.21146956086158752,0.26376816630363464,2.8865420818328857,3.494694709777832,0.44559571146965027,0,-1,1,181,0.9945054945054945,2.0,182,0.8383064270019531,0,0.0,0,0.0,0,14.154173851013184,1,6
SH,Mamba,137,2189,391,391,39.1,0.39720597863197327,0.5297608375549316,2.0320663452148438,2.6861486434936523,0.6464315056800842,0,-1,1,298,0.7621483375959079,2.0,391,1.225209355354309,0,0.0,0,0.0,0,3.310859203338623,0,5
SH,Mamba,137,2190,1111,1111,111.10000000000001,0.174930602312088,0.23190763592720032,4.66594934463501,5.097988605499268,0.3013297915458679,1,1028,1,952,0.8568856885688569,2.0,1028,0.0,0,0.0,0,0.0,0,0.0,2,7
SH,Mamba,137,2191,194,194,19.400000000000002,0.24875712394714355,0.3037455379962921,1.0275137424468994,1.3169153928756714,0.3961234986782074,0,-1,1,194,1.0,2.0,194,0.9644402265548706,0,0.0,0,0.0,0,6.155004024505615,1,6
SH,Mamba,137,2192,429,429,42.900000000000006,0.16423486173152924,0.21713772416114807,0.6918478012084961,1.0618202686309814,0.2382509857416153,0,-1,1,429,1.0,2.0,429,0.5956143140792847,0,0.0,0,0.0,0,9.36961555480957,2,7
SH,Mamba,137,2193,398,398,39.800000000000004,0.13588720560073853,0.16755598783493042,9.33263874053955,13.241771697998047,0.9625546336174011,0,-1,0,0,0.0,2.0,398,2.567167282104492,0,0.0,0,0.0,0,24.992828369140625,0,5
SH,Mamba,137,2194,295,295,29.5,0.35318586230278015,0.4158789813518524,1.7868680953979492,2.5061633586883545,0.5276499390602112,0,-1,1,289,0.9796610169491525,2.0,290,0.4055735170841217,5,0.01694915254237288,0,0.0,0,0.07701408118009567,2,7
SH,Mamba,137,2195,157,157,15.700000000000001,0.35336634516716003,0.5368227958679199,1.014388918876648,1.8353480100631714,0.6895850300788879,0,-1,1,157,1.0,2.0,157,0.7960281372070312,0,0.0,0,0.0,0,4.118093967437744,2,7
SH,Mamba,137,2196,134,134,13.4,0.36214929819107056,0.5042158365249634,2.569607734680176,3.040804624557495,0.9780520796775818,0,-1,0,0,0.0,2.0,134,2.019930839538574,0,0.0,0,0.0,0,8.877143859863281,0,5
SH,Mamba,137,2197,541,541,54.1,0.42104777693748474,0.5674342513084412,2.9982972145080566,3.621021032333374,0.5383412837982178,0,-1,1,541,1.0,2.0,541,0.05089623108506203,0,0.0,0,0.0,0,0.09619498252868652,0,5
SH,Mamba,137,2198,486,486,48.6,0.2521379590034485,0.3368944823741913,1.9242242574691772,2.2644364833831787,0.4020412862300873,0,-1,1,461,0.948559670781893,2.0,486,1.1264526844024658,0,0.0,0,0.0,0,0.49550023674964905,0,5
SH,Mamba,137,2199,340,340,34.0,0.2401498407125473,0.2997860312461853,4.442563056945801,5.181818008422852,0.40061044692993164,0,-1,1,340,1.0,2.0,340,1.4140040874481201,0,0.0,0,0.0,0,13.882612228393555,0,5
SH,Mamba,137,2200,327,327,32.7,0.42339178919792175,0.6499538421630859,1.3390885591506958,1.8262161016464233,0.5435911417007446,0,-1,1,213,0.6513761467889908,2.0,327,1.164148211479187,0,0.0,0,0.0,0,2.02488112449646,2,7
SH,Mamba,137,2201,188,188,18.8,0.2203272581100464,0.2691114842891693,0.3578004240989685,0.43687939643859863,0.24023327231407166,0,-1,0,0,0.0,2.0,188,2.4675140380859375,0,0.0,0,0.0,0,6.007928371429443,1,6
SH,Mamba,137,2202,141,141,14.100000000000001,0.15135936439037323,0.18287986516952515,0.8639158606529236,0.9295588731765747,0.13144637644290924,0,-1,1,141,1.0,2.0,141,1.5155407190322876,0,0.0,0,0.0,0,19.292736053466797,0,5
SH,Mamba,137,2203,230,230,23.0,0.4380403161048889,0.5473582148551941,2.5856380462646484,3.8084261417388916,0.5383026003837585,0,-1,1,230,1.0,2.0,230,1.3887953758239746,0,0.0,0,0.0,0,2.639240264892578,2,7
SH,Mamba,137,2204,144,144,14.4,0.29896241426467896,0.35135042667388916,3.8791584968566895,4.5617170333862305,0.5440677404403687,0,-1,1,144,1.0,2.0,144,0.35630297660827637,0,0.0,0,0.0,0,8.473109245300293,2,7
SH,Mamba,137,2205,258,258,25.8,0.17787565290927887,0.2120869904756546,2.6041016578674316,2.9941227436065674,0.2801651954650879,0,-1,1,243,0.9418604651162791,2.0,258,1.5177572965621948,0,0.0,0,0.0,0,14.329842567443848,1,6
SH,Mamba,137,2206,149,149,14.9,0.3333292603492737,0.4233643710613251,0.6848556995391846,0.8277018666267395,0.35410308837890625,0,-1,1,39,0.26174496644295303,2.0,149,1.4695100784301758,0,0.0,0,0.0,0,0.9448646306991577,2,7
SH,Mamba,137,2207,196,196,19.6,0.417118102312088,0.5115938186645508,0.8414996266365051,0.9700868725776672,0.4186095893383026,0,-1,1,191,0.9744897959183674,2.0,196,1.1557250022888184,0,0.0,0,0.0,0,4.791583061218262,1,6
SH,Mamba,137,2208,393,393,39.300000000000004,0.2424418181180954,0.3083248436450958,2.2797772884368896,3.005885601043701,0.39107608795166016,0,-1,1,393,1.0,2.0,393,1.3114315271377563,0,0.0,0,0.0,0,7.872351169586182,0,5
SH,Mamba,137,2209,405,405,40.5,0.2648230195045471,0.3602133095264435,3.310983657836914,4.796525478363037,0.48261910676956177,0,-1,1,405,1.0,2.0,405,1.076911211013794,0,0.0,0,0.0,0,21.211061477661133,0,5
SH,Mamba,137,2210,359,359,35.9,0.20554211735725403,0.26174065470695496,11.564091682434082,14.19182300567627,0.8982316255569458,0,-1,0,0,0.0,2.0,359,4.923922061920166,0,0.0,0,0.0,0,82.41374969482422,1,6
SH,Mamba,137,2211,205,205,20.5,0.19080393016338348,0.23735637962818146,1.0128542184829712,1.2840427160263062,0.1988474726676941,0,-1,1,205,1.0,2.0,205,1.3366494178771973,0,0.0,0,0.0,0,2.903144121170044,2,7
SH,Mamba,137,2212,463,463,46.300000000000004,0.17569497227668762,0.22911900281906128,5.175323486328125,6.107748508453369,0.30979645252227783,0,-1,1,463,1.0,2.0,463,0.2888205647468567,0,0.0,0,0.0,0,3.388885259628296,0,5
SH,Mamba,137,2213,226,226,22.6,0.23862597346305847,0.29532819986343384,2.4675726890563965,3.307887554168701,0.3847835063934326,0,-1,1,226,1.0,2.0,226,0.819922685623169,0,0.0,0,0.0,0,13.693580627441406,2,7
SH,Mamba,137,2214,265,265,26.5,0.24982354044914246,0.3256653845310211,1.3920783996582031,1.7148778438568115,0.34740322828292847,1,256,1,256,0.9660377358490566,2.0,256,0.0,0,0.0,0,0.0,0,0.0,1,6
SH,Mamba,137,2215,778,778,77.80000000000001,0.20237407088279724,0.26201143860816956,15.672679901123047,16.877933502197266,0.5311044454574585,0,-1,1,778,1.0,2.0,778,0.260337769985199,0,0.0,0,0.0,0,4.284216403961182,2,7
SH,Mamba,137,2216,288,288,28.8,0.3398846983909607,0.4269568622112274,2.8736159801483154,3.7731823921203613,0.6093888282775879,0,-1,1,288,1.0,2.0,288,0.8729835748672485,0,0.0,0,0.0,0,1.813625693321228,2,7
SH,Mamba,137,2217,293,293,29.3,0.1931878924369812,0.24055886268615723,3.6801750659942627,4.6084208488464355,0.4638783931732178,0,-1,0,0,0.0,2.0,293,2.125838041305542,0,0.0,0,0.0,0,10.982300758361816,2,7
SH,Mamba,137,2218,145,145,14.5,0.4450856149196625,0.6355920433998108,0.8441793918609619,1.1265283823013306,0.4809272587299347,0,-1,1,142,0.9793103448275862,2.0,145,1.206520676612854,0,0.0,0,0.0,0,4.498850345611572,2,7
SH,Mamba,137,2219,285,285,28.5,0.196966290473938,0.2669196128845215,1.0251036882400513,1.1620662212371826,0.2926497459411621,0,-1,1,285,1.0,2.0,285,1.0613993406295776,0,0.0,0,0.0,0,2.846644401550293,0,5
SH,Mamba,137,2220,163,163,16.3,0.2523467540740967,0.3262668550014496,7.668916702270508,9.16550064086914,0.7897865176200867,0,-1,0,0,0.0,2.0,163,2.260014772415161,0,0.0,0,0.0,0,1.4996204376220703,2,7
SH,Mamba,137,2221,217,217,21.700000000000003,0.166037455201149,0.2246437817811966,1.025070309638977,1.1802197694778442,0.18873116374015808,0,-1,1,48,0.22119815668202766,2.0,217,1.9363415241241455,0,0.0,0,0.0,0,31.403501510620117,1,6
SH,Mamba,137,2222,216,216,21.6,0.27147650718688965,0.3313218355178833,1.913271188735962,2.206268548965454,0.3645137846469879,0,-1,0,0,0.0,2.0,216,2.8905532360076904,0,0.0,0,0.0,0,2.6041202545166016,0,5
SH,Mamba,137,2223,3202,3202,320.20000000000005,0.21372899413108826,0.3054981827735901,3.7414729595184326,4.146785736083984,0.2770572304725647,0,-1,1,3074,0.9600249843847595,2.0,3202,0.5706216096878052,0,0.0,0,0.0,0,1.0198478698730469,1,6
SH,Mamba,137,2224,440,440,44.0,0.3524116575717926,0.4641062021255493,2.3003652095794678,2.6903698444366455,0.5180768370628357,1,400,1,400,0.9090909090909091,2.0,400,0.0,0,0.0,0,0.0,0,0.0,1,6
SH,Mamba,137,2225,170,170,17.0,0.28523552417755127,0.37148937582969666,4.2413859367370605,6.495276927947998,1.094506859779358,0,-1,1,144,0.8470588235294118,2.0,170,1.1699000597000122,0,0.0,0,0.0,0,7.791538715362549,2,7
SH,Mamba,137,2226,180,180,18.0,0.1803516149520874,0.21981608867645264,3.9272234439849854,4.358705520629883,0.3337550163269043,0,-1,1,180,1.0,2.0,180,0.7335739135742188,0,0.0,0,0.0,0,10.3353853225708,1,6
SH,Mamba,137,2227,239,239,23.900000000000002,0.38379278779029846,0.46952155232429504,5.82507848739624,6.993122100830078,0.53148353099823,0,-1,1,225,0.9414225941422594,2.0,239,1.5895018577575684,0,0.0,0,0.0,0,6.103660583496094,2,7
SH,Mamba,137,2228,183,183,18.3,0.2696945369243622,0.3333934247493744,4.628800392150879,5.2895941734313965,0.4007575809955597,0,-1,1,183,1.0,2.0,183,0.7052749991416931,0,0.0,0,0.0,0,6.465693473815918,2,7
SH,Mamba,137,2229,163,163,16.3,0.39595144987106323,0.4782160818576813,1.463832974433899,1.9399504661560059,0.5417637228965759,0,-1,1,163,1.0,2.0,163,0.5309507250785828,0,0.0,0,0.0,0,0.9131507873535156,0,5
SH,Mamba,137,2230,266,266,26.6,0.1534958779811859,0.19930052757263184,1.8202611207962036,3.22141170501709,0.5555539727210999,0,-1,1,206,0.7744360902255639,2.0,266,1.1247667074203491,0,0.0,0,0.0,0,19.324424743652344,1,6
SH,Mamba,137,2231,194,194,19.400000000000002,0.21306192874908447,0.23868116736412048,1.9913874864578247,2.927311658859253,0.5402377247810364,0,-1,1,175,0.9020618556701031,2.0,194,0.9805200695991516,0,0.0,0,0.0,0,21.658523559570312,2,7
SH,Mamba,137,2232,278,278,27.8,0.14524789154529572,0.19502045214176178,2.3832993507385254,2.9049696922302246,0.2620708644390106,0,-1,1,89,0.32014388489208634,2.0,278,1.209533929824829,0,0.0,0,0.0,0,0.4431854784488678,2,7
SH,Mamba,137,2233,528,528,52.800000000000004,0.34311196208000183,0.44296422600746155,1.4126861095428467,1.7460007667541504,0.3879346251487732,0,-1,1,528,1.0,2.0,528,0.38764238357543945,0,0.0,0,0.0,0,0.2647652328014374,0,5
SH,Mamba,137,2234,433,433,43.300000000000004,0.2726045548915863,0.3243130147457123,2.608447790145874,3.067462921142578,0.424632728099823,0,-1,1,433,1.0,2.0,433,0.8600355386734009,0,0.0,0,0.0,0,3.9133965969085693,1,6
SH,Mamba,137,2235,149,149,14.9,0.2788034677505493,0.38107967376708984,0.257241427898407,0.3041236996650696,0.22070568799972534,0,-1,1,139,0.9328859060402684,2.0,149,1.2305783033370972,0,0.0,0,0.0,0,3.0540993213653564,0,5
SH,Mamba,137,2236,138,138,13.8,0.1838981658220291,0.29308202862739563,2.81140398979187,3.6886374950408936,0.6660365462303162,0,-1,1,97,0.7028985507246377,2.0,138,1.3608050346374512,0,0.0,0,0.0,0,24.12495231628418,2,7
SH,Mamba,137,2237,150,150,15.0,0.2867729067802429,0.3476583957672119,4.805393218994141,5.7439775466918945,0.6208882331848145,0,-1,0,0,0.0,2.0,150,2.495375871658325,0,0.0,0,0.0,0,27.45583724975586,0,5
SH,Mamba,137,2238,265,265,26.5,0.2987430691719055,0.36702269315719604,2.054617404937744,2.6496622562408447,0.4280519187450409,0,-1,1,265,1.0,2.0,265,0.21954657137393951,0,0.0,0,0.0,0,0.07821831107139587,2,7
SH,Mamba,137,2239,161,161,16.1,0.5558791160583496,0.8109176754951477,4.317054748535156,4.979311466217041,1.4347985982894897,0,-1,0,0,0.0,2.0,161,2.9004528522491455,0,0.0,0,0.0,0,10.145257949829102,0,5
SH,Mamba,137,2240,378,378,37.800000000000004,0.37301990389823914,0.4882987141609192,1.9883592128753662,2.4221038818359375,0.5621465444564819,0,-1,1,326,0.8624338624338624,2.0,378,1.0064982175827026,0,0.0,0,0.0,0,2.216761350631714,1,6
SH,Mamba,137,2241,165,165,16.5,0.22797875106334686,0.2924985885620117,1.8106147050857544,3.1363561153411865,0.7532355785369873,0,-1,1,57,0.34545454545454546,2.0,165,1.5667972564697266,0,0.0,0,0.0,0,26.383787155151367,1,6
SH,Mamba,137,2242,160,160,16.0,0.3200715184211731,0.42315709590911865,2.240860939025879,2.807117223739624,0.6502169966697693,0,-1,1,132,0.825,2.0,160,1.7329686880111694,0,0.0,0,0.0,0,22.153532028198242,0,5
SH,Mamba,137,2243,545,545,54.5,0.31991878151893616,0.3927707374095917,1.2757257223129272,1.7995637655258179,0.3398503363132477,0,-1,1,398,0.7302752293577982,2.0,545,1.4199062585830688,0,0.0,0,0.0,0,4.427894115447998,0,5
SH,Mamba,137,2244,450,450,45.0,0.2878163754940033,0.329135000705719,4.485654354095459,5.610451698303223,0.7166250944137573,0,-1,1,151,0.33555555555555555,2.0,450,0.7255535125732422,0,0.0,0,0.0,0,16.249177932739258,2,7
SH,Mamba,137,2245,494,494,49.400000000000006,0.25068554282188416,0.31339430809020996,1.0827628374099731,1.3091208934783936,0.3073427975177765,0,-1,1,494,1.0,2.0,494,0.4778759479522705,0,0.0,0,0.0,0,3.313709259033203,2,7
SH,Mamba,137,2246,253,253,25.3,0.2636432945728302,0.37618711590766907,2.100614070892334,3.0361831188201904,0.44092127680778503,0,-1,1,253,1.0,2.0,253,1.2767229080200195,0,0.0,0,0.0,0,5.96390962600708,1,6
SH,Mamba,137,2247,322,322,32.2,0.6581838130950928,1.0387518405914307,38.891048431396484,48.97201919555664,3.271822929382324,0,-1,0,0,0.0,2.0,322,3.287170171737671,0,0.0,0,0.0,0,10.024327278137207,1,6
SH,Mamba,137,2248,160,160,16.0,0.22498849034309387,0.26427122950553894,2.173210859298706,2.594625473022461,0.41746196150779724,0,-1,0,0,0.0,2.0,160,4.511002063751221,0,0.0,0,0.0,0,4.74970817565918,1,6
SH,Mamba,137,2249,332,332,33.2,0.3251400589942932,0.4451959729194641,3.7158515453338623,4.861489772796631,0.8242154121398926,0,-1,1,332,1.0,2.0,332,0.6713554263114929,0,0.0,0,0.0,0,2.34682035446167,2,7
SH,Mamba,137,2250,1738,1738,173.8,0.3257496953010559,0.4569993019104004,2.774724006652832,3.057504653930664,0.3973672389984131,0,-1,1,1738,1.0,2.0,1738,0.9764214754104614,0,0.0,0,0.0,0,3.1634280681610107,2,7
SH,Mamba,137,2251,588,588,58.800000000000004,0.14882072806358337,0.192601278424263,30.589982986450195,36.49900817871094,1.1697336435317993,0,-1,1,588,1.0,2.0,588,0.4541669189929962,0,0.0,0,0.0,0,8.356413841247559,2,7
SH,Mamba,137,2252,274,274,27.400000000000002,0.47033530473709106,0.5992754697799683,6.780397415161133,9.770225524902344,1.2398443222045898,0,-1,1,274,1.0,2.0,274,1.482155442237854,0,0.0,0,0.0,0,9.208822250366211,0,5
SH,Mamba,137,2253,186,186,18.6,0.3513239026069641,0.4716876447200775,1.9709386825561523,2.439384698867798,0.587985098361969,0,-1,1,186,1.0,2.0,186,0.6992624402046204,0,0.0,0,0.0,0,10.657767295837402,1,6
SH,Mamba,137,2254,215,215,21.5,0.12979350984096527,0.15053889155387878,12.210539817810059,16.140100479125977,1.5370066165924072,0,-1,0,0,0.0,2.0,215,2.16999888420105,0,0.0,0,0.0,0,62.71357345581055,2,7
SH,Mamba,137,2255,858,858,85.80000000000001,0.29026904702186584,0.3955360949039459,2.5803604125976562,2.90669322013855,0.2573888897895813,1,834,1,834,0.972027972027972,2.0,834,0.0,0,0.0,0,0.0,0,0.0,2,7
SH,Mamba,137,2256,279,279,27.900000000000002,0.10439176112413406,0.14337041974067688,0.6903015375137329,0.8570665121078491,0.10318979620933533,0,-1,0,0,0.0,2.0,279,3.2555432319641113,0,0.0,0,0.0,0,4.638394355773926,2,7
SH,Mamba,137,2257,141,141,14.100000000000001,0.10878539085388184,0.150051549077034,0.8280956745147705,1.0020807981491089,0.18237127363681793,0,-1,1,141,1.0,2.0,141,1.583172082901001,0,0.0,0,0.0,0,32.02877426147461,1,6
SH,Mamba,137,2258,279,279,27.900000000000002,0.31534814834594727,0.4043957591056824,4.468789577484131,4.956804275512695,1.0831536054611206,1,159,1,159,0.5698924731182796,2.0,159,0.0,0,0.0,0,0.0,0,0.0,1,6
SH,Mamba,137,2259,224,224,22.400000000000002,0.2823483347892761,0.34017032384872437,8.770357131958008,10.205024719238281,0.7023633718490601,0,-1,1,190,0.8482142857142857,2.0,224,1.362894892692566,0,0.0,0,0.0,0,5.411082744598389,0,5
SH,Mamba,137,2260,167,167,16.7,0.3052981197834015,0.3584814965724945,2.886629104614258,3.521998405456543,0.8130365014076233,0,-1,0,0,0.0,2.0,167,2.119302988052368,0,0.0,0,0.0,0,5.467885494232178,0,5
SH,Mamba,137,2261,513,513,51.300000000000004,0.4908587336540222,0.6261223554611206,2.3187038898468018,2.895291328430176,0.6292895078659058,0,-1,1,513,1.0,2.0,513,0.9368399381637573,0,0.0,0,0.0,0,9.105995178222656,1,6
SH,Mamba,137,2262,204,204,20.400000000000002,0.12317278236150742,0.14605392515659332,3.540726900100708,4.866405487060547,0.39567673206329346,0,-1,1,204,1.0,2.0,204,1.2354923486709595,0,0.0,0,0.0,0,6.57111120223999,1,6
SH,Mamba,137,2263,239,239,23.900000000000002,0.1512935310602188,0.18172554671764374,2.5429375171661377,3.0365850925445557,0.38436535000801086,0,-1,1,239,1.0,2.0,239,1.3104232549667358,0,0.0,0,0.0,0,7.25306510925293,0,5
SH,Mamba,137,2264,134,134,13.4,0.42296499013900757,0.5324216485023499,3.2051467895507812,3.765277147293091,0.7317256331443787,0,-1,0,0,0.0,2.0,134,2.136645555496216,0,0.0,0,0.0,0,3.3945748805999756,1,6
SH,Mamba,137,2265,132,132,13.200000000000001,0.39788612723350525,0.45400962233543396,1.4271818399429321,1.7248295545578003,0.43311333656311035,0,-1,1,132,1.0,2.0,132,0.6338420510292053,0,0.0,0,0.0,0,1.8836686611175537,0,5
SH,Mamba,137,2266,208,208,20.8,0.34761032462120056,0.4617152214050293,3.0076193809509277,3.330095052719116,0.5091714262962341,0,-1,0,0,0.0,2.0,208,2.177734613418579,0,0.0,0,0.0,0,2.601149082183838,2,7
SH,Mamba,137,2267,266,266,26.6,0.24505333602428436,0.30285775661468506,0.7835493087768555,1.0018271207809448,0.26240378618240356,0,-1,1,265,0.9962406015037594,2.0,266,1.2880622148513794,0,0.0,0,0.0,0,3.913893461227417,0,5
SH,Mamba,137,2268,774,774,77.4,0.20027971267700195,0.25049999356269836,2.247173547744751,2.367354393005371,0.2690572440624237,1,702,1,702,0.9069767441860465,2.0,702,0.0,0,0.0,0,0.0,0,0.0,1,6
SH,Mamba,137,2269,315,315,31.5,0.2355344444513321,0.29451072216033936,7.835877895355225,9.480887413024902,0.8625542521476746,0,-1,0,0,0.0,2.0,315,2.3126354217529297,0,0.0,0,0.0,0,3.078814744949341,0,5
SH,Mamba,137,2270,163,163,16.3,0.21663916110992432,0.29823410511016846,2.1982100009918213,2.509878396987915,0.6729020476341248,0,-1,1,2,0.012269938650306749,2.0,163,1.9975439310073853,0,0.0,0,0.0,0,11.557000160217285,1,6
SH,Mamba,137,2271,265,265,26.5,0.1541944444179535,0.20106957852840424,1.6986894607543945,1.946325421333313,0.5614468455314636,0,-1,0,0,0.0,2.0,265,2.03521990776062,0,0.0,0,0.0,0,9.633173942565918,0,5
SH,Mamba,137,2272,174,174,17.400000000000002,0.35495808720588684,0.5349157452583313,1.4283971786499023,2.1161539554595947,0.6045717000961304,0,-1,1,42,0.2413793103448276,2.0,174,1.60299551486969,0,0.0,0,0.0,0,1.9902104139328003,1,6
SH,Mamba,137,2273,207,207,20.700000000000003,0.21164080500602722,0.28408282995224,6.484148025512695,7.514742374420166,0.5571445822715759,0,-1,1,207,1.0,2.0,207,0.7397561073303223,0,0.0,0,0.0,0,13.954533576965332,1,6
SH,Mamba,137,2274,158,158,15.8,0.2078624963760376,0.2537528872489929,2.0799806118011475,2.531992197036743,0.28488633036613464,0,-1,1,158,1.0,2.0,158,0.5860949754714966,0,0.0,0,0.0,0,12.383575439453125,0,5
SH,Mamba,137,2275,167,167,16.7,0.29489564895629883,0.38456228375434875,2.412440776824951,2.815062999725342,0.385724812746048,0,-1,0,0,0.0,2.0,167,2.018655300140381,0,0.0,0,0.0,0,2.20245623588562,1,6
SH,Mamba,137,2276,187,187,18.7,0.16505537927150726,0.19429580867290497,1.474349021911621,1.652597188949585,0.3380947709083557,0,-1,1,75,0.40106951871657753,2.0,187,1.4778225421905518,0,0.0,0,0.0,0,9.994159698486328,0,5
SH,Mamba,137,2277,573,573,57.300000000000004,0.32550907135009766,0.40692126750946045,1.291739821434021,1.4394875764846802,0.32292693853378296,0,-1,1,380,0.6631762652705061,2.0,573,1.350460410118103,0,0.0,0,0.0,0,4.517328262329102,0,5
SH,Mamba,137,2278,254,254,25.400000000000002,0.1908862292766571,0.25124043226242065,1.8577948808670044,2.594780921936035,0.5185486674308777,0,-1,1,247,0.9724409448818898,2.0,254,1.199980616569519,0,0.0,0,0.0,0,21.40998077392578,1,6
SH,Mamba,137,2279,169,169,16.900000000000002,0.41803890466690063,0.5431066155433655,2.249830961227417,2.9365346431732178,0.6354925632476807,0,-1,1,99,0.5857988165680473,2.0,169,1.5342484712600708,0,0.0,0,0.0,0,4.553308963775635,1,6
SH,Mamba,137,2280,445,445,44.5,0.17064803838729858,0.21337038278579712,3.0125203132629395,3.5144479274749756,0.5198031067848206,0,-1,1,445,1.0,2.0,445,0.9723140001296997,0,0.0,0,0.0,0,9.987915992736816,2,7
SH,Mamba,137,2281,175,175,17.5,0.2992362678050995,0.37712204456329346,5.187936782836914,6.643362998962402,0.9212778806686401,0,-1,0,0,0.0,2.0,175,2.2036304473876953,0,0.0,0,0.0,0,45.54279708862305,1,6
SH,Mamba,137,2282,208,208,20.8,0.12762396037578583,0.15997381508350372,1.6594388484954834,2.201643705368042,0.3886796534061432,0,-1,1,208,1.0,2.0,208,1.220524787902832,0,0.0,0,0.0,0,14.344189643859863,0,5
SH,Mamba,137,2283,262,262,26.200000000000003,0.38752129673957825,0.49450939893722534,1.5571411848068237,1.76470947265625,0.47486189007759094,0,-1,1,261,0.9961832061068703,2.0,262,1.2249287366867065,0,0.0,0,0.0,0,4.391085624694824,2,7
SH,Mamba,137,2284,564,564,56.400000000000006,0.1881161481142044,0.26296496391296387,4.292989253997803,4.776794910430908,0.5664642453193665,0,-1,1,564,1.0,2.0,564,1.0652223825454712,0,0.0,0,0.0,0,17.358640670776367,0,5
SH,Mamba,137,2285,495,495,49.5,0.25808489322662354,0.33675411343574524,3.812039852142334,4.552296161651611,0.6106277108192444,0,-1,1,433,0.8747474747474747,2.0,495,0.2848507761955261,0,0.0,0,0.0,0,5.178021430969238,2,7
SH,Mamba,137,2286,349,349,34.9,0.29828932881355286,0.3587513267993927,8.57079029083252,9.718337059020996,0.6420313715934753,0,-1,1,349,1.0,2.0,349,0.32262277603149414,0,0.0,0,0.0,0,7.824873447418213,2,7
SH,Mamba,137,2287,165,165,16.5,0.3132742941379547,0.41322609782218933,2.2910916805267334,2.6620395183563232,0.490269273519516,0,-1,1,165,1.0,2.0,165,1.1081175804138184,0,0.0,0,0.0,0,11.014935493469238,2,7
SH,Mamba,137,2288,426,426,42.6,0.20328940451145172,0.3279179632663727,1.5220798254013062,1.6786891222000122,0.2549338638782501,0,-1,1,257,0.6032863849765259,2.0,426,1.1525155305862427,0,0.0,0,0.0,0,1.4223318099975586,1,6
SH,Mamba,137,2289,257,257,25.700000000000003,0.571334958076477,0.7205734252929688,6.577486038208008,7.7591938972473145,0.9358248710632324,0,-1,0,0,0.0,2.0,257,2.296266555786133,0,0.0,0,0.0,0,12.359197616577148,0,5
SH,Mamba,137,2290,303,303,30.3,0.31384509801864624,0.40446925163269043,1.1904999017715454,1.453978419303894,0.3999073803424835,0,-1,1,213,0.7029702970297029,2.0,303,1.2440305948257446,0,0.0,0,0.0,0,1.1181224584579468,0,5
SH,Mamba,137,2291,170,170,17.0,0.20462098717689514,0.30154332518577576,3.4596176147460938,4.011824607849121,0.3678407073020935,0,-1,1,170,1.0,2.0,170,1.0519766807556152,0,0.0,0,0.0,0,18.51136589050293,0,5
SH,Mamba,137,2292,367,367,36.7,0.27868011593818665,0.3659893572330475,1.6360114812850952,1.740892767906189,0.2959170341491699,0,-1,1,367,1.0,2.0,367,1.1776984930038452,0,0.0,0,0.0,0,4.158107757568359,2,7
SH,Mamba,137,2293,148,148,14.8,0.37849700450897217,0.45210883021354675,2.938976764678955,4.5524797439575195,1.3690296411514282,0,-1,0,0,0.0,2.0,148,3.843909502029419,0,0.0,0,0.0,0,23.088932037353516,1,6
SH,Mamba,137,2294,172,172,17.2,0.2364007532596588,0.3150119185447693,0.9546977281570435,1.4738606214523315,0.4202609360218048,0,-1,1,42,0.2441860465116279,2.0,172,1.7471565008163452,0,0.0,0,0.0,0,4.585732936859131,0,5
SH,Mamba,137,2295,259,259,25.900000000000002,0.32590624690055847,0.39603137969970703,20.743249893188477,24.137405395507812,1.6715013980865479,0,-1,0,0,0.0,2.0,259,2.9597573280334473,0,0.0,0,0.0,0,54.332645416259766,2,7
SH,Mamba,137,2296,172,172,17.2,0.32702410221099854,0.4068850576877594,1.2346656322479248,1.4927424192428589,0.40780070424079895,0,-1,1,172,1.0,2.0,172,1.5142319202423096,0,0.0,0,0.0,0,15.1768217086792,1,6
SH,Mamba,137,2297,366,366,36.6,0.23637835681438446,0.32879555225372314,1.4499009847640991,2.1673800945281982,0.2822623550891876,0,-1,1,339,0.9262295081967213,2.0,366,0.8459355235099792,0,0.0,0,0.0,0,1.3506274223327637,1,6
SH,Mamba,137,2298,144,144,14.4,0.2352799028158188,0.2991565465927124,1.521401286125183,1.8098087310791016,0.31356605887413025,0,-1,1,144,1.0,2.0,144,0.9823459982872009,0,0.0,0,0.0,0,14.647181510925293,0,5
SH,Mamba,137,2299,232,232,23.200000000000003,0.23043480515480042,0.3335416913032532,2.7503037452697754,3.0855727195739746,0.3875443637371063,0,-1,1,232,1.0,2.0,232,1.0975834131240845,0,0.0,0,0.0,0,14.7218017578125,1,6
SH,Mamba,137,2300,149,149,14.9,0.20527370274066925,0.24364782869815826,4.085045337677002,5.532284259796143,0.880133330821991,0,-1,1,121,0.8120805369127517,2.0,149,1.336556315422058,0,0.0,0,0.0,0,25.648189544677734,1,6
SH,Mamba,137,2301,1768,1768,176.8,0.23668253421783447,0.29321038722991943,11.24312973022461,11.994239807128906,0.4935799539089203,0,-1,1,1707,0.9654977375565611,2.0,1768,0.5800265669822693,0,0.0,0,0.0,0,8.612550735473633,0,5
SH,Mamba,137,2302,237,237,23.700000000000003,0.23577988147735596,0.3069000244140625,0.791427731513977,0.9016836285591125,0.3018745481967926,0,-1,0,0,0.0,2.0,237,2.2554237842559814,0,0.0,0,0.0,0,0.9656298160552979,0,5
SH,Mamba,137,2303,252,252,25.200000000000003,0.12679901719093323,0.16305284202098846,6.53066873550415,7.340622901916504,0.5417819619178772,0,-1,1,44,0.1746031746031746,2.0,252,1.8916045427322388,0,0.0,0,0.0,0,37.56830978393555,2,7
SH,Mamba,137,2304,654,654,65.4,0.23270924389362335,0.35540106892585754,7.251659870147705,8.997243881225586,0.49410828948020935,0,-1,1,654,1.0,2.0,654,0.46972495317459106,0,0.0,0,0.0,0,3.9260058403015137,2,7
SH,Mamba,137,2305,232,232,23.200000000000003,0.2926623821258545,0.36224910616874695,1.414975643157959,1.7137179374694824,0.41589993238449097,0,-1,1,232,1.0,2.0,232,1.2819877862930298,0,0.0,0,0.0,0,3.1362123489379883,2,7
SH,Mamba,137,2306,152,152,15.200000000000001,0.3683718740940094,0.40120232105255127,11.200767517089844,13.639384269714355,1.3595069646835327,0,-1,1,152,1.0,2.0,152,1.2344592809677124,0,0.0,0,0.0,0,10.446011543273926,1,6
SH,Mamba,137,2307,400,400,40.0,0.3143458962440491,0.48496192693710327,1.7822506427764893,3.1831705570220947,0.645063042640686,0,-1,1,384,0.96,2.0,400,1.1200613975524902,0,0.0,0,0.0,0,6.2259416580200195,0,5
SH,Mamba,137,2308,181,181,18.1,0.33417728543281555,0.40566882491111755,5.068169116973877,6.264883995056152,1.0593242645263672,0,-1,1,79,0.43646408839779005,2.0,181,1.4324610233306885,0,0.0,0,0.0,0,30.049007415771484,0,5
SH,Mamba,137,2309,379,379,37.9,0.25962403416633606,0.321363240480423,1.3268635272979736,1.6253246068954468,0.2535174787044525,0,-1,1,379,1.0,2.0,379,0.6624366044998169,0,0.0,0,0.0,0,8.796449661254883,0,5
SH,Mamba,137,2310,161,161,16.1,0.5169047713279724,0.6751716136932373,8.405623435974121,10.03248119354248,1.067610263824463,0,-1,0,0,0.0,2.0,161,2.120243549346924,0,0.0,0,0.0,0,7.254697799682617,1,6
SH,Mamba,137,2311,237,237,23.700000000000003,0.213836207985878,0.28746670484542847,3.1203320026397705,3.8100106716156006,0.30537310242652893,0,-1,1,237,1.0,2.0,237,0.7874230742454529,0,0.0,0,0.0,0,2.220160722732544,1,6
SH,Mamba,137,2312,243,243,24.3,0.2801343500614166,0.32383549213409424,7.056143760681152,10.381235122680664,1.7985303401947021,0,-1,1,97,0.3991769547325103,2.0,243,1.2340819835662842,0,0.0,0,0.0,0,30.59032440185547,1,6
SH,Mamba,137,2313,213,213,21.3,0.2643639147281647,0.3249393105506897,1.5657334327697754,1.7941737174987793,0.3561510145664215,0,-1,1,153,0.7183098591549296,2.0,213,1.5567482709884644,0,0.0,0,0.0,0,5.806285381317139,0,5
SH,Mamba,137,2314,157,157,15.700000000000001,0.2707354426383972,0.36900562047958374,5.137722492218018,6.665830135345459,0.9744206070899963,0,-1,1,77,0.49044585987261147,2.0,157,1.2861928939819336,0,0.0,0,0.0,0,24.38540267944336,0,5
SH,Mamba,137,2315,163,163,16.3,0.7153472900390625,0.9788345098495483,15.445272445678711,17.82107162475586,2.1490519046783447,1,160,1,160,0.9815950920245399,2.0,160,0.0,0,0.0,0,0.0,0,0.0,2,7
SH,Mamba,137,2316,156,156,15.600000000000001,0.2000962793827057,0.2501852512359619,5.574305057525635,6.4512834548950195,0.5406003594398499,0,-1,1,156,1.0,2.0,156,1.3397523164749146,0,0.0,0,0.0,0,5.7929582595825195,1,6
SH,Mamba,137,2317,206,206,20.6,0.36502110958099365,0.4799399971961975,2.8994343280792236,3.4471137523651123,0.40775057673454285,1,193,1,193,0.9368932038834952,2.0,193,0.0,0,0.0,0,0.0,0,0.0,1,6
SH,Mamba,137,2318,174,174,17.400000000000002,0.5078578591346741,0.6167644262313843,6.194697856903076,7.101879596710205,1.0817476511001587,0,-1,1,125,0.7183908045977011,2.0,174,1.1083482503890991,0,0.0,0,0.0,0,18.320043563842773,2,7
SH,Mamba,137,2319,282,282,28.200000000000003,0.2377365529537201,0.3067166209220886,6.276576995849609,7.880462169647217,0.4685160219669342,0,-1,1,282,1.0,2.0,282,0.8853271007537842,0,0.0,0,0.0,0,5.81118106842041,0,5
SH,Mamba,137,2320,157,157,15.700000000000001,0.38413888216018677,0.45703306794166565,2.5352470874786377,3.3412201404571533,0.7240824103355408,0,-1,1,157,1.0,2.0,157,1.1844234466552734,0,0.0,0,0.0,0,21.740238189697266,1,6
SH,Mamba,137,2321,175,175,17.5,0.45175549387931824,0.5709857940673828,3.926992654800415,4.715390682220459,0.826866865158081,0,-1,1,121,0.6914285714285714,2.0,175,1.5211151838302612,0,0.0,0,0.0,0,17.556838989257812,2,7
SH,Mamba,137,2322,155,155,15.5,0.19998356699943542,0.2369488924741745,4.5841474533081055,5.612421989440918,0.651435136795044,0,-1,0,0,0.0,2.0,155,2.821295738220215,0,0.0,0,0.0,0,43.43486022949219,0,5
SH,Mamba,137,2323,171,171,17.1,0.25301221013069153,0.3226968050003052,1.4128004312515259,1.5863651037216187,0.26953384280204773,1,155,1,155,0.9064327485380117,2.0,155,0.0,0,0.0,0,0.0,0,0.0,0,5
SH,Mamba,137,2324,381,381,38.1,0.32870426774024963,0.4033023416996002,10.440633773803711,12.569812774658203,1.5062949657440186,0,-1,1,317,0.8320209973753281,2.0,381,0.5624663829803467,0,0.0,0,0.0,0,13.266737937927246,2,7
SH,Mamba,137,2325,206,206,20.6,0.1639195829629898,0.22672989964485168,0.3638128936290741,0.43521079421043396,0.1888042390346527,0,-1,1,175,0.8495145631067961,2.0,206,0.7823914289474487,0,0.0,0,0.0,0,0.9404927492141724,2,7
SH,Mamba,137,2326,682,682,68.2,0.24056389927864075,0.32278335094451904,9.593817710876465,10.672560691833496,0.5107510685920715,0,-1,1,682,1.0,2.0,682,0.4726220965385437,0,0.0,0,0.0,0,3.010474920272827,1,6
SH,Mamba,137,2327,150,150,15.0,0.29243212938308716,0.3704129755496979,1.4559522867202759,1.646335244178772,0.3334650993347168,0,-1,1,150,1.0,2.0,150,1.2135168313980103,0,0.0,0,0.0,0,6.862603664398193,1,6
SH,Mamba,137,2328,248,248,24.8,0.2708660662174225,0.372621089220047,3.4748544692993164,4.197879314422607,0.5804084539413452,0,-1,0,0,0.0,2.0,248,2.1323931217193604,0,0.0,0,0.0,0,4.236114025115967,1,6
SH,Mamba,137,2329,333,333,33.300000000000004,0.25999704003334045,0.3529861867427826,1.6875091791152954,2.658351421356201,0.619057297706604,0,-1,1,270,0.8108108108108109,2.0,333,1.5451068878173828,0,0.0,0,0.0,0,8.626821517944336,0,5
SH,Mamba,137,2330,187,187,18.7,0.2430357038974762,0.32039153575897217,2.002817392349243,2.5861287117004395,0.5125060677528381,0,-1,1,14,0.0748663101604278,2.0,187,1.9604687690734863,0,0.0,0,0.0,0,3.0428407192230225,1,6
SH,Mamba,137,2331,323,323,32.300000000000004,0.25941964983940125,0.34428733587265015,1.2311943769454956,1.4307605028152466,0.29525578022003174,0,-1,1,301,0.9318885448916409,2.0,323,0.4807407557964325,0,0.0,0,0.0,0,0.07157419621944427,1,6
SH,Mamba,137,2332,259,259,25.900000000000002,0.20315121114253998,0.24379673600196838,3.080183982849121,3.622016429901123,0.4045611321926117,0,-1,1,259,1.0,2.0,259,1.216551423072815,0,0.0,0,0.0,0,12.97236442565918,0,5
SH,Mamba,137,2333,278,278,27.8,0.280152291059494,0.3582284152507782,9.798714637756348,11.615078926086426,1.084625244140625,0,-1,0,0,0.0,2.0,278,2.95859694480896,0,0.0,0,0.0,0,18.858945846557617,1,6
SH,Mamba,137,2334,173,173,17.3,0.3063204884529114,0.4489285349845886,2.8301422595977783,3.85147762298584,0.5582723021507263,0,-1,1,173,1.0,2.0,173,1.059329628944397,0,0.0,0,0.0,0,11.008981704711914,2,7
SH,Mamba,137,2335,236,236,23.6,0.23199595510959625,0.2703654170036316,1.7913329601287842,2.2058568000793457,0.7014495730400085,0,-1,1,236,1.0,2.0,236,1.26370108127594,0,0.0,0,0.0,0,23.046985626220703,1,6
SH,Mamba,137,2336,291,291,29.1,0.24035465717315674,0.30972835421562195,0.7104856371879578,0.7844297289848328,0.2257491946220398,0,-1,1,111,0.38144329896907214,2.0,291,1.4798164367675781,0,0.0,0,0.0,0,2.9302408695220947,1,6
SH,Mamba,137,2337,422,422,42.2,0.18225157260894775,0.2285277545452118,4.249253749847412,6.990787029266357,0.5935977101325989,0,-1,1,415,0.9834123222748815,2.0,422,1.2718232870101929,0,0.0,0,0.0,0,4.330636024475098,1,6
SH,Mamba,137,2338,150,150,15.0,0.24038030207157135,0.2838374376296997,3.7322559356689453,4.539153099060059,0.5986758470535278,0,-1,1,135,0.9,2.0,150,1.6186497211456299,0,0.0,0,0.0,0,48.85317611694336,2,7
SH,Mamba,137,2339,440,440,44.0,0.22546124458312988,0.313614159822464,1.3565828800201416,2.0623600482940674,0.38612473011016846,0,-1,1,414,0.9409090909090909,2.0,440,1.4016438722610474,0,0.0,0,0.0,0,4.919431209564209,2,7
SH,Mamba,137,2340,222,222,22.200000000000003,0.5598182082176208,0.7403600215911865,25.36158561706543,35.103965759277344,3.3575963973999023,0,-1,0,0,0.0,2.0,222,3.3234803676605225,0,0.0,0,0.0,0,37.842384338378906,1,6
SH,Mamba,137,2341,140,140,14.0,0.13186274468898773,0.1639602780342102,1.7618037462234497,2.6868064403533936,0.5881730914115906,0,-1,1,87,0.6214285714285714,2.0,140,1.340312123298645,0,0.0,0,0.0,0,29.66377067565918,0,5
SH,Mamba,137,2342,434,434,43.400000000000006,0.21546810865402222,0.27928978204727173,4.613333702087402,5.783346176147461,0.5769073367118835,0,-1,0,0,0.0,2.0,434,2.185072183609009,0,0.0,0,0.0,0,3.236851930618286,1,6
SH,Mamba,137,2343,282,282,28.200000000000003,0.17682741582393646,0.2327136993408203,11.684743881225586,16.052701950073242,1.353327989578247,0,-1,0,0,0.0,2.0,282,2.3967089653015137,0,0.0,0,0.0,0,36.5709228515625,1,6
SH,Mamba,137,2344,501,501,50.1,0.24878738820552826,0.35608842968940735,1.3698281049728394,1.7660681009292603,0.41475966572761536,0,-1,1,472,0.9421157684630739,2.0,501,1.1549845933914185,0,0.0,0,0.0,0,3.641382932662964,2,7
SH,Mamba,137,2345,172,172,17.2,0.2127397656440735,0.26432734727859497,2.988023519515991,3.3726587295532227,0.31262660026550293,0,-1,1,172,1.0,2.0,172,1.2567424774169922,0,0.0,0,0.0,0,20.532026290893555,2,7
SH,Mamba,137,2346,204,204,20.400000000000002,0.22795654833316803,0.2996760606765747,1.2932121753692627,1.5472631454467773,0.3639723062515259,0,-1,1,36,0.17647058823529413,2.0,204,1.862833023071289,0,0.0,0,0.0,0,6.1817779541015625,2,7
SH,Mamba,137,2347,150,150,15.0,0.35440534353256226,0.4363885223865509,0.8377556800842285,1.3349963426589966,0.3447438180446625,0,-1,1,112,0.7466666666666667,2.0,150,1.538399338722229,0,0.0,0,0.0,0,4.6524271965026855,0,5
SH,Mamba,137,2348,180,180,18.0,0.2519064247608185,0.3097693622112274,0.8798527121543884,1.0641462802886963,0.48339563608169556,0,-1,1,180,1.0,2.0,180,1.300020694732666,0,0.0,0,0.0,0,1.8691643476486206,2,7
SH,Mamba,137,2349,275,275,27.5,0.3197227120399475,0.4064810276031494,4.759043216705322,5.83927583694458,0.5377926826477051,0,-1,1,246,0.8945454545454545,2.0,275,1.4095993041992188,0,0.0,0,0.0,0,1.8323765993118286,2,7
SH,Mamba,137,2350,791,791,79.10000000000001,0.3476059138774872,0.45093584060668945,6.073450088500977,7.170711994171143,0.6364158987998962,0,-1,1,229,0.2895069532237674,2.0,791,1.7893534898757935,0,0.0,0,0.0,0,4.571802139282227,0,5
SH,Mamba,137,2351,470,470,47.0,0.31281161308288574,0.39603984355926514,6.897668838500977,9.995393753051758,0.8476492762565613,0,-1,1,470,1.0,2.0,470,0.9733284711837769,0,0.0,0,0.0,0,17.116533279418945,1,6
SH,Mamba,137,2352,169,169,16.900000000000002,0.21764443814754486,0.27419888973236084,0.6246076226234436,0.7846666574478149,0.1910264492034912,0,-1,1,57,0.33727810650887574,2.0,169,1.7449791431427002,0,0.0,0,0.0,0,1.0667492151260376,2,7
SH,Mamba,137,2353,163,163,16.3,0.2094055414199829,0.2495141178369522,1.9670002460479736,2.7014312744140625,0.32447177171707153,0,-1,1,163,1.0,2.0,163,1.0581943988800049,0,0.0,0,0.0,0,21.557464599609375,0,5
SH,Mamba,137,2354,482,482,48.2,0.1438172161579132,0.18547233939170837,1.8765604496002197,2.465195655822754,0.3945184350013733,0,-1,1,482,1.0,2.0,482,0.8263696432113647,0,0.0,0,0.0,0,12.482731819152832,2,7
SH,Mamba,137,2355,321,321,32.1,0.29461413621902466,0.4507339596748352,1.9074132442474365,2.276320695877075,0.5152295231819153,0,-1,1,321,1.0,2.0,321,0.8714428544044495,0,0.0,0,0.0,0,7.7656378746032715,1,6
SH,Mamba,137,2356,238,238,23.8,0.2938084304332733,0.3839470446109772,1.139755368232727,1.2600157260894775,0.36823001503944397,0,-1,1,40,0.16806722689075632,2.0,238,1.922538161277771,0,0.0,0,0.0,0,1.2683864831924438,1,6
SH,Mamba,137,2357,191,191,19.1,0.32965853810310364,0.40050074458122253,2.0055322647094727,2.365797281265259,0.35320109128952026,0,-1,1,188,0.9842931937172775,2.0,191,1.5469815731048584,0,0.0,0,0.0,0,5.694885730743408,0,5
SH,Mamba,137,2358,294,294,29.400000000000002,0.21705004572868347,0.29080730676651,2.358807325363159,2.720317840576172,0.4345231056213379,0,-1,1,256,0.8707482993197279,2.0,294,1.0677300691604614,0,0.0,0,0.0,0,14.785301208496094,0,5
SH,Mamba,137,2359,149,149,14.9,0.3518586754798889,0.4576748311519623,1.1520442962646484,1.4529216289520264,0.5095687508583069,0,-1,1,80,0.5369127516778524,2.0,149,1.661745548248291,0,0.0,0,0.0,0,2.5651097297668457,2,7
SH,Mamba,137,2360,202,202,20.200000000000003,0.139858677983284,0.18797889351844788,6.198122978210449,7.322943210601807,0.48565390706062317,0,-1,1,74,0.36633663366336633,2.0,202,1.8963483572006226,0,0.0,0,0.0,0,15.27674674987793,1,6
SH,Mamba,137,2361,139,139,13.9,0.2373034805059433,0.31612852215766907,0.7204359769821167,0.9678199887275696,0.256346195936203,0,-1,0,0,0.0,2.0,139,2.442525863647461,0,0.0,0,0.0,0,3.7772088050842285,2,7
SH,Mamba,137,2362,710,710,71.0,0.19023312628269196,0.2443685084581375,4.642574787139893,5.048618793487549,0.33299124240875244,0,-1,1,710,1.0,2.0,710,0.4624001979827881,0,0.0,0,0.0,0,5.219508171081543,0,5
SH,Mamba,137,2363,201,201,20.1,0.22351767122745514,0.28720176219940186,14.990142822265625,18.775524139404297,1.841836929321289,0,-1,1,22,0.10945273631840796,2.0,201,1.9440069198608398,0,0.0,0,0.0,0,3.6728219985961914,0,5
SH,Mamba,137,2364,467,467,46.7,0.19818030297756195,0.25444796681404114,5.433958530426025,6.143289566040039,0.3415144085884094,0,-1,1,464,0.9935760171306209,2.0,467,1.5938547849655151,0,0.0,0,0.0,0,4.784894943237305,0,5
SH,Mamba,137,2365,131,131,13.100000000000001,0.20283243060112,0.23319804668426514,0.4424419403076172,0.5073125958442688,0.16656406223773956,0,-1,1,131,1.0,2.0,131,1.085961103439331,0,0.0,0,0.0,0,16.46858024597168,1,6
SH,Mamba,137,2366,262,262,26.200000000000003,0.22690613567829132,0.29983949661254883,5.354888916015625,6.22517728805542,0.7276536822319031,0,-1,1,153,0.583969465648855,2.0,262,1.431929111480713,0,0.0,0,0.0,0,21.342987060546875,0,5
SH,Mamba,137,2367,198,198,19.8,0.26800504326820374,0.3488726019859314,1.2952256202697754,1.6281936168670654,0.409893274307251,0,-1,1,8,0.04040404040404041,2.0,198,1.980721354484558,0,0.0,0,0.0,0,7.403744220733643,0,5
SH,Mamba,137,2368,135,135,13.5,0.51396244764328,0.6001763343811035,1.1366512775421143,2.0124642848968506,0.8496933579444885,0,-1,0,0,0.0,2.0,135,2.261831760406494,0,0.0,0,0.0,0,2.5332958698272705,2,7
SH,Mamba,137,2369,164,164,16.400000000000002,0.5578582882881165,0.6259163618087769,6.2572503089904785,7.567198276519775,1.4740737676620483,0,-1,1,98,0.5975609756097561,2.0,164,1.6164965629577637,0,0.0,0,0.0,0,2.215261459350586,2,7
SH,Mamba,137,2370,144,144,14.4,0.20713454484939575,0.28331393003463745,3.974154233932495,6.085628032684326,0.9571322202682495,0,-1,0,0,0.0,2.0,144,2.0125339031219482,0,0.0,0,0.0,0,33.0796012878418,1,6
SH,Mamba,137,2371,196,196,19.6,0.07401341944932938,0.09894227981567383,3.2094526290893555,4.568942070007324,0.4594651162624359,0,-1,0,0,0.0,2.0,196,3.9138565063476562,0,0.0,0,0.0,0,65.41203308105469,2,7
SH,Mamba,137,2372,263,263,26.3,0.15821942687034607,0.20846574008464813,1.9514282941818237,2.3910698890686035,0.32947996258735657,0,-1,1,263,1.0,2.0,263,1.1607881784439087,0,0.0,0,0.0,0,13.928014755249023,2,7
SH,Mamba,137,2373,151,151,15.100000000000001,0.27317795157432556,0.3304652273654938,2.1000454425811768,2.4878435134887695,0.34585121273994446,0,-1,1,44,0.2913907284768212,2.0,151,1.8859796524047852,0,0.0,0,0.0,0,4.422220230102539,1,6
SH,Mamba,137,2374,156,156,15.600000000000001,0.3184747099876404,0.4019090235233307,0.9366300702095032,1.2138571739196777,0.4718063473701477,0,-1,1,93,0.5961538461538461,2.0,156,1.6422383785247803,0,0.0,0,0.0,0,4.152470111846924,2,7
SH,Mamba,137,2375,743,743,74.3,0.2371462881565094,0.3136238157749176,2.416506767272949,2.9835500717163086,0.304863840341568,0,-1,1,743,1.0,2.0,743,0.8424705266952515,0,0.0,0,0.0,0,2.531475067138672,2,7
SH,Mamba,137,2376,528,528,52.800000000000004,0.33165326714515686,0.48850017786026,8.353818893432617,9.30640697479248,8.34529972076416,1,222,1,222,0.42045454545454547,2.0,222,0.0,0,0.0,0,0.0,0,0.0,1,6
SH,Mamba,137,2377,186,186,18.6,0.2069491744041443,0.2510278522968292,4.183948040008545,5.296625137329102,0.42545580863952637,0,-1,1,186,1.0,2.0,186,1.2259676456451416,0,0.0,0,0.0,0,2.9703445434570312,2,7
SH,Mamba,137,2378,131,131,13.100000000000001,0.16662199795246124,0.19866804778575897,2.060731887817383,2.793853759765625,0.3776903450489044,0,-1,1,131,1.0,2.0,131,1.450977087020874,0,0.0,0,0.0,0,19.688385009765625,2,7
SH,Mamba,137,2379,210,210,21.0,0.18201470375061035,0.23570850491523743,2.2955565452575684,3.4912004470825195,0.3943934142589569,0,-1,1,210,1.0,2.0,210,1.3675864934921265,0,0.0,0,0.0,0,2.3955016136169434,1,6
SH,Mamba,137,2380,197,197,19.700000000000003,0.42476922273635864,0.5467364192008972,1.1830836534500122,1.5917539596557617,0.5988115668296814,0,-1,1,197,1.0,2.0,197,0.933426022529602,0,0.0,0,0.0,0,3.965531826019287,1,6
SH,Mamba,137,2381,285,285,28.5,0.3617798984050751,0.4400630593299866,1.4720346927642822,1.9369174242019653,0.5644957423210144,0,-1,1,198,0.6947368421052632,2.0,285,1.4946520328521729,0,0.0,0,0.0,0,8.008989334106445,1,6
SH,Mamba,137,2382,172,172,17.2,0.21094340085983276,0.2529071271419525,2.436201810836792,2.93534779548645,0.8546425700187683,0,-1,1,18,0.10465116279069768,2.0,172,1.9509598016738892,0,0.0,0,0.0,0,38.25801467895508,0,5
SH,Mamba,137,2383,192,192,19.200000000000003,0.36228907108306885,0.4725114703178406,2.436537265777588,2.8788933753967285,0.4047941267490387,0,-1,1,83,0.4322916666666667,2.0,192,1.6504634618759155,0,0.0,0,0.0,0,3.7819833755493164,1,6
SH,Mamba,137,2384,248,248,24.8,0.3019121289253235,0.384326696395874,4.389870643615723,4.955512046813965,0.5530358552932739,0,-1,1,248,1.0,2.0,248,0.42446091771125793,0,0.0,0,0.0,0,3.244509696960449,2,7
SH,Mamba,137,2385,318,318,31.8,0.18730312585830688,0.21451237797737122,2.2656331062316895,2.750701665878296,0.3866952955722809,0,-1,1,318,1.0,2.0,318,1.3596467971801758,0,0.0,0,0.0,0,12.485347747802734,1,6
SH,Mamba,137,2386,166,166,16.6,0.49742692708969116,0.6620385646820068,1.4349188804626465,2.3919553756713867,2.5290403366088867,1,8,1,8,0.04819277108433735,2.0,8,0.0,0,0.0,0,0.0,0,0.0,2,7
SH,Mamba,137,2387,684,684,68.4,0.31288737058639526,0.4036233723163605,2.6597771644592285,3.343169927597046,1.7892652750015259,1,355,1,355,0.5190058479532164,2.0,355,0.0,0,0.0,0,0.0,0,0.0,1,6
SH,Mamba,137,2388,193,193,19.3,0.24736784398555756,0.30977290868759155,0.6606608033180237,0.8996269106864929,0.17395544052124023,0,-1,1,193,1.0,2.0,193,0.6154115796089172,0,0.0,0,0.0,0,0.7813643217086792,0,5
SH,Mamba,137,2389,357,357,35.7,0.27701497077941895,0.3540760576725006,3.783172607421875,4.51453971862793,0.5019723773002625,0,-1,1,357,1.0,2.0,357,1.3095059394836426,0,0.0,0,0.0,0,14.77725601196289,2,7
SH,Mamba,137,2390,402,402,40.2,0.28262418508529663,0.39387866854667664,1.698495626449585,2.531005382537842,0.5592492818832397,0,-1,0,0,0.0,2.0,402,2.0176761150360107,0,0.0,0,0.0,0,7.618934631347656,0,5
SH,Mamba,137,2391,743,743,74.3,0.3013988435268402,0.4084398150444031,3.5832643508911133,4.419612884521484,0.4087432026863098,0,-1,1,677,0.9111709286675639,2.0,743,1.1058592796325684,0,0.0,0,0.0,0,0.8721205592155457,1,6
SH,Mamba,137,2392,165,165,16.5,0.20703880488872528,0.2649792730808258,0.9982980489730835,1.1994357109069824,0.34392789006233215,0,-1,1,165,1.0,2.0,165,0.8211528658866882,0,0.0,0,0.0,0,9.1179838180542,0,5
SH,Mamba,137,2393,215,215,21.5,0.36625468730926514,0.44028371572494507,3.095219373703003,3.6862356662750244,0.408107727766037,0,-1,1,181,0.8418604651162791,2.0,215,1.440834879875183,0,0.0,0,0.0,0,2.476146697998047,0,5
SH,Mamba,137,2394,154,154,15.4,0.1333792805671692,0.15760451555252075,4.408395290374756,5.220547199249268,0.4679369330406189,0,-1,1,154,1.0,2.0,154,0.7380903363227844,0,0.0,0,0.0,0,10.684195518493652,2,7
SH,Mamba,137,2395,190,190,19.0,0.39784425497055054,0.5269894003868103,1.1992778778076172,1.5026048421859741,0.42957210540771484,0,-1,1,146,0.7684210526315789,2.0,190,1.1458971500396729,0,0.0,0,0.0,0,4.571200370788574,1,6
SH,Mamba,137,2396,132,132,13.200000000000001,0.22158293426036835,0.29199621081352234,1.8917043209075928,2.446230173110962,0.4840017855167389,0,-1,1,132,1.0,2.0,132,0.9987213611602783,0,0.0,0,0.0,0,2.2638041973114014,1,6
SH,Mamba,137,2397,222,222,22.200000000000003,0.16853822767734528,0.21770048141479492,6.681666374206543,7.818850040435791,0.6702582836151123,0,-1,1,222,1.0,2.0,222,1.3415199518203735,0,0.0,0,0.0,0,21.479110717773438,2,7
SH,Mamba,137,2398,162,162,16.2,0.40426504611968994,0.5247892737388611,0.882511556148529,1.0268502235412598,0.44159996509552,0,-1,1,154,0.9506172839506173,2.0,162,1.2751028537750244,0,0.0,0,0.0,0,5.577262878417969,2,7
SH,Mamba,137,2399,175,175,17.5,0.25763434171676636,0.3078274428844452,10.1137056350708,12.908052444458008,1.3230136632919312,0,-1,0,0,0.0,2.0,175,2.220646858215332,0,0.0,0,0.0,0,19.438732147216797,0,5
SH,Mamba,137,2400,343,343,34.300000000000004,0.27216944098472595,0.339544415473938,1.1684621572494507,1.4575996398925781,0.42016440629959106,0,-1,1,40,0.11661807580174927,2.0,343,1.7639539241790771,0,0.0,0,0.0,0,11.009980201721191,1,6
SH,Mamba,137,2401,661,661,66.10000000000001,0.2414320409297943,0.30914896726608276,12.67360782623291,14.585769653320312,0.7435195446014404,0,-1,1,661,1.0,2.0,661,0.7881208658218384,0,0.0,0,0.0,0,11.719054222106934,2,7
SH,Mamba,137,2402,276,276,27.6,0.5649954080581665,0.6804468631744385,13.854626655578613,17.428730010986328,2.142378091812134,0,-1,0,0,0.0,2.0,276,2.806006669998169,0,0.0,0,0.0,0,4.8401641845703125,1,6
SH,Mamba,137,2403,156,156,15.600000000000001,0.31446006894111633,0.3867422044277191,4.506558895111084,5.351255416870117,0.7376001477241516,0,-1,1,156,1.0,2.0,156,0.9384783506393433,0,0.0,0,0.0,0,5.5842390060424805,0,5
SH,Mamba,137,2404,255,255,25.5,0.39998769760131836,0.5970543026924133,6.96536922454834,8.026826858520508,0.6625400185585022,0,-1,1,255,1.0,2.0,255,0.9259116649627686,0,0.0,0,0.0,0,6.564120292663574,1,6
SH,Mamba,137,2405,240,240,24.0,0.39271080493927,0.4547892212867737,1.1949870586395264,1.6306551694869995,0.5027968287467957,0,-1,1,240,1.0,2.0,240,1.115106225013733,0,0.0,0,0.0,0,4.380612850189209,0,5
SH,Mamba,137,2406,296,296,29.6,0.36747419834136963,0.48530113697052,2.1852262020111084,2.885148525238037,0.5499974489212036,0,-1,1,296,1.0,2.0,296,0.6788799166679382,0,0.0,0,0.0,0,11.961812973022461,0,5
SH,Mamba,137,2407,231,231,23.1,0.24689804017543793,0.3204292058944702,3.7569029331207275,4.443310737609863,0.484910786151886,0,-1,1,86,0.3722943722943723,2.0,231,1.6875104904174805,0,0.0,0,0.0,0,0.5447630882263184,2,7
SH,Mamba,137,2408,454,454,45.400000000000006,0.3025675415992737,0.35814619064331055,5.338373184204102,6.618137359619141,0.4589621126651764,0,-1,1,454,1.0,2.0,454,0.6225932240486145,0,0.0,0,0.0,0,10.717474937438965,2,7
SH,Mamba,137,2409,1831,1831,183.10000000000002,0.2729359567165375,0.3428868353366852,2.5877654552459717,3.364039182662964,0.4874175488948822,0,-1,1,1831,1.0,2.0,1831,0.9532815217971802,0,0.0,0,0.0,0,4.955911636352539,1,6
SH,Mamba,137,2410,161,161,16.1,0.4460299611091614,0.6229469180107117,1.8484368324279785,3.0237181186676025,0.83994460105896,0,-1,1,161,1.0,2.0,161,0.7514330744743347,0,0.0,0,0.0,0,6.512886047363281,2,7
SH,Mamba,137,2411,184,184,18.400000000000002,0.3535495400428772,0.5259593725204468,5.445145130157471,6.13239860534668,0.7529782652854919,1,171,1,171,0.9293478260869565,2.0,171,0.0,0,0.0,0,0.0,0,0.0,1,6
SH,Mamba,137,2412,134,134,13.4,0.2933807969093323,0.3327118456363678,2.2420554161071777,2.674738645553589,0.5382042527198792,0,-1,0,0,0.0,2.0,134,2.1543803215026855,0,0.0,0,0.0,0,2.7341558933258057,2,7
SH,Mamba,137,2413,135,135,13.5,0.22899848222732544,0.28060850501060486,2.727388858795166,3.048506259918213,0.5200900435447693,0,-1,1,135,1.0,2.0,135,0.7784379124641418,0,0.0,0,0.0,0,14.42982292175293,0,5
SH,Mamba,137,2414,141,141,14.100000000000001,0.2663080096244812,0.36151060461997986,2.2207884788513184,2.677966594696045,0.8194068074226379,0,-1,0,0,0.0,2.0,141,2.0357487201690674,0,0.0,0,0.0,0,8.213955879211426,2,7
SH,Mamba,137,2415,289,289,28.900000000000002,0.27236074209213257,0.3254666030406952,2.476118564605713,2.6557857990264893,0.24543368816375732,0,-1,1,289,1.0,2.0,289,1.020921230316162,0,0.0,0,0.0,0,10.425453186035156,2,7
SH,Mamba,137,2416,869,869,86.9,0.17462140321731567,0.2322811484336853,2.7430946826934814,3.229288339614868,0.26400554180145264,0,-1,1,465,0.5350978135788262,2.0,869,1.3311831951141357,0,0.0,0,0.0,0,3.4250521659851074,1,6
SH,Mamba,137,2417,167,167,16.7,0.23312640190124512,0.26343709230422974,8.263585090637207,11.87185287475586,1.7163658142089844,0,-1,0,0,0.0,2.0,167,2.5596630573272705,0,0.0,0,0.0,0,55.361534118652344,2,7
SH,Mamba,137,2418,167,167,16.7,0.18186141550540924,0.20931187272071838,0.6906729340553284,1.0086712837219238,0.3575367033481598,0,-1,1,167,1.0,2.0,167,0.7372810244560242,0,0.0,0,0.0,0,2.4236323833465576,0,5
SH,Mamba,137,2419,237,237,23.700000000000003,0.1711479127407074,0.22866113483905792,3.580448865890503,4.5251851081848145,0.44881731271743774,0,-1,1,93,0.3924050632911392,2.0,237,0.7139405608177185,0,0.0,0,0.0,0,19.311307907104492,2,7
SH,Mamba,137,2420,257,257,25.700000000000003,0.2739434540271759,0.33775222301483154,0.9276631474494934,1.1363073587417603,0.37008899450302124,0,-1,1,257,1.0,2.0,257,0.8459263443946838,0,0.0,0,0.0,0,4.540719509124756,1,6
SH,Mamba,137,2421,142,142,14.200000000000001,0.2780935764312744,0.3721167743206024,3.5794174671173096,5.777810096740723,1.106866478919983,0,-1,0,0,0.0,2.0,142,2.3943448066711426,0,0.0,0,0.0,0,33.423954010009766,1,6
SH,Mamba,137,2422,266,266,26.6,0.241034135222435,0.29518797993659973,12.84181022644043,14.568917274475098,0.7386411428451538,0,-1,1,266,1.0,2.0,266,0.5734267234802246,0,0.0,0,0.0,0,9.68259334564209,2,7
SH,Mamba,137,2423,753,753,75.3,0.40520521998405457,0.4733463525772095,22.19405746459961,33.761024475097656,2.104168176651001,0,-1,0,0,0.0,2.0,753,2.425858736038208,0,0.0,0,0.0,0,12.784689903259277,1,6
SH,Mamba,137,2424,233,233,23.3,0.230437234044075,0.2821105122566223,1.2773239612579346,1.5336723327636719,0.22567754983901978,0,-1,1,233,1.0,2.0,233,1.0480973720550537,0,0.0,0,0.0,0,6.205170154571533,0,5
SH,Mamba,137,2425,173,173,17.3,0.21690888702869415,0.2896636724472046,1.4294623136520386,1.5804588794708252,0.2499144822359085,0,-1,1,150,0.8670520231213873,2.0,173,1.429714560508728,0,0.0,0,0.0,0,4.5175347328186035,0,5
SH,Mamba,137,2426,314,314,31.400000000000002,0.20156733691692352,0.3102909028530121,2.734743356704712,2.9903295040130615,0.3334626257419586,0,-1,1,314,1.0,2.0,314,0.47703564167022705,0,0.0,0,0.0,0,4.04094123840332,0,5
SH,Mamba,137,2427,197,197,19.700000000000003,0.20986369252204895,0.2578268051147461,10.04051685333252,12.262529373168945,1.0034370422363281,0,-1,0,0,0.0,2.0,197,2.0148966312408447,0,0.0,0,0.0,0,64.66043853759766,2,7
SH,Mamba,137,2428,198,198,19.8,0.25948455929756165,0.32217520475387573,1.0909234285354614,1.3602113723754883,0.45046693086624146,0,-1,1,198,1.0,2.0,198,1.044029712677002,0,0.0,0,0.0,0,3.416682481765747,1,6
SH,Mamba,137,2429,477,477,47.7,0.16225551068782806,0.19526934623718262,4.1201348304748535,5.211354732513428,0.5926313996315002,0,-1,1,137,0.28721174004192873,2.0,477,1.2550361156463623,0,0.0,0,0.0,0,17.488712310791016,2,7
SH,Mamba,137,2430,180,180,18.0,0.28008413314819336,0.3357662260532379,2.467107057571411,2.7921102046966553,0.4243420958518982,0,-1,1,121,0.6722222222222223,2.0,180,1.8020585775375366,0,0.0,0,0.0,0,4.284399032592773,0,5
SH,Mamba,137,2431,174,174,17.400000000000002,0.1995069533586502,0.230805903673172,6.1905341148376465,8.324031829833984,1.1848984956741333,0,-1,1,119,0.6839080459770115,2.0,174,1.4677304029464722,0,0.0,0,0.0,0,25.734237670898438,0,5
SH,Mamba,137,2432,165,165,16.5,0.36615192890167236,0.4501909017562866,4.448490619659424,5.39163064956665,0.6129158139228821,0,-1,0,0,0.0,2.0,165,3.147830009460449,0,0.0,0,0.0,0,10.78826904296875,1,6
SH,Mamba,137,2433,150,150,15.0,0.42068594694137573,0.5366688370704651,3.415464162826538,4.240880489349365,1.1251704692840576,0,-1,0,0,0.0,2.0,150,2.1856441497802734,0,0.0,0,0.0,0,15.80518627166748,1,6
SH,Mamba,137,2434,319,319,31.900000000000002,0.7202123999595642,0.885566771030426,55.364158630371094,69.1326904296875,4.207371234893799,0,-1,0,0,0.0,2.0,319,3.6056368350982666,0,0.0,0,0.0,0,30.09988784790039,2,7
SH,Mamba,137,2435,1191,1191,119.10000000000001,0.2794053554534912,0.36966219544410706,3.062296152114868,3.917691230773926,0.4048013389110565,0,-1,1,1153,0.9680940386230059,2.0,1191,0.9730562567710876,0,0.0,0,0.0,0,3.2354536056518555,2,7
SH,Mamba,137,2436,328,328,32.800000000000004,0.558513343334198,0.6996339559555054,13.396242141723633,15.851510047912598,1.2519927024841309,0,-1,1,84,0.25609756097560976,2.0,328,1.396170973777771,0,0.0,0,0.0,0,5.934476375579834,1,6
SH,Mamba,137,2437,210,210,21.0,0.12121900916099548,0.1390489786863327,8.625250816345215,11.70167064666748,1.192570686340332,0,-1,0,0,0.0,2.0,210,2.164584159851074,0,0.0,0,0.0,0,37.58536911010742,2,7
SH,Mamba,137,2438,297,297,29.700000000000003,0.2774122953414917,0.35606881976127625,3.220559597015381,4.094316482543945,0.5545013546943665,0,-1,1,293,0.9865319865319865,2.0,297,1.3851398229599,0,0.0,0,0.0,0,8.378114700317383,2,7
SH,Mamba,137,2439,223,223,22.3,0.34736889600753784,0.4584917724132538,4.8076171875,5.486934185028076,1.0444990396499634,0,-1,0,0,0.0,2.0,223,3.5231759548187256,0,0.0,0,0.0,0,3.637237787246704,1,6
SH,Mamba,137,2440,175,175,17.5,0.4073244035243988,0.47478264570236206,1.7787086963653564,2.0666592121124268,0.5324037075042725,0,-1,1,154,0.88,2.0,175,1.5981600284576416,0,0.0,0,0.0,0,3.541410446166992,1,6
SH,Mamba,137,2441,329,329,32.9,0.32402095198631287,0.4082554876804352,6.070793628692627,8.677252769470215,0.7417979836463928,0,-1,1,329,1.0,2.0,329,1.2754490375518799,0,0.0,0,0.0,0,21.799528121948242,0,5
SH,Mamba,137,2442,201,201,20.1,0.499063640832901,0.5811704993247986,1.5360628366470337,1.727177381515503,0.671800434589386,0,-1,1,201,1.0,2.0,201,1.2036319971084595,0,0.0,0,0.0,0,16.47955894470215,1,6
SH,Mamba,137,2443,193,193,19.3,0.2180982232093811,0.2666581869125366,5.654031276702881,7.275711536407471,0.8334340453147888,0,-1,0,0,0.0,2.0,193,2.587082624435425,0,0.0,0,0.0,0,14.997257232666016,1,6
SH,Mamba,137,2444,738,738,73.8,0.25987380743026733,0.35172605514526367,8.409914016723633,9.378326416015625,0.3262319564819336,1,703,1,703,0.9525745257452575,2.0,703,0.0,0,0.0,0,0.0,0,0.0,1,6
SH,Mamba,137,2445,279,279,27.900000000000002,0.2223537564277649,0.2710796892642975,39.80887985229492,50.44623565673828,3.5423779487609863,0,-1,0,0,0.0,2.0,279,8.653406143188477,0,0.0,0,0.0,0,80.43010711669922,0,5
SH,Mamba,137,2446,212,212,21.200000000000003,0.3239457607269287,0.40578344464302063,5.763159275054932,7.245583534240723,0.5637417435646057,0,-1,1,131,0.6179245283018868,2.0,212,1.548891544342041,0,0.0,0,0.0,0,3.3255977630615234,2,7
SH,Mamba,137,2447,266,266,26.6,0.22616013884544373,0.30807051062583923,8.385811805725098,10.524849891662598,0.7907666563987732,0,-1,1,266,1.0,2.0,266,1.2965275049209595,0,0.0,0,0.0,0,16.974897384643555,1,6
SH,Mamba,137,2448,268,268,26.8,0.23523123562335968,0.2943258285522461,1.0720276832580566,1.87625253200531,0.4843631088733673,0,-1,1,245,0.914179104477612,2.0,268,1.3906866312026978,0,0.0,0,0.0,0,20.186355590820312,2,7
SH,Mamba,137,2449,196,196,19.6,0.3490321636199951,0.4788352847099304,1.6243724822998047,2.1570143699645996,0.6328607201576233,0,-1,1,47,0.23979591836734693,2.0,196,1.8115160465240479,0,0.0,0,0.0,0,4.168433666229248,0,5
SH,Mamba,137,2450,254,254,25.400000000000002,0.38060542941093445,0.4628261625766754,4.112963676452637,5.256606101989746,0.5974161624908447,0,-1,1,254,1.0,2.0,254,0.4004674255847931,0,0.0,0,0.0,0,5.409252643585205,2,7
SH,Mamba,137,2451,187,187,18.7,0.3352620005607605,0.39080801606178284,2.89992618560791,3.801466226577759,0.5191607475280762,0,-1,1,153,0.8181818181818182,2.0,187,1.8064297437667847,0,0.0,0,0.0,0,10.387060165405273,2,7
SH,Mamba,137,2452,187,187,18.7,0.1703868955373764,0.2271927297115326,3.49606990814209,5.151447296142578,0.6616492867469788,0,-1,1,29,0.15508021390374332,2.0,187,1.7905914783477783,0,0.0,0,0.0,0,50.97811508178711,0,5
SH,Mamba,137,2453,345,345,34.5,0.4252738952636719,0.5896046161651611,1.7245863676071167,2.2427432537078857,0.5015424489974976,0,-1,1,345,1.0,2.0,345,1.0446079969406128,0,0.0,0,0.0,0,1.1786311864852905,0,5
SH,Mamba,137,2454,152,152,15.200000000000001,0.25325554609298706,0.31438547372817993,1.3988343477249146,1.643635869026184,0.2681233286857605,0,-1,0,0,0.0,2.0,152,2.366757869720459,0,0.0,0,0.0,0,2.6690287590026855,2,7
SH,Mamba,137,2455,136,136,13.600000000000001,0.3246684968471527,0.4045042395591736,0.9331655502319336,1.1456490755081177,0.2542019188404083,0,-1,1,91,0.6691176470588235,2.0,136,1.049544095993042,0,0.0,0,0.0,0,0.7017189264297485,1,6
SH,Mamba,137,2456,300,300,30.0,0.2369360327720642,0.3320631682872772,0.7080767750740051,0.8890094757080078,0.31794580817222595,0,-1,1,300,1.0,2.0,300,0.4605971574783325,0,0.0,0,0.0,0,0.4399309456348419,0,5
SH,Mamba,137,2457,894,894,89.4,0.19874046742916107,0.2689874470233917,3.155102252960205,3.6067957878112793,0.33477628231048584,1,894,1,883,0.9876957494407159,2.0,894,0.0,0,0.0,0,0.0,0,0.0,0,5
SH,Mamba,137,2458,325,325,32.5,0.41094839572906494,0.5470578670501709,5.028082370758057,5.98928689956665,0.7278313040733337,0,-1,1,325,1.0,2.0,325,1.0324673652648926,0,0.0,0,0.0,0,4.91725492477417,1,6
SH,Mamba,137,2459,174,174,17.400000000000002,0.23891931772232056,0.33029255270957947,14.070096015930176,18.159032821655273,2.147460699081421,0,-1,0,0,0.0,2.0,174,3.8605568408966064,0,0.0,0,0.0,0,43.174766540527344,1,6
SH,Mamba,137,2460,190,190,19.0,0.40004798769950867,0.5208766460418701,6.427157402038574,7.151016712188721,0.6705459356307983,0,-1,0,0,0.0,2.0,190,2.1497511863708496,0,0.0,0,0.0,0,13.134554862976074,2,7
SH,Mamba,137,2461,178,178,17.8,0.4285683035850525,0.6632434129714966,4.7766852378845215,5.524371147155762,0.6937158107757568,0,-1,1,178,1.0,2.0,178,0.6840355396270752,0,0.0,0,0.0,0,9.823896408081055,1,6
SH,Mamba,137,2462,343,343,34.300000000000004,0.1988152116537094,0.25341129302978516,2.1370115280151367,2.5998642444610596,0.28054946660995483,1,305,1,211,0.6151603498542274,2.0,305,0.0,0,0.0,0,0.0,0,0.0,2,7
SH,Mamba,137,2463,277,277,27.700000000000003,0.3411318063735962,0.4107552468776703,14.435396194458008,19.57775115966797,1.7218031883239746,0,-1,1,93,0.33574007220216606,2.0,277,1.6664340496063232,0,0.0,0,0.0,0,26.035459518432617,1,6
SH,Mamba,137,2464,439,439,43.900000000000006,0.16593633592128754,0.23575270175933838,2.49726939201355,3.240621328353882,0.3681451976299286,0,-1,1,374,0.8519362186788155,2.0,439,1.132145881652832,0,0.0,0,0.0,0,3.552157402038574,2,7
SH,Mamba,137,2465,515,515,51.5,0.17072731256484985,0.21302731335163116,2.6551194190979004,3.944913148880005,0.3762165606021881,0,-1,1,450,0.8737864077669902,2.0,515,1.3534685373306274,0,0.0,0,0.0,0,4.858487129211426,1,6
SH,Mamba,137,2466,1328,1328,132.8,0.24448636174201965,0.3407612144947052,3.8900363445281982,5.910962104797363,0.41694507002830505,0,-1,1,1328,1.0,2.0,1328,0.13398504257202148,0,0.0,0,0.0,0,0.71226966381073,0,5
SH,Mamba,137,2467,265,265,26.5,0.2509841322898865,0.3065844476222992,7.537850379943848,9.232278823852539,0.6388949155807495,0,-1,1,224,0.8452830188679246,2.0,265,0.9151908159255981,0,0.0,0,0.0,0,8.12727165222168,1,6
SH,Mamba,137,2468,344,344,34.4,0.2673279047012329,0.3472229242324829,2.764841079711914,3.709259271621704,0.6531041860580444,0,-1,1,344,1.0,2.0,344,1.241904377937317,0,0.0,0,0.0,0,3.7984097003936768,1,6
SH,Mamba,137,2469,358,358,35.800000000000004,0.3144819736480713,0.39523831009864807,2.652106761932373,2.8482069969177246,0.3642190992832184,1,343,1,343,0.9581005586592178,2.0,343,0.0,0,0.0,0,0.0,0,0.0,1,6
SH,Mamba,137,2470,484,484,48.400000000000006,0.1467660665512085,0.17705155909061432,7.398393154144287,7.792143821716309,0.34873709082603455,0,-1,1,484,1.0,2.0,484,1.4186837673187256,0,0.0,0,0.0,0,19.562803268432617,2,7
SH,Mamba,137,2471,312,312,31.200000000000003,0.25077924132347107,0.30185580253601074,3.345493793487549,4.074068069458008,0.6730597615242004,0,-1,1,52,0.16666666666666666,2.0,312,1.7725987434387207,0,0.0,0,0.0,0,2.2757034301757812,0,5
SH,Mamba,137,2472,229,229,22.900000000000002,0.11595258116722107,0.13891389966011047,5.150450229644775,6.255530834197998,0.47126075625419617,0,-1,0,0,0.0,2.0,229,2.702727794647217,0,0.0,0,0.0,0,63.166603088378906,1,6
SH,Mamba,137,2473,140,140,14.0,0.20752012729644775,0.2810506522655487,2.228261709213257,2.5329079627990723,0.37653848528862,0,-1,0,0,0.0,2.0,140,2.374711513519287,0,0.0,0,0.0,0,65.7905502319336,1,6
SH,Mamba,137,2474,246,246,24.6,0.3671155869960785,0.46778157353401184,1.1081162691116333,1.2217795848846436,0.41177046298980713,0,-1,1,246,1.0,2.0,246,1.37333083152771,0,0.0,0,0.0,0,6.07666015625,0,5
SH,Mamba,137,2475,251,251,25.1,0.1768956184387207,0.2285563051700592,11.631296157836914,13.210224151611328,0.8092702031135559,0,-1,1,251,1.0,2.0,251,1.1974247694015503,0,0.0,0,0.0,0,20.90836524963379,1,6
SH,Mamba,137,2476,164,164,16.400000000000002,0.3771834373474121,0.4767914414405823,5.186291217803955,6.087209224700928,0.8672974705696106,0,-1,0,0,0.0,2.0,164,2.5307705402374268,0,0.0,0,0.0,0,16.456506729125977,0,5
SH,Mamba,137,2477,262,262,26.200000000000003,0.44068998098373413,0.5690391063690186,2.7723097801208496,3.564016103744507,0.6306089162826538,0,-1,1,262,1.0,2.0,262,0.4537290036678314,0,0.0,0,0.0,0,0.7172675132751465,1,6
SH,Mamba,137,2478,708,708,70.8,0.17462654411792755,0.21713779866695404,15.80720329284668,16.5425968170166,0.6703372001647949,0,-1,1,708,1.0,2.0,708,0.41646045446395874,0,0.0,0,0.0,0,5.4853034019470215,0,5
SH,Mamba,137,2479,291,291,29.1,0.2932283282279968,0.3704381585121155,5.734106540679932,6.740128993988037,0.5323145985603333,0,-1,1,291,1.0,2.0,291,0.7700874209403992,0,0.0,0,0.0,0,16.409412384033203,2,7
SH,Mamba,137,2480,149,149,14.9,0.37375539541244507,0.4407595098018646,4.631237030029297,5.155891418457031,0.58165043592453,0,-1,1,149,1.0,2.0,149,0.6614536046981812,0,0.0,0,0.0,0,10.127516746520996,0,5
SH,Mamba,137,2481,134,134,13.4,0.40841013193130493,0.47111934423446655,5.114099979400635,5.9169182777404785,0.7411450743675232,0,-1,0,0,0.0,2.0,134,2.7683017253875732,0,0.0,0,0.0,0,24.086383819580078,0,5
SH,Mamba,137,2482,290,290,29.0,0.2680681645870209,0.36755087971687317,1.9502005577087402,2.053934097290039,0.9599889516830444,1,54,1,54,0.18620689655172415,2.0,54,0.0,0,0.0,0,0.0,0,0.0,0,5
SH,Mamba,137,2483,436,436,43.6,0.3387429714202881,0.40879106521606445,1.13008451461792,1.5128250122070312,0.4864969253540039,0,-1,1,436,1.0,2.0,436,0.7652871012687683,0,0.0,0,0.0,0,13.481828689575195,0,5
SH,Mamba,137,2484,750,750,75.0,0.3159765601158142,0.4219462275505066,8.520008087158203,11.870590209960938,0.9021537899971008,0,-1,1,442,0.5893333333333334,2.0,750,1.17820143699646,0,0.0,0,0.0,0,2.479802131652832,0,5
SH,Mamba,137,2485,159,159,15.9,0.2825239598751068,0.34419748187065125,1.9480410814285278,2.724086284637451,0.42162370681762695,0,-1,1,159,1.0,2.0,159,0.9897856712341309,0,0.0,0,0.0,0,23.58281898498535,0,5
SH,Mamba,137,2486,365,365,36.5,0.2558045983314514,0.3287263810634613,0.7396611571311951,0.9085783958435059,0.294336199760437,0,-1,1,336,0.9205479452054794,2.0,365,0.6769534945487976,0,0.0,0,0.0,0,0.7624369859695435,2,7
SH,Mamba,137,2487,141,141,14.100000000000001,0.2206096202135086,0.281703382730484,7.985252857208252,10.889458656311035,1.7394009828567505,0,-1,0,0,0.0,2.0,141,2.8147270679473877,0,0.0,0,0.0,0,45.105308532714844,0,5
SH,Mamba,137,2488,182,182,18.2,0.3196759819984436,0.40569183230400085,2.3471877574920654,2.941908121109009,0.8854002952575684,0,-1,1,182,1.0,2.0,182,0.8949200510978699,0,0.0,0,0.0,0,10.42933464050293,2,7
SH,Mamba,137,2489,250,250,25.0,0.2276429831981659,0.29707807302474976,1.7295554876327515,1.996828556060791,0.18389031291007996,0,-1,1,183,0.732,2.0,250,1.1484785079956055,0,0.0,0,0.0,0,1.2648539543151855,0,5
SH,Mamba,137,2490,1027,1027,102.7,0.26154017448425293,0.32334527373313904,2.6816017627716064,3.5928807258605957,0.4393552541732788,0,-1,1,1027,1.0,2.0,1027,0.9493771195411682,0,0.0,0,0.0,0,7.764913082122803,2,7
SH,Mamba,137,2491,181,181,18.1,0.3956872522830963,0.4953763782978058,2.7003061771392822,3.250871419906616,0.46329113841056824,0,-1,1,181,1.0,2.0,181,1.031968116760254,0,0.0,0,0.0,0,7.779137134552002,1,6
SH,Mamba,137,2492,470,470,47.0,0.24171121418476105,0.3249455392360687,8.348576545715332,11.336515426635742,0.958082914352417,1,468,1,400,0.851063829787234,2.0,468,0.0,0,0.0,0,0.0,0,0.0,2,7
SH,Mamba,137,2493,143,143,14.3,0.48017004132270813,0.5569130778312683,5.467726707458496,6.075622081756592,0.7822152972221375,1,110,1,110,0.7692307692307693,2.0,110,0.0,0,0.0,0,0.0,0,0.0,1,6
SH,Mamba,137,2494,463,463,46.300000000000004,0.4516552686691284,0.5888274908065796,7.833371639251709,8.371282577514648,0.6757540106773376,1,455,1,455,0.9827213822894169,2.0,455,0.0,0,0.0,0,0.0,0,0.0,1,6
SH,Mamba,137,2495,207,207,20.700000000000003,0.42915859818458557,0.576701283454895,3.5074896812438965,3.8780064582824707,0.5342497229576111,0,-1,1,17,0.0821256038647343,2.0,207,1.9400746822357178,0,0.0,0,0.0,0,4.7113566398620605,2,7
SH,Mamba,137,2496,159,159,15.9,0.2653065025806427,0.36827582120895386,3.0222902297973633,3.8125052452087402,0.5035854578018188,0,-1,0,0,0.0,2.0,159,3.97567081451416,0,0.0,0,0.0,0,5.276614189147949,1,6
SH,Mamba,137,2497,196,196,19.6,0.19891047477722168,0.24099761247634888,2.674070358276367,3.697680711746216,0.586469829082489,0,-1,1,196,1.0,2.0,196,0.5867486000061035,0,0.0,0,0.0,0,11.285364151000977,1,6
SH,Mamba,137,2498,133,133,13.3,0.3318038582801819,0.45920446515083313,2.1618812084198,2.419785499572754,0.49100103974342346,0,-1,1,48,0.3609022556390977,2.0,133,1.7934718132019043,0,0.0,0,0.0,0,5.760740280151367,1,6
SH,Mamba,137,2499,218,218,21.8,0.20380383729934692,0.24362584948539734,9.876708984375,13.129464149475098,1.1065603494644165,0,-1,1,218,1.0,2.0,218,0.8823358416557312,0,0.0,0,0.0,0,16.775075912475586,2,7
SH,Mamba,137,2500,191,191,19.1,0.3104802370071411,0.4199572205543518,2.7176413536071777,3.1339311599731445,0.5724954605102539,0,-1,0,0,0.0,2.0,191,2.2023823261260986,0,0.0,0,0.0,0,6.735034942626953,1,6
SH,Mamba,137,2501,220,220,22.0,0.2739042341709137,0.3385712504386902,2.184312105178833,2.6232595443725586,0.6405702233314514,0,-1,1,96,0.43636363636363634,2.0,220,1.7068002223968506,0,0.0,0,0.0,0,4.055246353149414,1,6
SH,Mamba,137,2502,284,284,28.400000000000002,0.262871116399765,0.34663325548171997,7.91586446762085,8.792411804199219,0.46857011318206787,0,-1,1,284,1.0,2.0,284,0.8868503570556641,0,0.0,0,0.0,0,13.249019622802734,1,6
SH,Mamba,137,2503,332,332,33.2,0.2635844349861145,0.3767118752002716,1.7703566551208496,2.19761323928833,0.5092598795890808,1,269,1,172,0.5180722891566265,2.0,269,0.0,0,0.0,0,0.0,0,0.0,0,5
SH,Mamba,137,2504,187,187,18.7,0.4515293836593628,0.5416266918182373,7.917154312133789,10.798625946044922,1.1960867643356323,0,-1,1,181,0.9679144385026738,2.0,187,1.5356476306915283,0,0.0,0,0.0,0,10.439037322998047,1,6
SH,Mamba,137,2505,205,205,20.5,0.24935239553451538,0.2996937036514282,3.4747474193573,3.9784390926361084,0.5703875422477722,0,-1,0,0,0.0,2.0,205,2.7244248390197754,0,0.0,0,0.0,0,52.941062927246094,0,5
SH,Mamba,137,2506,382,382,38.2,0.42840835452079773,0.5241390466690063,9.85174560546875,10.942610740661621,3.1263315677642822,1,205,1,205,0.5366492146596858,2.0,205,0.0,0,0.0,0,0.0,0,0.0,1,6
SH,Mamba,137,2507,602,602,60.2,0.15664523839950562,0.19048026204109192,1.4773281812667847,1.7064875364303589,0.20396874845027924,0,-1,1,602,1.0,2.0,602,0.5402185320854187,0,0.0,0,0.0,0,9.041987419128418,0,5
SH,Mamba,137,2508,551,551,55.1,0.24645018577575684,0.30614733695983887,4.3891282081604,4.720417499542236,0.38953697681427,1,532,1,529,0.9600725952813067,2.0,532,0.0,0,0.0,0,0.0,0,0.0,1,6
SH,Mamba,137,2509,327,327,32.7,0.45380622148513794,0.5917752981185913,2.558013439178467,2.9558653831481934,0.5743703842163086,1,318,1,318,0.9724770642201835,2.0,318,0.0,0,0.0,0,0.0,0,0.0,0,5
SH,Mamba,137,2510,295,295,29.5,0.2701258659362793,0.3602978587150574,1.4821341037750244,1.6127208471298218,0.29145747423171997,0,-1,1,104,0.3525423728813559,2.0,295,1.2580183744430542,0,0.0,0,0.0,0,1.0416085720062256,0,5
SH,Mamba,137,2511,429,429,42.900000000000006,0.2579965889453888,0.3881278336048126,1.4984817504882812,1.8429368734359741,0.38772052526474,0,-1,1,165,0.38461538461538464,2.0,429,1.3993760347366333,0,0.0,0,0.0,0,1.6436820030212402,2,7
SH,Mamba,137,2512,211,211,21.1,0.37574145197868347,0.5301077365875244,0.9448958039283752,1.1920360326766968,0.38985076546669006,0,-1,1,211,1.0,2.0,211,1.2022011280059814,0,0.0,0,0.0,0,3.6104729175567627,2,7
SH,Mamba,137,2513,131,131,13.100000000000001,0.27259621024131775,0.2894165813922882,7.9505486488342285,9.977180480957031,1.3604776859283447,0,-1,1,15,0.11450381679389313,2.0,131,1.8233484029769897,0,0.0,0,0.0,0,25.030838012695312,0,5
SH,Mamba,137,2514,133,133,13.3,0.2973659336566925,0.33599069714546204,1.1515535116195679,1.6432394981384277,0.45913442969322205,0,-1,1,133,1.0,2.0,133,1.3721989393234253,0,0.0,0,0.0,0,15.716890335083008,2,7
SH,Mamba,137,2515,205,205,20.5,0.4662095904350281,0.6514939069747925,6.832553386688232,8.004849433898926,0.8082314133644104,0,-1,1,205,1.0,2.0,205,0.6789469122886658,0,0.0,0,0.0,0,8.710022926330566,1,6
SH,Mamba,137,2516,151,151,15.100000000000001,0.13684207201004028,0.16920220851898193,2.2326221466064453,2.762481212615967,0.354050874710083,0,-1,0,0,0.0,2.0,151,2.6269431114196777,0,0.0,0,0.0,0,42.336578369140625,2,7
SH,Mamba,137,2517,290,290,29.0,0.5711596012115479,0.7310667634010315,9.844443321228027,14.626928329467773,1.371483564376831,0,-1,1,73,0.2517241379310345,2.0,290,1.6672788858413696,0,0.0,0,0.0,0,3.663707971572876,1,6
SH,Mamba,137,2518,456,456,45.6,0.24431443214416504,0.32805338501930237,1.1973906755447388,1.640846848487854,0.33365845680236816,0,-1,1,340,0.7456140350877193,2.0,456,1.5330311059951782,0,0.0,0,0.0,0,4.035003185272217,1,6
SH,Mamba,137,2519,224,224,22.400000000000002,0.4730108082294464,0.605350911617279,2.1948750019073486,2.49481463432312,0.7403869032859802,0,-1,0,0,0.0,2.0,224,2.071017265319824,0,0.0,0,0.0,0,7.38864278793335,1,6
SH,Mamba,137,2520,373,373,37.300000000000004,0.38303592801094055,0.4686126410961151,5.693320274353027,6.8965020179748535,0.8638224005699158,0,-1,1,104,0.27882037533512066,2.0,373,1.7258566617965698,0,0.0,0,0.0,0,4.8739495277404785,0,5
SH,Mamba,137,2521,260,260,26.0,0.21629402041435242,0.29726773500442505,2.413074254989624,2.735962152481079,0.2919582426548004,0,-1,1,92,0.35384615384615387,2.0,260,1.672662377357483,0,0.0,0,0.0,0,9.112688064575195,0,5
SH,Mamba,137,2522,582,582,58.2,0.2480061650276184,0.31957247853279114,4.831677436828613,7.012053966522217,0.6393048763275146,0,-1,1,582,1.0,2.0,582,0.5606802105903625,0,0.0,0,0.0,0,8.962468147277832,2,7
SH,Mamba,137,2523,336,336,33.6,0.21210715174674988,0.2984090745449066,2.4154834747314453,2.6759982109069824,0.354531854391098,0,-1,1,336,1.0,2.0,336,0.6150194406509399,0,0.0,0,0.0,0,6.474995136260986,2,7
SH,Mamba,137,2524,162,162,16.2,0.5020708441734314,0.5906591415405273,2.2397351264953613,2.77590274810791,0.8208149075508118,0,-1,1,162,1.0,2.0,162,0.6127973794937134,0,0.0,0,0.0,0,11.24765682220459,0,5
SH,Mamba,137,2525,415,415,41.5,0.23659969866275787,0.3485831618309021,7.626591682434082,8.799704551696777,0.37137532234191895,0,-1,1,378,0.9108433734939759,2.0,415,1.3650999069213867,0,0.0,0,0.0,0,7.837734699249268,0,5
SH,Mamba,137,2526,877,877,87.7,0.1781509667634964,0.22967833280563354,1.867862582206726,2.47656512260437,0.27895647287368774,0,-1,1,836,0.9532497149372862,2.0,877,1.0643882751464844,0,0.0,0,0.0,0,4.758668422698975,2,7
SH,Mamba,137,2527,292,292,29.200000000000003,0.2836102843284607,0.44139590859413147,5.268743515014648,9.646183967590332,1.0654982328414917,0,-1,1,91,0.3116438356164384,2.0,292,1.7793713808059692,0,0.0,0,0.0,0,1.5356236696243286,1,6
SH,Mamba,137,2528,866,866,86.60000000000001,0.4134884774684906,0.5495644211769104,9.09618091583252,9.906654357910156,6.231348514556885,1,360,1,360,0.41570438799076215,2.0,360,0.0,0,0.0,0,0.0,0,0.0,2,7
SH,Mamba,137,2529,278,278,27.8,0.26825588941574097,0.43320614099502563,3.297003746032715,4.009869575500488,0.41482099890708923,0,-1,1,278,1.0,2.0,278,0.9655187726020813,0,0.0,0,0.0,0,7.032650470733643,0,5
SH,Mamba,137,2530,396,396,39.6,0.12828367948532104,0.15635603666305542,4.614599704742432,5.478117942810059,0.3841051757335663,0,-1,1,396,1.0,2.0,396,1.0447421073913574,0,0.0,0,0.0,0,21.020057678222656,0,5
SH,Mamba,137,2531,227,227,22.700000000000003,0.4755415916442871,0.5638605356216431,5.072591304779053,5.7636189460754395,1.0249851942062378,0,-1,1,23,0.1013215859030837,2.0,227,1.746316909790039,0,0.0,0,0.0,0,19.631826400756836,1,6
SH,Mamba,137,2532,165,165,16.5,0.31822508573532104,0.40647321939468384,2.1856143474578857,2.6835715770721436,0.5071737766265869,0,-1,1,128,0.7757575757575758,2.0,165,1.5463751554489136,0,0.0,0,0.0,0,1.6134687662124634,2,7
SH,Mamba,137,2533,169,169,16.900000000000002,0.34288448095321655,0.39279547333717346,2.8158411979675293,4.23540735244751,0.7416375279426575,0,-1,1,100,0.591715976331361,2.0,169,1.7482643127441406,0,0.0,0,0.0,0,7.32429313659668,0,5
SH,Mamba,137,2534,289,289,28.900000000000002,0.1281011402606964,0.149074524641037,13.010130882263184,16.49381446838379,1.2580986022949219,0,-1,1,165,0.5709342560553633,2.0,289,1.6786468029022217,0,0.0,0,0.0,0,38.88153076171875,0,5
SH,Mamba,137,2535,143,143,14.3,0.2574407756328583,0.32766202092170715,1.5338579416275024,1.8253511190414429,0.4409380853176117,0,-1,1,57,0.3986013986013986,2.0,143,1.881858468055725,0,0.0,0,0.0,0,4.648610591888428,2,7
SH,Mamba,137,2536,196,196,19.6,0.25912296772003174,0.2948318421840668,2.3939733505249023,3.038828134536743,0.5790025591850281,0,-1,0,0,0.0,2.0,196,2.497088670730591,0,0.0,0,0.0,0,54.981746673583984,2,7
SH,Mamba,137,2537,132,132,13.200000000000001,0.3264622092247009,0.41785550117492676,1.3501328229904175,1.6127588748931885,0.5217915177345276,0,-1,0,0,0.0,2.0,132,2.3991477489471436,0,0.0,0,0.0,0,5.1939849853515625,2,7
SH,Mamba,137,2538,4054,4054,405.40000000000003,0.22379133105278015,0.3198501169681549,2.2064826488494873,2.7289676666259766,0.3277030885219574,0,-1,1,3916,0.9659595461272817,2.0,4054,0.17387670278549194,0,0.0,0,0.0,0,0.09389948844909668,0,5
SH,Mamba,137,2539,377,377,37.7,0.24439086019992828,0.29340261220932007,2.3669204711914062,2.9325196743011475,0.4589084982872009,0,-1,1,77,0.20424403183023873,2.0,377,1.6369487047195435,0,0.0,0,0.0,0,1.0865674018859863,1,6
SH,Mamba,137,2540,242,242,24.200000000000003,0.31856265664100647,0.36594992876052856,20.379810333251953,25.26988410949707,1.6322449445724487,0,-1,1,242,1.0,2.0,242,0.8195626139640808,0,0.0,0,0.0,0,12.011588096618652,1,6
SH,Mamba,137,2541,161,161,16.1,0.3919636607170105,0.48836517333984375,6.25311279296875,7.898115634918213,1.3473045825958252,0,-1,0,0,0.0,2.0,161,2.5711655616760254,0,0.0,0,0.0,0,23.200794219970703,0,5
SH,Mamba,137,2542,205,205,20.5,0.3297375440597534,0.4274975657463074,1.1456878185272217,1.3586980104446411,0.3792111575603485,0,-1,1,147,0.7170731707317073,2.0,205,1.1591380834579468,0,0.0,0,0.0,0,0.8815234303474426,2,7
SH,Mamba,137,2543,263,263,26.3,0.32361119985580444,0.48680010437965393,1.998152494430542,3.272040605545044,0.5335015058517456,0,-1,1,242,0.9201520912547528,2.0,263,1.5718873739242554,0,0.0,0,0.0,0,5.881641387939453,0,5
SH,Mamba,137,2544,189,189,18.900000000000002,0.10268744081258774,0.13310346007347107,5.342021942138672,7.192446231842041,0.7663681507110596,0,-1,1,189,1.0,2.0,189,1.492272138595581,0,0.0,0,0.0,0,21.5387020111084,2,7
SH,Mamba,137,2545,154,154,15.4,0.24050892889499664,0.3071622848510742,0.8811122179031372,1.179767370223999,0.34203019738197327,0,-1,0,0,0.0,2.0,154,2.335336685180664,0,0.0,0,0.0,0,2.7856788635253906,0,5
SH,Mamba,137,2546,232,232,23.200000000000003,0.1552644670009613,0.21723267436027527,1.6334797143936157,2.141376256942749,0.345104843378067,0,-1,1,232,1.0,2.0,232,0.5528159737586975,0,0.0,0,0.0,0,13.227605819702148,0,5
SH,Mamba,137,2547,318,318,31.8,0.3346150517463684,0.4188534617424011,1.828935146331787,2.3458988666534424,0.6058018803596497,0,-1,0,0,0.0,2.0,318,3.0199265480041504,0,0.0,0,0.0,0,4.436903953552246,2,7
SH,Mamba,137,2548,164,164,16.400000000000002,0.2944181263446808,0.4397246539592743,6.540560722351074,8.216025352478027,0.9856134653091431,0,-1,1,87,0.5304878048780488,2.0,164,1.458418846130371,0,0.0,0,0.0,0,19.223058700561523,1,6
SH,Mamba,137,2549,203,203,20.3,0.308272123336792,0.3781656324863434,1.023889422416687,1.2231189012527466,0.33124569058418274,0,-1,1,182,0.896551724137931,2.0,203,1.194536566734314,0,0.0,0,0.0,0,1.0245732069015503,0,5
SH,Mamba,137,2550,146,146,14.600000000000001,0.440045028924942,0.5450431704521179,7.4950761795043945,8.619190216064453,1.120705008506775,0,-1,1,146,1.0,2.0,146,1.1130480766296387,0,0.0,0,0.0,0,3.7693898677825928,0,5
SH,Mamba,137,2551,245,245,24.5,0.18580350279808044,0.2414262741804123,5.223510265350342,6.68634557723999,0.5510114431381226,0,-1,1,245,1.0,2.0,245,0.9154959321022034,0,0.0,0,0.0,0,15.331764221191406,1,6
SH,Mamba,137,2552,131,131,13.100000000000001,0.42817482352256775,0.530764102935791,0.9985463619232178,1.3703051805496216,0.7714998722076416,0,-1,1,76,0.5801526717557252,2.0,131,1.3982046842575073,0,0.0,0,0.0,0,0.7262917160987854,1,6
SH,Mamba,137,2553,133,133,13.3,0.23080196976661682,0.2720898389816284,4.139222145080566,5.442410945892334,0.9371585845947266,0,-1,0,0,0.0,2.0,133,2.8957395553588867,0,0.0,0,0.0,0,21.918373107910156,0,5
SH,Mamba,137,2554,246,246,24.6,0.1570642590522766,0.2075214833021164,0.48551565408706665,0.660366415977478,0.17430849373340607,0,-1,1,246,1.0,2.0,246,0.9245847463607788,0,0.0,0,0.0,0,3.092118978500366,1,6
SH,Mamba,137,2555,239,239,23.900000000000002,0.2184971123933792,0.27466484904289246,6.957205772399902,7.738869667053223,0.8760323524475098,1,133,1,133,0.5564853556485355,2.0,133,0.0,0,0.0,0,0.0,0,0.0,1,6
SH,Mamba,137,2556,277,277,27.700000000000003,0.27405473589897156,0.3539786636829376,4.18880558013916,4.512660026550293,0.4002783000469208,0,-1,1,154,0.555956678700361,2.0,277,1.7023993730545044,0,0.0,0,0.0,0,13.038936614990234,2,7
SH,Mamba,137,2557,172,172,17.2,0.30195352435112,0.3935256004333496,2.9442989826202393,3.3918356895446777,0.49163371324539185,0,-1,1,172,1.0,2.0,172,0.2917095720767975,0,0.0,0,0.0,0,3.2430152893066406,1,6
SH,Mamba,137,2558,177,177,17.7,0.42264121770858765,0.5082141757011414,1.3070285320281982,2.0503578186035156,0.5318471193313599,0,-1,1,177,1.0,2.0,177,1.0612242221832275,0,0.0,0,0.0,0,8.49120807647705,0,5
SH,Mamba,137,2559,207,207,20.700000000000003,0.18996571004390717,0.2803008258342743,1.6612744331359863,2.006930112838745,0.3735896944999695,0,-1,1,207,1.0,2.0,207,0.5176302194595337,0,0.0,0,0.0,0,9.115464210510254,0,5
SH,Mamba,137,2560,190,190,19.0,0.40651509165763855,0.5425384044647217,0.7146504521369934,0.9517518281936646,0.5239897966384888,0,-1,0,0,0.0,2.0,190,2.289461135864258,0,0.0,0,0.0,0,3.692207098007202,0,5
SH,Mamba,137,2561,311,311,31.1,0.2861519455909729,0.3696998655796051,2.824261426925659,3.2185657024383545,0.363233745098114,0,-1,1,311,1.0,2.0,311,1.3059414625167847,0,0.0,0,0.0,0,3.969935178756714,2,7
SH,Mamba,137,2562,718,718,71.8,0.15797431766986847,0.21286270022392273,8.175447463989258,11.3604097366333,0.6194566488265991,0,-1,1,611,0.850974930362117,2.0,718,0.6520912647247314,0,0.0,0,0.0,0,9.579007148742676,0,5
SH,Mamba,137,2563,148,148,14.8,0.4677996337413788,0.5547036528587341,1.5677348375320435,1.8494994640350342,0.6120886206626892,1,141,1,139,0.9391891891891891,2.0,141,0.0,0,0.0,0,0.0,0,0.0,2,7
SH,Mamba,137,2564,171,171,17.1,0.3806556463241577,0.49575942754745483,6.1887006759643555,6.722765922546387,0.6851343512535095,0,-1,1,171,1.0,2.0,171,0.5749197006225586,0,0.0,0,0.0,0,3.659778356552124,1,6
SH,Mamba,137,2565,190,190,19.0,0.30695390701293945,0.5066044330596924,1.417384147644043,1.7019133567810059,0.3836776316165924,0,-1,1,117,0.6157894736842106,2.0,190,1.6286619901657104,0,0.0,0,0.0,0,14.626250267028809,1,6
SH,Mamba,137,2566,682,682,68.2,0.3367680311203003,0.40516728162765503,4.564962387084961,5.940608024597168,0.47043514251708984,0,-1,1,597,0.875366568914956,2.0,682,1.1360543966293335,0,0.0,0,0.0,0,3.430760383605957,2,7
SH,Mamba,137,2567,350,350,35.0,0.30454179644584656,0.5545628070831299,10.561667442321777,12.60969066619873,1.1572160720825195,0,-1,0,0,0.0,2.0,350,2.293485641479492,0,0.0,0,0.0,0,38.393070220947266,0,5
SH,Mamba,137,2568,153,153,15.3,0.3393169641494751,0.42044562101364136,2.5490448474884033,2.823932409286499,0.41154244542121887,0,-1,1,153,1.0,2.0,153,1.1987149715423584,0,0.0,0,0.0,0,6.927285671234131,2,7
SH,Mamba,137,2569,481,481,48.1,0.17803210020065308,0.2612643837928772,2.569723129272461,3.2316033840179443,0.32592934370040894,0,-1,1,391,0.8128898128898129,2.0,481,0.5382311940193176,0,0.0,0,0.0,0,6.267495155334473,0,5
SH,Mamba,137,2570,206,206,20.6,0.22328642010688782,0.27528250217437744,4.753313064575195,6.497195720672607,0.7607457637786865,0,-1,1,189,0.9174757281553398,2.0,206,1.7086451053619385,0,0.0,0,0.0,0,18.668745040893555,0,5
SH,Mamba,137,2571,708,708,70.8,0.27690982818603516,0.3433883786201477,22.30989646911621,27.016746520996094,11.869844436645508,1,354,1,290,0.4096045197740113,2.0,354,0.0,0,0.0,0,0.0,0,0.0,1,6
SH,Mamba,137,2572,439,439,43.900000000000006,0.41807782649993896,0.5363264083862305,2.5266709327697754,3.492410659790039,0.6848728656768799,0,-1,1,387,0.8815489749430524,2.0,439,1.3390331268310547,0,0.0,0,0.0,0,1.7076460123062134,0,5
SH,Mamba,137,2573,400,400,40.0,0.45738792419433594,0.5505154728889465,3.2989206314086914,4.364141941070557,0.6879141926765442,0,-1,1,400,1.0,2.0,400,0.9896865487098694,0,0.0,0,0.0,0,5.570235729217529,1,6
SH,Mamba,137,2574,326,326,32.6,0.22579939663410187,0.2755841910839081,2.2889609336853027,2.6446101665496826,0.483206570148468,0,-1,1,32,0.09815950920245399,2.0,326,1.7669883966445923,0,0.0,0,0.0,0,21.021512985229492,0,5
SH,Mamba,137,2575,155,155,15.5,0.35263586044311523,0.5127081274986267,3.259739875793457,3.8276939392089844,0.5226243734359741,0,-1,1,97,0.6258064516129033,2.0,155,1.3616161346435547,0,0.0,0,0.0,0,16.2501277923584,1,6
SH,Mamba,137,2576,304,304,30.400000000000002,0.17913851141929626,0.20831315219402313,6.760227203369141,7.708216667175293,0.6329751014709473,0,-1,1,292,0.9605263157894737,2.0,304,0.8259350657463074,0,0.0,0,0.0,0,17.55869483947754,0,5
SH,Mamba,137,2577,935,935,93.5,0.33137625455856323,0.4353616237640381,3.300585985183716,3.8560917377471924,0.48132556676864624,0,-1,1,935,1.0,2.0,935,1.0143835544586182,0,0.0,0,0.0,0,4.579967021942139,1,6
SH,Mamba,137,2578,177,177,17.7,0.310158908367157,0.5112580060958862,3.630112409591675,4.12865686416626,0.3422812223434448,0,-1,1,177,1.0,2.0,177,0.4012678861618042,0,0.0,0,0.0,0,5.316359043121338,1,6
SH,Mamba,137,2579,292,292,29.200000000000003,0.37459278106689453,0.47848281264305115,1.361006736755371,1.6783897876739502,0.4264448881149292,0,-1,1,57,0.1952054794520548,2.0,292,1.8756213188171387,0,0.0,0,0.0,0,2.379072666168213,2,7
SH,Mamba,137,2580,440,440,44.0,0.3845159709453583,0.4797256886959076,4.987718105316162,5.499061107635498,0.6254953742027283,0,-1,0,0,0.0,2.0,440,2.0355353355407715,0,0.0,0,0.0,0,10.58338451385498,0,5
SH,Mamba,137,2581,234,234,23.400000000000002,0.3957045078277588,0.49651268124580383,1.4117928743362427,1.9297469854354858,0.5470572113990784,0,-1,1,140,0.5982905982905983,2.0,234,1.5433162450790405,0,0.0,0,0.0,0,2.069678783416748,1,6
SH,Mamba,137,2582,362,362,36.2,0.36215442419052124,0.5127819180488586,11.895954132080078,14.468767166137695,1.4600939750671387,0,-1,1,47,0.1298342541436464,2.0,362,1.699135422706604,0,0.0,0,0.0,0,1.3406916856765747,1,6
SH,Mamba,137,2583,133,133,13.3,0.1963251382112503,0.25047624111175537,1.154651403427124,1.4334702491760254,0.36581993103027344,0,-1,0,0,0.0,2.0,133,5.234743118286133,0,0.0,0,0.0,0,6.3613104820251465,1,6
SH,Mamba,137,2584,327,327,32.7,0.17309972643852234,0.21728765964508057,1.0449351072311401,1.321864128112793,0.294720321893692,0,-1,1,326,0.9969418960244648,2.0,327,0.9575432538986206,0,0.0,0,0.0,0,11.980145454406738,1,6
SH,Mamba,137,2585,232,232,23.200000000000003,0.4879564642906189,0.638507604598999,2.9205570220947266,3.57869815826416,0.6233707666397095,0,-1,1,232,1.0,2.0,232,0.33171382546424866,0,0.0,0,0.0,0,4.637167453765869,1,6
SH,Mamba,137,2586,241,241,24.1,0.20123568177223206,0.24125643074512482,2.275578260421753,2.7196006774902344,0.279299259185791,0,-1,1,241,1.0,2.0,241,0.6140062808990479,0,0.0,0,0.0,0,4.278387069702148,1,6
SH,Mamba,137,2587,287,287,28.700000000000003,0.20037958025932312,0.2889595031738281,1.7494577169418335,2.374006748199463,0.4748305380344391,0,-1,1,287,1.0,2.0,287,1.2870193719863892,0,0.0,0,0.0,0,11.062817573547363,0,5
SH,Mamba,137,2588,248,248,24.8,0.4445239007472992,0.6081539392471313,2.9826481342315674,3.642636299133301,0.85810387134552,0,-1,1,248,1.0,2.0,248,0.9072909355163574,0,0.0,0,0.0,0,10.368627548217773,0,5
SH,Mamba,137,2589,216,216,21.6,0.13575829565525055,0.1902000457048416,11.006077766418457,14.93285083770752,1.4113242626190186,0,-1,0,0,0.0,2.0,216,2.318674325942993,0,0.0,0,0.0,0,45.6759147644043,1,6
SH,Mamba,137,2590,146,146,14.600000000000001,0.3316846489906311,0.4510205388069153,4.7805094718933105,5.747574329376221,0.6838381290435791,0,-1,0,0,0.0,2.0,146,2.9441916942596436,0,0.0,0,0.0,0,9.759390830993652,1,6
SH,Mamba,137,2591,144,144,14.4,0.34606611728668213,0.4316134750843048,1.3497368097305298,1.6659263372421265,0.6436372399330139,0,-1,0,0,0.0,2.0,144,2.404444456100464,0,0.0,0,0.0,0,6.04488468170166,2,7
SH,Mamba,137,2592,517,517,51.7,0.09601889550685883,0.12685327231884003,6.213151931762695,6.971443176269531,0.33655792474746704,0,-1,0,0,0.0,2.0,517,2.454139471054077,0,0.0,0,0.0,0,52.380210876464844,1,6
SH,Mamba,137,2593,989,989,98.9,0.17308928072452545,0.2092204988002777,4.216980934143066,4.982706546783447,0.5009709596633911,0,-1,1,989,1.0,2.0,989,0.5381827354431152,0,0.0,0,0.0,0,6.735123634338379,1,6
SH,Mamba,137,2594,152,152,15.200000000000001,0.184589222073555,0.22389420866966248,2.159367322921753,2.7597997188568115,0.3887721002101898,0,-1,0,0,0.0,2.0,152,2.4911627769470215,0,0.0,0,0.0,0,19.25322151184082,0,5
SH,Mamba,137,2595,159,159,15.9,0.19575701653957367,0.24231332540512085,1.1148961782455444,1.2067036628723145,0.21033014357089996,0,-1,1,156,0.9811320754716981,2.0,159,1.6183688640594482,0,0.0,0,0.0,0,3.616225242614746,2,7
SH,Mamba,137,2596,284,284,28.400000000000002,0.2751770615577698,0.3514847159385681,1.3526087999343872,1.459310531616211,0.3890559673309326,0,-1,1,282,0.9929577464788732,2.0,284,1.1938120126724243,0,0.0,0,0.0,0,7.152563571929932,2,7
SH,Mamba,137,2597,225,225,22.5,0.22137406468391418,0.2840781807899475,1.8149776458740234,2.174485683441162,0.24140504002571106,0,-1,1,225,1.0,2.0,225,1.138178825378418,0,0.0,0,0.0,0,2.5601353645324707,1,6
SH,Mamba,137,2598,371,371,37.1,0.2296261042356491,0.29808640480041504,6.084039688110352,6.925097465515137,0.4228789806365967,0,-1,1,371,1.0,2.0,371,0.5377417802810669,0,0.0,0,0.0,0,7.508707046508789,2,7
SH,Mamba,137,2599,188,188,18.8,0.7069004774093628,0.8030268549919128,24.95199203491211,35.88650894165039,4.403835773468018,0,-1,0,0,0.0,2.0,188,4.387422561645508,0,0.0,0,0.0,0,41.31536102294922,2,7
SH,Mamba,137,2600,504,504,50.400000000000006,0.29231584072113037,0.4287344813346863,1.4033057689666748,1.5920488834381104,0.38850080966949463,0,-1,1,493,0.9781746031746031,2.0,504,1.228959083557129,0,0.0,0,0.0,0,1.7326258420944214,2,7
SH,Mamba,137,2601,353,353,35.300000000000004,0.3073568046092987,0.38156741857528687,2.8057847023010254,3.605557918548584,0.4282797873020172,0,-1,1,39,0.11048158640226628,2.0,353,1.7178914546966553,0,0.0,0,0.0,0,2.6107332706451416,1,6
SH,Mamba,137,2602,500,500,50.0,0.17456138134002686,0.22522924840450287,3.664044141769409,4.439553737640381,0.294413685798645,0,-1,1,500,1.0,2.0,500,0.9110190868377686,0,0.0,0,0.0,0,16.417869567871094,0,5
SH,Mamba,137,2603,141,141,14.100000000000001,0.0906512662768364,0.1127500906586647,3.99524188041687,4.952111721038818,0.6315142512321472,0,-1,1,141,1.0,2.0,141,1.0596650838851929,0,0.0,0,0.0,0,19.4547176361084,1,6
SH,Mamba,137,2604,811,811,81.10000000000001,0.43047791719436646,0.5482670664787292,4.744656085968018,6.097494125366211,0.6327731609344482,0,-1,1,811,1.0,2.0,811,0.4486229717731476,0,0.0,0,0.0,0,6.617372989654541,1,6
SH,Mamba,137,2605,160,160,16.0,0.26333749294281006,0.4106406569480896,0.4157463014125824,0.5381988883018494,0.2473570555448532,0,-1,1,160,1.0,2.0,160,0.3095231354236603,0,0.0,0,0.0,0,0.4807024300098419,2,7
SH,Mamba,137,2606,138,138,13.8,0.21499499678611755,0.33529677987098694,0.9460219144821167,1.1814258098602295,0.27582472562789917,0,-1,0,0,0.0,2.0,138,2.980875253677368,0,0.0,0,0.0,0,9.058016777038574,0,5
SH,Mamba,137,2607,209,209,20.900000000000002,0.2693963944911957,0.34131553769111633,0.8593353629112244,1.061861276626587,0.31947630643844604,0,-1,1,209,1.0,2.0,209,1.39254891872406,0,0.0,0,0.0,0,1.9103524684906006,1,6
SH,Mamba,137,2608,392,392,39.2,0.41253766417503357,0.537619948387146,7.4383745193481445,8.550088882446289,0.7640191912651062,0,-1,0,0,0.0,2.0,392,2.1266260147094727,0,0.0,0,0.0,0,8.84243106842041,2,7
SH,Mamba,137,2609,495,495,49.5,0.2807784676551819,0.3655627965927124,0.9755937457084656,1.1536730527877808,0.34031280875205994,0,-1,1,495,1.0,2.0,495,0.3937535583972931,0,0.0,0,0.0,0,4.487524032592773,0,5
SH,Mamba,137,2610,182,182,18.2,0.8181502819061279,1.0782266855239868,7.502182960510254,10.012709617614746,1.2227510213851929,0,-1,1,182,1.0,2.0,182,0.647241473197937,0,0.0,0,0.0,0,10.509464263916016,0,5
SH,Mamba,137,2611,197,197,19.700000000000003,0.3919443190097809,0.49906453490257263,1.7360395193099976,2.0263261795043945,0.8074615597724915,0,-1,1,197,1.0,2.0,197,0.764839768409729,0,0.0,0,0.0,0,15.020156860351562,0,5
SH,Mamba,137,2612,153,153,15.3,0.3052402138710022,0.3702635169029236,2.677428722381592,3.2388813495635986,0.44537606835365295,0,-1,0,0,0.0,2.0,153,2.4630448818206787,0,0.0,0,0.0,0,5.9611592292785645,0,5
SH,Mamba,137,2613,155,155,15.5,0.5415337681770325,0.6413294076919556,4.264127254486084,5.447475910186768,1.3511488437652588,0,-1,1,155,1.0,2.0,155,1.2076038122177124,0,0.0,0,0.0,0,11.118365287780762,2,7
SH,Mamba,137,2614,322,322,32.2,0.3865374028682709,0.528262734413147,5.033533096313477,6.061095237731934,0.7869992852210999,0,-1,1,322,1.0,2.0,322,0.3684719204902649,0,0.0,0,0.0,0,0.1436767429113388,2,7
SH,Mamba,137,2615,230,230,23.0,0.30504560470581055,0.379789263010025,4.046037197113037,4.851548671722412,0.5527219176292419,0,-1,1,230,1.0,2.0,230,0.35307565331459045,0,0.0,0,0.0,0,7.210329055786133,0,5
SH,Mamba,137,2616,234,234,23.400000000000002,0.22819720208644867,0.2981494665145874,4.594445705413818,5.722278118133545,0.5457000136375427,0,-1,1,115,0.49145299145299143,2.0,234,1.046124815940857,0,0.0,0,0.0,0,17.444408416748047,2,7
SH,Mamba,137,2617,197,197,19.700000000000003,0.3223356306552887,0.3925168812274933,4.060749053955078,5.77772855758667,0.797433614730835,0,-1,1,197,1.0,2.0,197,0.7328260540962219,0,0.0,0,0.0,0,12.185977935791016,1,6
SH,Mamba,137,2618,194,194,19.400000000000002,0.2529340088367462,0.3318626880645752,1.9340219497680664,2.1138696670532227,0.3439730703830719,0,-1,1,184,0.9484536082474226,2.0,194,1.2734414339065552,0,0.0,0,0.0,0,3.279721736907959,0,5
SH,Mamba,137,2619,407,407,40.7,0.307244211435318,0.38205111026763916,3.4680376052856445,4.300003528594971,0.549592137336731,0,-1,1,407,1.0,2.0,407,0.3082118332386017,0,0.0,0,0.0,0,4.877154350280762,0,5
SH,Mamba,137,2620,227,227,22.700000000000003,0.3909817039966583,0.47716307640075684,6.034983158111572,7.66996955871582,1.3737084865570068,0,-1,0,0,0.0,2.0,227,2.3436529636383057,0,0.0,0,0.0,0,9.984183311462402,2,7
SH,Mamba,137,2621,691,691,69.10000000000001,0.14248216152191162,0.1767965406179428,4.299111843109131,4.949130535125732,0.3838422894477844,0,-1,1,691,1.0,2.0,691,0.5040086507797241,0,0.0,0,0.0,0,8.760943412780762,2,7
SH,Mamba,137,2622,254,254,25.400000000000002,0.27119600772857666,0.3496370017528534,3.0830588340759277,3.883090019226074,0.7134411334991455,0,-1,0,0,0.0,2.0,254,2.3538386821746826,0,0.0,0,0.0,0,6.0698065757751465,0,5
SH,Mamba,137,2623,239,239,23.900000000000002,0.19268842041492462,0.2517133355140686,0.5214223861694336,0.6152032017707825,0.20107430219650269,0,-1,1,237,0.9916317991631799,2.0,239,1.2086127996444702,0,0.0,0,0.0,0,2.1985883712768555,2,7
SH,Mamba,137,2624,203,203,20.3,0.27426502108573914,0.3291173577308655,10.634346008300781,13.01128101348877,1.175080418586731,0,-1,1,203,1.0,2.0,203,0.719728946685791,0,0.0,0,0.0,0,16.15439796447754,1,6
SH,Mamba,137,2625,275,275,27.5,0.22203506529331207,0.28361204266548157,3.276334762573242,3.82026743888855,0.41593363881111145,0,-1,0,0,0.0,2.0,275,2.5595436096191406,0,0.0,0,0.0,0,19.313125610351562,0,5
SH,Mamba,137,2626,132,132,13.200000000000001,0.20341964066028595,0.2362130880355835,2.9190869331359863,4.006667613983154,0.6917665600776672,0,-1,0,0,0.0,2.0,132,2.9493610858917236,0,0.0,0,0.0,0,26.68523597717285,0,5
SH,Mamba,137,2627,160,160,16.0,0.276164710521698,0.3305509090423584,0.5705057978630066,0.8779779672622681,0.34078407287597656,0,-1,1,160,1.0,2.0,160,1.1381862163543701,0,0.0,0,0.0,0,9.22292709350586,0,5
SH,Mamba,137,2628,184,184,18.400000000000002,0.4412972033023834,0.6692788600921631,0.8296691179275513,1.884170413017273,0.5728359222412109,0,-1,1,184,1.0,2.0,184,0.5825592875480652,0,0.0,0,0.0,0,1.5019344091415405,2,7
SH,Mamba,137,2629,168,168,16.8,0.16874943673610687,0.1905437409877777,1.4247888326644897,1.9599924087524414,0.5813256502151489,0,-1,0,0,0.0,2.0,168,3.070600748062134,0,0.0,0,0.0,0,42.48262405395508,0,5
SH,Mamba,137,2630,619,619,61.900000000000006,0.19701160490512848,0.253799706697464,4.042506217956543,5.525884628295898,0.3648221790790558,0,-1,1,619,1.0,2.0,619,1.2878717184066772,0,0.0,0,0.0,0,6.92454195022583,2,7
SH,Mamba,137,2631,246,246,24.6,0.27257561683654785,0.37629765272140503,7.638693809509277,12.16005802154541,1.2337559461593628,0,-1,1,178,0.7235772357723578,2.0,246,1.418207049369812,0,0.0,0,0.0,0,4.319453716278076,2,7
SH,Mamba,137,2632,148,148,14.8,0.2913840413093567,0.3708125054836273,1.3122289180755615,1.5504587888717651,0.46865081787109375,0,-1,1,148,1.0,2.0,148,0.32330942153930664,0,0.0,0,0.0,0,4.650125503540039,0,5
SH,Mamba,137,2633,413,413,41.300000000000004,0.2363065481185913,0.3574036657810211,1.0997852087020874,1.2571219205856323,0.31316471099853516,1,403,1,403,0.9757869249394673,2.0,403,0.0,0,0.0,0,0.0,0,0.0,1,6
SH,Mamba,137,2634,165,165,16.5,0.37372466921806335,0.5633111000061035,2.638803482055664,3.011216402053833,0.37365540862083435,0,-1,1,165,1.0,2.0,165,0.4856034815311432,0,0.0,0,0.0,0,2.1733639240264893,0,5
SH,Mamba,137,2635,191,191,19.1,0.4486330449581146,0.5269372463226318,4.874908447265625,6.32723331451416,1.0346029996871948,0,-1,0,0,0.0,2.0,191,2.528698205947876,0,0.0,0,0.0,0,26.519468307495117,2,7
SH,Mamba,137,2636,220,220,22.0,0.223862424492836,0.3370552361011505,2.897937536239624,3.898793935775757,0.5012807250022888,0,-1,1,220,1.0,2.0,220,0.8404807448387146,0,0.0,0,0.0,0,0.9793875217437744,2,7
SH,Mamba,137,2637,259,259,25.900000000000002,0.23644332587718964,0.3251174986362457,1.9389188289642334,2.5242395401000977,0.36981645226478577,0,-1,1,118,0.4555984555984556,2.0,259,1.6672452688217163,0,0.0,0,0.0,0,1.417832612991333,1,6
SH,Mamba,137,2638,184,184,18.400000000000002,0.266876757144928,0.3164536654949188,1.1466608047485352,1.3249343633651733,0.3699928820133209,0,-1,1,184,1.0,2.0,184,1.095994472503662,0,0.0,0,0.0,0,21.288158416748047,0,5
SH,Mamba,137,2639,1280,1280,128.0,0.2416483461856842,0.3233967423439026,1.320885181427002,1.6342562437057495,0.3738090991973877,0,-1,1,1280,1.0,2.0,1280,0.7191612124443054,0,0.0,0,0.0,0,0.9024087190628052,2,7
SH,Mamba,137,2640,176,176,17.6,0.36377236247062683,0.4621865451335907,2.9828217029571533,5.624623775482178,1.212428331375122,0,-1,0,0,0.0,2.0,176,3.963916778564453,0,0.0,0,0.0,0,55.55937194824219,0,5
SH,Mamba,137,2641,283,283,28.3,0.18258941173553467,0.26555827260017395,4.520781993865967,5.484865665435791,0.2663041651248932,0,-1,1,283,1.0,2.0,283,0.2595744729042053,0,0.0,0,0.0,0,4.187662601470947,0,5
SH,Mamba,137,2642,136,136,13.600000000000001,0.28419023752212524,0.3827144205570221,0.2659681439399719,0.3831048309803009,0.2451162338256836,0,-1,1,136,1.0,2.0,136,0.4929940700531006,0,0.0,0,0.0,0,7.106634140014648,2,7
SH,Mamba,137,2643,169,169,16.900000000000002,0.30561718344688416,0.4029199182987213,0.705715000629425,1.0007948875427246,0.43490883708000183,0,-1,0,0,0.0,2.0,169,2.9217278957366943,0,0.0,0,0.0,0,5.239253997802734,1,6
SH,Mamba,137,2644,149,149,14.9,0.31165340542793274,0.3879622220993042,1.7918267250061035,1.9883450269699097,0.35575950145721436,0,-1,0,0,0.0,2.0,149,2.8913931846618652,0,0.0,0,0.0,0,4.010214805603027,1,6
SH,Mamba,137,2645,250,250,25.0,0.27090057730674744,0.3639392554759979,0.7444917559623718,1.1043051481246948,0.29403775930404663,0,-1,1,168,0.672,2.0,250,1.4706259965896606,0,0.0,0,0.0,0,1.3598361015319824,1,6
SH,Mamba,137,2646,168,168,16.8,0.26675519347190857,0.37956511974334717,2.9623842239379883,3.3005266189575195,0.4893478751182556,0,-1,1,168,1.0,2.0,168,1.4607133865356445,0,0.0,0,0.0,0,6.2512407302856445,1,6
SH,Mamba,137,2647,536,536,53.6,0.30988809466362,0.38559865951538086,9.403956413269043,13.27328109741211,1.0059893131256104,0,-1,1,414,0.7723880597014925,2.0,536,1.1475049257278442,0,0.0,0,0.0,0,6.687624931335449,1,6
SH,Mamba,137,2648,335,335,33.5,0.17945615947246552,0.24051792919635773,1.0447545051574707,1.5878719091415405,0.27177464962005615,0,-1,1,335,1.0,2.0,335,1.0284029245376587,0,0.0,0,0.0,0,6.2509236335754395,0,5
SH,Mamba,137,2649,190,190,19.0,0.3219982385635376,0.40176934003829956,5.982423305511475,9.11025333404541,1.436245083808899,0,-1,1,124,0.6526315789473685,2.0,190,1.2765780687332153,0,0.0,0,0.0,0,20.90068244934082,2,7
SH,Mamba,137,2650,165,165,16.5,0.15740907192230225,0.22349736094474792,1.9680671691894531,2.3002779483795166,0.4078463017940521,0,-1,1,21,0.12727272727272726,2.0,165,1.7548273801803589,0,0.0,0,0.0,0,45.074310302734375,1,6
SH,Mamba,137,2651,209,209,20.900000000000002,0.13790303468704224,0.17310494184494019,2.6354353427886963,3.046909809112549,0.26876363158226013,0,-1,1,175,0.8373205741626795,2.0,209,1.613221287727356,0,0.0,0,0.0,0,15.885577201843262,2,7
SH,Mamba,137,2652,214,214,21.400000000000002,0.23803259432315826,0.31654590368270874,1.709364891052246,2.2349159717559814,0.4048059284687042,0,-1,0,0,0.0,2.0,214,2.1337625980377197,0,0.0,0,0.0,0,4.055934906005859,1,6
SH,Mamba,137,2653,238,238,23.8,0.1609552949666977,0.20269836485385895,1.3639497756958008,1.6269160509109497,0.3181241750717163,0,-1,0,0,0.0,2.0,238,2.0337326526641846,0,0.0,0,0.0,0,12.568933486938477,2,7
SH,Mamba,137,2654,316,316,31.6,0.23742267489433289,0.273001104593277,33.96530532836914,42.70762252807617,2.498063564300537,0,-1,1,76,0.24050632911392406,2.0,316,0.9630652666091919,0,0.0,0,0.0,0,23.1324405670166,1,6
SH,Mamba,137,2655,609,609,60.900000000000006,0.7516530156135559,0.9357035160064697,64.957275390625,85.04994201660156,5.228382587432861,0,-1,1,107,0.17569786535303777,2.0,609,1.3327938318252563,0,0.0,0,0.0,0,12.972737312316895,1,6
SH,Mamba,137,2656,139,139,13.9,0.34182459115982056,0.5455995798110962,2.8730664253234863,3.0941638946533203,0.3295918107032776,0,-1,1,43,0.30935251798561153,2.0,139,1.6955368518829346,0,0.0,0,0.0,0,6.039167404174805,0,5
SH,Mamba,137,2657,256,256,25.6,0.16307704150676727,0.23271609842777252,11.874956130981445,15.988471984863281,1.237204670906067,0,-1,1,256,1.0,2.0,256,1.286144733428955,0,0.0,0,0.0,0,26.730424880981445,0,5
SH,Mamba,137,2658,470,470,47.0,0.30020666122436523,0.3560262620449066,1.2728502750396729,1.809320330619812,0.5190363526344299,0,-1,1,470,1.0,2.0,470,1.3645991086959839,0,0.0,0,0.0,0,2.1450910568237305,0,5
SH,Mamba,137,2659,141,141,14.100000000000001,0.3377457857131958,0.41664695739746094,1.3089048862457275,1.8819812536239624,0.38353899121284485,0,-1,1,65,0.46099290780141844,2.0,141,1.5787248611450195,0,0.0,0,0.0,0,2.6292827129364014,2,7
SH,Mamba,137,2660,174,174,17.400000000000002,0.6084321737289429,0.8192627429962158,4.998798847198486,5.833311080932617,1.4732815027236938,0,-1,0,0,0.0,2.0,174,2.093834400177002,0,0.0,0,0.0,0,13.224465370178223,2,7
SH,Mamba,137,2661,246,246,24.6,0.19884489476680756,0.2521994411945343,12.190560340881348,15.738863945007324,1.1957560777664185,0,-1,1,246,1.0,2.0,246,0.36733531951904297,0,0.0,0,0.0,0,9.027749061584473,0,5
SH,Mamba,137,2662,384,384,38.400000000000006,0.20195221900939941,0.2372855693101883,1.7785171270370483,1.9833095073699951,0.3024079501628876,0,-1,0,0,0.0,2.0,384,2.235658645629883,0,0.0,0,0.0,0,5.114603042602539,1,6
SH,Mamba,137,2663,142,142,14.200000000000001,0.19773681461811066,0.23790381848812103,9.3895845413208,11.970463752746582,1.6514633893966675,0,-1,1,142,1.0,2.0,142,1.5982542037963867,0,0.0,0,0.0,0,25.03387451171875,2,7
SH,Mamba,137,2664,151,151,15.100000000000001,0.6807211637496948,0.9416833519935608,3.138357400894165,4.200095176696777,1.044122576713562,0,-1,1,151,1.0,2.0,151,0.7030871510505676,0,0.0,0,0.0,0,6.898281097412109,0,5
SH,Mamba,137,2665,749,749,74.9,0.34005966782569885,0.4620617628097534,5.301123142242432,7.412786483764648,0.6346827745437622,0,-1,1,233,0.31108144192256343,2.0,749,1.62120521068573,0,0.0,0,0.0,0,6.819766044616699,1,6
SH,Mamba,137,2666,194,194,19.400000000000002,0.3919964134693146,0.4524240791797638,10.859477043151855,13.736137390136719,1.512296438217163,0,-1,1,194,1.0,2.0,194,0.9803422689437866,0,0.0,0,0.0,0,29.352514266967773,1,6
SH,Mamba,137,2667,136,136,13.600000000000001,0.40413519740104675,0.5209043622016907,1.4050321578979492,1.739058017730713,0.3985184133052826,0,-1,0,0,0.0,2.0,136,2.230836868286133,0,0.0,0,0.0,0,5.254422664642334,0,5
SH,Mamba,137,2668,627,627,62.7,0.14456458389759064,0.17504733800888062,8.119482040405273,10.139741897583008,0.4775014817714691,0,-1,1,609,0.9712918660287081,2.0,627,0.9845330715179443,0,0.0,0,0.0,0,16.253267288208008,0,5
SH,Mamba,137,2669,274,274,27.400000000000002,0.21081332862377167,0.2598167061805725,1.5775965452194214,2.1313462257385254,0.3929728865623474,0,-1,0,0,0.0,2.0,274,2.07859206199646,0,0.0,0,0.0,0,34.055885314941406,1,6
SH,Mamba,137,2670,173,173,17.3,0.3044206202030182,0.39431118965148926,2.5913124084472656,3.1266372203826904,0.8199741840362549,0,-1,1,32,0.18497109826589594,2.0,173,1.606730580329895,0,0.0,0,0.0,0,7.979016304016113,1,6
SH,Mamba,137,2671,681,681,68.10000000000001,0.17528106272220612,0.21113575994968414,7.645455360412598,8.731714248657227,0.29405975341796875,0,-1,1,681,1.0,2.0,681,0.44444307684898376,0,0.0,0,0.0,0,9.495465278625488,0,5
SH,Mamba,137,2672,455,455,45.5,0.2754323184490204,0.34153619408607483,6.539258003234863,9.090105056762695,0.8521307110786438,0,-1,0,0,0.0,2.0,455,2.2676665782928467,0,0.0,0,0.0,0,1.5590686798095703,0,5
SH,Mamba,137,2673,164,164,16.400000000000002,0.27165037393569946,0.3346462547779083,6.256529331207275,7.828159809112549,0.9281745553016663,0,-1,0,0,0.0,2.0,164,2.4413094520568848,0,0.0,0,0.0,0,34.715816497802734,2,7
SH,Mamba,137,2674,211,211,21.1,0.1875678300857544,0.2534502446651459,1.6895153522491455,2.195173978805542,0.211484894156456,0,-1,1,211,1.0,2.0,211,0.6692228317260742,0,0.0,0,0.0,0,9.32061767578125,0,5
SH,Mamba,137,2675,193,193,19.3,0.4030155837535858,0.521468460559845,1.4516561031341553,2.089703321456909,0.43812042474746704,0,-1,1,148,0.7668393782383419,2.0,193,1.549618124961853,0,0.0,0,0.0,0,8.194535255432129,2,7
SH,Mamba,137,2676,140,140,14.0,0.21506045758724213,0.2580263316631317,7.426100254058838,9.744750022888184,1.4786289930343628,0,-1,1,37,0.2642857142857143,2.0,140,1.762873888015747,0,0.0,0,0.0,0,35.904144287109375,2,7
SH,Mamba,137,2677,194,194,19.400000000000002,0.46454548835754395,0.659841001033783,1.6911309957504272,2.170414924621582,0.735548198223114,0,-1,1,194,1.0,2.0,194,0.594982922077179,0,0.0,0,0.0,0,2.5996739864349365,2,7
SH,Mamba,137,2678,278,278,27.8,0.18464602530002594,0.2503454387187958,0.9208807349205017,1.2324345111846924,0.22997820377349854,0,-1,1,175,0.6294964028776978,2.0,278,1.6356083154678345,0,0.0,0,0.0,0,2.5923385620117188,2,7
SH,Mamba,137,2679,259,259,25.900000000000002,0.360194593667984,0.4332817494869232,5.522278785705566,6.637594223022461,0.5450535416603088,0,-1,1,259,1.0,2.0,259,1.4346266984939575,0,0.0,0,0.0,0,4.353399753570557,2,7
SH,Mamba,137,2680,132,132,13.200000000000001,0.6957499980926514,0.9324108362197876,4.945131778717041,6.969911575317383,1.1881799697875977,0,-1,0,0,0.0,2.0,132,2.1456210613250732,0,0.0,0,0.0,0,12.701518058776855,1,6
SH,Mamba,137,2681,177,177,17.7,0.3807009756565094,0.48363029956817627,2.2479515075683594,3.665055990219116,0.6236951351165771,0,-1,1,177,1.0,2.0,177,1.028546929359436,0,0.0,0,0.0,0,7.23098611831665,2,7
SH,Mamba,137,2682,514,514,51.400000000000006,0.18136517703533173,0.27879756689071655,3.623525619506836,4.322780609130859,0.39186882972717285,0,-1,1,437,0.8501945525291829,2.0,514,1.292578101158142,0,0.0,0,0.0,0,20.507585525512695,2,7
SH,Mamba,137,2683,221,221,22.1,0.3797369599342346,0.46796882152557373,1.149306297302246,1.427417516708374,0.6313960552215576,0,-1,1,221,1.0,2.0,221,1.0305023193359375,0,0.0,0,0.0,0,29.58526611328125,0,5
SH,Mamba,137,2684,456,456,45.6,0.22925648093223572,0.2988843321800232,9.782905578613281,10.756963729858398,0.46712493896484375,0,-1,0,0,0.0,2.0,456,2.261428117752075,0,0.0,0,0.0,0,10.474120140075684,2,7
SH,Mamba,137,2685,473,473,47.300000000000004,0.15657609701156616,0.18981868028640747,5.833323001861572,8.97078800201416,0.6493731737136841,0,-1,1,297,0.627906976744186,2.0,473,0.866605818271637,0,0.0,0,0.0,0,16.719600677490234,1,6
SH,Mamba,137,2686,905,905,90.5,0.26266294717788696,0.3385290801525116,1.8817065954208374,2.520702600479126,0.4033983051776886,0,-1,1,905,1.0,2.0,905,0.864567220211029,0,0.0,0,0.0,0,5.225372314453125,0,5
SH,Mamba,137,2687,457,457,45.7,0.35764726996421814,0.5020315647125244,3.9598793983459473,4.482828617095947,0.49823397397994995,0,-1,1,457,1.0,2.0,457,1.0429625511169434,0,0.0,0,0.0,0,4.025469779968262,0,5
SH,Mamba,137,2688,335,335,33.5,0.3160221576690674,0.38918161392211914,8.500659942626953,10.556429862976074,1.4902703762054443,0,-1,1,25,0.07462686567164178,2.0,335,1.8194890022277832,0,0.0,0,0.0,0,37.480560302734375,2,7
SH,Mamba,137,2689,227,227,22.700000000000003,0.18891145288944244,0.23155847191810608,1.9744799137115479,2.257225751876831,0.3185284733772278,0,-1,1,227,1.0,2.0,227,0.6821149587631226,0,0.0,0,0.0,0,13.657590866088867,0,5
SH,Mamba,137,2690,343,343,34.300000000000004,0.207350954413414,0.248619943857193,11.491156578063965,17.629850387573242,1.3868054151535034,0,-1,1,287,0.8367346938775511,2.0,343,1.5092840194702148,0,0.0,0,0.0,0,5.755195617675781,0,5
SH,Mamba,137,2691,185,185,18.5,0.20643019676208496,0.25825628638267517,1.1156246662139893,1.3071870803833008,0.3260185420513153,0,-1,0,0,0.0,2.0,185,2.0206830501556396,0,0.0,0,0.0,0,32.12112045288086,1,6
SH,Mamba,137,2692,132,132,13.200000000000001,0.459805965423584,0.5654482245445251,0.7082008123397827,0.9310206174850464,0.39922282099723816,0,-1,0,0,0.0,2.0,132,4.882564544677734,0,0.0,0,0.0,0,14.411199569702148,2,7
SH,Mamba,137,2693,362,362,36.2,0.20010529458522797,0.24800756573677063,4.731122016906738,5.225039482116699,0.3183164894580841,0,-1,1,362,1.0,2.0,362,1.495697259902954,0,0.0,0,0.0,0,22.28175163269043,2,7
SH,Mamba,137,2694,198,198,19.8,0.5280836224555969,0.6230575442314148,17.548324584960938,21.49790382385254,1.7170897722244263,0,-1,1,148,0.7474747474747475,2.0,198,0.29032236337661743,0,0.0,0,0.0,0,5.288599014282227,2,7
SH,Mamba,137,2695,140,140,14.0,0.17421384155750275,0.2256832718849182,0.5608977675437927,0.8040590286254883,0.3238573670387268,0,-1,0,0,0.0,2.0,140,3.0418128967285156,0,0.0,0,0.0,0,18.114856719970703,0,5
SH,Mamba,137,2696,533,533,53.300000000000004,0.37151283025741577,0.5090731978416443,1.7536863088607788,2.817124366760254,0.5370821952819824,0,-1,1,533,1.0,2.0,533,0.8719192743301392,0,0.0,0,0.0,0,2.694361686706543,0,5
SH,Mamba,137,2697,177,177,17.7,0.11667755991220474,0.13985802233219147,0.2036668360233307,0.23770123720169067,0.15097816288471222,0,-1,0,0,0.0,2.0,177,2.03603458404541,0,0.0,0,0.0,0,36.873512268066406,0,5
SH,Mamba,137,2698,142,142,14.200000000000001,0.1411186158657074,0.17799703776836395,1.9038876295089722,2.2689268589019775,0.3184734880924225,0,-1,0,0,0.0,2.0,142,4.216075420379639,0,0.0,0,0.0,0,64.79621124267578,0,5
SH,Mamba,137,2699,166,166,16.6,0.459193617105484,0.5844905376434326,1.7676571607589722,2.0504212379455566,0.7284161448478699,0,-1,1,37,0.22289156626506024,2.0,166,1.7939852476119995,0,0.0,0,0.0,0,17.827381134033203,0,5
SH,Mamba,137,2700,450,450,45.0,0.17562590539455414,0.24321748316287994,3.087225914001465,3.877807855606079,0.25533607602119446,1,423,1,396,0.88,2.0,423,0.0,0,0.0,0,0.0,0,0.0,0,5
SH,Mamba,137,2701,223,223,22.3,0.42656251788139343,0.5331817269325256,1.4140688180923462,1.7684168815612793,0.6546308398246765,0,-1,1,223,1.0,2.0,223,0.5386765003204346,0,0.0,0,0.0,0,3.2018532752990723,2,7
SH,Mamba,137,2702,277,277,27.700000000000003,0.43471434712409973,0.5985415577888489,2.7871315479278564,3.165996551513672,0.5988933444023132,0,-1,1,264,0.9530685920577617,2.0,277,1.234836459159851,0,0.0,0,0.0,0,3.636066198348999,0,5
SH,Mamba,137,2703,923,923,92.30000000000001,0.1893385946750641,0.25311923027038574,3.1433379650115967,3.520630359649658,0.29438573122024536,1,905,1,764,0.8277356446370531,2.0,905,0.0,0,0.0,0,0.0,0,0.0,2,7
SH,Mamba,137,2704,216,216,21.6,0.21943004429340363,0.2685285210609436,0.7364253997802734,0.9258390665054321,0.3339737057685852,0,-1,1,216,1.0,2.0,216,0.6287486553192139,0,0.0,0,0.0,0,8.927371978759766,2,7
SH,Mamba,137,2705,285,285,28.5,0.5770042538642883,0.7913534045219421,4.081961631774902,4.582151412963867,2.6349377632141113,1,42,1,42,0.14736842105263157,2.0,42,0.0,0,0.0,0,0.0,0,0.0,2,7
SH,Mamba,137,2706,140,140,14.0,0.5338014364242554,0.6844888925552368,1.203519344329834,1.5168880224227905,0.8699898719787598,0,-1,1,140,1.0,2.0,140,1.2566108703613281,0,0.0,0,0.0,0,3.6648361682891846,1,6
SH,Mamba,137,2707,155,155,15.5,0.4351479709148407,0.5508435368537903,6.046267986297607,9.125289916992188,1.4884185791015625,0,-1,1,154,0.9935483870967742,2.0,155,1.285462737083435,0,0.0,0,0.0,0,5.357846736907959,0,5
SH,Mamba,137,2708,332,332,33.2,0.21604309976100922,0.26904404163360596,3.8260445594787598,6.41521692276001,0.9373478889465332,0,-1,0,0,0.0,2.0,332,2.494685649871826,0,0.0,0,0.0,0,26.93389320373535,1,6
SH,Mamba,137,2709,153,153,15.3,0.2865942418575287,0.38109683990478516,2.0069658756256104,2.5614309310913086,0.36421844363212585,1,150,1,150,0.9803921568627451,2.0,150,0.0,0,0.0,0,0.0,0,0.0,1,6
SH,Mamba,137,2710,490,490,49.0,0.43577927350997925,0.586177408695221,4.399011611938477,4.969010353088379,3.1852128505706787,1,83,1,83,0.16938775510204082,2.0,83,0.0,0,0.0,0,0.0,0,0.0,0,5
SH,Mamba,137,2711,144,144,14.4,0.5212641954421997,0.6656448841094971,1.093691110610962,1.3963499069213867,0.639531672000885,0,-1,1,100,0.6944444444444444,2.0,144,1.5157923698425293,0,0.0,0,0.0,0,1.950665831565857,0,5
SH,Mamba,137,2712,1394,1394,139.4,0.31796300411224365,0.4130202531814575,1.4270877838134766,1.6777840852737427,0.30970579385757446,0,-1,1,1269,0.9103299856527977,2.0,1394,1.0242204666137695,0,0.0,0,0.0,0,1.2846592664718628,1,6
SH,Mamba,137,2713,320,320,32.0,0.26470404863357544,0.3364655673503876,1.5742285251617432,1.889102816581726,0.3451080024242401,0,-1,1,320,1.0,2.0,320,0.8507261276245117,0,0.0,0,0.0,0,3.7250938415527344,1,6
SH,Mamba,137,2714,507,507,50.7,0.2990420162677765,0.37423619627952576,3.022015333175659,3.3047544956207275,0.3256953954696655,0,-1,1,507,1.0,2.0,507,0.9815799593925476,0,0.0,0,0.0,0,3.783940315246582,0,5
SH,Mamba,137,2715,324,324,32.4,0.5415727496147156,0.7459791302680969,2.8017563819885254,3.7086310386657715,0.8259861469268799,0,-1,1,324,1.0,2.0,324,1.1105936765670776,0,0.0,0,0.0,0,2.4402689933776855,0,5
SH,Mamba,137,2716,345,345,34.5,0.1990375965833664,0.2544516324996948,1.0680464506149292,1.2101973295211792,0.19524826109409332,0,-1,1,40,0.11594202898550725,2.0,345,1.8783236742019653,0,0.0,0,0.0,0,6.784356117248535,1,6
SH,Mamba,137,2717,205,205,20.5,0.20195330679416656,0.26030656695365906,3.644986867904663,4.6565656661987305,0.5122876167297363,0,-1,1,205,1.0,2.0,205,0.5132793188095093,0,0.0,0,0.0,0,16.282939910888672,0,5
SH,Mamba,137,2718,377,377,37.7,0.24546021223068237,0.29629266262054443,10.097128868103027,11.427677154541016,0.5329751968383789,0,-1,1,235,0.623342175066313,2.0,377,1.429898977279663,0,0.0,0,0.0,0,29.789928436279297,2,7
SH,Mamba,137,2719,366,366,36.6,0.31207549571990967,0.4865105450153351,1.3949909210205078,2.4655871391296387,0.48591360449790955,0,-1,1,332,0.907103825136612,2.0,366,1.4050577878952026,0,0.0,0,0.0,0,4.492721080780029,2,7
SH,Mamba,137,2720,455,455,45.5,0.3328808546066284,0.5708951950073242,1.5347955226898193,2.759244918823242,0.6502834558486938,0,-1,1,455,1.0,2.0,455,1.14824378490448,0,0.0,0,0.0,0,5.573213577270508,1,6
SH,Mamba,137,2721,211,211,21.1,0.15340068936347961,0.2018573135137558,1.0744647979736328,1.67902410030365,0.3123113214969635,0,-1,1,211,1.0,2.0,211,1.2812591791152954,0,0.0,0,0.0,0,6.690390110015869,1,6
SH,Mamba,137,2722,131,131,13.100000000000001,0.3491542637348175,0.3925781846046448,1.7594963312149048,2.1139039993286133,0.6789798140525818,0,-1,0,0,0.0,2.0,131,3.302659034729004,0,0.0,0,0.0,0,4.95609712600708,2,7
SH,Mamba,137,2723,495,495,49.5,0.25161561369895935,0.419768363237381,7.0063581466674805,8.748017311096191,0.7532563805580139,0,-1,1,495,1.0,2.0,495,1.4024049043655396,0,0.0,0,0.0,0,23.67928695678711,1,6
SH,Mamba,137,2724,251,251,25.1,0.41283664107322693,0.4842790365219116,2.1287357807159424,2.6820712089538574,0.8285953402519226,0,-1,1,47,0.18725099601593626,2.0,251,1.8877817392349243,0,0.0,0,0.0,0,6.876413822174072,2,7
SH,Mamba,137,2725,240,240,24.0,0.1638261377811432,0.23469026386737823,3.7533047199249268,4.192530632019043,0.397167831659317,1,198,1,198,0.825,2.0,198,0.0,0,0.0,0,0.0,0,0.0,1,6
SH,Mamba,137,2726,272,272,27.200000000000003,0.25986990332603455,0.3405742347240448,3.2270498275756836,3.5911853313446045,0.42792585492134094,0,-1,1,272,1.0,2.0,272,0.8324838280677795,0,0.0,0,0.0,0,16.338857650756836,0,5
SH,Mamba,137,2727,138,138,13.8,0.3741745352745056,0.4402614235877991,9.519330024719238,11.439494132995605,1.3798261880874634,0,-1,0,0,0.0,2.0,138,2.802093029022217,0,0.0,0,0.0,0,49.26201248168945,1,6
SH,Mamba,137,2728,184,184,18.400000000000002,0.18734778463840485,0.2201979160308838,3.525052547454834,4.045382022857666,0.3118911385536194,0,-1,1,184,1.0,2.0,184,0.4877523183822632,0,0.0,0,0.0,0,9.260342597961426,1,6
SH,Mamba,137,2729,235,235,23.5,0.31718549132347107,0.38162991404533386,1.4924182891845703,1.8309279680252075,0.3865211308002472,0,-1,1,235,1.0,2.0,235,1.633256196975708,0,0.0,0,0.0,0,8.513230323791504,1,6
SH,Mamba,137,2730,133,133,13.3,0.22204570472240448,0.25625792145729065,1.2854326963424683,1.6164066791534424,0.2697538137435913,0,-1,1,84,0.631578947368421,2.0,133,1.888585090637207,0,0.0,0,0.0,0,9.146855354309082,2,7
SH,Mamba,137,2731,162,162,16.2,0.20536954700946808,0.24065808951854706,0.7603970766067505,0.9382095336914062,0.3650529980659485,0,-1,1,162,1.0,2.0,162,1.1241527795791626,0,0.0,0,0.0,0,0.8580180406570435,1,6
SH,Mamba,137,2732,189,189,18.900000000000002,0.2435598373413086,0.29097849130630493,4.142991065979004,4.727172374725342,0.48723623156547546,0,-1,1,189,1.0,2.0,189,1.3434653282165527,0,0.0,0,0.0,0,40.851036071777344,0,5
SH,Mamba,137,2733,369,369,36.9,0.2638227343559265,0.38386601209640503,6.543466091156006,7.784427165985107,0.6241806745529175,0,-1,1,96,0.2601626016260163,2.0,369,1.7148665189743042,0,0.0,0,0.0,0,5.569422721862793,2,7
SH,Mamba,137,2734,536,536,53.6,0.2838777005672455,0.4023992717266083,14.11419677734375,16.835765838623047,1.092025876045227,0,-1,0,0,0.0,2.0,536,2.6598706245422363,0,0.0,0,0.0,0,11.975923538208008,1,6
SH,Mamba,137,2735,140,140,14.0,0.46039265394210815,0.5616185069084167,3.947509288787842,4.35273551940918,0.7023722529411316,0,-1,1,140,1.0,2.0,140,1.0079177618026733,0,0.0,0,0.0,0,0.6484116315841675,2,7
SH,Mamba,137,2736,184,184,18.400000000000002,0.57520592212677,0.7234023213386536,3.7032713890075684,4.822292327880859,1.3576018810272217,0,-1,1,182,0.9891304347826086,2.0,184,1.3073995113372803,0,0.0,0,0.0,0,6.483126163482666,2,7
SH,Mamba,137,2737,191,191,19.1,0.313604474067688,0.4745699167251587,1.7300456762313843,2.104546546936035,0.46394485235214233,0,-1,0,0,0.0,2.0,191,2.141265630722046,0,0.0,0,0.0,0,5.732761859893799,0,5
SH,Mamba,137,2738,253,253,25.3,0.26985612511634827,0.3253886103630066,0.826756477355957,1.1196181774139404,0.31881019473075867,0,-1,1,253,1.0,2.0,253,1.2293509244918823,0,0.0,0,0.0,0,8.68824577331543,2,7
SH,Mamba,137,2739,146,146,14.600000000000001,0.5570788979530334,0.7652407288551331,2.2348403930664062,2.5901129245758057,0.905310332775116,0,-1,1,146,1.0,2.0,146,0.41273415088653564,0,0.0,0,0.0,0,2.500739574432373,2,7
SH,Mamba,137,2740,396,396,39.6,0.2338140457868576,0.29490453004837036,1.646590232849121,2.0100064277648926,0.2647644877433777,0,-1,0,0,0.0,2.0,396,2.2811176776885986,0,0.0,0,0.0,0,0.9449067115783691,1,6
SH,Mamba,137,2741,433,433,43.300000000000004,0.26301389932632446,0.33263924717903137,5.005617618560791,5.76668119430542,0.4696016311645508,0,-1,1,396,0.9145496535796767,2.0,433,1.4944509267807007,0,0.0,0,0.0,0,9.147773742675781,2,7
SH,Mamba,137,2742,137,137,13.700000000000001,0.19290988147258759,0.25702494382858276,0.8931542634963989,1.0328593254089355,0.2575609087944031,0,-1,1,107,0.781021897810219,2.0,137,1.0092682838439941,0,0.0,0,0.0,0,19.340347290039062,1,6
SH,Mamba,137,2743,194,194,19.400000000000002,0.29287123680114746,0.3452478349208832,1.2699813842773438,1.9246653318405151,0.3252711594104767,0,-1,1,51,0.26288659793814434,2.0,194,1.702646017074585,0,0.0,0,0.0,0,4.292101860046387,0,5
SH,Mamba,137,2744,406,406,40.6,0.3472876250743866,0.405162513256073,3.8156955242156982,4.707147121429443,0.8274405598640442,0,-1,0,0,0.0,2.0,406,2.0038623809814453,0,0.0,0,0.0,0,15.561582565307617,2,7
SH,Mamba,137,2745,394,394,39.400000000000006,0.5432012677192688,0.9615427255630493,5.579158782958984,6.884092807769775,1.1325480937957764,0,-1,1,394,1.0,2.0,394,1.4253888130187988,0,0.0,0,0.0,0,16.051433563232422,1,6
SH,Mamba,137,2746,152,152,15.200000000000001,0.23905350267887115,0.2955949008464813,9.29918098449707,11.744009971618652,1.601004958152771,0,-1,0,0,0.0,2.0,152,2.859412431716919,0,0.0,0,0.0,0,46.43210983276367,1,6
SH,Mamba,137,2747,287,287,28.700000000000003,0.4889870285987854,0.6435551047325134,1.7085697650909424,2.0692293643951416,0.6893754005432129,0,-1,1,287,1.0,2.0,287,0.9164132475852966,0,0.0,0,0.0,0,1.5488879680633545,1,6
SH,Mamba,137,2748,195,195,19.5,0.31250905990600586,0.4137696325778961,2.1317272186279297,2.6899232864379883,0.49944785237312317,0,-1,1,195,1.0,2.0,195,0.908904492855072,0,0.0,0,0.0,0,18.08903694152832,0,5
SH,Mamba,137,2749,248,248,24.8,0.40558502078056335,0.49377134442329407,2.5462522506713867,2.9743261337280273,0.6007118225097656,0,-1,1,223,0.8991935483870968,2.0,248,1.1575273275375366,0,0.0,0,0.0,0,0.9447637796401978,1,6
SH,Mamba,137,2750,278,278,27.8,0.5938411951065063,0.78645920753479,8.45642375946045,10.229089736938477,4.429893493652344,1,144,1,144,0.5179856115107914,2.0,144,0.0,0,0.0,0,0.0,0,0.0,1,6
SH,Mamba,137,2751,147,147,14.700000000000001,0.5097275376319885,0.6178183555603027,1.6193785667419434,1.8714982271194458,0.6711327433586121,0,-1,1,147,1.0,2.0,147,0.4879586696624756,0,0.0,0,0.0,0,2.932175636291504,1,6
SH,Mamba,137,2752,765,765,76.5,0.23625165224075317,0.31681275367736816,2.6923506259918213,3.7913811206817627,0.33674484491348267,1,750,1,750,0.9803921568627451,2.0,750,0.0,0,0.0,0,0.0,0,0.0,2,7
SH,Mamba,137,2753,233,233,23.3,0.3349527418613434,0.3945371210575104,13.26136589050293,15.467580795288086,1.1326823234558105,0,-1,1,201,0.8626609442060086,2.0,233,0.9794601798057556,0,0.0,0,0.0,0,15.99200439453125,1,6
SH,Mamba,137,2754,174,174,17.400000000000002,0.7728232145309448,1.3480249643325806,1.2195734977722168,1.941262125968933,0.8327153325080872,0,-1,1,174,1.0,2.0,174,1.063907265663147,0,0.0,0,0.0,0,7.345761299133301,0,5
SH,Mamba,137,2755,134,134,13.4,0.4147823452949524,0.5312582850456238,10.265036582946777,11.635546684265137,1.133681058883667,0,-1,0,0,0.0,2.0,134,2.180921792984009,0,0.0,0,0.0,0,2.9511866569519043,1,6
SH,Mamba,137,2756,479,479,47.900000000000006,0.18560537695884705,0.23565621674060822,9.87847900390625,10.881309509277344,0.42154937982559204,0,-1,1,462,0.964509394572025,2.0,479,0.8006976842880249,0,0.0,0,0.0,0,11.501605987548828,1,6
SH,Mamba,137,2757,244,244,24.400000000000002,0.30481889843940735,0.38917088508605957,2.4833498001098633,2.744096040725708,0.33039620518684387,1,197,1,197,0.8073770491803278,2.0,197,0.0,0,0.0,0,0.0,0,0.0,0,5
SH,Mamba,137,2758,315,315,31.5,0.37632784247398376,0.5332494974136353,5.545742988586426,6.323754787445068,0.644307017326355,0,-1,1,315,1.0,2.0,315,0.5559883713722229,0,0.0,0,0.0,0,2.481515407562256,1,6
SH,Mamba,137,2759,215,215,21.5,0.1574864387512207,0.1816467046737671,2.606114387512207,3.3006014823913574,0.35040152072906494,0,-1,0,0,0.0,2.0,215,2.3466665744781494,0,0.0,0,0.0,0,11.263827323913574,1,6
SH,Mamba,137,2760,182,182,18.2,0.22877497971057892,0.27496275305747986,4.593899250030518,5.07464599609375,0.47174450755119324,0,-1,1,182,1.0,2.0,182,1.1495394706726074,0,0.0,0,0.0,0,13.605018615722656,1,6
SH,Mamba,137,2761,263,263,26.3,0.3560139536857605,0.4549197256565094,1.183998942375183,1.4895511865615845,0.46593695878982544,0,-1,1,120,0.45627376425855515,2.0,263,1.794254183769226,0,0.0,0,0.0,0,4.704771041870117,1,6
SH,Mamba,137,2762,177,177,17.7,0.6308037042617798,0.8000728487968445,3.4191229343414307,4.0146164894104,0.9774011969566345,0,-1,0,0,0.0,2.0,177,2.5211987495422363,0,0.0,0,0.0,0,17.300540924072266,1,6
SH,Mamba,137,2763,694,694,69.4,0.1568114310503006,0.20531350374221802,3.8229501247406006,4.717237949371338,0.35579144954681396,0,-1,1,499,0.7190201729106628,2.0,694,1.3795384168624878,0,0.0,0,0.0,0,7.85638952255249,0,5
SH,Mamba,137,2764,240,240,24.0,0.27218759059906006,0.3313308358192444,1.6723321676254272,2.0560240745544434,0.2712894082069397,0,-1,1,240,1.0,2.0,240,1.5231513977050781,0,0.0,0,0.0,0,0.8679530620574951,2,7
SH,Mamba,137,2765,1386,1386,138.6,0.25882747769355774,0.3536554276943207,2.8557608127593994,3.7483386993408203,0.8487915396690369,1,1114,1,922,0.6652236652236653,2.0,1114,0.0,0,0.0,0,0.0,0,0.0,2,7
SH,Mamba,137,2766,138,138,13.8,0.41325777769088745,0.5220524668693542,1.7103734016418457,2.4726741313934326,0.44876307249069214,0,-1,1,138,1.0,2.0,138,0.8080423474311829,0,0.0,0,0.0,0,1.5352519750595093,2,7
SH,Mamba,137,2767,2123,2123,212.3,0.244818314909935,0.3134993612766266,3.355404853820801,3.897660493850708,0.2828506827354431,0,-1,1,2012,0.9477154969382948,2.0,2123,0.8416257500648499,0,0.0,0,0.0,0,1.0186127424240112,1,6
SH,Mamba,137,2768,138,138,13.8,0.272134929895401,0.32215577363967896,2.711397409439087,3.0514745712280273,0.35209259390830994,1,124,1,124,0.8985507246376812,2.0,124,0.0,0,0.0,0,0.0,0,0.0,0,5
SH,Mamba,137,2769,235,235,23.5,0.2951202094554901,0.37486690282821655,0.9016178250312805,1.08359956741333,0.24581684172153473,0,-1,1,119,0.5063829787234042,2.0,235,1.5669595003128052,0,0.0,0,0.0,0,2.7069168090820312,2,7
SH,Mamba,137,2770,358,358,35.800000000000004,0.2771005630493164,0.3621310889720917,4.2121758460998535,5.063277244567871,0.8153467178344727,0,-1,1,122,0.3407821229050279,2.0,358,1.5619988441467285,0,0.0,0,0.0,0,9.087159156799316,2,7
SH,Mamba,137,2771,646,646,64.60000000000001,0.2791343927383423,0.3590579628944397,4.261153221130371,5.097516059875488,0.5887677073478699,0,-1,1,619,0.958204334365325,2.0,646,0.9082351922988892,0,0.0,0,0.0,0,4.648172378540039,0,5
SH,Mamba,137,2772,171,171,17.1,0.16738541424274445,0.20876049995422363,3.126270294189453,3.8231453895568848,0.4368646740913391,0,-1,1,171,1.0,2.0,171,1.4418543577194214,0,0.0,0,0.0,0,19.545093536376953,2,7
SH,Mamba,137,2773,243,243,24.3,0.4402191936969757,0.5468009114265442,2.3775179386138916,3.1596195697784424,0.8539174795150757,0,-1,0,0,0.0,2.0,243,2.73698091506958,0,0.0,0,0.0,0,2.2489285469055176,2,7
SH,Mamba,137,2774,513,513,51.300000000000004,0.13843747973442078,0.17411649227142334,3.0881221294403076,3.6558167934417725,0.3452368676662445,0,-1,1,463,0.9025341130604289,2.0,513,1.5170611143112183,0,0.0,0,0.0,0,17.66655158996582,0,5
SH,Mamba,137,2775,216,216,21.6,0.3203800618648529,0.3643316924571991,2.57540225982666,2.9443345069885254,0.49681344628334045,0,-1,1,192,0.8888888888888888,2.0,216,1.4895787239074707,0,0.0,0,0.0,0,4.700022220611572,0,5
SH,Mamba,137,2776,133,133,13.3,0.24061943590641022,0.2779751718044281,1.5620394945144653,1.8762983083724976,0.5402889251708984,0,-1,1,116,0.8721804511278195,2.0,133,1.2891192436218262,0,0.0,0,0.0,0,4.3525848388671875,0,5
SH,Mamba,137,2777,158,158,15.8,0.2196960151195526,0.2729410231113434,5.050591468811035,6.701401233673096,1.067431926727295,0,-1,0,0,0.0,2.0,158,2.289114236831665,0,0.0,0,0.0,0,49.38083267211914,1,6
SH,Mamba,137,2778,323,323,32.300000000000004,0.3107466995716095,0.3809656798839569,0.7692989110946655,0.8696353435516357,0.31263473629951477,0,-1,1,320,0.9907120743034056,2.0,323,1.3653814792633057,0,0.0,0,0.0,0,5.001200199127197,2,7
SH,Mamba,137,2779,137,137,13.700000000000001,0.3119340240955353,0.4025428891181946,2.5769808292388916,3.2793588638305664,0.40656930208206177,0,-1,0,0,0.0,2.0,137,5.143080711364746,0,0.0,0,0.0,0,21.044584274291992,2,7
SH,Mamba,137,2780,142,142,14.200000000000001,0.515108048915863,0.6119213700294495,1.5344210863113403,1.649786114692688,0.35903704166412354,0,-1,1,142,1.0,2.0,142,0.7552545070648193,0,0.0,0,0.0,0,0.5502758622169495,1,6
SH,Mamba,137,2781,146,146,14.600000000000001,0.3417799472808838,0.4354219436645508,16.180160522460938,19.597787857055664,2.2596681118011475,0,-1,1,109,0.7465753424657534,2.0,146,0.7568151354789734,0,0.0,0,0.0,0,21.854869842529297,0,5
SH,Mamba,137,2782,216,216,21.6,0.24456241726875305,0.29566678404808044,0.9793816208839417,1.2467347383499146,0.24125546216964722,0,-1,1,181,0.8379629629629629,2.0,216,1.4765300750732422,0,0.0,0,0.0,0,6.0233154296875,1,6
SH,Mamba,137,2783,145,145,14.5,0.224716454744339,0.26618096232414246,1.3138805627822876,1.5623515844345093,0.3764628767967224,0,-1,1,116,0.8,2.0,145,1.2174665927886963,0,0.0,0,0.0,0,1.7940560579299927,0,5
SH,Mamba,137,2784,660,660,66.0,0.4084496796131134,0.5024825930595398,3.407869577407837,4.038909435272217,0.572612464427948,0,-1,1,354,0.5363636363636364,2.0,660,1.3799041509628296,0,0.0,0,0.0,0,2.700260877609253,1,6
SH,Mamba,137,2785,183,183,18.3,0.14151640236377716,0.20024007558822632,1.085823893547058,1.3783766031265259,0.3943639397621155,0,-1,1,183,1.0,2.0,183,1.637406587600708,0,0.0,0,0.0,0,21.180599212646484,0,5
SH,Mamba,137,2786,361,361,36.1,0.23107843101024628,0.28765684366226196,2.5767481327056885,2.788065195083618,0.32607242465019226,0,-1,1,361,1.0,2.0,361,0.7749632000923157,0,0.0,0,0.0,0,6.44761848449707,2,7
SH,Mamba,137,2787,221,221,22.1,0.21141491830348969,0.2743310034275055,1.1477854251861572,1.3524457216262817,0.37238141894340515,0,-1,1,84,0.38009049773755654,2.0,221,1.5957247018814087,0,0.0,0,0.0,0,16.55530548095703,1,6
SH,Mamba,137,2788,148,148,14.8,0.358498215675354,0.45313388109207153,0.5476430058479309,0.6930353045463562,0.4365658760070801,0,-1,0,0,0.0,2.0,148,4.5697340965271,0,0.0,0,0.0,0,46.148563385009766,1,6
SH,Mamba,137,2789,145,145,14.5,0.20778723061084747,0.24084731936454773,1.751969814300537,2.411848306655884,0.6434192657470703,0,-1,0,0,0.0,2.0,145,2.0931241512298584,0,0.0,0,0.0,0,47.61074447631836,1,6
SH,Mamba,137,2790,189,189,18.900000000000002,0.28419893980026245,0.3678004741668701,4.812034606933594,5.625682830810547,0.593727171421051,0,-1,1,167,0.8835978835978836,2.0,189,1.4086040258407593,0,0.0,0,0.0,0,10.522085189819336,1,6
SH,Mamba,137,2791,154,154,15.4,0.21119236946105957,0.26565149426460266,1.348272442817688,1.806809663772583,0.4350936710834503,0,-1,1,154,1.0,2.0,154,1.8588086366653442,0,0.0,0,0.0,0,18.706735610961914,1,6
SH,Mamba,137,2792,555,555,55.5,0.1467243731021881,0.18951062858104706,1.9200518131256104,2.4298181533813477,0.3853062093257904,0,-1,1,328,0.590990990990991,2.0,555,1.3350844383239746,0,0.0,0,0.0,0,9.876921653747559,2,7
SH,Mamba,137,2793,236,236,23.6,0.42504629492759705,0.5443293452262878,2.2833008766174316,2.593332052230835,0.6088050007820129,0,-1,1,201,0.8516949152542372,2.0,236,1.0187548398971558,0,0.0,0,0.0,0,2.923391342163086,2,7
SH,Mamba,137,2794,137,137,13.700000000000001,0.21243496239185333,0.2405870407819748,2.4798362255096436,3.8058993816375732,0.897677481174469,0,-1,0,0,0.0,2.0,137,2.0205187797546387,0,0.0,0,0.0,0,41.97330093383789,0,5
SH,Mamba,137,2795,285,285,28.5,0.3950311243534088,0.5019872188568115,4.391915321350098,5.657590389251709,0.872947633266449,0,-1,0,0,0.0,2.0,285,2.022001028060913,0,0.0,0,0.0,0,15.139554023742676,0,5
SH,Mamba,137,2796,549,549,54.900000000000006,0.23882921040058136,0.30522122979164124,1.0680419206619263,1.4311327934265137,0.2788975238800049,0,-1,1,442,0.8051001821493625,2.0,549,1.5801323652267456,0,0.0,0,0.0,0,7.961709976196289,0,5
SH,Mamba,137,2797,585,585,58.5,0.3213028609752655,0.42374494671821594,1.4287958145141602,1.5640757083892822,0.32286500930786133,1,551,1,549,0.9384615384615385,2.0,551,0.0,0,0.0,0,0.0,0,0.0,0,5
SH,Mamba,137,2798,293,293,29.3,0.2630515396595001,0.3335573077201843,8.830939292907715,11.166292190551758,0.8728388547897339,0,-1,1,210,0.7167235494880546,2.0,293,1.4062994718551636,0,0.0,0,0.0,0,18.91568374633789,0,5
SH,Mamba,137,2799,426,426,42.6,0.3146055042743683,0.38344597816467285,2.555145740509033,3.4805753231048584,0.49612322449684143,0,-1,1,426,1.0,2.0,426,0.767975926399231,0,0.0,0,0.0,0,7.872823715209961,0,5
SH,Mamba,137,2800,422,422,42.2,0.22902029752731323,0.33440545201301575,20.177846908569336,23.43311882019043,1.4168615341186523,0,-1,1,27,0.06398104265402843,2.0,422,1.513499140739441,0,0.0,0,0.0,0,25.887746810913086,2,7
SH,Mamba,137,2801,911,911,91.10000000000001,0.23381100594997406,0.3004811406135559,1.4230002164840698,2.0857625007629395,0.31269320845603943,0,-1,1,911,1.0,2.0,911,1.0628533363342285,0,0.0,0,0.0,0,5.418856620788574,2,7
SH,Mamba,137,2802,241,241,24.1,0.34579014778137207,0.4496346414089203,5.89772367477417,7.335167407989502,1.1843656301498413,0,-1,1,176,0.7302904564315352,2.0,241,1.391886591911316,0,0.0,0,0.0,0,10.333992004394531,2,7
SH,Mamba,137,2803,364,364,36.4,0.16059713065624237,0.21590976417064667,1.0286623239517212,1.6220183372497559,0.3631223738193512,0,-1,1,118,0.3241758241758242,2.0,364,1.8001877069473267,0,0.0,0,0.0,0,9.299180030822754,2,7
SH,Mamba,137,2804,144,144,14.4,0.13311100006103516,0.19967347383499146,8.512413024902344,10.521695137023926,1.0837113857269287,0,-1,0,0,0.0,2.0,144,3.9502265453338623,0,0.0,0,0.0,0,11.362264633178711,1,6
SH,Mamba,137,2805,223,223,22.3,0.385336697101593,0.4941720962524414,5.769782543182373,6.6458563804626465,0.6682212352752686,0,-1,0,0,0.0,2.0,223,3.021049976348877,0,0.0,0,0.0,0,18.71010398864746,0,5
SH,Mamba,137,2806,131,131,13.100000000000001,0.23941972851753235,0.28801506757736206,3.974024534225464,4.526581287384033,0.4928012192249298,0,-1,1,18,0.13740458015267176,2.0,131,1.941798210144043,0,0.0,0,0.0,0,6.054757595062256,0,5
SH,Mamba,137,2807,269,269,26.900000000000002,0.195936918258667,0.2564812898635864,5.156373023986816,6.360752582550049,0.4396878480911255,0,-1,1,269,1.0,2.0,269,1.1651870012283325,0,0.0,0,0.0,0,8.690751075744629,2,7
SH,Mamba,137,2808,212,212,21.200000000000003,0.22801239788532257,0.29289597272872925,1.4178756475448608,1.7265822887420654,0.4826837182044983,0,-1,1,212,1.0,2.0,212,0.7199093103408813,0,0.0,0,0.0,0,1.6449458599090576,0,5
SH,Mamba,137,2809,157,157,15.700000000000001,0.26144835352897644,0.3157443404197693,3.0346758365631104,3.3525028228759766,0.4734751582145691,0,-1,1,35,0.2229299363057325,2.0,157,1.8252400159835815,0,0.0,0,0.0,0,7.1588239669799805,2,7
SH,Mamba,137,2810,194,194,19.400000000000002,0.3684871196746826,0.439268559217453,1.41641366481781,1.5274767875671387,0.3008609712123871,1,186,1,186,0.9587628865979382,2.0,186,0.0,0,0.0,0,0.0,0,0.0,1,6
SH,Mamba,137,2811,667,667,66.7,0.3964376747608185,0.4999118447303772,4.433723449707031,5.437021732330322,0.5601800084114075,0,-1,1,518,0.7766116941529235,2.0,667,0.8196779489517212,0,0.0,0,0.0,0,0.5343262553215027,2,7
SH,Mamba,137,2812,167,167,16.7,0.19008676707744598,0.23123736679553986,2.989271402359009,3.445387840270996,0.34918534755706787,0,-1,1,143,0.8562874251497006,2.0,167,1.4184340238571167,0,0.0,0,0.0,0,2.7152819633483887,1,6
SH,Mamba,137,2813,557,557,55.7,0.2394268661737442,0.32086092233657837,5.784085750579834,7.608143329620361,0.6027039289474487,0,-1,1,61,0.10951526032315978,2.0,557,1.798669457435608,0,0.0,0,0.0,0,3.540890693664551,0,5
SH,Mamba,137,2814,168,168,16.8,0.4347795844078064,0.5024433135986328,19.32893943786621,25.31368637084961,3.2521042823791504,0,-1,0,0,0.0,2.0,168,3.6890809535980225,0,0.0,0,0.0,0,39.45399475097656,2,7
SH,Mamba,137,2815,132,132,13.200000000000001,0.35518917441368103,0.41121169924736023,1.4098016023635864,1.837091326713562,0.5729454159736633,0,-1,0,0,0.0,2.0,132,4.1266374588012695,0,0.0,0,0.0,0,4.811365127563477,0,5
SH,Mamba,137,2816,415,415,41.5,0.22127439081668854,0.30553877353668213,6.183818340301514,6.663923740386963,0.4353204667568207,0,-1,1,339,0.8168674698795181,2.0,415,0.9964790344238281,0,0.0,0,0.0,0,0.35141104459762573,1,6
SH,Mamba,137,2817,171,171,17.1,0.18250150978565216,0.21608544886112213,1.8515629768371582,2.4974112510681152,0.23829148709774017,0,-1,0,0,0.0,2.0,171,5.929981708526611,0,0.0,0,0.0,0,7.089352130889893,0,5
SH,Mamba,137,2818,307,307,30.700000000000003,0.2567918002605438,0.3781009316444397,2.6025259494781494,5.140616416931152,0.8942713737487793,0,-1,1,307,1.0,2.0,307,0.8760871887207031,0,0.0,0,0.0,0,11.362604141235352,2,7
SH,Mamba,137,2819,250,250,25.0,0.2391265630722046,0.3270661532878876,2.534677028656006,2.915972948074341,0.33622443675994873,1,229,1,229,0.916,2.0,229,0.0,0,0.0,0,0.0,0,0.0,2,7
SH,Mamba,137,2820,339,339,33.9,0.1652427613735199,0.20694375038146973,0.894394040107727,1.0429240465164185,0.25971537828445435,0,-1,1,339,1.0,2.0,339,0.7402142882347107,0,0.0,0,0.0,0,9.788729667663574,1,6
SH,Mamba,137,2821,440,440,44.0,0.3620995581150055,0.4420850872993469,1.0963773727416992,1.2275806665420532,0.3345210552215576,0,-1,1,171,0.3886363636363636,2.0,440,1.2301260232925415,0,0.0,0,0.0,0,1.6709543466567993,1,6
SH,Mamba,137,2822,174,174,17.400000000000002,0.6211724281311035,0.7750499844551086,6.9753851890563965,8.395408630371094,0.826334536075592,0,-1,0,0,0.0,2.0,174,2.97991943359375,0,0.0,0,0.0,0,11.02298641204834,1,6
SH,Mamba,137,2823,432,432,43.2,0.24853089451789856,0.3128582835197449,13.233858108520508,15.63534927368164,1.1818604469299316,0,-1,0,0,0.0,2.0,432,3.050081729888916,0,0.0,0,0.0,0,46.85724639892578,1,6
SH,Mamba,137,2824,209,209,20.900000000000002,0.20764519274234772,0.261773020029068,3.9764833450317383,4.987724304199219,0.5967203974723816,0,-1,1,55,0.2631578947368421,2.0,209,1.752717137336731,0,0.0,0,0.0,0,28.747812271118164,0,5
SH,Mamba,137,2825,335,335,33.5,0.17513345181941986,0.24650068581104279,2.6794004440307617,3.1260626316070557,0.2801784574985504,0,-1,1,335,1.0,2.0,335,0.9478111863136292,0,0.0,0,0.0,0,2.7667365074157715,1,6
SH,Mamba,137,2826,304,304,30.400000000000002,0.19876635074615479,0.26677072048187256,2.959146499633789,4.153056621551514,0.408604234457016,0,-1,1,219,0.7203947368421053,2.0,304,1.5517001152038574,0,0.0,0,0.0,0,10.471593856811523,1,6
SH,Mamba,137,2827,151,151,15.100000000000001,0.1308051198720932,0.15407630801200867,0.9430976510047913,1.268038034439087,0.33546683192253113,0,-1,1,34,0.2251655629139073,2.0,151,1.6838712692260742,0,0.0,0,0.0,0,22.813711166381836,1,6
SH,Mamba,137,2828,178,178,17.8,0.29112669825553894,0.3739803731441498,3.017230749130249,3.493697166442871,0.7994936108589172,0,-1,1,178,1.0,2.0,178,0.5686781406402588,0,0.0,0,0.0,0,7.450510025024414,2,7
SH,Mamba,137,2829,1687,1687,168.70000000000002,0.21582958102226257,0.2746744155883789,4.063139915466309,4.733733654022217,0.36186158657073975,1,1677,1,1104,0.6544161232957914,2.0,1677,0.0,0,0.0,0,0.0,0,0.0,0,5
SH,Mamba,137,2830,176,176,17.6,0.2407228797674179,0.34528544545173645,2.737558126449585,3.2724077701568604,0.331344336271286,0,-1,1,176,1.0,2.0,176,0.4860692024230957,0,0.0,0,0.0,0,4.527442932128906,1,6
SH,Mamba,137,2831,152,152,15.200000000000001,0.2956780791282654,0.37345167994499207,12.777558326721191,15.242071151733398,1.622277021408081,0,-1,1,152,1.0,2.0,152,1.177138090133667,0,0.0,0,0.0,0,11.850823402404785,2,7
SH,Mamba,137,2832,188,188,18.8,0.3024517297744751,0.43322545289993286,1.3255798816680908,1.5306731462478638,0.3869064152240753,0,-1,0,0,0.0,2.0,188,2.3544697761535645,0,0.0,0,0.0,0,3.8468246459960938,0,5
SH,Mamba,137,2833,183,183,18.3,0.3563555181026459,0.45362916588783264,1.0010122060775757,1.2017855644226074,0.3464760482311249,0,-1,1,183,1.0,2.0,183,0.9113760590553284,0,0.0,0,0.0,0,4.9348320960998535,1,6
SH,Mamba,137,2834,834,834,83.4,0.25152575969696045,0.3912735879421234,2.707810878753662,3.4763870239257812,0.33199483156204224,0,-1,1,701,0.8405275779376499,2.0,834,0.1289842277765274,0,0.0,0,0.0,0,0.1006884053349495,2,7
SH,Mamba,137,2835,158,158,15.8,0.13632269203662872,0.18689917027950287,4.707945823669434,5.442096710205078,0.4715770184993744,0,-1,1,158,1.0,2.0,158,1.2156447172164917,0,0.0,0,0.0,0,11.119979858398438,2,7
SH,Mamba,137,2836,191,191,19.1,0.21163848042488098,0.2503243088722229,3.7199594974517822,4.116788864135742,0.469872385263443,0,-1,0,0,0.0,2.0,191,2.2081692218780518,0,0.0,0,0.0,0,21.878019332885742,1,6
SH,Mamba,137,2837,928,928,92.80000000000001,0.22882536053657532,0.2807532548904419,10.893030166625977,11.852852821350098,0.68166184425354,0,-1,1,666,0.7176724137931034,2.0,928,1.2560052871704102,0,0.0,0,0.0,0,15.425323486328125,1,6
SH,Mamba,137,2838,275,275,27.5,0.28642410039901733,0.4165990352630615,4.549446105957031,5.253232479095459,0.42528635263442993,0,-1,1,250,0.9090909090909091,2.0,275,1.3411921262741089,0,0.0,0,0.0,0,2.8049213886260986,1,6
SH,Mamba,137,2839,495,495,49.5,0.25669562816619873,0.3408421277999878,4.176886081695557,7.053371429443359,0.6014999151229858,0,-1,1,400,0.8080808080808081,2.0,495,1.3264107704162598,0,0.0,0,0.0,0,1.915549397468567,2,7
SH,Mamba,137,2840,260,260,26.0,0.31367042660713196,0.40194687247276306,1.5387301445007324,1.9023540019989014,0.6944544911384583,0,-1,1,129,0.49615384615384617,2.0,260,1.5659438371658325,0,0.0,0,0.0,0,5.440123558044434,1,6
SH,Mamba,137,2841,175,175,17.5,0.9245473146438599,1.0619405508041382,22.158721923828125,25.557239532470703,3.129686117172241,0,-1,0,0,0.0,2.0,175,3.9126439094543457,0,0.0,0,0.0,0,26.472990036010742,2,7
SH,Mamba,137,2842,646,646,64.60000000000001,0.2020605504512787,0.2519809603691101,7.013179779052734,7.817917346954346,0.39328262209892273,0,-1,1,646,1.0,2.0,646,0.9764048457145691,0,0.0,0,0.0,0,15.196715354919434,1,6
SH,Mamba,137,2843,188,188,18.8,0.18739032745361328,0.2493772953748703,0.5446652770042419,0.6042867302894592,0.1351744830608368,0,-1,1,83,0.44148936170212766,2.0,188,1.7877435684204102,0,0.0,0,0.0,0,5.823476314544678,1,6
SH,Mamba,137,2844,155,155,15.5,0.539219319820404,0.6132470965385437,5.7816386222839355,6.772852420806885,1.200029969215393,0,-1,0,0,0.0,2.0,155,2.084228515625,0,0.0,0,0.0,0,2.8800458908081055,1,6
SH,Mamba,137,2845,153,153,15.3,0.3213234841823578,0.37400004267692566,17.624774932861328,22.8101749420166,3.0770013332366943,0,-1,0,0,0.0,2.0,153,3.4750046730041504,0,0.0,0,0.0,0,62.92548370361328,2,7
SH,Mamba,137,2846,148,148,14.8,0.27454468607902527,0.3267030417919159,3.9501466751098633,4.306298732757568,0.524653971195221,0,-1,1,148,1.0,2.0,148,1.0741976499557495,0,0.0,0,0.0,0,15.794268608093262,2,7
SH,Mamba,137,2847,193,193,19.3,0.21762992441654205,0.2723175585269928,0.29621925950050354,0.434072881937027,0.17253203690052032,0,-1,1,193,1.0,2.0,193,1.3103004693984985,0,0.0,0,0.0,0,16.633831024169922,0,5
SH,Mamba,137,2848,165,165,16.5,0.40466687083244324,0.4857842028141022,2.6544997692108154,3.4396207332611084,0.7545269727706909,0,-1,0,0,0.0,2.0,165,3.6078574657440186,0,0.0,0,0.0,0,4.99516487121582,2,7
SH,Mamba,137,2849,137,137,13.700000000000001,0.24152547121047974,0.2595013976097107,7.996379852294922,10.711174964904785,1.6775002479553223,0,-1,1,54,0.39416058394160586,2.0,137,1.9664394855499268,0,0.0,0,0.0,0,47.81484603881836,1,6
SH,Mamba,137,2850,141,141,14.100000000000001,0.1946946084499359,0.22570225596427917,3.13912296295166,3.7492454051971436,0.5073557496070862,0,-1,1,141,1.0,2.0,141,1.5935190916061401,0,0.0,0,0.0,0,38.88789749145508,0,5
SH,Mamba,137,2851,1015,1015,101.5,0.32303911447525024,0.3979029953479767,3.327815055847168,3.944286584854126,0.6367200613021851,0,-1,1,639,0.6295566502463055,2.0,1015,1.3813095092773438,0,0.0,0,0.0,0,2.1811578273773193,0,5
SH,Mamba,137,2852,161,161,16.1,0.19223164021968842,0.24072928726673126,1.6885465383529663,2.139801263809204,0.3972693383693695,0,-1,1,161,1.0,2.0,161,1.3999316692352295,0,0.0,0,0.0,0,27.342819213867188,1,6
SH,Mamba,137,2853,319,319,31.900000000000002,0.3601078391075134,0.5010467171669006,2.5662612915039062,3.0053398609161377,0.5245316624641418,0,-1,1,303,0.9498432601880877,2.0,319,1.3628753423690796,0,0.0,0,0.0,0,7.340404510498047,0,5
SH,Mamba,137,2854,482,482,48.2,0.2883189618587494,0.3835916519165039,5.267406940460205,5.635610580444336,0.3883255422115326,1,459,1,459,0.9522821576763485,2.0,459,0.0,0,0.0,0,0.0,0,0.0,0,5
SH,Mamba,137,2855,464,464,46.400000000000006,0.3566690981388092,0.4766188859939575,15.53709888458252,17.098384857177734,0.7717487812042236,0,-1,1,464,1.0,2.0,464,0.38107094168663025,0,0.0,0,0.0,0,4.968225955963135,0,5
SH,Mamba,137,2856,206,206,20.6,0.17448240518569946,0.2379092276096344,13.529555320739746,16.724645614624023,1.491236686706543,0,-1,0,0,0.0,2.0,206,3.295548677444458,0,0.0,0,0.0,0,66.74246215820312,1,6
SH,Mamba,137,2857,151,151,15.100000000000001,0.865873396396637,1.4231388568878174,2.950417995452881,6.146795272827148,1.7247081995010376,0,-1,0,0,0.0,2.0,151,2.140561103820801,0,0.0,0,0.0,0,17.19985008239746,2,7
SH,Mamba,137,2858,504,504,50.400000000000006,0.5132830142974854,0.7201523780822754,8.588408470153809,11.318207740783691,1.2714569568634033,0,-1,1,147,0.2916666666666667,2.0,504,1.683598279953003,0,0.0,0,0.0,0,8.647461891174316,0,5
SH,Mamba,137,2859,830,830,83.0,0.20853279531002045,0.261782705783844,2.5631842613220215,3.236177682876587,0.3996163308620453,0,-1,1,494,0.5951807228915663,2.0,830,1.2271116971969604,0,0.0,0,0.0,0,0.8398479223251343,0,5
SH,Mamba,137,2860,212,212,21.200000000000003,0.1993018090724945,0.25617626309394836,1.6646608114242554,2.0895636081695557,0.3868158161640167,0,-1,1,212,1.0,2.0,212,0.6655319929122925,0,0.0,0,0.0,0,10.032506942749023,1,6
SH,Mamba,137,2861,153,153,15.3,0.11098524183034897,0.1383901834487915,0.7088654041290283,0.8572317957878113,0.20035214722156525,0,-1,1,153,1.0,2.0,153,0.4661726653575897,0,0.0,0,0.0,0,7.895793914794922,0,5
SH,Mamba,137,2862,457,457,45.7,0.3582470118999481,0.4708387851715088,2.4408607482910156,2.9520976543426514,0.43430426716804504,0,-1,1,450,0.9846827133479212,2.0,457,1.2700624465942383,0,0.0,0,0.0,0,3.895250082015991,1,6
SH,Mamba,137,2863,262,262,26.200000000000003,0.42611929774284363,0.46018344163894653,19.950185775756836,31.2746639251709,3.4336700439453125,0,-1,0,0,0.0,2.0,262,4.249806880950928,0,0.0,0,0.0,0,16.991331100463867,2,7
SH,Mamba,137,2864,379,379,37.9,0.35590851306915283,0.4611814022064209,9.541290283203125,12.178718566894531,1.23342764377594,0,-1,1,28,0.07387862796833773,2.0,379,1.939003586769104,0,0.0,0,0.0,0,3.64288330078125,1,6
SH,Mamba,137,2865,285,285,28.5,0.24095523357391357,0.39374634623527527,5.799701690673828,7.075347900390625,0.7812092304229736,0,-1,0,0,0.0,2.0,285,2.1771600246429443,0,0.0,0,0.0,0,8.79930305480957,1,6
SH,Mamba,137,2866,220,220,22.0,0.19474415481090546,0.2306499183177948,1.2833408117294312,1.8400005102157593,0.3186841905117035,0,-1,1,220,1.0,2.0,220,1.3377927541732788,0,0.0,0,0.0,0,21.900882720947266,0,5
SH,Mamba,137,2867,301,301,30.1,0.33789071440696716,0.42830049991607666,7.754428386688232,8.884963989257812,0.6577956676483154,0,-1,1,301,1.0,2.0,301,1.0560375452041626,0,0.0,0,0.0,0,7.461842060089111,2,7
SH,Mamba,137,2868,140,140,14.0,0.4362858235836029,0.4907630980014801,3.796382427215576,4.637773036956787,0.7786774039268494,0,-1,0,0,0.0,2.0,140,2.5247347354888916,0,0.0,0,0.0,0,8.190563201904297,0,5
SH,Mamba,137,2869,410,410,41.0,0.2986723780632019,0.36639782786369324,15.508916854858398,17.195960998535156,1.1600797176361084,0,-1,1,410,1.0,2.0,410,0.6223001480102539,0,0.0,0,0.0,0,9.838830947875977,0,5
SH,Mamba,137,2870,140,140,14.0,0.2526068687438965,0.33291095495224,1.4566503763198853,1.8026785850524902,0.4201163053512573,0,-1,0,0,0.0,2.0,140,2.1648573875427246,0,0.0,0,0.0,0,19.01784324645996,1,6
SH,Mamba,137,2871,239,239,23.900000000000002,0.2758018672466278,0.4134320914745331,1.571014404296875,2.7500133514404297,0.3770888149738312,0,-1,1,150,0.6276150627615062,2.0,239,1.0111712217330933,0,0.0,0,0.0,0,1.0392791032791138,0,5
SH,Mamba,137,2872,191,191,19.1,0.30721110105514526,0.390860915184021,5.260257244110107,5.79717493057251,0.5618250370025635,0,-1,1,93,0.4869109947643979,2.0,191,1.7368680238723755,0,0.0,0,0.0,0,4.343250274658203,2,7
SH,Mamba,137,2873,136,136,13.600000000000001,0.13775329291820526,0.1707657426595688,1.8783749341964722,2.6592350006103516,0.47661152482032776,0,-1,1,136,1.0,2.0,136,1.2908928394317627,0,0.0,0,0.0,0,15.287320137023926,1,6
SH,Mamba,137,2874,136,136,13.600000000000001,0.14675039052963257,0.1926141232252121,0.6636113524436951,0.8490504622459412,0.18944895267486572,0,-1,1,13,0.09558823529411764,2.0,136,1.94624662399292,0,0.0,0,0.0,0,7.448268413543701,2,7
SH,Mamba,137,2875,989,989,98.9,0.336116224527359,0.49063098430633545,3.5958471298217773,4.270958423614502,0.5118908882141113,0,-1,1,989,1.0,2.0,989,0.5984589457511902,0,0.0,0,0.0,0,1.298047661781311,2,7
SH,Mamba,137,2876,594,594,59.400000000000006,0.17141802608966827,0.2146475911140442,8.975091934204102,10.317712783813477,0.4445957541465759,0,-1,1,594,1.0,2.0,594,1.0598639249801636,0,0.0,0,0.0,0,20.13100814819336,0,5
SH,Mamba,137,2877,144,144,14.4,0.3909353017807007,0.4946860074996948,2.33158540725708,2.610790252685547,0.41673576831817627,0,-1,1,88,0.6111111111111112,2.0,144,1.1955827474594116,0,0.0,0,0.0,0,5.879696846008301,2,7
SH,Mamba,137,2878,142,142,14.200000000000001,0.21054768562316895,0.26276907324790955,2.2185115814208984,2.454322576522827,0.24049468338489532,0,-1,1,142,1.0,2.0,142,1.0996848344802856,0,0.0,0,0.0,0,6.930487155914307,2,7
SH,Mamba,137,2879,166,166,16.6,0.4718504846096039,0.5959657430648804,1.003109335899353,1.2316030263900757,0.4889419674873352,0,-1,1,166,1.0,2.0,166,0.9288320541381836,0,0.0,0,0.0,0,0.7387966513633728,1,6
SH,Mamba,137,2880,384,384,38.400000000000006,0.5519058108329773,0.7588640451431274,41.39364242553711,48.458187103271484,3.3324081897735596,0,-1,0,0,0.0,2.0,384,2.1460013389587402,0,0.0,0,0.0,0,25.875322341918945,2,7
SH,Mamba,137,2881,1012,1012,101.2,0.23497425019741058,0.29624056816101074,1.5254108905792236,1.874833583831787,0.29325157403945923,1,1012,1,1012,1.0,2.0,1012,0.0,0,0.0,0,0.0,0,0.0,2,7
SH,Mamba,137,2882,627,627,62.7,0.23957274854183197,0.31392669677734375,2.972015857696533,3.6078860759735107,0.4041406214237213,0,-1,1,627,1.0,2.0,627,0.661645233631134,0,0.0,0,0.0,0,1.3997840881347656,2,7
SH,Mamba,137,2883,409,409,40.900000000000006,0.2736521363258362,0.36194363236427307,3.03340482711792,3.2784996032714844,0.30475637316703796,0,-1,1,409,1.0,2.0,409,0.21674591302871704,0,0.0,0,0.0,0,0.5462673306465149,2,7
SH,Mamba,137,2884,190,190,19.0,0.31424686312675476,0.42029139399528503,2.0833165645599365,2.8108513355255127,0.6034891605377197,0,-1,0,0,0.0,2.0,190,2.0011563301086426,0,0.0,0,0.0,0,3.6707801818847656,0,5
SH,Mamba,137,2885,391,391,39.1,0.21702226996421814,0.29329800605773926,6.493946552276611,8.93967342376709,0.590050995349884,0,-1,1,317,0.8107416879795396,2.0,391,1.2896676063537598,0,0.0,0,0.0,0,3.3672890663146973,1,6
SH,Mamba,137,2886,163,163,16.3,0.7509266138076782,0.8544802665710449,5.571508407592773,6.651968002319336,1.239449381828308,0,-1,1,163,1.0,2.0,163,1.3421332836151123,0,0.0,0,0.0,0,5.033769130706787,1,6
SH,Mamba,137,2887,709,709,70.9,0.2141779661178589,0.26731595396995544,12.572450637817383,15.973002433776855,0.8772518634796143,0,-1,1,372,0.5246826516220028,2.0,709,1.124417781829834,0,0.0,0,0.0,0,19.57056427001953,1,6
SH,Mamba,137,2888,561,561,56.1,0.24380835890769958,0.30045849084854126,6.0584940910339355,6.4800896644592285,0.3245435357093811,0,-1,1,561,1.0,2.0,561,0.9795881509780884,0,0.0,0,0.0,0,11.36918830871582,1,6
SH,Mamba,137,2889,131,131,13.100000000000001,0.1635555475950241,0.19612284004688263,0.7991229295730591,1.1014485359191895,0.2329079806804657,0,-1,0,0,0.0,2.0,131,3.006788969039917,0,0.0,0,0.0,0,6.737215995788574,1,6
SH,Mamba,137,2890,190,190,19.0,0.3160421550273895,0.42655980587005615,5.993326663970947,6.907115459442139,0.9238568544387817,0,-1,0,0,0.0,2.0,190,2.1347107887268066,0,0.0,0,0.0,0,18.97227668762207,1,6
SH,Mamba,137,2891,2053,2053,205.3,0.22551803290843964,0.2873291075229645,0.9989838600158691,1.2460577487945557,0.2501141130924225,0,-1,1,1988,0.9683390160740379,2.0,2053,0.773127019405365,0,0.0,0,0.0,0,1.420372724533081,1,6
SH,Mamba,137,2892,163,163,16.3,0.3920251429080963,0.5654421448707581,2.3284249305725098,2.7195844650268555,0.5719398260116577,0,-1,1,95,0.5828220858895705,2.0,163,1.8741581439971924,0,0.0,0,0.0,0,6.692336082458496,2,7
SH,Mamba,137,2893,231,231,23.1,0.18868280947208405,0.24052287638187408,10.978689193725586,12.791597366333008,0.8359220027923584,0,-1,0,0,0.0,2.0,231,2.1091842651367188,0,0.0,0,0.0,0,32.91985321044922,0,5
SH,Mamba,137,2894,254,254,25.400000000000002,0.4233636260032654,0.6008614301681519,3.614704132080078,4.118806838989258,0.7979719638824463,0,-1,1,254,1.0,2.0,254,0.49454689025878906,0,0.0,0,0.0,0,9.761469841003418,1,6
SH,Mamba,137,2895,166,166,16.6,0.42140716314315796,0.5355303883552551,7.482954502105713,11.5089750289917,1.8836660385131836,0,-1,0,0,0.0,2.0,166,4.388778209686279,0,0.0,0,0.0,0,45.462310791015625,2,7
SH,Mamba,137,2896,229,229,22.900000000000002,0.3308492600917816,0.41504189372062683,6.3568434715271,7.463065147399902,0.9018555879592896,1,212,1,212,0.925764192139738,2.0,212,0.0,0,0.0,0,0.0,0,0.0,2,7
SH,Mamba,137,2897,173,173,17.3,0.25715357065200806,0.3263923227787018,6.179609775543213,6.991908073425293,0.7316297888755798,0,-1,0,0,0.0,2.0,173,2.2764244079589844,0,0.0,0,0.0,0,14.172476768493652,2,7
SH,Mamba,137,2898,587,587,58.7,0.20054203271865845,0.2801063060760498,27.70932388305664,34.07206726074219,2.2177371978759766,0,-1,1,100,0.17035775127768313,2.0,587,0.8029137253761292,0,0.0,0,0.0,0,28.350257873535156,2,7
SH,Mamba,137,2899,423,423,42.300000000000004,0.20387931168079376,0.25026848912239075,8.201607704162598,9.481607437133789,0.8876997828483582,0,-1,0,0,0.0,2.0,423,2.44230055809021,0,0.0,0,0.0,0,9.176955223083496,0,5
SH,Mamba,137,2900,368,368,36.800000000000004,0.21661923825740814,0.31101882457733154,2.2418477535247803,3.0844194889068604,0.33301085233688354,0,-1,1,368,1.0,2.0,368,0.6000932455062866,0,0.0,0,0.0,0,11.603493690490723,2,7
SH,Mamba,137,2901,147,147,14.700000000000001,0.12082725018262863,0.1417641043663025,4.701146125793457,5.974371433258057,0.8671441078186035,0,-1,0,0,0.0,2.0,147,2.5043344497680664,0,0.0,0,0.0,0,40.484432220458984,2,7
SH,Mamba,137,2902,358,358,35.800000000000004,0.14200596511363983,0.17762111127376556,8.011207580566406,9.362836837768555,0.7134194374084473,0,-1,1,358,1.0,2.0,358,1.0904346704483032,0,0.0,0,0.0,0,22.112762451171875,0,5
SH,Mamba,137,2903,331,331,33.1,0.29924407601356506,0.37104350328445435,1.6156842708587646,1.9716171026229858,0.46041008830070496,0,-1,0,0,0.0,2.0,331,2.028493642807007,0,0.0,0,0.0,0,3.7864933013916016,0,5
SH,Mamba,137,2904,373,373,37.300000000000004,0.20556004345417023,0.2679237723350525,1.9936407804489136,2.139920234680176,0.24168062210083008,1,365,1,365,0.9785522788203753,2.0,365,0.0,0,0.0,0,0.0,0,0.0,1,6
SH,Mamba,137,2905,190,190,19.0,0.19358156621456146,0.2538478970527649,2.351219892501831,4.277010917663574,0.7289968132972717,0,-1,1,13,0.06842105263157895,2.0,190,1.731706976890564,0,0.0,0,0.0,0,39.02128219604492,2,7
SH,Mamba,137,2906,411,411,41.1,0.17742156982421875,0.26784229278564453,0.7854287624359131,0.9044135808944702,0.2202708125114441,0,-1,1,226,0.5498783454987834,2.0,411,0.7179058194160461,0,0.0,0,0.0,0,0.5281209945678711,1,6
SH,Mamba,137,2907,163,163,16.3,0.46535664796829224,0.5394946336746216,7.270305633544922,8.34851360321045,1.2144527435302734,0,-1,0,0,0.0,2.0,163,4.36940336227417,0,0.0,0,0.0,0,8.067197799682617,0,5
SH,Mamba,137,2908,221,221,22.1,0.2890985608100891,0.3630903363227844,4.024465560913086,4.9050612449646,0.5332784652709961,0,-1,1,221,1.0,2.0,221,0.6373101472854614,0,0.0,0,0.0,0,11.410767555236816,2,7
SH,Mamba,137,2909,237,237,23.700000000000003,0.2968970835208893,0.4406570792198181,1.9182450771331787,2.4121596813201904,0.38950297236442566,0,-1,1,88,0.37130801687763715,2.0,237,1.8191304206848145,0,0.0,0,0.0,0,3.1352317333221436,0,5
SH,Mamba,137,2910,156,156,15.600000000000001,0.13371382653713226,0.16200575232505798,0.8791772723197937,1.3266353607177734,0.3108501434326172,0,-1,0,0,0.0,2.0,156,2.0695252418518066,0,0.0,0,0.0,0,7.2676100730896,1,6
SH,Mamba,137,2911,196,196,19.6,0.18485622107982635,0.2202867567539215,3.723818063735962,4.546695232391357,0.4895915687084198,0,-1,1,196,1.0,2.0,196,0.9964996576309204,0,0.0,0,0.0,0,18.303462982177734,0,5
SH,Mamba,137,2912,140,140,14.0,0.3081188201904297,0.354968786239624,6.315955638885498,7.653894901275635,0.8700047135353088,0,-1,1,116,0.8285714285714286,2.0,140,1.8315725326538086,0,0.0,0,0.0,0,19.78541374206543,2,7
SH,Mamba,137,2913,140,140,14.0,0.17444801330566406,0.2145516276359558,0.7601189017295837,0.9086129069328308,0.21489539742469788,0,-1,0,0,0.0,2.0,140,3.0927951335906982,0,0.0,0,0.0,0,17.10938835144043,0,5
SH,Mamba,137,2914,354,354,35.4,0.2999209463596344,0.40464523434638977,6.556971549987793,7.576965808868408,0.5434221029281616,0,-1,0,0,0.0,2.0,354,2.0940797328948975,0,0.0,0,0.0,0,2.2279319763183594,0,5
SH,Mamba,137,2915,140,140,14.0,0.5432644486427307,0.6351701021194458,8.48037052154541,9.980344772338867,1.190476655960083,0,-1,0,0,0.0,2.0,140,2.0907108783721924,0,0.0,0,0.0,0,13.932435035705566,1,6
SH,Mamba,137,2916,340,340,34.0,0.2082885354757309,0.2525281012058258,2.9868531227111816,4.136141777038574,0.28509876132011414,0,-1,1,340,1.0,2.0,340,0.3098566234111786,0,0.0,0,0.0,0,0.23885466158390045,1,6
SH,Mamba,137,2917,1207,1207,120.7,0.1377285271883011,0.17686741054058075,3.5801281929016113,4.49286413192749,0.39484429359436035,0,-1,1,1207,1.0,2.0,1207,1.3126775026321411,0,0.0,0,0.0,0,18.071083068847656,2,7
SH,Mamba,137,2918,192,192,19.200000000000003,0.5515801310539246,0.6031304597854614,6.680383205413818,7.424860000610352,0.8861892223358154,0,-1,1,192,1.0,2.0,192,1.283149003982544,0,0.0,0,0.0,0,15.708054542541504,2,7
SH,Mamba,137,2919,138,138,13.8,0.3371620774269104,0.4476180672645569,7.282479763031006,8.796613693237305,0.9249042272567749,0,-1,1,138,1.0,2.0,138,0.285792738199234,0,0.0,0,0.0,0,5.630530834197998,1,6
SH,Mamba,137,2920,401,401,40.1,0.43646639585494995,0.5629385113716125,32.12126541137695,38.983238220214844,2.14341402053833,0,-1,0,0,0.0,2.0,401,3.6232504844665527,0,0.0,0,0.0,0,24.665475845336914,1,6
SH,Mamba,137,2921,163,163,16.3,0.2653653621673584,0.3333929181098938,1.232825756072998,1.5836169719696045,0.4950105547904968,0,-1,1,163,1.0,2.0,163,1.2003377676010132,0,0.0,0,0.0,0,4.125940322875977,1,6
SH,Mamba,137,2922,233,233,23.3,0.1816868931055069,0.22008198499679565,5.107541561126709,7.657961368560791,1.0146862268447876,0,-1,0,0,0.0,2.0,233,2.684300422668457,0,0.0,0,0.0,0,9.649174690246582,2,7
SH,Mamba,137,2923,488,488,48.800000000000004,0.3712085485458374,0.4572807848453522,1.6110014915466309,2.1298649311065674,0.45190954208374023,0,-1,1,390,0.7991803278688525,2.0,481,1.3215255737304688,6,0.012295081967213115,0,0.0,0,0.9013763666152954,1,6
SH,Mamba,137,2924,284,284,28.400000000000002,0.2740321457386017,0.3693253695964813,1.4974844455718994,1.8056520223617554,0.33569106459617615,1,262,1,262,0.9225352112676056,2.0,262,0.0,0,0.0,0,0.0,0,0.0,0,5
SH,Mamba,137,2925,166,166,16.6,0.29974043369293213,0.36393216252326965,2.8716444969177246,3.1456212997436523,0.38807883858680725,0,-1,0,0,0.0,2.0,166,2.454582452774048,0,0.0,0,0.0,0,5.9120330810546875,0,5
SH,Mamba,137,2926,136,136,13.600000000000001,0.2354665994644165,0.31521108746528625,3.5623795986175537,4.207690238952637,0.5579913258552551,0,-1,1,109,0.8014705882352942,2.0,136,1.453640341758728,0,0.0,0,0.0,0,14.698050498962402,0,5
SH,Mamba,137,2927,137,137,13.700000000000001,0.31717148423194885,0.5582796335220337,1.258900761604309,1.5652167797088623,0.42490994930267334,0,-1,1,137,1.0,2.0,137,1.535791039466858,0,0.0,0,0.0,0,15.699137687683105,2,7
SH,Mamba,137,2928,819,819,81.9,0.3057350516319275,0.5078170299530029,2.1568362712860107,2.460108995437622,0.36495283246040344,0,-1,1,819,1.0,2.0,819,0.3706938922405243,0,0.0,0,0.0,0,1.0299954414367676,2,7
SH,Mamba,137,2929,207,207,20.700000000000003,0.11948944628238678,0.15435726940631866,6.126923561096191,8.334197044372559,0.884270429611206,0,-1,0,0,0.0,2.0,207,2.7226450443267822,0,0.0,0,0.0,0,50.9776496887207,1,6
SH,Mamba,137,2930,274,274,27.400000000000002,0.12712030112743378,0.15978385508060455,4.059361934661865,5.260500431060791,0.35861736536026,0,-1,1,251,0.916058394160584,2.0,274,1.6892454624176025,0,0.0,0,0.0,0,5.350108623504639,2,7
SH,Mamba,137,2931,1751,1751,175.10000000000002,0.23134993016719818,0.3030695915222168,2.4100615978240967,3.0504279136657715,0.36879533529281616,0,-1,1,1751,1.0,2.0,1751,0.8667367100715637,0,0.0,0,0.0,0,2.671691417694092,0,5
SH,Mamba,137,2932,146,146,14.600000000000001,0.3753467798233032,0.5032641291618347,3.119741678237915,3.6348438262939453,0.7236131429672241,0,-1,0,0,0.0,2.0,146,2.5724706649780273,0,0.0,0,0.0,0,10.019311904907227,1,6
SH,Mamba,137,2933,231,231,23.1,0.20233719050884247,0.2741595208644867,4.112597465515137,5.563327789306641,0.6500198841094971,0,-1,0,0,0.0,2.0,231,3.262057065963745,0,0.0,0,0.0,0,24.879993438720703,1,6
SH,Mamba,137,2934,152,152,15.200000000000001,0.3360765278339386,0.46150490641593933,3.2748451232910156,3.584373950958252,0.5282564759254456,0,-1,1,152,1.0,2.0,152,0.4619387090206146,0,0.0,0,0.0,0,3.750025510787964,0,5
SH,Mamba,137,2935,1074,1074,107.4,0.16451801359653473,0.23811091482639313,8.409238815307617,10.535222053527832,0.4171399176120758,0,-1,1,1074,1.0,2.0,1074,0.6056698560714722,0,0.0,0,0.0,0,7.33834171295166,1,6
SH,Mamba,137,2936,221,221,22.1,0.32866066694259644,0.4117273986339569,2.6964681148529053,3.514866828918457,0.5824313759803772,0,-1,1,96,0.4343891402714932,2.0,221,1.4535722732543945,0,0.0,0,0.0,0,1.256240963935852,0,5
SH,Mamba,137,2937,176,176,17.6,0.3388778269290924,0.40795958042144775,3.3375320434570312,4.435689449310303,0.44018983840942383,0,-1,1,176,1.0,2.0,176,1.26895010471344,0,0.0,0,0.0,0,2.917057991027832,2,7
SH,Mamba,137,2938,186,186,18.6,0.256694495677948,0.31848767399787903,0.5796147584915161,0.7779335379600525,0.35192957520484924,0,-1,1,186,1.0,2.0,186,1.2481269836425781,0,0.0,0,0.0,0,5.341367721557617,0,5
SH,Mamba,137,2939,136,136,13.600000000000001,0.26121270656585693,0.3932172656059265,2.105433464050293,2.973975896835327,0.41618844866752625,0,-1,1,97,0.7132352941176471,2.0,136,1.4387863874435425,0,0.0,0,0.0,0,21.0732479095459,1,6
SH,Mamba,137,2940,140,140,14.0,0.39486995339393616,0.49172064661979675,8.63003921508789,11.524105072021484,1.692559003829956,0,-1,0,0,0.0,2.0,140,2.247175455093384,0,0.0,0,0.0,0,6.922013282775879,2,7
SH,Mamba,137,2941,276,276,27.6,0.28456389904022217,0.35458722710609436,1.5485146045684814,1.9330614805221558,0.6193585395812988,0,-1,0,0,0.0,2.0,276,2.869004487991333,0,0.0,0,0.0,0,16.05288314819336,2,7
SH,Mamba,137,2942,683,683,68.3,0.19464389979839325,0.2424396425485611,2.797520637512207,3.345952272415161,0.3662877678871155,0,-1,1,182,0.2664714494875549,2.0,683,1.7910526990890503,0,0.0,0,0.0,0,9.670586585998535,0,5
SH,Mamba,137,2943,166,166,16.6,0.46928682923316956,0.6284139156341553,4.246545791625977,6.958155632019043,1.2371041774749756,0,-1,1,7,0.04216867469879518,2.0,166,1.945032000541687,0,0.0,0,0.0,0,5.090610504150391,1,6
SH,Mamba,137,2944,553,553,55.300000000000004,0.3716508448123932,0.4738859236240387,6.0927629470825195,7.51524019241333,0.7625356316566467,0,-1,1,466,0.8426763110307414,2.0,553,1.370713710784912,0,0.0,0,0.0,0,5.082917213439941,1,6
SH,Mamba,137,2945,135,135,13.5,0.1771942526102066,0.22184526920318604,0.4238641560077667,0.4840969443321228,0.136174276471138,0,-1,1,133,0.9851851851851852,2.0,135,1.2162246704101562,0,0.0,0,0.0,0,4.379149913787842,1,6
SH,Mamba,137,2946,357,357,35.7,0.23688748478889465,0.2936202585697174,4.536787033081055,5.866933822631836,0.35496264696121216,0,-1,1,357,1.0,2.0,357,0.582511842250824,0,0.0,0,0.0,0,9.055295944213867,0,5
SH,Mamba,137,2947,135,135,13.5,0.23517411947250366,0.3107263445854187,4.271653652191162,5.281324863433838,0.5798838138580322,0,-1,1,135,1.0,2.0,135,1.4469354152679443,0,0.0,0,0.0,0,18.402429580688477,2,7
SH,Mamba,137,2948,293,293,29.3,0.2789161801338196,0.37389281392097473,38.60001754760742,46.14127731323242,2.6833479404449463,0,-1,1,84,0.28668941979522183,2.0,293,1.1301060914993286,0,0.0,0,0.0,0,28.773794174194336,1,6
SH,Mamba,137,2949,312,312,31.200000000000003,0.3955153822898865,0.5101081132888794,5.974782466888428,6.609297275543213,0.8462861776351929,0,-1,1,200,0.6410256410256411,2.0,312,1.531755805015564,0,0.0,0,0.0,0,16.262073516845703,1,6
SH,Mamba,137,2950,313,313,31.3,0.4009234309196472,0.4879222512245178,3.1568589210510254,3.9430456161499023,0.5795042514801025,0,-1,1,287,0.9169329073482428,2.0,313,1.5530236959457397,0,0.0,0,0.0,0,4.247195720672607,1,6
SH,Mamba,137,2951,134,134,13.4,0.06015416607260704,0.07488735020160675,1.166541337966919,1.6291691064834595,0.32846370339393616,0,-1,1,134,1.0,2.0,134,1.8467148542404175,0,0.0,0,0.0,0,41.14287567138672,2,7
SH,Mamba,137,2952,305,305,30.5,0.3546656668186188,0.43443065881729126,1.9745675325393677,2.5127389430999756,0.5840179324150085,0,-1,1,305,1.0,2.0,305,0.9237797856330872,0,0.0,0,0.0,0,9.604297637939453,2,7
SH,Mamba,137,2953,161,161,16.1,0.2565104365348816,0.3434068560600281,0.7998408675193787,1.1785768270492554,0.24158719182014465,0,-1,1,34,0.2111801242236025,2.0,161,1.9422941207885742,0,0.0,0,0.0,0,4.68667459487915,2,7
SH,Mamba,137,2954,171,171,17.1,0.11866672337055206,0.1544559895992279,7.154539108276367,9.37307357788086,1.1897907257080078,0,-1,0,0,0.0,2.0,171,2.293337821960449,0,0.0,0,0.0,0,42.70981216430664,1,6
SH,Mamba,137,2955,369,369,36.9,0.19328036904335022,0.27300360798835754,2.172915458679199,2.4286108016967773,0.21744200587272644,0,-1,1,369,1.0,2.0,369,1.170118808746338,0,0.0,0,0.0,0,3.7830848693847656,1,6
SH,Mamba,137,2956,260,260,26.0,0.22114691138267517,0.2686043977737427,3.7929091453552246,4.171621799468994,0.44248518347740173,0,-1,1,217,0.8346153846153846,2.0,260,1.2270078659057617,0,0.0,0,0.0,0,17.943641662597656,2,7
SH,Mamba,137,2957,170,170,17.0,0.171732559800148,0.2030905783176422,3.1956536769866943,3.655026912689209,0.2923439145088196,0,-1,1,170,1.0,2.0,170,1.056950569152832,0,0.0,0,0.0,0,20.416982650756836,1,6
SH,Mamba,137,2958,147,147,14.700000000000001,0.3441198766231537,0.41353926062583923,4.64395809173584,6.364378452301025,0.9264283180236816,0,-1,1,36,0.24489795918367346,2.0,147,1.8852102756500244,0,0.0,0,0.0,0,6.707189083099365,0,5
SH,Mamba,137,2959,711,711,71.10000000000001,0.24431389570236206,0.3122587203979492,1.7725670337677002,2.0911881923675537,0.3237898349761963,0,-1,1,701,0.9859353023909986,2.0,711,1.08494234085083,0,0.0,0,0.0,0,6.024780750274658,0,5
SH,Mamba,137,2960,240,240,24.0,0.25805673003196716,0.3243933916091919,2.926556348800659,3.7495861053466797,0.5119184255599976,0,-1,1,53,0.22083333333333333,2.0,240,1.8661394119262695,0,0.0,0,0.0,0,2.105992078781128,0,5
SH,Mamba,137,2961,583,583,58.300000000000004,0.30151721835136414,0.38230475783348083,6.496050834655762,6.87190580368042,0.36327460408210754,0,-1,1,399,0.6843910806174958,2.0,583,1.1697849035263062,0,0.0,0,0.0,0,2.374692440032959,2,7
SH,Mamba,137,2962,283,283,28.3,0.29414862394332886,0.471887469291687,5.446031093597412,6.021613121032715,0.630911648273468,0,-1,1,62,0.21908127208480566,2.0,283,1.858891487121582,0,0.0,0,0.0,0,9.655839920043945,1,6
SH,Mamba,137,2963,167,167,16.7,0.66843581199646,0.8208428621292114,7.882636547088623,10.304322242736816,1.576451301574707,0,-1,1,167,1.0,2.0,167,0.4113145172595978,0,0.0,0,0.0,0,2.0807430744171143,2,7
SH,Mamba,137,2964,260,260,26.0,0.35999828577041626,0.5305453538894653,6.965855121612549,10.261082649230957,1.1556066274642944,0,-1,1,260,1.0,2.0,260,0.8295968770980835,0,0.0,0,0.0,0,7.218350410461426,0,5
SH,Mamba,137,2965,480,480,48.0,0.11123190075159073,0.13977940380573273,19.17594337463379,22.382570266723633,0.8214857578277588,0,-1,1,336,0.7,2.0,480,1.0484907627105713,0,0.0,0,0.0,0,23.718120574951172,2,7
SH,Mamba,137,2966,154,154,15.4,0.44477105140686035,0.6887228488922119,3.4857265949249268,4.306342601776123,0.9195587635040283,0,-1,1,154,1.0,2.0,154,1.3183553218841553,0,0.0,0,0.0,0,15.592625617980957,2,7
SH,Mamba,137,2967,132,132,13.200000000000001,0.44584599137306213,0.5999500751495361,3.641469717025757,3.9570789337158203,0.5648541450500488,0,-1,1,132,1.0,2.0,132,0.665594220161438,0,0.0,0,0.0,0,8.052820205688477,1,6
SH,Mamba,137,2968,341,341,34.1,0.14207227528095245,0.17008210718631744,5.728358268737793,8.003336906433105,0.7380593419075012,0,-1,1,341,1.0,2.0,341,1.0404319763183594,0,0.0,0,0.0,0,18.654020309448242,2,7
SH,Mamba,137,2969,158,158,15.8,0.30440717935562134,0.35797765851020813,2.838165760040283,3.9618682861328125,0.6281886100769043,0,-1,1,158,1.0,2.0,158,1.1918760538101196,0,0.0,0,0.0,0,7.632273197174072,0,5
SH,Mamba,137,2970,460,460,46.0,0.2624441385269165,0.3736312985420227,1.9135754108428955,2.084251880645752,0.4050990641117096,0,-1,1,460,1.0,2.0,460,0.6711705327033997,0,0.0,0,0.0,0,6.940896987915039,1,6
SH,Mamba,137,2971,131,131,13.100000000000001,0.19094349443912506,0.250374972820282,3.1083881855010986,3.6165173053741455,0.4227086007595062,0,-1,0,0,0.0,2.0,131,2.2884562015533447,0,0.0,0,0.0,0,28.54728889465332,2,7
SH,Mamba,137,2972,168,168,16.8,0.4687722623348236,0.6313852667808533,8.553828239440918,11.909882545471191,1.728533387184143,0,-1,1,168,1.0,2.0,168,0.766987144947052,0,0.0,0,0.0,0,13.621420860290527,0,5
SH,Mamba,137,2973,294,294,29.400000000000002,0.4903559386730194,0.61787348985672,3.1589701175689697,3.7420482635498047,0.828896164894104,0,-1,1,180,0.6122448979591837,2.0,294,1.4005064964294434,0,0.0,0,0.0,0,5.85071325302124,1,6
SH,Mamba,137,2974,148,148,14.8,0.45064014196395874,0.48569387197494507,3.294006824493408,3.92258882522583,1.2424839735031128,0,-1,1,7,0.0472972972972973,2.0,148,1.9882147312164307,0,0.0,0,0.0,0,50.69239807128906,0,5
SH,Mamba,137,2975,362,362,36.2,0.24216492474079132,0.2999550700187683,2.3292438983917236,2.967571973800659,0.47041332721710205,0,-1,1,156,0.430939226519337,2.0,362,1.8888046741485596,0,0.0,0,0.0,0,25.141624450683594,0,5
SH,Mamba,137,2976,136,136,13.600000000000001,0.211187943816185,0.2518676817417145,0.7717164158821106,0.9376875162124634,0.2934388816356659,0,-1,1,95,0.6985294117647058,2.0,136,1.3706045150756836,0,0.0,0,0.0,0,26.506792068481445,2,7
SH,Mamba,137,2977,162,162,16.2,0.24722006916999817,0.3211750388145447,0.8669424057006836,0.9333927035331726,0.20456339418888092,0,-1,1,96,0.5925925925925926,2.0,162,1.710908055305481,0,0.0,0,0.0,0,1.0347516536712646,2,7
SH,Mamba,137,2978,145,145,14.5,0.1884532868862152,0.22217750549316406,1.3489254713058472,1.5298502445220947,0.18832021951675415,0,-1,1,69,0.47586206896551725,2.0,145,1.7284886837005615,0,0.0,0,0.0,0,5.088038444519043,2,7
SH,Mamba,137,2979,629,629,62.900000000000006,0.35779231786727905,0.4628913104534149,7.373358249664307,9.340526580810547,0.7945146560668945,1,618,1,618,0.9825119236883942,2.0,618,0.0,0,0.0,0,0.0,0,0.0,2,7
SH,Mamba,137,2980,212,212,21.200000000000003,0.2169462889432907,0.31000640988349915,1.204103946685791,1.3638373613357544,0.32555586099624634,0,-1,1,212,1.0,2.0,212,1.1404114961624146,0,0.0,0,0.0,0,12.640180587768555,2,7
SH,Mamba,137,2981,135,135,13.5,0.19427330791950226,0.24322547018527985,6.971041679382324,8.733532905578613,1.3205758333206177,0,-1,1,103,0.762962962962963,2.0,135,1.1168988943099976,0,0.0,0,0.0,0,19.863967895507812,0,5
SH,Mamba,137,2982,426,426,42.6,0.2793300747871399,0.3552275002002716,1.5116791725158691,1.9541527032852173,0.2938244044780731,1,415,1,351,0.823943661971831,2.0,415,0.0,0,0.0,0,0.0,0,0.0,2,7
SH,Mamba,137,2983,171,171,17.1,0.2409723699092865,0.29141637682914734,0.42284175753593445,0.5262377858161926,0.3583983778953552,0,-1,1,30,0.17543859649122806,2.0,171,1.3418418169021606,0,0.0,0,0.0,0,22.30652618408203,2,7
SH,Mamba,137,2984,161,161,16.1,0.11029838025569916,0.14401422441005707,0.473882794380188,0.5398272275924683,0.11011282354593277,0,-1,1,161,1.0,2.0,161,0.5408655405044556,0,0.0,0,0.0,0,9.545808792114258,0,5
SH,Mamba,137,2985,204,204,20.400000000000002,0.11694453656673431,0.16094425320625305,3.2928104400634766,4.1209282875061035,0.3643965721130371,0,-1,1,52,0.2549019607843137,2.0,204,1.528273582458496,0,0.0,0,0.0,0,32.82025909423828,0,5
SH,Mamba,137,2986,567,567,56.7,0.44383934140205383,0.618191659450531,1.3612993955612183,1.6508653163909912,0.49663519859313965,0,-1,1,354,0.6243386243386243,2.0,567,1.2640591859817505,0,0.0,0,0.0,0,2.4309744834899902,2,7
SH,Mamba,137,2987,421,421,42.1,0.22191844880580902,0.27890709042549133,3.138972520828247,3.745169162750244,0.41755425930023193,0,-1,1,421,1.0,2.0,421,1.2530876398086548,0,0.0,0,0.0,0,7.698232173919678,0,5
SH,Mamba,137,2988,608,608,60.800000000000004,0.2311367690563202,0.3108125329017639,2.8979878425598145,4.750776290893555,0.43412259221076965,0,-1,1,127,0.20888157894736842,2.0,608,1.7073050737380981,0,0.0,0,0.0,0,1.9772974252700806,2,7
SH,Mamba,137,2989,454,454,45.400000000000006,0.47599348425865173,0.577650249004364,1.2116496562957764,1.4331088066101074,0.3633258640766144,0,-1,1,454,1.0,2.0,454,0.4443625807762146,0,0.0,0,0.0,0,0.6662907004356384,0,5
SH,Mamba,137,2990,263,263,26.3,0.33108991384506226,0.3703850507736206,21.608844757080078,26.576013565063477,1.7430846691131592,0,-1,0,0,0.0,2.0,263,2.4748029708862305,0,0.0,0,0.0,0,44.65913009643555,2,7
SH,Mamba,137,2991,154,154,15.4,0.2998916506767273,0.37485450506210327,9.25921630859375,11.003222465515137,0.9845619797706604,0,-1,1,154,1.0,2.0,154,0.46734970808029175,0,0.0,0,0.0,0,8.805575370788574,0,5
SH,Mamba,137,2992,147,147,14.700000000000001,0.2627789080142975,0.35636502504348755,4.876119613647461,6.111570835113525,0.8219968676567078,0,-1,1,147,1.0,2.0,147,0.6714548468589783,0,0.0,0,0.0,0,9.748685836791992,1,6
SH,Mamba,137,2993,160,160,16.0,0.2799327075481415,0.3144262731075287,10.850855827331543,13.978246688842773,1.5161802768707275,0,-1,0,0,0.0,2.0,160,3.0355472564697266,0,0.0,0,0.0,0,70.21112060546875,1,6
SH,Mamba,137,2994,162,162,16.2,0.16253966093063354,0.19098618626594543,2.97360897064209,3.339214324951172,0.43297189474105835,0,-1,1,162,1.0,2.0,162,1.1674580574035645,0,0.0,0,0.0,0,30.47007179260254,0,5
SH,Mamba,137,2995,414,414,41.400000000000006,0.2987900376319885,0.4063112437725067,4.5186262130737305,5.404326438903809,0.6312603950500488,0,-1,1,149,0.35990338164251207,2.0,414,1.431656002998352,0,0.0,0,0.0,0,4.198007583618164,2,7
SH,Mamba,137,2996,195,195,19.5,0.21615411341190338,0.2712530493736267,0.8413081765174866,1.0973697900772095,0.23263423144817352,0,-1,0,0,0.0,2.0,195,2.0507969856262207,0,0.0,0,0.0,0,4.053776741027832,1,6
SH,Mamba,137,2997,959,959,95.9,0.2448524534702301,0.32651257514953613,19.744646072387695,23.119136810302734,1.5367637872695923,0,-1,1,600,0.6256517205422315,2.0,959,0.614874541759491,0,0.0,0,0.0,0,17.2375545501709,1,6
SH,Mamba,137,2998,341,341,34.1,0.07947103679180145,0.09815292060375214,4.114638328552246,4.622045993804932,0.30176207423210144,0,-1,0,0,0.0,2.0,341,2.431760787963867,0,0.0,0,0.0,0,68.85405731201172,0,5
SH,Mamba,137,2999,171,171,17.1,0.3146299719810486,0.48771339654922485,1.8949429988861084,2.089200735092163,0.32054638862609863,0,-1,0,0,0.0,2.0,171,3.560185194015503,0,0.0,0,0.0,0,3.1761653423309326,0,5
SH,Mamba,137,3000,211,211,21.1,0.2970767319202423,0.40398797392845154,1.7137970924377441,2.0694289207458496,0.42446979880332947,0,-1,1,211,1.0,2.0,211,0.950597882270813,0,0.0,0,0.0,0,0.8999003767967224,2,7
SH,Mamba,137,3001,392,392,39.2,0.1933586746454239,0.24757523834705353,1.3562332391738892,1.5671697854995728,0.2781691253185272,0,-1,1,273,0.6964285714285714,2.0,392,1.7275196313858032,0,0.0,0,0.0,0,10.177912712097168,0,5
SH,Mamba,137,3002,263,263,26.3,0.3323579430580139,0.4031010568141937,1.3859608173370361,1.6486411094665527,0.47308656573295593,0,-1,1,263,1.0,2.0,263,1.0012866258621216,0,0.0,0,0.0,0,25.16444969177246,0,5
SH,Mamba,137,3003,152,152,15.200000000000001,0.3419921398162842,0.41515007615089417,0.6633382439613342,0.7984139323234558,0.44066721200942993,0,-1,1,152,1.0,2.0,152,1.0175039768218994,0,0.0,0,0.0,0,1.3531732559204102,1,6
SH,Mamba,137,3004,145,145,14.5,0.2020668238401413,0.2387295961380005,1.0066322088241577,1.190220594406128,0.23600514233112335,0,-1,1,48,0.3310344827586207,2.0,145,1.648421287536621,0,0.0,0,0.0,0,3.6095972061157227,0,5
SH,Mamba,137,3005,270,270,27.0,0.3638245463371277,0.5458337664604187,2.4999489784240723,2.8381094932556152,0.5959769487380981,1,258,1,258,0.9555555555555556,2.0,258,0.0,0,0.0,0,0.0,0,0.0,0,5
SH,Mamba,137,3006,203,203,20.3,0.23178085684776306,0.33443430066108704,1.6137253046035767,2.0525941848754883,0.48545828461647034,0,-1,1,112,0.5517241379310345,2.0,203,1.7860647439956665,0,0.0,0,0.0,0,10.291057586669922,2,7
SH,Mamba,137,3007,180,180,18.0,0.2269749939441681,0.2883484363555908,2.5137388706207275,3.573631763458252,0.48611781001091003,0,-1,1,180,1.0,2.0,180,1.2012087106704712,0,0.0,0,0.0,0,13.885531425476074,1,6
SH,Mamba,137,3008,325,325,32.5,0.2814202606678009,0.3778051435947418,6.223094463348389,8.177652359008789,0.797912061214447,0,-1,1,325,1.0,2.0,325,0.9766297340393066,0,0.0,0,0.0,0,15.52505111694336,2,7
SH,Mamba,137,3009,2991,2991,299.1,0.2519449293613434,0.32332324981689453,1.3653372526168823,1.7547906637191772,0.3155747652053833,0,-1,1,2991,1.0,2.0,2991,0.49668583273887634,0,0.0,0,0.0,0,0.8747372627258301,2,7
SH,Mamba,137,3010,210,210,21.0,0.2585255205631256,0.3623202443122864,1.1777173280715942,1.4984917640686035,0.4285276532173157,0,-1,1,142,0.6761904761904762,2.0,210,1.6190234422683716,0,0.0,0,0.0,0,6.1367106437683105,0,5
SH,Mamba,137,3011,474,474,47.400000000000006,0.25112515687942505,0.31494539976119995,2.497729539871216,2.9421675205230713,0.3360918462276459,0,-1,1,466,0.9831223628691983,2.0,474,1.2187405824661255,0,0.0,0,0.0,0,4.39762020111084,0,5
SH,Mamba,137,3012,138,138,13.8,0.5187793970108032,0.5796831250190735,5.674661159515381,6.550993919372559,1.0972533226013184,0,-1,1,113,0.8188405797101449,2.0,137,1.3760967254638672,1,0.007246376811594203,0,0.0,0,1.3108209371566772,2,7
SH,Mamba,137,3013,136,136,13.600000000000001,0.7407966256141663,0.8832135796546936,4.637548446655273,5.288845539093018,0.915628969669342,0,-1,1,136,1.0,2.0,136,0.5363551378250122,0,0.0,0,0.0,0,2.441434621810913,0,5
SH,Mamba,137,3014,252,252,25.200000000000003,0.18686601519584656,0.23059602081775665,24.15870475769043,30.627695083618164,2.519321918487549,0,-1,0,0,0.0,2.0,252,4.391659259796143,0,0.0,0,0.0,0,81.48782348632812,0,5
SH,Mamba,137,3015,601,601,60.1,0.19168134033679962,0.22722940146923065,29.426321029663086,36.33098602294922,1.38373601436615,0,-1,1,202,0.33610648918469216,2.0,601,1.317380666732788,0,0.0,0,0.0,0,27.184410095214844,1,6
SH,Mamba,137,3016,225,225,22.5,0.22413389384746552,0.26916012167930603,1.8895463943481445,2.2114906311035156,0.5043348073959351,0,-1,1,83,0.3688888888888889,2.0,225,1.933208703994751,0,0.0,0,0.0,0,10.429065704345703,2,7
SH,Mamba,137,3017,137,137,13.700000000000001,0.3159547746181488,0.3928306996822357,6.603532791137695,8.569948196411133,1.0638668537139893,0,-1,1,137,1.0,2.0,137,1.0654016733169556,0,0.0,0,0.0,0,14.605831146240234,0,5
SH,Mamba,137,3018,148,148,14.8,0.14344671368598938,0.17634543776512146,3.507164239883423,4.191043853759766,0.34899649024009705,0,-1,0,0,0.0,2.0,148,2.207617998123169,0,0.0,0,0.0,0,1.2834383249282837,1,6
SH,Mamba,137,3019,143,143,14.3,0.46335387229919434,0.5651037096977234,3.7754392623901367,4.715889930725098,1.1161044836044312,0,-1,1,29,0.20279720279720279,2.0,143,1.962281584739685,0,0.0,0,0.0,0,14.418190002441406,0,5
SH,Mamba,137,3020,254,254,25.400000000000002,0.22871963679790497,0.30888694524765015,0.7826887965202332,0.8953705430030823,0.5166144371032715,1,74,1,72,0.28346456692913385,2.0,74,0.0,0,0.0,0,0.0,0,0.0,2,7
SH,Mamba,137,3021,343,343,34.300000000000004,0.26064741611480713,0.3192931115627289,23.125070571899414,25.627735137939453,1.3412644863128662,0,-1,1,107,0.3119533527696793,2.0,343,1.350929856300354,0,0.0,0,0.0,0,30.41042137145996,1,6
SH,Mamba,137,3022,333,333,33.300000000000004,0.45439445972442627,0.6235170960426331,1.7763992547988892,2.6106576919555664,0.5675415396690369,0,-1,1,333,1.0,2.0,333,1.1491185426712036,0,0.0,0,0.0,0,2.048211097717285,1,6
SH,Mamba,137,3023,1059,1059,105.9,0.2871564030647278,0.363605260848999,1.1477679014205933,1.4104350805282593,0.3641730844974518,0,-1,1,1059,1.0,2.0,1059,0.48878923058509827,0,0.0,0,0.0,0,0.280744343996048,0,5
SH,Mamba,137,3024,179,179,17.900000000000002,0.34228062629699707,0.4218382239341736,4.958484649658203,5.963569641113281,0.6429550051689148,0,-1,0,0,0.0,2.0,179,2.282543897628784,0,0.0,0,0.0,0,22.59310531616211,2,7
SH,Mamba,137,3025,174,174,17.400000000000002,0.14562366902828217,0.1925017237663269,5.995212554931641,7.408651828765869,0.7416488528251648,0,-1,1,34,0.19540229885057472,2.0,174,1.5339313745498657,0,0.0,0,0.0,0,27.82601547241211,2,7
SH,Mamba,137,3026,353,353,35.300000000000004,0.3144000768661499,0.3884049355983734,7.073488235473633,8.405935287475586,0.5418338179588318,0,-1,1,353,1.0,2.0,353,0.22097569704055786,0,0.0,0,0.0,0,4.364410877227783,2,7
SH,Mamba,137,3027,281,281,28.1,0.44920119643211365,0.6719412207603455,5.759706020355225,8.561169624328613,1.3148163557052612,0,-1,0,0,0.0,2.0,281,2.878636598587036,0,0.0,0,0.0,0,10.461738586425781,2,7
SH,Mamba,137,3028,180,180,18.0,0.33278241753578186,0.4351545572280884,1.8631579875946045,2.202800750732422,0.653400719165802,1,167,1,167,0.9277777777777778,2.0,167,0.0,0,0.0,0,0.0,0,0.0,2,7
SH,Mamba,137,3029,348,348,34.800000000000004,0.47852790355682373,0.5890300273895264,2.3420445919036865,2.5704033374786377,0.463739812374115,0,-1,1,111,0.31896551724137934,2.0,348,1.6813297271728516,0,0.0,0,0.0,0,4.5117645263671875,1,6
SH,Mamba,137,3030,248,248,24.8,0.3360869884490967,0.4321797788143158,0.7996413707733154,1.0485939979553223,0.2972109317779541,0,-1,1,248,1.0,2.0,248,0.8793790936470032,0,0.0,0,0.0,0,7.135618209838867,2,7
SH,Mamba,137,3031,1357,1357,135.70000000000002,0.16568176448345184,0.21885624527931213,9.949284553527832,11.125520706176758,0.5471341609954834,0,-1,1,1357,1.0,2.0,1357,0.5750593543052673,0,0.0,0,0.0,0,7.87727165222168,0,5
SH,Mamba,137,3032,159,159,15.9,0.2757752239704132,0.3463006317615509,3.024050235748291,3.4459452629089355,0.4391498267650604,0,-1,0,0,0.0,2.0,159,2.1974170207977295,0,0.0,0,0.0,0,12.412291526794434,0,5
SH,Mamba,137,3033,235,235,23.5,0.22717437148094177,0.27633023262023926,14.42869758605957,16.566835403442383,1.1090455055236816,0,-1,1,210,0.8936170212765957,2.0,235,1.768109917640686,0,0.0,0,0.0,0,17.836641311645508,0,5
SH,Mamba,137,3034,190,190,19.0,0.2389449030160904,0.33948981761932373,4.273919582366943,5.260098457336426,0.4138951897621155,0,-1,1,190,1.0,2.0,190,1.507469892501831,0,0.0,0,0.0,0,13.077288627624512,0,5
SH,Mamba,137,3035,198,198,19.8,0.4561534821987152,0.5866776704788208,2.028526782989502,2.6994757652282715,0.8170943856239319,0,-1,0,0,0.0,2.0,198,2.6339149475097656,0,0.0,0,0.0,0,4.061452388763428,0,5
SH,Mamba,137,3036,885,885,88.5,0.3366531729698181,0.42081600427627563,7.879857063293457,8.862009048461914,0.6913008689880371,0,-1,1,771,0.8711864406779661,2.0,885,0.4656100571155548,0,0.0,0,0.0,0,3.7458114624023438,2,7
SH,Mamba,137,3037,1776,1776,177.60000000000002,0.2035854160785675,0.26134204864501953,1.0948457717895508,1.384963035583496,0.2689439654350281,0,-1,1,1776,1.0,2.0,1776,1.115971326828003,0,0.0,0,0.0,0,3.044402599334717,2,7
SH,Mamba,137,3038,151,151,15.100000000000001,0.21820351481437683,0.29397088289260864,1.2502950429916382,2.2714438438415527,0.5893309712409973,0,-1,1,88,0.5827814569536424,2.0,151,1.4462627172470093,0,0.0,0,0.0,0,24.226375579833984,0,5
SH,Mamba,137,3039,495,495,49.5,0.21511310338974,0.27047353982925415,6.993285179138184,8.051732063293457,0.5774258375167847,0,-1,1,495,1.0,2.0,495,0.7407480478286743,0,0.0,0,0.0,0,11.894309043884277,0,5
SH,Mamba,137,3040,477,477,47.7,0.37447497248649597,0.4854125380516052,3.2701053619384766,3.541790246963501,1.7783825397491455,1,111,1,111,0.23270440251572327,2.0,111,0.0,0,0.0,0,0.0,0,0.0,0,5
SH,Mamba,137,3041,208,208,20.8,0.07450668513774872,0.09489651024341583,3.0653061866760254,4.233312129974365,0.41221362352371216,0,-1,0,0,0.0,2.0,208,2.295980215072632,0,0.0,0,0.0,0,33.30168914794922,1,6
SH,Mamba,137,3042,222,222,22.200000000000003,0.2641845643520355,0.31021934747695923,8.539518356323242,9.528316497802734,0.8250879049301147,0,-1,0,0,0.0,2.0,222,2.2582287788391113,0,0.0,0,0.0,0,15.467581748962402,0,5
SH,Mamba,137,3043,391,391,39.1,0.3059302270412445,0.3958931863307953,2.401416778564453,3.0028648376464844,0.5662229061126709,0,-1,1,367,0.9386189258312021,2.0,391,1.461462378501892,0,0.0,0,0.0,0,12.352699279785156,2,7
SH,Mamba,137,3044,268,268,26.8,0.2973259389400482,0.35585370659828186,12.584748268127441,15.970340728759766,1.0537521839141846,0,-1,0,0,0.0,2.0,268,3.0834248065948486,0,0.0,0,0.0,0,75.38800811767578,0,5
SH,Mamba,137,3045,186,186,18.6,0.2374267727136612,0.295627623796463,1.5165661573410034,1.7626280784606934,0.2777455151081085,0,-1,1,129,0.6935483870967742,2.0,186,1.6013554334640503,0,0.0,0,0.0,0,2.8642356395721436,1,6
SH,Mamba,137,3046,482,482,48.2,0.11190612614154816,0.1463133543729782,4.2292656898498535,5.117326736450195,0.5317330360412598,0,-1,1,324,0.6721991701244814,2.0,482,1.6479135751724243,0,0.0,0,0.0,0,35.5806770324707,1,6
SH,Mamba,137,3047,240,240,24.0,0.21196171641349792,0.27174538373947144,7.885901927947998,9.087113380432129,0.5755639672279358,0,-1,1,240,1.0,2.0,240,0.8404971361160278,0,0.0,0,0.0,0,20.66193389892578,1,6
SH,Mamba,137,3048,286,286,28.6,0.32152754068374634,0.41440218687057495,1.5052623748779297,1.9580384492874146,0.5152002573013306,0,-1,1,286,1.0,2.0,286,0.5095522999763489,0,0.0,0,0.0,0,2.4700570106506348,0,5
SH,Mamba,137,3049,158,158,15.8,0.24242448806762695,0.31367188692092896,0.5088495016098022,0.6333358287811279,0.19585449993610382,0,-1,1,158,1.0,2.0,158,0.6760354042053223,0,0.0,0,0.0,0,5.907882213592529,1,6
SH,Mamba,137,3050,383,383,38.300000000000004,0.36424434185028076,0.43805640935897827,1.546173334121704,1.898901104927063,0.33792704343795776,0,-1,1,383,1.0,2.0,383,0.6605876088142395,0,0.0,0,0.0,0,3.643158197402954,0,5
SH,Mamba,137,3051,198,198,19.8,0.5521083474159241,0.6859468221664429,1.2025649547576904,1.341637134552002,0.5006093978881836,0,-1,1,49,0.2474747474747475,2.0,198,1.3279858827590942,0,0.0,0,0.0,0,2.3283498287200928,1,6
SH,Mamba,137,3052,389,389,38.900000000000006,0.2492753118276596,0.3103460669517517,1.8015185594558716,2.0992584228515625,0.2844509482383728,0,-1,1,360,0.9254498714652957,2.0,389,1.2314964532852173,0,0.0,0,0.0,0,7.181204795837402,2,7
SH,Mamba,137,3053,181,181,18.1,0.18465213477611542,0.22706329822540283,1.980877161026001,2.4368607997894287,0.47573742270469666,0,-1,1,181,1.0,2.0,181,1.3167701959609985,0,0.0,0,0.0,0,14.249420166015625,2,7
SH,Mamba,137,3054,416,416,41.6,0.2803625166416168,0.37017643451690674,1.7711632251739502,2.2192885875701904,0.5478984117507935,0,-1,1,320,0.7692307692307693,2.0,416,1.5373679399490356,0,0.0,0,0.0,0,4.889102935791016,2,7
SH,Mamba,137,3055,342,342,34.2,0.30259019136428833,0.4035916328430176,1.33732008934021,1.6734893321990967,0.3238942623138428,0,-1,1,342,1.0,2.0,342,0.6517892479896545,0,0.0,0,0.0,0,0.45695894956588745,0,5
SH,Mamba,137,3056,142,142,14.200000000000001,0.21930384635925293,0.26891860365867615,1.6948320865631104,2.0225682258605957,0.36134734749794006,0,-1,0,0,0.0,2.0,142,2.842571496963501,0,0.0,0,0.0,0,4.131595134735107,0,5
SH,Mamba,137,3057,255,255,25.5,0.22769947350025177,0.29069244861602783,3.3522262573242188,3.7990806102752686,0.33520400524139404,0,-1,1,255,1.0,2.0,255,0.4880313575267792,0,0.0,0,0.0,0,7.787069797515869,2,7
SH,Mamba,137,3058,371,371,37.1,0.2954970896244049,0.3917231261730194,1.1213037967681885,1.5209035873413086,0.30400845408439636,0,-1,1,303,0.816711590296496,2.0,371,1.615491509437561,0,0.0,0,0.0,0,11.52218246459961,0,5
SH,Mamba,137,3059,366,366,36.6,0.1709267497062683,0.21327006816864014,2.2810184955596924,2.7757375240325928,0.35738444328308105,0,-1,1,118,0.3224043715846995,2.0,366,1.847954273223877,0,0.0,0,0.0,0,8.248017311096191,0,5
SH,Mamba,137,3060,204,204,20.400000000000002,0.35057124495506287,0.4327464997768402,2.2966785430908203,2.5863308906555176,0.4492025077342987,0,-1,1,204,1.0,2.0,204,1.2629989385604858,0,0.0,0,0.0,0,1.7466731071472168,1,6
SH,Mamba,137,3061,316,316,31.6,0.13380707800388336,0.16577155888080597,8.50739574432373,10.377562522888184,0.536117434501648,0,-1,1,316,1.0,2.0,316,1.0120584964752197,0,0.0,0,0.0,0,18.65871238708496,2,7
SH,Mamba,137,3062,217,217,21.700000000000003,0.6715025305747986,0.8682109117507935,3.5856685638427734,4.255759239196777,0.8305718302726746,0,-1,1,217,1.0,2.0,217,1.0235008001327515,0,0.0,0,0.0,0,2.1316041946411133,2,7
SH,Mamba,137,3063,566,566,56.6,0.3018506169319153,0.4713282287120819,2.360504388809204,3.1971585750579834,0.4620717763900757,0,-1,1,540,0.9540636042402827,2.0,566,1.046399712562561,0,0.0,0,0.0,0,1.6297074556350708,0,5
SH,Mamba,137,3064,236,236,23.6,0.33815690875053406,0.4948746860027313,0.7586885094642639,1.0384676456451416,0.4681372046470642,0,-1,1,226,0.9576271186440678,2.0,236,1.3470091819763184,0,0.0,0,0.0,0,8.106733322143555,0,5
SH,Mamba,137,3065,355,355,35.5,0.19174544513225555,0.25895583629608154,4.886775016784668,6.919541358947754,0.5168216824531555,0,-1,1,293,0.8253521126760563,2.0,355,1.322188377380371,0,0.0,0,0.0,0,29.398265838623047,0,5
SH,Mamba,137,3066,285,285,28.5,0.38540324568748474,0.569303572177887,6.346438884735107,9.77108097076416,1.1795157194137573,0,-1,1,68,0.23859649122807017,2.0,285,1.2500028610229492,0,0.0,0,0.0,0,4.498924732208252,2,7
SH,Mamba,137,3067,470,470,47.0,0.07607585936784744,0.09344667196273804,2.213986873626709,3.3437063694000244,0.3345177471637726,0,-1,1,140,0.2978723404255319,2.0,470,0.5714744925498962,0,0.0,0,0.0,0,15.793219566345215,1,6
SH,Mamba,137,3068,196,196,19.6,0.22394847869873047,0.30539587140083313,0.938433825969696,1.086452603340149,0.26566898822784424,0,-1,1,80,0.40816326530612246,2.0,196,1.8218921422958374,0,0.0,0,0.0,0,2.4280009269714355,1,6
SH,Mamba,137,3069,165,165,16.5,0.283307284116745,0.3414316773414612,3.963616371154785,5.290893077850342,0.7847031950950623,0,-1,0,0,0.0,2.0,165,3.3356974124908447,0,0.0,0,0.0,0,17.830917358398438,0,5
SH,Mamba,137,3070,271,271,27.1,0.42526930570602417,0.5217606425285339,2.318403720855713,2.9221835136413574,0.6301281452178955,0,-1,1,271,1.0,2.0,271,1.4919114112854004,0,0.0,0,0.0,0,10.616937637329102,2,7
SH,Mamba,137,3071,140,140,14.0,0.20367583632469177,0.28856348991394043,3.2858188152313232,4.833707809448242,0.8743901252746582,0,-1,0,0,0.0,2.0,140,2.162200689315796,0,0.0,0,0.0,0,34.92670822143555,0,5
SH,Mamba,137,3072,283,283,28.3,0.18243643641471863,0.23296213150024414,1.506914496421814,2.0996320247650146,0.38438680768013,0,-1,1,283,1.0,2.0,283,1.0091595649719238,0,0.0,0,0.0,0,4.063067436218262,2,7
SH,Mamba,137,3073,494,494,49.400000000000006,0.21894310414791107,0.2747030556201935,4.0343451499938965,4.70054292678833,0.40858593583106995,0,-1,0,0,0.0,2.0,494,2.5216991901397705,0,0.0,0,0.0,0,1.6255197525024414,0,5
SH,Mamba,137,3074,318,318,31.8,0.26637765765190125,0.34080255031585693,1.422407865524292,1.715782642364502,0.38541877269744873,0,-1,1,222,0.6981132075471698,2.0,318,1.4518290758132935,0,0.0,0,0.0,0,4.011903285980225,0,5
SH,Mamba,137,3075,354,354,35.4,0.18662606179714203,0.24391011893749237,1.600838541984558,1.7834535837173462,0.2675166726112366,0,-1,1,354,1.0,2.0,354,1.2362792491912842,0,0.0,0,0.0,0,2.9486687183380127,1,6
SH,Mamba,137,3076,167,167,16.7,0.2315874844789505,0.2772689759731293,3.18845534324646,3.614847183227539,0.478924036026001,0,-1,0,0,0.0,2.0,167,2.0713367462158203,0,0.0,0,0.0,0,33.72856903076172,0,5
SH,Mamba,137,3077,478,478,47.800000000000004,0.1635006219148636,0.21227115392684937,1.8021620512008667,2.151658773422241,0.22550636529922485,0,-1,1,478,1.0,2.0,478,1.2113118171691895,0,0.0,0,0.0,0,2.7357163429260254,2,7
SH,Mamba,137,3078,149,149,14.9,0.4806983470916748,0.5531789064407349,2.4752914905548096,2.7199525833129883,0.4561619460582733,0,-1,0,0,0.0,2.0,149,2.260352373123169,0,0.0,0,0.0,0,5.722893238067627,2,7
SH,Mamba,137,3079,385,385,38.5,0.3206424117088318,0.45752957463264465,0.9600849747657776,1.112339735031128,0.2881491482257843,0,-1,1,358,0.9298701298701298,2.0,385,0.7159030437469482,0,0.0,0,0.0,0,1.174758791923523,0,5
SH,Mamba,137,3080,222,222,22.200000000000003,0.3124498128890991,0.3954274654388428,2.3667852878570557,3.298957586288452,0.6502407789230347,0,-1,0,0,0.0,2.0,222,2.506774663925171,0,0.0,0,0.0,0,7.235478401184082,1,6
SH,Mamba,137,3081,297,297,29.700000000000003,0.2855290174484253,0.3916459083557129,3.608588218688965,4.653689384460449,0.8883794546127319,0,-1,1,102,0.3434343434343434,2.0,297,1.9265958070755005,0,0.0,0,0.0,0,7.726738452911377,0,5
SH,Mamba,137,3082,279,279,27.900000000000002,0.19523195922374725,0.25778529047966003,15.85495376586914,17.901395797729492,0.8162090182304382,0,-1,1,279,1.0,2.0,279,0.2905191481113434,0,0.0,0,0.0,0,4.218918323516846,2,7
SH,Mamba,137,3083,191,191,19.1,0.2776133418083191,0.34903258085250854,1.149970531463623,1.334550380706787,0.30758750438690186,0,-1,0,0,0.0,2.0,191,2.0059919357299805,0,0.0,0,0.0,0,3.9353137016296387,0,5
SH,Mamba,137,3084,794,794,79.4,0.19996465742588043,0.24905121326446533,8.287490844726562,10.0253324508667,0.3439658582210541,0,-1,1,794,1.0,2.0,794,0.9574107527732849,0,0.0,0,0.0,0,2.0268537998199463,2,7
SH,Mamba,137,3085,139,139,13.9,0.22448976337909698,0.262615829706192,3.1387391090393066,4.793336868286133,0.8889855742454529,0,-1,0,0,0.0,2.0,139,3.0831470489501953,0,0.0,0,0.0,0,58.05044937133789,1,6
SH,Mamba,137,3086,169,169,16.900000000000002,0.20217444002628326,0.3078310489654541,1.4051082134246826,1.8574860095977783,0.3248580992221832,0,-1,0,0,0.0,2.0,169,2.109257698059082,0,0.0,0,0.0,0,3.902785539627075,2,7
SH,Mamba,137,3087,248,248,24.8,0.44437098503112793,0.6073724031448364,1.1065682172775269,1.6858675479888916,0.5316768884658813,0,-1,1,248,1.0,2.0,248,1.3951268196105957,0,0.0,0,0.0,0,4.612231254577637,0,5
SH,Mamba,137,3088,134,134,13.4,0.2219567745923996,0.2519291043281555,4.08705472946167,5.96998929977417,1.1374421119689941,0,-1,1,108,0.8059701492537313,2.0,134,1.53810715675354,0,0.0,0,0.0,0,35.73653793334961,0,5
SH,Mamba,137,3089,247,247,24.700000000000003,0.32172536849975586,0.4594326615333557,3.6545724868774414,5.075139045715332,0.7273446917533875,0,-1,1,151,0.611336032388664,2.0,242,1.2342370748519897,5,0.020242914979757085,0,0.0,0,0.8493293523788452,1,6
SH,Mamba,137,3090,694,694,69.4,0.40873607993125916,0.5235565304756165,1.9471838474273682,2.3756470680236816,0.6310856938362122,0,-1,1,679,0.978386167146974,2.0,694,1.2448221445083618,0,0.0,0,0.0,0,5.978188514709473,2,7
SH,Mamba,137,3091,203,203,20.3,0.2563936710357666,0.3140469193458557,24.620119094848633,30.894855499267578,2.8175690174102783,0,-1,1,203,1.0,2.0,203,0.6218479871749878,0,0.0,0,0.0,0,14.062597274780273,0,5
SH,Mamba,137,3092,401,401,40.1,0.43342623114585876,0.5521093010902405,2.8343827724456787,4.340178489685059,0.572924017906189,0,-1,1,325,0.8104738154613467,2.0,401,1.3617165088653564,0,0.0,0,0.0,0,4.017429351806641,2,7
SH,Mamba,137,3093,314,314,31.400000000000002,0.2722378671169281,0.32151201367378235,7.39451789855957,8.226473808288574,0.653395414352417,0,-1,1,54,0.17197452229299362,2.0,314,1.9532744884490967,0,0.0,0,0.0,0,14.982544898986816,2,7
SH,Mamba,137,3094,248,248,24.8,0.20165163278579712,0.27228111028671265,10.327068328857422,12.703862190246582,0.8086714148521423,0,-1,1,248,1.0,2.0,248,1.088963508605957,0,0.0,0,0.0,0,15.065329551696777,1,6
SH,Mamba,137,3095,284,284,28.400000000000002,0.1635793298482895,0.2147294282913208,0.863794207572937,1.128922939300537,0.1923295259475708,0,-1,1,203,0.7147887323943662,2.0,284,1.5794860124588013,0,0.0,0,0.0,0,3.9328408241271973,1,6
SH,Mamba,137,3096,242,242,24.200000000000003,0.2767651379108429,0.32124054431915283,2.602062702178955,3.657449960708618,0.4338605999946594,0,-1,1,242,1.0,2.0,242,1.1529465913772583,0,0.0,0,0.0,0,4.386816024780273,2,7
SH,Mamba,137,3097,287,287,28.700000000000003,0.1585671454668045,0.2508363127708435,19.450132369995117,22.487655639648438,1.0520211458206177,0,-1,1,200,0.6968641114982579,2.0,287,0.9754403829574585,0,0.0,0,0.0,0,26.326181411743164,2,7
SH,Mamba,137,3098,236,236,23.6,0.19970014691352844,0.23959985375404358,4.106296062469482,5.323535919189453,0.5215317606925964,0,-1,1,236,1.0,2.0,236,1.0761107206344604,0,0.0,0,0.0,0,20.09514617919922,1,6
SH,Mamba,137,3099,295,295,29.5,0.20498868823051453,0.2527131736278534,16.885940551757812,21.805437088012695,1.7322349548339844,0,-1,0,0,0.0,2.0,295,2.961806058883667,0,0.0,0,0.0,0,8.225215911865234,1,6
SH,Mamba,137,3100,201,201,20.1,0.26831310987472534,0.34006398916244507,4.21396017074585,4.560390949249268,0.42684686183929443,0,-1,1,201,1.0,2.0,201,1.2818360328674316,0,0.0,0,0.0,0,3.0588929653167725,2,7
SH,Mamba,137,3101,301,301,30.1,0.1679432988166809,0.21931076049804688,0.6124284267425537,0.7287231087684631,0.21872876584529877,0,-1,1,301,1.0,2.0,301,0.38034093379974365,0,0.0,0,0.0,0,3.586927890777588,0,5
SH,Mamba,137,3102,276,276,27.6,0.34385010600090027,0.4631401002407074,8.681076049804688,9.992114067077637,0.8472488522529602,0,-1,1,178,0.644927536231884,2.0,276,1.4889545440673828,0,0.0,0,0.0,0,9.28014087677002,0,5
SH,Mamba,137,3103,448,448,44.800000000000004,0.23697246611118317,0.319196879863739,1.4549553394317627,1.9707847833633423,0.2557350993156433,0,-1,1,448,1.0,2.0,448,0.3653418719768524,0,0.0,0,0.0,0,4.98380708694458,0,5
SH,Mamba,137,3104,200,200,20.0,0.2761920392513275,0.3055277466773987,1.7939447164535522,2.173914670944214,0.6989203691482544,0,-1,1,200,1.0,2.0,200,0.7343509793281555,0,0.0,0,0.0,0,21.013853073120117,0,5
SH,Mamba,137,3105,172,172,17.2,0.43952053785324097,0.5644909739494324,0.7459204196929932,0.847238302230835,0.40588995814323425,0,-1,1,172,1.0,2.0,172,0.8909727334976196,0,0.0,0,0.0,0,3.072361946105957,2,7
SH,Mamba,137,3106,1353,1353,135.3,0.1825990527868271,0.230881467461586,0.650738000869751,0.7772508263587952,0.1749476194381714,0,-1,1,1353,1.0,2.0,1353,0.8928327560424805,0,0.0,0,0.0,0,5.441126346588135,1,6
SH,Mamba,137,3107,284,284,28.400000000000002,0.5115084648132324,0.6460466384887695,1.2201273441314697,2.0423049926757812,0.5688493847846985,0,-1,1,239,0.8415492957746479,2.0,284,1.282182216644287,0,0.0,0,0.0,0,2.135038137435913,2,7
SH,Mamba,137,3108,150,150,15.0,0.4316627085208893,0.5722468495368958,0.9610843658447266,1.5233945846557617,0.6086122393608093,0,-1,1,150,1.0,2.0,150,0.03507256880402565,0,0.0,0,0.0,0,0.043610163033008575,2,7
SH,Mamba,137,3109,321,321,32.1,0.40556246042251587,0.4972144663333893,1.3675363063812256,1.6784420013427734,0.41188159584999084,1,301,1,301,0.9376947040498442,2.0,301,0.0,0,0.0,0,0.0,0,0.0,2,7
SH,Mamba,137,3110,381,381,38.1,0.4143582582473755,0.532603919506073,14.037246704101562,15.608663558959961,0.9139575958251953,0,-1,0,0,0.0,2.0,381,2.83284854888916,0,0.0,0,0.0,0,21.675153732299805,0,5
SH,Mamba,137,3111,155,155,15.5,0.2436918020248413,0.3273773789405823,0.5508154034614563,0.6765682101249695,0.3648747205734253,0,-1,1,75,0.4838709677419355,2.0,155,1.5197336673736572,0,0.0,0,0.0,0,6.153571605682373,2,7
SH,Mamba,137,3112,170,170,17.0,0.2344503551721573,0.3143402636051178,6.147490501403809,8.053770065307617,0.9487878084182739,0,-1,1,170,1.0,2.0,170,1.165022611618042,0,0.0,0,0.0,0,3.568608522415161,2,7
SH,Mamba,137,3113,402,402,40.2,0.35086679458618164,0.4307810962200165,1.2127118110656738,1.726955771446228,0.46920233964920044,0,-1,1,402,1.0,2.0,402,0.9676255583763123,0,0.0,0,0.0,0,2.1889164447784424,2,7
SH,Mamba,137,3114,341,341,34.1,0.22421446442604065,0.2798604667186737,2.7932422161102295,4.034987926483154,0.5433311462402344,0,-1,1,258,0.7565982404692082,2.0,341,1.0019418001174927,0,0.0,0,0.0,0,15.021507263183594,1,6
SH,Mamba,137,3115,322,322,32.2,0.18788553774356842,0.24473583698272705,1.2001667022705078,1.5369796752929688,0.28168001770973206,0,-1,1,223,0.6925465838509317,2.0,322,1.566007137298584,0,0.0,0,0.0,0,0.6620976328849792,0,5
SH,Mamba,137,3116,139,139,13.9,0.37053871154785156,0.4829099476337433,18.0125732421875,23.614212036132812,3.4120848178863525,0,-1,1,139,1.0,2.0,139,1.2268668413162231,0,0.0,0,0.0,0,13.500031471252441,2,7
SH,Mamba,137,3117,354,354,35.4,0.15442657470703125,0.1948896050453186,1.8068842887878418,2.127910614013672,0.21426638960838318,0,-1,1,233,0.6581920903954802,2.0,354,1.8367129564285278,0,0.0,0,0.0,0,14.296243667602539,2,7
SH,Mamba,137,3118,445,445,44.5,0.2708294987678528,0.32557249069213867,1.690002202987671,2.158388376235962,0.4623764455318451,0,-1,1,442,0.9932584269662922,2.0,445,1.3479562997817993,0,0.0,0,0.0,0,4.015113353729248,2,7
SH,Mamba,137,3119,541,541,54.1,0.27531155943870544,0.350238561630249,6.114024639129639,6.755701065063477,0.6165371537208557,0,-1,1,457,0.844731977818854,2.0,541,1.176710605621338,0,0.0,0,0.0,0,15.201530456542969,1,6
SH,Mamba,137,3120,232,232,23.200000000000003,0.29908329248428345,0.3506794273853302,3.023061513900757,4.368721961975098,0.7308858633041382,0,-1,1,232,1.0,2.0,232,1.0870451927185059,0,0.0,0,0.0,0,21.655723571777344,2,7
SH,Mamba,137,3121,185,185,18.5,0.2508390247821808,0.30438846349716187,4.061699390411377,5.475647449493408,0.7058552503585815,0,-1,1,94,0.5081081081081081,2.0,185,0.8214074373245239,0,0.0,0,0.0,0,21.376615524291992,2,7
SH,Mamba,137,3122,136,136,13.600000000000001,0.17454321682453156,0.22482725977897644,0.5458779335021973,0.6445604562759399,0.26938968896865845,0,-1,1,136,1.0,2.0,136,1.5516184568405151,0,0.0,0,0.0,0,15.609358787536621,1,6
SH,Mamba,137,3123,1005,1005,100.5,0.31968429684638977,0.44107046723365784,3.7657670974731445,4.451265811920166,0.5110868811607361,0,-1,1,947,0.9422885572139303,2.0,1005,1.0661132335662842,0,0.0,0,0.0,0,2.3488800525665283,1,6
SH,Mamba,137,3124,296,296,29.6,0.2960790693759918,0.39472150802612305,2.3687407970428467,2.989924907684326,0.6027297973632812,0,-1,1,290,0.9797297297297297,2.0,296,1.0337936878204346,0,0.0,0,0.0,0,0.4664878249168396,1,6
SH,Mamba,137,3125,262,262,26.200000000000003,0.19721336662769318,0.24660912156105042,11.074007034301758,12.919083595275879,0.8420257568359375,0,-1,1,153,0.583969465648855,2.0,262,1.8014205694198608,0,0.0,0,0.0,0,36.118865966796875,0,5
SH,Mamba,137,3126,198,198,19.8,0.425796777009964,0.46856963634490967,13.792054176330566,15.540826797485352,1.568655252456665,0,-1,0,0,0.0,2.0,198,2.8851850032806396,0,0.0,0,0.0,0,62.152099609375,2,7
SH,Mamba,137,3127,266,266,26.6,0.34926530718803406,0.44354405999183655,2.1876182556152344,2.47493314743042,0.4829294979572296,0,-1,1,232,0.8721804511278195,2.0,266,1.1936070919036865,0,0.0,0,0.0,0,3.50311017036438,0,5
SH,Mamba,137,3128,307,307,30.700000000000003,0.1618618369102478,0.19269564747810364,4.331606864929199,5.1110076904296875,0.3609102666378021,0,-1,1,307,1.0,2.0,307,1.0133146047592163,0,0.0,0,0.0,0,12.911198616027832,0,5
SH,Mamba,137,3129,178,178,17.8,0.39206013083457947,0.4952228367328644,4.0965657234191895,4.484682083129883,0.7590490579605103,0,-1,0,0,0.0,2.0,178,2.339402437210083,0,0.0,0,0.0,0,10.515752792358398,0,5
SH,Mamba,137,3130,311,311,31.1,0.2001001238822937,0.22406330704689026,4.465908050537109,5.295436859130859,0.6299142837524414,0,-1,1,311,1.0,2.0,311,0.5055490732192993,0,0.0,0,0.0,0,14.088394165039062,0,5
SH,Mamba,137,3131,342,342,34.2,0.19101332128047943,0.2933463752269745,1.4554635286331177,1.6282421350479126,0.1978418231010437,1,323,1,323,0.9444444444444444,2.0,323,0.0,0,0.0,0,0.0,0,0.0,1,6
SH,Mamba,137,3132,181,181,18.1,0.21607786417007446,0.2666739523410797,3.186488389968872,3.7589735984802246,0.7648577690124512,0,-1,1,180,0.994475138121547,2.0,181,1.1693646907806396,0,0.0,0,0.0,0,12.376026153564453,0,5
SH,Mamba,137,3133,272,272,27.200000000000003,0.2119840830564499,0.25831612944602966,8.732900619506836,11.186812400817871,0.9989335536956787,0,-1,0,0,0.0,2.0,272,2.6141650676727295,0,0.0,0,0.0,0,37.243865966796875,1,6
SH,Mamba,137,3134,194,194,19.400000000000002,0.2699577808380127,0.33768653869628906,0.7291530966758728,0.9363352060317993,0.4018116593360901,0,-1,0,0,0.0,2.0,194,2.2969534397125244,0,0.0,0,0.0,0,16.038301467895508,2,7
SH,Mamba,137,3135,505,505,50.5,0.3240332305431366,0.42883867025375366,2.4577813148498535,2.928156852722168,0.5569903254508972,0,-1,1,505,1.0,2.0,505,0.23060667514801025,0,0.0,0,0.0,0,3.1717913150787354,1,6
SH,Mamba,137,3136,699,699,69.9,0.2672649025917053,0.37472110986709595,9.257473945617676,10.526248931884766,0.8314024806022644,0,-1,1,665,0.9513590844062947,2.0,699,1.4171415567398071,0,0.0,0,0.0,0,8.20582103729248,2,7
SH,Mamba,137,3137,133,133,13.3,0.2503387928009033,0.3433738648891449,1.563789963722229,1.8332256078720093,0.489433228969574,0,-1,1,133,1.0,2.0,133,1.2923916578292847,0,0.0,0,0.0,0,5.414069175720215,1,6
SH,Mamba,137,3138,190,190,19.0,0.33899161219596863,0.40955543518066406,9.886571884155273,11.751605033874512,1.2946650981903076,0,-1,0,0,0.0,2.0,190,3.089993715286255,0,0.0,0,0.0,0,15.019981384277344,1,6
SH,Mamba,137,3139,144,144,14.4,0.3684549629688263,0.5936611890792847,0.5997545123100281,0.9488444924354553,0.4038608968257904,0,-1,1,144,1.0,2.0,144,0.6858643293380737,0,0.0,0,0.0,0,0.9645692706108093,0,5
SH,Mamba,137,3140,338,338,33.800000000000004,0.37457242608070374,0.6296136975288391,1.391784429550171,1.9383894205093384,0.558080792427063,0,-1,1,251,0.742603550295858,2.0,338,1.3067177534103394,0,0.0,0,0.0,0,3.0878171920776367,2,7
SH,Mamba,137,3141,136,136,13.600000000000001,0.25396472215652466,0.3479633927345276,2.217816114425659,2.49125075340271,0.44310489296913147,0,-1,0,0,0.0,2.0,136,3.690732479095459,0,0.0,0,0.0,0,1.1679229736328125,2,7
SH,Mamba,137,3142,270,270,27.0,0.3323186933994293,0.4117075204849243,4.2506866455078125,4.902235984802246,0.5910055637359619,0,-1,1,270,1.0,2.0,270,1.1673352718353271,0,0.0,0,0.0,0,9.965429306030273,1,6
SH,Mamba,137,3143,159,159,15.9,0.1507251113653183,0.18220800161361694,4.663793087005615,6.178197383880615,0.6939727067947388,0,-1,1,159,1.0,2.0,159,1.050357699394226,0,0.0,0,0.0,0,10.160371780395508,1,6
SH,Mamba,137,3144,342,342,34.2,0.2155214548110962,0.2810381352901459,0.9020193219184875,1.2145527601242065,0.33686184883117676,0,-1,1,322,0.9415204678362573,2.0,342,1.05813467502594,0,0.0,0,0.0,0,2.274653434753418,2,7
SH,Mamba,137,3145,652,652,65.2,0.14122486114501953,0.18179666996002197,1.4360936880111694,1.7574357986450195,0.13731034100055695,1,620,1,581,0.8911042944785276,2.0,620,0.0,0,0.0,0,0.0,0,0.0,2,7
SH,Mamba,137,3146,303,303,30.3,0.2471669763326645,0.3074339032173157,1.0356131792068481,1.2890822887420654,0.22249332070350647,0,-1,1,303,1.0,2.0,303,1.308308720588684,0,0.0,0,0.0,0,3.9808127880096436,1,6
SH,Mamba,137,3147,256,256,25.6,0.20615102350711823,0.23998424410820007,7.534698009490967,11.232173919677734,1.0254831314086914,0,-1,1,41,0.16015625,2.0,256,1.7938815355300903,0,0.0,0,0.0,0,48.35993576049805,1,6
SH,Mamba,137,3148,356,356,35.6,0.15435366332530975,0.19267624616622925,3.877978801727295,4.617037773132324,0.2438131421804428,0,-1,1,356,1.0,2.0,356,0.9282132983207703,0,0.0,0,0.0,0,2.72050142288208,1,6
SH,Mamba,137,3149,163,163,16.3,0.1918298453092575,0.2328687161207199,3.1508545875549316,3.9842615127563477,0.34256988763809204,0,-1,1,163,1.0,2.0,163,1.2079532146453857,0,0.0,0,0.0,0,14.023883819580078,2,7
SH,Mamba,137,3150,1143,1143,114.30000000000001,0.17793188989162445,0.2201504409313202,27.92401123046875,34.442481994628906,1.0602434873580933,0,-1,1,279,0.2440944881889764,2.0,1143,1.8771508932113647,0,0.0,0,0.0,0,44.57549285888672,1,6
SH,Mamba,137,3151,149,149,14.9,0.20526446402072906,0.26646390557289124,1.6349478960037231,2.1477770805358887,0.6006715297698975,0,-1,0,0,0.0,2.0,149,2.070831298828125,0,0.0,0,0.0,0,1.3638191223144531,0,5
SH,Mamba,137,3152,224,224,22.400000000000002,0.3368295729160309,0.522750973701477,2.250138521194458,2.6653146743774414,0.6133193969726562,0,-1,1,224,1.0,2.0,224,1.6028636693954468,0,0.0,0,0.0,0,21.332599639892578,2,7
SH,Mamba,137,3153,659,659,65.9,0.3475956618785858,0.45734766125679016,1.42331063747406,1.7914084196090698,0.445146381855011,0,-1,1,576,0.874051593323217,2.0,659,1.310424566268921,0,0.0,0,0.0,0,4.752479553222656,0,5
SH,Mamba,137,3154,172,172,17.2,0.5419853329658508,0.6414023637771606,4.525325775146484,5.951095104217529,1.2262816429138184,0,-1,0,0,0.0,2.0,172,2.099224328994751,0,0.0,0,0.0,0,3.102447509765625,0,5
SH,Mamba,137,3155,340,340,34.0,0.25399771332740784,0.32585394382476807,2.4672155380249023,2.952289342880249,0.465770959854126,0,-1,1,340,1.0,2.0,340,1.186638355255127,0,0.0,0,0.0,0,8.346090316772461,2,7
SH,Mamba,137,3156,234,234,23.400000000000002,0.2654353380203247,0.3106873631477356,6.416975021362305,9.543097496032715,1.5499374866485596,0,-1,0,0,0.0,2.0,234,3.650510549545288,0,0.0,0,0.0,0,14.548246383666992,0,5
SH,Mamba,137,3157,331,331,33.1,0.24367527663707733,0.3141331970691681,0.9120051860809326,1.0829155445098877,0.31312382221221924,0,-1,1,331,1.0,2.0,331,1.1984243392944336,0,0.0,0,0.0,0,12.199909210205078,1,6
SH,Mamba,137,3158,373,373,37.300000000000004,0.2780908942222595,0.3511422574520111,1.4316991567611694,1.781715989112854,0.6060162782669067,1,225,1,225,0.6032171581769437,2.0,225,0.0,0,0.0,0,0.0,0,0.0,2,7
SH,Mamba,137,3159,331,331,33.1,0.17737767100334167,0.23918071389198303,4.973302364349365,6.05155086517334,0.30635443329811096,0,-1,1,331,1.0,2.0,331,1.3475501537322998,0,0.0,0,0.0,0,22.32061767578125,2,7
SH,Mamba,137,3160,173,173,17.3,0.3737553358078003,0.5080240964889526,5.769273281097412,6.847087860107422,0.6493191719055176,0,-1,1,173,1.0,2.0,173,0.3458014726638794,0,0.0,0,0.0,0,3.7691776752471924,0,5
SH,Mamba,137,3161,240,240,24.0,0.25884369015693665,0.36161211133003235,2.483593463897705,3.3606832027435303,0.6280420422554016,0,-1,1,240,1.0,2.0,240,0.8155593276023865,0,0.0,0,0.0,0,13.732227325439453,2,7
SH,Mamba,137,3162,1987,1987,198.70000000000002,0.2677140235900879,0.34970802068710327,10.51473331451416,11.597212791442871,0.42925307154655457,0,-1,1,1987,1.0,2.0,1987,0.49062541127204895,0,0.0,0,0.0,0,4.029414176940918,0,5
SH,Mamba,137,3163,190,190,19.0,0.245794877409935,0.2996072471141815,2.388256788253784,2.6771128177642822,0.4211568832397461,0,-1,1,190,1.0,2.0,190,1.5722893476486206,0,0.0,0,0.0,0,8.92483139038086,2,7
SH,Mamba,137,3164,344,344,34.4,0.14602552354335785,0.18807826936244965,21.104768753051758,26.62364387512207,1.328722357749939,0,-1,0,0,0.0,2.0,344,3.6865715980529785,0,0.0,0,0.0,0,51.21894836425781,2,7
SH,Mamba,137,3165,174,174,17.400000000000002,0.3880651593208313,0.4741678833961487,1.9523963928222656,2.0808351039886475,0.3201877176761627,0,-1,1,174,1.0,2.0,174,0.5598535537719727,0,0.0,0,0.0,0,2.129087209701538,0,5
SH,Mamba,137,3166,237,237,23.700000000000003,0.2626044750213623,0.36288490891456604,4.147893905639648,5.390792369842529,0.5881983637809753,0,-1,1,237,1.0,2.0,237,0.03593901917338371,0,0.0,0,0.0,0,0.7249435186386108,1,6
SH,Mamba,137,3167,135,135,13.5,0.34365513920783997,0.41119566559791565,0.8339911699295044,0.9738547205924988,0.28959137201309204,0,-1,0,0,0.0,2.0,135,2.6089015007019043,0,0.0,0,0.0,0,5.046436786651611,1,6
SH,Mamba,137,3168,191,191,19.1,0.1708274930715561,0.19494739174842834,1.0649558305740356,1.2982068061828613,0.34942466020584106,0,-1,1,191,1.0,2.0,191,0.4905625581741333,0,0.0,0,0.0,0,8.212347984313965,1,6
SH,Mamba,137,3169,264,264,26.400000000000002,0.30001401901245117,0.3838764727115631,0.814582884311676,0.9530622363090515,0.2598728537559509,0,-1,1,264,1.0,2.0,264,0.8088338375091553,0,0.0,0,0.0,0,1.438970685005188,2,7
SH,Mamba,137,3170,821,821,82.10000000000001,0.23811496794223785,0.2996361553668976,15.028658866882324,16.207595825195312,0.8622265458106995,0,-1,1,821,1.0,2.0,821,0.7596950531005859,0,0.0,0,0.0,0,9.89860725402832,0,5
SH,Mamba,137,3171,175,175,17.5,0.6318946480751038,0.933263897895813,11.086959838867188,16.023252487182617,2.53515625,0,-1,1,18,0.10285714285714286,2.0,175,1.9714425802230835,0,0.0,0,0.0,0,15.3551025390625,0,5
SH,Mamba,137,3172,324,324,32.4,0.4554995894432068,0.5338507294654846,5.490370750427246,6.525087833404541,0.7208545207977295,0,-1,1,324,1.0,2.0,324,0.7773512601852417,0,0.0,0,0.0,0,13.058136940002441,1,6
SH,Mamba,137,3173,299,299,29.900000000000002,0.3141401410102844,0.3579258620738983,12.08476734161377,16.623332977294922,1.1277669668197632,0,-1,1,299,1.0,2.0,299,1.2449891567230225,0,0.0,0,0.0,0,5.91864538192749,2,7
SH,Mamba,137,3174,251,251,25.1,0.4519205689430237,0.6293538808822632,2.388258457183838,2.9984524250030518,0.7304644584655762,0,-1,1,190,0.7569721115537849,2.0,251,1.3514963388442993,0,0.0,0,0.0,0,3.729039192199707,0,5
SH,Mamba,137,3175,132,132,13.200000000000001,0.29748931527137756,0.37936803698539734,1.0815131664276123,1.1611217260360718,0.2506437599658966,0,-1,0,0,0.0,2.0,132,2.9038867950439453,0,0.0,0,0.0,0,4.396311283111572,2,7
SH,Mamba,137,3176,246,246,24.6,0.2808254063129425,0.35890528559684753,1.0000157356262207,1.2123098373413086,0.3579884469509125,0,-1,1,241,0.9796747967479674,2.0,246,0.000988382613286376,0,0.0,0,0.0,0,0.00034015998244285583,1,6
SH,Mamba,137,3177,374,374,37.4,0.5186808109283447,0.6063088774681091,14.790413856506348,15.941145896911621,1.1958293914794922,0,-1,0,0,0.0,2.0,374,2.1170051097869873,0,0.0,0,0.0,0,24.725013732910156,2,7
SH,Mamba,137,3178,836,836,83.60000000000001,0.28423184156417847,0.38677865266799927,8.886200904846191,9.35442066192627,0.4828149080276489,0,-1,1,785,0.9389952153110048,2.0,836,1.0308748483657837,0,0.0,0,0.0,0,14.76003646850586,1,6
SH,Mamba,137,3179,275,275,27.5,0.4430530071258545,0.5323379039764404,32.8446159362793,47.70930480957031,4.148248195648193,0,-1,0,0,0.0,2.0,275,2.9609882831573486,0,0.0,0,0.0,0,9.101008415222168,2,7
SH,Mamba,137,3180,180,180,18.0,0.6400756239891052,0.7952109575271606,4.602799415588379,6.322726726531982,1.9876493215560913,0,-1,1,28,0.15555555555555556,2.0,180,1.9502604007720947,0,0.0,0,0.0,0,15.823041915893555,0,5
SH,Mamba,137,3181,211,211,21.1,0.20677781105041504,0.25565746426582336,1.1963207721710205,1.508750081062317,0.33292850852012634,0,-1,1,74,0.35071090047393366,2.0,211,1.7307831048965454,0,0.0,0,0.0,0,37.57015609741211,0,5
SH,Mamba,137,3182,154,154,15.4,0.40152204036712646,0.5031253695487976,2.5313360691070557,3.550346851348877,0.5127146244049072,0,-1,1,154,1.0,2.0,154,0.9958299994468689,0,0.0,0,0.0,0,7.381184101104736,1,6
SH,Mamba,137,3183,167,167,16.7,0.16719059646129608,0.21760082244873047,5.035141944885254,6.032144069671631,0.6303332448005676,0,-1,1,167,1.0,2.0,167,0.5593523383140564,0,0.0,0,0.0,0,4.434555530548096,1,6
SH,Mamba,137,3184,341,341,34.1,0.276317298412323,0.3399299085140228,8.266566276550293,9.563011169433594,0.6540720462799072,0,-1,1,341,1.0,2.0,341,0.9081869125366211,0,0.0,0,0.0,0,3.344870090484619,2,7
SH,Mamba,137,3185,169,169,16.900000000000002,0.38354358077049255,0.49058231711387634,2.3602921962738037,2.80124831199646,0.7377135753631592,0,-1,1,127,0.7514792899408284,2.0,169,1.406284213066101,0,0.0,0,0.0,0,1.4054598808288574,0,5
SH,Mamba,137,3186,259,259,25.900000000000002,0.3774174153804779,0.43600285053253174,4.37178373336792,5.128515243530273,0.873431384563446,0,-1,0,0,0.0,2.0,259,2.1607141494750977,0,0.0,0,0.0,0,13.670355796813965,0,5
SH,Mamba,137,3187,547,547,54.7,0.2657686471939087,0.3421562910079956,2.6568753719329834,4.354015350341797,0.4441574811935425,1,496,1,359,0.6563071297989032,2.0,496,0.0,0,0.0,0,0.0,0,0.0,2,7
SH,Mamba,137,3188,202,202,20.200000000000003,0.20928511023521423,0.24302980303764343,3.2623414993286133,3.6650197505950928,0.4522756040096283,0,-1,1,93,0.4603960396039604,2.0,202,1.2770832777023315,0,0.0,0,0.0,0,36.94609069824219,2,7
SH,Mamba,137,3189,196,196,19.6,0.2102905511856079,0.23665264248847961,9.258893013000488,11.717630386352539,1.302858591079712,0,-1,0,0,0.0,2.0,196,2.239408493041992,0,0.0,0,0.0,0,27.348325729370117,2,7
SH,Mamba,137,3190,144,144,14.4,0.33248627185821533,0.44329121708869934,2.0681376457214355,2.36442494392395,0.3552141785621643,0,-1,1,144,1.0,2.0,144,0.49513936042785645,0,0.0,0,0.0,0,3.890153646469116,1,6
SH,Mamba,137,3191,266,266,26.6,0.2299938201904297,0.2910033166408539,6.305445194244385,7.358264446258545,0.728905439376831,0,-1,1,266,1.0,2.0,266,0.8403404951095581,0,0.0,0,0.0,0,15.668667793273926,2,7
SH,Mamba,137,3192,329,329,32.9,0.5408461093902588,0.6958720088005066,9.350715637207031,10.453527450561523,0.6905899047851562,0,-1,1,323,0.9817629179331308,2.0,329,1.437760591506958,0,0.0,0,0.0,0,3.825313091278076,1,6
SH,Mamba,137,3193,408,408,40.800000000000004,0.277319073677063,0.34416085481643677,1.8217886686325073,2.6192502975463867,0.67806476354599,0,-1,1,408,1.0,2.0,408,1.2601197957992554,0,0.0,0,0.0,0,6.124094009399414,1,6
SH,Mamba,137,3194,493,493,49.300000000000004,0.3369342088699341,0.4295395612716675,1.781869649887085,2.630920648574829,0.4459736943244934,0,-1,1,52,0.10547667342799188,2.0,493,1.7864481210708618,0,0.0,0,0.0,0,5.489113807678223,1,6
SH,Mamba,137,3195,352,352,35.2,0.38929131627082825,0.4982578158378601,1.5256770849227905,2.2731966972351074,0.625622570514679,0,-1,1,352,1.0,2.0,352,1.1910077333450317,0,0.0,0,0.0,0,10.332432746887207,2,7
SH,Mamba,137,3196,858,858,85.80000000000001,0.23184598982334137,0.29428723454475403,5.036189556121826,5.892953395843506,0.6015414595603943,0,-1,1,209,0.24358974358974358,2.0,858,1.5805621147155762,0,0.0,0,0.0,0,2.362339735031128,1,6
SH,Mamba,137,3197,369,369,36.9,0.2754107117652893,0.3489775061607361,2.7481894493103027,3.687760591506958,0.5555262565612793,0,-1,1,369,1.0,2.0,369,0.8108105659484863,0,0.0,0,0.0,0,10.538780212402344,0,5
SH,Mamba,137,3198,192,192,19.200000000000003,0.32055965065956116,0.37239575386047363,4.347603797912598,5.5470805168151855,0.6808433532714844,0,-1,1,192,1.0,2.0,192,1.0450060367584229,0,0.0,0,0.0,0,14.292542457580566,0,5
SH,Mamba,137,3199,329,329,32.9,0.19209174811840057,0.24142898619174957,4.634424209594727,5.848206043243408,0.44106170535087585,0,-1,1,316,0.9604863221884499,2.0,329,1.4771403074264526,0,0.0,0,0.0,0,23.451377868652344,2,7
SH,Mamba,137,3200,145,145,14.5,0.13932010531425476,0.1842450201511383,2.6896612644195557,4.017574787139893,0.6379653215408325,0,-1,1,26,0.1793103448275862,2.0,145,1.9236674308776855,0,0.0,0,0.0,0,7.135793209075928,1,6
SH,Mamba,137,3201,285,285,28.5,0.21533258259296417,0.2799721658229828,0.992908239364624,1.126713514328003,0.20166680216789246,1,279,1,274,0.9614035087719298,2.0,279,0.0,0,0.0,0,0.0,0,0.0,0,5
SH,Mamba,137,3202,339,339,33.9,0.20622466504573822,0.26806628704071045,8.403608322143555,10.139642715454102,0.6945431232452393,0,-1,1,254,0.7492625368731564,2.0,339,1.4286580085754395,0,0.0,0,0.0,0,5.503901958465576,2,7
SH,Mamba,137,3203,171,171,17.1,0.4641847610473633,0.5769368410110474,4.639853477478027,5.635908603668213,0.9178621172904968,0,-1,1,171,1.0,2.0,171,0.7084048986434937,0,0.0,0,0.0,0,0.14362585544586182,1,6
SH,Mamba,137,3204,147,147,14.700000000000001,0.40809366106987,0.4654456079006195,0.6147023439407349,0.772746205329895,0.45168304443359375,0,-1,1,147,1.0,2.0,147,0.36857733130455017,0,0.0,0,0.0,0,2.7074778079986572,2,7
SH,Mamba,137,3205,388,388,38.800000000000004,0.3770010769367218,0.5448698401451111,1.5820748805999756,1.8565165996551514,0.36238357424736023,0,-1,1,324,0.8350515463917526,2.0,388,1.0352799892425537,0,0.0,0,0.0,0,1.4024447202682495,1,6
SH,Mamba,137,3206,277,277,27.700000000000003,0.10082434862852097,0.16302603483200073,2.748000383377075,3.774381160736084,0.47978347539901733,0,-1,1,107,0.3862815884476534,2.0,277,0.9681063890457153,0,0.0,0,0.0,0,25.19013786315918,1,6
SH,Mamba,137,3207,464,464,46.400000000000006,0.49982717633247375,0.6630216240882874,5.473145961761475,6.559662818908691,3.38015079498291,1,147,1,147,0.3168103448275862,2.0,147,0.0,0,0.0,0,0.0,0,0.0,1,6
SH,Mamba,137,3208,416,416,41.6,0.18820509314537048,0.23623909056186676,2.8295793533325195,3.1956536769866943,0.18256013095378876,0,-1,1,416,1.0,2.0,416,0.7076274752616882,0,0.0,0,0.0,0,3.8251218795776367,0,5
SH,Mamba,137,3209,464,464,46.400000000000006,0.3173559904098511,0.41078853607177734,4.310614109039307,4.666694641113281,0.5605418682098389,0,-1,0,0,0.0,2.0,464,2.075793981552124,0,0.0,0,0.0,0,9.388069152832031,2,7
SH,Mamba,137,3210,149,149,14.9,0.32320135831832886,0.41148126125335693,1.2636560201644897,1.474731683731079,0.37717899680137634,0,-1,1,128,0.8590604026845637,2.0,149,0.7588308453559875,0,0.0,0,0.0,0,5.977574825286865,1,6
SH,Mamba,137,3211,189,189,18.900000000000002,0.4027545750141144,0.5689241290092468,1.1764538288116455,1.5792768001556396,0.5376662015914917,0,-1,1,189,1.0,2.0,189,1.3990403413772583,0,0.0,0,0.0,0,1.4947510957717896,2,7
SH,Mamba,137,3212,385,385,38.5,0.41081514954566956,0.5127511620521545,10.273359298706055,13.82253360748291,0.9940946698188782,0,-1,1,266,0.6909090909090909,2.0,385,0.6967145204544067,0,0.0,0,0.0,0,6.0706095695495605,1,6
SH,Mamba,137,3213,532,532,53.2,0.21765895187854767,0.2847619652748108,2.173417806625366,2.793114423751831,0.3612673878669739,0,-1,1,531,0.9981203007518797,2.0,532,0.9552599191665649,0,0.0,0,0.0,0,5.342251777648926,0,5
SH,Mamba,137,3214,196,196,19.6,0.323255717754364,0.40752488374710083,1.1823301315307617,1.980697751045227,0.5859479904174805,0,-1,1,196,1.0,2.0,196,0.7628639936447144,0,0.0,0,0.0,0,5.832760810852051,0,5
SH,Mamba,137,3215,610,610,61.0,0.14650824666023254,0.18868331611156464,5.7406768798828125,6.390597343444824,0.42054975032806396,0,-1,1,255,0.4180327868852459,2.0,610,1.6220862865447998,0,0.0,0,0.0,0,20.213489532470703,0,5
SH,Mamba,137,3216,138,138,13.8,0.633821964263916,0.8713605403900146,3.0391557216644287,4.935678958892822,1.1000645160675049,0,-1,1,82,0.5942028985507246,2.0,138,1.5481528043746948,0,0.0,0,0.0,0,3.5699663162231445,0,5
SH,Mamba,137,3217,401,401,40.1,0.181862473487854,0.24115730822086334,1.9179468154907227,2.3772599697113037,0.29556313157081604,0,-1,1,72,0.17955112219451372,2.0,401,1.8826591968536377,0,0.0,0,0.0,0,1.4113643169403076,0,5
SH,Mamba,137,3218,240,240,24.0,0.23706287145614624,0.3024078607559204,0.5145158767700195,0.7616150379180908,0.18281765282154083,0,-1,1,205,0.8541666666666666,2.0,240,0.0448981337249279,0,0.0,0,0.0,0,0.012477165088057518,0,5
SH,Mamba,137,3219,158,158,15.8,0.26028862595558167,0.3188505172729492,0.9551868438720703,1.3432711362838745,0.29056766629219055,0,-1,1,76,0.4810126582278481,2.0,158,1.3421332836151123,0,0.0,0,0.0,0,0.7163054347038269,2,7
SH,Mamba,137,3220,173,173,17.3,0.215728759765625,0.2795802652835846,0.9576459527015686,1.229798674583435,0.2159348875284195,0,-1,0,0,0.0,2.0,173,2.2912302017211914,0,0.0,0,0.0,0,13.210296630859375,1,6
SH,Mamba,137,3221,209,209,20.900000000000002,0.14741794764995575,0.187117338180542,1.473107933998108,1.9346462488174438,0.40066125988960266,0,-1,1,178,0.8516746411483254,2.0,209,1.5288329124450684,0,0.0,0,0.0,0,24.097158432006836,1,6
SH,Mamba,137,3222,528,528,52.800000000000004,0.38429608941078186,0.5044136643409729,8.157230377197266,10.100414276123047,0.7953996658325195,0,-1,0,0,0.0,2.0,528,2.241187572479248,0,0.0,0,0.0,0,4.990673542022705,2,7
SH,Mamba,137,3223,295,295,29.5,0.2984654903411865,0.36138421297073364,3.81247878074646,5.0455217361450195,0.6364380121231079,1,291,1,291,0.9864406779661017,2.0,291,0.0,0,0.0,0,0.0,0,0.0,2,7
SH,Mamba,137,3224,174,174,17.400000000000002,0.09705694764852524,0.11731573194265366,1.3176724910736084,1.6990350484848022,0.22770965099334717,0,-1,1,174,1.0,2.0,174,1.410219669342041,0,0.0,0,0.0,0,14.125557899475098,1,6
SH,Mamba,137,3225,339,339,33.9,0.30035755038261414,0.37295132875442505,3.7607667446136475,4.104995250701904,0.4986999034881592,0,-1,1,284,0.8377581120943953,2.0,339,1.4460490942001343,0,0.0,0,0.0,0,5.995930194854736,0,5
SH,Mamba,137,3226,161,161,16.1,0.37346091866493225,0.4600617289543152,3.268134593963623,3.7173855304718018,0.4896550178527832,0,-1,1,128,0.7950310559006211,2.0,161,1.517081618309021,0,0.0,0,0.0,0,5.846437931060791,1,6
SH,Mamba,137,3227,379,379,37.9,0.2572035789489746,0.3454621136188507,8.998488426208496,10.347552299499512,0.534626841545105,0,-1,1,379,1.0,2.0,379,0.5742150545120239,0,0.0,0,0.0,0,8.862305641174316,2,7
SH,Mamba,137,3228,369,369,36.9,0.14772632718086243,0.19870561361312866,1.1644566059112549,1.3873270750045776,0.33583447337150574,0,-1,1,308,0.8346883468834688,2.0,369,1.3828922510147095,0,0.0,0,0.0,0,20.896404266357422,2,7
SH,Mamba,137,3229,276,276,27.6,0.43884366750717163,0.5506734251976013,3.822455406188965,5.283723831176758,0.9764019250869751,0,-1,1,255,0.9239130434782609,2.0,276,1.475512146949768,0,0.0,0,0.0,0,5.119704246520996,1,6
SH,Mamba,137,3230,236,236,23.6,0.3327685296535492,0.38694652915000916,27.7388973236084,34.85731506347656,2.8357152938842773,0,-1,0,0,0.0,2.0,236,3.5449798107147217,0,0.0,0,0.0,0,55.869140625,2,7
SH,Mamba,137,3231,157,157,15.700000000000001,0.29730191826820374,0.33114296197891235,3.0811519622802734,3.6676623821258545,0.6574327349662781,0,-1,1,149,0.9490445859872612,2.0,157,0.677746593952179,0,0.0,0,0.0,0,18.33970832824707,0,5
SH,Mamba,137,3232,186,186,18.6,0.2710166871547699,0.3605501055717468,1.686843991279602,2.218358039855957,0.41701558232307434,0,-1,1,185,0.9946236559139785,2.0,186,1.273360252380371,0,0.0,0,0.0,0,6.380376815795898,2,7
SH,Mamba,137,3233,205,205,20.5,0.2653483748435974,0.350506454706192,3.5330989360809326,4.286393165588379,0.6941720247268677,0,-1,0,0,0.0,2.0,205,3.78711199760437,0,0.0,0,0.0,0,4.809038162231445,1,6
SH,Mamba,137,3234,985,985,98.5,0.2767177224159241,0.3501843512058258,3.726689338684082,4.638376235961914,0.416944682598114,0,-1,1,985,1.0,2.0,985,0.9636488556861877,0,0.0,0,0.0,0,13.36196231842041,1,6
SH,Mamba,137,3235,175,175,17.5,0.26601430773735046,0.38883066177368164,1.513689637184143,1.953739881515503,0.4592701494693756,0,-1,1,122,0.6971428571428572,2.0,175,0.6989092826843262,0,0.0,0,0.0,0,0.5670593976974487,1,6
SH,Mamba,137,3236,217,217,21.700000000000003,0.32436856627464294,0.4743141233921051,2.5647132396698,3.016937494277954,0.47147777676582336,0,-1,1,217,1.0,2.0,217,0.6489163041114807,0,0.0,0,0.0,0,8.175575256347656,0,5
SH,Mamba,137,3237,214,214,21.400000000000002,0.19605228304862976,0.25030598044395447,3.24674129486084,3.963507890701294,0.5773921012878418,0,-1,0,0,0.0,2.0,214,2.5450141429901123,0,0.0,0,0.0,0,4.326183795928955,2,7
SH,Mamba,137,3238,234,234,23.400000000000002,0.3073508143424988,0.36724528670310974,4.251186370849609,4.724091053009033,0.5014006495475769,0,-1,1,181,0.7735042735042735,2.0,234,1.751501202583313,0,0.0,0,0.0,0,8.737020492553711,1,6
SH,Mamba,137,3239,145,145,14.5,0.3178451955318451,0.36177077889442444,2.052107572555542,2.312936782836914,0.3622708022594452,0,-1,1,22,0.15172413793103448,2.0,145,1.9101935625076294,0,0.0,0,0.0,0,5.445021152496338,2,7
SH,Mamba,137,3240,362,362,36.2,0.1894092708826065,0.24634745717048645,4.38608980178833,5.050317764282227,0.4891441762447357,0,-1,1,70,0.19337016574585636,2.0,362,1.9313002824783325,0,0.0,0,0.0,0,2.582301378250122,1,6
SH,Mamba,137,3241,186,186,18.6,0.3194386959075928,0.3781135678291321,11.958983421325684,13.906635284423828,1.340344786643982,0,-1,1,48,0.25806451612903225,2.0,186,1.924670696258545,0,0.0,0,0.0,0,22.093128204345703,0,5
SH,Mamba,137,3242,185,185,18.5,0.2561812996864319,0.3931621015071869,3.214081048965454,3.7227094173431396,0.4669966399669647,0,-1,1,76,0.41081081081081083,2.0,185,1.8586214780807495,0,0.0,0,0.0,0,7.853415012359619,0,5
SH,Mamba,137,3243,162,162,16.2,0.33215615153312683,0.3872557580471039,1.9373500347137451,2.310364246368408,0.37923169136047363,0,-1,1,148,0.9135802469135802,2.0,162,1.4300378561019897,0,0.0,0,0.0,0,9.35279655456543,1,6
SH,Mamba,137,3244,133,133,13.3,0.4918670654296875,0.5838379859924316,1.945602297782898,2.34600567817688,0.8914963603019714,0,-1,1,20,0.15037593984962405,2.0,133,1.9438047409057617,0,0.0,0,0.0,0,3.1136069297790527,2,7
SH,Mamba,137,3245,334,334,33.4,0.3591099679470062,0.5342250466346741,4.77263879776001,5.880589485168457,0.5723152756690979,0,-1,1,334,1.0,2.0,334,1.0065196752548218,0,0.0,0,0.0,0,8.060009956359863,2,7
SH,Mamba,137,3246,318,318,31.8,0.3028799593448639,0.3792353570461273,4.492293834686279,5.252411842346191,0.503765344619751,0,-1,1,318,1.0,2.0,318,0.35435250401496887,0,0.0,0,0.0,0,7.0611114501953125,1,6
SH,Mamba,137,3247,247,247,24.700000000000003,0.27639323472976685,0.3540562093257904,3.4890120029449463,4.425218105316162,0.5528630614280701,0,-1,1,247,1.0,2.0,247,1.1125562191009521,0,0.0,0,0.0,0,4.929711818695068,2,7
SH,Mamba,137,3248,243,243,24.3,0.2750639021396637,0.34245702624320984,0.9301936030387878,1.126198649406433,0.2083713561296463,0,-1,1,179,0.7366255144032922,2.0,243,0.7522584199905396,0,0.0,0,0.0,0,1.0365328788757324,0,5
SH,Mamba,137,3249,156,156,15.600000000000001,0.29535791277885437,0.4061163067817688,2.692298412322998,3.1464486122131348,0.501521646976471,0,-1,1,156,1.0,2.0,156,0.7310187816619873,0,0.0,0,0.0,0,11.015758514404297,2,7
SH,Mamba,137,3250,447,447,44.7,0.24086831510066986,0.2884666323661804,5.4803290367126465,6.815664768218994,0.447500616312027,0,-1,1,447,1.0,2.0,447,1.2052550315856934,0,0.0,0,0.0,0,15.20285415649414,2,7
SH,Mamba,137,3251,172,172,17.2,0.3414996266365051,0.47253838181495667,0.8660904765129089,1.4907389879226685,0.38090136647224426,0,-1,0,0,0.0,2.0,172,2.9309921264648438,0,0.0,0,0.0,0,6.462069034576416,1,6
SH,Mamba,137,3252,200,200,20.0,0.2973417341709137,0.3800557851791382,4.386532783508301,5.049965858459473,0.6842235326766968,0,-1,0,0,0.0,2.0,200,2.1695148944854736,0,0.0,0,0.0,0,2.9616410732269287,1,6
SH,Mamba,137,3253,196,196,19.6,0.16582156717777252,0.2169729620218277,1.9688695669174194,2.6409480571746826,0.25044527649879456,0,-1,1,183,0.9336734693877551,2.0,196,1.4080508947372437,0,0.0,0,0.0,0,2.5737900733947754,1,6
SH,Mamba,137,3254,552,552,55.2,0.19667837023735046,0.2526959478855133,4.305172920227051,4.701359748840332,0.41238054633140564,0,-1,1,552,1.0,2.0,552,1.1232988834381104,0,0.0,0,0.0,0,17.00946617126465,0,5
SH,Mamba,137,3255,248,248,24.8,0.6120826005935669,0.7823304533958435,1.3199331760406494,1.5940228700637817,0.6527506113052368,0,-1,1,248,1.0,2.0,248,0.9371525645256042,0,0.0,0,0.0,0,2.1778488159179688,2,7
SH,Mamba,137,3256,136,136,13.600000000000001,0.20734107494354248,0.22868794202804565,2.8969216346740723,4.5656352043151855,0.9656519889831543,0,-1,0,0,0.0,2.0,136,2.376187801361084,0,0.0,0,0.0,0,31.78036880493164,0,5
SH,Mamba,137,3257,149,149,14.9,0.19066861271858215,0.24139751493930817,0.975723147392273,1.2585272789001465,0.33301421999931335,0,-1,0,0,0.0,2.0,149,3.9536662101745605,0,0.0,0,0.0,0,5.608136177062988,2,7
SH,Mamba,137,3258,167,167,16.7,0.21467380225658417,0.26342588663101196,1.4160064458847046,1.6046051979064941,0.26686525344848633,0,-1,0,0,0.0,2.0,167,2.4227402210235596,0,0.0,0,0.0,0,4.064295768737793,2,7
SH,Mamba,137,3259,248,248,24.8,0.1936163753271103,0.24884004890918732,0.7876712083816528,0.884100615978241,0.19428758323192596,0,-1,1,196,0.7903225806451613,2.0,248,1.4723562002182007,0,0.0,0,0.0,0,3.37027907371521,0,5
SH,Mamba,137,3260,306,306,30.6,0.45679783821105957,0.6160671710968018,10.913544654846191,20.239845275878906,0.7012089490890503,1,197,1,197,0.6437908496732027,2.0,197,0.0,0,0.0,0,0.0,0,0.0,2,7
SH,Mamba,137,3261,199,199,19.900000000000002,0.1759871542453766,0.20057667791843414,3.47902250289917,3.9578568935394287,0.47291702032089233,0,-1,0,0,0.0,2.0,199,2.0974884033203125,0,0.0,0,0.0,0,43.76995849609375,1,6
SH,Mamba,137,3262,220,220,22.0,0.12785005569458008,0.14867471158504486,1.6330238580703735,1.989029049873352,0.5003970265388489,0,-1,1,101,0.4590909090909091,2.0,220,1.6067497730255127,0,0.0,0,0.0,0,25.55963134765625,1,6
SH,Mamba,137,3263,679,679,67.9,0.2327539026737213,0.2913705110549927,14.905669212341309,20.429752349853516,0.634922981262207,0,-1,1,376,0.5537555228276878,2.0,679,0.5519789457321167,0,0.0,0,0.0,0,12.68064022064209,1,6
SH,Mamba,137,3264,164,164,16.400000000000002,0.42436501383781433,0.5293627977371216,4.876022815704346,5.5508623123168945,0.589105486869812,1,148,1,148,0.9024390243902439,2.0,148,0.0,0,0.0,0,0.0,0,0.0,0,5
SH,Mamba,137,3265,412,412,41.2,0.3507913649082184,0.6960791945457458,5.55949068069458,7.108019828796387,0.7233599424362183,0,-1,1,409,0.9927184466019418,2.0,412,0.12410037219524384,0,0.0,0,0.0,0,0.5244390964508057,2,7
SH,Mamba,137,3266,1275,1275,127.5,0.3195837736129761,0.4004111886024475,2.6066315174102783,3.839853286743164,0.41780024766921997,0,-1,1,1275,1.0,2.0,1275,0.8523108959197998,0,0.0,0,0.0,0,3.776369571685791,0,5
SH,Mamba,137,3267,224,224,22.400000000000002,0.2965599596500397,0.3935620188713074,1.705185890197754,1.9598848819732666,0.372631698846817,0,-1,1,218,0.9732142857142857,2.0,224,0.5526061058044434,0,0.0,0,0.0,0,0.367563396692276,0,5
SH,Mamba,137,3268,186,186,18.6,0.13696306943893433,0.17906881868839264,10.755643844604492,13.522872924804688,1.4362270832061768,0,-1,1,59,0.3172043010752688,2.0,186,0.7921065092086792,0,0.0,0,0.0,0,16.61991310119629,1,6
SH,Mamba,137,3269,243,243,24.3,0.1962316781282425,0.23847706615924835,1.44485342502594,1.9959633350372314,0.22982759773731232,0,-1,1,230,0.9465020576131687,2.0,243,1.3187968730926514,0,0.0,0,0.0,0,5.450793266296387,1,6
SH,Mamba,137,3270,153,153,15.3,0.16316333413124084,0.19233755767345428,4.561299800872803,6.303396224975586,0.8226646184921265,0,-1,1,153,1.0,2.0,153,1.3902524709701538,0,0.0,0,0.0,0,12.30331039428711,1,6
SH,Mamba,137,3271,254,254,25.400000000000002,0.30326583981513977,0.36593085527420044,2.4486148357391357,2.7413699626922607,0.36785048246383667,0,-1,1,24,0.09448818897637795,2.0,254,1.912788987159729,0,0.0,0,0.0,0,3.574881076812744,0,5
SH,Mamba,137,3272,239,239,23.900000000000002,0.2336263507604599,0.34270864725112915,0.9387580752372742,1.0957903861999512,0.18209382891654968,0,-1,1,157,0.6569037656903766,2.0,239,1.434902310371399,0,0.0,0,0.0,0,1.6541023254394531,1,6
SH,Mamba,137,3273,173,173,17.3,0.12064040452241898,0.1429014652967453,1.1414092779159546,1.3890365362167358,0.4076908528804779,0,-1,1,173,1.0,2.0,173,1.5892863273620605,0,0.0,0,0.0,0,31.107778549194336,2,7
SH,Mamba,137,3274,188,188,18.8,0.3857806622982025,0.458785742521286,1.8053239583969116,2.069537878036499,0.44380199909210205,0,-1,1,188,1.0,2.0,188,1.6996101140975952,0,0.0,0,0.0,0,10.224335670471191,2,7
SH,Mamba,137,3275,146,146,14.600000000000001,0.2579020857810974,0.29889336228370667,5.132768630981445,6.2329912185668945,0.7900415658950806,0,-1,1,146,1.0,2.0,146,0.25470805168151855,0,0.0,0,0.0,0,4.64180850982666,2,7
SH,Mamba,137,3276,175,175,17.5,0.30976182222366333,0.3969472646713257,9.960850715637207,12.3685302734375,1.0900874137878418,0,-1,0,0,0.0,2.0,175,2.1030988693237305,0,0.0,0,0.0,0,8.523550987243652,2,7
SH,Mamba,137,3277,139,139,13.9,0.3270469903945923,0.41392865777015686,0.7156918048858643,0.8565420508384705,0.45996686816215515,0,-1,1,139,1.0,2.0,139,1.1127465963363647,0,0.0,0,0.0,0,3.519289970397949,0,5
SH,Mamba,137,3278,590,590,59.0,0.20834402740001678,0.2661447525024414,1.6873279809951782,2.0811145305633545,0.3900601267814636,0,-1,1,441,0.747457627118644,2.0,590,1.362505555152893,0,0.0,0,0.0,0,7.432007312774658,2,7
SH,Mamba,137,3279,155,155,15.5,0.20168323814868927,0.23749814927577972,0.829343855381012,0.9913163781166077,0.1594853401184082,0,-1,1,89,0.5741935483870968,2.0,155,1.83344304561615,0,0.0,0,0.0,0,2.5497727394104004,0,5
SH,Mamba,137,3280,338,338,33.800000000000004,0.28053250908851624,0.34236761927604675,10.099863052368164,11.111564636230469,0.8012725114822388,0,-1,1,227,0.6715976331360947,2.0,338,1.3149752616882324,0,0.0,0,0.0,0,8.458541870117188,0,5
SH,Mamba,137,3281,145,145,14.5,0.2967400848865509,0.3971148729324341,5.595999240875244,7.830619812011719,1.1395187377929688,0,-1,0,0,0.0,2.0,145,2.568509340286255,0,0.0,0,0.0,0,38.603580474853516,0,5
SH,Mamba,137,3282,246,246,24.6,0.23650164902210236,0.29639577865600586,21.372163772583008,25.21070098876953,1.6722997426986694,0,-1,1,246,1.0,2.0,246,0.5265052318572998,0,0.0,0,0.0,0,9.161983489990234,2,7
SH,Mamba,137,3283,198,198,19.8,0.1503518968820572,0.2027215212583542,9.420456886291504,12.483113288879395,1.3613306283950806,0,-1,0,0,0.0,2.0,198,4.08725118637085,0,0.0,0,0.0,0,90.61840057373047,0,5
SH,Mamba,137,3284,294,294,29.400000000000002,0.4373932480812073,0.5461700558662415,35.391639709472656,41.38844299316406,2.665830612182617,0,-1,0,0,0.0,2.0,294,3.5194668769836426,0,0.0,0,0.0,0,32.081695556640625,2,7
SH,Mamba,137,3285,234,234,23.400000000000002,0.34768569469451904,0.4941597878932953,3.26007342338562,4.476016044616699,0.5930265188217163,0,-1,1,234,1.0,2.0,234,0.9864077568054199,0,0.0,0,0.0,0,15.104907035827637,2,7
SH,Mamba,137,3286,530,530,53.0,0.4148022532463074,0.5561068654060364,11.482039451599121,15.721577644348145,1.4171620607376099,0,-1,0,0,0.0,2.0,530,2.496757745742798,0,0.0,0,0.0,0,2.2539055347442627,0,5
SH,Mamba,137,3287,306,306,30.6,0.4177936315536499,0.5350348353385925,9.548039436340332,11.154361724853516,1.1541656255722046,0,-1,0,0,0.0,2.0,306,2.357570171356201,0,0.0,0,0.0,0,4.663624286651611,0,5
SH,Mamba,137,3288,231,231,23.1,0.25703051686286926,0.31815001368522644,6.839178562164307,7.634743690490723,0.7659980058670044,0,-1,1,214,0.9264069264069265,2.0,231,1.3090006113052368,0,0.0,0,0.0,0,0.8807684779167175,2,7
SH,Mamba,137,3289,159,159,15.9,0.38116395473480225,0.5736197829246521,5.193351745605469,6.064324378967285,0.8893647789955139,0,-1,0,0,0.0,2.0,159,2.4739458560943604,0,0.0,0,0.0,0,8.075630187988281,2,7
SH,Mamba,137,3290,156,156,15.600000000000001,0.2150954008102417,0.30471885204315186,2.46216082572937,2.743257999420166,0.3124845027923584,0,-1,1,105,0.6730769230769231,2.0,156,1.8708540201187134,0,0.0,0,0.0,0,6.139347076416016,0,5
SH,Mamba,137,3291,1271,1271,127.10000000000001,0.257650762796402,0.3357776701450348,0.9001871347427368,1.098384141921997,0.28469064831733704,0,-1,1,1256,0.988198269079465,2.0,1271,0.877888023853302,0,0.0,0,0.0,0,2.9754457473754883,1,6
SH,Mamba,137,3292,159,159,15.9,0.25139179825782776,0.47794219851493835,0.7011837363243103,0.8913431167602539,0.3817291259765625,0,-1,1,51,0.32075471698113206,2.0,159,1.7069756984710693,0,0.0,0,0.0,0,19.621097564697266,0,5
SH,Mamba,137,3293,247,247,24.700000000000003,0.6517030000686646,0.7768601179122925,12.801054000854492,15.486679077148438,1.93659508228302,0,-1,1,247,1.0,2.0,247,0.6234010457992554,0,0.0,0,0.0,0,1.544319748878479,0,5
SH,Mamba,137,3294,474,474,47.400000000000006,0.3352665901184082,0.4813697338104248,1.5690972805023193,1.962533950805664,0.5032504796981812,0,-1,1,228,0.4810126582278481,2.0,474,1.6837098598480225,0,0.0,0,0.0,0,9.392959594726562,2,7
SH,Mamba,137,3295,140,140,14.0,0.2520737051963806,0.3665924072265625,7.324728012084961,9.264017105102539,1.2038650512695312,0,-1,0,0,0.0,2.0,140,2.3009190559387207,0,0.0,0,0.0,0,30.855480194091797,1,6
SH,Mamba,137,3296,194,194,19.400000000000002,0.4063257873058319,0.4969962537288666,2.6839921474456787,3.0426411628723145,0.434419184923172,0,-1,1,99,0.5103092783505154,2.0,194,1.7452713251113892,0,0.0,0,0.0,0,5.9355645179748535,0,5
SH,Mamba,137,3297,714,714,71.4,0.19739630818367004,0.26195746660232544,2.428447961807251,2.974477529525757,0.4032021760940552,0,-1,1,714,1.0,2.0,714,0.9394408464431763,0,0.0,0,0.0,0,4.331850528717041,1,6
SH,Mamba,137,3298,159,159,15.9,0.2381114363670349,0.3105374872684479,1.7643741369247437,2.3345541954040527,0.7115179300308228,0,-1,1,61,0.3836477987421384,2.0,159,1.889457106590271,0,0.0,0,0.0,0,18.508472442626953,1,6
SH,Mamba,137,3299,530,530,53.0,0.25148868560791016,0.3104235529899597,7.674286365509033,8.905557632446289,0.8986063599586487,0,-1,1,65,0.12264150943396226,2.0,530,1.7384345531463623,0,0.0,0,0.0,0,29.43899154663086,1,6
SH,Mamba,137,3300,138,138,13.8,0.1738789975643158,0.23026441037654877,1.1676628589630127,1.573051929473877,0.3160876929759979,0,-1,1,128,0.927536231884058,2.0,138,1.6381864547729492,0,0.0,0,0.0,0,7.067168235778809,1,6
SH,Mamba,137,3301,340,340,34.0,0.30549514293670654,0.38241827487945557,1.1947604417800903,1.3478766679763794,0.35605090856552124,0,-1,1,340,1.0,2.0,340,0.6665241122245789,0,0.0,0,0.0,0,0.7157473564147949,0,5
SH,Mamba,137,3302,481,481,48.1,0.2265937328338623,0.2974490225315094,3.210818290710449,5.077479839324951,0.679133951663971,0,-1,1,120,0.2494802494802495,2.0,481,1.6483224630355835,0,0.0,0,0.0,0,12.759620666503906,1,6
SH,Mamba,137,3303,454,454,45.400000000000006,0.32568785548210144,0.42066070437431335,2.915780544281006,4.011637210845947,0.5524862408638,0,-1,1,377,0.8303964757709251,2.0,454,1.1984449625015259,0,0.0,0,0.0,0,1.242826223373413,1,6
SH,Mamba,137,3304,154,154,15.4,0.44223397970199585,0.6463994979858398,2.3793833255767822,3.5785229206085205,0.9118266105651855,0,-1,1,154,1.0,2.0,154,1.4352351427078247,0,0.0,0,0.0,0,3.5435144901275635,2,7
SH,Mamba,137,3305,246,246,24.6,0.24162836372852325,0.2734619379043579,12.053933143615723,13.771562576293945,0.7996566295623779,0,-1,0,0,0.0,2.0,246,2.0065903663635254,0,0.0,0,0.0,0,28.35807228088379,0,5
SH,Mamba,137,3306,1121,1121,112.10000000000001,0.26908183097839355,0.3755006492137909,2.6477835178375244,3.3356075286865234,0.43813443183898926,0,-1,1,1110,0.9901873327386262,2.0,1121,1.0206044912338257,0,0.0,0,0.0,0,2.186950206756592,1,6
SH,Mamba,137,3307,479,479,47.900000000000006,0.15648040175437927,0.19536520540714264,3.490095376968384,4.962793827056885,0.5189589262008667,0,-1,1,479,1.0,2.0,479,0.8499013185501099,0,0.0,0,0.0,0,13.073747634887695,0,5
SH,Mamba,137,3308,304,304,30.400000000000002,0.34598883986473083,0.44060105085372925,3.5636708736419678,4.202557563781738,0.5231966376304626,0,-1,1,304,1.0,2.0,304,0.6509373784065247,0,0.0,0,0.0,0,11.645343780517578,2,7
SH,Mamba,137,3309,163,163,16.3,0.11637336760759354,0.18117444217205048,0.8849482536315918,1.0533720254898071,0.07813878357410431,0,-1,1,87,0.5337423312883436,2.0,163,1.2499582767486572,0,0.0,0,0.0,0,0.298662394285202,0,5
SH,Mamba,137,3310,171,171,17.1,0.3244304656982422,0.4343309998512268,0.8792451620101929,1.0508354902267456,0.49396252632141113,0,-1,1,171,1.0,2.0,171,1.3230341672897339,0,0.0,0,0.0,0,8.459463119506836,2,7
SH,Mamba,137,3311,187,187,18.7,0.36350253224372864,0.5029612183570862,0.5423943400382996,1.0718715190887451,0.4707130789756775,0,-1,1,180,0.9625668449197861,2.0,187,1.3061375617980957,0,0.0,0,0.0,0,5.1219892501831055,2,7
SH,Mamba,137,3312,193,193,19.3,0.24708834290504456,0.30761101841926575,4.8940558433532715,6.288328647613525,0.6465650796890259,0,-1,1,21,0.10880829015544041,2.0,193,1.7856464385986328,0,0.0,0,0.0,0,24.924148559570312,1,6
SH,Mamba,137,3313,311,311,31.1,0.263963907957077,0.32647791504859924,2.3562395572662354,2.8682994842529297,0.41482120752334595,0,-1,1,31,0.09967845659163987,2.0,311,1.9821486473083496,0,0.0,0,0.0,0,23.249549865722656,1,6
SH,Mamba,137,3314,158,158,15.8,0.46892687678337097,0.6347303986549377,1.181012749671936,1.6249480247497559,0.5673983693122864,0,-1,1,158,1.0,2.0,158,0.29410359263420105,0,0.0,0,0.0,0,2.0273473262786865,0,5
SH,Mamba,137,3315,1228,1228,122.80000000000001,0.32164323329925537,0.4240161180496216,3.4485507011413574,4.244686603546143,0.3925464153289795,0,-1,1,1228,1.0,2.0,1228,1.061910629272461,0,0.0,0,0.0,0,1.754546880722046,0,5
SH,Mamba,137,3316,280,280,28.0,0.32246214151382446,0.4421594738960266,1.7706743478775024,2.14321231842041,0.45523908734321594,0,-1,1,280,1.0,2.0,280,0.775957465171814,0,0.0,0,0.0,0,9.216426849365234,0,5
SH,Mamba,137,3317,195,195,19.5,0.19510208070278168,0.23787033557891846,1.838291883468628,3.0940239429473877,0.7010691165924072,0,-1,1,195,1.0,2.0,195,1.1630014181137085,0,0.0,0,0.0,0,14.027288436889648,2,7
SH,Mamba,137,3318,442,442,44.2,0.2880719006061554,0.3726552724838257,4.946896553039551,6.127743244171143,0.5784182548522949,0,-1,1,432,0.9773755656108597,2.0,442,1.049206018447876,0,0.0,0,0.0,0,6.271446704864502,2,7
SH,Mamba,137,3319,253,253,25.3,0.3509492576122284,0.4302946925163269,2.2442641258239746,2.758803129196167,0.6011403203010559,0,-1,1,209,0.8260869565217391,2.0,253,1.551176905632019,0,0.0,0,0.0,0,12.795404434204102,0,5
SH,Mamba,137,3320,175,175,17.5,0.32493939995765686,0.4257868826389313,3.871037006378174,4.2367262840271,0.5948255062103271,0,-1,0,0,0.0,2.0,175,2.4062278270721436,0,0.0,0,0.0,0,8.142720222473145,0,5
SH,Mamba,137,3321,288,288,28.8,0.3742414712905884,0.45238640904426575,1.8170337677001953,2.8492705821990967,0.5444821119308472,0,-1,1,288,1.0,2.0,288,1.2787472009658813,0,0.0,0,0.0,0,17.475757598876953,0,5
SH,Mamba,137,3322,329,329,32.9,0.25106438994407654,0.30862894654273987,4.813163757324219,5.601047039031982,0.4770543873310089,1,285,1,285,0.8662613981762918,2.0,285,0.0,0,0.0,0,0.0,0,0.0,0,5
SH,Mamba,137,3323,135,135,13.5,0.5556128621101379,0.7826208472251892,9.075631141662598,10.026606559753418,0.9354115128517151,0,-1,1,135,1.0,2.0,135,0.49333691596984863,0,0.0,0,0.0,0,7.224707126617432,2,7
SH,Mamba,137,3324,188,188,18.8,0.2763897180557251,0.38754260540008545,1.7739388942718506,2.0246102809906006,0.30996599793434143,0,-1,1,36,0.19148936170212766,2.0,188,1.8552019596099854,0,0.0,0,0.0,0,20.962081909179688,0,5
SH,Mamba,137,3325,228,228,22.8,0.8509988188743591,1.1255850791931152,24.3715763092041,30.92323875427246,2.619107484817505,0,-1,1,228,1.0,2.0,228,1.097105622291565,0,0.0,0,0.0,0,4.647942543029785,0,5
SH,Mamba,137,3326,485,485,48.5,0.3784816563129425,0.49945327639579773,0.9267668128013611,1.1771138906478882,0.45101046562194824,0,-1,1,485,1.0,2.0,485,1.0746182203292847,0,0.0,0,0.0,0,4.89738655090332,1,6
SH,Mamba,137,3327,290,290,29.0,0.18023735284805298,0.24995830655097961,2.588602066040039,2.9667742252349854,0.30062270164489746,1,259,1,259,0.8931034482758621,2.0,259,0.0,0,0.0,0,0.0,0,0.0,2,7
SH,Mamba,137,3328,155,155,15.5,0.33042123913764954,0.3964734971523285,3.9083945751190186,4.5266523361206055,0.35570859909057617,0,-1,1,155,1.0,2.0,155,1.1042166948318481,0,0.0,0,0.0,0,4.766275405883789,1,6
SH,Mamba,137,3329,672,672,67.2,0.23368556797504425,0.2879312038421631,3.0624492168426514,4.296141147613525,0.44313883781433105,0,-1,1,669,0.9955357142857143,2.0,672,1.0318505764007568,0,0.0,0,0.0,0,5.427557945251465,0,5
SH,Mamba,137,3330,358,358,35.800000000000004,0.3202146291732788,0.40400123596191406,1.920941710472107,2.287076234817505,0.5401532649993896,0,-1,1,232,0.6480446927374302,2.0,358,1.5589629411697388,0,0.0,0,0.0,0,4.4352288246154785,1,6
SH,Mamba,137,3331,206,206,20.6,0.18223322927951813,0.21996790170669556,4.723601818084717,5.541126251220703,0.38818299770355225,0,-1,1,206,1.0,2.0,206,0.43119150400161743,0,0.0,0,0.0,0,8.602659225463867,2,7
SH,Mamba,137,3332,496,496,49.6,0.4420660734176636,0.6051604747772217,1.2102726697921753,1.6290340423583984,0.6044309735298157,1,488,1,488,0.9838709677419355,2.0,488,0.0,0,0.0,0,0.0,0,0.0,0,5
SH,Mamba,137,3333,466,466,46.6,0.3251843750476837,0.4222213327884674,3.4775209426879883,4.047290802001953,0.6672714352607727,0,-1,1,466,1.0,2.0,466,1.0550525188446045,0,0.0,0,0.0,0,4.090054988861084,1,6
SH,Mamba,137,3334,136,136,13.600000000000001,0.31933143734931946,0.39803412556648254,2.607368230819702,3.3251523971557617,0.5690664649009705,0,-1,1,136,1.0,2.0,136,0.4966631829738617,0,0.0,0,0.0,0,3.4916017055511475,1,6
SH,Mamba,137,3335,204,204,20.400000000000002,0.29222866892814636,0.33947673439979553,0.5747607350349426,0.7167063355445862,0.2715880572795868,0,-1,1,201,0.9852941176470589,2.0,204,1.2660399675369263,0,0.0,0,0.0,0,4.994189739227295,2,7
SH,Mamba,137,3336,220,220,22.0,0.19130229949951172,0.26935672760009766,1.5884629487991333,1.9857637882232666,0.5451233983039856,0,-1,0,0,0.0,2.0,220,2.8323781490325928,0,0.0,0,0.0,0,2.6605193614959717,2,7
SH,Mamba,137,3337,321,321,32.1,0.3273766040802002,0.4047178030014038,3.310953378677368,3.67521595954895,0.425712525844574,0,-1,1,315,0.9813084112149533,2.0,321,1.274304747581482,0,0.0,0,0.0,0,6.848604679107666,0,5
SH,Mamba,137,3338,425,425,42.5,0.1690026819705963,0.22385473549365997,7.515121936798096,11.137312889099121,0.6728024482727051,0,-1,1,36,0.08470588235294117,2.0,425,1.638596534729004,0,0.0,0,0.0,0,28.30295753479004,0,5
SH,Mamba,137,3339,381,381,38.1,0.34207606315612793,0.4414878785610199,3.8524887561798096,5.6296067237854,0.5035841464996338,0,-1,1,228,0.5984251968503937,2.0,381,1.639954686164856,0,0.0,0,0.0,0,2.6454575061798096,1,6
SH,Mamba,137,3340,251,251,25.1,0.226652130484581,0.3094027042388916,2.0334506034851074,2.295938730239868,0.2514794170856476,0,-1,1,251,1.0,2.0,251,0.9537595510482788,0,0.0,0,0.0,0,7.443852424621582,1,6
SH,Mamba,137,3341,224,224,22.400000000000002,0.25259602069854736,0.311162531375885,1.1714273691177368,1.8219077587127686,0.423205703496933,0,-1,1,184,0.8214285714285714,2.0,224,1.2575701475143433,0,0.0,0,0.0,0,15.668296813964844,1,6
SH,Mamba,137,3342,152,152,15.200000000000001,0.4405847489833832,0.5468688011169434,3.6109941005706787,4.698739051818848,1.0119844675064087,0,-1,1,38,0.25,2.0,152,1.5906792879104614,0,0.0,0,0.0,0,7.292579174041748,2,7
SH,Mamba,137,3343,300,300,30.0,0.33378955721855164,0.3937549889087677,9.252815246582031,13.23448657989502,1.016509771347046,0,-1,0,0,0.0,2.0,300,3.876248598098755,0,0.0,0,0.0,0,13.599907875061035,1,6
SH,Mamba,137,3344,188,188,18.8,0.3300599753856659,0.40236034989356995,12.28357982635498,14.941246032714844,1.4925378561019897,0,-1,0,0,0.0,2.0,188,2.1919448375701904,0,0.0,0,0.0,0,23.98890495300293,1,6
SH,Mamba,137,3345,720,720,72.0,0.19000129401683807,0.2515065371990204,4.025261878967285,4.78123140335083,0.5278884768486023,0,-1,1,471,0.6541666666666667,2.0,720,1.3586852550506592,0,0.0,0,0.0,0,2.2951009273529053,2,7
SH,Mamba,137,3346,185,185,18.5,0.6080278754234314,0.8705235719680786,2.9434850215911865,3.2948732376098633,0.9053325057029724,0,-1,1,185,1.0,2.0,185,1.1143511533737183,0,0.0,0,0.0,0,7.03563928604126,1,6
SH,Mamba,137,3347,170,170,17.0,0.18770639598369598,0.2314833551645279,3.1364243030548096,4.532576560974121,0.9402636289596558,0,-1,1,113,0.6647058823529411,2.0,170,1.9163477420806885,0,0.0,0,0.0,0,31.222421646118164,0,5
SH,Mamba,137,3348,262,262,26.200000000000003,0.2506808638572693,0.3509008586406708,4.53061580657959,5.875232219696045,1.2249165773391724,0,-1,1,6,0.022900763358778626,2.0,262,1.941643476486206,0,0.0,0,0.0,0,23.069854736328125,1,6
SH,Mamba,137,3349,231,231,23.1,0.3780634105205536,0.46873822808265686,23.735881805419922,32.096473693847656,2.8364477157592773,0,-1,0,0,0.0,2.0,231,2.6430344581604004,0,0.0,0,0.0,0,40.17263412475586,0,5
SH,Mamba,137,3350,192,192,19.200000000000003,0.35185495018959045,0.605618953704834,4.878040313720703,5.696438789367676,0.7399589419364929,0,-1,0,0,0.0,2.0,192,2.0923664569854736,0,0.0,0,0.0,0,8.99799633026123,1,6
SH,Mamba,137,3351,145,145,14.5,0.16522614657878876,0.2026040405035019,0.7909621596336365,0.9435744285583496,0.22296716272830963,0,-1,1,92,0.6344827586206897,2.0,145,1.7943947315216064,0,0.0,0,0.0,0,8.629137992858887,1,6
SH,Mamba,137,3352,223,223,22.3,0.25853192806243896,0.33476945757865906,3.949263572692871,5.753110885620117,0.6619978547096252,0,-1,1,20,0.08968609865470852,2.0,223,1.9563639163970947,0,0.0,0,0.0,0,9.837187767028809,1,6
SH,Mamba,137,3353,205,205,20.5,0.22589732706546783,0.35191676020622253,1.0554347038269043,1.4231488704681396,0.2660781443119049,0,-1,1,146,0.7121951219512195,2.0,205,1.4429391622543335,0,0.0,0,0.0,0,2.660341501235962,2,7
SH,Mamba,137,3354,242,242,24.200000000000003,0.37331143021583557,0.5172852277755737,2.026017904281616,2.3504858016967773,0.4809413254261017,0,-1,1,160,0.6611570247933884,2.0,242,0.924515962600708,0,0.0,0,0.0,0,0.20606960356235504,0,5
SH,Mamba,137,3355,189,189,18.900000000000002,0.1397361010313034,0.2150108814239502,2.167044162750244,2.9745934009552,0.4397400915622711,0,-1,1,189,1.0,2.0,189,0.7280125021934509,0,0.0,0,0.0,0,14.028326034545898,0,5
SH,Mamba,137,3356,549,549,54.900000000000006,0.2376014143228531,0.30573511123657227,1.8243796825408936,2.5733704566955566,0.24187232553958893,0,-1,1,549,1.0,2.0,549,0.5907775163650513,0,0.0,0,0.0,0,7.381912708282471,2,7
SH,Mamba,137,3357,226,226,22.6,0.1633261889219284,0.20714300870895386,2.77687406539917,3.553347110748291,0.5045140385627747,0,-1,1,226,1.0,2.0,226,1.4681168794631958,0,0.0,0,0.0,0,4.092318534851074,0,5
SH,Mamba,137,3358,198,198,19.8,0.2522464394569397,0.36067214608192444,1.624010682106018,1.8800737857818604,0.36370083689689636,0,-1,1,198,1.0,2.0,198,1.0315487384796143,0,0.0,0,0.0,0,6.411106586456299,1,6
SH,Mamba,137,3359,152,152,15.200000000000001,0.25896912813186646,0.30840206146240234,4.43336820602417,5.803406715393066,0.6510133147239685,0,-1,1,152,1.0,2.0,152,0.8986284732818604,0,0.0,0,0.0,0,1.939869999885559,0,5
SH,Mamba,137,3360,215,215,21.5,0.15377148985862732,0.1752776950597763,5.170341491699219,6.763514995574951,0.7635486721992493,0,-1,0,0,0.0,2.0,215,5.00234317779541,0,0.0,0,0.0,0,77.72752380371094,2,7
SH,Mamba,137,3361,183,183,18.3,0.3382289409637451,0.42525583505630493,2.7586779594421387,3.583939552307129,0.5761423110961914,0,-1,0,0,0.0,2.0,183,2.9320976734161377,0,0.0,0,0.0,0,8.092537879943848,2,7
SH,Mamba,137,3362,152,152,15.200000000000001,0.5599664449691772,0.6404987573623657,8.614479064941406,11.828267097473145,1.6225143671035767,0,-1,1,152,1.0,2.0,152,1.2547318935394287,0,0.0,0,0.0,0,8.507575035095215,1,6
SH,Mamba,137,3363,449,449,44.900000000000006,0.2607879936695099,0.3371385335922241,2.008523941040039,2.414569616317749,0.2920602560043335,0,-1,1,449,1.0,2.0,449,0.6801063418388367,0,0.0,0,0.0,0,0.5351380109786987,2,7
SH,Mamba,137,3364,238,238,23.8,0.24702169001102448,0.3031069040298462,7.411009788513184,8.361045837402344,0.7187063097953796,1,175,1,175,0.7352941176470589,2.0,175,0.0,0,0.0,0,0.0,0,0.0,0,5
SH,Mamba,137,3365,215,215,21.5,0.23284812271595,0.33594027161598206,1.0324630737304688,1.246496558189392,0.33114439249038696,0,-1,1,215,1.0,2.0,215,0.9314785599708557,0,0.0,0,0.0,0,2.354008913040161,0,5
SH,Mamba,137,3366,147,147,14.700000000000001,0.30099862813949585,0.40058407187461853,7.488948822021484,8.577229499816895,0.8299694061279297,0,-1,1,33,0.22448979591836735,2.0,147,1.348240613937378,0,0.0,0,0.0,0,21.05525779724121,0,5
SH,Mamba,137,3367,147,147,14.700000000000001,0.16203051805496216,0.20498134195804596,2.1917498111724854,2.8507769107818604,0.37664803862571716,0,-1,1,147,1.0,2.0,147,1.1031025648117065,0,0.0,0,0.0,0,9.077343940734863,1,6
SH,Mamba,137,3368,312,312,31.200000000000003,0.29266124963760376,0.35857093334198,4.8660078048706055,6.267633438110352,0.782084047794342,0,-1,1,312,1.0,2.0,312,0.7210335731506348,0,0.0,0,0.0,0,12.905974388122559,2,7
SH,Mamba,137,3369,384,384,38.400000000000006,0.3783528506755829,0.4736250042915344,3.2532246112823486,4.173100471496582,0.8708932399749756,0,-1,1,119,0.3098958333333333,2.0,384,1.7378491163253784,0,0.0,0,0.0,0,2.9502742290496826,0,5
SH,Mamba,137,3370,320,320,32.0,0.3743174374103546,0.47776052355766296,1.5036174058914185,1.7928135395050049,0.5036123991012573,0,-1,1,301,0.940625,2.0,319,0.19144003093242645,1,0.003125,0,0.0,0,0.00617864029482007,2,7
SH,Mamba,137,3371,137,137,13.700000000000001,0.2650505602359772,0.31649449467658997,1.3064559698104858,1.589797019958496,0.49690937995910645,0,-1,1,58,0.4233576642335766,2.0,137,1.7724411487579346,0,0.0,0,0.0,0,3.5910847187042236,1,6
SH,Mamba,137,3372,595,595,59.5,0.25866806507110596,0.31024169921875,2.1567673683166504,2.568416118621826,0.4224063456058502,0,-1,1,595,1.0,2.0,595,1.2577567100524902,0,0.0,0,0.0,0,11.009958267211914,1,6
SH,Mamba,137,3373,371,371,37.1,0.2384299486875534,0.3040197193622589,4.146096229553223,4.761823654174805,0.6349548697471619,0,-1,1,371,1.0,2.0,371,1.1538749933242798,0,0.0,0,0.0,0,7.008042335510254,1,6
SH,Mamba,137,3374,142,142,14.200000000000001,0.3524704873561859,0.3919820487499237,7.992488384246826,9.381933212280273,0.968984067440033,0,-1,1,142,1.0,2.0,142,1.5638550519943237,0,0.0,0,0.0,0,34.502132415771484,1,6
SH,Mamba,137,3375,316,316,31.6,0.18403160572052002,0.25425878167152405,4.114017486572266,5.432821273803711,0.3761175572872162,0,-1,1,299,0.9462025316455697,2.0,316,0.11027238517999649,0,0.0,0,0.0,0,1.90505850315094,0,5
SH,Mamba,137,3376,308,308,30.8,0.422016978263855,0.5495152473449707,8.702211380004883,9.789966583251953,1.0033643245697021,0,-1,0,0,0.0,2.0,308,2.126864194869995,0,0.0,0,0.0,0,6.113060474395752,1,6
SH,Mamba,137,3377,211,211,21.1,0.30168378353118896,0.39040589332580566,4.806344509124756,7.571640968322754,1.2839316129684448,0,-1,1,197,0.933649289099526,2.0,211,1.5142751932144165,0,0.0,0,0.0,0,5.486175060272217,1,6
