dataset,model,seed,event_id,available_future_steps,horizon_steps,horizon_seconds,mae_acc,rmse_acc,mae_spacing,rmse_spacing,mae_speed,collision,collision_step,unsafe_event,unsafe_frames,unsafe_frame_rate,unsafe_thw_threshold_seconds,thw_moving_frames,minimum_predicted_thw,negative_speed_attempts,negative_speed_attempt_rate,overspeed_attempts,overspeed_attempt_rate,numerical_failure,minimum_predicted_spacing,router_mean_Mamba,router_std_Mamba,router_top1_fraction_Mamba,router_mean_Gipps,router_std_Gipps,router_top1_fraction_Gipps,router_mean_GM,router_std_GM,router_top1_fraction_GM,router_mean_FVD,router_std_FVD,router_top1_fraction_FVD,router_mean_Wiedemann,router_std_Wiedemann,router_top1_fraction_Wiedemann,router_mean_NETSIM,router_std_NETSIM,router_top1_fraction_NETSIM,router_mean_Mod_NETSIM,router_std_Mod_NETSIM,router_top1_fraction_Mod_NETSIM,router_mean_Fritzsche,router_std_Fritzsche,router_top1_fraction_Fritzsche,contribution_mean_Mamba,contribution_std_Mamba,contribution_mean_Gipps,contribution_std_Gipps,contribution_mean_GM,contribution_std_GM,contribution_mean_FVD,contribution_std_FVD,contribution_mean_Wiedemann,contribution_std_Wiedemann,contribution_mean_NETSIM,contribution_std_NETSIM,contribution_mean_Mod_NETSIM,contribution_std_Mod_NETSIM,contribution_mean_Fritzsche,contribution_std_Fritzsche,contribution_mean_Transformer_shared,contribution_std_Transformer_shared,contribution_mean_IDM_shared,contribution_std_IDM_shared,scene_soft_mean_1,scene_hard_fraction_1,scene_soft_mean_2,scene_hard_fraction_2,scene_soft_mean_3,scene_hard_fraction_3,scene_soft_mean_4,scene_hard_fraction_4,evaluation_gpu_local,evaluation_gpu_physical
NGSIM,MoE_OpenLoop,73,0,590,590,59.0,0.6697393655776978,0.8650332093238831,4.375357151031494,5.089423179626465,0.791331946849823,0,-1,1,1,0.001694915254237288,2.0,590,1.9990558624267578,0,0.0,0,0.0,0,11.413544654846191,0.03836022689938545,0.12750977277755737,0.0,0.22087746858596802,0.25271832942962646,0.21525423228740692,0.21391801536083221,0.25048670172691345,0.27796611189842224,0.0739714726805687,0.17225316166877747,0.008474576286971569,0.23710842430591583,0.2488134354352951,0.27627119421958923,0.08462128788232803,0.1862298995256424,0.02711864374577999,0.10762320458889008,0.21090859174728394,0.19491524994373322,0.023520026355981827,0.10162763297557831,0.0,0.0028380255680531263,0.010576819069683552,0.013386963866651058,0.030100349336862564,0.011030308902263641,0.01784197799861431,0.020249029621481895,0.0629258006811142,0.04742264002561569,0.060498714447021484,3.035799389650151e-09,1.825172191161073e-08,0.020951339974999428,0.0987599715590477,0.013238823041319847,0.0645996704697609,0.42832401394844055,0.1690538078546524,0.4425586760044098,0.17601963877677917,0.7250133156776428,1.0,0.07044576853513718,0.0,0.12081637978553772,0.0,0.08372462540864944,0.0,0,5
NGSIM,MoE_OpenLoop,73,1,415,415,41.5,0.4324336647987366,0.5656220316886902,6.658167839050293,7.223170757293701,0.6576705574989319,0,-1,1,17,0.04096385542168675,2.0,415,1.8302878141403198,0,0.0,0,0.0,0,6.967449188232422,0.007556925993412733,0.057701971381902695,0.0,0.20076970756053925,0.2524593472480774,0.3301204741001129,0.3053874969482422,0.24328380823135376,0.2939758896827698,0.12254460901021957,0.20936761796474457,0.014457831159234047,0.1897050440311432,0.24085628986358643,0.1469879448413849,0.1265246421098709,0.21882636845111847,0.15180723369121552,0.040775593370199203,0.13883769512176514,0.06265060603618622,0.006736045703291893,0.05561504885554314,0.0,0.00022131417063064873,0.001698042149655521,0.01950019784271717,0.03610450029373169,0.026152631267905235,0.041470546275377274,0.03284475579857826,0.07706429064273834,0.0531226247549057,0.08797141909599304,2.764565520951834e-10,2.059826087474903e-09,0.004147587809711695,0.02387484349310398,0.0009488504147157073,0.009858171455562115,0.4276200532913208,0.18159911036491394,0.43544209003448486,0.13885164260864258,0.7147876620292664,1.0,0.07191716879606247,0.0,0.13231052458286285,0.0,0.08098427951335907,0.0,0,5
NGSIM,MoE_OpenLoop,73,2,458,458,45.800000000000004,0.595211386680603,0.7657222747802734,4.401475429534912,4.730956554412842,0.4240083396434784,0,-1,1,163,0.3558951965065502,2.0,458,1.483931064605713,0,0.0,0,0.0,0,9.047181129455566,0.009266489185392857,0.06545162200927734,0.0,0.2969644069671631,0.2571960985660553,0.4606986939907074,0.16023559868335724,0.2299065887928009,0.11135371029376984,0.3035721182823181,0.2390950620174408,0.25764191150665283,0.0,0.0,0.0,0.1530616730451584,0.2295466810464859,0.12227074056863785,0.07689967751502991,0.17955714464187622,0.04803493618965149,0.0,0.0,0.0,2.620863597257994e-05,0.00018750596791505814,0.016451017931103706,0.021542733535170555,0.018523359671235085,0.04320822283625603,0.033270031213760376,0.05761978402733803,0.0,0.0,1.2347862821115996e-07,1.0740493507910287e-06,9.288329749779223e-08,6.088500299483712e-07,0.0,0.0,0.4842086136341095,0.2099408209323883,0.4475204646587372,0.20497456192970276,0.6841215491294861,1.0,0.07220062613487244,0.0,0.1718604415655136,0.0,0.07181766629219055,0.0,2,7
NGSIM,MoE_OpenLoop,73,3,507,507,50.7,0.5106282234191895,0.6922705173492432,7.9276580810546875,8.64155101776123,0.5969577431678772,0,-1,1,36,0.07100591715976332,2.0,507,1.8639477491378784,0,0.0,0,0.0,0,12.631003379821777,0.0221647247672081,0.1016993448138237,0.0,0.23398621380329132,0.2571046054363251,0.3826429843902588,0.28482815623283386,0.25147920846939087,0.43589743971824646,0.11236780136823654,0.2020222693681717,0.009861933067440987,0.158176451921463,0.2298680990934372,0.09664694219827652,0.18560925126075745,0.23979079723358154,0.0749506875872612,0.0028673631604760885,0.03716527670621872,0.0,0.0,0.0,0.0,0.0011435119668021798,0.005668921396136284,0.014254927635192871,0.026163507252931595,0.018150929361581802,0.039718206971883774,0.025985144078731537,0.0626230388879776,0.0392749197781086,0.0641574040055275,7.960533565665173e-08,9.02591921203566e-07,3.608852854140171e-13,4.6777477724635474e-12,0.0,0.0,0.4347915053367615,0.18181806802749634,0.46639904379844666,0.1823321133852005,0.717911958694458,1.0,0.07099252939224243,0.0,0.12985654175281525,0.0,0.08123883605003357,0.0,2,7
NGSIM,MoE_OpenLoop,73,4,136,136,13.600000000000001,0.8338214159011841,0.9955518841743469,5.475449085235596,6.577134609222412,0.8863091468811035,0,-1,0,0,0.0,2.0,136,2.333055257797241,0,0.0,0,0.0,0,50.58889389038086,0.0,0.0,0.0,0.5395414233207703,0.012669463641941547,1.0,0.0,0.0,0.0,0.0,0.0,0.0,0.0,0.0,0.0,0.4604586660861969,0.012678281404078007,0.0,0.0,0.0,0.0,0.0,0.0,0.0,0.0,0.0,0.012904978357255459,0.00872503686696291,0.0,0.0,0.0,0.0,0.0,0.0,2.7715344938766123e-14,1.18613005159994e-13,0.0,0.0,0.0,0.0,0.5039467811584473,0.16163381934165955,0.48314806818962097,0.16111570596694946,0.7406585812568665,1.0,0.07218451797962189,0.0,0.10434526205062866,0.0,0.08281166106462479,0.0,1,6
NGSIM,MoE_OpenLoop,73,5,436,436,43.6,0.6721126437187195,0.8579776287078857,2.917079210281372,3.5002334117889404,0.6003730893135071,0,-1,0,0,0.0,2.0,436,2.0951266288757324,0,0.0,0,0.0,0,8.230755805969238,0.028390340507030487,0.11275368183851242,0.0,0.19831901788711548,0.24947728216648102,0.3096330165863037,0.2909344732761383,0.24768584966659546,0.24770642817020416,0.08319539576768875,0.18407964706420898,0.0458715595304966,0.21956691145896912,0.24550043046474457,0.16284403204917908,0.1274583339691162,0.21812446415424347,0.17201834917068481,0.03829796239733696,0.13614848256111145,0.06192660704255104,0.013837551698088646,0.07893401384353638,0.0,0.0007633264758624136,0.003062461270019412,0.018458155915141106,0.04128415510058403,0.02065690979361534,0.03720385581254959,0.014868717640638351,0.04921526834368706,0.06543649733066559,0.0895269587635994,3.1427833668828953e-09,4.552834909077319e-08,0.0041161044500768185,0.02501290664076805,0.0040975771844387054,0.029086947441101074,0.3750716745853424,0.1932794749736786,0.49653106927871704,0.1707162857055664,0.7169513702392578,1.0,0.07098409533500671,0.0,0.13268139958381653,0.0,0.07938334345817566,0.0,2,7
NGSIM,MoE_OpenLoop,73,6,443,443,44.300000000000004,0.6636737585067749,0.8098286390304565,5.066225051879883,5.844324588775635,0.8061250448226929,0,-1,1,35,0.07900677200902935,2.0,443,1.8152732849121094,0,0.0,0,0.0,0,4.268601894378662,0.013855569064617157,0.07969705760478973,0.0,0.2785361707210541,0.25301066040992737,0.3656884729862213,0.2488149106502533,0.2462078034877777,0.15349887311458588,0.08978231251239777,0.1912936121225357,0.08803611993789673,0.17832781374454498,0.24201633036136627,0.2753950357437134,0.08916465938091278,0.18994295597076416,0.022573363035917282,0.06988026946783066,0.174934521317482,0.09480812400579453,0.03163837641477585,0.11956032365560532,0.0,0.0003281685640104115,0.001949372235685587,0.02224794588983059,0.04407911375164986,0.024697400629520416,0.04370075836777687,0.009864314459264278,0.031300801783800125,0.024797607213258743,0.05102124065160751,1.0470315281452258e-08,8.147262775537456e-08,0.0037386780604720116,0.022946981713175774,0.01980569213628769,0.082972951233387,0.4202266037464142,0.17122818529605865,0.47429361939430237,0.1585545837879181,0.7072450518608093,1.0,0.07173160463571548,0.0,0.1423952728509903,0.0,0.07862794399261475,0.0,1,6
NGSIM,MoE_OpenLoop,73,7,392,392,39.2,0.5144380331039429,0.6980218291282654,5.099072456359863,5.891333103179932,0.5434260964393616,0,-1,1,80,0.20408163265306123,2.0,392,1.4335728883743286,0,0.0,0,0.0,0,6.288573741912842,0.0,0.0,0.0,0.42978528141975403,0.20112954080104828,0.6811224222183228,0.27226710319519043,0.23879468441009521,0.09693877398967743,0.0763266533613205,0.176468625664711,0.0892857164144516,0.17001329362392426,0.23220495879650116,0.11734694242477417,0.051607757806777954,0.15102040767669678,0.015306122601032257,0.0,0.0,0.0,0.0,0.0,0.0,0.0,0.0,0.024403991177678108,0.02929747849702835,0.03012089803814888,0.04942857101559639,0.006636856123805046,0.022728530690073967,0.04115913435816765,0.07507375627756119,6.625761050926826e-10,2.1258377280730656e-09,0.0,0.0,0.0,0.0,0.4552212059497833,0.17727547883987427,0.4424576163291931,0.15144282579421997,0.685325026512146,1.0,0.07363740354776382,0.0,0.16435617208480835,0.0,0.07668138295412064,0.0,0,5
NGSIM,MoE_OpenLoop,73,8,516,516,51.6,0.46448829770088196,0.6346928477287292,3.189145803451538,3.914842128753662,0.4603883922100067,0,-1,0,0,0.0,2.0,516,2.2156982421875,0,0.0,0,0.0,0,9.402549743652344,0.021811340004205704,0.10099101066589355,0.0,0.19985134899616241,0.24625226855278015,0.26744186878204346,0.39304012060165405,0.21191726624965668,0.5058139562606812,0.051391568034887314,0.15033523738384247,0.011627906933426857,0.13710543513298035,0.21943113207817078,0.06782945990562439,0.16945229470729828,0.23459351062774658,0.11627907305955887,0.027347730472683907,0.1142059713602066,0.03100775182247162,0.0,0.0,0.0,0.0006331262411549687,0.0030462630093097687,0.017170334234833717,0.03819479048252106,0.03627091646194458,0.04740912839770317,0.011179216206073761,0.04648777097463608,0.05443977192044258,0.09711118042469025,6.2243397103145526e-09,4.883072435291069e-08,0.002453398425132036,0.02037055417895317,0.0,0.0,0.40519869327545166,0.18893049657344818,0.47265443205833435,0.1504315435886383,0.7190572619438171,1.0,0.07085739076137543,0.0,0.13032370805740356,0.0,0.07976162433624268,0.0,2,7
NGSIM,MoE_OpenLoop,73,9,481,481,48.1,0.5778304934501648,0.7716773152351379,6.855835437774658,8.316606521606445,0.6045347452163696,0,-1,0,0,0.0,2.0,481,2.012798309326172,0,0.0,0,0.0,0,13.267704010009766,0.0,0.0,0.0,0.2921936810016632,0.2598470449447632,0.4802494943141937,0.33486443758010864,0.23023974895477295,0.2557172477245331,0.133985698223114,0.21592196822166443,0.07068607211112976,0.03969645872712135,0.1319628357887268,0.018711019307374954,0.18795274198055267,0.24201759696006775,0.1683991700410843,0.011307098902761936,0.07391670346260071,0.006237006280571222,0.0,0.0,0.0,0.0,0.0,0.014479754492640495,0.01695716381072998,0.025743596255779266,0.04141537472605705,0.01860080659389496,0.04895273223519325,0.017579510807991028,0.07082499563694,5.519618984095587e-09,2.7639920574529242e-08,1.7552888031957536e-09,1.4002405457347322e-08,0.0,0.0,0.47140470147132874,0.18961122632026672,0.4521917998790741,0.18110902607440948,0.703370988368988,1.0,0.06989477574825287,0.0,0.1541750133037567,0.0,0.07255906611680984,0.0,2,7
NGSIM,MoE_OpenLoop,73,10,399,399,39.900000000000006,0.6632150411605835,0.8198574185371399,10.490628242492676,12.322632789611816,0.9111809730529785,0,-1,0,0,0.0,2.0,399,2.2001280784606934,0,0.0,0,0.0,0,7.230127334594727,0.077773816883564,0.1797618865966797,0.07518796622753143,0.40130069851875305,0.21426035463809967,0.5764411091804504,0.1971200406551361,0.2375316172838211,0.08020050078630447,0.027572274208068848,0.109021857380867,0.0,0.1707572638988495,0.23627497255802155,0.13784460723400116,0.044658683240413666,0.14417217671871185,0.057644110172986984,0.0808173194527626,0.18337368965148926,0.07268170267343521,0.0,0.0,0.0,0.004593350924551487,0.011711632832884789,0.043066635727882385,0.06302008777856827,0.026067018508911133,0.04819734767079353,0.005926201585680246,0.0273120254278183,0.04155532643198967,0.08723539859056473,1.7861975787347717e-10,1.0276262063513286e-09,0.00915080402046442,0.03716133534908295,0.0,0.0,0.4255255460739136,0.1800479143857956,0.44411489367485046,0.17469622194766998,0.7142333388328552,1.0,0.07112515717744827,0.0,0.13599473237991333,0.0,0.07864667475223541,0.0,0,5
NGSIM,MoE_OpenLoop,73,11,567,567,56.7,0.7990472912788391,1.0548902750015259,12.222528457641602,13.995301246643066,0.9753456711769104,0,-1,1,6,0.010582010582010581,2.0,567,1.9795652627944946,0,0.0,0,0.0,0,6.663589954376221,0.02476082369685173,0.10477765649557114,0.0,0.2335536628961563,0.2540628910064697,0.3174603283405304,0.2980618178844452,0.24833250045776367,0.3633157014846802,0.042833391577005386,0.13778522610664368,0.012345679104328156,0.1515289843082428,0.22785240411758423,0.1111111119389534,0.1368957757949829,0.22033356130123138,0.06878306716680527,0.06989618390798569,0.17638422548770905,0.1269841343164444,0.04246962442994118,0.13661421835422516,0.0,0.0007141223759390414,0.003172492841258645,0.019860582426190376,0.04025273397564888,0.028538554906845093,0.04503844678401947,0.017624080181121826,0.07259637117385864,0.039701931178569794,0.07531794905662537,2.0811082634963896e-08,3.074005689995829e-07,0.0021115231793373823,0.016875531524419785,0.014405532740056515,0.05511242151260376,0.39704301953315735,0.17561528086662292,0.4800008535385132,0.1584702581167221,0.7164758443832397,1.0,0.07072438299655914,0.0,0.13238754868507385,0.0,0.08041208982467651,0.0,2,7
NGSIM,MoE_OpenLoop,73,12,258,258,25.8,0.5322940349578857,0.7007337212562561,8.866018295288086,10.667054176330566,0.7021871209144592,0,-1,0,0,0.0,2.0,258,2.3327786922454834,0,0.0,0,0.0,0,25.765560150146484,0.0,0.0,0.0,0.09388086199760437,0.1915205717086792,0.01937984488904476,0.3935421109199524,0.19321787357330322,0.12403100728988647,0.0,0.0,0.0,0.4740975499153137,0.13778716325759888,0.8333333134651184,0.03847939521074295,0.1327473223209381,0.023255813866853714,0.0,0.0,0.0,0.0,0.0,0.0,0.0,0.0,0.0029769043903797865,0.006120369303971529,0.015807056799530983,0.012874029576778412,0.0,0.0,0.1277475506067276,0.06995850056409836,6.168447913915132e-13,3.222484345338783e-12,0.0,0.0,0.0,0.0,0.40634191036224365,0.1275378316640854,0.4471266567707062,0.09445939213037491,0.7136537432670593,1.0,0.07216622680425644,0.0,0.13362590968608856,0.0,0.08055433630943298,0.0,2,7
NGSIM,MoE_OpenLoop,73,13,526,526,52.6,0.6037610769271851,0.7563402652740479,3.000026226043701,3.7872378826141357,0.734455943107605,0,-1,1,180,0.34220532319391633,2.0,526,1.331376314163208,0,0.0,0,0.0,0,6.757932662963867,0.03743251413106918,0.12394952028989792,0.0,0.3295578956604004,0.2567639648914337,0.553231954574585,0.19000700116157532,0.24312011897563934,0.18821293115615845,0.16324995458126068,0.22580420970916748,0.045627377927303314,0.07431260496377945,0.17304395139217377,0.020912546664476395,0.10051461309194565,0.1967039555311203,0.028517110273241997,0.10492557287216187,0.20658732950687408,0.16349810361862183,0.0,0.0,0.0,0.001593843917362392,0.005916260182857513,0.020375389605760574,0.027936188504099846,0.02606227435171604,0.0442972294986248,0.029391882941126823,0.058827027678489685,0.02965409681200981,0.07501088082790375,2.78759603133949e-06,2.3347600290435366e-05,1.5869193248363445e-06,1.4804344573349226e-05,0.0,0.0,0.4541405737400055,0.23750942945480347,0.4387776255607605,0.20159697532653809,0.6853331327438354,1.0,0.07260633260011673,0.0,0.16939043998718262,0.0,0.07267047464847565,0.0,0,5
NGSIM,MoE_OpenLoop,73,14,175,175,17.5,0.7400979995727539,0.9310970902442932,2.3016958236694336,2.5068018436431885,0.49502497911453247,0,-1,0,0,0.0,2.0,175,2.1304867267608643,0,0.0,0,0.0,0,17.28016471862793,0.0861157476902008,0.18936386704444885,0.11999999731779099,0.2586132287979126,0.2514936625957489,0.24571429193019867,0.21405883133411407,0.24727553129196167,0.1485714316368103,0.20079214870929718,0.24313467741012573,0.17714285850524902,0.048639532178640366,0.1482873558998108,0.06285714358091354,0.1748577207326889,0.23915421962738037,0.24571429193019867,0.016922837123274803,0.08981598913669586,0.0,0.0,0.0,0.0,0.0030527745839208364,0.007046455983072519,0.025875534862279892,0.042169239372015,0.023831143975257874,0.06772568821907043,0.03763336315751076,0.08735142648220062,0.013238053768873215,0.044853366911411285,5.411040504554876e-09,2.8829997944512797e-08,1.3447393198973145e-10,7.300043902702669e-10,0.0,0.0,0.4467247724533081,0.20847590267658234,0.44964417815208435,0.15798921883106232,0.7089027762413025,1.0,0.0712055042386055,0.0,0.14396533370018005,0.0,0.07592614740133286,0.0,1,6
NGSIM,MoE_OpenLoop,73,15,257,257,25.700000000000003,0.5381376147270203,0.7024962306022644,1.3847706317901611,1.4829685688018799,0.35683825612068176,0,-1,0,0,0.0,2.0,257,3.1358249187469482,0,0.0,0,0.0,0,13.13266372680664,0.0,0.0,0.0,0.1006731316447258,0.19991633296012878,0.05447470769286156,0.39121001958847046,0.20016539096832275,0.29182878136634827,0.0,0.0,0.0,0.3030357360839844,0.24209073185920715,0.287937730550766,0.205081045627594,0.2549820840358734,0.3657587468624115,0.0,0.0,0.0,0.0,0.0,0.0,0.0,0.0,0.0029624595772475004,0.006180732045322657,0.027260441333055496,0.03187116980552673,0.0,0.0,0.10508192330598831,0.09885311871767044,7.224713991123288e-14,3.178121286105673e-13,0.0,0.0,0.0,0.0,0.3832288086414337,0.1886313408613205,0.4814660847187042,0.10898979008197784,0.7326017618179321,1.0,0.07027509808540344,0.0,0.1124562993645668,0.0,0.0846666544675827,0.0,2,7
NGSIM,MoE_OpenLoop,73,16,200,200,20.0,0.6477223038673401,0.9188339114189148,2.4794557094573975,2.895200729370117,1.1433109045028687,0,-1,0,0,0.0,2.0,200,5.90493106842041,0,0.0,0,0.0,0,10.013057708740234,0.0,0.0,0.0,0.0024100900627672672,0.033998504281044006,0.0,0.39027488231658936,0.20429278910160065,0.19499999284744263,0.0,0.0,0.0,0.3845338523387909,0.21316944062709808,0.5649999976158142,0.0,0.0,0.0,0.1263905167579651,0.2219037413597107,0.23999999463558197,0.09639071673154831,0.1927991360425949,0.0,0.0,0.0,5.146551484358497e-05,0.0007260104757733643,0.015731077641248703,0.027284959331154823,0.0,0.0,0.043589185923337936,0.06061578541994095,0.0,0.0,9.242581654689275e-06,2.5763058147276752e-05,0.05076729133725166,0.11979273706674576,0.4407203793525696,0.0890556275844574,0.4491313099861145,0.06951172649860382,0.7532058954238892,1.0,0.0715581402182579,0.0,0.06128701567649841,0.0,0.11394896358251572,0.0,1,6
NGSIM,MoE_OpenLoop,73,17,366,366,36.6,0.6773231625556946,0.8613992929458618,2.5206000804901123,3.1962015628814697,0.5909711718559265,0,-1,1,13,0.03551912568306011,2.0,366,1.9047337770462036,0,0.0,0,0.0,0,9.690736770629883,0.027753308415412903,0.10718762129545212,0.0,0.4204399585723877,0.20963367819786072,0.5928961634635925,0.2024439573287964,0.250162273645401,0.2704918086528778,0.15639862418174744,0.21738015115261078,0.005464480724185705,0.08420289307832718,0.1848301738500595,0.0765027329325676,0.05589746683835983,0.15534763038158417,0.032786883413791656,0.052863772958517075,0.15104182064533234,0.02185792289674282,0.0,0.0,0.0,0.0016801970778033137,0.009349907748401165,0.03416462615132332,0.047041378915309906,0.0216753538697958,0.036943111568689346,0.031224284321069717,0.06694046407938004,0.028273168951272964,0.06752463430166245,2.7706111183078974e-08,3.5551707355807594e-07,0.0031059826724231243,0.02202819660305977,0.0,0.0,0.45521387457847595,0.20149879157543182,0.4246624708175659,0.18081045150756836,0.7032976150512695,1.0,0.07080355286598206,0.0,0.15191435813903809,0.0,0.07398448139429092,0.0,0,5
NGSIM,MoE_OpenLoop,73,18,526,526,52.6,0.5398338437080383,0.6842172145843506,2.8558449745178223,3.6048696041107178,0.5886999368667603,0,-1,0,0,0.0,2.0,526,2.04478120803833,0,0.0,0,0.0,0,9.229090690612793,0.015242879278957844,0.08341359347105026,0.0,0.2855886220932007,0.2529126703739166,0.38403043150901794,0.29960280656814575,0.25033238530158997,0.42015209794044495,0.09084728360176086,0.19111208617687225,0.06653992086648941,0.1369807869195938,0.2180238664150238,0.06463878601789474,0.1408545821905136,0.2220403403043747,0.04942965880036354,0.030883146449923515,0.1193963959813118,0.015209125354886055,0.0,0.0,0.0,0.00041846116073429585,0.0023168418556451797,0.02339276112616062,0.04206562787294388,0.031324297189712524,0.04450276866555214,0.021878434345126152,0.06611096858978271,0.049868181347846985,0.08592966198921204,5.719957396621567e-09,5.2981690146225446e-08,0.0021277028135955334,0.01583661511540413,0.0,0.0,0.40809744596481323,0.2098650336265564,0.4628928005695343,0.18518690764904022,0.706577718257904,1.0,0.07097966223955154,0.0,0.14700883626937866,0.0,0.07543401420116425,0.0,2,7
NGSIM,MoE_OpenLoop,73,19,687,687,68.7,0.7456557750701904,1.0009963512420654,4.0345048904418945,4.680569648742676,0.9041133522987366,0,-1,1,139,0.20232896652110627,2.0,687,1.7525529861450195,0,0.0,0,0.0,0,2.971623659133911,0.01652739942073822,0.08887268602848053,0.017467249184846878,0.27618008852005005,0.260732501745224,0.42794761061668396,0.28648096323013306,0.24551509320735931,0.26928675174713135,0.03200916945934296,0.11563073843717575,0.0,0.1654408723115921,0.2327352613210678,0.12227074056863785,0.09520427137613297,0.19255809485912323,0.014556040987372398,0.08944934606552124,0.19458311796188354,0.14847160875797272,0.03870789334177971,0.1312902271747589,0.0,0.0005585282342508435,0.003051661653444171,0.020158467814326286,0.03488079085946083,0.0353720560669899,0.04973427951335907,0.008759456686675549,0.03608301654458046,0.05338506028056145,0.08754051476716995,4.988963269170199e-07,7.240064405777957e-06,0.007557727862149477,0.03214073181152344,0.01566450111567974,0.06817859411239624,0.38566258549690247,0.19834600389003754,0.4728814363479614,0.1767207533121109,0.7005738019943237,1.0,0.07231701165437698,0.0,0.14916612207889557,0.0,0.07794299721717834,0.0,1,6
NGSIM,MoE_OpenLoop,73,20,386,386,38.6,0.6554672718048096,0.862308144569397,5.166543483734131,7.061511039733887,0.8965666890144348,0,-1,0,0,0.0,2.0,386,2.0528533458709717,0,0.0,0,0.0,0,6.322724342346191,0.06968839466571808,0.169280007481575,0.020725388079881668,0.2548828721046448,0.2581665813922882,0.32642486691474915,0.25000014901161194,0.2515057623386383,0.24611398577690125,0.08241899311542511,0.17847101390361786,0.018134715035557747,0.18350018560886383,0.24070394039154053,0.20725388824939728,0.07030883431434631,0.1725434809923172,0.062176164239645004,0.0892004519701004,0.1930634081363678,0.11917098611593246,0.0,0.0,0.0,0.004219066351652145,0.012650681659579277,0.024656355381011963,0.042114850133657455,0.02412130869925022,0.038249507546424866,0.02136334776878357,0.059687014669179916,0.038734618574380875,0.07222431153059006,8.542049290127807e-10,7.32028349048619e-09,0.004292441066354513,0.024069279432296753,0.0,0.0,0.4343135952949524,0.2079918384552002,0.44829902052879333,0.1816950887441635,0.7208537459373474,1.0,0.0696306973695755,0.0,0.13227225840091705,0.0,0.07724335044622421,0.0,1,6
NGSIM,MoE_OpenLoop,73,21,303,303,30.3,0.6201674342155457,0.8297778964042664,6.686045169830322,7.691874980926514,0.7459942698478699,0,-1,0,0,0.0,2.0,303,2.5281848907470703,0,0.0,0,0.0,0,22.698360443115234,0.08858279883861542,0.1902512162923813,0.08250825107097626,0.05996211990714073,0.1633349508047104,0.07260726392269135,0.3574486970901489,0.22348904609680176,0.2904290556907654,0.029425738379359245,0.1171058714389801,0.019801979884505272,0.10663215816020966,0.20411641895771027,0.08580858260393143,0.29917219281196594,0.2491910457611084,0.41584157943725586,0.05877627804875374,0.16010071337223053,0.0330033004283905,0.0,0.0,0.0,0.005033960100263357,0.015008945018053055,0.004027862101793289,0.012650366872549057,0.031722892075777054,0.058951038867235184,0.007123883347958326,0.0364484079182148,0.03277973458170891,0.07299598306417465,3.669237802483849e-09,1.9274892792964238e-08,1.8568839550425764e-06,2.213068182754796e-05,0.0,0.0,0.47684648633003235,0.18516163527965546,0.4424632489681244,0.15582072734832764,0.7255999445915222,1.0,0.07007463276386261,0.0,0.1248067319393158,0.0,0.07951843738555908,0.0,0,5
NGSIM,MoE_OpenLoop,73,22,678,678,67.8,0.7915909290313721,1.0477509498596191,4.219762325286865,5.3644328117370605,1.024925708770752,0,-1,1,126,0.18584070796460178,2.0,678,1.4167065620422363,0,0.0,0,0.0,0,4.962342262268066,0.0,0.0,0.0,0.4085395932197571,0.2161737084388733,0.5752212405204773,0.2417677491903305,0.24383759498596191,0.1666666716337204,0.11897910386323929,0.2062084674835205,0.07374631613492966,0.1849762499332428,0.2385648787021637,0.1548672616481781,0.00700374273583293,0.05724327638745308,0.0,0.028276486322283745,0.11617933958768845,0.029498524963855743,0.010457219555974007,0.06952390819787979,0.0,0.0,0.0,0.030785903334617615,0.045452751219272614,0.032382141798734665,0.05504768714308739,0.022938517853617668,0.05948712304234505,0.049387894570827484,0.08529489487409592,2.146896688204336e-10,1.92040716662234e-09,0.0025204000994563103,0.016821209341287613,0.00679699657484889,0.04838874936103821,0.43054401874542236,0.19875551760196686,0.42464450001716614,0.17879846692085266,0.7019420862197876,1.0,0.0721779614686966,0.0,0.1487685889005661,0.0,0.07711169868707657,0.0,0,5
NGSIM,MoE_OpenLoop,73,23,223,223,22.3,0.555783748626709,0.6915737986564636,2.102651357650757,2.8560147285461426,0.5648956894874573,0,-1,1,163,0.7309417040358744,2.0,223,1.2485586404800415,0,0.0,0,0.0,0,9.835230827331543,0.0,0.0,0.0,0.41087672114372253,0.20491701364517212,0.5426008701324463,0.1940522938966751,0.24321845173835754,0.1704035848379135,0.21629908680915833,0.2380325198173523,0.04932735487818718,0.006110014859586954,0.052323050796985626,0.0,0.02235780656337738,0.10320504754781723,0.026905829086899757,0.15030407905578613,0.23208928108215332,0.21076233685016632,0.0,0.0,0.0,0.0,0.0,0.02377946861088276,0.02405450865626335,0.03320678696036339,0.051704518496990204,0.02867734245955944,0.04867606237530708,0.003412302117794752,0.029223157092928886,2.2789117792854086e-07,1.45661238093453e-06,2.2674639410524833e-07,4.554905217446503e-07,0.0,0.0,0.4330296516418457,0.23949302732944489,0.4778938591480255,0.2219720035791397,0.6666534543037415,1.0,0.07484430819749832,0.0,0.1855548471212387,0.0,0.07294730097055435,0.0,2,7
NGSIM,MoE_OpenLoop,73,24,185,185,18.5,0.5394722819328308,0.6844703555107117,11.56396484375,12.838237762451172,1.1822879314422607,0,-1,0,0,0.0,2.0,185,2.4474620819091797,0,0.0,0,0.0,0,10.907933235168457,0.007139231543987989,0.05560675263404846,0.0,0.38672587275505066,0.22994200885295868,0.6000000238418579,0.26232993602752686,0.2557498514652252,0.36216217279434204,0.01883702725172043,0.08860447257757187,0.0,0.1748502105474472,0.23213627934455872,0.037837836891412735,0.05648399144411087,0.1537475287914276,0.0,0.093633733689785,0.18428930640220642,0.0,0.0,0.0,0.0,0.0005736930179409683,0.0044688452035188675,0.068595290184021,0.11617906391620636,0.030351605266332626,0.04486619681119919,0.014606599695980549,0.07009053230285645,0.05543845519423485,0.08054189383983612,1.9074863910617523e-10,6.741522895481467e-10,0.01827181503176689,0.06574797630310059,0.0,0.0,0.4018074572086334,0.19665372371673584,0.41035494208335876,0.19741562008857727,0.7163287997245789,1.0,0.06985066086053848,0.0,0.13773353397846222,0.0,0.07608690857887268,0.0,0,5
NGSIM,MoE_OpenLoop,73,25,317,317,31.700000000000003,0.7328802347183228,0.9348596334457397,1.893303632736206,2.1696269512176514,0.6431147456169128,0,-1,1,150,0.47318611987381703,2.0,317,1.185100793838501,0,0.0,0,0.0,0,7.182923793792725,0.007438989821821451,0.05877195671200752,0.0,0.19356635212898254,0.25181713700294495,0.2996845543384552,0.22490832209587097,0.24689914286136627,0.16403785347938538,0.06625466793775558,0.16518667340278625,0.022082019597291946,0.1710263043642044,0.23481321334838867,0.14511041343212128,0.09744662046432495,0.19582870602607727,0.04731861129403114,0.22034810483455658,0.2529984712600708,0.32176655530929565,0.019010579213500023,0.09193278104066849,0.0,0.00019794040417764336,0.0015721871750429273,0.016163496300578117,0.03376074135303497,0.03378698602318764,0.05227424204349518,0.007698775269091129,0.023910952731966972,0.07137131690979004,0.11085426062345505,9.545600187266245e-05,0.0010523502714931965,0.0035500237718224525,0.021866600960493088,0.0049436623230576515,0.030763940885663033,0.35792577266693115,0.21986639499664307,0.5042665600776672,0.15741589665412903,0.6917953491210938,1.0,0.07322274148464203,0.0,0.1569284051656723,0.0,0.0780537873506546,0.0,1,6
NGSIM,MoE_OpenLoop,73,26,176,176,17.6,0.5703030824661255,0.7426300048828125,3.2313270568847656,4.804144382476807,0.6537767052650452,0,-1,1,176,1.0,2.0,176,1.2211031913757324,0,0.0,0,0.0,0,20.61594581604004,0.0,0.0,0.0,0.5223748683929443,0.01000231970101595,1.0,0.0,0.0,0.0,0.0,0.0,0.0,0.47762516140937805,0.010009765625,0.0,0.0,0.0,0.0,0.0,0.0,0.0,0.0,0.0,0.0,0.0,0.0,0.02545139193534851,0.024180199950933456,0.0,0.0,0.0,0.0,0.1688859611749649,0.04633289948105812,0.0,0.0,0.0,0.0,0.0,0.0,0.402854323387146,0.16265620291233063,0.40280839800834656,0.166030615568161,0.6746342778205872,1.0,0.07648029178380966,0.0,0.1739986389875412,0.0,0.07488669455051422,0.0,0,5
NGSIM,MoE_OpenLoop,73,27,146,146,14.600000000000001,0.7847722768783569,0.9187245965003967,18.297801971435547,22.7951602935791,2.9570610523223877,0,-1,1,72,0.4931506849315068,2.0,146,1.6936911344528198,0,0.0,0,0.0,0,38.216064453125,0.0,0.0,0.0,0.5238560438156128,0.015869140625,0.8767123222351074,0.0,0.0,0.0,0.0,0.0,0.0,0.47614404559135437,0.01587054878473282,0.12328767031431198,0.0,0.0,0.0,0.0,0.0,0.0,0.0,0.0,0.0,0.0,0.0,0.017230013385415077,0.0063484059646725655,0.0,0.0,0.0,0.0,0.26445820927619934,0.061267685145139694,0.0,0.0,0.0,0.0,0.0,0.0,0.40249666571617126,0.1833900362253189,0.31581512093544006,0.20219992101192474,0.6969471573829651,1.0,0.07560557872056961,0.0,0.14837604761123657,0.0,0.0790710598230362,0.0,0,5
NGSIM,MoE_OpenLoop,73,28,638,638,63.800000000000004,0.516961395740509,0.6642466187477112,4.120842456817627,4.507999420166016,0.47802624106407166,0,-1,1,101,0.15830721003134796,2.0,638,1.675450086593628,0,0.0,0,0.0,0,8.256426811218262,0.01685532182455063,0.08525459468364716,0.0,0.482204794883728,0.1466151922941208,0.7680251002311707,0.2614723742008209,0.24230614304542542,0.15673981606960297,0.08853466063737869,0.18038247525691986,0.0015673980815336108,0.09398006647825241,0.19146065413951874,0.04858934134244919,0.021203111857175827,0.09898018836975098,0.0,0.035749729722738266,0.1268959939479828,0.025078369304537773,0.0,0.0,0.0,0.0008939102990552783,0.004769857507199049,0.0326889306306839,0.0369369201362133,0.018589504063129425,0.026754673570394516,0.022844385355710983,0.07525520026683807,0.027232576161623,0.06851476430892944,8.347701196953494e-09,6.573380062491196e-08,0.0009506557835265994,0.010544727556407452,0.0,0.0,0.43797624111175537,0.17725147306919098,0.4588235020637512,0.16442444920539856,0.6934401392936707,1.0,0.07277844846248627,0.0,0.15721949934959412,0.0,0.07656200230121613,0.0,1,6
NGSIM,MoE_OpenLoop,73,29,518,518,51.800000000000004,0.6707724332809448,0.9461340308189392,4.838603973388672,6.757575035095215,0.6518656611442566,0,-1,1,118,0.2277992277992278,2.0,518,0.7229968905448914,0,0.0,0,0.0,0,3.928546667098999,0.0,0.0,0.0,0.23857381939888,0.2571965456008911,0.3474903404712677,0.3266586661338806,0.23691682517528534,0.3339768350124359,0.03725507855415344,0.12716728448867798,0.0,0.1788395345211029,0.23814092576503754,0.1428571492433548,0.09225994348526001,0.18984510004520416,0.0,0.11504572629928589,0.21308234333992004,0.1756756752729416,0.011367226019501686,0.07381444424390793,0.0,0.0,0.0,0.01043389830738306,0.01377591211348772,0.03546273335814476,0.04454214870929718,0.0034273031633347273,0.012538335286080837,0.044751983135938644,0.08302924782037735,3.5791443224297836e-05,0.0003622475196607411,0.0013795328559353948,0.004625898320227861,0.007380113936960697,0.048836030066013336,0.44408586621284485,0.19885538518428802,0.45304280519485474,0.1745789349079132,0.6936656832695007,1.0,0.0719713568687439,0.0,0.15800780057907104,0.0,0.07635549455881119,0.0,1,6
NGSIM,MoE_OpenLoop,73,30,173,173,17.3,0.41847899556159973,0.5453383326530457,1.8434484004974365,2.1871981620788574,0.3041868805885315,0,-1,1,173,1.0,2.0,173,1.3273980617523193,0,0.0,0,0.0,0,9.090218544006348,0.0,0.0,0.0,0.5264554023742676,0.0194815956056118,0.8323699235916138,0.07483948022127151,0.17031945288181305,0.0,0.3987050950527191,0.17620594799518585,0.16763006150722504,0.0,0.0,0.0,0.0,0.0,0.0,0.0,0.0,0.0,0.0,0.0,0.0,0.0,0.0,0.03362807631492615,0.021270401775836945,0.011457443237304688,0.02999739721417427,0.0476423054933548,0.04178008809685707,0.0,0.0,0.0,0.0,0.0,0.0,0.0,0.0,0.48814427852630615,0.24773582816123962,0.41912779211997986,0.22220586240291595,0.6670815348625183,1.0,0.07477045059204102,0.0,0.18658778071403503,0.0,0.07156012952327728,0.0,2,7
NGSIM,MoE_OpenLoop,73,31,401,401,40.1,0.7092554569244385,0.8863387703895569,1.5574861764907837,1.9451446533203125,0.757845938205719,0,-1,1,245,0.6109725685785536,2.0,401,1.4458669424057007,0,0.0,0,0.0,0,9.394757270812988,0.0,0.0,0.0,0.44997596740722656,0.17682035267353058,0.7356608510017395,0.1534643918275833,0.2298445850610733,0.14214463531970978,0.23344941437244415,0.2392606884241104,0.04987531155347824,0.036615848541259766,0.12654642760753632,0.0,0.05669538676738739,0.15565279126167297,0.014962593093514442,0.06979896873235703,0.17329372465610504,0.05735660716891289,0.0,0.0,0.0,0.0,0.0,0.029415791854262352,0.03253432363271713,0.017792800441384315,0.033729203045368195,0.05037323385477066,0.07268686592578888,0.013008782640099525,0.04648361727595329,4.373239789856598e-06,4.592752884491347e-05,1.6033955319016968e-07,6.951826208023704e-07,0.0,0.0,0.44774624705314636,0.22190794348716736,0.4416585862636566,0.19495056569576263,0.6814992427825928,1.0,0.07350225001573563,0.0,0.17171134054660797,0.0,0.07328706234693527,0.0,2,7
NGSIM,MoE_OpenLoop,73,32,147,147,14.700000000000001,0.6706519722938538,0.8276816010475159,10.415847778320312,13.11437702178955,1.93381667137146,0,-1,0,0,0.0,2.0,147,2.7740795612335205,0,0.0,0,0.0,0,62.443626403808594,0.0,0.0,0.0,0.5541588068008423,0.017370052635669708,1.0,0.0,0.0,0.0,0.0,0.0,0.0,0.0,0.0,0.0,0.4458412230014801,0.017373912036418915,0.0,0.0,0.0,0.0,0.0,0.0,0.0,0.0,0.0,0.03406871482729912,0.012329327873885632,0.0,0.0,0.0,0.0,0.0,0.0,1.7425082649764126e-21,8.309824929758605e-21,0.0,0.0,0.0,0.0,0.3361743092536926,0.19428570568561554,0.6297568082809448,0.18706445395946503,0.7435437440872192,1.0,0.07145310193300247,0.0,0.10027745366096497,0.0,0.08472565561532974,0.0,0,5
NGSIM,MoE_OpenLoop,73,33,410,410,41.0,0.5477418303489685,0.6787887215614319,3.826627731323242,5.493155002593994,0.47877776622772217,0,-1,0,0,0.0,2.0,410,2.416315793991089,0,0.0,0,0.0,0,7.820703983306885,0.0,0.0,0.0,0.2242089956998825,0.2540232241153717,0.2487804889678955,0.33811894059181213,0.23099519312381744,0.19756098091602325,0.006285455543547869,0.051576778292655945,0.0,0.32292959094047546,0.24039681255817413,0.44878047704696655,0.04048283398151398,0.1347084790468216,0.03414634242653847,0.050864383578300476,0.15286138653755188,0.07073170691728592,0.017109747976064682,0.08780163526535034,0.0,0.0,0.0,0.028221802785992622,0.0649888813495636,0.032879408448934555,0.05028720572590828,0.003011357272043824,0.02503901533782482,0.07839186489582062,0.08673441410064697,1.183691478168214e-10,7.084963171699599e-10,0.00852922722697258,0.04025796800851822,0.006377442739903927,0.038894250988960266,0.3866482973098755,0.16422255337238312,0.45594051480293274,0.12654635310173035,0.7212132811546326,1.0,0.07093691825866699,0.0,0.12547269463539124,0.0,0.08237726986408234,0.0,1,6
NGSIM,MoE_OpenLoop,73,34,410,410,41.0,0.6205961108207703,0.8848549723625183,7.417360305786133,8.480506896972656,0.612909734249115,0,-1,1,363,0.8853658536585366,2.0,410,1.6610984802246094,0,0.0,0,0.0,0,10.223326683044434,0.0,0.0,0.0,0.402211457490921,0.22315341234207153,0.6707317233085632,0.08196913450956345,0.18388999998569489,0.05121951177716255,0.35528483986854553,0.20659522712230682,0.10487804561853409,0.0,0.0,0.0,0.04592619091272354,0.14373333752155304,0.02926829271018505,0.11460842937231064,0.21165989339351654,0.14390243589878082,0.0,0.0,0.0,0.0,0.0,0.024583492428064346,0.021074874326586723,0.010963120497763157,0.02925322949886322,0.0421048142015934,0.06004280969500542,0.0,0.0,6.643666097261303e-07,7.432357961079106e-06,1.9990681110471087e-08,7.365656529145781e-08,0.0,0.0,0.5004820227622986,0.18706797063350677,0.42186591029167175,0.17790067195892334,0.6775100231170654,1.0,0.07412564754486084,0.0,0.17387297749519348,0.0,0.07449141144752502,0.0,0,5
NGSIM,MoE_OpenLoop,73,35,315,315,31.5,0.5565145611763,0.7014761567115784,6.208012104034424,6.795180320739746,0.7409498691558838,0,-1,1,145,0.4603174603174603,2.0,315,1.6295897960662842,0,0.0,0,0.0,0,8.821231842041016,0.0,0.0,0.0,0.3509228229522705,0.2454095333814621,0.5365079641342163,0.18829631805419922,0.24199478328227997,0.19365079700946808,0.2631240487098694,0.24062542617321014,0.16507937014102936,0.035972319543361664,0.1252909153699875,0.0,0.12046581506729126,0.2118697613477707,0.06666667014360428,0.041218701750040054,0.1374254673719406,0.03809523954987526,0.0,0.0,0.0,0.0,0.0,0.021945392712950706,0.024171102792024612,0.016910839825868607,0.031541917473077774,0.05432824790477753,0.08788053691387177,0.012278753332793713,0.04382873326539993,2.1977062392153357e-09,7.05967195813173e-09,1.214267797422508e-08,5.567105532122696e-08,0.0,0.0,0.4793426990509033,0.20641686022281647,0.41519373655319214,0.17868904769420624,0.6855471134185791,1.0,0.07243181020021439,0.0,0.16934320330619812,0.0,0.07267758995294571,0.0,1,6
NGSIM,MoE_OpenLoop,73,36,374,374,37.4,0.6115288734436035,0.7680543065071106,1.2207956314086914,1.5320016145706177,0.47458314895629883,0,-1,1,7,0.01871657754010695,2.0,374,1.975710153579712,0,0.0,0,0.0,0,9.813627243041992,0.0,0.0,0.0,0.46486765146255493,0.15143416821956635,0.48663100600242615,0.24280491471290588,0.24957673251628876,0.3021390438079834,0.10240593552589417,0.18908943235874176,0.0,0.18992143869400024,0.2428382933139801,0.21122995018959045,0.0,0.0,0.0,0.0,0.0,0.0,0.0,0.0,0.0,0.0,0.0,0.02160189300775528,0.021758396178483963,0.016628995537757874,0.023007113486528397,0.02079022116959095,0.04897968843579292,0.03178410604596138,0.04939350485801697,0.0,0.0,0.0,0.0,0.0,0.0,0.4576057493686676,0.16125701367855072,0.45158886909484863,0.15331146121025085,0.7166255116462708,1.0,0.07081063091754913,0.0,0.13207660615444183,0.0,0.08048710227012634,0.0,2,7
NGSIM,MoE_OpenLoop,73,37,310,310,31.0,0.6754761934280396,0.877999484539032,5.055041313171387,5.983257293701172,0.6616845726966858,0,-1,1,47,0.15161290322580645,2.0,310,1.6435726881027222,0,0.0,0,0.0,0,11.630196571350098,0.0,0.0,0.0,0.10858350992202759,0.21111281216144562,0.14516128599643707,0.349636048078537,0.23085395991802216,0.43870967626571655,0.1310528814792633,0.21703632175922394,0.14193548262119293,0.026670129969716072,0.11072574555873871,0.0,0.3261609971523285,0.23689307272434235,0.2290322631597519,0.057896338403224945,0.1598399132490158,0.04516129195690155,0.0,0.0,0.0,0.0,0.0,0.0043889787048101425,0.009863588958978653,0.030716966837644577,0.04156983271241188,0.01961393468081951,0.05211978778243065,0.007244390901178122,0.03246663138270378,2.4920721486410002e-08,1.0538983019614534e-07,3.142244864307031e-08,1.4320397667688667e-07,0.0,0.0,0.4941650331020355,0.2050752490758896,0.443870484828949,0.1958141028881073,0.689978837966919,1.0,0.07050003856420517,0.0,0.16950184106826782,0.0,0.07001939415931702,0.0,2,7
NGSIM,MoE_OpenLoop,73,38,302,302,30.200000000000003,0.7896329164505005,0.9986110925674438,3.531412124633789,4.187717914581299,0.8450541496276855,0,-1,1,37,0.12251655629139073,2.0,302,1.6292396783828735,0,0.0,0,0.0,0,7.981679916381836,0.02574865333735943,0.1088770180940628,0.0,0.26729893684387207,0.25560230016708374,0.3476821184158325,0.2944673001766205,0.24972014129161835,0.3576158881187439,0.07925383001565933,0.18234576284885406,0.06953642517328262,0.10910405218601227,0.2005748599767685,0.023178808391094208,0.1226000264286995,0.2152414470911026,0.14569535851478577,0.10152723640203476,0.19796575605869293,0.05629139021039009,0.0,0.0,0.0,0.0005832607857882977,0.00257479096762836,0.020894542336463928,0.03743183612823486,0.048023007810115814,0.05835692584514618,0.012853626161813736,0.04549591243267059,0.03510747849941254,0.07583654671907425,7.93558072587075e-08,5.896851575926121e-07,0.00228611147031188,0.017564600333571434,0.0,0.0,0.37556564807891846,0.21586884558200836,0.5046859383583069,0.1854867935180664,0.6941546201705933,1.0,0.07195126265287399,0.0,0.15982109308242798,0.0,0.074072927236557,0.0,1,6
NGSIM,MoE_OpenLoop,73,39,259,259,25.900000000000002,0.49758169054985046,0.5999834537506104,4.95490026473999,5.844206809997559,0.4942037761211395,0,-1,1,5,0.019305019305019305,2.0,259,1.9766682386398315,0,0.0,0,0.0,0,8.658121109008789,0.0,0.0,0.0,0.20278522372245789,0.25385090708732605,0.3243243098258972,0.36268851161003113,0.22136959433555603,0.27413126826286316,0.036629606038331985,0.130186527967453,0.0308880303055048,0.29355064034461975,0.2429482787847519,0.3088802993297577,0.05427909642457962,0.1529349684715271,0.011583011597394943,0.050067029893398285,0.14989018440246582,0.050193049013614655,0.0,0.0,0.0,0.0,0.0,0.009435772895812988,0.01728653535246849,0.0314333438873291,0.03828580677509308,0.0020829306449741125,0.008142725564539433,0.08595461398363113,0.0998278334736824,7.951328484523401e-09,4.4052512748748995e-08,3.529216696662729e-09,1.8406840496254517e-08,0.0,0.0,0.3913246989250183,0.17526887357234955,0.47976845502853394,0.13763876259326935,0.6952915191650391,1.0,0.07193233072757721,0.0,0.15709854662418365,0.0,0.07567757368087769,0.0,1,6
NGSIM,MoE_OpenLoop,73,40,391,391,39.1,0.7496517300605774,1.020904302597046,1.9103257656097412,2.4235973358154297,0.701354444026947,0,-1,1,56,0.1432225063938619,2.0,391,1.7540514469146729,0,0.0,0,0.0,0,8.035120010375977,0.006875152699649334,0.055072955787181854,0.0,0.423518568277359,0.2056562751531601,0.644501268863678,0.24553099274635315,0.2491092085838318,0.23017902672290802,0.11935532093048096,0.20247241854667664,0.012787723913788795,0.1348779946565628,0.21855612099170685,0.09974424540996552,0.04930514842271805,0.14609695971012115,0.012787723913788795,0.020536737516522408,0.09639308601617813,0.0,0.0,0.0,0.0,0.00022543266823049635,0.0018433080986142159,0.022703086957335472,0.027231309562921524,0.028153669089078903,0.051168423146009445,0.01869325153529644,0.0414741225540638,0.03693114593625069,0.0719209611415863,1.8569562598713674e-07,1.5772533288327395e-06,0.0020277739968150854,0.014550287276506424,0.0,0.0,0.4658113420009613,0.2200283706188202,0.4254542291164398,0.19274650514125824,0.695522129535675,1.0,0.07153631746768951,0.0,0.15876871347427368,0.0,0.0741727352142334,0.0,1,6
NGSIM,MoE_OpenLoop,73,41,291,291,29.1,0.4038547873497009,0.5414463877677917,6.961430549621582,8.206801414489746,0.8272460103034973,0,-1,0,0,0.0,2.0,291,2.108813762664795,0,0.0,0,0.0,0,3.891083002090454,0.0,0.0,0.0,0.08791425079107285,0.19084396958351135,0.05841924250125885,0.34148046374320984,0.23419396579265594,0.3848797380924225,0.0,0.0,0.0,0.27533096075057983,0.2476159781217575,0.2955326437950134,0.11500830203294754,0.21030293405056,0.09621993452310562,0.1020703911781311,0.20241253077983856,0.1649484485387802,0.0781957134604454,0.18046368658542633,0.0,0.0,0.0,0.0033568961080163717,0.007740930188447237,0.029148390516638756,0.051720838993787766,0.0,0.0,0.08524832129478455,0.09748468548059464,2.8883174064270323e-12,6.695622788849276e-12,0.001424861140549183,0.004229589831084013,0.03074267879128456,0.09055447578430176,0.3832043707370758,0.18365561962127686,0.466874361038208,0.12805768847465515,0.7046899795532227,1.0,0.07228833436965942,0.0,0.1416124701499939,0.0,0.08140942454338074,0.0,2,7
NGSIM,MoE_OpenLoop,73,42,462,462,46.2,0.6166466474533081,0.785704493522644,1.2217038869857788,1.5293405055999756,0.4459765553474426,0,-1,1,208,0.45021645021645024,2.0,462,1.5034699440002441,0,0.0,0,0.0,0,5.883725166320801,0.0,0.0,0.0,0.28345054388046265,0.2525785267353058,0.31385281682014465,0.21225506067276,0.24967516958713531,0.2770562767982483,0.19359752535820007,0.241636261343956,0.19696970283985138,0.16157867014408112,0.2309425324201584,0.11688311398029327,0.07898252457380295,0.18086989223957062,0.0043290043249726295,0.07013580203056335,0.17340750992298126,0.09090909361839294,0.0,0.0,0.0,0.0,0.0,0.018870366737246513,0.024254562333226204,0.020234281197190285,0.04103425145149231,0.0403883196413517,0.06764690577983856,0.05931338667869568,0.09967893362045288,6.624596835536067e-07,5.749687261413783e-06,0.00023034393962007016,0.0018955330597236753,0.0,0.0,0.4476047456264496,0.21156823635101318,0.41335809230804443,0.18464170396327972,0.6914100050926208,1.0,0.07275159657001495,0.0,0.16065537929534912,0.0,0.07518304884433746,0.0,0,5
NGSIM,MoE_OpenLoop,73,43,398,398,39.800000000000004,0.6948020458221436,0.8837243318557739,6.051324844360352,7.009395599365234,0.6356391906738281,0,-1,1,164,0.4120603015075377,2.0,398,1.5907093286514282,0,0.0,0,0.0,0,13.5802583694458,0.0,0.0,0.0,0.1474492996931076,0.23005841672420502,0.1557788997888565,0.17197135090827942,0.2375059723854065,0.08793970197439194,0.23577846586704254,0.2481241524219513,0.23618090152740479,0.016636280342936516,0.0871366411447525,0.0,0.29186537861824036,0.2482372224330902,0.40954774618148804,0.1362992823123932,0.22202080488204956,0.11055276542901993,0.0,0.0,0.0,0.0,0.0,0.007314981427043676,0.013990255072712898,0.014174244366586208,0.03443392366170883,0.04248744621872902,0.0840480700135231,0.005408535245805979,0.029232513159513474,2.2713738871971145e-06,2.2644659111392684e-05,1.0115160264945189e-08,3.414957916447747e-08,0.0,0.0,0.5064783096313477,0.21310749650001526,0.4241340756416321,0.21178629994392395,0.6855787634849548,1.0,0.071612149477005,0.0,0.1718793660402298,0.0,0.07092908769845963,0.0,1,6
NGSIM,MoE_OpenLoop,73,44,661,661,66.10000000000001,0.5878947973251343,0.7853949069976807,3.325544834136963,3.952489137649536,0.8094181418418884,0,-1,1,149,0.2254160363086233,2.0,661,1.4258322715759277,0,0.0,0,0.0,0,5.760529518127441,0.004941602703183889,0.047770895063877106,0.0,0.3037300705909729,0.2552206814289093,0.49016642570495605,0.14067815244197845,0.22093430161476135,0.07261724770069122,0.07088461518287659,0.1691080778837204,0.03933434188365936,0.2571617364883423,0.24849504232406616,0.20726172626018524,0.014923734590411186,0.08451125025749207,0.010590014979243279,0.18140818178653717,0.2420661449432373,0.18003025650978088,0.02627195604145527,0.10790510475635529,0.0,0.00016592103929724544,0.0016538474010303617,0.020843392238020897,0.037451814860105515,0.016465099528431892,0.03211113438010216,0.008525530807673931,0.025762539356946945,0.04251011088490486,0.07664661109447479,7.391828038549875e-09,5.626910137834784e-08,0.004976839758455753,0.027283906936645508,0.008808591403067112,0.0435817688703537,0.4434114396572113,0.17686277627944946,0.45429307222366333,0.16016197204589844,0.7189815044403076,1.0,0.071839340031147,0.0,0.1204359233379364,0.0,0.08874336630105972,0.0,2,7
NGSIM,MoE_OpenLoop,73,45,149,149,14.9,0.8916583061218262,1.0894068479537964,2.698990821838379,3.061561346054077,0.8848367929458618,0,-1,1,149,1.0,2.0,149,1.0666693449020386,0,0.0,0,0.0,0,22.470914840698242,0.0,0.0,0.0,0.515334963798523,0.015051819384098053,0.9463087320327759,0.0,0.0,0.0,0.0,0.0,0.0,0.4846649169921875,0.015051819384098053,0.05369127541780472,0.0,0.0,0.0,0.0,0.0,0.0,0.0,0.0,0.0,0.0,0.0,0.010007841512560844,0.006500147748738527,0.0,0.0,0.0,0.0,0.09936361014842987,0.03931713476777077,0.0,0.0,0.0,0.0,0.0,0.0,0.484179824590683,0.16797424852848053,0.40644872188568115,0.1569722592830658,0.6686046719551086,1.0,0.07600950449705124,0.0,0.1845848709344864,0.0,0.07080090045928955,0.0,1,6
NGSIM,MoE_OpenLoop,73,46,562,562,56.2,0.6092326045036316,0.7854103446006775,1.8400392532348633,2.095994234085083,0.5603492856025696,0,-1,1,135,0.2402135231316726,2.0,562,1.6675337553024292,0,0.0,0,0.0,0,4.934762001037598,0.0,0.0,0.0,0.308925986289978,0.25985434651374817,0.46975088119506836,0.2595113515853882,0.24475471675395966,0.1263345181941986,0.09023106843233109,0.18116675317287445,0.010676156729459763,0.2804757058620453,0.24881722033023834,0.34697508811950684,0.02680894359946251,0.11099620163440704,0.0017793594161048532,0.03404685854911804,0.12643925845623016,0.044483985751867294,0.0,0.0,0.0,0.0,0.0,0.021667396649718285,0.02963254414498806,0.024669140577316284,0.03359707444906235,0.02305426076054573,0.049463871866464615,0.06382768601179123,0.07754936069250107,5.713222117620376e-10,4.132243880405895e-09,0.0014751568669453263,0.00981926266103983,0.0,0.0,0.427418053150177,0.18338434398174286,0.43788838386535645,0.16868995130062103,0.7023321986198425,1.0,0.07269182801246643,0.0,0.14526480436325073,0.0,0.07971112430095673,0.0,1,6
NGSIM,MoE_OpenLoop,73,47,229,229,22.900000000000002,0.6777690052986145,0.8884022235870361,9.236043930053711,10.795876502990723,1.0846748352050781,0,-1,1,187,0.8165938864628821,2.0,229,1.1572680473327637,0,0.0,0,0.0,0,9.362367630004883,0.0,0.0,0.0,0.4550158977508545,0.17460471391677856,0.663755476474762,0.19085082411766052,0.2309798002243042,0.034934498369693756,0.11942515522241592,0.20288784801959991,0.0,0.0,0.0,0.0,0.0,0.0,0.0,0.2347080111503601,0.253084272146225,0.3013100326061249,0.0,0.0,0.0,0.0,0.0,0.019446009770035744,0.012332002632319927,0.021497925743460655,0.0332578681409359,0.014957813546061516,0.028906293213367462,0.0,0.0,0.0,0.0,3.196100806235336e-07,5.938744607192348e-07,0.0,0.0,0.46663957834243774,0.21356141567230225,0.47745832800865173,0.19767318665981293,0.6659212112426758,1.0,0.07436173409223557,0.0,0.18836486339569092,0.0,0.07135212421417236,0.0,1,6
NGSIM,MoE_OpenLoop,73,48,257,257,25.700000000000003,0.6141311526298523,0.8247784972190857,2.976287603378296,3.5642459392547607,0.6483397483825684,0,-1,0,0,0.0,2.0,257,2.1304373741149902,0,0.0,0,0.0,0,13.704009056091309,0.07531096786260605,0.17043623328208923,0.0,0.3877476453781128,0.23361240327358246,0.5914396643638611,0.30389681458473206,0.24911336600780487,0.400778204202652,0.13481149077415466,0.2104438692331314,0.0077821011655032635,0.0347861722111702,0.12312743812799454,0.0,0.05313337594270706,0.14902850985527039,0.0,0.010313545353710651,0.0667077898979187,0.0,0.0,0.0,0.0,0.005438423249870539,0.016202006489038467,0.03686637058854103,0.05371616780757904,0.023844143375754356,0.030407391488552094,0.03800688311457634,0.08940593153238297,0.011201058514416218,0.044455088675022125,1.7147962216856882e-10,6.564950805199032e-10,2.1073365985557757e-07,2.768976628431119e-06,0.0,0.0,0.44185492396354675,0.19716131687164307,0.44278833270072937,0.19523367285728455,0.7135828137397766,1.0,0.07009865343570709,0.0,0.1411646157503128,0.0,0.07515386492013931,0.0,0,5
NGSIM,MoE_OpenLoop,73,49,176,176,17.6,0.863408088684082,1.1212962865829468,4.678379535675049,5.699413776397705,0.7286306023597717,0,-1,1,176,1.0,2.0,176,0.9902403354644775,0,0.0,0,0.0,0,19.640640258789062,0.0,0.0,0.0,0.5110731720924377,0.01643557846546173,0.7556818127632141,0.0,0.0,0.0,0.0,0.0,0.0,0.4889269769191742,0.016442377120256424,0.2443181872367859,0.0,0.0,0.0,0.0,0.0,0.0,0.0,0.0,0.0,0.0,0.0,0.016503801569342613,0.012221935205161572,0.0,0.0,0.0,0.0,0.10761599242687225,0.07697685807943344,0.0,0.0,0.0,0.0,0.0,0.0,0.4079243540763855,0.17185670137405396,0.4679557979106903,0.12945140898227692,0.6522959470748901,1.0,0.07770854979753494,0.0,0.1973860263824463,0.0,0.07260940223932266,0.0,1,6
NGSIM,MoE_OpenLoop,73,50,195,195,19.5,0.530068576335907,0.6635581851005554,1.7209392786026,1.9833929538726807,0.471011757850647,0,-1,1,155,0.7948717948717948,2.0,195,1.5721417665481567,0,0.0,0,0.0,0,7.232167720794678,0.0,0.0,0.0,0.5259054899215698,0.06765536963939667,0.9487179517745972,0.12964829802513123,0.2096119076013565,0.0,0.15843512117862701,0.21662402153015137,0.0,0.1130756363272667,0.20067501068115234,0.0,0.022794092074036598,0.10362735390663147,0.0051282052882015705,0.05014123022556305,0.1484919637441635,0.04615384712815285,0.0,0.0,0.0,0.0,0.0,0.03880821540951729,0.03816049546003342,0.022374741733074188,0.040952764451503754,0.0227198526263237,0.043199796229600906,0.01836191676557064,0.041269831359386444,2.752179000253818e-07,1.6295020941470284e-06,8.207950304495171e-05,0.0007283513550646603,0.0,0.0,0.4268556535243988,0.21613147854804993,0.47079727053642273,0.19572366774082184,0.673412561416626,1.0,0.07449759542942047,0.0,0.17846331000328064,0.0,0.07362651824951172,0.0,2,7
NGSIM,MoE_OpenLoop,73,51,361,361,36.1,0.4085223376750946,0.5098279714584351,9.77079963684082,11.442968368530273,0.7060797810554504,0,-1,0,0,0.0,2.0,361,2.0077624320983887,0,0.0,0,0.0,0,16.758407592773438,0.06928512454032898,0.1708725392818451,0.041551247239112854,0.16756728291511536,0.23920579254627228,0.22714681923389435,0.3254741430282593,0.2445184886455536,0.4764542877674103,0.05861277133226395,0.15740305185317993,0.016620498150587082,0.09441186487674713,0.19425520300865173,0.03601108118891716,0.20197488367557526,0.24545201659202576,0.19944597780704498,0.08267398178577423,0.18158523738384247,0.002770083025097847,0.0,0.0,0.0,0.007926895283162594,0.02117406763136387,0.020108560100197792,0.04014743119478226,0.026891138404607773,0.03385496512055397,0.029137613251805305,0.09506876766681671,0.027492888271808624,0.06313428282737732,2.3786411729176393e-10,1.0761422863936332e-09,5.99785915378348e-11,4.524063346167395e-10,0.0,0.0,0.4698140621185303,0.1668168008327484,0.4186290502548218,0.19353823363780975,0.7155608534812927,1.0,0.07118426263332367,0.0,0.13397565484046936,0.0,0.07927928119897842,0.0,0,5
NGSIM,MoE_OpenLoop,73,52,218,218,21.8,0.7021931409835815,0.9162333607673645,1.9005991220474243,2.426299810409546,0.8462435007095337,0,-1,0,0,0.0,2.0,218,2.2631025314331055,0,0.0,0,0.0,0,15.207416534423828,0.06023786589503288,0.16369754076004028,0.11467889696359634,0.4849306643009186,0.14406991004943848,0.6146789193153381,0.23447614908218384,0.2482851892709732,0.2706421911716461,0.14817467331886292,0.2089015245437622,0.0,0.004162906669080257,0.04326220601797104,0.0,0.028732892125844955,0.11410220712423325,0.0,0.03928491100668907,0.13107429444789886,0.0,0.0,0.0,0.0,0.006149521097540855,0.018729830160737038,0.05642940104007721,0.1007562130689621,0.024796340614557266,0.03866695612668991,0.024171261116862297,0.04908422380685806,0.000764049356803298,0.008118580095469952,4.6112116902641276e-10,2.541879595696628e-09,0.0031555932946503162,0.025494853034615517,0.0,0.0,0.4527910649776459,0.18358588218688965,0.4317430257797241,0.15920548141002655,0.7108315825462341,1.0,0.07157502323389053,0.0,0.13925451040267944,0.0,0.0783391073346138,0.0,1,6
NGSIM,MoE_OpenLoop,73,53,415,415,41.5,0.8512539267539978,1.073972463607788,8.219961166381836,9.998153686523438,1.1914899349212646,0,-1,1,59,0.14216867469879518,2.0,415,1.9116584062576294,0,0.0,0,0.0,0,10.171724319458008,0.0657915398478508,0.1618247926235199,0.0,0.39657533168792725,0.22886842489242554,0.6795180439949036,0.23120099306106567,0.24948255717754364,0.18554216623306274,0.11826945841312408,0.20115165412425995,0.021686747670173645,0.10365628451108932,0.19993779063224792,0.06506024301052094,0.04436724632978439,0.14183606207370758,0.048192769289016724,0.04013940691947937,0.1323213428258896,0.0,0.0,0.0,0.0,0.004646651446819305,0.014002962037920952,0.0339764729142189,0.04075799882411957,0.03075571171939373,0.04355624318122864,0.03224967420101166,0.07429228723049164,0.04095443710684776,0.08711995929479599,2.4113666086122976e-07,3.0692458494741004e-06,0.0007302328012883663,0.007758354768157005,0.0,0.0,0.41075649857521057,0.23938560485839844,0.4459300935268402,0.19324621558189392,0.6974911093711853,1.0,0.07227308303117752,0.0,0.15562424063682556,0.0,0.07461132109165192,0.0,2,7
NGSIM,MoE_OpenLoop,73,54,203,203,20.3,0.6940538287162781,0.8419816493988037,4.745047569274902,5.405657768249512,0.7418721914291382,0,-1,0,0,0.0,2.0,203,2.400621175765991,0,0.0,0,0.0,0,21.5875244140625,0.10915026813745499,0.2106056809425354,0.1822660118341446,0.1182563453912735,0.20971833169460297,0.04926108196377754,0.311165452003479,0.24353273212909698,0.33990147709846497,0.028382649645209312,0.11324040591716766,0.0,0.27559083700180054,0.2511777877807617,0.3448275923728943,0.10760273784399033,0.2046266794204712,0.07881773263216019,0.04985173046588898,0.1467863917350769,0.004926108289510012,0.0,0.0,0.0,0.006544922944158316,0.017008310183882713,0.0156797394156456,0.03910130262374878,0.026713397353887558,0.029758930206298828,0.015766216441988945,0.06600993126630783,0.1293705552816391,0.1512850522994995,1.933436344359052e-08,1.2561417861434165e-07,0.006280609406530857,0.039509620517492294,0.0,0.0,0.331169456243515,0.2093241661787033,0.4684750437736511,0.15976960957050323,0.7154521942138672,1.0,0.07102341204881668,0.0,0.13619571924209595,0.0,0.07732865959405899,0.0,1,6
NGSIM,MoE_OpenLoop,73,55,457,457,45.7,0.6343024969100952,0.7656257748603821,4.616186141967773,5.306485176086426,0.8929732441902161,0,-1,1,133,0.2910284463894967,2.0,457,1.8168357610702515,0,0.0,0,0.0,0,10.592041969299316,0.01365660224109888,0.07683257758617401,0.0,0.2641601860523224,0.2653811573982239,0.426695853471756,0.21507692337036133,0.24723491072654724,0.23632384836673737,0.2429218590259552,0.2389386147260666,0.10940919071435928,0.0,0.0,0.0,0.22807934880256653,0.24852389097213745,0.19912472367286682,0.03610510379076004,0.12946075201034546,0.028446389362215996,0.0,0.0,0.0,0.0010610430035740137,0.006232408806681633,0.021140579134225845,0.029206236824393272,0.021417994052171707,0.03412289172410965,0.054928869009017944,0.08310200273990631,0.0,0.0,2.3281918970496918e-07,2.1780449515063083e-06,4.943459863682165e-09,2.4190006442381673e-08,0.0,0.0,0.4961562156677246,0.19982518255710602,0.4052952527999878,0.19439861178398132,0.6914455890655518,1.0,0.07219348102807999,0.0,0.16280724108219147,0.0,0.0735536739230156,0.0,0,5
NGSIM,MoE_OpenLoop,73,56,226,226,22.6,0.5797387361526489,0.7547376751899719,5.910949230194092,6.826029300689697,0.7507879137992859,0,-1,0,0,0.0,2.0,226,2.347064733505249,0,0.0,0,0.0,0,17.27956199645996,0.0,0.0,0.0,0.2285095751285553,0.2639767527580261,0.39823007583618164,0.34578245878219604,0.23445114493370056,0.5840708017349243,0.15839645266532898,0.22518527507781982,0.017699114978313446,0.14128530025482178,0.21783822774887085,0.0,0.1260262280702591,0.2145185023546219,0.0,0.0,0.0,0.0,0.0,0.0,0.0,0.0,0.0,0.011089401319622993,0.014895107597112656,0.01526427548378706,0.02849624864757061,0.01710701175034046,0.04364680498838425,0.031288985162973404,0.0746358335018158,3.7747058256876187e-10,7.379357125358865e-10,0.0,0.0,0.0,0.0,0.4457148015499115,0.15206609666347504,0.47953540086746216,0.13187329471111298,0.711272656917572,1.0,0.07139305025339127,0.0,0.1378640979528427,0.0,0.07947029918432236,0.0,2,7
NGSIM,MoE_OpenLoop,73,57,515,515,51.5,0.4933289885520935,0.624804675579071,3.9529664516448975,4.744389533996582,0.6746826767921448,0,-1,1,140,0.27184466019417475,2.0,515,1.6859205961227417,0,0.0,0,0.0,0,2.314199924468994,0.0,0.0,0.0,0.38227376341819763,0.23227286338806152,0.5398058295249939,0.15312045812606812,0.22328254580497742,0.04466019570827484,0.05264867842197418,0.14366479218006134,0.0,0.20861808955669403,0.2447764128446579,0.21747572720050812,0.0,0.0,0.0,0.10897710174322128,0.20804812014102936,0.18058252334594727,0.0943618044257164,0.1934722661972046,0.017475727945566177,0.0,0.0,0.03342830762267113,0.047106850892305374,0.027234625071287155,0.04938711225986481,0.009709208272397518,0.0304112546145916,0.06321457028388977,0.09503626823425293,0.0,0.0,0.008345944806933403,0.03144039586186409,0.037879057228565216,0.10605151206254959,0.4203372299671173,0.19760845601558685,0.3998510241508484,0.17870043218135834,0.6976378560066223,1.0,0.07304258644580841,0.0,0.14824628829956055,0.0,0.08107328414916992,0.0,0,5
NGSIM,MoE_OpenLoop,73,58,301,301,30.1,0.7921656370162964,0.9883381128311157,7.096560478210449,8.047593116760254,0.8553633093833923,0,-1,1,25,0.08305647840531562,2.0,301,1.8475606441497803,0,0.0,0,0.0,0,9.788972854614258,0.0,0.0,0.0,0.28430742025375366,0.25828713178634644,0.5116279125213623,0.21854549646377563,0.24929793179035187,0.19601328670978546,0.18094554543495178,0.2334984391927719,0.019933555275201797,0.041918765753507614,0.13640400767326355,0.019933555275201797,0.1922275871038437,0.23953308165073395,0.13621261715888977,0.08205534517765045,0.18610632419586182,0.11627907305955887,0.0,0.0,0.0,0.0,0.0,0.01632792316377163,0.022283554077148438,0.026289358735084534,0.05173758789896965,0.03028884530067444,0.05093162879347801,0.01090878713876009,0.035800304263830185,2.380768080456619e-07,2.6078421342390357e-06,1.0742580158762394e-08,3.880440146986075e-08,0.0,0.0,0.45233163237571716,0.19674240052700043,0.4638529419898987,0.1916613131761551,0.6903000473976135,1.0,0.07203719019889832,0.0,0.16345269978046417,0.0,0.0742100328207016,0.0,2,7
NGSIM,MoE_OpenLoop,73,59,207,207,20.700000000000003,0.7881918549537659,0.9720500111579895,2.602750778198242,3.4743614196777344,0.6633332371711731,0,-1,1,26,0.12560386473429952,2.0,207,1.8553091287612915,0,0.0,0,0.0,0,11.811749458312988,0.03530211001634598,0.12198171764612198,0.0,0.3593710958957672,0.24357222020626068,0.6328502297401428,0.1320164054632187,0.21947231888771057,0.04830917716026306,0.20062844455242157,0.23832076787948608,0.06280193477869034,0.0,0.0,0.0,0.2632880210876465,0.24513009190559387,0.256038635969162,0.009393982589244843,0.06692183762788773,0.0,0.0,0.0,0.0,0.0011825727997347713,0.004253307357430458,0.029222730547189713,0.03030930459499359,0.0033732084557414055,0.010433334857225418,0.052057310938835144,0.07761462777853012,0.0,0.0,3.378495705419482e-07,1.5903975736364373e-06,1.1249904653676257e-11,1.3077113003578944e-10,0.0,0.0,0.430806040763855,0.21357671916484833,0.48335766792297363,0.21369004249572754,0.7051663398742676,1.0,0.07237615436315536,0.0,0.14736275374889374,0.0,0.07509469985961914,0.0,2,7
NGSIM,MoE_OpenLoop,73,60,217,217,21.700000000000003,0.5893235206604004,0.678544819355011,5.389194011688232,6.129475116729736,0.6525925397872925,0,-1,1,217,1.0,2.0,217,1.3803374767303467,0,0.0,0,0.0,0,19.50884437561035,0.0,0.0,0.0,0.37565091252326965,0.2247508317232132,0.5437787771224976,0.15864187479019165,0.22523605823516846,0.0,0.0,0.0,0.0,0.3578382134437561,0.2268037497997284,0.3410138189792633,0.0,0.0,0.0,0.10786894708871841,0.20518751442432404,0.11520737409591675,0.0,0.0,0.0,0.0,0.0,0.03133237361907959,0.031269874423742294,0.016182027757167816,0.030582061037421227,0.0,0.0,0.1470620036125183,0.11200376600027084,0.0,0.0,8.723739092220129e-11,2.6315594148229593e-10,0.0,0.0,0.3305429518222809,0.17414507269859314,0.47488078474998474,0.15592508018016815,0.6656009554862976,1.0,0.07702824473381042,0.0,0.18110902607440948,0.0,0.07626163214445114,0.0,2,7
NGSIM,MoE_OpenLoop,73,61,218,218,21.8,0.3988001346588135,0.5665889978408813,1.3903155326843262,1.9048285484313965,0.6110098361968994,0,-1,1,218,1.0,2.0,218,1.2059465646743774,0,0.0,0,0.0,0,14.79405403137207,0.0,0.0,0.0,0.3411385715007782,0.23523502051830292,0.30733945965766907,0.11578571796417236,0.20688779652118683,0.0,0.01784525439143181,0.08599910140037537,0.0,0.3398404121398926,0.23635053634643555,0.4128440320491791,0.0,0.0,0.0,0.18539005517959595,0.24362674355506897,0.27981650829315186,0.0,0.0,0.0,0.0,0.0,0.02809554897248745,0.03169410675764084,0.013888857327401638,0.02685972861945629,0.001201142673380673,0.006350300740450621,0.10772840678691864,0.09451892226934433,0.0,0.0,3.057758490854212e-08,8.533899631402164e-08,0.0,0.0,0.3690204322338104,0.20885534584522247,0.4800654649734497,0.19860513508319855,0.6489490866661072,1.0,0.07803787291049957,0.0,0.19818326830863953,0.0,0.07482990622520447,0.0,1,6
NGSIM,MoE_OpenLoop,73,62,431,431,43.1,0.5425641536712646,0.6862570643424988,3.190124273300171,4.19245719909668,0.5927466154098511,0,-1,1,103,0.23897911832946636,2.0,431,1.2658759355545044,0,0.0,0,0.0,0,6.129602432250977,0.0,0.0,0.0,0.4013911187648773,0.22576995193958282,0.6125289797782898,0.2818695306777954,0.23244762420654297,0.05800464004278183,0.0818277895450592,0.18001480400562286,0.05336426943540573,0.16616526246070862,0.23477968573570251,0.19721578061580658,0.0397096648812294,0.1357038915157318,0.05568445473909378,0.029036518186330795,0.11701717972755432,0.02320185676217079,0.0,0.0,0.0,0.0,0.0,0.020160311833024025,0.020248133689165115,0.016784554347395897,0.04235652834177017,0.004869610071182251,0.013804454356431961,0.029780307784676552,0.055496085435152054,1.484348466362917e-08,8.824574848631528e-08,1.0919549708887644e-09,4.599414626937914e-09,0.0,0.0,0.4737093150615692,0.15369917452335358,0.45469537377357483,0.13488063216209412,0.6811676621437073,1.0,0.07427358627319336,0.0,0.16680486500263214,0.0,0.07775378972291946,0.0,0,5
NGSIM,MoE_OpenLoop,73,63,508,508,50.800000000000004,0.7813464999198914,1.000802993774414,14.282272338867188,15.454239845275879,0.8128706812858582,0,-1,1,222,0.43700787401574803,2.0,508,1.7140823602676392,0,0.0,0,0.0,0,7.319040775299072,0.058977678418159485,0.15851251780986786,0.06102362275123596,0.4565680921077728,0.18085025250911713,0.7086614370346069,0.17652219533920288,0.2368665486574173,0.13779526948928833,0.14304471015930176,0.21216778457164764,0.007874015718698502,0.10004911571741104,0.19374671578407288,0.009842519648373127,0.04723742604255676,0.1462843418121338,0.05905511975288391,0.0176010150462389,0.09186602383852005,0.015748031437397003,0.0,0.0,0.0,0.0019999805372208357,0.005559918005019426,0.03582122176885605,0.03545823320746422,0.026822304353117943,0.050444941967725754,0.03790877014398575,0.07990054786205292,0.027989134192466736,0.07140140980482101,8.750156439418788e-07,1.2739090379909612e-05,4.383726714962677e-09,4.073344328503481e-08,0.0,0.0,0.4720820486545563,0.22296640276908875,0.3973752558231354,0.19798792898654938,0.6884092688560486,1.0,0.07339181751012802,0.0,0.16286514699459076,0.0,0.07533352822065353,0.0,0,5
NGSIM,MoE_OpenLoop,73,64,390,390,39.0,0.5052739381790161,0.6602094769477844,3.7720584869384766,4.50731897354126,0.5077875256538391,0,-1,1,229,0.5871794871794872,2.0,390,1.60731840133667,0,0.0,0,0.0,0,8.783597946166992,0.0,0.0,0.0,0.5064492225646973,0.11593993753194809,0.9102563858032227,0.16328822076320648,0.22732508182525635,0.043589744716882706,0.1638433337211609,0.21784323453903198,0.0,0.11386372148990631,0.20209380984306335,0.0,0.031338922679424286,0.11976485699415207,0.007692307699471712,0.021216483786702156,0.1025935560464859,0.03846153989434242,0.0,0.0,0.0,0.0,0.0,0.027247775346040726,0.02036888524889946,0.024767642840743065,0.049281444400548935,0.022921554744243622,0.04815862700343132,0.0234727393835783,0.058301761746406555,3.2298560199706117e-06,4.114595503779128e-05,1.348791478505973e-08,6.915173855759349e-08,0.0,0.0,0.450421541929245,0.2023724764585495,0.4511656165122986,0.17173656821250916,0.6789336204528809,1.0,0.07362427562475204,0.0,0.17312754690647125,0.0,0.07431423664093018,0.0,2,7
NGSIM,MoE_OpenLoop,73,65,695,695,69.5,0.5069082379341125,0.6643316745758057,2.3606863021850586,2.740793466567993,0.4848051965236664,0,-1,1,463,0.6661870503597123,2.0,695,1.4335501194000244,0,0.0,0,0.0,0,6.730813026428223,0.0,0.0,0.0,0.5150519013404846,0.09454642981290817,0.9050359725952148,0.21111713349819183,0.23071573674678802,0.012949639931321144,0.08643306791782379,0.17942661046981812,0.0014388489071279764,0.14274899661540985,0.2208544760942459,0.05611510947346687,0.011531534604728222,0.07513617724180222,0.01582733727991581,0.033117782324552536,0.12164454907178879,0.008633093908429146,0.0,0.0,0.0,0.0,0.0,0.02890184335410595,0.019501863047480583,0.019252248108386993,0.03855396807193756,0.009608534164726734,0.029946647584438324,0.0268864743411541,0.056460924446582794,2.9462196380336536e-06,4.336348138167523e-05,0.00027341709937900305,0.003963339142501354,0.0,0.0,0.4718143045902252,0.17929208278656006,0.4432604908943176,0.15850161015987396,0.6747970581054688,1.0,0.07474479079246521,0.0,0.17419028282165527,0.0,0.07626760005950928,0.0,1,6
NGSIM,MoE_OpenLoop,73,66,163,163,16.3,0.8271751403808594,1.008710503578186,6.198536396026611,8.147076606750488,1.1642810106277466,0,-1,1,85,0.5214723926380368,2.0,163,1.724919080734253,0,0.0,0,0.0,0,36.137264251708984,0.0,0.0,0.0,0.5200945734977722,0.01120522990822792,1.0,0.0,0.0,0.0,0.0,0.0,0.0,0.4799053966999054,0.01120389997959137,0.0,0.0,0.0,0.0,0.0,0.0,0.0,0.0,0.0,0.0,0.0,0.0,0.031060218811035156,0.010954256169497967,0.0,0.0,0.0,0.0,0.2045111358165741,0.164316788315773,0.0,0.0,0.0,0.0,0.0,0.0,0.3109409213066101,0.1401514708995819,0.45348769426345825,0.2175663858652115,0.6953805685043335,1.0,0.0744384229183197,0.0,0.15298457443714142,0.0,0.07719633728265762,0.0,2,7
NGSIM,MoE_OpenLoop,73,67,453,453,45.300000000000004,0.5803889036178589,0.7882347702980042,4.22243070602417,4.9025068283081055,0.803378164768219,0,-1,0,0,0.0,2.0,453,2.145686149597168,0,0.0,0,0.0,0,8.347661972045898,0.037477850914001465,0.12952694296836853,0.0,0.2674085795879364,0.2532302737236023,0.34437087178230286,0.3076305389404297,0.24670691788196564,0.379690945148468,0.012111831456422806,0.07677797973155975,0.008830022066831589,0.2740249037742615,0.2460813671350479,0.20529800653457642,0.07688595354557037,0.17694664001464844,0.026490066200494766,0.024460263550281525,0.10828617960214615,0.035320088267326355,0.0,0.0,0.0,0.001588106038980186,0.00584255438297987,0.023820575326681137,0.04589296504855156,0.023769520223140717,0.028365926817059517,0.010463004000484943,0.06770078837871552,0.06322575360536575,0.07962099462747574,6.462593793443716e-10,7.116969680254215e-09,0.0028569521382451057,0.02103402651846409,0.0,0.0,0.37557336688041687,0.1838664561510086,0.49870291352272034,0.15445879101753235,0.7160048484802246,1.0,0.07096603512763977,0.0,0.1339268833398819,0.0,0.07910232990980148,0.0,2,7
NGSIM,MoE_OpenLoop,73,68,611,611,61.1,0.5350642800331116,0.6980623602867126,2.9116084575653076,4.04624080657959,0.5956467986106873,0,-1,1,133,0.2176759410801964,2.0,611,1.6012051105499268,0,0.0,0,0.0,0,7.312359809875488,0.0,0.0,0.0,0.42707785964012146,0.20557169616222382,0.6661211252212524,0.21597331762313843,0.24000470340251923,0.06710311025381088,0.1496983915567398,0.21991650760173798,0.040916528552770615,0.12641625106334686,0.21427443623542786,0.11456628143787384,0.06352563947439194,0.16735729575157166,0.0998363345861435,0.017308535054326057,0.08963510394096375,0.011456628330051899,0.0,0.0,0.0,0.0,0.0,0.027224358171224594,0.030558904632925987,0.01821567490696907,0.03923352435231209,0.03140232712030411,0.06447426974773407,0.03709515184164047,0.07252731174230576,8.466552259278615e-08,6.985627578615095e-07,0.0003487894719000906,0.004115890245884657,0.0,0.0,0.4534063935279846,0.20019099116325378,0.4323073625564575,0.17317277193069458,0.6882839202880859,1.0,0.07341060042381287,0.0,0.16206692159175873,0.0,0.07623804360628128,0.0,2,7
NGSIM,MoE_OpenLoop,73,69,573,573,57.300000000000004,0.6154157519340515,0.8124271631240845,5.236790657043457,6.063897132873535,0.6145399212837219,0,-1,1,149,0.2600349040139616,2.0,573,1.4913873672485352,0,0.0,0,0.0,0,2.536684274673462,0.0,0.0,0.0,0.2841114401817322,0.2611323893070221,0.4851658046245575,0.2414475977420807,0.244056835770607,0.10820244252681732,0.08988531678915024,0.18565011024475098,0.0,0.18657635152339935,0.24104563891887665,0.1780104786157608,0.04186966270208359,0.1369817852973938,0.027923211455345154,0.1114879697561264,0.21003545820713043,0.18673647940158844,0.0446217842400074,0.14126704633235931,0.013961605727672577,0.0,0.0,0.01993170939385891,0.03268526494503021,0.035049691796302795,0.060610197484493256,0.013028252869844437,0.03290155157446861,0.07070974260568619,0.11183585226535797,2.6402005914860638e-08,2.7616638931249327e-07,0.004400657024234533,0.01986462064087391,0.022997871041297913,0.0876305103302002,0.3781774938106537,0.20534777641296387,0.4557047188282013,0.18768174946308136,0.6946531534194946,1.0,0.07276157289743423,0.0,0.15546339750289917,0.0,0.0771225243806839,0.0,1,6
NGSIM,MoE_OpenLoop,73,70,562,562,56.2,0.6402478218078613,0.8640136122703552,3.364259958267212,4.070742130279541,0.6007901430130005,0,-1,1,100,0.17793594306049823,2.0,562,1.3237578868865967,0,0.0,0,0.0,0,2.789860963821411,0.0,0.0,0.0,0.319733589887619,0.2579798102378845,0.5071174502372742,0.23165641725063324,0.2465844750404358,0.15302491188049316,0.1389753818511963,0.2130311280488968,0.021352313458919525,0.11897006630897522,0.21186159551143646,0.1263345181941986,0.06865622103214264,0.17107436060905457,0.0693950206041336,0.08710400760173798,0.1896596997976303,0.11565836519002914,0.03490423038601875,0.12610073387622833,0.007117437664419413,0.0,0.0,0.02361377887427807,0.03632528334856033,0.027918975800275803,0.04537355154752731,0.021636981517076492,0.0500047542154789,0.035765599459409714,0.07421176880598068,3.372120915834387e-10,2.1851893627911068e-09,0.004939145874232054,0.014573357999324799,0.020890815183520317,0.08950599282979965,0.41269078850746155,0.18235433101654053,0.45254409313201904,0.16672195494174957,0.6983850598335266,1.0,0.0730152577161789,0.0,0.150237038731575,0.0,0.07836218178272247,0.0,1,6
NGSIM,MoE_OpenLoop,73,71,383,383,38.300000000000004,0.6463340520858765,0.8294246196746826,2.2164535522460938,2.6693074703216553,0.7228313684463501,0,-1,0,0,0.0,2.0,383,2.154360771179199,0,0.0,0,0.0,0,8.143280029296875,0.014105178415775299,0.0784539133310318,0.0,0.3876933157444,0.22046445310115814,0.5326370596885681,0.2365746796131134,0.25278031826019287,0.30026111006736755,0.1436423659324646,0.21816325187683105,0.002610966097563505,0.12356390058994293,0.21381784975528717,0.09399478137493134,0.036458034068346024,0.12738269567489624,0.0,0.04220588132739067,0.1423097401857376,0.0704960823059082,0.015756728127598763,0.08406233042478561,0.0,0.0004052116710226983,0.002298038685694337,0.027644792571663857,0.04189880192279816,0.015198181383311749,0.02453293651342392,0.023520899936556816,0.06753101199865341,0.04012906923890114,0.07635194808244705,2.2369506247343907e-10,1.065819543732971e-09,0.0048197731375694275,0.02727561630308628,0.004582391586154699,0.03079056367278099,0.391874223947525,0.19287924468517303,0.4918256402015686,0.18298572301864624,0.714510977268219,1.0,0.07047854363918304,0.0,0.13724903762340546,0.0,0.07776163518428802,0.0,0,5
NGSIM,MoE_OpenLoop,73,72,633,633,63.300000000000004,0.5597432255744934,0.708686351776123,4.2637858390808105,5.511223316192627,0.729533314704895,0,-1,1,49,0.07740916271721959,2.0,633,1.7957212924957275,0,0.0,0,0.0,0,3.727750301361084,0.058128248900175095,0.15772494673728943,0.06477092951536179,0.22612375020980835,0.2583107650279999,0.2543444037437439,0.2041025459766388,0.23846036195755005,0.06951026618480682,0.04099353775382042,0.12668830156326294,0.0,0.2095944881439209,0.25038689374923706,0.3364928960800171,0.08152852952480316,0.19296333193778992,0.15007898211479187,0.13724888861179352,0.2230481654405594,0.12480252981185913,0.04227994382381439,0.13706928491592407,0.0,0.007592436857521534,0.02729426510632038,0.024496618658304214,0.048422202467918396,0.03110780194401741,0.05864866450428963,0.017332671210169792,0.06932208687067032,0.0576331801712513,0.10699847340583801,1.2411239570797594e-12,1.4059644073971533e-11,0.012524474412202835,0.05490616708993912,0.017136719077825546,0.07053706049919128,0.45880112051963806,0.1822822540998459,0.3733753263950348,0.1687326580286026,0.7135360240936279,1.0,0.07187304645776749,0.0,0.13321271538734436,0.0,0.08137800544500351,0.0,2,7
NGSIM,MoE_OpenLoop,73,73,284,284,28.400000000000002,0.508017897605896,0.6391308307647705,2.311882972717285,2.667782783508301,0.46043041348457336,0,-1,1,18,0.06338028169014084,2.0,284,1.9654361009597778,0,0.0,0,0.0,0,14.218894958496094,0.0,0.0,0.0,0.26369842886924744,0.25894033908843994,0.35563379526138306,0.19259855151176453,0.2479541301727295,0.24295774102210999,0.2920076847076416,0.23814991116523743,0.2077464759349823,0.03613545745611191,0.1247112974524498,0.0,0.16632144153118134,0.23468177020549774,0.13380281627178192,0.04923833906650543,0.1489177942276001,0.05985915660858154,0.0,0.0,0.0,0.0,0.0,0.01609506830573082,0.02091010846197605,0.025098947808146477,0.04933642968535423,0.0513463094830513,0.0945180356502533,0.01297973282635212,0.048225101083517075,1.5053306867685023e-07,1.2323648661549669e-06,2.834555923314497e-09,1.0397521066352056e-08,0.0,0.0,0.49564704298973083,0.22066383063793182,0.39883294701576233,0.20874634385108948,0.6942539811134338,1.0,0.07113289833068848,0.0,0.16232861578464508,0.0,0.07228423655033112,0.0,0,5
NGSIM,MoE_OpenLoop,73,74,614,614,61.400000000000006,0.6675162315368652,0.8475882411003113,1.6796705722808838,2.1833345890045166,0.5645922422409058,0,-1,1,134,0.2182410423452769,2.0,614,1.6201717853546143,0,0.0,0,0.0,0,5.947463035583496,0.006812338717281818,0.055858489125967026,0.0,0.4101341664791107,0.21750284731388092,0.653094470500946,0.2094753384590149,0.24018266797065735,0.11074918508529663,0.16433900594711304,0.2266341745853424,0.05374592915177345,0.0945635661482811,0.19309858977794647,0.0732899010181427,0.040699705481529236,0.1352686733007431,0.014657980762422085,0.07397575676441193,0.17753024399280548,0.09283387660980225,0.0,0.0,0.0,0.0002150120126316324,0.0018048507627099752,0.029773643240332603,0.03497878462076187,0.02236677147448063,0.0396425724029541,0.0347953662276268,0.07566682249307632,0.03245919197797775,0.07397119700908661,2.0411134755704552e-05,0.0002773309242911637,0.0027249169070273638,0.0191482026129961,0.0,0.0,0.4548874795436859,0.20706090331077576,0.42275747656822205,0.180381178855896,0.6948267221450806,1.0,0.07241030782461166,0.0,0.15715435147285461,0.0,0.07560872286558151,0.0,1,6
NGSIM,MoE_OpenLoop,73,75,650,650,65.0,0.5664539933204651,0.804381787776947,2.4795873165130615,3.018455743789673,0.46023619174957275,0,-1,1,179,0.2753846153846154,2.0,650,1.5909351110458374,0,0.0,0,0.0,0,1.215636134147644,0.005040663760155439,0.0483175627887249,0.0,0.31798478960990906,0.2601443827152252,0.5600000023841858,0.09872261434793472,0.19294939935207367,0.02461538463830948,0.13018466532230377,0.20834693312644958,0.007692307699471712,0.11693446338176727,0.20911458134651184,0.05076923221349716,0.006070753093808889,0.0543842650949955,0.0,0.18191581964492798,0.243433877825737,0.3400000035762787,0.14314621686935425,0.22362427413463593,0.016923077404499054,0.0001712375378701836,0.0016748500056564808,0.019742989912629128,0.03001023270189762,0.012964338064193726,0.04208654910326004,0.02263191156089306,0.05453186109662056,0.03204262629151344,0.06425634026527405,9.119462518469845e-09,9.495092001543526e-08,0.010625177063047886,0.023658975958824158,0.0900883674621582,0.16900911927223206,0.454484760761261,0.17529386281967163,0.35724902153015137,0.19028224050998688,0.7001601457595825,1.0,0.07339662313461304,0.0,0.13965953886508942,0.0,0.08678346127271652,0.0,0,5
NGSIM,MoE_OpenLoop,73,76,271,271,27.1,0.8203229904174805,1.007442831993103,9.511417388916016,10.304875373840332,0.8049536943435669,0,-1,0,0,0.0,2.0,271,2.5878028869628906,0,0.0,0,0.0,0,24.334272384643555,0.0,0.0,0.0,0.014655623584985733,0.08403226733207703,0.0036900369450449944,0.4800202250480652,0.08442068845033646,0.3763837516307831,0.0,0.0,0.0,0.3828710615634918,0.2196025848388672,0.5830258131027222,0.12245301902294159,0.21368321776390076,0.036900367587804794,0.0,0.0,0.0,0.0,0.0,0.0,0.0,0.0,0.0004775457491632551,0.002738483250141144,0.026803528890013695,0.020327316597104073,0.0,0.0,0.13123910129070282,0.11069098114967346,4.840176003051422e-12,1.1957919029970121e-11,0.0,0.0,0.0,0.0,0.364778608083725,0.15530750155448914,0.47670117020606995,0.11026132106781006,0.7184313535690308,1.0,0.07123585045337677,0.0,0.130105659365654,0.0,0.0802270919084549,0.0,0,5
NGSIM,MoE_OpenLoop,73,77,358,358,35.800000000000004,0.7184292078018188,0.9275767207145691,3.38105845451355,4.079848289489746,0.6550277471542358,0,-1,1,287,0.8016759776536313,2.0,358,1.2170289754867554,0,0.0,0,0.0,0,9.503913879394531,0.0,0.0,0.0,0.17477086186408997,0.24669116735458374,0.24581006169319153,0.130438894033432,0.21911703050136566,0.14804469048976898,0.18821938335895538,0.2351665049791336,0.04748603329062462,0.010229265317320824,0.06766040623188019,0.0,0.19576755166053772,0.2359585464000702,0.0,0.3005738854408264,0.25535303354263306,0.5586591958999634,0.0,0.0,0.0,0.0,0.0,0.007970981299877167,0.01366445142775774,0.01874375343322754,0.039689816534519196,0.028441596776247025,0.05275467038154602,0.003109416924417019,0.02067796140909195,1.8699613065109588e-05,7.978165376698598e-05,4.681827704189345e-06,1.3952370863989927e-05,0.0,0.0,0.4977335035800934,0.23535552620887756,0.44397714734077454,0.22714363038539886,0.6630529165267944,1.0,0.07445078343153,0.0,0.19062469899654388,0.0,0.07187150418758392,0.0,0,5
NGSIM,MoE_OpenLoop,73,78,147,147,14.700000000000001,0.6934615969657898,0.876827597618103,7.45095682144165,8.287473678588867,0.9918527603149414,0,-1,1,147,1.0,2.0,147,1.3706694841384888,0,0.0,0,0.0,0,29.727638244628906,0.0,0.0,0.0,0.525388777256012,0.012800514698028564,1.0,0.0,0.0,0.0,0.0,0.0,0.0,0.47461140155792236,0.012811568565666676,0.0,0.0,0.0,0.0,0.0,0.0,0.0,0.0,0.0,0.0,0.0,0.0,0.014644213952124119,0.009889290668070316,0.0,0.0,0.0,0.0,0.1687738597393036,0.0647534430027008,0.0,0.0,0.0,0.0,0.0,0.0,0.4510038197040558,0.14455455541610718,0.3655779957771301,0.13017556071281433,0.6858534812927246,1.0,0.07592986524105072,0.0,0.1627655029296875,0.0,0.07545112818479538,0.0,2,7
NGSIM,MoE_OpenLoop,73,79,181,181,18.1,0.5681095719337463,0.7652133107185364,4.06429386138916,5.408563137054443,0.777341902256012,0,-1,0,0,0.0,2.0,181,2.149448871612549,0,0.0,0,0.0,0,33.49694061279297,0.0,0.0,0.0,0.39920926094055176,0.2098228484392166,0.5469613075256348,0.10029374063014984,0.1913759708404541,0.0,0.0,0.0,0.0,0.5004971027374268,0.023959388956427574,0.45303866267204285,0.0,0.0,0.0,0.0,0.0,0.0,0.0,0.0,0.0,0.0,0.0,0.019938811659812927,0.012917016632854939,0.008005491457879543,0.015745854005217552,0.0,0.0,0.16078370809555054,0.08907224237918854,0.0,0.0,0.0,0.0,0.0,0.0,0.2585586905479431,0.10226458311080933,0.5527132153511047,0.13889509439468384,0.7057269811630249,1.0,0.07401256263256073,0.0,0.1400737762451172,0.0,0.08018671721220016,0.0,1,6
NGSIM,MoE_OpenLoop,73,80,410,410,41.0,0.883946418762207,1.0861505270004272,3.4557838439941406,4.012685775756836,1.0485650300979614,0,-1,1,145,0.35365853658536583,2.0,410,1.4086894989013672,0,0.0,0,0.0,0,9.443212509155273,0.020868519321084023,0.09739696979522705,0.0,0.3796071410179138,0.23188164830207825,0.6146341562271118,0.1960223913192749,0.24179716408252716,0.13902439177036285,0.21852612495422363,0.24011994898319244,0.09512194991111755,0.02630307339131832,0.1079057827591896,0.0,0.03578857704997063,0.1274189054965973,0.017073171213269234,0.12288416177034378,0.21526578068733215,0.13414634764194489,0.0,0.0,0.0,0.0007675148081034422,0.0036518294364213943,0.021419653668999672,0.029282376170158386,0.025704506784677505,0.04416840523481369,0.024139616638422012,0.041512381285429,0.006870902609080076,0.03111763671040535,3.5637751807371387e-06,3.623783777584322e-05,9.78093703452032e-06,0.00012794308713637292,0.0,0.0,0.47927913069725037,0.22430747747421265,0.44180533289909363,0.193638414144516,0.6863149404525757,1.0,0.07220634073019028,0.0,0.16941925883293152,0.0,0.07205934077501297,0.0,1,6
NGSIM,MoE_OpenLoop,73,81,582,582,58.2,0.6534462571144104,0.814827024936676,2.5055267810821533,2.8791520595550537,0.6399627923965454,0,-1,0,0,0.0,2.0,582,2.1299703121185303,0,0.0,0,0.0,0,6.095714092254639,0.053988877683877945,0.14981722831726074,0.0,0.23497971892356873,0.2582380473613739,0.3522336781024933,0.3289824426174164,0.23930543661117554,0.39003437757492065,0.015196452848613262,0.08510134369134903,0.010309278033673763,0.13927437365055084,0.22060413658618927,0.08762886375188828,0.14205686748027802,0.22401298582553864,0.0841924399137497,0.07750482857227325,0.18027186393737793,0.07560137659311295,0.008016509003937244,0.060629766434431076,0.0,0.0026481314562261105,0.008459683507680893,0.03403453156352043,0.06343178451061249,0.029529891908168793,0.047898728400468826,0.009959450922906399,0.06247911974787712,0.043937310576438904,0.08607415854930878,5.740943276322241e-10,6.877347136224898e-09,0.007735198363661766,0.03844204545021057,0.001561522949486971,0.015056785196065903,0.41290467977523804,0.2025984823703766,0.45768916606903076,0.1724507063627243,0.7198368906974792,1.0,0.07057944685220718,0.0,0.1300184279680252,0.0,0.0795649066567421,0.0,1,6
NGSIM,MoE_OpenLoop,73,82,536,536,53.6,0.5985518097877502,0.7447608113288879,3.9227800369262695,4.746203899383545,0.7841567397117615,0,-1,1,36,0.06716417910447761,2.0,536,1.7874587774276733,0,0.0,0,0.0,0,10.068159103393555,0.04633999615907669,0.13853032886981964,0.0,0.37157508730888367,0.24223004281520844,0.6063432693481445,0.25457271933555603,0.25406742095947266,0.3246268630027771,0.11712893098592758,0.2002403438091278,0.011194029822945595,0.08381273597478867,0.18062402307987213,0.0,0.11743789166212082,0.2087196409702301,0.05783582106232643,0.009132648818194866,0.06309565901756287,0.0,0.0,0.0,0.0,0.0024580194149166346,0.008627030998468399,0.0265214703977108,0.03463362529873848,0.0328250527381897,0.06611114740371704,0.029183905571699142,0.06242697685956955,0.02658255584537983,0.06515154987573624,3.39093588763717e-08,2.549305406773783e-07,4.468698534765281e-05,0.0005217069410718977,0.0,0.0,0.43323177099227905,0.21664471924304962,0.4491528272628784,0.2006344348192215,0.7005614638328552,1.0,0.07153725624084473,0.0,0.15319575369358063,0.0,0.074706070125103,0.0,0,5
NGSIM,MoE_OpenLoop,73,83,273,273,27.3,0.7211711406707764,0.9197142124176025,8.877029418945312,9.862129211425781,0.9646861553192139,0,-1,1,101,0.36996336996337,2.0,273,1.609724998474121,0,0.0,0,0.0,0,8.588010787963867,0.033840395510196686,0.12373851984739304,0.0,0.4346439838409424,0.19892610609531403,0.7509157657623291,0.08571580052375793,0.1833401471376419,0.0,0.31400036811828613,0.22633063793182373,0.10256410390138626,0.022719377651810646,0.10164696723222733,0.0,0.06752456724643707,0.17056764662265778,0.06959707289934158,0.041555702686309814,0.14037498831748962,0.07692307978868484,0.0,0.0,0.0,0.002118031494319439,0.007906842045485973,0.030899230390787125,0.023641739040613174,0.01205061748623848,0.035440392792224884,0.09284365177154541,0.12567132711410522,0.011802992783486843,0.05321662873029709,2.2312642400379445e-08,1.209804167956463e-07,4.197011627127267e-09,1.4514610846561027e-08,0.0,0.0,0.4744446575641632,0.22173047065734863,0.37584102153778076,0.2061336487531662,0.689202606678009,1.0,0.07339038699865341,0.0,0.16204558312892914,0.0,0.07536140084266663,0.0,1,6
NGSIM,MoE_OpenLoop,73,84,511,511,51.1,0.7695265412330627,0.9387009143829346,4.493440628051758,5.717526912689209,0.6858861446380615,0,-1,0,0,0.0,2.0,511,2.432105302810669,0,0.0,0,0.0,0,6.619421005249023,0.06050396338105202,0.16149471700191498,0.04305283725261688,0.21016111969947815,0.2487911731004715,0.24461840093135834,0.2647532820701599,0.2484845519065857,0.19373777508735657,0.007560734637081623,0.05995497480034828,0.0,0.21269220113754272,0.24684850871562958,0.24266144633293152,0.10008309036493301,0.2017848938703537,0.13698630034923553,0.1154082790017128,0.21324695646762848,0.13894325494766235,0.02883732318878174,0.11349700391292572,0.0,0.002354962984099984,0.0067102303728461266,0.03465168923139572,0.06763769686222076,0.023304613307118416,0.03179780766367912,0.003755890531465411,0.03313494846224785,0.06768142431974411,0.09037891775369644,4.0227621411759173e-07,6.074995781091275e-06,0.018550073727965355,0.055873218923807144,0.014262586832046509,0.06611227989196777,0.3841322064399719,0.18912702798843384,0.45130622386932373,0.15333342552185059,0.7228180170059204,1.0,0.07092059403657913,0.0,0.12641584873199463,0.0,0.07984578609466553,0.0,1,6
NGSIM,MoE_OpenLoop,73,85,146,146,14.600000000000001,0.6575426459312439,0.8032938838005066,19.24994659423828,24.3106746673584,3.3196969032287598,0,-1,0,0,0.0,2.0,146,2.0805649757385254,0,0.0,0,0.0,0,36.070098876953125,0.0,0.0,0.0,0.3788009285926819,0.23002254962921143,0.5068492889404297,0.1258007138967514,0.20839177072048187,0.0,0.0,0.0,0.0,0.49539852142333984,0.03210124373435974,0.4931506812572479,0.0,0.0,0.0,0.0,0.0,0.0,0.0,0.0,0.0,0.0,0.0,0.008723601698875427,0.006120988167822361,0.016224147751927376,0.027104970067739487,0.0,0.0,0.26026228070259094,0.09486284852027893,0.0,0.0,0.0,0.0,0.0,0.0,0.2861330211162567,0.20504234731197357,0.4286569654941559,0.16257785260677338,0.6938897967338562,1.0,0.07605154067277908,0.0,0.15019698441028595,0.0,0.07986172288656235,0.0,1,6
NGSIM,MoE_OpenLoop,73,86,332,332,33.2,0.720198392868042,0.9788788557052612,2.5614185333251953,2.7384591102600098,0.5070801973342896,0,-1,1,103,0.3102409638554217,2.0,332,1.7662378549575806,0,0.0,0,0.0,0,18.350955963134766,0.0,0.0,0.0,0.15735650062561035,0.23478098213672638,0.19879518449306488,0.2935246229171753,0.24763494729995728,0.2981927692890167,0.185045063495636,0.23981301486492157,0.15963855385780334,0.02639010362327099,0.11022395640611649,0.0,0.21258923411369324,0.24596738815307617,0.16566264629364014,0.1250944286584854,0.21669495105743408,0.17771084606647491,0.0,0.0,0.0,0.0,0.0,0.010784590616822243,0.01972227543592453,0.02104809693992138,0.040219105780124664,0.04424044117331505,0.08002196252346039,0.0070313396863639355,0.030629899352788925,1.247831260542398e-08,7.898851350773839e-08,1.0962258878421949e-10,3.779396795522416e-10,0.0,0.0,0.4439074397087097,0.21348349750041962,0.4729880690574646,0.19764718413352966,0.6957110166549683,1.0,0.0722697377204895,0.0,0.1573183387517929,0.0,0.07470091432332993,0.0,0,5
NGSIM,MoE_OpenLoop,73,87,574,574,57.400000000000006,0.5700427889823914,0.7252377867698669,2.378910779953003,3.3085312843322754,0.5203008055686951,0,-1,0,0,0.0,2.0,574,2.206320285797119,0,0.0,0,0.0,0,6.554013729095459,0.02251102589070797,0.10344138741493225,0.022648083046078682,0.3297126889228821,0.24524886906147003,0.4843205511569977,0.2577873170375824,0.24746276438236237,0.2212543487548828,0.03941769152879715,0.1320999413728714,0.006968641187995672,0.14622275531291962,0.2246699184179306,0.09756097197532654,0.06310003995895386,0.1653296947479248,0.03484320640563965,0.1027667447924614,0.2043667435646057,0.1324041783809662,0.03848182037472725,0.13040578365325928,0.0,0.0007610732573084533,0.0036688593681901693,0.023439079523086548,0.040838371962308884,0.013827781192958355,0.01914917677640915,0.009681607596576214,0.042812369763851166,0.03652557358145714,0.06943008303642273,1.7187550838571042e-05,0.00023727977531962097,0.013457978144288063,0.0505487434566021,0.020974382758140564,0.08205939829349518,0.4142545759677887,0.182920441031456,0.4670603573322296,0.16892383992671967,0.71502286195755,1.0,0.07081480324268341,0.0,0.13486194610595703,0.0,0.07930027693510056,0.0,2,7
NGSIM,MoE_OpenLoop,73,88,138,138,13.8,0.42470332980155945,0.5207642316818237,2.5255839824676514,2.80342698097229,0.3860471844673157,0,-1,0,0,0.0,2.0,138,3.3945846557617188,0,0.0,0,0.0,0,35.975440979003906,0.0,0.0,0.0,0.2736970782279968,0.2509206533432007,0.4637681245803833,0.22298552095890045,0.24332556128501892,0.0,0.0,0.0,0.0,0.3993522524833679,0.20618438720703125,0.5362318754196167,0.10396520793437958,0.20157651603221893,0.0,0.0,0.0,0.0,0.0,0.0,0.0,0.0,0.0,0.010267816483974457,0.009673654101788998,0.013260412961244583,0.01681547239422798,0.0,0.0,0.11913343518972397,0.07790517061948776,2.092726358132421e-21,4.1116014010971254e-21,0.0,0.0,0.0,0.0,0.40405431389808655,0.10200609266757965,0.4532841145992279,0.060829609632492065,0.7346104979515076,1.0,0.0710701048374176,0.0,0.10850831121206284,0.0,0.0858108177781105,0.0,1,6
NGSIM,MoE_OpenLoop,73,89,182,182,18.2,0.6960889101028442,0.8749074935913086,5.30778694152832,5.797235488891602,0.7607399821281433,0,-1,0,0,0.0,2.0,182,2.0029430389404297,0,0.0,0,0.0,0,31.61963653564453,0.0,0.0,0.0,0.38964566588401794,0.21402369439601898,0.5054945349693298,0.10765096545219421,0.19654664397239685,0.0,0.0,0.0,0.0,0.5027031898498535,0.023357892408967018,0.49450549483299255,0.0,0.0,0.0,0.0,0.0,0.0,0.0,0.0,0.0,0.0,0.0,0.0185836311429739,0.012358383275568485,0.00949222594499588,0.018043970689177513,0.0,0.0,0.18515551090240479,0.09263958781957626,0.0,0.0,0.0,0.0,0.0,0.0,0.30537939071655273,0.15453161299228668,0.4813891351222992,0.14335846900939941,0.6914659142494202,1.0,0.07530166208744049,0.0,0.1537964642047882,0.0,0.07943613082170486,0.0,2,7
NGSIM,MoE_OpenLoop,73,90,202,202,20.200000000000003,0.97908616065979,1.301815390586853,4.671148777008057,5.441588878631592,0.7682234644889832,0,-1,1,172,0.8514851485148515,2.0,202,1.7193678617477417,0,0.0,0,0.0,0,11.765209197998047,0.0,0.0,0.0,0.30408018827438354,0.2545190751552582,0.39603960514068604,0.04755992069840431,0.14760412275791168,0.0891089141368866,0.3896141052246094,0.19750429689884186,0.28217822313308716,0.0,0.0,0.0,0.18064802885055542,0.2402016818523407,0.1881188154220581,0.07809789478778839,0.1800381988286972,0.0445544570684433,0.0,0.0,0.0,0.0,0.0,0.01632160320878029,0.017360113561153412,0.007375895977020264,0.027623195201158524,0.037660472095012665,0.04747889190912247,0.0,0.0,2.7184012196812546e-07,1.638595676922705e-06,2.4690777422620158e-08,1.3035854351528542e-07,0.0,0.0,0.5242043137550354,0.1641862541437149,0.4144371747970581,0.15674066543579102,0.6828837394714355,1.0,0.073092982172966,0.0,0.170547753572464,0.0,0.07347575575113297,0.0,0,5
NGSIM,MoE_OpenLoop,73,91,205,205,20.5,0.6741204857826233,0.8121943473815918,3.213430404663086,3.698751926422119,0.8710096478462219,0,-1,1,205,1.0,2.0,205,1.3808306455612183,0,0.0,0,0.0,0,22.003328323364258,0.0,0.0,0.0,0.4911361634731293,0.11232876777648926,0.8243902325630188,0.047716014087200165,0.14126595854759216,0.0,0.0,0.0,0.0,0.46114784479141235,0.11119305342435837,0.17560975253582,0.0,0.0,0.0,0.0,0.0,0.0,0.0,0.0,0.0,0.0,0.0,0.04484260827302933,0.030892807990312576,0.0021817325614392757,0.008337132632732391,0.0,0.0,0.20545944571495056,0.13136379420757294,0.0,0.0,0.0,0.0,0.0,0.0,0.3456491231918335,0.16413089632987976,0.4018670916557312,0.16786767542362213,0.6739069223403931,1.0,0.0761198177933693,0.0,0.1745346486568451,0.0,0.07543851435184479,0.0,0,5
NGSIM,MoE_OpenLoop,73,92,142,142,14.200000000000001,0.5269094109535217,0.6675342321395874,3.4569365978240967,4.040121078491211,0.577763557434082,0,-1,1,68,0.4788732394366197,2.0,142,1.8251105546951294,0,0.0,0,0.0,0,15.309529304504395,0.0,0.0,0.0,0.22830143570899963,0.2521343529224396,0.2887323796749115,0.12419133633375168,0.21719050407409668,0.17605634033679962,0.34168311953544617,0.22908520698547363,0.26760563254356384,0.0,0.0,0.0,0.048451684415340424,0.1465209722518921,0.0211267601698637,0.2573724091053009,0.25029462575912476,0.246478870511055,0.0,0.0,0.0,0.0,0.0,0.010537808761000633,0.013921910896897316,0.022079208865761757,0.045825693756341934,0.045158062130212784,0.053312502801418304,0.0,0.0,1.6666351854155437e-08,6.45528572817966e-08,2.0886380625029233e-08,3.7616242565263747e-08,0.0,0.0,0.5260634422302246,0.22792328894138336,0.39616134762763977,0.21926455199718475,0.6882399916648865,1.0,0.07146741449832916,0.0,0.16943085193634033,0.0,0.07086176425218582,0.0,0,5
NGSIM,MoE_OpenLoop,73,93,446,446,44.6,0.3542481064796448,0.4771724045276642,15.270626068115234,18.169498443603516,0.9909552931785583,0,-1,0,0,0.0,2.0,446,3.3605613708496094,0,0.0,0,0.0,0,24.01153564453125,0.010889984667301178,0.0719069391489029,0.0,0.11384463310241699,0.19813072681427002,0.0022421525791287422,0.31136029958724976,0.2245807647705078,0.10762331634759903,0.0,0.0,0.0,0.0,0.0,0.0,0.48091375827789307,0.1586243063211441,0.7847533822059631,0.0829911008477211,0.18614766001701355,0.10538116842508316,0.0,0.0,0.0,0.0008841837989166379,0.00595800532028079,0.009458963759243488,0.037152159959077835,0.006749063264578581,0.008603950031101704,0.0,0.0,0.0,0.0,3.7634636075936645e-14,2.2738725507544244e-13,1.1440043635957409e-05,8.900543616618961e-05,0.0,0.0,0.5020462274551392,0.059369105845689774,0.4808500111103058,0.05557591840624809,0.7504318952560425,1.0,0.07020272314548492,0.0,0.08447813987731934,0.0,0.09488730132579803,0.0,1,6
NGSIM,MoE_OpenLoop,73,94,198,198,19.8,0.62845778465271,0.8197658061981201,1.3150619268417358,1.4804351329803467,0.48493605852127075,0,-1,0,0,0.0,2.0,198,2.160613775253296,0,0.0,0,0.0,0,33.26049041748047,0.0,0.0,0.0,0.463480681180954,0.1293441355228424,0.5353535413742065,0.03283846378326416,0.11904963105916977,0.0,0.0,0.0,0.0,0.503680944442749,0.02151487022638321,0.46464645862579346,0.0,0.0,0.0,0.0,0.0,0.0,0.0,0.0,0.0,0.0,0.0,0.022442981600761414,0.011602196842432022,0.0021944670006632805,0.007962681353092194,0.0,0.0,0.19135600328445435,0.17314855754375458,0.0,0.0,0.0,0.0,0.0,0.0,0.359447181224823,0.120979443192482,0.4245595335960388,0.14132142066955566,0.7043381333351135,1.0,0.07421620935201645,0.0,0.1406843066215515,0.0,0.08076134324073792,0.0,0,5
NGSIM,MoE_OpenLoop,73,95,137,137,13.700000000000001,0.7515742778778076,0.9666783809661865,2.3781065940856934,2.692641258239746,0.6018621921539307,0,-1,1,137,1.0,2.0,137,1.1632646322250366,0,0.0,0,0.0,0,11.482897758483887,0.0,0.0,0.0,0.18597060441970825,0.24158412218093872,0.16788321733474731,0.013871442526578903,0.07999080419540405,0.0,0.24437454342842102,0.24624787271022797,0.16058394312858582,0.0,0.0,0.0,0.1042013168334961,0.19682592153549194,0.0,0.4515819549560547,0.16462773084640503,0.6715328693389893,0.0,0.0,0.0,0.0,0.0,0.014660833403468132,0.027154622599482536,0.0016414312412962317,0.00993961002677679,0.01813874952495098,0.02929815836250782,0.0,0.0,8.386031367990654e-06,3.5395398299442604e-05,3.0666460588690825e-06,2.569916887296131e-06,0.0,0.0,0.5421110987663269,0.22565944492816925,0.4234365224838257,0.22206291556358337,0.6445184350013733,1.0,0.07508943974971771,0.0,0.21173664927482605,0.0,0.06865552067756653,0.0,2,7
NGSIM,MoE_OpenLoop,73,96,815,815,81.5,0.6127216815948486,0.7886494398117065,4.581838130950928,5.063508987426758,0.5591142177581787,0,-1,1,264,0.3239263803680982,2.0,815,1.5657988786697388,0,0.0,0,0.0,0,2.2279212474823,0.0033939294517040253,0.039410464465618134,0.0,0.33706486225128174,0.2550031542778015,0.5840491056442261,0.1974816769361496,0.23682184517383575,0.07484662532806396,0.04270489513874054,0.13131949305534363,0.0,0.14920739829540253,0.22390109300613403,0.07607361674308777,0.009131907485425472,0.06669837236404419,0.007361963391304016,0.15187367796897888,0.2324533462524414,0.24907974898815155,0.10914169251918793,0.20359665155410767,0.008588956668972969,0.0002509048208594322,0.0029148722533136606,0.023478129878640175,0.04253056272864342,0.025971317663788795,0.04982201009988785,0.009824076667428017,0.03819282725453377,0.04771248623728752,0.08112262189388275,4.089470095891556e-09,3.548789351270898e-08,0.0047667245380580425,0.01952768862247467,0.037379082292318344,0.10186976194381714,0.42536646127700806,0.1904212385416031,0.4252505898475647,0.1688767671585083,0.6947836875915527,1.0,0.07323234528303146,0.0,0.14894594252109528,0.0,0.0830380842089653,0.0,1,6
NGSIM,MoE_OpenLoop,73,97,272,272,27.200000000000003,0.6411077380180359,0.8374825119972229,6.488646984100342,6.881824970245361,0.5518910884857178,0,-1,0,0,0.0,2.0,272,2.168539524078369,0,0.0,0,0.0,0,14.339479446411133,0.0,0.0,0.0,0.1558290719985962,0.22917930781841278,0.029411764815449715,0.28547942638397217,0.25187626481056213,0.4264705777168274,0.20616242289543152,0.2483087033033371,0.3345588147640228,0.028108470141887665,0.11244334280490875,0.0,0.2755773663520813,0.24677948653697968,0.20955882966518402,0.04884324595332146,0.14713269472122192,0.0,0.0,0.0,0.0,0.0,0.0,0.006902565713971853,0.010382164269685745,0.019938014447689056,0.02907322719693184,0.008600801229476929,0.01901121251285076,0.008867724798619747,0.040145669132471085,1.672578875400177e-08,7.05430593939127e-08,6.458583112767258e-10,2.0648989185190203e-09,0.0,0.0,0.4444219470024109,0.17088021337985992,0.5112689137458801,0.15174032747745514,0.7002315521240234,1.0,0.07138457149267197,0.0,0.15235468745231628,0.0,0.0760292038321495,0.0,1,6
NGSIM,MoE_OpenLoop,73,98,482,482,48.2,0.5742623209953308,0.7443693280220032,2.7226603031158447,3.2710628509521484,0.5112329125404358,0,-1,1,233,0.483402489626556,2.0,482,1.4562925100326538,0,0.0,0,0.0,0,8.655982971191406,0.0,0.0,0.0,0.2790328562259674,0.26353785395622253,0.48547717928886414,0.266510933637619,0.24576669931411743,0.26141080260276794,0.1976073533296585,0.23694975674152374,0.07676348835229874,0.023533329367637634,0.10281787812709808,0.0,0.14407578110694885,0.2240929901599884,0.05186722055077553,0.089239701628685,0.1928943544626236,0.12448132783174515,0.0,0.0,0.0,0.0,0.0,0.015913888812065125,0.020770899951457977,0.02601068653166294,0.03726324066519737,0.023788506165146828,0.0422486886382103,0.006099756341427565,0.03162660449743271,1.1536712918314151e-08,5.266677050030921e-08,5.643923994824718e-09,1.6098921307161618e-08,0.0,0.0,0.46341419219970703,0.20700861513614655,0.46477311849594116,0.18984457850456238,0.6814447641372681,1.0,0.07269572466611862,0.0,0.17266274988651276,0.0,0.07319656014442444,0.0,0,5
NGSIM,MoE_OpenLoop,73,99,527,527,52.7,0.7233832478523254,0.9086014628410339,4.094732761383057,4.413070201873779,0.5424157381057739,0,-1,1,93,0.17647058823529413,2.0,527,1.7543047666549683,0,0.0,0,0.0,0,8.14365005493164,0.0,0.0,0.0,0.42555510997772217,0.20571936666965485,0.6793168783187866,0.19349493086338043,0.24385592341423035,0.19734345376491547,0.22443948686122894,0.23499539494514465,0.05882352963089943,0.08115064352750778,0.18135404586791992,0.04554079845547676,0.0527946911752224,0.1516459435224533,0.017077798023819923,0.022565176710486412,0.1012115478515625,0.0018975331913679838,0.0,0.0,0.0,0.0,0.0,0.02413645014166832,0.025683823972940445,0.022561609745025635,0.03988049551844597,0.057793065905570984,0.09494142979383469,0.0289017241448164,0.08650878816843033,1.6119660983804351e-07,2.0829188542847987e-06,1.2617866559594404e-05,0.00011263507622061297,0.0,0.0,0.46237319707870483,0.2109133005142212,0.40422162413597107,0.19056278467178345,0.6917124390602112,1.0,0.072099469602108,0.0,0.1625792384147644,0.0,0.07360965758562088,0.0,0,5
NGSIM,MoE_OpenLoop,73,100,291,291,29.1,0.6991259455680847,0.8794833421707153,5.888294696807861,6.445324420928955,0.6933225393295288,0,-1,1,18,0.061855670103092786,2.0,291,1.9485403299331665,0,0.0,0,0.0,0,3.441519021987915,0.013935587368905544,0.0780327171087265,0.0,0.28786247968673706,0.2574639916419983,0.4467353820800781,0.20854446291923523,0.24048015475273132,0.06185567006468773,0.012057438492774963,0.07171998918056488,0.0,0.2547040581703186,0.24895083904266357,0.24742268025875092,0.0,0.0,0.0,0.1422208547592163,0.22908316552639008,0.24398624897003174,0.08067520707845688,0.18154586851596832,0.0,0.00034905955544672906,0.001980643020942807,0.02047053910791874,0.03738418221473694,0.03430766984820366,0.06788746267557144,0.0027813061606138945,0.016638215631246567,0.07168982177972794,0.10455088317394257,0.0,0.0,0.00941529218107462,0.029836274683475494,0.04149490222334862,0.11896711587905884,0.4068007469177246,0.18249891698360443,0.4126909673213959,0.17457860708236694,0.7107557058334351,1.0,0.07172814011573792,0.0,0.13660480082035065,0.0,0.08091122657060623,0.0,1,6
NGSIM,MoE_OpenLoop,73,101,282,282,28.200000000000003,0.7411873936653137,0.9459577798843384,4.055539608001709,4.59125280380249,0.7385402917861938,0,-1,1,236,0.8368794326241135,2.0,282,1.3319941759109497,0,0.0,0,0.0,0,8.356706619262695,0.0,0.0,0.0,0.46810388565063477,0.16526900231838226,0.826241135597229,0.08581532537937164,0.18267208337783813,0.0,0.2463349997997284,0.23477183282375336,0.05319149047136307,0.058608900755643845,0.15830032527446747,0.0,0.041637927293777466,0.1365567296743393,0.021276595070958138,0.09949886053800583,0.20003315806388855,0.09929078072309494,0.0,0.0,0.0,0.0,0.0,0.026987247169017792,0.023081855848431587,0.009190510027110577,0.026379844173789024,0.03529134392738342,0.05146355926990509,0.013267356902360916,0.042360927909612656,5.6758944992907345e-06,4.684006853494793e-05,4.869144731856068e-07,1.2537631164377672e-06,0.0,0.0,0.493654727935791,0.2222733199596405,0.4216028153896332,0.20194441080093384,0.6702654361724854,1.0,0.07357633113861084,0.0,0.18514244258403778,0.0,0.07101588696241379,0.0,0,5
NGSIM,MoE_OpenLoop,73,102,477,477,47.7,0.6339685320854187,0.7744333148002625,6.033692836761475,7.038075923919678,0.8050775527954102,0,-1,1,234,0.49056603773584906,2.0,477,1.57632315158844,0,0.0,0,0.0,0,9.065836906433105,0.0,0.0,0.0,0.4310263395309448,0.21266834437847137,0.7631027102470398,0.2769519090652466,0.23821891844272614,0.1257861703634262,0.14636249840259552,0.2154044806957245,0.029350105673074722,0.055868908762931824,0.1516745388507843,0.0,0.08979030698537827,0.19021053612232208,0.08176100999116898,0.0,0.0,0.0,0.0,0.0,0.0,0.0,0.0,0.022365795448422432,0.019886499270796776,0.026814842596650124,0.03900086134672165,0.02921651117503643,0.0661512240767479,0.012171011418104172,0.037814754992723465,6.253414994716877e-07,8.114061529340688e-06,0.0,0.0,0.0,0.0,0.47014907002449036,0.18873226642608643,0.43928223848342896,0.17657245695590973,0.6860745549201965,1.0,0.07284418493509293,0.0,0.1669231355190277,0.0,0.07415848225355148,0.0,0,5
NGSIM,MoE_OpenLoop,73,103,292,292,29.200000000000003,0.5663354396820068,0.7455698251724243,4.495579242706299,5.266447067260742,0.5714802145957947,0,-1,1,23,0.07876712328767123,2.0,292,1.5055714845657349,0,0.0,0,0.0,0,4.640170097351074,0.0,0.0,0.0,0.4121415615081787,0.21723295748233795,0.6164383292198181,0.3062017560005188,0.23191973567008972,0.07876712083816528,0.06840086728334427,0.16239625215530396,0.0,0.1889967918395996,0.24170374870300293,0.2602739632129669,0.0,0.0,0.0,0.024258995428681374,0.1081060841679573,0.0445205494761467,0.0,0.0,0.0,0.0,0.0,0.024379203096032143,0.025905368849635124,0.034120675176382065,0.04881535470485687,0.00282198004424572,0.013340937905013561,0.04526436701416969,0.07598277181386948,0.0,0.0,0.0008056943770498037,0.005756254307925701,0.0,0.0,0.4115714728832245,0.1661052256822586,0.48103657364845276,0.13304102420806885,0.6934856176376343,1.0,0.07320486009120941,0.0,0.15520800650119781,0.0,0.07810155302286148,0.0,0,5
NGSIM,MoE_OpenLoop,73,104,576,576,57.6,0.752906322479248,0.9949142932891846,2.2653753757476807,2.7491352558135986,0.6946284174919128,0,-1,1,224,0.3888888888888889,2.0,576,1.209272861480713,0,0.0,0,0.0,0,4.301331043243408,0.0069648027420043945,0.05528532341122627,0.0,0.34681937098503113,0.24584703147411346,0.5399305820465088,0.18959517776966095,0.23353755474090576,0.0225694440305233,0.051746200770139694,0.14650040864944458,0.0,0.12410860508680344,0.21416302025318146,0.09375,0.04871571063995361,0.14562363922595978,0.01215277798473835,0.19917529821395874,0.24983097612857819,0.3315972089767456,0.03287483751773834,0.12200843542814255,0.0,0.00018089522200170904,0.00145808607339859,0.023124804720282555,0.0335339792072773,0.0197967030107975,0.036040615290403366,0.009944424964487553,0.030328044667840004,0.033097412437200546,0.06307614594697952,5.63246601359424e-07,4.673562671086984e-06,0.004606405273079872,0.022393247112631798,0.016941441223025322,0.07537439465522766,0.43301475048065186,0.21053066849708557,0.45929276943206787,0.18302512168884277,0.6872560977935791,1.0,0.07245302945375443,0.0,0.16613724827766418,0.0,0.07415344566106796,0.0,0,5
NGSIM,MoE_OpenLoop,73,105,317,317,31.700000000000003,0.6162663102149963,0.7748123407363892,1.3099799156188965,1.536324143409729,0.3700743317604065,0,-1,0,0,0.0,2.0,317,2.376971960067749,0,0.0,0,0.0,0,21.42777442932129,0.05500747635960579,0.15614907443523407,0.05678233504295349,0.10176540166139603,0.2023552656173706,0.12302839010953903,0.39077144861221313,0.20824690163135529,0.3690851628780365,0.05903971567749977,0.15998877584934235,0.025236593559384346,0.11455874890089035,0.2095363885164261,0.09463722258806229,0.27885711193084717,0.24810844659805298,0.3312302827835083,0.0,0.0,0.0,0.0,0.0,0.0,0.002885144669562578,0.008651544339954853,0.006548654288053513,0.01454031839966774,0.025998657569289207,0.0336221419274807,0.022605109959840775,0.07768623530864716,0.037540290504693985,0.07524438202381134,9.80480252543714e-10,6.742196578812809e-09,0.0,0.0,0.0,0.0,0.4489034116268158,0.1953301578760147,0.4555186927318573,0.17681580781936646,0.7183555364608765,1.0,0.07042133063077927,0.0,0.13333795964717865,0.0,0.07788518071174622,0.0,2,7
NGSIM,MoE_OpenLoop,73,106,549,549,54.900000000000006,0.6864275336265564,0.8618119359016418,4.205455303192139,4.995715141296387,0.7379588484764099,0,-1,1,156,0.28415300546448086,2.0,549,1.60958993434906,0,0.0,0,0.0,0,8.665833473205566,0.0,0.0,0.0,0.3605634272098541,0.24852867424488068,0.5500910878181458,0.27366870641708374,0.24677997827529907,0.3151184022426605,0.12046004086732864,0.2002110630273819,0.0,0.11634460836648941,0.20898528397083282,0.08743169158697128,0.10168660432100296,0.1965111494064331,0.0,0.027276551350951195,0.11552833765745163,0.047358833253383636,0.0,0.0,0.0,0.0,0.0,0.019925404340028763,0.022395865991711617,0.0279071182012558,0.04600432515144348,0.023744983598589897,0.05942954495549202,0.030201274901628494,0.06519325077533722,1.9148258090240233e-08,9.001683309861619e-08,4.808428322178315e-09,2.3809164417798456e-08,0.0,0.0,0.4498283863067627,0.18981431424617767,0.44839245080947876,0.17187204957008362,0.6958613991737366,1.0,0.07209833711385727,0.0,0.15599870681762695,0.0,0.07604169100522995,0.0,2,7
NGSIM,MoE_OpenLoop,73,107,566,566,56.6,0.5405810475349426,0.6811970472335815,4.068600654602051,4.750733852386475,0.5274104475975037,0,-1,1,158,0.2791519434628975,2.0,566,1.7075350284576416,0,0.0,0,0.0,0,5.249821662902832,0.0,0.0,0.0,0.3785037100315094,0.24050137400627136,0.6166077852249146,0.2520079016685486,0.24641557037830353,0.21024735271930695,0.1461407095193863,0.21250437200069427,0.0,0.1301611363887787,0.21693500876426697,0.08833922445774078,0.06009756401181221,0.1613609790802002,0.03356890380382538,0.033089011907577515,0.12513500452041626,0.051236748695373535,0.0,0.0,0.0,0.0,0.0,0.026335246860980988,0.0338369682431221,0.03294507414102554,0.052448570728302,0.029758216813206673,0.06696824729442596,0.04330289363861084,0.0817473903298378,6.529899678753281e-07,6.015482995280763e-06,0.0013945107348263264,0.011878712102770805,0.0,0.0,0.4331243932247162,0.23082317411899567,0.43313872814178467,0.20095109939575195,0.6980494856834412,1.0,0.07179370522499084,0.0,0.15483218431472778,0.0,0.07532478868961334,0.0,0,5
NGSIM,MoE_OpenLoop,73,108,193,193,19.3,0.7366940379142761,0.962181806564331,0.5381208658218384,0.6963672637939453,0.4759286344051361,0,-1,0,0,0.0,2.0,193,2.276257038116455,0,0.0,0,0.0,0,5.58669376373291,0.0,0.0,0.0,0.11256016045808792,0.21042686700820923,0.11398963630199432,0.41557589173316956,0.18946661055088043,0.32642486691474915,0.0,0.0,0.0,0.3572879433631897,0.22616752982139587,0.41450777649879456,0.10435089468955994,0.20104622840881348,0.1347150206565857,0.010225147008895874,0.07032717019319534,0.010362694039940834,0.0,0.0,0.0,0.0,0.0,0.0035586662124842405,0.006837839260697365,0.041528765112161636,0.043118808418512344,0.0,0.0,0.12296264618635178,0.09776301681995392,4.8276545955294736e-11,2.330149129203818e-10,1.5121915566851385e-05,0.00012049965152982622,0.0,0.0,0.35604462027549744,0.1707032322883606,0.47589001059532166,0.10434969514608383,0.6962505578994751,1.0,0.07291970402002335,0.0,0.15251460671424866,0.0,0.07831510901451111,0.0,2,7
NGSIM,MoE_OpenLoop,73,109,148,148,14.8,0.44131213426589966,0.5470412969589233,1.0362350940704346,1.3954921960830688,0.5251312851905823,0,-1,0,0,0.0,2.0,148,4.081563949584961,0,0.0,0,0.0,0,27.926403045654297,0.0,0.0,0.0,0.040897589176893234,0.13768528401851654,0.06756756454706192,0.4690551161766052,0.13955621421337128,0.8310810923576355,0.0,0.0,0.0,0.2771010994911194,0.24197423458099365,0.03378378227353096,0.1896127611398697,0.23960885405540466,0.06756756454706192,0.02333345077931881,0.10472256690263748,0.0,0.0,0.0,0.0,0.0,0.0,0.0011689880630001426,0.00399343715980649,0.014180651865899563,0.013188759796321392,0.0,0.0,0.045702964067459106,0.06447138637304306,4.005594243610116e-15,8.460270956294359e-15,2.1164734461537327e-12,1.5945361350744314e-11,0.0,0.0,0.44533586502075195,0.09798954427242279,0.4936114549636841,0.06967039406299591,0.7494706511497498,1.0,0.06946907937526703,0.0,0.08929640054702759,0.0,0.09176386147737503,0.0,2,7
NGSIM,MoE_OpenLoop,73,110,146,146,14.600000000000001,0.6008039116859436,0.8540918231010437,2.7907767295837402,3.0264205932617188,0.45488712191581726,0,-1,1,146,1.0,2.0,146,0.8364038467407227,0,0.0,0,0.0,0,9.237452507019043,0.0,0.0,0.0,0.3319116234779358,0.24724802374839783,0.5479452013969421,0.12963077425956726,0.2147691696882248,0.0,0.10383980721235275,0.1961495578289032,0.013698630034923553,0.0,0.0,0.0,0.04158986732363701,0.1330285668373108,0.0,0.3930279314517975,0.20888659358024597,0.4383561611175537,0.0,0.0,0.0,0.0,0.0,0.034133631736040115,0.06759092211723328,0.025796731933951378,0.051701195538043976,0.005797589663416147,0.012746930122375488,0.0,0.0,1.0284925338055473e-06,3.4344307096034754e-06,5.868011612619739e-06,1.0086377187690232e-05,0.0,0.0,0.44584301114082336,0.21717575192451477,0.4884222447872162,0.22893297672271729,0.6394566893577576,1.0,0.07603849470615387,0.0,0.21551033854484558,0.0,0.06899438798427582,0.0,2,7
NGSIM,MoE_OpenLoop,73,111,492,492,49.2,0.4932611882686615,0.6609871983528137,1.6118227243423462,1.7100170850753784,0.3501281142234802,0,-1,1,28,0.056910569105691054,2.0,492,1.7764630317687988,0,0.0,0,0.0,0,6.334997653961182,0.011560376733541489,0.07312755286693573,0.0,0.23903098702430725,0.2563939094543457,0.3983739912509918,0.20312272012233734,0.24783629179000854,0.2825203239917755,0.009754744358360767,0.06774034351110458,0.0,0.332330584526062,0.22879062592983246,0.12398374080657959,0.051923494786024094,0.15104719996452332,0.0,0.13517190515995026,0.2244873195886612,0.19512194395065308,0.01710507459938526,0.08778215944766998,0.0,0.00026633773813955486,0.0017167720943689346,0.015587877482175827,0.032140541821718216,0.014376290142536163,0.028386175632476807,0.0020085542928427458,0.013974012807011604,0.07001208513975143,0.09609166532754898,3.95979270706448e-07,6.659353402937995e-06,0.0027151438407599926,0.018524818122386932,0.0045876759104430676,0.031939465552568436,0.4062515199184418,0.1708298921585083,0.4841941297054291,0.12869499623775482,0.7241649627685547,1.0,0.07100328058004379,0.0,0.11754964292049408,0.0,0.08728188276290894,0.0,2,7
NGSIM,MoE_OpenLoop,73,112,312,312,31.200000000000003,0.5221421122550964,0.6765754818916321,2.8707079887390137,3.318049192428589,0.5915231704711914,0,-1,1,35,0.11217948717948718,2.0,312,1.8397520780563354,0,0.0,0,0.0,0,2.9458749294281006,0.0,0.0,0.0,0.283773273229599,0.2586606442928314,0.375,0.1853901594877243,0.23468810319900513,0.03205128386616707,0.029350485652685165,0.1092623844742775,0.0,0.2824523448944092,0.25039881467819214,0.375,0.0,0.0,0.0,0.13885445892810822,0.2252190262079239,0.21153846383094788,0.08017925173044205,0.18141840398311615,0.006410256493836641,0.0,0.0,0.024679196998476982,0.04639521986246109,0.033520106226205826,0.05494525283575058,0.009929042309522629,0.03828411549329758,0.08072494715452194,0.09979952126741409,0.0,0.0,0.012641219422221184,0.038787778466939926,0.04073755815625191,0.11439792811870575,0.38968583941459656,0.17449668049812317,0.4080820679664612,0.17548586428165436,0.7107593417167664,1.0,0.07176905125379562,0.0,0.13560499250888824,0.0,0.08186668902635574,0.0,2,7
NGSIM,MoE_OpenLoop,73,113,650,650,65.0,0.5321447849273682,0.6914229393005371,7.164541244506836,7.89469575881958,0.5014371275901794,0,-1,1,103,0.15846153846153846,2.0,650,1.6675024032592773,0,0.0,0,0.0,0,1.4544581174850464,0.012612676247954369,0.07475091516971588,0.0,0.2449217587709427,0.2618984580039978,0.35692307353019714,0.21275636553764343,0.2502883970737457,0.3061538338661194,0.13595899939537048,0.21268826723098755,0.029230769723653793,0.0821935310959816,0.1862877905368805,0.10615384578704834,0.13975080847740173,0.21995201706886292,0.02153846062719822,0.09275951236486435,0.1959732472896576,0.16615384817123413,0.07904628664255142,0.18113647401332855,0.013846153393387794,0.0005668348167091608,0.003428699681535363,0.020361538976430893,0.03592391684651375,0.020901687443256378,0.048925191164016724,0.025697089731693268,0.06305960565805435,0.01880737952888012,0.0520954467356205,1.4706425410793145e-08,1.9135931950131635e-07,0.007946670055389404,0.022466693073511124,0.048498280346393585,0.13013960421085358,0.452892541885376,0.1832687258720398,0.40432795882225037,0.20987433195114136,0.7092911005020142,1.0,0.07172390818595886,0.0,0.13766556978225708,0.0,0.08131910115480423,0.0,2,7
NGSIM,MoE_OpenLoop,73,114,222,222,22.200000000000003,0.7996602058410645,0.9710444808006287,2.0029454231262207,2.9340460300445557,0.5892379283905029,0,-1,0,0,0.0,2.0,222,2.2855560779571533,0,0.0,0,0.0,0,12.82056999206543,0.0,0.0,0.0,0.08013512194156647,0.1853010505437851,0.11261261254549026,0.4906206429004669,0.07614516466856003,0.5810810923576355,0.05772064998745918,0.15849459171295166,0.0,0.20283293724060059,0.24814344942569733,0.2567567527294159,0.168690487742424,0.23156167566776276,0.04954954981803894,0.0,0.0,0.0,0.0,0.0,0.0,0.0,0.0,0.0029818573966622353,0.007244013249874115,0.04164373129606247,0.03132172301411629,0.004984620027244091,0.015975529327988625,0.06304120272397995,0.08585289120674133,6.190029822050747e-09,2.79104011013942e-08,0.0,0.0,0.0,0.0,0.4101143479347229,0.182679682970047,0.47723424434661865,0.1502629965543747,0.7045057415962219,1.0,0.07004795223474503,0.0,0.1522170752286911,0.0,0.07322922348976135,0.0,0,5
NGSIM,MoE_OpenLoop,73,115,384,384,38.400000000000006,0.527671754360199,0.7117462158203125,8.014443397521973,9.254778861999512,0.706068754196167,0,-1,1,185,0.4817708333333333,2.0,384,1.5937999486923218,0,0.0,0,0.0,0,3.9812352657318115,0.07094378024339676,0.1683538407087326,0.0,0.4165063798427582,0.22121936082839966,0.7291666865348816,0.2534712851047516,0.23852233588695526,0.0598958320915699,0.07296258956193924,0.1647118777036667,0.0,0.13001179695129395,0.21927788853645325,0.1432291716337204,0.0,0.0,0.0,0.04854036495089531,0.14867639541625977,0.0677083358168602,0.007563622202724218,0.06003442406654358,0.0,0.00966056901961565,0.031332194805145264,0.041722461581230164,0.04575580358505249,0.04851760342717171,0.07060569524765015,0.02333899401128292,0.0665021687746048,0.039215270429849625,0.0851680263876915,0.0,0.0,0.003070010570809245,0.013223589397966862,0.0025427015498280525,0.023857461288571358,0.47386959195137024,0.2173570841550827,0.3580629527568817,0.18757914006710052,0.6903791427612305,1.0,0.07362432032823563,0.0,0.15955869853496552,0.0,0.07643812149763107,0.0,0,5
NGSIM,MoE_OpenLoop,73,116,194,194,19.400000000000002,0.6660488247871399,0.7771732807159424,1.5973031520843506,2.3202948570251465,0.6788439154624939,0,-1,0,0,0.0,2.0,194,2.2126824855804443,0,0.0,0,0.0,0,8.288198471069336,0.06589802354574203,0.16755925118923187,0.030927835032343864,0.4788118302822113,0.1346246898174286,0.7680412530899048,0.09535307437181473,0.1933303326368332,0.05670103058218956,0.08429326862096786,0.18316972255706787,0.036082472652196884,0.17183032631874084,0.2313835322856903,0.020618556067347527,0.0,0.0,0.0,0.10381358116865158,0.2007398009300232,0.08762886375188828,0.0,0.0,0.0,0.0017433920875191689,0.004630208946764469,0.07238788902759552,0.07533402740955353,0.009047061204910278,0.0269012488424778,0.03702966868877411,0.10399319231510162,0.050726257264614105,0.09440610557794571,0.0,0.0,0.02230154536664486,0.05570869520306587,0.0,0.0,0.37748315930366516,0.20568449795246124,0.4292810559272766,0.2143775075674057,0.7162072062492371,1.0,0.07041417062282562,0.0,0.13829945027828217,0.0,0.07507914304733276,0.0,0,5
NGSIM,MoE_OpenLoop,73,117,264,264,26.400000000000002,0.6238626837730408,0.8154811263084412,1.6929775476455688,2.097963333129883,0.6708958745002747,0,-1,1,112,0.42424242424242425,2.0,264,1.5018985271453857,0,0.0,0,0.0,0,6.3379974365234375,0.011983306147158146,0.07261389493942261,0.0,0.31398868560791016,0.2475983053445816,0.375,0.2589787244796753,0.24766841530799866,0.2083333283662796,0.08082061260938644,0.18339338898658752,0.09469696879386902,0.1040729433298111,0.2029460370540619,0.10606060922145844,0.07992056757211685,0.18122464418411255,0.034090910106897354,0.15023522078990936,0.23002992570400238,0.1818181872367859,0.0,0.0,0.0,0.0003457360144238919,0.0021252038422971964,0.027643395587801933,0.04312849044799805,0.04312939569354057,0.05833452194929123,0.006833611521869898,0.020856408402323723,0.035084206610918045,0.07726678252220154,3.695552379667788e-07,2.4048831619438715e-06,0.002286715665832162,0.01091688685119152,0.0,0.0,0.4152536690235138,0.23194551467895508,0.46942275762557983,0.20389100909233093,0.690214216709137,1.0,0.07231166213750839,0.0,0.16336755454540253,0.0,0.07410675287246704,0.0,2,7
NGSIM,MoE_OpenLoop,73,118,601,601,60.1,0.7358032464981079,0.9665338397026062,2.5923290252685547,3.225611448287964,0.9093479514122009,0,-1,1,11,0.018302828618968387,2.0,601,1.9038485288619995,0,0.0,0,0.0,0,2.4005744457244873,0.06301838904619217,0.1621006429195404,0.014975041151046753,0.2545360326766968,0.26240456104278564,0.3926788568496704,0.21284624934196472,0.24943625926971436,0.28951746225357056,0.0795614942908287,0.1773817390203476,0.03494176268577576,0.10407090187072754,0.1982019543647766,0.019966721534729004,0.07560718804597855,0.17681606113910675,0.03826954960823059,0.11359602212905884,0.21220697462558746,0.20965057611465454,0.09676370024681091,0.19481410086154938,0.0,0.0024481802247464657,0.006777592934668064,0.024045268073678017,0.04276302084326744,0.03245081007480621,0.06003834679722786,0.015862097963690758,0.04265042394399643,0.039734482765197754,0.08360647410154343,1.0971561437145283e-08,7.139861679661408e-08,0.006010178476572037,0.022989004850387573,0.031584203243255615,0.08680756390094757,0.4088999330997467,0.2103637307882309,0.4389647841453552,0.17743560671806335,0.7121254801750183,1.0,0.07136143743991852,0.0,0.13637644052505493,0.0,0.08013645559549332,0.0,0,5
NGSIM,MoE_OpenLoop,73,119,257,257,25.700000000000003,0.5004006624221802,0.6371018290519714,7.298855304718018,8.894499778747559,0.6054937839508057,0,-1,1,56,0.2178988326848249,2.0,257,1.3938182592391968,0,0.0,0,0.0,0,12.033555030822754,0.0,0.0,0.0,0.2221091091632843,0.24902406334877014,0.22957198321819305,0.262443870306015,0.2440006583929062,0.15564201772212982,0.048405446112155914,0.14746512472629547,0.031128404662013054,0.3233875334262848,0.2461097687482834,0.4474708139896393,0.0,0.0,0.0,0.14365383982658386,0.22594891488552094,0.13618676364421844,0.0,0.0,0.0,0.0,0.0,0.00972017552703619,0.01312449760735035,0.036044806241989136,0.04073674976825714,0.006141587160527706,0.020686160773038864,0.130501389503479,0.14602573215961456,0.0,0.0,3.1940782463379946e-08,1.25176356391421e-07,0.0,0.0,0.33679768443107605,0.1645207405090332,0.48079434037208557,0.13578657805919647,0.6921428442001343,1.0,0.07364259660243988,0.0,0.15706637501716614,0.0,0.0771484449505806,0.0,1,6
NGSIM,MoE_OpenLoop,73,120,258,258,25.8,0.48431289196014404,0.5913758277893066,2.3365182876586914,2.7536110877990723,0.47350871562957764,0,-1,1,136,0.5271317829457365,2.0,258,1.4188408851623535,0,0.0,0,0.0,0,9.390620231628418,0.0,0.0,0.0,0.32839134335517883,0.25333088636398315,0.5155038833618164,0.24506820738315582,0.25115296244621277,0.27131783962249756,0.18216700851917267,0.22926776111125946,0.05038759857416153,0.04373402148485184,0.139844611287117,0.03100775182247162,0.07760834693908691,0.18119516968727112,0.09302325546741486,0.12303107231855392,0.21210217475891113,0.03875968977808952,0.0,0.0,0.0,0.0,0.0,0.023239143192768097,0.027076607570052147,0.04135299474000931,0.05250021815299988,0.031002841889858246,0.05389773100614548,0.014999955892562866,0.053796637803316116,1.8372476233707857e-06,1.1915008144569583e-05,4.7031673489073e-07,2.02269438887015e-06,0.0,0.0,0.44601038098335266,0.2255328893661499,0.44339221715927124,0.20064011216163635,0.6746322512626648,1.0,0.07439173012971878,0.0,0.17615312337875366,0.0,0.07482288777828217,0.0,0,5
NGSIM,MoE_OpenLoop,73,121,313,313,31.3,0.9946080446243286,1.287106990814209,3.951857566833496,4.977791786193848,1.0059123039245605,0,-1,0,0,0.0,2.0,313,2.4922492504119873,0,0.0,0,0.0,0,13.134045600891113,0.09542035311460495,0.1961372196674347,0.11501597613096237,0.1918628215789795,0.2451479583978653,0.2555910646915436,0.3588460087776184,0.23187339305877686,0.49840256571769714,0.0,0.0,0.0,0.08427388966083527,0.18256354331970215,0.00638977624475956,0.1536201387643814,0.2259070873260498,0.022364217787981033,0.11597684025764465,0.2123989462852478,0.10223641991615295,0.0,0.0,0.0,0.005555710289627314,0.013926396146416664,0.010107586160302162,0.02019669860601425,0.024976467713713646,0.0346560925245285,0.0,0.0,0.029438037425279617,0.06966576725244522,8.694759356941972e-10,5.929206459143188e-09,0.041347671300172806,0.09615333378314972,0.0,0.0,0.40852782130241394,0.19499123096466064,0.48004671931266785,0.156189426779747,0.7210633158683777,1.0,0.07011596858501434,0.0,0.13120102882385254,0.0,0.07761963456869125,0.0,1,6
NGSIM,MoE_OpenLoop,73,122,132,132,13.200000000000001,1.06538724899292,1.3050068616867065,2.4304277896881104,2.691025972366333,0.6251519322395325,0,-1,1,132,1.0,2.0,132,1.4662443399429321,0,0.0,0,0.0,0,33.01380920410156,0.0,0.0,0.0,0.5283376574516296,0.008124785497784615,1.0,0.0,0.0,0.0,0.0,0.0,0.0,0.47166237235069275,0.00812570285052061,0.0,0.0,0.0,0.0,0.0,0.0,0.0,0.0,0.0,0.0,0.0,0.0,0.007608829066157341,0.005370104685425758,0.0,0.0,0.0,0.0,0.1508406698703766,0.045690350234508514,0.0,0.0,0.0,0.0,0.0,0.0,0.4669630825519562,0.15298819541931152,0.37458744645118713,0.14067421853542328,0.6927298903465271,1.0,0.07498300075531006,0.0,0.1580730676651001,0.0,0.0742141455411911,0.0,2,7
NGSIM,MoE_OpenLoop,73,123,271,271,27.1,0.6010526418685913,0.8233174085617065,2.6500916481018066,3.371004343032837,0.5683616995811462,0,-1,0,0,0.0,2.0,271,2.286238193511963,0,0.0,0,0.0,0,23.141172409057617,0.0,0.0,0.0,0.09047019481658936,0.1902872771024704,0.022140221670269966,0.38510438799858093,0.19911621510982513,0.16236162185668945,0.02413223683834076,0.10751325637102127,0.033210333436727524,0.3271889388561249,0.25036364793777466,0.5867158770561218,0.1660061925649643,0.23544858396053314,0.19557195901870728,0.0070979115553200245,0.0579904243350029,0.0,0.0,0.0,0.0,0.0,0.0,0.0033144508488476276,0.007141822949051857,0.02444322779774666,0.025014035403728485,0.009795918129384518,0.05728311464190483,0.09617555886507034,0.09142667800188065,3.5920488805629702e-09,2.697996670519842e-08,6.142304817980532e-14,5.164661558663963e-13,0.0,0.0,0.4459274113178253,0.15159988403320312,0.42034342885017395,0.10441572219133377,0.7144743204116821,1.0,0.07138402760028839,0.0,0.13573883473873138,0.0,0.07840271294116974,0.0,1,6
NGSIM,MoE_OpenLoop,73,124,585,585,58.5,0.4566803276538849,0.6104391813278198,2.940981149673462,3.6222355365753174,0.5781297087669373,0,-1,1,149,0.2547008547008547,2.0,585,1.6889057159423828,0,0.0,0,0.0,0,5.701626300811768,0.0,0.0,0.0,0.42961302399635315,0.20192891359329224,0.704273521900177,0.2451237589120865,0.2385064661502838,0.07350427657365799,0.05132349953055382,0.14411914348602295,0.0017094017239287496,0.19845856726169586,0.24239802360534668,0.13504274189472198,0.04827698692679405,0.14838993549346924,0.07179487496614456,0.027204154059290886,0.11309421062469482,0.013675213791429996,0.0,0.0,0.0,0.0,0.0,0.024354469031095505,0.029001686722040176,0.027740279212594032,0.04995060712099075,0.008604664355516434,0.034526292234659195,0.03596717119216919,0.06188787892460823,2.882641014778642e-09,1.2527443082888112e-08,5.1907361921621487e-05,0.0004889003466814756,0.0,0.0,0.46088626980781555,0.16385650634765625,0.44239526987075806,0.14448294043540955,0.6873831748962402,1.0,0.07390093058347702,0.0,0.16046825051307678,0.0,0.07824814319610596,0.0,2,7
NGSIM,MoE_OpenLoop,73,125,323,323,32.300000000000004,0.5035714507102966,0.671075701713562,6.636096000671387,7.224959850311279,0.5627825260162354,0,-1,0,0,0.0,2.0,323,2.1165876388549805,0,0.0,0,0.0,0,11.003694534301758,0.0,0.0,0.0,0.45449918508529663,0.1764671504497528,0.7987616062164307,0.29358354210853577,0.23574331402778625,0.13003095984458923,0.06178154796361923,0.1620742678642273,0.02476780116558075,0.1550597846508026,0.22515112161636353,0.027863776311278343,0.03507588803768158,0.12670426070690155,0.018575850874185562,0.0,0.0,0.0,0.0,0.0,0.0,0.0,0.0,0.020131325349211693,0.012104887515306473,0.024824459105730057,0.035201288759708405,0.012951821088790894,0.043450575321912766,0.028794342651963234,0.05177799612283707,6.067528146580514e-10,5.1559747582530235e-09,0.0,0.0,0.0,0.0,0.4478602409362793,0.15300309658050537,0.46543797850608826,0.13121718168258667,0.6991453170776367,1.0,0.07209599763154984,0.0,0.15108749270439148,0.0,0.0776713490486145,0.0,0,5
NGSIM,MoE_OpenLoop,73,126,212,212,21.200000000000003,0.41931307315826416,0.5689718127250671,1.495798945426941,1.9006413221359253,0.5469704866409302,0,-1,1,212,1.0,2.0,212,1.234684705734253,0,0.0,0,0.0,0,12.410754203796387,0.0,0.0,0.0,0.28544485569000244,0.2526376247406006,0.38679245114326477,0.13537919521331787,0.22075481712818146,0.08962263911962509,0.23576658964157104,0.2450825721025467,0.13679245114326477,0.0,0.0,0.0,0.06407885253429413,0.16430319845676422,0.0,0.2793304920196533,0.2519693970680237,0.38679245114326477,0.0,0.0,0.0,0.0,0.0,0.029402287676930428,0.0431009903550148,0.017395056784152985,0.041410837322473526,0.030049538239836693,0.037977419793605804,0.0,0.0,3.834386319567784e-08,1.9636034664927138e-07,1.6242738354321773e-07,4.343345665347442e-07,0.0,0.0,0.4569002687931061,0.22860296070575714,0.46625277400016785,0.21150797605514526,0.6595598459243774,1.0,0.07436145842075348,0.0,0.19604089856147766,0.0,0.07003781199455261,0.0,2,7
NGSIM,MoE_OpenLoop,73,127,454,454,45.400000000000006,0.6058971285820007,0.7578739523887634,3.4303951263427734,3.865438938140869,0.7921385169029236,0,-1,1,108,0.23788546255506607,2.0,454,1.707440733909607,0,0.0,0,0.0,0,7.774804592132568,0.021921833977103233,0.09716849774122238,0.0,0.3815283179283142,0.2399587780237198,0.6409691572189331,0.1979813426733017,0.24246026575565338,0.15859030187129974,0.1692705750465393,0.2247672826051712,0.06828194111585617,0.0684657096862793,0.1675960272550583,0.019823787733912468,0.11156003177165985,0.20476549863815308,0.046255506575107574,0.04927229881286621,0.15045055747032166,0.06607929617166519,0.0,0.0,0.0,0.0016014364082366228,0.007897159084677696,0.0264107808470726,0.03250777721405029,0.020857609808444977,0.034144628793001175,0.05087845399975777,0.09484533220529556,0.023504994809627533,0.060203831642866135,1.0967500685410414e-07,6.821829288128356e-07,3.2226573409843695e-08,1.5504265604704415e-07,0.0,0.0,0.43071305751800537,0.22214750945568085,0.4460333585739136,0.1954779475927353,0.6894543170928955,1.0,0.07231789082288742,0.0,0.1648494154214859,0.0,0.07337852567434311,0.0,0,5
NGSIM,MoE_OpenLoop,73,128,186,186,18.6,0.8044431209564209,0.9796013832092285,6.194930553436279,6.5983357429504395,0.7713360786437988,0,-1,1,175,0.9408602150537635,2.0,186,1.767533779144287,0,0.0,0,0.0,0,30.055946350097656,0.0,0.0,0.0,0.5166207551956177,0.021262671798467636,0.725806474685669,0.0,0.0,0.0,0.0,0.0,0.0,0.4833792746067047,0.02124900184571743,0.27419355511665344,0.0,0.0,0.0,0.0,0.0,0.0,0.0,0.0,0.0,0.0,0.0,0.029840709641575813,0.012380645610392094,0.0,0.0,0.0,0.0,0.22551093995571136,0.16772928833961487,0.0,0.0,0.0,0.0,0.0,0.0,0.30871716141700745,0.1348331719636917,0.43593117594718933,0.1529536098241806,0.6906231045722961,1.0,0.07489358633756638,0.0,0.15700595080852509,0.0,0.07747746258974075,0.0,1,6
NGSIM,MoE_OpenLoop,73,129,164,164,16.400000000000002,0.7585265636444092,0.8951166868209839,4.26317024230957,4.926604747772217,0.7262330651283264,0,-1,1,90,0.5487804878048781,2.0,164,1.8167719841003418,0,0.0,0,0.0,0,35.92876052856445,0.0,0.0,0.0,0.5253097414970398,0.01922442764043808,0.9085366129875183,0.0,0.0,0.0,0.0,0.0,0.0,0.37895938754081726,0.19453148543834686,0.09146341681480408,0.09573110938072205,0.18730586767196655,0.0,0.0,0.0,0.0,0.0,0.0,0.0,0.0,0.0,0.031131522729992867,0.016547685489058495,0.0,0.0,0.0,0.0,0.2418053299188614,0.24159714579582214,1.854037812165643e-08,1.746937243751745e-07,0.0,0.0,0.0,0.0,0.25183263421058655,0.11286454647779465,0.4752304255962372,0.23343460261821747,0.7014700174331665,1.0,0.0740416869521141,0.0,0.14747118949890137,0.0,0.07701679319143295,0.0,1,6
NGSIM,MoE_OpenLoop,73,130,691,691,69.10000000000001,0.45475807785987854,0.6408961415290833,4.5925612449646,4.813403129577637,0.3719995617866516,0,-1,1,214,0.3096960926193922,2.0,682,1.747024655342102,6,0.008683068017366137,0,0.0,0,1.167251706123352,0.009002539329230785,0.06260690093040466,0.0,0.375576376914978,0.24359683692455292,0.6729377508163452,0.13657329976558685,0.21259364485740662,0.0,0.09601368010044098,0.18565024435520172,0.005788711830973625,0.08661758899688721,0.1863418072462082,0.040520984679460526,0.004266472067683935,0.045588135719299316,0.0,0.15496985614299774,0.23220519721508026,0.2749638259410858,0.13698019087314606,0.2216474413871765,0.005788711830973625,0.0005552017828449607,0.00409422954544425,0.031360186636447906,0.050159577280282974,0.018515508621931076,0.05141680687665939,0.016249293461441994,0.04541972652077675,0.030049124732613564,0.07355403900146484,4.7411955961251806e-07,7.668411853956059e-06,0.015189276076853275,0.033224280923604965,0.10426677018404007,0.18778109550476074,0.44418442249298096,0.186333566904068,0.33962956070899963,0.20094117522239685,0.6964702010154724,1.0,0.07440827786922455,0.0,0.1394100785255432,0.0,0.0897112488746643,0.0,2,7
NGSIM,MoE_OpenLoop,73,131,461,461,46.1,0.640900194644928,0.8950771689414978,2.5586001873016357,3.1628105640411377,0.6753702163696289,0,-1,1,354,0.7678958785249458,2.0,461,1.4063278436660767,0,0.0,0,0.0,0,8.221658706665039,0.0,0.0,0.0,0.2958362400531769,0.26286622881889343,0.5206073522567749,0.03942449390888214,0.1354985535144806,0.05206073820590973,0.3108053207397461,0.22730422019958496,0.08242949843406677,0.04000324383378029,0.1334817260503769,0.0,0.17395612597465515,0.23765559494495392,0.18438178300857544,0.1399746835231781,0.22600094974040985,0.16052061319351196,0.0,0.0,0.0,0.0,0.0,0.017850050702691078,0.023934509605169296,0.006187391933053732,0.026407292112708092,0.03386073559522629,0.04577041044831276,0.0070370957255363464,0.026122387498617172,4.661289096929977e-07,3.237274086131947e-06,4.3112484604534984e-07,3.7776694625790697e-06,0.0,0.0,0.49574941396713257,0.19175051152706146,0.4393143355846405,0.18548522889614105,0.6779702305793762,1.0,0.07336781919002533,0.0,0.17610898613929749,0.0,0.0725533738732338,0.0,0,5
NGSIM,MoE_OpenLoop,73,132,298,298,29.8,0.7927001714706421,1.0689741373062134,1.7100712060928345,2.1377933025360107,0.7481509447097778,0,-1,1,193,0.6476510067114094,2.0,298,1.4453669786453247,0,0.0,0,0.0,0,10.315080642700195,0.0,0.0,0.0,0.242706298828125,0.2599910795688629,0.3557046949863434,0.21719790995121002,0.25052952766418457,0.30536913871765137,0.19293326139450073,0.23366399109363556,0.06375838816165924,0.022903984412550926,0.10316623747348785,0.0,0.13160943984985352,0.21735811233520508,0.057046979665756226,0.19264908134937286,0.24505659937858582,0.21812079846858978,0.0,0.0,0.0,0.0,0.0,0.011463045142591,0.014638355933129787,0.025739584118127823,0.037286996841430664,0.016366736963391304,0.02947058342397213,0.010767234489321709,0.04936670884490013,1.1007535931639723e-06,5.458954092318891e-06,2.2061682614094025e-07,5.96026552557305e-07,0.0,0.0,0.45177629590034485,0.2089923918247223,0.4838857352733612,0.19341138005256653,0.6744328737258911,1.0,0.07321278750896454,0.0,0.18045401573181152,0.0,0.07190054655075073,0.0,1,6
NGSIM,MoE_OpenLoop,73,133,661,661,66.10000000000001,0.497062087059021,0.6415059566497803,27.007081985473633,29.215436935424805,1.061867594718933,0,-1,0,0,0.0,2.0,661,2.303723096847534,0,0.0,0,0.0,0,1.3666431903839111,0.07250457257032394,0.17494332790374756,0.06505294889211655,0.24181295931339264,0.24772538244724274,0.22541603446006775,0.15951690077781677,0.23164016008377075,0.10741300880908966,0.0,0.0,0.0,0.11200547963380814,0.2087833434343338,0.13918305933475494,0.14820827543735504,0.23648960888385773,0.1921331286430359,0.18059267103672028,0.24021470546722412,0.2586989402770996,0.08535915613174438,0.18699006736278534,0.012102873995900154,0.009841807186603546,0.028329819440841675,0.042534857988357544,0.08299382030963898,0.027542229741811752,0.05196956917643547,0.0,0.0,0.03229760006070137,0.07022020220756531,8.213387608924094e-11,6.041354638774976e-10,0.01746276021003723,0.0768866017460823,0.05622291937470436,0.1401388794183731,0.4468762278556824,0.1591549664735794,0.3672214448451996,0.18342766165733337,0.7310179471969604,1.0,0.07258180528879166,0.0,0.10082204639911652,0.0,0.09557822346687317,0.0,1,6
NGSIM,MoE_OpenLoop,73,134,696,696,69.60000000000001,0.42769891023635864,0.5923492908477783,2.5243422985076904,3.1329686641693115,0.4772983491420746,0,-1,1,175,0.2514367816091954,2.0,676,1.6993337869644165,6,0.008620689655172414,0,0.0,0,1.1796026229858398,0.0038114567287266254,0.04087373986840248,0.0,0.37052255868911743,0.2458825260400772,0.6738505959510803,0.0988902747631073,0.1912175714969635,0.0,0.08282331377267838,0.17294739186763763,0.0,0.12867741286754608,0.21402345597743988,0.03304597735404968,0.0,0.0,0.0,0.17137981951236725,0.23781855404376984,0.28735631704330444,0.14389517903327942,0.22504450380802155,0.005747126415371895,0.00016676449740771204,0.0018025535391643643,0.02971016615629196,0.047797415405511856,0.013919757679104805,0.043271686881780624,0.026648318395018578,0.06764237582683563,0.02696230448782444,0.06098603457212448,0.0,0.0,0.016199002042412758,0.037752650678157806,0.10918451845645905,0.19254058599472046,0.42684367299079895,0.1836642324924469,0.35036540031433105,0.2075849324464798,0.6990163326263428,1.0,0.07414883375167847,0.0,0.1366076022386551,0.0,0.0902269035577774,0.0,2,7
NGSIM,MoE_OpenLoop,73,135,216,216,21.6,0.4808911979198456,0.6514334678649902,10.564772605895996,13.526737213134766,1.2953816652297974,0,-1,0,0,0.0,2.0,216,2.576408624649048,0,0.0,0,0.0,0,19.669816970825195,0.0,0.0,0.0,0.118300661444664,0.21285927295684814,0.12962962687015533,0.5119544863700867,0.012013852596282959,0.8703703880310059,0.006596775725483894,0.055586885660886765,0.0,0.18434906005859375,0.2333902269601822,0.0,0.17879918217658997,0.23552264273166656,0.0,0.0,0.0,0.0,0.0,0.0,0.0,0.0,0.0,0.005368686281144619,0.00986778549849987,0.025662727653980255,0.02240472286939621,0.0007224119617603719,0.006127222441136837,0.046052463352680206,0.07119520753622055,4.778460613308333e-11,2.5018381810681944e-10,0.0,0.0,0.0,0.0,0.4037814736366272,0.16096122562885284,0.5184122323989868,0.1255313754081726,0.7139015197753906,1.0,0.07084943354129791,0.0,0.13646379113197327,0.0,0.07878529280424118,0.0,2,7
NGSIM,MoE_OpenLoop,73,136,272,272,27.200000000000003,0.7789276242256165,1.0163167715072632,6.216095447540283,6.767536163330078,1.020026445388794,0,-1,1,108,0.39705882352941174,2.0,272,1.6810935735702515,0,0.0,0,0.0,0,2.0160512924194336,0.0,0.0,0.0,0.27599823474884033,0.268514484167099,0.48161765933036804,0.11153458058834076,0.20123690366744995,0.022058824077248573,0.11214477568864822,0.19855909049510956,0.0,0.035430580377578735,0.12260032445192337,0.007352941203862429,0.036475419998168945,0.12950536608695984,0.029411764815449715,0.26895418763160706,0.2519436180591583,0.41911765933036804,0.15946227312088013,0.230632945895195,0.040441177785396576,0.0,0.0,0.02848629094660282,0.04957352951169014,0.012978306971490383,0.029167501255869865,0.022676004096865654,0.050652045756578445,0.011633994989097118,0.04627414047718048,7.031224669162839e-08,3.0456610033979814e-07,0.016336506232619286,0.039820242673158646,0.07340315729379654,0.13843907415866852,0.43752235174179077,0.17470616102218628,0.39696335792541504,0.17670634388923645,0.700115978717804,1.0,0.07334940880537033,0.0,0.14264626801013947,0.0,0.08388812094926834,0.0,2,7
NGSIM,MoE_OpenLoop,73,137,345,345,34.5,0.745737612247467,0.9806602597236633,2.290236234664917,2.5651867389678955,0.6958665251731873,0,-1,1,263,0.7623188405797101,2.0,345,1.7671018838882446,0,0.0,0,0.0,0,9.639813423156738,0.010286500677466393,0.0667644739151001,0.0,0.3763503432273865,0.24120883643627167,0.6608695387840271,0.23996739089488983,0.24368195235729218,0.05797101557254791,0.1459013819694519,0.2165849208831787,0.005797101650387049,0.010784381069242954,0.06999503076076508,0.0,0.05446673929691315,0.1506187915802002,0.023188406601548195,0.16224326193332672,0.2356264889240265,0.25217390060424805,0.0,0.0,0.0,0.00031543648219667375,0.0020484374836087227,0.024830300360918045,0.031054649502038956,0.03382473438978195,0.05736169591546059,0.039550986140966415,0.07301028072834015,0.0005358760245144367,0.0037481500767171383,3.6024395910772e-08,1.5647231066395761e-07,8.716002225517272e-11,3.385955404944241e-10,0.0,0.0,0.4275977611541748,0.2384321391582489,0.4733445644378662,0.22071345150470734,0.6886820197105408,1.0,0.07295116782188416,0.0,0.16546756029129028,0.0,0.07289906591176987,0.0,2,7
NGSIM,MoE_OpenLoop,73,138,208,208,20.8,0.6336656808853149,0.7558245658874512,0.521588146686554,0.6172002553939819,0.35293102264404297,0,-1,1,208,1.0,2.0,208,1.6298062801361084,0,0.0,0,0.0,0,24.94957160949707,0.0,0.0,0.0,0.39785242080688477,0.21326714754104614,0.4663461446762085,0.1390831470489502,0.21597015857696533,0.0,0.0,0.0,0.0,0.4630644619464874,0.13168694078922272,0.5336538553237915,0.0,0.0,0.0,0.0,0.0,0.0,0.0,0.0,0.0,0.0,0.0,0.026439107954502106,0.021949732676148415,0.007617061026394367,0.01390303485095501,0.0,0.0,0.21866291761398315,0.15056024491786957,0.0,0.0,0.0,0.0,0.0,0.0,0.3113900423049927,0.16450175642967224,0.43589097261428833,0.1560148447751999,0.681460440158844,1.0,0.07597369700670242,0.0,0.1647629588842392,0.0,0.07780284434556961,0.0,1,6
NGSIM,MoE_OpenLoop,73,139,270,270,27.0,0.6237002611160278,0.7743716239929199,0.6609687805175781,0.828778088092804,0.4655030369758606,0,-1,1,270,1.0,2.0,270,1.02392578125,0,0.0,0,0.0,0,12.125486373901367,0.0,0.0,0.0,0.3557720482349396,0.2397170066833496,0.5481481552124023,0.26096805930137634,0.24058057367801666,0.0,0.057020992040634155,0.15024526417255402,0.0,0.0,0.0,0.0,0.0,0.0,0.0,0.3262389302253723,0.24276190996170044,0.45185184478759766,0.0,0.0,0.0,0.0,0.0,0.029575644060969353,0.027635211125016212,0.022378385066986084,0.026064978912472725,0.004565652925521135,0.012703546322882175,0.0,0.0,0.0,0.0,1.9923511729302845e-07,3.7019498222434777e-07,0.0,0.0,0.3636828660964966,0.2091817855834961,0.5797973275184631,0.19883960485458374,0.6445488929748535,1.0,0.07751484960317612,0.0,0.20425006747245789,0.0,0.07368621230125427,0.0,2,7
NGSIM,MoE_OpenLoop,73,140,375,375,37.5,0.7750179767608643,1.0055220127105713,2.3779184818267822,2.930966854095459,0.8810228705406189,0,-1,0,0,0.0,2.0,375,2.1752052307128906,0,0.0,0,0.0,0,10.333841323852539,0.08511314541101456,0.1876995712518692,0.08533333241939545,0.3871994614601135,0.21343664824962616,0.3973333239555359,0.19738934934139252,0.2517121732234955,0.2933333218097687,0.022352568805217743,0.09967673569917679,0.0,0.198589026927948,0.2407783418893814,0.1733333319425583,0.07527511566877365,0.1742846667766571,0.013333333656191826,0.03408133238554001,0.12500347197055817,0.03733333200216293,0.0,0.0,0.0,0.002142297336831689,0.005146127659827471,0.041862040758132935,0.053024157881736755,0.022550882771611214,0.03503841534256935,0.005782174412161112,0.030926700681447983,0.05938362702727318,0.10050497204065323,5.977668848800022e-08,3.5521338759281207e-07,0.0025589794386178255,0.0195614043623209,0.0,0.0,0.35635289549827576,0.1997605264186859,0.5093666911125183,0.16809414327144623,0.7161423563957214,1.0,0.07111065834760666,0.0,0.13566406071186066,0.0,0.07708341628313065,0.0,1,6
NGSIM,MoE_OpenLoop,73,141,261,261,26.1,1.0084480047225952,1.2859865427017212,11.226572036743164,14.299942016601562,1.3458523750305176,0,-1,1,247,0.946360153256705,2.0,261,1.4293136596679688,0,0.0,0,0.0,0,12.69023609161377,0.022956006228923798,0.10026776045560837,0.0,0.16498059034347534,0.2419283539056778,0.2337164729833603,0.07054539769887924,0.17358797788619995,0.06896551698446274,0.29864922165870667,0.24154126644134521,0.29118773341178894,0.0,0.0,0.0,0.18939834833145142,0.2403770089149475,0.1034482792019844,0.25347036123275757,0.25258582830429077,0.30268198251724243,0.0,0.0,0.0,1.4576165995094925e-05,8.995641837827861e-05,0.007739815395325422,0.013609979301691055,0.008912620134651661,0.028305739164352417,0.03749901056289673,0.05355958640575409,0.0,0.0,1.2083571618859423e-06,8.760845048527699e-06,1.6649603651330835e-07,4.4160685774841113e-07,0.0,0.0,0.5192012190818787,0.24715322256088257,0.4266313314437866,0.22789393365383148,0.6753153800964355,1.0,0.07190737873315811,0.0,0.18500573933124542,0.0,0.0677712932229042,0.0,1,6
NGSIM,MoE_OpenLoop,73,142,171,171,17.1,0.5733321905136108,0.7582350373268127,4.311062812805176,4.897613525390625,0.8807616829872131,0,-1,0,0,0.0,2.0,171,3.8384737968444824,0,0.0,0,0.0,0,74.80414581298828,0.0,0.0,0.0,0.5492591261863708,0.012528720311820507,1.0,0.0,0.0,0.0,0.0,0.0,0.0,0.0,0.0,0.0,0.4507409334182739,0.012535260058939457,0.0,0.0,0.0,0.0,0.0,0.0,0.0,0.0,0.0,0.02970096841454506,0.007950067520141602,0.0,0.0,0.0,0.0,0.0,0.0,1.077775858086736e-31,0.0,0.0,0.0,0.0,0.0,0.2809765338897705,0.12352007627487183,0.689322829246521,0.11720403283834457,0.7535470724105835,1.0,0.07162189483642578,0.0,0.08108405768871307,0.0,0.0937471091747284,0.0,1,6
NGSIM,MoE_OpenLoop,73,143,212,212,21.200000000000003,0.7285171151161194,0.8956350088119507,2.1217944622039795,2.276951313018799,0.4282528758049011,0,-1,1,212,1.0,2.0,212,1.3239717483520508,0,0.0,0,0.0,0,18.18861961364746,0.0,0.0,0.0,0.4742986559867859,0.15895669162273407,0.7452830076217651,0.16209767758846283,0.21922653913497925,0.0,0.0,0.0,0.0,0.36360371112823486,0.2137870490550995,0.25471699237823486,0.0,0.0,0.0,0.0,0.0,0.0,0.0,0.0,0.0,0.0,0.0,0.03994503989815712,0.04208424687385559,0.018691884353756905,0.030642637982964516,0.0,0.0,0.18638430535793304,0.13744191825389862,0.0,0.0,0.0,0.0,0.0,0.0,0.2706921696662903,0.16265153884887695,0.4842865765094757,0.17646832764148712,0.6769315004348755,1.0,0.07656536251306534,0.0,0.16988994181156158,0.0,0.07661310583353043,0.0,0,5
NGSIM,MoE_OpenLoop,73,144,256,256,25.6,0.812942385673523,0.9794318675994873,3.0195047855377197,3.3048758506774902,0.708683967590332,0,-1,1,97,0.37890625,2.0,256,1.6437140703201294,0,0.0,0,0.0,0,17.036243438720703,0.0,0.0,0.0,0.23891162872314453,0.25264450907707214,0.23046875,0.19319231808185577,0.23567062616348267,0.0703125,0.13136880099773407,0.21640899777412415,0.09375,0.29094037413597107,0.2568129897117615,0.4921875,0.040810998529195786,0.1365290731191635,0.046875,0.10477589815855026,0.20272698998451233,0.06640625,0.0,0.0,0.0,0.0,0.0,0.011090889573097229,0.012843821197748184,0.021957123652100563,0.03514651954174042,0.026245059445500374,0.055824488401412964,0.09385809302330017,0.10375795513391495,6.877349356670948e-09,5.49758567558456e-08,4.707775280721194e-10,1.6397528890266244e-09,0.0,0.0,0.34064480662345886,0.1927981674671173,0.5062040686607361,0.15838424861431122,0.6910314559936523,1.0,0.07386917620897293,0.0,0.1585237979888916,0.0,0.0765753760933876,0.0,0,5
NGSIM,MoE_OpenLoop,73,145,550,550,55.0,0.4849610924720764,0.6497787237167358,2.5381765365600586,3.219369888305664,0.46207672357559204,0,-1,1,19,0.034545454545454546,2.0,550,1.8804272413253784,0,0.0,0,0.0,0,7.674728870391846,0.011495677754282951,0.07113615423440933,0.0,0.34554412961006165,0.24990075826644897,0.5236363410949707,0.2780319154262543,0.2503378391265869,0.3309091031551361,0.1607864797115326,0.2208569347858429,0.00909090880304575,0.14153875410556793,0.2240729033946991,0.13636364042758942,0.04726877808570862,0.1432756930589676,0.0,0.01533422339707613,0.08342721313238144,0.0,0.0,0.0,0.0,0.0005217986181378365,0.0033687106333673,0.02357347682118416,0.031473297625780106,0.017850128933787346,0.030141791328787804,0.03282824158668518,0.06895546615123749,0.028255604207515717,0.0600421279668808,5.471222919162244e-10,4.851089308033352e-09,0.0021658374462276697,0.01758662424981594,0.0,0.0,0.448632150888443,0.18883465230464935,0.446172833442688,0.17907319962978363,0.7083285450935364,1.0,0.07119190692901611,0.0,0.14347191154956818,0.0,0.07700774818658829,0.0,2,7
NGSIM,MoE_OpenLoop,73,146,471,471,47.1,0.6649283766746521,0.8012096285820007,3.1121585369110107,3.9413564205169678,0.5285837650299072,0,-1,1,32,0.06794055201698514,2.0,471,1.903191328048706,0,0.0,0,0.0,0,10.568610191345215,0.0,0.0,0.0,0.2647298276424408,0.26798778772354126,0.4458598792552948,0.33205580711364746,0.23746775090694427,0.3736730217933655,0.12319909036159515,0.20188693702220917,0.0,0.07463853061199188,0.17294295132160187,0.0,0.1925591379404068,0.24163779616355896,0.15923567116260529,0.01281767524778843,0.07927499711513519,0.02123142220079899,0.0,0.0,0.0,0.0,0.0,0.015757182613015175,0.024922115728259087,0.028377186506986618,0.03905196860432625,0.02136572264134884,0.054867830127477646,0.024742156267166138,0.06489380449056625,3.684034854956053e-09,2.38268622609894e-08,2.0616112983429247e-10,1.3517571506582726e-09,0.0,0.0,0.4599481523036957,0.19671322405338287,0.4498094320297241,0.17347918450832367,0.6991109848022461,1.0,0.07147850096225739,0.0,0.1547461450099945,0.0,0.07466429471969604,0.0,2,7
NGSIM,MoE_OpenLoop,73,147,248,248,24.8,0.6353514194488525,0.8235845565795898,15.80381965637207,20.258108139038086,1.6243125200271606,0,-1,1,20,0.08064516129032258,2.0,248,1.8332890272140503,0,0.0,0,0.0,0,10.842570304870605,0.023191893473267555,0.10285133868455887,0.0,0.19726359844207764,0.24867026507854462,0.25,0.36715495586395264,0.22393910586833954,0.4193548262119293,0.06212405115365982,0.16437935829162598,0.05645161122083664,0.1153726801276207,0.20668190717697144,0.04838709533214569,0.21122285723686218,0.24663029611110687,0.22580644488334656,0.02367001213133335,0.10499121248722076,0.0,0.0,0.0,0.0,0.0013654603390023112,0.006387251894921064,0.012777539901435375,0.02141742967069149,0.028524205088615417,0.03678065165877342,0.04143095389008522,0.12512655556201935,0.03842654079198837,0.08893824368715286,7.202781704407357e-10,1.665412363571761e-09,3.37703802699707e-08,1.6423568638401775e-07,0.0,0.0,0.4359033405780792,0.18718980252742767,0.4415722191333771,0.16642414033412933,0.6941115856170654,1.0,0.07214866578578949,0.0,0.15825773775577545,0.0,0.07548202574253082,0.0,2,7
NGSIM,MoE_OpenLoop,73,148,149,149,14.9,0.4216512441635132,0.5593583583831787,1.123442530632019,1.8264518976211548,0.6036574840545654,0,-1,0,0,0.0,2.0,149,2.9909372329711914,0,0.0,0,0.0,0,23.86492156982422,0.1389046609401703,0.2217262238264084,0.033557046204805374,0.25228285789489746,0.2256283015012741,0.020134227350354195,0.09931544214487076,0.1943773329257965,0.10067114233970642,0.0,0.0,0.0,0.0,0.0,0.0,0.3200224041938782,0.274203896522522,0.5570470094680786,0.18947461247444153,0.24425901472568512,0.28859061002731323,0.0,0.0,0.0,0.01791122741997242,0.047046955674886703,0.01365988701581955,0.017034443095326424,0.00558365136384964,0.016385098919272423,0.0,0.0,0.0,0.0,1.7457132202476633e-13,6.469710834774989e-13,0.02885405719280243,0.11888937652111053,0.0,0.0,0.4721291661262512,0.15824997425079346,0.4618619978427887,0.1405133157968521,0.7458541393280029,1.0,0.07017920911312103,0.0,0.093736931681633,0.0,0.09022983908653259,0.0,0,5
NGSIM,MoE_OpenLoop,73,149,627,627,62.7,0.5620760917663574,0.6871033310890198,5.612707138061523,6.8965067863464355,0.753089189529419,0,-1,1,50,0.07974481658692185,2.0,627,1.8020094633102417,0,0.0,0,0.0,0,8.567631721496582,0.019501706585288048,0.09200062602758408,0.0,0.4713950455188751,0.1617579460144043,0.7575757503509521,0.20562152564525604,0.24140837788581848,0.14194577932357788,0.125576913356781,0.20545238256454468,0.00637958524748683,0.11225179582834244,0.20483048260211945,0.0717703327536583,0.033173657953739166,0.123817078769207,0.009569377638399601,0.03247936815023422,0.11979977786540985,0.01116427406668663,0.0,0.0,0.0,0.0011976693058386445,0.006280515342950821,0.03458406403660774,0.046331387013196945,0.019586624577641487,0.03422446548938751,0.024843640625476837,0.058817051351070404,0.028665730729699135,0.06349726021289825,1.1049086978687228e-08,1.1501467156449507e-07,0.001248868997208774,0.012088924646377563,0.0,0.0,0.44386181235313416,0.19580915570259094,0.4460117816925049,0.18673622608184814,0.6982996463775635,1.0,0.07242904603481293,0.0,0.1522054821252823,0.0,0.07706517726182938,0.0,2,7
NGSIM,MoE_OpenLoop,73,150,237,237,23.700000000000003,0.6370920538902283,0.8189704418182373,22.154705047607422,25.664737701416016,1.6546635627746582,0,-1,1,200,0.8438818565400844,2.0,237,1.363829493522644,0,0.0,0,0.0,0,12.465360641479492,0.0,0.0,0.0,0.06295780837535858,0.1653815060853958,0.016877636313438416,0.14262542128562927,0.2225908786058426,0.008438818156719208,0.05713247135281563,0.15933623909950256,0.09704641252756119,0.0020272773690521717,0.03114362619817257,0.0,0.2796958386898041,0.23904545605182648,0.04641350358724594,0.455561101436615,0.16355262696743011,0.8312236070632935,0.0,0.0,0.0,0.0,0.0,0.0022964277304708958,0.0062416368164122105,0.01707133837044239,0.03293226286768913,0.0021632593125104904,0.0072850920259952545,0.0012147866655141115,0.01866190694272518,1.2028614264636417e-06,5.489124760060804e-06,2.2204511651580106e-07,6.06645699008368e-07,0.0,0.0,0.5229213237762451,0.2067919373512268,0.4543316662311554,0.20212480425834656,0.6676427125930786,1.0,0.07385333627462387,0.0,0.18675166368484497,0.0,0.07175201922655106,0.0,0,5
NGSIM,MoE_OpenLoop,73,151,179,179,17.900000000000002,0.7682613730430603,0.9616499543190002,4.118387699127197,4.580028533935547,0.7552577257156372,0,-1,0,0,0.0,2.0,179,3.2742667198181152,0,0.0,0,0.0,0,52.90540313720703,0.0,0.0,0.0,0.5408991575241089,0.022446338087320328,0.9497206807136536,0.0,0.0,0.0,0.0,0.0,0.0,0.25950416922569275,0.223195880651474,0.0,0.1995968371629715,0.2329811155796051,0.05027933046221733,0.0,0.0,0.0,0.0,0.0,0.0,0.0,0.0,0.021641559898853302,0.0055557237938046455,0.0,0.0,0.0,0.0,0.0962921753525734,0.09413984417915344,2.077117564986709e-21,2.284367990579297e-20,0.0,0.0,0.0,0.0,0.35998502373695374,0.1388017237186432,0.522081196308136,0.10161031782627106,0.7404903769493103,1.0,0.07012619078159332,0.0,0.1065010279417038,0.0,0.08288243412971497,0.0,2,7
NGSIM,MoE_OpenLoop,73,152,296,296,29.6,0.593964695930481,0.7510873675346375,3.4437127113342285,3.9318883419036865,0.6211442947387695,0,-1,1,87,0.2939189189189189,2.0,296,1.744193196296692,0,0.0,0,0.0,0,10.976658821105957,0.06403464823961258,0.16717228293418884,0.07432432472705841,0.3872610628604889,0.2306288182735443,0.5506756901741028,0.20691747963428497,0.24563772976398468,0.23986487090587616,0.2152884304523468,0.2339964658021927,0.08445946127176285,0.0,0.0,0.0,0.11523780226707458,0.2090483456850052,0.05067567527294159,0.011260570026934147,0.07235629856586456,0.0,0.0,0.0,0.0,0.0021196294110268354,0.006628079805523157,0.024760840460658073,0.02693171799182892,0.023045498877763748,0.046101558953523636,0.035582035779953,0.07581622153520584,0.0,0.0,3.828768857516707e-09,1.831874740787498e-08,1.1259373877692269e-08,7.618719166657684e-08,0.0,0.0,0.45198991894721985,0.2049074023962021,0.46250203251838684,0.1973029375076294,0.6942300796508789,1.0,0.07141571491956711,0.0,0.16244792938232422,0.0,0.07190609723329544,0.0,0,5
NGSIM,MoE_OpenLoop,73,153,195,195,19.5,0.7147803902626038,0.9234838485717773,1.3825069665908813,1.7602990865707397,0.8328654766082764,0,-1,0,0,0.0,2.0,195,2.973609447479248,0,0.0,0,0.0,0,6.6531877517700195,0.10875102132558823,0.1877218335866928,0.0,0.14014068245887756,0.22662357985973358,0.20512820780277252,0.085173100233078,0.18541593849658966,0.03589743748307228,0.0,0.0,0.0,0.12797771394252777,0.21797293424606323,0.10256410390138626,0.006821804214268923,0.05457579344511032,0.0,0.3790406584739685,0.2476682960987091,0.656410276889801,0.15209509432315826,0.22039005160331726,0.0,0.008232414722442627,0.014340627938508987,0.04239588975906372,0.11161123961210251,0.01817360147833824,0.055643513798713684,0.0,0.0,0.023325441405177116,0.0512305423617363,6.664449723282678e-15,5.913092281442656e-14,0.11537742614746094,0.15793679654598236,0.0781053677201271,0.13264621794223785,0.3461373448371887,0.15926583111286163,0.3682524859905243,0.1484435796737671,0.7468016743659973,1.0,0.06978905200958252,0.0,0.09400811791419983,0.0,0.08940143883228302,0.0,2,7
NGSIM,MoE_OpenLoop,73,154,159,159,15.9,0.7631171941757202,0.9474256634712219,17.91314125061035,20.608991622924805,2.1296770572662354,0,-1,1,18,0.11320754716981132,2.0,159,1.9952934980392456,0,0.0,0,0.0,0,31.0455379486084,0.0,0.0,0.0,0.5451217293739319,0.02097621187567711,0.9371069073677063,0.0,0.0,0.0,0.0,0.0,0.0,0.1278921216726303,0.21048472821712494,0.0628930851817131,0.3269862234592438,0.19943435490131378,0.0,0.0,0.0,0.0,0.0,0.0,0.0,0.0,0.0,0.014365560375154018,0.01054889801889658,0.0,0.0,0.0,0.0,0.06413357704877853,0.1407935917377472,1.9558240182959707e-06,9.647960723668803e-06,0.0,0.0,0.0,0.0,0.37129154801368713,0.15279990434646606,0.5502071976661682,0.19507233798503876,0.7264730930328369,1.0,0.07153958082199097,0.0,0.12613360583782196,0.0,0.07585367560386658,0.0,2,7
NGSIM,MoE_OpenLoop,73,155,537,537,53.7,0.5578939914703369,0.7637273073196411,6.877034664154053,7.761475086212158,0.7408292293548584,0,-1,1,328,0.6108007448789572,2.0,537,1.5960097312927246,0,0.0,0,0.0,0,9.18126106262207,0.017482511699199677,0.08667733520269394,0.0,0.4920572340488434,0.14958122372627258,0.9031657576560974,0.2126501053571701,0.23698288202285767,0.06145251542329788,0.19376523792743683,0.2257327139377594,0.005586592014878988,0.00856026541441679,0.06214743107557297,0.0,0.04591716453433037,0.14334920048713684,0.02979515865445137,0.029567459598183632,0.11555702984333038,0.0,0.0,0.0,0.0,0.0012789450120180845,0.007026012055575848,0.029417209327220917,0.02367451786994934,0.019391581416130066,0.034501370042562485,0.03034023381769657,0.06494797021150589,0.0022015217691659927,0.01682557910680771,1.946506245076307e-06,2.5469162210356444e-05,1.576167996120148e-08,8.666066264595429e-08,0.0,0.0,0.4988783001899719,0.17176616191864014,0.418490469455719,0.17212459444999695,0.6803204417228699,1.0,0.07366752624511719,0.0,0.17110846936702728,0.0,0.07490368187427521,0.0,1,6
NGSIM,MoE_OpenLoop,73,156,305,305,30.5,0.5094753503799438,0.6501476168632507,3.9351091384887695,5.29571533203125,0.6033905744552612,0,-1,1,170,0.5573770491803278,2.0,305,1.4611479043960571,0,0.0,0,0.0,0,10.63480281829834,0.009106551297008991,0.06428582221269608,0.0,0.3305521011352539,0.24724118411540985,0.49180328845977783,0.19026541709899902,0.24152828752994537,0.1180327832698822,0.1785181313753128,0.22960343956947327,0.013114754110574722,0.0,0.0,0.0,0.15452703833580017,0.22986222803592682,0.16393442451953888,0.13703081011772156,0.22805269062519073,0.21311475336551666,0.0,0.0,0.0,0.0002162344171665609,0.0015489268116652966,0.014409801922738552,0.015926523134112358,0.019044386222958565,0.03219039738178253,0.024570973590016365,0.047220759093761444,0.0,0.0,9.128437454819505e-07,4.882148004980991e-06,7.930133278932772e-07,2.350582917642896e-06,0.0,0.0,0.47696053981781006,0.2085500806570053,0.46479663252830505,0.20017185807228088,0.6759568452835083,1.0,0.07293371856212616,0.0,0.17902053892612457,0.0,0.07208897173404694,0.0,0,5
NGSIM,MoE_OpenLoop,73,157,178,178,17.8,0.6204910278320312,0.7488625049591064,5.520765781402588,6.46719217300415,1.0258638858795166,0,-1,0,0,0.0,2.0,178,2.2399792671203613,0,0.0,0,0.0,0,15.612286567687988,0.1788274347782135,0.23897972702980042,0.20224718749523163,0.20098166167736053,0.24169768393039703,0.1404494345188141,0.14743132889270782,0.21766424179077148,0.0,0.051611486822366714,0.14930559694766998,0.0,0.044770512729883194,0.14247256517410278,0.04494382068514824,0.3527553677558899,0.24864178895950317,0.6123595237731934,0.0236221831291914,0.10237370431423187,0.0,0.0,0.0,0.0,0.015015235170722008,0.023223863914608955,0.04408308118581772,0.07559784501791,0.0065418146550655365,0.01284379418939352,0.044274892657995224,0.1306236833333969,0.008416357450187206,0.02876683697104454,2.1885169232405133e-09,1.105820235380861e-08,6.196121448037072e-17,4.338435522596338e-16,0.0,0.0,0.47858506441116333,0.1865682452917099,0.4030835032463074,0.1462441086769104,0.72857666015625,1.0,0.07091740518808365,0.0,0.11893857270479202,0.0,0.08156725764274597,0.0,2,7
NGSIM,MoE_OpenLoop,73,158,167,167,16.7,0.6659373044967651,0.8192556500434875,19.019338607788086,23.564838409423828,2.839606285095215,0,-1,0,0,0.0,2.0,167,2.4746320247650146,0,0.0,0,0.0,0,46.13074493408203,0.0,0.0,0.0,0.5285046696662903,0.014466233551502228,1.0,0.0,0.0,0.0,0.0,0.0,0.0,0.46603214740753174,0.05328141897916794,0.0,0.005463079549372196,0.049620892852544785,0.0,0.0,0.0,0.0,0.0,0.0,0.0,0.0,0.0,0.02097291499376297,0.005580475553870201,0.0,0.0,0.0,0.0,0.15181709825992584,0.08399507403373718,9.711313825579061e-23,8.818846958292198e-22,0.0,0.0,0.0,0.0,0.288359135389328,0.12928029894828796,0.5388508439064026,0.12584152817726135,0.7180495858192444,1.0,0.07346462458372116,0.0,0.12584038078784943,0.0,0.08264554291963577,0.0,0,5
NGSIM,MoE_OpenLoop,73,159,271,271,27.1,0.7038435339927673,0.9451941847801208,8.659443855285645,10.429418563842773,0.8707475662231445,0,-1,1,216,0.7970479704797048,2.0,271,1.4858165979385376,0,0.0,0,0.0,0,11.004066467285156,0.0,0.0,0.0,0.2534577548503876,0.2507570683956146,0.2509225010871887,0.09310947358608246,0.1934202015399933,0.05166051536798477,0.19049805402755737,0.2395613044500351,0.07749077677726746,0.023822348564863205,0.10613091289997101,0.014760147780179977,0.14302250742912292,0.22712382674217224,0.20295202732086182,0.29608994722366333,0.2486587017774582,0.40221402049064636,0.0,0.0,0.0,0.0,0.0,0.014520801603794098,0.020431941375136375,0.008989754132926464,0.022868331521749496,0.026724206283688545,0.06050160154700279,0.00599686149507761,0.02947825938463211,1.769675321838804e-07,1.039159997162642e-06,1.080679339793278e-06,2.0076072360097896e-06,0.0,0.0,0.5380279421806335,0.20970578491687775,0.40573927760124207,0.20998428761959076,0.6662858128547668,1.0,0.07254976779222488,0.0,0.19251084327697754,0.0,0.06865348666906357,0.0,2,7
NGSIM,MoE_OpenLoop,73,160,612,612,61.2,0.6123563051223755,0.7686147093772888,2.1009445190429688,2.915526866912842,0.7391203045845032,0,-1,1,24,0.0392156862745098,2.0,612,1.928184151649475,0,0.0,0,0.0,0,2.8260691165924072,0.0,0.0,0.0,0.3323821723461151,0.2507484555244446,0.491830050945282,0.11934810131788254,0.21043717861175537,0.03758170083165169,0.1546172946691513,0.21903172135353088,0.0049019609577953815,0.1600254476070404,0.23498417437076569,0.19607843458652496,0.020342741161584854,0.09858772158622742,0.01797385700047016,0.14999380707740784,0.23070672154426575,0.25163400173187256,0.06329065561294556,0.1644187569618225,0.0,0.0,0.0,0.02478564903140068,0.04034079238772392,0.012489776127040386,0.03309529647231102,0.023831147700548172,0.05266277864575386,0.04022090509533882,0.06843725591897964,3.518413294045786e-08,3.6672281567007303e-07,0.010692792013287544,0.037624090909957886,0.035768311470746994,0.10230947285890579,0.4462282359600067,0.1592479646205902,0.4059830904006958,0.1649458110332489,0.7149421572685242,1.0,0.07114183157682419,0.0,0.13127435743808746,0.0,0.08264173567295074,0.0,1,6
NGSIM,MoE_OpenLoop,73,161,532,532,53.2,0.733245313167572,0.9286091923713684,2.117614507675171,2.956913471221924,0.6989781260490417,0,-1,1,255,0.4793233082706767,2.0,532,1.6717541217803955,0,0.0,0,0.0,0,8.909321784973145,0.005879161413758993,0.05091572925448418,0.0,0.44293880462646484,0.20082439482212067,0.7518796920776367,0.18924589455127716,0.24058516323566437,0.1541353315114975,0.2252221256494522,0.23185062408447266,0.06203007698059082,0.09083057940006256,0.1865394413471222,0.0,0.035151153802871704,0.12682203948497772,0.03195488825440407,0.010732564143836498,0.07065103948116302,0.0,0.0,0.0,0.0,0.00022624575649388134,0.0019752976950258017,0.024913610890507698,0.02064695581793785,0.02453981526196003,0.04386862739920616,0.04539245367050171,0.06884864717721939,0.023935072124004364,0.05549575015902519,1.810177991501405e-06,2.3682645405642688e-05,1.6457926133028877e-09,3.7915093287210766e-08,0.0,0.0,0.4894082248210907,0.20990851521492004,0.39158305525779724,0.18030831217765808,0.6857125163078308,1.0,0.07275982946157455,0.0,0.16827106475830078,0.0,0.07325627654790878,0.0,2,7
NGSIM,MoE_OpenLoop,73,162,633,633,63.300000000000004,0.5635697841644287,0.7396804094314575,4.443454742431641,5.1036176681518555,0.5522739887237549,0,-1,1,98,0.15481832543443919,2.0,631,1.675870418548584,2,0.00315955766192733,0,0.0,0,1.972814679145813,0.04555893689393997,0.14493228495121002,0.06319115310907364,0.2520543038845062,0.2593657374382019,0.4028435945510864,0.15579944849014282,0.23378269374370575,0.1785150021314621,0.12002797424793243,0.20578047633171082,0.022116903215646744,0.18899954855442047,0.23957841098308563,0.12164296954870224,0.03239474818110466,0.12161469459533691,0.020537124946713448,0.12669286131858826,0.21786801517009735,0.15007898211479187,0.07847212255001068,0.18117740750312805,0.041074249893426895,0.002431334927678108,0.008725537918508053,0.020147673785686493,0.03410976007580757,0.01780446246266365,0.03954840451478958,0.037878040224313736,0.08359617739915848,0.05518275871872902,0.08441371470689774,1.569283938351873e-07,2.322351974726189e-06,0.008504400961101055,0.021314525976777077,0.051232341676950455,0.13600091636180878,0.4241851270198822,0.1976713091135025,0.3826338052749634,0.18955601751804352,0.7151529788970947,1.0,0.07171321660280228,0.0,0.1293298602104187,0.0,0.08380413800477982,0.0,1,6
NGSIM,MoE_OpenLoop,73,163,186,186,18.6,0.3680493235588074,0.4676564335823059,3.822509527206421,4.797196865081787,0.5383204817771912,0,-1,1,73,0.3924731182795699,2.0,186,1.4947746992111206,0,0.0,0,0.0,0,9.715466499328613,0.0,0.0,0.0,0.16813509166240692,0.2470150738954544,0.27419355511665344,0.2922479510307312,0.2488323599100113,0.3279569745063782,0.10846225917339325,0.19814753532409668,0.05376344174146652,0.0,0.0,0.0,0.2446810007095337,0.2528236210346222,0.34408602118492126,0.18647366762161255,0.23469850420951843,0.0,0.0,0.0,0.0,0.0,0.0,0.007773693650960922,0.01271092426031828,0.02994137443602085,0.042724791914224625,0.014594653621315956,0.04879404231905937,0.0,0.0,9.943747159013583e-08,5.384346764003567e-07,9.604469219937073e-09,3.724245800640347e-08,0.0,0.0,0.5190008282661438,0.17706920206546783,0.42868927121162415,0.1700359284877777,0.6804647445678711,1.0,0.0722348690032959,0.0,0.17563292384147644,0.0,0.07166735827922821,0.0,1,6
NGSIM,MoE_OpenLoop,73,164,258,258,25.8,0.4735965132713318,0.5939078330993652,3.5713276863098145,4.299111843109131,0.5094048380851746,0,-1,1,68,0.26356589147286824,2.0,258,1.66578209400177,0,0.0,0,0.0,0,17.860042572021484,0.0,0.0,0.0,0.02125883288681507,0.10095018893480301,0.01937984488904476,0.37801864743232727,0.19690720736980438,0.0,0.001745530404150486,0.027982981875538826,0.0,0.37192603945732117,0.23381057381629944,0.6744186282157898,0.0,0.0,0.0,0.22705097496509552,0.25142955780029297,0.3062015473842621,0.0,0.0,0.0,0.0,0.0,0.0006806498277001083,0.003236676100641489,0.018395109102129936,0.02015037089586258,0.00018368399469181895,0.0029446787666529417,0.08751537650823593,0.08413396775722504,0.0,0.0,1.7356237280719e-10,5.811591208271238e-10,0.0,0.0,0.41104641556739807,0.15406154096126556,0.4821789264678955,0.125908762216568,0.6936053037643433,1.0,0.07366228848695755,0.0,0.15508106350898743,0.0,0.07765138149261475,0.0,1,6
NGSIM,MoE_OpenLoop,73,165,380,380,38.0,0.5392813682556152,0.6901357173919678,0.8624253273010254,1.1740946769714355,0.36377692222595215,0,-1,0,0,0.0,2.0,380,2.1585960388183594,0,0.0,0,0.0,0,16.011810302734375,0.03014616295695305,0.11612145602703094,0.0,0.23362551629543304,0.24920693039894104,0.28421053290367126,0.2981041371822357,0.25433602929115295,0.5157894492149353,0.014196925796568394,0.08222762495279312,0.0,0.2695671021938324,0.2426365166902542,0.05263157933950424,0.08155839145183563,0.18128901720046997,0.02631578966975212,0.07280171662569046,0.18096186220645905,0.12105263024568558,0.0,0.0,0.0,0.005079564172774553,0.02420775592327118,0.03885539621114731,0.07668724656105042,0.015882151201367378,0.0231632087379694,0.011924088932573795,0.073086217045784,0.05774522200226784,0.07696074992418289,4.6931132591243596e-11,1.685423883790449e-10,0.0006294123595580459,0.0025391278322786093,0.0,0.0,0.4101938009262085,0.1648520529270172,0.4596900939941406,0.15199798345565796,0.7330816388130188,1.0,0.06991968303918839,0.0,0.11265233904123306,0.0,0.08434654027223587,0.0,1,6
NGSIM,MoE_OpenLoop,73,166,483,483,48.300000000000004,0.5759492516517639,0.8610864281654358,3.048166275024414,3.854734420776367,0.6682815551757812,0,-1,1,163,0.33747412008281574,2.0,483,1.5206387042999268,0,0.0,0,0.0,0,8.385668754577637,0.011157006956636906,0.06989933550357819,0.0,0.33012649416923523,0.25842517614364624,0.5590062141418457,0.2732962965965271,0.25161734223365784,0.30641821026802063,0.18410643935203552,0.2269267588853836,0.026915114372968674,0.06240512803196907,0.1611795425415039,0.0,0.09605168551206589,0.19674807786941528,0.1076604574918747,0.04285699874162674,0.1353931576013565,0.0,0.0,0.0,0.0,0.0003407989861443639,0.002146107144653797,0.019966352730989456,0.022378085181117058,0.03494475409388542,0.0477704256772995,0.022186284884810448,0.05552167445421219,0.01740405708551407,0.04928132891654968,1.620778888877794e-08,1.7350555481243646e-07,1.5503152928086905e-10,9.269481848761529e-10,0.0,0.0,0.43118685483932495,0.2113349437713623,0.4739709496498108,0.19067558646202087,0.6852555871009827,1.0,0.07247539609670639,0.0,0.1690359115600586,0.0,0.07323349267244339,0.0,2,7
NGSIM,MoE_OpenLoop,73,167,622,622,62.2,0.7031675577163696,0.9531525373458862,3.7760732173919678,5.174740791320801,0.760580837726593,0,-1,1,158,0.2540192926045016,2.0,622,1.7533689737319946,0,0.0,0,0.0,0,7.758223056793213,0.005934619344770908,0.05199161544442177,0.0,0.458019495010376,0.1843370497226715,0.8231511116027832,0.22848805785179138,0.24093025922775269,0.10450160503387451,0.14171041548252106,0.21071402728557587,0.0,0.06608510762453079,0.16614371538162231,0.0,0.06480526179075241,0.1663321703672409,0.03536977618932724,0.03495708107948303,0.12685221433639526,0.03697749227285385,0.0,0.0,0.0,0.00028108301921747625,0.002888214075937867,0.03109023906290531,0.035965755581855774,0.02506040781736374,0.04599214345216751,0.03189266473054886,0.07459534704685211,0.016343846917152405,0.047513362020254135,1.6738884767164564e-07,2.5265660497097997e-06,6.281944706643117e-07,8.092623829725198e-06,0.0,0.0,0.4903533458709717,0.19021707773208618,0.40497758984565735,0.18690435588359833,0.6875981688499451,1.0,0.07251404970884323,0.0,0.16631782054901123,0.0,0.07356972247362137,0.0,0,5
NGSIM,MoE_OpenLoop,73,168,496,496,49.6,0.6774554252624512,0.8214937448501587,6.1495361328125,6.716907978057861,0.5418909192085266,0,-1,0,0,0.0,2.0,496,2.4085912704467773,0,0.0,0,0.0,0,3.177741527557373,0.011440055444836617,0.07266338169574738,0.0,0.15242472290992737,0.23288080096244812,0.1854838728904724,0.32688814401626587,0.24275030195713043,0.41532257199287415,0.009408475831151009,0.06560396403074265,0.0,0.2008146494626999,0.24349051713943481,0.19556452333927155,0.12556369602680206,0.2118474692106247,0.0,0.12034866213798523,0.2166634351015091,0.2036290317773819,0.053111713379621506,0.15197087824344635,0.0,0.0005783021333627403,0.0036749648861587048,0.01952800340950489,0.05316052585840225,0.03082200326025486,0.047591011971235275,0.0041912454180419445,0.029251346364617348,0.05266015604138374,0.08226801455020905,1.5452958912476333e-09,1.4925385372066557e-08,0.010182572528719902,0.034787870943546295,0.027228759601712227,0.0880909413099289,0.4005609154701233,0.1729656606912613,0.45424798130989075,0.15810208022594452,0.7231914401054382,1.0,0.06988686323165894,0.0,0.12715399265289307,0.0,0.07976806908845901,0.0,0,5
NGSIM,MoE_OpenLoop,73,169,516,516,51.6,0.5325141549110413,0.7498353719711304,4.329563617706299,4.637921333312988,0.4638943374156952,0,-1,1,498,0.9651162790697675,2.0,516,1.1470444202423096,0,0.0,0,0.0,0,8.534646987915039,0.0,0.0,0.0,0.4941622316837311,0.14013773202896118,0.9031007885932922,0.11147569864988327,0.19830644130706787,0.0,0.24010443687438965,0.2321234792470932,0.013565891422331333,0.025284137576818466,0.10556992888450623,0.0,0.02783636376261711,0.11208789795637131,0.0,0.1011371910572052,0.2003738284111023,0.0833333358168602,0.0,0.0,0.0,0.0,0.0,0.03134377300739288,0.023291628807783127,0.010951623320579529,0.025584043934941292,0.027878474444150925,0.04715312272310257,0.006601416505873203,0.027859926223754883,6.170184406073531e-06,5.3519288485404104e-05,2.1434802874864545e-06,7.70525548432488e-06,0.0,0.0,0.4983712136745453,0.1910085678100586,0.4248451292514801,0.18638385832309723,0.6621958613395691,1.0,0.07549364119768143,0.0,0.18799135088920593,0.0,0.07431896775960922,0.0,2,7
NGSIM,MoE_OpenLoop,73,170,321,321,32.1,0.6475048661231995,0.8289182782173157,3.424931287765503,4.325511455535889,0.6318987011909485,0,-1,0,0,0.0,2.0,321,3.0852725505828857,0,0.0,0,0.0,0,22.85224723815918,0.0,0.0,0.0,0.07889223843812943,0.18380531668663025,0.10903427004814148,0.40779778361320496,0.1961815059185028,0.4828660488128662,0.0,0.0,0.0,0.2400168776512146,0.24394147098064423,0.08099688589572906,0.21445584297180176,0.25189757347106934,0.28037384152412415,0.05883714184165001,0.16069293022155762,0.04672897234559059,0.0,0.0,0.0,0.0,0.0,0.00412031589075923,0.010484594851732254,0.016475241631269455,0.01567140780389309,0.0,0.0,0.05708394572138786,0.07405123859643936,6.194520807759063e-13,4.981211190052681e-12,4.091213146040218e-09,1.611049427197031e-08,0.0,0.0,0.4373324513435364,0.13386666774749756,0.4849880039691925,0.09491467475891113,0.7342227697372437,1.0,0.06986811757087708,0.0,0.11226176470518112,0.0,0.0836472287774086,0.0,2,7
NGSIM,MoE_OpenLoop,73,171,641,641,64.10000000000001,0.6810402274131775,0.8453813195228577,2.1680068969726562,2.639965772628784,0.6152359247207642,0,-1,1,183,0.28549141965678626,2.0,641,1.7217605113983154,0,0.0,0,0.0,0,3.8966193199157715,0.0,0.0,0.0,0.40454331040382385,0.21762366592884064,0.6333853602409363,0.22518043220043182,0.24110782146453857,0.0686427429318428,0.08561119437217712,0.18163016438484192,0.045241810381412506,0.19197535514831543,0.241074338555336,0.1591263711452484,0.025783658027648926,0.11070837825536728,0.02184087410569191,0.05084579065442085,0.15149356424808502,0.07176286727190018,0.016060277819633484,0.0872664749622345,0.0,0.0,0.0,0.029930513352155685,0.038765184581279755,0.032221585512161255,0.05655863136053085,0.02068392187356949,0.060367245227098465,0.042786747217178345,0.07182248681783676,3.2296231466943937e-08,3.0996673672234465e-07,0.0032103981357067823,0.017926467582583427,0.01005337294191122,0.06116446480154991,0.4236295819282532,0.1864352971315384,0.4374837577342987,0.16757667064666748,0.6914447546005249,1.0,0.07329221069812775,0.0,0.15779827535152435,0.0,0.07746481150388718,0.0,0,5
NGSIM,MoE_OpenLoop,73,172,218,218,21.8,0.6725081205368042,0.8242202401161194,1.7639230489730835,2.103801965713501,0.5628899931907654,0,-1,1,2,0.009174311926605505,2.0,218,1.9990922212600708,0,0.0,0,0.0,0,16.867645263671875,0.0,0.0,0.0,0.10924099385738373,0.20841264724731445,0.16055046021938324,0.32991883158683777,0.2391667515039444,0.3211009204387665,0.1674727499485016,0.23367586731910706,0.08715596050024033,0.16147330403327942,0.2324543595314026,0.19266055524349213,0.21380360424518585,0.24801039695739746,0.22477063536643982,0.018090523779392242,0.09271091222763062,0.013761468231678009,0.0,0.0,0.0,0.0,0.0,0.004141907207667828,0.0081064123660326,0.026660971343517303,0.02883954718708992,0.023164676502346992,0.054948337376117706,0.04503413662314415,0.07550232112407684,2.6292349275536253e-07,1.6566858676014817e-06,1.8317547478829965e-10,1.019755391240551e-09,0.0,0.0,0.4489023685455322,0.20898419618606567,0.45209556818008423,0.18848296999931335,0.6977243423461914,1.0,0.07130608707666397,0.0,0.15700070559978485,0.0,0.07396883517503738,0.0,0,5
NGSIM,MoE_OpenLoop,73,173,533,533,53.300000000000004,0.6082063913345337,0.8548585772514343,2.40283465385437,3.040623903274536,0.6916285753250122,0,-1,0,0,0.0,2.0,533,2.1567606925964355,0,0.0,0,0.0,0,9.677400588989258,0.021786265075206757,0.1004677563905716,0.015009380877017975,0.31869980692863464,0.2504977285861969,0.4803001880645752,0.29868367314338684,0.24697314202785492,0.36210131645202637,0.08926142752170563,0.18715475499629974,0.022514071315526962,0.09276099503040314,0.1908096969127655,0.04315197095274925,0.14062073826789856,0.22166569530963898,0.035647280514240265,0.03818703815340996,0.13244590163230896,0.04127579554915428,0.0,0.0,0.0,0.0006815720116719604,0.0032682381570339203,0.023808512836694717,0.04161582142114639,0.025894835591316223,0.039407968521118164,0.016519194468855858,0.05181504786014557,0.03204098343849182,0.06842117011547089,2.129381337923064e-09,1.9279886132039792e-08,0.003312085522338748,0.02193710394203663,0.0,0.0,0.4399593472480774,0.19414867460727692,0.4577832818031311,0.1746511310338974,0.7130250334739685,1.0,0.07046961039304733,0.0,0.14028656482696533,0.0,0.07621873915195465,0.0,1,6
NGSIM,MoE_OpenLoop,73,174,637,637,63.7,0.6226428747177124,0.7906505465507507,6.6449151039123535,7.03573751449585,0.6151600480079651,0,-1,1,120,0.18838304552590268,2.0,637,1.658828854560852,0,0.0,0,0.0,0,1.452371597290039,0.038382310420274734,0.13296490907669067,0.039246466010808945,0.3156791031360626,0.25435709953308105,0.450549453496933,0.08364412188529968,0.18321430683135986,0.03453689068555832,0.21409760415554047,0.23840166628360748,0.09105180203914642,0.07762166112661362,0.18114110827445984,0.10204081982374191,0.07435374706983566,0.1787295788526535,0.09890110045671463,0.11556192487478256,0.21196578443050385,0.1695447415113449,0.08065956085920334,0.18261972069740295,0.0141287287697196,0.0019266846356913447,0.00730513408780098,0.02476496808230877,0.036760542541742325,0.017455769702792168,0.05423261970281601,0.033404335379600525,0.06739368289709091,0.020903846248984337,0.05855865404009819,7.212802444200861e-08,8.781112228462007e-07,0.008119248785078526,0.0226549431681633,0.0496126227080822,0.1315118968486786,0.47134140133857727,0.1818351149559021,0.37247055768966675,0.18683187663555145,0.7051649689674377,1.0,0.07202178984880447,0.0,0.1421830803155899,0.0,0.0806301012635231,0.0,0,5
NGSIM,MoE_OpenLoop,73,175,207,207,20.700000000000003,0.7209213376045227,0.9090884327888489,5.62969446182251,6.306562423706055,0.8183487057685852,0,-1,1,207,1.0,2.0,207,1.709641695022583,0,0.0,0,0.0,0,24.751216888427734,0.0,0.0,0.0,0.4431392550468445,0.1833428591489792,0.695652186870575,0.07599502801895142,0.1746245175600052,0.0,0.0,0.0,0.0,0.4325757324695587,0.15819314122200012,0.30434781312942505,0.0,0.0,0.0,0.04828990623354912,0.1437285840511322,0.0,0.0,0.0,0.0,0.0,0.0,0.03104626201093197,0.021233581006526947,0.003588244551792741,0.01054524164646864,0.0,0.0,0.24244815111160278,0.2031697928905487,0.0,0.0,5.891879188311619e-14,1.8741469964486668e-13,0.0,0.0,0.33282583951950073,0.1920090764760971,0.3900913596153259,0.19781117141246796,0.6886690258979797,1.0,0.07503743469715118,0.0,0.1590304672718048,0.0,0.07726316899061203,0.0,0,5
NGSIM,MoE_OpenLoop,73,176,245,245,24.5,0.5009428858757019,0.6478695869445801,1.8077366352081299,2.2580158710479736,0.474208265542984,0,-1,0,0,0.0,2.0,245,2.0627994537353516,0,0.0,0,0.0,0,15.965478897094727,0.0,0.0,0.0,0.1324787735939026,0.22529037296772003,0.2122448980808258,0.2784114480018616,0.25346583127975464,0.4938775599002838,0.2208816111087799,0.24487321078777313,0.18367347121238708,0.0,0.0,0.0,0.2705647647380829,0.24430622160434723,0.05306122452020645,0.09766338765621185,0.1978565901517868,0.05714285746216774,0.0,0.0,0.0,0.0,0.0,0.005867588799446821,0.010767804458737373,0.016739772632718086,0.022865157574415207,0.016121581196784973,0.03824799135327339,0.0,0.0,1.2824035167113834e-09,3.06211855871652e-09,3.3546720956678655e-09,7.692046111174022e-09,0.0,0.0,0.45639970898628235,0.19518119096755981,0.5048712491989136,0.19207273423671722,0.7018846273422241,1.0,0.07103503495454788,0.0,0.15211045742034912,0.0,0.07497013360261917,0.0,2,7
NGSIM,MoE_OpenLoop,73,177,472,472,47.2,0.35858291387557983,0.49218031764030457,1.2734158039093018,1.3832647800445557,0.3107440769672394,0,-1,0,0,0.0,2.0,472,2.1032097339630127,0,0.0,0,0.0,0,7.099201679229736,0.0,0.0,0.0,0.4155852496623993,0.2138691395521164,0.6652542352676392,0.27880871295928955,0.23969438672065735,0.15042373538017273,0.036486148834228516,0.11990806460380554,0.0,0.1724575161933899,0.23432059586048126,0.1144067794084549,0.06680138409137726,0.16871993243694305,0.033898305147886276,0.029860949143767357,0.11909075826406479,0.03601694852113724,0.0,0.0,0.0,0.0,0.0,0.02840026468038559,0.04459628462791443,0.018760304898023605,0.03316660225391388,0.013271774165332317,0.048135071992874146,0.033383581787347794,0.060387834906578064,1.1583668746428799e-10,3.4334654563927813e-10,0.004052252974361181,0.025340791791677475,0.0,0.0,0.43228235840797424,0.16113340854644775,0.46984928846359253,0.1465446799993515,0.7039487957954407,1.0,0.07254880666732788,0.0,0.14328281581401825,0.0,0.08021975308656693,0.0,1,6
NGSIM,MoE_OpenLoop,73,178,424,424,42.400000000000006,0.7106200456619263,0.8974735736846924,6.400807857513428,7.821630001068115,1.1758264303207397,0,-1,1,121,0.28537735849056606,2.0,424,1.6713632345199585,0,0.0,0,0.0,0,9.725868225097656,0.06146742403507233,0.15759247541427612,0.0,0.31222760677337646,0.2532607614994049,0.5141509175300598,0.1941731721162796,0.24589405953884125,0.2146226465702057,0.126835897564888,0.21313486993312836,0.021226415410637856,0.09073776751756668,0.18972119688987732,0.03773584961891174,0.09047301858663559,0.19059672951698303,0.033018868416547775,0.1240852028131485,0.216367706656456,0.17924527823925018,0.0,0.0,0.0,0.0025986814871430397,0.008027496747672558,0.030695978552103043,0.04470517486333847,0.023908963426947594,0.039612866938114166,0.03514260798692703,0.07669423520565033,0.0278277937322855,0.06902547180652618,6.17245632383856e-09,2.986722691389332e-08,0.0025334565434604883,0.019325006753206253,0.0,0.0,0.40454617142677307,0.2223728448152542,0.47274652123451233,0.20224833488464355,0.6993091702461243,1.0,0.07228096574544907,0.0,0.15322133898735046,0.0,0.07518865168094635,0.0,0,5
NGSIM,MoE_OpenLoop,73,179,201,201,20.1,0.7396789789199829,0.9177055954933167,2.1784744262695312,2.6377227306365967,0.6858662366867065,0,-1,0,0,0.0,2.0,201,2.1670312881469727,0,0.0,0,0.0,0,33.766136169433594,0.0,0.0,0.0,0.47575876116752625,0.13177980482578278,0.5970149040222168,0.03229610621929169,0.11803427338600159,0.0,0.0,0.0,0.0,0.47860971093177795,0.08690900355577469,0.4029850661754608,0.01333533599972725,0.07602373510599136,0.0,0.0,0.0,0.0,0.0,0.0,0.0,0.0,0.0,0.02147352322936058,0.009578061290085316,0.0030089218635112047,0.011409599334001541,0.0,0.0,0.16368624567985535,0.14688758552074432,1.3141847636163884e-13,1.4383473795689938e-12,0.0,0.0,0.0,0.0,0.3986975848674774,0.17027054727077484,0.4131336510181427,0.11261441558599472,0.7082971334457397,1.0,0.07317905128002167,0.0,0.13968095183372498,0.0,0.07884282618761063,0.0,2,7
NGSIM,MoE_OpenLoop,73,180,460,460,46.0,0.6946635246276855,0.9544334411621094,4.419919490814209,6.928779602050781,0.8685099482536316,0,-1,1,266,0.5782608695652174,2.0,460,1.5465340614318848,0,0.0,0,0.0,0,5.759203910827637,0.0,0.0,0.0,0.24390384554862976,0.2563611567020416,0.33695653080940247,0.17897459864616394,0.24194705486297607,0.21739129722118378,0.1675942838191986,0.22982680797576904,0.054347824305295944,0.0976656824350357,0.19548387825489044,0.043478261679410934,0.11809394508600235,0.2082243114709854,0.0021739129442721605,0.19376759231090546,0.24848929047584534,0.34565216302871704,0.0,0.0,0.0,0.0,0.0,0.019733810797333717,0.03487413376569748,0.02391710877418518,0.04609103873372078,0.02322237752377987,0.04566347226500511,0.0342799574136734,0.07400955259799957,6.499103619717062e-07,7.167377589212265e-06,0.0007935091271065176,0.00721133453771472,0.0,0.0,0.4668229818344116,0.2299439162015915,0.43122950196266174,0.2103790044784546,0.6853408813476562,1.0,0.07256272435188293,0.0,0.16880516707897186,0.0,0.07329178601503372,0.0,2,7
NGSIM,MoE_OpenLoop,73,181,270,270,27.0,0.6731234192848206,0.9015628695487976,7.410183429718018,9.691105842590332,1.0230848789215088,0,-1,0,0,0.0,2.0,270,2.5416126251220703,0,0.0,0,0.0,0,26.433135986328125,0.0,0.0,0.0,0.11936550587415695,0.2099187821149826,0.03333333507180214,0.32070210576057434,0.22881649434566498,0.06666667014360428,0.014712585136294365,0.08419759571552277,0.0,0.35532569885253906,0.2389632910490036,0.6111111044883728,0.18989409506320953,0.2457197904586792,0.2888889014720917,0.0,0.0,0.0,0.0,0.0,0.0,0.0,0.0,0.007317216135561466,0.013752748258411884,0.014970825053751469,0.014879598282277584,0.0025376854464411736,0.014826939441263676,0.09919386357069016,0.08442159742116928,5.621317300530393e-11,1.9709554821556452e-10,0.0,0.0,0.0,0.0,0.47582483291625977,0.1489524394273758,0.40015560388565063,0.09029754996299744,0.7212032079696655,1.0,0.07134884595870972,0.0,0.12673397362232208,0.0,0.08071388304233551,0.0,0,5
NGSIM,MoE_OpenLoop,73,182,583,583,58.300000000000004,0.47364407777786255,0.622142493724823,2.376890182495117,2.7446129322052,0.46706703305244446,0,-1,0,0,0.0,2.0,583,2.1599183082580566,0,0.0,0,0.0,0,8.659760475158691,0.05905761197209358,0.156281977891922,0.013722127303481102,0.29575222730636597,0.2547855079174042,0.45626071095466614,0.23992697894573212,0.25078436732292175,0.2367066890001297,0.05558875575661659,0.15562181174755096,0.01886792480945587,0.1922377347946167,0.23918770253658295,0.11835334450006485,0.033992405980825424,0.1253320872783661,0.032590050250291824,0.10480966418981552,0.206510990858078,0.12349914014339447,0.018634594976902008,0.08997846394777298,0.0,0.003520478494465351,0.01187251415103674,0.020621078088879585,0.03485456854104996,0.016968313604593277,0.027639439329504967,0.00511944992467761,0.020305251702666283,0.05106906220316887,0.07636027783155441,7.306378506655165e-07,1.265820083062863e-05,0.020426934584975243,0.067084901034832,0.008311194367706776,0.04801301658153534,0.4107683300971985,0.18450050055980682,0.46319442987442017,0.15357697010040283,0.7209572196006775,1.0,0.07108760625123978,0.0,0.1259443759918213,0.0,0.08201079070568085,0.0,1,6
NGSIM,MoE_OpenLoop,73,183,344,344,34.4,0.769593358039856,0.8931604027748108,3.0484824180603027,3.4897897243499756,0.5495075583457947,0,-1,1,154,0.4476744186046512,2.0,344,1.5975146293640137,0,0.0,0,0.0,0,7.83827018737793,0.0,0.0,0.0,0.21995757520198822,0.2548881769180298,0.34593021869659424,0.20851530134677887,0.2474975734949112,0.2761628031730652,0.19142816960811615,0.23969945311546326,0.06686046719551086,0.02288634330034256,0.1004389077425003,0.0,0.2456965148448944,0.2501281797885895,0.25581395626068115,0.11151615530252457,0.20599649846553802,0.05523255839943886,0.0,0.0,0.0,0.0,0.0,0.010802662931382656,0.015513744205236435,0.026853878051042557,0.04377618804574013,0.03212933987379074,0.06369642168283463,0.009868980385363102,0.04471210390329361,4.5686198291150504e-07,2.9057300707791e-06,5.71529756854261e-09,1.5000471975668006e-08,0.0,0.0,0.48644137382507324,0.22122667729854584,0.433903306722641,0.20874987542629242,0.680670976638794,1.0,0.07228489965200424,0.0,0.17561283707618713,0.0,0.07143125683069229,0.0,2,7
NGSIM,MoE_OpenLoop,73,184,601,601,60.1,0.7042179107666016,0.9280394911766052,2.7071924209594727,3.2686383724212646,0.7953993678092957,0,-1,1,15,0.024958402662229616,2.0,601,1.9228774309158325,0,0.0,0,0.0,0,7.262686252593994,0.02122490666806698,0.09786753356456757,0.0,0.36680445075035095,0.2386331856250763,0.5723793506622314,0.19942481815814972,0.24261723458766937,0.16306155920028687,0.1473255604505539,0.2203294187784195,0.009983360767364502,0.0875067338347435,0.18920576572418213,0.09484192728996277,0.09560030698776245,0.19352000951766968,0.04326122999191284,0.07982096821069717,0.1833738088607788,0.11647254228591919,0.002292250283062458,0.03236325830221176,0.0,0.0007964334217831492,0.003804414067417383,0.035322897136211395,0.05540505051612854,0.02542712539434433,0.052678488194942474,0.029603440314531326,0.07960878312587738,0.023564660921692848,0.06133586913347244,4.55337101357145e-09,3.894602684795245e-08,0.0015729204751551151,0.015732930973172188,0.0013021238846704364,0.018669702112674713,0.4550955295562744,0.20252278447151184,0.4273149371147156,0.19605016708374023,0.7009997367858887,1.0,0.07167603820562363,0.0,0.15202181041240692,0.0,0.07530274242162704,0.0,0,5
NGSIM,MoE_OpenLoop,73,185,242,242,24.200000000000003,0.4431752562522888,0.5955504775047302,2.196565628051758,2.9725582599639893,0.6347749829292297,0,-1,0,0,0.0,2.0,242,2.200528383255005,0,0.0,0,0.0,0,24.65477180480957,0.0,0.0,0.0,0.19457656145095825,0.24885928630828857,0.26446279883384705,0.3009116053581238,0.23593910038471222,0.14462809264659882,0.0,0.0,0.0,0.4698796570301056,0.13103018701076508,0.5909090638160706,0.0,0.0,0.0,0.03463214263319969,0.12599334120750427,0.0,0.0,0.0,0.0,0.0,0.0,0.008733334019780159,0.01200095470994711,0.016473276540637016,0.015511544421315193,0.0,0.0,0.1676294505596161,0.11095155030488968,0.0,0.0,2.5375204324926126e-13,1.1232539421160426e-12,0.0,0.0,0.37590375542640686,0.13200639188289642,0.4312600791454315,0.10088223218917847,0.7072392702102661,1.0,0.07313183695077896,0.0,0.13906852900981903,0.0,0.08056040853261948,0.0,1,6
NGSIM,MoE_OpenLoop,73,186,233,233,23.3,0.6367182731628418,0.7705937027931213,5.293928623199463,5.969790935516357,0.8678745627403259,0,-1,1,23,0.09871244635193133,2.0,233,1.8764933347702026,0,0.0,0,0.0,0,8.182103157043457,0.02380366437137127,0.10218162834644318,0.0,0.2733631730079651,0.25903525948524475,0.42060086131095886,0.3181275725364685,0.23712770640850067,0.29184550046920776,0.09768760204315186,0.19443750381469727,0.008583690971136093,0.03367215767502785,0.12415525317192078,0.03433476388454437,0.15549151599407196,0.23026804625988007,0.1244635209441185,0.07597141712903976,0.1839032769203186,0.1201716735959053,0.02188306674361229,0.09830862283706665,0.0,0.0006153092836029828,0.0026982701383531094,0.027020147070288658,0.0475393682718277,0.033447012305259705,0.038683027029037476,0.019673874601721764,0.05559168756008148,0.009101904928684235,0.03609051927924156,1.5270023467905958e-08,8.607155876916295e-08,0.008100703358650208,0.03507044538855553,0.006288210395723581,0.03445713594555855,0.4409705102443695,0.18298929929733276,0.45478227734565735,0.18609273433685303,0.7044948935508728,1.0,0.07141818851232529,0.0,0.14819663763046265,0.0,0.07589059323072433,0.0,0,5
NGSIM,MoE_OpenLoop,73,187,207,207,20.700000000000003,0.495217889547348,0.6100659966468811,1.1669851541519165,1.6089551448822021,0.520332396030426,0,-1,1,207,1.0,2.0,207,1.2524126768112183,0,0.0,0,0.0,0,18.24411392211914,0.0,0.0,0.0,0.4752669334411621,0.16117452085018158,0.8260869383811951,0.21275949478149414,0.23113913834095,0.0,0.0,0.0,0.0,0.31197360157966614,0.2338699996471405,0.17391304671764374,0.0,0.0,0.0,0.0,0.0,0.0,0.0,0.0,0.0,0.0,0.0,0.03982604295015335,0.03530552238225937,0.018476299941539764,0.023170916363596916,0.0,0.0,0.13862183690071106,0.12390534579753876,0.0,0.0,0.0,0.0,0.0,0.0,0.3002205193042755,0.18027199804782867,0.5028553605079651,0.18777358531951904,0.6707943677902222,1.0,0.07647016644477844,0.0,0.17806066572666168,0.0,0.07467485219240189,0.0,2,7
NGSIM,MoE_OpenLoop,73,188,344,344,34.4,0.5297412872314453,0.6930540800094604,6.673948764801025,7.8562798500061035,0.6922500729560852,0,-1,1,114,0.3313953488372093,2.0,344,1.614046335220337,0,0.0,0,0.0,0,1.9581447839736938,0.0,0.0,0.0,0.37743377685546875,0.2321886122226715,0.5755813717842102,0.12406628578901291,0.20854875445365906,0.0,0.03473416715860367,0.11902133375406265,0.0,0.21536000072956085,0.2451460063457489,0.1627907007932663,0.0,0.0,0.0,0.14916928112506866,0.2298809140920639,0.23546510934829712,0.09923644363880157,0.1981271654367447,0.02616279013454914,0.0,0.0,0.0318351686000824,0.04772922024130821,0.02751338481903076,0.06346511840820312,0.008779196999967098,0.036396946758031845,0.07551689445972443,0.12032759189605713,0.0,0.0,0.014430125243961811,0.034804560244083405,0.050331827253103256,0.12029407173395157,0.4027780592441559,0.2057425081729889,0.38881537318229675,0.19351224601268768,0.690712034702301,1.0,0.0741187185049057,0.0,0.15345816314220428,0.0,0.08171119540929794,0.0,1,6
NGSIM,MoE_OpenLoop,73,189,217,217,21.700000000000003,0.32032978534698486,0.39056113362312317,1.2777149677276611,1.7709614038467407,0.38458824157714844,0,-1,1,29,0.1336405529953917,2.0,217,1.9023140668869019,0,0.0,0,0.0,0,12.67818832397461,0.0,0.0,0.0,0.3412516117095947,0.25382739305496216,0.5345622301101685,0.13725610077381134,0.22475074231624603,0.1520737260580063,0.32422250509262085,0.21982760727405548,0.13364055752754211,0.0,0.0,0.0,0.06391574442386627,0.1661408394575119,0.06912442296743393,0.1333540678024292,0.22081536054611206,0.1105990782380104,0.0,0.0,0.0,0.0,0.0,0.017714105546474457,0.017238721251487732,0.020527591928839684,0.0441167913377285,0.03622713312506676,0.04846452176570892,0.0,0.0,1.4034428659215337e-06,1.25814931379864e-05,1.264189464222909e-08,3.7490487159175245e-08,0.0,0.0,0.5087277889251709,0.1706167459487915,0.4168018400669098,0.16050277650356293,0.6897931694984436,1.0,0.07239867001771927,0.0,0.1632539927959442,0.0,0.07455424964427948,0.0,1,6
NGSIM,MoE_OpenLoop,73,190,540,540,54.0,0.6410284638404846,0.8132960796356201,3.2300987243652344,3.778956413269043,0.5943204164505005,0,-1,0,0,0.0,2.0,540,2.1776254177093506,0,0.0,0,0.0,0,6.152252674102783,0.03354834392666817,0.12199413776397705,0.0,0.30098390579223633,0.2511022686958313,0.40740740299224854,0.2993137538433075,0.2456015646457672,0.3185185194015503,0.024919593706727028,0.10288389772176743,0.0,0.17402048408985138,0.23824506998062134,0.17037037014961243,0.09032156318426132,0.18951565027236938,0.01666666753590107,0.0768924281001091,0.18179552257061005,0.08703703433275223,0.0,0.0,0.0,0.0013738349080085754,0.00544627895578742,0.03423615172505379,0.059237755835056305,0.03290384262800217,0.047032032161951065,0.006874737795442343,0.033191028982400894,0.05094653367996216,0.08695553988218307,2.2115582964943314e-07,2.908537680923473e-06,0.005504772998392582,0.026976576074957848,0.0,0.0,0.4131271541118622,0.19671133160591125,0.45503294467926025,0.1685349941253662,0.7186744809150696,1.0,0.07054155319929123,0.0,0.13218343257904053,0.0,0.07860040664672852,0.0,2,7
NGSIM,MoE_OpenLoop,73,191,483,483,48.300000000000004,0.6092994213104248,0.7754613161087036,1.27992844581604,1.5712127685546875,0.46308737993240356,0,-1,1,142,0.2939958592132505,2.0,483,1.7918998003005981,0,0.0,0,0.0,0,11.797411918640137,0.010303022339940071,0.06749173998832703,0.0,0.27734488248825073,0.2628544270992279,0.40993788838386536,0.1494167000055313,0.22713366150856018,0.12215320765972137,0.28169623017311096,0.2385159581899643,0.14492753148078918,0.0058420873247087,0.052089713513851166,0.0,0.17293545603752136,0.23904643952846527,0.20910972356796265,0.1024615615606308,0.20064812898635864,0.11387163400650024,0.0,0.0,0.0,0.0004738862335216254,0.003146021394059062,0.018626505509018898,0.02852889895439148,0.012530130334198475,0.025866743177175522,0.0369764007627964,0.05748602747917175,0.0006066645728424191,0.0055237808264791965,2.2372046259988565e-07,1.6092376426968258e-06,2.371082473473507e-06,2.8410764571162872e-05,0.0,0.0,0.5039973855018616,0.1797477751970291,0.4267861545085907,0.17428122460842133,0.6922035217285156,1.0,0.07214729487895966,0.0,0.16157741844654083,0.0,0.07407192885875702,0.0,1,6
NGSIM,MoE_OpenLoop,73,192,467,467,46.7,0.7084074020385742,0.9110918045043945,60.34716796875,89.13897705078125,4.812932968139648,0,-1,0,0,0.0,2.0,298,9.135518074035645,169,0.3618843683083512,0,0.0,0,54.45560073852539,0.042686883360147476,0.13072867691516876,0.0,0.5123618245124817,0.028253410011529922,0.5674518346786499,0.13835884630680084,0.22072412073612213,0.10492505133152008,0.0,0.0,0.0,0.0,0.0,0.0,0.30659249424934387,0.24044974148273468,0.3276231288909912,0.0,0.0,0.0,0.0,0.0,0.0,0.0007356017013080418,0.002326934365555644,0.009164493530988693,0.004110964946448803,0.012643865309655666,0.020414210855960846,0.0,0.0,0.0,0.0,4.769687842345057e-26,0.0,0.0,0.0,0.0,0.0,0.579406201839447,0.04603588581085205,0.3980497419834137,0.0493997298181057,0.7337144613265991,1.0,0.0768812894821167,0.0,0.050806429237127304,0.0,0.13859611749649048,0.0,1,6
NGSIM,MoE_OpenLoop,73,193,191,191,19.1,0.6167206764221191,0.8778432011604309,2.790539503097534,3.452921152114868,0.7313308119773865,0,-1,0,0,0.0,2.0,191,2.126671075820923,0,0.0,0,0.0,0,13.72281265258789,0.0,0.0,0.0,0.2151782512664795,0.25365686416625977,0.3298429250717163,0.2873087227344513,0.24673020839691162,0.2774869203567505,0.21529734134674072,0.24312715232372284,0.04712041839957237,0.007286194246262312,0.05767924711108208,0.0,0.2749294936656952,0.2489047795534134,0.34554973244667053,0.0,0.0,0.0,0.0,0.0,0.0,0.0,0.0,0.009143192321062088,0.014581303112208843,0.029612403362989426,0.04436199367046356,0.012949630618095398,0.0319104865193367,0.0011258185841143131,0.008914037607610226,1.8375422072836045e-08,8.052357713950187e-08,0.0,0.0,0.0,0.0,0.465326189994812,0.18987734615802765,0.4818427562713623,0.1844770759344101,0.698111355304718,1.0,0.07130027562379837,0.0,0.15554191172122955,0.0,0.07504669576883316,0.0,0,5
NGSIM,MoE_OpenLoop,73,194,463,463,46.300000000000004,0.7242217659950256,0.874360978603363,2.267571449279785,3.1692421436309814,0.5293570160865784,0,-1,1,151,0.326133909287257,2.0,463,1.1704871654510498,0,0.0,0,0.0,0,6.52092170715332,0.026387523859739304,0.1060580164194107,0.0,0.4146234691143036,0.2170582413673401,0.7170626521110535,0.20649033784866333,0.2426743507385254,0.14902807772159576,0.16346657276153564,0.22420918941497803,0.01295896340161562,0.0706968754529953,0.17048141360282898,0.021598272025585175,0.06659777462482452,0.16948087513446808,0.06911446899175644,0.051737230271101,0.15044572949409485,0.030237581580877304,0.0,0.0,0.0,0.001095844549126923,0.004465271253138781,0.0247188750654459,0.031602103263139725,0.02697787433862686,0.04161393642425537,0.028854377567768097,0.07057802379131317,0.025627071037888527,0.06985656172037125,2.4021102262850036e-07,1.570131757944182e-06,3.4250660085888285e-09,1.744400535130808e-08,0.0,0.0,0.47806400060653687,0.21584385633468628,0.4146616756916046,0.19341331720352173,0.6824017763137817,1.0,0.07266486436128616,0.0,0.17273935675621033,0.0,0.07219434529542923,0.0,2,7
NGSIM,MoE_OpenLoop,73,195,257,257,25.700000000000003,0.5417062044143677,0.7049734592437744,3.0715856552124023,3.81276273727417,0.6140105724334717,0,-1,0,0,0.0,2.0,257,2.188769578933716,0,0.0,0,0.0,0,15.897003173828125,0.10096210986375809,0.18923141062259674,0.0,0.17569945752620697,0.2523861229419708,0.31128403544425964,0.27953264117240906,0.2557312250137329,0.4785992205142975,0.09964196383953094,0.1980203092098236,0.10894941538572311,0.1135360524058342,0.205848827958107,0.046692606061697006,0.13984614610671997,0.2199912965297699,0.0,0.09078152477741241,0.19191433489322662,0.05447470769286156,0.0,0.0,0.0,0.008076476864516735,0.016946544870734215,0.013579647056758404,0.028885314241051674,0.023809555917978287,0.04004368931055069,0.005568591877818108,0.014473382383584976,0.03583133965730667,0.07464449852705002,9.501009978762909e-10,6.9354193499293615e-09,2.9868603146354644e-09,8.01761856905614e-09,0.0,0.0,0.4328356385231018,0.2063426673412323,0.48029881715774536,0.16379420459270477,0.7090626955032349,1.0,0.07151338458061218,0.0,0.14139600098133087,0.0,0.07802804559469223,0.0,2,7
NGSIM,MoE_OpenLoop,73,196,531,531,53.1,0.5436715483665466,0.7353640794754028,5.467148780822754,6.2480549812316895,0.622002124786377,0,-1,1,62,0.1167608286252354,2.0,531,1.8016256093978882,0,0.0,0,0.0,0,6.9877142906188965,0.04284697771072388,0.13757029175758362,0.020715631544589996,0.29532015323638916,0.2626202702522278,0.4858756959438324,0.33999061584472656,0.22695091366767883,0.2542372941970825,0.023325655609369278,0.09894982725381851,0.0,0.08479921519756317,0.18418554961681366,0.04896421730518341,0.1924840360879898,0.24181786179542542,0.16384181380271912,0.021233422681689262,0.09999462217092514,0.02636534906923771,0.0,0.0,0.0,0.004190136678516865,0.01598743163049221,0.03809884190559387,0.0754622370004654,0.03319404274225235,0.05138368159532547,0.005716558080166578,0.028816943988204002,0.023526638746261597,0.061984967440366745,5.251449053389479e-09,2.6966221255975142e-08,1.8106944480678067e-05,0.00016125160618685186,0.0,0.0,0.4619426429271698,0.19401854276657104,0.4333131015300751,0.1811620146036148,0.6973395943641663,1.0,0.07207578420639038,0.0,0.15503433346748352,0.0,0.07555069774389267,0.0,1,6
NGSIM,MoE_OpenLoop,73,197,276,276,27.6,0.5623229146003723,0.6799479722976685,4.312570095062256,5.418301582336426,0.525507926940918,0,-1,0,0,0.0,2.0,276,2.023611545562744,0,0.0,0,0.0,0,13.190865516662598,0.0,0.0,0.0,0.1883549690246582,0.2582865059375763,0.3297101557254791,0.30280694365501404,0.25038236379623413,0.46014493703842163,0.15753376483917236,0.2198171317577362,0.09057971090078354,0.017026584595441818,0.08787631243467331,0.0,0.27433446049690247,0.2424737811088562,0.07246376574039459,0.059943221509456635,0.1626955270767212,0.047101449221372604,0.0,0.0,0.0,0.0,0.0,0.011638469062745571,0.01954394392669201,0.01843101717531681,0.02140989527106285,0.023388415575027466,0.046752601861953735,0.00928200501948595,0.06450724601745605,1.5152300747445224e-08,5.972942318521746e-08,2.483605543446288e-09,8.858823896673584e-09,0.0,0.0,0.45131587982177734,0.14919453859329224,0.4859442114830017,0.14586018025875092,0.7034695148468018,1.0,0.07158561050891876,0.0,0.14762882888317108,0.0,0.07731620967388153,0.0,0,5
NGSIM,MoE_OpenLoop,73,198,522,522,52.2,0.6548143625259399,0.8045888543128967,3.141660451889038,3.8552019596099854,0.7980493307113647,0,-1,1,41,0.07854406130268199,2.0,522,1.7547439336776733,0,0.0,0,0.0,0,9.846090316772461,0.061113614588975906,0.1566895842552185,0.0,0.3243049681186676,0.25840577483177185,0.530651330947876,0.27355608344078064,0.2536829113960266,0.38314175605773926,0.09742200374603271,0.1866985708475113,0.0038314175326377153,0.087427519261837,0.1854381412267685,0.015325670130550861,0.14031435549259186,0.22104640305042267,0.06704980880022049,0.015861423686146736,0.08646394312381744,0.0,0.0,0.0,0.0,0.005256684496998787,0.01875429041683674,0.028290895745158195,0.0400194488465786,0.02715175971388817,0.04389141872525215,0.033208735287189484,0.0865643247961998,0.02725922502577305,0.06343616545200348,3.077196808476401e-08,3.296204340585973e-07,0.0015638461336493492,0.014754476957023144,0.0,0.0,0.4443998634815216,0.21385304629802704,0.4328688383102417,0.2125335931777954,0.7044265866279602,1.0,0.07097020000219345,0.0,0.15018939971923828,0.0,0.07441361993551254,0.0,1,6
NGSIM,MoE_OpenLoop,73,199,494,494,49.400000000000006,0.6300861239433289,0.8063042163848877,2.363358736038208,2.842198610305786,0.5937110781669617,0,-1,1,43,0.08704453441295547,2.0,494,1.8876971006393433,0,0.0,0,0.0,0,9.8110933303833,0.0594354085624218,0.1542768031358719,0.0,0.3536679148674011,0.25112664699554443,0.6174089312553406,0.24518729746341705,0.24767692387104034,0.2489878535270691,0.11511456221342087,0.2014288753271103,0.028340080752968788,0.08676431328058243,0.18514493107795715,0.0,0.13079364597797394,0.21891161799430847,0.09716599434614182,0.009036724455654621,0.0663423240184784,0.008097166195511818,0.0,0.0,0.0,0.0031087659299373627,0.008501804433763027,0.03326788172125816,0.04147695377469063,0.021810196340084076,0.04178328067064285,0.04020364582538605,0.09120793640613556,0.02178863435983658,0.055009808391332626,2.444640131216147e-06,3.211630610167049e-05,1.0515216475326383e-09,7.95592480784535e-09,0.0,0.0,0.435940682888031,0.217149019241333,0.44387784600257874,0.19566389918327332,0.7001269459724426,1.0,0.07193250209093094,0.0,0.1530625969171524,0.0,0.07487822324037552,0.0,0,5
NGSIM,MoE_OpenLoop,73,200,588,588,58.800000000000004,0.5477771162986755,0.6606579422950745,3.455061435699463,4.344854354858398,0.6747889518737793,0,-1,1,101,0.1717687074829932,2.0,588,1.6792782545089722,0,0.0,0,0.0,0,4.791351318359375,0.018634846433997154,0.0884368047118187,0.0,0.42459234595298767,0.20826758444309235,0.6785714030265808,0.24314092099666595,0.2448013722896576,0.15816326439380646,0.12606653571128845,0.2101210206747055,0.03401360660791397,0.11011319607496262,0.20386168360710144,0.07482992857694626,0.027985770255327225,0.11302176862955093,0.008503401651978493,0.04946623742580414,0.14698143303394318,0.04591836780309677,0.0,0.0,0.0,0.001138285268098116,0.005811350420117378,0.03637254238128662,0.04932813346385956,0.03455524891614914,0.05932492017745972,0.022635826840996742,0.05642756074666977,0.0394764244556427,0.08034245669841766,2.167257484586571e-09,2.0071194484216903e-08,0.004743215162307024,0.023883506655693054,0.0,0.0,0.4394000768661499,0.21318411827087402,0.4216785430908203,0.18374307453632355,0.7006703019142151,1.0,0.07220841199159622,0.0,0.15037284791469574,0.0,0.07674821466207504,0.0,2,7
NGSIM,MoE_OpenLoop,73,201,601,601,60.1,0.606781005859375,0.7918733954429626,3.2902300357818604,4.036993980407715,0.5343820452690125,0,-1,1,29,0.048252911813643926,2.0,601,1.9471125602722168,0,0.0,0,0.0,0,3.4507265090942383,0.0,0.0,0.0,0.1620078980922699,0.2367180734872818,0.20133110880851746,0.3005039691925049,0.24449725449085236,0.24958401918411255,0.027901584282517433,0.11395227909088135,0.009983360767364502,0.17884808778762817,0.23899278044700623,0.18136438727378845,0.12478449940681458,0.21547266840934753,0.13144758343696594,0.14122433960437775,0.2287822663784027,0.2262895107269287,0.06472965329885483,0.16408275067806244,0.0,0.0,0.0,0.025276878848671913,0.0757337138056755,0.03373497724533081,0.054912716150283813,0.010797233320772648,0.05171588063240051,0.04876221343874931,0.07723713666200638,5.57899371145254e-09,3.667473436053115e-08,0.01412923913449049,0.060741376131772995,0.03762168809771538,0.11069097369909286,0.41848987340927124,0.17061036825180054,0.4111878573894501,0.16436195373535156,0.7113431692123413,1.0,0.07098735123872757,0.0,0.13866695761680603,0.0,0.07900212705135345,0.0,2,7
NGSIM,MoE_OpenLoop,73,202,271,271,27.1,0.7156330943107605,0.9641619324684143,3.9349958896636963,4.416281223297119,0.7209988832473755,0,-1,0,0,0.0,2.0,271,2.0849223136901855,0,0.0,0,0.0,0,7.386965274810791,0.07207655906677246,0.1734226942062378,0.05904059112071991,0.3805323839187622,0.22531290352344513,0.5387454032897949,0.18390901386737823,0.24463894963264465,0.2287822812795639,0.02534639649093151,0.10501430928707123,0.011070110835134983,0.2369987517595291,0.24343138933181763,0.084870845079422,0.03521578386425972,0.1247747614979744,0.0,0.06592123955488205,0.1686427891254425,0.07749077677726746,0.0,0.0,0.0,0.0031039733439683914,0.009519875980913639,0.0425168052315712,0.05803320184350014,0.017245741561055183,0.02812313288450241,0.009342425502836704,0.039492081850767136,0.05575932562351227,0.07471948117017746,1.0478295314753083e-10,4.783446416745107e-10,0.008848785422742367,0.03638170659542084,0.0,0.0,0.3988427221775055,0.20302410423755646,0.46434012055397034,0.1712542027235031,0.7138496041297913,1.0,0.07032090425491333,0.0,0.1399468332529068,0.0,0.0758826956152916,0.0,0,5
NGSIM,MoE_OpenLoop,73,203,459,459,45.900000000000006,0.6916549205780029,0.9581915140151978,5.626763820648193,7.1988654136657715,0.9816545248031616,0,-1,0,0,0.0,2.0,459,2.073568105697632,0,0.0,0,0.0,0,11.66207218170166,0.05476956069469452,0.15503232181072235,0.03267974033951759,0.29353323578834534,0.25377675890922546,0.42047929763793945,0.29487836360931396,0.2525056004524231,0.48583877086639404,0.10588644444942474,0.19951830804347992,0.030501089990139008,0.09105588495731354,0.18831750750541687,0.004357298370450735,0.1357356160879135,0.21835580468177795,0.026143791154026985,0.024141034111380577,0.10513871908187866,0.0,0.0,0.0,0.0,0.001956768101081252,0.006598064675927162,0.02373098023235798,0.03722281754016876,0.021283188834786415,0.04190441966056824,0.040280893445014954,0.10201409459114075,0.02114799991250038,0.0533100850880146,4.5482813071373585e-09,3.195712139358875e-08,0.000958744203671813,0.011212245561182499,0.0,0.0,0.4249093234539032,0.20583118498325348,0.46573200821876526,0.18643593788146973,0.7078675031661987,1.0,0.07144273072481155,0.0,0.14367280900478363,0.0,0.07701684534549713,0.0,1,6
NGSIM,MoE_OpenLoop,73,204,264,264,26.400000000000002,0.5581585168838501,0.7008211612701416,2.8722734451293945,3.4433889389038086,0.5569625496864319,0,-1,1,7,0.026515151515151516,2.0,264,1.96476411819458,0,0.0,0,0.0,0,7.459100723266602,0.0,0.0,0.0,0.27644577622413635,0.25850221514701843,0.41287878155708313,0.3839603364467621,0.20672643184661865,0.2651515007019043,0.017403051257133484,0.08770930022001266,0.0,0.2932310402393341,0.24447792768478394,0.3219696879386902,0.028959760442376137,0.11405689269304276,0.0,0.0,0.0,0.0,0.0,0.0,0.0,0.0,0.0,0.01820109412074089,0.03821157291531563,0.0397498719394207,0.04723280295729637,0.0004268065677024424,0.0026733363047242165,0.09949259459972382,0.10007292032241821,7.000496848874604e-10,3.658006120232926e-09,0.0,0.0,0.0,0.0,0.3893427848815918,0.16893261671066284,0.4527868628501892,0.132120743393898,0.6931961178779602,1.0,0.07264626026153564,0.0,0.15764349699020386,0.0,0.07651401311159134,0.0,0,5
NGSIM,MoE_OpenLoop,73,205,216,216,21.6,0.35786858201026917,0.5173695683479309,6.308841228485107,10.132925033569336,1.4026803970336914,0,-1,0,0,0.0,2.0,216,7.144318103790283,0,0.0,0,0.0,0,38.05918502807617,0.0,0.0,0.0,0.32193103432655334,0.21837010979652405,0.0,0.2665383517742157,0.2646748721599579,0.4027777910232544,0.0,0.0,0.0,0.02499438263475895,0.10305513441562653,0.0,0.386536180973053,0.2212141454219818,0.5972222089767456,0.0,0.0,0.0,0.0,0.0,0.0,0.0,0.0,0.009446222335100174,0.00643401313573122,0.022155916318297386,0.025864455848932266,0.0,0.0,0.009781388565897942,0.04034492373466492,1.546244066154429e-19,4.0218467470153813e-19,0.0,0.0,0.0,0.0,0.4911329448223114,0.05030348524451256,0.46748340129852295,0.02703244239091873,0.7450717091560364,1.0,0.07473573833703995,0.0,0.05517922341823578,0.0,0.12501351535320282,0.0,0,5
NGSIM,MoE_OpenLoop,73,206,497,497,49.7,0.6133103370666504,0.8211497068405151,5.050906181335449,5.748012542724609,0.6156310439109802,0,-1,1,3,0.006036217303822937,2.0,497,1.9937193393707275,0,0.0,0,0.0,0,6.548922538757324,0.05527691915631294,0.15530532598495483,0.04828973859548569,0.27822571992874146,0.26098042726516724,0.4124748408794403,0.2780773341655731,0.2454330027103424,0.19315895438194275,0.042320191860198975,0.1310066431760788,0.0,0.21492664515972137,0.24649125337600708,0.2334004044532776,0.012866551987826824,0.07850885391235352,0.0,0.08954644948244095,0.19323407113552094,0.11267605423927307,0.028760161250829697,0.11349084228277206,0.0,0.002403972437605262,0.007268683984875679,0.022861892357468605,0.04810033366084099,0.02985433302819729,0.04540923237800598,0.006804674863815308,0.031101448461413383,0.06925258040428162,0.0900360718369484,4.239042791917211e-14,2.6375855167494466e-13,0.02280438505113125,0.07062755525112152,0.016055576503276825,0.07122007757425308,0.3670339584350586,0.19714756309986115,0.4629286229610443,0.16322937607765198,0.7081832885742188,1.0,0.07147108763456345,0.0,0.14307036995887756,0.0,0.0772753581404686,0.0,1,6
NGSIM,MoE_OpenLoop,73,207,151,151,15.100000000000001,0.6256054043769836,0.7503343820571899,12.64941120147705,15.127201080322266,1.483096957206726,0,-1,0,0,0.0,2.0,151,2.2729721069335938,0,0.0,0,0.0,0,45.38496017456055,0.0,0.0,0.0,0.5611296892166138,0.008849887177348137,1.0,0.0,0.0,0.0,0.0,0.0,0.0,0.2853337228298187,0.2099577933549881,0.0,0.1535368263721466,0.20884127914905548,0.0,0.0,0.0,0.0,0.0,0.0,0.0,0.0,0.0,0.019148126244544983,0.007926852442324162,0.0,0.0,0.0,0.0,0.20764373242855072,0.1847628802061081,9.513590340610196e-19,3.256203098759894e-18,0.0,0.0,0.0,0.0,0.37145647406578064,0.16435538232326508,0.40175163745880127,0.13768059015274048,0.7292625904083252,1.0,0.07169729471206665,0.0,0.11970512568950653,0.0,0.07933491468429565,0.0,0,5
NGSIM,MoE_OpenLoop,73,208,420,420,42.0,0.6232700347900391,0.8087712526321411,1.9383045434951782,2.4341049194335938,0.5059813261032104,0,-1,1,55,0.13095238095238096,2.0,420,1.7000826597213745,0,0.0,0,0.0,0,5.1683173179626465,0.007349797058850527,0.056461043655872345,0.0,0.22028511762619019,0.2559303939342499,0.35476189851760864,0.2552902102470398,0.2530181407928467,0.39047619700431824,0.145723357796669,0.2228158712387085,0.08095238357782364,0.12711355090141296,0.21618622541427612,0.06666667014360428,0.1491033434867859,0.2252393662929535,0.014285714365541935,0.059689268469810486,0.16434352099895477,0.09285714477300644,0.03544534370303154,0.12557843327522278,0.0,0.00020846589177381247,0.0016045020893216133,0.021602299064397812,0.038641102612018585,0.018814044073224068,0.029920512810349464,0.04340433329343796,0.09953989833593369,0.03811661899089813,0.0719359740614891,3.776587043091695e-09,3.486773891836492e-08,0.003884602338075638,0.021251898258924484,0.013381995260715485,0.05950514227151871,0.40676096081733704,0.1906815618276596,0.4538266956806183,0.19244295358657837,0.7084871530532837,1.0,0.0712728425860405,0.0,0.14347775280475616,0.0,0.07676202058792114,0.0,1,6
NGSIM,MoE_OpenLoop,73,209,232,232,23.200000000000003,0.6027572154998779,0.8003877997398376,1.417855978012085,1.7240395545959473,0.4111957550048828,0,-1,0,0,0.0,2.0,232,2.2010440826416016,0,0.0,0,0.0,0,10.611471176147461,0.06599336862564087,0.1620614379644394,0.0,0.33879953622817993,0.24896225333213806,0.5129310488700867,0.2929597496986389,0.25533148646354675,0.4568965435028076,0.024890119209885597,0.10223487764596939,0.0,0.09707018733024597,0.19264183938503265,0.0,0.12321632355451584,0.20863290131092072,0.0,0.0570707842707634,0.15446148812770844,0.03017241321504116,0.0,0.0,0.0,0.0043302359990775585,0.011824091896414757,0.04777023196220398,0.07707995176315308,0.03324603661894798,0.04565175995230675,0.01581524685025215,0.07065291702747345,0.03531842678785324,0.07623972743749619,5.63660951247158e-10,2.54708609759291e-09,0.0004670029447879642,0.0035139531828463078,0.0,0.0,0.39614319801330566,0.227972149848938,0.4669094979763031,0.19028444588184357,0.7114119529724121,1.0,0.07065730541944504,0.0,0.1422789990901947,0.0,0.07565180212259293,0.0,1,6
NGSIM,MoE_OpenLoop,73,210,456,456,45.6,0.6596493124961853,0.8183727264404297,6.084029197692871,7.587327003479004,0.6146907210350037,0,-1,1,44,0.09649122807017543,2.0,456,1.7711104154586792,0,0.0,0,0.0,0,10.45713996887207,0.011331683956086636,0.07222443073987961,0.00657894741743803,0.22677040100097656,0.2618791162967682,0.34210526943206787,0.343038946390152,0.2384135127067566,0.5219298005104065,0.15458627045154572,0.2212706208229065,0.03947368264198303,0.0573439821600914,0.15488402545452118,0.0,0.19621644914150238,0.24089042842388153,0.08771929889917374,0.010712066665291786,0.07155720144510269,0.0021929824724793434,0.0,0.0,0.0,0.0003336791996844113,0.002385609783232212,0.012911803089082241,0.019173165783286095,0.025475388392806053,0.05135041102766991,0.033018723130226135,0.07468993961811066,0.01499548926949501,0.04873889312148094,3.034796236534021e-08,2.056110730563887e-07,3.931843457587181e-13,2.7210558025542175e-12,0.0,0.0,0.4751172661781311,0.20942549407482147,0.4381476044654846,0.20894108712673187,0.7109936475753784,1.0,0.06971689313650131,0.0,0.14585058391094208,0.0,0.07343898713588715,0.0,1,6
NGSIM,MoE_OpenLoop,73,211,448,448,44.800000000000004,0.5356712937355042,0.7143896222114563,4.5293474197387695,5.300969123840332,0.644152045249939,0,-1,1,90,0.20089285714285715,2.0,448,1.80756676197052,0,0.0,0,0.0,0,9.29542350769043,0.04651901125907898,0.1427985280752182,0.0,0.2883627116680145,0.2629750669002533,0.5022321343421936,0.2961566746234894,0.24548766016960144,0.2477678507566452,0.11428723484277725,0.20204420387744904,0.0424107126891613,0.07527034729719162,0.1749887615442276,0.013392857275903225,0.17198047041893005,0.23542407155036926,0.1941964328289032,0.007423413451761007,0.058927230536937714,0.0,0.0,0.0,0.0,0.00296766753308475,0.010186800733208656,0.02049751952290535,0.029721464961767197,0.02502151019871235,0.03690297529101372,0.035437263548374176,0.08374752849340439,0.02558048628270626,0.06419863551855087,6.015077325116636e-09,5.0074689283974294e-08,5.2175836984247326e-09,4.9420890491091996e-08,0.0,0.0,0.4669479429721832,0.20686736702919006,0.42354729771614075,0.1899329274892807,0.6962212920188904,1.0,0.07187693566083908,0.0,0.1574123203754425,0.0,0.07448945939540863,0.0,2,7
NGSIM,MoE_OpenLoop,73,212,400,400,40.0,0.7419422268867493,0.9946241974830627,4.094015598297119,4.796455383300781,0.7649509906768799,0,-1,1,45,0.1125,2.0,400,1.8083479404449463,0,0.0,0,0.0,0,9.765284538269043,0.0,0.0,0.0,0.38346436619758606,0.24288152158260345,0.6700000166893005,0.2734268605709076,0.24168717861175537,0.17749999463558197,0.07415580004453659,0.16386514902114868,0.0,0.2503064274787903,0.2455543577671051,0.1525000035762787,0.0,0.0,0.0,0.0186467207968235,0.08850876986980438,0.0,0.0,0.0,0.0,0.0,0.0,0.030878938734531403,0.05162028595805168,0.03141992539167404,0.06291545927524567,0.028773078694939613,0.08113329112529755,0.06938270479440689,0.09128618985414505,0.0,0.0,2.834787119354587e-05,0.00017944214050658047,0.0,0.0,0.42531272768974304,0.198713481426239,0.41420450806617737,0.18929319083690643,0.7201282978057861,1.0,0.07061536610126495,0.0,0.1278865486383438,0.0,0.08136967569589615,0.0,2,7
NGSIM,MoE_OpenLoop,73,213,317,317,31.700000000000003,0.8552166223526001,1.1525086164474487,13.93282699584961,15.113554954528809,1.2883813381195068,0,-1,1,317,1.0,2.0,317,1.3690260648727417,0,0.0,0,0.0,0,10.60483169555664,0.0,0.0,0.0,0.34305402636528015,0.24899722635746002,0.539432168006897,0.08202695101499557,0.18310849368572235,0.037854891270399094,0.3307971954345703,0.22210575640201569,0.16088327765464783,0.0,0.0,0.0,0.03349742665886879,0.12266534566879272,0.0,0.21062438189983368,0.24945425987243652,0.2618296444416046,0.0,0.0,0.0,0.0,0.0,0.026537243276834488,0.03239646926522255,0.014868159778416157,0.03794735670089722,0.06123301386833191,0.07722090929746628,0.0,0.0,9.944576504494762e-07,6.7779819801216945e-06,1.8904437126820994e-07,5.562246201407106e-07,0.0,0.0,0.46945369243621826,0.24385419487953186,0.42790675163269043,0.2274819165468216,0.6722398400306702,1.0,0.07427113503217697,0.0,0.18117369711399078,0.0,0.07231525331735611,0.0,0,5
NGSIM,MoE_OpenLoop,73,214,136,136,13.600000000000001,0.9907487034797668,1.2066290378570557,4.54485559463501,4.987892150878906,0.6995041370391846,0,-1,1,136,1.0,2.0,136,1.117138385772705,0,0.0,0,0.0,0,27.805316925048828,0.0,0.0,0.0,0.5079550743103027,0.006564613897353411,0.8529411554336548,0.0,0.0,0.0,0.0,0.0,0.0,0.4920448958873749,0.006550980266183615,0.14705882966518402,0.0,0.0,0.0,0.0,0.0,0.0,0.0,0.0,0.0,0.0,0.0,0.008807417005300522,0.005966071505099535,0.0,0.0,0.0,0.0,0.08834884315729141,0.03777829557657242,0.0,0.0,0.0,0.0,0.0,0.0,0.6335455179214478,0.1793854683637619,0.2692981958389282,0.15928016602993011,0.6635522842407227,1.0,0.07769940048456192,0.0,0.1847297102212906,0.0,0.07401851564645767,0.0,0,5
NGSIM,MoE_OpenLoop,73,215,255,255,25.5,0.6711288690567017,0.8172809481620789,5.161045551300049,6.705346584320068,0.5962044596672058,0,-1,1,249,0.9764705882352941,2.0,255,0.7976405620574951,0,0.0,0,0.0,0,6.284491062164307,0.0,0.0,0.0,0.3427429497241974,0.227926567196846,0.32549020648002625,0.13670781254768372,0.22240467369556427,0.08235294371843338,0.09834904223680496,0.19672828912734985,0.03529411926865578,0.0,0.0,0.0,0.030533548444509506,0.11801215261220932,0.0,0.3916665315628052,0.21522754430770874,0.5568627715110779,0.0,0.0,0.0,0.0,0.0,0.027256092056632042,0.03245292976498604,0.018977683037519455,0.04088766127824783,0.032383717596530914,0.07178778946399689,0.0,0.0,2.3441037555471667e-08,1.3226241435404518e-07,6.810763443354517e-05,0.00012004972086288035,0.0,0.0,0.5094184875488281,0.21837209165096283,0.4118957817554474,0.21563823521137238,0.6519744992256165,1.0,0.07498423755168915,0.0,0.20253941416740417,0.0,0.07050175219774246,0.0,0,5
NGSIM,MoE_OpenLoop,73,216,497,497,49.7,0.55284184217453,0.7012661695480347,2.0641884803771973,2.8484628200531006,0.6874396800994873,0,-1,1,13,0.026156941649899398,2.0,497,1.904253602027893,0,0.0,0,0.0,0,8.945110321044922,0.020095882937312126,0.09341815859079361,0.0,0.26426005363464355,0.2589290738105774,0.4185110628604889,0.30568575859069824,0.2480376809835434,0.38430583477020264,0.10785487294197083,0.20139874517917633,0.03219315782189369,0.0861460268497467,0.18456517159938812,0.024144869297742844,0.20178207755088806,0.2429393231868744,0.14084507524967194,0.014175264164805412,0.08036336302757263,0.0,0.0,0.0,0.0,0.001373605220578611,0.007823972962796688,0.019413257017731667,0.032295603305101395,0.02589263767004013,0.04153810068964958,0.025347338989377022,0.07138580083847046,0.02717970497906208,0.06360617280006409,7.617025232775632e-08,9.502698503638385e-07,0.0004087326815351844,0.003261219710111618,0.0,0.0,0.4457910656929016,0.20867429673671722,0.4545935094356537,0.19214239716529846,0.7022385001182556,1.0,0.07137629389762878,0.0,0.15116538107395172,0.0,0.07521984726190567,0.0,2,7
NGSIM,MoE_OpenLoop,73,217,250,250,25.0,0.6313227415084839,0.7869918942451477,5.059054374694824,5.8123931884765625,1.014269232749939,0,-1,0,0,0.0,2.0,250,2.0374772548675537,0,0.0,0,0.0,0,25.770307540893555,0.0,0.0,0.0,0.09059612452983856,0.19610527157783508,0.14800000190734863,0.3817328214645386,0.19582882523536682,0.08399999886751175,0.005663044285029173,0.051385343074798584,0.0,0.4003792703151703,0.2201269268989563,0.7639999985694885,0.01696666330099106,0.08779818564653397,0.0,0.10466206073760986,0.19946356117725372,0.004000000189989805,0.0,0.0,0.0,0.0,0.0,0.006275291554629803,0.014805608429014683,0.012984156608581543,0.018016967922449112,0.002555968938395381,0.023226842284202576,0.07385482639074326,0.06800587475299835,5.191440810223269e-13,4.29757011227716e-12,1.0855746369105995e-13,3.486304940483048e-13,0.0,0.0,0.48847079277038574,0.14351242780685425,0.41585877537727356,0.11533002555370331,0.704159677028656,1.0,0.07317738980054855,0.0,0.1430799514055252,0.0,0.07958312332630157,0.0,1,6
NGSIM,MoE_OpenLoop,73,218,375,375,37.5,0.7316315174102783,0.8936688899993896,1.7358243465423584,2.1612560749053955,0.6180367469787598,0,-1,1,33,0.088,2.0,375,1.8395664691925049,0,0.0,0,0.0,0,12.484774589538574,0.04662807285785675,0.14101657271385193,0.0,0.30638542771339417,0.2550167143344879,0.46399998664855957,0.21927613019943237,0.2545202076435089,0.2879999876022339,0.19688816368579865,0.23626238107681274,0.08533333241939545,0.06765732914209366,0.16501274704933167,0.0,0.1168370172381401,0.21265344321727753,0.1626666635274887,0.046327993273735046,0.14220073819160461,0.0,0.0,0.0,0.0,0.0016588678117841482,0.005151452496647835,0.02287781797349453,0.03577238693833351,0.02731357142329216,0.04134853184223175,0.037628304213285446,0.07930295169353485,0.02631109021604061,0.06958839297294617,9.13543487968127e-07,6.888664302096004e-06,7.874336006352678e-05,0.0008335320162586868,0.0,0.0,0.44542595744132996,0.22808000445365906,0.43870508670806885,0.1921519786119461,0.6939273476600647,1.0,0.07166220247745514,0.0,0.16156725585460663,0.0,0.07284320890903473,0.0,0,5
NGSIM,MoE_OpenLoop,73,219,184,184,18.400000000000002,0.4535505175590515,0.5677310228347778,11.41002082824707,13.815049171447754,1.2620855569839478,0,-1,0,0,0.0,2.0,184,6.070336818695068,0,0.0,0,0.0,0,55.86211013793945,0.0,0.0,0.0,0.4759519398212433,0.0159599632024765,0.09782608598470688,0.0,0.0,0.0,0.0,0.0,0.0,0.0,0.0,0.0,0.5240480899810791,0.015968365594744682,0.9021739363670349,0.0,0.0,0.0,0.0,0.0,0.0,0.0,0.0,0.016712041571736336,0.0015649280976504087,0.0,0.0,0.0,0.0,0.0,0.0,1.3786782017736947e-24,0.0,0.0,0.0,0.0,0.0,0.5083068609237671,0.030463820323348045,0.47498106956481934,0.029012443497776985,0.7567509412765503,1.0,0.07192029803991318,0.0,0.06310499459505081,0.0,0.1082235798239708,0.0,0,5
NGSIM,MoE_OpenLoop,73,220,271,271,27.1,0.5491228699684143,0.7079858183860779,2.4147160053253174,2.637958526611328,0.5289714336395264,0,-1,1,186,0.6863468634686347,2.0,271,1.454633116722107,0,0.0,0,0.0,0,16.29558563232422,0.0,0.0,0.0,0.25826597213745117,0.2595021724700928,0.4095940887928009,0.1532503217458725,0.22297154366970062,0.025830257683992386,0.09979354590177536,0.19342118501663208,0.0,0.19242005050182343,0.24784405529499054,0.3136531412601471,0.0,0.0,0.0,0.2962699830532074,0.2452363669872284,0.2509225010871887,0.0,0.0,0.0,0.0,0.0,0.024253040552139282,0.03672264888882637,0.016317883506417274,0.03018881380558014,0.02306976541876793,0.050954610109329224,0.08419423550367355,0.13480573892593384,0.0,0.0,1.091510548612007e-09,3.0578142240500483e-09,0.0,0.0,0.39510393142700195,0.19173461198806763,0.45706120133399963,0.17742285132408142,0.6801257133483887,1.0,0.07512158155441284,0.0,0.168229877948761,0.0,0.07652312517166138,0.0,1,6
NGSIM,MoE_OpenLoop,73,221,270,270,27.0,0.678866982460022,0.7920104265213013,5.521933078765869,6.414579391479492,0.6790711283683777,0,-1,0,0,0.0,2.0,270,2.7419252395629883,0,0.0,0,0.0,0,10.355488777160645,0.0,0.0,0.0,0.12474369257688522,0.2194421887397766,0.18518517911434174,0.3166991174221039,0.24518699944019318,0.42592594027519226,0.0,0.0,0.0,0.2995597720146179,0.23924584686756134,0.1814814805984497,0.06429135799407959,0.16659271717071533,0.0,0.11399349570274353,0.2132863849401474,0.2074074000120163,0.08071255683898926,0.1804882287979126,0.0,0.0,0.0,0.004024744965136051,0.007324199192225933,0.02367534302175045,0.031651683151721954,0.0,0.0,0.09177316725254059,0.09845292568206787,3.703582850556747e-13,9.714700831969791e-13,4.025217549497029e-06,8.679354323248845e-06,0.035607218742370605,0.09185774624347687,0.3769083321094513,0.15995189547538757,0.46800708770751953,0.11420602351427078,0.7352443337440491,1.0,0.07061677426099777,0.0,0.1004972755908966,0.0,0.0936415046453476,0.0,1,6
NGSIM,MoE_OpenLoop,73,222,595,595,59.5,0.7295828461647034,0.939344584941864,2.126082181930542,2.645606517791748,0.6879436373710632,0,-1,1,133,0.2235294117647059,2.0,595,1.6154969930648804,0,0.0,0,0.0,0,6.963040351867676,0.017583347856998444,0.0897413045167923,0.0,0.3187193274497986,0.2535708546638489,0.5058823823928833,0.21882718801498413,0.24614490568637848,0.13445378839969635,0.1324290782213211,0.21235652267932892,0.0235294122248888,0.10140880197286606,0.20082761347293854,0.12268907576799393,0.11194459348917007,0.20768117904663086,0.11260504275560379,0.09908770024776459,0.19935767352581024,0.10084033757448196,0.0,0.0,0.0,0.0006418144330382347,0.0034490216057747602,0.025571295991539955,0.0426289327442646,0.01725396141409874,0.02902713045477867,0.026588143780827522,0.06486832350492477,0.02089715749025345,0.055409882217645645,2.3390782644128194e-06,2.0545920051517896e-05,0.006360031198710203,0.03354769945144653,0.0,0.0,0.4593440294265747,0.2023097723722458,0.4433411657810211,0.19260846078395844,0.7024843692779541,1.0,0.07147369533777237,0.0,0.14971540868282318,0.0,0.07632661610841751,0.0,1,6
NGSIM,MoE_OpenLoop,73,223,364,364,36.4,0.7833726406097412,0.9679501056671143,2.6077725887298584,3.4177193641662598,0.687129020690918,0,-1,0,0,0.0,2.0,364,2.2660317420959473,0,0.0,0,0.0,0,7.474849224090576,0.06082773208618164,0.1620020717382431,0.030219780281186104,0.17673705518245697,0.2401418536901474,0.19505494832992554,0.3494291305541992,0.237684428691864,0.557692289352417,0.0065919822081923485,0.05585791543126106,0.0,0.2013029009103775,0.24198018014431,0.11263736337423325,0.11788570135831833,0.20724338293075562,0.0,0.05632910877466202,0.16265974938869476,0.10439560562372208,0.030896414071321487,0.11630543321371078,0.0,0.0026180464774370193,0.008854662999510765,0.016580505296587944,0.04118070751428604,0.021615909412503242,0.027460746467113495,0.0004980759113095701,0.004414813127368689,0.052200932055711746,0.08110356330871582,4.760887795107749e-10,3.591060782071054e-09,0.007999115623533726,0.036721572279930115,0.01881510391831398,0.07687333971261978,0.3690851628780365,0.18393327295780182,0.5105873942375183,0.1695118546485901,0.7209994196891785,1.0,0.07040183246135712,0.0,0.12948928773403168,0.0,0.07910960167646408,0.0,1,6
NGSIM,MoE_OpenLoop,73,224,203,203,20.3,0.6488426327705383,0.8814067840576172,1.1492763757705688,1.4163635969161987,0.5986043214797974,0,-1,1,203,1.0,2.0,203,1.6818450689315796,0,0.0,0,0.0,0,24.89638900756836,0.0,0.0,0.0,0.4441060721874237,0.18709245324134827,0.5714285969734192,0.09390093386173248,0.18668629229068756,0.0,0.0,0.0,0.0,0.4513019621372223,0.13590708374977112,0.4285714328289032,0.010691050440073013,0.06727724522352219,0.0,0.0,0.0,0.0,0.0,0.0,0.0,0.0,0.0,0.02600758709013462,0.020586177706718445,0.010120418854057789,0.02334468625485897,0.0,0.0,0.19404007494449615,0.14076784253120422,4.705078481492819e-06,4.3846634071087465e-05,0.0,0.0,0.0,0.0,0.30425041913986206,0.1776212602853775,0.46557655930519104,0.17520709335803986,0.689298152923584,1.0,0.07498136907815933,0.0,0.1592584103345871,0.0,0.07646206766366959,0.0,1,6
NGSIM,MoE_OpenLoop,73,225,326,326,32.6,0.8494336009025574,1.0728756189346313,4.53376579284668,5.373583793640137,0.7966002225875854,0,-1,1,120,0.36809815950920244,2.0,326,1.6971428394317627,0,0.0,0,0.0,0,3.1128201484680176,0.0,0.0,0.0,0.4337042272090912,0.21105046570301056,0.7331288456916809,0.26704803109169006,0.2352244257926941,0.0889570564031601,0.0817800909280777,0.17434827983379364,0.012269938364624977,0.058917086571455,0.155339777469635,0.0,0.007236880715936422,0.05798552930355072,0.0,0.10619229078292847,0.2050645500421524,0.16564416885375977,0.04512123391032219,0.14173588156700134,0.0,0.0,0.0,0.03237070515751839,0.034380096942186356,0.04243852570652962,0.06503139436244965,0.023409763351082802,0.06822950392961502,0.012801744043827057,0.04471244663000107,2.4662354380922125e-09,2.0700138492202314e-08,0.009891536086797714,0.02783822827041149,0.012339597567915916,0.040901560336351395,0.5049596428871155,0.18913958966732025,0.36178869009017944,0.18361034989356995,0.6925607919692993,1.0,0.07176931202411652,0.0,0.16267119348049164,0.0,0.0729987770318985,0.0,1,6
NGSIM,MoE_OpenLoop,73,226,176,176,17.6,0.8238323330879211,1.023363709449768,9.60571002960205,11.708871841430664,1.244247555732727,0,-1,1,176,1.0,2.0,176,1.4864442348480225,0,0.0,0,0.0,0,28.566312789916992,0.0,0.0,0.0,0.5099512934684753,0.012576204724609852,0.6761363744735718,0.0,0.0,0.0,0.0,0.0,0.0,0.4900486171245575,0.01256019901484251,0.3238636255264282,0.0,0.0,0.0,0.0,0.0,0.0,0.0,0.0,0.0,0.0,0.0,0.03448867425322533,0.019668443128466606,0.0,0.0,0.0,0.0,0.193162202835083,0.12243116647005081,0.0,0.0,0.0,0.0,0.0,0.0,0.3120892643928528,0.14763659238815308,0.4602595567703247,0.18658338487148285,0.6841041445732117,1.0,0.07605843991041183,0.0,0.1621778905391693,0.0,0.07765940576791763,0.0,0,5
NGSIM,MoE_OpenLoop,73,227,360,360,36.0,0.6681867837905884,0.8452099561691284,2.2244064807891846,3.440629243850708,0.5487841963768005,0,-1,1,76,0.2111111111111111,2.0,360,1.833254337310791,0,0.0,0,0.0,0,16.764537811279297,0.031473129987716675,0.12338835746049881,0.0555555559694767,0.14999666810035706,0.22768087685108185,0.11388888955116272,0.25925111770629883,0.2508687376976013,0.2777777910232544,0.1965435892343521,0.24500672519207,0.20555555820465088,0.06471708416938782,0.1670607179403305,0.06111111119389534,0.23992668092250824,0.25090306997299194,0.28611111640930176,0.05809170380234718,0.1577562540769577,0.0,0.0,0.0,0.0,0.0004431296547409147,0.0018762382678687572,0.010089617222547531,0.01831052079796791,0.022539544850587845,0.042183730751276016,0.027297107502818108,0.05820735916495323,0.019152505323290825,0.06241803988814354,1.7949606245792893e-08,1.2065254395565717e-07,0.0011024342384189367,0.009321324527263641,0.0,0.0,0.4970583915710449,0.20333729684352875,0.4223172068595886,0.18280912935733795,0.6973137259483337,1.0,0.07116053998470306,0.0,0.15894976258277893,0.0,0.07257591187953949,0.0,1,6
NGSIM,MoE_OpenLoop,73,228,287,287,28.700000000000003,0.44034403562545776,0.5825238227844238,13.849099159240723,15.984618186950684,0.9546061158180237,0,-1,0,0,0.0,2.0,287,2.070378541946411,0,0.0,0,0.0,0,10.7794189453125,0.13229672610759735,0.2131793051958084,0.05574912950396538,0.3195173144340515,0.2599579095840454,0.5156794190406799,0.1592624932527542,0.22302751243114471,0.0,0.009126699529588223,0.06245847046375275,0.0,0.032779186964035034,0.11978379637002945,0.0,0.22117891907691956,0.2556011378765106,0.3484320640563965,0.12583859264850616,0.21190305054187775,0.08013937622308731,0.0,0.0,0.0,0.018154459074139595,0.03589837998151779,0.055461205542087555,0.0933598130941391,0.008313656784594059,0.016239933669567108,0.0014857604401186109,0.010203287936747074,0.009028663858771324,0.036605361849069595,5.735186197480813e-12,3.57343737933391e-11,6.06877074460499e-06,5.108744153403677e-05,0.0,0.0,0.5076475143432617,0.16206304728984833,0.3999026119709015,0.17225275933742523,0.7207822799682617,1.0,0.07177284359931946,0.0,0.12486118078231812,0.0,0.08258329331874847,0.0,2,7
NGSIM,MoE_OpenLoop,73,229,794,794,79.4,0.7315933704376221,0.9516147971153259,3.489363670349121,4.181888103485107,0.7105986475944519,0,-1,1,280,0.3526448362720403,2.0,794,1.5556824207305908,0,0.0,0,0.0,0,1.6965500116348267,0.012246260419487953,0.07432902604341507,0.0,0.3971264064311981,0.23046429455280304,0.6599496006965637,0.20337986946105957,0.23675008118152618,0.09697733074426651,0.06544381380081177,0.15830454230308533,0.0,0.13356061279773712,0.21868515014648438,0.09068010002374649,0.0399462915956974,0.13382913172245026,0.015113350003957748,0.08061889559030533,0.1840660572052002,0.12216624617576599,0.06767747551202774,0.169687420129776,0.015113350003957748,0.0006773800123482943,0.004259319975972176,0.035689450800418854,0.055415935814380646,0.02533695660531521,0.055265817791223526,0.013115203939378262,0.041677117347717285,0.032462481409311295,0.06786302477121353,2.044428413228161e-07,4.221281869831728e-06,0.006040096282958984,0.02330181747674942,0.03409099206328392,0.10347915440797806,0.4291709363460541,0.19599056243896484,0.4234166741371155,0.1883118897676468,0.6916286945343018,1.0,0.07369048148393631,0.0,0.15430383384227753,0.0,0.0803760513663292,0.0,2,7
NGSIM,MoE_OpenLoop,73,230,369,369,36.9,0.5251105427742004,0.6557535529136658,7.514636993408203,8.566645622253418,0.7167138457298279,0,-1,0,0,0.0,2.0,369,2.0345098972320557,0,0.0,0,0.0,0,10.783105850219727,0.0732080340385437,0.17136363685131073,0.0,0.45931974053382874,0.17892388999462128,0.7398374080657959,0.18873201310634613,0.23892928659915924,0.20596206188201904,0.20259793102741241,0.23082898557186127,0.013550135307013988,0.014041201211512089,0.08011900633573532,0.0,0.034872058779001236,0.12666015326976776,0.0,0.027229055762290955,0.11374885588884354,0.04065040498971939,0.0,0.0,0.0,0.009306036867201328,0.024205282330513,0.0487452857196331,0.0773085281252861,0.01741430163383484,0.028125129640102386,0.030487066134810448,0.06114665046334267,0.006325816735625267,0.03664083033800125,1.0730967225924815e-09,4.4388057673927506e-09,3.0620219693133777e-09,1.4707904227861945e-08,0.0,0.0,0.4563186466693878,0.1854313164949417,0.4314027726650238,0.1701558530330658,0.7009390592575073,1.0,0.07222458720207214,0.0,0.14988066256046295,0.0,0.07695519924163818,0.0,2,7
NGSIM,MoE_OpenLoop,73,231,623,623,62.300000000000004,0.646564781665802,0.8605047464370728,2.46105694770813,3.1306989192962646,0.5376948714256287,0,-1,1,403,0.6468699839486356,2.0,623,1.4263091087341309,0,0.0,0,0.0,0,6.399984359741211,0.0,0.0,0.0,0.4545547068119049,0.1732110232114792,0.646869957447052,0.11367746442556381,0.20379115641117096,0.025682182982563972,0.16929425299167633,0.22550652921199799,0.03210273012518883,0.11407238990068436,0.20821894705295563,0.12038522958755493,0.03224056214094162,0.12311439961194992,0.03531300276517868,0.11616078019142151,0.21192799508571625,0.13964687287807465,0.0,0.0,0.0,0.0,0.0,0.029616210609674454,0.029336173087358475,0.01508584339171648,0.05445017293095589,0.01745094731450081,0.040557611733675,0.022955678403377533,0.056549400091171265,1.6455638274237572e-07,2.7644491638056934e-06,1.3878758409191505e-06,4.59256989415735e-06,0.0,0.0,0.4826808571815491,0.16649624705314636,0.43220895528793335,0.15998230874538422,0.674839198589325,1.0,0.07507964223623276,0.0,0.17312245070934296,0.0,0.07695872336626053,0.0,1,6
NGSIM,MoE_OpenLoop,73,232,269,269,26.900000000000002,0.6996485590934753,0.8787494897842407,3.760908842086792,3.9913461208343506,0.6134774684906006,0,-1,1,26,0.09665427509293681,2.0,269,1.8871976137161255,0,0.0,0,0.0,0,11.684871673583984,0.1161588579416275,0.2124699056148529,0.1598512977361679,0.4211267828941345,0.20489250123500824,0.613382875919342,0.054538264870643616,0.1569206416606903,0.0706319734454155,0.1518755406141281,0.21632768213748932,0.0037174720782786608,0.0,0.0,0.0,0.18629595637321472,0.2403160035610199,0.15241636335849762,0.07000475376844406,0.17002210021018982,0.0,0.0,0.0,0.0,0.005279614124447107,0.011688015423715115,0.042928893119096756,0.04938175156712532,0.007760230451822281,0.026133716106414795,0.02860916778445244,0.05225708708167076,0.0,0.0,1.1726174165005432e-07,5.667889695359918e-07,0.020853696390986443,0.061402224004268646,0.0,0.0,0.43888023495674133,0.2056131213903427,0.4556879997253418,0.16632679104804993,0.7122623920440674,1.0,0.071921207010746,0.0,0.13808415830135345,0.0,0.07773235440254211,0.0,2,7
NGSIM,MoE_OpenLoop,73,233,475,475,47.5,0.4034365713596344,0.5521591901779175,1.2401572465896606,1.5554598569869995,0.41757333278656006,0,-1,1,233,0.4905263157894737,2.0,475,1.7854666709899902,0,0.0,0,0.0,0,9.909214973449707,0.017738502472639084,0.08690249919891357,0.0,0.2626439929008484,0.2561599016189575,0.31368422508239746,0.11360372602939606,0.2109411507844925,0.1621052622795105,0.23155349493026733,0.24635085463523865,0.16421052813529968,0.0,0.0,0.0,0.12492145597934723,0.21377967298030853,0.06947368383407593,0.24953897297382355,0.2514186501502991,0.2905263304710388,0.0,0.0,0.0,0.0009462903253734112,0.004664520733058453,0.022523842751979828,0.03944087773561478,0.014676645398139954,0.03486896678805351,0.038736116141080856,0.07566621154546738,0.0,0.0,2.1707526798309118e-07,1.6703245364624308e-06,0.00030497999978251755,0.003925975412130356,0.0,0.0,0.49290016293525696,0.19511231780052185,0.4299117922782898,0.18456457555294037,0.688916802406311,1.0,0.07288467139005661,0.0,0.1633649319410324,0.0,0.07483365386724472,0.0,0,5
NGSIM,MoE_OpenLoop,73,234,266,266,26.6,0.7084990739822388,0.9947525858879089,2.892615795135498,3.5133843421936035,0.8693076968193054,0,-1,1,72,0.2706766917293233,2.0,266,1.7307703495025635,0,0.0,0,0.0,0,9.565232276916504,0.0970284715294838,0.19936247169971466,0.1315789520740509,0.47899097204208374,0.14141511917114258,0.7330827116966248,0.06101542338728905,0.15945439040660858,0.007518797181546688,0.12549345195293427,0.20613326132297516,0.0,0.09202510863542557,0.18902915716171265,0.030075188726186752,0.0,0.0,0.0,0.14544659852981567,0.22387658059597015,0.09774436056613922,0.0,0.0,0.0,0.0030810190364718437,0.007665561977773905,0.031216800212860107,0.029115982353687286,0.0037650233134627342,0.012464125640690327,0.02383529581129551,0.04775768518447876,0.022843386977910995,0.05557629093527794,0.0,0.0,0.008510444313287735,0.030763013288378716,0.0,0.0,0.40817394852638245,0.21756108105182648,0.49857380986213684,0.19898752868175507,0.6948829293251038,1.0,0.07234721630811691,0.0,0.15892261266708374,0.0,0.07384727150201797,0.0,2,7
NGSIM,MoE_OpenLoop,73,235,294,294,29.400000000000002,0.6997995972633362,0.9092554450035095,1.027929425239563,1.1949924230575562,0.5559457540512085,0,-1,1,3,0.01020408163265306,2.0,294,1.9976400136947632,0,0.0,0,0.0,0,8.457045555114746,0.039573729038238525,0.1327606588602066,0.0,0.22697915136814117,0.2534696161746979,0.2857142984867096,0.3067346513271332,0.24791379272937775,0.380952388048172,0.06556433439254761,0.1653064340353012,0.027210883796215057,0.2281511276960373,0.24617832899093628,0.2312925159931183,0.13299690186977386,0.21947604417800903,0.07482992857694626,0.0,0.0,0.0,0.0,0.0,0.0,0.005127080250531435,0.01771629974246025,0.01868567429482937,0.03549477085471153,0.024251429364085197,0.035522330552339554,0.02552085369825363,0.07931002229452133,0.0594632662832737,0.08638462424278259,1.1808356958908917e-08,9.981304316397654e-08,0.0,0.0,0.0,0.0,0.4251864552497864,0.16956524550914764,0.44176483154296875,0.1367792785167694,0.70403653383255,1.0,0.07148037850856781,0.0,0.14757224917411804,0.0,0.0769108235836029,0.0,2,7
NGSIM,MoE_OpenLoop,73,236,227,227,22.700000000000003,0.6440517902374268,0.8236108422279358,0.6683629751205444,0.942287027835846,0.37799692153930664,0,-1,1,227,1.0,2.0,227,1.8463833332061768,0,0.0,0,0.0,0,24.953317642211914,0.0,0.0,0.0,0.4445076286792755,0.16397696733474731,0.541850209236145,0.11277969926595688,0.20697028934955597,0.11013215780258179,0.0,0.0,0.0,0.4036352336406708,0.19560977816581726,0.3480176329612732,0.0,0.0,0.0,0.0390775166451931,0.13315780460834503,0.0,0.0,0.0,0.0,0.0,0.0,0.028852352872490883,0.015725046396255493,0.006519971881061792,0.015312975272536278,0.0,0.0,0.1608879566192627,0.17010019719600677,0.0,0.0,2.3720020630828287e-13,8.368014397727719e-13,0.0,0.0,0.4545438885688782,0.17337259650230408,0.34919577836990356,0.15967337787151337,0.6927556991577148,1.0,0.07446017116308212,0.0,0.15501578152179718,0.0,0.07776844501495361,0.0,0,5
NGSIM,MoE_OpenLoop,73,237,477,477,47.7,0.5240691304206848,0.6500602960586548,6.367486476898193,8.233892440795898,0.8067244291305542,0,-1,1,85,0.17819706498951782,2.0,477,1.5819947719573975,0,0.0,0,0.0,0,7.706323146820068,0.013516893610358238,0.07775425165891647,0.0,0.1763424128293991,0.24384474754333496,0.26834380626678467,0.24100127816200256,0.25101253390312195,0.23899370431900024,0.073259636759758,0.1738554984331131,0.020964359864592552,0.18086478114128113,0.23672159016132355,0.08805031329393387,0.17695499956607819,0.23794688284397125,0.1802935004234314,0.12638181447982788,0.22180971503257751,0.20335429906845093,0.011678195558488369,0.07269707322120667,0.0,0.00036736507900059223,0.0021331864409148693,0.016251087188720703,0.037884633988142014,0.018238669261336327,0.029774140566587448,0.01540388073772192,0.048279255628585815,0.05443122237920761,0.08774644136428833,1.0909900538536021e-06,1.058547422871925e-05,0.00331284012645483,0.02204097807407379,0.003046628786250949,0.02467147447168827,0.41843584179878235,0.20108459889888763,0.47051137685775757,0.1648552268743515,0.7077561616897583,1.0,0.07135126739740372,0.0,0.14331796765327454,0.0,0.07757478207349777,0.0,1,6
NGSIM,MoE_OpenLoop,73,238,185,185,18.5,0.5207628607749939,0.7090784907341003,7.01869010925293,9.221508979797363,0.9221152067184448,0,-1,0,0,0.0,2.0,185,3.422375202178955,0,0.0,0,0.0,0,27.175745010375977,0.0,0.0,0.0,0.0,0.0,0.0,0.42372971773147583,0.18688569962978363,0.45945945382118225,0.0,0.0,0.0,0.3585900664329529,0.21845348179340363,0.2756756842136383,0.21768012642860413,0.24948549270629883,0.26486486196517944,0.0,0.0,0.0,0.0,0.0,0.0,0.0,0.0,0.0,0.0,0.016278265044093132,0.01619919016957283,0.0,0.0,0.08531483262777328,0.07435388118028641,3.3691078525383434e-15,1.275680746475917e-14,0.0,0.0,0.0,0.0,0.4201608896255493,0.1330881118774414,0.47824594378471375,0.08056177943944931,0.7374579906463623,1.0,0.06972064077854156,0.0,0.10809358209371567,0.0,0.0847276821732521,0.0,2,7
NGSIM,MoE_OpenLoop,73,239,503,503,50.300000000000004,0.7844544053077698,1.039897084236145,10.16877555847168,11.30038833618164,0.8728253841400146,0,-1,1,167,0.3320079522862823,2.0,503,1.6910629272460938,0,0.0,0,0.0,0,8.135159492492676,0.05815910920500755,0.1611940860748291,0.07554671913385391,0.3793293237686157,0.23522324860095978,0.6322067379951477,0.2303992062807083,0.24373839795589447,0.14115308225154877,0.1636931449174881,0.22651895880699158,0.07157057523727417,0.06030603498220444,0.15942853689193726,0.0,0.10237137973308563,0.20058520138263702,0.07952286303043365,0.0057418388314545155,0.05225877836346626,0.0,0.0,0.0,0.0,0.003255702555179596,0.01031449530273676,0.021795328706502914,0.0225079208612442,0.02136671356856823,0.03410724923014641,0.04278241842985153,0.08567875623703003,0.02058994211256504,0.06892643868923187,2.07212647040933e-08,2.005610753030851e-07,0.0026340943295508623,0.023996619507670403,0.0,0.0,0.47464486956596375,0.21074041724205017,0.41293084621429443,0.19974082708358765,0.6910915970802307,1.0,0.07224278151988983,0.0,0.1631016880273819,0.0,0.0735640600323677,0.0,2,7
NGSIM,MoE_OpenLoop,73,240,268,268,26.8,0.7116159796714783,0.9863275289535522,2.5624444484710693,3.2808139324188232,1.0368857383728027,0,-1,1,3,0.011194029850746268,2.0,268,1.992957592010498,0,0.0,0,0.0,0,8.310932159423828,0.0,0.0,0.0,0.47945448756217957,0.13786813616752625,0.6865671873092651,0.12497352808713913,0.21442680060863495,0.07835821062326431,0.18846069276332855,0.22987613081932068,0.02985074557363987,0.11770828813314438,0.21029026806354523,0.11194030195474625,0.04072965309023857,0.1362006664276123,0.018656715750694275,0.048673272132873535,0.14850281178951263,0.07089552283287048,0.0,0.0,0.0,0.0,0.0,0.020415959879755974,0.014571303501725197,0.01421090867370367,0.029531944543123245,0.028521033003926277,0.06878078728914261,0.027313202619552612,0.055970340967178345,1.937297966492224e-08,1.0591588761599269e-07,2.4348345561975293e-09,7.857526185262032e-09,0.0,0.0,0.4641317129135132,0.16539788246154785,0.44540733098983765,0.15822911262512207,0.6925378441810608,1.0,0.07248600572347641,0.0,0.15862971544265747,0.0,0.0763465091586113,0.0,0,5
NGSIM,MoE_OpenLoop,73,241,367,367,36.7,0.6092650890350342,0.7914241552352905,8.95938777923584,10.098556518554688,0.6776074171066284,0,-1,0,0,0.0,2.0,367,2.132699728012085,0,0.0,0,0.0,0,10.34280776977539,0.02970055676996708,0.11494260281324387,0.0,0.2931770384311676,0.25718218088150024,0.3896457850933075,0.3044527471065521,0.2506031095981598,0.42234331369400024,0.10516349226236343,0.19654330611228943,0.04087193310260773,0.15113036334514618,0.22395122051239014,0.07356948405504227,0.09272710233926773,0.1928333342075348,0.07356948405504227,0.023648595437407494,0.10418238490819931,0.0,0.0,0.0,0.0,0.004484362900257111,0.021700672805309296,0.027777012437582016,0.053386181592941284,0.028123434633016586,0.033050548285245895,0.03229245916008949,0.07671508193016052,0.04910821467638016,0.08007361739873886,2.1820567575048244e-10,1.0801557426276531e-09,0.003102193120867014,0.02184339612722397,0.0,0.0,0.4201063811779022,0.20158714056015015,0.4350060820579529,0.183126300573349,0.7129160165786743,1.0,0.07040257006883621,0.0,0.14076223969459534,0.0,0.07591940462589264,0.0,0,5
NGSIM,MoE_OpenLoop,73,242,150,150,15.0,0.6043450832366943,0.7543295621871948,1.1256065368652344,1.4301905632019043,0.5282630324363708,0,-1,1,150,1.0,2.0,150,1.4602640867233276,0,0.0,0,0.0,0,13.536455154418945,0.0,0.0,0.0,0.20036938786506653,0.2454649806022644,0.2133333384990692,0.2507987320423126,0.24098259210586548,0.006666666828095913,0.14281152188777924,0.22532378137111664,0.11999999731779099,0.0,0.0,0.0,0.029421040788292885,0.11646303534507751,0.0,0.3765993118286133,0.2272281050682068,0.6600000262260437,0.0,0.0,0.0,0.0,0.0,0.012950953096151352,0.019978035241365433,0.027504848316311836,0.034615468233823776,0.019321883097290993,0.04111647978425026,0.0,0.0,1.4427056882482248e-08,1.2259926052138326e-07,2.7188976403635934e-08,8.008515806068317e-08,0.0,0.0,0.48743849992752075,0.19694474339485168,0.4527837634086609,0.1977693885564804,0.6655431389808655,1.0,0.07352355867624283,0.0,0.19064801931381226,0.0,0.07028551399707794,0.0,1,6
NGSIM,MoE_OpenLoop,73,243,148,148,14.8,0.5663245916366577,0.697978675365448,6.504315376281738,8.290521621704102,1.099579930305481,0,-1,0,0,0.0,2.0,148,2.035374879837036,0,0.0,0,0.0,0,12.740803718566895,0.0,0.0,0.0,0.5336596965789795,0.047229066491127014,0.9797297120094299,0.2753235101699829,0.2276080995798111,0.0,0.08562880009412766,0.1776636242866516,0.013513513840734959,0.1020030751824379,0.19421632587909698,0.0,0.003384925192221999,0.04104003682732582,0.006756756920367479,0.0,0.0,0.0,0.0,0.0,0.0,0.0,0.0,0.0420563705265522,0.05414839833974838,0.03137718513607979,0.0540582537651062,0.019177546724677086,0.053802840411663055,0.01056621503084898,0.023432474583387375,1.0824572488354889e-10,1.31240962542023e-09,0.0,0.0,0.0,0.0,0.46983662247657776,0.16216060519218445,0.42698612809181213,0.1809978038072586,0.7060201168060303,1.0,0.07101111114025116,0.0,0.14696799218654633,0.0,0.07600104808807373,0.0,1,6
NGSIM,MoE_OpenLoop,73,244,543,543,54.300000000000004,0.5657616257667542,0.739248514175415,3.7070555686950684,4.000690460205078,0.459139347076416,0,-1,1,466,0.858195211786372,2.0,543,1.3828171491622925,0,0.0,0,0.0,0,6.800815582275391,0.0,0.0,0.0,0.37954825162887573,0.23211123049259186,0.5524861812591553,0.10279341787099838,0.19750423729419708,0.040515653789043427,0.2558283507823944,0.23954415321350098,0.13443830609321594,0.07382652163505554,0.17514155805110931,0.049723755568265915,0.044173046946525574,0.13880516588687897,0.016574585810303688,0.14383041858673096,0.2308887243270874,0.2062615156173706,0.0,0.0,0.0,0.0,0.0,0.024928564205765724,0.027667999267578125,0.016068264842033386,0.04636048153042793,0.04386741295456886,0.06998717784881592,0.014221538789570332,0.04828609898686409,1.7141901480499655e-05,0.0003602521028369665,0.00013446455704979599,0.0031098925974220037,0.0,0.0,0.46959835290908813,0.22759674489498138,0.431164413690567,0.2195354700088501,0.6685934662818909,1.0,0.07464608550071716,0.0,0.18358495831489563,0.0,0.07317543774843216,0.0,1,6
NGSIM,MoE_OpenLoop,73,245,549,549,54.900000000000006,0.5482276082038879,0.7637988924980164,4.383092403411865,5.869717121124268,0.9838284850120544,0,-1,1,27,0.04918032786885246,2.0,549,1.9236820936203003,0,0.0,0,0.0,0,8.581277847290039,0.018469104543328285,0.09262999892234802,0.0,0.3545312285423279,0.24705728888511658,0.6429872512817383,0.24576207995414734,0.24429075419902802,0.15846994519233704,0.11755992472171783,0.20723898708820343,0.061930783092975616,0.12824170291423798,0.21214857697486877,0.0018214936135336757,0.067652627825737,0.17013093829154968,0.05282331630587578,0.06778303533792496,0.1717495173215866,0.08014571666717529,0.0,0.0,0.0,0.001814798335544765,0.011990034021437168,0.0243050679564476,0.038056954741477966,0.02766937017440796,0.050259899348020554,0.016504550352692604,0.04837919399142265,0.03968975692987442,0.07652010023593903,2.8743455615654057e-08,3.912315094112273e-07,5.63200996950286e-09,1.710957597822471e-08,0.0,0.0,0.44302764534950256,0.19718897342681885,0.44698870182037354,0.18829193711280823,0.7000226378440857,1.0,0.07206223160028458,0.0,0.15100863575935364,0.0,0.07690639048814774,0.0,0,5
NGSIM,MoE_OpenLoop,73,246,500,500,50.0,0.6021645069122314,0.7773744463920593,2.378188133239746,2.9948222637176514,0.7381105422973633,0,-1,1,17,0.034,2.0,500,1.9470692873001099,0,0.0,0,0.0,0,8.329468727111816,0.0,0.0,0.0,0.3790964186191559,0.22766666114330292,0.5260000228881836,0.2417573183774948,0.2480727732181549,0.20399999618530273,0.143789142370224,0.2188175618648529,0.029999999329447746,0.09888565540313721,0.19790202379226685,0.1120000034570694,0.06559712439775467,0.16681645810604095,0.02199999988079071,0.07087430357933044,0.17568743228912354,0.10599999874830246,0.0,0.0,0.0,0.0,0.0,0.017253655940294266,0.01487712562084198,0.01418902724981308,0.02339049056172371,0.020897217094898224,0.054240886121988297,0.027039552107453346,0.06366317719221115,5.16919484994105e-09,2.1428263607958797e-08,1.4106866785823513e-08,4.890672400392759e-08,0.0,0.0,0.4515446424484253,0.15305134654045105,0.4690759479999542,0.1347363144159317,0.7086073160171509,1.0,0.07110102474689484,0.0,0.14175942540168762,0.0,0.07853195071220398,0.0,1,6
NGSIM,MoE_OpenLoop,73,247,329,329,32.9,0.6078468561172485,0.7601155638694763,1.0917540788650513,1.287980556488037,0.5313363671302795,0,-1,0,0,0.0,2.0,329,2.9988672733306885,0,0.0,0,0.0,0,12.600189208984375,0.0711415559053421,0.1701841503381729,0.021276595070958138,0.13260945677757263,0.21646344661712646,0.13373860716819763,0.2402966320514679,0.25167927145957947,0.26139816641807556,0.0,0.0,0.0,0.26627761125564575,0.24688638746738434,0.14589665830135345,0.12912903726100922,0.22620774805545807,0.24012157320976257,0.14118626713752747,0.23050332069396973,0.1975683867931366,0.019359402358531952,0.09183475375175476,0.0,0.005330742336809635,0.015517397783696651,0.004701104015111923,0.008107606321573257,0.013673295266926289,0.021975481882691383,0.0,0.0,0.08338999003171921,0.08517597615718842,1.0132500741222294e-11,1.2933795701108863e-10,0.053489599376916885,0.12623243033885956,0.01112297922372818,0.053719449788331985,0.361593097448349,0.1711510717868805,0.46669915318489075,0.12328098714351654,0.7367456555366516,1.0,0.07024696469306946,0.0,0.10752391070127487,0.0,0.08548340946435928,0.0,2,7
NGSIM,MoE_OpenLoop,73,248,194,194,19.400000000000002,0.4965096712112427,0.6555634140968323,5.686835765838623,7.909493923187256,1.0226973295211792,0,-1,0,0,0.0,2.0,194,2.6685307025909424,0,0.0,0,0.0,0,9.054067611694336,0.0,0.0,0.0,0.20031771063804626,0.2471349686384201,0.21134020388126373,0.3639274537563324,0.22938716411590576,0.4793814420700073,0.0,0.0,0.0,0.3808736503124237,0.2068161815404892,0.2835051417350769,0.05488109588623047,0.15354667603969574,0.025773195549845695,0.0,0.0,0.0,0.0,0.0,0.0,0.0,0.0,0.0068581802770495415,0.009014759212732315,0.02773335948586464,0.025896910578012466,0.0,0.0,0.13613493740558624,0.08820564299821854,1.0322261101425312e-10,4.573433853849451e-10,0.0,0.0,0.0,0.0,0.3184511661529541,0.1634957641363144,0.5108224153518677,0.12013666331768036,0.7160581350326538,1.0,0.0702219232916832,0.0,0.13552311062812805,0.0,0.07819700241088867,0.0,1,6
NGSIM,MoE_OpenLoop,73,249,495,495,49.5,0.6172779202461243,0.793120265007019,2.714371919631958,3.132969379425049,0.6820581555366516,0,-1,1,188,0.3797979797979798,2.0,495,1.210250973701477,0,0.0,0,0.0,0,2.4907760620117188,0.0,0.0,0.0,0.33097290992736816,0.2520960867404938,0.49696969985961914,0.13995148241519928,0.2219526767730713,0.072727270424366,0.1166052520275116,0.19968442618846893,0.0,0.11940734833478928,0.2124355435371399,0.12525252997875214,0.008927065879106522,0.0656113401055336,0.002020202111452818,0.19921383261680603,0.2473251074552536,0.3030303120613098,0.0849219337105751,0.185246080160141,0.0,0.0,0.0,0.040803175419569016,0.07406829297542572,0.030960053205490112,0.06607705354690552,0.01675952784717083,0.035992659628391266,0.04354950040578842,0.09134123474359512,7.950746407914266e-07,8.055651051108725e-06,0.0150751993060112,0.048169806599617004,0.03324688971042633,0.09587115049362183,0.41732853651046753,0.20346741378307343,0.4022761881351471,0.19111888110637665,0.7032807469367981,1.0,0.07251070439815521,0.0,0.14383557438850403,0.0,0.08037301152944565,0.0,1,6
NGSIM,MoE_OpenLoop,73,250,624,624,62.400000000000006,0.5458522439002991,0.7434494495391846,4.3049397468566895,4.856258869171143,0.4952447712421417,0,-1,1,292,0.46794871794871795,2.0,624,1.195845127105713,0,0.0,0,0.0,0,1.8904130458831787,0.0,0.0,0.0,0.18693411350250244,0.25114139914512634,0.2884615361690521,0.17061689496040344,0.2363765835762024,0.13621795177459717,0.12060418725013733,0.20564334094524384,0.022435897961258888,0.12837666273117065,0.21706902980804443,0.13942307233810425,0.11291133612394333,0.20714940130710602,0.056089743971824646,0.2089299112558365,0.25062376260757446,0.32692307233810425,0.07162699848413467,0.1744781732559204,0.03044871799647808,0.0,0.0,0.01290237158536911,0.02639586105942726,0.022297771647572517,0.04371727630496025,0.018587104976177216,0.04657040536403656,0.030443625524640083,0.06818842887878418,9.192915058520157e-06,6.59564248053357e-05,0.005551829934120178,0.013506664894521236,0.039741139858961105,0.11276201903820038,0.4666612446308136,0.195030078291893,0.40380603075027466,0.18815220892429352,0.6913006901741028,1.0,0.07278887182474136,0.0,0.15847443044185638,0.0,0.07743578404188156,0.0,0,5
NGSIM,MoE_OpenLoop,73,251,693,693,69.3,0.5446346998214722,0.7177523970603943,6.527585506439209,7.7479143142700195,0.5444692373275757,0,-1,1,267,0.3852813852813853,2.0,687,1.60958731174469,6,0.008658008658008658,0,0.0,0,1.1689337491989136,0.002556807827204466,0.033557940274477005,0.0,0.36601242423057556,0.24277444183826447,0.60317462682724,0.11581285297870636,0.20407846570014954,0.03030303120613098,0.09768771380186081,0.18754903972148895,0.0,0.10788700729608536,0.20374970138072968,0.07503607869148254,0.005757932085543871,0.05328226089477539,0.005772005766630173,0.16669665277004242,0.2366257607936859,0.27272728085517883,0.13758859038352966,0.22148646414279938,0.012987012974917889,0.00014577870024368167,0.0019159686053171754,0.03145020455121994,0.05092308297753334,0.019151801243424416,0.05070827901363373,0.013702926225960255,0.04326077550649643,0.02826836332678795,0.0665910542011261,4.465020140287379e-07,6.281502010097029e-06,0.016209140419960022,0.036611251533031464,0.08952254801988602,0.17396940290927887,0.4496912956237793,0.18221205472946167,0.35185718536376953,0.19954583048820496,0.6948262453079224,1.0,0.07381773740053177,0.0,0.1448616087436676,0.0,0.0864945724606514,0.0,0,5
NGSIM,MoE_OpenLoop,73,252,455,455,45.5,0.7019367814064026,0.8984244465827942,3.8850934505462646,4.647668361663818,0.5904857516288757,0,-1,1,153,0.3362637362637363,2.0,455,1.4139834642410278,0,0.0,0,0.0,0,8.826966285705566,0.0,0.0,0.0,0.22823695838451385,0.2605363130569458,0.35384616255760193,0.30147358775138855,0.2447895109653473,0.33186814188957214,0.1795441061258316,0.2327268123626709,0.06373626738786697,0.012299921363592148,0.07473688572645187,0.0,0.1692035049200058,0.23547537624835968,0.14065934717655182,0.10924182832241058,0.2060943990945816,0.10989011079072952,0.0,0.0,0.0,0.0,0.0,0.013779421336948872,0.022125298157334328,0.03281201422214508,0.0476786270737648,0.0337098129093647,0.07509958744049072,0.0033509787172079086,0.024288292974233627,7.719989980614628e-09,4.80116355561222e-08,1.8828342263077502e-07,9.937530194292776e-07,0.0,0.0,0.47585344314575195,0.20991912484169006,0.4404938817024231,0.1980808824300766,0.6869112849235535,1.0,0.07167989015579224,0.0,0.16976362466812134,0.0,0.07164544612169266,0.0,1,6
NGSIM,MoE_OpenLoop,73,253,277,277,27.700000000000003,0.6607336401939392,0.8504432439804077,3.8279385566711426,4.6738386154174805,0.7233877778053284,0,-1,1,196,0.7075812274368231,2.0,277,1.4782743453979492,0,0.0,0,0.0,0,16.133071899414062,0.0,0.0,0.0,0.2626993656158447,0.2563951313495636,0.3826714754104614,0.2269369661808014,0.24322760105133057,0.11913357675075531,0.10747934877872467,0.2002185732126236,0.0,0.1592104285955429,0.2373420000076294,0.2779783308506012,0.0,0.0,0.0,0.24367380142211914,0.2501988410949707,0.22021660208702087,0.0,0.0,0.0,0.0,0.0,0.02641870453953743,0.04245975986123085,0.02046038769185543,0.03214767202734947,0.024657607078552246,0.05282728001475334,0.07187484204769135,0.13454678654670715,0.0,0.0,1.1983963821293742e-09,3.844054408119746e-09,0.0,0.0,0.4323823153972626,0.1949051171541214,0.4242059886455536,0.19705630838871002,0.6808322668075562,1.0,0.0745101049542427,0.0,0.16924366354942322,0.0,0.07541404664516449,0.0,2,7
NGSIM,MoE_OpenLoop,73,254,305,305,30.5,0.6451572179794312,0.8367713093757629,4.606088638305664,6.070558547973633,0.6310790777206421,0,-1,1,118,0.38688524590163936,2.0,305,1.7817236185073853,0,0.0,0,0.0,0,7.795520305633545,0.0,0.0,0.0,0.30421730875968933,0.2590079605579376,0.5213114619255066,0.2332899272441864,0.24549901485443115,0.22295081615447998,0.14147400856018066,0.22058066725730896,0.06557376682758331,0.09031910449266434,0.1864425092935562,0.0,0.13586890697479248,0.2204175889492035,0.055737704038619995,0.09483068436384201,0.19784562289714813,0.13442623615264893,0.0,0.0,0.0,0.0,0.0,0.01362729910761118,0.014046695083379745,0.02313358522951603,0.03590019792318344,0.01348432619124651,0.035995159298181534,0.022054241970181465,0.05215125530958176,9.148763524535752e-07,7.852075214032084e-06,1.3872423210159468e-08,3.810016124816684e-08,0.0,0.0,0.4365938901901245,0.19426096975803375,0.4911055266857147,0.1724386066198349,0.6799260377883911,1.0,0.07329689711332321,0.0,0.17212985455989838,0.0,0.07464693486690521,0.0,1,6
NGSIM,MoE_OpenLoop,73,255,327,327,32.7,0.5480665564537048,0.7110263109207153,8.08147144317627,8.678914070129395,0.8234443068504333,0,-1,1,8,0.024464831804281346,2.0,327,1.9789044857025146,0,0.0,0,0.0,0,3.334669589996338,0.09570951014757156,0.19607166945934296,0.11620794981718063,0.367236465215683,0.22682425379753113,0.44954127073287964,0.07577526569366455,0.17630253732204437,0.0,0.0,0.0,0.0,0.23270957171916962,0.24994120001792908,0.25076451897621155,0.0,0.0,0.0,0.1478329300880432,0.22788874804973602,0.1834862381219864,0.08073629438877106,0.18157030642032623,0.0,0.00890516396611929,0.02246561273932457,0.07046886533498764,0.10158161073923111,0.01954784244298935,0.06298162043094635,0.0,0.0,0.05826275050640106,0.07912556827068329,0.0,0.0,0.012226727791130543,0.0422591008245945,0.039035260677337646,0.11047370731830597,0.35623496770858765,0.18808305263519287,0.435318261384964,0.16535598039627075,0.7043995261192322,1.0,0.0730603039264679,0.0,0.14081613719463348,0.0,0.0817239060997963,0.0,0,5
NGSIM,MoE_OpenLoop,73,256,185,185,18.5,0.5982751250267029,0.7472715377807617,2.690119504928589,3.383237838745117,0.40091460943222046,0,-1,1,87,0.4702702702702703,2.0,185,1.4025185108184814,0,0.0,0,0.0,0,11.513315200805664,0.0,0.0,0.0,0.02982676774263382,0.1186361238360405,0.0324324332177639,0.2871898412704468,0.25076571106910706,0.4378378391265869,0.12275735288858414,0.21344447135925293,0.0810810774564743,0.010677041485905647,0.07182291150093079,0.0,0.1870674192905426,0.23991458117961884,0.15675675868988037,0.36248165369033813,0.22396749258041382,0.2918919026851654,0.0,0.0,0.0,0.0,0.0,0.0020377319306135178,0.008717537857592106,0.03667658567428589,0.06060929596424103,0.02600140869617462,0.06407730281352997,0.0014168394263833761,0.01073711458593607,5.9447716012073215e-06,3.6164037737762555e-05,5.653391781379469e-07,9.863792911346536e-07,0.0,0.0,0.4591010808944702,0.19713838398456573,0.47476017475128174,0.18456757068634033,0.6811361908912659,1.0,0.07267846167087555,0.0,0.17355793714523315,0.0,0.07262764871120453,0.0,1,6
NGSIM,MoE_OpenLoop,73,257,614,614,61.400000000000006,0.6422828435897827,0.8246115446090698,2.7262449264526367,3.2946338653564453,0.9136736392974854,0,-1,1,5,0.008143322475570033,2.0,614,1.985641598701477,0,0.0,0,0.0,0,3.954896926879883,0.050178781151771545,0.14470693469047546,0.0,0.28466832637786865,0.2603306770324707,0.45928338170051575,0.21274316310882568,0.25016123056411743,0.24429967999458313,0.05057128146290779,0.1459888368844986,0.008143322542309761,0.13394556939601898,0.21577616035938263,0.05211726203560829,0.10668431222438812,0.2039562165737152,0.09771987050771713,0.10030196607112885,0.20071235299110413,0.1384364813566208,0.06090671941637993,0.16090431809425354,0.0,0.0026009369175881147,0.010145330801606178,0.030988190323114395,0.05250885710120201,0.027144400402903557,0.05027712509036064,0.015377866104245186,0.04889591410756111,0.0426221527159214,0.08079037815332413,7.39409742323005e-08,8.01818487161654e-07,0.005713900551199913,0.027615902945399284,0.021129541099071503,0.07306479662656784,0.3813024163246155,0.2052983194589615,0.47312065958976746,0.17246335744857788,0.7077615261077881,1.0,0.07142316550016403,0.0,0.14231441915035248,0.0,0.0785011500120163,0.0,2,7
NGSIM,MoE_OpenLoop,73,258,578,578,57.800000000000004,0.6216325759887695,0.7601465582847595,3.1915524005889893,3.999884843826294,0.5628653764724731,0,-1,1,134,0.23183391003460208,2.0,578,1.6658849716186523,0,0.0,0,0.0,0,2.2475922107696533,0.0,0.0,0.0,0.3305397033691406,0.2550133168697357,0.5467128157615662,0.1677398681640625,0.22904428839683533,0.031141867861151695,0.054916709661483765,0.14677773416042328,0.0,0.2295713573694229,0.24643781781196594,0.2006920427083969,0.0,0.0,0.0,0.1257515698671341,0.21944266557693481,0.21453286707401276,0.0914807990193367,0.19089464843273163,0.0069204154424369335,0.0,0.0,0.02562803216278553,0.03726881369948387,0.023471033200621605,0.04542925953865051,0.008077682927250862,0.024858778342604637,0.0722287967801094,0.09945505112409592,0.0,0.0,0.008557654917240143,0.026081373915076256,0.037480439990758896,0.10210413485765457,0.41009411215782166,0.2010265737771988,0.41446226835250854,0.1776326447725296,0.7030101418495178,1.0,0.07199394702911377,0.0,0.14632648229599,0.0,0.07866911590099335,0.0,0,5
NGSIM,MoE_OpenLoop,73,259,528,528,52.800000000000004,0.6600201725959778,0.8304603695869446,6.606250762939453,8.148215293884277,0.8869706988334656,0,-1,0,0,0.0,2.0,528,2.210787296295166,0,0.0,0,0.0,0,7.501471042633057,0.0605657733976841,0.16040490567684174,0.02651515230536461,0.16914883255958557,0.23844239115715027,0.2026515156030655,0.2938547134399414,0.24762964248657227,0.2670454680919647,0.01902582310140133,0.09349731355905533,0.0,0.20236322283744812,0.24532395601272583,0.24053029716014862,0.11865929514169693,0.2120715081691742,0.10984848439693451,0.11862660944461823,0.21550332009792328,0.15340909361839294,0.017755869776010513,0.08949064463376999,0.0,0.0023932927288115025,0.0065978518687188625,0.03353040665388107,0.07402871549129486,0.023996910080313683,0.04028346389532089,0.004221557639539242,0.025399206206202507,0.06567728519439697,0.10936064273118973,4.156263955223949e-08,6.173680731080822e-07,0.017034437507390976,0.05506310611963272,0.006368276663124561,0.04089026153087616,0.38484692573547363,0.20075830817222595,0.4619303345680237,0.15959058701992035,0.7239985466003418,1.0,0.07003491371870041,0.0,0.12737171351909637,0.0,0.07859445363283157,0.0,2,7
NGSIM,MoE_OpenLoop,73,260,213,213,21.3,0.6263091564178467,0.7632954120635986,1.5918161869049072,2.169656753540039,0.5892102122306824,0,-1,1,213,1.0,2.0,213,1.5030696392059326,0,0.0,0,0.0,0,21.992101669311523,0.0,0.0,0.0,0.49162134528160095,0.10970291495323181,0.9014084339141846,0.1086350828409195,0.20152400434017181,0.0,0.0,0.0,0.0,0.39974358677864075,0.18655511736869812,0.09859155118465424,0.0,0.0,0.0,0.0,0.0,0.0,0.0,0.0,0.0,0.0,0.0,0.047747012227773666,0.0239320807158947,0.006474810186773539,0.015851274132728577,0.0,0.0,0.20070941746234894,0.18017077445983887,0.0,0.0,0.0,0.0,0.0,0.0,0.34434300661087036,0.15795858204364777,0.4007256031036377,0.15600910782814026,0.6785690784454346,1.0,0.07631022483110428,0.0,0.16745099425315857,0.0,0.0776696726679802,0.0,1,6
NGSIM,MoE_OpenLoop,73,261,424,424,42.400000000000006,0.6418893933296204,0.8253485560417175,6.245782852172852,7.224303245544434,0.6630551815032959,0,-1,1,254,0.5990566037735849,2.0,424,1.6291857957839966,0,0.0,0,0.0,0,4.912765979766846,0.0,0.0,0.0,0.4521808624267578,0.18970343470573425,0.7971698045730591,0.1898794174194336,0.23580612242221832,0.04009433835744858,0.2267492115497589,0.23022806644439697,0.0,0.05129081383347511,0.15270347893238068,0.07547169923782349,0.043876733630895615,0.13988125324249268,0.02358490601181984,0.036022983491420746,0.13055580854415894,0.06367924809455872,0.0,0.0,0.0,0.0,0.0,0.03071056865155697,0.03374146297574043,0.03030015528202057,0.05811922252178192,0.040491316467523575,0.07019738107919693,0.013034974224865437,0.0490056574344635,2.14070018955681e-06,2.5146835469058715e-05,0.0008052364573813975,0.006403736304491758,0.0,0.0,0.49515432119369507,0.21508796513080597,0.3895012140274048,0.19629178941249847,0.6860367655754089,1.0,0.07304875552654266,0.0,0.1666892021894455,0.0,0.07422533631324768,0.0,2,7
NGSIM,MoE_OpenLoop,73,262,379,379,37.9,0.6799203157424927,0.9474706649780273,6.983800888061523,8.629145622253418,0.9679937362670898,0,-1,1,145,0.38258575197889183,2.0,379,1.22186279296875,0,0.0,0,0.0,0,7.093908309936523,0.0,0.0,0.0,0.3051093816757202,0.2569841742515564,0.5039578080177307,0.2665628492832184,0.2487470656633377,0.2955145239830017,0.1262872964143753,0.21261216700077057,0.07651714980602264,0.12042135000228882,0.20830273628234863,0.0,0.1491088569164276,0.2288365364074707,0.12401055544614792,0.0325104296207428,0.11981512606143951,0.0,0.0,0.0,0.0,0.0,0.0,0.016071461141109467,0.01989506185054779,0.02768825553357601,0.04872128367424011,0.013243559747934341,0.033970288932323456,0.03606633096933365,0.08010038733482361,4.607670689438237e-09,3.328090514287396e-08,2.2901970169186825e-06,1.4955820915929507e-05,0.0,0.0,0.46010056138038635,0.19948019087314606,0.44682738184928894,0.18018293380737305,0.6800621747970581,1.0,0.073627769947052,0.0,0.17119596898555756,0.0,0.07511404901742935,0.0,2,7
NGSIM,MoE_OpenLoop,73,263,512,512,51.2,0.6367291212081909,0.8397224545478821,2.636937141418457,3.4447181224823,0.7602836489677429,0,-1,1,308,0.6015625,2.0,512,1.304020643234253,0,0.0,0,0.0,0,8.003582000732422,0.0,0.0,0.0,0.3240223526954651,0.26213711500167847,0.55859375,0.13164067268371582,0.21702232956886292,0.095703125,0.27806708216667175,0.23281656205654144,0.16015625,0.0,0.0,0.0,0.1284102350473404,0.21467745304107666,0.01953125,0.13785973191261292,0.22596977651119232,0.166015625,0.0,0.0,0.0,0.0,0.0,0.01971817947924137,0.023770898580551147,0.019471824169158936,0.03969071805477142,0.047492701560258865,0.07071409374475479,0.0,0.0,1.8070209080178756e-06,1.0066091817861889e-05,1.0800721383930068e-06,3.6677581647381885e-06,0.0,0.0,0.510830283164978,0.2233804613351822,0.40248414874076843,0.2046605497598648,0.6761965155601501,1.0,0.07336950302124023,0.0,0.17802296578884125,0.0,0.07241110503673553,0.0,1,6
NGSIM,MoE_OpenLoop,73,264,503,503,50.300000000000004,0.5349227786064148,0.6782916784286499,2.0418546199798584,2.700917959213257,0.4031990170478821,0,-1,1,253,0.5029821073558648,2.0,503,1.3303529024124146,0,0.0,0,0.0,0,7.235816478729248,0.0,0.0,0.0,0.2751239836215973,0.2542112469673157,0.30218687653541565,0.15592369437217712,0.2338210642337799,0.17495030164718628,0.18666300177574158,0.23802445828914642,0.180914506316185,0.07986576110124588,0.1810789704322815,0.051689859479665756,0.1497386395931244,0.22759881615638733,0.09542743861675262,0.15268491208553314,0.23107610642910004,0.1948310136795044,0.0,0.0,0.0,0.0,0.0,0.01586606353521347,0.022878393530845642,0.0186021625995636,0.044186923652887344,0.03014264814555645,0.056869737803936005,0.019011354073882103,0.04815790429711342,1.6128503830259433e-06,1.8853817891795188e-05,0.00023039929510559887,0.002780152950435877,0.0,0.0,0.48183926939964294,0.2163795679807663,0.43430644273757935,0.19408634305000305,0.6789641380310059,1.0,0.07291866093873978,0.0,0.17563585937023163,0.0,0.07248120754957199,0.0,0,5
NGSIM,MoE_OpenLoop,73,265,277,277,27.700000000000003,0.6926816701889038,0.88848477602005,4.729343414306641,6.73356819152832,0.7984578609466553,0,-1,1,142,0.5126353790613718,2.0,277,1.1618613004684448,0,0.0,0,0.0,0,11.6780366897583,0.0,0.0,0.0,0.1730368733406067,0.23795633018016815,0.15162454545497894,0.15787003934383392,0.22577360272407532,0.0,0.06310838460922241,0.16076113283634186,0.0,0.26829320192337036,0.2562215030193329,0.38989168405532837,0.06509999930858612,0.16326481103897095,0.0,0.2725914418697357,0.2564846873283386,0.4584837555885315,0.0,0.0,0.0,0.0,0.0,0.00728769414126873,0.010911401361227036,0.022344015538692474,0.03604407608509064,0.005177520215511322,0.014798285439610481,0.0886598750948906,0.10299895703792572,3.1827125894778874e-06,1.893842636491172e-05,3.7038873301753483e-07,9.541633971821284e-07,0.0,0.0,0.373679518699646,0.19636379182338715,0.5028479099273682,0.16695675253868103,0.6748374700546265,1.0,0.07374361902475357,0.0,0.17839986085891724,0.0,0.0730186253786087,0.0,2,7
NGSIM,MoE_OpenLoop,73,266,179,179,17.900000000000002,0.34515488147735596,0.48559483885765076,7.78069543838501,9.914501190185547,1.0519464015960693,0,-1,0,0,0.0,2.0,179,4.272671699523926,0,0.0,0,0.0,0,33.148502349853516,0.0,0.0,0.0,0.17381198704242706,0.2169743925333023,0.0,0.24786224961280823,0.24657458066940308,0.07821229100227356,0.0,0.0,0.0,0.0026652098167687654,0.03555833548307419,0.0,0.5239502191543579,0.04643808677792549,0.9217877388000488,0.051710523664951324,0.15008039772510529,0.0,0.0,0.0,0.0,0.0,0.0,0.0062754591926932335,0.008064128458499908,0.004600405227392912,0.009045878425240517,0.0,0.0,0.0009940335294231772,0.013262060470879078,2.70718014926943e-14,7.960858805933918e-14,2.882819376552777e-14,2.1177764403246258e-13,0.0,0.0,0.5106871724128723,0.03704989701509476,0.47744306921958923,0.0340576171875,0.749812126159668,1.0,0.07023556530475616,0.0,0.08564860373735428,0.0,0.09430384635925293,0.0,0,5
NGSIM,MoE_OpenLoop,73,267,173,173,17.3,0.47828325629234314,0.6726203560829163,3.949371099472046,4.204123497009277,0.5640491843223572,0,-1,1,50,0.28901734104046245,2.0,173,1.6902697086334229,0,0.0,0,0.0,0,6.230069160461426,0.0,0.0,0.0,0.2740713655948639,0.26379287242889404,0.47398844361305237,0.3169388175010681,0.23701773583889008,0.21387283504009247,0.1437954604625702,0.2168254554271698,0.0,0.2417045533657074,0.25173142552375793,0.31213873624801636,0.0028898329474031925,0.03789980337023735,0.0,0.020600004121661186,0.09355578571557999,0.0,0.0,0.0,0.0,0.0,0.0,0.028925569728016853,0.04045384004712105,0.0223529189825058,0.02392502874135971,0.03609592095017433,0.06998872011899948,0.02772475965321064,0.037969063967466354,8.104748161485986e-08,1.0629277085172362e-06,0.002209368161857128,0.010899336077272892,0.0,0.0,0.5292797684669495,0.15582360327243805,0.35341158509254456,0.15667571127414703,0.7122958302497864,1.0,0.07137726247310638,0.0,0.13771949708461761,0.0,0.07860737293958664,0.0,2,7
NGSIM,MoE_OpenLoop,73,268,360,360,36.0,0.7489345073699951,0.9654716849327087,1.4409477710723877,1.7178220748901367,0.5527985095977783,0,-1,1,51,0.14166666666666666,2.0,360,1.7971969842910767,0,0.0,0,0.0,0,9.514261245727539,0.026066342368721962,0.11043469607830048,0.0,0.33479875326156616,0.2508334815502167,0.5277777910232544,0.10637068003416061,0.20238904654979706,0.07500000298023224,0.2846280634403229,0.23855891823768616,0.1944444477558136,0.058893632143735886,0.15785102546215057,0.0,0.1797609180212021,0.24058721959590912,0.20277777314186096,0.009481639601290226,0.06733868271112442,0.0,0.0,0.0,0.0,0.0020994488149881363,0.008981389924883842,0.026834866032004356,0.03587330877780914,0.007792797405272722,0.020895076915621758,0.07892964780330658,0.1216728463768959,0.013334115035831928,0.040756095200777054,1.5901498784387513e-08,6.808875241404166e-08,2.3253563737236785e-15,1.7962497469796966e-14,0.0,0.0,0.5022715926170349,0.20121528208255768,0.3687375783920288,0.18217913806438446,0.6960877180099487,1.0,0.07181383669376373,0.0,0.15840396285057068,0.0,0.07369434088468552,0.0,2,7
NGSIM,MoE_OpenLoop,73,269,827,827,82.7,0.5680702924728394,0.7555124163627625,2.2044179439544678,2.7226433753967285,0.6378089785575867,0,-1,1,254,0.30713422007255137,2.0,827,1.2698272466659546,0,0.0,0,0.0,0,1.533056378364563,0.0022582265082746744,0.03239518031477928,0.0,0.30940866470336914,0.25711289048194885,0.4969770312309265,0.15443776547908783,0.22512799501419067,0.04715840518474579,0.07621374726295471,0.171867236495018,0.0,0.140199214220047,0.22278282046318054,0.12091898173093796,0.06038317456841469,0.1610189974308014,0.02055622823536396,0.18024347722530365,0.2441224306821823,0.3047158420085907,0.07685558497905731,0.17803128063678741,0.009673519060015678,9.995913569582626e-05,0.0014345032395794988,0.024884192273020744,0.04046563431620598,0.024411998689174652,0.05276690796017647,0.009730271063745022,0.029207106679677963,0.04880055412650108,0.08905386924743652,1.06320794657222e-05,0.000212735467357561,0.010391258634626865,0.031237768009305,0.04216865822672844,0.11355655640363693,0.4192792773246765,0.20732703804969788,0.420223206281662,0.19085700809955597,0.6959794759750366,1.0,0.07293175160884857,0.0,0.15083304047584534,0.0,0.08025552332401276,0.0,0,5
NGSIM,MoE_OpenLoop,73,270,580,580,58.0,0.6623378396034241,0.8846877813339233,2.4020743370056152,3.0379996299743652,0.6579973697662354,0,-1,1,335,0.5775862068965517,2.0,580,1.2350417375564575,0,0.0,0,0.0,0,6.973029136657715,0.0,0.0,0.0,0.4425755441188812,0.19669148325920105,0.7465517520904541,0.23406819999217987,0.23941050469875336,0.10517241060733795,0.12493538856506348,0.20533311367034912,0.0017241379246115685,0.09887872636318207,0.19580045342445374,0.06379310041666031,0.06935050338506699,0.1709558516740799,0.0258620698004961,0.030191665515303612,0.12100113928318024,0.056896552443504333,0.0,0.0,0.0,0.0,0.0,0.02210329845547676,0.021867912262678146,0.0240553617477417,0.04087105020880699,0.016790838912129402,0.03542450815439224,0.023963678628206253,0.0551566481590271,1.1731556696759071e-05,0.0001366603682981804,4.143851413118682e-07,7.117814675439149e-06,0.0,0.0,0.4675963819026947,0.20293256640434265,0.4454786777496338,0.18400786817073822,0.6780550479888916,1.0,0.07337073236703873,0.0,0.17579074203968048,0.0,0.07278358936309814,0.0,2,7
NGSIM,MoE_OpenLoop,73,271,394,394,39.400000000000006,0.6298625469207764,0.7830100059509277,2.96624755859375,3.866130828857422,0.648794949054718,0,-1,0,0,0.0,2.0,394,2.3363616466522217,0,0.0,0,0.0,0,18.452547073364258,0.06266684830188751,0.16444624960422516,0.0482233501970768,0.1009233146905899,0.20011499524116516,0.09137056022882462,0.4073806703090668,0.20126640796661377,0.5532994866371155,0.026093877851963043,0.10997326672077179,0.0,0.15141920745372772,0.2262345552444458,0.08121827244758606,0.24284744262695312,0.2505931854248047,0.22081218659877777,0.008668611757457256,0.06447925418615341,0.005076142027974129,0.0,0.0,0.0,0.0033486976753920317,0.009773927740752697,0.01059296540915966,0.03248097375035286,0.019361555576324463,0.02143201045691967,0.015736734494566917,0.07147999852895737,0.050005488097667694,0.09296601265668869,9.606875017720284e-11,5.539414482669258e-10,1.2552786873918764e-14,1.102328813082018e-13,0.0,0.0,0.44311004877090454,0.18650858104228973,0.45784470438957214,0.15955552458763123,0.7245296835899353,1.0,0.06978506594896317,0.0,0.12701331079006195,0.0,0.07867199927568436,0.0,2,7
NGSIM,MoE_OpenLoop,73,272,312,312,31.200000000000003,0.5739690661430359,0.7234435677528381,1.009186029434204,1.1710835695266724,0.46734383702278137,0,-1,1,143,0.4583333333333333,2.0,312,1.4558250904083252,0,0.0,0,0.0,0,7.833238124847412,0.0,0.0,0.0,0.33314964175224304,0.25159502029418945,0.5320512652397156,0.23461753129959106,0.24782982468605042,0.1955128163099289,0.14352808892726898,0.22050200402736664,0.044871795922517776,0.06892067939043045,0.16577878594398499,0.0,0.12881337106227875,0.21769723296165466,0.13141025602817535,0.09097079187631607,0.19248247146606445,0.09615384787321091,0.0,0.0,0.0,0.0,0.0,0.016021728515625,0.017634166404604912,0.025794604793190956,0.04244380444288254,0.020798400044441223,0.050166014581918716,0.0205977912992239,0.053991612046957016,2.8509111871244386e-07,2.3158681869972497e-06,3.246939783707603e-08,2.1375279857238638e-07,0.0,0.0,0.47882378101348877,0.198619544506073,0.4379635751247406,0.18203827738761902,0.6789648532867432,1.0,0.07198835909366608,0.0,0.17843523621559143,0.0,0.07061121612787247,0.0,0,5
NGSIM,MoE_OpenLoop,73,273,167,167,16.7,0.6103567481040955,0.8019852638244629,2.091013193130493,2.7966196537017822,0.6532691121101379,0,-1,1,21,0.12574850299401197,2.0,167,1.9008634090423584,0,0.0,0,0.0,0,10.121578216552734,0.059361450374126434,0.15240277349948883,0.0,0.2761726975440979,0.2684291899204254,0.473053902387619,0.23491862416267395,0.24528583884239197,0.1497005969285965,0.13975359499454498,0.217220738530159,0.04790419340133667,0.06015223264694214,0.16308146715164185,0.08383233845233917,0.1261713057756424,0.21767409145832062,0.16167664527893066,0.1034701019525528,0.2010936141014099,0.07784431427717209,0.0,0.0,0.0,0.001865940517745912,0.004906869027763605,0.02458016388118267,0.03722566366195679,0.02772332914173603,0.07293188571929932,0.058816976845264435,0.10176155716180801,0.024902140721678734,0.07787556946277618,7.68085595126422e-09,3.506342594050693e-08,2.2459223600890255e-06,1.6953808881225996e-05,0.0,0.0,0.44976264238357544,0.21243397891521454,0.41234666109085083,0.18256761133670807,0.7011791467666626,1.0,0.0723215863108635,0.0,0.15158532559871674,0.0,0.07491418719291687,0.0,0,5
NGSIM,MoE_OpenLoop,73,274,267,267,26.700000000000003,0.9350977540016174,1.1834959983825684,3.615694999694824,3.9645395278930664,0.8782540559768677,0,-1,1,128,0.4794007490636704,2.0,267,1.5355409383773804,0,0.0,0,0.0,0,4.1525559425354,0.0,0.0,0.0,0.2788347005844116,0.254529744386673,0.37078651785850525,0.18201589584350586,0.23923072218894958,0.11610487103462219,0.10915075242519379,0.20097556710243225,0.033707864582538605,0.16156822443008423,0.23447158932685852,0.1760299652814865,0.06307543069124222,0.165167436003685,0.05243445560336113,0.17069116234779358,0.23957134783267975,0.2509363293647766,0.03466380015015602,0.12524324655532837,0.0,0.0,0.0,0.025854360312223434,0.04190153628587723,0.0300176702439785,0.054228346794843674,0.01425033900886774,0.030042549595236778,0.045501913875341415,0.08432818949222565,1.124516438721912e-05,5.207823414821178e-05,0.005499368999153376,0.023478813469409943,0.01980157569050789,0.08138023316860199,0.4309457242488861,0.22235645353794098,0.4281177818775177,0.18400204181671143,0.6925160884857178,1.0,0.0716858059167862,0.0,0.1623322069644928,0.0,0.07346582412719727,0.0,0,5
NGSIM,MoE_OpenLoop,73,275,366,366,36.6,0.6762397885322571,0.8217803239822388,2.4561374187469482,3.0143351554870605,0.6929296851158142,0,-1,1,127,0.3469945355191257,2.0,366,1.617327094078064,0,0.0,0,0.0,0,8.577553749084473,0.036950018256902695,0.13095466792583466,0.04918032884597778,0.34652966260910034,0.24891214072704315,0.4972677528858185,0.18167756497859955,0.23926086723804474,0.16393442451953888,0.2561110258102417,0.23665469884872437,0.11748633533716202,0.0,0.0,0.0,0.12248148769140244,0.21612077951431274,0.1666666716337204,0.056250184774398804,0.156242236495018,0.005464480724185705,0.0,0.0,0.0,0.0006356504163704813,0.002408624393865466,0.02517198957502842,0.027573686093091965,0.024638306349515915,0.04559580609202385,0.06503303349018097,0.0879174992442131,0.0,0.0,6.089166504352761e-08,4.64471980876624e-07,2.531052867293937e-10,1.2397376458750387e-09,0.0,0.0,0.48186060786247253,0.22983784973621368,0.40266045928001404,0.2192375361919403,0.6874850392341614,1.0,0.07257970422506332,0.0,0.1674083024263382,0.0,0.07252731174230576,0.0,2,7
NGSIM,MoE_OpenLoop,73,276,283,283,28.3,0.3819195628166199,0.49060556292533875,6.155374526977539,6.680431365966797,0.46372947096824646,0,-1,0,0,0.0,2.0,283,2.4157586097717285,0,0.0,0,0.0,0,18.388038635253906,0.11550302058458328,0.2117050439119339,0.11660777032375336,0.06751219928264618,0.1742975115776062,0.09540636092424393,0.3622472286224365,0.22770720720291138,0.41342756152153015,0.039281588047742844,0.13215982913970947,0.01413427572697401,0.15531836450099945,0.22951605916023254,0.1236749142408371,0.18046115338802338,0.23865020275115967,0.16607773303985596,0.07967638969421387,0.1809798628091812,0.07067137956619263,0.0,0.0,0.0,0.006768490187823772,0.014443675987422466,0.009976369328796864,0.0378405787050724,0.027332695201039314,0.030104560777544975,0.002770403167232871,0.010350818745791912,0.04952443763613701,0.08437765389680862,2.1248976189713886e-10,4.944225584502249e-10,0.030486952513456345,0.08276182413101196,0.0,0.0,0.391806423664093,0.19453595578670502,0.4813344478607178,0.14969559013843536,0.7138962745666504,1.0,0.07126285880804062,0.0,0.13722659647464752,0.0,0.07761415094137192,0.0,1,6
NGSIM,MoE_OpenLoop,73,277,372,372,37.2,0.6002932190895081,0.806756854057312,2.2095773220062256,2.671334981918335,0.570043683052063,0,-1,0,0,0.0,2.0,372,2.1782734394073486,0,0.0,0,0.0,0,7.639984607696533,0.006132570095360279,0.05254528671503067,0.0,0.3046741783618927,0.25082719326019287,0.3978494703769684,0.2817421853542328,0.24354678392410278,0.10215053707361221,0.03601663187146187,0.1264118254184723,0.024193547666072845,0.3251018226146698,0.2398764193058014,0.47580644488334656,0.015966499224305153,0.08745410293340683,0.0,0.030366146937012672,0.11830227822065353,0.0,0.0,0.0,0.0,0.00024764123372733593,0.0021247912663966417,0.02190953865647316,0.03984421119093895,0.010530837811529636,0.02354685217142105,0.006449377629905939,0.0263577401638031,0.03579891473054886,0.06013684719800949,4.990823865291816e-10,2.779003693831328e-09,0.0040023913607001305,0.023493219166994095,0.0,0.0,0.44676709175109863,0.13858260214328766,0.47429436445236206,0.1227680891752243,0.7064411640167236,1.0,0.07243450731039047,0.0,0.1397763341665268,0.0,0.08134803175926208,0.0,1,6
NGSIM,MoE_OpenLoop,73,278,554,554,55.400000000000006,0.607911229133606,0.8257704973220825,7.28608512878418,7.949287414550781,0.7467852234840393,0,-1,1,25,0.04512635379061372,2.0,554,1.9162791967391968,0,0.0,0,0.0,0,3.87587308883667,0.055251508951187134,0.15293483436107635,0.0,0.3300154507160187,0.25619637966156006,0.47111913561820984,0.1497003436088562,0.22720135748386383,0.12635378539562225,0.15328015387058258,0.21711698174476624,0.05054151639342308,0.06172466650605202,0.16247007250785828,0.041516244411468506,0.07366951555013657,0.17955629527568817,0.08664260059595108,0.1543469876050949,0.23326459527015686,0.22382672131061554,0.02201152592897415,0.10125843435525894,0.0,0.0031617055647075176,0.009192745201289654,0.03666389733552933,0.07281710207462311,0.019522037357091904,0.04112924262881279,0.03487500920891762,0.08097236603498459,0.022211788222193718,0.06366328150033951,1.4510209700446808e-09,6.444788702708593e-09,0.048382289707660675,0.10338271409273148,0.013515733182430267,0.06885775178670883,0.4276237189769745,0.20399260520935059,0.394043892621994,0.18822486698627472,0.7142746448516846,1.0,0.07087907195091248,0.0,0.13796336948871613,0.0,0.07688330858945847,0.0,0,5
NGSIM,MoE_OpenLoop,73,279,595,595,59.5,0.5351929664611816,0.6979444622993469,5.412814617156982,6.732562065124512,0.5956099629402161,0,-1,1,70,0.11764705882352941,2.0,595,1.511339545249939,0,0.0,0,0.0,0,2.6453027725219727,0.0,0.0,0.0,0.1951444149017334,0.2524802088737488,0.30588236451148987,0.33362719416618347,0.23609359562397003,0.3529411852359772,0.0852099061012268,0.18331195414066315,0.0235294122248888,0.16023381054401398,0.23235392570495605,0.1731092482805252,0.1252834051847458,0.2148934155702591,0.06050420179963112,0.06322877109050751,0.16536185145378113,0.08403361588716507,0.03727255389094353,0.13031479716300964,0.0,0.0,0.0,0.009253865107893944,0.015607696957886219,0.031118864193558693,0.049519386142492294,0.01909353956580162,0.05490311607718468,0.036659594625234604,0.07706138491630554,1.2535490423459805e-09,1.2811119276534555e-08,0.0022007219959050417,0.009042810648679733,0.01708318665623665,0.07307851314544678,0.4643552005290985,0.1825709193944931,0.42023512721061707,0.16903816163539886,0.7031972408294678,1.0,0.07194358855485916,0.0,0.1462858021259308,0.0,0.07857384532690048,0.0,1,6
NGSIM,MoE_OpenLoop,73,280,132,132,13.200000000000001,0.8542916178703308,1.0324668884277344,9.09089183807373,12.396485328674316,2.1333415508270264,0,-1,1,132,1.0,2.0,132,1.3151487112045288,0,0.0,0,0.0,0,27.939645767211914,0.0,0.0,0.0,0.4943602681159973,0.04490097239613533,0.46212121844291687,0.0035173429641872644,0.040257830172777176,0.0,0.0,0.0,0.0,0.5021223425865173,0.01262351032346487,0.5378788113594055,0.0,0.0,0.0,0.0,0.0,0.0,0.0,0.0,0.0,0.0,0.0,0.03350778669118881,0.0186561681330204,0.00023229105863720179,0.00265869265422225,0.0,0.0,0.16603828966617584,0.08587943762540817,0.0,0.0,0.0,0.0,0.0,0.0,0.4546526074409485,0.2226812094449997,0.345568984746933,0.1940072923898697,0.664426863193512,1.0,0.07833414524793625,0.0,0.17909976840019226,0.0,0.07813920825719833,0.0,1,6
NGSIM,MoE_OpenLoop,73,281,588,588,58.800000000000004,0.6235353946685791,0.807757556438446,2.9595844745635986,4.1548171043396,0.6632488369941711,0,-1,1,195,0.33163265306122447,2.0,588,1.7202913761138916,0,0.0,0,0.0,0,4.978492736816406,0.008187729865312576,0.062257323414087296,0.0,0.3734588027000427,0.24073992669582367,0.6496598720550537,0.2711538076400757,0.24536150693893433,0.20578230917453766,0.11330637335777283,0.19731737673282623,0.001700680237263441,0.12448874115943909,0.21385732293128967,0.07823128998279572,0.06514125317335129,0.16538318991661072,0.010204081423580647,0.04426327347755432,0.14218489825725555,0.054421767592430115,0.0,0.0,0.0,0.00015759617963340133,0.0012141285696998239,0.022488046437501907,0.029935741797089577,0.032723382115364075,0.04710712656378746,0.023230481892824173,0.06418909877538681,0.03846028074622154,0.07555972039699554,6.733263724356675e-09,4.4075321170566895e-08,0.0005338557530194521,0.004831479396671057,0.0,0.0,0.44117289781570435,0.21719595789909363,0.441233366727829,0.1911127269268036,0.6960310339927673,1.0,0.07180369645357132,0.0,0.15721338987350464,0.0,0.07495193928480148,0.0,0,5
NGSIM,MoE_OpenLoop,73,282,266,266,26.6,0.7510672807693481,0.9012926816940308,6.189785003662109,6.607700347900391,0.7383474707603455,0,-1,1,101,0.37969924812030076,2.0,266,1.5979535579681396,0,0.0,0,0.0,0,14.142062187194824,0.0,0.0,0.0,0.2108037918806076,0.24739238619804382,0.17669172585010529,0.27591970562934875,0.24306154251098633,0.21804511547088623,0.14734093844890594,0.2287638783454895,0.19548872113227844,0.2540634572505951,0.2564455568790436,0.34962406754493713,0.0018111034296453,0.029482627287507057,0.0,0.11006096005439758,0.20627723634243011,0.060150377452373505,0.0,0.0,0.0,0.0,0.0,0.014686079695820808,0.02061581052839756,0.03691563382744789,0.04325707256793976,0.03281591832637787,0.06507869064807892,0.12615498900413513,0.14825256168842316,1.6164651839289945e-09,2.63141473055839e-08,1.9310377741277307e-09,9.598425165791014e-09,0.0,0.0,0.38506266474723816,0.21093054115772247,0.4043647348880768,0.17542628943920135,0.6849738955497742,1.0,0.07420549541711807,0.0,0.16463667154312134,0.0,0.07618377357721329,0.0,1,6
NGSIM,MoE_OpenLoop,73,283,448,448,44.800000000000004,0.6520708799362183,0.8457349538803101,3.538555383682251,4.457258224487305,0.7025269269943237,0,-1,1,6,0.013392857142857142,2.0,448,1.9922008514404297,0,0.0,0,0.0,0,8.160370826721191,0.0,0.0,0.0,0.4913003146648407,0.14290356636047363,0.859375,0.20106364786624908,0.24020466208457947,0.1026785746216774,0.15891848504543304,0.21464277803897858,0.0,0.1240953654050827,0.21127480268478394,0.03125,0.0,0.0,0.0,0.024622410535812378,0.10597952455282211,0.0066964286379516125,0.0,0.0,0.0,0.0,0.0,0.032768361270427704,0.036553967744112015,0.02120746113359928,0.03714856505393982,0.041403163224458694,0.08512946218252182,0.03951016440987587,0.07232186943292618,0.0,0.0,2.9433809345391637e-07,3.068751084356336e-06,0.0,0.0,0.4321492612361908,0.19045551121234894,0.4329614043235779,0.1721901148557663,0.6998186707496643,1.0,0.07217872142791748,0.0,0.15113456547260284,0.0,0.07686800509691238,0.0,0,5
NGSIM,MoE_OpenLoop,73,284,283,283,28.3,0.5631481409072876,0.7153136134147644,3.0160715579986572,3.54815411567688,0.6785168051719666,0,-1,0,0,0.0,2.0,283,2.338264226913452,0,0.0,0,0.0,0,8.060672760009766,0.0,0.0,0.0,0.48605045676231384,0.1072460487484932,0.7844523191452026,0.31323423981666565,0.23524676263332367,0.07067137956619263,0.0,0.0,0.0,0.1721765547990799,0.23485225439071655,0.10600706934928894,0.0,0.0,0.0,0.028538841754198074,0.11664940416812897,0.038869258016347885,0.0,0.0,0.0,0.0,0.0,0.03682976961135864,0.06610453873872757,0.03348495438694954,0.04466109722852707,0.0,0.0,0.0457470677793026,0.08360212296247482,0.0,0.0,0.0037449547089636326,0.03482959419488907,0.0,0.0,0.4303795099258423,0.15064312517642975,0.4498135447502136,0.14332452416419983,0.7270386219024658,1.0,0.07005318999290466,0.0,0.12082675844430923,0.0,0.08208182454109192,0.0,1,6
NGSIM,MoE_OpenLoop,73,285,517,517,51.7,0.7158406376838684,0.8918185234069824,1.7732315063476562,2.4155261516571045,0.6431764364242554,0,-1,1,131,0.25338491295938104,2.0,517,1.8406257629394531,0,0.0,0,0.0,0,7.4197468757629395,0.07252884656190872,0.17232640087604523,0.04835589975118637,0.3942778408527374,0.231754332780838,0.6382978558540344,0.23619480431079865,0.2466738522052765,0.20502901077270508,0.09729278087615967,0.18636636435985565,0.0,0.04594593495130539,0.14048334956169128,0.011605415493249893,0.11124014854431152,0.20354141294956207,0.023210830986499786,0.04251972585916519,0.1411946415901184,0.07350096851587296,0.0,0.0,0.0,0.002509398851543665,0.007879548706114292,0.03244193643331528,0.03778359666466713,0.03066547028720379,0.04804621636867523,0.020852399989962578,0.05577072873711586,0.01348930038511753,0.04755350202322006,3.6141052817129093e-08,2.234595228856051e-07,4.546923282333637e-09,1.848253461389504e-08,0.0,0.0,0.41392701864242554,0.2206479161977768,0.48611438274383545,0.20543548464775085,0.6914593577384949,1.0,0.0729246512055397,0.0,0.1605219841003418,0.0,0.0750938355922699,0.0,0,5
NGSIM,MoE_OpenLoop,73,286,354,354,35.4,0.5362445712089539,0.710849940776825,4.97568416595459,5.360084533691406,0.48679348826408386,0,-1,1,21,0.059322033898305086,2.0,354,1.9318372011184692,0,0.0,0,0.0,0,9.410470008850098,0.14149338006973267,0.22295373678207397,0.15819208323955536,0.2727007567882538,0.2687511146068573,0.44632768630981445,0.06139704957604408,0.16547030210494995,0.08757062256336212,0.260666161775589,0.23610323667526245,0.05649717524647713,0.0,0.0,0.0,0.06946592032909393,0.171466663479805,0.03954802080988884,0.19427675008773804,0.2431897222995758,0.2118644118309021,0.0,0.0,0.0,0.014851105399429798,0.033431150019168854,0.026026995852589607,0.047122664749622345,0.01212319266051054,0.04579000920057297,0.04612129181623459,0.07761888206005096,0.0,0.0,3.110074331402757e-08,2.4342045890080044e-07,0.009672132320702076,0.05129239708185196,0.0,0.0,0.5150394439697266,0.20144538581371307,0.3761659264564514,0.18023234605789185,0.7028789520263672,1.0,0.07191939651966095,0.0,0.14935317635536194,0.0,0.07584843784570694,0.0,1,6
NGSIM,MoE_OpenLoop,73,287,232,232,23.200000000000003,0.5413012504577637,0.7033259868621826,2.303352117538452,2.662841796875,0.5408086180686951,0,-1,1,18,0.07758620689655173,2.0,232,1.817392349243164,0,0.0,0,0.0,0,12.096440315246582,0.13986241817474365,0.22205625474452972,0.125,0.38435763120651245,0.22147464752197266,0.4784482717514038,0.0,0.0,0.0,0.1959047168493271,0.23151607811450958,0.0,0.0,0.0,0.0,0.21254026889801025,0.25989583134651184,0.3965517282485962,0.06733501702547073,0.16536250710487366,0.0,0.0,0.0,0.0,0.008891822770237923,0.01609320193529129,0.03179639205336571,0.028862185776233673,0.0,0.0,0.05798347294330597,0.10579102486371994,0.0,0.0,3.124588920933036e-10,1.9993706690257795e-09,2.759649647538745e-15,1.4040711207087032e-14,0.0,0.0,0.5861091017723083,0.1643439084291458,0.3152194917201996,0.14359433948993683,0.7156239151954651,1.0,0.07191953808069229,0.0,0.13274690508842468,0.0,0.07970962673425674,0.0,2,7
NGSIM,MoE_OpenLoop,73,288,533,533,53.300000000000004,0.6344233155250549,0.8105814456939697,4.104402542114258,5.18664026260376,0.6933272480964661,0,-1,1,49,0.09193245778611632,2.0,533,1.4610252380371094,0,0.0,0,0.0,0,6.9483208656311035,0.03045981004834175,0.11495523899793625,0.0,0.30944833159446716,0.259024441242218,0.508442759513855,0.3209599256515503,0.24243947863578796,0.4183864891529083,0.06566904485225677,0.1613144427537918,0.0018761726096272469,0.09737927466630936,0.19446346163749695,0.0469043143093586,0.1673588901758194,0.2306012511253357,0.022514071315526962,0.008724689483642578,0.06320842355489731,0.0,0.0,0.0,0.0,0.0015549288364127278,0.006320329383015633,0.026895545423030853,0.04640047624707222,0.02968304045498371,0.043851859867572784,0.018951524049043655,0.056555308401584625,0.030341994017362595,0.06932812929153442,6.712165045996699e-09,6.474805047673726e-08,3.016912387465709e-06,3.186523463227786e-05,0.0,0.0,0.4044378995895386,0.19699637591838837,0.4881322681903839,0.18784372508525848,0.7054267525672913,1.0,0.0717526450753212,0.0,0.14608637988567352,0.0,0.0767342671751976,0.0,0,5
