dataset,model,seed,event_id,available_future_steps,horizon_steps,horizon_seconds,mae_acc,rmse_acc,mae_spacing,rmse_spacing,mae_speed,collision,collision_step,unsafe_event,unsafe_frames,unsafe_frame_rate,unsafe_thw_threshold_seconds,thw_moving_frames,minimum_predicted_thw,negative_speed_attempts,negative_speed_attempt_rate,overspeed_attempts,overspeed_attempt_rate,numerical_failure,minimum_predicted_spacing,evaluation_gpu_local,evaluation_gpu_physical
SH,GM,73,0,156,156,15.600000000000001,0.40415671467781067,0.5270437002182007,5.679331302642822,6.786701202392578,1.4787241220474243,0,-1,0,0,0.0,2.0,156,8.66187858581543,0,0.0,0,0.0,0,11.589747428894043,1,6
SH,GM,73,1,142,142,14.200000000000001,0.21524128317832947,0.26761093735694885,1.616895079612732,1.8424036502838135,0.32356274127960205,0,-1,0,0,0.0,2.0,142,2.1346027851104736,0,0.0,0,0.0,0,1.6795296669006348,1,6
SH,GM,73,2,291,291,29.1,0.4219226837158203,0.5269851684570312,7.328141689300537,7.845529556274414,0.7115392088890076,0,-1,1,158,0.5429553264604811,2.0,291,1.2555385828018188,0,0.0,0,0.0,0,2.5751850605010986,0,5
SH,GM,73,3,418,418,41.800000000000004,0.4213394224643707,0.49948668479919434,11.572248458862305,14.54323673248291,4.7881293296813965,1,66,1,66,0.15789473684210525,2.0,66,0.0,0,0.0,0,0.0,0,0.0,2,7
SH,GM,73,4,265,265,26.5,0.3078078329563141,0.3876030445098877,7.665231227874756,9.644617080688477,0.8375640511512756,0,-1,1,122,0.46037735849056605,2.0,265,1.6459882259368896,0,0.0,0,0.0,0,2.410853385925293,1,6
SH,GM,73,5,310,310,31.0,0.30105480551719666,0.3802720904350281,14.892943382263184,17.416107177734375,0.9902026653289795,0,-1,1,291,0.9387096774193548,2.0,310,0.9691184163093567,0,0.0,0,0.0,0,20.365402221679688,2,7
SH,GM,73,6,173,173,17.3,0.39590418338775635,0.4523819088935852,10.960477828979492,12.246720314025879,1.040364146232605,0,-1,0,0,0.0,2.0,173,4.162552833557129,0,0.0,0,0.0,0,31.646961212158203,2,7
SH,GM,73,7,139,139,13.9,0.23120854794979095,0.30288034677505493,1.0188525915145874,1.6890984773635864,0.39502549171447754,0,-1,1,139,1.0,2.0,139,0.4922538697719574,0,0.0,0,0.0,0,5.596904754638672,2,7
SH,GM,73,8,494,494,49.400000000000006,0.3927798867225647,0.5293434858322144,33.274959564208984,40.5019416809082,2.5915286540985107,0,-1,0,0,0.0,2.0,494,2.725696086883545,0,0.0,0,0.0,0,2.8777847290039062,1,6
SH,GM,73,9,188,188,18.8,0.15935829281806946,0.19706080853939056,4.5638813972473145,6.76719856262207,0.926425039768219,0,-1,1,87,0.4627659574468085,2.0,188,1.4080755710601807,0,0.0,0,0.0,0,15.014418601989746,1,6
SH,GM,73,10,654,654,65.4,0.27557119727134705,0.3656134307384491,7.948951244354248,9.625883102416992,0.6527426242828369,0,-1,1,654,1.0,2.0,654,1.1267541646957397,0,0.0,0,0.0,0,19.289798736572266,2,7
SH,GM,73,11,143,143,14.3,0.48125725984573364,0.6681218147277832,3.1959753036499023,4.343661308288574,0.9426922798156738,0,-1,1,143,1.0,2.0,143,0.5586347579956055,0,0.0,0,0.0,0,7.08237361907959,2,7
SH,GM,73,12,165,165,16.5,0.19590477645397186,0.25170081853866577,14.443544387817383,18.295076370239258,2.195957899093628,0,-1,1,156,0.9454545454545454,2.0,165,1.4451148509979248,0,0.0,0,0.0,0,28.85036277770996,2,7
SH,GM,73,13,168,168,16.8,0.34763869643211365,0.4567977488040924,2.700033664703369,2.965085506439209,0.36219316720962524,0,-1,1,149,0.8869047619047619,2.0,168,1.5541738271713257,0,0.0,0,0.0,0,1.0443437099456787,1,6
SH,GM,73,14,161,161,16.1,0.33840876817703247,0.4475504755973816,4.0903544425964355,4.522886753082275,0.6370787024497986,0,-1,1,33,0.20496894409937888,2.0,161,1.6272404193878174,0,0.0,0,0.0,0,0.9811356663703918,2,7
SH,GM,73,15,133,133,13.3,0.26870211958885193,0.3555820882320404,3.5233051776885986,4.657922267913818,0.8488775491714478,0,-1,1,89,0.6691729323308271,2.0,133,1.1128982305526733,0,0.0,0,0.0,0,14.452558517456055,1,6
SH,GM,73,16,872,872,87.2,0.28559476137161255,0.372974157333374,4.315695285797119,5.508069038391113,0.591496467590332,0,-1,1,872,1.0,2.0,872,0.5012549757957458,0,0.0,0,0.0,0,7.830344200134277,0,5
SH,GM,73,17,666,666,66.60000000000001,0.2731049358844757,0.3588140606880188,2.26420259475708,2.85859751701355,0.462584912776947,0,-1,1,592,0.8888888888888888,2.0,666,1.3641337156295776,0,0.0,0,0.0,0,1.7198330163955688,1,6
SH,GM,73,18,221,221,22.1,0.28523358702659607,0.35360249876976013,2.003708839416504,2.4875099658966064,0.5348442196846008,0,-1,0,0,0.0,2.0,221,3.3518359661102295,0,0.0,0,0.0,0,4.305437088012695,2,7
SH,GM,73,19,174,174,17.400000000000002,0.27758902311325073,0.32969579100608826,3.886660099029541,4.482077121734619,0.5795398950576782,0,-1,1,174,1.0,2.0,174,1.3111960887908936,0,0.0,0,0.0,0,20.783323287963867,1,6
SH,GM,73,20,217,217,21.700000000000003,0.3609286844730377,0.46245378255844116,9.292291641235352,12.205947875976562,1.5160537958145142,0,-1,1,59,0.271889400921659,2.0,217,1.362615704536438,0,0.0,0,0.0,0,4.2694573402404785,0,5
SH,GM,73,21,210,210,21.0,0.12480096518993378,0.1578821986913681,1.30838942527771,2.014472007751465,0.31493720412254333,0,-1,1,210,1.0,2.0,210,0.8091328144073486,0,0.0,0,0.0,0,15.893780708312988,2,7
SH,GM,73,22,741,741,74.10000000000001,0.2851230204105377,0.3485131561756134,18.231271743774414,21.3492431640625,1.0559358596801758,0,-1,0,0,0.0,2.0,741,2.2172746658325195,0,0.0,0,0.0,0,15.143145561218262,2,7
SH,GM,73,23,167,167,16.7,0.32101908326148987,0.391851007938385,2.016643524169922,2.3954505920410156,0.41892579197883606,0,-1,1,167,1.0,2.0,167,1.25406813621521,0,0.0,0,0.0,0,4.474000453948975,1,6
SH,GM,73,24,354,354,35.4,0.3315083384513855,0.42759478092193604,2.072793960571289,2.895613431930542,0.31625106930732727,0,-1,1,307,0.867231638418079,2.0,354,1.520267367362976,0,0.0,0,0.0,0,0.8608118891716003,1,6
SH,GM,73,25,259,259,25.900000000000002,0.26254740357398987,0.32027268409729004,5.047250747680664,6.281400203704834,0.6260544061660767,0,-1,1,10,0.03861003861003861,2.0,259,1.9242740869522095,0,0.0,0,0.0,0,10.466413497924805,1,6
SH,GM,73,26,595,595,59.5,0.4589763283729553,0.6215678453445435,24.473901748657227,27.454008102416992,1.8666292428970337,0,-1,0,0,0.0,2.0,595,3.674736738204956,0,0.0,0,0.0,0,6.638030052185059,2,7
SH,GM,73,27,162,162,16.2,0.36683622002601624,0.41602596640586853,7.250891208648682,8.4389066696167,1.1097185611724854,0,-1,0,0,0.0,2.0,162,3.8965394496917725,0,0.0,0,0.0,0,38.4825325012207,1,6
SH,GM,73,28,143,143,14.3,0.5598069429397583,0.7602910399436951,1.6456679105758667,1.9891611337661743,0.5742356181144714,0,-1,1,143,1.0,2.0,143,0.596339762210846,0,0.0,0,0.0,0,1.6617164611816406,0,5
SH,GM,73,29,139,139,13.9,0.3075867295265198,0.34944668412208557,6.960556983947754,9.97870922088623,1.742225170135498,0,-1,0,0,0.0,2.0,139,5.869319915771484,0,0.0,0,0.0,0,27.960771560668945,0,5
SH,GM,73,30,185,185,18.5,0.42202481627464294,0.6018620133399963,1.4931037425994873,1.5964701175689697,0.3919621706008911,0,-1,1,154,0.8324324324324325,2.0,185,1.1443556547164917,0,0.0,0,0.0,0,5.742725372314453,2,7
SH,GM,73,31,166,166,16.6,0.34032338857650757,0.46087515354156494,1.790785312652588,2.094996452331543,0.6630464792251587,0,-1,1,166,1.0,2.0,166,0.9277305006980896,0,0.0,0,0.0,0,5.570367336273193,0,5
SH,GM,73,32,204,204,20.400000000000002,0.3045600950717926,0.38044610619544983,3.0398621559143066,3.48293137550354,0.8390623331069946,0,-1,0,0,0.0,2.0,204,2.4736194610595703,0,0.0,0,0.0,0,30.903636932373047,0,5
SH,GM,73,33,551,551,55.1,0.3899686634540558,0.5397630333900452,2.5017237663269043,3.637338161468506,0.7741026282310486,1,488,1,488,0.8856624319419237,2.0,488,0.0,0,0.0,0,0.0,0,0.0,1,6
SH,GM,73,34,143,143,14.3,0.49144142866134644,0.5972080826759338,2.7256317138671875,3.31693434715271,0.9033938050270081,0,-1,1,143,1.0,2.0,143,0.7906755805015564,0,0.0,0,0.0,0,9.84848690032959,1,6
SH,GM,73,35,152,152,15.200000000000001,0.1357034295797348,0.17853522300720215,1.9716662168502808,2.7202441692352295,0.4375952184200287,0,-1,1,75,0.4934210526315789,2.0,152,0.8026050925254822,0,0.0,0,0.0,0,7.6624345779418945,2,7
SH,GM,73,36,161,161,16.1,0.46537378430366516,0.6033630967140198,2.545789957046509,2.985318422317505,0.7923811078071594,0,-1,0,0,0.0,2.0,161,3.4526796340942383,0,0.0,0,0.0,0,4.430019378662109,0,5
SH,GM,73,37,231,231,23.1,0.15569736063480377,0.20351509749889374,1.6065388917922974,1.9213519096374512,0.4004976451396942,0,-1,1,231,1.0,2.0,231,0.8622592091560364,0,0.0,0,0.0,0,14.895695686340332,0,5
SH,GM,73,38,340,340,34.0,0.2917332351207733,0.37193775177001953,13.061197280883789,14.341285705566406,0.9043539762496948,0,-1,0,0,0.0,2.0,340,3.249335765838623,0,0.0,0,0.0,0,10.840709686279297,0,5
SH,GM,73,39,182,182,18.2,0.2152125984430313,0.28338220715522766,2.6271755695343018,3.328831672668457,0.9190817475318909,0,-1,1,139,0.7637362637362637,2.0,182,1.0915971994400024,0,0.0,0,0.0,0,6.847246170043945,0,5
SH,GM,73,40,274,274,27.400000000000002,0.21757742762565613,0.2625449597835541,3.4225046634674072,4.316728591918945,0.45998144149780273,0,-1,1,35,0.12773722627737227,2.0,274,1.9305258989334106,0,0.0,0,0.0,0,4.062044143676758,0,5
SH,GM,73,41,207,207,20.700000000000003,0.3030843436717987,0.38307443261146545,3.7493724822998047,4.762395858764648,0.9612636566162109,0,-1,1,146,0.7053140096618358,2.0,207,0.46054673194885254,0,0.0,0,0.0,0,2.1211659908294678,2,7
SH,GM,73,42,175,175,17.5,0.0732797235250473,0.10278119146823883,0.7649462819099426,1.0104172229766846,0.1958102434873581,0,-1,1,73,0.41714285714285715,2.0,175,1.730750560760498,0,0.0,0,0.0,0,32.33713912963867,0,5
SH,GM,73,43,147,147,14.700000000000001,0.649696946144104,0.8143444657325745,1.5954937934875488,1.8815051317214966,0.6480346918106079,0,-1,0,0,0.0,2.0,147,7.693288803100586,0,0.0,0,0.0,0,10.063647270202637,2,7
SH,GM,73,44,184,184,18.400000000000002,0.10453923046588898,0.1512795239686966,2.5080649852752686,3.2927582263946533,0.29384127259254456,0,-1,1,179,0.9728260869565217,2.0,184,1.7677861452102661,0,0.0,0,0.0,0,24.08885955810547,2,7
SH,GM,73,45,270,270,27.0,0.2755352556705475,0.37961313128471375,2.438004970550537,2.7287704944610596,0.6576440930366516,1,194,1,194,0.7185185185185186,2.0,194,0.0,0,0.0,0,0.0,0,0.0,0,5
SH,GM,73,46,204,204,20.400000000000002,0.5483095645904541,0.6848654747009277,9.848109245300293,11.550509452819824,2.0633108615875244,0,-1,1,47,0.23039215686274508,2.0,204,0.7584170699119568,0,0.0,0,0.0,0,6.513082027435303,1,6
SH,GM,73,47,208,208,20.8,0.4587070345878601,0.5511151552200317,4.80289888381958,5.633068561553955,0.8701499104499817,0,-1,0,0,0.0,2.0,208,3.59806752204895,0,0.0,0,0.0,0,6.254653453826904,2,7
SH,GM,73,48,164,164,16.400000000000002,0.1473742425441742,0.18434873223304749,1.5771228075027466,2.3594212532043457,0.502368688583374,0,-1,0,0,0.0,2.0,164,3.8634629249572754,0,0.0,0,0.0,0,84.4881820678711,1,6
SH,GM,73,49,167,167,16.7,0.047444332391023636,0.056278277188539505,0.5434350967407227,0.6560896635055542,0.11981473118066788,0,-1,0,0,0.0,2.0,167,2.019599437713623,0,0.0,0,0.0,0,22.53982925415039,2,7
SH,GM,73,50,153,153,15.3,0.372109979391098,0.5339071154594421,2.7499029636383057,3.4507157802581787,0.8651222586631775,0,-1,1,84,0.5490196078431373,2.0,153,1.750170350074768,0,0.0,0,0.0,0,4.923734188079834,0,5
SH,GM,73,51,163,163,16.3,0.2399679273366928,0.3001353144645691,1.452109456062317,1.5732462406158447,0.20192906260490417,0,-1,0,0,0.0,2.0,163,4.724889278411865,0,0.0,0,0.0,0,3.9746577739715576,1,6
SH,GM,73,52,469,469,46.900000000000006,0.21587303280830383,0.262644499540329,1.639313817024231,2.0667548179626465,0.31680828332901,0,-1,1,312,0.6652452025586354,2.0,469,0.6840322613716125,0,0.0,0,0.0,0,2.6237659454345703,2,7
SH,GM,73,53,578,578,57.800000000000004,0.40036919713020325,0.540183424949646,8.135509490966797,9.324016571044922,2.09922194480896,1,427,1,427,0.7387543252595156,2.0,427,0.0,0,0.0,0,0.0,0,0.0,0,5
SH,GM,73,54,211,211,21.1,0.4807322323322296,0.6019688844680786,7.7335124015808105,8.936656951904297,1.2467387914657593,1,166,1,81,0.38388625592417064,2.0,166,0.0,0,0.0,0,0.0,0,0.0,0,5
SH,GM,73,55,1090,1090,109.0,0.3943166732788086,0.4918228089809418,17.484947204589844,23.81902313232422,0.8343665599822998,0,-1,1,180,0.1651376146788991,2.0,1090,1.901211142539978,0,0.0,0,0.0,0,4.437409400939941,2,7
SH,GM,73,56,139,139,13.9,0.21920979022979736,0.2525976002216339,1.5245568752288818,1.876809000968933,0.2897428274154663,0,-1,0,0,0.0,2.0,139,2.0133607387542725,0,0.0,0,0.0,0,32.698307037353516,2,7
SH,GM,73,57,167,167,16.7,0.1508459746837616,0.2004402130842209,4.470191955566406,5.750035285949707,0.8410325646400452,0,-1,1,160,0.9580838323353293,2.0,167,0.7996470332145691,0,0.0,0,0.0,0,9.261216163635254,0,5
SH,GM,73,58,140,140,14.0,0.2914471924304962,0.3716493546962738,3.763327121734619,4.25496768951416,0.36996471881866455,0,-1,1,140,1.0,2.0,140,0.4617418348789215,0,0.0,0,0.0,0,2.280360460281372,1,6
SH,GM,73,59,377,377,37.7,0.3420566916465759,0.45136892795562744,7.001819610595703,7.602954864501953,0.7406423687934875,0,-1,1,10,0.026525198938992044,2.0,377,1.9188511371612549,0,0.0,0,0.0,0,5.414089679718018,2,7
SH,GM,73,60,277,277,27.700000000000003,0.17959906160831451,0.23220714926719666,7.914923667907715,10.33694839477539,0.6785052418708801,0,-1,0,0,0.0,2.0,277,2.300084114074707,0,0.0,0,0.0,0,19.246511459350586,0,5
SH,GM,73,61,1027,1027,102.7,0.2938585579395294,0.3809598684310913,7.127286434173584,8.20358943939209,0.6171447038650513,0,-1,0,0,0.0,2.0,1027,2.885493040084839,0,0.0,0,0.0,0,3.5472629070281982,1,6
SH,GM,73,62,462,462,46.2,0.2234506458044052,0.26730337738990784,6.075623989105225,8.093984603881836,0.5992913246154785,0,-1,1,353,0.7640692640692641,2.0,462,0.5222299695014954,0,0.0,0,0.0,0,4.695715427398682,2,7
SH,GM,73,63,238,238,23.8,0.2943882346153259,0.4016396105289459,3.950270652770996,5.066267013549805,0.7034721970558167,0,-1,1,238,1.0,2.0,238,1.1392452716827393,0,0.0,0,0.0,0,21.109548568725586,2,7
SH,GM,73,64,165,165,16.5,0.19162268936634064,0.22876466810703278,5.320974349975586,6.164315700531006,0.5960009098052979,0,-1,1,3,0.01818181818181818,2.0,165,1.9787205457687378,0,0.0,0,0.0,0,17.636991500854492,2,7
SH,GM,73,65,168,168,16.8,0.35847657918930054,0.5064616203308105,5.4816765785217285,7.118936538696289,0.8029537200927734,0,-1,0,0,0.0,2.0,168,3.344517469406128,0,0.0,0,0.0,0,16.426538467407227,2,7
SH,GM,73,66,1295,1295,129.5,0.3702494502067566,0.5130975246429443,9.704391479492188,10.457329750061035,3.3647778034210205,1,94,1,94,0.07258687258687259,2.0,94,0.0,0,0.0,0,0.0,0,0.0,1,6
SH,GM,73,67,185,185,18.5,0.31960606575012207,0.3804989159107208,2.4544835090637207,2.8719441890716553,0.7544416189193726,0,-1,1,185,1.0,2.0,185,1.488224744796753,0,0.0,0,0.0,0,4.704441070556641,2,7
SH,GM,73,68,158,158,15.8,0.6144174933433533,0.9327016472816467,0.7476032972335815,0.8836656808853149,0.42040663957595825,0,-1,1,158,1.0,2.0,158,0.9622482657432556,0,0.0,0,0.0,0,1.2808603048324585,2,7
SH,GM,73,69,134,134,13.4,0.098808154463768,0.12381903827190399,1.275132179260254,1.5332591533660889,0.1459323614835739,0,-1,0,0,0.0,2.0,134,2.110419273376465,0,0.0,0,0.0,0,34.81932067871094,0,5
SH,GM,73,70,159,159,15.9,0.5507809519767761,0.7117653489112854,0.4566289484500885,0.5509111881256104,0.4535001814365387,0,-1,0,0,0.0,2.0,159,2.6920411586761475,0,0.0,0,0.0,0,2.4592347145080566,2,7
SH,GM,73,71,351,351,35.1,0.47410404682159424,0.6613414287567139,9.627579689025879,11.866386413574219,2.0633504390716553,1,172,1,172,0.49002849002849,2.0,172,0.0,0,0.0,0,0.0,0,0.0,0,5
SH,GM,73,72,300,300,30.0,0.3120672106742859,0.3839864730834961,7.509463787078857,9.746445655822754,1.079655408859253,0,-1,0,0,0.0,2.0,300,2.2127180099487305,0,0.0,0,0.0,0,7.656764507293701,1,6
SH,GM,73,73,207,207,20.700000000000003,0.5064271092414856,0.6691238880157471,3.1113195419311523,3.514690399169922,1.4049338102340698,1,84,1,61,0.2946859903381642,2.0,84,0.0,0,0.0,0,0.0,0,0.0,0,5
SH,GM,73,74,447,447,44.7,0.2811098098754883,0.3646160960197449,6.968597412109375,9.675899505615234,1.0722705125808716,0,-1,0,0,0.0,2.0,447,3.8346669673919678,0,0.0,0,0.0,0,5.746626377105713,0,5
SH,GM,73,75,132,132,13.200000000000001,0.3060111105442047,0.35410937666893005,3.391986846923828,3.756072998046875,0.5306658744812012,0,-1,0,0,0.0,2.0,132,2.976846218109131,0,0.0,0,0.0,0,8.075752258300781,0,5
SH,GM,73,76,237,237,23.700000000000003,0.34972959756851196,0.4347518980503082,6.505234241485596,8.041790962219238,1.5279618501663208,0,-1,0,0,0.0,2.0,237,3.3088080883026123,0,0.0,0,0.0,0,54.76580047607422,1,6
SH,GM,73,77,133,133,13.3,0.3133186101913452,0.3864994943141937,2.8096401691436768,3.7354657649993896,0.5334663391113281,0,-1,1,87,0.6541353383458647,2.0,133,0.9072633981704712,0,0.0,0,0.0,0,1.9772120714187622,2,7
SH,GM,73,78,132,132,13.200000000000001,0.530985414981842,0.6316936612129211,3.0745115280151367,3.6004724502563477,0.8684492707252502,0,-1,0,0,0.0,2.0,132,4.082512855529785,0,0.0,0,0.0,0,9.395564079284668,0,5
SH,GM,73,79,131,131,13.100000000000001,0.47503572702407837,0.5372980833053589,10.660550117492676,13.56187915802002,1.8260520696640015,0,-1,0,0,0.0,2.0,131,5.304586410522461,0,0.0,0,0.0,0,49.60671615600586,0,5
SH,GM,73,80,148,148,14.8,0.1786065250635147,0.25193047523498535,1.1041761636734009,1.5330657958984375,0.3050336241722107,0,-1,0,0,0.0,2.0,148,2.0267252922058105,0,0.0,0,0.0,0,8.436368942260742,0,5
SH,GM,73,81,204,204,20.400000000000002,0.1726808100938797,0.21597732603549957,8.888703346252441,11.122982025146484,1.0842843055725098,0,-1,0,0,0.0,2.0,204,4.166590690612793,0,0.0,0,0.0,0,84.90264892578125,2,7
SH,GM,73,82,143,143,14.3,1.0294947624206543,1.1724168062210083,28.117952346801758,40.465789794921875,6.7443013191223145,0,-1,0,0,0.0,2.0,143,3.909579277038574,0,0.0,0,0.0,0,57.45906448364258,2,7
SH,GM,73,83,182,182,18.2,0.21175244450569153,0.2433488965034485,0.5743756294250488,0.6941948533058167,0.2594568133354187,0,-1,1,173,0.9505494505494505,2.0,182,0.8978994488716125,0,0.0,0,0.0,0,4.313142776489258,1,6
SH,GM,73,84,206,206,20.6,0.6121118068695068,0.7983136177062988,8.305517196655273,10.147396087646484,1.5523592233657837,1,136,1,61,0.2961165048543689,2.0,136,0.0,0,0.0,0,0.0,0,0.0,2,7
SH,GM,73,85,201,201,20.1,0.23568178713321686,0.28697580099105835,0.5016384720802307,0.7085080742835999,0.240542933344841,0,-1,1,201,1.0,2.0,201,1.095612645149231,0,0.0,0,0.0,0,17.180879592895508,0,5
SH,GM,73,86,258,258,25.8,0.31530600786209106,0.42473432421684265,8.32021427154541,9.850447654724121,1.3153520822525024,0,-1,0,0,0.0,2.0,258,2.5942156314849854,0,0.0,0,0.0,0,26.641155242919922,1,6
SH,GM,73,87,241,241,24.1,0.4752340316772461,0.5934497117996216,2.1538069248199463,2.4022767543792725,0.5493868589401245,1,225,1,225,0.9336099585062241,2.0,225,0.0,0,0.0,0,0.0,0,0.0,1,6
SH,GM,73,88,852,852,85.2,0.24615806341171265,0.3156779706478119,6.791361331939697,7.42803430557251,0.33254474401474,0,-1,1,840,0.9859154929577465,2.0,852,0.21143361926078796,0,0.0,0,0.0,0,1.7191359996795654,1,6
SH,GM,73,89,214,214,21.400000000000002,0.23888100683689117,0.29290688037872314,0.4719102680683136,0.6693919897079468,0.22348928451538086,0,-1,1,214,1.0,2.0,214,1.108796238899231,0,0.0,0,0.0,0,10.123011589050293,1,6
SH,GM,73,90,261,261,26.1,0.2728399932384491,0.35892462730407715,2.8781065940856934,4.00227689743042,0.5137126445770264,0,-1,0,0,0.0,2.0,261,3.3832244873046875,0,0.0,0,0.0,0,3.397693157196045,2,7
SH,GM,73,91,182,182,18.2,0.26453402638435364,0.3206081688404083,1.207050085067749,1.4463820457458496,0.5697857141494751,0,-1,0,0,0.0,2.0,182,3.3857202529907227,0,0.0,0,0.0,0,21.638702392578125,2,7
SH,GM,73,92,378,378,37.800000000000004,0.4008603096008301,0.5253458619117737,3.7523484230041504,5.139369487762451,0.9150431156158447,0,-1,0,0,0.0,2.0,378,3.1599087715148926,0,0.0,0,0.0,0,3.746485471725464,0,5
SH,GM,73,93,133,133,13.3,0.5440049171447754,0.7373762726783752,3.5891168117523193,3.997792959213257,0.8499695658683777,0,-1,0,0,0.0,2.0,133,2.5290703773498535,0,0.0,0,0.0,0,8.214648246765137,1,6
SH,GM,73,94,246,246,24.6,0.21626059710979462,0.26988059282302856,3.1788241863250732,3.7347943782806396,0.7598432302474976,0,-1,1,191,0.7764227642276422,2.0,246,0.44952279329299927,0,0.0,0,0.0,0,3.3118174076080322,1,6
SH,GM,73,95,147,147,14.700000000000001,0.36470159888267517,0.44789788126945496,1.9670228958129883,2.3710074424743652,0.738653302192688,0,-1,1,147,1.0,2.0,147,1.3212089538574219,0,0.0,0,0.0,0,11.827054977416992,2,7
SH,GM,73,96,210,210,21.0,0.23469676077365875,0.3231707215309143,2.0614869594573975,2.5906929969787598,0.3961465656757355,0,-1,1,210,1.0,2.0,210,1.1526340246200562,0,0.0,0,0.0,0,4.81643009185791,2,7
SH,GM,73,97,186,186,18.6,0.295847624540329,0.3717184364795685,1.859084963798523,2.116769790649414,0.3607052266597748,0,-1,0,0,0.0,2.0,186,2.2635371685028076,0,0.0,0,0.0,0,5.537930965423584,0,5
SH,GM,73,98,846,846,84.60000000000001,0.12646755576133728,0.16763846576213837,48.51598358154297,52.27507019042969,0.9195299744606018,0,-1,0,0,0.0,2.0,846,3.918562650680542,0,0.0,0,0.0,0,67.48834228515625,0,5
SH,GM,73,99,321,321,32.1,0.348286509513855,0.42698484659194946,5.980931282043457,6.733944892883301,0.6267191171646118,0,-1,1,321,1.0,2.0,321,1.5024055242538452,0,0.0,0,0.0,0,15.409788131713867,1,6
SH,GM,73,100,204,204,20.400000000000002,0.2217237651348114,0.24907079339027405,3.656485080718994,4.460576057434082,0.6045548915863037,0,-1,0,0,0.0,2.0,204,3.686253786087036,0,0.0,0,0.0,0,21.07457160949707,0,5
SH,GM,73,101,691,691,69.10000000000001,0.2184283435344696,0.27648237347602844,21.294443130493164,23.166955947875977,0.7356520891189575,0,-1,1,44,0.06367583212735166,2.0,691,1.5863207578659058,0,0.0,0,0.0,0,22.417247772216797,1,6
SH,GM,73,102,231,231,23.1,0.3387623429298401,0.4151625633239746,16.68446922302246,20.0167179107666,1.475009799003601,0,-1,0,0,0.0,2.0,231,2.4314210414886475,0,0.0,0,0.0,0,45.11214828491211,1,6
SH,GM,73,103,170,170,17.0,0.30099597573280334,0.3719169497489929,3.5118935108184814,4.124310493469238,0.5489504933357239,0,-1,1,66,0.38823529411764707,2.0,170,0.9670165777206421,0,0.0,0,0.0,0,0.21278542280197144,0,5
SH,GM,73,104,359,359,35.9,0.24764834344387054,0.2994478642940521,4.4726481437683105,4.875534534454346,0.49953722953796387,0,-1,1,359,1.0,2.0,359,0.6885676383972168,0,0.0,0,0.0,0,11.284845352172852,0,5
SH,GM,73,105,173,173,17.3,0.1927693486213684,0.22937732934951782,0.6186780333518982,0.7612573504447937,0.3103927671909332,0,-1,1,50,0.28901734104046245,2.0,173,1.7820899486541748,0,0.0,0,0.0,0,28.082666397094727,0,5
SH,GM,73,106,219,219,21.900000000000002,0.4082113802433014,0.483474999666214,15.1639986038208,17.060190200805664,1.3606541156768799,0,-1,0,0,0.0,2.0,219,2.082132339477539,0,0.0,0,0.0,0,44.20744323730469,0,5
SH,GM,73,107,330,330,33.0,0.19024620950222015,0.244817316532135,1.171168565750122,1.5092153549194336,0.27751970291137695,0,-1,1,87,0.2636363636363636,2.0,330,1.816326379776001,0,0.0,0,0.0,0,3.1106934547424316,0,5
SH,GM,73,108,187,187,18.7,0.36955496668815613,0.5024899840354919,2.178410768508911,2.5592589378356934,0.6692174673080444,0,-1,1,187,1.0,2.0,187,0.81464684009552,0,0.0,0,0.0,0,1.8592790365219116,2,7
SH,GM,73,109,464,464,46.400000000000006,0.16343627870082855,0.2014417201280594,1.585582971572876,2.1353237628936768,0.3169216215610504,0,-1,1,464,1.0,2.0,464,1.0546901226043701,0,0.0,0,0.0,0,18.43877601623535,0,5
SH,GM,73,110,515,515,51.5,0.15775451064109802,0.19442832469940186,5.33415412902832,5.8490142822265625,0.36988669633865356,0,-1,0,0,0.0,2.0,515,3.0059823989868164,0,0.0,0,0.0,0,5.50070858001709,2,7
SH,GM,73,111,132,132,13.200000000000001,0.3988034129142761,0.4993428587913513,9.285781860351562,10.981319427490234,1.2251379489898682,0,-1,1,132,1.0,2.0,132,0.9403463006019592,0,0.0,0,0.0,0,11.214459419250488,1,6
SH,GM,73,112,274,274,27.400000000000002,0.4823826551437378,0.6036548018455505,4.592750072479248,4.892667293548584,0.616758406162262,1,263,1,263,0.9598540145985401,2.0,263,0.0,0,0.0,0,0.0,0,0.0,1,6
SH,GM,73,113,487,487,48.7,0.34685492515563965,0.45492005348205566,23.709409713745117,26.805557250976562,1.6900668144226074,0,-1,0,0,0.0,2.0,487,2.741865396499634,0,0.0,0,0.0,0,9.563170433044434,2,7
SH,GM,73,114,143,143,14.3,0.23066455125808716,0.25225603580474854,4.703554630279541,5.5427656173706055,0.615287184715271,0,-1,0,0,0.0,2.0,143,2.8656105995178223,0,0.0,0,0.0,0,37.602046966552734,0,5
SH,GM,73,115,140,140,14.0,0.3916247487068176,0.5178669095039368,2.5371336936950684,3.0582244396209717,0.7247685790061951,0,-1,0,0,0.0,2.0,140,2.935692548751831,0,0.0,0,0.0,0,3.0219180583953857,1,6
SH,GM,73,116,268,268,26.8,0.13360613584518433,0.17734776437282562,7.781017780303955,9.177593231201172,0.5979416966438293,0,-1,0,0,0.0,2.0,268,2.025693893432617,0,0.0,0,0.0,0,25.810657501220703,0,5
SH,GM,73,117,314,314,31.400000000000002,0.2819764018058777,0.347689151763916,6.13715124130249,6.714536190032959,0.5231820940971375,0,-1,1,314,1.0,2.0,314,0.033803537487983704,0,0.0,0,0.0,0,0.1319802850484848,2,7
SH,GM,73,118,138,138,13.8,0.09671608358621597,0.11300137639045715,3.0245463848114014,4.035139560699463,0.7194666266441345,0,-1,0,0,0.0,2.0,138,3.3278255462646484,0,0.0,0,0.0,0,43.655426025390625,1,6
SH,GM,73,119,132,132,13.200000000000001,0.30623483657836914,0.3544842004776001,4.676023483276367,6.276213645935059,0.9099512100219727,0,-1,1,132,1.0,2.0,132,1.2420318126678467,0,0.0,0,0.0,0,11.44146728515625,2,7
SH,GM,73,120,183,183,18.3,0.24712403118610382,0.3480279743671417,3.012120008468628,3.235956907272339,0.4268947243690491,0,-1,1,183,1.0,2.0,183,0.9273697733879089,0,0.0,0,0.0,0,3.1428349018096924,0,5
SH,GM,73,121,248,248,24.8,0.2052760273218155,0.257394939661026,1.250665307044983,1.4537259340286255,0.18222087621688843,0,-1,1,227,0.9153225806451613,2.0,248,1.781610369682312,0,0.0,0,0.0,0,29.76062774658203,0,5
SH,GM,73,122,705,705,70.5,0.3365093469619751,0.4533936679363251,3.9083752632141113,4.643043518066406,0.7051398754119873,0,-1,1,620,0.8794326241134752,2.0,705,0.8038071393966675,0,0.0,0,0.0,0,2.0882489681243896,0,5
SH,GM,73,123,245,245,24.5,0.2533799111843109,0.3159446120262146,2.1497137546539307,2.6094348430633545,0.49070659279823303,0,-1,1,245,1.0,2.0,245,1.0708216428756714,0,0.0,0,0.0,0,11.660329818725586,1,6
SH,GM,73,124,434,434,43.400000000000006,0.36636117100715637,0.4564618170261383,6.747806072235107,7.603511333465576,0.7758152484893799,0,-1,1,427,0.9838709677419355,2.0,434,0.8700320720672607,0,0.0,0,0.0,0,16.135648727416992,0,5
SH,GM,73,125,242,242,24.200000000000003,0.25423067808151245,0.3647511601448059,3.035534620285034,4.714414596557617,0.6690939664840698,0,-1,1,242,1.0,2.0,242,0.6899371147155762,0,0.0,0,0.0,0,15.025284767150879,2,7
SH,GM,73,126,226,226,22.6,0.2650904953479767,0.31545454263687134,11.174614906311035,12.494325637817383,0.855617880821228,0,-1,0,0,0.0,2.0,226,4.448634147644043,0,0.0,0,0.0,0,50.412479400634766,1,6
SH,GM,73,127,157,157,15.700000000000001,0.2288314700126648,0.28161102533340454,1.0425347089767456,1.183165192604065,0.2835557460784912,0,-1,0,0,0.0,2.0,157,3.483635663986206,0,0.0,0,0.0,0,16.21285629272461,1,6
SH,GM,73,128,211,211,21.1,0.15901894867420197,0.2014419138431549,2.7083334922790527,3.028184175491333,0.22030827403068542,0,-1,1,211,1.0,2.0,211,0.7314945459365845,0,0.0,0,0.0,0,5.522914886474609,0,5
SH,GM,73,129,139,139,13.9,0.13086627423763275,0.1632452756166458,0.9601911306381226,1.1568366289138794,0.24852094054222107,0,-1,1,139,1.0,2.0,139,1.4378434419631958,0,0.0,0,0.0,0,23.59328842163086,0,5
SH,GM,73,130,174,174,17.400000000000002,0.2008591741323471,0.35848468542099,5.417433261871338,5.927243232727051,0.44575443863868713,0,-1,1,174,1.0,2.0,174,0.2469705045223236,0,0.0,0,0.0,0,3.913468360900879,2,7
SH,GM,73,131,324,324,32.4,0.2889539897441864,0.42454713582992554,4.451584339141846,5.120673656463623,0.8057400584220886,0,-1,1,324,1.0,2.0,324,0.026514336466789246,0,0.0,0,0.0,0,0.047785960137844086,0,5
SH,GM,73,132,136,136,13.600000000000001,1.3136614561080933,1.717919945716858,6.677952289581299,8.17764663696289,2.7826197147369385,1,94,1,94,0.6911764705882353,2.0,94,0.0,0,0.0,0,0.0,0,0.0,2,7
SH,GM,73,133,215,215,21.5,0.5055494904518127,0.659989058971405,1.9675679206848145,2.267313241958618,0.5543156862258911,0,-1,1,159,0.7395348837209302,2.0,215,1.6805092096328735,0,0.0,0,0.0,0,2.821117401123047,2,7
SH,GM,73,134,156,156,15.600000000000001,0.2614631652832031,0.3211536407470703,4.6410698890686035,5.132785320281982,0.5580527186393738,0,-1,1,156,1.0,2.0,156,0.7774010300636292,0,0.0,0,0.0,0,17.200618743896484,2,7
SH,GM,73,135,140,140,14.0,0.33567050099372864,0.4196107089519501,1.2862786054611206,1.45292067527771,0.3511377274990082,0,-1,1,128,0.9142857142857143,2.0,140,1.6306976079940796,0,0.0,0,0.0,0,1.6902121305465698,2,7
SH,GM,73,136,132,132,13.200000000000001,0.6536679267883301,0.836386501789093,1.2684359550476074,1.655334711074829,0.7371375560760498,0,-1,1,131,0.9924242424242424,2.0,132,0.5670739412307739,0,0.0,0,0.0,0,15.472827911376953,0,5
SH,GM,73,137,175,175,17.5,0.12410441786050797,0.15505515038967133,1.7845394611358643,2.405991554260254,0.30947887897491455,0,-1,0,0,0.0,2.0,175,8.16485595703125,0,0.0,0,0.0,0,6.2247843742370605,1,6
SH,GM,73,138,424,424,42.400000000000006,0.1932850480079651,0.23381516337394714,0.3170104920864105,0.39720287919044495,0.1721106767654419,0,-1,0,0,0.0,2.0,424,3.1921141147613525,0,0.0,0,0.0,0,2.6324410438537598,2,7
SH,GM,73,139,191,191,19.1,0.3243471086025238,0.4308003783226013,4.341767311096191,6.335554599761963,0.9911361336708069,0,-1,1,191,1.0,2.0,191,0.9500199556350708,0,0.0,0,0.0,0,19.37603759765625,2,7
SH,GM,73,140,196,196,19.6,0.28146886825561523,0.34126347303390503,1.4101325273513794,1.5388376712799072,0.3849683105945587,0,-1,1,196,1.0,2.0,196,0.9295049905776978,0,0.0,0,0.0,0,2.4888479709625244,2,7
SH,GM,73,141,215,215,21.5,0.23782901465892792,0.3046986758708954,2.8751907348632812,4.337871074676514,0.8915308117866516,0,-1,1,215,1.0,2.0,215,1.4959815740585327,0,0.0,0,0.0,0,27.8995361328125,0,5
SH,GM,73,142,319,319,31.900000000000002,0.45512571930885315,0.6191149950027466,13.765701293945312,15.27657413482666,3.78246808052063,1,197,1,197,0.6175548589341693,2.0,197,0.0,0,0.0,0,0.0,0,0.0,0,5
SH,GM,73,143,132,132,13.200000000000001,0.4723528325557709,0.5808613300323486,8.488041877746582,9.802968978881836,1.0697898864746094,0,-1,1,4,0.030303030303030304,2.0,132,1.930677056312561,0,0.0,0,0.0,0,9.485822677612305,1,6
SH,GM,73,144,271,271,27.1,0.21172650158405304,0.29109933972358704,8.718058586120605,12.332895278930664,0.8364602327346802,0,-1,1,271,1.0,2.0,271,0.5539644360542297,0,0.0,0,0.0,0,9.256172180175781,2,7
SH,GM,73,145,393,393,39.300000000000004,0.35316696763038635,0.5315660834312439,6.274980068206787,7.970372200012207,1.019726037979126,0,-1,0,0,0.0,2.0,393,3.1087327003479004,0,0.0,0,0.0,0,4.387382507324219,2,7
SH,GM,73,146,238,238,23.8,0.3987728953361511,0.5615556836128235,21.710844039916992,24.369245529174805,1.580409049987793,0,-1,0,0,0.0,2.0,238,3.255474805831909,0,0.0,0,0.0,0,11.391892433166504,0,5
SH,GM,73,147,421,421,42.1,0.2714710831642151,0.31702470779418945,27.96062469482422,31.0084228515625,1.3665800094604492,0,-1,0,0,0.0,2.0,421,2.6267690658569336,0,0.0,0,0.0,0,60.13829803466797,0,5
SH,GM,73,148,210,210,21.0,0.3314993381500244,0.3951825797557831,10.215970993041992,14.926106452941895,1.9047110080718994,0,-1,0,0,0.0,2.0,210,3.7571604251861572,0,0.0,0,0.0,0,77.21924591064453,0,5
SH,GM,73,149,150,150,15.0,0.20767922699451447,0.2448463886976242,1.4470467567443848,1.6743131875991821,0.2712510824203491,0,-1,0,0,0.0,2.0,150,3.957092523574829,0,0.0,0,0.0,0,4.735550880432129,1,6
SH,GM,73,150,193,193,19.3,0.27963972091674805,0.3401130735874176,3.280641794204712,4.144838809967041,0.5618358254432678,0,-1,1,21,0.10880829015544041,2.0,193,1.7885887622833252,0,0.0,0,0.0,0,1.1729092597961426,1,6
SH,GM,73,151,149,149,14.9,0.27366191148757935,0.31599190831184387,0.8765629529953003,1.0895402431488037,0.24683226644992828,0,-1,1,149,1.0,2.0,149,1.3115109205245972,0,0.0,0,0.0,0,7.080374717712402,0,5
SH,GM,73,152,299,299,29.900000000000002,0.2981841564178467,0.40055716037750244,2.067335367202759,2.786412000656128,0.47950509190559387,0,-1,1,15,0.05016722408026756,2.0,299,1.9557180404663086,0,0.0,0,0.0,0,1.9050018787384033,2,7
SH,GM,73,153,996,996,99.60000000000001,0.19859041273593903,0.2586981952190399,3.539384603500366,4.095935821533203,0.40186288952827454,0,-1,1,71,0.071285140562249,2.0,996,1.8696167469024658,0,0.0,0,0.0,0,2.2935378551483154,0,5
SH,GM,73,154,407,407,40.7,0.21940119564533234,0.29667577147483826,1.1793371438980103,1.5435545444488525,0.3192211091518402,0,-1,0,0,0.0,2.0,407,2.048454761505127,0,0.0,0,0.0,0,2.6045405864715576,2,7
SH,GM,73,155,138,138,13.8,0.24308718740940094,0.28360164165496826,2.1555726528167725,2.3530311584472656,0.35929346084594727,0,-1,1,137,0.9927536231884058,2.0,138,0.9199609756469727,0,0.0,0,0.0,0,0.3052392899990082,1,6
SH,GM,73,156,151,151,15.100000000000001,0.27958032488822937,0.3839907944202423,2.7416787147521973,3.155017614364624,0.4666753113269806,0,-1,1,151,1.0,2.0,151,0.43468454480171204,0,0.0,0,0.0,0,7.2251739501953125,2,7
SH,GM,73,157,182,182,18.2,0.15274932980537415,0.18594515323638916,1.4805978536605835,1.7372955083847046,0.28154271841049194,0,-1,1,148,0.8131868131868132,2.0,182,0.842967689037323,0,0.0,0,0.0,0,10.058695793151855,0,5
SH,GM,73,158,157,157,15.700000000000001,0.28313109278678894,0.356559157371521,5.222046852111816,6.288759231567383,0.6314524412155151,0,-1,1,157,1.0,2.0,157,0.5599750876426697,0,0.0,0,0.0,0,9.308250427246094,1,6
SH,GM,73,159,530,530,53.0,0.1369919627904892,0.18233363330364227,0.794071614742279,0.8853030800819397,0.1440933644771576,0,-1,0,0,0.0,2.0,530,3.571208953857422,0,0.0,0,0.0,0,2.9945249557495117,1,6
SH,GM,73,160,374,374,37.4,0.2919226586818695,0.3891994059085846,9.643381118774414,11.802042007446289,1.0914636850357056,0,-1,1,25,0.06684491978609626,2.0,374,1.8529411554336548,0,0.0,0,0.0,0,1.475501298904419,1,6
SH,GM,73,161,797,797,79.7,0.18061847984790802,0.23262886703014374,24.362323760986328,27.91050148010254,0.6879059076309204,0,-1,0,0,0.0,2.0,797,2.306210517883301,0,0.0,0,0.0,0,4.071969985961914,2,7
SH,GM,73,162,142,142,14.200000000000001,0.37684738636016846,0.4493466317653656,0.5573943257331848,0.6858487129211426,0.21528907120227814,0,-1,0,0,0.0,2.0,142,2.7703492641448975,0,0.0,0,0.0,0,2.5945279598236084,1,6
SH,GM,73,163,275,275,27.5,0.36624953150749207,0.44497624039649963,8.173384666442871,8.918845176696777,0.9912804961204529,1,98,1,76,0.27636363636363637,2.0,98,0.0,0,0.0,0,0.0,0,0.0,2,7
SH,GM,73,164,241,241,24.1,0.21732348203659058,0.29505088925361633,1.3118661642074585,1.470324158668518,0.3058093190193176,0,-1,1,241,1.0,2.0,241,0.830357015132904,0,0.0,0,0.0,0,4.886106014251709,1,6
SH,GM,73,165,481,481,48.1,0.2133224606513977,0.2693406641483307,6.424980163574219,8.977690696716309,0.5683428049087524,0,-1,0,0,0.0,2.0,481,2.177415132522583,0,0.0,0,0.0,0,5.366410255432129,2,7
SH,GM,73,166,189,189,18.900000000000002,0.25221171975135803,0.33417952060699463,9.483906745910645,11.197158813476562,1.1501179933547974,0,-1,1,16,0.08465608465608465,2.0,189,1.7239389419555664,0,0.0,0,0.0,0,6.088542938232422,0,5
SH,GM,73,167,568,568,56.800000000000004,0.38728785514831543,0.47421181201934814,16.69243621826172,20.497264862060547,1.1182180643081665,0,-1,1,145,0.25528169014084506,2.0,568,1.0422412157058716,0,0.0,0,0.0,0,2.3542160987854004,0,5
SH,GM,73,168,327,327,32.7,0.30091628432273865,0.3808322846889496,3.312300682067871,4.118278980255127,0.47700220346450806,0,-1,1,327,1.0,2.0,327,0.486342191696167,0,0.0,0,0.0,0,8.257387161254883,2,7
SH,GM,73,169,602,602,60.2,0.24538305401802063,0.31777244806289673,42.6762580871582,49.02747344970703,1.2694520950317383,0,-1,0,0,0.0,2.0,602,2.7458479404449463,0,0.0,0,0.0,0,44.64778137207031,2,7
SH,GM,73,170,321,321,32.1,0.3078692853450775,0.43917614221572876,15.138177871704102,16.90519905090332,0.8157072067260742,0,-1,1,321,1.0,2.0,321,0.4425533711910248,0,0.0,0,0.0,0,5.52443265914917,2,7
SH,GM,73,171,195,195,19.5,0.26893359422683716,0.3550172746181488,2.6546573638916016,3.1850969791412354,0.40820473432540894,0,-1,1,195,1.0,2.0,195,1.0862659215927124,0,0.0,0,0.0,0,3.4213273525238037,2,7
SH,GM,73,172,218,218,21.8,0.32699650526046753,0.4560963213443756,6.2340192794799805,7.3141045570373535,0.7124937772750854,0,-1,1,179,0.8211009174311926,2.0,218,1.30408775806427,0,0.0,0,0.0,0,5.944875240325928,2,7
SH,GM,73,173,162,162,16.2,0.42470622062683105,0.638206422328949,0.9055650234222412,1.0321719646453857,0.2671026587486267,0,-1,0,0,0.0,2.0,162,2.7900848388671875,0,0.0,0,0.0,0,2.517582416534424,2,7
SH,GM,73,174,168,168,16.8,0.3590984046459198,0.558039128780365,5.306756019592285,6.228646755218506,1.1168378591537476,0,-1,0,0,0.0,2.0,168,3.065058469772339,0,0.0,0,0.0,0,40.77732467651367,0,5
SH,GM,73,175,194,194,19.400000000000002,0.4285828173160553,0.5062301754951477,9.66330337524414,12.7920503616333,1.3959481716156006,0,-1,1,194,1.0,2.0,194,0.6884465217590332,0,0.0,0,0.0,0,7.101382255554199,0,5
SH,GM,73,176,142,142,14.200000000000001,0.2662450969219208,0.33648577332496643,0.6083442568778992,0.8194360136985779,0.23346860706806183,0,-1,1,142,1.0,2.0,142,1.3543223142623901,0,0.0,0,0.0,0,19.01331329345703,2,7
SH,GM,73,177,358,358,35.800000000000004,0.3804975152015686,0.5395691990852356,4.648304462432861,6.0052170753479,0.8544610142707825,1,315,1,315,0.8798882681564246,2.0,315,0.0,0,0.0,0,0.0,0,0.0,2,7
SH,GM,73,178,137,137,13.700000000000001,0.3407374620437622,0.6534518599510193,5.823912143707275,7.390268802642822,1.0718883275985718,0,-1,1,48,0.35036496350364965,2.0,137,1.312497615814209,0,0.0,0,0.0,0,8.771438598632812,2,7
SH,GM,73,179,157,157,15.700000000000001,0.32083016633987427,0.4226645529270172,1.7358732223510742,1.9513481855392456,0.3409884572029114,0,-1,1,157,1.0,2.0,157,0.9626448750495911,0,0.0,0,0.0,0,21.214441299438477,2,7
SH,GM,73,180,222,222,22.200000000000003,0.221335306763649,0.27941665053367615,11.978401184082031,13.881441116333008,1.0714926719665527,0,-1,1,222,1.0,2.0,222,0.38169339299201965,0,0.0,0,0.0,0,11.088314056396484,2,7
SH,GM,73,181,131,131,13.100000000000001,0.17213678359985352,0.1931019127368927,0.6584030985832214,0.8794407248497009,0.37023937702178955,0,-1,1,131,1.0,2.0,131,0.5492581725120544,0,0.0,0,0.0,0,8.71741008758545,1,6
SH,GM,73,182,196,196,19.6,0.2358526736497879,0.3093717098236084,3.5047426223754883,4.2164387702941895,0.6205101609230042,0,-1,0,0,0.0,2.0,196,3.6528594493865967,0,0.0,0,0.0,0,5.065577030181885,0,5
SH,GM,73,183,295,295,29.5,0.2451629340648651,0.3336447477340698,2.3089869022369385,3.1062464714050293,0.5132129788398743,0,-1,1,76,0.2576271186440678,2.0,295,1.7915699481964111,0,0.0,0,0.0,0,13.626771926879883,2,7
SH,GM,73,184,538,538,53.800000000000004,0.41146934032440186,0.5786269903182983,42.086334228515625,47.82952117919922,2.4073259830474854,0,-1,0,0,0.0,2.0,538,3.0821168422698975,0,0.0,0,0.0,0,12.049084663391113,2,7
SH,GM,73,185,200,200,20.0,0.3119174838066101,0.379792183637619,3.0493242740631104,3.705282211303711,0.6367231607437134,0,-1,1,65,0.325,2.0,200,1.8707904815673828,0,0.0,0,0.0,0,2.0827198028564453,0,5
SH,GM,73,186,215,215,21.5,0.23085638880729675,0.3169051706790924,10.14512825012207,11.208333969116211,0.8140259981155396,0,-1,0,0,0.0,2.0,215,5.127779483795166,0,0.0,0,0.0,0,13.93726634979248,2,7
SH,GM,73,187,182,182,18.2,0.2519342601299286,0.28948935866355896,3.8107619285583496,4.6540069580078125,0.5743403434753418,0,-1,1,45,0.24725274725274726,2.0,182,1.8927865028381348,0,0.0,0,0.0,0,14.327873229980469,1,6
SH,GM,73,188,377,377,37.7,0.26708799600601196,0.3486252725124359,3.9164719581604004,4.389501571655273,0.6146799325942993,0,-1,1,85,0.22546419098143236,2.0,377,1.7027029991149902,0,0.0,0,0.0,0,1.0372165441513062,2,7
SH,GM,73,189,151,151,15.100000000000001,0.3263646066188812,0.3961322605609894,6.502993583679199,7.61368989944458,0.9233765006065369,0,-1,1,151,1.0,2.0,151,0.8044597506523132,0,0.0,0,0.0,0,12.20100212097168,0,5
SH,GM,73,190,418,418,41.800000000000004,0.31425487995147705,0.41968125104904175,11.827568054199219,18.243972778320312,1.3965383768081665,0,-1,1,156,0.37320574162679426,2.0,418,0.8221931457519531,0,0.0,0,0.0,0,5.3639302253723145,1,6
SH,GM,73,191,162,162,16.2,0.30780816078186035,0.41203877329826355,6.194386959075928,7.135159969329834,0.6588189005851746,0,-1,1,126,0.7777777777777778,2.0,162,0.3665883541107178,0,0.0,0,0.0,0,1.9686282873153687,0,5
SH,GM,73,192,190,190,19.0,0.19673167169094086,0.24723541736602783,0.9353163242340088,1.0200568437576294,0.1799483597278595,0,-1,1,75,0.39473684210526316,2.0,190,1.6130186319351196,0,0.0,0,0.0,0,1.0537093877792358,2,7
SH,GM,73,193,277,277,27.700000000000003,0.2785300314426422,0.3799571096897125,1.6288566589355469,1.978330135345459,0.4633781313896179,0,-1,1,172,0.6209386281588448,2.0,277,0.8199554085731506,0,0.0,0,0.0,0,9.424531936645508,2,7
SH,GM,73,194,169,169,16.900000000000002,0.21782372891902924,0.2740703225135803,4.5293288230896,5.808379650115967,0.6830591559410095,0,-1,0,0,0.0,2.0,169,4.152938365936279,0,0.0,0,0.0,0,43.26399612426758,1,6
SH,GM,73,195,216,216,21.6,0.3691592514514923,0.4564606845378876,14.176048278808594,17.52791976928711,1.3095431327819824,0,-1,1,48,0.2222222222222222,2.0,216,1.264780879020691,0,0.0,0,0.0,0,24.664817810058594,1,6
SH,GM,73,196,393,393,39.300000000000004,0.4306810796260834,0.5981262922286987,12.185683250427246,15.793099403381348,1.3693703413009644,0,-1,0,0,0.0,2.0,393,2.911564350128174,0,0.0,0,0.0,0,4.111555576324463,0,5
SH,GM,73,197,168,168,16.8,0.3459276854991913,0.43450185656547546,1.929503321647644,2.1753504276275635,0.4455494284629822,0,-1,1,168,1.0,2.0,168,0.13270515203475952,0,0.0,0,0.0,0,1.967307686805725,1,6
SH,GM,73,198,322,322,32.2,0.3192121982574463,0.4758712947368622,7.04157829284668,7.668849468231201,0.5654950141906738,0,-1,0,0,0.0,2.0,322,2.9003326892852783,0,0.0,0,0.0,0,5.393160820007324,0,5
SH,GM,73,199,190,190,19.0,0.4230433404445648,0.5023393630981445,8.756502151489258,10.110310554504395,0.9487082362174988,0,-1,0,0,0.0,2.0,190,2.0739247798919678,0,0.0,0,0.0,0,11.362300872802734,0,5
SH,GM,73,200,172,172,17.2,0.34019336104393005,0.45440542697906494,5.843493938446045,6.593393325805664,0.6260240077972412,0,-1,1,172,1.0,2.0,172,0.2029365450143814,0,0.0,0,0.0,0,2.282890558242798,0,5
SH,GM,73,201,393,393,39.300000000000004,0.21290448307991028,0.2595703899860382,7.520567893981934,8.794869422912598,0.6168879866600037,0,-1,1,393,1.0,2.0,393,1.0234334468841553,0,0.0,0,0.0,0,14.25779914855957,2,7
SH,GM,73,202,495,495,49.5,0.4352983832359314,0.5899869203567505,4.836897850036621,5.7830376625061035,2.003645181655884,1,392,1,392,0.7919191919191919,2.0,392,0.0,0,0.0,0,0.0,0,0.0,2,7
SH,GM,73,203,229,229,22.900000000000002,0.24335767328739166,0.29480040073394775,2.6619324684143066,3.3571128845214844,0.4124145805835724,0,-1,1,229,1.0,2.0,229,1.418368935585022,0,0.0,0,0.0,0,16.87162971496582,1,6
SH,GM,73,204,239,239,23.900000000000002,0.17471136152744293,0.21516598761081696,14.795835494995117,18.216205596923828,1.5621337890625,0,-1,0,0,0.0,2.0,239,2.9588212966918945,0,0.0,0,0.0,0,31.671438217163086,1,6
SH,GM,73,205,282,282,28.200000000000003,0.32556837797164917,0.4169047474861145,4.914426326751709,5.698552131652832,0.8970474004745483,0,-1,0,0,0.0,2.0,282,6.466643333435059,0,0.0,0,0.0,0,9.114551544189453,0,5
SH,GM,73,206,160,160,16.0,0.22651168704032898,0.26723814010620117,3.5024447441101074,4.330727577209473,0.6599040031433105,0,-1,0,0,0.0,2.0,160,3.05281138420105,0,0.0,0,0.0,0,6.544235706329346,2,7
SH,GM,73,207,171,171,17.1,0.18873225152492523,0.25118350982666016,0.37570083141326904,0.4459947347640991,0.14638662338256836,0,-1,0,0,0.0,2.0,171,2.0271754264831543,0,0.0,0,0.0,0,22.105188369750977,2,7
SH,GM,73,208,497,497,49.7,0.13439567387104034,0.16531656682491302,6.398464679718018,7.4253740310668945,0.33120352029800415,0,-1,1,497,1.0,2.0,497,0.3982073664665222,0,0.0,0,0.0,0,5.569775104522705,2,7
SH,GM,73,209,281,281,28.1,0.3411460518836975,0.43464601039886475,3.998504638671875,4.787569522857666,0.7490692138671875,0,-1,0,0,0.0,2.0,281,2.8608286380767822,0,0.0,0,0.0,0,6.551109313964844,2,7
SH,GM,73,210,623,623,62.300000000000004,0.18867643177509308,0.22631077468395233,11.153234481811523,13.627530097961426,0.8166370391845703,0,-1,1,353,0.5666131621187801,2.0,623,0.8949289321899414,0,0.0,0,0.0,0,21.80915069580078,0,5
SH,GM,73,211,137,137,13.700000000000001,0.20391657948493958,0.24140702188014984,1.2423322200775146,1.6124482154846191,0.3473762571811676,0,-1,0,0,0.0,2.0,137,2.4226272106170654,0,0.0,0,0.0,0,2.5808358192443848,0,5
SH,GM,73,212,151,151,15.100000000000001,0.34556522965431213,0.393490731716156,1.5659478902816772,2.053739309310913,0.8237636685371399,0,-1,1,151,1.0,2.0,151,0.26696544885635376,0,0.0,0,0.0,0,6.298512935638428,1,6
SH,GM,73,213,188,188,18.8,0.48283541202545166,0.6175096035003662,5.53051233291626,6.34482479095459,0.9696505069732666,1,154,1,154,0.8191489361702128,2.0,154,0.0,0,0.0,0,0.0,0,0.0,2,7
SH,GM,73,214,331,331,33.1,0.21674346923828125,0.2654949426651001,1.9283909797668457,2.2000925540924072,0.3159056007862091,0,-1,1,331,1.0,2.0,331,0.6897777318954468,0,0.0,0,0.0,0,12.130471229553223,2,7
SH,GM,73,215,594,594,59.400000000000006,0.1793314516544342,0.24829067289829254,4.464336395263672,5.314474582672119,0.5906986594200134,0,-1,1,456,0.7676767676767676,2.0,594,1.3654061555862427,0,0.0,0,0.0,0,21.760364532470703,2,7
SH,GM,73,216,161,161,16.1,0.5035565495491028,0.6147927641868591,2.59751558303833,2.7760231494903564,0.484750360250473,0,-1,1,161,1.0,2.0,161,0.05234060063958168,0,0.0,0,0.0,0,0.0817914605140686,2,7
SH,GM,73,217,355,355,35.5,0.44650402665138245,0.5660871267318726,2.8788256645202637,3.2382380962371826,0.8008527159690857,0,-1,1,354,0.9971830985915493,2.0,355,0.8823084235191345,0,0.0,0,0.0,0,3.87178111076355,1,6
SH,GM,73,218,190,190,19.0,0.3866145610809326,0.47337672114372253,1.0749834775924683,1.3145288228988647,0.40058305859565735,0,-1,0,0,0.0,2.0,190,3.0583627223968506,0,0.0,0,0.0,0,2.8159379959106445,1,6
SH,GM,73,219,318,318,31.8,0.3349166810512543,0.4285334348678589,3.9678823947906494,4.824190139770508,0.500524640083313,0,-1,1,318,1.0,2.0,318,0.315117746591568,0,0.0,0,0.0,0,2.7255430221557617,1,6
SH,GM,73,220,247,247,24.700000000000003,0.32741788029670715,0.532378613948822,12.115228652954102,15.127327919006348,1.1223336458206177,0,-1,1,247,1.0,2.0,247,1.53997004032135,0,0.0,0,0.0,0,36.62097930908203,1,6
SH,GM,73,221,141,141,14.100000000000001,0.17370879650115967,0.2339719831943512,0.763856053352356,0.9085388779640198,0.20193323493003845,0,-1,1,141,1.0,2.0,141,1.2239339351654053,0,0.0,0,0.0,0,1.077765703201294,2,7
SH,GM,73,222,650,650,65.0,0.2515381872653961,0.31011849641799927,2.280864953994751,2.9089255332946777,0.5372884273529053,0,-1,1,650,1.0,2.0,650,0.5661701560020447,0,0.0,0,0.0,0,5.6957173347473145,1,6
SH,GM,73,223,548,548,54.800000000000004,0.25412628054618835,0.3175760805606842,1.5881966352462769,2.96535062789917,0.47346970438957214,0,-1,1,548,1.0,2.0,548,1.2280097007751465,0,0.0,0,0.0,0,19.928699493408203,0,5
SH,GM,73,224,247,247,24.700000000000003,0.19397376477718353,0.25021612644195557,2.8301937580108643,3.4448959827423096,0.35012418031692505,0,-1,0,0,0.0,2.0,247,3.937326431274414,0,0.0,0,0.0,0,4.942144870758057,2,7
SH,GM,73,225,209,209,20.900000000000002,0.1673235297203064,0.19749289751052856,4.752025604248047,6.098495006561279,0.6900621056556702,0,-1,1,183,0.8755980861244019,2.0,209,1.5490617752075195,0,0.0,0,0.0,0,28.249958038330078,1,6
SH,GM,73,226,256,256,25.6,0.22001992166042328,0.2876144349575043,11.132554054260254,12.762818336486816,0.692669153213501,0,-1,1,256,1.0,2.0,256,0.6883814334869385,0,0.0,0,0.0,0,10.113948822021484,2,7
SH,GM,73,227,290,290,29.0,0.322467565536499,0.47666990756988525,10.525306701660156,14.768929481506348,1.0961272716522217,0,-1,1,290,1.0,2.0,290,0.012288738042116165,0,0.0,0,0.0,0,0.11804744601249695,0,5
SH,GM,73,228,315,315,31.5,0.3300724923610687,0.4887717068195343,6.565011978149414,7.4841485023498535,0.5577764511108398,0,-1,1,158,0.5015873015873016,2.0,315,1.323615550994873,0,0.0,0,0.0,0,4.3307204246521,1,6
SH,GM,73,229,1200,1200,120.0,0.2541695535182953,0.3250892162322998,4.386967182159424,6.255800247192383,0.3888515830039978,0,-1,1,1054,0.8783333333333333,2.0,1200,0.44107410311698914,0,0.0,0,0.0,0,1.5511471033096313,1,6
SH,GM,73,230,409,409,40.900000000000006,0.3094407618045807,0.4040655791759491,2.6120591163635254,3.8429901599884033,0.41326093673706055,0,-1,1,285,0.6968215158924206,2.0,409,1.5592882633209229,0,0.0,0,0.0,0,2.1864395141601562,1,6
SH,GM,73,231,160,160,16.0,0.24536409974098206,0.31589946150779724,1.0822503566741943,1.3453269004821777,0.3342767655849457,0,-1,0,0,0.0,2.0,160,2.3273391723632812,0,0.0,0,0.0,0,2.5357918739318848,0,5
SH,GM,73,232,371,371,37.1,0.20572173595428467,0.2506885230541229,16.538806915283203,20.128358840942383,1.061263918876648,0,-1,1,371,1.0,2.0,371,0.9545225501060486,0,0.0,0,0.0,0,7.860326290130615,1,6
SH,GM,73,233,507,507,50.7,0.32185763120651245,0.3910909593105316,8.130021095275879,9.330998420715332,0.93732750415802,0,-1,1,122,0.2406311637080868,2.0,507,1.4446638822555542,0,0.0,0,0.0,0,9.221519470214844,2,7
SH,GM,73,234,316,316,31.6,0.20144382119178772,0.250508189201355,5.866273880004883,6.495329856872559,0.3634645342826843,0,-1,1,316,1.0,2.0,316,0.5826310515403748,0,0.0,0,0.0,0,6.788865566253662,0,5
SH,GM,73,235,192,192,19.200000000000003,0.32062384486198425,0.4233672320842743,11.777892112731934,13.230154991149902,1.0762226581573486,0,-1,0,0,0.0,2.0,192,4.0656208992004395,0,0.0,0,0.0,0,7.717790603637695,2,7
SH,GM,73,236,200,200,20.0,0.39916321635246277,0.47839346528053284,4.89138650894165,6.335915565490723,1.2811033725738525,0,-1,1,88,0.44,2.0,200,1.6524620056152344,0,0.0,0,0.0,0,38.600791931152344,1,6
SH,GM,73,237,524,524,52.400000000000006,0.31996840238571167,0.38658541440963745,4.224226474761963,5.853091239929199,0.6293197274208069,0,-1,0,0,0.0,2.0,524,2.3625714778900146,0,0.0,0,0.0,0,1.9811328649520874,1,6
SH,GM,73,238,406,406,40.6,0.3210894465446472,0.38915935158729553,20.984745025634766,23.77664566040039,1.598793387413025,0,-1,0,0,0.0,2.0,406,2.7580409049987793,0,0.0,0,0.0,0,28.101497650146484,1,6
SH,GM,73,239,171,171,17.1,0.7183851003646851,0.9354158043861389,5.454763889312744,7.089820384979248,1.363877534866333,1,138,1,53,0.30994152046783624,2.0,138,0.0,0,0.0,0,0.0,0,0.0,2,7
SH,GM,73,240,196,196,19.6,0.27695825695991516,0.3892573416233063,1.9107005596160889,2.5125651359558105,0.4846245050430298,0,-1,1,196,1.0,2.0,196,0.4261736273765564,0,0.0,0,0.0,0,4.78797721862793,1,6
SH,GM,73,241,333,333,33.300000000000004,0.2702975869178772,0.3105866014957428,5.918478012084961,7.842413425445557,0.5532011389732361,0,-1,1,333,1.0,2.0,333,0.9180437922477722,0,0.0,0,0.0,0,15.076684951782227,1,6
SH,GM,73,242,213,213,21.3,0.2491779625415802,0.31341031193733215,2.0056493282318115,3.2192749977111816,0.5840960741043091,0,-1,1,213,1.0,2.0,213,1.3901026248931885,0,0.0,0,0.0,0,13.379110336303711,0,5
SH,GM,73,243,358,358,35.800000000000004,0.2779049873352051,0.3550630211830139,12.177756309509277,14.905427932739258,1.1853482723236084,0,-1,1,131,0.3659217877094972,2.0,358,0.9640463590621948,0,0.0,0,0.0,0,11.359848022460938,0,5
SH,GM,73,244,150,150,15.0,0.08683013916015625,0.10315896570682526,2.340122938156128,2.8055951595306396,0.2731254994869232,0,-1,0,0,0.0,2.0,150,2.669990301132202,0,0.0,0,0.0,0,33.81085968017578,1,6
SH,GM,73,245,174,174,17.400000000000002,0.43250852823257446,0.5340530276298523,2.7852375507354736,3.47001051902771,0.7567383050918579,0,-1,1,153,0.8793103448275862,2.0,174,1.3105303049087524,0,0.0,0,0.0,0,8.158699989318848,1,6
SH,GM,73,246,169,169,16.900000000000002,0.2815682590007782,0.3528200089931488,14.824762344360352,18.071380615234375,1.8013557195663452,0,-1,1,169,1.0,2.0,169,1.0848984718322754,0,0.0,0,0.0,0,11.204946517944336,2,7
SH,GM,73,247,181,181,18.1,0.321874737739563,0.3944273293018341,2.1167495250701904,3.0196244716644287,0.7393651008605957,0,-1,0,0,0.0,2.0,181,2.7242355346679688,0,0.0,0,0.0,0,3.8657045364379883,2,7
SH,GM,73,248,140,140,14.0,0.20846262574195862,0.2605697512626648,3.7258121967315674,4.678622722625732,0.7309702634811401,0,-1,1,140,1.0,2.0,140,1.0878448486328125,0,0.0,0,0.0,0,21.223472595214844,0,5
SH,GM,73,249,255,255,25.5,0.3350366950035095,0.4009542167186737,5.438630104064941,6.925703048706055,0.6700227856636047,0,-1,1,218,0.8549019607843137,2.0,255,1.6114801168441772,0,0.0,0,0.0,0,29.48379898071289,2,7
SH,GM,73,250,304,304,30.400000000000002,0.37167486548423767,0.5734448432922363,5.004014492034912,5.754646301269531,0.5567266345024109,1,281,1,281,0.9243421052631579,2.0,281,0.0,0,0.0,0,0.0,0,0.0,0,5
SH,GM,73,251,220,220,22.0,0.5314241647720337,0.8964576721191406,2.261333465576172,2.6956229209899902,0.6995061635971069,1,204,1,204,0.9272727272727272,2.0,204,0.0,0,0.0,0,0.0,0,0.0,1,6
SH,GM,73,252,134,134,13.4,0.1927008032798767,0.25983884930610657,5.064306735992432,6.498666286468506,0.9353377223014832,0,-1,0,0,0.0,2.0,134,2.001382827758789,0,0.0,0,0.0,0,12.652108192443848,1,6
SH,GM,73,253,300,300,30.0,0.21019691228866577,0.2976389527320862,2.227052688598633,3.1087446212768555,0.6434698700904846,0,-1,1,300,1.0,2.0,300,0.8072602152824402,0,0.0,0,0.0,0,18.548215866088867,2,7
SH,GM,73,254,349,349,34.9,0.2382996827363968,0.2970980703830719,19.28072166442871,26.59958839416504,1.6693744659423828,0,-1,1,150,0.4297994269340974,2.0,349,1.1932569742202759,0,0.0,0,0.0,0,9.680314064025879,1,6
SH,GM,73,255,149,149,14.9,0.17695626616477966,0.20512327551841736,2.303154706954956,3.3069114685058594,0.7412039637565613,0,-1,1,127,0.8523489932885906,2.0,149,1.0031222105026245,0,0.0,0,0.0,0,13.090518951416016,0,5
SH,GM,73,256,303,303,30.3,0.10982028394937515,0.15206997096538544,6.334431171417236,8.832246780395508,0.7755194306373596,0,-1,1,41,0.1353135313531353,2.0,303,1.3617504835128784,0,0.0,0,0.0,0,7.604045391082764,0,5
SH,GM,73,257,136,136,13.600000000000001,0.24449186027050018,0.3207886815071106,4.079981803894043,5.466027736663818,0.9274078011512756,0,-1,0,0,0.0,2.0,136,6.122804641723633,0,0.0,0,0.0,0,16.700544357299805,0,5
SH,GM,73,258,228,228,22.8,0.3146948516368866,0.39104506373405457,1.8191488981246948,2.2833147048950195,0.2833233177661896,0,-1,1,228,1.0,2.0,228,0.980644166469574,0,0.0,0,0.0,0,9.625758171081543,0,5
SH,GM,73,259,133,133,13.3,0.23423883318901062,0.27024102210998535,5.662233829498291,7.485886096954346,1.236865758895874,0,-1,0,0,0.0,2.0,133,2.1564042568206787,0,0.0,0,0.0,0,44.26362991333008,2,7
SH,GM,73,260,308,308,30.8,0.15159326791763306,0.1822982281446457,2.6044464111328125,2.946058750152588,0.2950689494609833,0,-1,1,17,0.05519480519480519,2.0,308,1.9796181917190552,0,0.0,0,0.0,0,55.96672821044922,0,5
SH,GM,73,261,186,186,18.6,0.3509296774864197,0.5860059261322021,8.733992576599121,10.304621696472168,1.0440114736557007,0,-1,1,186,1.0,2.0,186,0.49477192759513855,0,0.0,0,0.0,0,7.853689193725586,1,6
SH,GM,73,262,500,500,50.0,0.23264440894126892,0.36684101819992065,9.738780975341797,11.94482135772705,0.8737260699272156,0,-1,1,67,0.134,2.0,500,1.5182033777236938,0,0.0,0,0.0,0,4.020758152008057,0,5
SH,GM,73,263,291,291,29.1,0.24562880396842957,0.3065626323223114,5.545168399810791,7.088515758514404,0.4866671860218048,0,-1,0,0,0.0,2.0,291,2.051809310913086,0,0.0,0,0.0,0,47.045806884765625,1,6
SH,GM,73,264,133,133,13.3,0.30620065331459045,0.3762771487236023,1.937599539756775,2.2594497203826904,0.6823889017105103,0,-1,0,0,0.0,2.0,133,5.7724223136901855,0,0.0,0,0.0,0,8.599170684814453,0,5
SH,GM,73,265,449,449,44.900000000000006,0.31002727150917053,0.4065568745136261,12.636067390441895,14.01540470123291,0.7828457355499268,0,-1,1,34,0.0757238307349666,2.0,449,1.8753435611724854,0,0.0,0,0.0,0,5.733377933502197,1,6
SH,GM,73,266,2076,2076,207.60000000000002,0.30641284584999084,0.40469393134117126,2.869575023651123,3.7974693775177,0.4379287660121918,0,-1,1,1248,0.6011560693641619,2.0,2076,1.1421536207199097,0,0.0,0,0.0,0,2.300422430038452,0,5
SH,GM,73,267,183,183,18.3,0.32880571484565735,0.5648581385612488,1.1166133880615234,1.7719684839248657,0.31337055563926697,0,-1,1,68,0.37158469945355194,2.0,183,0.39456886053085327,0,0.0,0,0.0,0,1.7564977407455444,1,6
SH,GM,73,268,146,146,14.600000000000001,0.6072657108306885,0.7153798937797546,5.945672988891602,6.640448093414307,2.163987636566162,1,70,1,70,0.4794520547945205,2.0,70,0.0,0,0.0,0,0.0,0,0.0,2,7
SH,GM,73,269,213,213,21.3,0.3113836944103241,0.3421640694141388,11.427967071533203,14.898368835449219,1.5106106996536255,0,-1,0,0,0.0,2.0,213,2.173619270324707,0,0.0,0,0.0,0,2.808936357498169,0,5
SH,GM,73,270,279,279,27.900000000000002,0.44792595505714417,0.6019700169563293,1.6000113487243652,1.8876793384552002,0.4492816627025604,0,-1,1,279,1.0,2.0,279,0.9251614212989807,0,0.0,0,0.0,0,4.083285808563232,1,6
SH,GM,73,271,159,159,15.9,0.6360135078430176,0.8489421606063843,3.675131320953369,4.66306734085083,0.92793208360672,1,121,1,62,0.389937106918239,2.0,121,0.0,0,0.0,0,0.0,0,0.0,0,5
SH,GM,73,272,139,139,13.9,0.2758792042732239,0.34589895606040955,0.914624035358429,1.0296223163604736,0.3140093684196472,0,-1,1,121,0.8705035971223022,2.0,139,1.4328625202178955,0,0.0,0,0.0,0,4.713599681854248,1,6
SH,GM,73,273,139,139,13.9,0.47140347957611084,0.5987222790718079,11.063136100769043,14.231820106506348,2.0034985542297363,0,-1,0,0,0.0,2.0,139,3.0128304958343506,0,0.0,0,0.0,0,4.978277206420898,2,7
SH,GM,73,274,296,296,29.6,0.24546341598033905,0.3385539948940277,1.2299439907073975,1.4121043682098389,0.321749210357666,0,-1,1,271,0.9155405405405406,2.0,296,1.4065401554107666,0,0.0,0,0.0,0,10.863678932189941,1,6
SH,GM,73,275,303,303,30.3,0.13748720288276672,0.17272397875785828,2.741772413253784,4.095847129821777,0.6465514302253723,0,-1,1,289,0.9537953795379538,2.0,303,1.218109369277954,0,0.0,0,0.0,0,34.11595916748047,1,6
SH,GM,73,276,488,488,48.800000000000004,0.335099995136261,0.4312705099582672,17.321853637695312,20.98579216003418,1.019716501235962,0,-1,0,0,0.0,2.0,488,2.9931282997131348,0,0.0,0,0.0,0,7.533987045288086,2,7
SH,GM,73,277,542,542,54.2,0.35556674003601074,0.4089929461479187,37.396202087402344,44.28536605834961,2.346750497817993,0,-1,0,0,0.0,2.0,542,2.528327226638794,0,0.0,0,0.0,0,5.445196628570557,2,7
SH,GM,73,278,569,569,56.900000000000006,0.26113030314445496,0.3505662679672241,1.1044191122055054,1.4808461666107178,0.2363256812095642,0,-1,1,569,1.0,2.0,569,1.0132049322128296,0,0.0,0,0.0,0,0.39839112758636475,1,6
SH,GM,73,279,593,593,59.300000000000004,0.31228217482566833,0.4129844307899475,3.429401159286499,4.338604927062988,0.44302529096603394,0,-1,0,0,0.0,2.0,593,2.0561397075653076,0,0.0,0,0.0,0,2.141674280166626,1,6
SH,GM,73,280,147,147,14.700000000000001,0.3185165226459503,0.41625863313674927,3.6521377563476562,3.927666187286377,0.3184329867362976,0,-1,1,147,1.0,2.0,147,0.3853767216205597,0,0.0,0,0.0,0,2.1874516010284424,0,5
SH,GM,73,281,261,261,26.1,0.4164985120296478,0.5706841945648193,2.090465784072876,2.5872015953063965,0.5715848207473755,1,261,1,261,1.0,2.0,261,0.0,0,0.0,0,0.0,0,0.0,0,5
SH,GM,73,282,149,149,14.9,0.30920636653900146,0.38841649889945984,2.6225790977478027,3.3316385746002197,0.8174757957458496,0,-1,0,0,0.0,2.0,149,8.44240951538086,0,0.0,0,0.0,0,10.903257369995117,1,6
SH,GM,73,283,188,188,18.8,0.2372511327266693,0.2933051586151123,0.5224575400352478,0.5960464477539062,0.3219018578529358,0,-1,1,188,1.0,2.0,188,0.9322015047073364,0,0.0,0,0.0,0,15.169600486755371,1,6
SH,GM,73,284,331,331,33.1,0.34098702669143677,0.40677937865257263,8.514763832092285,9.604057312011719,0.9547156095504761,0,-1,1,119,0.3595166163141994,2.0,331,1.834143042564392,0,0.0,0,0.0,0,29.838905334472656,0,5
SH,GM,73,285,406,406,40.6,0.3346925973892212,0.41234439611434937,2.2961764335632324,2.7110166549682617,0.4304065406322479,0,-1,1,406,1.0,2.0,406,0.7551434636116028,0,0.0,0,0.0,0,2.0670480728149414,1,6
SH,GM,73,286,559,559,55.900000000000006,0.22632643580436707,0.28616151213645935,17.790851593017578,21.905017852783203,0.827574610710144,0,-1,1,387,0.6923076923076923,2.0,559,1.1964272260665894,0,0.0,0,0.0,0,26.118366241455078,0,5
SH,GM,73,287,195,195,19.5,0.30626994371414185,0.38203707337379456,2.376361608505249,2.6287424564361572,0.36797991394996643,0,-1,0,0,0.0,2.0,195,3.139589309692383,0,0.0,0,0.0,0,3.33095645904541,0,5
SH,GM,73,288,158,158,15.8,0.39740416407585144,0.511496365070343,0.6567134857177734,0.7974655628204346,0.38424572348594666,0,-1,1,158,1.0,2.0,158,0.30340343713760376,0,0.0,0,0.0,0,5.369073867797852,0,5
SH,GM,73,289,159,159,15.9,0.2010301798582077,0.2490611970424652,4.884945869445801,6.1383891105651855,0.7696844935417175,0,-1,1,159,1.0,2.0,159,1.21625554561615,0,0.0,0,0.0,0,18.41860580444336,1,6
SH,GM,73,290,176,176,17.6,0.15663191676139832,0.2853374183177948,2.8035268783569336,3.5050594806671143,0.4071536064147949,0,-1,1,106,0.6022727272727273,2.0,176,1.1945081949234009,0,0.0,0,0.0,0,24.707529067993164,2,7
SH,GM,73,291,251,251,25.1,0.2425251603126526,0.2926531434059143,10.247076988220215,11.692255973815918,0.7479532361030579,0,-1,1,251,1.0,2.0,251,0.40025895833969116,0,0.0,0,0.0,0,7.002197742462158,1,6
SH,GM,73,292,165,165,16.5,0.29421985149383545,0.36564332246780396,1.5250513553619385,2.1311538219451904,0.7670730352401733,0,-1,1,88,0.5333333333333333,2.0,165,1.4442847967147827,0,0.0,0,0.0,0,19.401140213012695,0,5
SH,GM,73,293,229,229,22.900000000000002,0.43113720417022705,0.596699059009552,1.264933466911316,1.622635006904602,0.5435454845428467,0,-1,1,77,0.33624454148471616,2.0,229,1.8411818742752075,0,0.0,0,0.0,0,5.813727855682373,2,7
SH,GM,73,294,521,521,52.1,0.2876929044723511,0.3654155731201172,17.511869430541992,19.101512908935547,0.9248654246330261,0,-1,0,0,0.0,2.0,521,2.8331189155578613,0,0.0,0,0.0,0,5.312238693237305,0,5
SH,GM,73,295,134,134,13.4,0.24194389581680298,0.28317445516586304,2.9754786491394043,3.391178607940674,0.5407972931861877,0,-1,0,0,0.0,2.0,134,3.065300464630127,0,0.0,0,0.0,0,48.56227493286133,0,5
SH,GM,73,296,216,216,21.6,0.5424963235855103,0.5936911106109619,4.757023334503174,5.450582504272461,1.3310264348983765,0,-1,1,216,1.0,2.0,216,0.7103002071380615,0,0.0,0,0.0,0,18.66716766357422,2,7
SH,GM,73,297,145,145,14.5,0.2692241966724396,0.3084491789340973,3.6564016342163086,4.221458435058594,0.5039697885513306,0,-1,0,0,0.0,2.0,145,2.453883647918701,0,0.0,0,0.0,0,1.8691295385360718,0,5
SH,GM,73,298,225,225,22.5,0.16058391332626343,0.2046520859003067,4.6512837409973145,5.519572734832764,0.3527825176715851,0,-1,1,225,1.0,2.0,225,0.5275253057479858,0,0.0,0,0.0,0,8.947212219238281,1,6
SH,GM,73,299,305,305,30.5,0.47216126322746277,0.5764878392219543,4.44630241394043,4.885616779327393,2.0566506385803223,1,92,1,87,0.28524590163934427,2.0,92,0.0,0,0.0,0,0.0,0,0.0,1,6
SH,GM,73,300,249,249,24.900000000000002,0.3100917637348175,0.43574780225753784,1.6284167766571045,2.3093321323394775,0.5505484342575073,0,-1,1,194,0.7791164658634538,2.0,249,1.6636244058609009,0,0.0,0,0.0,0,2.1326773166656494,0,5
SH,GM,73,301,492,492,49.2,0.4830660820007324,0.6587699055671692,5.06597900390625,6.1631340980529785,1.234252691268921,0,-1,1,135,0.27439024390243905,2.0,492,1.1492117643356323,0,0.0,0,0.0,0,3.321462869644165,1,6
SH,GM,73,302,339,339,33.9,0.1686238944530487,0.19915418326854706,2.7303051948547363,2.972073554992676,0.3723095655441284,0,-1,1,339,1.0,2.0,339,1.14835786819458,0,0.0,0,0.0,0,21.345102310180664,1,6
SH,GM,73,303,318,318,31.8,0.29141244292259216,0.3769630789756775,1.402064561843872,1.7932184934616089,0.43985670804977417,1,301,1,301,0.9465408805031447,2.0,301,0.0,0,0.0,0,0.0,0,0.0,2,7
SH,GM,73,304,206,206,20.6,0.3537347614765167,0.4933358430862427,3.029980421066284,3.448315382003784,0.44171321392059326,0,-1,1,206,1.0,2.0,206,0.22512824833393097,0,0.0,0,0.0,0,0.6713253259658813,0,5
SH,GM,73,305,796,796,79.60000000000001,0.1972675770521164,0.24632808566093445,26.39751434326172,30.147735595703125,0.8468968868255615,0,-1,1,133,0.1670854271356784,2.0,796,1.7710920572280884,0,0.0,0,0.0,0,41.3105583190918,1,6
SH,GM,73,306,214,214,21.400000000000002,0.7228453159332275,1.0642904043197632,2.9747097492218018,4.357671737670898,1.5696752071380615,1,168,1,168,0.7850467289719626,2.0,168,0.0,0,0.0,0,0.0,0,0.0,1,6
SH,GM,73,307,144,144,14.4,0.470814973115921,0.6434683203697205,2.665172815322876,3.9464924335479736,0.7289112210273743,0,-1,1,142,0.9861111111111112,2.0,144,1.5311062335968018,0,0.0,0,0.0,0,1.6061683893203735,2,7
SH,GM,73,308,292,292,29.200000000000003,0.5394399166107178,0.6432662010192871,3.151195764541626,4.561898708343506,0.7672256827354431,0,-1,1,292,1.0,2.0,292,0.7178962826728821,0,0.0,0,0.0,0,1.70148503780365,2,7
SH,GM,73,309,143,143,14.3,0.25997018814086914,0.33912235498428345,0.8343720436096191,0.9499704241752625,0.2539442777633667,0,-1,0,0,0.0,2.0,143,5.535607814788818,0,0.0,0,0.0,0,4.420788764953613,1,6
SH,GM,73,310,137,137,13.700000000000001,0.2163550853729248,0.2809513807296753,2.1396193504333496,2.6623120307922363,0.33812573552131653,0,-1,1,79,0.5766423357664233,2.0,137,1.80335533618927,0,0.0,0,0.0,0,6.518637657165527,2,7
SH,GM,73,311,804,804,80.4,0.289246529340744,0.3785196840763092,30.222457885742188,40.501564025878906,1.2690480947494507,0,-1,0,0,0.0,2.0,804,3.09214186668396,0,0.0,0,0.0,0,6.9350199699401855,0,5
SH,GM,73,312,146,146,14.600000000000001,0.7585647106170654,1.0893034934997559,3.6249172687530518,4.396351337432861,1.9181060791015625,1,105,1,105,0.7191780821917808,2.0,105,0.0,0,0.0,0,0.0,0,0.0,0,5
SH,GM,73,313,337,337,33.7,0.43353334069252014,0.5726505517959595,6.203731536865234,9.508877754211426,1.22750723361969,0,-1,1,337,1.0,2.0,337,0.039429403841495514,0,0.0,0,0.0,0,0.08917731791734695,1,6
SH,GM,73,314,139,139,13.9,0.17508430778980255,0.24895422160625458,4.323405742645264,5.032724857330322,0.6192801594734192,0,-1,1,51,0.3669064748201439,2.0,139,1.910095453262329,0,0.0,0,0.0,0,29.96546745300293,0,5
SH,GM,73,315,310,310,31.0,0.4168807864189148,0.651748776435852,4.820686340332031,5.478480815887451,0.8972248435020447,1,260,1,260,0.8387096774193549,2.0,260,0.0,0,0.0,0,0.0,0,0.0,2,7
SH,GM,73,316,135,135,13.5,0.3632902503013611,0.4495180547237396,10.070622444152832,11.602911949157715,1.2397770881652832,0,-1,0,0,0.0,2.0,135,3.9270434379577637,0,0.0,0,0.0,0,12.683065414428711,2,7
SH,GM,73,317,245,245,24.5,0.3674003481864929,0.44565549492836,5.395359992980957,6.549124717712402,1.1539281606674194,0,-1,1,13,0.053061224489795916,2.0,245,1.7717113494873047,0,0.0,0,0.0,0,13.054632186889648,2,7
SH,GM,73,318,141,141,14.100000000000001,0.34867456555366516,0.4057616591453552,8.789698600769043,10.595738410949707,1.1817108392715454,0,-1,0,0,0.0,2.0,141,3.0570316314697266,0,0.0,0,0.0,0,25.49888038635254,0,5
SH,GM,73,319,409,409,40.900000000000006,0.2662980258464813,0.3988541066646576,2.3762197494506836,2.6108012199401855,0.36058810353279114,0,-1,1,409,1.0,2.0,409,0.1290617436170578,0,0.0,0,0.0,0,1.8643531799316406,2,7
SH,GM,73,320,180,180,18.0,0.35987570881843567,0.42614510655403137,1.5767717361450195,1.9080792665481567,0.4960886538028717,0,-1,1,92,0.5111111111111111,2.0,180,1.671372890472412,0,0.0,0,0.0,0,3.25677752494812,1,6
SH,GM,73,321,418,418,41.800000000000004,0.3375232517719269,0.4281213879585266,8.675230026245117,10.789262771606445,0.7009046077728271,0,-1,1,418,1.0,2.0,418,1.2237628698349,0,0.0,0,0.0,0,26.590576171875,0,5
SH,GM,73,322,132,132,13.200000000000001,0.2762276828289032,0.3380168676376343,4.076610088348389,5.470006465911865,0.8849136233329773,0,-1,1,132,1.0,2.0,132,1.5393847227096558,0,0.0,0,0.0,0,25.63523292541504,2,7
SH,GM,73,323,268,268,26.8,0.49061891436576843,0.7412428855895996,2.4410524368286133,3.478111743927002,0.7365910410881042,0,-1,1,268,1.0,2.0,268,1.4644720554351807,0,0.0,0,0.0,0,2.620454788208008,1,6
SH,GM,73,324,324,324,32.4,0.46808210015296936,0.5684294700622559,5.077328681945801,5.631320476531982,1.489201545715332,1,228,1,228,0.7037037037037037,2.0,228,0.0,0,0.0,0,0.0,0,0.0,0,5
SH,GM,73,325,214,214,21.400000000000002,0.4519658386707306,0.5205904841423035,9.43906021118164,11.192609786987305,2.0128281116485596,1,127,1,127,0.5934579439252337,2.0,127,0.0,0,0.0,0,0.0,0,0.0,2,7
SH,GM,73,326,147,147,14.700000000000001,0.23544402420520782,0.30986276268959045,0.5962538719177246,0.7195794582366943,0.2812471389770508,0,-1,1,86,0.5850340136054422,2.0,147,1.8874907493591309,0,0.0,0,0.0,0,1.5932655334472656,1,6
SH,GM,73,327,169,169,16.900000000000002,0.23118968307971954,0.2771120071411133,0.4731152355670929,0.5851931571960449,0.23102682828903198,0,-1,1,169,1.0,2.0,169,0.7872548699378967,0,0.0,0,0.0,0,9.725301742553711,1,6
SH,GM,73,328,147,147,14.700000000000001,0.2875600755214691,0.3464556038379669,4.591822147369385,5.794751167297363,0.8969390392303467,0,-1,0,0,0.0,2.0,147,3.7959001064300537,0,0.0,0,0.0,0,6.879207611083984,2,7
SH,GM,73,329,170,170,17.0,0.7001551985740662,0.8250041604042053,17.47452163696289,19.506248474121094,1.6463700532913208,0,-1,0,0,0.0,2.0,170,5.677553176879883,0,0.0,0,0.0,0,13.807416915893555,1,6
SH,GM,73,330,732,732,73.2,0.2674284875392914,0.342889666557312,10.251964569091797,11.415542602539062,0.6524487137794495,0,-1,0,0,0.0,2.0,732,3.313145399093628,0,0.0,0,0.0,0,27.04984474182129,0,5
SH,GM,73,331,235,235,23.5,0.12337245792150497,0.15568456053733826,1.1815451383590698,1.4178156852722168,0.13612863421440125,0,-1,0,0,0.0,2.0,235,2.750291347503662,0,0.0,0,0.0,0,2.736515998840332,0,5
SH,GM,73,332,183,183,18.3,0.5665854215621948,0.7469620108604431,6.002979755401611,6.817255973815918,1.6094597578048706,1,80,1,61,0.3333333333333333,2.0,80,0.0,0,0.0,0,0.0,0,0.0,0,5
SH,GM,73,333,525,525,52.5,0.3634418249130249,0.44773584604263306,7.066818714141846,7.9721174240112305,3.2965569496154785,1,206,1,89,0.16952380952380952,2.0,206,0.0,0,0.0,0,0.0,0,0.0,0,5
SH,GM,73,334,496,496,49.6,0.36591699719429016,0.49312877655029297,6.687067031860352,8.22590446472168,1.0375018119812012,0,-1,1,268,0.5403225806451613,2.0,496,0.7079163193702698,0,0.0,0,0.0,0,4.63719367980957,0,5
SH,GM,73,335,141,141,14.100000000000001,0.3152499496936798,0.37293052673339844,3.4006383419036865,3.796027898788452,0.5780217051506042,0,-1,0,0,0.0,2.0,141,2.4939236640930176,0,0.0,0,0.0,0,2.8720622062683105,2,7
SH,GM,73,336,533,533,53.300000000000004,0.2367611974477768,0.30589836835861206,1.2258278131484985,1.3866101503372192,0.314203679561615,0,-1,0,0,0.0,2.0,533,2.574984550476074,0,0.0,0,0.0,0,2.99908709526062,2,7
SH,GM,73,337,223,223,22.3,0.24752815067768097,0.3015390932559967,3.815265417098999,5.707876682281494,0.8449994921684265,0,-1,1,69,0.3094170403587444,2.0,223,1.5299291610717773,0,0.0,0,0.0,0,3.589320182800293,2,7
SH,GM,73,338,730,730,73.0,0.12965939939022064,0.16536164283752441,12.165008544921875,16.49807357788086,0.5694355964660645,0,-1,1,513,0.7027397260273973,2.0,730,1.5457905530929565,0,0.0,0,0.0,0,27.507862091064453,2,7
SH,GM,73,339,200,200,20.0,0.31993433833122253,0.4098239839076996,3.8660688400268555,4.5003838539123535,0.4731455147266388,0,-1,1,200,1.0,2.0,200,1.119779348373413,0,0.0,0,0.0,0,8.807958602905273,2,7
SH,GM,73,340,131,131,13.100000000000001,0.33814942836761475,0.4363937973976135,3.875742197036743,4.279221534729004,0.62962406873703,0,-1,1,36,0.2748091603053435,2.0,131,1.4762160778045654,0,0.0,0,0.0,0,0.8138014674186707,2,7
SH,GM,73,341,300,300,30.0,0.300132155418396,0.360059529542923,10.220993995666504,11.412957191467285,0.7391494512557983,0,-1,0,0,0.0,2.0,300,7.719454288482666,0,0.0,0,0.0,0,21.694414138793945,1,6
SH,GM,73,342,137,137,13.700000000000001,0.2893790304660797,0.38043591380119324,5.678808212280273,6.134317874908447,0.31416648626327515,0,-1,0,0,0.0,2.0,137,3.028235912322998,0,0.0,0,0.0,0,7.382156848907471,0,5
SH,GM,73,343,268,268,26.8,0.1958494931459427,0.24076345562934875,0.9610493183135986,1.3308485746383667,0.3657025694847107,0,-1,1,268,1.0,2.0,268,1.0462948083877563,0,0.0,0,0.0,0,13.439215660095215,0,5
SH,GM,73,344,219,219,21.900000000000002,0.2294498234987259,0.2858788073062897,1.581114411354065,1.9496134519577026,0.33983954787254333,0,-1,1,199,0.908675799086758,2.0,219,1.5860697031021118,0,0.0,0,0.0,0,2.2433459758758545,0,5
SH,GM,73,345,849,849,84.9,0.17514106631278992,0.2199820876121521,38.77067565917969,41.8846435546875,1.035978078842163,0,-1,0,0,0.0,2.0,849,2.70058274269104,0,0.0,0,0.0,0,52.64507293701172,2,7
SH,GM,73,346,192,192,19.200000000000003,0.12908147275447845,0.16090816259384155,3.989455223083496,5.166821002960205,0.5155207514762878,0,-1,1,192,1.0,2.0,192,0.7735703587532043,0,0.0,0,0.0,0,14.560761451721191,0,5
SH,GM,73,347,222,222,22.200000000000003,0.14256742596626282,0.182632714509964,14.932507514953613,18.20623207092285,1.4009675979614258,0,-1,1,222,1.0,2.0,222,0.9177254438400269,0,0.0,0,0.0,0,15.528058052062988,0,5
SH,GM,73,348,565,565,56.5,0.3106527328491211,0.390484094619751,3.681889057159424,4.0730767250061035,0.5049821138381958,0,-1,1,565,1.0,2.0,565,0.3820819854736328,0,0.0,0,0.0,0,1.9824860095977783,1,6
SH,GM,73,349,197,197,19.700000000000003,0.28714898228645325,0.3565729856491089,4.127399444580078,4.712498188018799,0.6361966729164124,0,-1,1,38,0.19289340101522842,2.0,197,1.2677569389343262,0,0.0,0,0.0,0,3.660588502883911,2,7
SH,GM,73,350,196,196,19.6,0.4524276852607727,0.5434525609016418,4.608545303344727,5.346380233764648,1.1445248126983643,0,-1,0,0,0.0,2.0,196,4.596485137939453,0,0.0,0,0.0,0,36.76289749145508,2,7
SH,GM,73,351,259,259,25.900000000000002,0.18078964948654175,0.22823265194892883,1.7393884658813477,2.4344325065612793,0.3606832027435303,0,-1,1,94,0.36293436293436293,2.0,259,1.3972798585891724,0,0.0,0,0.0,0,8.783768653869629,2,7
SH,GM,73,352,471,471,47.1,0.11035040766000748,0.13656701147556305,13.84728717803955,16.210111618041992,0.8943853378295898,0,-1,0,0,0.0,2.0,471,2.641472101211548,0,0.0,0,0.0,0,55.93926239013672,2,7
SH,GM,73,353,175,175,17.5,0.14559195935726166,0.1685255616903305,5.072620868682861,6.150694370269775,0.63543301820755,0,-1,0,0,0.0,2.0,175,2.744777202606201,0,0.0,0,0.0,0,46.76919937133789,0,5
SH,GM,73,354,290,290,29.0,0.4473959505558014,0.5758948922157288,1.3222553730010986,1.5554090738296509,0.5125779509544373,0,-1,1,290,1.0,2.0,290,1.834380030632019,0,0.0,0,0.0,0,6.415650844573975,1,6
SH,GM,73,355,461,461,46.1,0.41802841424942017,0.5632349252700806,1.8344703912734985,2.1584200859069824,0.5712957978248596,0,-1,1,461,1.0,2.0,461,0.5638005137443542,0,0.0,0,0.0,0,1.7732962369918823,0,5
SH,GM,73,356,192,192,19.200000000000003,0.1761355996131897,0.2265472710132599,1.0221022367477417,1.1705652475357056,0.3044348955154419,0,-1,0,0,0.0,2.0,192,3.358705520629883,0,0.0,0,0.0,0,3.6043903827667236,2,7
SH,GM,73,357,252,252,25.200000000000003,0.31081733107566833,0.41749727725982666,2.051270008087158,3.3761403560638428,0.6091116666793823,0,-1,1,203,0.8055555555555556,2.0,252,1.190271258354187,0,0.0,0,0.0,0,9.37004566192627,1,6
SH,GM,73,358,190,190,19.0,0.19271057844161987,0.2270938754081726,1.715872049331665,1.933925986289978,0.4014505445957184,0,-1,1,190,1.0,2.0,190,0.6364200115203857,0,0.0,0,0.0,0,10.857397079467773,2,7
SH,GM,73,359,131,131,13.100000000000001,0.257617324590683,0.3163534998893738,1.0291824340820312,1.2153890132904053,0.4497680068016052,0,-1,1,131,1.0,2.0,131,1.3739128112792969,0,0.0,0,0.0,0,16.467710494995117,0,5
SH,GM,73,360,459,459,45.900000000000006,0.39391884207725525,0.4939616024494171,2.871342897415161,3.2698795795440674,0.5516228079795837,0,-1,1,459,1.0,2.0,459,0.06763729453086853,0,0.0,0,0.0,0,0.06453939527273178,2,7
SH,GM,73,361,354,354,35.4,0.22217129170894623,0.3115215003490448,15.229451179504395,17.920406341552734,1.088017225265503,0,-1,1,148,0.4180790960451977,2.0,354,1.531660795211792,0,0.0,0,0.0,0,22.990070343017578,2,7
SH,GM,73,362,136,136,13.600000000000001,0.4203910827636719,0.5392634868621826,3.4621691703796387,4.649022102355957,0.8883712291717529,0,-1,1,91,0.6691176470588235,2.0,136,1.3397878408432007,0,0.0,0,0.0,0,2.5522921085357666,1,6
SH,GM,73,363,1072,1072,107.2,0.40328675508499146,0.5413728356361389,6.535614013671875,7.08795166015625,10.007936477661133,1,113,1,113,0.10541044776119403,2.0,113,0.0,0,0.0,0,0.0,0,0.0,2,7
SH,GM,73,364,234,234,23.400000000000002,0.13367412984371185,0.16663087904453278,9.571768760681152,12.156258583068848,1.0493465662002563,0,-1,0,0,0.0,2.0,234,5.459965229034424,0,0.0,0,0.0,0,16.834720611572266,1,6
SH,GM,73,365,542,542,54.2,0.20328760147094727,0.25893452763557434,10.860732078552246,12.501145362854004,0.5073784589767456,0,-1,1,185,0.3413284132841328,2.0,542,0.8195887207984924,0,0.0,0,0.0,0,6.709386825561523,0,5
SH,GM,73,366,267,267,26.700000000000003,0.2723139524459839,0.38552039861679077,2.4680490493774414,4.092782497406006,0.5274716019630432,0,-1,0,0,0.0,2.0,267,2.434260368347168,0,0.0,0,0.0,0,35.378501892089844,1,6
SH,GM,73,367,166,166,16.6,0.4912090003490448,0.6162816882133484,1.0745223760604858,1.3551864624023438,0.5891762971878052,0,-1,1,166,1.0,2.0,166,0.9152304530143738,0,0.0,0,0.0,0,1.0043907165527344,0,5
SH,GM,73,368,215,215,21.5,0.2693335711956024,0.3618955612182617,2.669464588165283,3.0952117443084717,0.5321999788284302,0,-1,1,186,0.8651162790697674,2.0,215,1.6644290685653687,0,0.0,0,0.0,0,36.57494354248047,0,5
SH,GM,73,369,211,211,21.1,0.27959495782852173,0.33760759234428406,4.02615213394165,4.881194114685059,1.021852731704712,0,-1,1,211,1.0,2.0,211,0.47438672184944153,0,0.0,0,0.0,0,4.567081928253174,1,6
SH,GM,73,370,1096,1096,109.60000000000001,0.44055598974227905,0.5553345084190369,7.567142009735107,10.61664867401123,0.8847972750663757,0,-1,1,246,0.22445255474452555,2.0,1096,1.8548129796981812,0,0.0,0,0.0,0,3.5711193084716797,1,6
SH,GM,73,371,647,647,64.7,0.23629513382911682,0.30129051208496094,9.461905479431152,10.87430477142334,0.5920702219009399,0,-1,1,386,0.5965996908809892,2.0,647,1.5837821960449219,0,0.0,0,0.0,0,29.564489364624023,0,5
SH,GM,73,372,179,179,17.900000000000002,0.19770975410938263,0.2397068589925766,0.5997641682624817,0.7175431847572327,0.17157508432865143,0,-1,0,0,0.0,2.0,179,3.0031862258911133,0,0.0,0,0.0,0,2.715649127960205,1,6
SH,GM,73,373,235,235,23.5,0.2887532413005829,0.3765276372432709,1.8847911357879639,2.492549180984497,0.504615843296051,0,-1,1,198,0.8425531914893617,2.0,235,1.0427507162094116,0,0.0,0,0.0,0,6.225244522094727,1,6
SH,GM,73,374,440,440,44.0,0.125166654586792,0.16385319828987122,24.367822647094727,28.45784568786621,1.0706067085266113,0,-1,0,0,0.0,2.0,440,2.425168514251709,0,0.0,0,0.0,0,70.25377655029297,0,5
SH,GM,73,375,209,209,20.900000000000002,0.3464375138282776,0.5337280631065369,2.419896364212036,2.6697535514831543,0.47635403275489807,0,-1,1,51,0.24401913875598086,2.0,209,1.9844411611557007,0,0.0,0,0.0,0,4.632082462310791,1,6
SH,GM,73,376,147,147,14.700000000000001,0.36966434121131897,0.48092639446258545,2.451838970184326,2.9361367225646973,0.6754024624824524,0,-1,1,147,1.0,2.0,147,1.3493517637252808,0,0.0,0,0.0,0,10.279828071594238,0,5
SH,GM,73,377,137,137,13.700000000000001,0.35859161615371704,0.4173031747341156,3.116394281387329,3.6780130863189697,0.7944132089614868,0,-1,1,40,0.291970802919708,2.0,137,1.8842967748641968,0,0.0,0,0.0,0,37.197021484375,1,6
SH,GM,73,378,251,251,25.1,0.26545849442481995,0.3279930353164673,4.294440269470215,5.306347370147705,0.8130420446395874,0,-1,1,70,0.2788844621513944,2.0,251,1.3432780504226685,0,0.0,0,0.0,0,1.2197729349136353,2,7
SH,GM,73,379,162,162,16.2,0.2737259864807129,0.43797731399536133,0.43892452120780945,0.5882616639137268,0.2759574353694916,0,-1,0,0,0.0,2.0,162,3.2862024307250977,0,0.0,0,0.0,0,6.2938761711120605,1,6
SH,GM,73,380,192,192,19.200000000000003,0.31977638602256775,0.38727813959121704,1.738679051399231,2.4544568061828613,0.5609204173088074,0,-1,0,0,0.0,2.0,192,7.9949846267700195,0,0.0,0,0.0,0,9.988500595092773,0,5
SH,GM,73,381,376,376,37.6,0.362162321805954,0.4463540315628052,3.834867000579834,5.081783294677734,0.5699552297592163,0,-1,1,376,1.0,2.0,376,1.3514583110809326,0,0.0,0,0.0,0,14.09691047668457,0,5
SH,GM,73,382,217,217,21.700000000000003,0.17768347263336182,0.2645489275455475,2.9144136905670166,3.6898341178894043,0.3132358193397522,0,-1,0,0,0.0,2.0,217,5.3048248291015625,0,0.0,0,0.0,0,8.262810707092285,1,6
SH,GM,73,383,216,216,21.6,0.3671354651451111,0.44078561663627625,1.7977720499038696,1.98862624168396,0.37415507435798645,0,-1,1,216,1.0,2.0,216,1.21877920627594,0,0.0,0,0.0,0,4.904250144958496,1,6
SH,GM,73,384,155,155,15.5,0.21473731100559235,0.2735811769962311,0.631029486656189,0.7771472334861755,0.19394350051879883,0,-1,1,155,1.0,2.0,155,0.5771232843399048,0,0.0,0,0.0,0,11.322951316833496,1,6
SH,GM,73,385,154,154,15.4,0.3539924919605255,0.4022383391857147,9.914786338806152,11.645307540893555,1.1736637353897095,0,-1,1,142,0.922077922077922,2.0,154,1.4840011596679688,0,0.0,0,0.0,0,29.530481338500977,2,7
SH,GM,73,386,246,246,24.6,0.2943900525569916,0.3554920256137848,9.14310073852539,11.149884223937988,1.0797650814056396,0,-1,0,0,0.0,2.0,246,2.0978989601135254,0,0.0,0,0.0,0,4.7669596672058105,2,7
SH,GM,73,387,383,383,38.300000000000004,0.3182542026042938,0.4451427459716797,14.968693733215332,17.270830154418945,1.1681945323944092,0,-1,0,0,0.0,2.0,383,2.8495473861694336,0,0.0,0,0.0,0,5.517169952392578,1,6
SH,GM,73,388,239,239,23.900000000000002,0.2576538324356079,0.34028375148773193,4.022738456726074,5.6008992195129395,0.6589219570159912,0,-1,0,0,0.0,2.0,239,2.313114643096924,0,0.0,0,0.0,0,13.899600982666016,2,7
SH,GM,73,389,477,477,47.7,0.3802849054336548,0.5589612126350403,10.432337760925293,11.630834579467773,1.132965326309204,0,-1,1,5,0.010482180293501049,2.0,477,1.9422584772109985,0,0.0,0,0.0,0,15.440484046936035,1,6
SH,GM,73,390,140,140,14.0,0.3559272289276123,0.47870948910713196,9.10046672821045,10.239123344421387,0.996563732624054,0,-1,1,140,1.0,2.0,140,0.44081827998161316,0,0.0,0,0.0,0,5.75382137298584,1,6
SH,GM,73,391,240,240,24.0,0.24322785437107086,0.30270907282829285,3.426452159881592,4.225306987762451,0.6661887764930725,0,-1,0,0,0.0,2.0,240,3.1105222702026367,0,0.0,0,0.0,0,11.109857559204102,0,5
SH,GM,73,392,312,312,31.200000000000003,0.3306310474872589,0.4038742780685425,2.1556248664855957,2.4248740673065186,0.45030340552330017,0,-1,1,202,0.6474358974358975,2.0,312,1.2549526691436768,0,0.0,0,0.0,0,0.7645179033279419,2,7
SH,GM,73,393,143,143,14.3,0.17398546636104584,0.22027936577796936,2.65842342376709,3.1554553508758545,0.37122878432273865,0,-1,1,143,1.0,2.0,143,0.8220804333686829,0,0.0,0,0.0,0,13.621870994567871,2,7
SH,GM,73,394,170,170,17.0,0.4092545807361603,0.49337536096572876,6.98447847366333,7.619151592254639,0.9378380179405212,0,-1,0,0,0.0,2.0,170,4.939809322357178,0,0.0,0,0.0,0,12.149683952331543,0,5
SH,GM,73,395,150,150,15.0,0.153087317943573,0.19405747950077057,0.8416225910186768,0.9628990292549133,0.22268834710121155,0,-1,0,0,0.0,2.0,150,7.816394329071045,0,0.0,0,0.0,0,3.920090913772583,2,7
SH,GM,73,396,168,168,16.8,0.31310826539993286,0.37345314025878906,1.7483121156692505,2.0994274616241455,0.40414151549339294,0,-1,1,168,1.0,2.0,168,1.314768671989441,0,0.0,0,0.0,0,1.3820840120315552,2,7
SH,GM,73,397,210,210,21.0,0.22703464329242706,0.3043616712093353,2.3736095428466797,3.0030853748321533,0.5003190040588379,0,-1,0,0,0.0,2.0,210,2.620946168899536,0,0.0,0,0.0,0,33.80398178100586,1,6
SH,GM,73,398,221,221,22.1,0.4008857309818268,0.498230516910553,5.422028541564941,6.532149791717529,0.5806081891059875,0,-1,1,221,1.0,2.0,221,0.08506304770708084,0,0.0,0,0.0,0,0.3166150450706482,0,5
SH,GM,73,399,155,155,15.5,0.3457738757133484,0.4271239638328552,3.4709315299987793,4.502716541290283,0.6811673641204834,0,-1,1,155,1.0,2.0,155,0.4390634298324585,0,0.0,0,0.0,0,3.7043683528900146,2,7
SH,GM,73,400,209,209,20.900000000000002,0.26519253849983215,0.32985156774520874,1.7792431116104126,2.2642202377319336,0.47259965538978577,0,-1,0,0,0.0,2.0,209,2.322352647781372,0,0.0,0,0.0,0,5.834910869598389,2,7
SH,GM,73,401,140,140,14.0,0.23219506442546844,0.27952390909194946,8.479835510253906,10.854400634765625,1.6812251806259155,0,-1,0,0,0.0,2.0,140,3.2768704891204834,0,0.0,0,0.0,0,8.563243865966797,2,7
SH,GM,73,402,566,566,56.6,0.18663598597049713,0.26000887155532837,2.016096353530884,2.4680042266845703,0.3334249258041382,0,-1,0,0,0.0,2.0,566,3.866084575653076,0,0.0,0,0.0,0,4.092205047607422,0,5
SH,GM,73,403,139,139,13.9,0.1574643850326538,0.1933552324771881,3.8430562019348145,4.392316818237305,0.46034878492355347,0,-1,1,139,1.0,2.0,139,1.73312246799469,0,0.0,0,0.0,0,29.78988265991211,1,6
SH,GM,73,404,241,241,24.1,0.19561168551445007,0.2356547713279724,1.3977779150009155,1.7068413496017456,0.37297940254211426,0,-1,1,241,1.0,2.0,241,0.6737977266311646,0,0.0,0,0.0,0,10.564504623413086,2,7
SH,GM,73,405,192,192,19.200000000000003,0.16254113614559174,0.20797467231750488,5.15836763381958,6.856082916259766,0.82802814245224,0,-1,1,192,1.0,2.0,192,1.1054000854492188,0,0.0,0,0.0,0,20.12911033630371,1,6
SH,GM,73,406,247,247,24.700000000000003,0.34527891874313354,0.40448057651519775,3.292322874069214,4.100167751312256,0.5329337120056152,0,-1,0,0,0.0,2.0,247,4.00684118270874,0,0.0,0,0.0,0,4.067698001861572,1,6
SH,GM,73,407,253,253,25.3,0.4274475574493408,0.5718575716018677,9.293468475341797,10.019111633300781,0.9565718173980713,0,-1,1,29,0.11462450592885376,2.0,253,1.64603853225708,0,0.0,0,0.0,0,4.900018215179443,1,6
SH,GM,73,408,158,158,15.8,0.24073195457458496,0.31855109333992004,0.8969106674194336,1.1582038402557373,0.22059449553489685,0,-1,1,148,0.9367088607594937,2.0,158,1.290270209312439,0,0.0,0,0.0,0,0.7920215725898743,1,6
SH,GM,73,409,173,173,17.3,0.3014763593673706,0.35916635394096375,11.716025352478027,13.595845222473145,1.3129738569259644,0,-1,1,173,1.0,2.0,173,0.9487794041633606,0,0.0,0,0.0,0,11.9036283493042,2,7
SH,GM,73,410,202,202,20.200000000000003,0.45083943009376526,0.5539236068725586,10.239864349365234,13.24209976196289,1.4414442777633667,0,-1,0,0,0.0,2.0,202,4.072488307952881,0,0.0,0,0.0,0,9.501195907592773,1,6
SH,GM,73,411,184,184,18.400000000000002,0.25393468141555786,0.3679553270339966,13.412008285522461,15.4113130569458,1.3273558616638184,0,-1,1,179,0.9728260869565217,2.0,184,1.540751338005066,0,0.0,0,0.0,0,33.65869903564453,0,5
SH,GM,73,412,142,142,14.200000000000001,1.1112895011901855,1.2913150787353516,8.555908203125,9.93757438659668,2.802733898162842,1,85,1,85,0.5985915492957746,2.0,85,0.0,0,0.0,0,0.0,0,0.0,0,5
SH,GM,73,413,180,180,18.0,0.2822783589363098,0.3705904483795166,3.0075979232788086,3.352886199951172,0.520980179309845,0,-1,1,180,1.0,2.0,180,0.616998016834259,0,0.0,0,0.0,0,3.5550553798675537,1,6
SH,GM,73,414,222,222,22.200000000000003,0.40506455302238464,0.469197154045105,2.1364877223968506,2.710632085800171,0.6397864818572998,0,-1,1,222,1.0,2.0,222,1.0612900257110596,0,0.0,0,0.0,0,10.987760543823242,1,6
SH,GM,73,415,567,567,56.7,0.13696284592151642,0.18879880011081696,3.636134386062622,4.736349582672119,0.390129029750824,0,-1,1,306,0.5396825396825397,2.0,567,1.289108395576477,0,0.0,0,0.0,0,14.553001403808594,1,6
SH,GM,73,416,533,533,53.300000000000004,0.49848008155822754,0.7254059910774231,13.334918022155762,15.354040145874023,1.010794997215271,0,-1,0,0,0.0,2.0,533,3.1345579624176025,0,0.0,0,0.0,0,5.428581237792969,0,5
SH,GM,73,417,181,181,18.1,0.3193836808204651,0.37254539132118225,1.6344592571258545,2.375134229660034,0.7955141663551331,0,-1,0,0,0.0,2.0,181,2.955559253692627,0,0.0,0,0.0,0,14.441339492797852,2,7
SH,GM,73,418,198,198,19.8,0.4264952540397644,0.5715302228927612,3.323694944381714,4.245425701141357,0.6645538806915283,0,-1,1,198,1.0,2.0,198,0.8946767449378967,0,0.0,0,0.0,0,4.026525497436523,2,7
SH,GM,73,419,133,133,13.3,0.20801909267902374,0.27591419219970703,3.1794562339782715,4.4963202476501465,0.7679516077041626,0,-1,1,76,0.5714285714285714,2.0,133,1.7648571729660034,0,0.0,0,0.0,0,34.46934509277344,1,6
SH,GM,73,420,132,132,13.200000000000001,0.39414361119270325,0.4647413492202759,1.2889084815979004,2.2216386795043945,0.8827718496322632,0,-1,1,132,1.0,2.0,132,0.8811841607093811,0,0.0,0,0.0,0,8.503596305847168,0,5
SH,GM,73,421,140,140,14.0,0.20110395550727844,0.2502376139163971,7.859711647033691,9.727537155151367,1.3376370668411255,0,-1,1,31,0.22142857142857142,2.0,140,1.9484249353408813,0,0.0,0,0.0,0,33.102535247802734,0,5
SH,GM,73,422,417,417,41.7,0.30527767539024353,0.38666436076164246,0.6116784811019897,0.7177618741989136,0.23868978023529053,0,-1,1,387,0.9280575539568345,2.0,417,0.9824917316436768,0,0.0,0,0.0,0,0.5464910268783569,1,6
SH,GM,73,423,186,186,18.6,0.3812250792980194,0.5161673426628113,6.345509052276611,7.316722869873047,1.0182301998138428,0,-1,1,73,0.3924731182795699,2.0,186,1.609284520149231,0,0.0,0,0.0,0,9.570338249206543,0,5
SH,GM,73,424,209,209,20.900000000000002,0.15120655298233032,0.20454026758670807,4.765504837036133,5.848090171813965,0.6750664114952087,0,-1,1,209,1.0,2.0,209,1.1180322170257568,0,0.0,0,0.0,0,20.181550979614258,0,5
SH,GM,73,425,215,215,21.5,0.2674683630466461,0.3424099385738373,0.9288098216056824,1.1938345432281494,0.2947922945022583,0,-1,0,0,0.0,2.0,215,3.246605634689331,0,0.0,0,0.0,0,3.5369601249694824,1,6
SH,GM,73,426,613,613,61.300000000000004,0.35395076870918274,0.459338903427124,15.782801628112793,18.581207275390625,1.1221356391906738,0,-1,1,157,0.2561174551386623,2.0,613,0.987154483795166,0,0.0,0,0.0,0,0.179838165640831,0,5
SH,GM,73,427,224,224,22.400000000000002,0.400938481092453,0.5373725295066833,3.2972910404205322,4.673351287841797,0.6063620448112488,0,-1,1,224,1.0,2.0,224,1.2932313680648804,0,0.0,0,0.0,0,3.815500020980835,0,5
SH,GM,73,428,171,171,17.1,0.45132553577423096,0.5616235733032227,1.04084050655365,1.2656326293945312,0.5927560925483704,0,-1,1,171,1.0,2.0,171,0.9894881844520569,0,0.0,0,0.0,0,1.011123538017273,0,5
SH,GM,73,429,317,317,31.700000000000003,0.4543735682964325,0.7005994319915771,5.263224124908447,6.097846508026123,1.2025761604309082,1,283,1,283,0.8927444794952681,2.0,283,0.0,0,0.0,0,0.0,0,0.0,2,7
SH,GM,73,430,150,150,15.0,0.26818111538887024,0.36817261576652527,2.927037239074707,3.7707512378692627,0.48729491233825684,0,-1,0,0,0.0,2.0,150,4.9437713623046875,0,0.0,0,0.0,0,7.569669246673584,0,5
SH,GM,73,431,721,721,72.10000000000001,0.19075264036655426,0.23901288211345673,5.54564094543457,6.285539150238037,0.3813971281051636,0,-1,1,699,0.9694868238557559,2.0,721,0.8024241924285889,0,0.0,0,0.0,0,8.123470306396484,2,7
SH,GM,73,432,912,912,91.2,0.2880006730556488,0.3591124713420868,16.48169708251953,18.714527130126953,0.7282596826553345,0,-1,0,0,0.0,2.0,912,3.296945571899414,0,0.0,0,0.0,0,15.324923515319824,1,6
SH,GM,73,433,248,248,24.8,0.31036993861198425,0.3823072910308838,7.338547706604004,8.081161499023438,0.7072619795799255,0,-1,0,0,0.0,2.0,248,3.186052083969116,0,0.0,0,0.0,0,5.081521034240723,1,6
SH,GM,73,434,158,158,15.8,0.20756514370441437,0.25352489948272705,0.8043963313102722,0.966591477394104,0.31034043431282043,0,-1,0,0,0.0,2.0,158,3.0658607482910156,0,0.0,0,0.0,0,2.559511661529541,2,7
SH,GM,73,435,202,202,20.200000000000003,0.25637564063072205,0.3148339092731476,2.5757017135620117,3.476803779602051,0.6601285934448242,0,-1,1,134,0.6633663366336634,2.0,202,1.3388409614562988,0,0.0,0,0.0,0,3.4765708446502686,2,7
SH,GM,73,436,1005,1005,100.5,0.16770517826080322,0.22633805871009827,2.6579110622406006,3.128476858139038,0.2906399071216583,0,-1,1,986,0.981094527363184,2.0,1005,1.239772915840149,0,0.0,0,0.0,0,2.5298609733581543,0,5
SH,GM,73,437,787,787,78.7,0.24765917658805847,0.32983675599098206,74.15026092529297,90.58238983154297,2.134845733642578,0,-1,0,0,0.0,2.0,787,2.0375778675079346,0,0.0,0,0.0,0,2.825169801712036,2,7
SH,GM,73,438,222,222,22.200000000000003,0.13667361438274384,0.1680927872657776,1.4154971837997437,1.7426104545593262,0.4028117060661316,0,-1,1,64,0.2882882882882883,2.0,222,1.2228449583053589,0,0.0,0,0.0,0,11.62198257446289,2,7
SH,GM,73,439,166,166,16.6,0.5862587690353394,0.6612533330917358,17.34665870666504,21.98213005065918,2.457181215286255,0,-1,1,13,0.0783132530120482,2.0,166,1.8189765214920044,0,0.0,0,0.0,0,5.785986423492432,1,6
SH,GM,73,440,1236,1236,123.60000000000001,0.2216203510761261,0.31414595246315,2.648254156112671,3.6558780670166016,0.36021387577056885,0,-1,0,0,0.0,2.0,1236,3.204324722290039,0,0.0,0,0.0,0,3.775975465774536,1,6
SH,GM,73,441,173,173,17.3,0.32018643617630005,0.36139723658561707,2.874005079269409,3.3339812755584717,0.47267791628837585,0,-1,1,173,1.0,2.0,173,0.4902089238166809,0,0.0,0,0.0,0,2.0045487880706787,0,5
SH,GM,73,442,309,309,30.900000000000002,0.19300974905490875,0.2336968183517456,5.847207069396973,6.671678066253662,0.5911699533462524,0,-1,1,309,1.0,2.0,309,0.742542564868927,0,0.0,0,0.0,0,18.64092254638672,1,6
SH,GM,73,443,171,171,17.1,0.12872909009456635,0.16574865579605103,1.9211161136627197,2.1929166316986084,0.2628786265850067,0,-1,0,0,0.0,2.0,171,2.8334667682647705,0,0.0,0,0.0,0,58.306060791015625,1,6
SH,GM,73,444,186,186,18.6,0.5175907611846924,0.6302397847175598,2.580764055252075,3.490736722946167,0.5384916663169861,0,-1,0,0,0.0,2.0,186,2.8661413192749023,0,0.0,0,0.0,0,4.585507869720459,1,6
SH,GM,73,445,175,175,17.5,0.31952735781669617,0.37657463550567627,9.092514991760254,11.026813507080078,0.9758186340332031,0,-1,1,20,0.11428571428571428,2.0,175,1.877728819847107,0,0.0,0,0.0,0,16.400436401367188,1,6
SH,GM,73,446,174,174,17.400000000000002,0.3243032991886139,0.4214218258857727,2.1170599460601807,2.3977510929107666,0.3436933159828186,1,171,1,155,0.8908045977011494,2.0,171,0.0,0,0.0,0,0.0,0,0.0,2,7
SH,GM,73,447,278,278,27.8,0.32170501351356506,0.40065592527389526,2.0164339542388916,2.4145686626434326,0.4637751877307892,0,-1,1,234,0.841726618705036,2.0,278,1.058454155921936,0,0.0,0,0.0,0,1.0134137868881226,1,6
SH,GM,73,448,142,142,14.200000000000001,0.3090403974056244,0.4305357038974762,0.2657468616962433,0.3522177040576935,0.21442045271396637,0,-1,0,0,0.0,2.0,142,2.704493999481201,0,0.0,0,0.0,0,2.9280216693878174,1,6
SH,GM,73,449,212,212,21.200000000000003,0.5033736824989319,0.6391168832778931,1.8146708011627197,2.3130228519439697,0.5097148418426514,0,-1,0,0,0.0,2.0,212,2.8600289821624756,0,0.0,0,0.0,0,4.754921913146973,1,6
SH,GM,73,450,257,257,25.700000000000003,0.18858462572097778,0.24680355191230774,2.8565328121185303,3.6375529766082764,0.37061789631843567,0,-1,1,257,1.0,2.0,257,0.7978029251098633,0,0.0,0,0.0,0,10.306402206420898,2,7
SH,GM,73,451,162,162,16.2,0.33286377787590027,0.3865146338939667,3.6432390213012695,4.132236480712891,0.4783807396888733,0,-1,0,0,0.0,2.0,162,2.704524517059326,0,0.0,0,0.0,0,3.1884348392486572,2,7
SH,GM,73,452,573,573,57.300000000000004,0.16839168965816498,0.21312439441680908,3.6984035968780518,4.0958251953125,0.3559167683124542,0,-1,1,573,1.0,2.0,573,1.2156413793563843,0,0.0,0,0.0,0,2.8602981567382812,1,6
SH,GM,73,453,188,188,18.8,0.26565787196159363,0.32749566435813904,10.479850769042969,12.371369361877441,1.0832061767578125,0,-1,0,0,0.0,2.0,188,4.043639659881592,0,0.0,0,0.0,0,30.35685920715332,2,7
SH,GM,73,454,295,295,29.5,0.48005780577659607,0.6103591918945312,22.185144424438477,24.451583862304688,1.4002798795700073,0,-1,0,0,0.0,2.0,295,8.242230415344238,0,0.0,0,0.0,0,16.23779296875,0,5
SH,GM,73,455,158,158,15.8,0.31174471974372864,0.4118736684322357,3.017306327819824,3.705059051513672,0.8338202238082886,0,-1,0,0,0.0,2.0,158,3.9403257369995117,0,0.0,0,0.0,0,68.90977478027344,0,5
SH,GM,73,456,394,394,39.400000000000006,0.2782105505466461,0.3413485288619995,2.1799826622009277,2.901238441467285,0.5275501012802124,0,-1,0,0,0.0,2.0,394,3.214909791946411,0,0.0,0,0.0,0,4.870676517486572,1,6
SH,GM,73,457,221,221,22.1,0.2695079445838928,0.3274730145931244,1.6755189895629883,2.0609164237976074,0.4921466112136841,0,-1,0,0,0.0,2.0,221,3.305452585220337,0,0.0,0,0.0,0,7.927505970001221,1,6
SH,GM,73,458,152,152,15.200000000000001,0.5671060681343079,0.6976697444915771,11.502348899841309,12.920299530029297,1.2411189079284668,0,-1,0,0,0.0,2.0,152,2.6910438537597656,0,0.0,0,0.0,0,23.596036911010742,2,7
SH,GM,73,459,207,207,20.700000000000003,0.2689705491065979,0.3553677499294281,9.169776916503906,10.254961967468262,0.600462019443512,0,-1,1,207,1.0,2.0,207,1.2495570182800293,0,0.0,0,0.0,0,7.830402374267578,1,6
SH,GM,73,460,430,430,43.0,0.3161863684654236,0.422697514295578,3.5860538482666016,4.932096004486084,0.7256476879119873,0,-1,1,430,1.0,2.0,430,0.07195951789617538,0,0.0,0,0.0,0,0.5030728578567505,1,6
SH,GM,73,461,389,389,38.900000000000006,0.3827182650566101,0.5497022271156311,24.363632202148438,30.138994216918945,1.5018582344055176,0,-1,0,0,0.0,2.0,389,3.1418933868408203,0,0.0,0,0.0,0,6.633522033691406,0,5
SH,GM,73,462,442,442,44.2,0.20042821764945984,0.2902824580669403,6.829989910125732,7.182137966156006,0.37813153862953186,0,-1,1,115,0.26018099547511314,2.0,442,1.4483026266098022,0,0.0,0,0.0,0,7.6807661056518555,1,6
SH,GM,73,463,183,183,18.3,0.2013607770204544,0.25626322627067566,2.548326253890991,2.905336856842041,0.465855211019516,0,-1,1,133,0.726775956284153,2.0,183,1.0171711444854736,0,0.0,0,0.0,0,4.615192413330078,1,6
SH,GM,73,464,408,408,40.800000000000004,0.1417897343635559,0.1782754808664322,2.029038190841675,2.5275628566741943,0.3171044588088989,0,-1,1,246,0.6029411764705882,2.0,408,1.083029866218567,0,0.0,0,0.0,0,5.014191627502441,0,5
SH,GM,73,465,167,167,16.7,0.29837262630462646,0.38351860642433167,7.041941165924072,8.744128227233887,1.1287431716918945,0,-1,0,0,0.0,2.0,167,2.3049776554107666,0,0.0,0,0.0,0,2.0829644203186035,1,6
SH,GM,73,466,220,220,22.0,0.47245901823043823,0.6023430824279785,3.9810075759887695,4.888476848602295,0.8322685956954956,0,-1,0,0,0.0,2.0,220,2.7659244537353516,0,0.0,0,0.0,0,7.991072177886963,1,6
SH,GM,73,467,170,170,17.0,0.42333468794822693,0.4702320396900177,16.062368392944336,19.612003326416016,2.098133087158203,0,-1,1,7,0.041176470588235294,2.0,170,1.9508943557739258,0,0.0,0,0.0,0,5.643369674682617,1,6
SH,GM,73,468,155,155,15.5,0.3684113621711731,0.47960957884788513,10.447237968444824,12.515332221984863,1.650639533996582,0,-1,0,0,0.0,2.0,155,2.0934340953826904,0,0.0,0,0.0,0,5.080779075622559,0,5
SH,GM,73,469,204,204,20.400000000000002,0.26880672574043274,0.376967191696167,33.15251159667969,40.9614372253418,3.691680669784546,0,-1,1,170,0.8333333333333334,2.0,204,0.8300157189369202,0,0.0,0,0.0,0,21.64424705505371,1,6
SH,GM,73,470,293,293,29.3,0.28918150067329407,0.3643036186695099,8.797860145568848,11.440461158752441,1.0226268768310547,0,-1,0,0,0.0,2.0,293,2.5263049602508545,0,0.0,0,0.0,0,4.04190731048584,0,5
SH,GM,73,471,451,451,45.1,0.2879032790660858,0.3695887327194214,15.639762878417969,18.57845687866211,1.2936623096466064,0,-1,1,41,0.09090909090909091,2.0,451,1.8285237550735474,0,0.0,0,0.0,0,4.431529998779297,1,6
SH,GM,73,472,362,362,36.2,0.20851421356201172,0.27286937832832336,2.112354278564453,2.2387988567352295,0.2384752333164215,0,-1,0,0,0.0,2.0,362,3.487487316131592,0,0.0,0,0.0,0,4.02560567855835,1,6
SH,GM,73,473,319,319,31.900000000000002,0.3229970633983612,0.42184340953826904,11.072489738464355,13.387809753417969,1.443419337272644,0,-1,1,45,0.14106583072100312,2.0,319,1.8815829753875732,0,0.0,0,0.0,0,2.9217429161071777,0,5
SH,GM,73,474,174,174,17.400000000000002,0.4363180100917816,0.6913861632347107,7.859261512756348,8.828088760375977,0.9001405835151672,0,-1,0,0,0.0,2.0,174,2.1295125484466553,0,0.0,0,0.0,0,22.48197364807129,0,5
SH,GM,73,475,147,147,14.700000000000001,0.24870562553405762,0.3230708837509155,4.6336517333984375,6.077866077423096,0.7246542572975159,0,-1,1,94,0.6394557823129252,2.0,147,0.9483070969581604,0,0.0,0,0.0,0,5.669883728027344,1,6
SH,GM,73,476,154,154,15.4,0.36602893471717834,0.48549360036849976,0.5271948575973511,0.6540067195892334,0.37876707315444946,0,-1,1,70,0.45454545454545453,2.0,154,1.8537352085113525,0,0.0,0,0.0,0,3.4815711975097656,0,5
SH,GM,73,477,157,157,15.700000000000001,0.2295638471841812,0.2799198031425476,1.216004490852356,1.3745485544204712,0.2600407898426056,0,-1,1,123,0.7834394904458599,2.0,157,1.5522089004516602,0,0.0,0,0.0,0,10.112504959106445,0,5
SH,GM,73,478,207,207,20.700000000000003,0.4733455777168274,0.6167848706245422,1.4126849174499512,1.678537368774414,0.528921365737915,0,-1,1,200,0.966183574879227,2.0,207,1.4969183206558228,0,0.0,0,0.0,0,3.4199109077453613,2,7
SH,GM,73,479,183,183,18.3,0.44283515214920044,0.5624041557312012,9.72856330871582,11.129365921020508,1.1784569025039673,0,-1,0,0,0.0,2.0,183,2.3202826976776123,0,0.0,0,0.0,0,11.306514739990234,2,7
SH,GM,73,480,333,333,33.300000000000004,0.5078372359275818,0.6117660403251648,2.1415655612945557,2.9340720176696777,0.6906483769416809,0,-1,1,333,1.0,2.0,333,0.7481017708778381,0,0.0,0,0.0,0,3.650017261505127,0,5
SH,GM,73,481,436,436,43.6,0.33472928404808044,0.4131659269332886,2.378615140914917,3.9781038761138916,0.4984852373600006,0,-1,1,436,1.0,2.0,436,1.4938353300094604,0,0.0,0,0.0,0,1.760389804840088,2,7
SH,GM,73,482,179,179,17.900000000000002,0.29425665736198425,0.39315587282180786,1.3631527423858643,2.106701612472534,0.6763772368431091,0,-1,0,0,0.0,2.0,179,2.941985607147217,0,0.0,0,0.0,0,2.460540771484375,2,7
SH,GM,73,483,188,188,18.8,0.1850186139345169,0.24262872338294983,11.821558952331543,14.307230949401855,1.3635354042053223,0,-1,1,188,1.0,2.0,188,0.5829560160636902,0,0.0,0,0.0,0,15.901263236999512,0,5
SH,GM,73,484,597,597,59.7,0.3565877676010132,0.4588291049003601,5.4289045333862305,6.096992015838623,0.9225056171417236,1,545,1,537,0.8994974874371859,2.0,545,0.0,0,0.0,0,0.0,0,0.0,2,7
SH,GM,73,485,153,153,15.3,0.3308675289154053,0.4248695373535156,1.1821588277816772,1.3839250802993774,0.36319267749786377,0,-1,1,153,1.0,2.0,153,0.532258927822113,0,0.0,0,0.0,0,6.3790388107299805,1,6
SH,GM,73,486,230,230,23.0,0.342500776052475,0.4326435923576355,6.085087776184082,6.66611385345459,0.7039352655410767,0,-1,1,230,1.0,2.0,230,0.9262393116950989,0,0.0,0,0.0,0,1.8182084560394287,1,6
SH,GM,73,487,868,868,86.80000000000001,0.23128868639469147,0.320669561624527,9.666221618652344,11.61805534362793,1.1353996992111206,0,-1,1,146,0.16820276497695852,2.0,868,1.2941986322402954,0,0.0,0,0.0,0,4.491482257843018,0,5
SH,GM,73,488,145,145,14.5,0.39883074164390564,0.4788692593574524,9.937705993652344,12.349600791931152,1.7272700071334839,0,-1,0,0,0.0,2.0,145,2.591308832168579,0,0.0,0,0.0,0,7.85130500793457,1,6
SH,GM,73,489,316,316,31.6,0.19497449696063995,0.2566066086292267,1.2055310010910034,1.414711594581604,0.2384733110666275,0,-1,1,316,1.0,2.0,316,1.239539384841919,0,0.0,0,0.0,0,1.0600566864013672,1,6
SH,GM,73,490,210,210,21.0,0.22298243641853333,0.30429795384407043,6.287394046783447,8.982446670532227,1.1442216634750366,0,-1,0,0,0.0,2.0,210,3.7403388023376465,0,0.0,0,0.0,0,3.3645148277282715,2,7
SH,GM,73,491,147,147,14.700000000000001,0.35886067152023315,0.4444180428981781,0.32457777857780457,0.3891731798648834,0.2551441788673401,0,-1,0,0,0.0,2.0,147,2.3341846466064453,0,0.0,0,0.0,0,2.1263179779052734,2,7
SH,GM,73,492,181,181,18.1,0.2200659066438675,0.2774243950843811,1.5179334878921509,1.6815903186798096,0.30948951840400696,0,-1,0,0,0.0,2.0,181,4.546702861785889,0,0.0,0,0.0,0,6.740046501159668,0,5
SH,GM,73,493,157,157,15.700000000000001,0.4990060329437256,0.6238663196563721,2.5886144638061523,3.4024293422698975,0.7546114325523376,0,-1,1,157,1.0,2.0,157,0.554625928401947,0,0.0,0,0.0,0,4.944911479949951,1,6
SH,GM,73,494,151,151,15.100000000000001,0.222566157579422,0.2865982949733734,1.4084621667861938,2.240597724914551,0.47283172607421875,0,-1,1,151,1.0,2.0,151,0.8038527369499207,0,0.0,0,0.0,0,4.693839073181152,2,7
SH,GM,73,495,494,494,49.400000000000006,0.3737989068031311,0.4984090328216553,1.7226141691207886,2.016650438308716,0.404278427362442,0,-1,1,454,0.9190283400809717,2.0,494,1.2692482471466064,0,0.0,0,0.0,0,0.8139607906341553,2,7
SH,GM,73,496,132,132,13.200000000000001,0.21786455810070038,0.25084346532821655,7.372841835021973,9.775193214416504,1.5786583423614502,0,-1,1,132,1.0,2.0,132,1.1043039560317993,0,0.0,0,0.0,0,24.98984718322754,1,6
SH,GM,73,497,310,310,31.0,0.5556551814079285,0.6751523613929749,19.395442962646484,22.71759033203125,2.027884006500244,0,-1,0,0,0.0,2.0,310,2.860962390899658,0,0.0,0,0.0,0,8.871964454650879,0,5
SH,GM,73,498,239,239,23.900000000000002,0.2960745096206665,0.34929925203323364,5.938541889190674,7.5593156814575195,0.9363006353378296,0,-1,1,213,0.891213389121339,2.0,239,0.9288465976715088,0,0.0,0,0.0,0,3.370666742324829,1,6
SH,GM,73,499,215,215,21.5,0.16567398607730865,0.2145441174507141,0.6534029245376587,0.7133468389511108,0.14236736297607422,0,-1,1,201,0.9348837209302325,2.0,215,1.6515858173370361,0,0.0,0,0.0,0,1.3867926597595215,2,7
SH,GM,73,500,222,222,22.200000000000003,0.20071344077587128,0.27599430084228516,2.8686933517456055,3.9903995990753174,0.43055224418640137,0,-1,0,0,0.0,2.0,222,3.8061652183532715,0,0.0,0,0.0,0,3.949838638305664,0,5
SH,GM,73,501,327,327,32.7,0.30079495906829834,0.4058073163032532,2.2838923931121826,3.43959641456604,0.6467625498771667,0,-1,1,327,1.0,2.0,327,0.8665049076080322,0,0.0,0,0.0,0,8.53429889678955,0,5
SH,GM,73,502,1595,1595,159.5,0.2982853949069977,0.373022198677063,1.5168288946151733,2.0743374824523926,0.2843037247657776,0,-1,1,1595,1.0,2.0,1595,1.24970543384552,0,0.0,0,0.0,0,1.2993218898773193,2,7
SH,GM,73,503,323,323,32.300000000000004,0.22055377066135406,0.25735604763031006,2.1508054733276367,2.5932650566101074,0.6492413282394409,0,-1,1,323,1.0,2.0,323,0.8993368148803711,0,0.0,0,0.0,0,15.902560234069824,2,7
SH,GM,73,504,257,257,25.700000000000003,0.4137508273124695,0.5549530982971191,6.636059761047363,10.233665466308594,1.5660775899887085,0,-1,0,0,0.0,2.0,257,2.9557693004608154,0,0.0,0,0.0,0,9.066539764404297,0,5
SH,GM,73,505,263,263,26.3,0.19064873456954956,0.22401581704616547,2.62365984916687,3.0252606868743896,0.3568512499332428,0,-1,0,0,0.0,2.0,263,4.795313835144043,0,0.0,0,0.0,0,6.499739170074463,0,5
SH,GM,73,506,363,363,36.300000000000004,0.2761262059211731,0.37108007073402405,1.162737488746643,1.3305597305297852,0.2754261791706085,0,-1,1,363,1.0,2.0,363,1.2619198560714722,0,0.0,0,0.0,0,1.1446059942245483,0,5
SH,GM,73,507,140,140,14.0,0.24696597456932068,0.31310081481933594,1.0786627531051636,1.1998685598373413,0.3949315845966339,0,-1,1,140,1.0,2.0,140,1.4642503261566162,0,0.0,0,0.0,0,3.6362545490264893,1,6
SH,GM,73,508,438,438,43.800000000000004,0.3711616098880768,0.4371650218963623,2.783168315887451,3.441213607788086,0.7029836773872375,0,-1,1,408,0.9315068493150684,2.0,438,1.2554538249969482,0,0.0,0,0.0,0,19.005088806152344,1,6
SH,GM,73,509,266,266,26.6,0.4524029791355133,0.6286057829856873,21.427125930786133,29.299463272094727,2.2752344608306885,0,-1,0,0,0.0,2.0,266,3.1337125301361084,0,0.0,0,0.0,0,8.689868927001953,2,7
SH,GM,73,510,135,135,13.5,0.3165202736854553,0.36775505542755127,13.894482612609863,18.041980743408203,2.8102974891662598,0,-1,0,0,0.0,2.0,135,3.5449376106262207,0,0.0,0,0.0,0,79.17737579345703,0,5
SH,GM,73,511,216,216,21.6,0.18668825924396515,0.23062823712825775,3.2220606803894043,4.43469762802124,0.6308653354644775,0,-1,0,0,0.0,2.0,216,2.010444164276123,0,0.0,0,0.0,0,13.530832290649414,2,7
SH,GM,73,512,139,139,13.9,0.23443594574928284,0.28830042481422424,0.9854122400283813,1.1343941688537598,0.255523145198822,0,-1,0,0,0.0,2.0,139,5.171453475952148,0,0.0,0,0.0,0,6.253411293029785,2,7
SH,GM,73,513,143,143,14.3,0.16282904148101807,0.19339953362941742,1.2643247842788696,1.475624918937683,0.1947467178106308,0,-1,1,143,1.0,2.0,143,1.0305829048156738,0,0.0,0,0.0,0,10.061397552490234,0,5
SH,GM,73,514,191,191,19.1,0.10815339535474777,0.13456985354423523,3.3501341342926025,4.195559978485107,0.3990701735019684,0,-1,1,191,1.0,2.0,191,0.9963110685348511,0,0.0,0,0.0,0,8.481040954589844,0,5
SH,GM,73,515,259,259,25.900000000000002,0.2509464919567108,0.3127845227718353,20.388032913208008,24.74953842163086,1.599920392036438,0,-1,0,0,0.0,2.0,259,2.8838353157043457,0,0.0,0,0.0,0,54.435237884521484,1,6
SH,GM,73,516,188,188,18.8,0.38541555404663086,0.4876320958137512,5.957812309265137,6.75032901763916,0.8379749655723572,0,-1,0,0,0.0,2.0,188,2.4155454635620117,0,0.0,0,0.0,0,20.573204040527344,1,6
SH,GM,73,517,135,135,13.5,0.3188813328742981,0.3774055242538452,1.648364543914795,1.9471817016601562,0.38920146226882935,0,-1,1,125,0.9259259259259259,2.0,135,1.0688635110855103,0,0.0,0,0.0,0,0.3182506561279297,1,6
SH,GM,73,518,285,285,28.5,0.3953027129173279,0.4702901542186737,8.598862648010254,9.924422264099121,1.5559213161468506,0,-1,1,260,0.9122807017543859,2.0,285,1.213136076927185,0,0.0,0,0.0,0,18.395395278930664,1,6
SH,GM,73,519,840,840,84.0,0.2637060582637787,0.33271124958992004,12.634293556213379,13.997398376464844,0.8303408622741699,0,-1,1,840,1.0,2.0,840,0.26372042298316956,0,0.0,0,0.0,0,5.512242317199707,0,5
SH,GM,73,520,215,215,21.5,0.41861456632614136,0.5069357752799988,17.764562606811523,20.882728576660156,1.5967248678207397,0,-1,0,0,0.0,2.0,215,3.4225146770477295,0,0.0,0,0.0,0,6.948313236236572,0,5
SH,GM,73,521,141,141,14.100000000000001,0.5505031943321228,0.6311652660369873,11.738482475280762,14.373533248901367,1.9165540933609009,0,-1,0,0,0.0,2.0,141,2.2339398860931396,0,0.0,0,0.0,0,8.135018348693848,0,5
SH,GM,73,522,185,185,18.5,0.3093626797199249,0.40689289569854736,4.034307479858398,5.448558807373047,0.5948532223701477,0,-1,1,185,1.0,2.0,185,1.1081256866455078,0,0.0,0,0.0,0,15.444121360778809,0,5
SH,GM,73,523,165,165,16.5,0.2551136612892151,0.32899072766304016,2.408538579940796,2.644277334213257,0.3704838156700134,0,-1,0,0,0.0,2.0,165,2.5062694549560547,0,0.0,0,0.0,0,4.0280303955078125,1,6
SH,GM,73,524,136,136,13.600000000000001,0.21030907332897186,0.2525579035282135,1.6576288938522339,1.9640388488769531,0.5316399931907654,0,-1,1,41,0.3014705882352941,2.0,136,1.4866846799850464,0,0.0,0,0.0,0,14.313926696777344,2,7
SH,GM,73,525,904,904,90.4,0.23686374723911285,0.3076801300048828,51.94258117675781,65.65984344482422,1.3320924043655396,0,-1,0,0,0.0,2.0,904,3.2953522205352783,0,0.0,0,0.0,0,3.355271100997925,1,6
SH,GM,73,526,194,194,19.400000000000002,0.35262972116470337,0.41462522745132446,2.848295211791992,3.3414580821990967,0.47982877492904663,0,-1,1,194,1.0,2.0,194,0.5452991127967834,0,0.0,0,0.0,0,1.6376680135726929,1,6
SH,GM,73,527,385,385,38.5,0.3708413243293762,0.5495761036872864,32.1065559387207,35.95766830444336,1.7045283317565918,0,-1,0,0,0.0,2.0,385,2.8422091007232666,0,0.0,0,0.0,0,7.607707977294922,2,7
SH,GM,73,528,144,144,14.4,0.29618871212005615,0.36869511008262634,2.852269172668457,3.1828670501708984,0.4854590594768524,1,131,1,131,0.9097222222222222,2.0,131,0.0,0,0.0,0,0.0,0,0.0,2,7
SH,GM,73,529,193,193,19.3,0.43550220131874084,0.6483985781669617,7.394105434417725,9.054705619812012,1.1043113470077515,0,-1,1,10,0.05181347150259067,2.0,193,1.6309714317321777,0,0.0,0,0.0,0,16.5611515045166,2,7
SH,GM,73,530,170,170,17.0,0.41033321619033813,0.5375319123268127,9.279402732849121,12.541136741638184,1.409313678741455,0,-1,1,170,1.0,2.0,170,1.319593906402588,0,0.0,0,0.0,0,25.110645294189453,2,7
SH,GM,73,531,205,205,20.5,0.3278230130672455,0.4904298782348633,0.6171225309371948,0.7834162712097168,0.3421873152256012,0,-1,1,205,1.0,2.0,205,1.0143027305603027,0,0.0,0,0.0,0,1.0539222955703735,0,5
SH,GM,73,532,277,277,27.700000000000003,0.36185863614082336,0.4753860831260681,6.943962097167969,8.501165390014648,0.7857687473297119,0,-1,1,206,0.7436823104693141,2.0,277,1.107818603515625,0,0.0,0,0.0,0,11.758504867553711,0,5
SH,GM,73,533,185,185,18.5,0.268324613571167,0.3297416567802429,8.48094367980957,10.359930038452148,1.0426993370056152,0,-1,0,0,0.0,2.0,185,2.5711536407470703,0,0.0,0,0.0,0,5.713683128356934,1,6
SH,GM,73,534,199,199,19.900000000000002,0.15839172899723053,0.18534314632415771,1.3734194040298462,1.681455135345459,0.3042267858982086,0,-1,0,0,0.0,2.0,199,2.8288097381591797,0,0.0,0,0.0,0,24.707534790039062,2,7
SH,GM,73,535,160,160,16.0,0.3812169134616852,0.5037074089050293,1.6570199728012085,2.2308738231658936,0.5813385844230652,0,-1,1,160,1.0,2.0,160,1.0110427141189575,0,0.0,0,0.0,0,5.637913227081299,1,6
SH,GM,73,536,197,197,19.700000000000003,0.30361199378967285,0.40564972162246704,3.232273817062378,4.7423224449157715,0.9293534159660339,0,-1,1,197,1.0,2.0,197,1.506585717201233,0,0.0,0,0.0,0,10.273383140563965,0,5
SH,GM,73,537,221,221,22.1,0.36448755860328674,0.4641174077987671,3.5378031730651855,4.677794456481934,0.9241125583648682,0,-1,1,103,0.4660633484162896,2.0,221,1.3072718381881714,0,0.0,0,0.0,0,7.145131587982178,2,7
SH,GM,73,538,140,140,14.0,0.1990223377943039,0.24130430817604065,3.6829211711883545,4.463857650756836,0.5912665724754333,0,-1,0,0,0.0,2.0,140,2.4931178092956543,0,0.0,0,0.0,0,27.860191345214844,2,7
SH,GM,73,539,329,329,32.9,0.49881792068481445,0.6796600222587585,1.4687514305114746,2.127443790435791,0.5176072716712952,0,-1,0,0,0.0,2.0,329,2.6091816425323486,0,0.0,0,0.0,0,2.4622600078582764,0,5
SH,GM,73,540,183,183,18.3,0.12560796737670898,0.15333060920238495,4.415921211242676,5.201688766479492,0.39506271481513977,0,-1,1,183,1.0,2.0,183,0.8399059176445007,0,0.0,0,0.0,0,8.237603187561035,0,5
SH,GM,73,541,155,155,15.5,0.5020855665206909,0.6073528528213501,4.754489421844482,5.82658052444458,0.739425778388977,0,-1,1,155,1.0,2.0,155,0.07591646164655685,0,0.0,0,0.0,0,0.6275466084480286,1,6
SH,GM,73,542,140,140,14.0,0.5207974910736084,0.7383652925491333,8.927539825439453,10.758435249328613,1.5619336366653442,0,-1,0,0,0.0,2.0,140,3.2881696224212646,0,0.0,0,0.0,0,4.220719814300537,0,5
SH,GM,73,543,207,207,20.700000000000003,0.2517218589782715,0.31006065011024475,10.35539722442627,13.474441528320312,1.5623362064361572,0,-1,0,0,0.0,2.0,207,2.555152416229248,0,0.0,0,0.0,0,5.059056282043457,0,5
SH,GM,73,544,1538,1538,153.8,0.42599716782569885,0.6071138978004456,5.915406227111816,6.307625770568848,3.897956609725952,1,254,1,254,0.16514954486345904,2.0,254,0.0,0,0.0,0,0.0,0,0.0,0,5
SH,GM,73,545,605,605,60.5,0.22744372487068176,0.29844775795936584,5.814057350158691,6.985681533813477,0.5882496237754822,0,-1,1,161,0.26611570247933886,2.0,605,1.193479061126709,0,0.0,0,0.0,0,3.562252998352051,0,5
SH,GM,73,546,433,433,43.300000000000004,0.3305262625217438,0.442775160074234,1.670385479927063,2.0668954849243164,0.4851672649383545,0,-1,1,433,1.0,2.0,433,0.4396287798881531,0,0.0,0,0.0,0,6.701265811920166,2,7
SH,GM,73,547,239,239,23.900000000000002,0.31178805232048035,0.46734026074409485,5.8516387939453125,7.765033721923828,1.1521143913269043,0,-1,0,0,0.0,2.0,239,2.724775552749634,0,0.0,0,0.0,0,39.83442687988281,2,7
SH,GM,73,548,276,276,27.6,0.12190752476453781,0.1550450623035431,7.0013861656188965,8.126514434814453,0.5193628072738647,0,-1,1,276,1.0,2.0,276,0.6218737363815308,0,0.0,0,0.0,0,15.279272079467773,2,7
SH,GM,73,549,388,388,38.800000000000004,0.35056769847869873,0.5108320713043213,1.2857741117477417,1.602578043937683,0.4535152018070221,0,-1,1,388,1.0,2.0,388,1.3570399284362793,0,0.0,0,0.0,0,3.899590492248535,0,5
SH,GM,73,550,473,473,47.300000000000004,0.5862483382225037,0.7179152369499207,2.9969494342803955,4.461181640625,0.748120129108429,0,-1,1,399,0.8435517970401691,2.0,473,1.0224947929382324,0,0.0,0,0.0,0,1.9583625793457031,0,5
SH,GM,73,551,211,211,21.1,0.35187819600105286,0.4515691101551056,1.3636326789855957,1.554552435874939,0.44035354256629944,0,-1,1,211,1.0,2.0,211,0.652483344078064,0,0.0,0,0.0,0,0.8848925232887268,2,7
SH,GM,73,552,532,532,53.2,0.3785168528556824,0.5468901991844177,1.5918599367141724,1.9244089126586914,0.46421635150909424,0,-1,1,379,0.7124060150375939,2.0,532,1.689772129058838,0,0.0,0,0.0,0,1.6402642726898193,1,6
SH,GM,73,553,338,338,33.800000000000004,0.2275051325559616,0.28825506567955017,1.2004650831222534,1.4520325660705566,0.34675389528274536,0,-1,0,0,0.0,2.0,338,2.791093587875366,0,0.0,0,0.0,0,3.3351476192474365,1,6
SH,GM,73,554,252,252,25.200000000000003,0.22534413635730743,0.2816615104675293,4.363304615020752,5.184792518615723,0.517132043838501,0,-1,1,200,0.7936507936507936,2.0,252,1.17363703250885,0,0.0,0,0.0,0,28.23829460144043,2,7
SH,GM,73,555,153,153,15.3,0.2895001471042633,0.3289047181606293,1.2849692106246948,1.5755020380020142,0.4162074029445648,0,-1,1,153,1.0,2.0,153,0.9790849685668945,0,0.0,0,0.0,0,16.307146072387695,0,5
SH,GM,73,556,158,158,15.8,0.47858715057373047,0.6405473947525024,3.297048807144165,4.540841102600098,0.9242726564407349,0,-1,1,135,0.8544303797468354,2.0,158,0.7442787885665894,0,0.0,0,0.0,0,6.893631458282471,1,6
SH,GM,73,557,250,250,25.0,0.2664722204208374,0.3079429566860199,3.703540325164795,3.9688708782196045,0.39258572459220886,0,-1,1,250,1.0,2.0,250,0.977321982383728,0,0.0,0,0.0,0,16.264253616333008,2,7
SH,GM,73,558,246,246,24.6,0.2563522458076477,0.3470328152179718,18.736360549926758,21.55791664123535,1.346287727355957,0,-1,0,0,0.0,2.0,246,2.0872182846069336,0,0.0,0,0.0,0,41.38134765625,0,5
SH,GM,73,559,779,779,77.9,0.3409464657306671,0.41176289319992065,6.870832443237305,7.6899495124816895,0.7525981068611145,0,-1,1,726,0.9319640564826701,2.0,779,0.23810699582099915,0,0.0,0,0.0,0,1.0202782154083252,1,6
SH,GM,73,560,501,501,50.1,0.25949424505233765,0.34202879667282104,1.6812269687652588,1.9981757402420044,0.39776691794395447,0,-1,1,501,1.0,2.0,501,0.6258233785629272,0,0.0,0,0.0,0,2.8950448036193848,1,6
SH,GM,73,561,139,139,13.9,0.34328508377075195,0.509106457233429,2.9292144775390625,3.480661392211914,0.4979571998119354,0,-1,1,85,0.6115107913669064,2.0,139,0.9623484015464783,0,0.0,0,0.0,0,6.945681571960449,0,5
SH,GM,73,562,152,152,15.200000000000001,0.21338675916194916,0.26030194759368896,0.5145620107650757,0.673296332359314,0.2434188723564148,0,-1,0,0,0.0,2.0,152,2.1600677967071533,0,0.0,0,0.0,0,1.989612102508545,0,5
SH,GM,73,563,328,328,32.800000000000004,0.20814335346221924,0.25871360301971436,14.332225799560547,17.799068450927734,1.1069315671920776,0,-1,0,0,0.0,2.0,328,2.4953951835632324,0,0.0,0,0.0,0,3.7973246574401855,1,6
SH,GM,73,564,308,308,30.8,0.4035824239253998,0.5524861812591553,2.875737428665161,3.2403299808502197,0.544049084186554,1,290,1,174,0.564935064935065,2.0,290,0.0,0,0.0,0,0.0,0,0.0,0,5
SH,GM,73,565,318,318,31.8,0.17650841176509857,0.21292243897914886,4.524575710296631,5.438928127288818,0.5284233093261719,0,-1,0,0,0.0,2.0,318,3.1638360023498535,0,0.0,0,0.0,0,51.410804748535156,1,6
SH,GM,73,566,173,173,17.3,0.23625977337360382,0.2870660126209259,5.632157325744629,7.568324089050293,0.9423452615737915,0,-1,0,0,0.0,2.0,173,3.506108283996582,0,0.0,0,0.0,0,8.523715019226074,1,6
SH,GM,73,567,131,131,13.100000000000001,0.19334116578102112,0.2259150594472885,4.411443710327148,6.191765308380127,1.1649550199508667,0,-1,1,131,1.0,2.0,131,0.8330085873603821,0,0.0,0,0.0,0,13.144448280334473,1,6
SH,GM,73,568,233,233,23.3,0.37022459506988525,0.5686839818954468,2.340531349182129,3.1936776638031006,0.5955636501312256,0,-1,0,0,0.0,2.0,233,2.273852586746216,0,0.0,0,0.0,0,13.877848625183105,0,5
SH,GM,73,569,453,453,45.300000000000004,0.2563067674636841,0.345577210187912,4.4261980056762695,5.462314605712891,0.6574084162712097,0,-1,1,453,1.0,2.0,453,0.4857664406299591,0,0.0,0,0.0,0,5.721886157989502,2,7
SH,GM,73,570,709,709,70.9,0.3863106071949005,0.4901847839355469,10.952713966369629,12.359845161437988,1.002217173576355,0,-1,0,0,0.0,2.0,709,2.7025909423828125,0,0.0,0,0.0,0,4.192673683166504,2,7
SH,GM,73,571,158,158,15.8,0.41963881254196167,0.548048734664917,6.608958721160889,7.294073104858398,0.8793336153030396,0,-1,1,2,0.012658227848101266,2.0,158,1.985691785812378,0,0.0,0,0.0,0,19.592714309692383,2,7
SH,GM,73,572,168,168,16.8,0.2953646183013916,0.3630080223083496,0.801561176776886,1.0414947271347046,0.35982295870780945,0,-1,1,168,1.0,2.0,168,0.8426161408424377,0,0.0,0,0.0,0,10.280791282653809,0,5
SH,GM,73,573,1151,1151,115.10000000000001,0.17897772789001465,0.22918973863124847,23.285133361816406,28.3050479888916,0.8706594705581665,0,-1,1,703,0.6107732406602954,2.0,1151,0.7310041189193726,0,0.0,0,0.0,0,13.41010570526123,0,5
SH,GM,73,574,398,398,39.800000000000004,0.5481187701225281,0.7045666575431824,13.132725715637207,17.668153762817383,9.321121215820312,1,115,1,115,0.2889447236180904,2.0,115,0.0,0,0.0,0,0.0,0,0.0,2,7
SH,GM,73,575,739,739,73.9,0.15887276828289032,0.2010711282491684,19.694013595581055,24.198036193847656,0.7707514762878418,0,-1,0,0,0.0,2.0,739,2.539849281311035,0,0.0,0,0.0,0,72.12395477294922,0,5
SH,GM,73,576,485,485,48.5,0.24401165544986725,0.28585946559906006,15.927145957946777,18.430063247680664,0.8780546188354492,0,-1,0,0,0.0,2.0,485,3.0232019424438477,0,0.0,0,0.0,0,14.927316665649414,1,6
SH,GM,73,577,862,862,86.2,0.19401058554649353,0.2605134844779968,3.0829927921295166,3.5065338611602783,0.26927897334098816,0,-1,1,862,1.0,2.0,862,1.0496634244918823,0,0.0,0,0.0,0,0.42511168122291565,1,6
SH,GM,73,578,136,136,13.600000000000001,0.15330342948436737,0.1787947565317154,0.37560904026031494,0.47768548130989075,0.18619772791862488,0,-1,0,0,0.0,2.0,136,3.9981868267059326,0,0.0,0,0.0,0,4.334744930267334,0,5
SH,GM,73,579,232,232,23.200000000000003,0.5249695181846619,0.6297220587730408,6.856395244598389,7.877767086029053,0.9187427163124084,0,-1,0,0,0.0,2.0,232,3.3200490474700928,0,0.0,0,0.0,0,4.56648588180542,0,5
SH,GM,73,580,302,302,30.200000000000003,0.3027004301548004,0.37086018919944763,2.0823416709899902,2.5873618125915527,0.5795174837112427,0,-1,1,259,0.8576158940397351,2.0,302,1.0274285078048706,0,0.0,0,0.0,0,3.9888713359832764,2,7
SH,GM,73,581,1057,1057,105.7,0.26386648416519165,0.37215468287467957,2.7192039489746094,3.251960515975952,0.3318325877189636,0,-1,1,1057,1.0,2.0,1057,0.13740304112434387,0,0.0,0,0.0,0,0.07669506967067719,1,6
SH,GM,73,582,225,225,22.5,0.24177657067775726,0.29519808292388916,1.1716148853302002,2.0361428260803223,0.37547600269317627,0,-1,0,0,0.0,2.0,225,2.2085487842559814,0,0.0,0,0.0,0,2.023677110671997,2,7
SH,GM,73,583,191,191,19.1,0.3326559364795685,0.4298240542411804,6.083258152008057,7.602266311645508,0.915396511554718,0,-1,1,76,0.39790575916230364,2.0,191,1.7883455753326416,0,0.0,0,0.0,0,6.023859977722168,1,6
SH,GM,73,584,449,449,44.900000000000006,0.27239981293678284,0.32648080587387085,15.830131530761719,18.225664138793945,1.1805050373077393,0,-1,0,0,0.0,2.0,449,3.8357760906219482,0,0.0,0,0.0,0,6.129268646240234,2,7
SH,GM,73,585,141,141,14.100000000000001,0.2999589741230011,0.4224978983402252,2.747285842895508,3.6311798095703125,0.5764012336730957,0,-1,0,0,0.0,2.0,141,2.2523553371429443,0,0.0,0,0.0,0,42.69365692138672,1,6
SH,GM,73,586,192,192,19.200000000000003,0.27072015404701233,0.3772093653678894,1.359602451324463,2.1327579021453857,0.49967852234840393,0,-1,1,72,0.375,2.0,192,1.114341378211975,0,0.0,0,0.0,0,10.630738258361816,2,7
SH,GM,73,587,182,182,18.2,0.5508008003234863,0.6341686844825745,15.935133934020996,18.904327392578125,1.9822343587875366,0,-1,0,0,0.0,2.0,182,2.964682102203369,0,0.0,0,0.0,0,43.45976257324219,2,7
SH,GM,73,588,186,186,18.6,0.1492467075586319,0.19271782040596008,1.0970205068588257,1.4589030742645264,0.3964197039604187,0,-1,1,109,0.5860215053763441,2.0,186,1.4402656555175781,0,0.0,0,0.0,0,29.150358200073242,2,7
SH,GM,73,589,1468,1468,146.8,0.27667683362960815,0.36146071553230286,23.2684383392334,25.3922176361084,0.7675235867500305,0,-1,0,0,0.0,2.0,1468,2.06994891166687,0,0.0,0,0.0,0,3.417083978652954,2,7
SH,GM,73,590,351,351,35.1,0.1789684295654297,0.21901968121528625,9.996500968933105,11.40788745880127,0.5368399620056152,0,-1,0,0,0.0,2.0,351,2.3193607330322266,0,0.0,0,0.0,0,29.735397338867188,1,6
SH,GM,73,591,154,154,15.4,0.2682252526283264,0.31793150305747986,9.11278247833252,10.945319175720215,1.4134151935577393,0,-1,1,138,0.8961038961038961,2.0,154,1.567929983139038,0,0.0,0,0.0,0,31.074687957763672,2,7
SH,GM,73,592,135,135,13.5,0.3597320020198822,0.43304237723350525,3.4850549697875977,4.206908702850342,0.5578046441078186,0,-1,1,42,0.3111111111111111,2.0,135,1.1637625694274902,0,0.0,0,0.0,0,9.341309547424316,2,7
SH,GM,73,593,146,146,14.600000000000001,0.31439006328582764,0.3809265196323395,7.481428623199463,9.76106071472168,1.5949537754058838,0,-1,0,0,0.0,2.0,146,4.000476837158203,0,0.0,0,0.0,0,6.182582378387451,1,6
SH,GM,73,594,236,236,23.6,0.20782549679279327,0.2548685371875763,4.594162464141846,5.659173011779785,0.42721399664878845,0,-1,1,234,0.9915254237288136,2.0,236,1.1419825553894043,0,0.0,0,0.0,0,14.071456909179688,2,7
SH,GM,73,595,271,271,27.1,0.28517237305641174,0.37741416692733765,1.917403221130371,2.5392401218414307,0.6253919005393982,0,-1,1,271,1.0,2.0,271,1.117326259613037,0,0.0,0,0.0,0,18.374666213989258,2,7
SH,GM,73,596,260,260,26.0,0.40284276008605957,0.5195303559303284,1.4210737943649292,1.795408844947815,0.5633707642555237,0,-1,0,0,0.0,2.0,260,4.244375228881836,0,0.0,0,0.0,0,5.0864996910095215,0,5
SH,GM,73,597,169,169,16.900000000000002,0.24049119651317596,0.32683756947517395,1.4788395166397095,1.6611586809158325,0.15757618844509125,1,158,1,158,0.9349112426035503,2.0,158,0.0,0,0.0,0,0.0,0,0.0,2,7
SH,GM,73,598,210,210,21.0,0.2653883099555969,0.30182185769081116,6.593078136444092,7.647267818450928,0.7304225564002991,0,-1,0,0,0.0,2.0,210,2.032550573348999,0,0.0,0,0.0,0,15.457795143127441,0,5
SH,GM,73,599,196,196,19.6,0.4261396825313568,0.505236804485321,2.910015106201172,3.2331204414367676,0.5789971947669983,0,-1,1,181,0.923469387755102,2.0,196,1.448541522026062,0,0.0,0,0.0,0,1.5787345170974731,0,5
SH,GM,73,600,208,208,20.8,0.4322335124015808,0.4974537193775177,7.1835503578186035,10.30814266204834,1.4315929412841797,0,-1,1,208,1.0,2.0,208,0.9304318428039551,0,0.0,0,0.0,0,11.163762092590332,0,5
SH,GM,73,601,261,261,26.1,0.36372071504592896,0.4536696970462799,0.4433266520500183,0.562347948551178,0.27695581316947937,0,-1,1,52,0.19923371647509577,2.0,261,1.961112141609192,0,0.0,0,0.0,0,2.17738676071167,2,7
SH,GM,73,602,589,589,58.900000000000006,0.30330103635787964,0.38048315048217773,2.053468942642212,3.035844326019287,0.4835321605205536,0,-1,0,0,0.0,2.0,589,2.592120409011841,0,0.0,0,0.0,0,2.762795925140381,0,5
SH,GM,73,603,161,161,16.1,0.2922675907611847,0.34966152906417847,5.034488677978516,7.2824273109436035,1.2945568561553955,0,-1,0,0,0.0,2.0,161,2.1208481788635254,0,0.0,0,0.0,0,44.91721725463867,0,5
SH,GM,73,604,161,161,16.1,0.17494702339172363,0.23106136918067932,2.519098997116089,3.1692216396331787,0.43854621052742004,0,-1,0,0,0.0,2.0,161,2.377624034881592,0,0.0,0,0.0,0,4.548535346984863,1,6
SH,GM,73,605,132,132,13.200000000000001,0.4127159118652344,0.7732065916061401,3.9098312854766846,4.366857051849365,0.6150652766227722,0,-1,0,0,0.0,2.0,132,2.646162271499634,0,0.0,0,0.0,0,2.2149136066436768,2,7
SH,GM,73,606,176,176,17.6,0.4359203577041626,0.5695242881774902,2.164930582046509,2.384780168533325,0.39621245861053467,0,-1,0,0,0.0,2.0,176,2.805621862411499,0,0.0,0,0.0,0,3.932166337966919,0,5
SH,GM,73,607,260,260,26.0,0.2680491805076599,0.3545685410499573,9.0474271774292,9.930395126342773,0.8336930871009827,0,-1,0,0,0.0,2.0,260,2.303762674331665,0,0.0,0,0.0,0,5.9025702476501465,1,6
SH,GM,73,608,150,150,15.0,0.19174353778362274,0.24564102292060852,3.4222946166992188,4.374059677124023,0.6531838774681091,0,-1,0,0,0.0,2.0,150,2.46626353263855,0,0.0,0,0.0,0,2.2309441566467285,1,6
SH,GM,73,609,423,423,42.300000000000004,0.38878172636032104,0.5131224393844604,2.860830545425415,3.4477057456970215,0.6755082011222839,0,-1,1,163,0.38534278959810875,2.0,423,1.8349987268447876,0,0.0,0,0.0,0,1.2475910186767578,2,7
SH,GM,73,610,260,260,26.0,0.14699743688106537,0.19143548607826233,9.704266548156738,11.619270324707031,0.74666428565979,0,-1,1,260,1.0,2.0,260,1.155537486076355,0,0.0,0,0.0,0,24.157146453857422,0,5
SH,GM,73,611,605,605,60.5,0.37226372957229614,0.5195122361183167,3.240431308746338,4.099061965942383,0.5364421010017395,0,-1,1,266,0.4396694214876033,2.0,605,1.4659128189086914,0,0.0,0,0.0,0,1.1375166177749634,1,6
SH,GM,73,612,259,259,25.900000000000002,0.540032148361206,0.7588770985603333,16.283761978149414,18.948719024658203,2.336895704269409,1,224,1,224,0.8648648648648649,2.0,224,0.0,0,0.0,0,0.0,0,0.0,2,7
SH,GM,73,613,346,346,34.6,0.23572593927383423,0.3038519024848938,3.2653250694274902,3.4885995388031006,0.29989704489707947,1,331,1,331,0.9566473988439307,2.0,331,0.0,0,0.0,0,0.0,0,0.0,1,6
SH,GM,73,614,431,431,43.1,0.2502485513687134,0.31807491183280945,9.113736152648926,10.33349895477295,0.365193635225296,0,-1,1,431,1.0,2.0,431,0.1670493483543396,0,0.0,0,0.0,0,1.7914446592330933,0,5
SH,GM,73,615,165,165,16.5,0.3045436441898346,0.40275296568870544,5.297741889953613,5.7126970291137695,0.5150266885757446,0,-1,0,0,0.0,2.0,165,2.8181862831115723,0,0.0,0,0.0,0,11.987874984741211,2,7
SH,GM,73,616,317,317,31.700000000000003,0.19767357409000397,0.2729082703590393,3.354914665222168,4.001795768737793,0.5668536424636841,0,-1,1,74,0.2334384858044164,2.0,317,1.9514743089675903,0,0.0,0,0.0,0,16.828641891479492,0,5
SH,GM,73,617,181,181,18.1,0.30071043968200684,0.392149955034256,2.0425591468811035,2.628237009048462,0.5112951397895813,0,-1,1,181,1.0,2.0,181,0.49114325642585754,0,0.0,0,0.0,0,9.918780326843262,1,6
SH,GM,73,618,176,176,17.6,0.2607821226119995,0.3148619830608368,4.946844100952148,5.565151691436768,0.7066861987113953,0,-1,0,0,0.0,2.0,176,6.22451639175415,0,0.0,0,0.0,0,19.810815811157227,2,7
SH,GM,73,619,151,151,15.100000000000001,0.25213080644607544,0.358857125043869,1.657564640045166,2.272268295288086,0.4015823304653168,0,-1,1,151,1.0,2.0,151,0.7959753274917603,0,0.0,0,0.0,0,3.1958906650543213,0,5
SH,GM,73,620,394,394,39.400000000000006,0.3335830867290497,0.44081494212150574,5.078401565551758,5.925858020782471,0.6002267003059387,0,-1,1,283,0.7182741116751269,2.0,394,1.8333812952041626,0,0.0,0,0.0,0,1.849583625793457,1,6
SH,GM,73,621,207,207,20.700000000000003,0.3348124921321869,0.42672085762023926,1.1816562414169312,1.5809088945388794,0.5125016570091248,0,-1,1,207,1.0,2.0,207,1.4283828735351562,0,0.0,0,0.0,0,9.902046203613281,1,6
SH,GM,73,622,186,186,18.6,0.3072507381439209,0.3612332344055176,3.2966370582580566,3.7105002403259277,0.5346747040748596,0,-1,0,0,0.0,2.0,186,5.204025745391846,0,0.0,0,0.0,0,50.579139709472656,0,5
SH,GM,73,623,162,162,16.2,0.14528711140155792,0.1702767312526703,4.0859293937683105,5.368993759155273,0.6733308434486389,0,-1,0,0,0.0,2.0,162,4.364018440246582,0,0.0,0,0.0,0,72.3781509399414,0,5
SH,GM,73,624,205,205,20.5,0.29968810081481934,0.37461918592453003,4.0537285804748535,4.400972843170166,0.551702618598938,0,-1,0,0,0.0,2.0,205,2.7008044719696045,0,0.0,0,0.0,0,17.004188537597656,1,6
SH,GM,73,625,146,146,14.600000000000001,0.38205453753471375,0.5150033235549927,2.5864696502685547,3.336683511734009,0.7391297221183777,0,-1,1,146,1.0,2.0,146,0.8884075880050659,0,0.0,0,0.0,0,9.709577560424805,2,7
SH,GM,73,626,177,177,17.7,0.2665412127971649,0.35964077711105347,0.3395479619503021,0.5627758502960205,0.2718658745288849,0,-1,1,177,1.0,2.0,177,0.37325534224510193,0,0.0,0,0.0,0,1.5283677577972412,1,6
SH,GM,73,627,323,323,32.300000000000004,0.6423199772834778,0.8652557134628296,22.551294326782227,25.73219108581543,2.0949530601501465,0,-1,0,0,0.0,2.0,323,8.161537170410156,0,0.0,0,0.0,0,20.386507034301758,2,7
SH,GM,73,628,228,228,22.8,0.3232925832271576,0.4128609597682953,1.0845274925231934,1.3857516050338745,0.28083252906799316,0,-1,1,228,1.0,2.0,228,1.34583580493927,0,0.0,0,0.0,0,4.657842636108398,0,5
SH,GM,73,629,330,330,33.0,0.2681909501552582,0.32713764905929565,4.44159460067749,5.574133396148682,0.6152909994125366,0,-1,1,12,0.03636363636363636,2.0,330,1.9842044115066528,0,0.0,0,0.0,0,8.031646728515625,1,6
SH,GM,73,630,286,286,28.6,0.1469656378030777,0.18953505158424377,26.964038848876953,33.983585357666016,2.445896625518799,0,-1,1,286,1.0,2.0,286,1.145267367362976,0,0.0,0,0.0,0,32.08100891113281,0,5
SH,GM,73,631,472,472,47.2,0.25734567642211914,0.34480759501457214,3.3347482681274414,3.8190789222717285,0.47358521819114685,0,-1,0,0,0.0,2.0,472,4.424284934997559,0,0.0,0,0.0,0,5.069025993347168,0,5
SH,GM,73,632,163,163,16.3,0.2534295618534088,0.31160107254981995,2.0321102142333984,2.152959108352661,0.3450610935688019,0,-1,1,108,0.6625766871165644,2.0,163,1.7584353685379028,0,0.0,0,0.0,0,3.701533317565918,2,7
SH,GM,73,633,174,174,17.400000000000002,0.43779492378234863,0.688171923160553,6.225658893585205,8.126212120056152,1.1921106576919556,0,-1,0,0,0.0,2.0,174,2.8971750736236572,0,0.0,0,0.0,0,6.539496421813965,1,6
SH,GM,73,634,308,308,30.8,0.33350253105163574,0.4122026264667511,4.022305011749268,4.648396015167236,0.867961049079895,0,-1,1,139,0.4512987012987013,2.0,308,1.2744141817092896,0,0.0,0,0.0,0,0.5641266703605652,1,6
SH,GM,73,635,281,281,28.1,0.2777993977069855,0.3243231773376465,4.725275993347168,5.729352951049805,0.6555863618850708,0,-1,1,281,1.0,2.0,281,1.0022133588790894,0,0.0,0,0.0,0,8.24682331085205,2,7
SH,GM,73,636,157,157,15.700000000000001,0.07629705220460892,0.10598499327898026,0.5050016045570374,0.5540770888328552,0.08380045741796494,0,-1,1,150,0.9554140127388535,2.0,157,1.5878344774246216,0,0.0,0,0.0,0,30.613813400268555,2,7
SH,GM,73,637,154,154,15.4,0.42667749524116516,0.5145840048789978,12.253915786743164,14.891413688659668,1.6579957008361816,0,-1,1,20,0.12987012987012986,2.0,154,1.6450042724609375,0,0.0,0,0.0,0,5.680976867675781,0,5
SH,GM,73,638,227,227,22.700000000000003,0.27923569083213806,0.35427093505859375,3.2505853176116943,3.7817163467407227,0.6766743063926697,0,-1,0,0,0.0,2.0,227,4.17567253112793,0,0.0,0,0.0,0,5.246701717376709,1,6
SH,GM,73,639,152,152,15.200000000000001,0.13607023656368256,0.193759486079216,5.008481025695801,5.609164714813232,0.44035983085632324,0,-1,1,152,1.0,2.0,152,0.8097304105758667,0,0.0,0,0.0,0,15.076729774475098,1,6
SH,GM,73,640,213,213,21.3,0.3422805368900299,0.464843213558197,4.504571437835693,5.1535234451293945,0.4028482139110565,1,212,1,212,0.9953051643192489,2.0,212,0.0,0,0.0,0,0.0,0,0.0,1,6
SH,GM,73,641,400,400,40.0,0.40567389130592346,0.5251033902168274,3.1651124954223633,3.743156671524048,0.4947841167449951,0,-1,1,400,1.0,2.0,400,0.39764663577079773,0,0.0,0,0.0,0,2.012774705886841,1,6
SH,GM,73,642,188,188,18.8,0.1378553807735443,0.16391393542289734,2.7088441848754883,3.3239777088165283,0.26302364468574524,0,-1,0,0,0.0,2.0,188,2.79569411277771,0,0.0,0,0.0,0,39.69711685180664,2,7
SH,GM,73,643,160,160,16.0,0.3187203109264374,0.4305919408798218,9.883615493774414,11.830879211425781,1.0790904760360718,0,-1,1,160,1.0,2.0,160,1.142072319984436,0,0.0,0,0.0,0,18.400285720825195,2,7
SH,GM,73,644,207,207,20.700000000000003,0.18565456569194794,0.27513256669044495,9.404777526855469,10.591385841369629,0.7473285794258118,0,-1,1,207,1.0,2.0,207,0.41458943486213684,0,0.0,0,0.0,0,7.0881757736206055,2,7
SH,GM,73,645,227,227,22.700000000000003,0.23400364816188812,0.2966155409812927,1.5324139595031738,2.3595283031463623,0.39229610562324524,0,-1,1,162,0.7136563876651982,2.0,227,1.6858322620391846,0,0.0,0,0.0,0,9.25458812713623,2,7
SH,GM,73,646,192,192,19.200000000000003,0.17953766882419586,0.24465109407901764,19.47109031677246,24.431316375732422,2.441098928451538,0,-1,1,2,0.010416666666666666,2.0,192,1.9646707773208618,0,0.0,0,0.0,0,41.47570037841797,0,5
SH,GM,73,647,228,228,22.8,0.25522473454475403,0.3029792308807373,2.601101875305176,3.589254379272461,0.4888647794723511,0,-1,1,228,1.0,2.0,228,1.2251229286193848,0,0.0,0,0.0,0,20.38956642150879,1,6
SH,GM,73,648,236,236,23.6,0.27324676513671875,0.34248051047325134,10.546573638916016,11.936156272888184,1.013573408126831,0,-1,0,0,0.0,2.0,236,5.831573486328125,0,0.0,0,0.0,0,13.401104927062988,0,5
SH,GM,73,649,184,184,18.400000000000002,0.25004565715789795,0.31714239716529846,5.293458461761475,6.843453884124756,0.640373706817627,0,-1,1,28,0.15217391304347827,2.0,184,0.9314592480659485,0,0.0,0,0.0,0,3.8268420696258545,1,6
SH,GM,73,650,156,156,15.600000000000001,0.32717183232307434,0.4389229416847229,4.665143966674805,5.222006320953369,0.5803963541984558,0,-1,1,131,0.8397435897435898,2.0,156,1.3651034832000732,0,0.0,0,0.0,0,5.289906978607178,0,5
SH,GM,73,651,177,177,17.7,0.28246715664863586,0.348805695772171,1.0321046113967896,1.4647672176361084,0.40827640891075134,0,-1,0,0,0.0,2.0,177,2.102583646774292,0,0.0,0,0.0,0,14.86122989654541,2,7
SH,GM,73,652,329,329,32.9,0.2721511423587799,0.33513593673706055,2.322491407394409,2.994035243988037,0.3379403352737427,0,-1,1,329,1.0,2.0,329,0.747247576713562,0,0.0,0,0.0,0,3.1884260177612305,1,6
SH,GM,73,653,155,155,15.5,0.1980907917022705,0.24139563739299774,3.9556479454040527,4.495814800262451,0.5678266882896423,0,-1,0,0,0.0,2.0,155,2.4183876514434814,0,0.0,0,0.0,0,6.5506391525268555,2,7
SH,GM,73,654,1169,1169,116.9,0.3659152090549469,0.5008381009101868,7.993918418884277,9.614235877990723,0.7012544870376587,0,-1,0,0,0.0,2.0,1169,2.9024691581726074,0,0.0,0,0.0,0,4.498289108276367,2,7
SH,GM,73,655,247,247,24.700000000000003,0.2818007469177246,0.35831770300865173,2.5446817874908447,3.187837839126587,0.8315834999084473,0,-1,1,170,0.6882591093117408,2.0,247,1.5563366413116455,0,0.0,0,0.0,0,9.911355972290039,2,7
SH,GM,73,656,157,157,15.700000000000001,0.36691343784332275,0.5099002718925476,0.6384487748146057,0.9280024766921997,0.30295705795288086,0,-1,1,157,1.0,2.0,157,1.3685120344161987,0,0.0,0,0.0,0,9.985565185546875,0,5
SH,GM,73,657,140,140,14.0,0.20979879796504974,0.2427588254213333,2.3626482486724854,2.911201238632202,0.4328027367591858,0,-1,0,0,0.0,2.0,140,2.1915981769561768,0,0.0,0,0.0,0,47.48208999633789,1,6
SH,GM,73,658,252,252,25.200000000000003,0.24905043840408325,0.33679336309432983,15.826072692871094,18.927593231201172,1.229316234588623,0,-1,1,252,1.0,2.0,252,0.35421937704086304,0,0.0,0,0.0,0,6.6986308097839355,0,5
SH,GM,73,659,156,156,15.600000000000001,0.44225090742111206,0.6643020510673523,1.5441464185714722,1.7365679740905762,0.48877525329589844,0,-1,0,0,0.0,2.0,156,2.258265495300293,0,0.0,0,0.0,0,2.6884419918060303,1,6
SH,GM,73,660,656,656,65.60000000000001,0.20393383502960205,0.25906071066856384,35.72748565673828,45.51101303100586,1.4255117177963257,0,-1,0,0,0.0,2.0,656,2.6383860111236572,0,0.0,0,0.0,0,3.5384397506713867,1,6
SH,GM,73,661,266,266,26.6,0.23233836889266968,0.29596880078315735,16.373748779296875,21.53363037109375,1.4723012447357178,0,-1,0,0,0.0,2.0,266,2.393385410308838,0,0.0,0,0.0,0,45.30638885498047,2,7
SH,GM,73,662,704,704,70.4,0.2591429054737091,0.36518728733062744,6.247703552246094,6.550372123718262,0.46664541959762573,0,-1,0,0,0.0,2.0,704,3.9852609634399414,0,0.0,0,0.0,0,5.894399166107178,1,6
SH,GM,73,663,133,133,13.3,0.278667688369751,0.3467901051044464,1.5539679527282715,1.8745276927947998,0.3615056574344635,0,-1,0,0,0.0,2.0,133,2.665336847305298,0,0.0,0,0.0,0,2.5607612133026123,2,7
SH,GM,73,664,151,151,15.100000000000001,0.4469832479953766,0.7060543894767761,1.1924724578857422,2.3334054946899414,0.807488203048706,0,-1,1,151,1.0,2.0,151,0.8930060863494873,0,0.0,0,0.0,0,8.626556396484375,1,6
SH,GM,73,665,191,191,19.1,0.2500385344028473,0.3451708257198334,0.6298462748527527,1.3245112895965576,0.44767865538597107,0,-1,1,191,1.0,2.0,191,0.7829508185386658,0,0.0,0,0.0,0,19.065370559692383,2,7
SH,GM,73,666,132,132,13.200000000000001,0.34479251503944397,0.39652031660079956,5.701512336730957,6.657607555389404,0.7432846426963806,0,-1,0,0,0.0,2.0,132,2.078646183013916,0,0.0,0,0.0,0,36.03240203857422,0,5
SH,GM,73,667,499,499,49.900000000000006,0.14446748793125153,0.17467933893203735,6.0717291831970215,8.973490715026855,0.5863778591156006,0,-1,1,499,1.0,2.0,499,0.9444755911827087,0,0.0,0,0.0,0,16.889659881591797,2,7
SH,GM,73,668,225,225,22.5,0.19155994057655334,0.24494214355945587,4.6993088722229,5.2831573486328125,0.488475501537323,0,-1,1,154,0.6844444444444444,2.0,225,1.0450268983840942,0,0.0,0,0.0,0,12.046849250793457,0,5
SH,GM,73,669,253,253,25.3,0.2168704718351364,0.2830410897731781,6.635196685791016,7.7840776443481445,0.42643842101097107,0,-1,0,0,0.0,2.0,253,10.577484130859375,0,0.0,0,0.0,0,8.74594783782959,2,7
SH,GM,73,670,450,450,45.0,0.4794485569000244,0.7036157846450806,6.6887102127075195,7.342310905456543,2.692690372467041,1,96,1,96,0.21333333333333335,2.0,96,0.0,0,0.0,0,0.0,0,0.0,1,6
SH,GM,73,671,307,307,30.700000000000003,0.34542569518089294,0.44035646319389343,2.7661828994750977,3.35163950920105,0.3828705847263336,0,-1,1,113,0.36807817589576547,2.0,307,1.2825120687484741,0,0.0,0,0.0,0,3.585552453994751,2,7
SH,GM,73,672,144,144,14.4,0.28243258595466614,0.3386628329753876,1.2673444747924805,1.9417349100112915,0.43930456042289734,0,-1,1,144,1.0,2.0,144,0.3318110406398773,0,0.0,0,0.0,0,2.4426636695861816,0,5
SH,GM,73,673,301,301,30.1,0.3005157709121704,0.3731560707092285,3.7440619468688965,4.175660610198975,0.5599993467330933,0,-1,1,66,0.21926910299003322,2.0,301,1.8484251499176025,0,0.0,0,0.0,0,2.0486416816711426,0,5
SH,GM,73,674,244,244,24.400000000000002,0.4466332197189331,0.5309391021728516,6.7149271965026855,8.575048446655273,1.3829693794250488,0,-1,1,80,0.32786885245901637,2.0,244,1.0510317087173462,0,0.0,0,0.0,0,0.2921619415283203,2,7
SH,GM,73,675,151,151,15.100000000000001,0.10245390236377716,0.1984105110168457,0.5249181985855103,0.5833166837692261,0.11315680295228958,0,-1,0,0,0.0,2.0,151,2.8105170726776123,0,0.0,0,0.0,0,2.5949013233184814,2,7
SH,GM,73,676,216,216,21.6,0.1358361840248108,0.1666133850812912,0.9454665184020996,1.1018139123916626,0.1835370659828186,0,-1,1,216,1.0,2.0,216,1.5023832321166992,0,0.0,0,0.0,0,33.02821350097656,0,5
SH,GM,73,677,235,235,23.5,0.2763296663761139,0.3576543629169464,12.642952919006348,14.349533081054688,0.9971274733543396,0,-1,0,0,0.0,2.0,235,2.1105289459228516,0,0.0,0,0.0,0,6.503479480743408,0,5
SH,GM,73,678,348,348,34.800000000000004,0.38306373357772827,0.4617365896701813,9.486775398254395,10.347804069519043,0.7446063756942749,0,-1,1,316,0.9080459770114943,2.0,348,0.09863857179880142,0,0.0,0,0.0,0,0.3274351954460144,0,5
SH,GM,73,679,546,546,54.6,0.23672185838222504,0.3076581358909607,4.085687160491943,4.765988826751709,0.41272425651550293,0,-1,0,0,0.0,2.0,546,2.8439667224884033,0,0.0,0,0.0,0,12.250114440917969,1,6
SH,GM,73,680,555,555,55.5,0.46811994910240173,0.6357168555259705,9.337260246276855,10.545896530151367,2.70676851272583,1,132,1,132,0.23783783783783785,2.0,132,0.0,0,0.0,0,0.0,0,0.0,2,7
SH,GM,73,681,295,295,29.5,0.2260245829820633,0.2753031551837921,1.091239094734192,1.2653993368148804,0.2506832182407379,0,-1,1,32,0.10847457627118644,2.0,295,1.6794428825378418,0,0.0,0,0.0,0,7.888055801391602,2,7
SH,GM,73,682,156,156,15.600000000000001,0.2900816798210144,0.3422850966453552,1.549739122390747,1.9523745775222778,0.398499459028244,0,-1,1,149,0.9551282051282052,2.0,156,1.492640733718872,0,0.0,0,0.0,0,1.3716336488723755,2,7
SH,GM,73,683,696,696,69.60000000000001,0.2610320448875427,0.45840102434158325,8.245139122009277,9.986395835876465,0.7786146998405457,0,-1,0,0,0.0,2.0,696,2.2199666500091553,0,0.0,0,0.0,0,14.423614501953125,2,7
SH,GM,73,684,692,692,69.2,0.23938696086406708,0.29256564378738403,11.215007781982422,17.163312911987305,0.7888223528862,0,-1,1,415,0.5997109826589595,2.0,692,0.596696674823761,0,0.0,0,0.0,0,2.612380266189575,0,5
SH,GM,73,685,261,261,26.1,0.3768528699874878,0.4585615396499634,3.2725424766540527,3.5708491802215576,0.5335596799850464,0,-1,0,0,0.0,2.0,261,4.304026126861572,0,0.0,0,0.0,0,6.680996894836426,0,5
SH,GM,73,686,255,255,25.5,0.26563557982444763,0.3392258286476135,5.3793721199035645,6.736214637756348,0.8766632080078125,0,-1,1,113,0.44313725490196076,2.0,255,1.6613662242889404,0,0.0,0,0.0,0,1.6130146980285645,0,5
SH,GM,73,687,234,234,23.400000000000002,0.24510125815868378,0.3117239475250244,1.5704445838928223,2.2794086933135986,0.4093679189682007,0,-1,1,234,1.0,2.0,234,0.9850197434425354,0,0.0,0,0.0,0,1.9470900297164917,2,7
SH,GM,73,688,435,435,43.5,0.4832480847835541,0.5904045701026917,9.171350479125977,10.054386138916016,3.6944918632507324,1,132,1,121,0.27816091954022987,2.0,132,0.0,0,0.0,0,0.0,0,0.0,2,7
SH,GM,73,689,156,156,15.600000000000001,0.49519920349121094,0.6281203031539917,0.990080714225769,1.3231122493743896,0.3810928165912628,0,-1,1,82,0.5256410256410257,2.0,156,1.9310721158981323,0,0.0,0,0.0,0,3.0740513801574707,0,5
SH,GM,73,690,144,144,14.4,0.5979471206665039,0.8728945851325989,1.883648157119751,2.1354689598083496,0.6417633295059204,0,-1,1,119,0.8263888888888888,2.0,144,1.5746523141860962,0,0.0,0,0.0,0,1.0226716995239258,1,6
SH,GM,73,691,238,238,23.8,0.6347373127937317,0.8677448034286499,4.6229023933410645,5.371081352233887,0.9631711840629578,0,-1,0,0,0.0,2.0,238,2.295299768447876,0,0.0,0,0.0,0,5.034173965454102,2,7
SH,GM,73,692,496,496,49.6,0.4041747748851776,0.5717999339103699,5.830655574798584,7.086760520935059,0.8118269443511963,0,-1,0,0,0.0,2.0,496,3.163785696029663,0,0.0,0,0.0,0,5.8391008377075195,0,5
SH,GM,73,693,514,514,51.400000000000006,0.253818541765213,0.3479214310646057,2.653217315673828,2.9183545112609863,0.29786598682403564,0,-1,1,1,0.0019455252918287938,2.0,514,1.9104748964309692,0,0.0,0,0.0,0,2.38742995262146,0,5
SH,GM,73,694,133,133,13.3,0.09757112711668015,0.11432180553674698,1.813551902770996,2.5245532989501953,0.5059941411018372,0,-1,0,0,0.0,2.0,133,2.64955997467041,0,0.0,0,0.0,0,88.1077651977539,0,5
SH,GM,73,695,1142,1142,114.2,0.3478264808654785,0.4220106899738312,9.389859199523926,14.086102485656738,0.7375417947769165,0,-1,1,483,0.42294220665499127,2.0,1142,1.4193332195281982,0,0.0,0,0.0,0,7.825060844421387,2,7
SH,GM,73,696,175,175,17.5,0.2541769742965698,0.3182927370071411,1.1577787399291992,1.6035994291305542,0.38099417090415955,0,-1,1,161,0.92,2.0,175,1.8149458169937134,0,0.0,0,0.0,0,2.155597448348999,2,7
SH,GM,73,697,517,517,51.7,0.1434594839811325,0.19027411937713623,3.1511621475219727,4.053586483001709,0.2470313012599945,0,-1,0,0,0.0,2.0,517,2.02604079246521,0,0.0,0,0.0,0,4.250911235809326,2,7
SH,GM,73,698,862,862,86.2,0.36929816007614136,0.4963788390159607,7.017753601074219,8.327160835266113,0.734394371509552,0,-1,0,0,0.0,2.0,862,3.852081775665283,0,0.0,0,0.0,0,4.336802005767822,0,5
SH,GM,73,699,326,326,32.6,0.45558199286460876,0.5810303092002869,3.896893262863159,4.244921684265137,0.43263599276542664,1,307,1,277,0.8496932515337423,2.0,307,0.0,0,0.0,0,0.0,0,0.0,2,7
SH,GM,73,700,217,217,21.700000000000003,0.5528574585914612,0.6626859307289124,4.807137489318848,5.7985310554504395,0.6681232452392578,1,199,1,199,0.9170506912442397,2.0,199,0.0,0,0.0,0,0.0,0,0.0,0,5
SH,GM,73,701,132,132,13.200000000000001,0.2777876555919647,0.3297172784805298,1.5228639841079712,1.8415509462356567,0.6649646759033203,0,-1,1,107,0.8106060606060606,2.0,132,1.4284093379974365,0,0.0,0,0.0,0,6.534050941467285,1,6
SH,GM,73,702,220,220,22.0,0.2207287698984146,0.26460593938827515,3.3300607204437256,3.844252824783325,0.5056124329566956,0,-1,0,0,0.0,2.0,220,2.8128721714019775,0,0.0,0,0.0,0,5.662991046905518,2,7
SH,GM,73,703,191,191,19.1,0.3181191682815552,0.3710564374923706,2.065429925918579,2.742593765258789,0.5259819030761719,0,-1,1,40,0.2094240837696335,2.0,191,1.493543267250061,0,0.0,0,0.0,0,1.1974098682403564,0,5
SH,GM,73,704,169,169,16.900000000000002,0.35029998421669006,0.41718772053718567,5.113883972167969,6.392518520355225,0.625548243522644,0,-1,1,141,0.834319526627219,2.0,169,1.433487057685852,0,0.0,0,0.0,0,6.51911735534668,0,5
SH,GM,73,705,144,144,14.4,0.4181925654411316,0.6029130220413208,1.8011455535888672,2.090709924697876,0.4487091600894928,0,-1,1,144,1.0,2.0,144,0.361374169588089,0,0.0,0,0.0,0,0.8263206481933594,2,7
SH,GM,73,706,224,224,22.400000000000002,0.12394677847623825,0.16079606115818024,1.3032456636428833,1.4649375677108765,0.29636627435684204,0,-1,1,224,1.0,2.0,224,0.6238762140274048,0,0.0,0,0.0,0,10.50007438659668,0,5
SH,GM,73,707,199,199,19.900000000000002,0.29867252707481384,0.3774217963218689,5.424718856811523,6.661379337310791,0.5893702507019043,0,-1,1,199,1.0,2.0,199,0.5624000430107117,0,0.0,0,0.0,0,9.645001411437988,2,7
SH,GM,73,708,148,148,14.8,0.5056637525558472,0.6154102087020874,2.873058557510376,3.8510756492614746,0.8938306570053101,0,-1,1,148,1.0,2.0,148,0.4970336854457855,0,0.0,0,0.0,0,1.4185774326324463,1,6
SH,GM,73,709,273,273,27.3,0.14433851838111877,0.1825741082429886,3.7639317512512207,4.28861665725708,0.30509641766548157,0,-1,1,273,1.0,2.0,273,0.40400630235671997,0,0.0,0,0.0,0,6.301914215087891,0,5
SH,GM,73,710,317,317,31.700000000000003,0.20851550996303558,0.2904280424118042,13.200618743896484,15.053648948669434,0.8926172852516174,0,-1,1,317,1.0,2.0,317,0.2583259046077728,0,0.0,0,0.0,0,3.288379192352295,2,7
SH,GM,73,711,263,263,26.3,0.2894592583179474,0.4185805916786194,15.35649585723877,18.32276153564453,1.3253698348999023,0,-1,0,0,0.0,2.0,263,2.5174343585968018,0,0.0,0,0.0,0,9.822776794433594,1,6
SH,GM,73,712,187,187,18.7,0.17198528349399567,0.25046828389167786,4.728470802307129,5.643263816833496,0.5925965905189514,0,-1,1,187,1.0,2.0,187,0.9473586678504944,0,0.0,0,0.0,0,17.343029022216797,0,5
SH,GM,73,713,226,226,22.6,0.2577516734600067,0.323011577129364,8.973645210266113,12.007018089294434,1.1186466217041016,0,-1,0,0,0.0,2.0,226,2.7728567123413086,0,0.0,0,0.0,0,55.36899948120117,2,7
SH,GM,73,714,175,175,17.5,0.4260232150554657,0.5326743125915527,2.768282890319824,3.085859775543213,0.8255447149276733,0,-1,0,0,0.0,2.0,175,3.3752620220184326,0,0.0,0,0.0,0,7.174907684326172,0,5
SH,GM,73,715,260,260,26.0,0.14603488147258759,0.17586736381053925,4.120060443878174,6.902123928070068,0.9130580425262451,0,-1,1,260,1.0,2.0,260,1.0087394714355469,0,0.0,0,0.0,0,19.60422706604004,1,6
SH,GM,73,716,229,229,22.900000000000002,0.3774758577346802,0.48370084166526794,5.594370365142822,6.697777271270752,1.9284898042678833,1,151,1,151,0.6593886462882096,2.0,151,0.0,0,0.0,0,0.0,0,0.0,0,5
SH,GM,73,717,138,138,13.8,0.2808597981929779,0.33671632409095764,1.9741231203079224,2.3787131309509277,0.7169870138168335,0,-1,1,138,1.0,2.0,138,1.3071297407150269,0,0.0,0,0.0,0,16.786376953125,2,7
SH,GM,73,718,221,221,22.1,0.4587859809398651,0.6071885228157043,3.4081196784973145,4.770382404327393,0.7130952477455139,0,-1,1,221,1.0,2.0,221,0.07908402383327484,0,0.0,0,0.0,0,0.6424526572227478,0,5
SH,GM,73,719,160,160,16.0,0.39353206753730774,0.5305385589599609,7.485390663146973,8.492058753967285,1.268801212310791,0,-1,0,0,0.0,2.0,160,4.237524032592773,0,0.0,0,0.0,0,9.650193214416504,0,5
SH,GM,73,720,245,245,24.5,0.23550471663475037,0.28376826643943787,2.8459551334381104,3.584688663482666,0.34174010157585144,0,-1,1,245,1.0,2.0,245,0.5631381869316101,0,0.0,0,0.0,0,6.465933799743652,0,5
SH,GM,73,721,296,296,29.6,0.35157594084739685,0.41163140535354614,9.115341186523438,10.806361198425293,0.851955771446228,0,-1,1,41,0.13851351351351351,2.0,296,1.6535310745239258,0,0.0,0,0.0,0,3.1585958003997803,2,7
SH,GM,73,722,148,148,14.8,0.3137727379798889,0.4244171679019928,1.8632196187973022,2.2502291202545166,0.5860085487365723,0,-1,1,146,0.9864864864864865,2.0,148,1.3068195581436157,0,0.0,0,0.0,0,6.114533424377441,2,7
SH,GM,73,723,259,259,25.900000000000002,0.36589765548706055,0.5589306950569153,40.2230339050293,47.20450973510742,3.1103389263153076,0,-1,0,0,0.0,2.0,259,4.8198676109313965,0,0.0,0,0.0,0,17.888343811035156,0,5
SH,GM,73,724,174,174,17.400000000000002,0.30591893196105957,0.3737422525882721,4.548570156097412,5.237133026123047,0.6511597633361816,0,-1,0,0,0.0,2.0,174,2.8120949268341064,0,0.0,0,0.0,0,18.782943725585938,2,7
SH,GM,73,725,427,427,42.7,0.3053578734397888,0.4110170006752014,2.5514588356018066,3.1221864223480225,0.47735992074012756,0,-1,1,427,1.0,2.0,427,0.03186418488621712,0,0.0,0,0.0,0,0.3447011709213257,1,6
SH,GM,73,726,331,331,33.1,0.3040006458759308,0.414766788482666,3.3979008197784424,4.353817939758301,0.4969184100627899,0,-1,0,0,0.0,2.0,331,2.7698450088500977,0,0.0,0,0.0,0,3.7188432216644287,1,6
SH,GM,73,727,196,196,19.6,0.17093494534492493,0.19912415742874146,10.148537635803223,12.446425437927246,1.1232260465621948,0,-1,1,196,1.0,2.0,196,1.1679190397262573,0,0.0,0,0.0,0,15.471979141235352,1,6
SH,GM,73,728,204,204,20.400000000000002,0.1653270572423935,0.19699400663375854,4.79325008392334,5.379257678985596,0.4451964795589447,0,-1,0,0,0.0,2.0,204,3.7476718425750732,0,0.0,0,0.0,0,35.47516632080078,2,7
SH,GM,73,729,190,190,19.0,0.27746227383613586,0.4039435088634491,2.5752828121185303,2.7766315937042236,0.38039734959602356,0,-1,1,159,0.8368421052631579,2.0,190,1.263718843460083,0,0.0,0,0.0,0,0.5626657605171204,0,5
SH,GM,73,730,378,378,37.800000000000004,0.17403627932071686,0.22510190308094025,2.1579856872558594,2.595040798187256,0.30891355872154236,0,-1,1,378,1.0,2.0,378,0.7432554364204407,0,0.0,0,0.0,0,11.631950378417969,1,6
SH,GM,73,731,251,251,25.1,0.229647696018219,0.2748100161552429,11.071022987365723,12.268967628479004,0.8127884864807129,0,-1,1,251,1.0,2.0,251,1.0463682413101196,0,0.0,0,0.0,0,17.767385482788086,0,5
SH,GM,73,732,257,257,25.700000000000003,0.15236005187034607,0.21552498638629913,1.8722478151321411,2.309194326400757,0.43459993600845337,0,-1,1,53,0.20622568093385213,2.0,257,1.5994040966033936,0,0.0,0,0.0,0,12.734489440917969,2,7
SH,GM,73,733,471,471,47.1,0.16637684404850006,0.21940436959266663,7.347561836242676,11.358036041259766,0.8188042640686035,0,-1,0,0,0.0,2.0,471,2.711158514022827,0,0.0,0,0.0,0,55.17308807373047,2,7
SH,GM,73,734,160,160,16.0,0.2548690438270569,0.3292096257209778,7.404871463775635,9.649683952331543,1.1241415739059448,0,-1,0,0,0.0,2.0,160,2.526798963546753,0,0.0,0,0.0,0,19.6190242767334,1,6
SH,GM,73,735,379,379,37.9,0.22866465151309967,0.3044010400772095,23.20905303955078,26.297435760498047,1.068770170211792,0,-1,0,0,0.0,2.0,379,3.891716718673706,0,0.0,0,0.0,0,21.939559936523438,2,7
SH,GM,73,736,134,134,13.4,0.32451575994491577,0.4023437201976776,2.6281964778900146,2.959611654281616,0.5284132361412048,0,-1,1,134,1.0,2.0,134,1.4309734106063843,0,0.0,0,0.0,0,6.1847968101501465,1,6
SH,GM,73,737,139,139,13.9,0.2096325308084488,0.2522144019603729,2.615269422531128,3.2613070011138916,0.4659586250782013,0,-1,1,139,1.0,2.0,139,0.6573135852813721,0,0.0,0,0.0,0,17.4030704498291,1,6
SH,GM,73,738,454,454,45.400000000000006,0.2861497104167938,0.3672923147678375,6.4752421379089355,8.50400447845459,0.7279363870620728,0,-1,1,401,0.8832599118942731,2.0,454,0.6913824081420898,0,0.0,0,0.0,0,12.179788589477539,2,7
SH,GM,73,739,340,340,34.0,0.29316386580467224,0.3612310588359833,5.483772277832031,6.13179874420166,0.483989953994751,0,-1,0,0,0.0,2.0,340,5.469172954559326,0,0.0,0,0.0,0,6.733765125274658,1,6
SH,GM,73,740,317,317,31.700000000000003,0.46467384696006775,0.5554762482643127,18.11343002319336,21.800382614135742,2.2825441360473633,0,-1,0,0,0.0,2.0,317,3.715421199798584,0,0.0,0,0.0,0,3.356034278869629,0,5
SH,GM,73,741,190,190,19.0,0.4466037154197693,0.6174913644790649,1.0799062252044678,1.3719240427017212,0.5296363234519958,0,-1,1,190,1.0,2.0,190,1.129679799079895,0,0.0,0,0.0,0,4.25736665725708,1,6
SH,GM,73,742,369,369,36.9,0.1620122343301773,0.2105453908443451,5.41278076171875,7.061131477355957,0.5936529040336609,0,-1,1,369,1.0,2.0,369,1.405357003211975,0,0.0,0,0.0,0,34.238956451416016,0,5
SH,GM,73,743,142,142,14.200000000000001,0.21752865612506866,0.2556859254837036,5.397866725921631,6.633894443511963,1.063378930091858,0,-1,0,0,0.0,2.0,142,2.626720666885376,0,0.0,0,0.0,0,6.131872653961182,2,7
SH,GM,73,744,140,140,14.0,0.7045069336891174,0.8785412311553955,4.309552192687988,5.583590984344482,1.269532322883606,1,110,1,110,0.7857142857142857,2.0,110,0.0,0,0.0,0,0.0,0,0.0,2,7
SH,GM,73,745,508,508,50.800000000000004,0.3849935531616211,0.5816109776496887,5.621300220489502,7.016610622406006,0.7546013593673706,0,-1,1,286,0.562992125984252,2.0,508,1.2219144105911255,0,0.0,0,0.0,0,1.2058756351470947,0,5
SH,GM,73,746,231,231,23.1,0.1359078735113144,0.1626971960067749,7.772386074066162,9.661676406860352,0.6154735088348389,0,-1,1,207,0.8961038961038961,2.0,231,1.5758392810821533,0,0.0,0,0.0,0,28.73972511291504,2,7
SH,GM,73,747,248,248,24.8,0.4562089741230011,0.6365503668785095,3.977285385131836,4.847702503204346,0.9893977046012878,0,-1,1,110,0.4435483870967742,2.0,248,0.7270005345344543,0,0.0,0,0.0,0,0.2101576328277588,2,7
SH,GM,73,748,589,589,58.900000000000006,0.22008371353149414,0.27341213822364807,14.69101333618164,17.094541549682617,1.1521475315093994,0,-1,1,27,0.04584040747028863,2.0,589,1.9913272857666016,0,0.0,0,0.0,0,42.52248764038086,1,6
SH,GM,73,749,143,143,14.3,0.25083452463150024,0.296580970287323,2.103018045425415,2.7460615634918213,0.8859897255897522,0,-1,1,123,0.8601398601398601,2.0,143,1.492177128791809,0,0.0,0,0.0,0,19.299421310424805,1,6
SH,GM,73,750,147,147,14.700000000000001,0.4745963513851166,0.7113510370254517,1.4171955585479736,1.9970390796661377,0.45295995473861694,1,127,1,127,0.8639455782312925,2.0,127,0.0,0,0.0,0,0.0,0,0.0,0,5
SH,GM,73,751,132,132,13.200000000000001,0.4104166328907013,0.474977046251297,1.611707329750061,1.8282203674316406,0.5091428756713867,0,-1,1,131,0.9924242424242424,2.0,132,1.4096444845199585,0,0.0,0,0.0,0,5.280716419219971,2,7
SH,GM,73,752,162,162,16.2,0.6593126654624939,0.9259701371192932,4.153347969055176,5.0767998695373535,1.3930386304855347,0,-1,1,162,1.0,2.0,162,0.025979094207286835,0,0.0,0,0.0,0,0.1958446353673935,1,6
SH,GM,73,753,213,213,21.3,0.3598255515098572,0.4885055124759674,1.7131853103637695,2.052595376968384,0.37438005208969116,0,-1,0,0,0.0,2.0,213,3.258411169052124,0,0.0,0,0.0,0,4.41960334777832,2,7
SH,GM,73,754,476,476,47.6,0.24364370107650757,0.3520553708076477,3.305537223815918,4.144476890563965,0.42995157837867737,0,-1,1,330,0.6932773109243697,2.0,476,1.1813790798187256,0,0.0,0,0.0,0,6.342803955078125,1,6
SH,GM,73,755,357,357,35.7,0.44477033615112305,0.5282127857208252,9.217813491821289,11.977424621582031,1.2442833185195923,0,-1,0,0,0.0,2.0,357,3.3056106567382812,0,0.0,0,0.0,0,6.249759674072266,2,7
SH,GM,73,756,131,131,13.100000000000001,0.3902996778488159,0.4170987904071808,10.197420120239258,13.98300838470459,2.3857383728027344,0,-1,1,131,1.0,2.0,131,1.2875028848648071,0,0.0,0,0.0,0,41.13905715942383,2,7
SH,GM,73,757,140,140,14.0,0.9297306537628174,1.0157002210617065,6.497287750244141,8.13110065460205,1.9664835929870605,1,92,1,47,0.3357142857142857,2.0,92,0.0,0,0.0,0,0.0,0,0.0,0,5
SH,GM,73,758,171,171,17.1,0.1927136480808258,0.2345704734325409,2.52304744720459,3.2745752334594727,0.4665108919143677,0,-1,1,88,0.5146198830409356,2.0,171,1.1043510437011719,0,0.0,0,0.0,0,4.2404398918151855,2,7
SH,GM,73,759,305,305,30.5,0.2508651614189148,0.31843098998069763,0.7613760828971863,0.9162981510162354,0.25732383131980896,0,-1,1,305,1.0,2.0,305,0.8623442649841309,0,0.0,0,0.0,0,0.4476918578147888,2,7
SH,GM,73,760,407,407,40.7,0.27668339014053345,0.32914432883262634,17.683841705322266,19.0086669921875,0.7766455411911011,0,-1,0,0,0.0,2.0,407,2.3202641010284424,0,0.0,0,0.0,0,30.851093292236328,2,7
SH,GM,73,761,167,167,16.7,0.5498296618461609,0.6971732974052429,0.7795717120170593,1.0284663438796997,0.6670811176300049,0,-1,1,167,1.0,2.0,167,0.5371158123016357,0,0.0,0,0.0,0,0.16695287823677063,2,7
SH,GM,73,762,236,236,23.6,0.22579006850719452,0.30518677830696106,1.183474063873291,1.5670454502105713,0.4615921378135681,0,-1,0,0,0.0,2.0,236,2.432576894760132,0,0.0,0,0.0,0,41.859718322753906,2,7
SH,GM,73,763,311,311,31.1,0.36834636330604553,0.4865942597389221,3.428560256958008,4.35499906539917,0.6072245240211487,0,-1,1,183,0.5884244372990354,2.0,311,1.6605687141418457,0,0.0,0,0.0,0,1.344404935836792,0,5
SH,GM,73,764,195,195,19.5,0.3342486321926117,0.4529772996902466,3.2903521060943604,3.499514102935791,0.5529122352600098,0,-1,0,0,0.0,2.0,195,2.6702635288238525,0,0.0,0,0.0,0,5.658044815063477,1,6
SH,GM,73,765,516,516,51.6,0.22014689445495605,0.33085867762565613,1.2727017402648926,1.5773414373397827,0.275621622800827,0,-1,1,516,1.0,2.0,516,1.2929341793060303,0,0.0,0,0.0,0,2.372588872909546,2,7
SH,GM,73,766,138,138,13.8,0.18194739520549774,0.2308913767337799,0.9695461392402649,1.2102065086364746,0.33065173029899597,0,-1,0,0,0.0,2.0,138,2.0459649562835693,0,0.0,0,0.0,0,6.529363632202148,0,5
SH,GM,73,767,175,175,17.5,0.26587340235710144,0.33941450715065,2.008734703063965,3.196652412414551,0.6761888265609741,0,-1,1,16,0.09142857142857143,2.0,175,1.565683126449585,0,0.0,0,0.0,0,18.665334701538086,1,6
SH,GM,73,768,143,143,14.3,0.1837797611951828,0.21226711571216583,0.9628350138664246,1.180134892463684,0.25929367542266846,0,-1,0,0,0.0,2.0,143,7.072061061859131,0,0.0,0,0.0,0,51.524784088134766,2,7
SH,GM,73,769,194,194,19.400000000000002,0.16881808638572693,0.1984827220439911,3.1256399154663086,4.550887107849121,0.8184426426887512,0,-1,1,124,0.6391752577319587,2.0,194,1.5869498252868652,0,0.0,0,0.0,0,32.00815963745117,0,5
SH,GM,73,770,218,218,21.8,0.23361274600028992,0.29435354471206665,10.132380485534668,12.685798645019531,1.3164609670639038,0,-1,0,0,0.0,2.0,218,3.208662509918213,0,0.0,0,0.0,0,40.65243911743164,2,7
SH,GM,73,771,132,132,13.200000000000001,0.2611869275569916,0.35158464312553406,8.193877220153809,9.976326942443848,1.4696425199508667,0,-1,0,0,0.0,2.0,132,2.4036715030670166,0,0.0,0,0.0,0,9.294166564941406,0,5
SH,GM,73,772,566,566,56.6,0.3179731070995331,0.4125171899795532,3.7010700702667236,4.557926177978516,0.5321668982505798,0,-1,1,515,0.9098939929328622,2.0,566,0.8959925174713135,0,0.0,0,0.0,0,0.9469403028488159,1,6
SH,GM,73,773,454,454,45.400000000000006,0.2279941737651825,0.30804550647735596,3.7468020915985107,4.872364044189453,0.44985371828079224,1,417,1,417,0.9185022026431718,2.0,417,0.0,0,0.0,0,0.0,0,0.0,0,5
SH,GM,73,774,192,192,19.200000000000003,0.1823512315750122,0.21772339940071106,6.416785717010498,8.535184860229492,0.890378475189209,0,-1,0,0,0.0,2.0,192,3.3747265338897705,0,0.0,0,0.0,0,51.35829162597656,1,6
SH,GM,73,775,427,427,42.7,0.22440966963768005,0.2869817018508911,8.656594276428223,10.52586555480957,0.5297451615333557,0,-1,0,0,0.0,2.0,427,2.221449375152588,0,0.0,0,0.0,0,58.12027359008789,0,5
SH,GM,73,776,338,338,33.800000000000004,0.3349543809890747,0.4210807681083679,3.321901559829712,3.9972574710845947,0.5823402404785156,0,-1,1,309,0.9142011834319527,2.0,338,0.5171034932136536,0,0.0,0,0.0,0,2.412213087081909,2,7
SH,GM,73,777,142,142,14.200000000000001,0.3665402829647064,0.4313315153121948,1.390743374824524,1.5877138376235962,0.3975621163845062,0,-1,0,0,0.0,2.0,142,2.148303270339966,0,0.0,0,0.0,0,5.340142250061035,0,5
SH,GM,73,778,417,417,41.7,0.32625123858451843,0.41868749260902405,3.6334638595581055,4.416798114776611,0.5810350775718689,0,-1,0,0,0.0,2.0,417,2.9830551147460938,0,0.0,0,0.0,0,3.4824047088623047,0,5
SH,GM,73,779,183,183,18.3,0.3506578207015991,0.7488707900047302,7.980569362640381,10.748433113098145,1.2439062595367432,0,-1,0,0,0.0,2.0,183,2.978973627090454,0,0.0,0,0.0,0,6.776863098144531,1,6
SH,GM,73,780,426,426,42.6,0.28236889839172363,0.36016735434532166,3.380366325378418,4.104916095733643,0.5310634970664978,0,-1,1,44,0.10328638497652583,2.0,426,1.7675577402114868,0,0.0,0,0.0,0,4.277172088623047,1,6
SH,GM,73,781,184,184,18.400000000000002,0.14678886532783508,0.17529332637786865,0.6150146126747131,0.8094867467880249,0.33055540919303894,0,-1,0,0,0.0,2.0,184,2.266484022140503,0,0.0,0,0.0,0,58.58216857910156,2,7
SH,GM,73,782,533,533,53.300000000000004,0.3397885262966156,0.42797932028770447,3.8621504306793213,4.888123512268066,0.5167691111564636,0,-1,1,105,0.19699812382739212,2.0,533,1.8806304931640625,0,0.0,0,0.0,0,1.6389816999435425,2,7
SH,GM,73,783,202,202,20.200000000000003,0.25803279876708984,0.30890944600105286,10.693476676940918,12.641403198242188,1.1087195873260498,0,-1,0,0,0.0,2.0,202,2.2261431217193604,0,0.0,0,0.0,0,49.300907135009766,1,6
SH,GM,73,784,317,317,31.700000000000003,0.442875474691391,0.5247030854225159,16.725799560546875,19.805036544799805,1.983403205871582,0,-1,1,30,0.0946372239747634,2.0,317,1.8388209342956543,0,0.0,0,0.0,0,5.343517303466797,1,6
SH,GM,73,785,316,316,31.6,0.5355795621871948,0.7175636291503906,4.884866714477539,5.545279026031494,0.9744983911514282,0,-1,1,241,0.7626582278481012,2.0,316,1.275396466255188,0,0.0,0,0.0,0,5.829181671142578,0,5
SH,GM,73,786,168,168,16.8,0.37127795815467834,0.44146910309791565,1.8487192392349243,2.047218084335327,0.6112305521965027,0,-1,1,37,0.22023809523809523,2.0,168,1.3048145771026611,0,0.0,0,0.0,0,0.915639340877533,1,6
SH,GM,73,787,212,212,21.200000000000003,0.33664670586586,0.39127108454704285,1.5824170112609863,2.157111883163452,0.5129440426826477,0,-1,0,0,0.0,2.0,212,3.7691099643707275,0,0.0,0,0.0,0,3.6345975399017334,2,7
SH,GM,73,788,138,138,13.8,0.6675748825073242,0.8145928382873535,13.162088394165039,15.015764236450195,2.0185110569000244,0,-1,1,138,1.0,2.0,138,0.2755667567253113,0,0.0,0,0.0,0,0.8617801666259766,1,6
SH,GM,73,789,383,383,38.300000000000004,0.24889230728149414,0.3047386705875397,15.322598457336426,18.580202102661133,0.8837184906005859,0,-1,0,0,0.0,2.0,383,3.5934219360351562,0,0.0,0,0.0,0,9.440975189208984,1,6
SH,GM,73,790,776,776,77.60000000000001,0.4511829912662506,0.6229490041732788,13.445528984069824,14.351014137268066,5.915391445159912,1,85,1,53,0.06829896907216494,2.0,85,0.0,0,0.0,0,0.0,0,0.0,0,5
SH,GM,73,791,515,515,51.5,0.33713972568511963,0.4472638666629791,15.833380699157715,17.30989646911621,0.9694340825080872,0,-1,0,0,0.0,2.0,515,3.460458993911743,0,0.0,0,0.0,0,6.95810079574585,1,6
SH,GM,73,792,153,153,15.3,0.7517264485359192,1.0034565925598145,4.595630645751953,6.688185691833496,1.5639437437057495,0,-1,0,0,0.0,2.0,153,4.115044593811035,0,0.0,0,0.0,0,28.307294845581055,1,6
SH,GM,73,793,573,573,57.300000000000004,0.30986708402633667,0.3812144696712494,22.59419059753418,25.7080135345459,1.425822138786316,0,-1,1,63,0.1099476439790576,2.0,573,1.5178474187850952,0,0.0,0,0.0,0,2.8863656520843506,2,7
SH,GM,73,794,363,363,36.300000000000004,0.30376917123794556,0.40840548276901245,6.448318958282471,7.287710666656494,0.5837185382843018,0,-1,1,309,0.8512396694214877,2.0,363,1.2421693801879883,0,0.0,0,0.0,0,9.952742576599121,0,5
SH,GM,73,795,201,201,20.1,0.23381443321704865,0.3034301996231079,2.197751760482788,2.772674083709717,0.4670058786869049,0,-1,0,0,0.0,2.0,201,4.465651988983154,0,0.0,0,0.0,0,6.307298183441162,0,5
SH,GM,73,796,400,400,40.0,0.3870718479156494,0.5337589979171753,13.947031021118164,16.277938842773438,0.9665191769599915,0,-1,0,0,0.0,2.0,400,2.6982738971710205,0,0.0,0,0.0,0,13.01646614074707,2,7
SH,GM,73,797,143,143,14.3,0.6715376377105713,0.8079957962036133,6.844374179840088,7.751188278198242,1.4030643701553345,0,-1,1,34,0.23776223776223776,2.0,143,1.4355279207229614,0,0.0,0,0.0,0,0.8794867992401123,0,5
SH,GM,73,798,335,335,33.5,0.20978571474552155,0.25870442390441895,11.506979942321777,16.653289794921875,1.0876357555389404,0,-1,0,0,0.0,2.0,335,2.1842293739318848,0,0.0,0,0.0,0,2.5571484565734863,0,5
SH,GM,73,799,454,454,45.400000000000006,0.30361929535865784,0.3735404312610626,3.9590699672698975,4.703770160675049,0.6537854075431824,0,-1,1,376,0.8281938325991189,2.0,454,0.470151424407959,0,0.0,0,0.0,0,2.613210678100586,1,6
SH,GM,73,800,135,135,13.5,0.25333845615386963,0.32307863235473633,0.8655647039413452,1.0649534463882446,0.3926127851009369,0,-1,1,135,1.0,2.0,135,0.6346270442008972,0,0.0,0,0.0,0,6.583538055419922,0,5
SH,GM,73,801,158,158,15.8,0.15233895182609558,0.17930704355239868,7.182023048400879,9.389690399169922,1.3062732219696045,0,-1,1,36,0.22784810126582278,2.0,158,1.946704387664795,0,0.0,0,0.0,0,52.33556365966797,0,5
SH,GM,73,802,172,172,17.2,0.263104647397995,0.34543684124946594,6.550114631652832,7.671530246734619,0.5982491970062256,0,-1,0,0,0.0,2.0,172,2.1931869983673096,0,0.0,0,0.0,0,27.892066955566406,1,6
SH,GM,73,803,139,139,13.9,0.7855047583580017,0.9240830540657043,5.844194412231445,7.294592380523682,1.8130531311035156,0,-1,1,39,0.2805755395683453,2.0,139,1.247841238975525,0,0.0,0,0.0,0,1.243019700050354,2,7
SH,GM,73,804,162,162,16.2,0.41115790605545044,0.5483002066612244,3.6050798892974854,5.029632091522217,0.7540997862815857,0,-1,1,162,1.0,2.0,162,0.5448623895645142,0,0.0,0,0.0,0,7.243635177612305,2,7
SH,GM,73,805,133,133,13.3,0.6064337491989136,1.060894250869751,5.170265197753906,6.29374361038208,1.5890567302703857,0,-1,1,46,0.3458646616541353,2.0,133,1.9643436670303345,0,0.0,0,0.0,0,31.787681579589844,1,6
SH,GM,73,806,333,333,33.300000000000004,0.24424134194850922,0.3214028775691986,5.14005184173584,5.63541841506958,0.3612831234931946,0,-1,0,0,0.0,2.0,333,4.75732946395874,0,0.0,0,0.0,0,9.27586841583252,1,6
SH,GM,73,807,592,592,59.2,0.2514135241508484,0.33965909481048584,1.103509545326233,1.688504695892334,0.24406296014785767,0,-1,1,422,0.7128378378378378,2.0,592,1.8485630750656128,0,0.0,0,0.0,0,1.77505362033844,2,7
SH,GM,73,808,171,171,17.1,0.3963438868522644,0.48977574706077576,4.3264336585998535,4.993981838226318,0.5995333194732666,0,-1,1,55,0.3216374269005848,2.0,171,1.5227030515670776,0,0.0,0,0.0,0,4.731598377227783,0,5
SH,GM,73,809,199,199,19.900000000000002,0.3654145300388336,0.4609118402004242,1.8836033344268799,2.9658091068267822,0.5071040987968445,0,-1,1,170,0.8542713567839196,2.0,199,1.8041218519210815,0,0.0,0,0.0,0,3.068448543548584,0,5
SH,GM,73,810,519,519,51.900000000000006,0.26188698410987854,0.3426628112792969,2.8715145587921143,3.6438660621643066,0.4726084768772125,0,-1,0,0,0.0,2.0,519,2.9852640628814697,0,0.0,0,0.0,0,2.795640707015991,0,5
SH,GM,73,811,226,226,22.6,0.3981577754020691,0.644955575466156,8.27298641204834,9.665541648864746,1.3088206052780151,1,94,1,94,0.415929203539823,2.0,94,0.0,0,0.0,0,0.0,0,0.0,0,5
SH,GM,73,812,441,441,44.1,0.33676987886428833,0.467160165309906,3.2281999588012695,3.5529439449310303,0.5259346961975098,1,432,1,432,0.9795918367346939,2.0,432,0.0,0,0.0,0,0.0,0,0.0,1,6
SH,GM,73,813,221,221,22.1,0.33888235688209534,0.4276907444000244,1.2631549835205078,1.4663968086242676,0.45323240756988525,0,-1,1,220,0.995475113122172,2.0,221,1.0410938262939453,0,0.0,0,0.0,0,2.551481246948242,1,6
SH,GM,73,814,134,134,13.4,0.33096909523010254,0.3765467405319214,1.4222619533538818,1.7562737464904785,0.7632898092269897,0,-1,0,0,0.0,2.0,134,3.0162906646728516,0,0.0,0,0.0,0,6.106483459472656,2,7
SH,GM,73,815,178,178,17.8,0.7280426621437073,0.8511115312576294,5.965176582336426,7.616720199584961,1.8458929061889648,0,-1,1,72,0.4044943820224719,2.0,178,1.4856265783309937,0,0.0,0,0.0,0,7.15851354598999,0,5
SH,GM,73,816,242,242,24.200000000000003,0.12223026901483536,0.16865174472332,5.217334747314453,6.333369255065918,0.4968625009059906,0,-1,0,0,0.0,2.0,242,2.3372609615325928,0,0.0,0,0.0,0,62.458465576171875,0,5
SH,GM,73,817,147,147,14.700000000000001,0.32990750670433044,0.42113059759140015,5.089163303375244,6.130215167999268,0.9016828536987305,0,-1,1,37,0.25170068027210885,2.0,147,1.9297796487808228,0,0.0,0,0.0,0,5.128486633300781,1,6
SH,GM,73,818,580,580,58.0,0.288194477558136,0.35018378496170044,14.034454345703125,14.901932716369629,0.5536152720451355,0,-1,0,0,0.0,2.0,580,3.8862030506134033,0,0.0,0,0.0,0,8.450419425964355,0,5
SH,GM,73,819,158,158,15.8,0.21602500975131989,0.2716905474662781,5.241433143615723,6.202785968780518,0.7198166251182556,0,-1,1,158,1.0,2.0,158,1.3464322090148926,0,0.0,0,0.0,0,25.054393768310547,1,6
SH,GM,73,820,351,351,35.1,0.4039117991924286,0.4832453429698944,24.788219451904297,27.598957061767578,1.380793809890747,0,-1,0,0,0.0,2.0,351,3.145439386367798,0,0.0,0,0.0,0,8.417089462280273,2,7
SH,GM,73,821,170,170,17.0,0.4039439857006073,0.5034564137458801,13.039936065673828,16.62168312072754,2.0526700019836426,0,-1,0,0,0.0,2.0,170,5.107699394226074,0,0.0,0,0.0,0,10.639020919799805,0,5
SH,GM,73,822,236,236,23.6,0.41018763184547424,0.5385639667510986,4.157950401306152,6.053808689117432,0.666094958782196,0,-1,1,178,0.7542372881355932,2.0,236,1.2004756927490234,0,0.0,0,0.0,0,3.7072362899780273,0,5
SH,GM,73,823,192,192,19.200000000000003,0.36666855216026306,0.45477819442749023,7.4775543212890625,9.096039772033691,0.8721170425415039,0,-1,0,0,0.0,2.0,192,2.2325456142425537,0,0.0,0,0.0,0,6.031095504760742,2,7
SH,GM,73,824,147,147,14.700000000000001,0.2631763517856598,0.3166256844997406,3.572986364364624,4.0961151123046875,0.636592447757721,0,-1,0,0,0.0,2.0,147,3.649994373321533,0,0.0,0,0.0,0,5.953490734100342,2,7
SH,GM,73,825,1253,1253,125.30000000000001,0.2136005163192749,0.26896998286247253,6.368576526641846,7.580314636230469,0.41127991676330566,0,-1,1,1253,1.0,2.0,1253,0.11240210384130478,0,0.0,0,0.0,0,1.0332586765289307,0,5
SH,GM,73,826,155,155,15.5,0.1588585078716278,0.19847586750984192,0.504182755947113,0.5822091102600098,0.19549229741096497,0,-1,0,0,0.0,2.0,155,3.637990713119507,0,0.0,0,0.0,0,3.4151251316070557,0,5
SH,GM,73,827,258,258,25.8,0.36278292536735535,0.4601767361164093,2.6418862342834473,3.2526495456695557,0.6428378820419312,0,-1,1,73,0.28294573643410853,2.0,258,1.686559796333313,0,0.0,0,0.0,0,10.771790504455566,2,7
SH,GM,73,828,202,202,20.200000000000003,0.15185266733169556,0.19902822375297546,0.31844767928123474,0.38752424716949463,0.13220471143722534,0,-1,1,202,1.0,2.0,202,1.0030090808868408,0,0.0,0,0.0,0,3.2740063667297363,2,7
SH,GM,73,829,132,132,13.200000000000001,0.36718645691871643,0.44543078541755676,1.8307900428771973,2.4492664337158203,0.5890511870384216,0,-1,1,104,0.7878787878787878,2.0,132,0.9752933979034424,0,0.0,0,0.0,0,0.6371097564697266,1,6
SH,GM,73,830,143,143,14.3,0.2571810781955719,0.30007877945899963,0.9836235642433167,1.3666764497756958,0.4355319142341614,0,-1,1,143,1.0,2.0,143,0.6090850830078125,0,0.0,0,0.0,0,10.007752418518066,1,6
SH,GM,73,831,144,144,14.4,0.3909541666507721,0.4941850006580353,1.8270454406738281,2.3391776084899902,0.7300567626953125,0,-1,1,118,0.8194444444444444,2.0,144,1.769094467163086,0,0.0,0,0.0,0,8.76710033416748,0,5
SH,GM,73,832,303,303,30.3,0.34146279096603394,0.4301333725452423,16.50532341003418,19.222652435302734,1.84225594997406,0,-1,0,0,0.0,2.0,303,3.845078945159912,0,0.0,0,0.0,0,10.021566390991211,2,7
SH,GM,73,833,149,149,14.9,0.19845958054065704,0.25029608607292175,1.1553012132644653,1.536312222480774,0.36285704374313354,0,-1,0,0,0.0,2.0,149,2.510845422744751,0,0.0,0,0.0,0,5.906760215759277,2,7
SH,GM,73,834,258,258,25.8,0.5468679666519165,0.708243191242218,13.475747108459473,15.683938980102539,1.730605959892273,0,-1,0,0,0.0,2.0,258,2.768759250640869,0,0.0,0,0.0,0,2.8316941261291504,0,5
SH,GM,73,835,325,325,32.5,0.2281731218099594,0.3425656259059906,0.7115427851676941,0.8541882634162903,0.1681494116783142,0,-1,1,298,0.916923076923077,2.0,325,1.626103401184082,0,0.0,0,0.0,0,1.5857250690460205,1,6
SH,GM,73,836,433,433,43.300000000000004,0.275704950094223,0.35614246129989624,6.282400608062744,7.814103126525879,0.7670352458953857,0,-1,1,81,0.18706697459584296,2.0,433,1.5723514556884766,0,0.0,0,0.0,0,3.17960524559021,2,7
SH,GM,73,837,138,138,13.8,0.21513229608535767,0.26493269205093384,7.980579376220703,10.5095853805542,1.538181185722351,0,-1,0,0,0.0,2.0,138,4.4063639640808105,0,0.0,0,0.0,0,47.80767822265625,2,7
SH,GM,73,838,345,345,34.5,0.18882519006729126,0.24826176464557648,2.23042368888855,2.689988851547241,0.5453748106956482,0,-1,1,345,1.0,2.0,345,0.5330487489700317,0,0.0,0,0.0,0,7.017612934112549,2,7
SH,GM,73,839,276,276,27.6,0.5606823563575745,0.8883922100067139,9.421038627624512,10.614986419677734,1.9165220260620117,1,216,1,216,0.782608695652174,2.0,216,0.0,0,0.0,0,0.0,0,0.0,2,7
SH,GM,73,840,441,441,44.1,0.3864937126636505,0.4598097801208496,20.2894287109375,25.616722106933594,1.867477297782898,0,-1,0,0,0.0,2.0,441,2.325194835662842,0,0.0,0,0.0,0,8.103575706481934,0,5
SH,GM,73,841,330,330,33.0,0.5684990882873535,0.765151858329773,5.49601411819458,6.466000556945801,1.104766607284546,0,-1,1,177,0.5363636363636364,2.0,330,0.1347980797290802,0,0.0,0,0.0,0,0.1994180530309677,0,5
SH,GM,73,842,176,176,17.6,0.1577586531639099,0.18755173683166504,0.5899739265441895,0.700434148311615,0.18756265938282013,0,-1,1,161,0.9147727272727273,2.0,176,1.3770941495895386,0,0.0,0,0.0,0,21.5472354888916,0,5
SH,GM,73,843,322,322,32.2,0.38926321268081665,0.4838300347328186,3.8761255741119385,4.656952381134033,0.9822447299957275,0,-1,1,142,0.4409937888198758,2.0,322,1.7373318672180176,0,0.0,0,0.0,0,3.2048168182373047,1,6
SH,GM,73,844,640,640,64.0,0.43776416778564453,0.5397366881370544,25.548885345458984,29.03129768371582,1.3284085988998413,0,-1,1,52,0.08125,2.0,640,1.6330080032348633,0,0.0,0,0.0,0,3.8399791717529297,2,7
SH,GM,73,845,463,463,46.300000000000004,0.3909224569797516,0.49034661054611206,4.757344722747803,5.763443946838379,3.0125632286071777,1,61,1,61,0.13174946004319654,2.0,61,0.0,0,0.0,0,0.0,0,0.0,0,5
SH,GM,73,846,379,379,37.9,0.3462219536304474,0.4865013659000397,3.626584768295288,4.3553032875061035,0.5295194387435913,0,-1,1,222,0.5857519788918206,2.0,379,0.9489573240280151,0,0.0,0,0.0,0,5.050274848937988,0,5
SH,GM,73,847,182,182,18.2,0.39477407932281494,0.4831008315086365,3.2518138885498047,3.9218173027038574,0.5009052157402039,0,-1,0,0,0.0,2.0,182,3.1534531116485596,0,0.0,0,0.0,0,3.811068058013916,0,5
SH,GM,73,848,337,337,33.7,0.1627689003944397,0.1983194798231125,17.073087692260742,21.088645935058594,1.0336318016052246,0,-1,0,0,0.0,2.0,337,2.0548155307769775,0,0.0,0,0.0,0,52.97633361816406,2,7
SH,GM,73,849,283,283,28.3,0.30267372727394104,0.3599645793437958,19.911624908447266,23.464975357055664,1.4401483535766602,0,-1,0,0,0.0,2.0,283,3.9514243602752686,0,0.0,0,0.0,0,38.66276168823242,0,5
SH,GM,73,850,162,162,16.2,0.35705357789993286,0.4748666286468506,3.760516405105591,4.792255878448486,0.7050468325614929,0,-1,0,0,0.0,2.0,162,3.8869311809539795,0,0.0,0,0.0,0,10.675641059875488,0,5
SH,GM,73,851,159,159,15.9,0.6319286227226257,0.8177210092544556,14.612405776977539,19.973512649536133,3.126235008239746,0,-1,0,0,0.0,2.0,159,2.944047212600708,0,0.0,0,0.0,0,5.331331253051758,2,7
SH,GM,73,852,132,132,13.200000000000001,0.3918856680393219,0.47728487849235535,3.5295567512512207,4.13866662979126,0.7058466076850891,0,-1,1,132,1.0,2.0,132,0.6629002690315247,0,0.0,0,0.0,0,12.497904777526855,2,7
SH,GM,73,853,153,153,15.3,0.37619712948799133,0.42601245641708374,7.557875633239746,10.878397941589355,1.7835160493850708,0,-1,0,0,0.0,2.0,153,2.247997283935547,0,0.0,0,0.0,0,37.167808532714844,2,7
SH,GM,73,854,177,177,17.7,0.25256797671318054,0.3332905173301697,12.884692192077637,17.666574478149414,2.113459825515747,0,-1,1,177,1.0,2.0,177,1.0816057920455933,0,0.0,0,0.0,0,19.745853424072266,1,6
SH,GM,73,855,162,162,16.2,0.22056002914905548,0.2647579312324524,5.154460430145264,6.410754203796387,0.7026536464691162,0,-1,1,45,0.2777777777777778,2.0,162,1.6371755599975586,0,0.0,0,0.0,0,13.718192100524902,1,6
SH,GM,73,856,377,377,37.7,0.3001810610294342,0.3638504147529602,17.282413482666016,21.043703079223633,1.056841492652893,0,-1,1,62,0.16445623342175067,2.0,377,1.4857079982757568,0,0.0,0,0.0,0,5.904657363891602,0,5
SH,GM,73,857,446,446,44.6,0.3947918117046356,0.5295636057853699,17.185163497924805,18.598535537719727,0.8354349136352539,0,-1,0,0,0.0,2.0,446,10.091253280639648,0,0.0,0,0.0,0,17.32701301574707,0,5
SH,GM,73,858,138,138,13.8,0.2954484820365906,0.35824820399284363,2.5278444290161133,2.941452741622925,1.0427882671356201,0,-1,0,0,0.0,2.0,138,3.123924493789673,0,0.0,0,0.0,0,79.14535522460938,0,5
SH,GM,73,859,172,172,17.2,0.5348778367042542,0.6915855407714844,4.55403995513916,4.882616996765137,0.6264057159423828,0,-1,0,0,0.0,2.0,172,4.7686567306518555,0,0.0,0,0.0,0,6.570307731628418,0,5
SH,GM,73,860,215,215,21.5,0.19420474767684937,0.2288905680179596,5.082317352294922,6.486517429351807,0.6288099884986877,0,-1,1,215,1.0,2.0,215,1.7618725299835205,0,0.0,0,0.0,0,27.48551368713379,1,6
SH,GM,73,861,239,239,23.900000000000002,0.21582473814487457,0.27120211720466614,5.683302402496338,7.019896984100342,0.764523983001709,0,-1,0,0,0.0,2.0,239,2.608980178833008,0,0.0,0,0.0,0,4.174767971038818,0,5
SH,GM,73,862,591,591,59.1,0.28449591994285583,0.35879063606262207,3.6710586547851562,4.2582831382751465,0.6616349220275879,0,-1,1,34,0.05752961082910321,2.0,591,1.4596894979476929,0,0.0,0,0.0,0,1.0110787153244019,0,5
SH,GM,73,863,132,132,13.200000000000001,0.09797021746635437,0.1263430416584015,0.2237240970134735,0.3658795654773712,0.18271450698375702,0,-1,1,132,1.0,2.0,132,0.9380149245262146,0,0.0,0,0.0,0,26.480234146118164,0,5
SH,GM,73,864,169,169,16.900000000000002,0.5827013254165649,0.7172046899795532,11.964242935180664,14.244159698486328,1.5934858322143555,0,-1,0,0,0.0,2.0,169,4.5137152671813965,0,0.0,0,0.0,0,21.601964950561523,1,6
SH,GM,73,865,161,161,16.1,0.3071684241294861,0.3443738520145416,3.2347278594970703,4.548863410949707,1.0410065650939941,0,-1,0,0,0.0,2.0,161,4.084408283233643,0,0.0,0,0.0,0,82.62535095214844,2,7
SH,GM,73,866,172,172,17.2,0.359450101852417,0.4569775462150574,5.190523147583008,5.79252290725708,0.6967427730560303,1,145,1,98,0.5697674418604651,2.0,145,0.0,0,0.0,0,0.0,0,0.0,1,6
SH,GM,73,867,383,383,38.300000000000004,0.4795728921890259,0.6795069575309753,1.0899431705474854,1.40020751953125,0.47907760739326477,0,-1,1,383,1.0,2.0,383,0.14105576276779175,0,0.0,0,0.0,0,0.1913369745016098,2,7
SH,GM,73,868,141,141,14.100000000000001,0.25201207399368286,0.3215736150741577,13.649992942810059,17.025854110717773,2.2149252891540527,0,-1,1,141,1.0,2.0,141,0.867225170135498,0,0.0,0,0.0,0,19.2348575592041,2,7
SH,GM,73,869,229,229,22.900000000000002,0.40791550278663635,0.47947102785110474,1.7886332273483276,2.1010935306549072,0.44984549283981323,0,-1,1,229,1.0,2.0,229,0.9708295464515686,0,0.0,0,0.0,0,13.510923385620117,1,6
SH,GM,73,870,271,271,27.1,0.09432367235422134,0.12299855798482895,4.674368858337402,7.483791828155518,0.6978253722190857,0,-1,0,0,0.0,2.0,271,2.222083568572998,0,0.0,0,0.0,0,40.92625427246094,0,5
SH,GM,73,871,238,238,23.8,0.2659563720226288,0.3165284991264343,3.0850727558135986,4.031050205230713,0.47841328382492065,0,-1,1,113,0.47478991596638653,2.0,238,1.4881179332733154,0,0.0,0,0.0,0,2.9087202548980713,0,5
SH,GM,73,872,285,285,28.5,0.24653834104537964,0.2841826379299164,16.037885665893555,19.06623077392578,1.2997205257415771,0,-1,0,0,0.0,2.0,285,2.6440300941467285,0,0.0,0,0.0,0,7.487744331359863,2,7
SH,GM,73,873,214,214,21.400000000000002,0.2896406054496765,0.42506811022758484,6.250519752502441,10.948139190673828,1.505617380142212,0,-1,0,0,0.0,2.0,214,4.254882335662842,0,0.0,0,0.0,0,8.410348892211914,0,5
SH,GM,73,874,136,136,13.600000000000001,0.618083655834198,0.7815030217170715,3.8810222148895264,4.746911525726318,0.9667730927467346,1,112,1,59,0.4338235294117647,2.0,112,0.0,0,0.0,0,0.0,0,0.0,1,6
SH,GM,73,875,268,268,26.8,0.1205715760588646,0.15563394129276276,1.6667122840881348,2.639699935913086,0.4166654348373413,0,-1,1,268,1.0,2.0,268,1.0626167058944702,0,0.0,0,0.0,0,30.314069747924805,1,6
SH,GM,73,876,212,212,21.200000000000003,0.40381312370300293,0.5072113871574402,22.378908157348633,27.53091049194336,2.3627982139587402,0,-1,1,74,0.3490566037735849,2.0,212,1.0096943378448486,0,0.0,0,0.0,0,10.660426139831543,1,6
SH,GM,73,877,277,277,27.700000000000003,0.3057294189929962,0.3803796172142029,1.167324185371399,1.4173659086227417,0.32154616713523865,0,-1,1,277,1.0,2.0,277,0.9526038765907288,0,0.0,0,0.0,0,1.5502675771713257,1,6
SH,GM,73,878,193,193,19.3,0.36571207642555237,0.5079386234283447,5.100976943969727,6.4969563484191895,0.7685519456863403,0,-1,1,193,1.0,2.0,193,0.20219101011753082,0,0.0,0,0.0,0,0.7566474080085754,1,6
SH,GM,73,879,157,157,15.700000000000001,0.3947356641292572,0.5811377763748169,2.7736172676086426,3.6790032386779785,0.5216639637947083,1,144,1,89,0.5668789808917197,2.0,144,0.0,0,0.0,0,0.0,0,0.0,1,6
SH,GM,73,880,131,131,13.100000000000001,0.32493266463279724,0.4133497476577759,8.821234703063965,10.959375381469727,1.5131841897964478,0,-1,1,40,0.3053435114503817,2.0,131,0.6858551502227783,0,0.0,0,0.0,0,3.2670984268188477,0,5
SH,GM,73,881,383,383,38.300000000000004,0.27431076765060425,0.34311017394065857,2.3205721378326416,2.820143222808838,0.43591073155403137,0,-1,1,383,1.0,2.0,383,0.6800674796104431,0,0.0,0,0.0,0,4.452827453613281,0,5
SH,GM,73,882,230,230,23.0,0.1416427344083786,0.1713513880968094,2.8204972743988037,3.374359607696533,0.313804566860199,0,-1,1,229,0.9956521739130435,2.0,230,1.6951535940170288,0,0.0,0,0.0,0,33.60453414916992,2,7
SH,GM,73,883,139,139,13.9,0.49647462368011475,0.5552815198898315,10.17881965637207,12.642904281616211,1.9439780712127686,0,-1,0,0,0.0,2.0,139,3.2353692054748535,0,0.0,0,0.0,0,4.313999176025391,0,5
SH,GM,73,884,338,338,33.800000000000004,0.25342264771461487,0.32815811038017273,4.474920749664307,5.779815196990967,0.6032199859619141,0,-1,1,140,0.41420118343195267,2.0,338,1.4122695922851562,0,0.0,0,0.0,0,1.5069984197616577,0,5
SH,GM,73,885,357,357,35.7,0.28786081075668335,0.38787057995796204,29.77975845336914,46.250579833984375,3.5940215587615967,0,-1,1,357,1.0,2.0,357,1.4793869256973267,0,0.0,0,0.0,0,41.53325271606445,2,7
SH,GM,73,886,304,304,30.400000000000002,0.2772563099861145,0.3507922291755676,2.513474225997925,2.865609884262085,0.6203715205192566,0,-1,1,304,1.0,2.0,304,0.23954059183597565,0,0.0,0,0.0,0,3.459933280944824,0,5
SH,GM,73,887,162,162,16.2,0.42817339301109314,0.5717712044715881,1.6154909133911133,2.0451574325561523,0.6504385471343994,0,-1,1,162,1.0,2.0,162,1.032934308052063,0,0.0,0,0.0,0,7.460205078125,2,7
SH,GM,73,888,172,172,17.2,0.287036269903183,0.38186296820640564,13.021286964416504,15.865300178527832,1.5509395599365234,0,-1,1,172,1.0,2.0,172,0.7517225742340088,0,0.0,0,0.0,0,14.603377342224121,2,7
SH,GM,73,889,301,301,30.1,0.18862247467041016,0.23606589436531067,3.614614248275757,4.090481758117676,0.3788473308086395,0,-1,1,301,1.0,2.0,301,0.9071468114852905,0,0.0,0,0.0,0,19.736766815185547,1,6
SH,GM,73,890,288,288,28.8,0.29998642206192017,0.40061771869659424,2.8672449588775635,3.556905746459961,0.6351670026779175,1,280,1,280,0.9722222222222222,2.0,280,0.0,0,0.0,0,0.0,0,0.0,1,6
SH,GM,73,891,237,237,23.700000000000003,0.6448741555213928,0.759121835231781,21.980104446411133,24.00640296936035,1.6351977586746216,0,-1,0,0,0.0,2.0,237,4.75544548034668,0,0.0,0,0.0,0,16.257465362548828,1,6
SH,GM,73,892,510,510,51.0,0.27245816588401794,0.3830965459346771,5.986795902252197,6.735014915466309,0.4912336468696594,0,-1,0,0,0.0,2.0,510,2.8786330223083496,0,0.0,0,0.0,0,3.785710096359253,2,7
SH,GM,73,893,235,235,23.5,0.22131790220737457,0.2709771990776062,10.348281860351562,12.689842224121094,1.095313310623169,0,-1,0,0,0.0,2.0,235,3.6525394916534424,0,0.0,0,0.0,0,7.843578338623047,1,6
SH,GM,73,894,163,163,16.3,0.334656298160553,0.37836605310440063,7.568986892700195,8.555410385131836,0.9335376024246216,0,-1,0,0,0.0,2.0,163,2.7145700454711914,0,0.0,0,0.0,0,25.325000762939453,0,5
SH,GM,73,895,309,309,30.900000000000002,0.4786379039287567,0.6025086045265198,9.137737274169922,11.177213668823242,0.8723649978637695,0,-1,1,49,0.15857605177993528,2.0,309,1.4916017055511475,0,0.0,0,0.0,0,5.040760040283203,1,6
SH,GM,73,896,312,312,31.200000000000003,0.30828577280044556,0.36093300580978394,9.031352043151855,11.254012107849121,1.0454782247543335,0,-1,1,5,0.016025641025641024,2.0,312,1.9257503747940063,0,0.0,0,0.0,0,11.480167388916016,2,7
SH,GM,73,897,173,173,17.3,0.3001005947589874,0.43427109718322754,0.5545787215232849,0.6893096566200256,0.37405356764793396,0,-1,1,173,1.0,2.0,173,1.3764684200286865,0,0.0,0,0.0,0,1.7876977920532227,2,7
SH,GM,73,898,397,397,39.7,0.2697008550167084,0.36754974722862244,3.075076103210449,4.0209479331970215,0.6190836429595947,0,-1,1,166,0.4181360201511335,2.0,397,0.9685361385345459,0,0.0,0,0.0,0,4.0903520584106445,1,6
SH,GM,73,899,327,327,32.7,0.2783650755882263,0.39892539381980896,7.463642597198486,10.380330085754395,0.9286671876907349,0,-1,0,0,0.0,2.0,327,2.159449577331543,0,0.0,0,0.0,0,5.836135387420654,2,7
SH,GM,73,900,596,596,59.6,0.2000514268875122,0.25271955132484436,16.252952575683594,17.6436710357666,0.5533115863800049,0,-1,0,0,0.0,2.0,596,4.794439792633057,0,0.0,0,0.0,0,10.123152732849121,0,5
SH,GM,73,901,225,225,22.5,0.2665632367134094,0.32388579845428467,3.594431161880493,4.281093120574951,0.8435261249542236,0,-1,1,148,0.6577777777777778,2.0,225,0.9076055884361267,0,0.0,0,0.0,0,6.388859272003174,1,6
SH,GM,73,902,185,185,18.5,0.34398260712623596,0.4171132445335388,4.551812171936035,5.991551399230957,0.9844121336936951,0,-1,1,129,0.6972972972972973,2.0,185,1.2757898569107056,0,0.0,0,0.0,0,5.187396049499512,2,7
SH,GM,73,903,196,196,19.6,0.49362263083457947,0.606743335723877,5.741256237030029,7.098367691040039,1.0322846174240112,0,-1,0,0,0.0,2.0,196,2.606544017791748,0,0.0,0,0.0,0,3.675675392150879,2,7
SH,GM,73,904,147,147,14.700000000000001,0.18407875299453735,0.23653225600719452,5.940842628479004,7.030445098876953,0.9108850359916687,0,-1,0,0,0.0,2.0,147,2.0724852085113525,0,0.0,0,0.0,0,44.13707733154297,0,5
SH,GM,73,905,465,465,46.5,0.45609161257743835,0.5914326906204224,3.4712424278259277,3.7564260959625244,1.7387988567352295,1,81,1,81,0.17419354838709677,2.0,81,0.0,0,0.0,0,0.0,0,0.0,1,6
SH,GM,73,906,198,198,19.8,0.22987011075019836,0.2901603579521179,4.007082462310791,4.791482925415039,0.43543559312820435,0,-1,1,12,0.06060606060606061,2.0,198,1.9408643245697021,0,0.0,0,0.0,0,5.67921781539917,0,5
SH,GM,73,907,338,338,33.800000000000004,0.44431349635124207,0.5886658430099487,34.97029113769531,39.908729553222656,1.8950704336166382,0,-1,0,0,0.0,2.0,338,2.521906852722168,0,0.0,0,0.0,0,30.603517532348633,1,6
SH,GM,73,908,404,404,40.400000000000006,0.18890051543712616,0.24164970219135284,16.715160369873047,18.840496063232422,1.3728874921798706,0,-1,0,0,0.0,2.0,404,2.670224189758301,0,0.0,0,0.0,0,49.69401550292969,1,6
SH,GM,73,909,146,146,14.600000000000001,0.2990773916244507,0.35857516527175903,3.006711959838867,3.9046876430511475,0.4636293053627014,0,-1,0,0,0.0,2.0,146,10.617029190063477,0,0.0,0,0.0,0,8.171332359313965,0,5
SH,GM,73,910,174,174,17.400000000000002,0.15078702569007874,0.1948169320821762,8.931862831115723,11.237077713012695,1.318354845046997,0,-1,0,0,0.0,2.0,174,2.755981683731079,0,0.0,0,0.0,0,55.72005081176758,0,5
SH,GM,73,911,150,150,15.0,0.3866518437862396,0.4476582109928131,3.2601053714752197,3.9832847118377686,0.6799964308738708,0,-1,1,150,1.0,2.0,150,1.5038083791732788,0,0.0,0,0.0,0,14.434928894042969,2,7
SH,GM,73,912,1480,1480,148.0,0.32766881585121155,0.4305610954761505,9.689264297485352,12.014907836914062,0.7264173626899719,0,-1,1,405,0.27364864864864863,2.0,1480,1.4370379447937012,0,0.0,0,0.0,0,3.269221067428589,1,6
SH,GM,73,913,292,292,29.200000000000003,0.3972311019897461,0.49474024772644043,5.288463115692139,6.258433818817139,0.9945972561836243,0,-1,1,118,0.4041095890410959,2.0,292,1.4576940536499023,0,0.0,0,0.0,0,2.830875873565674,2,7
SH,GM,73,914,225,225,22.5,0.3143632113933563,0.5915143489837646,2.433706760406494,3.2768473625183105,0.4929353892803192,0,-1,1,225,1.0,2.0,225,1.3817130327224731,0,0.0,0,0.0,0,19.154354095458984,2,7
SH,GM,73,915,2679,2679,267.90000000000003,0.26020947098731995,0.3460330665111542,11.095396995544434,13.286213874816895,0.49223005771636963,0,-1,0,0,0.0,2.0,2679,4.226616859436035,0,0.0,0,0.0,0,7.490049362182617,2,7
SH,GM,73,916,204,204,20.400000000000002,0.30526819825172424,0.3594130277633667,8.840977668762207,10.26303768157959,0.7881045341491699,0,-1,1,71,0.3480392156862745,2.0,204,1.128636121749878,0,0.0,0,0.0,0,12.903496742248535,0,5
SH,GM,73,917,2008,2008,200.8,0.33970150351524353,0.4272524416446686,3.310417413711548,4.295376777648926,0.6533908843994141,0,-1,1,553,0.27539840637450197,2.0,2008,1.6651262044906616,0,0.0,0,0.0,0,2.227461099624634,2,7
SH,GM,73,918,625,625,62.5,0.2721324563026428,0.3430491089820862,1.7344156503677368,2.163987159729004,0.36674588918685913,0,-1,1,436,0.6976,2.0,625,1.453948974609375,0,0.0,0,0.0,0,2.3858578205108643,0,5
SH,GM,73,919,233,233,23.3,0.18144801259040833,0.2473769634962082,6.907419204711914,8.079103469848633,0.5824480056762695,0,-1,0,0,0.0,2.0,233,6.820906639099121,0,0.0,0,0.0,0,12.269692420959473,0,5
SH,GM,73,920,131,131,13.100000000000001,0.49032115936279297,0.9049800038337708,1.0671828985214233,1.4922082424163818,0.7200371026992798,0,-1,1,131,1.0,2.0,131,1.0095038414001465,0,0.0,0,0.0,0,9.464044570922852,1,6
SH,GM,73,921,180,180,18.0,0.14635346829891205,0.17267930507659912,7.052126884460449,9.44664192199707,1.2097623348236084,0,-1,0,0,0.0,2.0,180,2.658090591430664,0,0.0,0,0.0,0,81.44893646240234,2,7
SH,GM,73,922,198,198,19.8,0.30016788840293884,0.38098016381263733,2.584810495376587,3.221423387527466,0.6297233700752258,0,-1,1,109,0.5505050505050505,2.0,198,1.6331448554992676,0,0.0,0,0.0,0,1.706982135772705,1,6
SH,GM,73,923,353,353,35.300000000000004,0.14492014050483704,0.19039501249790192,4.2488203048706055,4.530973434448242,0.28055572509765625,0,-1,1,353,1.0,2.0,353,1.1486181020736694,0,0.0,0,0.0,0,7.56268310546875,0,5
SH,GM,73,924,250,250,25.0,0.18531757593154907,0.23700903356075287,12.694540977478027,14.27187728881836,0.8749120235443115,0,-1,1,52,0.208,2.0,250,1.65190851688385,0,0.0,0,0.0,0,28.570209503173828,0,5
SH,GM,73,925,316,316,31.6,0.16021782159805298,0.19843639433383942,6.761338710784912,7.959470272064209,0.5015621781349182,0,-1,1,316,1.0,2.0,316,1.177017092704773,0,0.0,0,0.0,0,24.578353881835938,1,6
SH,GM,73,926,394,394,39.400000000000006,0.2665333151817322,0.3731306195259094,3.5882487297058105,4.800473213195801,0.7607201337814331,0,-1,1,194,0.49238578680203043,2.0,394,1.5738346576690674,0,0.0,0,0.0,0,21.752700805664062,2,7
SH,GM,73,927,263,263,26.3,0.07675047218799591,0.09802789241075516,2.6750144958496094,2.963724374771118,0.2897268235683441,0,-1,0,0,0.0,2.0,263,3.0810251235961914,0,0.0,0,0.0,0,81.54367065429688,0,5
SH,GM,73,928,181,181,18.1,0.4097050726413727,0.49284827709198,3.166097640991211,4.220996856689453,0.5902668833732605,0,-1,1,181,1.0,2.0,181,0.8138948082923889,0,0.0,0,0.0,0,3.039663314819336,2,7
SH,GM,73,929,177,177,17.7,0.2971961200237274,0.36726516485214233,1.739994764328003,1.9257608652114868,0.4280272126197815,0,-1,1,177,1.0,2.0,177,0.5970956683158875,0,0.0,0,0.0,0,8.473167419433594,2,7
SH,GM,73,930,227,227,22.700000000000003,0.23406937718391418,0.3121427297592163,3.5024642944335938,3.9953386783599854,0.5998478531837463,0,-1,1,227,1.0,2.0,227,0.5070226788520813,0,0.0,0,0.0,0,8.911545753479004,1,6
SH,GM,73,931,266,266,26.6,0.2967833876609802,0.3783847987651825,2.293086051940918,2.497612476348877,0.47427788376808167,0,-1,1,210,0.7894736842105263,2.0,266,1.5499505996704102,0,0.0,0,0.0,0,1.3384666442871094,1,6
SH,GM,73,932,204,204,20.400000000000002,0.20948155224323273,0.24252726137638092,8.276525497436523,9.618792533874512,0.8882827758789062,0,-1,0,0,0.0,2.0,204,2.973503589630127,0,0.0,0,0.0,0,49.615055084228516,1,6
SH,GM,73,933,188,188,18.8,0.384412556886673,0.5320644974708557,2.2935338020324707,2.805290699005127,0.7660441398620605,0,-1,0,0,0.0,2.0,188,2.3315012454986572,0,0.0,0,0.0,0,1.7241466045379639,0,5
SH,GM,73,934,175,175,17.5,0.2858276963233948,0.3587360382080078,3.8043882846832275,4.394462585449219,0.47465750575065613,0,-1,0,0,0.0,2.0,175,5.283941745758057,0,0.0,0,0.0,0,7.4648919105529785,2,7
SH,GM,73,935,166,166,16.6,0.5683367252349854,0.7778112888336182,2.0839998722076416,2.4373013973236084,0.7833148241043091,0,-1,1,75,0.45180722891566266,2.0,166,1.3865755796432495,0,0.0,0,0.0,0,11.326830863952637,2,7
SH,GM,73,936,151,151,15.100000000000001,0.1378324329853058,0.2034350037574768,5.82265043258667,6.97152042388916,0.7568614482879639,0,-1,0,0,0.0,2.0,151,8.617741584777832,0,0.0,0,0.0,0,13.255061149597168,0,5
SH,GM,73,937,187,187,18.7,0.23166273534297943,0.29016196727752686,3.6593821048736572,4.654217720031738,0.44384288787841797,0,-1,1,187,1.0,2.0,187,1.430390477180481,0,0.0,0,0.0,0,20.78730010986328,2,7
SH,GM,73,938,329,329,32.9,0.12750937044620514,0.15803742408752441,3.4275424480438232,4.528784275054932,0.3771601617336273,0,-1,0,0,0.0,2.0,329,2.974762201309204,0,0.0,0,0.0,0,62.77688980102539,2,7
SH,GM,73,939,652,652,65.2,0.3115796148777008,0.4309435486793518,2.440014362335205,2.9096782207489014,0.6473575234413147,0,-1,0,0,0.0,2.0,652,3.5089001655578613,0,0.0,0,0.0,0,8.975411415100098,0,5
SH,GM,73,940,173,173,17.3,0.41522958874702454,0.5061672329902649,4.5476908683776855,6.465662956237793,1.127669095993042,0,-1,1,168,0.9710982658959537,2.0,173,1.1345343589782715,0,0.0,0,0.0,0,13.276219367980957,0,5
SH,GM,73,941,916,916,91.60000000000001,0.18696512281894684,0.24037766456604004,7.3151774406433105,8.048996925354004,0.3220319151878357,0,-1,1,916,1.0,2.0,916,0.5994356274604797,0,0.0,0,0.0,0,8.281944274902344,2,7
SH,GM,73,942,225,225,22.5,0.264824241399765,0.33031997084617615,3.655611276626587,5.192420959472656,0.6420350074768066,0,-1,0,0,0.0,2.0,225,2.50486159324646,0,0.0,0,0.0,0,1.804782748222351,0,5
SH,GM,73,943,186,186,18.6,0.332599937915802,0.4776313602924347,2.8374178409576416,3.163961172103882,0.5594772100448608,0,-1,1,72,0.3870967741935484,2.0,186,1.4276007413864136,0,0.0,0,0.0,0,5.742931365966797,1,6
SH,GM,73,944,416,416,41.6,0.22889430820941925,0.3030334711074829,2.1448025703430176,2.4016687870025635,0.22590972483158112,0,-1,1,416,1.0,2.0,416,0.4695908725261688,0,0.0,0,0.0,0,0.24303476512432098,1,6
SH,GM,73,945,255,255,25.5,0.25069597363471985,0.32735544443130493,10.51129150390625,13.554031372070312,1.0926851034164429,0,-1,0,0,0.0,2.0,255,2.8448681831359863,0,0.0,0,0.0,0,3.511592149734497,1,6
SH,GM,73,946,220,220,22.0,0.22554591298103333,0.2813531160354614,3.059600353240967,3.9840335845947266,0.42385682463645935,0,-1,0,0,0.0,2.0,220,2.371330738067627,0,0.0,0,0.0,0,13.40165901184082,0,5
SH,GM,73,947,187,187,18.7,0.5229320526123047,0.7313917875289917,2.967625856399536,3.2301809787750244,0.5869816541671753,1,175,1,175,0.9358288770053476,2.0,175,0.0,0,0.0,0,0.0,0,0.0,0,5
SH,GM,73,948,232,232,23.200000000000003,0.4080515205860138,0.5715287327766418,1.9162187576293945,2.345057249069214,1.2869166135787964,1,160,1,160,0.6896551724137931,2.0,160,0.0,0,0.0,0,0.0,0,0.0,1,6
SH,GM,73,949,182,182,18.2,0.4221785366535187,0.5084318518638611,8.106036186218262,10.29395580291748,1.2139575481414795,0,-1,0,0,0.0,2.0,182,2.501162528991699,0,0.0,0,0.0,0,22.136547088623047,1,6
SH,GM,73,950,174,174,17.400000000000002,0.343822181224823,0.39318475127220154,5.680179119110107,7.200797080993652,1.057698369026184,0,-1,1,71,0.40804597701149425,2.0,174,0.9891083240509033,0,0.0,0,0.0,0,8.951431274414062,1,6
SH,GM,73,951,829,829,82.9,0.2524362802505493,0.33379223942756653,10.993913650512695,14.893550872802734,0.5149657130241394,0,-1,1,484,0.5838359469240049,2.0,829,1.082881212234497,0,0.0,0,0.0,0,8.332534790039062,1,6
SH,GM,73,952,325,325,32.5,0.1751585453748703,0.22178669273853302,2.749732494354248,4.083286285400391,0.4323274493217468,0,-1,1,325,1.0,2.0,325,0.9850724339485168,0,0.0,0,0.0,0,15.040848731994629,1,6
SH,GM,73,953,201,201,20.1,0.15698014199733734,0.1905040591955185,11.820494651794434,15.363607406616211,1.674386978149414,0,-1,0,0,0.0,2.0,201,2.4378273487091064,0,0.0,0,0.0,0,42.9914436340332,1,6
SH,GM,73,954,197,197,19.700000000000003,0.26479819416999817,0.3214336037635803,2.4333033561706543,3.270751476287842,0.7610238194465637,0,-1,0,0,0.0,2.0,197,2.434460163116455,0,0.0,0,0.0,0,22.043493270874023,1,6
SH,GM,73,955,223,223,22.3,0.3495774269104004,0.457013338804245,4.200615882873535,4.823080062866211,0.7606416940689087,0,-1,0,0,0.0,2.0,223,2.7332491874694824,0,0.0,0,0.0,0,3.083620548248291,2,7
SH,GM,73,956,208,208,20.8,0.39179542660713196,0.4991345703601837,2.1016504764556885,2.5898890495300293,0.6234028339385986,0,-1,1,58,0.27884615384615385,2.0,208,0.9238497018814087,0,0.0,0,0.0,0,0.2297292798757553,2,7
SH,GM,73,957,159,159,15.9,0.3589349091053009,0.5091683864593506,1.488914966583252,1.8406013250350952,0.6125179529190063,0,-1,1,159,1.0,2.0,159,1.2418015003204346,0,0.0,0,0.0,0,3.603410243988037,0,5
SH,GM,73,958,189,189,18.900000000000002,0.6509919762611389,0.9282730221748352,16.483396530151367,22.270368576049805,3.1917147636413574,1,175,1,175,0.9259259259259259,2.0,175,0.0,0,0.0,0,0.0,0,0.0,1,6
SH,GM,73,959,230,230,23.0,0.250702828168869,0.3335692584514618,10.474044799804688,13.471968650817871,1.3085622787475586,0,-1,1,124,0.5391304347826087,2.0,230,0.875191330909729,0,0.0,0,0.0,0,7.031185626983643,1,6
SH,GM,73,960,221,221,22.1,0.352854460477829,0.5018744468688965,0.960409939289093,1.1744744777679443,0.36506131291389465,0,-1,1,174,0.7873303167420814,2.0,221,1.8016431331634521,0,0.0,0,0.0,0,1.4947154521942139,2,7
SH,GM,73,961,167,167,16.7,0.3416830599308014,0.4285466969013214,11.655744552612305,14.100229263305664,1.3299639225006104,0,-1,0,0,0.0,2.0,167,4.943450927734375,0,0.0,0,0.0,0,12.621431350708008,0,5
SH,GM,73,962,209,209,20.900000000000002,0.38251248002052307,0.6052149534225464,3.677696704864502,5.293506145477295,0.9017727375030518,0,-1,0,0,0.0,2.0,209,3.0495705604553223,0,0.0,0,0.0,0,31.722150802612305,1,6
SH,GM,73,963,705,705,70.5,0.5455658435821533,0.7360703945159912,38.981910705566406,46.7706184387207,2.490834951400757,0,-1,1,41,0.05815602836879433,2.0,705,1.7606594562530518,0,0.0,0,0.0,0,3.2142136096954346,1,6
SH,GM,73,964,133,133,13.3,0.24112875759601593,0.3359633684158325,0.45675134658813477,0.6248465776443481,0.3180002272129059,0,-1,0,0,0.0,2.0,133,2.849951982498169,0,0.0,0,0.0,0,2.264460325241089,2,7
SH,GM,73,965,204,204,20.400000000000002,0.2931041121482849,0.3915313482284546,12.453701972961426,15.099554061889648,1.3304649591445923,0,-1,0,0,0.0,2.0,204,2.5779612064361572,0,0.0,0,0.0,0,4.006526470184326,2,7
SH,GM,73,966,144,144,14.4,0.2242426872253418,0.2973935306072235,8.705020904541016,10.619710922241211,1.4130985736846924,0,-1,1,32,0.2222222222222222,2.0,144,1.8247079849243164,0,0.0,0,0.0,0,32.4427375793457,1,6
SH,GM,73,967,752,752,75.2,0.22873733937740326,0.28800299763679504,3.8134872913360596,5.111915111541748,0.4092181622982025,0,-1,1,752,1.0,2.0,752,0.9786144495010376,0,0.0,0,0.0,0,21.446304321289062,2,7
SH,GM,73,968,191,191,19.1,0.19603876769542694,0.24241167306900024,2.5785908699035645,3.0947742462158203,0.6582860350608826,0,-1,0,0,0.0,2.0,191,2.0581748485565186,0,0.0,0,0.0,0,43.22607421875,1,6
SH,GM,73,969,361,361,36.1,0.550437331199646,0.8680820465087891,7.527353286743164,8.566401481628418,1.150544285774231,0,-1,0,0,0.0,2.0,361,2.8288726806640625,0,0.0,0,0.0,0,7.915439605712891,2,7
SH,GM,73,970,300,300,30.0,0.20275293290615082,0.31150129437446594,5.2883524894714355,5.762462615966797,1.7888422012329102,1,149,1,149,0.49666666666666665,2.0,149,0.0,0,0.0,0,0.0,0,0.0,2,7
SH,GM,73,971,376,376,37.6,0.1361510455608368,0.18400011956691742,9.20899486541748,10.422651290893555,0.5467491745948792,0,-1,1,376,1.0,2.0,376,1.0158755779266357,0,0.0,0,0.0,0,17.967926025390625,1,6
SH,GM,73,972,631,631,63.1,0.32117095589637756,0.40854525566101074,14.641616821289062,17.03325843811035,4.7054290771484375,1,262,1,88,0.13946117274167988,2.0,262,0.0,0,0.0,0,0.0,0,0.0,0,5
SH,GM,73,973,176,176,17.6,0.41730374097824097,0.5318947434425354,6.632913112640381,9.235295295715332,1.7313151359558105,0,-1,0,0,0.0,2.0,176,6.930330276489258,0,0.0,0,0.0,0,36.32167053222656,1,6
SH,GM,73,974,386,386,38.6,0.21345841884613037,0.2864375412464142,30.84237289428711,37.09660720825195,1.7730600833892822,0,-1,0,0,0.0,2.0,386,2.3642868995666504,0,0.0,0,0.0,0,5.133134841918945,2,7
SH,GM,73,975,224,224,22.400000000000002,0.40438196063041687,0.45988550782203674,10.097460746765137,15.775750160217285,2.022998571395874,0,-1,0,0,0.0,2.0,224,6.4016008377075195,0,0.0,0,0.0,0,11.235715866088867,1,6
SH,GM,73,976,460,460,46.0,0.1904798001050949,0.2450215220451355,6.645238399505615,8.1217622756958,0.673615574836731,0,-1,1,270,0.5869565217391305,2.0,460,1.9132099151611328,0,0.0,0,0.0,0,50.98186111450195,0,5
SH,GM,73,977,193,193,19.3,0.14654527604579926,0.19033408164978027,4.874523162841797,5.725371837615967,0.4096294641494751,0,-1,1,193,1.0,2.0,193,0.3899499475955963,0,0.0,0,0.0,0,7.4158525466918945,2,7
SH,GM,73,978,162,162,16.2,0.17515748739242554,0.22208815813064575,3.93701171875,5.370675086975098,0.7098039984703064,0,-1,1,94,0.5802469135802469,2.0,162,1.831052303314209,0,0.0,0,0.0,0,35.04799270629883,0,5
SH,GM,73,979,134,134,13.4,0.16202092170715332,0.20026418566703796,0.9195067882537842,1.1619267463684082,0.2442675679922104,0,-1,1,120,0.8955223880597015,2.0,134,1.8409607410430908,0,0.0,0,0.0,0,26.93178367614746,0,5
SH,GM,73,980,207,207,20.700000000000003,0.19228152930736542,0.24489746987819672,1.2214030027389526,1.4633246660232544,0.29860785603523254,0,-1,0,0,0.0,2.0,207,2.1084132194519043,0,0.0,0,0.0,0,1.7718218564987183,0,5
SH,GM,73,981,306,306,30.6,0.21951286494731903,0.2958935797214508,15.350399017333984,17.712764739990234,1.025623083114624,0,-1,0,0,0.0,2.0,306,2.6576459407806396,0,0.0,0,0.0,0,7.223210334777832,1,6
SH,GM,73,982,277,277,27.700000000000003,0.2076050043106079,0.24254347383975983,9.398991584777832,10.44292163848877,0.5532983541488647,0,-1,1,277,1.0,2.0,277,0.41688063740730286,0,0.0,0,0.0,0,7.5592145919799805,2,7
SH,GM,73,983,530,530,53.0,0.2624342143535614,0.3783930838108063,6.298406600952148,8.384474754333496,0.7835756540298462,0,-1,1,530,1.0,2.0,530,0.9174103140830994,0,0.0,0,0.0,0,10.210648536682129,1,6
SH,GM,73,984,153,153,15.3,0.30881214141845703,0.378316730260849,4.493093967437744,5.347253799438477,0.5084021687507629,0,-1,1,80,0.5228758169934641,2.0,153,1.7998193502426147,0,0.0,0,0.0,0,22.160924911499023,0,5
SH,GM,73,985,159,159,15.9,0.31640806794166565,0.3763422966003418,1.9074432849884033,2.6289756298065186,0.3852684795856476,0,-1,0,0,0.0,2.0,159,3.739494800567627,0,0.0,0,0.0,0,2.867067575454712,1,6
SH,GM,73,986,173,173,17.3,0.28641098737716675,0.35021206736564636,5.668789863586426,8.03879165649414,1.0768824815750122,0,-1,1,43,0.24855491329479767,2.0,173,1.8055630922317505,0,0.0,0,0.0,0,13.526676177978516,1,6
SH,GM,73,987,161,161,16.1,0.21477632224559784,0.2705816328525543,1.4818432331085205,1.6965996026992798,0.3023069500923157,0,-1,1,112,0.6956521739130435,2.0,161,0.7647103071212769,0,0.0,0,0.0,0,6.718276023864746,0,5
SH,GM,73,988,219,219,21.900000000000002,0.4264747202396393,0.5135753750801086,19.007387161254883,25.154922485351562,2.5892727375030518,0,-1,0,0,0.0,2.0,219,3.069357395172119,0,0.0,0,0.0,0,5.713241100311279,1,6
SH,GM,73,989,272,272,27.200000000000003,0.29106372594833374,0.42410439252853394,2.900738000869751,3.1933438777923584,0.5018690824508667,0,-1,0,0,0.0,2.0,272,2.7125935554504395,0,0.0,0,0.0,0,3.3322978019714355,0,5
SH,GM,73,990,304,304,30.400000000000002,0.1289912462234497,0.1613284945487976,8.065400123596191,9.55444622039795,0.5585436224937439,0,-1,0,0,0.0,2.0,304,2.384378671646118,0,0.0,0,0.0,0,5.645099639892578,1,6
SH,GM,73,991,494,494,49.400000000000006,0.3472241163253784,0.42720267176628113,6.837204933166504,7.927206993103027,0.77567058801651,0,-1,1,367,0.742914979757085,2.0,494,0.9856870770454407,0,0.0,0,0.0,0,13.701173782348633,0,5
SH,GM,73,992,137,137,13.700000000000001,0.27618688344955444,0.35748156905174255,1.8457458019256592,2.2459335327148438,0.42646557092666626,0,-1,1,22,0.16058394160583941,2.0,137,1.7843873500823975,0,0.0,0,0.0,0,1.1785460710525513,2,7
SH,GM,73,993,274,274,27.400000000000002,0.4108918011188507,0.5341731309890747,1.6076507568359375,2.1200616359710693,0.6908575296401978,0,-1,1,274,1.0,2.0,274,0.5524762272834778,0,0.0,0,0.0,0,3.3085482120513916,0,5
SH,GM,73,994,364,364,36.4,0.3126162588596344,0.3773638904094696,31.094100952148438,37.315731048583984,1.9477851390838623,0,-1,1,46,0.12637362637362637,2.0,364,1.4763662815093994,0,0.0,0,0.0,0,5.288135051727295,1,6
SH,GM,73,995,426,426,42.6,0.13950186967849731,0.1767084002494812,14.487998962402344,17.280088424682617,0.8791012763977051,0,-1,1,113,0.2652582159624413,2.0,426,1.2513489723205566,0,0.0,0,0.0,0,15.583640098571777,0,5
SH,GM,73,996,197,197,19.700000000000003,0.3052974343299866,0.376953661441803,11.190991401672363,13.236982345581055,1.0807762145996094,0,-1,0,0,0.0,2.0,197,3.8835744857788086,0,0.0,0,0.0,0,61.72736358642578,2,7
SH,GM,73,997,673,673,67.3,0.33885273337364197,0.4340421259403229,51.210838317871094,56.350311279296875,1.4579938650131226,0,-1,0,0,0.0,2.0,673,3.282928943634033,0,0.0,0,0.0,0,6.40012788772583,1,6
SH,GM,73,998,456,456,45.6,0.21100597083568573,0.29844337701797485,0.6892966032028198,0.8121256828308105,0.19072911143302917,0,-1,1,447,0.9802631578947368,2.0,456,1.447643756866455,0,0.0,0,0.0,0,1.0430352687835693,0,5
SH,GM,73,999,311,311,31.1,0.44923004508018494,0.6057146191596985,7.829815864562988,11.16114330291748,1.1217422485351562,0,-1,1,311,1.0,2.0,311,0.39901190996170044,0,0.0,0,0.0,0,2.171933889389038,1,6
SH,GM,73,1000,235,235,23.5,0.4057559072971344,0.5172265768051147,9.374222755432129,10.891400337219238,1.9027020931243896,0,-1,1,25,0.10638297872340426,2.0,235,1.8269615173339844,0,0.0,0,0.0,0,22.517301559448242,2,7
SH,GM,73,1001,401,401,40.1,0.3199426829814911,0.4967776834964752,5.116692066192627,5.6151628494262695,2.557903528213501,1,291,1,291,0.7256857855361596,2.0,291,0.0,0,0.0,0,0.0,0,0.0,0,5
SH,GM,73,1002,482,482,48.2,0.5268732905387878,0.6877292990684509,3.094785213470459,4.336352348327637,1.0046361684799194,0,-1,1,221,0.45850622406639,2.0,482,1.1985080242156982,0,0.0,0,0.0,0,1.2226471900939941,0,5
SH,GM,73,1003,279,279,27.900000000000002,0.3454088866710663,0.4754141867160797,6.52092170715332,7.506931304931641,0.6286296248435974,0,-1,1,104,0.3727598566308244,2.0,279,1.5180448293685913,0,0.0,0,0.0,0,3.8193602561950684,1,6
SH,GM,73,1004,146,146,14.600000000000001,0.4757942259311676,0.5982794761657715,12.470293998718262,14.231895446777344,1.43529212474823,0,-1,0,0,0.0,2.0,146,3.620455741882324,0,0.0,0,0.0,0,9.460761070251465,1,6
SH,GM,73,1005,386,386,38.6,0.5964111685752869,0.8844643831253052,5.523085117340088,7.522482395172119,1.3936855792999268,0,-1,1,108,0.27979274611398963,2.0,386,1.657165288925171,0,0.0,0,0.0,0,3.4997811317443848,1,6
SH,GM,73,1006,331,331,33.1,0.4795991778373718,0.6604763269424438,3.956174612045288,4.702205181121826,0.8124130368232727,0,-1,1,331,1.0,2.0,331,1.345322847366333,0,0.0,0,0.0,0,6.327030181884766,2,7
SH,GM,73,1007,166,166,16.6,0.22348234057426453,0.27713847160339355,6.249880790710449,8.098685264587402,1.0353926420211792,0,-1,0,0,0.0,2.0,166,2.623603343963623,0,0.0,0,0.0,0,64.77664947509766,0,5
SH,GM,73,1008,343,343,34.300000000000004,0.19544918835163116,0.24826589226722717,5.665383815765381,6.722042083740234,0.652302086353302,0,-1,1,343,1.0,2.0,343,0.23681554198265076,0,0.0,0,0.0,0,4.732737064361572,0,5
SH,GM,73,1009,366,366,36.6,0.2222883105278015,0.2945166528224945,2.2343943119049072,2.4440457820892334,0.3185330033302307,0,-1,0,0,0.0,2.0,366,3.7431185245513916,0,0.0,0,0.0,0,4.202056407928467,0,5
SH,GM,73,1010,383,383,38.300000000000004,0.18222948908805847,0.26889553666114807,0.7253158092498779,0.8951711058616638,0.27085623145103455,0,-1,0,0,0.0,2.0,383,2.866598129272461,0,0.0,0,0.0,0,3.0923831462860107,1,6
SH,GM,73,1011,132,132,13.200000000000001,0.2090509831905365,0.24819843471050262,0.8585774898529053,1.6218687295913696,0.48610687255859375,0,-1,0,0,0.0,2.0,132,4.338624954223633,0,0.0,0,0.0,0,47.85200119018555,1,6
SH,GM,73,1012,246,246,24.6,0.133422389626503,0.16327078640460968,4.840928554534912,6.430218696594238,0.6040180325508118,0,-1,0,0,0.0,2.0,246,2.0535972118377686,0,0.0,0,0.0,0,47.210697174072266,1,6
SH,GM,73,1013,767,767,76.7,0.3431728780269623,0.5231847763061523,12.113513946533203,15.381190299987793,1.1296088695526123,0,-1,0,0,0.0,2.0,767,3.349990129470825,0,0.0,0,0.0,0,13.285454750061035,2,7
SH,GM,73,1014,490,490,49.0,0.3263683617115021,0.4137796461582184,8.063455581665039,9.082759857177734,0.6086029410362244,0,-1,1,490,1.0,2.0,490,0.30749353766441345,0,0.0,0,0.0,0,2.4777941703796387,2,7
SH,GM,73,1015,311,311,31.1,0.1452191025018692,0.19041749835014343,2.1747326850891113,2.673924446105957,0.2510216534137726,0,-1,1,311,1.0,2.0,311,0.6851925849914551,0,0.0,0,0.0,0,16.744033813476562,0,5
SH,GM,73,1016,222,222,22.200000000000003,0.2315555065870285,0.3067491352558136,1.8610281944274902,2.084024429321289,0.43434369564056396,0,-1,1,76,0.34234234234234234,2.0,222,1.0548458099365234,0,0.0,0,0.0,0,7.192983627319336,1,6
SH,GM,73,1017,269,269,26.900000000000002,0.15779899060726166,0.2024996131658554,4.809745788574219,7.838131427764893,0.9480898380279541,0,-1,1,95,0.35315985130111527,2.0,269,1.8109749555587769,0,0.0,0,0.0,0,38.020931243896484,2,7
SH,GM,73,1018,364,364,36.4,0.3593408465385437,0.4509788453578949,5.017876625061035,5.915780067443848,0.904612123966217,1,327,1,327,0.8983516483516484,2.0,327,0.0,0,0.0,0,0.0,0,0.0,2,7
SH,GM,73,1019,257,257,25.700000000000003,0.28197526931762695,0.36643534898757935,4.908444404602051,5.80999755859375,0.7879646420478821,0,-1,1,257,1.0,2.0,257,1.0017696619033813,0,0.0,0,0.0,0,5.71632719039917,0,5
SH,GM,73,1020,173,173,17.3,0.15574178099632263,0.20257490873336792,1.1027823686599731,1.3918951749801636,0.43058034777641296,0,-1,1,173,1.0,2.0,173,0.6724395751953125,0,0.0,0,0.0,0,15.90618896484375,2,7
SH,GM,73,1021,842,842,84.2,0.14946049451828003,0.19163861870765686,10.172942161560059,12.512456893920898,0.5169602632522583,0,-1,1,373,0.44299287410926363,2.0,842,1.3564133644104004,0,0.0,0,0.0,0,25.308734893798828,1,6
SH,GM,73,1022,217,217,21.700000000000003,0.5275287628173828,0.7112258672714233,8.687846183776855,11.138321876525879,1.4362307786941528,0,-1,0,0,0.0,2.0,217,2.5657410621643066,0,0.0,0,0.0,0,5.617650032043457,1,6
SH,GM,73,1023,139,139,13.9,0.45018479228019714,0.5444369316101074,14.283013343811035,17.735380172729492,2.4899024963378906,0,-1,1,139,1.0,2.0,139,1.196068286895752,0,0.0,0,0.0,0,17.331506729125977,1,6
SH,GM,73,1024,174,174,17.400000000000002,0.5898994207382202,0.7223358154296875,4.479201316833496,5.732944965362549,1.1890015602111816,0,-1,1,128,0.735632183908046,2.0,174,0.5471892356872559,0,0.0,0,0.0,0,4.769428253173828,2,7
SH,GM,73,1025,291,291,29.1,0.18864555656909943,0.23475296795368195,3.789391279220581,4.389533996582031,0.36296722292900085,0,-1,1,232,0.7972508591065293,2.0,291,1.6099845170974731,0,0.0,0,0.0,0,47.840187072753906,0,5
SH,GM,73,1026,338,338,33.800000000000004,0.3896375000476837,0.5046165585517883,5.176658630371094,6.08157205581665,0.666903018951416,0,-1,1,338,1.0,2.0,338,0.7306884527206421,0,0.0,0,0.0,0,0.4710610806941986,2,7
SH,GM,73,1027,413,413,41.300000000000004,0.27016928791999817,0.32843881845474243,2.9789769649505615,3.2289228439331055,0.3956601023674011,0,-1,0,0,0.0,2.0,413,2.562631607055664,0,0.0,0,0.0,0,3.2104527950286865,0,5
SH,GM,73,1028,332,332,33.2,0.12583307921886444,0.18028472363948822,7.619862079620361,8.778666496276855,0.4276590347290039,0,-1,0,0,0.0,2.0,332,2.962778329849243,0,0.0,0,0.0,0,67.17008972167969,2,7
SH,GM,73,1029,224,224,22.400000000000002,0.1743936836719513,0.22834403812885284,1.554341435432434,2.179354190826416,0.42393770813941956,0,-1,1,4,0.017857142857142856,2.0,224,1.8424887657165527,0,0.0,0,0.0,0,15.712309837341309,2,7
SH,GM,73,1030,319,319,31.900000000000002,0.2694297432899475,0.4359112083911896,13.250930786132812,14.47475814819336,1.140908122062683,0,-1,0,0,0.0,2.0,319,2.271968126296997,0,0.0,0,0.0,0,19.444551467895508,1,6
SH,GM,73,1031,150,150,15.0,0.33218592405319214,0.39586928486824036,7.6026082038879395,9.841532707214355,1.1955357789993286,0,-1,1,150,1.0,2.0,150,1.4077280759811401,0,0.0,0,0.0,0,25.59614372253418,0,5
SH,GM,73,1032,185,185,18.5,0.26366788148880005,0.31541380286216736,0.5650285482406616,0.7940526008605957,0.2673264741897583,0,-1,0,0,0.0,2.0,185,2.9974286556243896,0,0.0,0,0.0,0,3.7371225357055664,0,5
SH,GM,73,1033,178,178,17.8,0.3992857038974762,0.5257827043533325,7.193264007568359,9.38312816619873,1.0170990228652954,0,-1,1,177,0.9943820224719101,2.0,178,1.0770705938339233,0,0.0,0,0.0,0,9.39898681640625,0,5
SH,GM,73,1034,182,182,18.2,0.3154745399951935,0.4017585813999176,3.4602982997894287,4.169386386871338,0.7597474455833435,0,-1,0,0,0.0,2.0,182,4.442095756530762,0,0.0,0,0.0,0,4.540065288543701,2,7
SH,GM,73,1035,359,359,35.9,0.2882613241672516,0.3836950659751892,4.1336212158203125,4.937961101531982,0.6290410757064819,0,-1,1,215,0.5988857938718662,2.0,359,1.523151159286499,0,0.0,0,0.0,0,1.8147622346878052,1,6
SH,GM,73,1036,145,145,14.5,0.5004193782806396,0.639019250869751,3.051456928253174,3.841721534729004,0.9603210687637329,0,-1,0,0,0.0,2.0,145,2.4716451168060303,0,0.0,0,0.0,0,2.958848714828491,0,5
SH,GM,73,1037,476,476,47.6,0.3737034797668457,0.4999999701976776,3.1283092498779297,4.752200603485107,0.9354448318481445,0,-1,0,0,0.0,2.0,476,2.7422854900360107,0,0.0,0,0.0,0,5.391332626342773,2,7
SH,GM,73,1038,229,229,22.900000000000002,0.29644283652305603,0.3718918561935425,7.854578495025635,8.771517753601074,1.182176113128662,1,131,1,131,0.5720524017467249,2.0,131,0.0,0,0.0,0,0.0,0,0.0,2,7
SH,GM,73,1039,145,145,14.5,0.20818129181861877,0.24183346331119537,0.9781631827354431,1.1562120914459229,0.323231965303421,0,-1,1,33,0.22758620689655173,2.0,145,1.387511968612671,0,0.0,0,0.0,0,11.23857593536377,1,6
SH,GM,73,1040,158,158,15.8,0.20889711380004883,0.22852058708667755,5.52774715423584,6.50109338760376,0.6851145625114441,0,-1,1,109,0.689873417721519,2.0,158,1.851800799369812,0,0.0,0,0.0,0,28.159236907958984,2,7
SH,GM,73,1041,135,135,13.5,0.14354118704795837,0.21663334965705872,2.9902284145355225,3.364795207977295,0.3936130106449127,0,-1,0,0,0.0,2.0,135,2.650524854660034,0,0.0,0,0.0,0,85.26116943359375,1,6
SH,GM,73,1042,494,494,49.400000000000006,0.19067823886871338,0.263494074344635,0.7647629976272583,1.0112923383712769,0.21716836094856262,0,-1,0,0,0.0,2.0,494,2.4571735858917236,0,0.0,0,0.0,0,3.433983564376831,1,6
SH,GM,73,1043,351,351,35.1,0.16073718667030334,0.18686319887638092,3.8694698810577393,4.457211971282959,0.6575719714164734,0,-1,1,351,1.0,2.0,351,0.9989786148071289,0,0.0,0,0.0,0,24.32025146484375,0,5
SH,GM,73,1044,236,236,23.6,0.2352900356054306,0.3126884996891022,0.7425161004066467,0.9502273797988892,0.21130423247814178,0,-1,1,182,0.7711864406779662,2.0,236,1.607562780380249,0,0.0,0,0.0,0,1.432196021080017,1,6
SH,GM,73,1045,137,137,13.700000000000001,0.41962239146232605,0.5681934952735901,1.0476082563400269,1.2532981634140015,0.426695317029953,0,-1,0,0,0.0,2.0,137,2.0370795726776123,0,0.0,0,0.0,0,2.000828504562378,0,5
SH,GM,73,1046,391,391,39.1,0.28455978631973267,0.41410917043685913,14.693493843078613,16.697664260864258,0.8372573256492615,0,-1,0,0,0.0,2.0,391,2.843337059020996,0,0.0,0,0.0,0,3.9205996990203857,1,6
SH,GM,73,1047,158,158,15.8,0.26584193110466003,0.34847235679626465,0.6083952784538269,0.7182149887084961,0.29725298285484314,0,-1,1,156,0.9873417721518988,2.0,158,1.2203255891799927,0,0.0,0,0.0,0,0.8668676614761353,0,5
SH,GM,73,1048,185,185,18.5,0.41963058710098267,0.5096028447151184,13.519124984741211,16.086217880249023,1.4176421165466309,0,-1,0,0,0.0,2.0,185,5.079946994781494,0,0.0,0,0.0,0,7.723824501037598,1,6
SH,GM,73,1049,202,202,20.200000000000003,0.7819357514381409,0.9590204954147339,2.027081251144409,2.4086754322052,1.0415438413619995,0,-1,1,202,1.0,2.0,202,0.33242595195770264,0,0.0,0,0.0,0,1.137176752090454,0,5
SH,GM,73,1050,440,440,44.0,0.1835571676492691,0.2176700085401535,1.5220394134521484,1.6607866287231445,0.21738994121551514,0,-1,0,0,0.0,2.0,440,2.2110705375671387,0,0.0,0,0.0,0,4.782986640930176,2,7
SH,GM,73,1051,147,147,14.700000000000001,0.20262928307056427,0.24196146428585052,3.237703561782837,4.500931739807129,0.7550700902938843,0,-1,0,0,0.0,2.0,147,3.242417097091675,0,0.0,0,0.0,0,3.6582698822021484,1,6
SH,GM,73,1052,145,145,14.5,0.31232377886772156,0.3715481162071228,5.788591384887695,7.017247676849365,0.9421057105064392,0,-1,1,34,0.23448275862068965,2.0,145,1.9521853923797607,0,0.0,0,0.0,0,29.012943267822266,2,7
SH,GM,73,1053,350,350,35.0,0.275385320186615,0.35472798347473145,8.884992599487305,10.457175254821777,0.5691783428192139,0,-1,0,0,0.0,2.0,350,2.604541540145874,0,0.0,0,0.0,0,5.797159194946289,2,7
SH,GM,73,1054,194,194,19.400000000000002,0.23026269674301147,0.26824575662612915,13.44408130645752,16.48431396484375,1.4494162797927856,0,-1,0,0,0.0,2.0,194,3.114128828048706,0,0.0,0,0.0,0,8.219388961791992,1,6
SH,GM,73,1055,145,145,14.5,0.30634769797325134,0.3465803563594818,13.149001121520996,16.147607803344727,1.9168615341186523,0,-1,1,145,1.0,2.0,145,0.8743758797645569,0,0.0,0,0.0,0,25.757354736328125,0,5
SH,GM,73,1056,150,150,15.0,0.3240565359592438,0.43262815475463867,1.7558791637420654,2.0356833934783936,0.43023955821990967,0,-1,1,91,0.6066666666666667,2.0,150,1.4143840074539185,0,0.0,0,0.0,0,37.170753479003906,1,6
SH,GM,73,1057,199,199,19.900000000000002,0.16770826280117035,0.20497915148735046,6.114079475402832,7.348093509674072,0.636817455291748,0,-1,1,199,1.0,2.0,199,1.4124339818954468,0,0.0,0,0.0,0,27.275238037109375,1,6
SH,GM,73,1058,1055,1055,105.5,0.23636719584465027,0.29505956172943115,6.569255352020264,7.378049373626709,0.48015785217285156,0,-1,1,1055,1.0,2.0,1055,0.15404145419597626,0,0.0,0,0.0,0,1.7898849248886108,2,7
SH,GM,73,1059,177,177,17.7,0.3701898157596588,0.44650599360466003,8.294659614562988,9.520561218261719,0.876550018787384,0,-1,0,0,0.0,2.0,177,2.362075090408325,0,0.0,0,0.0,0,8.804265975952148,0,5
SH,GM,73,1060,481,481,48.1,0.10118857771158218,0.12918303906917572,5.224948883056641,5.808166027069092,0.26889684796333313,0,-1,1,481,1.0,2.0,481,1.1182070970535278,0,0.0,0,0.0,0,21.90249252319336,2,7
SH,GM,73,1061,1235,1235,123.5,0.28952756524086,0.3761361539363861,1.4781274795532227,1.8134490251541138,0.3369828164577484,0,-1,1,1014,0.8210526315789474,2.0,1235,1.6700118780136108,0,0.0,0,0.0,0,2.9834582805633545,2,7
SH,GM,73,1062,142,142,14.200000000000001,0.27448394894599915,0.3222331702709198,5.387532711029053,6.47288703918457,0.8663989901542664,0,-1,0,0,0.0,2.0,142,3.908385992050171,0,0.0,0,0.0,0,6.722323417663574,1,6
SH,GM,73,1063,612,612,61.2,0.4259694516658783,0.4875659644603729,6.501392364501953,9.221040725708008,0.9329665303230286,0,-1,1,403,0.6584967320261438,2.0,612,1.0677969455718994,0,0.0,0,0.0,0,12.273473739624023,1,6
SH,GM,73,1064,212,212,21.200000000000003,0.23928050696849823,0.32350975275039673,3.117708206176758,3.4053189754486084,0.3347643315792084,0,-1,0,0,0.0,2.0,212,2.1878161430358887,0,0.0,0,0.0,0,8.991632461547852,2,7
SH,GM,73,1065,370,370,37.0,0.11605968326330185,0.1429702490568161,23.709732055664062,29.2415828704834,1.4715678691864014,0,-1,1,65,0.17567567567567569,2.0,370,1.5856438875198364,0,0.0,0,0.0,0,45.780921936035156,2,7
SH,GM,73,1066,363,363,36.300000000000004,0.4164668023586273,0.507737398147583,5.2498908042907715,5.694850444793701,0.595924437046051,0,-1,0,0,0.0,2.0,363,2.9415786266326904,0,0.0,0,0.0,0,4.148754596710205,1,6
SH,GM,73,1067,159,159,15.9,0.6244668364524841,0.8244864344596863,6.66654634475708,8.60122013092041,1.1921449899673462,0,-1,1,82,0.5157232704402516,2.0,159,0.9395065903663635,0,0.0,0,0.0,0,2.5719001293182373,2,7
SH,GM,73,1068,526,526,52.6,0.30421802401542664,0.3875278830528259,20.292003631591797,23.415390014648438,1.365905523300171,0,-1,0,0,0.0,2.0,526,2.84503436088562,0,0.0,0,0.0,0,4.865242004394531,2,7
SH,GM,73,1069,152,152,15.200000000000001,0.18345536291599274,0.2502828538417816,4.9761199951171875,6.216418266296387,0.7429701089859009,0,-1,1,152,1.0,2.0,152,0.9605339169502258,0,0.0,0,0.0,0,19.37310218811035,2,7
SH,GM,73,1070,200,200,20.0,0.6558999419212341,0.8444786071777344,6.480569839477539,8.488306999206543,1.497677206993103,1,149,1,149,0.745,2.0,149,0.0,0,0.0,0,0.0,0,0.0,0,5
SH,GM,73,1071,667,667,66.7,0.31348684430122375,0.428192138671875,7.707109451293945,8.247881889343262,0.6120548844337463,0,-1,1,640,0.95952023988006,2.0,667,1.224428653717041,0,0.0,0,0.0,0,9.672907829284668,2,7
SH,GM,73,1072,254,254,25.400000000000002,0.45007044076919556,0.587323784828186,11.624175071716309,18.82088279724121,1.026865005493164,1,147,1,147,0.5787401574803149,2.0,147,0.0,0,0.0,0,0.0,0,0.0,0,5
SH,GM,73,1073,270,270,27.0,0.3483397960662842,0.4441404640674591,7.06117057800293,8.758127212524414,1.094294548034668,0,-1,0,0,0.0,2.0,270,3.6220297813415527,0,0.0,0,0.0,0,4.054038047790527,1,6
SH,GM,73,1074,538,538,53.800000000000004,0.2163904756307602,0.2711218595504761,1.4108673334121704,1.8679215908050537,0.3083719313144684,0,-1,1,519,0.9646840148698885,2.0,538,1.000806450843811,0,0.0,0,0.0,0,4.289368629455566,0,5
SH,GM,73,1075,483,483,48.300000000000004,0.24937628209590912,0.30213603377342224,3.818058729171753,4.458510875701904,0.8467867374420166,0,-1,1,37,0.07660455486542443,2.0,483,1.6590927839279175,0,0.0,0,0.0,0,29.44698143005371,0,5
SH,GM,73,1076,273,273,27.3,0.2100510448217392,0.30115753412246704,1.0863606929779053,1.468988299369812,0.27149468660354614,0,-1,0,0,0.0,2.0,273,3.2958521842956543,0,0.0,0,0.0,0,3.653010368347168,1,6
SH,GM,73,1077,837,837,83.7,0.36811718344688416,0.5314634442329407,10.498934745788574,10.985729217529297,0.7057613730430603,0,-1,0,0,0.0,2.0,837,5.12122106552124,0,0.0,0,0.0,0,8.471766471862793,2,7
SH,GM,73,1078,269,269,26.900000000000002,0.27299851179122925,0.35377299785614014,28.12058448791504,32.92294692993164,2.191147804260254,0,-1,1,22,0.08178438661710037,2.0,269,1.7230528593063354,0,0.0,0,0.0,0,5.260127067565918,2,7
SH,GM,73,1079,325,325,32.5,0.39082932472229004,0.5381929874420166,22.664569854736328,25.47571563720703,1.8308656215667725,0,-1,0,0,0.0,2.0,325,3.3095500469207764,0,0.0,0,0.0,0,7.199862957000732,2,7
SH,GM,73,1080,441,441,44.1,0.25561150908470154,0.3013593554496765,2.8747217655181885,3.540902614593506,0.41120076179504395,0,-1,1,441,1.0,2.0,441,1.0296971797943115,0,0.0,0,0.0,0,15.718303680419922,2,7
SH,GM,73,1081,168,168,16.8,0.33701077103614807,0.3991173207759857,8.757209777832031,10.117706298828125,0.9888590574264526,0,-1,0,0,0.0,2.0,168,2.089019298553467,0,0.0,0,0.0,0,8.94433879852295,2,7
SH,GM,73,1082,191,191,19.1,0.23663429915905,0.27772971987724304,6.038795471191406,7.237388610839844,0.7692663669586182,0,-1,1,88,0.4607329842931937,2.0,191,1.373721718788147,0,0.0,0,0.0,0,2.8683934211730957,2,7
SH,GM,73,1083,301,301,30.1,0.12887535989284515,0.16142377257347107,5.626842021942139,6.314890384674072,0.28141099214553833,0,-1,1,301,1.0,2.0,301,0.8791704773902893,0,0.0,0,0.0,0,16.55719757080078,0,5
SH,GM,73,1084,146,146,14.600000000000001,0.17161086201667786,0.20471309125423431,3.0459213256835938,3.4221458435058594,0.4522738456726074,0,-1,1,54,0.3698630136986301,2.0,146,1.3524576425552368,0,0.0,0,0.0,0,31.578187942504883,2,7
SH,GM,73,1085,194,194,19.400000000000002,0.25904226303100586,0.31706154346466064,0.9004460573196411,1.0999678373336792,0.39412689208984375,0,-1,1,194,1.0,2.0,194,1.0605478286743164,0,0.0,0,0.0,0,2.93265962600708,2,7
SH,GM,73,1086,368,368,36.800000000000004,0.244516521692276,0.33022764325141907,4.820608139038086,5.769977569580078,0.8650063276290894,0,-1,1,135,0.36684782608695654,2.0,368,0.35258975625038147,0,0.0,0,0.0,0,0.20276981592178345,1,6
SH,GM,73,1087,138,138,13.8,0.38455480337142944,0.49155327677726746,4.44947624206543,4.9642767906188965,0.8235559463500977,0,-1,0,0,0.0,2.0,138,3.275441884994507,0,0.0,0,0.0,0,4.433762550354004,1,6
SH,GM,73,1088,662,662,66.2,0.33104413747787476,0.39456936717033386,11.437376022338867,14.312093734741211,0.6936438083648682,0,-1,1,221,0.3338368580060423,2.0,662,1.8558859825134277,0,0.0,0,0.0,0,31.123701095581055,2,7
SH,GM,73,1089,149,149,14.9,0.2343522161245346,0.26534798741340637,10.859715461730957,14.304581642150879,2.083731174468994,0,-1,0,0,0.0,2.0,149,4.0262322425842285,0,0.0,0,0.0,0,65.65032196044922,0,5
SH,GM,73,1090,193,193,19.3,0.7216925024986267,0.819260835647583,26.567066192626953,30.230817794799805,2.6886074542999268,0,-1,0,0,0.0,2.0,193,5.242131233215332,0,0.0,0,0.0,0,17.02859115600586,0,5
SH,GM,73,1091,400,400,40.0,0.2640652060508728,0.3410508930683136,1.0695632696151733,1.2866449356079102,0.3102261424064636,0,-1,1,400,1.0,2.0,400,1.1098085641860962,0,0.0,0,0.0,0,4.806830406188965,1,6
SH,GM,73,1092,401,401,40.1,0.26947838068008423,0.36586904525756836,1.8038439750671387,2.227285146713257,0.5415679812431335,1,370,1,370,0.9226932668329177,2.0,370,0.0,0,0.0,0,0.0,0,0.0,1,6
SH,GM,73,1093,324,324,32.4,0.24079301953315735,0.30417823791503906,5.476318359375,6.116714000701904,0.7025826573371887,0,-1,1,148,0.4567901234567901,2.0,324,1.6699715852737427,0,0.0,0,0.0,0,39.9028205871582,1,6
SH,GM,73,1094,1075,1075,107.5,0.2794286608695984,0.36884528398513794,6.851382255554199,7.475487232208252,0.55660080909729,1,995,1,995,0.9255813953488372,2.0,995,0.0,0,0.0,0,0.0,0,0.0,0,5
SH,GM,73,1095,308,308,30.8,0.4377686679363251,0.6055845022201538,2.898447036743164,3.5401861667633057,1.9268606901168823,1,113,1,113,0.36688311688311687,2.0,113,0.0,0,0.0,0,0.0,0,0.0,2,7
SH,GM,73,1096,644,644,64.4,0.2990155518054962,0.3875429034233093,3.540478467941284,3.841683864593506,0.4511944651603699,0,-1,1,644,1.0,2.0,644,0.39007461071014404,0,0.0,0,0.0,0,1.9074344635009766,2,7
SH,GM,73,1097,155,155,15.5,0.4350184202194214,0.5551641583442688,7.880401134490967,11.177964210510254,1.6606996059417725,0,-1,1,76,0.49032258064516127,2.0,155,1.7139333486557007,0,0.0,0,0.0,0,4.639775276184082,1,6
SH,GM,73,1098,163,163,16.3,0.12371764332056046,0.15180207788944244,2.0974953174591064,3.021231174468994,0.5826548337936401,0,-1,0,0,0.0,2.0,163,2.738551139831543,0,0.0,0,0.0,0,28.83717155456543,1,6
SH,GM,73,1099,258,258,25.8,0.21053291857242584,0.2782139778137207,15.748696327209473,19.482513427734375,1.3286223411560059,0,-1,1,145,0.562015503875969,2.0,258,1.4081425666809082,0,0.0,0,0.0,0,10.002607345581055,1,6
SH,GM,73,1100,156,156,15.600000000000001,0.380876749753952,0.4964470863342285,3.0610530376434326,3.9925131797790527,0.44015076756477356,0,-1,1,156,1.0,2.0,156,0.5406418442726135,0,0.0,0,0.0,0,4.09672737121582,1,6
SH,GM,73,1101,232,232,23.200000000000003,0.18597804009914398,0.2211851179599762,0.5502210259437561,0.6583738327026367,0.14814037084579468,0,-1,0,0,0.0,2.0,232,2.838041305541992,0,0.0,0,0.0,0,2.448981523513794,2,7
SH,GM,73,1102,338,338,33.800000000000004,0.2586769759654999,0.31810975074768066,6.938066482543945,8.889054298400879,0.6999315619468689,0,-1,1,238,0.7041420118343196,2.0,338,0.8634700775146484,0,0.0,0,0.0,0,8.950825691223145,0,5
SH,GM,73,1103,633,633,63.300000000000004,0.20756733417510986,0.2687295377254486,6.170566082000732,7.203731536865234,0.5157182812690735,0,-1,0,0,0.0,2.0,633,4.657896041870117,0,0.0,0,0.0,0,4.7168402671813965,2,7
SH,GM,73,1104,138,138,13.8,0.15816591680049896,0.1881163865327835,5.039617538452148,6.331702709197998,0.9293428659439087,0,-1,0,0,0.0,2.0,138,2.1412034034729004,0,0.0,0,0.0,0,24.16093635559082,2,7
SH,GM,73,1105,283,283,28.3,0.22880899906158447,0.2928483188152313,15.109784126281738,19.033336639404297,1.4143104553222656,0,-1,0,0,0.0,2.0,283,2.842316150665283,0,0.0,0,0.0,0,6.476883411407471,0,5
SH,GM,73,1106,238,238,23.8,0.24628520011901855,0.33312752842903137,21.362125396728516,24.944841384887695,1.7351388931274414,0,-1,0,0,0.0,2.0,238,4.948441982269287,0,0.0,0,0.0,0,13.136457443237305,1,6
SH,GM,73,1107,200,200,20.0,0.2865055501461029,0.38934648036956787,1.9149245023727417,2.7100813388824463,0.7328547835350037,0,-1,1,150,0.75,2.0,200,1.4059371948242188,0,0.0,0,0.0,0,19.449134826660156,1,6
SH,GM,73,1108,315,315,31.5,0.40159329771995544,0.5215474963188171,21.47368621826172,23.968050003051758,1.30705726146698,0,-1,0,0,0.0,2.0,315,2.4029598236083984,0,0.0,0,0.0,0,13.760387420654297,2,7
SH,GM,73,1109,136,136,13.600000000000001,0.3393900692462921,0.4612216055393219,2.4508824348449707,3.1579134464263916,1.023500919342041,0,-1,0,0,0.0,2.0,136,9.329594612121582,0,0.0,0,0.0,0,16.171855926513672,2,7
SH,GM,73,1110,220,220,22.0,0.35293397307395935,0.4063943922519684,1.7743439674377441,2.589380979537964,0.6803392767906189,0,-1,0,0,0.0,2.0,220,2.013333797454834,0,0.0,0,0.0,0,13.613203048706055,1,6
SH,GM,73,1111,184,184,18.400000000000002,0.39635953307151794,0.44685977697372437,22.106403350830078,27.484756469726562,2.7812130451202393,0,-1,0,0,0.0,2.0,184,3.638159990310669,0,0.0,0,0.0,0,45.8713493347168,0,5
SH,GM,73,1112,177,177,17.7,0.4515565037727356,0.5663591027259827,5.535243988037109,6.02643346786499,0.7437676191329956,0,-1,0,0,0.0,2.0,177,2.070206880569458,0,0.0,0,0.0,0,6.419919967651367,1,6
SH,GM,73,1113,253,253,25.3,0.23134705424308777,0.29417628049850464,5.7180562019348145,6.669963359832764,0.7358343005180359,0,-1,0,0,0.0,2.0,253,3.934659004211426,0,0.0,0,0.0,0,69.3824234008789,1,6
SH,GM,73,1114,178,178,17.8,0.3647986948490143,0.4921855032444,3.946861743927002,4.452437877655029,0.9385014176368713,1,139,1,139,0.7808988764044944,2.0,139,0.0,0,0.0,0,0.0,0,0.0,1,6
SH,GM,73,1115,274,274,27.400000000000002,0.4306320548057556,0.5932771563529968,6.278469085693359,8.601243019104004,1.1202521324157715,1,228,1,44,0.16058394160583941,2.0,228,0.0,0,0.0,0,0.0,0,0.0,1,6
SH,GM,73,1116,282,282,28.200000000000003,0.2007523477077484,0.2727764844894409,3.612783908843994,3.771927833557129,0.30764538049697876,0,-1,1,282,1.0,2.0,282,0.9011290073394775,0,0.0,0,0.0,0,4.387960910797119,1,6
SH,GM,73,1117,148,148,14.8,0.31297415494918823,0.3697221279144287,11.727739334106445,14.629288673400879,2.005281448364258,0,-1,0,0,0.0,2.0,148,4.327302932739258,0,0.0,0,0.0,0,6.2164435386657715,0,5
SH,GM,73,1118,373,373,37.300000000000004,0.17254237830638885,0.20757313072681427,16.75387954711914,20.230056762695312,1.068448781967163,0,-1,0,0,0.0,2.0,373,2.3756706714630127,0,0.0,0,0.0,0,34.56260299682617,1,6
SH,GM,73,1119,204,204,20.400000000000002,1.149915337562561,1.401167631149292,25.196229934692383,27.906909942626953,3.2255632877349854,0,-1,1,47,0.23039215686274508,2.0,204,1.201887607574463,0,0.0,0,0.0,0,9.045175552368164,0,5
SH,GM,73,1120,198,198,19.8,0.10083049535751343,0.13999547064304352,5.399667263031006,6.495448589324951,0.6072999835014343,0,-1,1,10,0.050505050505050504,2.0,198,1.9344104528427124,0,0.0,0,0.0,0,40.4482421875,2,7
SH,GM,73,1121,332,332,33.2,0.45802250504493713,0.597805380821228,19.038183212280273,22.86143684387207,1.6387847661972046,0,-1,0,0,0.0,2.0,332,2.8886516094207764,0,0.0,0,0.0,0,32.944908142089844,2,7
SH,GM,73,1122,207,207,20.700000000000003,0.35375842452049255,0.43201401829719543,7.734914779663086,10.125650405883789,1.0496712923049927,0,-1,0,0,0.0,2.0,207,5.073192119598389,0,0.0,0,0.0,0,7.188482761383057,1,6
SH,GM,73,1123,878,878,87.80000000000001,0.3582289218902588,0.4607936143875122,1.715011477470398,2.1298863887786865,0.5533706545829773,0,-1,0,0,0.0,2.0,878,2.929321765899658,0,0.0,0,0.0,0,3.8955085277557373,1,6
SH,GM,73,1124,208,208,20.8,0.3113413453102112,0.4197644889354706,7.472110271453857,8.367461204528809,0.8091460466384888,0,-1,1,36,0.17307692307692307,2.0,208,1.4904013872146606,0,0.0,0,0.0,0,7.456665992736816,0,5
SH,GM,73,1125,225,225,22.5,0.459590882062912,0.5743124485015869,7.176154613494873,9.060900688171387,1.2409076690673828,0,-1,1,225,1.0,2.0,225,0.9462817907333374,0,0.0,0,0.0,0,0.34746548533439636,1,6
SH,GM,73,1126,242,242,24.200000000000003,0.20486342906951904,0.24150872230529785,4.476321697235107,5.541918754577637,0.6555120348930359,0,-1,1,157,0.6487603305785123,2.0,242,1.4577398300170898,0,0.0,0,0.0,0,22.45009422302246,1,6
SH,GM,73,1127,419,419,41.900000000000006,0.1439245194196701,0.18150822818279266,9.013401985168457,10.490535736083984,0.41530266404151917,0,-1,0,0,0.0,2.0,419,2.5935070514678955,0,0.0,0,0.0,0,62.19819259643555,2,7
SH,GM,73,1128,574,574,57.400000000000006,0.282947301864624,0.36034148931503296,4.281179428100586,5.580770492553711,0.4998365640640259,0,-1,1,422,0.735191637630662,2.0,574,0.5409142374992371,0,0.0,0,0.0,0,0.9512007236480713,2,7
SH,GM,73,1129,563,563,56.300000000000004,0.19006599485874176,0.2550046741962433,5.047458648681641,5.503423690795898,0.43973854184150696,0,-1,0,0,0.0,2.0,563,3.5783112049102783,0,0.0,0,0.0,0,5.577887058258057,2,7
SH,GM,73,1130,510,510,51.0,0.28684118390083313,0.36163994669914246,38.62208557128906,48.74970626831055,2.02301287651062,0,-1,0,0,0.0,2.0,510,4.018588066101074,0,0.0,0,0.0,0,5.037723064422607,2,7
SH,GM,73,1131,216,216,21.6,0.5796651244163513,0.7437664866447449,5.446040630340576,7.052582740783691,1.2348580360412598,0,-1,1,70,0.32407407407407407,2.0,216,0.9208323359489441,0,0.0,0,0.0,0,4.246744632720947,1,6
SH,GM,73,1132,381,381,38.1,0.3687366545200348,0.4637698233127594,3.6467912197113037,4.304927349090576,0.59146648645401,0,-1,1,279,0.7322834645669292,2.0,381,0.6025652885437012,0,0.0,0,0.0,0,3.3521060943603516,2,7
SH,GM,73,1133,259,259,25.900000000000002,0.2822185754776001,0.3798397481441498,36.45608139038086,43.91096878051758,2.949233055114746,0,-1,1,176,0.6795366795366795,2.0,259,1.0691689252853394,0,0.0,0,0.0,0,23.7292423248291,1,6
SH,GM,73,1134,136,136,13.600000000000001,0.1500268578529358,0.19485127925872803,0.5841473937034607,0.9006190896034241,0.2853257358074188,0,-1,1,86,0.6323529411764706,2.0,136,1.1889936923980713,0,0.0,0,0.0,0,15.469453811645508,0,5
SH,GM,73,1135,206,206,20.6,0.23779617249965668,0.2833216190338135,2.381880283355713,2.7278900146484375,0.46099886298179626,0,-1,1,141,0.6844660194174758,2.0,206,1.0583305358886719,0,0.0,0,0.0,0,8.965373992919922,1,6
SH,GM,73,1136,274,274,27.400000000000002,0.4429587125778198,0.5499756336212158,9.803678512573242,11.970072746276855,1.5682942867279053,0,-1,0,0,0.0,2.0,274,2.8501827716827393,0,0.0,0,0.0,0,18.152523040771484,2,7
SH,GM,73,1137,516,516,51.6,0.3350220322608948,0.4333494305610657,5.88848876953125,6.940215110778809,0.6565250754356384,0,-1,0,0,0.0,2.0,516,2.7106540203094482,0,0.0,0,0.0,0,3.440734624862671,1,6
SH,GM,73,1138,201,201,20.1,0.2512415945529938,0.3048717677593231,1.9464199542999268,2.3132801055908203,0.4975602626800537,0,-1,1,32,0.15920398009950248,2.0,201,1.5496526956558228,0,0.0,0,0.0,0,10.902935981750488,2,7
SH,GM,73,1139,232,232,23.200000000000003,0.2974713444709778,0.38330280780792236,3.640655517578125,3.8923239707946777,0.39164602756500244,0,-1,1,209,0.9008620689655172,2.0,232,1.3337916135787964,0,0.0,0,0.0,0,0.7178081274032593,0,5
SH,GM,73,1140,138,138,13.8,0.15799735486507416,0.21977318823337555,6.826817989349365,8.474414825439453,1.2136077880859375,0,-1,0,0,0.0,2.0,138,4.581142425537109,0,0.0,0,0.0,0,26.43462371826172,0,5
SH,GM,73,1141,459,459,45.900000000000006,0.22215043008327484,0.2749733328819275,4.305548191070557,5.701955795288086,0.7055512070655823,0,-1,1,388,0.8453159041394336,2.0,459,0.5812311768531799,0,0.0,0,0.0,0,5.055504322052002,2,7
SH,GM,73,1142,259,259,25.900000000000002,0.28563904762268066,0.3672104775905609,7.83690881729126,9.439115524291992,0.7330626845359802,0,-1,0,0,0.0,2.0,259,2.283431053161621,0,0.0,0,0.0,0,13.302421569824219,2,7
SH,GM,73,1143,147,147,14.700000000000001,0.34342828392982483,0.42956092953681946,6.982149600982666,7.769270420074463,0.838645875453949,0,-1,0,0,0.0,2.0,147,2.6791226863861084,0,0.0,0,0.0,0,43.656333923339844,2,7
SH,GM,73,1144,139,139,13.9,0.32498908042907715,0.4212450385093689,1.488735318183899,2.0960845947265625,0.6806929111480713,0,-1,0,0,0.0,2.0,139,2.515124559402466,0,0.0,0,0.0,0,3.338738203048706,2,7
SH,GM,73,1145,585,585,58.5,0.4150926470756531,0.5157877206802368,3.693363666534424,4.267714500427246,0.6398587226867676,0,-1,1,558,0.9538461538461539,2.0,585,0.8798879384994507,0,0.0,0,0.0,0,7.952882289886475,0,5
SH,GM,73,1146,236,236,23.6,0.2848982512950897,0.3560243248939514,4.526869773864746,5.915637016296387,0.7232298851013184,0,-1,1,105,0.4449152542372881,2.0,236,1.464583158493042,0,0.0,0,0.0,0,6.580753326416016,2,7
SH,GM,73,1147,202,202,20.200000000000003,0.13600993156433105,0.1858757585287094,8.429061889648438,10.281445503234863,0.880695104598999,0,-1,1,202,1.0,2.0,202,0.7859734296798706,0,0.0,0,0.0,0,15.72469711303711,1,6
SH,GM,73,1148,200,200,20.0,0.17379343509674072,0.21327202022075653,0.867716908454895,1.048902153968811,0.31641685962677,0,-1,1,138,0.69,2.0,200,0.9238748550415039,0,0.0,0,0.0,0,14.908388137817383,2,7
SH,GM,73,1149,138,138,13.8,0.29827645421028137,0.4738071858882904,8.015922546386719,9.398115158081055,1.2083699703216553,0,-1,1,138,1.0,2.0,138,1.3047637939453125,0,0.0,0,0.0,0,17.344154357910156,1,6
SH,GM,73,1150,254,254,25.400000000000002,0.8006709218025208,1.1411428451538086,6.768678665161133,8.77469539642334,1.6716365814208984,1,251,1,85,0.3346456692913386,2.0,251,0.0,0,0.0,0,0.0,0,0.0,1,6
SH,GM,73,1151,259,259,25.900000000000002,0.2989903688430786,0.350919634103775,9.081599235534668,12.093977928161621,1.1237679719924927,0,-1,1,149,0.5752895752895753,2.0,259,1.6295779943466187,0,0.0,0,0.0,0,19.386211395263672,0,5
SH,GM,73,1152,452,452,45.2,0.2757214605808258,0.35618218779563904,3.425414800643921,4.152836322784424,0.42312538623809814,0,-1,1,452,1.0,2.0,452,1.0601325035095215,0,0.0,0,0.0,0,1.7650198936462402,0,5
SH,GM,73,1153,211,211,21.1,0.3988966643810272,0.5207135677337646,0.6736165881156921,0.8417692184448242,0.3219659924507141,0,-1,1,211,1.0,2.0,211,0.9287284016609192,0,0.0,0,0.0,0,7.826537609100342,0,5
SH,GM,73,1154,180,180,18.0,0.33713388442993164,0.48307955265045166,3.826575994491577,4.403864860534668,0.6219232082366943,0,-1,0,0,0.0,2.0,180,3.6795859336853027,0,0.0,0,0.0,0,3.5950233936309814,0,5
SH,GM,73,1155,452,452,45.2,0.24381837248802185,0.3539162576198578,31.052734375,33.91714859008789,1.5298048257827759,0,-1,0,0,0.0,2.0,452,2.3291213512420654,0,0.0,0,0.0,0,9.612414360046387,1,6
SH,GM,73,1156,776,776,77.60000000000001,0.3152146339416504,0.4655137062072754,8.701533317565918,10.605177879333496,0.8180884718894958,0,-1,1,776,1.0,2.0,776,0.06142332777380943,0,0.0,0,0.0,0,0.8030105233192444,1,6
SH,GM,73,1157,181,181,18.1,0.30114173889160156,0.39331209659576416,5.645557403564453,8.848564147949219,1.4456639289855957,0,-1,1,116,0.6408839779005525,2.0,181,1.6055617332458496,0,0.0,0,0.0,0,26.049196243286133,0,5
SH,GM,73,1158,317,317,31.700000000000003,0.2880133390426636,0.3515864610671997,9.27295970916748,11.21529483795166,1.2535583972930908,0,-1,1,59,0.1861198738170347,2.0,317,0.900161623954773,0,0.0,0,0.0,0,8.385412216186523,2,7
SH,GM,73,1159,245,245,24.5,0.5202903151512146,0.6456729173660278,1.5089529752731323,1.7967702150344849,0.5293424725532532,1,241,1,241,0.9836734693877551,2.0,241,0.0,0,0.0,0,0.0,0,0.0,1,6
SH,GM,73,1160,237,237,23.700000000000003,0.23500140011310577,0.3013635277748108,2.9065475463867188,3.201481580734253,0.3187617063522339,1,235,1,235,0.9915611814345991,2.0,235,0.0,0,0.0,0,0.0,0,0.0,2,7
SH,GM,73,1161,144,144,14.4,0.25841835141181946,0.33702337741851807,3.060826301574707,3.469797134399414,0.7283185720443726,0,-1,0,0,0.0,2.0,144,2.27217698097229,0,0.0,0,0.0,0,3.0412416458129883,2,7
SH,GM,73,1162,168,168,16.8,0.4356534481048584,0.5876853466033936,1.9361170530319214,2.323352098464966,0.7460024952888489,1,135,1,79,0.47023809523809523,2.0,135,0.0,0,0.0,0,0.0,0,0.0,0,5
SH,GM,73,1163,157,157,15.700000000000001,0.49586087465286255,0.5765796303749084,17.307798385620117,21.846893310546875,2.85895037651062,0,-1,1,43,0.27388535031847133,2.0,157,1.279758334159851,0,0.0,0,0.0,0,11.063584327697754,2,7
SH,GM,73,1164,624,624,62.400000000000006,0.40464434027671814,0.5113106369972229,2.7673463821411133,3.317235231399536,0.779236912727356,0,-1,1,624,1.0,2.0,624,0.04335612431168556,0,0.0,0,0.0,0,0.1242091953754425,2,7
SH,GM,73,1165,234,234,23.400000000000002,0.1447986215353012,0.19280430674552917,2.2333781719207764,2.678413152694702,0.2711983025074005,0,-1,0,0,0.0,2.0,234,2.3704469203948975,0,0.0,0,0.0,0,20.213727951049805,1,6
SH,GM,73,1166,282,282,28.200000000000003,0.1528042107820511,0.1908009648323059,13.615074157714844,16.457931518554688,1.0539920330047607,0,-1,0,0,0.0,2.0,282,3.0002431869506836,0,0.0,0,0.0,0,53.25437545776367,2,7
SH,GM,73,1167,485,485,48.5,0.21573516726493835,0.2660200893878937,9.771501541137695,13.942874908447266,0.8040291666984558,0,-1,1,289,0.5958762886597938,2.0,485,0.5249348282814026,0,0.0,0,0.0,0,3.332174301147461,0,5
SH,GM,73,1168,297,297,29.700000000000003,0.2610800266265869,0.32004496455192566,13.495010375976562,16.635042190551758,1.001573920249939,0,-1,1,112,0.3771043771043771,2.0,297,1.550838589668274,0,0.0,0,0.0,0,11.90650463104248,0,5
SH,GM,73,1169,240,240,24.0,0.3296079933643341,0.41919949650764465,9.420292854309082,10.570707321166992,0.7681742906570435,0,-1,0,0,0.0,2.0,240,3.6434037685394287,0,0.0,0,0.0,0,4.850854396820068,0,5
SH,GM,73,1170,301,301,30.1,0.12114091962575912,0.16679173707962036,6.780027866363525,7.729063510894775,0.42184239625930786,0,-1,0,0,0.0,2.0,301,2.3104560375213623,0,0.0,0,0.0,0,49.41869354248047,1,6
SH,GM,73,1171,277,277,27.700000000000003,0.2146325409412384,0.2761605381965637,2.794281005859375,3.538609266281128,0.5385473370552063,0,-1,0,0,0.0,2.0,277,3.2697057723999023,0,0.0,0,0.0,0,3.6066668033599854,0,5
SH,GM,73,1172,171,171,17.1,0.16178050637245178,0.21989762783050537,4.6083879470825195,4.948058128356934,0.4724957346916199,0,-1,1,171,1.0,2.0,171,0.7579920291900635,0,0.0,0,0.0,0,12.753470420837402,1,6
SH,GM,73,1173,261,261,26.1,0.33130067586898804,0.46605730056762695,2.724048376083374,3.250040054321289,0.6763290762901306,0,-1,1,184,0.7049808429118773,2.0,261,1.5635572671890259,0,0.0,0,0.0,0,8.468713760375977,1,6
SH,GM,73,1174,705,705,70.5,0.3030778765678406,0.3699546456336975,5.542124271392822,6.680695533752441,0.5001235604286194,0,-1,0,0,0.0,2.0,705,2.1782214641571045,0,0.0,0,0.0,0,7.366464614868164,0,5
SH,GM,73,1175,142,142,14.200000000000001,0.43128082156181335,0.5528067946434021,4.941628456115723,6.246323585510254,0.7964251637458801,0,-1,0,0,0.0,2.0,142,5.2803826332092285,0,0.0,0,0.0,0,11.488032341003418,2,7
SH,GM,73,1176,248,248,24.8,0.4371945858001709,0.5449298620223999,6.516406059265137,7.064632892608643,2.433610677719116,1,73,1,73,0.29435483870967744,2.0,73,0.0,0,0.0,0,0.0,0,0.0,0,5
SH,GM,73,1177,1263,1263,126.30000000000001,0.10010810941457748,0.13236024975776672,14.188637733459473,15.370328903198242,0.4224754571914673,0,-1,1,69,0.05463182897862233,2.0,1263,1.7665481567382812,0,0.0,0,0.0,0,26.750255584716797,2,7
SH,GM,73,1178,792,792,79.2,0.2698880136013031,0.3438168466091156,18.24718475341797,21.17653465270996,8.468086242675781,1,307,1,307,0.38762626262626265,2.0,307,0.0,0,0.0,0,0.0,0,0.0,0,5
SH,GM,73,1179,213,213,21.3,0.5187152624130249,0.6622573733329773,23.016124725341797,27.967309951782227,2.3553903102874756,0,-1,0,0,0.0,2.0,213,3.7162930965423584,0,0.0,0,0.0,0,11.072555541992188,0,5
SH,GM,73,1180,469,469,46.900000000000006,0.18853355944156647,0.2276303917169571,4.716338634490967,6.508816719055176,0.7296319603919983,0,-1,1,322,0.6865671641791045,2.0,469,1.3155449628829956,0,0.0,0,0.0,0,20.801403045654297,0,5
SH,GM,73,1181,235,235,23.5,0.3513266146183014,0.4466194808483124,0.6074052453041077,0.7703148722648621,0.2798095941543579,0,-1,1,179,0.7617021276595745,2.0,235,1.8415299654006958,0,0.0,0,0.0,0,1.6438751220703125,0,5
SH,GM,73,1182,162,162,16.2,0.40206992626190186,0.4846095144748688,4.124792575836182,5.393667697906494,1.0630581378936768,0,-1,1,162,1.0,2.0,162,0.5512186288833618,0,0.0,0,0.0,0,7.276015758514404,1,6
SH,GM,73,1183,211,211,21.1,0.39081332087516785,0.51209557056427,6.862112522125244,7.531729698181152,0.8512168526649475,0,-1,1,211,1.0,2.0,211,0.08732937276363373,0,0.0,0,0.0,0,0.3676314651966095,1,6
SH,GM,73,1184,270,270,27.0,0.2705468535423279,0.3435363173484802,3.671950578689575,4.148308277130127,0.45528337359428406,0,-1,0,0,0.0,2.0,270,2.8575401306152344,0,0.0,0,0.0,0,3.9632177352905273,0,5
SH,GM,73,1185,199,199,19.900000000000002,0.2553936541080475,0.3150865137577057,1.05350923538208,1.233898639678955,0.32731759548187256,0,-1,1,199,1.0,2.0,199,0.8851726651191711,0,0.0,0,0.0,0,6.99082088470459,2,7
SH,GM,73,1186,737,737,73.7,0.20453688502311707,0.2720583975315094,16.369155883789062,19.99434471130371,0.7662911415100098,0,-1,1,41,0.05563093622795115,2.0,737,1.8993654251098633,0,0.0,0,0.0,0,28.641874313354492,2,7
SH,GM,73,1187,177,177,17.7,0.4098093509674072,0.5162988305091858,2.3581581115722656,2.7087366580963135,0.7401272058486938,0,-1,0,0,0.0,2.0,177,6.264908790588379,0,0.0,0,0.0,0,4.025798320770264,2,7
SH,GM,73,1188,145,145,14.5,0.21320316195487976,0.2639741897583008,1.526729702949524,1.7608095407485962,0.2870497405529022,0,-1,1,145,1.0,2.0,145,0.7301188707351685,0,0.0,0,0.0,0,8.241588592529297,1,6
SH,GM,73,1189,347,347,34.7,0.3483826518058777,0.43275290727615356,2.364027261734009,3.056978464126587,0.3978618383407593,0,-1,1,151,0.43515850144092216,2.0,347,1.4438986778259277,0,0.0,0,0.0,0,1.2102866172790527,2,7
SH,GM,73,1190,389,389,38.900000000000006,0.4125753343105316,0.6188621520996094,4.745970249176025,6.21861457824707,0.9190180897712708,0,-1,1,389,1.0,2.0,389,0.531249463558197,0,0.0,0,0.0,0,2.732182502746582,0,5
SH,GM,73,1191,229,229,22.900000000000002,0.34631097316741943,0.4492379426956177,1.1483068466186523,1.6897879838943481,0.47416844964027405,0,-1,1,229,1.0,2.0,229,0.3101115822792053,0,0.0,0,0.0,0,1.370090126991272,0,5
SH,GM,73,1192,363,363,36.300000000000004,0.34467726945877075,0.4192464351654053,3.5838191509246826,4.066378116607666,0.5177720189094543,0,-1,0,0,0.0,2.0,363,2.7287070751190186,0,0.0,0,0.0,0,2.382300615310669,2,7
SH,GM,73,1193,170,170,17.0,0.3081068694591522,0.41212570667266846,3.3001673221588135,3.5642428398132324,0.5523629784584045,0,-1,1,165,0.9705882352941176,2.0,170,1.1014683246612549,0,0.0,0,0.0,0,13.990752220153809,1,6
SH,GM,73,1194,154,154,15.4,0.433716356754303,0.5209659337997437,12.194480895996094,14.096625328063965,1.4348303079605103,0,-1,0,0,0.0,2.0,154,4.568519115447998,0,0.0,0,0.0,0,42.926631927490234,1,6
SH,GM,73,1195,610,610,61.0,0.23352526128292084,0.2830219864845276,3.574794292449951,4.384913921356201,0.495115727186203,0,-1,1,610,1.0,2.0,610,0.9215392470359802,0,0.0,0,0.0,0,11.945374488830566,1,6
SH,GM,73,1196,527,527,52.7,0.30179110169410706,0.3726108968257904,5.718055725097656,7.495171546936035,0.7329531908035278,0,-1,1,219,0.4155597722960152,2.0,527,1.1668332815170288,0,0.0,0,0.0,0,1.090928077697754,0,5
SH,GM,73,1197,219,219,21.900000000000002,0.33238232135772705,0.41193825006484985,8.00789737701416,9.428194999694824,1.0422593355178833,0,-1,0,0,0.0,2.0,219,4.769705295562744,0,0.0,0,0.0,0,7.087823867797852,2,7
SH,GM,73,1198,142,142,14.200000000000001,0.2831149995326996,0.33069756627082825,2.7278497219085693,3.2121880054473877,0.456854909658432,0,-1,1,10,0.07042253521126761,2.0,142,1.8642030954360962,0,0.0,0,0.0,0,10.5546293258667,0,5
SH,GM,73,1199,193,193,19.3,0.3194648325443268,0.44633251428604126,3.978539228439331,4.835113525390625,0.5527912378311157,0,-1,0,0,0.0,2.0,193,3.585381507873535,0,0.0,0,0.0,0,7.000304698944092,1,6
SH,GM,73,1200,170,170,17.0,0.112459696829319,0.13854223489761353,2.5844650268554688,3.691075325012207,0.46113336086273193,0,-1,1,163,0.9588235294117647,2.0,170,1.695428490638733,0,0.0,0,0.0,0,36.73175811767578,2,7
SH,GM,73,1201,324,324,32.4,0.23512208461761475,0.3315289616584778,3.1294236183166504,3.5124564170837402,0.9416829943656921,1,249,1,249,0.7685185185185185,2.0,249,0.0,0,0.0,0,0.0,0,0.0,2,7
SH,GM,73,1202,347,347,34.7,0.2738204598426819,0.34033647179603577,14.05664348602295,17.022037506103516,0.899702787399292,0,-1,0,0,0.0,2.0,347,2.1734259128570557,0,0.0,0,0.0,0,4.172017574310303,2,7
SH,GM,73,1203,220,220,22.0,0.29464632272720337,0.3423672616481781,1.555573582649231,2.05680513381958,0.5361490845680237,0,-1,0,0,0.0,2.0,220,4.214268207550049,0,0.0,0,0.0,0,6.332902908325195,2,7
SH,GM,73,1204,542,542,54.2,0.2653922736644745,0.3191961348056793,14.993616104125977,17.636672973632812,0.6539785265922546,0,-1,1,66,0.12177121771217712,2.0,542,1.9525518417358398,0,0.0,0,0.0,0,24.964139938354492,1,6
SH,GM,73,1205,224,224,22.400000000000002,0.16359643638134003,0.19312864542007446,2.2741148471832275,2.821701765060425,0.628494918346405,0,-1,1,224,1.0,2.0,224,1.395411729812622,0,0.0,0,0.0,0,40.55223846435547,0,5
SH,GM,73,1206,134,134,13.4,0.3084464371204376,0.39429953694343567,6.684059143066406,8.709051132202148,1.3868240118026733,0,-1,1,134,1.0,2.0,134,0.5436241030693054,0,0.0,0,0.0,0,11.243825912475586,1,6
SH,GM,73,1207,231,231,23.1,0.22816957533359528,0.3193376660346985,4.501616954803467,4.854259967803955,1.0201045274734497,1,188,1,188,0.8138528138528138,2.0,188,0.0,0,0.0,0,0.0,0,0.0,0,5
SH,GM,73,1208,305,305,30.5,0.4145517349243164,0.5034963488578796,3.129941463470459,3.8706865310668945,0.7246322631835938,1,286,1,286,0.9377049180327869,2.0,286,0.0,0,0.0,0,0.0,0,0.0,0,5
SH,GM,73,1209,187,187,18.7,0.15681590139865875,0.21055477857589722,3.2986462116241455,3.785121440887451,0.3364045321941376,0,-1,0,0,0.0,2.0,187,3.184605836868286,0,0.0,0,0.0,0,11.21777057647705,1,6
SH,GM,73,1210,165,165,16.5,0.3182709813117981,0.45078766345977783,2.3677756786346436,2.66267466545105,0.6836864352226257,0,-1,1,83,0.503030303030303,2.0,165,0.879593551158905,0,0.0,0,0.0,0,7.946196556091309,0,5
SH,GM,73,1211,291,291,29.1,0.36673635244369507,0.4625004529953003,22.814373016357422,27.885515213012695,1.5907658338546753,0,-1,1,75,0.25773195876288657,2.0,291,1.309923768043518,0,0.0,0,0.0,0,10.252386093139648,1,6
SH,GM,73,1212,143,143,14.3,0.23457470536231995,0.27719104290008545,1.0650204420089722,1.1847684383392334,0.3863089978694916,0,-1,1,143,1.0,2.0,143,0.4817515015602112,0,0.0,0,0.0,0,6.723505973815918,2,7
SH,GM,73,1213,248,248,24.8,0.546003520488739,0.6807343363761902,3.1975533962249756,4.189329147338867,1.0650690793991089,1,187,1,187,0.7540322580645161,2.0,187,0.0,0,0.0,0,0.0,0,0.0,1,6
SH,GM,73,1214,346,346,34.6,0.15846793353557587,0.18460850417613983,2.3611905574798584,2.827474594116211,0.3763982057571411,0,-1,1,288,0.8323699421965318,2.0,346,1.4158602952957153,0,0.0,0,0.0,0,25.825496673583984,1,6
SH,GM,73,1215,270,270,27.0,0.2807060480117798,0.3491014838218689,6.165458679199219,7.500849723815918,1.409456729888916,0,-1,1,270,1.0,2.0,270,1.1336256265640259,0,0.0,0,0.0,0,22.29073715209961,1,6
SH,GM,73,1216,500,500,50.0,0.29219114780426025,0.36940065026283264,12.844764709472656,18.37519645690918,0.8646393418312073,0,-1,1,205,0.41,2.0,500,1.617522120475769,0,0.0,0,0.0,0,2.3857762813568115,1,6
SH,GM,73,1217,236,236,23.6,0.15007717907428741,0.19702506065368652,2.253145694732666,3.082850694656372,0.40033650398254395,0,-1,1,235,0.9957627118644068,2.0,236,0.6457977890968323,0,0.0,0,0.0,0,10.118236541748047,0,5
SH,GM,73,1218,137,137,13.700000000000001,0.34752407670021057,0.4078066349029541,6.055995941162109,7.166663646697998,0.9528798460960388,0,-1,1,123,0.8978102189781022,2.0,137,1.2398560047149658,0,0.0,0,0.0,0,9.602856636047363,1,6
SH,GM,73,1219,164,164,16.400000000000002,0.2962939739227295,0.36554813385009766,1.2552915811538696,1.4383554458618164,0.2945827543735504,0,-1,0,0,0.0,2.0,164,3.164788246154785,0,0.0,0,0.0,0,4.337000846862793,1,6
SH,GM,73,1220,145,145,14.5,0.3185008764266968,0.3998351991176605,5.032968044281006,5.801937103271484,0.7721709609031677,0,-1,0,0,0.0,2.0,145,2.6816301345825195,0,0.0,0,0.0,0,22.82505226135254,2,7
SH,GM,73,1221,496,496,49.6,0.174885556101799,0.22462357580661774,7.697629451751709,9.851512908935547,0.5153539180755615,0,-1,0,0,0.0,2.0,496,5.189705848693848,0,0.0,0,0.0,0,9.510170936584473,2,7
SH,GM,73,1222,368,368,36.800000000000004,0.3534338176250458,0.4521559774875641,12.021927833557129,13.050267219543457,0.9008917808532715,0,-1,0,0,0.0,2.0,368,2.720163106918335,0,0.0,0,0.0,0,7.9814300537109375,0,5
SH,GM,73,1223,239,239,23.900000000000002,0.16985031962394714,0.20745745301246643,1.2901279926300049,1.6258503198623657,0.28003066778182983,0,-1,0,0,0.0,2.0,239,3.091587543487549,0,0.0,0,0.0,0,3.400196075439453,1,6
SH,GM,73,1224,541,541,54.1,0.22750136256217957,0.28747794032096863,45.454811096191406,59.10247039794922,2.0774006843566895,0,-1,1,86,0.1589648798521257,2.0,541,1.1430301666259766,0,0.0,0,0.0,0,5.95585823059082,2,7
SH,GM,73,1225,237,237,23.700000000000003,0.3096160590648651,0.38100168108940125,3.2104527950286865,3.4706871509552,0.29847827553749084,0,-1,1,237,1.0,2.0,237,1.3561989068984985,0,0.0,0,0.0,0,3.0282645225524902,0,5
SH,GM,73,1226,197,197,19.700000000000003,0.25861912965774536,0.34125807881355286,11.30132007598877,13.015186309814453,1.0077731609344482,0,-1,0,0,0.0,2.0,197,4.145891189575195,0,0.0,0,0.0,0,5.798365116119385,0,5
SH,GM,73,1227,214,214,21.400000000000002,0.3336256742477417,0.40294554829597473,6.5645060539245605,7.575860500335693,0.675497829914093,0,-1,0,0,0.0,2.0,214,2.965104818344116,0,0.0,0,0.0,0,4.40406608581543,1,6
SH,GM,73,1228,305,305,30.5,0.3992680311203003,0.5157748460769653,3.7686455249786377,4.653038024902344,0.7333126664161682,0,-1,1,305,1.0,2.0,305,0.07293816655874252,0,0.0,0,0.0,0,0.8292142748832703,1,6
SH,GM,73,1229,309,309,30.900000000000002,0.24232392013072968,0.2853173613548279,28.6668758392334,35.66116714477539,2.1051342487335205,0,-1,1,309,1.0,2.0,309,0.8849847912788391,0,0.0,0,0.0,0,18.862796783447266,2,7
SH,GM,73,1230,212,212,21.200000000000003,0.2695656418800354,0.34814977645874023,4.488946437835693,5.048698902130127,0.5123544931411743,0,-1,1,212,1.0,2.0,212,0.363291472196579,0,0.0,0,0.0,0,4.459174156188965,0,5
SH,GM,73,1231,311,311,31.1,0.204901784658432,0.2645358145236969,2.4817001819610596,2.9989142417907715,0.34222909808158875,0,-1,0,0,0.0,2.0,311,3.1193840503692627,0,0.0,0,0.0,0,3.505526065826416,1,6
SH,GM,73,1232,186,186,18.6,0.27190297842025757,0.3121938705444336,5.223734378814697,6.046516418457031,0.5733398795127869,0,-1,1,186,1.0,2.0,186,0.48822134733200073,0,0.0,0,0.0,0,8.637662887573242,2,7
SH,GM,73,1233,131,131,13.100000000000001,0.4937101900577545,0.5992403030395508,4.926408290863037,5.835047245025635,0.8977517485618591,0,-1,1,74,0.5648854961832062,2.0,131,1.3218570947647095,0,0.0,0,0.0,0,6.526915073394775,2,7
SH,GM,73,1234,254,254,25.400000000000002,0.36746397614479065,0.42223668098449707,9.159037590026855,16.070783615112305,2.1268820762634277,0,-1,1,15,0.05905511811023622,2.0,254,1.987282156944275,0,0.0,0,0.0,0,16.392213821411133,0,5
SH,GM,73,1235,463,463,46.300000000000004,0.2380346804857254,0.3063819408416748,1.3049602508544922,1.704035758972168,0.41666772961616516,0,-1,1,29,0.06263498920086392,2.0,463,1.517100214958191,0,0.0,0,0.0,0,3.921947479248047,1,6
SH,GM,73,1236,266,266,26.6,0.2368992567062378,0.32629871368408203,3.3107423782348633,4.149369239807129,0.7575857639312744,0,-1,1,257,0.9661654135338346,2.0,266,0.8797951340675354,0,0.0,0,0.0,0,5.797932147979736,0,5
SH,GM,73,1237,1208,1208,120.80000000000001,0.2426612824201584,0.30700579285621643,4.2097578048706055,5.927536487579346,0.4963698089122772,1,1156,1,1156,0.956953642384106,2.0,1156,0.0,0,0.0,0,0.0,0,0.0,1,6
SH,GM,73,1238,155,155,15.5,0.12029536813497543,0.17770926654338837,5.232150077819824,6.396750450134277,0.8260807991027832,0,-1,1,82,0.5290322580645161,2.0,155,1.8104865550994873,0,0.0,0,0.0,0,22.565868377685547,2,7
SH,GM,73,1239,333,333,33.300000000000004,0.26586592197418213,0.35854944586753845,2.252957344055176,2.6945512294769287,0.3269665241241455,0,-1,1,333,1.0,2.0,333,0.8113284707069397,0,0.0,0,0.0,0,2.346179485321045,2,7
SH,GM,73,1240,186,186,18.6,0.20065687596797943,0.2417588233947754,7.348720073699951,8.538973808288574,0.7479276061058044,0,-1,1,182,0.978494623655914,2.0,186,1.1595077514648438,0,0.0,0,0.0,0,27.40547752380371,0,5
SH,GM,73,1241,1347,1347,134.70000000000002,0.24058116972446442,0.3138704299926758,6.907651901245117,8.036755561828613,0.48880714178085327,0,-1,0,0,0.0,2.0,1347,2.550114154815674,0,0.0,0,0.0,0,5.466424465179443,2,7
SH,GM,73,1242,415,415,41.5,0.19298681616783142,0.24816879630088806,5.276462078094482,6.5702080726623535,0.6651788353919983,0,-1,1,415,1.0,2.0,415,1.222925066947937,0,0.0,0,0.0,0,25.106414794921875,1,6
SH,GM,73,1243,164,164,16.400000000000002,0.3516364097595215,0.43664228916168213,3.7475385665893555,4.564558982849121,0.5861515998840332,0,-1,0,0,0.0,2.0,164,6.373877048492432,0,0.0,0,0.0,0,9.249073028564453,2,7
SH,GM,73,1244,776,776,77.60000000000001,0.40158355236053467,0.5295436382293701,5.970294952392578,7.351860523223877,2.914884567260742,1,386,1,386,0.49742268041237114,2.0,386,0.0,0,0.0,0,0.0,0,0.0,2,7
SH,GM,73,1245,158,158,15.8,0.17484432458877563,0.21673262119293213,7.720567226409912,9.908585548400879,1.3239715099334717,0,-1,1,6,0.0379746835443038,2.0,158,1.9585734605789185,0,0.0,0,0.0,0,57.92642593383789,1,6
SH,GM,73,1246,770,770,77.0,0.46724721789360046,0.6785889863967896,13.31163215637207,17.039831161499023,6.832379341125488,1,169,1,169,0.21948051948051947,2.0,169,0.0,0,0.0,0,0.0,0,0.0,0,5
SH,GM,73,1247,207,207,20.700000000000003,0.32239967584609985,0.3581813871860504,9.658269882202148,11.324203491210938,1.09304940700531,0,-1,1,207,1.0,2.0,207,1.3805911540985107,0,0.0,0,0.0,0,18.511449813842773,2,7
SH,GM,73,1248,805,805,80.5,0.3267035484313965,0.43290454149246216,6.417123317718506,8.53223991394043,0.6806656718254089,1,787,1,147,0.1826086956521739,2.0,787,0.0,0,0.0,0,0.0,0,0.0,2,7
SH,GM,73,1249,168,168,16.8,0.4640866219997406,0.5896227955818176,1.1508547067642212,1.381365418434143,0.5763077735900879,0,-1,1,168,1.0,2.0,168,0.6665025353431702,0,0.0,0,0.0,0,6.785723686218262,1,6
SH,GM,73,1250,296,296,29.6,0.41330212354660034,0.5804760456085205,22.9573974609375,27.025672912597656,2.6516616344451904,0,-1,0,0,0.0,2.0,296,3.06555438041687,0,0.0,0,0.0,0,6.799723148345947,1,6
SH,GM,73,1251,1684,1684,168.4,0.2527453601360321,0.33309608697891235,6.1829023361206055,7.846978187561035,0.4500672221183777,0,-1,1,1465,0.8699524940617577,2.0,1684,0.2288026213645935,0,0.0,0,0.0,0,1.1465951204299927,1,6
SH,GM,73,1252,329,329,32.9,0.3672625720500946,0.46981847286224365,2.800858974456787,3.575756311416626,0.410744845867157,0,-1,1,329,1.0,2.0,329,0.3221493065357208,0,0.0,0,0.0,0,0.28580188751220703,0,5
SH,GM,73,1253,425,425,42.5,0.2670576274394989,0.3642580509185791,2.5766689777374268,3.1315298080444336,0.44612663984298706,0,-1,1,410,0.9647058823529412,2.0,425,0.43598225712776184,0,0.0,0,0.0,0,2.1253511905670166,1,6
SH,GM,73,1254,138,138,13.8,0.41867879033088684,0.49116432666778564,0.9773496389389038,1.1141269207000732,0.39287295937538147,0,-1,0,0,0.0,2.0,138,5.203727722167969,0,0.0,0,0.0,0,9.307572364807129,2,7
SH,GM,73,1255,194,194,19.400000000000002,0.34080201387405396,0.39313971996307373,3.3848514556884766,5.411877632141113,0.9422622919082642,0,-1,1,27,0.13917525773195877,2.0,194,1.976453423500061,0,0.0,0,0.0,0,4.0658698081970215,0,5
SH,GM,73,1256,208,208,20.8,0.46536874771118164,0.5411580801010132,7.3576459884643555,8.772099494934082,1.0669982433319092,0,-1,0,0,0.0,2.0,208,2.1656789779663086,0,0.0,0,0.0,0,3.2592380046844482,1,6
SH,GM,73,1257,178,178,17.8,0.17484325170516968,0.23100019991397858,7.356622219085693,8.956787109375,0.9776396155357361,0,-1,1,64,0.3595505617977528,2.0,178,1.2220206260681152,0,0.0,0,0.0,0,19.742847442626953,2,7
SH,GM,73,1258,220,220,22.0,0.36630579829216003,0.47112521529197693,1.9931049346923828,2.4316294193267822,0.30507880449295044,0,-1,1,200,0.9090909090909091,2.0,220,1.0898267030715942,0,0.0,0,0.0,0,0.31139522790908813,0,5
SH,GM,73,1259,217,217,21.700000000000003,0.1276923567056656,0.15477940440177917,1.2851532697677612,1.4660991430282593,0.3283511996269226,0,-1,1,217,1.0,2.0,217,0.8047272562980652,0,0.0,0,0.0,0,20.78499412536621,2,7
SH,GM,73,1260,150,150,15.0,0.28141969442367554,0.38581371307373047,6.930688381195068,7.77693510055542,0.7259584069252014,0,-1,0,0,0.0,2.0,150,2.032041311264038,0,0.0,0,0.0,0,10.986891746520996,2,7
SH,GM,73,1261,303,303,30.3,0.2678629159927368,0.3676048815250397,5.15024995803833,5.589114665985107,1.212400197982788,1,274,1,274,0.9042904290429042,2.0,274,0.0,0,0.0,0,0.0,0,0.0,0,5
SH,GM,73,1262,220,220,22.0,0.2935484051704407,0.34941402077674866,1.5911897420883179,1.8455352783203125,0.4042496681213379,0,-1,0,0,0.0,2.0,220,2.766475200653076,0,0.0,0,0.0,0,3.7245469093322754,1,6
SH,GM,73,1263,266,266,26.6,0.32850784063339233,0.442611962556839,10.100724220275879,11.370635032653809,1.1691036224365234,0,-1,0,0,0.0,2.0,266,2.2337517738342285,0,0.0,0,0.0,0,5.394346237182617,2,7
SH,GM,73,1264,249,249,24.900000000000002,0.5068867802619934,0.7131310701370239,18.63664436340332,24.625473022460938,2.332749843597412,0,-1,1,129,0.5180722891566265,2.0,249,1.0663832426071167,0,0.0,0,0.0,0,14.814602851867676,1,6
SH,GM,73,1265,201,201,20.1,0.3382279574871063,0.43474912643432617,9.182934761047363,10.671601295471191,0.9199768900871277,0,-1,0,0,0.0,2.0,201,3.1072099208831787,0,0.0,0,0.0,0,16.841489791870117,0,5
SH,GM,73,1266,161,161,16.1,0.3276556134223938,0.396566778421402,1.6931387186050415,2.035385847091675,0.6747586131095886,0,-1,1,161,1.0,2.0,161,1.1399635076522827,0,0.0,0,0.0,0,9.211490631103516,1,6
SH,GM,73,1267,186,186,18.6,0.17610475420951843,0.23821663856506348,1.0133565664291382,1.0897375345230103,0.1314171552658081,0,-1,1,182,0.978494623655914,2.0,186,1.6396514177322388,0,0.0,0,0.0,0,1.6587879657745361,1,6
SH,GM,73,1268,917,917,91.7,0.4512268304824829,0.6311815977096558,2.616591453552246,3.253361225128174,0.5289904475212097,0,-1,1,917,1.0,2.0,917,0.4800870418548584,0,0.0,0,0.0,0,0.33585017919540405,1,6
SH,GM,73,1269,1035,1035,103.5,0.1790207475423813,0.2309122532606125,7.174801349639893,8.905591011047363,6.545682907104492,1,627,1,627,0.6057971014492753,2.0,627,0.0,0,0.0,0,0.0,0,0.0,0,5
SH,GM,73,1270,499,499,49.900000000000006,0.12399978190660477,0.1522025763988495,19.08018684387207,20.871232986450195,0.5668855905532837,0,-1,1,59,0.11823647294589178,2.0,499,1.6994231939315796,0,0.0,0,0.0,0,32.056976318359375,1,6
SH,GM,73,1271,400,400,40.0,0.252948135137558,0.3358708918094635,9.440934181213379,10.744269371032715,0.5956289172172546,0,-1,1,400,1.0,2.0,400,0.16065473854541779,0,0.0,0,0.0,0,2.514394998550415,2,7
SH,GM,73,1272,245,245,24.5,0.4702521562576294,0.609125554561615,10.282137870788574,12.972785949707031,1.3275418281555176,0,-1,0,0,0.0,2.0,245,2.7711563110351562,0,0.0,0,0.0,0,4.249083995819092,2,7
SH,GM,73,1273,308,308,30.8,0.4591406285762787,0.5282734632492065,30.769807815551758,35.95292663574219,1.9465116262435913,0,-1,0,0,0.0,2.0,308,3.6529016494750977,0,0.0,0,0.0,0,7.251657009124756,0,5
SH,GM,73,1274,165,165,16.5,0.280198335647583,0.40112391114234924,16.205623626708984,20.252670288085938,2.5089526176452637,0,-1,0,0,0.0,2.0,165,2.832951784133911,0,0.0,0,0.0,0,7.386073589324951,1,6
SH,GM,73,1275,733,733,73.3,0.197766974568367,0.255141019821167,4.441103458404541,5.428223609924316,0.4086879789829254,0,-1,0,0,0.0,2.0,733,4.033146381378174,0,0.0,0,0.0,0,9.253190994262695,1,6
SH,GM,73,1276,449,449,44.900000000000006,0.5730928778648376,0.7328842282295227,6.554438591003418,7.4856977462768555,3.514108657836914,1,98,1,98,0.2182628062360802,2.0,98,0.0,0,0.0,0,0.0,0,0.0,0,5
SH,GM,73,1277,136,136,13.600000000000001,0.35924774408340454,0.43486618995666504,1.1607952117919922,1.31019926071167,0.549127995967865,0,-1,1,107,0.7867647058823529,2.0,136,1.7609186172485352,0,0.0,0,0.0,0,1.275180697441101,1,6
SH,GM,73,1278,279,279,27.900000000000002,0.3730636239051819,0.46435117721557617,2.9444470405578613,3.6846463680267334,0.7309058904647827,0,-1,0,0,0.0,2.0,279,2.882690906524658,0,0.0,0,0.0,0,3.383009672164917,0,5
SH,GM,73,1279,358,358,35.800000000000004,0.5778448581695557,0.68229079246521,24.756746292114258,31.285261154174805,3.030750036239624,1,221,1,70,0.19553072625698323,2.0,221,0.0,0,0.0,0,0.0,0,0.0,1,6
SH,GM,73,1280,153,153,15.3,0.723157525062561,1.120041012763977,1.2171622514724731,1.481919288635254,0.6514612436294556,0,-1,1,153,1.0,2.0,153,0.04542311280965805,0,0.0,0,0.0,0,0.4967379570007324,1,6
SH,GM,73,1281,167,167,16.7,0.15546049177646637,0.20447193086147308,3.212617874145508,4.016408920288086,0.5194692611694336,0,-1,1,167,1.0,2.0,167,0.7708717584609985,0,0.0,0,0.0,0,9.573613166809082,1,6
SH,GM,73,1282,182,182,18.2,0.28251969814300537,0.35660985112190247,1.4994457960128784,1.8941888809204102,0.3864647448062897,0,-1,1,85,0.46703296703296704,2.0,182,1.9094486236572266,0,0.0,0,0.0,0,1.572924256324768,0,5
SH,GM,73,1283,169,169,16.900000000000002,0.32006552815437317,0.4590964913368225,3.442796230316162,3.694413423538208,0.4452495276927948,0,-1,1,75,0.4437869822485207,2.0,169,1.8799631595611572,0,0.0,0,0.0,0,5.386675834655762,2,7
SH,GM,73,1284,710,710,71.0,0.32848501205444336,0.46249881386756897,2.438981533050537,3.14905047416687,0.5626152753829956,0,-1,1,710,1.0,2.0,710,0.37054815888404846,0,0.0,0,0.0,0,3.9992072582244873,2,7
SH,GM,73,1285,192,192,19.200000000000003,0.22672587633132935,0.2806597054004669,1.0495003461837769,1.6888633966445923,0.4047931432723999,0,-1,1,192,1.0,2.0,192,0.9511599540710449,0,0.0,0,0.0,0,17.450593948364258,0,5
SH,GM,73,1286,151,151,15.100000000000001,0.19674307107925415,0.26734718680381775,6.8262553215026855,8.615190505981445,1.1060214042663574,0,-1,0,0,0.0,2.0,151,3.177896738052368,0,0.0,0,0.0,0,60.01689147949219,1,6
SH,GM,73,1287,308,308,30.8,0.272416889667511,0.3484809994697571,7.768711566925049,8.590970039367676,0.7798522114753723,0,-1,0,0,0.0,2.0,308,2.9313156604766846,0,0.0,0,0.0,0,5.460699081420898,1,6
SH,GM,73,1288,131,131,13.100000000000001,0.27196258306503296,0.3339511752128601,5.6330342292785645,7.165666103363037,1.1790258884429932,0,-1,1,31,0.2366412213740458,2.0,131,1.7070878744125366,0,0.0,0,0.0,0,4.744729995727539,0,5
SH,GM,73,1289,164,164,16.400000000000002,0.27024585008621216,0.3219383955001831,2.6210150718688965,3.1747021675109863,0.4543567895889282,0,-1,1,164,1.0,2.0,164,0.9505272507667542,0,0.0,0,0.0,0,7.628841876983643,0,5
SH,GM,73,1290,406,406,40.6,0.21101751923561096,0.2556311786174774,6.130219459533691,7.255781650543213,0.8467735052108765,0,-1,1,148,0.3645320197044335,2.0,406,0.9443371295928955,0,0.0,0,0.0,0,16.508136749267578,2,7
SH,GM,73,1291,330,330,33.0,0.2170112580060959,0.2551368772983551,3.5581653118133545,3.950183391571045,0.35405707359313965,0,-1,1,330,1.0,2.0,330,0.9031425714492798,0,0.0,0,0.0,0,9.93923568725586,1,6
SH,GM,73,1292,230,230,23.0,0.21934039890766144,0.2692422866821289,1.196859359741211,1.4426606893539429,0.43404561281204224,0,-1,0,0,0.0,2.0,230,3.6155056953430176,0,0.0,0,0.0,0,3.263453483581543,2,7
SH,GM,73,1293,145,145,14.5,0.40149983763694763,0.555907130241394,10.892276763916016,13.67855167388916,1.6004981994628906,0,-1,1,145,1.0,2.0,145,0.42277559638023376,0,0.0,0,0.0,0,4.115610122680664,0,5
SH,GM,73,1294,170,170,17.0,0.3149043917655945,0.3615785241127014,12.519355773925781,15.527862548828125,1.748866319656372,0,-1,1,40,0.23529411764705882,2.0,170,1.4125077724456787,0,0.0,0,0.0,0,12.473542213439941,0,5
SH,GM,73,1295,189,189,18.900000000000002,0.5511171221733093,0.7011416554450989,2.983111619949341,3.7943313121795654,0.8529428839683533,0,-1,1,189,1.0,2.0,189,0.8081550002098083,0,0.0,0,0.0,0,2.578261613845825,0,5
SH,GM,73,1296,333,333,33.300000000000004,0.12579065561294556,0.16457054018974304,1.888717532157898,2.5969386100769043,0.21900536119937897,0,-1,1,333,1.0,2.0,333,0.5691441893577576,0,0.0,0,0.0,0,10.839726448059082,0,5
SH,GM,73,1297,217,217,21.700000000000003,0.2418009489774704,0.2898230254650116,0.7435627579689026,0.8149075508117676,0.16363194584846497,0,-1,0,0,0.0,2.0,217,2.986234664916992,0,0.0,0,0.0,0,2.7532312870025635,0,5
SH,GM,73,1298,210,210,21.0,0.32704079151153564,0.46182602643966675,8.10391902923584,9.417235374450684,1.089163064956665,0,-1,1,73,0.3476190476190476,2.0,210,1.2100632190704346,0,0.0,0,0.0,0,0.4716734290122986,1,6
SH,GM,73,1299,418,418,41.800000000000004,0.29245349764823914,0.46612924337387085,2.0218088626861572,2.4023168087005615,0.36191222071647644,1,414,1,372,0.8899521531100478,2.0,414,0.0,0,0.0,0,0.0,0,0.0,2,7
SH,GM,73,1300,175,175,17.5,0.14023512601852417,0.17126215994358063,2.1174423694610596,2.383908987045288,0.5690548419952393,0,-1,0,0,0.0,2.0,175,3.653630495071411,0,0.0,0,0.0,0,3.0477993488311768,0,5
SH,GM,73,1301,133,133,13.3,0.06746150553226471,0.08895383030176163,2.3546409606933594,2.992199182510376,0.4498971402645111,0,-1,0,0,0.0,2.0,133,4.5361127853393555,0,0.0,0,0.0,0,91.1378173828125,0,5
SH,GM,73,1302,162,162,16.2,0.2500462234020233,0.28258615732192993,5.996906280517578,7.091202735900879,0.7136029005050659,0,-1,0,0,0.0,2.0,162,2.733994483947754,0,0.0,0,0.0,0,16.50296401977539,2,7
SH,GM,73,1303,283,283,28.3,0.6576235890388489,0.8960279822349548,4.291160583496094,9.006820678710938,1.9552761316299438,0,-1,0,0,0.0,2.0,283,2.0581772327423096,0,0.0,0,0.0,0,23.462331771850586,1,6
SH,GM,73,1304,169,169,16.900000000000002,0.3209758698940277,0.41446733474731445,4.751297473907471,5.7379045486450195,1.1512925624847412,0,-1,1,83,0.4911242603550296,2.0,169,1.4785898923873901,0,0.0,0,0.0,0,19.44485092163086,0,5
SH,GM,73,1305,352,352,35.2,0.26905038952827454,0.3132084310054779,17.791425704956055,20.093761444091797,1.3561898469924927,0,-1,1,352,1.0,2.0,352,0.9641775488853455,0,0.0,0,0.0,0,22.93157386779785,0,5
SH,GM,73,1306,532,532,53.2,0.4690036177635193,0.6354420185089111,15.459290504455566,19.50809669494629,4.57783317565918,1,197,1,115,0.2161654135338346,2.0,197,0.0,0,0.0,0,0.0,0,0.0,2,7
SH,GM,73,1307,263,263,26.3,0.2179720550775528,0.26287248730659485,13.128101348876953,15.574149131774902,0.9825995564460754,0,-1,1,66,0.2509505703422053,2.0,263,1.0624995231628418,0,0.0,0,0.0,0,7.140882968902588,1,6
SH,GM,73,1308,146,146,14.600000000000001,0.3061569035053253,0.36696600914001465,9.841723442077637,11.926443099975586,1.2612327337265015,0,-1,1,146,1.0,2.0,146,1.002642035484314,0,0.0,0,0.0,0,20.764225006103516,0,5
SH,GM,73,1309,205,205,20.5,0.34965336322784424,0.42429256439208984,3.910646915435791,4.180991172790527,0.5297492146492004,0,-1,0,0,0.0,2.0,205,4.10695219039917,0,0.0,0,0.0,0,9.236859321594238,0,5
SH,GM,73,1310,311,311,31.1,0.34903621673583984,0.4481813609600067,1.377812147140503,1.6189637184143066,0.585330605506897,0,-1,0,0,0.0,2.0,311,3.5636348724365234,0,0.0,0,0.0,0,2.6803886890411377,2,7
SH,GM,73,1311,449,449,44.900000000000006,0.10888155549764633,0.13334912061691284,13.344022750854492,14.707324981689453,0.519042432308197,0,-1,1,114,0.25389755011135856,2.0,449,1.8491592407226562,0,0.0,0,0.0,0,40.72929382324219,1,6
SH,GM,73,1312,131,131,13.100000000000001,0.6732619404792786,0.8513938784599304,5.276581287384033,6.819093704223633,1.2338069677352905,0,-1,1,131,1.0,2.0,131,1.3493353128433228,0,0.0,0,0.0,0,10.03154468536377,1,6
SH,GM,73,1313,439,439,43.900000000000006,0.2996236979961395,0.3905516266822815,9.056921005249023,11.690171241760254,0.8094101548194885,0,-1,1,128,0.29157175398633256,2.0,439,1.646816611289978,0,0.0,0,0.0,0,3.6964869499206543,2,7
SH,GM,73,1314,401,401,40.1,0.23190461099147797,0.3061302602291107,1.7005490064620972,1.9401963949203491,0.2547275722026825,0,-1,0,0,0.0,2.0,401,2.242676019668579,0,0.0,0,0.0,0,2.221571207046509,0,5
SH,GM,73,1315,164,164,16.400000000000002,0.19631314277648926,0.25491032004356384,2.0116360187530518,2.450133800506592,0.3648812472820282,0,-1,0,0,0.0,2.0,164,2.294926404953003,0,0.0,0,0.0,0,1.978367805480957,1,6
SH,GM,73,1316,239,239,23.900000000000002,0.26185572147369385,0.3415885865688324,3.5155465602874756,4.723991870880127,0.8018791079521179,0,-1,1,239,1.0,2.0,239,1.1220011711120605,0,0.0,0,0.0,0,3.202847480773926,2,7
SH,GM,73,1317,405,405,40.5,0.20838698744773865,0.25058943033218384,11.963831901550293,14.372645378112793,0.6951411366462708,0,-1,1,386,0.9530864197530864,2.0,405,1.3548351526260376,0,0.0,0,0.0,0,33.50935363769531,0,5
SH,GM,73,1318,353,353,35.300000000000004,0.16691744327545166,0.21815435588359833,1.4473381042480469,1.7400420904159546,0.3913092315196991,0,-1,1,337,0.9546742209631728,2.0,353,1.500260353088379,0,0.0,0,0.0,0,15.274933815002441,0,5
SH,GM,73,1319,194,194,19.400000000000002,0.1827329695224762,0.23277868330478668,3.211003541946411,3.6570351123809814,0.254011869430542,0,-1,0,0,0.0,2.0,194,4.846354961395264,0,0.0,0,0.0,0,4.199993133544922,1,6
SH,GM,73,1320,422,422,42.2,0.22187812626361847,0.31951749324798584,3.186394691467285,3.906763792037964,0.5610652565956116,0,-1,0,0,0.0,2.0,422,2.174928903579712,0,0.0,0,0.0,0,2.297168254852295,2,7
SH,GM,73,1321,513,513,51.300000000000004,0.25580036640167236,0.32599708437919617,2.6084096431732178,3.088928699493408,0.5609115362167358,0,-1,1,513,1.0,2.0,513,0.09003595262765884,0,0.0,0,0.0,0,0.5088069438934326,0,5
SH,GM,73,1322,148,148,14.8,0.09508603811264038,0.1320929229259491,3.223388433456421,3.8381640911102295,0.535525918006897,0,-1,0,0,0.0,2.0,148,2.9585416316986084,0,0.0,0,0.0,0,37.3477668762207,1,6
SH,GM,73,1323,190,190,19.0,0.1665830761194229,0.20178630948066711,1.878791093826294,2.0283925533294678,0.26408886909484863,0,-1,1,190,1.0,2.0,190,0.982232928276062,0,0.0,0,0.0,0,12.041101455688477,2,7
SH,GM,73,1324,167,167,16.7,0.17092788219451904,0.20479236543178558,1.1889492273330688,1.4888349771499634,0.2729358673095703,0,-1,0,0,0.0,2.0,167,3.1273000240325928,0,0.0,0,0.0,0,30.284364700317383,2,7
SH,GM,73,1325,237,237,23.700000000000003,0.22273126244544983,0.2742915451526642,15.846714973449707,19.48182487487793,1.3214737176895142,0,-1,1,237,1.0,2.0,237,0.8331459164619446,0,0.0,0,0.0,0,12.715198516845703,1,6
SH,GM,73,1326,333,333,33.300000000000004,0.3499389588832855,0.4217638075351715,13.381340026855469,20.264644622802734,1.8900965452194214,0,-1,1,57,0.17117117117117117,2.0,333,1.3653326034545898,0,0.0,0,0.0,0,9.945636749267578,1,6
SH,GM,73,1327,408,408,40.800000000000004,0.32413893938064575,0.43964195251464844,2.3265857696533203,2.8014779090881348,0.4323837459087372,0,-1,0,0,0.0,2.0,408,2.8958797454833984,0,0.0,0,0.0,0,3.659723997116089,0,5
SH,GM,73,1328,375,375,37.5,0.31888821721076965,0.5244290828704834,5.94852876663208,8.377531051635742,0.9157276153564453,0,-1,0,0,0.0,2.0,375,2.4497311115264893,0,0.0,0,0.0,0,4.971445083618164,0,5
SH,GM,73,1329,172,172,17.2,0.500491201877594,0.62383633852005,1.5030858516693115,1.8315688371658325,0.7459162473678589,0,-1,0,0,0.0,2.0,172,2.0436599254608154,0,0.0,0,0.0,0,2.883057117462158,0,5
SH,GM,73,1330,271,271,27.1,0.5522122383117676,0.7110611796379089,6.313053131103516,8.314408302307129,1.173330307006836,0,-1,1,119,0.43911439114391143,2.0,271,0.70908522605896,0,0.0,0,0.0,0,1.7600384950637817,1,6
SH,GM,73,1331,379,379,37.9,0.4677113890647888,0.5795735120773315,9.617671966552734,10.174765586853027,0.7374338507652283,0,-1,0,0,0.0,2.0,379,3.3018929958343506,0,0.0,0,0.0,0,11.841526985168457,1,6
SH,GM,73,1332,160,160,16.0,0.35946139693260193,0.4135758876800537,1.7381517887115479,2.5622501373291016,0.4427669942378998,0,-1,1,42,0.2625,2.0,160,1.8761237859725952,0,0.0,0,0.0,0,2.2942779064178467,2,7
SH,GM,73,1333,196,196,19.6,0.41510072350502014,0.4898316264152527,9.822808265686035,12.421955108642578,1.157126545906067,0,-1,1,73,0.37244897959183676,2.0,196,1.3408433198928833,0,0.0,0,0.0,0,3.0929014682769775,0,5
SH,GM,73,1334,367,367,36.7,0.46002063155174255,0.5787082314491272,4.190919876098633,4.867229461669922,0.7047863602638245,1,292,1,292,0.7956403269754768,2.0,292,0.0,0,0.0,0,0.0,0,0.0,0,5
SH,GM,73,1335,256,256,25.6,0.20830722153186798,0.42468783259391785,7.40447473526001,9.143585205078125,0.763921856880188,0,-1,0,0,0.0,2.0,256,3.385892391204834,0,0.0,0,0.0,0,65.80038452148438,0,5
SH,GM,73,1336,708,708,70.8,0.2560234069824219,0.3415013551712036,17.657384872436523,24.123031616210938,0.8006219267845154,0,-1,0,0,0.0,2.0,708,2.5995123386383057,0,0.0,0,0.0,0,3.1251630783081055,2,7
SH,GM,73,1337,183,183,18.3,0.7513423562049866,0.9946606159210205,6.123718738555908,6.996486663818359,2.2433786392211914,1,122,1,122,0.6666666666666666,2.0,122,0.0,0,0.0,0,0.0,0,0.0,2,7
SH,GM,73,1338,140,140,14.0,0.6250404715538025,0.7086926102638245,5.151422023773193,6.57097053527832,1.3322093486785889,0,-1,0,0,0.0,2.0,140,4.065215587615967,0,0.0,0,0.0,0,5.3960347175598145,1,6
SH,GM,73,1339,627,627,62.7,0.22506943345069885,0.2808326184749603,4.0597920417785645,4.846442699432373,0.4553261697292328,0,-1,0,0,0.0,2.0,627,2.4516851902008057,0,0.0,0,0.0,0,2.9491286277770996,1,6
SH,GM,73,1340,161,161,16.1,0.30531084537506104,0.4713003635406494,2.2386586666107178,3.115090847015381,0.6325270533561707,0,-1,1,161,1.0,2.0,161,0.7572349905967712,0,0.0,0,0.0,0,3.6858527660369873,2,7
SH,GM,73,1341,471,471,47.1,0.31853461265563965,0.4186041057109833,5.710722923278809,8.24460220336914,0.8731874227523804,0,-1,1,229,0.4861995753715499,2.0,471,1.1215057373046875,0,0.0,0,0.0,0,3.0223686695098877,0,5
SH,GM,73,1342,217,217,21.700000000000003,0.3606845736503601,0.3995780348777771,2.6686043739318848,3.2242677211761475,0.7382190227508545,0,-1,1,78,0.35944700460829493,2.0,217,1.8543767929077148,0,0.0,0,0.0,0,18.96063232421875,1,6
SH,GM,73,1343,164,164,16.400000000000002,0.47854647040367126,0.63492351770401,1.3858739137649536,1.614454746246338,0.4300190210342407,0,-1,1,164,1.0,2.0,164,0.6091252565383911,0,0.0,0,0.0,0,2.1581668853759766,2,7
SH,GM,73,1344,281,281,28.1,0.2134074717760086,0.26361700892448425,6.126641750335693,6.648122310638428,0.6270315051078796,0,-1,1,281,1.0,2.0,281,0.9119090437889099,0,0.0,0,0.0,0,19.535276412963867,0,5
SH,GM,73,1345,192,192,19.200000000000003,0.30243244767189026,0.3530467450618744,15.233421325683594,19.574623107910156,2.0590832233428955,0,-1,0,0,0.0,2.0,192,3.0276310443878174,0,0.0,0,0.0,0,5.457906246185303,1,6
SH,GM,73,1346,1014,1014,101.4,0.4087882339954376,0.5309724807739258,6.375525951385498,8.010318756103516,0.8770661354064941,0,-1,0,0,0.0,2.0,1014,2.432624340057373,0,0.0,0,0.0,0,4.089981555938721,1,6
SH,GM,73,1347,509,509,50.900000000000006,0.17359523475170135,0.22549715638160706,8.053388595581055,8.817925453186035,0.3729091286659241,0,-1,1,26,0.05108055009823183,2.0,509,1.9184834957122803,0,0.0,0,0.0,0,15.221966743469238,1,6
SH,GM,73,1348,145,145,14.5,0.3695600926876068,0.430164635181427,0.8913193345069885,1.3651654720306396,0.6664724349975586,0,-1,1,106,0.7310344827586207,2.0,145,1.2766138315200806,0,0.0,0,0.0,0,4.755371570587158,1,6
SH,GM,73,1349,560,560,56.0,0.45518752932548523,0.6113214492797852,3.916281223297119,4.618032932281494,0.8265295028686523,0,-1,1,461,0.8232142857142857,2.0,560,0.3869193196296692,0,0.0,0,0.0,0,0.7957359552383423,2,7
SH,GM,73,1350,373,373,37.300000000000004,0.26441553235054016,0.33846214413642883,2.3244166374206543,2.654933452606201,0.39766818284988403,0,-1,0,0,0.0,2.0,373,2.9351398944854736,0,0.0,0,0.0,0,3.3023858070373535,2,7
SH,GM,73,1351,156,156,15.600000000000001,0.2090577334165573,0.25398626923561096,4.730427265167236,5.810826778411865,0.6008176803588867,0,-1,0,0,0.0,2.0,156,2.7273292541503906,0,0.0,0,0.0,0,2.4544856548309326,2,7
SH,GM,73,1352,265,265,26.5,0.19336660206317902,0.23529484868049622,8.21047592163086,9.339746475219727,0.6415029168128967,0,-1,0,0,0.0,2.0,265,3.4592297077178955,0,0.0,0,0.0,0,23.189666748046875,0,5
SH,GM,73,1353,163,163,16.3,0.25360211730003357,0.32214611768722534,2.437450647354126,2.673502206802368,0.46975386142730713,0,-1,0,0,0.0,2.0,163,3.2275893688201904,0,0.0,0,0.0,0,3.577911376953125,2,7
SH,GM,73,1354,253,253,25.3,0.596744954586029,0.8278932571411133,7.310287952423096,9.029250144958496,1.3096646070480347,0,-1,1,153,0.6047430830039525,2.0,253,1.3240454196929932,0,0.0,0,0.0,0,4.347296714782715,2,7
SH,GM,73,1355,214,214,21.400000000000002,0.3040579557418823,0.35295727849006653,18.56963539123535,21.58182716369629,1.487369179725647,0,-1,1,214,1.0,2.0,214,0.7222151160240173,0,0.0,0,0.0,0,16.688568115234375,2,7
SH,GM,73,1356,546,546,54.6,0.4436071217060089,0.6018605828285217,3.2386152744293213,3.556565761566162,2.2110977172851562,1,138,1,138,0.25274725274725274,2.0,138,0.0,0,0.0,0,0.0,0,0.0,1,6
SH,GM,73,1357,201,201,20.1,0.397696852684021,0.46934422850608826,27.90072250366211,33.87833023071289,2.6812491416931152,0,-1,1,201,1.0,2.0,201,0.6375356912612915,0,0.0,0,0.0,0,20.056489944458008,1,6
SH,GM,73,1358,316,316,31.6,0.44876548647880554,0.5987008810043335,12.163986206054688,13.455159187316895,0.8908138871192932,0,-1,1,316,1.0,2.0,316,0.9752500653266907,0,0.0,0,0.0,0,5.361268997192383,2,7
SH,GM,73,1359,144,144,14.4,0.14295333623886108,0.19226911664009094,2.133218765258789,2.4006054401397705,0.29594361782073975,0,-1,1,144,1.0,2.0,144,0.9095496535301208,0,0.0,0,0.0,0,18.119436264038086,0,5
SH,GM,73,1360,309,309,30.900000000000002,0.1366228461265564,0.1681692898273468,1.5555682182312012,1.9886420965194702,0.29359400272369385,0,-1,1,301,0.9741100323624595,2.0,309,1.0244935750961304,0,0.0,0,0.0,0,8.983119010925293,0,5
SH,GM,73,1361,170,170,17.0,0.2692420780658722,0.33719366788864136,10.698286056518555,12.653616905212402,1.344114899635315,0,-1,0,0,0.0,2.0,170,3.846944808959961,0,0.0,0,0.0,0,9.728561401367188,1,6
SH,GM,73,1362,178,178,17.8,0.2859930396080017,0.32049083709716797,6.537145614624023,7.611895561218262,0.9937679171562195,0,-1,0,0,0.0,2.0,178,2.6599602699279785,0,0.0,0,0.0,0,59.34653091430664,0,5
SH,GM,73,1363,233,233,23.3,0.3639974296092987,0.5131975412368774,37.23378372192383,43.81181716918945,3.1011404991149902,0,-1,0,0,0.0,2.0,233,3.9691483974456787,0,0.0,0,0.0,0,14.804862022399902,1,6
SH,GM,73,1364,177,177,17.7,0.39155691862106323,0.4760737419128418,4.293441295623779,5.603928089141846,0.956270694732666,0,-1,0,0,0.0,2.0,177,2.7484660148620605,0,0.0,0,0.0,0,18.152393341064453,0,5
SH,GM,73,1365,380,380,38.0,0.19407041370868683,0.24565252661705017,7.005702495574951,7.646921157836914,0.49718865752220154,0,-1,1,256,0.6736842105263158,2.0,380,1.467002511024475,0,0.0,0,0.0,0,28.114879608154297,2,7
SH,GM,73,1366,364,364,36.4,0.2853761315345764,0.3879633843898773,4.689242362976074,5.621603488922119,0.6303502321243286,1,331,1,187,0.5137362637362637,2.0,331,0.0,0,0.0,0,0.0,0,0.0,0,5
SH,GM,73,1367,226,226,22.6,0.22462283074855804,0.27468883991241455,8.511434555053711,9.886791229248047,0.765167236328125,0,-1,1,72,0.3185840707964602,2.0,226,1.2384426593780518,0,0.0,0,0.0,0,14.62767219543457,1,6
SH,GM,73,1368,562,562,56.2,0.215576633810997,0.2881639003753662,4.184463977813721,5.132198333740234,0.4155089557170868,0,-1,1,562,1.0,2.0,562,0.9317630529403687,0,0.0,0,0.0,0,10.623112678527832,1,6
SH,GM,73,1369,133,133,13.3,0.28467032313346863,0.32924941182136536,2.712820291519165,3.9127745628356934,1.038070797920227,0,-1,0,0,0.0,2.0,133,6.799981117248535,0,0.0,0,0.0,0,54.73796844482422,1,6
SH,GM,73,1370,263,263,26.3,0.2891273498535156,0.3586764633655548,2.562588930130005,3.084939479827881,0.6289799213409424,0,-1,1,263,1.0,2.0,263,0.3066841959953308,0,0.0,0,0.0,0,1.5951519012451172,2,7
SH,GM,73,1371,380,380,38.0,0.23455342650413513,0.29464152455329895,3.664658308029175,4.214842796325684,0.48664891719818115,0,-1,0,0,0.0,2.0,380,4.377774238586426,0,0.0,0,0.0,0,11.998832702636719,0,5
SH,GM,73,1372,149,149,14.9,0.5461789965629578,0.6760713458061218,6.231516361236572,7.296974182128906,1.1546326875686646,1,107,1,60,0.40268456375838924,2.0,107,0.0,0,0.0,0,0.0,0,0.0,1,6
SH,GM,73,1373,220,220,22.0,0.3266530930995941,0.4117705821990967,3.714991569519043,4.558516979217529,0.7528943419456482,0,-1,0,0,0.0,2.0,220,2.5907955169677734,0,0.0,0,0.0,0,2.5162346363067627,2,7
SH,GM,73,1374,217,217,21.700000000000003,0.3477337658405304,0.3948732316493988,12.823010444641113,15.280035972595215,1.229383945465088,0,-1,0,0,0.0,2.0,217,4.748815059661865,0,0.0,0,0.0,0,7.077272415161133,2,7
SH,GM,73,1375,227,227,22.700000000000003,0.2418452650308609,0.309976726770401,18.44046974182129,23.563093185424805,1.8158360719680786,0,-1,1,1,0.004405286343612335,2.0,227,1.9943500757217407,0,0.0,0,0.0,0,15.927743911743164,2,7
SH,GM,73,1376,433,433,43.300000000000004,0.18094545602798462,0.2225407510995865,3.061149835586548,3.7146189212799072,0.42314016819000244,0,-1,1,433,1.0,2.0,433,0.6568101048469543,0,0.0,0,0.0,0,12.063849449157715,0,5
SH,GM,73,1377,217,217,21.700000000000003,0.46921905875205994,0.6132921576499939,3.8753833770751953,4.504766941070557,0.9857815504074097,0,-1,1,217,1.0,2.0,217,0.5073412656784058,0,0.0,0,0.0,0,2.772512912750244,0,5
SH,GM,73,1378,763,763,76.3,0.27084043622016907,0.34973767399787903,1.1376628875732422,1.5456631183624268,0.39132627844810486,0,-1,1,763,1.0,2.0,763,1.3444287776947021,0,0.0,0,0.0,0,2.949206590652466,0,5
SH,GM,73,1379,193,193,19.3,0.22580792009830475,0.26947665214538574,1.4221546649932861,1.6393563747406006,0.27841219305992126,0,-1,0,0,0.0,2.0,193,4.7673234939575195,0,0.0,0,0.0,0,5.564764022827148,2,7
SH,GM,73,1380,453,453,45.300000000000004,0.27806684374809265,0.35505953431129456,3.134798049926758,3.7233550548553467,0.37497463822364807,0,-1,1,401,0.8852097130242825,2.0,453,1.3700857162475586,0,0.0,0,0.0,0,0.9481295943260193,2,7
SH,GM,73,1381,179,179,17.900000000000002,0.23814019560813904,0.3218177258968353,7.892003059387207,9.117674827575684,0.83042311668396,0,-1,0,0,0.0,2.0,179,3.360236883163452,0,0.0,0,0.0,0,17.313539505004883,0,5
SH,GM,73,1382,167,167,16.7,0.1682250052690506,0.20532862842082977,10.237441062927246,13.14450740814209,1.5625206232070923,0,-1,1,167,1.0,2.0,167,0.38070887327194214,0,0.0,0,0.0,0,6.651284217834473,0,5
SH,GM,73,1383,274,274,27.400000000000002,0.06483941525220871,0.08118066936731339,2.744946241378784,3.3942553997039795,0.27093780040740967,0,-1,0,0,0.0,2.0,274,3.5994784832000732,0,0.0,0,0.0,0,81.87602996826172,0,5
SH,GM,73,1384,706,706,70.60000000000001,0.3759556710720062,0.5012593865394592,42.703330993652344,47.81810760498047,1.919507384300232,0,-1,0,0,0.0,2.0,706,2.797239303588867,0,0.0,0,0.0,0,4.614252090454102,2,7
SH,GM,73,1385,621,621,62.1,0.22221097350120544,0.282289981842041,3.270509719848633,4.196470737457275,0.3594767451286316,0,-1,1,557,0.8969404186795491,2.0,621,1.6009536981582642,0,0.0,0,0.0,0,42.782203674316406,1,6
SH,GM,73,1386,243,243,24.3,0.28717175126075745,0.3923507630825043,1.4119185209274292,1.6909011602401733,0.4572770893573761,0,-1,1,243,1.0,2.0,243,0.4055168926715851,0,0.0,0,0.0,0,1.6838476657867432,2,7
SH,GM,73,1387,319,319,31.900000000000002,0.301577627658844,0.38872453570365906,1.1322754621505737,1.3107448816299438,0.32039663195610046,0,-1,1,319,1.0,2.0,319,0.6433253288269043,0,0.0,0,0.0,0,1.7756092548370361,2,7
SH,GM,73,1388,230,230,23.0,0.1826576590538025,0.22944486141204834,1.0158369541168213,1.3370044231414795,0.3141074776649475,0,-1,1,230,1.0,2.0,230,0.42698338627815247,0,0.0,0,0.0,0,9.238508224487305,0,5
SH,GM,73,1389,180,180,18.0,0.33224236965179443,0.5055175423622131,1.4385793209075928,1.9098825454711914,0.6601608991622925,0,-1,1,123,0.6833333333333333,2.0,180,0.0029994668439030647,0,0.0,0,0.0,0,0.003159940242767334,1,6
SH,GM,73,1390,626,626,62.6,0.24672964215278625,0.3803706467151642,3.1187407970428467,4.153697490692139,0.4352058172225952,1,603,1,603,0.963258785942492,2.0,603,0.0,0,0.0,0,0.0,0,0.0,1,6
SH,GM,73,1391,271,271,27.1,0.33005884289741516,0.3969554305076599,2.696611166000366,3.2384235858917236,0.5935024619102478,0,-1,1,217,0.8007380073800738,2.0,271,1.0289556980133057,0,0.0,0,0.0,0,0.8714519739151001,2,7
SH,GM,73,1392,227,227,22.700000000000003,0.3347347676753998,0.40795770287513733,3.6982336044311523,4.354703426361084,0.6762052178382874,0,-1,1,227,1.0,2.0,227,0.4876791834831238,0,0.0,0,0.0,0,9.569435119628906,0,5
SH,GM,73,1393,168,168,16.8,0.2206428200006485,0.3120197057723999,2.6628940105438232,3.3695781230926514,0.4478659927845001,0,-1,1,168,1.0,2.0,168,1.1746108531951904,0,0.0,0,0.0,0,17.184926986694336,2,7
SH,GM,73,1394,279,279,27.900000000000002,0.16898861527442932,0.24173761904239655,4.780241966247559,5.266673564910889,0.5530086755752563,0,-1,1,43,0.15412186379928317,2.0,279,1.9168113470077515,0,0.0,0,0.0,0,7.107415676116943,2,7
SH,GM,73,1395,201,201,20.1,0.22030381858348846,0.2796732783317566,6.877177715301514,8.73531723022461,0.8766194581985474,0,-1,1,201,1.0,2.0,201,0.9762409925460815,0,0.0,0,0.0,0,13.012190818786621,2,7
SH,GM,73,1396,274,274,27.400000000000002,0.3484141230583191,0.4680511951446533,3.908667802810669,4.9971923828125,0.8894603252410889,1,204,1,87,0.3175182481751825,2.0,204,0.0,0,0.0,0,0.0,0,0.0,1,6
SH,GM,73,1397,184,184,18.400000000000002,0.31612420082092285,0.3852541744709015,1.438446044921875,1.5307209491729736,0.2303742915391922,0,-1,0,0,0.0,2.0,184,2.221297264099121,0,0.0,0,0.0,0,2.1641948223114014,1,6
SH,GM,73,1398,372,372,37.2,0.31898805499076843,0.42198288440704346,3.5981979370117188,4.251622200012207,0.48869115114212036,0,-1,1,372,1.0,2.0,372,0.6193265914916992,0,0.0,0,0.0,0,8.254261016845703,0,5
SH,GM,73,1399,157,157,15.700000000000001,0.21834856271743774,0.2783125936985016,1.228031039237976,1.4316916465759277,0.4344348907470703,0,-1,0,0,0.0,2.0,157,2.3307549953460693,0,0.0,0,0.0,0,14.111186981201172,0,5
SH,GM,73,1400,176,176,17.6,0.11308007687330246,0.14373812079429626,0.38904497027397156,0.4834776520729065,0.15997624397277832,0,-1,0,0,0.0,2.0,176,5.872048377990723,0,0.0,0,0.0,0,78.56845092773438,2,7
SH,GM,73,1401,488,488,48.800000000000004,0.21756096184253693,0.30947545170783997,4.69956111907959,5.156879901885986,0.4527701139450073,0,-1,0,0,0.0,2.0,488,3.0097897052764893,0,0.0,0,0.0,0,3.6927740573883057,0,5
SH,GM,73,1402,190,190,19.0,0.34748005867004395,0.43682265281677246,3.163591146469116,3.3986563682556152,0.41923272609710693,0,-1,0,0,0.0,2.0,190,3.406690835952759,0,0.0,0,0.0,0,5.2538957595825195,0,5
SH,GM,73,1403,161,161,16.1,0.20730559527873993,0.2688056230545044,2.489941358566284,2.901641607284546,0.3522006571292877,0,-1,0,0,0.0,2.0,161,3.466900587081909,0,0.0,0,0.0,0,43.20903778076172,0,5
SH,GM,73,1404,174,174,17.400000000000002,0.1654113531112671,0.18523290753364563,0.9945680499076843,1.280548334121704,0.31120988726615906,0,-1,0,0,0.0,2.0,174,3.084803581237793,0,0.0,0,0.0,0,52.98308181762695,0,5
SH,GM,73,1405,140,140,14.0,0.14559927582740784,0.1761476993560791,3.9609053134918213,5.269440174102783,0.7404632568359375,0,-1,0,0,0.0,2.0,140,2.8145885467529297,0,0.0,0,0.0,0,53.96422576904297,2,7
SH,GM,73,1406,198,198,19.8,0.5084776282310486,0.635503351688385,3.1908328533172607,3.973456859588623,0.7890637516975403,0,-1,1,77,0.3888888888888889,2.0,198,1.7915605306625366,0,0.0,0,0.0,0,8.032172203063965,0,5
SH,GM,73,1407,154,154,15.4,0.18030795454978943,0.2264443337917328,2.0894792079925537,2.356659173965454,0.36976003646850586,0,-1,1,57,0.37012987012987014,2.0,154,1.7146438360214233,0,0.0,0,0.0,0,7.519972801208496,2,7
SH,GM,73,1408,142,142,14.200000000000001,0.16693758964538574,0.21641024947166443,2.5904808044433594,3.7257845401763916,0.6328110098838806,0,-1,0,0,0.0,2.0,142,2.1306939125061035,0,0.0,0,0.0,0,48.5986442565918,1,6
SH,GM,73,1409,161,161,16.1,0.23070137202739716,0.27516791224479675,3.0701169967651367,3.975722312927246,0.423368901014328,0,-1,1,69,0.42857142857142855,2.0,161,1.8484724760055542,0,0.0,0,0.0,0,18.97563362121582,1,6
SH,GM,73,1410,527,527,52.7,0.2561088800430298,0.35321709513664246,3.8147895336151123,4.423616409301758,0.336662232875824,0,-1,1,527,1.0,2.0,527,0.2089855968952179,0,0.0,0,0.0,0,3.534363269805908,1,6
SH,GM,73,1411,987,987,98.7,0.3506907820701599,0.45965662598609924,1.2783396244049072,1.5335586071014404,0.37939009070396423,0,-1,1,987,1.0,2.0,987,0.9350296258926392,0,0.0,0,0.0,0,0.1820085346698761,0,5
SH,GM,73,1412,152,152,15.200000000000001,0.2645184397697449,0.33927467465400696,2.66509747505188,3.0167932510375977,0.42529210448265076,0,-1,1,152,1.0,2.0,152,1.2940213680267334,0,0.0,0,0.0,0,7.227874279022217,0,5
SH,GM,73,1413,345,345,34.5,0.45650285482406616,0.5827732086181641,3.354686737060547,3.8971006870269775,0.6874925494194031,0,-1,0,0,0.0,2.0,345,3.5596046447753906,0,0.0,0,0.0,0,15.660693168640137,0,5
SH,GM,73,1414,156,156,15.600000000000001,0.4049502909183502,0.5079599022865295,2.179368257522583,2.498290538787842,0.5496731400489807,0,-1,0,0,0.0,2.0,156,4.770825386047363,0,0.0,0,0.0,0,12.82754135131836,0,5
SH,GM,73,1415,339,339,33.9,0.4658946394920349,0.5533024668693542,14.772770881652832,16.587711334228516,1.1871870756149292,0,-1,1,8,0.02359882005899705,2.0,339,1.9482741355895996,0,0.0,0,0.0,0,6.347792148590088,2,7
SH,GM,73,1416,276,276,27.6,0.09043388068675995,0.12016388028860092,7.371210098266602,8.45003604888916,0.4571925103664398,0,-1,0,0,0.0,2.0,276,3.0897302627563477,0,0.0,0,0.0,0,64.75921630859375,0,5
SH,GM,73,1417,150,150,15.0,0.2888913154602051,0.33434972167015076,7.746575355529785,9.049495697021484,0.9165387153625488,0,-1,0,0,0.0,2.0,150,2.473693609237671,0,0.0,0,0.0,0,53.991798400878906,0,5
SH,GM,73,1418,293,293,29.3,0.19504933059215546,0.24211707711219788,3.0655195713043213,3.891404628753662,0.500775933265686,0,-1,1,117,0.3993174061433447,2.0,293,1.0607932806015015,0,0.0,0,0.0,0,18.540660858154297,1,6
SH,GM,73,1419,523,523,52.300000000000004,0.34844791889190674,0.5072412490844727,1.9395748376846313,2.392468214035034,0.46896693110466003,0,-1,1,523,1.0,2.0,523,0.8845909237861633,0,0.0,0,0.0,0,2.3079710006713867,1,6
SH,GM,73,1420,159,159,15.9,0.21058973670005798,0.2992522418498993,4.128269195556641,4.869119167327881,0.6587036848068237,0,-1,0,0,0.0,2.0,159,2.7408206462860107,0,0.0,0,0.0,0,22.217172622680664,0,5
SH,GM,73,1421,301,301,30.1,0.42710867524147034,0.5589694976806641,4.475919723510742,5.266598224639893,1.5668081045150757,1,130,1,130,0.4318936877076412,2.0,130,0.0,0,0.0,0,0.0,0,0.0,2,7
SH,GM,73,1422,483,483,48.300000000000004,0.40798887610435486,0.5365656614303589,5.952919006347656,7.8997111320495605,0.883656919002533,0,-1,0,0,0.0,2.0,483,2.9035937786102295,0,0.0,0,0.0,0,3.0240445137023926,1,6
SH,GM,73,1423,319,319,31.900000000000002,0.5243605971336365,0.6099653244018555,3.7656748294830322,4.876715660095215,1.0411028861999512,0,-1,1,51,0.15987460815047022,2.0,319,1.6010715961456299,0,0.0,0,0.0,0,7.008069038391113,0,5
SH,GM,73,1424,379,379,37.9,0.21036894619464874,0.2773708701133728,0.8969167470932007,1.0874733924865723,0.21918287873268127,0,-1,1,361,0.9525065963060686,2.0,379,1.7411600351333618,0,0.0,0,0.0,0,1.36935555934906,2,7
SH,GM,73,1425,662,662,66.2,0.4240238666534424,0.5487334132194519,11.19484806060791,13.776131629943848,0.923696756362915,0,-1,1,364,0.5498489425981873,2.0,662,1.209489107131958,0,0.0,0,0.0,0,12.299509048461914,1,6
SH,GM,73,1426,310,310,31.0,0.32130488753318787,0.41597479581832886,11.497793197631836,12.86806583404541,1.0698912143707275,0,-1,1,310,1.0,2.0,310,0.6587916612625122,0,0.0,0,0.0,0,12.118536949157715,1,6
SH,GM,73,1427,265,265,26.5,0.3380128741264343,0.45329466462135315,2.488809108734131,2.7905144691467285,0.5536803603172302,1,237,1,237,0.8943396226415095,2.0,237,0.0,0,0.0,0,0.0,0,0.0,1,6
SH,GM,73,1428,206,206,20.6,0.3172740340232849,0.3968504071235657,7.1890645027160645,8.617205619812012,0.7063357830047607,0,-1,0,0,0.0,2.0,206,2.141803026199341,0,0.0,0,0.0,0,19.24375343322754,2,7
SH,GM,73,1429,443,443,44.300000000000004,0.3410201370716095,0.44964104890823364,2.7048892974853516,3.3741397857666016,0.6412943601608276,0,-1,1,304,0.6862302483069977,2.0,443,1.2676767110824585,0,0.0,0,0.0,0,5.297894477844238,1,6
SH,GM,73,1430,150,150,15.0,0.5338683128356934,0.6896807551383972,7.390164375305176,9.030878067016602,1.0913323163986206,0,-1,0,0,0.0,2.0,150,2.7184336185455322,0,0.0,0,0.0,0,8.225531578063965,1,6
SH,GM,73,1431,207,207,20.700000000000003,0.23232625424861908,0.3331475257873535,1.3267033100128174,1.9186817407608032,0.42589271068573,0,-1,1,207,1.0,2.0,207,0.7575321197509766,0,0.0,0,0.0,0,18.337892532348633,0,5
SH,GM,73,1432,495,495,49.5,0.3654688894748688,0.4617049992084503,42.750186920166016,47.061195373535156,1.9855678081512451,0,-1,0,0,0.0,2.0,495,5.155004978179932,0,0.0,0,0.0,0,17.130287170410156,1,6
SH,GM,73,1433,223,223,22.3,0.15432138741016388,0.20102360844612122,5.2993388175964355,5.995913982391357,0.41560807824134827,0,-1,0,0,0.0,2.0,223,2.5966711044311523,0,0.0,0,0.0,0,20.70043182373047,0,5
SH,GM,73,1434,261,261,26.1,0.36041122674942017,0.4481891989707947,13.826930046081543,16.069011688232422,1.2644544839859009,0,-1,0,0,0.0,2.0,261,3.10988450050354,0,0.0,0,0.0,0,6.664273262023926,2,7
SH,GM,73,1435,207,207,20.700000000000003,0.35013389587402344,0.4828258752822876,4.048429012298584,4.22462797164917,0.4339521825313568,0,-1,1,207,1.0,2.0,207,0.4843328297138214,0,0.0,0,0.0,0,2.252657651901245,1,6
SH,GM,73,1436,142,142,14.200000000000001,0.353335976600647,0.49291130900382996,4.254326343536377,5.168142318725586,0.711506724357605,0,-1,1,33,0.2323943661971831,2.0,142,1.8898626565933228,0,0.0,0,0.0,0,3.885331153869629,2,7
SH,GM,73,1437,232,232,23.200000000000003,0.5336142182350159,0.6225747466087341,5.370522975921631,7.365398406982422,1.0393980741500854,0,-1,1,171,0.7370689655172413,2.0,232,1.5368810892105103,0,0.0,0,0.0,0,30.275070190429688,1,6
SH,GM,73,1438,330,330,33.0,0.18872681260108948,0.2219795286655426,3.8632402420043945,4.87709379196167,0.5150542855262756,0,-1,1,330,1.0,2.0,330,0.8507401943206787,0,0.0,0,0.0,0,13.769987106323242,2,7
SH,GM,73,1439,206,206,20.6,0.4820250868797302,0.5940625071525574,1.177902102470398,1.5902148485183716,0.6652928590774536,0,-1,1,46,0.22330097087378642,2.0,206,1.8781037330627441,0,0.0,0,0.0,0,7.7121052742004395,0,5
SH,GM,73,1440,230,230,23.0,0.5095254778862,0.6750481724739075,4.487666130065918,5.011886119842529,0.6423457264900208,0,-1,0,0,0.0,2.0,230,4.288733005523682,0,0.0,0,0.0,0,6.709263801574707,1,6
SH,GM,73,1441,131,131,13.100000000000001,0.28370341658592224,0.3032238483428955,1.653131127357483,2.0648105144500732,0.5866495370864868,0,-1,0,0,0.0,2.0,131,2.8039913177490234,0,0.0,0,0.0,0,14.77971076965332,2,7
SH,GM,73,1442,216,216,21.6,0.5265741944313049,0.6243488788604736,7.056529998779297,8.36169719696045,1.5297460556030273,1,150,1,150,0.6944444444444444,2.0,150,0.0,0,0.0,0,0.0,0,0.0,2,7
SH,GM,73,1443,138,138,13.8,0.28318166732788086,0.34129175543785095,0.41568851470947266,0.5921825766563416,0.2474478781223297,0,-1,1,138,1.0,2.0,138,0.6740862727165222,0,0.0,0,0.0,0,3.1466727256774902,0,5
SH,GM,73,1444,1758,1758,175.8,0.3627621531486511,0.47392940521240234,9.241972923278809,10.43905258178711,0.8616721034049988,0,-1,0,0,0.0,2.0,1758,2.7553999423980713,0,0.0,0,0.0,0,4.064072608947754,1,6
SH,GM,73,1445,193,193,19.3,0.20609106123447418,0.23846423625946045,4.888628005981445,5.632683753967285,0.6132580637931824,0,-1,1,193,1.0,2.0,193,0.9820130467414856,0,0.0,0,0.0,0,10.988736152648926,0,5
SH,GM,73,1446,204,204,20.400000000000002,0.34244200587272644,0.4099445939064026,6.059316635131836,6.702877521514893,0.7227595448493958,0,-1,0,0,0.0,2.0,204,2.750699996948242,0,0.0,0,0.0,0,2.9853971004486084,1,6
SH,GM,73,1447,566,566,56.6,0.3395290970802307,0.5138064622879028,3.4866719245910645,4.158726215362549,0.7585158348083496,1,372,1,372,0.657243816254417,2.0,372,0.0,0,0.0,0,0.0,0,0.0,2,7
SH,GM,73,1448,444,444,44.400000000000006,0.36522188782691956,0.5214718580245972,23.153127670288086,25.27982521057129,1.267688512802124,1,433,1,433,0.9752252252252253,2.0,433,0.0,0,0.0,0,0.0,0,0.0,0,5
SH,GM,73,1449,149,149,14.9,0.23335997760295868,0.3080883324146271,1.083802342414856,1.3534835577011108,0.4458485543727875,0,-1,1,75,0.5033557046979866,2.0,149,1.641489028930664,0,0.0,0,0.0,0,29.11185646057129,2,7
SH,GM,73,1450,143,143,14.3,0.4083528220653534,0.4686342179775238,10.386757850646973,13.284202575683594,1.8792688846588135,0,-1,0,0,0.0,2.0,143,4.700714111328125,0,0.0,0,0.0,0,6.119311332702637,0,5
SH,GM,73,1451,219,219,21.900000000000002,0.21784768998622894,0.29497596621513367,6.78130578994751,7.7875285148620605,0.7656770348548889,0,-1,1,37,0.1689497716894977,2.0,219,1.807978630065918,0,0.0,0,0.0,0,31.799470901489258,0,5
SH,GM,73,1452,187,187,18.7,0.18356047570705414,0.22992222011089325,9.131664276123047,10.495209693908691,0.8605515360832214,0,-1,1,187,1.0,2.0,187,1.0430272817611694,0,0.0,0,0.0,0,28.24713897705078,2,7
SH,GM,73,1453,132,132,13.200000000000001,0.16475021839141846,0.1875288337469101,1.0949255228042603,1.3188490867614746,0.3708938956260681,0,-1,1,132,1.0,2.0,132,1.770318865776062,0,0.0,0,0.0,0,33.41141128540039,2,7
SH,GM,73,1454,392,392,39.2,0.2413504421710968,0.3045770227909088,6.08566427230835,8.161211013793945,0.6781972646713257,0,-1,1,102,0.2602040816326531,2.0,392,1.6254781484603882,0,0.0,0,0.0,0,19.260818481445312,1,6
SH,GM,73,1455,177,177,17.7,0.4259693920612335,0.5642895698547363,1.2815752029418945,1.447497010231018,0.5801178812980652,0,-1,1,177,1.0,2.0,177,1.012148380279541,0,0.0,0,0.0,0,2.0729808807373047,1,6
SH,GM,73,1456,152,152,15.200000000000001,0.26496586203575134,0.3343667685985565,3.5323734283447266,4.341845512390137,0.6556839346885681,0,-1,1,152,1.0,2.0,152,0.8916586637496948,0,0.0,0,0.0,0,9.953910827636719,1,6
SH,GM,73,1457,391,391,39.1,0.3548729419708252,0.4336026906967163,2.983319044113159,3.247098922729492,0.43250492215156555,0,-1,1,391,1.0,2.0,391,0.6351407170295715,0,0.0,0,0.0,0,0.7208207249641418,2,7
SH,GM,73,1458,179,179,17.900000000000002,0.42088988423347473,0.5102671384811401,4.022866249084473,6.8034491539001465,1.1557968854904175,0,-1,1,179,1.0,2.0,179,0.7837371230125427,0,0.0,0,0.0,0,8.19087028503418,1,6
SH,GM,73,1459,461,461,46.1,0.1995365023612976,0.25707635283470154,8.65230941772461,9.63158130645752,0.9044011235237122,0,-1,0,0,0.0,2.0,461,2.4984474182128906,0,0.0,0,0.0,0,52.83818817138672,1,6
SH,GM,73,1460,272,272,27.200000000000003,0.13705125451087952,0.16967806220054626,9.940251350402832,12.664134979248047,1.0180437564849854,0,-1,0,0,0.0,2.0,272,3.652653455734253,0,0.0,0,0.0,0,78.26520538330078,1,6
SH,GM,73,1461,215,215,21.5,0.27876684069633484,0.36337903141975403,3.042332887649536,3.57444429397583,0.4623110890388489,0,-1,1,215,1.0,2.0,215,0.43226131796836853,0,0.0,0,0.0,0,7.239450454711914,2,7
SH,GM,73,1462,892,892,89.2,0.3683386445045471,0.4777473211288452,35.30312728881836,42.77469253540039,1.4408224821090698,0,-1,0,0,0.0,2.0,892,2.6142373085021973,0,0.0,0,0.0,0,2.362374782562256,1,6
SH,GM,73,1463,186,186,18.6,0.5864889025688171,0.6921991109848022,6.689099311828613,8.425992965698242,1.9106858968734741,1,121,1,121,0.6505376344086021,2.0,121,0.0,0,0.0,0,0.0,0,0.0,2,7
SH,GM,73,1464,302,302,30.200000000000003,0.24405165016651154,0.29557010531425476,6.1596360206604,7.418666362762451,0.5090916156768799,0,-1,1,94,0.31125827814569534,2.0,302,1.3427785634994507,0,0.0,0,0.0,0,12.605412483215332,2,7
SH,GM,73,1465,171,171,17.1,0.18202754855155945,0.24393725395202637,3.990145206451416,4.422290325164795,0.4452093541622162,0,-1,0,0,0.0,2.0,171,2.6577823162078857,0,0.0,0,0.0,0,24.760128021240234,2,7
SH,GM,73,1466,639,639,63.900000000000006,0.25602415204048157,0.3307884931564331,1.1576753854751587,1.3915961980819702,0.28231149911880493,0,-1,1,623,0.974960876369327,2.0,639,0.576546847820282,0,0.0,0,0.0,0,1.0938037633895874,2,7
SH,GM,73,1467,174,174,17.400000000000002,0.3427298665046692,0.4687764048576355,4.730517387390137,5.827312469482422,1.0875999927520752,0,-1,0,0,0.0,2.0,174,2.120288610458374,0,0.0,0,0.0,0,14.252612113952637,1,6
SH,GM,73,1468,190,190,19.0,0.2606434226036072,0.3167459964752197,2.290919065475464,2.595768928527832,0.6224931478500366,1,180,1,96,0.5052631578947369,2.0,180,0.0,0,0.0,0,0.0,0,0.0,1,6
SH,GM,73,1469,132,132,13.200000000000001,0.41191357374191284,0.4956202507019043,3.8451247215270996,4.305102825164795,0.6554377675056458,0,-1,1,86,0.6515151515151515,2.0,132,1.0175210237503052,0,0.0,0,0.0,0,0.38552695512771606,0,5
SH,GM,73,1470,183,183,18.3,0.21861308813095093,0.264548659324646,6.767181873321533,7.717657566070557,0.5432130098342896,0,-1,1,183,1.0,2.0,183,0.5911341309547424,0,0.0,0,0.0,0,11.05632495880127,0,5
SH,GM,73,1471,301,301,30.1,0.31282293796539307,0.3785669803619385,22.333894729614258,28.063764572143555,1.9964895248413086,0,-1,0,0,0.0,2.0,301,2.9807281494140625,0,0.0,0,0.0,0,3.3465702533721924,0,5
SH,GM,73,1472,139,139,13.9,0.4068266749382019,0.4747501015663147,4.014875888824463,4.6931915283203125,0.963403046131134,0,-1,1,15,0.1079136690647482,2.0,139,1.874182105064392,0,0.0,0,0.0,0,6.233283042907715,0,5
SH,GM,73,1473,451,451,45.1,0.31363558769226074,0.42617160081863403,1.8190176486968994,2.3093342781066895,0.48180124163627625,0,-1,0,0,0.0,2.0,451,2.213834762573242,0,0.0,0,0.0,0,2.534912109375,2,7
SH,GM,73,1474,209,209,20.900000000000002,0.35018885135650635,0.4840092062950134,5.428424835205078,5.954092025756836,0.6400595307350159,0,-1,1,209,1.0,2.0,209,1.6425936222076416,0,0.0,0,0.0,0,28.754072189331055,2,7
SH,GM,73,1475,337,337,33.7,0.3079372048377991,0.42492491006851196,14.126514434814453,15.945707321166992,1.3090943098068237,0,-1,0,0,0.0,2.0,337,2.274179697036743,0,0.0,0,0.0,0,5.861452102661133,0,5
SH,GM,73,1476,166,166,16.6,0.3126380145549774,0.4203330874443054,1.5721659660339355,1.6752418279647827,0.29960769414901733,0,-1,1,140,0.8433734939759037,2.0,166,1.5393729209899902,0,0.0,0,0.0,0,1.1555416584014893,1,6
SH,GM,73,1477,228,228,22.8,0.33379045128822327,0.4111790060997009,2.2575268745422363,2.494053602218628,0.4462452530860901,0,-1,1,228,1.0,2.0,228,0.8197708129882812,0,0.0,0,0.0,0,5.401921272277832,2,7
SH,GM,73,1478,226,226,22.6,0.32149484753608704,0.37918370962142944,2.664306879043579,3.057368040084839,0.7142472267150879,0,-1,0,0,0.0,2.0,226,3.45391845703125,0,0.0,0,0.0,0,1.4380958080291748,2,7
SH,GM,73,1479,235,235,23.5,0.40962904691696167,0.5069608688354492,2.4814374446868896,3.144916296005249,0.6836374402046204,0,-1,0,0,0.0,2.0,235,2.425163984298706,0,0.0,0,0.0,0,3.5637073516845703,1,6
SH,GM,73,1480,396,396,39.6,0.24622155725955963,0.3236410319805145,8.895695686340332,10.673077583312988,0.7289584875106812,0,-1,1,66,0.16666666666666666,2.0,396,1.092260718345642,0,0.0,0,0.0,0,5.303342819213867,2,7
SH,GM,73,1481,212,212,21.200000000000003,0.27845174074172974,0.4034174382686615,17.755651473999023,22.0320987701416,2.263612747192383,0,-1,1,212,1.0,2.0,212,0.8055155277252197,0,0.0,0,0.0,0,17.008544921875,1,6
SH,GM,73,1482,192,192,19.200000000000003,0.7115074992179871,0.9154072403907776,4.081854820251465,4.913473129272461,1.6155294179916382,1,140,1,140,0.7291666666666666,2.0,140,0.0,0,0.0,0,0.0,0,0.0,2,7
SH,GM,73,1483,371,371,37.1,0.38628894090652466,0.505285918712616,14.273606300354004,15.839789390563965,0.8146297335624695,0,-1,0,0,0.0,2.0,371,3.5719172954559326,0,0.0,0,0.0,0,6.109456539154053,2,7
SH,GM,73,1484,175,175,17.5,0.42613720893859863,0.5406759977340698,5.174749851226807,5.5261969566345215,0.6951890587806702,0,-1,0,0,0.0,2.0,175,4.789681434631348,0,0.0,0,0.0,0,6.103403568267822,1,6
SH,GM,73,1485,147,147,14.700000000000001,0.09750828146934509,0.1329408884048462,1.104293942451477,1.3604834079742432,0.22969156503677368,0,-1,0,0,0.0,2.0,147,2.5466220378875732,0,0.0,0,0.0,0,44.892189025878906,0,5
SH,GM,73,1486,210,210,21.0,0.33206653594970703,0.46039628982543945,2.1814544200897217,2.466033697128296,0.5664060115814209,0,-1,1,60,0.2857142857142857,2.0,210,1.6581708192825317,0,0.0,0,0.0,0,1.4672027826309204,2,7
SH,GM,73,1487,160,160,16.0,0.34515032172203064,0.40763580799102783,0.5603725910186768,0.6550415754318237,0.2729063332080841,0,-1,0,0,0.0,2.0,160,3.413022518157959,0,0.0,0,0.0,0,6.440907955169678,0,5
SH,GM,73,1488,157,157,15.700000000000001,0.6293584108352661,0.7836278080940247,1.282804012298584,1.467191457748413,0.4587090313434601,0,-1,1,157,1.0,2.0,157,0.6937608122825623,0,0.0,0,0.0,0,6.993977069854736,1,6
SH,GM,73,1489,137,137,13.700000000000001,0.363484650850296,0.4162902534008026,3.2723388671875,3.800011396408081,0.7225093245506287,0,-1,0,0,0.0,2.0,137,3.522087574005127,0,0.0,0,0.0,0,3.9080810546875,2,7
SH,GM,73,1490,317,317,31.700000000000003,0.24814242124557495,0.3168826401233673,5.300269603729248,5.752688884735107,0.599541962146759,0,-1,0,0,0.0,2.0,317,3.7295732498168945,0,0.0,0,0.0,0,10.87350082397461,0,5
SH,GM,73,1491,140,140,14.0,0.2945761978626251,0.37017008662223816,6.38264799118042,8.450769424438477,0.9553568363189697,0,-1,1,102,0.7285714285714285,2.0,140,1.3289480209350586,0,0.0,0,0.0,0,10.330048561096191,0,5
SH,GM,73,1492,261,261,26.1,0.2167210727930069,0.25624704360961914,24.82714080810547,31.19643783569336,2.2116339206695557,0,-1,1,261,1.0,2.0,261,0.8041370511054993,0,0.0,0,0.0,0,15.643743515014648,0,5
SH,GM,73,1493,303,303,30.3,0.26094433665275574,0.32643333077430725,5.1405720710754395,6.480654239654541,0.5898342132568359,0,-1,0,0,0.0,2.0,303,2.3021504878997803,0,0.0,0,0.0,0,13.292105674743652,1,6
SH,GM,73,1494,569,569,56.900000000000006,0.37928131222724915,0.4810953438282013,12.893339157104492,17.25188636779785,1.218228816986084,0,-1,0,0,0.0,2.0,569,2.8754384517669678,0,0.0,0,0.0,0,3.816559076309204,2,7
SH,GM,73,1495,173,173,17.3,0.09274962544441223,0.10935704410076141,3.8179588317871094,4.428547382354736,0.337936133146286,0,-1,0,0,0.0,2.0,173,2.109983205795288,0,0.0,0,0.0,0,37.174991607666016,0,5
SH,GM,73,1496,313,313,31.3,0.2908287048339844,0.351355642080307,12.018229484558105,16.32933807373047,1.3010752201080322,0,-1,1,88,0.28115015974440893,2.0,313,1.515883207321167,0,0.0,0,0.0,0,2.374225378036499,0,5
SH,GM,73,1497,138,138,13.8,0.1848885416984558,0.2303226739168167,1.5069540739059448,1.719546914100647,0.38740479946136475,0,-1,1,138,1.0,2.0,138,1.4963103532791138,0,0.0,0,0.0,0,3.365380048751831,1,6
SH,GM,73,1498,297,297,29.700000000000003,0.6138169169425964,0.7770673036575317,3.898944616317749,4.510986804962158,1.1633700132369995,0,-1,1,233,0.7845117845117845,2.0,297,0.5925003886222839,0,0.0,0,0.0,0,3.0979151725769043,1,6
SH,GM,73,1499,325,325,32.5,0.16132578253746033,0.1995600014925003,2.607987642288208,3.6813805103302,0.3662395179271698,0,-1,1,325,1.0,2.0,325,0.9081099629402161,0,0.0,0,0.0,0,17.16916847229004,0,5
SH,GM,73,1500,169,169,16.900000000000002,0.1160719022154808,0.14299942553043365,7.903627872467041,9.851361274719238,1.0294111967086792,0,-1,1,148,0.8757396449704142,2.0,169,1.399692416191101,0,0.0,0,0.0,0,27.202102661132812,1,6
SH,GM,73,1501,165,165,16.5,0.33084434270858765,0.5321945548057556,0.9743459224700928,1.3462674617767334,0.6496626138687134,0,-1,1,165,1.0,2.0,165,1.0078961849212646,0,0.0,0,0.0,0,2.5861454010009766,2,7
SH,GM,73,1502,194,194,19.400000000000002,0.3916030526161194,0.49232017993927,0.6030631065368652,0.799035370349884,0.4041038453578949,0,-1,1,194,1.0,2.0,194,0.5505201816558838,0,0.0,0,0.0,0,0.48916733264923096,2,7
SH,GM,73,1503,422,422,42.2,0.28690534830093384,0.36568644642829895,3.1497962474823,3.6970832347869873,0.3219248056411743,0,-1,1,422,1.0,2.0,422,0.232161745429039,0,0.0,0,0.0,0,2.0025391578674316,0,5
SH,GM,73,1504,205,205,20.5,0.10476277768611908,0.15467317402362823,5.3498358726501465,7.1461286544799805,0.649451732635498,0,-1,1,56,0.2731707317073171,2.0,205,1.2990208864212036,0,0.0,0,0.0,0,8.978448867797852,1,6
SH,GM,73,1505,609,609,60.900000000000006,0.2035292685031891,0.2617069184780121,10.38735580444336,12.266905784606934,0.50905442237854,0,-1,1,588,0.9655172413793104,2.0,609,0.7404381036758423,0,0.0,0,0.0,0,13.817142486572266,2,7
SH,GM,73,1506,290,290,29.0,0.37387195229530334,0.45878806710243225,2.608405590057373,2.9929003715515137,0.5142835974693298,0,-1,1,290,1.0,2.0,290,0.14222833514213562,0,0.0,0,0.0,0,0.5438892245292664,2,7
SH,GM,73,1507,133,133,13.3,0.2604941725730896,0.3835732340812683,2.358042001724243,2.678713083267212,0.5203877687454224,0,-1,0,0,0.0,2.0,133,3.4860477447509766,0,0.0,0,0.0,0,5.246860027313232,2,7
SH,GM,73,1508,913,913,91.30000000000001,0.2461557537317276,0.31336578726768494,2.821453809738159,3.1353542804718018,0.34486639499664307,0,-1,0,0,0.0,2.0,913,2.3526642322540283,0,0.0,0,0.0,0,1.8736933469772339,0,5
SH,GM,73,1509,413,413,41.300000000000004,0.24948053061962128,0.30774885416030884,3.5808770656585693,4.144533157348633,0.4217756390571594,0,-1,1,125,0.3026634382566586,2.0,413,1.1825958490371704,0,0.0,0,0.0,0,1.2551066875457764,0,5
SH,GM,73,1510,380,380,38.0,0.17830640077590942,0.21425610780715942,8.028966903686523,8.86526870727539,0.8882783055305481,0,-1,1,380,1.0,2.0,380,0.5828356742858887,0,0.0,0,0.0,0,13.465927124023438,1,6
SH,GM,73,1511,154,154,15.4,0.2994995713233948,0.37012410163879395,2.1811537742614746,3.2343087196350098,0.6605982780456543,0,-1,1,64,0.4155844155844156,2.0,154,1.7447128295898438,0,0.0,0,0.0,0,2.293954849243164,0,5
SH,GM,73,1512,179,179,17.900000000000002,0.32976341247558594,0.41219255328178406,2.3343112468719482,2.659432888031006,0.4578024446964264,0,-1,0,0,0.0,2.0,179,3.7648303508758545,0,0.0,0,0.0,0,27.30500030517578,2,7
SH,GM,73,1513,150,150,15.0,0.5237795114517212,0.678305983543396,1.5150699615478516,1.7297096252441406,0.698640763759613,0,-1,1,150,1.0,2.0,150,1.263892650604248,0,0.0,0,0.0,0,1.5065736770629883,2,7
SH,GM,73,1514,217,217,21.700000000000003,0.5601987838745117,0.7548954486846924,8.562026977539062,9.654163360595703,1.1251370906829834,0,-1,0,0,0.0,2.0,217,5.018462181091309,0,0.0,0,0.0,0,10.006312370300293,1,6
SH,GM,73,1515,279,279,27.900000000000002,0.16750575602054596,0.23914416134357452,14.3115816116333,16.554088592529297,1.1948806047439575,0,-1,0,0,0.0,2.0,279,3.0720040798187256,0,0.0,0,0.0,0,7.20936918258667,1,6
SH,GM,73,1516,187,187,18.7,0.2989169955253601,0.3590066432952881,6.3756513595581055,7.229635715484619,0.5766443610191345,0,-1,1,187,1.0,2.0,187,0.7278128266334534,0,0.0,0,0.0,0,12.04355239868164,0,5
SH,GM,73,1517,221,221,22.1,0.2459373027086258,0.31134167313575745,1.2717994451522827,1.6766533851623535,0.3913380801677704,0,-1,0,0,0.0,2.0,221,2.636765718460083,0,0.0,0,0.0,0,5.767750263214111,0,5
SH,GM,73,1518,262,262,26.200000000000003,0.432228684425354,0.5436984300613403,7.38182258605957,8.577651977539062,0.6985791921615601,0,-1,0,0,0.0,2.0,262,2.75602388381958,0,0.0,0,0.0,0,6.508717060089111,1,6
SH,GM,73,1519,136,136,13.600000000000001,0.28203055262565613,0.3522595763206482,0.8852940201759338,1.072898507118225,0.1874004751443863,0,-1,1,136,1.0,2.0,136,1.1884334087371826,0,0.0,0,0.0,0,1.2953712940216064,2,7
SH,GM,73,1520,362,362,36.2,0.22346416115760803,0.2949325144290924,3.963514566421509,4.598646640777588,0.5039260983467102,0,-1,1,63,0.17403314917127072,2.0,362,1.6722344160079956,0,0.0,0,0.0,0,14.623971939086914,2,7
SH,GM,73,1521,337,337,33.7,0.2603159248828888,0.3449476659297943,7.186605453491211,9.016717910766602,0.9780964255332947,0,-1,1,78,0.2314540059347181,2.0,337,1.601007342338562,0,0.0,0,0.0,0,7.1327714920043945,1,6
SH,GM,73,1522,138,138,13.8,0.5302475094795227,0.6326044797897339,3.001832962036133,3.5596675872802734,0.8017742037773132,0,-1,1,57,0.41304347826086957,2.0,138,1.5203955173492432,0,0.0,0,0.0,0,1.046867847442627,2,7
SH,GM,73,1523,132,132,13.200000000000001,0.30570241808891296,0.371050089597702,1.363478183746338,1.5595203638076782,0.5607481598854065,0,-1,0,0,0.0,2.0,132,2.3631441593170166,0,0.0,0,0.0,0,21.51401138305664,1,6
SH,GM,73,1524,308,308,30.8,0.28625157475471497,0.4750322699546814,12.956440925598145,15.468452453613281,1.0498642921447754,0,-1,0,0,0.0,2.0,308,2.987288236618042,0,0.0,0,0.0,0,35.96866989135742,2,7
SH,GM,73,1525,170,170,17.0,0.6211527585983276,0.7826070189476013,7.91480016708374,9.124502182006836,1.0120577812194824,0,-1,0,0,0.0,2.0,170,2.641331911087036,0,0.0,0,0.0,0,5.5243611335754395,2,7
SH,GM,73,1526,152,152,15.200000000000001,0.3615679144859314,0.4235839247703552,3.611872911453247,4.492452621459961,0.6299943923950195,0,-1,0,0,0.0,2.0,152,2.68302845954895,0,0.0,0,0.0,0,7.095455646514893,2,7
SH,GM,73,1527,176,176,17.6,0.19394300878047943,0.22407059371471405,2.9387314319610596,3.3262939453125,0.4905727505683899,0,-1,0,0,0.0,2.0,176,4.342955112457275,0,0.0,0,0.0,0,7.478637218475342,0,5
SH,GM,73,1528,158,158,15.8,0.20689427852630615,0.25254175066947937,4.877861022949219,6.265455722808838,0.8546545505523682,0,-1,1,45,0.2848101265822785,2.0,158,1.8662163019180298,0,0.0,0,0.0,0,34.298912048339844,2,7
SH,GM,73,1529,232,232,23.200000000000003,0.3137064576148987,0.41774284839630127,5.28150749206543,6.026643753051758,0.562811017036438,0,-1,1,232,1.0,2.0,232,0.21579502522945404,0,0.0,0,0.0,0,1.3991978168487549,2,7
SH,GM,73,1530,270,270,27.0,0.12287497520446777,0.1491742581129074,1.8220512866973877,2.2156248092651367,0.32578974962234497,0,-1,1,270,1.0,2.0,270,0.634145975112915,0,0.0,0,0.0,0,10.670302391052246,2,7
SH,GM,73,1531,591,591,59.1,0.2564382255077362,0.3128451704978943,3.435710906982422,4.138818264007568,0.29605478048324585,0,-1,1,591,1.0,2.0,591,1.2668777704238892,0,0.0,0,0.0,0,13.312051773071289,1,6
SH,GM,73,1532,596,596,59.6,0.29764968156814575,0.421775221824646,4.478919506072998,5.859237194061279,0.5604733228683472,0,-1,0,0,0.0,2.0,596,2.098311185836792,0,0.0,0,0.0,0,3.131812810897827,0,5
SH,GM,73,1533,157,157,15.700000000000001,0.08550143241882324,0.10924943536520004,0.6930763721466064,1.0396850109100342,0.26438674330711365,0,-1,1,157,1.0,2.0,157,0.9652481079101562,0,0.0,0,0.0,0,16.716896057128906,2,7
SH,GM,73,1534,166,166,16.6,0.28517207503318787,0.34116822481155396,1.435152292251587,1.7021753787994385,0.20815704762935638,0,-1,0,0,0.0,2.0,166,2.577543020248413,0,0.0,0,0.0,0,15.832426071166992,2,7
SH,GM,73,1535,285,285,28.5,0.2960261404514313,0.37789931893348694,4.174690246582031,4.693531036376953,0.46762534976005554,0,-1,1,192,0.6736842105263158,2.0,285,1.1034445762634277,0,0.0,0,0.0,0,0.5353081226348877,1,6
SH,GM,73,1536,1749,1749,174.9,0.3190136253833771,0.43675899505615234,7.419331073760986,8.1256685256958,3.7740790843963623,1,113,1,113,0.06460834762721555,2.0,113,0.0,0,0.0,0,0.0,0,0.0,1,6
SH,GM,73,1537,405,405,40.5,0.18968063592910767,0.24463209509849548,11.043647766113281,12.195568084716797,0.5742974281311035,0,-1,1,405,1.0,2.0,405,0.9581247568130493,0,0.0,0,0.0,0,22.593664169311523,0,5
SH,GM,73,1538,163,163,16.3,0.21632938086986542,0.2533841133117676,4.217666149139404,4.921820163726807,0.5739701986312866,0,-1,0,0,0.0,2.0,163,2.2110798358917236,0,0.0,0,0.0,0,29.744808197021484,0,5
SH,GM,73,1539,147,147,14.700000000000001,0.16921129822731018,0.23553697764873505,2.7377169132232666,3.3120343685150146,0.3787585496902466,0,-1,0,0,0.0,2.0,147,2.338366746902466,0,0.0,0,0.0,0,20.48311996459961,1,6
SH,GM,73,1540,273,273,27.3,0.26888012886047363,0.37948521971702576,5.486837387084961,7.0427093505859375,0.6799895763397217,0,-1,0,0,0.0,2.0,273,3.130722761154175,0,0.0,0,0.0,0,22.754390716552734,2,7
SH,GM,73,1541,240,240,24.0,0.4764467179775238,0.6836537718772888,0.808515727519989,1.0629736185073853,0.38342225551605225,0,-1,1,240,1.0,2.0,240,0.05921892449259758,0,0.0,0,0.0,0,0.04298160970211029,1,6
SH,GM,73,1542,229,229,22.900000000000002,0.15154486894607544,0.18189947307109833,2.2986903190612793,2.9718661308288574,0.49833056330680847,0,-1,0,0,0.0,2.0,229,3.172337293624878,0,0.0,0,0.0,0,29.011615753173828,1,6
SH,GM,73,1543,283,283,28.3,0.23558934032917023,0.3041565418243408,6.6641082763671875,7.173181533813477,0.7065085768699646,0,-1,1,283,1.0,2.0,283,0.6095826029777527,0,0.0,0,0.0,0,10.856660842895508,2,7
SH,GM,73,1544,266,266,26.6,0.43885383009910583,0.5436434745788574,2.4871630668640137,3.0678701400756836,0.7467675805091858,0,-1,0,0,0.0,2.0,266,2.3164010047912598,0,0.0,0,0.0,0,2.489403009414673,1,6
SH,GM,73,1545,144,144,14.4,0.3330444097518921,0.3972979784011841,0.7536876797676086,0.8716666102409363,0.4560564458370209,0,-1,0,0,0.0,2.0,144,2.3232932090759277,0,0.0,0,0.0,0,4.115626335144043,1,6
SH,GM,73,1546,206,206,20.6,0.4798740744590759,0.6377361416816711,3.517625331878662,4.474634170532227,1.0526686906814575,0,-1,1,206,1.0,2.0,206,1.1216320991516113,0,0.0,0,0.0,0,2.5678064823150635,1,6
SH,GM,73,1547,398,398,39.800000000000004,0.3281109035015106,0.5071555376052856,5.257356643676758,6.379105091094971,0.6511460542678833,0,-1,0,0,0.0,2.0,398,2.195300340652466,0,0.0,0,0.0,0,2.1951870918273926,0,5
SH,GM,73,1548,153,153,15.3,0.22767169773578644,0.3077622652053833,2.3031585216522217,2.4741573333740234,0.4506237506866455,0,-1,0,0,0.0,2.0,153,3.233790874481201,0,0.0,0,0.0,0,7.506064414978027,2,7
SH,GM,73,1549,333,333,33.300000000000004,0.3659282922744751,0.45306190848350525,3.7456157207489014,4.156296253204346,0.4854794442653656,0,-1,1,31,0.09309309309309309,2.0,333,1.9745978116989136,0,0.0,0,0.0,0,6.647219657897949,2,7
SH,GM,73,1550,139,139,13.9,0.35278409719467163,0.4291103482246399,1.4981201887130737,1.6572751998901367,0.41520577669143677,0,-1,0,0,0.0,2.0,139,3.117563009262085,0,0.0,0,0.0,0,30.615535736083984,1,6
SH,GM,73,1551,208,208,20.8,0.21296218037605286,0.25965115427970886,1.7261828184127808,2.3032469749450684,0.5401235222816467,0,-1,1,141,0.6778846153846154,2.0,208,1.4219248294830322,0,0.0,0,0.0,0,8.66988468170166,2,7
SH,GM,73,1552,189,189,18.900000000000002,0.22951951622962952,0.26412978768348694,5.237161159515381,5.811800003051758,0.5119792222976685,0,-1,1,189,1.0,2.0,189,1.4560754299163818,0,0.0,0,0.0,0,21.557443618774414,1,6
SH,GM,73,1553,420,420,42.0,0.44495391845703125,0.5804295539855957,12.024309158325195,15.564952850341797,1.3371543884277344,0,-1,1,149,0.3547619047619048,2.0,420,1.0423954725265503,0,0.0,0,0.0,0,0.6141928434371948,1,6
SH,GM,73,1554,133,133,13.3,0.3434980511665344,0.4439007043838501,0.6379066705703735,0.7878166437149048,0.3166830241680145,0,-1,0,0,0.0,2.0,133,5.1726202964782715,0,0.0,0,0.0,0,6.831430435180664,0,5
SH,GM,73,1555,135,135,13.5,0.1363462209701538,0.2244335114955902,7.315188884735107,8.670689582824707,1.0706411600112915,0,-1,0,0,0.0,2.0,135,2.3390538692474365,0,0.0,0,0.0,0,24.031343460083008,2,7
SH,GM,73,1556,162,162,16.2,0.518079400062561,0.6533249020576477,3.673076868057251,4.242080211639404,0.5621169209480286,0,-1,1,16,0.09876543209876543,2.0,162,1.9946633577346802,0,0.0,0,0.0,0,4.635139465332031,0,5
SH,GM,73,1557,521,521,52.1,0.12815259397029877,0.17715348303318024,12.905068397521973,15.19995403289795,0.6750826239585876,0,-1,0,0,0.0,2.0,521,3.2781074047088623,0,0.0,0,0.0,0,64.64527130126953,2,7
SH,GM,73,1558,184,184,18.400000000000002,0.17940875887870789,0.24436819553375244,0.729626476764679,0.9081831574440002,0.1948707550764084,0,-1,1,119,0.6467391304347826,2.0,184,1.8500937223434448,0,0.0,0,0.0,0,1.5629627704620361,2,7
SH,GM,73,1559,136,136,13.600000000000001,0.21223925054073334,0.277553915977478,5.180988311767578,6.7616448402404785,0.9715028405189514,0,-1,1,136,1.0,2.0,136,1.301308512687683,0,0.0,0,0.0,0,24.271305084228516,0,5
SH,GM,73,1560,207,207,20.700000000000003,0.2717280685901642,0.3195136487483978,5.414987564086914,6.528799533843994,0.6504248976707458,0,-1,1,139,0.6714975845410628,2.0,207,1.380488634109497,0,0.0,0,0.0,0,36.30464172363281,2,7
SH,GM,73,1561,526,526,52.6,0.2502501308917999,0.3227928876876831,0.4915663003921509,0.6337068676948547,0.23717603087425232,0,-1,1,526,1.0,2.0,526,1.1899540424346924,0,0.0,0,0.0,0,1.097916603088379,2,7
SH,GM,73,1562,136,136,13.600000000000001,0.22912292182445526,0.2663010060787201,0.7597344517707825,0.9774832129478455,0.3195357918739319,0,-1,0,0,0.0,2.0,136,3.187861204147339,0,0.0,0,0.0,0,4.301972389221191,1,6
SH,GM,73,1563,219,219,21.900000000000002,0.1737939715385437,0.24221432209014893,1.5981990098953247,1.8989895582199097,0.3617416322231293,0,-1,1,219,1.0,2.0,219,0.8664501309394836,0,0.0,0,0.0,0,2.5783488750457764,1,6
SH,GM,73,1564,476,476,47.6,0.27787914872169495,0.34631162881851196,2.112501859664917,2.2969727516174316,0.3647516965866089,0,-1,1,476,1.0,2.0,476,0.3293837010860443,0,0.0,0,0.0,0,1.6550532579421997,0,5
SH,GM,73,1565,163,163,16.3,0.25285428762435913,0.3783409893512726,0.8512132167816162,1.0381640195846558,0.2508765161037445,0,-1,1,143,0.8773006134969326,2.0,163,1.80855131149292,0,0.0,0,0.0,0,1.5645623207092285,1,6
SH,GM,73,1566,361,361,36.1,0.39565151929855347,0.4819822907447815,13.400219917297363,14.310320854187012,0.9742839336395264,0,-1,0,0,0.0,2.0,361,3.2869091033935547,0,0.0,0,0.0,0,10.923264503479004,0,5
SH,GM,73,1567,210,210,21.0,0.13503846526145935,0.18671250343322754,2.013673782348633,2.822502374649048,0.31394174695014954,0,-1,1,210,1.0,2.0,210,1.299012541770935,0,0.0,0,0.0,0,32.50640869140625,0,5
SH,GM,73,1568,309,309,30.900000000000002,0.32696670293807983,0.4053231477737427,56.59665298461914,69.53684997558594,4.255127429962158,0,-1,0,0,0.0,2.0,309,4.899496078491211,0,0.0,0,0.0,0,16.190874099731445,1,6
SH,GM,73,1569,372,372,37.2,0.2019253373146057,0.27222150564193726,4.541970729827881,5.637784481048584,0.6209163665771484,0,-1,0,0,0.0,2.0,372,2.4726767539978027,0,0.0,0,0.0,0,75.03289794921875,0,5
SH,GM,73,1570,174,174,17.400000000000002,0.1650506854057312,0.24635206162929535,2.524883985519409,3.1777312755584717,0.3440171480178833,0,-1,1,174,1.0,2.0,174,0.8405446410179138,0,0.0,0,0.0,0,13.89997386932373,2,7
SH,GM,73,1571,157,157,15.700000000000001,0.33805063366889954,0.38798969984054565,7.972446441650391,10.360032081604004,1.2627681493759155,0,-1,0,0,0.0,2.0,157,2.966356039047241,0,0.0,0,0.0,0,52.86227035522461,0,5
SH,GM,73,1572,140,140,14.0,0.3669022023677826,0.49892956018447876,6.64983606338501,8.787302017211914,1.4093530178070068,0,-1,1,140,1.0,2.0,140,0.820603609085083,0,0.0,0,0.0,0,8.046417236328125,1,6
SH,GM,73,1573,357,357,35.7,0.22680506110191345,0.30191540718078613,25.821517944335938,29.29924201965332,1.3142118453979492,0,-1,1,18,0.05042016806722689,2.0,357,1.9433505535125732,0,0.0,0,0.0,0,3.4433319568634033,0,5
SH,GM,73,1574,155,155,15.5,0.3328494131565094,0.4210449755191803,3.601511240005493,4.461470603942871,0.8025891184806824,0,-1,1,114,0.7354838709677419,2.0,155,1.3717193603515625,0,0.0,0,0.0,0,7.6306657791137695,0,5
SH,GM,73,1575,146,146,14.600000000000001,0.6177261471748352,0.7829589247703552,3.3170337677001953,3.869422435760498,1.1449894905090332,0,-1,0,0,0.0,2.0,146,6.206818103790283,0,0.0,0,0.0,0,8.801926612854004,1,6
SH,GM,73,1576,210,210,21.0,0.4069313108921051,0.5189148187637329,3.834547281265259,4.515519142150879,0.8864549398422241,1,150,1,150,0.7142857142857143,2.0,150,0.0,0,0.0,0,0.0,0,0.0,1,6
SH,GM,73,1577,206,206,20.6,0.17135034501552582,0.25164544582366943,1.1718318462371826,1.4436354637145996,0.30730026960372925,0,-1,0,0,0.0,2.0,206,2.8811447620391846,0,0.0,0,0.0,0,2.6244261264801025,2,7
SH,GM,73,1578,484,484,48.400000000000006,0.3324894309043884,0.4446871876716614,0.9518354535102844,1.2313510179519653,0.38531771302223206,0,-1,1,484,1.0,2.0,484,1.2542532682418823,0,0.0,0,0.0,0,7.205499172210693,2,7
SH,GM,73,1579,563,563,56.300000000000004,0.23243601620197296,0.3166022300720215,5.107802867889404,6.425332546234131,0.5109919905662537,1,561,1,232,0.41207815275310833,2.0,561,0.0,0,0.0,0,0.0,0,0.0,0,5
SH,GM,73,1580,269,269,26.900000000000002,0.16802993416786194,0.2216929942369461,23.499614715576172,28.49480438232422,1.963610291481018,0,-1,1,269,1.0,2.0,269,1.0533006191253662,0,0.0,0,0.0,0,20.800579071044922,0,5
SH,GM,73,1581,131,131,13.100000000000001,0.28397250175476074,0.33867529034614563,1.1101973056793213,1.5365931987762451,0.37050768733024597,0,-1,1,131,1.0,2.0,131,0.4717683792114258,0,0.0,0,0.0,0,2.3381898403167725,0,5
SH,GM,73,1582,296,296,29.6,0.2777317762374878,0.4228716194629669,3.573828935623169,3.7928736209869385,0.36981528997421265,0,-1,1,296,1.0,2.0,296,0.4673275053501129,0,0.0,0,0.0,0,0.4565921723842621,2,7
SH,GM,73,1583,213,213,21.3,0.3180209994316101,0.37511375546455383,1.361203908920288,1.7003467082977295,0.4185127913951874,0,-1,1,117,0.5492957746478874,2.0,213,1.793102741241455,0,0.0,0,0.0,0,1.8959643840789795,1,6
SH,GM,73,1584,798,798,79.80000000000001,0.28642481565475464,0.3847304880619049,3.165388822555542,3.5158183574676514,0.3921530246734619,0,-1,0,0,0.0,2.0,798,2.783430576324463,0,0.0,0,0.0,0,4.011373519897461,0,5
SH,GM,73,1585,141,141,14.100000000000001,0.4823274612426758,0.5453897714614868,7.295602321624756,8.165013313293457,1.0181940793991089,0,-1,1,36,0.2553191489361702,2.0,141,1.9411553144454956,0,0.0,0,0.0,0,19.056827545166016,0,5
SH,GM,73,1586,173,173,17.3,0.4058050811290741,0.5383483171463013,3.3427162170410156,4.006188869476318,0.638629138469696,0,-1,0,0,0.0,2.0,173,4.338473796844482,0,0.0,0,0.0,0,5.579329013824463,1,6
SH,GM,73,1587,139,139,13.9,0.22577844560146332,0.29449132084846497,1.770067811012268,2.321080446243286,0.3638589382171631,0,-1,1,52,0.37410071942446044,2.0,139,1.594010353088379,0,0.0,0,0.0,0,10.820804595947266,2,7
SH,GM,73,1588,221,221,22.1,0.20283780992031097,0.2493034452199936,9.690407752990723,11.519885063171387,0.78262859582901,0,-1,1,221,1.0,2.0,221,0.934237003326416,0,0.0,0,0.0,0,14.336999893188477,1,6
SH,GM,73,1589,164,164,16.400000000000002,0.35943758487701416,0.4535447955131531,2.0727972984313965,2.9144768714904785,0.39015838503837585,0,-1,1,164,1.0,2.0,164,0.424706369638443,0,0.0,0,0.0,0,4.968112468719482,0,5
SH,GM,73,1590,139,139,13.9,0.7119684815406799,0.8680937886238098,6.27775239944458,7.436239242553711,1.8341152667999268,1,93,1,65,0.4676258992805755,2.0,93,0.0,0,0.0,0,0.0,0,0.0,0,5
SH,GM,73,1591,210,210,21.0,0.18048711121082306,0.22064365446567535,8.618330001831055,10.8131742477417,0.8775121569633484,0,-1,1,210,1.0,2.0,210,0.9406927824020386,0,0.0,0,0.0,0,19.9534912109375,2,7
SH,GM,73,1592,143,143,14.3,0.43670541048049927,0.519844114780426,4.223367214202881,5.975439548492432,1.0010583400726318,0,-1,0,0,0.0,2.0,143,4.552204608917236,0,0.0,0,0.0,0,10.426265716552734,1,6
SH,GM,73,1593,175,175,17.5,0.49553152918815613,0.6400362253189087,20.858863830566406,24.597593307495117,2.308269500732422,0,-1,0,0,0.0,2.0,175,3.5632827281951904,0,0.0,0,0.0,0,8.450064659118652,2,7
SH,GM,73,1594,325,325,32.5,0.574565589427948,0.791307270526886,9.5198335647583,11.9282808303833,1.4978231191635132,0,-1,1,313,0.963076923076923,2.0,325,0.0033566958736628294,0,0.0,0,0.0,0,0.014434948563575745,1,6
SH,GM,73,1595,564,564,56.400000000000006,0.35298535227775574,0.4616747498512268,10.83442211151123,12.594863891601562,1.868610143661499,1,410,1,170,0.30141843971631205,2.0,410,0.0,0,0.0,0,0.0,0,0.0,2,7
SH,GM,73,1596,164,164,16.400000000000002,0.5104953646659851,0.6240931749343872,6.247456073760986,6.782017707824707,0.8141177296638489,0,-1,1,164,1.0,2.0,164,0.9492855072021484,0,0.0,0,0.0,0,14.654568672180176,1,6
SH,GM,73,1597,137,137,13.700000000000001,0.2696945071220398,0.3089645802974701,2.2065961360931396,2.56528639793396,0.43378546833992004,0,-1,1,137,1.0,2.0,137,0.7195983529090881,0,0.0,0,0.0,0,10.745396614074707,0,5
SH,GM,73,1598,552,552,55.2,0.27556493878364563,0.372600793838501,25.11419677734375,32.83757781982422,1.302229404449463,0,-1,0,0,0.0,2.0,552,2.6450002193450928,0,0.0,0,0.0,0,7.013617038726807,0,5
SH,GM,73,1599,165,165,16.5,0.3674435019493103,0.4664153754711151,1.3479489088058472,1.6858621835708618,0.6829777956008911,0,-1,1,97,0.5878787878787879,2.0,165,1.1626776456832886,0,0.0,0,0.0,0,6.368587017059326,0,5
SH,GM,73,1600,199,199,19.900000000000002,0.18578681349754333,0.22755351662635803,1.8479264974594116,2.126307249069214,0.33676478266716003,0,-1,1,199,1.0,2.0,199,0.9343435764312744,0,0.0,0,0.0,0,17.67256736755371,0,5
SH,GM,73,1601,240,240,24.0,0.3153283894062042,0.38812923431396484,27.478755950927734,35.685115814208984,3.123915433883667,0,-1,0,0,0.0,2.0,240,2.894716501235962,0,0.0,0,0.0,0,4.0367431640625,2,7
SH,GM,73,1602,144,144,14.4,0.3422813415527344,0.41421619057655334,3.652221202850342,4.409681797027588,1.0727137327194214,0,-1,1,144,1.0,2.0,144,1.2987875938415527,0,0.0,0,0.0,0,27.067657470703125,2,7
SH,GM,73,1603,474,474,47.400000000000006,0.2860657274723053,0.3653889000415802,2.1807453632354736,2.539142608642578,0.5368363261222839,0,-1,1,421,0.8881856540084389,2.0,474,1.0929630994796753,0,0.0,0,0.0,0,16.79972267150879,2,7
SH,GM,73,1604,288,288,28.8,0.18637312948703766,0.22139863669872284,6.166345596313477,6.653559684753418,0.4891703426837921,0,-1,1,64,0.2222222222222222,2.0,288,1.9264729022979736,0,0.0,0,0.0,0,25.153535842895508,2,7
SH,GM,73,1605,252,252,25.200000000000003,0.2692268490791321,0.33957234025001526,2.397552013397217,2.9698472023010254,0.590241551399231,0,-1,1,4,0.015873015873015872,2.0,252,1.9240082502365112,0,0.0,0,0.0,0,12.7427396774292,1,6
SH,GM,73,1606,368,368,36.800000000000004,0.2951927185058594,0.3721563220024109,16.39362907409668,23.129558563232422,1.4954841136932373,0,-1,0,0,0.0,2.0,368,3.1326310634613037,0,0.0,0,0.0,0,2.975860118865967,1,6
SH,GM,73,1607,191,191,19.1,0.23426826298236847,0.28376078605651855,4.762332916259766,5.303783893585205,0.7206932902336121,0,-1,0,0,0.0,2.0,191,3.1821138858795166,0,0.0,0,0.0,0,4.2489705085754395,0,5
SH,GM,73,1608,263,263,26.3,0.22703999280929565,0.2911107838153839,6.882058620452881,8.12019157409668,0.6477533578872681,0,-1,1,50,0.19011406844106463,2.0,263,1.816380262374878,0,0.0,0,0.0,0,25.656740188598633,0,5
SH,GM,73,1609,159,159,15.9,0.28304290771484375,0.3216080665588379,6.806216716766357,8.434213638305664,1.2618918418884277,0,-1,0,0,0.0,2.0,159,2.5360662937164307,0,0.0,0,0.0,0,4.21196985244751,1,6
SH,GM,73,1610,159,159,15.9,0.23913171887397766,0.2769306004047394,7.542359352111816,9.367959022521973,1.1818835735321045,0,-1,1,1,0.006289308176100629,2.0,159,1.9991204738616943,0,0.0,0,0.0,0,31.846155166625977,2,7
SH,GM,73,1611,395,395,39.5,0.3558606803417206,0.4448973536491394,2.3695664405822754,2.6454646587371826,0.553611159324646,0,-1,1,395,1.0,2.0,395,0.7470043301582336,0,0.0,0,0.0,0,2.0669808387756348,2,7
SH,GM,73,1612,185,185,18.5,0.14271752536296844,0.19533878564834595,0.5943394303321838,1.0061559677124023,0.22553302347660065,0,-1,1,185,1.0,2.0,185,1.4896464347839355,0,0.0,0,0.0,0,26.838623046875,2,7
SH,GM,73,1613,372,372,37.2,0.4075395464897156,0.5395455956459045,4.211091995239258,4.895905017852783,0.7318597435951233,0,-1,1,372,1.0,2.0,372,0.5055831670761108,0,0.0,0,0.0,0,5.6047444343566895,1,6
SH,GM,73,1614,308,308,30.8,0.35472819209098816,0.48213258385658264,1.8087762594223022,1.9575096368789673,0.34721821546554565,0,-1,0,0,0.0,2.0,308,2.295759916305542,0,0.0,0,0.0,0,3.6040055751800537,0,5
SH,GM,73,1615,528,528,52.800000000000004,0.35860130190849304,0.4294123649597168,2.633620023727417,3.5792958736419678,0.6359743475914001,0,-1,1,121,0.22916666666666666,2.0,528,1.931647777557373,0,0.0,0,0.0,0,2.1677651405334473,0,5
SH,GM,73,1616,257,257,25.700000000000003,0.48204439878463745,0.6440703272819519,3.677718162536621,4.485421180725098,0.6042343378067017,0,-1,1,257,1.0,2.0,257,0.030210288241505623,0,0.0,0,0.0,0,0.36112716794013977,1,6
SH,GM,73,1617,313,313,31.3,0.5040220022201538,0.7285076975822449,1.6923555135726929,2.559760808944702,0.7132261395454407,0,-1,1,313,1.0,2.0,313,0.6608652472496033,0,0.0,0,0.0,0,1.9032020568847656,1,6
SH,GM,73,1618,364,364,36.4,0.21141280233860016,0.26887011528015137,4.508213996887207,6.012917518615723,0.702122688293457,0,-1,1,66,0.1813186813186813,2.0,364,1.4798537492752075,0,0.0,0,0.0,0,14.93285083770752,1,6
SH,GM,73,1619,148,148,14.8,0.2783769965171814,0.324152410030365,12.359213829040527,15.474405288696289,1.8760097026824951,0,-1,1,6,0.04054054054054054,2.0,148,1.8164602518081665,0,0.0,0,0.0,0,27.809186935424805,2,7
SH,GM,73,1620,178,178,17.8,0.16886243224143982,0.22987307608127594,0.9043318629264832,1.0189926624298096,0.1352323740720749,0,-1,1,165,0.9269662921348315,2.0,178,1.6995893716812134,0,0.0,0,0.0,0,1.3755260705947876,1,6
SH,GM,73,1621,891,891,89.10000000000001,0.23727713525295258,0.32379409670829773,6.193397045135498,7.263679504394531,0.5145264267921448,0,-1,0,0,0.0,2.0,891,4.41138219833374,0,0.0,0,0.0,0,4.988871097564697,0,5
SH,GM,73,1622,380,380,38.0,0.3208567798137665,0.41208356618881226,30.799192428588867,40.325706481933594,2.197786569595337,0,-1,0,0,0.0,2.0,380,3.0391173362731934,0,0.0,0,0.0,0,3.198171615600586,2,7
SH,GM,73,1623,285,285,28.5,0.22256401181221008,0.2677793800830841,15.217682838439941,18.395641326904297,1.2442634105682373,0,-1,0,0,0.0,2.0,285,3.1540400981903076,0,0.0,0,0.0,0,44.227882385253906,2,7
SH,GM,73,1624,202,202,20.200000000000003,0.2504085600376129,0.315926730632782,5.321015357971191,6.76893949508667,0.9166915416717529,0,-1,0,0,0.0,2.0,202,2.5217273235321045,0,0.0,0,0.0,0,5.66556978225708,2,7
SH,GM,73,1625,237,237,23.700000000000003,0.22561503946781158,0.28913384675979614,1.8793540000915527,2.000917673110962,0.25759708881378174,0,-1,0,0,0.0,2.0,237,2.7888336181640625,0,0.0,0,0.0,0,2.3351945877075195,2,7
SH,GM,73,1626,258,258,25.8,0.19266536831855774,0.24538953602313995,8.366034507751465,10.719799995422363,0.7808834910392761,0,-1,1,258,1.0,2.0,258,0.7983903288841248,0,0.0,0,0.0,0,9.927656173706055,2,7
SH,GM,73,1627,141,141,14.100000000000001,0.15107882022857666,0.183469757437706,1.217708945274353,1.3124974966049194,0.11631927639245987,0,-1,1,83,0.5886524822695035,2.0,141,1.2513477802276611,0,0.0,0,0.0,0,0.5068275332450867,1,6
SH,GM,73,1628,153,153,15.3,0.39122501015663147,0.5304777026176453,0.8959783315658569,0.9944254159927368,0.2736218273639679,0,-1,1,145,0.9477124183006536,2.0,153,1.8565387725830078,0,0.0,0,0.0,0,2.883906126022339,0,5
SH,GM,73,1629,175,175,17.5,0.19408680498600006,0.2381451576948166,4.336611747741699,6.387075424194336,1.0200687646865845,0,-1,1,122,0.6971428571428572,2.0,175,1.4087220430374146,0,0.0,0,0.0,0,29.810829162597656,0,5
SH,GM,73,1630,341,341,34.1,0.22676348686218262,0.2843346893787384,5.331249713897705,6.402990341186523,0.6561979651451111,0,-1,0,0,0.0,2.0,341,2.525899887084961,0,0.0,0,0.0,0,14.464386940002441,0,5
SH,GM,73,1631,174,174,17.400000000000002,0.28729647397994995,0.3871140480041504,0.5837806463241577,0.9306039810180664,0.24631161987781525,0,-1,0,0,0.0,2.0,174,2.0836336612701416,0,0.0,0,0.0,0,2.4267966747283936,0,5
SH,GM,73,1632,281,281,28.1,0.41901838779449463,0.5399392247200012,5.870294094085693,6.875163555145264,0.5953215956687927,0,-1,0,0,0.0,2.0,281,2.154162883758545,0,0.0,0,0.0,0,6.137246131896973,1,6
SH,GM,73,1633,167,167,16.7,0.10955318063497543,0.1473887711763382,0.4658929109573364,0.5799230337142944,0.14603446424007416,0,-1,0,0,0.0,2.0,167,3.1156740188598633,0,0.0,0,0.0,0,2.1482765674591064,1,6
SH,GM,73,1634,138,138,13.8,0.23009121417999268,0.28962498903274536,0.9001392722129822,1.1733615398406982,0.3929302394390106,0,-1,0,0,0.0,2.0,138,2.549099922180176,0,0.0,0,0.0,0,3.8063175678253174,0,5
SH,GM,73,1635,590,590,59.0,0.1764773428440094,0.23206225037574768,2.8350822925567627,3.860546112060547,0.29826492071151733,0,-1,1,516,0.8745762711864407,2.0,590,1.6631951332092285,0,0.0,0,0.0,0,9.137833595275879,0,5
SH,GM,73,1636,141,141,14.100000000000001,0.49514472484588623,0.587356448173523,7.191812515258789,8.371731758117676,1.1780996322631836,0,-1,0,0,0.0,2.0,141,4.89874267578125,0,0.0,0,0.0,0,7.388088703155518,2,7
SH,GM,73,1637,638,638,63.800000000000004,0.2095298171043396,0.25927019119262695,2.618440628051758,3.079800605773926,0.3355465829372406,0,-1,1,638,1.0,2.0,638,1.118729591369629,0,0.0,0,0.0,0,17.052051544189453,1,6
SH,GM,73,1638,210,210,21.0,0.40129613876342773,0.5615384578704834,14.581419944763184,16.063079833984375,1.179677963256836,0,-1,1,210,1.0,2.0,210,0.4862363040447235,0,0.0,0,0.0,0,9.649166107177734,0,5
SH,GM,73,1639,261,261,26.1,0.22628054022789001,0.30629727244377136,3.656528949737549,4.330961227416992,0.36843183636665344,0,-1,1,261,1.0,2.0,261,0.3251475691795349,0,0.0,0,0.0,0,4.171768665313721,1,6
SH,GM,73,1640,142,142,14.200000000000001,0.25590813159942627,0.3051248788833618,8.80674934387207,11.811067581176758,1.8279935121536255,0,-1,0,0,0.0,2.0,142,2.3861286640167236,0,0.0,0,0.0,0,64.36333465576172,0,5
SH,GM,73,1641,247,247,24.700000000000003,0.34197327494621277,0.4119197726249695,1.6309318542480469,1.785519003868103,0.3178900480270386,0,-1,1,247,1.0,2.0,247,0.24667149782180786,0,0.0,0,0.0,0,3.852221727371216,0,5
SH,GM,73,1642,348,348,34.800000000000004,0.3768586814403534,0.45544302463531494,4.054002285003662,4.773330211639404,0.4443090260028839,0,-1,1,348,1.0,2.0,348,0.12786050140857697,0,0.0,0,0.0,0,0.8282480835914612,0,5
SH,GM,73,1643,148,148,14.8,0.9440420866012573,1.0996721982955933,4.131370544433594,5.176109790802002,1.6229524612426758,0,-1,1,148,1.0,2.0,148,0.011298760771751404,0,0.0,0,0.0,0,0.031196385622024536,0,5
SH,GM,73,1644,169,169,16.900000000000002,0.23386649787425995,0.3108971416950226,1.5818192958831787,2.173607110977173,0.3836939036846161,0,-1,0,0,0.0,2.0,169,2.040318012237549,0,0.0,0,0.0,0,43.94559860229492,2,7
SH,GM,73,1645,660,660,66.0,0.3538057208061218,0.407269686460495,11.090536117553711,13.992530822753906,1.0243312120437622,0,-1,0,0,0.0,2.0,660,2.7863574028015137,0,0.0,0,0.0,0,5.146182537078857,0,5
SH,GM,73,1646,582,582,58.2,0.26130443811416626,0.3274211883544922,10.291339874267578,12.238667488098145,0.7703709006309509,0,-1,1,126,0.21649484536082475,2.0,582,1.0391608476638794,0,0.0,0,0.0,0,5.2776384353637695,1,6
SH,GM,73,1647,512,512,51.2,0.2115681916475296,0.24265071749687195,15.52395248413086,19.695831298828125,0.8730931878089905,0,-1,0,0,0.0,2.0,512,2.3351104259490967,0,0.0,0,0.0,0,64.28041076660156,1,6
SH,GM,73,1648,629,629,62.900000000000006,0.23997339606285095,0.3142439126968384,4.161365985870361,4.4626054763793945,0.319755882024765,0,-1,1,629,1.0,2.0,629,0.26445266604423523,0,0.0,0,0.0,0,1.205222725868225,0,5
SH,GM,73,1649,424,424,42.400000000000006,0.29795750975608826,0.37309497594833374,1.382395625114441,1.901899814605713,0.5517591238021851,0,-1,1,424,1.0,2.0,424,0.9414247870445251,0,0.0,0,0.0,0,11.250931739807129,1,6
SH,GM,73,1650,137,137,13.700000000000001,0.16270427405834198,0.197819784283638,2.493065118789673,3.3423666954040527,0.27495840191841125,0,-1,0,0,0.0,2.0,137,14.280135154724121,0,0.0,0,0.0,0,13.22083854675293,1,6
SH,GM,73,1651,974,974,97.4,0.33035680651664734,0.4594164192676544,11.967825889587402,13.966615676879883,0.6698859333992004,0,-1,0,0,0.0,2.0,974,4.1915435791015625,0,0.0,0,0.0,0,5.818072319030762,0,5
SH,GM,73,1652,164,164,16.400000000000002,0.21515525877475739,0.2635185420513153,1.710317850112915,2.1821701526641846,0.6155084371566772,0,-1,1,164,1.0,2.0,164,0.8260642290115356,0,0.0,0,0.0,0,9.307133674621582,2,7
SH,GM,73,1653,208,208,20.8,0.4204368591308594,0.5308083295822144,0.7770226001739502,1.1203620433807373,0.4746418297290802,0,-1,0,0,0.0,2.0,208,2.9902827739715576,0,0.0,0,0.0,0,2.7370717525482178,0,5
SH,GM,73,1654,226,226,22.6,0.2067447304725647,0.26268112659454346,0.785939633846283,0.9330081343650818,0.3055903911590576,0,-1,1,151,0.668141592920354,2.0,226,1.8687679767608643,0,0.0,0,0.0,0,7.470006942749023,0,5
SH,GM,73,1655,187,187,18.7,0.19998136162757874,0.2825104296207428,5.596959114074707,6.41813325881958,0.8685911297798157,0,-1,0,0,0.0,2.0,187,2.8723816871643066,0,0.0,0,0.0,0,41.328224182128906,1,6
SH,GM,73,1656,158,158,15.8,0.5303162336349487,0.5809707641601562,9.695501327514648,11.833050727844238,1.4936760663986206,0,-1,0,0,0.0,2.0,158,3.525688648223877,0,0.0,0,0.0,0,11.220544815063477,0,5
SH,GM,73,1657,233,233,23.3,0.25006556510925293,0.28969496488571167,3.7313921451568604,4.87336540222168,0.7961183190345764,0,-1,1,233,1.0,2.0,233,1.2505671977996826,0,0.0,0,0.0,0,26.82112693786621,2,7
SH,GM,73,1658,166,166,16.6,0.3718158006668091,0.44618645310401917,1.1250048875808716,1.4338546991348267,0.4048067033290863,0,-1,1,119,0.7168674698795181,2.0,166,1.3831433057785034,0,0.0,0,0.0,0,3.340338945388794,0,5
SH,GM,73,1659,133,133,13.3,0.16253598034381866,0.201697438955307,1.153018832206726,1.3031237125396729,0.25534552335739136,0,-1,0,0,0.0,2.0,133,2.3528056144714355,0,0.0,0,0.0,0,1.8372999429702759,1,6
SH,GM,73,1660,402,402,40.2,0.4177786707878113,0.5233383178710938,1.705844759941101,2.38450288772583,0.49698567390441895,0,-1,1,402,1.0,2.0,402,0.9451212882995605,0,0.0,0,0.0,0,2.1481635570526123,2,7
SH,GM,73,1661,142,142,14.200000000000001,0.35173287987709045,0.4103659987449646,2.258793592453003,2.797851085662842,0.8280160427093506,0,-1,1,142,1.0,2.0,142,1.2689563035964966,0,0.0,0,0.0,0,10.713022232055664,1,6
SH,GM,73,1662,147,147,14.700000000000001,0.289605975151062,0.44283145666122437,2.8004860877990723,3.1082916259765625,0.5318328142166138,0,-1,1,147,1.0,2.0,147,0.5216999650001526,0,0.0,0,0.0,0,9.992807388305664,2,7
SH,GM,73,1663,134,134,13.4,0.16427801549434662,0.20928072929382324,4.829798221588135,6.1776628494262695,0.9029905200004578,0,-1,1,134,1.0,2.0,134,1.367527961730957,0,0.0,0,0.0,0,25.48375701904297,2,7
SH,GM,73,1664,137,137,13.700000000000001,0.28923478722572327,0.3619093596935272,0.5680492520332336,0.669361412525177,0.2117432951927185,0,-1,0,0,0.0,2.0,137,2.4791622161865234,0,0.0,0,0.0,0,2.6124460697174072,2,7
SH,GM,73,1665,200,200,20.0,0.3172083795070648,0.41445717215538025,6.573216438293457,8.507561683654785,0.9052668809890747,0,-1,1,200,1.0,2.0,200,0.9257583022117615,0,0.0,0,0.0,0,9.995655059814453,0,5
SH,GM,73,1666,287,287,28.700000000000003,0.35285288095474243,0.44086751341819763,1.3277002573013306,1.6569373607635498,0.36342889070510864,0,-1,0,0,0.0,2.0,287,3.9987058639526367,0,0.0,0,0.0,0,3.7996363639831543,1,6
SH,GM,73,1667,175,175,17.5,0.20810790359973907,0.3065476715564728,20.355478286743164,25.31374740600586,2.718785524368286,0,-1,1,175,1.0,2.0,175,0.9124976396560669,0,0.0,0,0.0,0,16.441274642944336,1,6
SH,GM,73,1668,320,320,32.0,0.4688694477081299,0.5833210349082947,4.663038730621338,5.719270706176758,0.8980185389518738,0,-1,1,214,0.66875,2.0,320,0.24216873943805695,0,0.0,0,0.0,0,1.6235294342041016,1,6
SH,GM,73,1669,720,720,72.0,0.1806260496377945,0.23787489533424377,2.073103427886963,2.3899986743927,0.2407177835702896,0,-1,1,709,0.9847222222222223,2.0,720,0.806004524230957,0,0.0,0,0.0,0,4.773110866546631,0,5
SH,GM,73,1670,200,200,20.0,0.26005902886390686,0.3394787907600403,3.438345432281494,4.4053730964660645,0.9749951362609863,0,-1,0,0,0.0,2.0,200,2.025627851486206,0,0.0,0,0.0,0,34.82136917114258,1,6
SH,GM,73,1671,216,216,21.6,0.21511688828468323,0.2565104365348816,8.773921966552734,11.785683631896973,1.2218109369277954,0,-1,1,165,0.7638888888888888,2.0,216,0.7494249939918518,0,0.0,0,0.0,0,14.085433006286621,0,5
SH,GM,73,1672,196,196,19.6,0.45411959290504456,0.5829123258590698,18.490324020385742,21.67437171936035,1.7318364381790161,0,-1,1,25,0.12755102040816327,2.0,196,1.5950424671173096,0,0.0,0,0.0,0,6.5039520263671875,1,6
SH,GM,73,1673,294,294,29.400000000000002,0.37084269523620605,0.43216249346733093,16.73012924194336,19.576736450195312,1.9388809204101562,1,222,1,101,0.3435374149659864,2.0,222,0.0,0,0.0,0,0.0,0,0.0,0,5
SH,GM,73,1674,327,327,32.7,0.21540142595767975,0.2842406630516052,2.8646743297576904,3.292738914489746,0.35145339369773865,0,-1,1,130,0.39755351681957185,2.0,327,1.1146128177642822,0,0.0,0,0.0,0,8.403172492980957,0,5
SH,GM,73,1675,332,332,33.2,0.14396071434020996,0.18674364686012268,7.385036945343018,9.403993606567383,0.6033279895782471,0,-1,1,258,0.7771084337349398,2.0,332,1.4549434185028076,0,0.0,0,0.0,0,28.441864013671875,0,5
SH,GM,73,1676,202,202,20.200000000000003,0.20408175885677338,0.24861867725849152,1.8638174533843994,2.518777370452881,0.4477057456970215,0,-1,0,0,0.0,2.0,202,2.7737693786621094,0,0.0,0,0.0,0,2.4944658279418945,0,5
SH,GM,73,1677,555,555,55.5,0.605402410030365,0.7912705540657043,8.009129524230957,8.38638973236084,1.3928720951080322,1,436,1,436,0.7855855855855856,2.0,436,0.0,0,0.0,0,0.0,0,0.0,1,6
SH,GM,73,1678,1637,1637,163.70000000000002,0.17157608270645142,0.22463174164295197,7.218051433563232,9.447831153869629,0.6484628319740295,0,-1,1,1637,1.0,2.0,1637,0.43514055013656616,0,0.0,0,0.0,0,5.636821269989014,1,6
SH,GM,73,1679,200,200,20.0,0.23016127943992615,0.3414899706840515,1.9924635887145996,2.407402515411377,0.5566962361335754,0,-1,1,94,0.47,2.0,200,1.0961889028549194,0,0.0,0,0.0,0,9.509732246398926,2,7
SH,GM,73,1680,168,168,16.8,0.50624680519104,0.650132417678833,1.6339597702026367,1.9000424146652222,0.7045977711677551,0,-1,0,0,0.0,2.0,168,2.144160509109497,0,0.0,0,0.0,0,8.782227516174316,0,5
SH,GM,73,1681,315,315,31.5,0.2724458873271942,0.32800424098968506,7.094090461730957,7.872645854949951,0.8218013644218445,0,-1,1,22,0.06984126984126984,2.0,315,1.8942503929138184,0,0.0,0,0.0,0,4.380428791046143,1,6
SH,GM,73,1682,216,216,21.6,0.3142037093639374,0.3727356791496277,8.452790260314941,9.802239418029785,0.9453957080841064,0,-1,0,0,0.0,2.0,216,3.264244794845581,0,0.0,0,0.0,0,7.054300785064697,1,6
SH,GM,73,1683,172,172,17.2,0.5953869223594666,0.8068299889564514,12.771697044372559,15.21679401397705,1.5653033256530762,0,-1,0,0,0.0,2.0,172,4.32110595703125,0,0.0,0,0.0,0,8.279143333435059,1,6
SH,GM,73,1684,256,256,25.6,0.3630630075931549,0.5102684497833252,1.5826507806777954,1.8037811517715454,0.3447039723396301,0,-1,1,220,0.859375,2.0,256,0.7431491613388062,0,0.0,0,0.0,0,1.1304453611373901,1,6
SH,GM,73,1685,144,144,14.4,0.2963867485523224,0.39350250363349915,3.158355474472046,3.6282260417938232,0.5840575098991394,0,-1,1,78,0.5416666666666666,2.0,144,1.3127814531326294,0,0.0,0,0.0,0,0.8217552900314331,0,5
SH,GM,73,1686,145,145,14.5,0.5336881875991821,0.6863861680030823,8.83495044708252,9.847503662109375,0.9952249526977539,0,-1,0,0,0.0,2.0,145,2.8567121028900146,0,0.0,0,0.0,0,20.795753479003906,2,7
SH,GM,73,1687,278,278,27.8,0.43461161851882935,0.5168073773384094,13.038524627685547,14.987019538879395,1.2631012201309204,0,-1,1,198,0.7122302158273381,2.0,278,0.43994084000587463,0,0.0,0,0.0,0,1.2888686656951904,0,5
SH,GM,73,1688,250,250,25.0,0.22434954345226288,0.2881123423576355,1.2292851209640503,1.7451459169387817,0.5411342978477478,0,-1,1,250,1.0,2.0,250,0.7691853642463684,0,0.0,0,0.0,0,10.289350509643555,2,7
SH,GM,73,1689,184,184,18.400000000000002,0.3568917214870453,0.517669677734375,2.77522349357605,3.5104658603668213,0.858396589756012,1,175,1,175,0.9510869565217391,2.0,175,0.0,0,0.0,0,0.0,0,0.0,0,5
SH,GM,73,1690,285,285,28.5,0.1950969398021698,0.23517949879169464,4.166415214538574,4.875000953674316,0.8265620470046997,0,-1,0,0,0.0,2.0,285,2.7234230041503906,0,0.0,0,0.0,0,35.788818359375,0,5
SH,GM,73,1691,389,389,38.900000000000006,0.3528471291065216,0.527599573135376,11.702914237976074,13.755351066589355,0.8417404890060425,0,-1,1,121,0.3110539845758355,2.0,389,1.3429373502731323,0,0.0,0,0.0,0,7.857596397399902,1,6
SH,GM,73,1692,352,352,35.2,0.2209322303533554,0.2577572464942932,18.346479415893555,22.084030151367188,1.2930824756622314,0,-1,0,0,0.0,2.0,352,4.768712043762207,0,0.0,0,0.0,0,21.39748764038086,1,6
SH,GM,73,1693,234,234,23.400000000000002,0.169991135597229,0.20559225976467133,5.49892520904541,6.246306419372559,0.4597955048084259,0,-1,1,234,1.0,2.0,234,1.074824571609497,0,0.0,0,0.0,0,17.191694259643555,2,7
SH,GM,73,1694,406,406,40.6,0.16655056178569794,0.20546020567417145,1.9381946325302124,2.467419147491455,0.4747440218925476,0,-1,1,406,1.0,2.0,406,1.0580084323883057,0,0.0,0,0.0,0,18.378652572631836,0,5
SH,GM,73,1695,145,145,14.5,0.4481639862060547,0.5406845808029175,4.7399983406066895,5.587065696716309,1.0348151922225952,0,-1,0,0,0.0,2.0,145,2.6934096813201904,0,0.0,0,0.0,0,4.24035120010376,0,5
SH,GM,73,1696,141,141,14.100000000000001,0.31644654273986816,0.34727799892425537,11.618938446044922,15.35518741607666,2.422877550125122,0,-1,0,0,0.0,2.0,141,3.3705759048461914,0,0.0,0,0.0,0,57.164878845214844,0,5
SH,GM,73,1697,259,259,25.900000000000002,0.216051384806633,0.32653188705444336,0.840410590171814,0.9702492952346802,0.18740198016166687,0,-1,1,259,1.0,2.0,259,1.6059424877166748,0,0.0,0,0.0,0,2.207820415496826,1,6
SH,GM,73,1698,384,384,38.400000000000006,0.25913187861442566,0.34198111295700073,5.292586803436279,5.931135654449463,0.627086877822876,0,-1,1,384,1.0,2.0,384,1.327630877494812,0,0.0,0,0.0,0,11.943160057067871,2,7
SH,GM,73,1699,134,134,13.4,0.2738761901855469,0.34660804271698,0.8981388807296753,1.1485227346420288,0.6218686103820801,0,-1,0,0,0.0,2.0,134,3.8320908546447754,0,0.0,0,0.0,0,2.3442094326019287,0,5
SH,GM,73,1700,138,138,13.8,0.2193191796541214,0.2369423657655716,7.326481342315674,9.76458740234375,1.5673624277114868,0,-1,0,0,0.0,2.0,138,2.363417625427246,0,0.0,0,0.0,0,41.07543182373047,1,6
SH,GM,73,1701,228,228,22.8,0.1749304234981537,0.2199973315000534,3.2626543045043945,4.178665637969971,0.5432502627372742,0,-1,1,228,1.0,2.0,228,1.2433518171310425,0,0.0,0,0.0,0,24.924184799194336,0,5
SH,GM,73,1702,383,383,38.300000000000004,0.3416501581668854,0.4275302588939667,19.687021255493164,22.339208602905273,1.4166600704193115,0,-1,0,0,0.0,2.0,383,3.1107068061828613,0,0.0,0,0.0,0,10.879104614257812,2,7
SH,GM,73,1703,355,355,35.5,0.31201860308647156,0.5109409689903259,4.962965488433838,6.694790363311768,0.7221702933311462,0,-1,1,355,1.0,2.0,355,0.6057183146476746,0,0.0,0,0.0,0,8.754822731018066,2,7
SH,GM,73,1704,515,515,51.5,0.3693373501300812,0.4767833352088928,3.1691482067108154,4.110836505889893,0.5242079496383667,1,498,1,441,0.8563106796116505,2.0,498,0.0,0,0.0,0,0.0,0,0.0,0,5
SH,GM,73,1705,264,264,26.400000000000002,0.1702379733324051,0.2058575302362442,2.3419158458709717,2.822272539138794,0.2982935309410095,0,-1,1,247,0.9356060606060606,2.0,264,0.8829506039619446,0,0.0,0,0.0,0,12.277204513549805,2,7
SH,GM,73,1706,363,363,36.300000000000004,0.2632060647010803,0.3436529338359833,2.076632499694824,2.498164176940918,0.7068325281143188,0,-1,1,363,1.0,2.0,363,0.5339837670326233,0,0.0,0,0.0,0,4.550134658813477,0,5
SH,GM,73,1707,211,211,21.1,0.36060479283332825,0.5527483820915222,8.189327239990234,11.300118446350098,1.1085485219955444,0,-1,1,211,1.0,2.0,211,0.535839855670929,0,0.0,0,0.0,0,7.72613525390625,2,7
SH,GM,73,1708,157,157,15.700000000000001,0.1686980128288269,0.2344931662082672,6.2149248123168945,7.81803035736084,1.1007417440414429,0,-1,0,0,0.0,2.0,157,2.3824589252471924,0,0.0,0,0.0,0,45.31405258178711,1,6
SH,GM,73,1709,177,177,17.7,0.1502385288476944,0.18163785338401794,0.9916375875473022,1.2517032623291016,0.36915963888168335,0,-1,1,96,0.5423728813559322,2.0,177,1.4509227275848389,0,0.0,0,0.0,0,24.75571060180664,2,7
SH,GM,73,1710,181,181,18.1,0.5252391695976257,0.7342439293861389,10.075968742370605,12.453348159790039,1.5041191577911377,0,-1,0,0,0.0,2.0,181,4.2232465744018555,0,0.0,0,0.0,0,9.61678695678711,1,6
SH,GM,73,1711,210,210,21.0,0.20724046230316162,0.26395383477211,6.374388694763184,6.985695838928223,0.41256600618362427,0,-1,1,171,0.8142857142857143,2.0,210,0.9166427850723267,0,0.0,0,0.0,0,6.344444751739502,1,6
SH,GM,73,1712,194,194,19.400000000000002,0.17489509284496307,0.2497875690460205,3.5050766468048096,4.2939276695251465,0.4776047468185425,0,-1,1,21,0.10824742268041238,2.0,194,1.8127614259719849,0,0.0,0,0.0,0,25.854597091674805,0,5
SH,GM,73,1713,171,171,17.1,0.1700335592031479,0.23447228968143463,3.8681704998016357,5.282583236694336,0.6354379057884216,0,-1,1,171,1.0,2.0,171,1.1835099458694458,0,0.0,0,0.0,0,26.603683471679688,0,5
SH,GM,73,1714,415,415,41.5,0.23283317685127258,0.2829350233078003,6.248582363128662,7.078736305236816,0.5427323579788208,0,-1,1,415,1.0,2.0,415,0.7794927954673767,0,0.0,0,0.0,0,9.311098098754883,2,7
SH,GM,73,1715,206,206,20.6,0.1506962776184082,0.21590454876422882,5.987419605255127,6.872731685638428,0.5063745975494385,0,-1,1,154,0.7475728155339806,2.0,206,1.2906078100204468,0,0.0,0,0.0,0,24.56647300720215,0,5
SH,GM,73,1716,371,371,37.1,0.2526865005493164,0.30308935046195984,21.363319396972656,25.122400283813477,1.2929168939590454,0,-1,1,371,1.0,2.0,371,0.9240787029266357,0,0.0,0,0.0,0,16.40683364868164,1,6
SH,GM,73,1717,406,406,40.6,0.4576261043548584,0.5578693151473999,5.939150810241699,6.574510097503662,4.211881160736084,1,294,1,277,0.6822660098522167,2.0,294,0.0,0,0.0,0,0.0,0,0.0,1,6
SH,GM,73,1718,203,203,20.3,0.19946788251399994,0.23661936819553375,9.570680618286133,11.37256908416748,0.8882354497909546,0,-1,0,0,0.0,2.0,203,3.700853109359741,0,0.0,0,0.0,0,27.576946258544922,0,5
SH,GM,73,1719,255,255,25.5,0.11511141806840897,0.1555415838956833,3.791001081466675,4.9721198081970215,0.40787196159362793,0,-1,0,0,0.0,2.0,255,2.2005228996276855,0,0.0,0,0.0,0,51.492774963378906,2,7
SH,GM,73,1720,341,341,34.1,0.21388401091098785,0.24728791415691376,4.218135833740234,5.709201812744141,0.7384328246116638,0,-1,1,23,0.06744868035190615,2.0,341,1.9659945964813232,0,0.0,0,0.0,0,7.070849895477295,1,6
SH,GM,73,1721,156,156,15.600000000000001,0.18642210960388184,0.29365697503089905,1.3956748247146606,1.8125823736190796,0.22587035596370697,0,-1,1,156,1.0,2.0,156,1.370046854019165,0,0.0,0,0.0,0,3.4679818153381348,1,6
SH,GM,73,1722,151,151,15.100000000000001,0.6861565113067627,0.7751886248588562,8.402545928955078,9.69942569732666,2.8606433868408203,1,74,1,74,0.4900662251655629,2.0,74,0.0,0,0.0,0,0.0,0,0.0,2,7
SH,GM,73,1723,166,166,16.6,0.10086441040039062,0.14318302273750305,5.202432632446289,6.268235206604004,0.5560210943222046,0,-1,1,166,1.0,2.0,166,0.9094342589378357,0,0.0,0,0.0,0,3.2447218894958496,1,6
SH,GM,73,1724,132,132,13.200000000000001,0.14523416757583618,0.20133672654628754,0.3808872401714325,0.43800273537635803,0.12806670367717743,0,-1,0,0,0.0,2.0,132,2.8223350048065186,0,0.0,0,0.0,0,2.444051742553711,2,7
SH,GM,73,1725,150,150,15.0,0.21767932176589966,0.28412875533103943,12.313919067382812,15.173844337463379,1.79863703250885,0,-1,0,0,0.0,2.0,150,2.651973247528076,0,0.0,0,0.0,0,49.355247497558594,0,5
SH,GM,73,1726,189,189,18.900000000000002,0.3532177209854126,0.48408329486846924,1.5729228258132935,1.8401700258255005,0.435794472694397,0,-1,1,189,1.0,2.0,189,1.2128862142562866,0,0.0,0,0.0,0,1.3441663980484009,2,7
SH,GM,73,1727,677,677,67.7,0.2586251497268677,0.3728122413158417,5.62204122543335,7.146324157714844,0.5842998623847961,0,-1,1,677,1.0,2.0,677,0.35447171330451965,0,0.0,0,0.0,0,3.2340645790100098,2,7
SH,GM,73,1728,358,358,35.800000000000004,0.20412860810756683,0.24361950159072876,7.354472637176514,8.44072437286377,0.8376615047454834,0,-1,1,358,1.0,2.0,358,1.0686242580413818,0,0.0,0,0.0,0,20.37957763671875,2,7
SH,GM,73,1729,341,341,34.1,0.3096056282520294,0.4186955988407135,8.277779579162598,8.720407485961914,0.5844316482543945,0,-1,0,0,0.0,2.0,341,4.101535320281982,0,0.0,0,0.0,0,11.586980819702148,0,5
SH,GM,73,1730,229,229,22.900000000000002,0.28864380717277527,0.4185105562210083,14.542224884033203,16.814611434936523,1.2351371049880981,0,-1,1,10,0.043668122270742356,2.0,229,1.9681059122085571,0,0.0,0,0.0,0,7.8321027755737305,2,7
SH,GM,73,1731,464,464,46.400000000000006,0.2495574951171875,0.31846675276756287,4.81372594833374,5.38263463973999,0.5793807506561279,0,-1,1,464,1.0,2.0,464,0.5022011399269104,0,0.0,0,0.0,0,3.7814009189605713,0,5
SH,GM,73,1732,136,136,13.600000000000001,0.2564428746700287,0.30641278624534607,0.44672316312789917,0.5191175937652588,0.25785011053085327,0,-1,1,136,1.0,2.0,136,0.7594177722930908,0,0.0,0,0.0,0,11.967859268188477,2,7
SH,GM,73,1733,515,515,51.5,0.20989830791950226,0.2683917284011841,6.306194305419922,7.37681770324707,0.5001323819160461,0,-1,1,515,1.0,2.0,515,0.7244571447372437,0,0.0,0,0.0,0,12.60390567779541,2,7
SH,GM,73,1734,224,224,22.400000000000002,0.46798592805862427,0.596466064453125,6.847499847412109,7.781654357910156,1.0665671825408936,1,171,1,158,0.7053571428571429,2.0,171,0.0,0,0.0,0,0.0,0,0.0,1,6
SH,GM,73,1735,262,262,26.200000000000003,0.18629968166351318,0.2365686595439911,0.8303480744361877,1.046504020690918,0.2690190076828003,0,-1,0,0,0.0,2.0,262,3.0937891006469727,0,0.0,0,0.0,0,2.927152395248413,2,7
SH,GM,73,1736,148,148,14.8,0.2508789896965027,0.3115141689777374,2.928950071334839,3.401751756668091,0.5946027040481567,0,-1,0,0,0.0,2.0,148,2.1075921058654785,0,0.0,0,0.0,0,25.44984245300293,1,6
SH,GM,73,1737,193,193,19.3,0.38513973355293274,0.460507869720459,1.980225682258606,2.3624343872070312,0.5244684815406799,0,-1,1,193,1.0,2.0,193,0.9034848809242249,0,0.0,0,0.0,0,0.2672175467014313,1,6
SH,GM,73,1738,131,131,13.100000000000001,0.15397462248802185,0.19436343014240265,3.8280675411224365,5.4075422286987305,0.8830246925354004,0,-1,1,131,1.0,2.0,131,1.25165593624115,0,0.0,0,0.0,0,15.989798545837402,1,6
SH,GM,73,1739,294,294,29.400000000000002,0.5255117416381836,0.6251496076583862,12.07440185546875,13.68389892578125,1.2934904098510742,0,-1,1,60,0.20408163265306123,2.0,294,1.3365155458450317,0,0.0,0,0.0,0,10.789706230163574,1,6
SH,GM,73,1740,235,235,23.5,0.23526115715503693,0.3532364070415497,1.9371204376220703,2.508451223373413,0.43183794617652893,0,-1,0,0,0.0,2.0,235,3.779831886291504,0,0.0,0,0.0,0,5.9849653244018555,2,7
SH,GM,73,1741,173,173,17.3,0.3099466562271118,0.40814366936683655,9.752847671508789,11.407939910888672,1.0166484117507935,0,-1,0,0,0.0,2.0,173,2.27156138420105,0,0.0,0,0.0,0,26.617734909057617,2,7
SH,GM,73,1742,183,183,18.3,0.33038330078125,0.49739015102386475,1.8066227436065674,2.3292317390441895,0.5443601608276367,1,171,1,147,0.8032786885245902,2.0,171,0.0,0,0.0,0,0.0,0,0.0,1,6
SH,GM,73,1743,384,384,38.400000000000006,0.35216858983039856,0.4516754150390625,3.4813146591186523,4.177680492401123,0.41843804717063904,0,-1,1,58,0.15104166666666666,2.0,384,1.6316972970962524,0,0.0,0,0.0,0,4.197371006011963,0,5
SH,GM,73,1744,735,735,73.5,0.327719509601593,0.4510423541069031,7.444940567016602,8.966198921203613,0.9476667046546936,1,684,1,684,0.9306122448979591,2.0,684,0.0,0,0.0,0,0.0,0,0.0,0,5
SH,GM,73,1745,200,200,20.0,0.09930821508169174,0.11771869659423828,2.1768386363983154,3.430420398712158,0.45077499747276306,0,-1,1,73,0.365,2.0,200,1.4962626695632935,0,0.0,0,0.0,0,19.55763816833496,0,5
SH,GM,73,1746,464,464,46.400000000000006,0.26252487301826477,0.3956814706325531,4.293001651763916,4.602366924285889,0.39737042784690857,1,444,1,351,0.7564655172413793,2.0,444,0.0,0,0.0,0,0.0,0,0.0,1,6
SH,GM,73,1747,153,153,15.3,0.2101975679397583,0.25569650530815125,3.956759214401245,5.1180596351623535,0.6063153743743896,0,-1,1,37,0.24183006535947713,2.0,153,1.5363097190856934,0,0.0,0,0.0,0,10.022987365722656,1,6
SH,GM,73,1748,210,210,21.0,0.176243856549263,0.22576871514320374,1.3776816129684448,1.8828160762786865,0.35116738080978394,0,-1,0,0,0.0,2.0,210,2.0325677394866943,0,0.0,0,0.0,0,1.513283371925354,2,7
SH,GM,73,1749,242,242,24.200000000000003,0.1646546870470047,0.21348246932029724,4.845727920532227,6.0663957595825195,0.5760334134101868,0,-1,0,0,0.0,2.0,242,2.21598482131958,0,0.0,0,0.0,0,28.913127899169922,2,7
SH,GM,73,1750,183,183,18.3,0.36947810649871826,0.4740162789821625,9.341201782226562,11.131416320800781,0.8640363812446594,0,-1,1,183,1.0,2.0,183,0.14987368881702423,0,0.0,0,0.0,0,0.9736334085464478,2,7
SH,GM,73,1751,155,155,15.5,0.23648083209991455,0.2905944287776947,0.7032991647720337,0.8543447256088257,0.28102391958236694,0,-1,0,0,0.0,2.0,155,4.551662445068359,0,0.0,0,0.0,0,5.757242679595947,1,6
SH,GM,73,1752,264,264,26.400000000000002,0.15937578678131104,0.20120655000209808,2.039726972579956,2.4773671627044678,0.26933133602142334,0,-1,1,63,0.23863636363636365,2.0,264,1.6905889511108398,0,0.0,0,0.0,0,13.714797973632812,0,5
SH,GM,73,1753,340,340,34.0,0.38701099157333374,0.49496766924858093,1.82340407371521,2.219606637954712,0.44468769431114197,0,-1,1,340,1.0,2.0,340,1.2520962953567505,0,0.0,0,0.0,0,1.9059921503067017,2,7
SH,GM,73,1754,246,246,24.6,0.4009065628051758,0.47423747181892395,5.07020902633667,5.544785499572754,1.2538931369781494,1,188,1,188,0.7642276422764228,2.0,188,0.0,0,0.0,0,0.0,0,0.0,2,7
SH,GM,73,1755,190,190,19.0,0.7006771564483643,0.9821300506591797,30.55398941040039,36.901737213134766,3.1272833347320557,0,-1,0,0,0.0,2.0,190,2.2113990783691406,0,0.0,0,0.0,0,10.100900650024414,2,7
SH,GM,73,1756,275,275,27.5,0.2672693729400635,0.35134828090667725,2.3908965587615967,2.830919027328491,0.39223745465278625,0,-1,0,0,0.0,2.0,275,2.5393779277801514,0,0.0,0,0.0,0,2.7167224884033203,0,5
SH,GM,73,1757,171,171,17.1,0.0582890585064888,0.07335282117128372,1.8146933317184448,2.199352741241455,0.27655839920043945,0,-1,0,0,0.0,2.0,171,3.3526875972747803,0,0.0,0,0.0,0,69.96560668945312,1,6
SH,GM,73,1758,343,343,34.300000000000004,0.3665413558483124,0.4931688606739044,35.478309631347656,41.96664810180664,2.078840494155884,0,-1,1,27,0.07871720116618076,2.0,343,1.7277512550354004,0,0.0,0,0.0,0,8.716081619262695,1,6
SH,GM,73,1759,715,715,71.5,0.18735511600971222,0.2570077180862427,3.8652920722961426,4.5096516609191895,0.2850343883037567,0,-1,1,715,1.0,2.0,715,0.21351665258407593,0,0.0,0,0.0,0,3.593214750289917,1,6
SH,GM,73,1760,214,214,21.400000000000002,0.19714418053627014,0.24527834355831146,3.68323016166687,4.790401458740234,0.486612468957901,0,-1,1,214,1.0,2.0,214,0.3947484493255615,0,0.0,0,0.0,0,7.275421142578125,0,5
SH,GM,73,1761,301,301,30.1,0.4288688898086548,0.5384649038314819,4.942134380340576,5.4409260749816895,0.7642916440963745,0,-1,0,0,0.0,2.0,301,2.2365176677703857,0,0.0,0,0.0,0,6.870569229125977,1,6
SH,GM,73,1762,164,164,16.400000000000002,0.2678918242454529,0.32407715916633606,2.4684741497039795,3.6354029178619385,0.7063906788825989,0,-1,1,164,1.0,2.0,164,1.0735784769058228,0,0.0,0,0.0,0,13.25791072845459,0,5
SH,GM,73,1763,296,296,29.6,0.24821467697620392,0.3069213628768921,2.299999237060547,2.56689453125,0.4333716630935669,0,-1,0,0,0.0,2.0,296,2.010836124420166,0,0.0,0,0.0,0,4.850172519683838,0,5
SH,GM,73,1764,164,164,16.400000000000002,0.2325575351715088,0.28386053442955017,1.049898386001587,1.3308560848236084,0.2893240749835968,0,-1,1,113,0.6890243902439024,2.0,164,0.2851899266242981,0,0.0,0,0.0,0,0.09946620464324951,1,6
SH,GM,73,1765,133,133,13.3,0.3836497664451599,0.4964403808116913,1.3710100650787354,2.0156030654907227,0.5974486470222473,0,-1,1,9,0.06766917293233082,2.0,133,1.9725881814956665,0,0.0,0,0.0,0,20.48386573791504,2,7
SH,GM,73,1766,215,215,21.5,0.3666599690914154,0.5004695653915405,4.716681957244873,5.259919166564941,0.6285732388496399,0,-1,0,0,0.0,2.0,215,2.4873921871185303,0,0.0,0,0.0,0,5.28115701675415,0,5
SH,GM,73,1767,792,792,79.2,0.32548847794532776,0.39367616176605225,27.059879302978516,34.26757049560547,1.1178679466247559,0,-1,1,200,0.25252525252525254,2.0,792,1.082745909690857,0,0.0,0,0.0,0,5.475668430328369,1,6
SH,GM,73,1768,213,213,21.3,0.21191298961639404,0.24700357019901276,1.0557374954223633,1.619895339012146,0.3479368984699249,0,-1,1,213,1.0,2.0,213,0.962291419506073,0,0.0,0,0.0,0,12.506558418273926,2,7
SH,GM,73,1769,188,188,18.8,0.19228072464466095,0.22293773293495178,10.5007905960083,13.235615730285645,1.3607450723648071,0,-1,0,0,0.0,2.0,188,6.123046398162842,0,0.0,0,0.0,0,15.428412437438965,1,6
SH,GM,73,1770,170,170,17.0,0.3441180884838104,0.47823235392570496,7.540576934814453,10.812959671020508,1.4795583486557007,0,-1,0,0,0.0,2.0,170,3.4816689491271973,0,0.0,0,0.0,0,4.837695121765137,0,5
SH,GM,73,1771,172,172,17.2,0.8981606960296631,1.0771980285644531,9.231319427490234,11.49958610534668,2.732438087463379,1,94,1,94,0.5465116279069767,2.0,94,0.0,0,0.0,0,0.0,0,0.0,2,7
SH,GM,73,1772,144,144,14.4,0.2640734910964966,0.30973392724990845,9.611997604370117,11.8597993850708,1.5259568691253662,0,-1,0,0,0.0,2.0,144,2.6580865383148193,0,0.0,0,0.0,0,32.60260772705078,1,6
SH,GM,73,1773,143,143,14.3,0.5077050924301147,0.6118968725204468,6.03274393081665,7.3326849937438965,1.4382853507995605,0,-1,0,0,0.0,2.0,143,4.237961769104004,0,0.0,0,0.0,0,12.25023078918457,2,7
SH,GM,73,1774,131,131,13.100000000000001,0.142851322889328,0.17195285856723785,1.0376667976379395,1.2081084251403809,0.3326280117034912,0,-1,0,0,0.0,2.0,131,2.161513566970825,0,0.0,0,0.0,0,40.871089935302734,2,7
SH,GM,73,1775,478,478,47.800000000000004,0.17390170693397522,0.2083282470703125,14.795796394348145,17.481884002685547,1.0099486112594604,0,-1,1,38,0.0794979079497908,2.0,478,1.477627158164978,0,0.0,0,0.0,0,22.17571449279785,1,6
SH,GM,73,1776,153,153,15.3,0.2727870047092438,0.3435547351837158,9.12314510345459,11.18419361114502,1.170713186264038,0,-1,1,149,0.9738562091503268,2.0,153,1.0209479331970215,0,0.0,0,0.0,0,24.293603897094727,2,7
SH,GM,73,1777,545,545,54.5,0.34004050493240356,0.4343857765197754,3.7894859313964844,4.643402576446533,1.55902898311615,1,413,1,413,0.7577981651376147,2.0,413,0.0,0,0.0,0,0.0,0,0.0,2,7
SH,GM,73,1778,172,172,17.2,0.2352278083562851,0.3057940602302551,6.620980262756348,8.4297513961792,0.8459029197692871,0,-1,1,19,0.11046511627906977,2.0,172,1.7304919958114624,0,0.0,0,0.0,0,28.677762985229492,0,5
SH,GM,73,1779,323,323,32.300000000000004,0.22553333640098572,0.2711809575557709,3.4452545642852783,4.621757984161377,0.45745420455932617,0,-1,1,35,0.10835913312693499,2.0,323,1.5824601650238037,0,0.0,0,0.0,0,6.415269374847412,0,5
SH,GM,73,1780,150,150,15.0,0.19344736635684967,0.2348276525735855,1.864923357963562,2.829958915710449,0.6784509420394897,0,-1,1,106,0.7066666666666667,2.0,150,1.190767526626587,0,0.0,0,0.0,0,3.5860328674316406,1,6
SH,GM,73,1781,135,135,13.5,0.21444600820541382,0.2900086045265198,2.083742380142212,2.275725841522217,0.3329721689224243,0,-1,1,135,1.0,2.0,135,1.2842520475387573,0,0.0,0,0.0,0,23.66871452331543,0,5
SH,GM,73,1782,176,176,17.6,0.24818196892738342,0.3907475769519806,7.476830005645752,8.959765434265137,0.8381137847900391,0,-1,1,176,1.0,2.0,176,0.5584231019020081,0,0.0,0,0.0,0,4.202919006347656,1,6
SH,GM,73,1783,138,138,13.8,0.20397208631038666,0.2532952129840851,2.263181209564209,3.3520381450653076,0.6193214058876038,0,-1,1,12,0.08695652173913043,2.0,138,1.8144646883010864,0,0.0,0,0.0,0,8.487404823303223,2,7
SH,GM,73,1784,162,162,16.2,0.24388061463832855,0.2962423264980316,0.6582692265510559,0.8283529281616211,0.3480468988418579,0,-1,0,0,0.0,2.0,162,4.032034873962402,0,0.0,0,0.0,0,7.120698928833008,1,6
SH,GM,73,1785,378,378,37.800000000000004,0.2807759940624237,0.35754626989364624,1.1248924732208252,1.3160511255264282,0.2471756488084793,0,-1,1,128,0.3386243386243386,2.0,378,1.964826226234436,0,0.0,0,0.0,0,1.3801535367965698,0,5
SH,GM,73,1786,220,220,22.0,0.45006799697875977,0.5813920497894287,18.066112518310547,20.561426162719727,1.5342912673950195,0,-1,1,2,0.00909090909090909,2.0,220,1.9943675994873047,0,0.0,0,0.0,0,5.359690189361572,0,5
SH,GM,73,1787,315,315,31.5,0.2370859831571579,0.2901378571987152,14.895143508911133,18.168563842773438,1.0537803173065186,0,-1,1,288,0.9142857142857143,2.0,315,1.312219262123108,0,0.0,0,0.0,0,31.23686408996582,2,7
SH,GM,73,1788,289,289,28.900000000000002,0.26321569085121155,0.42361730337142944,13.36461353302002,16.175392150878906,1.132164716720581,0,-1,1,289,1.0,2.0,289,0.07232775539159775,0,0.0,0,0.0,0,0.21781787276268005,0,5
SH,GM,73,1789,239,239,23.900000000000002,0.3136433959007263,0.37262293696403503,2.2870264053344727,2.8126676082611084,0.455832839012146,0,-1,1,239,1.0,2.0,239,1.6306970119476318,0,0.0,0,0.0,0,18.752866744995117,0,5
SH,GM,73,1790,299,299,29.900000000000002,0.31242436170578003,0.3849380910396576,11.780441284179688,14.420828819274902,1.1115803718566895,0,-1,1,299,1.0,2.0,299,1.212794303894043,0,0.0,0,0.0,0,23.072132110595703,0,5
SH,GM,73,1791,222,222,22.200000000000003,0.23187895119190216,0.28002333641052246,0.6336476802825928,0.8176997303962708,0.29642167687416077,0,-1,1,222,1.0,2.0,222,1.4838643074035645,0,0.0,0,0.0,0,3.3734829425811768,2,7
SH,GM,73,1792,551,551,55.1,0.19136539101600647,0.2642262578010559,3.533667802810669,5.098575115203857,0.6154355406761169,0,-1,1,551,1.0,2.0,551,0.681847333908081,0,0.0,0,0.0,0,12.123610496520996,2,7
SH,GM,73,1793,799,799,79.9,0.23194681107997894,0.2893713116645813,5.843267917633057,6.669671535491943,0.5950713753700256,1,762,1,666,0.8335419274092616,2.0,762,0.0,0,0.0,0,0.0,0,0.0,1,6
SH,GM,73,1794,153,153,15.3,0.260437548160553,0.2923623025417328,12.49172592163086,15.966863632202148,2.058819055557251,0,-1,1,59,0.38562091503267976,2.0,153,1.3469440937042236,0,0.0,0,0.0,0,25.052778244018555,0,5
SH,GM,73,1795,298,298,29.8,0.4103270173072815,0.5270727872848511,7.026737689971924,8.549538612365723,1.5045467615127563,1,213,1,213,0.714765100671141,2.0,213,0.0,0,0.0,0,0.0,0,0.0,0,5
SH,GM,73,1796,903,903,90.30000000000001,0.2501171827316284,0.3886096775531769,12.520709037780762,15.86698055267334,0.9229449033737183,0,-1,1,687,0.760797342192691,2.0,903,0.4062391221523285,0,0.0,0,0.0,0,6.741428852081299,2,7
SH,GM,73,1797,182,182,18.2,0.17546609044075012,0.2334701269865036,0.33347252011299133,0.4879876673221588,0.17139405012130737,0,-1,1,182,1.0,2.0,182,0.3781501054763794,0,0.0,0,0.0,0,9.06531047821045,1,6
SH,GM,73,1798,477,477,47.7,0.18900568783283234,0.25879889726638794,20.097169876098633,24.268295288085938,1.0207507610321045,0,-1,0,0,0.0,2.0,477,2.620631694793701,0,0.0,0,0.0,0,50.14690399169922,2,7
SH,GM,73,1799,288,288,28.8,0.3151574432849884,0.37585392594337463,4.369050025939941,5.60853385925293,0.7736027240753174,0,-1,1,247,0.8576388888888888,2.0,288,1.69258451461792,0,0.0,0,0.0,0,29.930490493774414,1,6
SH,GM,73,1800,143,143,14.3,0.39698344469070435,0.5169893503189087,3.910224437713623,4.378688812255859,0.5312014222145081,0,-1,1,143,1.0,2.0,143,0.7039546370506287,0,0.0,0,0.0,0,10.149358749389648,0,5
SH,GM,73,1801,463,463,46.300000000000004,0.23556283116340637,0.3091634511947632,6.24202299118042,7.282837390899658,0.7417644262313843,0,-1,1,238,0.5140388768898488,2.0,463,1.1996763944625854,0,0.0,0,0.0,0,12.919699668884277,2,7
SH,GM,73,1802,171,171,17.1,0.38789576292037964,0.4861030578613281,3.752145528793335,4.790360450744629,0.775524914264679,1,138,1,97,0.5672514619883041,2.0,138,0.0,0,0.0,0,0.0,0,0.0,2,7
SH,GM,73,1803,218,218,21.8,0.3985556364059448,0.5346912145614624,7.054600238800049,8.01730728149414,1.335641622543335,1,129,1,92,0.42201834862385323,2.0,129,0.0,0,0.0,0,0.0,0,0.0,0,5
SH,GM,73,1804,695,695,69.5,0.3019879162311554,0.3705214262008667,6.136038780212402,6.8973517417907715,0.5935257077217102,0,-1,1,695,1.0,2.0,695,0.014367788098752499,0,0.0,0,0.0,0,0.05302013084292412,1,6
SH,GM,73,1805,269,269,26.900000000000002,0.287014365196228,0.3555520176887512,1.154303789138794,1.3207894563674927,0.2476380616426468,0,-1,1,233,0.8661710037174721,2.0,269,1.7452592849731445,0,0.0,0,0.0,0,1.3186724185943604,1,6
SH,GM,73,1806,146,146,14.600000000000001,0.20756366848945618,0.24316918849945068,2.784525156021118,3.959963083267212,0.9092816114425659,0,-1,1,85,0.5821917808219178,2.0,146,1.272590160369873,0,0.0,0,0.0,0,1.9797722101211548,2,7
SH,GM,73,1807,748,748,74.8,0.2533489465713501,0.3044612407684326,42.69784927368164,48.5186653137207,1.9413727521896362,0,-1,0,0,0.0,2.0,748,3.8656511306762695,0,0.0,0,0.0,0,9.667217254638672,0,5
SH,GM,73,1808,727,727,72.7,0.24527086317539215,0.31409895420074463,14.175771713256836,15.629460334777832,0.5133182406425476,0,-1,1,166,0.22833562585969738,2.0,727,0.9805470108985901,0,0.0,0,0.0,0,4.274628162384033,1,6
SH,GM,73,1809,304,304,30.400000000000002,0.21864967048168182,0.26371321082115173,14.526681900024414,18.621929168701172,1.2430437803268433,0,-1,1,52,0.17105263157894737,2.0,304,1.9616466760635376,0,0.0,0,0.0,0,35.45890426635742,2,7
SH,GM,73,1810,208,208,20.8,0.5006026029586792,0.7810996770858765,7.670854568481445,10.32871150970459,1.218320608139038,0,-1,1,17,0.08173076923076923,2.0,208,1.9223079681396484,0,0.0,0,0.0,0,4.512750148773193,1,6
SH,GM,73,1811,344,344,34.4,0.3715342879295349,0.4482022821903229,2.1259427070617676,3.4704749584198,0.39825621247291565,0,-1,1,284,0.8255813953488372,2.0,344,1.7317109107971191,0,0.0,0,0.0,0,1.7342792749404907,2,7
SH,GM,73,1812,255,255,25.5,0.342545747756958,0.4145820438861847,18.674880981445312,21.606773376464844,1.326591968536377,0,-1,0,0,0.0,2.0,255,2.550624132156372,0,0.0,0,0.0,0,9.500736236572266,0,5
SH,GM,73,1813,322,322,32.2,0.2958720326423645,0.3717755079269409,4.170124053955078,4.7143425941467285,0.3763962686061859,0,-1,1,322,1.0,2.0,322,0.3819116950035095,0,0.0,0,0.0,0,2.4462039470672607,0,5
SH,GM,73,1814,228,228,22.8,0.46708524227142334,0.5750059485435486,9.133617401123047,11.020146369934082,1.6912178993225098,0,-1,0,0,0.0,2.0,228,2.2871882915496826,0,0.0,0,0.0,0,9.027471542358398,1,6
SH,GM,73,1815,213,213,21.3,0.2706373929977417,0.326702356338501,2.605527877807617,3.1178295612335205,0.5285693407058716,0,-1,1,213,1.0,2.0,213,0.9117165803909302,0,0.0,0,0.0,0,4.7790751457214355,0,5
SH,GM,73,1816,225,225,22.5,0.1686786413192749,0.20840001106262207,6.027105808258057,7.990146636962891,0.7864875197410583,0,-1,1,23,0.10222222222222223,2.0,225,1.7756049633026123,0,0.0,0,0.0,0,36.623016357421875,2,7
SH,GM,73,1817,146,146,14.600000000000001,0.41295126080513,0.548660933971405,1.7268203496932983,2.110205888748169,0.4186180531978607,0,-1,0,0,0.0,2.0,146,3.611050605773926,0,0.0,0,0.0,0,4.16410493850708,0,5
SH,GM,73,1818,137,137,13.700000000000001,0.35203444957733154,0.4380296766757965,3.880722999572754,4.247913837432861,0.5768189430236816,0,-1,1,99,0.7226277372262774,2.0,137,1.4634058475494385,0,0.0,0,0.0,0,7.292573928833008,0,5
SH,GM,73,1819,140,140,14.0,0.24353034794330597,0.30891233682632446,1.4489041566848755,1.888541340827942,0.38380464911460876,0,-1,0,0,0.0,2.0,140,4.726487159729004,0,0.0,0,0.0,0,8.828156471252441,2,7
SH,GM,73,1820,149,149,14.9,0.4160609543323517,0.519845187664032,3.646122694015503,5.051369667053223,1.4717215299606323,0,-1,0,0,0.0,2.0,149,4.631999492645264,0,0.0,0,0.0,0,14.725030899047852,0,5
SH,GM,73,1821,318,318,31.8,0.3661380410194397,0.47896111011505127,3.6048903465270996,4.765186309814453,0.8378152847290039,0,-1,1,275,0.8647798742138365,2.0,318,0.8555687665939331,0,0.0,0,0.0,0,5.056251525878906,2,7
SH,GM,73,1822,202,202,20.200000000000003,0.3819010257720947,0.4645630717277527,11.693625450134277,14.575156211853027,1.6071465015411377,0,-1,0,0,0.0,2.0,202,3.448199510574341,0,0.0,0,0.0,0,5.050849437713623,1,6
SH,GM,73,1823,266,266,26.6,0.14401286840438843,0.19244901835918427,4.542302131652832,5.271681308746338,0.3756312131881714,0,-1,1,107,0.40225563909774437,2.0,266,1.7746134996414185,0,0.0,0,0.0,0,31.471925735473633,0,5
SH,GM,73,1824,475,475,47.5,0.29946669936180115,0.39255452156066895,4.022232532501221,4.657814979553223,0.4915178120136261,0,-1,1,475,1.0,2.0,475,0.4297271966934204,0,0.0,0,0.0,0,1.0604654550552368,1,6
SH,GM,73,1825,318,318,31.8,0.37800487875938416,0.5326026678085327,3.632956027984619,5.592381477355957,1.091030478477478,0,-1,1,113,0.3553459119496855,2.0,318,1.4724600315093994,0,0.0,0,0.0,0,3.9736313819885254,0,5
SH,GM,73,1826,210,210,21.0,0.33163052797317505,0.3732713758945465,2.004946708679199,2.444694995880127,0.8327925801277161,0,-1,0,0,0.0,2.0,210,2.3791277408599854,0,0.0,0,0.0,0,9.929450035095215,0,5
SH,GM,73,1827,165,165,16.5,0.24538198113441467,0.28749939799308777,2.1878409385681152,2.7448558807373047,0.2853948771953583,0,-1,1,129,0.7818181818181819,2.0,165,1.7256637811660767,0,0.0,0,0.0,0,2.9706811904907227,1,6
SH,GM,73,1828,311,311,31.1,0.28625383973121643,0.3604907989501953,5.379887580871582,5.863000869750977,0.49480342864990234,0,-1,0,0,0.0,2.0,311,2.5053606033325195,0,0.0,0,0.0,0,4.460855960845947,0,5
SH,GM,73,1829,154,154,15.4,0.20529405772686005,0.2429819405078888,3.948957920074463,5.400672435760498,0.9024989008903503,0,-1,1,2,0.012987012987012988,2.0,154,1.986032247543335,0,0.0,0,0.0,0,13.290203094482422,1,6
SH,GM,73,1830,328,328,32.800000000000004,0.4651077687740326,0.726099967956543,5.8893890380859375,7.175291061401367,1.7671966552734375,1,195,1,143,0.43597560975609756,2.0,195,0.0,0,0.0,0,0.0,0,0.0,2,7
SH,GM,73,1831,329,329,32.9,0.27214315533638,0.37571099400520325,1.8198829889297485,2.6604466438293457,0.4707692265510559,0,-1,1,329,1.0,2.0,329,0.5192720890045166,0,0.0,0,0.0,0,3.8392109870910645,1,6
SH,GM,73,1832,213,213,21.3,0.3568386435508728,0.47716087102890015,2.0246472358703613,2.3854286670684814,0.40258684754371643,0,-1,1,195,0.9154929577464789,2.0,213,0.659480094909668,0,0.0,0,0.0,0,2.7035467624664307,1,6
SH,GM,73,1833,135,135,13.5,0.24017246067523956,0.2812091112136841,5.604620456695557,7.461508750915527,1.235236644744873,0,-1,1,51,0.37777777777777777,2.0,135,1.3927052021026611,0,0.0,0,0.0,0,3.4024572372436523,1,6
SH,GM,73,1834,203,203,20.3,0.2991294264793396,0.3726102113723755,9.888574600219727,11.672446250915527,1.0127121210098267,0,-1,0,0,0.0,2.0,203,3.659656524658203,0,0.0,0,0.0,0,9.321222305297852,1,6
SH,GM,73,1835,183,183,18.3,0.15009844303131104,0.18488837778568268,1.25664484500885,1.4748904705047607,0.18398234248161316,0,-1,0,0,0.0,2.0,183,4.753916263580322,0,0.0,0,0.0,0,5.374264717102051,0,5
SH,GM,73,1836,261,261,26.1,0.3389957845211029,0.41862061619758606,6.510005474090576,7.110881328582764,0.5295957326889038,0,-1,1,261,1.0,2.0,261,0.38248828053474426,0,0.0,0,0.0,0,6.227308750152588,2,7
SH,GM,73,1837,462,462,46.2,0.15759655833244324,0.18824468553066254,6.67269229888916,7.84210729598999,0.594974935054779,0,-1,1,462,1.0,2.0,462,0.6439079642295837,0,0.0,0,0.0,0,12.328974723815918,2,7
SH,GM,73,1838,344,344,34.4,0.26987388730049133,0.31925708055496216,10.858763694763184,11.904158592224121,0.716094970703125,0,-1,0,0,0.0,2.0,344,2.523214340209961,0,0.0,0,0.0,0,69.01277160644531,0,5
SH,GM,73,1839,175,175,17.5,0.29393693804740906,0.3412090241909027,15.418538093566895,19.92107582092285,2.42524790763855,0,-1,0,0,0.0,2.0,175,2.4177050590515137,0,0.0,0,0.0,0,5.0097527503967285,2,7
SH,GM,73,1840,380,380,38.0,0.2978595197200775,0.3884827792644501,2.3028624057769775,2.710103988647461,0.3610934913158417,0,-1,0,0,0.0,2.0,380,2.2139832973480225,0,0.0,0,0.0,0,2.7456674575805664,0,5
SH,GM,73,1841,245,245,24.5,0.23554840683937073,0.27124345302581787,19.04917335510254,24.802974700927734,2.148991346359253,0,-1,0,0,0.0,2.0,245,3.9597482681274414,0,0.0,0,0.0,0,73.65203094482422,0,5
SH,GM,73,1842,248,248,24.8,0.27564555406570435,0.34342125058174133,4.62982177734375,5.024133205413818,0.5556921362876892,0,-1,1,90,0.3629032258064516,2.0,248,1.6322300434112549,0,0.0,0,0.0,0,1.119572639465332,2,7
SH,GM,73,1843,359,359,35.9,0.27311426401138306,0.3586105704307556,5.682460784912109,6.119593620300293,0.4744090437889099,0,-1,0,0,0.0,2.0,359,3.992070198059082,0,0.0,0,0.0,0,5.051348686218262,0,5
SH,GM,73,1844,933,933,93.30000000000001,0.2635975778102875,0.3374655842781067,3.154587745666504,4.691886901855469,0.5433610677719116,0,-1,1,761,0.8156484458735263,2.0,933,0.7558804750442505,0,0.0,0,0.0,0,1.0208072662353516,2,7
SH,GM,73,1845,467,467,46.7,0.39154353737831116,0.5324234962463379,9.262762069702148,10.66722297668457,1.0840343236923218,1,427,1,78,0.1670235546038544,2.0,427,0.0,0,0.0,0,0.0,0,0.0,2,7
SH,GM,73,1846,372,372,37.2,0.24651864171028137,0.31099915504455566,3.423043966293335,4.558304786682129,0.5771909952163696,0,-1,1,52,0.13978494623655913,2.0,372,1.4249186515808105,0,0.0,0,0.0,0,0.7486254572868347,2,7
SH,GM,73,1847,221,221,22.1,0.2775023877620697,0.3380182385444641,2.423431158065796,2.794025421142578,0.6540120244026184,1,202,1,159,0.7194570135746606,2.0,202,0.0,0,0.0,0,0.0,0,0.0,2,7
SH,GM,73,1848,666,666,66.60000000000001,0.38449954986572266,0.4817483723163605,3.329782009124756,5.108677864074707,0.6495693922042847,0,-1,1,538,0.8078078078078078,2.0,666,0.9435873627662659,0,0.0,0,0.0,0,1.6996041536331177,0,5
SH,GM,73,1849,202,202,20.200000000000003,0.36403220891952515,0.5504796504974365,2.890875816345215,3.6211042404174805,0.6316484808921814,0,-1,1,202,1.0,2.0,202,0.4697287082672119,0,0.0,0,0.0,0,3.1300203800201416,2,7
SH,GM,73,1850,1668,1668,166.8,0.2544810473918915,0.3400363624095917,3.6171462535858154,4.763059616088867,0.33174455165863037,0,-1,0,0,0.0,2.0,1668,2.8061459064483643,0,0.0,0,0.0,0,3.582296371459961,0,5
SH,GM,73,1851,172,172,17.2,0.2527388632297516,0.36045753955841064,0.5091562867164612,0.6386797428131104,0.2749645411968231,0,-1,1,118,0.686046511627907,2.0,172,1.8222604990005493,0,0.0,0,0.0,0,1.9522600173950195,1,6
SH,GM,73,1852,178,178,17.8,0.17216788232326508,0.27141520380973816,2.3864474296569824,2.624662160873413,0.35668161511421204,0,-1,0,0,0.0,2.0,178,3.9508488178253174,0,0.0,0,0.0,0,4.789679050445557,2,7
SH,GM,73,1853,195,195,19.5,0.5135011672973633,0.8261536955833435,3.5255818367004395,4.456294059753418,1.1148855686187744,0,-1,0,0,0.0,2.0,195,2.382251501083374,0,0.0,0,0.0,0,3.1964876651763916,2,7
SH,GM,73,1854,235,235,23.5,0.34044066071510315,0.43515992164611816,2.5909464359283447,3.231837749481201,0.7516038417816162,0,-1,0,0,0.0,2.0,235,2.259169101715088,0,0.0,0,0.0,0,1.6972321271896362,0,5
SH,GM,73,1855,295,295,29.5,0.46004995703697205,0.5953560471534729,13.878995895385742,16.12423324584961,1.6080923080444336,0,-1,0,0,0.0,2.0,295,2.9817631244659424,0,0.0,0,0.0,0,5.373432636260986,0,5
SH,GM,73,1856,132,132,13.200000000000001,0.5159873366355896,0.6484325528144836,1.6234766244888306,1.8453342914581299,0.7018149495124817,0,-1,1,132,1.0,2.0,132,0.9985439777374268,0,0.0,0,0.0,0,3.9604952335357666,0,5
SH,GM,73,1857,394,394,39.400000000000006,0.5142775774002075,0.7889993190765381,8.588059425354004,10.959291458129883,1.1065266132354736,0,-1,1,284,0.7208121827411168,2.0,394,0.3685486912727356,0,0.0,0,0.0,0,1.2086471319198608,0,5
SH,GM,73,1858,172,172,17.2,0.3725695013999939,0.4740876853466034,8.71788215637207,11.168722152709961,1.3285815715789795,0,-1,1,78,0.45348837209302323,2.0,172,1.3661459684371948,0,0.0,0,0.0,0,6.100794315338135,2,7
SH,GM,73,1859,256,256,25.6,0.48657920956611633,0.5706360936164856,12.143606185913086,13.366910934448242,1.1547048091888428,0,-1,1,55,0.21484375,2.0,256,1.581363320350647,0,0.0,0,0.0,0,23.04351806640625,2,7
SH,GM,73,1860,246,246,24.6,0.10356888920068741,0.14987768232822418,4.374472618103027,4.997074604034424,0.3825831711292267,0,-1,0,0,0.0,2.0,246,5.053788661956787,0,0.0,0,0.0,0,45.417213439941406,0,5
SH,GM,73,1861,135,135,13.5,0.20810450613498688,0.25768712162971497,3.0348119735717773,3.491537094116211,0.4049065411090851,0,-1,0,0,0.0,2.0,135,3.063871383666992,0,0.0,0,0.0,0,8.764363288879395,2,7
SH,GM,73,1862,134,134,13.4,0.5427318215370178,0.7695087194442749,5.2455339431762695,6.0065507888793945,0.8666825294494629,1,122,1,122,0.9104477611940298,2.0,122,0.0,0,0.0,0,0.0,0,0.0,1,6
SH,GM,73,1863,187,187,18.7,0.3033318817615509,0.37383830547332764,4.419665336608887,5.957097053527832,0.8704661130905151,0,-1,1,75,0.40106951871657753,2.0,187,1.7804323434829712,0,0.0,0,0.0,0,9.820916175842285,2,7
SH,GM,73,1864,165,165,16.5,0.25305992364883423,0.2927912473678589,1.03437340259552,1.299620270729065,0.4975045919418335,0,-1,1,165,1.0,2.0,165,1.0206797122955322,0,0.0,0,0.0,0,26.59689712524414,2,7
SH,GM,73,1865,367,367,36.7,0.3021531403064728,0.38111820816993713,1.7885853052139282,2.1238367557525635,0.5196833610534668,1,336,1,336,0.9155313351498637,2.0,336,0.0,0,0.0,0,0.0,0,0.0,1,6
SH,GM,73,1866,342,342,34.2,0.18943460285663605,0.2678244709968567,2.7847039699554443,3.387298583984375,0.5261959433555603,0,-1,1,183,0.5350877192982456,2.0,342,1.5508016347885132,0,0.0,0,0.0,0,30.1759090423584,2,7
SH,GM,73,1867,173,173,17.3,0.13437868654727936,0.18131783604621887,1.497210144996643,1.821165919303894,0.19831250607967377,0,-1,1,173,1.0,2.0,173,1.1130344867706299,0,0.0,0,0.0,0,8.014864921569824,0,5
SH,GM,73,1868,204,204,20.400000000000002,0.4315322935581207,0.6797070503234863,3.8933095932006836,4.382965564727783,0.6179286241531372,0,-1,1,204,1.0,2.0,204,0.29558655619621277,0,0.0,0,0.0,0,2.2640202045440674,2,7
SH,GM,73,1869,217,217,21.700000000000003,0.5452263355255127,0.6780850291252136,10.179473876953125,12.033018112182617,1.6691455841064453,0,-1,1,2,0.009216589861751152,2.0,217,1.974645972251892,0,0.0,0,0.0,0,6.07435941696167,2,7
SH,GM,73,1870,201,201,20.1,0.2440655529499054,0.3106005787849426,6.632379531860352,7.652238845825195,0.46980226039886475,0,-1,1,201,1.0,2.0,201,0.41105589270591736,0,0.0,0,0.0,0,7.861775875091553,0,5
SH,GM,73,1871,189,189,18.900000000000002,0.16918720304965973,0.2802906036376953,1.2540618181228638,1.5443521738052368,0.3733986020088196,0,-1,0,0,0.0,2.0,189,2.642913818359375,0,0.0,0,0.0,0,16.41513442993164,0,5
SH,GM,73,1872,192,192,19.200000000000003,0.5289130806922913,0.7341598868370056,1.7831958532333374,2.49306058883667,0.8937470316886902,1,149,1,149,0.7760416666666666,2.0,149,0.0,0,0.0,0,0.0,0,0.0,0,5
SH,GM,73,1873,291,291,29.1,0.5156204104423523,0.6358866095542908,5.429069519042969,6.010013580322266,2.071572780609131,1,179,1,170,0.584192439862543,2.0,179,0.0,0,0.0,0,0.0,0,0.0,2,7
SH,GM,73,1874,210,210,21.0,0.3490564525127411,0.44366079568862915,8.505241394042969,10.54527759552002,1.019856572151184,0,-1,0,0,0.0,2.0,210,3.4202821254730225,0,0.0,0,0.0,0,8.969079971313477,1,6
SH,GM,73,1875,231,231,23.1,0.19131283462047577,0.23293636739253998,3.0339767932891846,5.123620986938477,0.7701508402824402,0,-1,1,231,1.0,2.0,231,1.22679603099823,0,0.0,0,0.0,0,25.521129608154297,1,6
SH,GM,73,1876,446,446,44.6,0.3385612368583679,0.4620025157928467,2.1044037342071533,2.7192702293395996,0.5925191640853882,0,-1,1,446,1.0,2.0,446,0.5643039345741272,0,0.0,0,0.0,0,9.050616264343262,1,6
SH,GM,73,1877,260,260,26.0,0.3449191749095917,0.45797306299209595,2.574120283126831,3.0513203144073486,0.6098873615264893,0,-1,1,260,1.0,2.0,260,1.515268087387085,0,0.0,0,0.0,0,16.777780532836914,2,7
SH,GM,73,1878,590,590,59.0,0.23229137063026428,0.2883016765117645,2.435270071029663,2.7524731159210205,0.3498536944389343,0,-1,1,590,1.0,2.0,590,1.0184674263000488,0,0.0,0,0.0,0,14.484395980834961,1,6
SH,GM,73,1879,154,154,15.4,0.2424364686012268,0.29352155327796936,4.822812557220459,6.291973114013672,0.6296467185020447,0,-1,1,154,1.0,2.0,154,0.6684200167655945,0,0.0,0,0.0,0,8.968674659729004,2,7
SH,GM,73,1880,214,214,21.400000000000002,0.26838260889053345,0.3118816614151001,6.799930572509766,8.061049461364746,0.8434870839118958,0,-1,1,79,0.3691588785046729,2.0,214,1.0848990678787231,0,0.0,0,0.0,0,9.728981018066406,1,6
SH,GM,73,1881,216,216,21.6,0.2593388259410858,0.29691773653030396,9.427931785583496,11.112811088562012,0.8520774841308594,0,-1,1,180,0.8333333333333334,2.0,216,1.6741719245910645,0,0.0,0,0.0,0,36.930545806884766,2,7
SH,GM,73,1882,441,441,44.1,0.4215899407863617,0.5375984311103821,4.037971019744873,4.853847503662109,0.6715391278266907,0,-1,1,28,0.06349206349206349,2.0,441,1.8121185302734375,0,0.0,0,0.0,0,1.3544397354125977,1,6
SH,GM,73,1883,170,170,17.0,0.7884881496429443,0.9392942786216736,15.78393840789795,18.478412628173828,2.5649468898773193,0,-1,1,44,0.25882352941176473,2.0,170,0.44442352652549744,0,0.0,0,0.0,0,0.36169666051864624,1,6
SH,GM,73,1884,131,131,13.100000000000001,0.6935751438140869,0.833488404750824,2.5126359462738037,3.3823347091674805,0.8266764283180237,1,112,1,112,0.8549618320610687,2.0,112,0.0,0,0.0,0,0.0,0,0.0,0,5
SH,GM,73,1885,166,166,16.6,0.1817532479763031,0.2156246304512024,3.3711934089660645,3.965578079223633,0.591777503490448,0,-1,0,0,0.0,2.0,166,5.711402893066406,0,0.0,0,0.0,0,55.586769104003906,2,7
SH,GM,73,1886,257,257,25.700000000000003,0.4098471403121948,0.5038946270942688,6.096415042877197,6.5237932205200195,0.6101687550544739,0,-1,1,42,0.16342412451361868,2.0,257,1.8258308172225952,0,0.0,0,0.0,0,11.113129615783691,2,7
SH,GM,73,1887,158,158,15.8,0.23790009319782257,0.28137797117233276,3.7652151584625244,4.316357612609863,0.4931824505329132,0,-1,1,148,0.9367088607594937,2.0,158,1.332720160484314,0,0.0,0,0.0,0,14.348969459533691,1,6
SH,GM,73,1888,266,266,26.6,0.41702938079833984,0.535432755947113,4.1400628089904785,4.559692859649658,0.5840529203414917,0,-1,1,251,0.943609022556391,2.0,266,0.15653733909130096,0,0.0,0,0.0,0,1.0514252185821533,2,7
SH,GM,73,1889,329,329,32.9,0.21143607795238495,0.2662486135959625,10.341185569763184,13.117293357849121,0.7350394129753113,0,-1,1,98,0.2978723404255319,2.0,329,1.0556126832962036,0,0.0,0,0.0,0,4.8454670906066895,2,7
SH,GM,73,1890,412,412,41.2,0.279287725687027,0.37177157402038574,15.215332984924316,17.448373794555664,0.8644993901252747,0,-1,1,181,0.4393203883495146,2.0,412,1.6406885385513306,0,0.0,0,0.0,0,19.3695068359375,0,5
SH,GM,73,1891,180,180,18.0,0.46590641140937805,0.6119943261146545,3.0096452236175537,3.4162845611572266,0.6054666042327881,1,165,1,165,0.9166666666666666,2.0,165,0.0,0,0.0,0,0.0,0,0.0,2,7
SH,GM,73,1892,395,395,39.5,0.18056868016719818,0.3763743042945862,18.759502410888672,22.357263565063477,1.1289726495742798,0,-1,0,0,0.0,2.0,395,2.487354040145874,0,0.0,0,0.0,0,48.7747917175293,0,5
SH,GM,73,1893,168,168,16.8,0.28589415550231934,0.39581266045570374,3.142108678817749,4.46577787399292,0.710600733757019,0,-1,1,168,1.0,2.0,168,0.1979762762784958,0,0.0,0,0.0,0,3.06618070602417,1,6
SH,GM,73,1894,229,229,22.900000000000002,0.19451570510864258,0.25650686025619507,4.995527267456055,6.912054061889648,0.7335282564163208,0,-1,0,0,0.0,2.0,229,2.817589044570923,0,0.0,0,0.0,0,5.130977153778076,0,5
SH,GM,73,1895,198,198,19.8,0.36353641748428345,0.4917878210544586,5.215243816375732,6.508548736572266,0.7718737721443176,0,-1,1,97,0.4898989898989899,2.0,198,1.2663843631744385,0,0.0,0,0.0,0,3.107917308807373,1,6
SH,GM,73,1896,238,238,23.8,0.35206615924835205,0.4535365104675293,2.136829137802124,2.6908822059631348,0.6486542224884033,0,-1,1,238,1.0,2.0,238,0.9276530742645264,0,0.0,0,0.0,0,3.987032413482666,2,7
SH,GM,73,1897,200,200,20.0,0.4202502965927124,0.5570778250694275,5.016531467437744,6.618453502655029,1.28495454788208,0,-1,0,0,0.0,2.0,200,2.3926475048065186,0,0.0,0,0.0,0,2.7011044025421143,1,6
SH,GM,73,1898,175,175,17.5,0.28150540590286255,0.3340940773487091,3.913043737411499,4.790390968322754,0.5817887187004089,0,-1,1,163,0.9314285714285714,2.0,175,1.768905758857727,0,0.0,0,0.0,0,23.85129165649414,0,5
SH,GM,73,1899,434,434,43.400000000000006,0.3432100713253021,0.46755897998809814,3.6703298091888428,4.043264865875244,2.455465793609619,1,54,1,54,0.12442396313364056,2.0,54,0.0,0,0.0,0,0.0,0,0.0,1,6
SH,GM,73,1900,132,132,13.200000000000001,0.4042917490005493,0.44244301319122314,5.919435024261475,7.873117923736572,1.4228943586349487,0,-1,1,5,0.03787878787878788,2.0,132,1.9049369096755981,0,0.0,0,0.0,0,35.326656341552734,1,6
SH,GM,73,1901,638,638,63.800000000000004,0.3256758153438568,0.43766462802886963,2.903994083404541,4.1867756843566895,0.5766208171844482,0,-1,1,605,0.9482758620689655,2.0,638,0.45321714878082275,0,0.0,0,0.0,0,1.8579542636871338,1,6
SH,GM,73,1902,246,246,24.6,0.6439934372901917,0.8120751976966858,6.810769081115723,8.336139678955078,2.3012828826904297,1,147,1,147,0.5975609756097561,2.0,147,0.0,0,0.0,0,0.0,0,0.0,1,6
SH,GM,73,1903,184,184,18.400000000000002,0.34303218126296997,0.40898439288139343,6.4559526443481445,7.367480754852295,0.8886287808418274,0,-1,1,91,0.4945652173913043,2.0,184,0.9710053205490112,0,0.0,0,0.0,0,0.158570796251297,1,6
SH,GM,73,1904,163,163,16.3,0.3221293091773987,0.4103070795536041,16.3787841796875,21.200538635253906,2.7598531246185303,0,-1,0,0,0.0,2.0,163,3.538518190383911,0,0.0,0,0.0,0,62.12997055053711,2,7
SH,GM,73,1905,160,160,16.0,0.892562747001648,1.254032015800476,2.255716323852539,3.096806049346924,1.182371735572815,0,-1,1,160,1.0,2.0,160,0.5499061346054077,0,0.0,0,0.0,0,6.516522407531738,1,6
SH,GM,73,1906,179,179,17.900000000000002,0.6212393045425415,0.783408522605896,10.261117935180664,12.04160213470459,1.9258679151535034,1,122,1,61,0.3407821229050279,2.0,122,0.0,0,0.0,0,0.0,0,0.0,0,5
SH,GM,73,1907,142,142,14.200000000000001,0.3089545667171478,0.36018529534339905,15.9104585647583,20.315824508666992,2.844644784927368,0,-1,1,109,0.7676056338028169,2.0,142,1.0268062353134155,0,0.0,0,0.0,0,21.49973487854004,2,7
SH,GM,73,1908,148,148,14.8,0.7039835453033447,0.8217303156852722,31.419170379638672,39.01520919799805,4.844729900360107,0,-1,0,0,0.0,2.0,148,4.298365592956543,0,0.0,0,0.0,0,41.13072967529297,2,7
SH,GM,73,1909,253,253,25.3,0.2257668823003769,0.39694827795028687,29.65656852722168,34.89393997192383,2.3151350021362305,0,-1,1,253,1.0,2.0,253,0.442779004573822,0,0.0,0,0.0,0,7.567633152008057,0,5
SH,GM,73,1910,211,211,21.1,0.33025220036506653,0.4259417951107025,2.1271190643310547,2.4379727840423584,0.33711475133895874,0,-1,1,211,1.0,2.0,211,1.0246093273162842,0,0.0,0,0.0,0,0.3676101863384247,0,5
SH,GM,73,1911,465,465,46.5,0.4344128668308258,0.6515997648239136,45.33527374267578,53.603790283203125,3.6558759212493896,0,-1,1,36,0.07741935483870968,2.0,465,1.6488546133041382,0,0.0,0,0.0,0,5.067539215087891,2,7
SH,GM,73,1912,661,661,66.10000000000001,0.25077691674232483,0.30935436487197876,10.45822525024414,16.959354400634766,0.8700623512268066,0,-1,1,282,0.4266263237518911,2.0,661,0.8862309455871582,0,0.0,0,0.0,0,4.717751502990723,0,5
SH,GM,73,1913,421,421,42.1,0.26684799790382385,0.3370111286640167,9.197794914245605,10.074666976928711,0.5690816640853882,0,-1,1,372,0.8836104513064132,2.0,421,0.4860818684101105,0,0.0,0,0.0,0,3.2189481258392334,1,6
SH,GM,73,1914,161,161,16.1,0.2664068341255188,0.32218897342681885,4.878676414489746,5.8689351081848145,0.5926372408866882,1,125,1,67,0.4161490683229814,2.0,125,0.0,0,0.0,0,0.0,0,0.0,2,7
SH,GM,73,1915,154,154,15.4,0.13546060025691986,0.16511192917823792,1.0933018922805786,1.3653531074523926,0.2990459203720093,0,-1,1,154,1.0,2.0,154,0.9942806363105774,0,0.0,0,0.0,0,7.999186992645264,0,5
SH,GM,73,1916,139,139,13.9,0.1821645349264145,0.2303963154554367,4.1088666915893555,5.362955093383789,0.7907400131225586,0,-1,1,139,1.0,2.0,139,0.9471759796142578,0,0.0,0,0.0,0,19.225492477416992,1,6
SH,GM,73,1917,442,442,44.2,0.1672319620847702,0.22331006824970245,7.434682846069336,8.09250545501709,0.47118815779685974,0,-1,1,77,0.17420814479638008,2.0,442,0.9719471335411072,0,0.0,0,0.0,0,7.755835056304932,0,5
SH,GM,73,1918,167,167,16.7,0.48782211542129517,0.6214677095413208,3.2397069931030273,3.491209030151367,0.5561874508857727,0,-1,0,0,0.0,2.0,167,3.0021612644195557,0,0.0,0,0.0,0,3.9656689167022705,2,7
SH,GM,73,1919,404,404,40.400000000000006,0.31329336762428284,0.4156964421272278,16.123579025268555,17.983936309814453,1.0239635705947876,0,-1,0,0,0.0,2.0,404,2.3204734325408936,0,0.0,0,0.0,0,35.16594314575195,2,7
SH,GM,73,1920,159,159,15.9,0.41765886545181274,0.6192950010299683,10.029060363769531,12.285069465637207,1.46177339553833,0,-1,0,0,0.0,2.0,159,3.544365882873535,0,0.0,0,0.0,0,6.222707271575928,0,5
SH,GM,73,1921,184,184,18.400000000000002,0.1413661241531372,0.16231325268745422,4.9989166259765625,6.123663425445557,0.6106509566307068,0,-1,0,0,0.0,2.0,184,2.918128490447998,0,0.0,0,0.0,0,53.49789810180664,2,7
SH,GM,73,1922,199,199,19.900000000000002,0.2909424602985382,0.35073989629745483,1.3336502313613892,1.58377206325531,0.30656033754348755,0,-1,1,199,1.0,2.0,199,1.3952833414077759,0,0.0,0,0.0,0,3.5580122470855713,1,6
SH,GM,73,1923,143,143,14.3,0.4305673837661743,0.5295592546463013,8.477148056030273,9.89898681640625,1.3325226306915283,0,-1,0,0,0.0,2.0,143,2.566905975341797,0,0.0,0,0.0,0,23.4554500579834,1,6
SH,GM,73,1924,380,380,38.0,0.24123094975948334,0.3077690601348877,14.456975936889648,16.42215919494629,0.7070228457450867,0,-1,0,0,0.0,2.0,380,2.121936798095703,0,0.0,0,0.0,0,6.3369526863098145,1,6
SH,GM,73,1925,575,575,57.5,0.17631393671035767,0.24208688735961914,0.898526668548584,1.3015905618667603,0.2618969976902008,0,-1,0,0,0.0,2.0,575,2.675973892211914,0,0.0,0,0.0,0,2.560326337814331,1,6
SH,GM,73,1926,135,135,13.5,0.3941101133823395,0.44841331243515015,3.116410970687866,3.6730895042419434,0.7363730072975159,0,-1,1,66,0.4888888888888889,2.0,135,1.8319859504699707,0,0.0,0,0.0,0,3.9395432472229004,0,5
SH,GM,73,1927,296,296,29.6,0.1696438491344452,0.2171032577753067,8.271804809570312,11.280852317810059,0.8086392879486084,0,-1,1,296,1.0,2.0,296,0.5086095333099365,0,0.0,0,0.0,0,14.508747100830078,1,6
SH,GM,73,1928,191,191,19.1,0.17448009550571442,0.2167944461107254,5.124743938446045,6.502781391143799,0.6575109958648682,0,-1,0,0,0.0,2.0,191,2.6569314002990723,0,0.0,0,0.0,0,59.8323860168457,1,6
SH,GM,73,1929,1755,1755,175.5,0.19284574687480927,0.24276664853096008,10.413211822509766,12.680707931518555,0.6722836494445801,0,-1,1,1755,1.0,2.0,1755,0.5389576554298401,0,0.0,0,0.0,0,9.539815902709961,2,7
SH,GM,73,1930,285,285,28.5,0.10469991713762283,0.13197214901447296,2.841916561126709,3.4035956859588623,0.4646588861942291,0,-1,0,0,0.0,2.0,285,2.1014404296875,0,0.0,0,0.0,0,41.20701599121094,1,6
SH,GM,73,1931,144,144,14.4,0.24666070938110352,0.2892332971096039,3.971327066421509,5.046753883361816,0.6575413346290588,0,-1,1,144,1.0,2.0,144,0.779197096824646,0,0.0,0,0.0,0,12.505864143371582,2,7
SH,GM,73,1932,682,682,68.2,0.374437540769577,0.4810069799423218,2.269599676132202,2.6873581409454346,0.40192747116088867,0,-1,1,682,1.0,2.0,682,0.8094604015350342,0,0.0,0,0.0,0,0.4672030210494995,0,5
SH,GM,73,1933,236,236,23.6,0.22740177810192108,0.2952463924884796,8.746379852294922,9.645878791809082,0.5952056646347046,0,-1,0,0,0.0,2.0,236,2.920611619949341,0,0.0,0,0.0,0,8.740979194641113,1,6
SH,GM,73,1934,372,372,37.2,0.5847334265708923,0.8612802624702454,12.57649040222168,14.080368041992188,1.2161835432052612,0,-1,0,0,0.0,2.0,372,3.4439148902893066,0,0.0,0,0.0,0,12.4780912399292,0,5
SH,GM,73,1935,157,157,15.700000000000001,0.4574996531009674,0.5876936912536621,14.65095043182373,17.8004207611084,2.278684616088867,0,-1,0,0,0.0,2.0,157,2.5089004039764404,0,0.0,0,0.0,0,7.411800861358643,2,7
SH,GM,73,1936,144,144,14.4,0.5103986263275146,0.6395086050033569,2.629368782043457,4.426535606384277,1.144217848777771,0,-1,1,144,1.0,2.0,144,0.6811654567718506,0,0.0,0,0.0,0,2.8808982372283936,0,5
SH,GM,73,1937,155,155,15.5,0.23572967946529388,0.28244855999946594,3.6330173015594482,4.565661430358887,0.6561345458030701,0,-1,0,0,0.0,2.0,155,2.662526845932007,0,0.0,0,0.0,0,2.685225009918213,2,7
SH,GM,73,1938,174,174,17.400000000000002,0.3675074875354767,0.5094926953315735,8.866397857666016,9.740200996398926,0.8638749122619629,0,-1,1,38,0.21839080459770116,2.0,174,1.8928580284118652,0,0.0,0,0.0,0,20.60734748840332,1,6
SH,GM,73,1939,201,201,20.1,0.31200581789016724,0.4034441113471985,17.21689224243164,21.264827728271484,2.228205680847168,0,-1,0,0,0.0,2.0,201,6.216355323791504,0,0.0,0,0.0,0,16.500051498413086,1,6
SH,GM,73,1940,327,327,32.7,0.28907740116119385,0.35922378301620483,8.799675941467285,9.513492584228516,0.6725282073020935,0,-1,1,42,0.12844036697247707,2.0,327,1.6908364295959473,0,0.0,0,0.0,0,21.099672317504883,1,6
SH,GM,73,1941,358,358,35.800000000000004,0.4541319012641907,0.6175965070724487,7.027358055114746,8.11082935333252,0.8968852162361145,0,-1,0,0,0.0,2.0,358,2.751936912536621,0,0.0,0,0.0,0,4.524705410003662,0,5
SH,GM,73,1942,236,236,23.6,0.3128867745399475,0.38134390115737915,6.349040508270264,7.6370320320129395,0.7922648787498474,0,-1,0,0,0.0,2.0,236,2.454897165298462,0,0.0,0,0.0,0,2.196237802505493,2,7
SH,GM,73,1943,131,131,13.100000000000001,0.42710721492767334,0.5092331767082214,1.4578831195831299,1.8989957571029663,0.5576984286308289,0,-1,0,0,0.0,2.0,131,2.2782585620880127,0,0.0,0,0.0,0,5.046595096588135,1,6
SH,GM,73,1944,317,317,31.700000000000003,0.40279969573020935,0.46554645895957947,4.110922813415527,4.951309680938721,0.5470665097236633,0,-1,1,119,0.3753943217665615,2.0,317,0.5584008693695068,0,0.0,0,0.0,0,0.19765552878379822,1,6
SH,GM,73,1945,504,504,50.400000000000006,0.2799587547779083,0.38710883259773254,37.25819778442383,42.04948806762695,1.6514462232589722,0,-1,0,0,0.0,2.0,504,2.0652732849121094,0,0.0,0,0.0,0,8.78039264678955,1,6
SH,GM,73,1946,641,641,64.10000000000001,0.2570682168006897,0.4232655465602875,3.8554039001464844,4.387356281280518,0.5035212635993958,1,609,1,609,0.9500780031201248,2.0,609,0.0,0,0.0,0,0.0,0,0.0,0,5
SH,GM,73,1947,154,154,15.4,0.21602877974510193,0.2589394450187683,3.565319538116455,4.768169403076172,0.6726043820381165,0,-1,0,0,0.0,2.0,154,3.2305030822753906,0,0.0,0,0.0,0,87.46678161621094,1,6
SH,GM,73,1948,263,263,26.3,0.32084450125694275,0.4575973451137543,8.115352630615234,10.375563621520996,0.7775186896324158,0,-1,1,263,1.0,2.0,263,1.0930510759353638,0,0.0,0,0.0,0,20.62558364868164,1,6
SH,GM,73,1949,470,470,47.0,0.32722437381744385,0.4078788459300995,16.056493759155273,19.012046813964844,1.047976016998291,0,-1,0,0,0.0,2.0,470,2.16260027885437,0,0.0,0,0.0,0,19.008502960205078,1,6
SH,GM,73,1950,215,215,21.5,0.18259215354919434,0.21110720932483673,6.054789066314697,7.7978315353393555,0.864416241645813,0,-1,0,0,0.0,2.0,215,3.4582114219665527,0,0.0,0,0.0,0,76.39187622070312,1,6
SH,GM,73,1951,169,169,16.900000000000002,0.4681696593761444,0.5420047640800476,4.008049488067627,4.6278767585754395,1.1917309761047363,0,-1,1,169,1.0,2.0,169,0.44125837087631226,0,0.0,0,0.0,0,7.666980266571045,0,5
SH,GM,73,1952,272,272,27.200000000000003,0.17837035655975342,0.22051531076431274,5.242801189422607,5.675112247467041,0.3841480314731598,0,-1,1,272,1.0,2.0,272,1.0886348485946655,0,0.0,0,0.0,0,8.543428421020508,2,7
SH,GM,73,1953,437,437,43.7,0.22450777888298035,0.2966710925102234,13.091473579406738,14.54727840423584,0.7174822092056274,0,-1,0,0,0.0,2.0,437,2.9007010459899902,0,0.0,0,0.0,0,22.46501350402832,1,6
SH,GM,73,1954,477,477,47.7,0.23811888694763184,0.2878671884536743,0.6765848994255066,0.8214172124862671,0.24094130098819733,0,-1,0,0,0.0,2.0,477,2.964447498321533,0,0.0,0,0.0,0,4.699679851531982,0,5
SH,GM,73,1955,145,145,14.5,0.24711109697818756,0.29015052318573,2.11627197265625,2.9591240882873535,0.6448509693145752,0,-1,1,145,1.0,2.0,145,1.3045490980148315,0,0.0,0,0.0,0,12.071823120117188,1,6
SH,GM,73,1956,150,150,15.0,0.3623765707015991,0.4223949909210205,1.00360906124115,1.354297161102295,0.35180041193962097,0,-1,1,135,0.9,2.0,150,1.086267352104187,0,0.0,0,0.0,0,3.3093440532684326,2,7
SH,GM,73,1957,157,157,15.700000000000001,0.25297465920448303,0.338379442691803,7.665779113769531,9.07723331451416,1.0831103324890137,0,-1,1,157,1.0,2.0,157,0.6635580062866211,0,0.0,0,0.0,0,9.606169700622559,0,5
SH,GM,73,1958,137,137,13.700000000000001,0.34295016527175903,0.44296419620513916,4.786657810211182,5.850700378417969,0.9191640615463257,0,-1,0,0,0.0,2.0,137,2.9385929107666016,0,0.0,0,0.0,0,19.17890739440918,1,6
SH,GM,73,1959,131,131,13.100000000000001,0.26765885949134827,0.3057914674282074,1.478672742843628,2.0329952239990234,0.38097137212753296,0,-1,1,131,1.0,2.0,131,0.8991343975067139,0,0.0,0,0.0,0,7.3104248046875,2,7
SH,GM,73,1960,639,639,63.900000000000006,0.2624751925468445,0.32935354113578796,3.967885732650757,5.4501543045043945,0.6159572005271912,0,-1,1,639,1.0,2.0,639,1.0324138402938843,0,0.0,0,0.0,0,11.24771785736084,0,5
SH,GM,73,1961,349,349,34.9,0.4040957987308502,0.47487953305244446,7.66282844543457,9.833191871643066,0.9504632353782654,0,-1,0,0,0.0,2.0,349,2.6632802486419678,0,0.0,0,0.0,0,5.472965717315674,1,6
SH,GM,73,1962,221,221,22.1,0.25706127285957336,0.3538973927497864,30.49445915222168,37.519798278808594,3.188952684402466,0,-1,0,0,0.0,2.0,221,5.31699800491333,0,0.0,0,0.0,0,19.112701416015625,0,5
SH,GM,73,1963,271,271,27.1,0.3378456234931946,0.5416747331619263,7.263033866882324,7.961136341094971,0.5526499152183533,0,-1,1,4,0.014760147601476014,2.0,271,1.9813603162765503,0,0.0,0,0.0,0,5.338234901428223,0,5
SH,GM,73,1964,199,199,19.900000000000002,0.3456592261791229,0.47517773509025574,1.1463907957077026,2.058560848236084,0.5573798418045044,0,-1,1,199,1.0,2.0,199,1.70039701461792,0,0.0,0,0.0,0,17.73583984375,2,7
SH,GM,73,1965,132,132,13.200000000000001,0.3358886241912842,0.4135863184928894,0.4620397090911865,0.5752955079078674,0.2758297026157379,0,-1,1,58,0.4393939393939394,2.0,132,1.94797682762146,0,0.0,0,0.0,0,1.8859974145889282,2,7
SH,GM,73,1966,193,193,19.3,0.26281291246414185,0.32266324758529663,1.681289792060852,2.1248786449432373,0.5108023881912231,0,-1,0,0,0.0,2.0,193,2.2045469284057617,0,0.0,0,0.0,0,10.202852249145508,2,7
SH,GM,73,1967,405,405,40.5,0.21191692352294922,0.29163026809692383,3.123140811920166,3.4585111141204834,0.24527853727340698,0,-1,0,0,0.0,2.0,405,3.208021640777588,0,0.0,0,0.0,0,3.79089093208313,1,6
SH,GM,73,1968,408,408,40.800000000000004,0.3865506052970886,0.5400540828704834,18.633922576904297,21.899490356445312,1.4520509243011475,0,-1,0,0,0.0,2.0,408,2.96199893951416,0,0.0,0,0.0,0,3.6471288204193115,1,6
SH,GM,73,1969,310,310,31.0,0.1290697306394577,0.163161963224411,16.345369338989258,20.94767189025879,1.3426817655563354,0,-1,0,0,0.0,2.0,310,2.356130361557007,0,0.0,0,0.0,0,74.66886901855469,2,7
SH,GM,73,1970,133,133,13.3,0.37993282079696655,0.41868525743484497,3.0795769691467285,4.246538162231445,1.3515534400939941,0,-1,1,118,0.8872180451127819,2.0,133,1.318613052368164,0,0.0,0,0.0,0,19.778573989868164,0,5
SH,GM,73,1971,353,353,35.300000000000004,0.11042974889278412,0.15463367104530334,2.514436721801758,2.941058874130249,0.29881802201271057,0,-1,1,353,1.0,2.0,353,1.0663906335830688,0,0.0,0,0.0,0,30.12858009338379,1,6
SH,GM,73,1972,239,239,23.900000000000002,0.5806732177734375,0.7889434695243835,4.642341613769531,6.167949676513672,1.192483901977539,0,-1,1,181,0.7573221757322176,2.0,239,0.7920747995376587,0,0.0,0,0.0,0,0.32911792397499084,1,6
SH,GM,73,1973,143,143,14.3,0.17549997568130493,0.2135990858078003,2.223519802093506,2.6232075691223145,0.35716795921325684,0,-1,1,143,1.0,2.0,143,1.1094436645507812,0,0.0,0,0.0,0,22.013423919677734,2,7
SH,GM,73,1974,142,142,14.200000000000001,0.23650570213794708,0.27142760157585144,5.562106132507324,7.362694263458252,1.2135289907455444,0,-1,1,96,0.676056338028169,2.0,142,1.72527277469635,0,0.0,0,0.0,0,47.28103256225586,0,5
SH,GM,73,1975,138,138,13.8,0.18004432320594788,0.25289109349250793,5.311795711517334,7.213862895965576,1.2098267078399658,0,-1,0,0,0.0,2.0,138,2.6711666584014893,0,0.0,0,0.0,0,6.86592960357666,0,5
SH,GM,73,1976,653,653,65.3,0.36282286047935486,0.4725289046764374,4.776137828826904,5.833946704864502,0.7384139895439148,0,-1,1,209,0.32006125574272587,2.0,653,1.7320573329925537,0,0.0,0,0.0,0,1.5050193071365356,1,6
SH,GM,73,1977,351,351,35.1,0.21774931252002716,0.2688887119293213,13.66153335571289,17.518840789794922,1.0631542205810547,0,-1,1,72,0.20512820512820512,2.0,351,1.2991797924041748,0,0.0,0,0.0,0,3.4371395111083984,1,6
SH,GM,73,1978,238,238,23.8,0.32313141226768494,0.4049992263317108,1.3220328092575073,1.470083475112915,0.4284566342830658,0,-1,1,238,1.0,2.0,238,1.299028754234314,0,0.0,0,0.0,0,2.197591543197632,0,5
SH,GM,73,1979,173,173,17.3,0.41690799593925476,0.5259907245635986,5.844884395599365,6.8755645751953125,0.8007461428642273,0,-1,1,173,1.0,2.0,173,0.4123270809650421,0,0.0,0,0.0,0,1.422966718673706,1,6
SH,GM,73,1980,434,434,43.400000000000006,0.19834712147712708,0.2942606210708618,3.1582260131835938,5.196157455444336,0.40892016887664795,0,-1,1,434,1.0,2.0,434,0.36310654878616333,0,0.0,0,0.0,0,4.614405632019043,0,5
SH,GM,73,1981,148,148,14.8,0.29934266209602356,0.357909232378006,1.9004801511764526,2.7927803993225098,0.5585805177688599,0,-1,0,0,0.0,2.0,148,2.323920965194702,0,0.0,0,0.0,0,12.815011024475098,0,5
SH,GM,73,1982,152,152,15.200000000000001,0.505372166633606,0.6837063431739807,3.232628583908081,3.4526312351226807,0.5100731253623962,0,-1,1,152,1.0,2.0,152,0.4076468348503113,0,0.0,0,0.0,0,0.6236574053764343,0,5
SH,GM,73,1983,213,213,21.3,0.26237961649894714,0.30405375361442566,17.869237899780273,24.084583282470703,2.3457729816436768,0,-1,0,0,0.0,2.0,213,7.127854824066162,0,0.0,0,0.0,0,56.00541687011719,2,7
SH,GM,73,1984,447,447,44.7,0.12694093585014343,0.17485643923282623,5.780003547668457,6.135281562805176,0.3472645878791809,0,-1,1,447,1.0,2.0,447,1.0695879459381104,0,0.0,0,0.0,0,18.71795082092285,1,6
SH,GM,73,1985,176,176,17.6,0.1331995129585266,0.16035400331020355,3.5034477710723877,4.473769187927246,0.4567241966724396,0,-1,0,0,0.0,2.0,176,2.6958694458007812,0,0.0,0,0.0,0,46.09957504272461,2,7
SH,GM,73,1986,1203,1203,120.30000000000001,0.2472389042377472,0.34236830472946167,1.52239990234375,1.8307310342788696,0.3901807963848114,0,-1,1,1127,0.9368246051537822,2.0,1203,1.386016845703125,0,0.0,0,0.0,0,1.3895913362503052,0,5
SH,GM,73,1987,133,133,13.3,0.18605297803878784,0.25566479563713074,1.1438614130020142,1.3070803880691528,0.23161107301712036,0,-1,0,0,0.0,2.0,133,3.618476390838623,0,0.0,0,0.0,0,3.762086868286133,1,6
SH,GM,73,1988,214,214,21.400000000000002,0.16419248282909393,0.2161751091480255,2.4431040287017822,2.7644004821777344,0.22555011510849,0,-1,1,135,0.6308411214953271,2.0,214,1.4570448398590088,0,0.0,0,0.0,0,32.8045654296875,2,7
SH,GM,73,1989,426,426,42.6,0.22734306752681732,0.2892790734767914,13.274435043334961,15.011321067810059,0.7203218936920166,0,-1,1,95,0.22300469483568075,2.0,426,1.4951214790344238,0,0.0,0,0.0,0,11.591604232788086,2,7
SH,GM,73,1990,171,171,17.1,0.39690226316452026,0.5472574234008789,6.737633228302002,8.04291820526123,1.2834742069244385,0,-1,0,0,0.0,2.0,171,2.774031162261963,0,0.0,0,0.0,0,8.416970252990723,0,5
SH,GM,73,1991,403,403,40.300000000000004,0.3327692449092865,0.38437333703041077,17.994741439819336,19.827890396118164,1.0736628770828247,0,-1,0,0,0.0,2.0,403,2.669875144958496,0,0.0,0,0.0,0,30.31963348388672,1,6
SH,GM,73,1992,306,306,30.6,0.5822048783302307,0.6895551681518555,14.953890800476074,18.349740982055664,2.1104836463928223,1,294,1,54,0.17647058823529413,2.0,294,0.0,0,0.0,0,0.0,0,0.0,1,6
SH,GM,73,1993,285,285,28.5,0.4593128263950348,0.6149033904075623,6.53958797454834,6.9169816970825195,0.6452202796936035,0,-1,0,0,0.0,2.0,285,4.488389492034912,0,0.0,0,0.0,0,12.027265548706055,2,7
SH,GM,73,1994,347,347,34.7,0.21656396985054016,0.28199008107185364,9.83871841430664,11.541830062866211,0.6358637809753418,0,-1,1,94,0.27089337175792505,2.0,347,1.7859134674072266,0,0.0,0,0.0,0,31.398517608642578,0,5
SH,GM,73,1995,207,207,20.700000000000003,0.2533932626247406,0.3556653559207916,0.6519693732261658,0.8467472791671753,0.26305705308914185,0,-1,1,207,1.0,2.0,207,1.1756629943847656,0,0.0,0,0.0,0,1.0358420610427856,0,5
SH,GM,73,1996,279,279,27.900000000000002,0.14697995781898499,0.17886048555374146,9.810654640197754,11.841609001159668,0.698814332485199,0,-1,0,0,0.0,2.0,279,2.486598491668701,0,0.0,0,0.0,0,41.524864196777344,0,5
SH,GM,73,1997,309,309,30.900000000000002,0.3181098997592926,0.3954828083515167,2.67830491065979,3.0280168056488037,0.6102477312088013,0,-1,1,309,1.0,2.0,309,0.44166871905326843,0,0.0,0,0.0,0,4.723449230194092,2,7
SH,GM,73,1998,146,146,14.600000000000001,0.3312762677669525,0.4045105576515198,0.667693018913269,0.7852022051811218,0.23545366525650024,0,-1,0,0,0.0,2.0,146,3.3467869758605957,0,0.0,0,0.0,0,3.099632978439331,1,6
SH,GM,73,1999,202,202,20.200000000000003,0.4455317556858063,0.5696848630905151,2.363102436065674,3.38567852973938,0.6854496598243713,0,-1,1,127,0.6287128712871287,2.0,202,1.6882023811340332,0,0.0,0,0.0,0,1.5517966747283936,0,5
SH,GM,73,2000,1000,1000,100.0,0.3933570086956024,0.5780642628669739,7.31854772567749,8.127876281738281,3.962587356567383,1,303,1,294,0.294,2.0,303,0.0,0,0.0,0,0.0,0,0.0,2,7
SH,GM,73,2001,937,937,93.7,0.27468058466911316,0.35116320848464966,2.706057548522949,3.3396737575531006,0.4623982310295105,0,-1,1,892,0.951974386339381,2.0,937,0.8079545497894287,0,0.0,0,0.0,0,0.3354043960571289,0,5
SH,GM,73,2002,464,464,46.400000000000006,0.30232006311416626,0.39013001322746277,7.906985759735107,8.667702674865723,1.45913565158844,1,260,1,260,0.5603448275862069,2.0,260,0.0,0,0.0,0,0.0,0,0.0,2,7
SH,GM,73,2003,608,608,60.800000000000004,0.3110635578632355,0.40605124831199646,1.8545327186584473,2.224395513534546,0.4539293050765991,0,-1,0,0,0.0,2.0,608,2.611741304397583,0,0.0,0,0.0,0,2.757059097290039,0,5
SH,GM,73,2004,241,241,24.1,0.1514735370874405,0.19087255001068115,7.875672340393066,9.456918716430664,0.6195394396781921,0,-1,1,241,1.0,2.0,241,1.2251369953155518,0,0.0,0,0.0,0,19.965190887451172,0,5
SH,GM,73,2005,298,298,29.8,0.5777478218078613,0.6727055311203003,10.456877708435059,11.986776351928711,5.332068920135498,1,101,1,101,0.3389261744966443,2.0,101,0.0,0,0.0,0,0.0,0,0.0,1,6
SH,GM,73,2006,155,155,15.5,0.17776308953762054,0.20375555753707886,3.076453924179077,3.951972723007202,0.5894502401351929,0,-1,0,0,0.0,2.0,155,2.1706502437591553,0,0.0,0,0.0,0,31.815378189086914,0,5
SH,GM,73,2007,214,214,21.400000000000002,0.3399146497249603,0.4667995274066925,4.069915294647217,5.1089606285095215,0.6986058950424194,0,-1,1,214,1.0,2.0,214,0.16027802228927612,0,0.0,0,0.0,0,1.2867975234985352,0,5
SH,GM,73,2008,163,163,16.3,0.13693372905254364,0.16588306427001953,1.1462432146072388,1.3250553607940674,0.4648005962371826,0,-1,0,0,0.0,2.0,163,8.18301773071289,0,0.0,0,0.0,0,25.830120086669922,0,5
SH,GM,73,2009,186,186,18.6,0.5249758362770081,0.6550787091255188,7.731112480163574,10.841790199279785,1.4710854291915894,0,-1,1,147,0.7903225806451613,2.0,186,1.1295278072357178,0,0.0,0,0.0,0,6.256295680999756,0,5
SH,GM,73,2010,233,233,23.3,0.44006627798080444,0.4929734170436859,10.187854766845703,11.273442268371582,0.98234623670578,0,-1,0,0,0.0,2.0,233,2.373859405517578,0,0.0,0,0.0,0,34.23588180541992,0,5
SH,GM,73,2011,320,320,32.0,0.3466269373893738,0.4330611228942871,3.492713212966919,5.051964282989502,0.6766563653945923,0,-1,1,141,0.440625,2.0,320,1.124257206916809,0,0.0,0,0.0,0,3.8204259872436523,2,7
SH,GM,73,2012,210,210,21.0,0.3125526010990143,0.39087554812431335,3.794934034347534,4.805776119232178,0.8143137693405151,0,-1,1,37,0.1761904761904762,2.0,210,1.4825613498687744,0,0.0,0,0.0,0,6.681077003479004,2,7
SH,GM,73,2013,226,226,22.6,0.2592945694923401,0.3451463580131531,4.563765048980713,5.557365417480469,0.8768581748008728,0,-1,0,0,0.0,2.0,226,2.4384710788726807,0,0.0,0,0.0,0,4.356634140014648,1,6
SH,GM,73,2014,583,583,58.300000000000004,0.44970184564590454,0.6777512431144714,7.6060943603515625,9.136224746704102,1.1194655895233154,0,-1,1,583,1.0,2.0,583,0.13186617195606232,0,0.0,0,0.0,0,2.182553768157959,1,6
SH,GM,73,2015,236,236,23.6,0.16511601209640503,0.20055508613586426,3.8106653690338135,5.272317409515381,0.523796021938324,0,-1,1,200,0.847457627118644,2.0,236,1.3630115985870361,0,0.0,0,0.0,0,25.818355560302734,0,5
SH,GM,73,2016,413,413,41.300000000000004,0.11559783667325974,0.14063408970832825,17.392576217651367,20.24580192565918,0.8861081004142761,0,-1,1,413,1.0,2.0,413,1.1872994899749756,0,0.0,0,0.0,0,24.51015853881836,2,7
SH,GM,73,2017,530,530,53.0,0.447225958108902,0.6653175950050354,3.203700304031372,3.5885376930236816,0.5299063324928284,1,509,1,460,0.8679245283018868,2.0,509,0.0,0,0.0,0,0.0,0,0.0,2,7
SH,GM,73,2018,295,295,29.5,0.22909608483314514,0.31734931468963623,8.78220272064209,9.694169998168945,0.5134508609771729,0,-1,1,295,1.0,2.0,295,0.4373401701450348,0,0.0,0,0.0,0,5.944947242736816,1,6
SH,GM,73,2019,297,297,29.700000000000003,0.4432220458984375,0.5458178520202637,5.741703510284424,6.593605995178223,0.664489209651947,0,-1,1,278,0.936026936026936,2.0,297,1.3714452981948853,0,0.0,0,0.0,0,2.431445360183716,2,7
SH,GM,73,2020,353,353,35.300000000000004,0.4116162955760956,0.51025390625,4.839156150817871,5.186763763427734,1.7996515035629272,1,174,1,174,0.49291784702549574,2.0,174,0.0,0,0.0,0,0.0,0,0.0,2,7
SH,GM,73,2021,151,151,15.100000000000001,0.12102127075195312,0.154534712433815,5.547227382659912,6.800121784210205,0.7787905335426331,0,-1,1,103,0.6821192052980133,2.0,151,1.4512988328933716,0,0.0,0,0.0,0,26.653255462646484,0,5
SH,GM,73,2022,332,332,33.2,0.30464619398117065,0.4476419985294342,4.950547695159912,6.6469831466674805,1.887947678565979,1,262,1,262,0.7891566265060241,2.0,262,0.0,0,0.0,0,0.0,0,0.0,1,6
SH,GM,73,2023,141,141,14.100000000000001,0.2435372769832611,0.30848217010498047,1.3770804405212402,1.5126177072525024,0.30750343203544617,0,-1,1,10,0.07092198581560284,2.0,141,1.9796236753463745,0,0.0,0,0.0,0,19.610767364501953,1,6
SH,GM,73,2024,1172,1172,117.2,0.27105048298835754,0.3425292670726776,3.683966636657715,4.684683799743652,0.5825363397598267,0,-1,1,1039,0.886518771331058,2.0,1172,0.5472023487091064,0,0.0,0,0.0,0,5.425225257873535,1,6
SH,GM,73,2025,1176,1176,117.60000000000001,0.3472627103328705,0.45459362864494324,4.695323467254639,7.934196949005127,0.6427683234214783,0,-1,1,1070,0.9098639455782312,2.0,1176,0.4089828431606293,0,0.0,0,0.0,0,2.9539401531219482,0,5
SH,GM,73,2026,357,357,35.7,0.3126890957355499,0.35187864303588867,9.861308097839355,11.045459747314453,0.732045590877533,0,-1,0,0,0.0,2.0,357,2.893775224685669,0,0.0,0,0.0,0,6.526909828186035,1,6
SH,GM,73,2027,287,287,28.700000000000003,0.33188268542289734,0.4403279423713684,6.263652324676514,6.889044761657715,0.8063971996307373,0,-1,0,0,0.0,2.0,287,2.147783041000366,0,0.0,0,0.0,0,12.169844627380371,2,7
SH,GM,73,2028,160,160,16.0,0.19465993344783783,0.2742955684661865,10.871992111206055,13.169031143188477,1.5293093919754028,0,-1,1,160,1.0,2.0,160,0.7592282891273499,0,0.0,0,0.0,0,12.302927017211914,2,7
SH,GM,73,2029,151,151,15.100000000000001,0.3738537132740021,0.5052820444107056,1.2547067403793335,1.7683453559875488,0.47720128297805786,0,-1,0,0,0.0,2.0,151,3.1213560104370117,0,0.0,0,0.0,0,5.580197334289551,1,6
SH,GM,73,2030,211,211,21.1,0.21250124275684357,0.3039209246635437,1.6288764476776123,2.0948331356048584,0.31799277663230896,0,-1,0,0,0.0,2.0,211,4.876522064208984,0,0.0,0,0.0,0,5.7369489669799805,1,6
SH,GM,73,2031,334,334,33.4,0.33285120129585266,0.4297410845756531,3.4826302528381348,6.321472644805908,1.0125350952148438,0,-1,1,247,0.7395209580838323,2.0,334,1.2993489503860474,0,0.0,0,0.0,0,3.7691550254821777,0,5
SH,GM,73,2032,600,600,60.0,0.1624942570924759,0.23809514939785004,10.112394332885742,11.516437530517578,0.8135082721710205,0,-1,0,0,0.0,2.0,600,2.2013447284698486,0,0.0,0,0.0,0,47.24449920654297,2,7
SH,GM,73,2033,398,398,39.800000000000004,0.2828366756439209,0.390592485666275,8.80945873260498,10.353363037109375,0.5130131244659424,0,-1,1,398,1.0,2.0,398,0.3088594079017639,0,0.0,0,0.0,0,2.578439235687256,2,7
SH,GM,73,2034,274,274,27.400000000000002,0.26930174231529236,0.3313700556755066,6.762400150299072,7.674762725830078,0.5419843196868896,0,-1,1,104,0.3795620437956204,2.0,274,1.6054953336715698,0,0.0,0,0.0,0,3.4378585815429688,2,7
SH,GM,73,2035,188,188,18.8,0.26368141174316406,0.3850308656692505,6.0906476974487305,6.9361701011657715,0.8839243650436401,0,-1,1,188,1.0,2.0,188,0.288491427898407,0,0.0,0,0.0,0,5.020886421203613,2,7
SH,GM,73,2036,353,353,35.300000000000004,0.43509796261787415,0.5562414526939392,19.483482360839844,22.935874938964844,2.0043649673461914,0,-1,1,36,0.10198300283286119,2.0,353,1.7780028581619263,0,0.0,0,0.0,0,4.343710422515869,0,5
SH,GM,73,2037,1679,1679,167.9,0.24430032074451447,0.3384578227996826,6.202914237976074,7.107162952423096,0.46837666630744934,0,-1,0,0,0.0,2.0,1679,2.030479907989502,0,0.0,0,0.0,0,2.5625345706939697,2,7
SH,GM,73,2038,585,585,58.5,0.20292209088802338,0.30782076716423035,2.3357484340667725,2.9480059146881104,0.37421706318855286,1,573,1,442,0.7555555555555555,2.0,573,0.0,0,0.0,0,0.0,0,0.0,1,6
SH,GM,73,2039,184,184,18.400000000000002,0.2993203103542328,0.3908914029598236,6.825656414031982,7.902930736541748,0.8509288430213928,0,-1,1,184,1.0,2.0,184,1.1573721170425415,0,0.0,0,0.0,0,24.696395874023438,0,5
SH,GM,73,2040,171,171,17.1,0.28783118724823,0.3610287606716156,5.733878135681152,7.176919460296631,0.7522314190864563,0,-1,0,0,0.0,2.0,171,4.614302158355713,0,0.0,0,0.0,0,16.057209014892578,1,6
SH,GM,73,2041,174,174,17.400000000000002,0.3071881830692291,0.39587005972862244,1.0361343622207642,1.1927704811096191,0.3729691207408905,0,-1,1,174,1.0,2.0,174,0.48758500814437866,0,0.0,0,0.0,0,2.759996175765991,2,7
SH,GM,73,2042,265,265,26.5,0.1584690362215042,0.1962021440267563,8.588818550109863,9.7567138671875,0.759315013885498,0,-1,0,0,0.0,2.0,265,2.273698091506958,0,0.0,0,0.0,0,14.471158027648926,2,7
SH,GM,73,2043,325,325,32.5,0.273131787776947,0.36687105894088745,3.7425484657287598,4.177077770233154,0.3780760169029236,0,-1,1,325,1.0,2.0,325,0.5850005745887756,0,0.0,0,0.0,0,2.741802215576172,2,7
SH,GM,73,2044,242,242,24.200000000000003,0.31482598185539246,0.3818845748901367,7.58298921585083,11.168221473693848,1.4992709159851074,0,-1,1,85,0.3512396694214876,2.0,242,1.4850023984909058,0,0.0,0,0.0,0,5.76021146774292,0,5
SH,GM,73,2045,313,313,31.3,0.3311629295349121,0.4224720001220703,12.601744651794434,16.89457130432129,1.5060759782791138,0,-1,0,0,0.0,2.0,313,3.279263734817505,0,0.0,0,0.0,0,3.5415468215942383,0,5
SH,GM,73,2046,234,234,23.400000000000002,0.3759438395500183,0.5350508689880371,2.3707475662231445,2.877385139465332,0.39355844259262085,0,-1,0,0,0.0,2.0,234,2.7756707668304443,0,0.0,0,0.0,0,5.915445327758789,0,5
SH,GM,73,2047,165,165,16.5,0.34201857447624207,0.41579869389533997,4.661532402038574,5.1805195808410645,0.7215321660041809,0,-1,0,0,0.0,2.0,165,2.758730888366699,0,0.0,0,0.0,0,14.79518985748291,0,5
SH,GM,73,2048,392,392,39.2,0.3112896978855133,0.4166249632835388,1.332904577255249,1.5914723873138428,0.47898030281066895,1,357,1,357,0.9107142857142857,2.0,357,0.0,0,0.0,0,0.0,0,0.0,1,6
SH,GM,73,2049,141,141,14.100000000000001,0.534235954284668,0.6472760438919067,3.5268990993499756,4.425756454467773,0.6327204704284668,0,-1,1,141,1.0,2.0,141,0.2882601320743561,0,0.0,0,0.0,0,3.5228846073150635,2,7
SH,GM,73,2050,271,271,27.1,0.2123931497335434,0.26270580291748047,2.4471616744995117,3.0908820629119873,0.29839587211608887,0,-1,1,271,1.0,2.0,271,0.7253413200378418,0,0.0,0,0.0,0,11.606302261352539,1,6
SH,GM,73,2051,365,365,36.5,0.44899481534957886,0.5294424891471863,5.664255619049072,6.473962306976318,1.822574496269226,1,247,1,247,0.6767123287671233,2.0,247,0.0,0,0.0,0,0.0,0,0.0,1,6
SH,GM,73,2052,296,296,29.6,0.20028087496757507,0.24383306503295898,1.885342001914978,2.1307928562164307,0.44592180848121643,0,-1,1,296,1.0,2.0,296,0.852604329586029,0,0.0,0,0.0,0,15.52858829498291,2,7
SH,GM,73,2053,149,149,14.9,0.2073233276605606,0.261262983083725,5.126125335693359,6.151670455932617,0.6428216099739075,0,-1,0,0,0.0,2.0,149,2.096975803375244,0,0.0,0,0.0,0,46.878475189208984,1,6
SH,GM,73,2054,133,133,13.3,0.22322143614292145,0.2701689302921295,4.817739486694336,5.716582775115967,0.6959953308105469,0,-1,0,0,0.0,2.0,133,2.50188946723938,0,0.0,0,0.0,0,20.063764572143555,2,7
SH,GM,73,2055,192,192,19.200000000000003,0.22601580619812012,0.32596829533576965,2.2414629459381104,2.379533529281616,0.25509175658226013,0,-1,0,0,0.0,2.0,192,3.5287137031555176,0,0.0,0,0.0,0,4.6709885597229,1,6
SH,GM,73,2056,856,856,85.60000000000001,0.18722623586654663,0.2446843981742859,23.612709045410156,26.894287109375,0.8775779008865356,0,-1,1,114,0.13317757009345793,2.0,856,1.9315086603164673,0,0.0,0,0.0,0,37.511165618896484,2,7
SH,GM,73,2057,319,319,31.900000000000002,0.6245152354240417,0.8645723462104797,6.2057204246521,7.00428581237793,2.130188226699829,1,130,1,130,0.40752351097178685,2.0,130,0.0,0,0.0,0,0.0,0,0.0,1,6
SH,GM,73,2058,150,150,15.0,0.28174322843551636,0.36995017528533936,3.786564826965332,4.21369743347168,0.6138134002685547,0,-1,1,101,0.6733333333333333,2.0,150,1.502934217453003,0,0.0,0,0.0,0,9.977559089660645,0,5
SH,GM,73,2059,191,191,19.1,0.30980274081230164,0.4063483476638794,10.936346054077148,12.494964599609375,1.1421570777893066,0,-1,0,0,0.0,2.0,191,3.127987861633301,0,0.0,0,0.0,0,8.852856636047363,2,7
SH,GM,73,2060,222,222,22.200000000000003,0.34810125827789307,0.41863852739334106,2.868089437484741,3.3090322017669678,0.6832857131958008,0,-1,1,219,0.9864864864864865,2.0,222,0.5860022306442261,0,0.0,0,0.0,0,7.7562384605407715,0,5
SH,GM,73,2061,477,477,47.7,0.3747139573097229,0.478078156709671,8.179863929748535,8.773284912109375,0.9404237270355225,1,363,1,363,0.7610062893081762,2.0,363,0.0,0,0.0,0,0.0,0,0.0,1,6
SH,GM,73,2062,174,174,17.400000000000002,0.10933883488178253,0.13441771268844604,1.9315074682235718,2.2931876182556152,0.2878628969192505,0,-1,0,0,0.0,2.0,174,2.8336734771728516,0,0.0,0,0.0,0,53.293060302734375,0,5
SH,GM,73,2063,209,209,20.900000000000002,0.2356676161289215,0.31415271759033203,9.850652694702148,10.952279090881348,0.8040862083435059,0,-1,1,209,1.0,2.0,209,1.6139236688613892,0,0.0,0,0.0,0,23.47110366821289,0,5
SH,GM,73,2064,933,933,93.30000000000001,0.2702416777610779,0.3477129340171814,5.806972026824951,6.71013879776001,0.6418898701667786,0,-1,0,0,0.0,2.0,933,2.2048192024230957,0,0.0,0,0.0,0,5.650613307952881,0,5
SH,GM,73,2065,153,153,15.3,0.2872784733772278,0.3571292459964752,3.986555576324463,4.865909099578857,0.6595355272293091,0,-1,1,22,0.1437908496732026,2.0,153,1.8443801403045654,0,0.0,0,0.0,0,1.3339356184005737,1,6
SH,GM,73,2066,138,138,13.8,0.3204091191291809,0.38242483139038086,1.872886061668396,2.0270464420318604,0.38706785440444946,0,-1,0,0,0.0,2.0,138,2.2695469856262207,0,0.0,0,0.0,0,7.757013320922852,1,6
SH,GM,73,2067,151,151,15.100000000000001,0.32316863536834717,0.4562644958496094,1.5677094459533691,2.186157464981079,0.6968147158622742,0,-1,0,0,0.0,2.0,151,3.494487762451172,0,0.0,0,0.0,0,5.321545600891113,2,7
SH,GM,73,2068,133,133,13.3,0.32710903882980347,0.42805007100105286,1.2270851135253906,1.4604169130325317,0.4138382375240326,0,-1,0,0,0.0,2.0,133,2.6902661323547363,0,0.0,0,0.0,0,3.8352701663970947,0,5
SH,GM,73,2069,179,179,17.900000000000002,0.2133936733007431,0.26944372057914734,3.390655994415283,4.726342678070068,0.7687500715255737,0,-1,1,179,1.0,2.0,179,1.1284421682357788,0,0.0,0,0.0,0,25.857635498046875,1,6
SH,GM,73,2070,157,157,15.700000000000001,0.26245927810668945,0.3378739655017853,2.249868869781494,2.494948625564575,0.3522323966026306,0,-1,1,132,0.8407643312101911,2.0,157,0.6962268352508545,0,0.0,0,0.0,0,14.88997745513916,1,6
SH,GM,73,2071,338,338,33.800000000000004,0.14021418988704681,0.1711260825395584,6.42373514175415,9.90791130065918,0.8393888473510742,0,-1,0,0,0.0,2.0,338,2.201456069946289,0,0.0,0,0.0,0,44.827430725097656,1,6
SH,GM,73,2072,496,496,49.6,0.2782866060733795,0.34220966696739197,5.301344871520996,5.878024578094482,0.5663631558418274,0,-1,1,54,0.10887096774193548,2.0,496,1.9231939315795898,0,0.0,0,0.0,0,3.7325921058654785,1,6
SH,GM,73,2073,297,297,29.700000000000003,0.3204557001590729,0.383419007062912,3.3969109058380127,3.9988458156585693,0.8728349804878235,0,-1,1,239,0.8047138047138047,2.0,297,1.2712750434875488,0,0.0,0,0.0,0,10.104305267333984,0,5
SH,GM,73,2074,482,482,48.2,0.4305402934551239,0.5508761405944824,1.169542908668518,1.5140092372894287,0.5709589123725891,0,-1,1,14,0.029045643153526972,2.0,482,1.9816584587097168,0,0.0,0,0.0,0,2.8241658210754395,1,6
SH,GM,73,2075,472,472,47.2,0.1692596971988678,0.2184525728225708,13.58738899230957,17.172605514526367,0.7604469656944275,0,-1,1,472,1.0,2.0,472,0.8991017937660217,0,0.0,0,0.0,0,26.113128662109375,1,6
SH,GM,73,2076,199,199,19.900000000000002,0.093032605946064,0.12262318283319473,8.410970687866211,10.478194236755371,0.974877655506134,0,-1,1,15,0.07537688442211055,2.0,199,1.8845360279083252,0,0.0,0,0.0,0,45.44880676269531,0,5
SH,GM,73,2077,432,432,43.2,0.2471611201763153,0.3043764531612396,30.58832550048828,35.26950454711914,1.3671084642410278,0,-1,0,0,0.0,2.0,432,4.1583380699157715,0,0.0,0,0.0,0,9.124993324279785,0,5
SH,GM,73,2078,233,233,23.3,0.29849451780319214,0.39113518595695496,17.776737213134766,20.57115936279297,1.5216851234436035,0,-1,0,0,0.0,2.0,233,3.5045528411865234,0,0.0,0,0.0,0,10.409869194030762,1,6
SH,GM,73,2079,183,183,18.3,0.43832919001579285,0.5165976285934448,19.8895263671875,24.684642791748047,2.6752769947052,0,-1,1,33,0.18032786885245902,2.0,183,1.427514672279358,0,0.0,0,0.0,0,5.537370681762695,1,6
SH,GM,73,2080,387,387,38.7,0.1822451949119568,0.2251683920621872,8.387628555297852,8.637435913085938,0.23719221353530884,0,-1,0,0,0.0,2.0,387,4.384601593017578,0,0.0,0,0.0,0,6.695284843444824,2,7
SH,GM,73,2081,189,189,18.900000000000002,0.1643429398536682,0.2444397360086441,3.0852572917938232,3.8624045848846436,0.4272671639919281,0,-1,0,0,0.0,2.0,189,2.702162027359009,0,0.0,0,0.0,0,46.16283416748047,1,6
SH,GM,73,2082,151,151,15.100000000000001,0.2505621314048767,0.2974918782711029,8.23343563079834,9.516141891479492,0.8355804085731506,0,-1,1,15,0.09933774834437085,2.0,151,1.865057110786438,0,0.0,0,0.0,0,8.580815315246582,0,5
SH,GM,73,2083,303,303,30.3,0.4951938986778259,0.6422275900840759,4.450245380401611,4.9890666007995605,0.8690594434738159,0,-1,0,0,0.0,2.0,303,3.211270332336426,0,0.0,0,0.0,0,5.1689300537109375,2,7
SH,GM,73,2084,147,147,14.700000000000001,0.252733439207077,0.29000210762023926,5.966214656829834,8.393106460571289,1.1680020093917847,0,-1,0,0,0.0,2.0,147,2.7900211811065674,0,0.0,0,0.0,0,33.20690155029297,0,5
SH,GM,73,2085,1406,1406,140.6,0.3671305477619171,0.5082839131355286,2.3651673793792725,3.200580358505249,0.5466075539588928,0,-1,1,1147,0.8157894736842105,2.0,1406,1.3710089921951294,0,0.0,0,0.0,0,1.5691473484039307,0,5
SH,GM,73,2086,144,144,14.4,0.3036844730377197,0.3842995762825012,3.752781391143799,4.409041881561279,0.744685709476471,0,-1,0,0,0.0,2.0,144,4.75158166885376,0,0.0,0,0.0,0,7.752523899078369,1,6
SH,GM,73,2087,145,145,14.5,0.32041800022125244,0.37338122725486755,8.94129467010498,10.685673713684082,1.2987998723983765,0,-1,0,0,0.0,2.0,145,2.731738567352295,0,0.0,0,0.0,0,27.975187301635742,2,7
SH,GM,73,2088,516,516,51.6,0.24714802205562592,0.3026774227619171,14.35273265838623,16.093158721923828,0.8349846005439758,0,-1,1,147,0.28488372093023256,2.0,516,1.3507823944091797,0,0.0,0,0.0,0,16.693771362304688,0,5
SH,GM,73,2089,137,137,13.700000000000001,0.16957509517669678,0.22686631977558136,0.9134982824325562,1.1503719091415405,0.4454210102558136,0,-1,0,0,0.0,2.0,137,2.207120180130005,0,0.0,0,0.0,0,54.04103469848633,2,7
SH,GM,73,2090,258,258,25.8,0.3635692000389099,0.45318493247032166,8.422354698181152,9.462069511413574,0.9540848731994629,0,-1,0,0,0.0,2.0,258,2.823867082595825,0,0.0,0,0.0,0,9.332975387573242,0,5
SH,GM,73,2091,218,218,21.8,0.2796044647693634,0.35641032457351685,10.518257141113281,11.353327751159668,0.8208592534065247,0,-1,0,0,0.0,2.0,218,4.10648250579834,0,0.0,0,0.0,0,22.46971321105957,1,6
SH,GM,73,2092,221,221,22.1,0.2656833231449127,0.31223902106285095,1.24458909034729,2.0778815746307373,0.5713063478469849,0,-1,1,221,1.0,2.0,221,0.5484833121299744,0,0.0,0,0.0,0,9.759010314941406,1,6
SH,GM,73,2093,228,228,22.8,0.36852961778640747,0.4889669418334961,3.6891345977783203,4.062019348144531,1.976203441619873,1,95,1,95,0.4166666666666667,2.0,95,0.0,0,0.0,0,0.0,0,0.0,2,7
SH,GM,73,2094,181,181,18.1,0.2959882616996765,0.4399154484272003,3.9325854778289795,4.8950514793396,0.847226619720459,0,-1,1,81,0.44751381215469616,2.0,181,1.2049169540405273,0,0.0,0,0.0,0,9.85751724243164,2,7
SH,GM,73,2095,159,159,15.9,0.23692165315151215,0.28704890608787537,4.331979751586914,5.9593281745910645,0.8003349900245667,0,-1,0,0,0.0,2.0,159,2.9459774494171143,0,0.0,0,0.0,0,56.556060791015625,1,6
SH,GM,73,2096,775,775,77.5,0.25026506185531616,0.33874595165252686,2.086540937423706,2.5775558948516846,0.3603177070617676,0,-1,1,775,1.0,2.0,775,0.2369282841682434,0,0.0,0,0.0,0,0.08801918476819992,0,5
SH,GM,73,2097,921,921,92.10000000000001,0.25721392035484314,0.3230903148651123,2.925675392150879,3.7726643085479736,0.4090804159641266,0,-1,1,921,1.0,2.0,921,0.40460190176963806,0,0.0,0,0.0,0,1.6633985042572021,0,5
SH,GM,73,2098,155,155,15.5,0.3263290524482727,0.44924306869506836,1.182409405708313,1.2792694568634033,0.3544069230556488,0,-1,1,105,0.6774193548387096,2.0,155,1.2458113431930542,0,0.0,0,0.0,0,4.215202808380127,1,6
SH,GM,73,2099,292,292,29.200000000000003,0.2612740099430084,0.3641255795955658,1.6610862016677856,2.053898811340332,0.4974081516265869,0,-1,0,0,0.0,2.0,292,3.665666103363037,0,0.0,0,0.0,0,8.275745391845703,0,5
SH,GM,73,2100,201,201,20.1,0.8673970103263855,1.1411120891571045,21.61187171936035,28.212726593017578,2.712242603302002,1,108,1,61,0.3034825870646766,2.0,108,0.0,0,0.0,0,0.0,0,0.0,2,7
SH,GM,73,2101,132,132,13.200000000000001,0.21854913234710693,0.25804269313812256,1.824962854385376,2.6356465816497803,0.6063668131828308,0,-1,1,50,0.3787878787878788,2.0,132,1.6606425046920776,0,0.0,0,0.0,0,9.88292121887207,0,5
SH,GM,73,2102,1109,1109,110.9,0.2033953219652176,0.26394519209861755,3.990030527114868,5.921360015869141,0.42494070529937744,0,-1,0,0,0.0,2.0,1109,2.4751291275024414,0,0.0,0,0.0,0,2.9623067378997803,0,5
SH,GM,73,2103,132,132,13.200000000000001,0.09717852622270584,0.114883191883564,0.4061580002307892,0.4786655902862549,0.16375389695167542,0,-1,0,0,0.0,2.0,132,2.2850630283355713,0,0.0,0,0.0,0,41.4259147644043,1,6
SH,GM,73,2104,1122,1122,112.2,0.26766207814216614,0.35066086053848267,6.588420867919922,7.52922248840332,0.5186118483543396,0,-1,0,0,0.0,2.0,1122,3.0598702430725098,0,0.0,0,0.0,0,4.512939453125,0,5
SH,GM,73,2105,150,150,15.0,0.09434839338064194,0.1295093595981598,2.5648655891418457,2.905919075012207,0.25469979643821716,0,-1,0,0,0.0,2.0,150,9.566311836242676,0,0.0,0,0.0,0,134.6426544189453,1,6
SH,GM,73,2106,185,185,18.5,0.14590764045715332,0.17824099957942963,0.9257655143737793,1.1629983186721802,0.35879191756248474,0,-1,0,0,0.0,2.0,185,4.211064338684082,0,0.0,0,0.0,0,86.07096862792969,0,5
SH,GM,73,2107,297,297,29.700000000000003,0.3274964988231659,0.42413562536239624,3.277160882949829,5.4378275871276855,0.8172527551651001,0,-1,1,263,0.8855218855218855,2.0,297,1.1736581325531006,0,0.0,0,0.0,0,29.158510208129883,1,6
SH,GM,73,2108,233,233,23.3,0.19349831342697144,0.2218717783689499,12.866741180419922,16.36097526550293,1.4866013526916504,0,-1,0,0,0.0,2.0,233,2.527146577835083,0,0.0,0,0.0,0,46.93341827392578,2,7
SH,GM,73,2109,143,143,14.3,0.41116634011268616,0.46357762813568115,1.6046503782272339,1.8796494007110596,0.4913349747657776,0,-1,1,56,0.3916083916083916,2.0,143,0.9818734526634216,0,0.0,0,0.0,0,11.754141807556152,0,5
SH,GM,73,2110,182,182,18.2,0.11804495751857758,0.15552087128162384,2.2323994636535645,3.414273738861084,0.510753333568573,0,-1,1,182,1.0,2.0,182,1.417610764503479,0,0.0,0,0.0,0,26.009618759155273,2,7
SH,GM,73,2111,136,136,13.600000000000001,0.32866719365119934,0.42742860317230225,2.8984692096710205,3.611795425415039,0.59303879737854,0,-1,0,0,0.0,2.0,136,2.1959128379821777,0,0.0,0,0.0,0,18.34665298461914,0,5
SH,GM,73,2112,163,163,16.3,0.193934366106987,0.2528935372829437,0.9701486825942993,1.0817203521728516,0.26677432656288147,0,-1,0,0,0.0,2.0,163,3.134582996368408,0,0.0,0,0.0,0,3.356250524520874,1,6
SH,GM,73,2113,156,156,15.600000000000001,0.2822260856628418,0.3649865686893463,4.035084247589111,4.413939952850342,0.5770736336708069,0,-1,1,156,1.0,2.0,156,1.395212173461914,0,0.0,0,0.0,0,16.439443588256836,2,7
SH,GM,73,2114,291,291,29.1,0.39281824231147766,0.5010467171669006,6.2982683181762695,7.577727794647217,1.3127070665359497,1,256,1,256,0.8797250859106529,2.0,256,0.0,0,0.0,0,0.0,0,0.0,0,5
SH,GM,73,2115,409,409,40.900000000000006,0.25579941272735596,0.38624417781829834,13.92563247680664,15.959924697875977,0.9456478953361511,0,-1,0,0,0.0,2.0,409,4.372217178344727,0,0.0,0,0.0,0,5.873200416564941,1,6
SH,GM,73,2116,958,958,95.80000000000001,0.32432544231414795,0.42473316192626953,5.836806297302246,6.724105358123779,1.45679771900177,1,737,1,737,0.7693110647181628,2.0,737,0.0,0,0.0,0,0.0,0,0.0,2,7
SH,GM,73,2117,246,246,24.6,0.501859724521637,0.8653504848480225,6.803562164306641,10.650165557861328,1.783297061920166,0,-1,1,111,0.45121951219512196,2.0,246,1.026126742362976,0,0.0,0,0.0,0,11.32738208770752,2,7
SH,GM,73,2118,265,265,26.5,0.2763833999633789,0.3296905755996704,4.129142761230469,4.956750392913818,0.5071853399276733,0,-1,1,265,1.0,2.0,265,0.20078422129154205,0,0.0,0,0.0,0,3.3369932174682617,0,5
SH,GM,73,2119,232,232,23.200000000000003,0.5266467332839966,0.653003454208374,8.102890968322754,10.967496871948242,1.1881701946258545,0,-1,1,137,0.5905172413793104,2.0,232,1.1922651529312134,0,0.0,0,0.0,0,6.171915531158447,0,5
SH,GM,73,2120,381,381,38.1,0.30314552783966064,0.3937332332134247,5.428157329559326,6.478566646575928,0.6891192197799683,0,-1,1,91,0.2388451443569554,2.0,381,0.9449425339698792,0,0.0,0,0.0,0,0.7117615342140198,0,5
SH,GM,73,2121,262,262,26.200000000000003,0.18027906119823456,0.2300286889076233,1.4286220073699951,1.5939640998840332,0.24191951751708984,0,-1,0,0,0.0,2.0,262,3.3596956729888916,0,0.0,0,0.0,0,3.4527008533477783,1,6
SH,GM,73,2122,198,198,19.8,0.2667216956615448,0.3870328366756439,4.71311092376709,5.491584300994873,0.7232736945152283,0,-1,0,0,0.0,2.0,198,2.6004791259765625,0,0.0,0,0.0,0,4.898139953613281,2,7
SH,GM,73,2123,137,137,13.700000000000001,0.4091566503047943,0.512078583240509,0.7723006010055542,1.0106428861618042,0.1941053420305252,0,-1,1,137,1.0,2.0,137,0.4016442894935608,0,0.0,0,0.0,0,1.2206058502197266,0,5
SH,GM,73,2124,343,343,34.300000000000004,0.24842500686645508,0.33170193433761597,2.3884947299957275,2.870697498321533,0.400121808052063,1,342,1,342,0.9970845481049563,2.0,342,0.0,0,0.0,0,0.0,0,0.0,0,5
SH,GM,73,2125,440,440,44.0,0.20718127489089966,0.2551382780075073,2.117598295211792,2.4884908199310303,0.4052174389362335,0,-1,1,439,0.9977272727272727,2.0,440,1.197056770324707,0,0.0,0,0.0,0,18.82780647277832,0,5
SH,GM,73,2126,182,182,18.2,0.23527179658412933,0.30112192034721375,0.8444644808769226,0.9965893626213074,0.3323290944099426,0,-1,1,182,1.0,2.0,182,1.2279704809188843,0,0.0,0,0.0,0,7.227567195892334,0,5
SH,GM,73,2127,146,146,14.600000000000001,0.38349226117134094,0.436873197555542,1.9127397537231445,2.7217650413513184,0.6902215480804443,0,-1,1,96,0.6575342465753424,2.0,146,1.213834524154663,0,0.0,0,0.0,0,11.806615829467773,2,7
SH,GM,73,2128,190,190,19.0,0.3663218915462494,0.4335092306137085,3.1045470237731934,3.336066246032715,0.43516653776168823,0,-1,0,0,0.0,2.0,190,3.2325823307037354,0,0.0,0,0.0,0,4.143715858459473,0,5
SH,GM,73,2129,196,196,19.6,0.2258516401052475,0.27974626421928406,4.746122360229492,5.1879072189331055,0.4088311791419983,0,-1,1,196,1.0,2.0,196,1.0455695390701294,0,0.0,0,0.0,0,14.168309211730957,2,7
SH,GM,73,2130,275,275,27.5,0.41311344504356384,0.521073579788208,7.295540809631348,7.822790622711182,0.6660258173942566,0,-1,1,275,1.0,2.0,275,0.016311880201101303,0,0.0,0,0.0,0,0.11913608014583588,1,6
SH,GM,73,2131,311,311,31.1,0.2808806598186493,0.4313923120498657,2.7235631942749023,3.2781107425689697,0.6313557028770447,1,291,1,291,0.9356913183279743,2.0,291,0.0,0,0.0,0,0.0,0,0.0,1,6
SH,GM,73,2132,188,188,18.8,0.1976720541715622,0.24934032559394836,2.2028024196624756,2.532379388809204,0.5792557597160339,0,-1,1,188,1.0,2.0,188,1.313950538635254,0,0.0,0,0.0,0,31.640634536743164,0,5
SH,GM,73,2133,192,192,19.200000000000003,0.33419859409332275,0.38878950476646423,9.413891792297363,10.944167137145996,0.9405842423439026,0,-1,0,0,0.0,2.0,192,3.906026601791382,0,0.0,0,0.0,0,8.787420272827148,2,7
SH,GM,73,2134,166,166,16.6,0.42988747358322144,0.5172966718673706,21.942018508911133,28.187742233276367,3.5215678215026855,0,-1,0,0,0.0,2.0,166,2.197420835494995,0,0.0,0,0.0,0,8.476186752319336,0,5
SH,GM,73,2135,180,180,18.0,0.16136769950389862,0.20429471135139465,8.40381908416748,10.055482864379883,0.9501904249191284,0,-1,1,180,1.0,2.0,180,0.9947608709335327,0,0.0,0,0.0,0,19.924734115600586,0,5
SH,GM,73,2136,622,622,62.2,0.36457887291908264,0.5654171705245972,7.786198616027832,8.91363525390625,0.787663459777832,0,-1,1,622,1.0,2.0,622,0.4004102349281311,0,0.0,0,0.0,0,3.867189884185791,2,7
SH,GM,73,2137,317,317,31.700000000000003,0.4981270134449005,0.6071550846099854,35.07589340209961,39.630619049072266,2.142510414123535,0,-1,0,0,0.0,2.0,317,13.948373794555664,0,0.0,0,0.0,0,45.8151969909668,2,7
SH,GM,73,2138,178,178,17.8,0.1606939285993576,0.21846280992031097,4.099335193634033,5.567363739013672,0.717064619064331,0,-1,1,178,1.0,2.0,178,0.7152252197265625,0,0.0,0,0.0,0,14.895465850830078,0,5
SH,GM,73,2139,408,408,40.800000000000004,0.27686724066734314,0.3490000367164612,37.506752014160156,44.40552520751953,1.7292373180389404,0,-1,0,0,0.0,2.0,408,2.1168317794799805,0,0.0,0,0.0,0,5.9901556968688965,2,7
SH,GM,73,2140,200,200,20.0,0.3178035318851471,0.36736270785331726,4.188870429992676,4.9970269203186035,0.6393311619758606,0,-1,1,25,0.125,2.0,200,1.9137086868286133,0,0.0,0,0.0,0,10.110222816467285,2,7
SH,GM,73,2141,345,345,34.5,0.31734228134155273,0.40768733620643616,5.276067733764648,6.231672286987305,0.7346693277359009,1,341,1,128,0.3710144927536232,2.0,341,0.0,0,0.0,0,0.0,0,0.0,2,7
SH,GM,73,2142,131,131,13.100000000000001,0.1736987680196762,0.20994481444358826,2.409714698791504,3.182079553604126,0.5921900868415833,0,-1,0,0,0.0,2.0,131,8.30904483795166,0,0.0,0,0.0,0,80.19650268554688,0,5
SH,GM,73,2143,217,217,21.700000000000003,0.20301316678524017,0.2224450409412384,3.986133098602295,6.947187423706055,1.0544384717941284,0,-1,1,26,0.11981566820276497,2.0,217,1.9208542108535767,0,0.0,0,0.0,0,53.716522216796875,0,5
SH,GM,73,2144,145,145,14.5,0.1888543963432312,0.2317403256893158,7.606231689453125,9.814132690429688,1.3340691328048706,0,-1,1,43,0.296551724137931,2.0,145,1.6702446937561035,0,0.0,0,0.0,0,18.705581665039062,0,5
SH,GM,73,2145,316,316,31.6,0.3396548926830292,0.45043107867240906,10.350028991699219,12.326231956481934,0.9193174839019775,0,-1,1,316,1.0,2.0,316,0.3452211022377014,0,0.0,0,0.0,0,6.95713472366333,0,5
SH,GM,73,2146,192,192,19.200000000000003,0.09869453310966492,0.13031576573848724,1.4776649475097656,1.7905348539352417,0.3397151529788971,0,-1,0,0,0.0,2.0,192,3.944239377975464,0,0.0,0,0.0,0,62.26310348510742,0,5
SH,GM,73,2147,369,369,36.9,0.30931180715560913,0.38718870282173157,1.3187745809555054,1.474543809890747,0.32725128531455994,0,-1,0,0,0.0,2.0,369,3.49211049079895,0,0.0,0,0.0,0,4.385426998138428,0,5
SH,GM,73,2148,203,203,20.3,0.2281831055879593,0.28296369314193726,1.7893701791763306,2.019397735595703,0.24516476690769196,0,-1,0,0,0.0,2.0,203,2.804683208465576,0,0.0,0,0.0,0,3.6025874614715576,2,7
SH,GM,73,2149,310,310,31.0,0.30812928080558777,0.37589359283447266,1.2537970542907715,1.444118857383728,0.3402334749698639,0,-1,0,0,0.0,2.0,310,2.0846505165100098,0,0.0,0,0.0,0,5.600047588348389,0,5
SH,GM,73,2150,243,243,24.3,0.2227652370929718,0.32918861508369446,2.8498663902282715,3.840857744216919,0.729846179485321,0,-1,1,151,0.6213991769547325,2.0,243,1.9051282405853271,0,0.0,0,0.0,0,5.829353332519531,0,5
SH,GM,73,2151,529,529,52.900000000000006,0.22275923192501068,0.2790507972240448,14.682268142700195,16.317602157592773,0.6876940131187439,0,-1,1,529,1.0,2.0,529,0.713344931602478,0,0.0,0,0.0,0,9.693525314331055,2,7
SH,GM,73,2152,599,599,59.900000000000006,0.4338017702102661,0.6395372748374939,17.24095916748047,21.148923873901367,1.6508764028549194,0,-1,1,91,0.15191986644407346,2.0,599,1.153249740600586,0,0.0,0,0.0,0,4.309056282043457,1,6
SH,GM,73,2153,640,640,64.0,0.45721203088760376,0.6640934944152832,5.369004726409912,6.00462532043457,0.6520986557006836,0,-1,0,0,0.0,2.0,640,3.0106167793273926,0,0.0,0,0.0,0,6.50944185256958,1,6
SH,GM,73,2154,159,159,15.9,0.1511257290840149,0.21640042960643768,6.346753120422363,7.640000343322754,0.8150503039360046,0,-1,1,159,1.0,2.0,159,0.9158107042312622,0,0.0,0,0.0,0,28.639690399169922,2,7
SH,GM,73,2155,225,225,22.5,0.3550328314304352,0.43459489941596985,2.8068158626556396,3.2965009212493896,0.6221989393234253,0,-1,1,225,1.0,2.0,225,1.3158749341964722,0,0.0,0,0.0,0,12.63188362121582,0,5
SH,GM,73,2156,856,856,85.60000000000001,0.46891817450523376,0.601215660572052,13.924251556396484,15.227683067321777,1.1460803747177124,0,-1,0,0,0.0,2.0,856,6.924919605255127,0,0.0,0,0.0,0,15.537832260131836,0,5
SH,GM,73,2157,210,210,21.0,0.5392950177192688,0.6549047231674194,8.689737319946289,9.605657577514648,0.9911820888519287,0,-1,1,210,1.0,2.0,210,0.6127749681472778,0,0.0,0,0.0,0,0.9088348746299744,0,5
SH,GM,73,2158,221,221,22.1,0.49393004179000854,0.6742661595344543,17.612571716308594,21.665760040283203,1.756536841392517,0,-1,0,0,0.0,2.0,221,2.260395050048828,0,0.0,0,0.0,0,5.9069623947143555,2,7
SH,GM,73,2159,452,452,45.2,0.5089098215103149,0.6310825943946838,16.636985778808594,20.026872634887695,1.5280483961105347,0,-1,1,83,0.1836283185840708,2.0,452,1.5613049268722534,0,0.0,0,0.0,0,2.3881735801696777,0,5
SH,GM,73,2160,341,341,34.1,0.2500216066837311,0.3203946352005005,13.336005210876465,15.171558380126953,0.8513649702072144,1,333,1,333,0.9765395894428153,2.0,333,0.0,0,0.0,0,0.0,0,0.0,1,6
SH,GM,73,2161,248,248,24.8,0.3819447159767151,0.4563941955566406,1.9953757524490356,2.2872867584228516,0.3895200192928314,0,-1,0,0,0.0,2.0,248,2.2653024196624756,0,0.0,0,0.0,0,2.8552427291870117,0,5
SH,GM,73,2162,134,134,13.4,0.33360812067985535,0.4709121584892273,3.2274796962738037,3.885849714279175,0.6755765080451965,0,-1,0,0,0.0,2.0,134,2.845996856689453,0,0.0,0,0.0,0,15.728679656982422,2,7
SH,GM,73,2163,166,166,16.6,0.23030124604701996,0.2917650640010834,8.14058780670166,10.06410026550293,1.1557294130325317,0,-1,0,0,0.0,2.0,166,3.1080613136291504,0,0.0,0,0.0,0,13.767842292785645,1,6
SH,GM,73,2164,171,171,17.1,0.12358108907938004,0.15613311529159546,1.2836432456970215,1.41680908203125,0.21832185983657837,0,-1,0,0,0.0,2.0,171,3.5707786083221436,0,0.0,0,0.0,0,66.00485229492188,2,7
SH,GM,73,2165,479,479,47.900000000000006,0.20922711491584778,0.2836102545261383,3.131622791290283,4.248952388763428,0.3958960473537445,0,-1,1,479,1.0,2.0,479,0.5672664642333984,0,0.0,0,0.0,0,12.748895645141602,0,5
SH,GM,73,2166,158,158,15.8,0.2333516925573349,0.3228130042552948,0.9389352202415466,1.0387111902236938,0.209237203001976,0,-1,0,0,0.0,2.0,158,2.132744073867798,0,0.0,0,0.0,0,2.659238576889038,2,7
SH,GM,73,2167,150,150,15.0,0.40440335869789124,0.4932973384857178,3.468242883682251,4.09345817565918,0.8639962673187256,0,-1,1,64,0.4266666666666667,2.0,150,1.2195091247558594,0,0.0,0,0.0,0,8.998885154724121,2,7
SH,GM,73,2168,350,350,35.0,0.4187438189983368,0.5012528896331787,5.9120192527771,7.933784008026123,1.0818032026290894,0,-1,1,173,0.4942857142857143,2.0,350,1.260981559753418,0,0.0,0,0.0,0,2.116302251815796,2,7
SH,GM,73,2169,145,145,14.5,0.19728049635887146,0.23588979244232178,3.067753791809082,3.7845966815948486,0.4845449924468994,0,-1,0,0,0.0,2.0,145,4.3131208419799805,0,0.0,0,0.0,0,55.57382583618164,1,6
SH,GM,73,2170,981,981,98.10000000000001,0.30615219473838806,0.4116540253162384,2.3261146545410156,3.5531933307647705,0.583084762096405,0,-1,1,856,0.872579001019368,2.0,981,1.091764211654663,0,0.0,0,0.0,0,5.4371819496154785,2,7
SH,GM,73,2171,766,766,76.60000000000001,0.28791335225105286,0.3579285144805908,10.208330154418945,11.5654296875,0.5063152313232422,0,-1,1,184,0.2402088772845953,2.0,766,1.6765192747116089,0,0.0,0,0.0,0,13.338418006896973,1,6
SH,GM,73,2172,342,342,34.2,0.23264683783054352,0.279083788394928,4.668558597564697,5.567047119140625,0.6196261048316956,1,336,1,336,0.9824561403508771,2.0,336,0.0,0,0.0,0,0.0,0,0.0,2,7
SH,GM,73,2173,155,155,15.5,0.3029438555240631,0.364793598651886,2.596242666244507,2.912302017211914,0.5681775212287903,0,-1,0,0,0.0,2.0,155,2.909214973449707,0,0.0,0,0.0,0,4.615942001342773,2,7
SH,GM,73,2174,624,624,62.400000000000006,0.3187904953956604,0.41002902388572693,2.0533244609832764,2.4280359745025635,0.429909348487854,0,-1,1,624,1.0,2.0,624,0.024332227185368538,0,0.0,0,0.0,0,0.07533369213342667,1,6
SH,GM,73,2175,132,132,13.200000000000001,0.5720885992050171,0.7807745337486267,3.09859299659729,3.9445698261260986,1.2686271667480469,0,-1,0,0,0.0,2.0,132,3.397838830947876,0,0.0,0,0.0,0,34.21294021606445,2,7
SH,GM,73,2176,289,289,28.900000000000002,0.20097990334033966,0.26199808716773987,11.38691520690918,12.391317367553711,0.6340905427932739,0,-1,1,281,0.972318339100346,2.0,289,1.3495534658432007,0,0.0,0,0.0,0,29.71312713623047,1,6
SH,GM,73,2177,168,168,16.8,0.20467537641525269,0.2587722837924957,6.0144734382629395,7.48161506652832,0.9971801042556763,0,-1,1,55,0.3273809523809524,2.0,168,1.64652419090271,0,0.0,0,0.0,0,4.316983699798584,2,7
SH,GM,73,2178,325,325,32.5,0.11277215927839279,0.13414865732192993,13.9330472946167,17.514310836791992,1.0388985872268677,0,-1,1,60,0.18461538461538463,2.0,325,1.799802541732788,0,0.0,0,0.0,0,37.70630645751953,0,5
SH,GM,73,2179,135,135,13.5,0.3826918303966522,0.4928041994571686,2.30580997467041,2.755549192428589,0.5496028065681458,0,-1,0,0,0.0,2.0,135,2.5187106132507324,0,0.0,0,0.0,0,9.105298042297363,1,6
SH,GM,73,2180,196,196,19.6,0.36548879742622375,0.43487709760665894,5.529131889343262,7.2097487449646,0.5967711806297302,0,-1,1,196,1.0,2.0,196,0.8578486442565918,0,0.0,0,0.0,0,8.796426773071289,0,5
SH,GM,73,2181,320,320,32.0,0.29311010241508484,0.37685897946357727,4.72711181640625,5.4944281578063965,0.5731359124183655,0,-1,1,320,1.0,2.0,320,1.306297779083252,0,0.0,0,0.0,0,21.211624145507812,0,5
SH,GM,73,2182,408,408,40.800000000000004,0.43702590465545654,0.5763874053955078,2.5684237480163574,3.1262974739074707,0.9052722454071045,0,-1,1,408,1.0,2.0,408,0.7901625037193298,0,0.0,0,0.0,0,3.369508743286133,0,5
SH,GM,73,2183,387,387,38.7,0.32062286138534546,0.4170847237110138,2.1160058975219727,2.6326870918273926,0.5489097237586975,0,-1,1,201,0.5193798449612403,2.0,387,1.7614024877548218,0,0.0,0,0.0,0,4.325113296508789,0,5
SH,GM,73,2184,156,156,15.600000000000001,0.24521790444850922,0.34282177686691284,1.5507806539535522,2.1897342205047607,0.4998253583908081,0,-1,1,156,1.0,2.0,156,1.04067063331604,0,0.0,0,0.0,0,16.22018814086914,0,5
SH,GM,73,2185,204,204,20.400000000000002,0.4583560824394226,0.6532345414161682,3.233715534210205,3.805765151977539,0.7266445755958557,1,192,1,192,0.9411764705882353,2.0,192,0.0,0,0.0,0,0.0,0,0.0,0,5
SH,GM,73,2186,405,405,40.5,0.27010029554367065,0.37351614236831665,11.508691787719727,13.380627632141113,0.9471362233161926,0,-1,0,0,0.0,2.0,405,3.4364898204803467,0,0.0,0,0.0,0,4.584177017211914,2,7
SH,GM,73,2187,224,224,22.400000000000002,0.500091552734375,0.6022970676422119,2.291416645050049,2.9397382736206055,1.597213625907898,1,140,1,140,0.625,2.0,140,0.0,0,0.0,0,0.0,0,0.0,2,7
SH,GM,73,2188,182,182,18.2,0.22185471653938293,0.27244123816490173,3.9151947498321533,4.533510684967041,0.4672623574733734,0,-1,1,181,0.9945054945054945,2.0,182,0.848660409450531,0,0.0,0,0.0,0,14.552596092224121,1,6
SH,GM,73,2189,391,391,39.1,0.352073073387146,0.48221445083618164,6.115647792816162,6.988508701324463,1.2902085781097412,1,294,1,252,0.6445012787723785,2.0,294,0.0,0,0.0,0,0.0,0,0.0,0,5
SH,GM,73,2190,1111,1111,111.10000000000001,0.18294107913970947,0.228290393948555,2.751434803009033,3.4256246089935303,0.2982034981250763,0,-1,0,0,0.0,2.0,1111,3.3348705768585205,0,0.0,0,0.0,0,3.6212425231933594,2,7
SH,GM,73,2191,194,194,19.400000000000002,0.2997444272041321,0.3661678731441498,4.697328567504883,5.625184535980225,0.5962638258934021,0,-1,1,133,0.6855670103092784,2.0,194,1.3153630495071411,0,0.0,0,0.0,0,6.155945301055908,1,6
SH,GM,73,2192,429,429,42.900000000000006,0.16956184804439545,0.23142407834529877,3.3318088054656982,3.9125542640686035,0.3322369158267975,0,-1,1,429,1.0,2.0,429,0.7970657348632812,0,0.0,0,0.0,0,12.411571502685547,2,7
SH,GM,73,2193,398,398,39.800000000000004,0.11900055408477783,0.1693880558013916,21.706262588500977,26.832637786865234,1.4461477994918823,0,-1,0,0,0.0,2.0,398,2.8813540935516357,0,0.0,0,0.0,0,25.400482177734375,0,5
SH,GM,73,2194,295,295,29.5,0.41698169708251953,0.5232776403427124,3.414201498031616,3.761667251586914,0.7755231857299805,1,286,1,247,0.8372881355932204,2.0,286,0.0,0,0.0,0,0.0,0,0.0,2,7
SH,GM,73,2195,157,157,15.700000000000001,0.37304484844207764,0.5444018840789795,1.3756500482559204,2.1826422214508057,0.8493967056274414,0,-1,1,157,1.0,2.0,157,0.8671389818191528,0,0.0,0,0.0,0,4.393311023712158,2,7
SH,GM,73,2196,134,134,13.4,0.37227287888526917,0.4936448037624359,5.316110610961914,7.244827747344971,1.2949179410934448,0,-1,0,0,0.0,2.0,134,3.717036485671997,0,0.0,0,0.0,0,9.334827423095703,0,5
SH,GM,73,2197,541,541,54.1,0.4557945430278778,0.620161235332489,3.748049736022949,4.365007400512695,0.7182990312576294,0,-1,1,541,1.0,2.0,541,0.6608932614326477,0,0.0,0,0.0,0,1.2070622444152832,0,5
SH,GM,73,2198,486,486,48.6,0.3147214651107788,0.42327985167503357,22.152145385742188,26.51633071899414,1.8577667474746704,0,-1,0,0,0.0,2.0,486,2.5393612384796143,0,0.0,0,0.0,0,5.376492500305176,0,5
SH,GM,73,2199,340,340,34.0,0.24925272166728973,0.30057793855667114,1.388918399810791,1.9323067665100098,0.4173637926578522,0,-1,1,133,0.3911764705882353,2.0,340,1.7526748180389404,0,0.0,0,0.0,0,15.582733154296875,0,5
SH,GM,73,2200,327,327,32.7,0.38088110089302063,0.5055847764015198,6.488166332244873,7.986359596252441,0.6134371161460876,0,-1,0,0,0.0,2.0,327,3.0682263374328613,0,0.0,0,0.0,0,2.567203998565674,2,7
SH,GM,73,2201,188,188,18.8,0.3519801199436188,0.4690689146518707,5.811652660369873,6.380390167236328,0.5352505445480347,0,-1,1,158,0.8404255319148937,2.0,188,0.21992003917694092,0,0.0,0,0.0,0,0.19723282754421234,1,6
SH,GM,73,2202,141,141,14.100000000000001,0.14492908120155334,0.17821530997753143,2.5058767795562744,3.2650158405303955,0.5439174175262451,0,-1,1,90,0.6382978723404256,2.0,141,1.5907539129257202,0,0.0,0,0.0,0,19.294349670410156,0,5
SH,GM,73,2203,230,230,23.0,0.41973283886909485,0.5173753499984741,1.486510157585144,2.1074352264404297,0.5075250267982483,0,-1,1,105,0.45652173913043476,2.0,230,1.67952561378479,0,0.0,0,0.0,0,3.0698587894439697,2,7
SH,GM,73,2204,144,144,14.4,0.2855835258960724,0.34425053000450134,3.6471548080444336,4.248652458190918,0.5379811525344849,0,-1,1,144,1.0,2.0,144,0.37479957938194275,0,0.0,0,0.0,0,8.873648643493652,2,7
SH,GM,73,2205,258,258,25.8,0.18373318016529083,0.21589191257953644,1.7130531072616577,2.1343514919281006,0.3609636425971985,0,-1,0,0,0.0,2.0,258,2.034924268722534,0,0.0,0,0.0,0,18.59502410888672,1,6
SH,GM,73,2206,149,149,14.9,0.35783207416534424,0.449719101190567,1.4600670337677002,1.6435484886169434,0.4053691625595093,0,-1,0,0,0.0,2.0,149,3.9359376430511475,0,0.0,0,0.0,0,3.6927008628845215,2,7
SH,GM,73,2207,196,196,19.6,0.4983305335044861,0.6250799298286438,5.252047061920166,5.759458541870117,0.7914372682571411,0,-1,0,0,0.0,2.0,196,2.197813034057617,0,0.0,0,0.0,0,6.573535919189453,1,6
SH,GM,73,2208,393,393,39.300000000000004,0.277439683675766,0.3423628807067871,2.9091272354125977,3.3231568336486816,0.5131425857543945,0,-1,1,167,0.42493638676844786,2.0,393,1.5916719436645508,0,0.0,0,0.0,0,9.970281600952148,0,5
SH,GM,73,2209,405,405,40.5,0.25805431604385376,0.3534155786037445,3.4836621284484863,4.1398606300354,0.44079071283340454,0,-1,1,405,1.0,2.0,405,1.23399019241333,0,0.0,0,0.0,0,23.327667236328125,0,5
SH,GM,73,2210,359,359,35.9,0.16394391655921936,0.2158227413892746,5.943868637084961,7.445438385009766,0.7350583076477051,0,-1,0,0,0.0,2.0,359,4.921901226043701,0,0.0,0,0.0,0,82.40857696533203,1,6
SH,GM,73,2211,205,205,20.5,0.24820783734321594,0.31702613830566406,5.233766555786133,5.7044901847839355,0.5653125047683716,1,193,1,193,0.9414634146341463,2.0,193,0.0,0,0.0,0,0.0,0,0.0,2,7
SH,GM,73,2212,463,463,46.300000000000004,0.21594610810279846,0.30167582631111145,2.3934240341186523,4.039619445800781,0.4272812604904175,0,-1,1,463,1.0,2.0,463,0.1564943492412567,0,0.0,0,0.0,0,1.7378525733947754,0,5
SH,GM,73,2213,226,226,22.6,0.25416600704193115,0.30935317277908325,1.8818546533584595,2.666623592376709,0.4003227949142456,0,-1,1,226,1.0,2.0,226,0.871608555316925,0,0.0,0,0.0,0,14.594381332397461,2,7
SH,GM,73,2214,265,265,26.5,0.404725044965744,0.5526082515716553,2.4788637161254883,2.829212188720703,0.5043426156044006,1,239,1,239,0.9018867924528302,2.0,239,0.0,0,0.0,0,0.0,0,0.0,1,6
SH,GM,73,2215,778,778,77.80000000000001,0.1864689141511917,0.2395734041929245,14.443184852600098,16.05867576599121,0.46820971369743347,0,-1,1,778,1.0,2.0,778,0.2472713142633438,0,0.0,0,0.0,0,4.114222049713135,2,7
SH,GM,73,2216,288,288,28.8,0.4173601567745209,0.5710076093673706,7.384430885314941,8.88065242767334,1.4046653509140015,0,-1,1,155,0.5381944444444444,2.0,288,0.693587601184845,0,0.0,0,0.0,0,1.8846731185913086,2,7
SH,GM,73,2217,293,293,29.3,0.177242249250412,0.21815480291843414,0.859404444694519,1.1226317882537842,0.2195555716753006,0,-1,1,212,0.7235494880546075,2.0,293,1.299899935722351,0,0.0,0,0.0,0,6.038582801818848,2,7
SH,GM,73,2218,145,145,14.5,0.32489463686943054,0.4635862410068512,5.534102916717529,6.9623799324035645,1.0023068189620972,0,-1,0,0,0.0,2.0,145,2.107569932937622,0,0.0,0,0.0,0,4.500396728515625,2,7
SH,GM,73,2219,285,285,28.5,0.22554802894592285,0.2886468768119812,1.7508389949798584,2.1458728313446045,0.44450902938842773,0,-1,1,285,1.0,2.0,285,1.0258857011795044,0,0.0,0,0.0,0,2.692042112350464,0,5
SH,GM,73,2220,163,163,16.3,0.19457978010177612,0.2529974579811096,5.206645965576172,6.335867404937744,0.5202629566192627,0,-1,0,0,0.0,2.0,163,5.435844421386719,0,0.0,0,0.0,0,5.782800197601318,2,7
SH,GM,73,2221,217,217,21.700000000000003,0.179831400513649,0.2356753647327423,3.4982054233551025,4.1105170249938965,0.37466761469841003,0,-1,0,0,0.0,2.0,217,2.121358871459961,0,0.0,0,0.0,0,33.822784423828125,1,6
SH,GM,73,2222,216,216,21.6,0.2668206989765167,0.32311558723449707,1.0297040939331055,1.7826446294784546,0.3863384425640106,0,-1,0,0,0.0,2.0,216,2.669034004211426,0,0.0,0,0.0,0,2.4200570583343506,0,5
SH,GM,73,2223,3202,3202,320.20000000000005,0.2503841519355774,0.3818920850753784,3.007396697998047,4.080180644989014,0.4750381112098694,0,-1,0,0,0.0,2.0,3202,2.014052629470825,0,0.0,0,0.0,0,3.5839221477508545,1,6
SH,GM,73,2224,440,440,44.0,0.380562961101532,0.5096265077590942,2.374155044555664,2.7859866619110107,0.6779619455337524,1,386,1,386,0.8772727272727273,2.0,386,0.0,0,0.0,0,0.0,0,0.0,1,6
SH,GM,73,2225,170,170,17.0,0.3635886609554291,0.43108466267585754,9.472376823425293,12.121192932128906,1.3294025659561157,0,-1,1,170,1.0,2.0,170,0.5775821208953857,0,0.0,0,0.0,0,4.210555553436279,2,7
SH,GM,73,2226,180,180,18.0,0.1972382664680481,0.2378072589635849,4.582945346832275,5.235291957855225,0.45213356614112854,0,-1,1,180,1.0,2.0,180,0.656934380531311,0,0.0,0,0.0,0,9.432249069213867,1,6
SH,GM,73,2227,239,239,23.900000000000002,0.4272296130657196,0.5348784327507019,21.09463119506836,25.665523529052734,1.865953803062439,0,-1,0,0,0.0,2.0,239,2.4714083671569824,0,0.0,0,0.0,0,6.104717254638672,2,7
SH,GM,73,2228,183,183,18.3,0.2703550457954407,0.3270108103752136,2.0774855613708496,2.8843190670013428,0.4328000545501709,0,-1,1,183,1.0,2.0,183,0.7077670097351074,0,0.0,0,0.0,0,6.467201232910156,2,7
SH,GM,73,2229,163,163,16.3,0.40677201747894287,0.498645156621933,1.053110957145691,1.2763347625732422,0.5597223043441772,0,-1,1,163,1.0,2.0,163,1.3915380239486694,0,0.0,0,0.0,0,2.551466464996338,0,5
SH,GM,73,2230,266,266,26.6,0.15940648317337036,0.20231083035469055,6.174376487731934,7.929581642150879,0.774711012840271,0,-1,1,180,0.6766917293233082,2.0,266,1.5455591678619385,0,0.0,0,0.0,0,26.809093475341797,1,6
SH,GM,73,2231,194,194,19.400000000000002,0.2028859704732895,0.24650490283966064,7.358325004577637,9.072763442993164,1.0533844232559204,0,-1,1,170,0.8762886597938144,2.0,194,1.465959072113037,0,0.0,0,0.0,0,31.894237518310547,2,7
SH,GM,73,2232,278,278,27.8,0.1531485766172409,0.23316945135593414,1.4165347814559937,1.5832675695419312,0.24865330755710602,0,-1,0,0,0.0,2.0,278,4.565337181091309,0,0.0,0,0.0,0,5.0735063552856445,2,7
SH,GM,73,2233,528,528,52.800000000000004,0.43536868691444397,0.5648570656776428,4.731473922729492,5.3132758140563965,0.5133675932884216,1,496,1,496,0.9393939393939394,2.0,496,0.0,0,0.0,0,0.0,0,0.0,0,5
SH,GM,73,2234,433,433,43.300000000000004,0.2975277006626129,0.36576947569847107,3.916522741317749,4.9916300773620605,0.5694528222084045,0,-1,1,302,0.6974595842956121,2.0,433,1.068760633468628,0,0.0,0,0.0,0,5.3351216316223145,1,6
SH,GM,73,2235,149,149,14.9,0.32774561643600464,0.4295191466808319,2.062619924545288,2.2823445796966553,0.4008809030056,0,-1,0,0,0.0,2.0,149,2.1842081546783447,0,0.0,0,0.0,0,4.963511943817139,0,5
SH,GM,73,2236,138,138,13.8,0.20687712728977203,0.29643288254737854,4.972243309020996,6.170055389404297,0.9474173188209534,0,-1,1,83,0.6014492753623188,2.0,138,1.5843064785003662,0,0.0,0,0.0,0,28.005918502807617,2,7
SH,GM,73,2237,150,150,15.0,0.3215654492378235,0.37979385256767273,6.479249000549316,7.867656230926514,0.770810067653656,0,-1,1,1,0.006666666666666667,2.0,150,1.9769270420074463,0,0.0,0,0.0,0,22.9157772064209,0,5
SH,GM,73,2238,265,265,26.5,0.2962076961994171,0.369665265083313,1.6563119888305664,2.158505916595459,0.5381962060928345,0,-1,1,95,0.3584905660377358,2.0,265,1.7243708372116089,0,0.0,0,0.0,0,1.6341502666473389,2,7
SH,GM,73,2239,161,161,16.1,0.5201961398124695,0.7488431930541992,3.4345805644989014,4.254556179046631,1.2871710062026978,0,-1,0,0,0.0,2.0,161,2.6775684356689453,0,0.0,0,0.0,0,7.574954986572266,0,5
SH,GM,73,2240,378,378,37.800000000000004,0.4799037277698517,0.6075833439826965,13.428943634033203,16.558813095092773,1.249726414680481,0,-1,0,0,0.0,2.0,378,2.8144285678863525,0,0.0,0,0.0,0,6.354728698730469,1,6
SH,GM,73,2241,165,165,16.5,0.2692475914955139,0.3305419087409973,2.2261757850646973,2.759333848953247,0.8213428854942322,0,-1,1,18,0.10909090909090909,2.0,165,1.917862057685852,0,0.0,0,0.0,0,32.14767074584961,1,6
SH,GM,73,2242,160,160,16.0,0.32020333409309387,0.431945264339447,5.7221245765686035,6.886502265930176,0.8690474629402161,0,-1,0,0,0.0,2.0,160,2.0028140544891357,0,0.0,0,0.0,0,23.39246940612793,0,5
SH,GM,73,2243,545,545,54.5,0.40887778997421265,0.5046632289886475,7.289320468902588,8.150583267211914,0.7464940547943115,0,-1,0,0,0.0,2.0,545,3.1295180320739746,0,0.0,0,0.0,0,7.179530143737793,0,5
SH,GM,73,2244,450,450,45.0,0.2535403370857239,0.2991199195384979,14.878324508666992,18.380552291870117,0.7815707921981812,0,-1,1,450,1.0,2.0,450,0.7242376804351807,0,0.0,0,0.0,0,16.247276306152344,2,7
SH,GM,73,2245,494,494,49.400000000000006,0.26984941959381104,0.34477442502975464,5.53795051574707,6.380624294281006,0.4739207923412323,0,-1,1,494,1.0,2.0,494,0.4780223071575165,0,0.0,0,0.0,0,3.313805341720581,2,7
SH,GM,73,2246,253,253,25.3,0.3067358434200287,0.39431723952293396,1.2555956840515137,1.5644720792770386,0.5179335474967957,0,-1,1,253,1.0,2.0,253,1.3698536157608032,0,0.0,0,0.0,0,6.393250465393066,1,6
SH,GM,73,2247,322,322,32.2,0.6045951843261719,0.8792695999145508,42.627986907958984,49.420013427734375,3.3324148654937744,0,-1,0,0,0.0,2.0,322,3.986441135406494,0,0.0,0,0.0,0,10.025700569152832,1,6
SH,GM,73,2248,160,160,16.0,0.13173924386501312,0.17087750136852264,0.893721878528595,1.1464881896972656,0.23692412674427032,0,-1,0,0,0.0,2.0,160,5.837766170501709,0,0.0,0,0.0,0,6.477260589599609,1,6
SH,GM,73,2249,332,332,33.2,0.4701344668865204,0.6008380055427551,7.931750297546387,9.496418952941895,2.7329928874969482,1,179,1,179,0.5391566265060241,2.0,179,0.0,0,0.0,0,0.0,0,0.0,2,7
SH,GM,73,2250,1738,1738,173.8,0.3690972626209259,0.5036660432815552,11.553565979003906,16.299583435058594,0.6972809433937073,0,-1,1,756,0.43498273878020716,2.0,1738,0.45918774604797363,0,0.0,0,0.0,0,1.068518042564392,2,7
SH,GM,73,2251,588,588,58.800000000000004,0.14640504121780396,0.20175155997276306,32.23986053466797,37.8471565246582,1.1876065731048584,0,-1,1,588,1.0,2.0,588,0.45363348722457886,0,0.0,0,0.0,0,8.355440139770508,2,7
SH,GM,73,2252,274,274,27.400000000000002,0.4412701427936554,0.5942437052726746,2.6743085384368896,3.5054264068603516,0.943104088306427,0,-1,1,100,0.36496350364963503,2.0,274,1.5361260175704956,0,0.0,0,0.0,0,8.986579895019531,0,5
SH,GM,73,2253,186,186,18.6,0.34795981645584106,0.4635411500930786,1.5469146966934204,1.94428288936615,0.581501305103302,0,-1,1,186,1.0,2.0,186,0.7905550599098206,0,0.0,0,0.0,0,11.901108741760254,1,6
SH,GM,73,2254,215,215,21.5,0.11485990136861801,0.14054356515407562,7.698593616485596,10.908027648925781,1.1094143390655518,0,-1,0,0,0.0,2.0,215,2.3459014892578125,0,0.0,0,0.0,0,65.77767944335938,2,7
SH,GM,73,2255,858,858,85.80000000000001,0.30954626202583313,0.4219772219657898,1.6968212127685547,2.047882318496704,0.2628539204597473,0,-1,1,842,0.9813519813519813,2.0,858,1.3517876863479614,0,0.0,0,0.0,0,0.76039057970047,2,7
SH,GM,73,2256,279,279,27.900000000000002,0.13076448440551758,0.17986249923706055,0.9785298705101013,1.2067921161651611,0.26870283484458923,0,-1,0,0,0.0,2.0,279,2.436086893081665,0,0.0,0,0.0,0,2.112555980682373,2,7
SH,GM,73,2257,141,141,14.100000000000001,0.120885469019413,0.16043858230113983,1.6759095191955566,2.2085037231445312,0.34327736496925354,0,-1,1,141,1.0,2.0,141,1.6173428297042847,0,0.0,0,0.0,0,32.265987396240234,1,6
SH,GM,73,2258,279,279,27.900000000000002,0.3947484791278839,0.5651938915252686,4.781935691833496,5.346331596374512,1.9261610507965088,1,119,1,119,0.4265232974910394,2.0,119,0.0,0,0.0,0,0.0,0,0.0,1,6
SH,GM,73,2259,224,224,22.400000000000002,0.2547568678855896,0.2980029284954071,4.4650492668151855,6.833746910095215,0.8061281442642212,0,-1,0,0,0.0,2.0,224,2.87593150138855,0,0.0,0,0.0,0,5.412765979766846,0,5
SH,GM,73,2260,167,167,16.7,0.22014553844928741,0.28928112983703613,2.548032522201538,2.766585350036621,0.31788748502731323,0,-1,0,0,0.0,2.0,167,2.3020222187042236,0,0.0,0,0.0,0,5.192296028137207,0,5
SH,GM,73,2261,513,513,51.300000000000004,0.5593364238739014,0.7061363458633423,6.392986297607422,7.023476600646973,0.7646536231040955,0,-1,1,513,1.0,2.0,513,0.11821591854095459,0,0.0,0,0.0,0,1.0809895992279053,1,6
SH,GM,73,2262,204,204,20.400000000000002,0.13630664348602295,0.1651441752910614,4.382864952087402,5.2693586349487305,0.34697237610816956,0,-1,1,204,1.0,2.0,204,1.0672551393508911,0,0.0,0,0.0,0,5.850615978240967,1,6
SH,GM,73,2263,239,239,23.900000000000002,0.1583089828491211,0.19309759140014648,2.459099292755127,2.923992395401001,0.37552741169929504,0,-1,1,239,1.0,2.0,239,1.0963064432144165,0,0.0,0,0.0,0,6.446038722991943,0,5
SH,GM,73,2264,134,134,13.4,0.5748624205589294,0.6977096796035767,5.594886779785156,6.4859089851379395,1.1186141967773438,1,96,1,58,0.43283582089552236,2.0,96,0.0,0,0.0,0,0.0,0,0.0,1,6
SH,GM,73,2265,132,132,13.200000000000001,0.4584430456161499,0.5305929780006409,0.6377459764480591,0.8899717330932617,0.39907076954841614,0,-1,1,132,1.0,2.0,132,1.0935702323913574,0,0.0,0,0.0,0,3.168834686279297,0,5
SH,GM,73,2266,208,208,20.8,0.4037652015686035,0.5080352425575256,4.0791730880737305,4.3685126304626465,0.5446760654449463,0,-1,0,0,0.0,2.0,208,3.1501052379608154,0,0.0,0,0.0,0,4.664639472961426,2,7
SH,GM,73,2267,266,266,26.6,0.3693886697292328,0.44981423020362854,7.593173503875732,9.8795804977417,0.905881941318512,0,-1,0,0,0.0,2.0,266,2.002897024154663,0,0.0,0,0.0,0,4.749661445617676,0,5
SH,GM,73,2268,774,774,77.4,0.19968654215335846,0.24807168543338776,0.7686071395874023,0.9867770671844482,0.19620995223522186,0,-1,1,722,0.9328165374677002,2.0,774,1.653476357460022,0,0.0,0,0.0,0,1.276262879371643,1,6
SH,GM,73,2269,315,315,31.5,0.3300299644470215,0.38575470447540283,25.644908905029297,31.41607093811035,1.7152597904205322,0,-1,0,0,0.0,2.0,315,2.054748058319092,0,0.0,0,0.0,0,3.076796770095825,0,5
SH,GM,73,2270,163,163,16.3,0.3344763219356537,0.4981353282928467,7.194512844085693,7.780261039733887,0.86077880859375,0,-1,0,0,0.0,2.0,163,3.547184467315674,0,0.0,0,0.0,0,15.461856842041016,1,6
SH,GM,73,2271,265,265,26.5,0.12424011528491974,0.1590205430984497,1.2554219961166382,1.7434895038604736,0.40045344829559326,0,-1,1,118,0.44528301886792454,2.0,265,1.5783675909042358,0,0.0,0,0.0,0,7.272085666656494,0,5
SH,GM,73,2272,174,174,17.400000000000002,0.3659359812736511,0.5244201421737671,0.8850266933441162,1.1850289106369019,0.49881407618522644,0,-1,0,0,0.0,2.0,174,3.3020832538604736,0,0.0,0,0.0,0,3.7286972999572754,1,6
SH,GM,73,2273,207,207,20.700000000000003,0.21370920538902283,0.2877485454082489,7.409115791320801,8.460775375366211,0.6155588030815125,0,-1,1,207,1.0,2.0,207,0.817054808139801,0,0.0,0,0.0,0,15.383468627929688,1,6
SH,GM,73,2274,158,158,15.8,0.21228227019309998,0.25937989354133606,0.7087439298629761,0.9958364367485046,0.23193813860416412,0,-1,1,158,1.0,2.0,158,0.7067146301269531,0,0.0,0,0.0,0,14.920061111450195,0,5
SH,GM,73,2275,167,167,16.7,0.3729667067527771,0.4507233500480652,1.3809784650802612,1.7876368761062622,0.5414652824401855,0,-1,0,0,0.0,2.0,167,4.287822723388672,0,0.0,0,0.0,0,5.577937126159668,1,6
SH,GM,73,2276,187,187,18.7,0.1896868199110031,0.23136404156684875,5.2207746505737305,6.760769844055176,0.7707895040512085,0,-1,1,69,0.3689839572192513,2.0,187,1.4709233045578003,0,0.0,0,0.0,0,10.044968605041504,0,5
SH,GM,73,2277,573,573,57.300000000000004,0.4029201865196228,0.5523333549499512,8.985107421875,12.092266082763672,1.1244053840637207,0,-1,0,0,0.0,2.0,573,2.0024142265319824,0,0.0,0,0.0,0,5.522846698760986,0,5
SH,GM,73,2278,254,254,25.400000000000002,0.2121550738811493,0.27659711241722107,3.969221353530884,4.478471279144287,0.6221231818199158,0,-1,1,245,0.9645669291338582,2.0,254,1.4087772369384766,0,0.0,0,0.0,0,24.69727325439453,1,6
SH,GM,73,2279,169,169,16.900000000000002,0.49675679206848145,0.598709762096405,5.825047492980957,7.082031726837158,1.0190852880477905,0,-1,0,0,0.0,2.0,169,3.1570205688476562,0,0.0,0,0.0,0,4.8042473793029785,1,6
SH,GM,73,2280,445,445,44.5,0.15889498591423035,0.2095949798822403,2.040022373199463,2.5897860527038574,0.38553377985954285,0,-1,1,445,1.0,2.0,445,1.2726542949676514,0,0.0,0,0.0,0,13.270142555236816,2,7
SH,GM,73,2281,175,175,17.5,0.2876904606819153,0.3720841705799103,1.0942827463150024,1.8011984825134277,0.5422212481498718,0,-1,0,0,0.0,2.0,175,2.764477014541626,0,0.0,0,0.0,0,55.22684097290039,1,6
SH,GM,73,2282,208,208,20.8,0.152467742562294,0.1769147515296936,7.193544387817383,9.424139976501465,0.9918076395988464,0,-1,1,138,0.6634615384615384,2.0,208,1.2213317155838013,0,0.0,0,0.0,0,14.344562530517578,0,5
SH,GM,73,2283,262,262,26.200000000000003,0.4564160108566284,0.5756629109382629,5.523917198181152,5.94533634185791,0.7880622744560242,0,-1,0,0,0.0,2.0,262,2.0252151489257812,0,0.0,0,0.0,0,6.664398193359375,2,7
SH,GM,73,2284,564,564,56.400000000000006,0.19731102883815765,0.26882120966911316,6.185916900634766,7.705509662628174,0.7669221758842468,0,-1,1,564,1.0,2.0,564,1.3541172742843628,0,0.0,0,0.0,0,19.68507194519043,0,5
SH,GM,73,2285,495,495,49.5,0.2497965395450592,0.3248756527900696,2.365719795227051,2.9854331016540527,0.5191198587417603,0,-1,1,431,0.8707070707070707,2.0,495,0.4032019376754761,0,0.0,0,0.0,0,7.507474422454834,2,7
SH,GM,73,2286,349,349,34.9,0.28319674730300903,0.33839496970176697,2.2413032054901123,2.527038812637329,0.6243605017662048,0,-1,1,349,1.0,2.0,349,0.8788647055625916,0,0.0,0,0.0,0,21.492881774902344,2,7
SH,GM,73,2287,165,165,16.5,0.3858258128166199,0.5586987137794495,8.494038581848145,10.185872077941895,1.1771670579910278,0,-1,1,70,0.42424242424242425,2.0,165,1.3255492448806763,0,0.0,0,0.0,0,11.754993438720703,2,7
SH,GM,73,2288,426,426,42.6,0.22001178562641144,0.35394203662872314,4.3701677322387695,4.7436347007751465,0.3280715346336365,0,-1,0,0,0.0,2.0,426,3.6225650310516357,0,0.0,0,0.0,0,5.240771770477295,1,6
SH,GM,73,2289,257,257,25.700000000000003,0.6429255604743958,0.7971335053443909,7.925378799438477,9.540236473083496,1.1691001653671265,0,-1,0,0,0.0,2.0,257,2.6069750785827637,0,0.0,0,0.0,0,15.13536262512207,0,5
SH,GM,73,2290,303,303,30.3,0.30693429708480835,0.4091053605079651,2.690793037414551,3.0403029918670654,0.3899240791797638,0,-1,0,0,0.0,2.0,303,2.571563959121704,0,0.0,0,0.0,0,2.7815628051757812,0,5
SH,GM,73,2291,170,170,17.0,0.208025723695755,0.29895615577697754,2.0713179111480713,2.4521942138671875,0.27511146664619446,0,-1,1,170,1.0,2.0,170,1.1820173263549805,0,0.0,0,0.0,0,20.772686004638672,0,5
SH,GM,73,2292,367,367,36.7,0.3033975064754486,0.3889688551425934,1.6273655891418457,1.746883511543274,0.3154389262199402,0,-1,1,367,1.0,2.0,367,1.210196852684021,0,0.0,0,0.0,0,4.172313690185547,2,7
SH,GM,73,2293,148,148,14.8,0.20729374885559082,0.2541274428367615,5.7492570877075195,7.579432010650635,1.0992127656936646,0,-1,0,0,0.0,2.0,148,3.828949451446533,0,0.0,0,0.0,0,23.0877742767334,1,6
SH,GM,73,2294,172,172,17.2,0.25337597727775574,0.33803707361221313,0.9034578800201416,1.3083786964416504,0.37406983971595764,0,-1,1,24,0.13953488372093023,2.0,172,1.9666367769241333,0,0.0,0,0.0,0,3.8594777584075928,0,5
SH,GM,73,2295,259,259,25.900000000000002,0.33150380849838257,0.42262688279151917,19.287548065185547,22.11576271057129,1.6658036708831787,0,-1,0,0,0.0,2.0,259,3.0090785026550293,0,0.0,0,0.0,0,54.543121337890625,2,7
SH,GM,73,2296,172,172,17.2,0.35209518671035767,0.4459608495235443,2.938547372817993,3.5104470252990723,0.5981652736663818,0,-1,1,172,1.0,2.0,172,1.2309179306030273,0,0.0,0,0.0,0,12.902183532714844,1,6
SH,GM,73,2297,366,366,36.6,0.28615257143974304,0.3913831412792206,0.7133942246437073,1.0914233922958374,0.26298993825912476,0,-1,1,354,0.9672131147540983,2.0,366,1.7627149820327759,0,0.0,0,0.0,0,1.997549295425415,1,6
SH,GM,73,2298,144,144,14.4,0.23376907408237457,0.2989279627799988,1.4002280235290527,1.6394972801208496,0.28795069456100464,0,-1,1,144,1.0,2.0,144,0.9344362616539001,0,0.0,0,0.0,0,14.218432426452637,0,5
SH,GM,73,2299,232,232,23.200000000000003,0.2343522161245346,0.3598790168762207,2.004662275314331,2.658013105392456,0.47171202301979065,0,-1,1,232,1.0,2.0,232,1.2664384841918945,0,0.0,0,0.0,0,15.16102409362793,1,6
SH,GM,73,2300,149,149,14.9,0.21732889115810394,0.2612748444080353,6.167514324188232,8.017712593078613,1.170670747756958,0,-1,1,114,0.7651006711409396,2.0,149,1.5777899026870728,0,0.0,0,0.0,0,29.967370986938477,1,6
SH,GM,73,2301,1768,1768,176.8,0.24351489543914795,0.30016687512397766,3.287201404571533,4.5856428146362305,0.5076003670692444,0,-1,1,1464,0.8280542986425339,2.0,1768,1.204132318496704,0,0.0,0,0.0,0,17.924890518188477,0,5
SH,GM,73,2302,237,237,23.700000000000003,0.25373509526252747,0.3343777358531952,1.75326406955719,2.0979604721069336,0.3642948269844055,0,-1,0,0,0.0,2.0,237,3.7168023586273193,0,0.0,0,0.0,0,3.6107239723205566,0,5
SH,GM,73,2303,252,252,25.200000000000003,0.12177930027246475,0.151511549949646,5.747130870819092,6.4806318283081055,0.46029359102249146,0,-1,1,65,0.25793650793650796,2.0,252,1.8914682865142822,0,0.0,0,0.0,0,37.568241119384766,2,7
SH,GM,73,2304,654,654,65.4,0.2233833223581314,0.35277408361434937,1.9995909929275513,2.9937405586242676,0.27805233001708984,0,-1,1,654,1.0,2.0,654,0.3438987135887146,0,0.0,0,0.0,0,2.961704730987549,2,7
SH,GM,73,2305,232,232,23.200000000000003,0.3304927349090576,0.39661484956741333,2.917025566101074,3.5000088214874268,0.41953542828559875,0,-1,1,232,1.0,2.0,232,0.21267017722129822,0,0.0,0,0.0,0,0.42187047004699707,2,7
SH,GM,73,2306,152,152,15.200000000000001,0.24936719238758087,0.30040356516838074,10.120044708251953,12.73256778717041,1.4866364002227783,0,-1,1,152,1.0,2.0,152,0.8202311396598816,0,0.0,0,0.0,0,7.924590587615967,1,6
SH,GM,73,2307,400,400,40.0,0.3180428147315979,0.4391745328903198,13.728527069091797,16.847126007080078,1.4408400058746338,0,-1,0,0,0.0,2.0,400,2.5626347064971924,0,0.0,0,0.0,0,6.227970600128174,0,5
SH,GM,73,2308,181,181,18.1,0.3098200261592865,0.3815246820449829,2.078538417816162,3.096910238265991,0.9650853872299194,0,-1,0,0,0.0,2.0,181,2.058809518814087,0,0.0,0,0.0,0,41.98183059692383,0,5
SH,GM,73,2309,379,379,37.9,0.2636812925338745,0.3241630792617798,1.462589144706726,1.672298550605774,0.2550393342971802,0,-1,1,379,1.0,2.0,379,0.5685750246047974,0,0.0,0,0.0,0,7.5329813957214355,0,5
SH,GM,73,2310,161,161,16.1,0.5567225217819214,0.7391356229782104,16.6574764251709,20.534423828125,2.327209949493408,0,-1,0,0,0.0,2.0,161,3.9326534271240234,0,0.0,0,0.0,0,7.25477933883667,1,6
SH,GM,73,2311,237,237,23.700000000000003,0.21285390853881836,0.2730238437652588,2.821668863296509,3.4105098247528076,0.2575363218784332,0,-1,1,237,1.0,2.0,237,1.1563544273376465,0,0.0,0,0.0,0,3.3058767318725586,1,6
SH,GM,73,2312,243,243,24.3,0.3081318140029907,0.34541448950767517,7.656400203704834,8.967599868774414,1.6447117328643799,0,-1,0,0,0.0,2.0,243,2.057234764099121,0,0.0,0,0.0,0,49.99559020996094,1,6
SH,GM,73,2313,213,213,21.3,0.2781001925468445,0.333478718996048,3.859668731689453,4.39507532119751,0.466898649930954,0,-1,0,0,0.0,2.0,213,2.2950730323791504,0,0.0,0,0.0,0,6.044745445251465,0,5
SH,GM,73,2314,157,157,15.700000000000001,0.3188077211380005,0.38263770937919617,9.076240539550781,11.464180946350098,1.4888321161270142,0,-1,1,47,0.29936305732484075,2.0,157,1.7304894924163818,0,0.0,0,0.0,0,32.45132827758789,0,5
SH,GM,73,2315,163,163,16.3,0.6824275255203247,0.9922575950622559,13.380043029785156,15.293444633483887,1.6266988515853882,0,-1,1,163,1.0,2.0,163,0.18797677755355835,0,0.0,0,0.0,0,1.0796620845794678,2,7
SH,GM,73,2316,156,156,15.600000000000001,0.28185269236564636,0.33435821533203125,2.885111093521118,3.4458301067352295,0.7200517058372498,0,-1,1,66,0.4230769230769231,2.0,156,1.3458629846572876,0,0.0,0,0.0,0,5.815957069396973,1,6
SH,GM,73,2317,206,206,20.6,0.48660579323768616,0.6760226488113403,3.435908555984497,3.850963830947876,1.1643035411834717,1,121,1,121,0.587378640776699,2.0,121,0.0,0,0.0,0,0.0,0,0.0,1,6
SH,GM,73,2318,174,174,17.400000000000002,0.5707225799560547,0.678291380405426,10.540623664855957,11.893836975097656,1.4154349565505981,0,-1,1,91,0.5229885057471264,2.0,174,1.4260610342025757,0,0.0,0,0.0,0,24.181255340576172,2,7
SH,GM,73,2319,282,282,28.200000000000003,0.2812536358833313,0.37113672494888306,3.0970473289489746,3.8187689781188965,0.5805756449699402,0,-1,1,132,0.46808510638297873,2.0,282,1.5388836860656738,0,0.0,0,0.0,0,9.137479782104492,0,5
SH,GM,73,2320,157,157,15.700000000000001,0.393405556678772,0.4658123254776001,1.6950773000717163,2.4143500328063965,0.744154691696167,0,-1,1,157,1.0,2.0,157,1.2410882711410522,0,0.0,0,0.0,0,22.644258499145508,1,6
SH,GM,73,2321,175,175,17.5,0.4339708983898163,0.5481451749801636,3.876856565475464,4.613986015319824,0.6995863914489746,0,-1,1,114,0.6514285714285715,2.0,175,1.3055976629257202,0,0.0,0,0.0,0,15.631624221801758,2,7
SH,GM,73,2322,155,155,15.5,0.17546837031841278,0.2139815390110016,2.81276535987854,3.288710117340088,0.4620324373245239,0,-1,0,0,0.0,2.0,155,2.8197598457336426,0,0.0,0,0.0,0,43.4344482421875,0,5
SH,GM,73,2323,171,171,17.1,0.4191940426826477,0.5211294889450073,3.40263295173645,3.7923390865325928,1.3000667095184326,1,99,1,99,0.5789473684210527,2.0,99,0.0,0,0.0,0,0.0,0,0.0,0,5
SH,GM,73,2324,381,381,38.1,0.2615496516227722,0.34533050656318665,7.1523661613464355,9.075562477111816,1.0404651165008545,0,-1,1,381,1.0,2.0,381,0.6816825270652771,0,0.0,0,0.0,0,15.775823593139648,2,7
SH,GM,73,2325,206,206,20.6,0.16648012399673462,0.25027740001678467,1.8265472650527954,2.015871524810791,0.2397863119840622,0,-1,0,0,0.0,2.0,206,2.2636632919311523,0,0.0,0,0.0,0,2.8715479373931885,2,7
SH,GM,73,2326,682,682,68.2,0.3226890563964844,0.42246106266975403,12.124448776245117,13.447173118591309,3.145934820175171,1,454,1,454,0.6656891495601173,2.0,454,0.0,0,0.0,0,0.0,0,0.0,1,6
SH,GM,73,2327,150,150,15.0,0.26841700077056885,0.34160834550857544,3.009146213531494,3.305647134780884,0.37817803025245667,0,-1,1,150,1.0,2.0,150,0.2392500638961792,0,0.0,0,0.0,0,1.0656819343566895,1,6
SH,GM,73,2328,248,248,24.8,0.4845975339412689,0.6000111103057861,15.107826232910156,17.569726943969727,1.9320276975631714,0,-1,0,0,0.0,2.0,248,4.302947521209717,0,0.0,0,0.0,0,7.438431262969971,1,6
SH,GM,73,2329,333,333,33.300000000000004,0.3072085976600647,0.4111196994781494,24.69110107421875,28.843791961669922,1.6222869157791138,0,-1,0,0,0.0,2.0,333,2.754025459289551,0,0.0,0,0.0,0,8.626821517944336,0,5
SH,GM,73,2330,187,187,18.7,0.4330120086669922,0.5113045573234558,2.591280937194824,3.1345160007476807,0.791541337966919,1,166,1,63,0.33689839572192515,2.0,166,0.0,0,0.0,0,0.0,0,0.0,1,6
SH,GM,73,2331,323,323,32.300000000000004,0.269875705242157,0.3590201437473297,0.933586597442627,1.1776005029678345,0.24170652031898499,0,-1,1,311,0.9628482972136223,2.0,323,1.441361665725708,0,0.0,0,0.0,0,0.9976541996002197,1,6
SH,GM,73,2332,259,259,25.900000000000002,0.22266219556331635,0.27480417490005493,3.0361554622650146,3.2946596145629883,0.350897878408432,0,-1,1,86,0.33204633204633205,2.0,259,1.5669137239456177,0,0.0,0,0.0,0,15.249829292297363,0,5
SH,GM,73,2333,278,278,27.8,0.3015681505203247,0.387180894613266,12.697998046875,15.336930274963379,1.2098770141601562,0,-1,0,0,0.0,2.0,278,2.94659161567688,0,0.0,0,0.0,0,19.050945281982422,1,6
SH,GM,73,2334,173,173,17.3,0.41640281677246094,0.5952902436256409,5.29246711730957,7.051387310028076,0.9354518055915833,0,-1,1,173,1.0,2.0,173,1.2559398412704468,0,0.0,0,0.0,0,13.032806396484375,2,7
SH,GM,73,2335,236,236,23.6,0.23288214206695557,0.2697923183441162,2.474456310272217,3.258246660232544,0.7282145023345947,0,-1,1,236,1.0,2.0,236,1.3511990308761597,0,0.0,0,0.0,0,24.50828742980957,1,6
SH,GM,73,2336,291,291,29.1,0.24442775547504425,0.3119359016418457,1.0431592464447021,1.5694719552993774,0.30464017391204834,0,-1,0,0,0.0,2.0,291,2.0179076194763184,0,0.0,0,0.0,0,2.541551351547241,1,6
SH,GM,73,2337,422,422,42.2,0.2041347771883011,0.2475450038909912,3.8565406799316406,4.489325523376465,0.45909976959228516,0,-1,0,0,0.0,2.0,422,2.0717835426330566,0,0.0,0,0.0,0,4.3311767578125,1,6
SH,GM,73,2338,150,150,15.0,0.24356256425380707,0.2889832854270935,2.0159125328063965,2.3939249515533447,0.40902599692344666,0,-1,1,150,1.0,2.0,150,1.6178184747695923,0,0.0,0,0.0,0,48.85242462158203,2,7
SH,GM,73,2339,440,440,44.0,0.2605016827583313,0.3436180353164673,12.827726364135742,17.244956970214844,1.0616389513015747,0,-1,0,0,0.0,2.0,440,2.4407460689544678,0,0.0,0,0.0,0,7.202998638153076,2,7
SH,GM,73,2340,222,222,22.200000000000003,0.50665682554245,0.7071896195411682,1.9639084339141846,2.3732781410217285,0.7277446985244751,0,-1,0,0,0.0,2.0,222,3.3234803676605225,0,0.0,0,0.0,0,37.842384338378906,1,6
SH,GM,73,2341,140,140,14.0,0.16420051455497742,0.18513132631778717,4.007114410400391,5.546217918395996,0.9980425238609314,0,-1,1,72,0.5142857142857142,2.0,140,1.6359124183654785,0,0.0,0,0.0,0,35.37657165527344,0,5
SH,GM,73,2342,434,434,43.400000000000006,0.27162009477615356,0.33185166120529175,19.417795181274414,22.582157135009766,1.4504073858261108,0,-1,0,0,0.0,2.0,434,4.269321441650391,0,0.0,0,0.0,0,10.414972305297852,1,6
SH,GM,73,2343,282,282,28.200000000000003,0.17113110423088074,0.22375260293483734,11.730616569519043,15.844027519226074,1.3076375722885132,0,-1,0,0,0.0,2.0,282,2.39534592628479,0,0.0,0,0.0,0,36.57049560546875,1,6
SH,GM,73,2344,501,501,50.1,0.26184916496276855,0.3805084824562073,4.215207099914551,5.381596565246582,0.6245689392089844,0,-1,1,370,0.7385229540918163,2.0,501,0.7421926259994507,0,0.0,0,0.0,0,2.382720470428467,2,7
SH,GM,73,2345,172,172,17.2,0.22575683891773224,0.27374881505966187,2.3959553241729736,2.632209300994873,0.36710911989212036,0,-1,1,172,1.0,2.0,172,1.2497835159301758,0,0.0,0,0.0,0,20.490623474121094,2,7
SH,GM,73,2346,204,204,20.400000000000002,0.3342936635017395,0.4389737844467163,12.17312240600586,16.20768165588379,1.4888299703598022,0,-1,0,0,0.0,2.0,204,4.037397861480713,0,0.0,0,0.0,0,6.182847023010254,2,7
SH,GM,73,2347,150,150,15.0,0.3626055419445038,0.44781777262687683,4.221065998077393,4.911744117736816,0.5592409372329712,0,-1,0,0,0.0,2.0,150,3.0401182174682617,0,0.0,0,0.0,0,5.3621697425842285,0,5
SH,GM,73,2348,180,180,18.0,0.2852306365966797,0.34930720925331116,4.305560111999512,6.033876895904541,0.8857994675636292,0,-1,1,88,0.4888888888888889,2.0,180,1.3935260772705078,0,0.0,0,0.0,0,1.8698768615722656,2,7
SH,GM,73,2349,275,275,27.5,0.3851722180843353,0.4801774322986603,8.095547676086426,9.333176612854004,0.8425807356834412,1,230,1,230,0.8363636363636363,2.0,230,0.0,0,0.0,0,0.0,0,0.0,2,7
SH,GM,73,2350,791,791,79.10000000000001,0.44634392857551575,0.5648192167282104,15.614102363586426,18.032970428466797,1.139396071434021,0,-1,0,0,0.0,2.0,791,2.490510940551758,0,0.0,0,0.0,0,7.378015995025635,0,5
SH,GM,73,2351,470,470,47.0,0.3089417815208435,0.3862585723400116,7.633656024932861,11.379471778869629,0.8525809645652771,0,-1,1,470,1.0,2.0,470,1.0908132791519165,0,0.0,0,0.0,0,19.166269302368164,1,6
SH,GM,73,2352,169,169,16.900000000000002,0.24103659391403198,0.30021655559539795,1.7446603775024414,1.9413173198699951,0.3478049635887146,0,-1,0,0,0.0,2.0,169,3.484950065612793,0,0.0,0,0.0,0,3.867367744445801,2,7
SH,GM,73,2353,163,163,16.3,0.21884749829769135,0.26265543699264526,2.9288856983184814,3.5631208419799805,0.33629146218299866,0,-1,1,163,1.0,2.0,163,1.0220329761505127,0,0.0,0,0.0,0,20.69414710998535,0,5
SH,GM,73,2354,482,482,48.2,0.16190128028392792,0.2084067165851593,9.666035652160645,10.81894588470459,0.626207709312439,0,-1,1,482,1.0,2.0,482,1.2720482349395752,0,0.0,0,0.0,0,18.738861083984375,2,7
SH,GM,73,2355,321,321,32.1,0.36906522512435913,0.510399580001831,4.291480541229248,5.01346492767334,0.9479242563247681,0,-1,1,321,1.0,2.0,321,0.6477689146995544,0,0.0,0,0.0,0,5.986435890197754,1,6
SH,GM,73,2356,238,238,23.8,0.3468029499053955,0.4944271445274353,4.459533214569092,5.109659671783447,0.7529557347297668,0,-1,0,0,0.0,2.0,238,3.6743571758270264,0,0.0,0,0.0,0,4.588349342346191,1,6
SH,GM,73,2357,191,191,19.1,0.3409392237663269,0.4072943925857544,2.8603103160858154,3.484304904937744,0.4801357686519623,0,-1,1,100,0.5235602094240838,2.0,191,1.9373762607574463,0,0.0,0,0.0,0,6.050113677978516,0,5
SH,GM,73,2358,294,294,29.400000000000002,0.2228574901819229,0.29219356179237366,3.2148497104644775,4.553152084350586,0.4147335886955261,0,-1,1,214,0.7278911564625851,2.0,294,1.2201321125030518,0,0.0,0,0.0,0,18.19169807434082,0,5
SH,GM,73,2359,149,149,14.9,0.41477668285369873,0.5439296960830688,0.993649959564209,1.1578502655029297,0.5094545483589172,0,-1,0,0,0.0,2.0,149,2.3489396572113037,0,0.0,0,0.0,0,3.7369656562805176,2,7
SH,GM,73,2360,202,202,20.200000000000003,0.14655186235904694,0.178928405046463,4.269739151000977,6.2256975173950195,0.6210241317749023,0,-1,1,56,0.27722772277227725,2.0,202,1.5541821718215942,0,0.0,0,0.0,0,13.247235298156738,1,6
SH,GM,73,2361,139,139,13.9,0.4675004780292511,0.5659627318382263,4.380601406097412,5.283402919769287,0.8100462555885315,1,120,1,86,0.6187050359712231,2.0,120,0.0,0,0.0,0,0.0,0,0.0,2,7
SH,GM,73,2362,710,710,71.0,0.18246182799339294,0.2394796758890152,4.3126220703125,4.987207412719727,0.32992348074913025,0,-1,1,710,1.0,2.0,710,0.4109008312225342,0,0.0,0,0.0,0,4.432168483734131,0,5
SH,GM,73,2363,201,201,20.1,0.35108283162117004,0.4128867983818054,26.727052688598633,34.091888427734375,3.2774457931518555,0,-1,1,11,0.05472636815920398,2.0,201,1.9812133312225342,0,0.0,0,0.0,0,3.6728219985961914,0,5
SH,GM,73,2364,467,467,46.7,0.22187557816505432,0.29277491569519043,43.013160705566406,51.66099548339844,1.8547337055206299,0,-1,0,0,0.0,2.0,467,2.126309394836426,0,0.0,0,0.0,0,4.786782264709473,0,5
SH,GM,73,2365,131,131,13.100000000000001,0.2191954106092453,0.24967718124389648,2.271001100540161,2.6196160316467285,0.40037378668785095,0,-1,1,131,1.0,2.0,131,1.0951275825500488,0,0.0,0,0.0,0,16.46954345703125,1,6
SH,GM,73,2366,262,262,26.200000000000003,0.28727662563323975,0.36997485160827637,13.509624481201172,14.73190975189209,0.968093752861023,0,-1,0,0,0.0,2.0,262,2.2605364322662354,0,0.0,0,0.0,0,33.73848342895508,0,5
SH,GM,73,2367,198,198,19.8,0.39090320467948914,0.5070481896400452,3.524675130844116,3.7863099575042725,0.49825769662857056,0,-1,1,115,0.5808080808080808,2.0,198,1.1784621477127075,0,0.0,0,0.0,0,3.886413097381592,0,5
SH,GM,73,2368,135,135,13.5,0.5490719676017761,0.6422881484031677,0.9893986582756042,1.7011308670043945,0.8694315552711487,0,-1,0,0,0.0,2.0,135,2.14798903465271,0,0.0,0,0.0,0,1.9251606464385986,2,7
SH,GM,73,2369,164,164,16.400000000000002,0.5993510484695435,0.7042099833488464,7.2072319984436035,8.332571029663086,1.4054715633392334,1,132,1,84,0.5121951219512195,2.0,132,0.0,0,0.0,0,0.0,0,0.0,2,7
SH,GM,73,2370,144,144,14.4,0.24799227714538574,0.3098229765892029,9.155617713928223,11.703410148620605,1.5807186365127563,0,-1,0,0,0.0,2.0,144,2.0066235065460205,0,0.0,0,0.0,0,33.077239990234375,1,6
SH,GM,73,2371,196,196,19.6,0.11081606149673462,0.13805490732192993,7.458887100219727,10.211112022399902,1.050371766090393,0,-1,0,0,0.0,2.0,196,3.9138524532318115,0,0.0,0,0.0,0,65.41202545166016,2,7
SH,GM,73,2372,263,263,26.3,0.20369882881641388,0.29041150212287903,13.676399230957031,15.247641563415527,0.8235668540000916,0,-1,1,83,0.3155893536121673,2.0,263,1.3172976970672607,0,0.0,0,0.0,0,13.929279327392578,2,7
SH,GM,73,2373,151,151,15.100000000000001,0.3386898338794708,0.4261643588542938,1.81443190574646,2.142185926437378,0.3434736132621765,1,142,1,126,0.8344370860927153,2.0,142,0.0,0,0.0,0,0.0,0,0.0,1,6
SH,GM,73,2374,156,156,15.600000000000001,0.31968340277671814,0.38114628195762634,2.667085647583008,3.171570062637329,0.5195464491844177,0,-1,0,0,0.0,2.0,156,2.744813919067383,0,0.0,0,0.0,0,4.153563022613525,2,7
SH,GM,73,2375,743,743,74.3,0.27264711260795593,0.3523973524570465,1.825227975845337,2.5318281650543213,0.4299573004245758,0,-1,1,600,0.8075370121130552,2.0,743,1.0718032121658325,0,0.0,0,0.0,0,3.4638731479644775,2,7
SH,GM,73,2376,528,528,52.800000000000004,0.36464184522628784,0.5327315926551819,8.712779998779297,9.547271728515625,8.487993240356445,1,217,1,217,0.4109848484848485,2.0,217,0.0,0,0.0,0,0.0,0,0.0,1,6
SH,GM,73,2377,186,186,18.6,0.2493423968553543,0.29175353050231934,4.448303699493408,5.444137096405029,0.4336908459663391,0,-1,1,186,1.0,2.0,186,1.338605284690857,0,0.0,0,0.0,0,2.613348960876465,2,7
SH,GM,73,2378,131,131,13.100000000000001,0.16252556443214417,0.19897624850273132,1.4548957347869873,1.8276549577713013,0.25506898760795593,0,-1,1,131,1.0,2.0,131,1.4492708444595337,0,0.0,0,0.0,0,19.687612533569336,2,7
SH,GM,73,2379,210,210,21.0,0.2239072322845459,0.29025799036026,1.7262860536575317,2.784064769744873,0.35247570276260376,0,-1,1,188,0.8952380952380953,2.0,210,1.8409373760223389,0,0.0,0,0.0,0,3.2371857166290283,1,6
SH,GM,73,2380,197,197,19.700000000000003,0.43844670057296753,0.539893627166748,5.7366180419921875,7.062928676605225,0.8181402683258057,0,-1,1,104,0.5279187817258884,2.0,197,1.4963845014572144,0,0.0,0,0.0,0,4.943005561828613,1,6
SH,GM,73,2381,285,285,28.5,0.3500397503376007,0.44190630316734314,7.364640712738037,8.774277687072754,1.0440250635147095,0,-1,0,0,0.0,2.0,285,2.2023391723632812,0,0.0,0,0.0,0,11.472291946411133,1,6
SH,GM,73,2382,172,172,17.2,0.21762846410274506,0.26397082209587097,3.099135398864746,4.146401405334473,1.0121243000030518,0,-1,0,0,0.0,2.0,172,2.1814465522766113,0,0.0,0,0.0,0,42.14625549316406,0,5
SH,GM,73,2383,192,192,19.200000000000003,0.4090903103351593,0.5693718194961548,9.789807319641113,12.391936302185059,1.272580862045288,0,-1,0,0,0.0,2.0,192,3.2129836082458496,0,0.0,0,0.0,0,3.7825067043304443,1,6
SH,GM,73,2384,248,248,24.8,0.45585209131240845,0.5789896249771118,9.33764934539795,10.41279411315918,5.179490089416504,1,110,1,110,0.4435483870967742,2.0,110,0.0,0,0.0,0,0.0,0,0.0,2,7
SH,GM,73,2385,318,318,31.8,0.19372349977493286,0.2579389810562134,4.660801887512207,5.023077011108398,0.4342343807220459,0,-1,1,116,0.36477987421383645,2.0,318,1.7977463006973267,0,0.0,0,0.0,0,14.404200553894043,1,6
SH,GM,73,2386,166,166,16.6,0.5364582538604736,0.7034744620323181,1.4388782978057861,2.392256736755371,2.528978109359741,1,11,1,11,0.06626506024096386,2.0,11,0.0,0,0.0,0,0.0,0,0.0,2,7
SH,GM,73,2387,684,684,68.4,0.3111448884010315,0.45364078879356384,1.0521091222763062,1.3138983249664307,0.35612377524375916,0,-1,1,684,1.0,2.0,684,1.0696474313735962,0,0.0,0,0.0,0,0.6687369346618652,1,6
SH,GM,73,2388,193,193,19.3,0.26729676127433777,0.33471962809562683,1.0505144596099854,1.4914506673812866,0.23369896411895752,0,-1,1,193,1.0,2.0,193,0.24730975925922394,0,0.0,0,0.0,0,0.30517563223838806,0,5
SH,GM,73,2389,357,357,35.7,0.2632492780685425,0.34033408761024475,1.643660306930542,2.1990437507629395,0.38278433680534363,0,-1,1,357,1.0,2.0,357,1.0100740194320679,0,0.0,0,0.0,0,10.215376853942871,2,7
SH,GM,73,2390,402,402,40.2,0.22272248566150665,0.26824671030044556,5.111164093017578,6.75498628616333,0.4104246199131012,0,-1,0,0,0.0,2.0,402,2.3588554859161377,0,0.0,0,0.0,0,11.072528839111328,0,5
SH,GM,73,2391,743,743,74.3,0.37969696521759033,0.5230827331542969,19.067310333251953,24.788732528686523,1.528074860572815,0,-1,0,0,0.0,2.0,743,2.51214599609375,0,0.0,0,0.0,0,5.610556125640869,1,6
SH,GM,73,2392,165,165,16.5,0.22347389161586761,0.29523903131484985,3.8250670433044434,4.86831521987915,0.6059496998786926,0,-1,1,165,1.0,2.0,165,0.8813676238059998,0,0.0,0,0.0,0,9.119186401367188,0,5
SH,GM,73,2393,215,215,21.5,0.36414825916290283,0.4385872185230255,6.360177040100098,8.203266143798828,0.8813724517822266,0,-1,0,0,0.0,2.0,215,2.451997756958008,0,0.0,0,0.0,0,3.0971717834472656,0,5
SH,GM,73,2394,154,154,15.4,0.07193110883235931,0.08892297744750977,1.4518160820007324,1.6712945699691772,0.10516970604658127,0,-1,1,154,1.0,2.0,154,0.7429344058036804,0,0.0,0,0.0,0,10.68464469909668,2,7
SH,GM,73,2395,190,190,19.0,0.5466216802597046,0.7000980973243713,6.837469577789307,8.015073776245117,3.988384962081909,1,68,1,68,0.35789473684210527,2.0,68,0.0,0,0.0,0,0.0,0,0.0,1,6
SH,GM,73,2396,132,132,13.200000000000001,0.26985421776771545,0.34427139163017273,3.463552474975586,4.593593597412109,0.8155654072761536,0,-1,1,124,0.9393939393939394,2.0,132,1.0642986297607422,0,0.0,0,0.0,0,2.2667596340179443,1,6
SH,GM,73,2397,222,222,22.200000000000003,0.1858457773923874,0.23264895379543304,9.969797134399414,11.653244972229004,0.8247167468070984,0,-1,1,193,0.8693693693693694,2.0,222,1.342922568321228,0,0.0,0,0.0,0,21.479917526245117,2,7
SH,GM,73,2398,162,162,16.2,0.4291713833808899,0.5164623260498047,5.55246639251709,6.218397617340088,0.7583244442939758,0,-1,0,0,0.0,2.0,162,2.210141897201538,0,0.0,0,0.0,0,6.693293571472168,2,7
SH,GM,73,2399,175,175,17.5,0.2602957487106323,0.3354544937610626,9.065413475036621,12.849928855895996,1.5973024368286133,0,-1,0,0,0.0,2.0,175,2.2191901206970215,0,0.0,0,0.0,0,19.438451766967773,0,5
SH,GM,73,2400,343,343,34.300000000000004,0.30242910981178284,0.39906957745552063,1.208720326423645,1.3914616107940674,0.47099241614341736,0,-1,1,45,0.13119533527696792,2.0,343,1.837043046951294,0,0.0,0,0.0,0,13.422722816467285,1,6
SH,GM,73,2401,661,661,66.10000000000001,0.24210502207279205,0.31574204564094543,11.84912395477295,13.373791694641113,0.6957648992538452,0,-1,1,661,1.0,2.0,661,0.727940559387207,0,0.0,0,0.0,0,11.041288375854492,2,7
SH,GM,73,2402,276,276,27.6,0.27110379934310913,0.3230523467063904,3.3870651721954346,3.9714741706848145,0.6235387325286865,0,-1,1,21,0.07608695652173914,2.0,276,1.8096463680267334,0,0.0,0,0.0,0,1.2326419353485107,1,6
SH,GM,73,2403,156,156,15.600000000000001,0.3881143629550934,0.48130303621292114,6.572825908660889,8.078812599182129,0.9580407738685608,0,-1,1,156,1.0,2.0,156,0.1427885890007019,0,0.0,0,0.0,0,0.71990966796875,0,5
SH,GM,73,2404,255,255,25.5,0.3069763779640198,0.38638168573379517,1.574265480041504,1.9822090864181519,0.48071765899658203,0,-1,1,174,0.6823529411764706,2.0,255,1.1441974639892578,0,0.0,0,0.0,0,6.5641374588012695,1,6
SH,GM,73,2405,240,240,24.0,0.43741562962532043,0.5238143801689148,9.211599349975586,10.644424438476562,0.7568030953407288,0,-1,1,48,0.2,2.0,240,1.6366198062896729,0,0.0,0,0.0,0,4.380612850189209,0,5
SH,GM,73,2406,296,296,29.6,0.3715686500072479,0.5034414529800415,2.7827253341674805,3.5783350467681885,0.7325919270515442,0,-1,1,296,1.0,2.0,296,0.6754216551780701,0,0.0,0,0.0,0,12.000852584838867,0,5
SH,GM,73,2407,231,231,23.1,0.26058250665664673,0.3223281800746918,0.8083781003952026,1.2855174541473389,0.3379059433937073,0,-1,0,0,0.0,2.0,231,3.7291762828826904,0,0.0,0,0.0,0,3.6229512691497803,2,7
SH,GM,73,2408,454,454,45.400000000000006,0.30307260155677795,0.3620043694972992,2.4147799015045166,3.279362916946411,0.439974308013916,0,-1,1,454,1.0,2.0,454,0.8246517181396484,0,0.0,0,0.0,0,14.079535484313965,2,7
SH,GM,73,2409,1831,1831,183.10000000000002,0.27582642436027527,0.3616633713245392,14.835617065429688,19.995634078979492,0.9017060399055481,0,-1,1,583,0.318405243036592,2.0,1831,1.1199721097946167,0,0.0,0,0.0,0,5.44402551651001,1,6
SH,GM,73,2410,161,161,16.1,0.43193984031677246,0.6424649357795715,2.108678102493286,3.5913617610931396,0.9476197957992554,0,-1,1,161,1.0,2.0,161,0.4827323257923126,0,0.0,0,0.0,0,4.467638969421387,2,7
SH,GM,73,2411,184,184,18.400000000000002,0.40013960003852844,0.5890477299690247,3.5699493885040283,4.18292236328125,0.5934424996376038,1,161,1,161,0.875,2.0,161,0.0,0,0.0,0,0.0,0,0.0,1,6
SH,GM,73,2412,134,134,13.4,0.26832708716392517,0.3482060134410858,3.1554620265960693,3.649094820022583,0.5736531019210815,0,-1,1,45,0.3358208955223881,2.0,134,1.1094111204147339,0,0.0,0,0.0,0,0.3544810116291046,2,7
SH,GM,73,2413,135,135,13.5,0.22321738302707672,0.27231183648109436,2.098961353302002,2.3655545711517334,0.460947722196579,0,-1,1,135,1.0,2.0,135,0.8237363696098328,0,0.0,0,0.0,0,15.296455383300781,0,5
SH,GM,73,2414,141,141,14.100000000000001,0.2930278182029724,0.39019936323165894,4.457319259643555,6.185786247253418,0.8044589161872864,0,-1,0,0,0.0,2.0,141,3.6883368492126465,0,0.0,0,0.0,0,8.215359687805176,2,7
SH,GM,73,2415,289,289,28.900000000000002,0.2868472635746002,0.3635566830635071,4.055493354797363,4.487972736358643,0.47018295526504517,0,-1,1,289,1.0,2.0,289,0.7600080370903015,0,0.0,0,0.0,0,7.931385517120361,2,7
SH,GM,73,2416,869,869,86.9,0.2244257628917694,0.28728368878364563,7.522252082824707,9.887917518615723,0.6329659819602966,0,-1,0,0,0.0,2.0,869,3.2179973125457764,0,0.0,0,0.0,0,4.78623628616333,1,6
SH,GM,73,2417,167,167,16.7,0.25457364320755005,0.29513266682624817,8.015023231506348,11.959661483764648,1.8019429445266724,0,-1,0,0,0.0,2.0,167,2.6939430236816406,0,0.0,0,0.0,0,56.76276397705078,2,7
SH,GM,73,2418,167,167,16.7,0.28814414143562317,0.34492507576942444,4.194030284881592,6.050226211547852,1.0712703466415405,0,-1,1,110,0.6586826347305389,2.0,167,0.946121871471405,0,0.0,0,0.0,0,2.652233839035034,0,5
SH,GM,73,2419,237,237,23.700000000000003,0.2190803587436676,0.3059108555316925,30.94769287109375,38.65812683105469,3.1458868980407715,0,-1,1,237,1.0,2.0,237,0.7129301428794861,0,0.0,0,0.0,0,19.30951690673828,2,7
SH,GM,73,2420,257,257,25.700000000000003,0.4435361325740814,0.5435898900032043,4.990520000457764,6.655231952667236,1.1291584968566895,0,-1,1,194,0.754863813229572,2.0,257,0.8121448159217834,0,0.0,0,0.0,0,4.183940887451172,1,6
SH,GM,73,2421,142,142,14.200000000000001,0.2944405674934387,0.38819941878318787,2.996767997741699,4.894234657287598,0.9919832348823547,0,-1,0,0,0.0,2.0,142,2.395550489425659,0,0.0,0,0.0,0,33.42429733276367,1,6
SH,GM,73,2422,266,266,26.6,0.22141732275485992,0.27233684062957764,10.3258056640625,11.758143424987793,0.5973373651504517,0,-1,1,266,1.0,2.0,266,0.657727837562561,0,0.0,0,0.0,0,10.538439750671387,2,7
SH,GM,73,2423,753,753,75.3,0.447481244802475,0.5468488335609436,37.57966232299805,44.41522216796875,1.9877996444702148,0,-1,0,0,0.0,2.0,753,2.717824935913086,0,0.0,0,0.0,0,13.129416465759277,1,6
SH,GM,73,2424,233,233,23.3,0.25245559215545654,0.31654655933380127,1.3142763376235962,1.7960271835327148,0.2750036120414734,0,-1,1,233,1.0,2.0,233,0.9999680519104004,0,0.0,0,0.0,0,5.951586723327637,0,5
SH,GM,73,2425,173,173,17.3,0.3535788953304291,0.4013102650642395,4.679146766662598,5.167976379394531,0.6420860886573792,0,-1,0,0,0.0,2.0,173,2.5005478858947754,0,0.0,0,0.0,0,6.035885810852051,0,5
SH,GM,73,2426,314,314,31.400000000000002,0.21161022782325745,0.32813799381256104,4.382270336151123,4.827610969543457,0.29291021823883057,0,-1,1,314,1.0,2.0,314,0.2632095515727997,0,0.0,0,0.0,0,2.0886597633361816,0,5
SH,GM,73,2427,197,197,19.700000000000003,0.1654522567987442,0.22990921139717102,4.725854396820068,5.657814025878906,0.6092543005943298,0,-1,0,0,0.0,2.0,197,2.0143516063690186,0,0.0,0,0.0,0,64.66001892089844,2,7
SH,GM,73,2428,198,198,19.8,0.3018147945404053,0.3430034816265106,4.552441120147705,5.177846431732178,0.6764003038406372,0,-1,1,127,0.6414141414141414,2.0,198,1.2212855815887451,0,0.0,0,0.0,0,3.4183270931243896,1,6
SH,GM,73,2429,477,477,47.7,0.1609310507774353,0.1903352588415146,5.190236568450928,6.978277206420898,0.6588825583457947,0,-1,1,53,0.1111111111111111,2.0,477,1.578880786895752,0,0.0,0,0.0,0,23.390460968017578,2,7
SH,GM,73,2430,180,180,18.0,0.34022077918052673,0.4085739254951477,2.6489994525909424,3.2480199337005615,0.6483158469200134,0,-1,1,85,0.4722222222222222,2.0,180,1.1570738554000854,0,0.0,0,0.0,0,2.301243543624878,0,5
SH,GM,73,2431,174,174,17.400000000000002,0.22357453405857086,0.25353553891181946,8.769184112548828,11.292901039123535,1.4662481546401978,0,-1,1,102,0.5862068965517241,2.0,174,1.7400236129760742,0,0.0,0,0.0,0,30.160926818847656,0,5
SH,GM,73,2432,165,165,16.5,0.5118694305419922,0.6105033159255981,11.55005931854248,13.721331596374512,1.4348464012145996,0,-1,0,0,0.0,2.0,165,6.2358293533325195,0,0.0,0,0.0,0,10.788999557495117,1,6
SH,GM,73,2433,150,150,15.0,0.526663064956665,0.6454319357872009,3.811997413635254,4.80075740814209,1.2851922512054443,0,-1,0,0,0.0,2.0,150,2.2019259929656982,0,0.0,0,0.0,0,16.530174255371094,1,6
SH,GM,73,2434,319,319,31.900000000000002,0.40406334400177,0.540489912033081,26.16340446472168,30.237062454223633,2.639723539352417,0,-1,0,0,0.0,2.0,319,2.5374248027801514,0,0.0,0,0.0,0,11.17219066619873,2,7
SH,GM,73,2435,1191,1191,119.10000000000001,0.3511123061180115,0.46860384941101074,26.732656478881836,30.745216369628906,1.459844946861267,0,-1,0,0,0.0,2.0,1191,2.512251138687134,0,0.0,0,0.0,0,9.868875503540039,2,7
SH,GM,73,2436,328,328,32.800000000000004,0.6336137056350708,0.7875082492828369,32.83552551269531,40.228004455566406,2.274508476257324,0,-1,0,0,0.0,2.0,328,2.4416441917419434,0,0.0,0,0.0,0,5.934476375579834,1,6
SH,GM,73,2437,210,210,21.0,0.12037796527147293,0.13771802186965942,7.080769062042236,9.888195037841797,1.043732762336731,0,-1,0,0,0.0,2.0,210,2.2372934818267822,0,0.0,0,0.0,0,37.783058166503906,2,7
SH,GM,73,2438,297,297,29.700000000000003,0.35107576847076416,0.4604913890361786,5.771509647369385,6.857223987579346,1.159960150718689,0,-1,1,188,0.632996632996633,2.0,297,0.43219220638275146,0,0.0,0,0.0,0,2.506107807159424,2,7
SH,GM,73,2439,223,223,22.3,0.4180327355861664,0.5147841572761536,7.571759223937988,8.695029258728027,1.3954745531082153,0,-1,0,0,0.0,2.0,223,2.0811336040496826,0,0.0,0,0.0,0,1.6430935859680176,1,6
SH,GM,73,2440,175,175,17.5,0.4073760211467743,0.4724128842353821,2.574526786804199,3.934692621231079,0.7266059517860413,0,-1,1,43,0.24571428571428572,2.0,175,1.867743730545044,0,0.0,0,0.0,0,3.540456771850586,1,6
SH,GM,73,2441,329,329,32.9,0.33677321672439575,0.418743759393692,10.325261116027832,13.566117286682129,0.9322028160095215,0,-1,1,238,0.723404255319149,2.0,329,1.40848708152771,0,0.0,0,0.0,0,23.390933990478516,0,5
SH,GM,73,2442,201,201,20.1,0.6024545431137085,0.7201905250549316,1.3147944211959839,1.5417298078536987,0.7888433933258057,0,-1,1,201,1.0,2.0,201,1.2144057750701904,0,0.0,0,0.0,0,18.330974578857422,1,6
SH,GM,73,2443,193,193,19.3,0.2748914957046509,0.3378090262413025,15.56594181060791,19.270999908447266,1.9933267831802368,0,-1,0,0,0.0,2.0,193,5.715267181396484,0,0.0,0,0.0,0,14.999279022216797,1,6
SH,GM,73,2444,738,738,73.8,0.31086915731430054,0.4318593442440033,2.8302841186523438,4.126519680023193,0.6192474961280823,1,691,1,531,0.7195121951219512,2.0,691,0.0,0,0.0,0,0.0,0,0.0,1,6
SH,GM,73,2445,279,279,27.900000000000002,0.12342248111963272,0.1526145488023758,1.8416227102279663,2.4795644283294678,0.35520240664482117,0,-1,0,0,0.0,2.0,279,8.580687522888184,0,0.0,0,0.0,0,79.46363830566406,0,5
SH,GM,73,2446,212,212,21.200000000000003,0.33207830786705017,0.44317811727523804,2.1421377658843994,2.977720260620117,0.47351348400115967,0,-1,0,0,0.0,2.0,212,2.7968990802764893,0,0.0,0,0.0,0,3.325535297393799,2,7
SH,GM,73,2447,266,266,26.6,0.22572709619998932,0.3093889653682709,8.035563468933105,9.991747856140137,0.7813973426818848,0,-1,1,266,1.0,2.0,266,1.3258315324783325,0,0.0,0,0.0,0,17.600784301757812,1,6
SH,GM,73,2448,268,268,26.8,0.23183861374855042,0.28030288219451904,2.1031482219696045,2.6987836360931396,0.3951936662197113,0,-1,1,243,0.9067164179104478,2.0,268,1.2359250783920288,0,0.0,0,0.0,0,18.400508880615234,2,7
SH,GM,73,2449,196,196,19.6,0.3888149559497833,0.5153971910476685,1.0760170221328735,1.7621498107910156,0.616662859916687,0,-1,1,48,0.24489795918367346,2.0,196,1.9676094055175781,0,0.0,0,0.0,0,2.909529685974121,0,5
SH,GM,73,2450,254,254,25.400000000000002,0.4153405725955963,0.4915163815021515,5.066530227661133,6.183096885681152,0.6598873734474182,0,-1,1,254,1.0,2.0,254,0.33659759163856506,0,0.0,0,0.0,0,4.534200668334961,2,7
SH,GM,73,2451,187,187,18.7,0.34254711866378784,0.4085519313812256,2.136894941329956,2.393724203109741,0.5657704472541809,0,-1,0,0,0.0,2.0,187,2.170668601989746,0,0.0,0,0.0,0,10.439559936523438,2,7
SH,GM,73,2452,187,187,18.7,0.1754070222377777,0.21881970763206482,1.4198715686798096,1.776032567024231,0.34686779975891113,0,-1,0,0,0.0,2.0,187,2.33264422416687,0,0.0,0,0.0,0,63.83674621582031,0,5
SH,GM,73,2453,345,345,34.5,0.5140470862388611,0.6805081963539124,3.549952507019043,4.403659343719482,1.0782866477966309,1,301,1,301,0.8724637681159421,2.0,301,0.0,0,0.0,0,0.0,0,0.0,0,5
SH,GM,73,2454,152,152,15.200000000000001,0.31959351897239685,0.3908308148384094,3.158946990966797,3.568333625793457,0.4637416899204254,0,-1,1,54,0.35526315789473684,2.0,152,1.6870086193084717,0,0.0,0,0.0,0,1.2107008695602417,2,7
SH,GM,73,2455,136,136,13.600000000000001,0.32401204109191895,0.4105825424194336,0.20932145416736603,0.27064621448516846,0.19774125516414642,0,-1,0,0,0.0,2.0,136,2.949368476867676,0,0.0,0,0.0,0,2.564100980758667,1,6
SH,GM,73,2456,300,300,30.0,0.24046257138252258,0.33630362153053284,1.130046010017395,1.368026852607727,0.3243047893047333,0,-1,1,222,0.74,2.0,300,1.7842578887939453,0,0.0,0,0.0,0,1.9790692329406738,0,5
SH,GM,73,2457,894,894,89.4,0.22730182111263275,0.3170023560523987,6.983240604400635,10.47119140625,0.7437993884086609,0,-1,0,0,0.0,2.0,894,2.351050853729248,0,0.0,0,0.0,0,2.578895330429077,0,5
SH,GM,73,2458,325,325,32.5,0.3694927394390106,0.46458715200424194,5.433913230895996,6.065377235412598,0.4956718683242798,0,-1,1,325,1.0,2.0,325,0.5997010469436646,0,0.0,0,0.0,0,2.3254153728485107,1,6
SH,GM,73,2459,174,174,17.400000000000002,0.28152719140052795,0.37002822756767273,5.130332946777344,5.949110984802246,0.808555006980896,0,-1,0,0,0.0,2.0,174,3.8562300205230713,0,0.0,0,0.0,0,43.17414855957031,1,6
SH,GM,73,2460,190,190,19.0,0.44382625818252563,0.5859721899032593,9.556656837463379,10.550415992736816,0.940335214138031,0,-1,0,0,0.0,2.0,190,2.4943809509277344,0,0.0,0,0.0,0,16.1763858795166,2,7
SH,GM,73,2461,178,178,17.8,0.44575098156929016,0.6625950336456299,2.0075833797454834,2.284322738647461,0.561772882938385,0,-1,1,178,1.0,2.0,178,0.6833814382553101,0,0.0,0,0.0,0,9.823256492614746,1,6
SH,GM,73,2462,343,343,34.300000000000004,0.2245037853717804,0.2784111201763153,1.7352451086044312,2.312403917312622,0.38053253293037415,0,-1,0,0,0.0,2.0,343,2.690319061279297,0,0.0,0,0.0,0,2.1643478870391846,2,7
SH,GM,73,2463,277,277,27.700000000000003,0.2960910499095917,0.3827853202819824,9.454875946044922,12.345804214477539,0.977336585521698,0,-1,1,115,0.4151624548736462,2.0,277,1.4953902959823608,0,0.0,0,0.0,0,23.643611907958984,1,6
SH,GM,73,2464,439,439,43.900000000000006,0.2137153446674347,0.30994510650634766,22.258092880249023,25.46811294555664,0.9784148335456848,0,-1,0,0,0.0,2.0,439,3.134251594543457,0,0.0,0,0.0,0,7.858717441558838,2,7
SH,GM,73,2465,515,515,51.5,0.2078615128993988,0.24641725420951843,22.04116439819336,25.36699867248535,0.9496109485626221,0,-1,0,0,0.0,2.0,515,3.269432306289673,0,0.0,0,0.0,0,4.859420299530029,1,6
SH,GM,73,2466,1328,1328,132.8,0.3557177782058716,0.49383440613746643,7.873095512390137,9.211091995239258,3.8727869987487793,1,673,1,673,0.5067771084337349,2.0,673,0.0,0,0.0,0,0.0,0,0.0,0,5
SH,GM,73,2467,265,265,26.5,0.2286171317100525,0.2870820164680481,7.688431262969971,9.041303634643555,0.7604154348373413,0,-1,1,73,0.27547169811320754,2.0,265,0.918187141418457,0,0.0,0,0.0,0,8.128645896911621,1,6
SH,GM,73,2468,344,344,34.4,0.2555789351463318,0.35925915837287903,5.686509609222412,6.485624313354492,0.7999764084815979,0,-1,1,26,0.0755813953488372,2.0,344,1.9320741891860962,0,0.0,0,0.0,0,3.798682689666748,1,6
SH,GM,73,2469,358,358,35.800000000000004,0.33596327900886536,0.43561041355133057,2.6453914642333984,2.863568067550659,0.3748677968978882,0,-1,1,358,1.0,2.0,358,1.0157153606414795,0,0.0,0,0.0,0,0.49508586525917053,1,6
SH,GM,73,2470,484,484,48.400000000000006,0.1570136398077011,0.1873968094587326,15.137226104736328,16.914470672607422,0.6122457385063171,0,-1,1,275,0.5681818181818182,2.0,484,1.6784119606018066,0,0.0,0,0.0,0,22.34923553466797,2,7
SH,GM,73,2471,312,312,31.200000000000003,0.3968956172466278,0.47172942757606506,14.12625503540039,16.604759216308594,1.692923903465271,0,-1,0,0,0.0,2.0,312,3.000127077102661,0,0.0,0,0.0,0,4.459478378295898,0,5
SH,GM,73,2472,229,229,22.900000000000002,0.106312595307827,0.12999214231967926,3.356940507888794,4.063774585723877,0.27343618869781494,0,-1,0,0,0.0,2.0,229,2.905977249145508,0,0.0,0,0.0,0,65.69507598876953,1,6
SH,GM,73,2473,140,140,14.0,0.22006404399871826,0.28766101598739624,1.1667547225952148,1.3960285186767578,0.48580023646354675,0,-1,0,0,0.0,2.0,140,2.3741166591644287,0,0.0,0,0.0,0,65.79021453857422,1,6
SH,GM,73,2474,246,246,24.6,0.39852261543273926,0.51780104637146,2.078779935836792,2.703558921813965,0.5052682161331177,0,-1,1,246,1.0,2.0,246,0.9104069471359253,0,0.0,0,0.0,0,3.843608856201172,0,5
SH,GM,73,2475,251,251,25.1,0.1895354837179184,0.26828205585479736,13.044281959533691,14.52464771270752,0.9558572769165039,0,-1,1,251,1.0,2.0,251,1.1068663597106934,0,0.0,0,0.0,0,18.9219913482666,1,6
SH,GM,73,2476,164,164,16.400000000000002,0.44955363869667053,0.5345529913902283,6.208370685577393,7.3763885498046875,1.1285752058029175,0,-1,0,0,0.0,2.0,164,2.8045454025268555,0,0.0,0,0.0,0,17.12679100036621,0,5
SH,GM,73,2477,262,262,26.200000000000003,0.530723512172699,0.7459269762039185,2.2268385887145996,2.6597867012023926,0.9529589414596558,1,236,1,236,0.9007633587786259,2.0,236,0.0,0,0.0,0,0.0,0,0.0,1,6
SH,GM,73,2478,708,708,70.8,0.17720983922481537,0.23192048072814941,18.12517738342285,18.85968780517578,0.6541378498077393,0,-1,1,708,1.0,2.0,708,0.215709388256073,0,0.0,0,0.0,0,2.8348476886749268,0,5
SH,GM,73,2479,291,291,29.1,0.2921934723854065,0.3693358600139618,2.525758981704712,2.9322144985198975,0.5058444738388062,0,-1,1,291,1.0,2.0,291,1.0474708080291748,0,0.0,0,0.0,0,22.239830017089844,2,7
SH,GM,73,2480,149,149,14.9,0.34706172347068787,0.4269230365753174,4.432923793792725,4.867397785186768,0.517058789730072,0,-1,1,149,1.0,2.0,149,0.6605843901634216,0,0.0,0,0.0,0,10.22215461730957,0,5
SH,GM,73,2481,134,134,13.4,0.39015355706214905,0.4584260582923889,5.854408264160156,6.952127456665039,0.878180205821991,0,-1,0,0,0.0,2.0,134,2.765510320663452,0,0.0,0,0.0,0,24.085952758789062,0,5
SH,GM,73,2482,290,290,29.0,0.2976389229297638,0.38153114914894104,1.476441740989685,1.6115264892578125,0.3033696115016937,1,232,1,232,0.8,2.0,232,0.0,0,0.0,0,0.0,0,0.0,0,5
SH,GM,73,2483,436,436,43.6,0.356209933757782,0.4263448417186737,3.497408628463745,4.233741760253906,0.5658642649650574,0,-1,1,436,1.0,2.0,436,0.926052987575531,0,0.0,0,0.0,0,16.253278732299805,0,5
SH,GM,73,2484,750,750,75.0,0.42498552799224854,0.5374630093574524,29.215242385864258,39.949642181396484,2.3625752925872803,0,-1,0,0,0.0,2.0,750,2.398432493209839,0,0.0,0,0.0,0,5.516934871673584,0,5
SH,GM,73,2485,159,159,15.9,0.28281348943710327,0.34731537103652954,0.7971343994140625,0.9126376509666443,0.3346136212348938,0,-1,1,159,1.0,2.0,159,1.15480375289917,0,0.0,0,0.0,0,27.164331436157227,0,5
SH,GM,73,2486,365,365,36.5,0.3339847922325134,0.44504526257514954,2.9042270183563232,3.216437578201294,0.5409930348396301,0,-1,0,0,0.0,2.0,365,2.2459824085235596,0,0.0,0,0.0,0,3.666170835494995,2,7
SH,GM,73,2487,141,141,14.100000000000001,0.2305556833744049,0.28686246275901794,9.559693336486816,12.556821823120117,1.9240152835845947,0,-1,0,0,0.0,2.0,141,2.9040989875793457,0,0.0,0,0.0,0,45.505699157714844,0,5
SH,GM,73,2488,182,182,18.2,0.3082932233810425,0.3957756459712982,2.2803030014038086,3.957467794418335,0.8755889534950256,0,-1,1,182,1.0,2.0,182,1.0650070905685425,0,0.0,0,0.0,0,11.652813911437988,2,7
SH,GM,73,2489,250,250,25.0,0.24441398680210114,0.3103164732456207,2.890423536300659,3.389904022216797,0.2888389825820923,0,-1,0,0,0.0,2.0,250,2.022505521774292,0,0.0,0,0.0,0,1.46804678440094,0,5
SH,GM,73,2490,1027,1027,102.7,0.2693977355957031,0.3381419777870178,3.713505983352661,4.83302640914917,0.597412109375,0,-1,1,1027,1.0,2.0,1027,0.748727023601532,0,0.0,0,0.0,0,5.378539562225342,2,7
SH,GM,73,2491,181,181,18.1,0.40181517601013184,0.49395760893821716,5.045698165893555,6.245137691497803,0.8577528595924377,0,-1,1,68,0.3756906077348066,2.0,181,1.2633219957351685,0,0.0,0,0.0,0,8.03380012512207,1,6
SH,GM,73,2492,470,470,47.0,0.3153068423271179,0.3939722180366516,9.70334243774414,11.007831573486328,1.2910083532333374,0,-1,1,86,0.1829787234042553,2.0,470,1.6922132968902588,0,0.0,0,0.0,0,1.0788931846618652,2,7
SH,GM,73,2493,143,143,14.3,0.5047274827957153,0.5972282290458679,5.544562816619873,6.477230072021484,1.3108340501785278,1,93,1,93,0.6503496503496503,2.0,93,0.0,0,0.0,0,0.0,0,0.0,1,6
SH,GM,73,2494,463,463,46.300000000000004,0.5664002895355225,0.7531753778457642,12.73165512084961,13.513534545898438,4.416167259216309,1,120,1,120,0.2591792656587473,2.0,120,0.0,0,0.0,0,0.0,0,0.0,1,6
SH,GM,73,2495,207,207,20.700000000000003,0.40433335304260254,0.5340579152107239,0.7229936122894287,0.8900830149650574,0.45265403389930725,0,-1,1,203,0.9806763285024155,2.0,207,1.0590685606002808,0,0.0,0,0.0,0,2.001927614212036,2,7
SH,GM,73,2496,159,159,15.9,0.2661399245262146,0.36082127690315247,2.9851670265197754,3.6789090633392334,0.49940937757492065,0,-1,0,0,0.0,2.0,159,4.0238728523254395,0,0.0,0,0.0,0,4.793832302093506,1,6
SH,GM,73,2497,196,196,19.6,0.23958346247673035,0.2791622579097748,2.904202938079834,3.4155170917510986,0.675121009349823,0,-1,1,196,1.0,2.0,196,0.6718652248382568,0,0.0,0,0.0,0,12.962321281433105,1,6
SH,GM,73,2498,133,133,13.3,0.3045476973056793,0.4288944602012634,0.879369854927063,1.3250447511672974,0.5268996357917786,0,-1,0,0,0.0,2.0,133,3.227217197418213,0,0.0,0,0.0,0,7.000219345092773,1,6
SH,GM,73,2499,218,218,21.8,0.18776598572731018,0.22538311779499054,9.552458763122559,12.679525375366211,1.075457215309143,0,-1,1,218,1.0,2.0,218,0.9154671430587769,0,0.0,0,0.0,0,17.50242805480957,2,7
SH,GM,73,2500,191,191,19.1,0.36085519194602966,0.47744137048721313,13.459732055664062,15.763736724853516,1.3559385538101196,0,-1,0,0,0.0,2.0,191,4.901508331298828,0,0.0,0,0.0,0,6.735226631164551,1,6
SH,GM,73,2501,220,220,22.0,0.4080057740211487,0.4902656674385071,7.908121585845947,9.229534149169922,1.4456104040145874,0,-1,1,12,0.05454545454545454,2.0,220,1.6939910650253296,0,0.0,0,0.0,0,6.241915702819824,1,6
SH,GM,73,2502,284,284,28.400000000000002,0.2848559617996216,0.386802077293396,11.746230125427246,12.726093292236328,0.5731387138366699,0,-1,1,284,1.0,2.0,284,0.5572944283485413,0,0.0,0,0.0,0,8.447854995727539,1,6
SH,GM,73,2503,332,332,33.2,0.20222435891628265,0.28743135929107666,1.2792372703552246,1.3792604207992554,0.3151978552341461,0,-1,0,0,0.0,2.0,332,3.2515504360198975,0,0.0,0,0.0,0,3.7601237297058105,0,5
SH,GM,73,2504,187,187,18.7,0.5049937963485718,0.582046389579773,4.593877792358398,7.2162017822265625,1.1018931865692139,0,-1,0,0,0.0,2.0,187,2.088858127593994,0,0.0,0,0.0,0,12.104134559631348,1,6
SH,GM,73,2505,205,205,20.5,0.25424057245254517,0.3127971291542053,2.8117971420288086,3.3063106536865234,0.8123504519462585,0,-1,0,0,0.0,2.0,205,3.164262294769287,0,0.0,0,0.0,0,59.76988220214844,0,5
SH,GM,73,2506,382,382,38.2,0.43428194522857666,0.543971598148346,9.271855354309082,10.371146202087402,3.2158219814300537,1,180,1,180,0.4712041884816754,2.0,180,0.0,0,0.0,0,0.0,0,0.0,1,6
SH,GM,73,2507,602,602,60.2,0.16661347448825836,0.20175409317016602,1.4139115810394287,1.7279683351516724,0.30863866209983826,0,-1,1,602,1.0,2.0,602,0.5328154563903809,0,0.0,0,0.0,0,8.960899353027344,0,5
SH,GM,73,2508,551,551,55.1,0.2424362599849701,0.29602664709091187,15.274874687194824,18.783382415771484,1.1682617664337158,0,-1,0,0,0.0,2.0,551,2.0093295574188232,0,0.0,0,0.0,0,2.0315985679626465,1,6
SH,GM,73,2509,327,327,32.7,0.5671370029449463,0.7541367411613464,4.507607460021973,4.960476398468018,1.564712405204773,1,156,1,156,0.47706422018348627,2.0,156,0.0,0,0.0,0,0.0,0,0.0,0,5
SH,GM,73,2510,295,295,29.5,0.2833038568496704,0.3761301338672638,4.343683242797852,4.562195777893066,0.3755299746990204,0,-1,0,0,0.0,2.0,295,4.500879287719727,0,0.0,0,0.0,0,5.810996055603027,0,5
SH,GM,73,2511,429,429,42.900000000000006,0.30253469944000244,0.46090811491012573,3.3070030212402344,3.792194366455078,0.5118703246116638,0,-1,1,368,0.8578088578088578,2.0,429,0.9321645498275757,0,0.0,0,0.0,0,0.7465370893478394,2,7
SH,GM,73,2512,211,211,21.1,0.3824991285800934,0.5381023287773132,6.461129188537598,7.621185779571533,0.69633549451828,0,-1,1,47,0.22274881516587677,2.0,211,1.796964168548584,0,0.0,0,0.0,0,3.8188400268554688,2,7
SH,GM,73,2513,131,131,13.100000000000001,0.23421616852283478,0.2599847912788391,6.625167369842529,8.224788665771484,1.1022995710372925,0,-1,1,15,0.11450381679389313,2.0,131,1.8221296072006226,0,0.0,0,0.0,0,25.030391693115234,0,5
SH,GM,73,2514,133,133,13.3,0.3213718831539154,0.3779611885547638,4.022624492645264,4.917350769042969,0.690691351890564,0,-1,1,133,1.0,2.0,133,0.8789373636245728,0,0.0,0,0.0,0,10.232187271118164,2,7
SH,GM,73,2515,205,205,20.5,0.45226725935935974,0.638969898223877,9.048758506774902,10.936006546020508,0.8931872248649597,0,-1,1,205,1.0,2.0,205,0.32975471019744873,0,0.0,0,0.0,0,4.1882853507995605,1,6
SH,GM,73,2516,151,151,15.100000000000001,0.14388121664524078,0.17369344830513,2.873629093170166,3.3686251640319824,0.32558968663215637,0,-1,0,0,0.0,2.0,151,2.621037006378174,0,0.0,0,0.0,0,42.33479690551758,2,7
SH,GM,73,2517,290,290,29.0,0.49734029173851013,0.6129379868507385,7.950916767120361,11.655889511108398,1.1420867443084717,0,-1,0,0,0.0,2.0,290,2.592378854751587,0,0.0,0,0.0,0,4.099658012390137,1,6
SH,GM,73,2518,456,456,45.6,0.3356109857559204,0.4321475625038147,4.327754020690918,5.170207977294922,0.6114194393157959,0,-1,0,0,0.0,2.0,456,2.447519302368164,0,0.0,0,0.0,0,3.8741421699523926,1,6
SH,GM,73,2519,224,224,22.400000000000002,0.5806827545166016,0.6825789213180542,5.818511009216309,6.259283542633057,0.8777042031288147,0,-1,1,202,0.9017857142857143,2.0,224,0.26780620217323303,0,0.0,0,0.0,0,0.6929298639297485,1,6
SH,GM,73,2520,373,373,37.300000000000004,0.41059938073158264,0.5322441458702087,16.20000457763672,19.030284881591797,1.158843755722046,0,-1,0,0,0.0,2.0,373,3.0896639823913574,0,0.0,0,0.0,0,4.6207122802734375,0,5
SH,GM,73,2521,260,260,26.0,0.22372843325138092,0.31087690591812134,1.8743212223052979,2.290346622467041,0.3420414328575134,0,-1,1,243,0.9346153846153846,2.0,260,0.8339651226997375,0,0.0,0,0.0,0,3.531751871109009,0,5
SH,GM,73,2522,582,582,58.2,0.23546844720840454,0.30139461159706116,3.380608320236206,5.2597270011901855,0.5655404329299927,0,-1,1,582,1.0,2.0,582,0.6546130776405334,0,0.0,0,0.0,0,10.647216796875,2,7
SH,GM,73,2523,336,336,33.6,0.23828533291816711,0.32060450315475464,2.5646615028381348,3.098756790161133,0.49237388372421265,0,-1,1,336,1.0,2.0,336,0.549835741519928,0,0.0,0,0.0,0,5.897037029266357,2,7
SH,GM,73,2524,162,162,16.2,0.4946655333042145,0.5780202746391296,2.3436660766601562,2.922940254211426,0.8028457760810852,0,-1,1,162,1.0,2.0,162,0.588893711566925,0,0.0,0,0.0,0,10.890673637390137,0,5
SH,GM,73,2525,415,415,41.5,0.3021444082260132,0.4355317950248718,2.4705209732055664,2.890122175216675,0.5197213888168335,0,-1,0,0,0.0,2.0,415,2.1029765605926514,0,0.0,0,0.0,0,9.55871868133545,0,5
SH,GM,73,2526,877,877,87.7,0.2307223677635193,0.3034968078136444,26.332387924194336,33.942481994628906,1.1644268035888672,0,-1,0,0,0.0,2.0,877,2.7023561000823975,0,0.0,0,0.0,0,6.300638675689697,2,7
SH,GM,73,2527,292,292,29.200000000000003,0.28893664479255676,0.4114057421684265,2.9527533054351807,4.698657512664795,0.6368623375892639,0,-1,0,0,0.0,2.0,292,3.827976942062378,0,0.0,0,0.0,0,4.780210971832275,1,6
SH,GM,73,2528,866,866,86.60000000000001,0.44622164964675903,0.6356249451637268,10.735876083374023,11.35860824584961,6.482929229736328,1,326,1,326,0.37644341801385683,2.0,326,0.0,0,0.0,0,0.0,0,0.0,2,7
SH,GM,73,2529,278,278,27.8,0.29791340231895447,0.4451812207698822,2.2724921703338623,3.075500249862671,0.6357221603393555,0,-1,1,168,0.60431654676259,2.0,278,0.9012787342071533,0,0.0,0,0.0,0,6.553247928619385,0,5
SH,GM,73,2530,396,396,39.6,0.1368703842163086,0.16623948514461517,7.104338645935059,8.129246711730957,0.4387548565864563,0,-1,1,396,1.0,2.0,396,1.1350977420806885,0,0.0,0,0.0,0,22.70751190185547,0,5
SH,GM,73,2531,227,227,22.700000000000003,0.5375812649726868,0.6133207082748413,7.787577152252197,8.752781867980957,1.2186306715011597,0,-1,1,10,0.04405286343612335,2.0,227,1.741260290145874,0,0.0,0,0.0,0,22.321849822998047,1,6
SH,GM,73,2532,165,165,16.5,0.4674909710884094,0.5634419322013855,4.674202919006348,5.623654842376709,0.9829819202423096,1,126,1,126,0.7636363636363637,2.0,126,0.0,0,0.0,0,0.0,0,0.0,2,7
SH,GM,73,2533,169,169,16.900000000000002,0.34946224093437195,0.41439682245254517,3.9090092182159424,4.2592363357543945,0.4872944951057434,0,-1,0,0,0.0,2.0,169,3.0924384593963623,0,0.0,0,0.0,0,7.5821614265441895,0,5
SH,GM,73,2534,289,289,28.900000000000002,0.1309223622083664,0.1697692573070526,19.29203224182129,23.547996520996094,1.555416226387024,0,-1,0,0,0.0,2.0,289,2.0074427127838135,0,0.0,0,0.0,0,45.04276657104492,0,5
SH,GM,73,2535,143,143,14.3,0.25285694003105164,0.3427588641643524,5.081641674041748,5.703868865966797,0.71641606092453,0,-1,0,0,0.0,2.0,143,3.5856170654296875,0,0.0,0,0.0,0,4.648082733154297,2,7
SH,GM,73,2536,196,196,19.6,0.25597384572029114,0.2857171595096588,5.969085693359375,6.6164679527282715,0.5697121024131775,0,-1,0,0,0.0,2.0,196,2.7409143447875977,0,0.0,0,0.0,0,58.34864807128906,2,7
SH,GM,73,2537,132,132,13.200000000000001,0.2824016809463501,0.3673022389411926,1.2754579782485962,1.590545654296875,0.21036100387573242,0,-1,1,61,0.4621212121212121,2.0,132,0.3688405454158783,0,0.0,0,0.0,0,0.14974772930145264,2,7
SH,GM,73,2538,4054,4054,405.40000000000003,0.2983737289905548,0.42900997400283813,7.64962100982666,11.13530445098877,3.966898202896118,1,1744,1,1744,0.43019240256536756,2.0,1744,0.0,0,0.0,0,0.0,0,0.0,0,5
SH,GM,73,2539,377,377,37.7,0.29544568061828613,0.3701832592487335,4.544284820556641,5.404307842254639,0.776060938835144,1,305,1,135,0.35809018567639256,2.0,305,0.0,0,0.0,0,0.0,0,0.0,1,6
SH,GM,73,2540,242,242,24.200000000000003,0.3289840817451477,0.3802732825279236,15.914200782775879,20.596895217895508,1.4709562063217163,0,-1,1,242,1.0,2.0,242,1.096946358680725,0,0.0,0,0.0,0,15.562492370605469,1,6
SH,GM,73,2541,161,161,16.1,0.38187727332115173,0.4788913130760193,7.115868091583252,9.167670249938965,1.4921852350234985,0,-1,0,0,0.0,2.0,161,2.912733793258667,0,0.0,0,0.0,0,25.9144229888916,0,5
SH,GM,73,2542,205,205,20.5,0.37275391817092896,0.46687260270118713,2.8560950756073,3.5911734104156494,0.6374008059501648,0,-1,0,0,0.0,2.0,205,2.2204790115356445,0,0.0,0,0.0,0,2.22487473487854,2,7
SH,GM,73,2543,263,263,26.3,0.35441508889198303,0.5186389684677124,1.6370793581008911,2.215578317642212,0.6308645606040955,0,-1,1,56,0.21292775665399238,2.0,263,1.8247617483139038,0,0.0,0,0.0,0,6.955994129180908,0,5
SH,GM,73,2544,189,189,18.900000000000002,0.10713927447795868,0.13196270167827606,2.063211679458618,3.221992254257202,0.49470254778862,0,-1,1,152,0.8042328042328042,2.0,189,1.5119353532791138,0,0.0,0,0.0,0,21.539018630981445,2,7
SH,GM,73,2545,154,154,15.4,0.37259671092033386,0.44985052943229675,3.382571220397949,4.111292839050293,0.6714066863059998,0,-1,1,95,0.6168831168831169,2.0,154,1.1506816148757935,0,0.0,0,0.0,0,0.4373306334018707,0,5
SH,GM,73,2546,232,232,23.200000000000003,0.1531873196363449,0.21157661080360413,1.0124599933624268,1.1790438890457153,0.229522705078125,0,-1,1,232,1.0,2.0,232,0.6951035261154175,0,0.0,0,0.0,0,16.424705505371094,0,5
SH,GM,73,2547,318,318,31.8,0.3094613552093506,0.38323524594306946,2.488187074661255,2.8738207817077637,0.5046582221984863,0,-1,0,0,0.0,2.0,318,3.272656202316284,0,0.0,0,0.0,0,4.853450298309326,2,7
SH,GM,73,2548,164,164,16.400000000000002,0.3518891930580139,0.4733121693134308,9.407171249389648,11.327593803405762,1.13411283493042,0,-1,1,46,0.2804878048780488,2.0,164,1.571582555770874,0,0.0,0,0.0,0,21.804523468017578,1,6
SH,GM,73,2549,203,203,20.3,0.461559921503067,0.5648781061172485,5.461587429046631,6.635663986206055,1.122725486755371,0,-1,0,0,0.0,2.0,203,2.0548412799835205,0,0.0,0,0.0,0,2.882134437561035,0,5
SH,GM,73,2550,146,146,14.600000000000001,0.4695063531398773,0.5775070786476135,14.605328559875488,17.820398330688477,2.532083749771118,0,-1,1,48,0.3287671232876712,2.0,146,1.3297128677368164,0,0.0,0,0.0,0,3.7693898677825928,0,5
SH,GM,73,2551,245,245,24.5,0.20707298815250397,0.25977492332458496,4.567302227020264,5.82106351852417,0.5181320309638977,0,-1,1,245,1.0,2.0,245,0.9533171653747559,0,0.0,0,0.0,0,15.864920616149902,1,6
SH,GM,73,2552,131,131,13.100000000000001,0.46341922879219055,0.5503888726234436,3.03079891204834,3.378431558609009,0.8447741270065308,0,-1,0,0,0.0,2.0,131,2.97597599029541,0,0.0,0,0.0,0,3.1601297855377197,1,6
SH,GM,73,2553,133,133,13.3,0.242887943983078,0.28157132863998413,4.1987409591674805,5.04416036605835,0.776014506816864,0,-1,0,0,0.0,2.0,133,3.0136940479278564,0,0.0,0,0.0,0,21.917560577392578,0,5
SH,GM,73,2554,246,246,24.6,0.17665328085422516,0.23583726584911346,0.42653220891952515,0.6205823421478271,0.14802862703800201,0,-1,1,246,1.0,2.0,246,1.0023555755615234,0,0.0,0,0.0,0,3.159519910812378,1,6
SH,GM,73,2555,239,239,23.900000000000002,0.5298828482627869,0.6873559951782227,7.838796138763428,8.505692481994629,2.1419830322265625,1,65,1,65,0.2719665271966527,2.0,65,0.0,0,0.0,0,0.0,0,0.0,1,6
SH,GM,73,2556,277,277,27.700000000000003,0.26335409283638,0.35079827904701233,3.486851215362549,3.709510326385498,0.4002619683742523,0,-1,1,232,0.8375451263537906,2.0,277,1.7066341638565063,0,0.0,0,0.0,0,12.07392692565918,2,7
SH,GM,73,2557,172,172,17.2,0.30609914660453796,0.4207983613014221,2.4714713096618652,3.1361167430877686,0.41124507784843445,0,-1,1,172,1.0,2.0,172,0.1234344094991684,0,0.0,0,0.0,0,1.3959910869598389,1,6
SH,GM,73,2558,177,177,17.7,0.45386698842048645,0.5416752099990845,5.501992702484131,7.695677280426025,1.2179944515228271,0,-1,1,125,0.7062146892655368,2.0,177,1.1499356031417847,0,0.0,0,0.0,0,8.628728866577148,0,5
SH,GM,73,2559,207,207,20.700000000000003,0.19339516758918762,0.27693578600883484,1.5599894523620605,1.8512849807739258,0.3837968409061432,0,-1,1,207,1.0,2.0,207,0.4456009268760681,0,0.0,0,0.0,0,7.810173988342285,0,5
SH,GM,73,2560,190,190,19.0,0.41812074184417725,0.5518723726272583,3.685838222503662,4.307612419128418,0.5249453783035278,1,161,1,98,0.5157894736842106,2.0,161,0.0,0,0.0,0,0.0,0,0.0,0,5
SH,GM,73,2561,311,311,31.1,0.3290577232837677,0.4081500470638275,2.517718553543091,2.7087032794952393,0.4387015700340271,0,-1,1,311,1.0,2.0,311,0.9293083548545837,0,0.0,0,0.0,0,2.73539400100708,2,7
SH,GM,73,2562,718,718,71.8,0.15973316133022308,0.21147195994853973,9.254473686218262,11.315447807312012,0.8660547137260437,0,-1,1,224,0.31197771587743733,2.0,718,0.9655966758728027,0,0.0,0,0.0,0,14.661046028137207,0,5
SH,GM,73,2563,148,148,14.8,0.5380756855010986,0.6086745858192444,5.7428789138793945,6.471602916717529,1.16403067111969,0,-1,1,3,0.02027027027027027,2.0,148,1.969747543334961,0,0.0,0,0.0,0,5.48157262802124,2,7
SH,GM,73,2564,171,171,17.1,0.4624312222003937,0.5849989652633667,7.464402675628662,8.302321434020996,0.8230425119400024,0,-1,1,171,1.0,2.0,171,0.22255918383598328,0,0.0,0,0.0,0,1.2000666856765747,1,6
SH,GM,73,2565,190,190,19.0,0.33932092785835266,0.5452983975410461,1.7843631505966187,2.2288286685943604,0.5609593987464905,0,-1,1,119,0.6263157894736842,2.0,190,0.9906241297721863,0,0.0,0,0.0,0,9.373311996459961,1,6
SH,GM,73,2566,682,682,68.2,0.32559934258461,0.39369386434555054,27.7249813079834,32.00263977050781,0.8168048858642578,0,-1,0,0,0.0,2.0,682,3.2209854125976562,0,0.0,0,0.0,0,3.6361043453216553,2,7
SH,GM,73,2567,350,350,35.0,0.30079445242881775,0.5426560640335083,8.5203218460083,10.8289213180542,1.279667615890503,0,-1,0,0,0.0,2.0,350,2.2940101623535156,0,0.0,0,0.0,0,38.39325714111328,0,5
SH,GM,73,2568,153,153,15.3,0.32597193121910095,0.409833699464798,1.5529675483703613,2.0047836303710938,0.41524648666381836,0,-1,1,99,0.6470588235294118,2.0,153,1.379844307899475,0,0.0,0,0.0,0,6.92789363861084,2,7
SH,GM,73,2569,481,481,48.1,0.21651045978069305,0.3037295937538147,8.785947799682617,10.629313468933105,0.8232553005218506,0,-1,1,329,0.683991683991684,2.0,481,0.2980734705924988,0,0.0,0,0.0,0,3.4802253246307373,0,5
SH,GM,73,2570,206,206,20.6,0.2597484290599823,0.31916573643684387,3.685218334197998,4.7355475425720215,0.9080629348754883,0,-1,1,193,0.9368932038834952,2.0,206,1.4432156085968018,0,0.0,0,0.0,0,14.886645317077637,0,5
SH,GM,73,2571,708,708,70.8,0.2503586709499359,0.30925726890563965,8.96230697631836,11.156028747558594,0.9791908264160156,0,-1,1,570,0.8050847457627118,2.0,708,0.48360732197761536,0,0.0,0,0.0,0,9.504095077514648,1,6
SH,GM,73,2572,439,439,43.900000000000006,0.521466076374054,0.6487915515899658,4.203543186187744,4.981108665466309,1.0465118885040283,1,404,1,359,0.8177676537585421,2.0,404,0.0,0,0.0,0,0.0,0,0.0,0,5
SH,GM,73,2573,400,400,40.0,0.4302474558353424,0.5513143539428711,7.853909969329834,9.81968879699707,1.122279405593872,0,-1,1,242,0.605,2.0,400,1.3614349365234375,0,0.0,0,0.0,0,5.6352996826171875,1,6
SH,GM,73,2574,326,326,32.6,0.23283083736896515,0.2829071879386902,2.6688473224639893,3.066906213760376,0.5471980571746826,0,-1,0,0,0.0,2.0,326,2.086965799331665,0,0.0,0,0.0,0,26.22467803955078,0,5
SH,GM,73,2575,155,155,15.5,0.40909358859062195,0.622323751449585,5.251469135284424,6.346658706665039,0.8527182340621948,0,-1,1,127,0.8193548387096774,2.0,155,0.6572920680046082,0,0.0,0,0.0,0,8.990483283996582,1,6
SH,GM,73,2576,304,304,30.400000000000002,0.14523838460445404,0.17365004122257233,2.868598699569702,3.654890298843384,0.5878567695617676,0,-1,1,290,0.9539473684210527,2.0,304,1.3429319858551025,0,0.0,0,0.0,0,28.602916717529297,0,5
SH,GM,73,2577,935,935,93.5,0.3528640568256378,0.45320338010787964,3.677157402038574,4.786052227020264,0.5211264491081238,0,-1,1,935,1.0,2.0,935,0.21466775238513947,0,0.0,0,0.0,0,0.8638975620269775,1,6
SH,GM,73,2578,177,177,17.7,0.29605960845947266,0.4885668158531189,2.5676393508911133,2.891099691390991,0.29701387882232666,0,-1,1,177,1.0,2.0,177,0.43475261330604553,0,0.0,0,0.0,0,6.1302900314331055,1,6
SH,GM,73,2579,292,292,29.200000000000003,0.3812892436981201,0.4716827869415283,2.523918390274048,3.0083024501800537,0.5795116424560547,0,-1,1,127,0.4349315068493151,2.0,292,0.9650607109069824,0,0.0,0,0.0,0,0.3973159193992615,2,7
SH,GM,73,2580,440,440,44.0,0.414711594581604,0.5200507044792175,4.581843852996826,6.263745307922363,1.0251965522766113,0,-1,1,193,0.43863636363636366,2.0,440,1.4537662267684937,0,0.0,0,0.0,0,6.325439453125,0,5
SH,GM,73,2581,234,234,23.400000000000002,0.44701841473579407,0.5888254046440125,7.112258434295654,8.595062255859375,1.1402641534805298,0,-1,0,0,0.0,2.0,234,2.8260366916656494,0,0.0,0,0.0,0,3.4389426708221436,1,6
SH,GM,73,2582,362,362,36.2,0.421324759721756,0.6138578057289124,11.634784698486328,14.457198143005371,1.5561410188674927,1,268,1,45,0.12430939226519337,2.0,268,0.0,0,0.0,0,0.0,0,0.0,1,6
SH,GM,73,2583,133,133,13.3,0.1562681794166565,0.21177448332309723,1.831475019454956,2.401801824569702,0.3742051422595978,0,-1,0,0,0.0,2.0,133,6.126086235046387,0,0.0,0,0.0,0,8.004617691040039,1,6
SH,GM,73,2584,327,327,32.7,0.19387266039848328,0.23663322627544403,2.411559581756592,2.9111998081207275,0.4202621281147003,0,-1,1,326,0.9969418960244648,2.0,327,0.5748671293258667,0,0.0,0,0.0,0,7.198009490966797,1,6
SH,GM,73,2585,232,232,23.200000000000003,0.442446768283844,0.5792088508605957,1.4163140058517456,1.729943037033081,0.5300424695014954,0,-1,1,232,1.0,2.0,232,0.2517165243625641,0,0.0,0,0.0,0,3.527228593826294,1,6
SH,GM,73,2586,241,241,24.1,0.25252565741539,0.31100431084632874,1.6151984930038452,2.0312395095825195,0.4071395993232727,0,-1,1,241,1.0,2.0,241,0.6039873957633972,0,0.0,0,0.0,0,4.249810218811035,1,6
SH,GM,73,2587,287,287,28.700000000000003,0.20965053141117096,0.2863592803478241,3.4483120441436768,3.9366023540496826,0.41893503069877625,0,-1,1,151,0.5261324041811847,2.0,287,1.6158082485198975,0,0.0,0,0.0,0,15.3538818359375,0,5
SH,GM,73,2588,248,248,24.8,0.40443721413612366,0.575680673122406,1.138689398765564,2.2087855339050293,0.5780189633369446,0,-1,1,248,1.0,2.0,248,0.6742533445358276,0,0.0,0,0.0,0,7.942934513092041,0,5
SH,GM,73,2589,216,216,21.6,0.20003224909305573,0.2708573043346405,20.389720916748047,26.8253231048584,2.440943479537964,0,-1,0,0,0.0,2.0,216,2.315869092941284,0,0.0,0,0.0,0,45.674747467041016,1,6
SH,GM,73,2590,146,146,14.600000000000001,0.44540682435035706,0.5607534646987915,8.169363021850586,9.518325805664062,1.1189488172531128,0,-1,0,0,0.0,2.0,146,2.6234567165374756,0,0.0,0,0.0,0,11.8883638381958,1,6
SH,GM,73,2591,144,144,14.4,0.3623925447463989,0.4799160659313202,2.578064203262329,3.00425386428833,0.5436228513717651,0,-1,0,0,0.0,2.0,144,5.135099411010742,0,0.0,0,0.0,0,6.559179782867432,2,7
SH,GM,73,2592,517,517,51.7,0.09898016601800919,0.1303316205739975,6.257847785949707,8.189101219177246,0.4996141791343689,0,-1,0,0,0.0,2.0,517,3.1400198936462402,0,0.0,0,0.0,0,64.17127990722656,1,6
SH,GM,73,2593,989,989,98.9,0.19163896143436432,0.22960351407527924,4.568400859832764,5.553403377532959,0.551513135433197,0,-1,1,989,1.0,2.0,989,0.37677907943725586,0,0.0,0,0.0,0,4.8135857582092285,1,6
SH,GM,73,2594,152,152,15.200000000000001,0.18390722572803497,0.22978201508522034,2.5498290061950684,3.0306882858276367,0.4142870008945465,0,-1,0,0,0.0,2.0,152,2.591701030731201,0,0.0,0,0.0,0,19.63336753845215,0,5
SH,GM,73,2595,159,159,15.9,0.24383662641048431,0.29372215270996094,8.116886138916016,10.367931365966797,1.5130715370178223,0,-1,0,0,0.0,2.0,159,2.0441267490386963,0,0.0,0,0.0,0,3.617753744125366,2,7
SH,GM,73,2596,284,284,28.400000000000002,0.4011492133140564,0.5129528045654297,9.16383171081543,9.840929985046387,0.9200361967086792,0,-1,0,0,0.0,2.0,284,2.067004919052124,0,0.0,0,0.0,0,8.65271282196045,2,7
SH,GM,73,2597,225,225,22.5,0.20507004857063293,0.2711908221244812,0.41920050978660583,0.46906018257141113,0.16979458928108215,0,-1,1,178,0.7911111111111111,2.0,225,1.5675803422927856,0,0.0,0,0.0,0,2.5599801540374756,1,6
SH,GM,73,2598,371,371,37.1,0.23435112833976746,0.31013739109039307,5.0986247062683105,6.013401031494141,0.3442685902118683,0,-1,1,371,1.0,2.0,371,0.5323540568351746,0,0.0,0,0.0,0,7.667972564697266,2,7
SH,GM,73,2599,188,188,18.8,0.6091617941856384,0.7346147894859314,12.610003471374512,17.16853141784668,1.9630751609802246,0,-1,0,0,0.0,2.0,188,4.3949127197265625,0,0.0,0,0.0,0,41.31599044799805,2,7
SH,GM,73,2600,504,504,50.400000000000006,0.29238376021385193,0.4382607042789459,3.977241039276123,5.294536113739014,0.42972543835639954,0,-1,0,0,0.0,2.0,504,2.406122922897339,0,0.0,0,0.0,0,3.7640652656555176,2,7
SH,GM,73,2601,353,353,35.300000000000004,0.42097383737564087,0.5036782622337341,11.204638481140137,11.81528377532959,0.6894257068634033,0,-1,0,0,0.0,2.0,353,3.5650343894958496,0,0.0,0,0.0,0,6.046881198883057,1,6
SH,GM,73,2602,500,500,50.0,0.1720879226922989,0.2226458191871643,2.215080499649048,2.6848981380462646,0.28233689069747925,0,-1,1,500,1.0,2.0,500,1.082222580909729,0,0.0,0,0.0,0,19.559795379638672,0,5
SH,GM,73,2603,141,141,14.100000000000001,0.09523682296276093,0.13128115236759186,4.823329448699951,5.7672247886657715,0.7022275328636169,0,-1,1,141,1.0,2.0,141,1.0575875043869019,0,0.0,0,0.0,0,19.45299530029297,1,6
SH,GM,73,2604,811,811,81.10000000000001,0.42237746715545654,0.5520839691162109,5.643306732177734,8.599836349487305,0.6712899208068848,0,-1,1,811,1.0,2.0,811,0.1557404100894928,0,0.0,0,0.0,0,2.160869598388672,1,6
SH,GM,73,2605,160,160,16.0,0.32571515440940857,0.5344792604446411,1.0934046506881714,1.3323724269866943,0.43302100896835327,0,-1,1,160,1.0,2.0,160,0.05587596073746681,0,0.0,0,0.0,0,0.045218564569950104,2,7
SH,GM,73,2606,138,138,13.8,0.21797949075698853,0.35077065229415894,0.8908566236495972,1.0300660133361816,0.33658885955810547,0,-1,0,0,0.0,2.0,138,3.8930773735046387,0,0.0,0,0.0,0,10.808115005493164,0,5
SH,GM,73,2607,209,209,20.900000000000002,0.34998348355293274,0.43234923481941223,2.0096421241760254,2.3338637351989746,0.5198784470558167,0,-1,1,209,1.0,2.0,209,0.8623369336128235,0,0.0,0,0.0,0,0.8942344188690186,1,6
SH,GM,73,2608,392,392,39.2,0.4287385642528534,0.5747907757759094,12.547520637512207,15.015226364135742,1.313998818397522,0,-1,0,0,0.0,2.0,392,2.924806594848633,0,0.0,0,0.0,0,11.447336196899414,2,7
SH,GM,73,2609,495,495,49.5,0.292836993932724,0.37743642926216125,1.6162259578704834,1.9626747369766235,0.36805805563926697,0,-1,1,495,1.0,2.0,495,0.3127249777317047,0,0.0,0,0.0,0,3.508063554763794,0,5
SH,GM,73,2610,182,182,18.2,0.8127721548080444,1.0662332773208618,10.37082576751709,13.19741439819336,1.2263004779815674,0,-1,1,182,1.0,2.0,182,0.3581960201263428,0,0.0,0,0.0,0,5.724642276763916,0,5
SH,GM,73,2611,197,197,19.700000000000003,0.4132813513278961,0.5040253400802612,2.665717840194702,3.3000407218933105,0.883732259273529,0,-1,1,197,1.0,2.0,197,0.9133896231651306,0,0.0,0,0.0,0,17.9582462310791,0,5
SH,GM,73,2612,153,153,15.3,0.2741808295249939,0.3398646414279938,0.9316677451133728,1.1943299770355225,0.41251105070114136,0,-1,0,0,0.0,2.0,153,5.146180152893066,0,0.0,0,0.0,0,7.981251239776611,0,5
SH,GM,73,2613,155,155,15.5,0.5495331287384033,0.6592205762863159,7.937033653259277,8.918692588806152,1.2354451417922974,0,-1,1,155,1.0,2.0,155,0.43129175901412964,0,0.0,0,0.0,0,3.952410936355591,2,7
SH,GM,73,2614,322,322,32.2,0.5077201128005981,0.7983091473579407,8.848612785339355,10.946185111999512,1.333206295967102,1,317,1,180,0.5590062111801242,2.0,317,0.0,0,0.0,0,0.0,0,0.0,2,7
SH,GM,73,2615,230,230,23.0,0.29313355684280396,0.36381712555885315,2.678234815597534,3.2423770427703857,0.477194607257843,0,-1,1,230,1.0,2.0,230,0.4577861726284027,0,0.0,0,0.0,0,9.355575561523438,0,5
SH,GM,73,2616,234,234,23.400000000000002,0.18224366009235382,0.264331191778183,1.6221559047698975,1.9628291130065918,0.3518912196159363,0,-1,1,63,0.2692307692307692,2.0,234,1.4671515226364136,0,0.0,0,0.0,0,25.53334617614746,2,7
SH,GM,73,2617,197,197,19.700000000000003,0.34164246916770935,0.4142192602157593,4.303566932678223,6.3513641357421875,0.8841949105262756,0,-1,1,197,1.0,2.0,197,0.7517075538635254,0,0.0,0,0.0,0,12.607873916625977,1,6
SH,GM,73,2618,194,194,19.400000000000002,0.26971518993377686,0.37225207686424255,5.941959381103516,7.123932838439941,0.7594727873802185,0,-1,0,0,0.0,2.0,194,2.158153533935547,0,0.0,0,0.0,0,3.2809369564056396,0,5
SH,GM,73,2619,407,407,40.7,0.32218697667121887,0.40218526124954224,4.47576379776001,5.393344402313232,0.7026813626289368,0,-1,1,407,1.0,2.0,407,0.21042031049728394,0,0.0,0,0.0,0,3.2729268074035645,0,5
SH,GM,73,2620,227,227,22.700000000000003,0.4096963107585907,0.5019213557243347,8.35202693939209,10.282154083251953,1.663292407989502,0,-1,0,0,0.0,2.0,227,2.4084835052490234,0,0.0,0,0.0,0,11.399234771728516,2,7
SH,GM,73,2621,691,691,69.10000000000001,0.15232111513614655,0.18606220185756683,5.895218372344971,6.720122814178467,0.46680229902267456,0,-1,1,691,1.0,2.0,691,0.5538215637207031,0,0.0,0,0.0,0,9.640475273132324,2,7
SH,GM,73,2622,254,254,25.400000000000002,0.26706403493881226,0.3306242823600769,4.006105899810791,4.6082940101623535,0.6030963659286499,0,-1,1,44,0.1732283464566929,2.0,254,1.874285340309143,0,0.0,0,0.0,0,2.419581890106201,0,5
SH,GM,73,2623,239,239,23.900000000000002,0.24110150337219238,0.32512569427490234,2.5399138927459717,3.0858731269836426,0.42469313740730286,0,-1,1,129,0.5397489539748954,2.0,239,1.725885272026062,0,0.0,0,0.0,0,2.199641704559326,2,7
SH,GM,73,2624,203,203,20.3,0.2614481449127197,0.32547351717948914,8.154560089111328,10.38498306274414,0.9891157746315002,0,-1,1,203,1.0,2.0,203,0.8808416724205017,0,0.0,0,0.0,0,19.677623748779297,1,6
SH,GM,73,2625,275,275,27.5,0.2450600117444992,0.301252156496048,10.134946823120117,12.101664543151855,0.955823540687561,0,-1,0,0,0.0,2.0,275,3.369049072265625,0,0.0,0,0.0,0,19.353113174438477,0,5
SH,GM,73,2626,132,132,13.200000000000001,0.18581704795360565,0.21856370568275452,2.2726686000823975,3.0775363445281982,0.5310080051422119,0,-1,0,0,0.0,2.0,132,3.3021199703216553,0,0.0,0,0.0,0,28.659826278686523,0,5
SH,GM,73,2627,160,160,16.0,0.22810716927051544,0.31370842456817627,5.843501091003418,6.746222972869873,0.6940668225288391,0,-1,1,64,0.4,2.0,160,1.4204484224319458,0,0.0,0,0.0,0,9.22292709350586,0,5
SH,GM,73,2628,184,184,18.400000000000002,0.4625023603439331,0.6841080188751221,0.8628822565078735,1.9108766317367554,0.5639716982841492,0,-1,1,184,1.0,2.0,184,0.8062747120857239,0,0.0,0,0.0,0,2.1064839363098145,2,7
SH,GM,73,2629,168,168,16.8,0.17529316246509552,0.20393207669258118,3.021390676498413,4.0648298263549805,0.40797287225723267,0,-1,0,0,0.0,2.0,168,3.314805030822754,0,0.0,0,0.0,0,40.98344802856445,0,5
SH,GM,73,2630,619,619,61.900000000000006,0.19477136433124542,0.2533024847507477,2.299530267715454,3.2944231033325195,0.3005007207393646,0,-1,1,341,0.5508885298869144,2.0,619,1.8073333501815796,0,0.0,0,0.0,0,8.082058906555176,2,7
SH,GM,73,2631,246,246,24.6,0.28300872445106506,0.3789941370487213,3.789891481399536,5.7572922706604,1.0215760469436646,0,-1,0,0,0.0,2.0,246,3.1227004528045654,0,0.0,0,0.0,0,4.365471363067627,2,7
SH,GM,73,2632,148,148,14.8,0.28517985343933105,0.37165841460227966,1.3853213787078857,1.9165565967559814,0.46544674038887024,0,-1,1,148,1.0,2.0,148,0.3426816761493683,0,0.0,0,0.0,0,4.813866138458252,0,5
SH,GM,73,2633,413,413,41.300000000000004,0.28735116124153137,0.40449339151382446,2.0978405475616455,2.272059440612793,0.7825860977172852,1,285,1,285,0.6900726392251816,2.0,285,0.0,0,0.0,0,0.0,0,0.0,1,6
SH,GM,73,2634,165,165,16.5,0.42037433385849,0.6145623922348022,0.7381559610366821,0.9772157073020935,0.31714174151420593,0,-1,1,165,1.0,2.0,165,0.3442381024360657,0,0.0,0,0.0,0,1.597452998161316,0,5
SH,GM,73,2635,191,191,19.1,0.43746620416641235,0.5155497193336487,8.296056747436523,11.781222343444824,1.2262210845947266,0,-1,0,0,0.0,2.0,191,3.296661138534546,0,0.0,0,0.0,0,30.564716339111328,2,7
SH,GM,73,2636,220,220,22.0,0.2833121120929718,0.4059506058692932,2.582949638366699,3.5810489654541016,0.43661749362945557,0,-1,1,220,1.0,2.0,220,1.1883070468902588,0,0.0,0,0.0,0,1.4233977794647217,2,7
SH,GM,73,2637,259,259,25.900000000000002,0.29268741607666016,0.4016386866569519,3.1502914428710938,3.468327522277832,0.5572351217269897,1,198,1,194,0.749034749034749,2.0,198,0.0,0,0.0,0,0.0,0,0.0,1,6
SH,GM,73,2638,184,184,18.400000000000002,0.2639155685901642,0.3155028522014618,0.9433819055557251,1.2261275053024292,0.38462185859680176,0,-1,1,184,1.0,2.0,184,1.1408498287200928,0,0.0,0,0.0,0,21.99472999572754,0,5
SH,GM,73,2639,1280,1280,128.0,0.2724473476409912,0.36480623483657837,1.8650999069213867,2.481020212173462,0.46325260400772095,0,-1,1,1280,1.0,2.0,1280,1.1432262659072876,0,0.0,0,0.0,0,1.4519487619400024,2,7
SH,GM,73,2640,176,176,17.6,0.2542203366756439,0.3421119153499603,3.479593515396118,4.261255741119385,0.5758814215660095,0,-1,0,0,0.0,2.0,176,3.966212749481201,0,0.0,0,0.0,0,55.55977249145508,0,5
SH,GM,73,2641,283,283,28.3,0.2059575319290161,0.29248642921447754,6.680052757263184,7.660536766052246,0.39266303181648254,0,-1,1,283,1.0,2.0,283,0.17987442016601562,0,0.0,0,0.0,0,2.7118890285491943,0,5
SH,GM,73,2642,136,136,13.600000000000001,0.30512508749961853,0.41191336512565613,0.8802455067634583,1.0876938104629517,0.3316252529621124,0,-1,1,136,1.0,2.0,136,0.3938170373439789,0,0.0,0,0.0,0,5.698909282684326,2,7
SH,GM,73,2643,169,169,16.900000000000002,0.31876808404922485,0.3904877007007599,1.1729607582092285,1.59797203540802,0.44344186782836914,0,-1,1,18,0.10650887573964497,2.0,169,1.8539149761199951,0,0.0,0,0.0,0,1.50906240940094,1,6
SH,GM,73,2644,149,149,14.9,0.39371779561042786,0.5219641327857971,3.753965139389038,4.12844705581665,0.560039758682251,0,-1,0,0,0.0,2.0,149,5.467193603515625,0,0.0,0,0.0,0,6.098171710968018,1,6
SH,GM,73,2645,250,250,25.0,0.39807164669036865,0.5594326257705688,1.346515417098999,1.6661977767944336,0.35246747732162476,1,234,1,184,0.736,2.0,234,0.0,0,0.0,0,0.0,0,0.0,1,6
SH,GM,73,2646,168,168,16.8,0.2808736562728882,0.41524356603622437,2.270817995071411,2.6892201900482178,0.3848273754119873,0,-1,1,168,1.0,2.0,168,0.058147914707660675,0,0.0,0,0.0,0,0.1942187398672104,1,6
SH,GM,73,2647,536,536,53.6,0.2936123311519623,0.38632088899612427,9.60109806060791,13.293131828308105,0.8184576034545898,0,-1,1,392,0.7313432835820896,2.0,536,0.34893742203712463,0,0.0,0,0.0,0,1.9670991897583008,1,6
SH,GM,73,2648,335,335,33.5,0.16905570030212402,0.21847860515117645,2.5333378314971924,2.736820936203003,0.23319408297538757,0,-1,1,335,1.0,2.0,335,1.1682289838790894,0,0.0,0,0.0,0,6.251735687255859,0,5
SH,GM,73,2649,190,190,19.0,0.2831805944442749,0.3841284513473511,3.2001750469207764,4.168357849121094,0.9123220443725586,0,-1,1,147,0.7736842105263158,2.0,190,1.1289606094360352,0,0.0,0,0.0,0,18.994848251342773,2,7
SH,GM,73,2650,165,165,16.5,0.15755325555801392,0.2337297797203064,2.279703140258789,3.7502810955047607,0.7165342569351196,0,-1,0,0,0.0,2.0,165,2.2796132564544678,0,0.0,0,0.0,0,55.90776443481445,1,6
SH,GM,73,2651,209,209,20.900000000000002,0.1464247852563858,0.17895974218845367,5.090771198272705,5.908402919769287,0.48081526160240173,0,-1,0,0,0.0,2.0,209,2.065145254135132,0,0.0,0,0.0,0,20.200448989868164,2,7
SH,GM,73,2652,214,214,21.400000000000002,0.27449658513069153,0.34207943081855774,1.364742398262024,1.5631346702575684,0.39215990900993347,0,-1,1,119,0.5560747663551402,2.0,214,0.0058718095533549786,0,0.0,0,0.0,0,0.003034476190805435,1,6
SH,GM,73,2653,238,238,23.8,0.15366517007350922,0.1875329464673996,1.60549795627594,1.874930739402771,0.2578975260257721,0,-1,0,0,0.0,2.0,238,2.1671221256256104,0,0.0,0,0.0,0,11.080135345458984,2,7
SH,GM,73,2654,316,316,31.6,0.15423043072223663,0.20166988670825958,4.05836820602417,6.2785468101501465,0.5018923878669739,0,-1,1,149,0.47151898734177217,2.0,316,0.9617098569869995,0,0.0,0,0.0,0,23.130830764770508,1,6
SH,GM,73,2655,609,609,60.900000000000006,0.5172386169433594,0.5808776617050171,35.18080520629883,46.672607421875,3.2394211292266846,0,-1,0,0,0.0,2.0,609,2.468503713607788,0,0.0,0,0.0,0,8.035024642944336,1,6
SH,GM,73,2656,139,139,13.9,0.4127289056777954,0.7070977687835693,1.3559117317199707,1.5587397813796997,0.4145953059196472,0,-1,1,121,0.8705035971223022,2.0,139,1.1678773164749146,0,0.0,0,0.0,0,3.2313828468322754,0,5
SH,GM,73,2657,256,256,25.6,0.16832971572875977,0.23861807584762573,8.350915908813477,11.619967460632324,1.0547055006027222,0,-1,1,256,1.0,2.0,256,1.64918053150177,0,0.0,0,0.0,0,34.11904525756836,0,5
SH,GM,73,2658,470,470,47.0,0.334051251411438,0.3900720775127411,24.118738174438477,31.192440032958984,1.2956181764602661,0,-1,1,44,0.09361702127659574,2.0,470,1.7372043132781982,0,0.0,0,0.0,0,2.147007703781128,0,5
SH,GM,73,2659,141,141,14.100000000000001,0.35264894366264343,0.4248965084552765,0.49141865968704224,0.8907657265663147,0.3420078456401825,0,-1,0,0,0.0,2.0,141,2.665086507797241,0,0.0,0,0.0,0,3.2923624515533447,2,7
SH,GM,73,2660,174,174,17.400000000000002,0.6390411257743835,0.8342670798301697,6.632131099700928,7.577254772186279,1.5250910520553589,0,-1,0,0,0.0,2.0,174,2.7022740840911865,0,0.0,0,0.0,0,15.754312515258789,2,7
SH,GM,73,2661,246,246,24.6,0.19057300686836243,0.24310794472694397,8.56006145477295,11.552891731262207,0.921850860118866,0,-1,1,246,1.0,2.0,246,0.6555226445198059,0,0.0,0,0.0,0,16.008302688598633,0,5
SH,GM,73,2662,384,384,38.400000000000006,0.22121365368366241,0.27945396304130554,2.7269208431243896,2.980618715286255,0.2857559621334076,0,-1,1,300,0.78125,2.0,384,0.9151709675788879,0,0.0,0,0.0,0,1.4389212131500244,1,6
SH,GM,73,2663,142,142,14.200000000000001,0.22282513976097107,0.27885138988494873,11.768888473510742,14.812435150146484,2.020829200744629,0,-1,1,106,0.7464788732394366,2.0,142,1.6754355430603027,0,0.0,0,0.0,0,25.585369110107422,2,7
SH,GM,73,2664,151,151,15.100000000000001,0.7550246119499207,1.0324715375900269,4.7740960121154785,6.333070278167725,1.2193453311920166,0,-1,1,151,1.0,2.0,151,0.16856735944747925,0,0.0,0,0.0,0,1.6795541048049927,0,5
SH,GM,73,2665,749,749,74.9,0.3523910343647003,0.4665999114513397,13.488887786865234,21.96694564819336,1.0499441623687744,0,-1,1,278,0.3711615487316422,2.0,749,1.3794584274291992,0,0.0,0,0.0,0,3.1109797954559326,1,6
SH,GM,73,2666,194,194,19.400000000000002,0.3846995234489441,0.44551825523376465,5.024519920349121,6.311158657073975,0.7913984060287476,0,-1,1,194,1.0,2.0,194,0.9800050854682922,0,0.0,0,0.0,0,29.35202407836914,1,6
SH,GM,73,2667,136,136,13.600000000000001,0.5774790048599243,0.7040084600448608,4.1386399269104,5.31514835357666,0.8618054389953613,1,123,1,63,0.4632352941176471,2.0,123,0.0,0,0.0,0,0.0,0,0.0,0,5
SH,GM,73,2668,627,627,62.7,0.14742381870746613,0.18077032268047333,6.334136009216309,7.367846488952637,0.447698175907135,0,-1,1,603,0.9617224880382775,2.0,627,0.9878998398780823,0,0.0,0,0.0,0,15.463435173034668,0,5
SH,GM,73,2669,274,274,27.400000000000002,0.20538915693759918,0.25560930371284485,4.484076976776123,5.350481033325195,0.5101099610328674,0,-1,0,0,0.0,2.0,274,2.372344732284546,0,0.0,0,0.0,0,38.213165283203125,1,6
SH,GM,73,2670,173,173,17.3,0.24219739437103271,0.3131265640258789,2.3728785514831543,2.932884693145752,0.29143026471138,0,-1,1,89,0.5144508670520231,2.0,173,1.1518373489379883,0,0.0,0,0.0,0,6.074307441711426,1,6
SH,GM,73,2671,681,681,68.10000000000001,0.17444700002670288,0.21032428741455078,6.698444366455078,7.547783374786377,0.2913220226764679,0,-1,1,681,1.0,2.0,681,0.5350778102874756,0,0.0,0,0.0,0,11.419126510620117,0,5
SH,GM,73,2672,455,455,45.5,0.27683112025260925,0.36616286635398865,6.3678789138793945,7.929816722869873,0.8278408646583557,0,-1,0,0,0.0,2.0,455,2.734753370285034,0,0.0,0,0.0,0,2.1243109703063965,0,5
SH,GM,73,2673,164,164,16.400000000000002,0.26809602975845337,0.3334290385246277,5.370999813079834,6.286526203155518,0.6204977035522461,0,-1,0,0,0.0,2.0,164,2.4441137313842773,0,0.0,0,0.0,0,34.71661376953125,2,7
SH,GM,73,2674,211,211,21.1,0.2013072818517685,0.2651338577270508,2.222973108291626,2.9374778270721436,0.39984992146492004,0,-1,1,211,1.0,2.0,211,0.4539024233818054,0,0.0,0,0.0,0,6.5531487464904785,0,5
SH,GM,73,2675,193,193,19.3,0.47494369745254517,0.5969681143760681,10.948603630065918,12.79267692565918,1.182740569114685,0,-1,0,0,0.0,2.0,193,2.734170436859131,0,0.0,0,0.0,0,8.194535255432129,2,7
SH,GM,73,2676,140,140,14.0,0.24000892043113708,0.28686070442199707,8.95622730255127,11.717761993408203,1.7682918310165405,0,-1,0,0,0.0,2.0,140,2.0057075023651123,0,0.0,0,0.0,0,39.936676025390625,2,7
SH,GM,73,2677,194,194,19.400000000000002,0.4513992667198181,0.6304576992988586,1.6516618728637695,2.2933144569396973,1.210629940032959,1,155,1,155,0.7989690721649485,2.0,155,0.0,0,0.0,0,0.0,0,0.0,2,7
SH,GM,73,2678,278,278,27.8,0.22109109163284302,0.28686171770095825,8.5459566116333,11.684213638305664,1.0653445720672607,0,-1,0,0,0.0,2.0,278,2.8474111557006836,0,0.0,0,0.0,0,3.2239389419555664,2,7
SH,GM,73,2679,259,259,25.900000000000002,0.38624462485313416,0.4781704545021057,16.41275978088379,20.58269500732422,1.5796996355056763,0,-1,1,23,0.0888030888030888,2.0,259,1.911589503288269,0,0.0,0,0.0,0,4.354276180267334,2,7
SH,GM,73,2680,132,132,13.200000000000001,0.7705748081207275,0.9820648431777954,14.682843208312988,18.908184051513672,2.681269407272339,0,-1,0,0,0.0,2.0,132,2.8744986057281494,0,0.0,0,0.0,0,12.701930046081543,1,6
SH,GM,73,2681,177,177,17.7,0.4428498446941376,0.5957621335983276,6.133457183837891,7.4718523025512695,1.0642682313919067,0,-1,1,117,0.6610169491525424,2.0,177,1.4232069253921509,0,0.0,0,0.0,0,8.528717994689941,2,7
SH,GM,73,2682,514,514,51.400000000000006,0.1780889481306076,0.2786991596221924,5.694122791290283,6.979849338531494,0.4443413019180298,0,-1,1,426,0.8287937743190662,2.0,514,1.5240787267684937,0,0.0,0,0.0,0,23.247961044311523,2,7
SH,GM,73,2683,221,221,22.1,0.3877612054347992,0.4634946882724762,3.072798252105713,4.262558937072754,0.873572051525116,0,-1,1,221,1.0,2.0,221,1.036703109741211,0,0.0,0,0.0,0,29.70694351196289,0,5
SH,GM,73,2684,456,456,45.6,0.2645403742790222,0.34517741203308105,43.585853576660156,50.49354934692383,1.825052261352539,0,-1,0,0,0.0,2.0,456,3.6460518836975098,0,0.0,0,0.0,0,10.474813461303711,2,7
SH,GM,73,2685,473,473,47.300000000000004,0.1328166276216507,0.16898474097251892,4.124597549438477,4.625085353851318,0.347529798746109,0,-1,1,295,0.6236786469344608,2.0,473,0.8676724433898926,0,0.0,0,0.0,0,16.720722198486328,1,6
SH,GM,73,2686,905,905,90.5,0.2832286059856415,0.3625936210155487,3.4275155067443848,4.347321510314941,0.459963321685791,0,-1,1,905,1.0,2.0,905,0.3280434012413025,0,0.0,0,0.0,0,1.9031533002853394,0,5
SH,GM,73,2687,457,457,45.7,0.4204767346382141,0.5826756358146667,24.124347686767578,27.99967384338379,1.152847170829773,0,-1,1,42,0.09190371991247265,2.0,457,1.6416618824005127,0,0.0,0,0.0,0,4.026641368865967,0,5
SH,GM,73,2688,335,335,33.5,0.3077283501625061,0.3798542618751526,8.961198806762695,10.674513816833496,1.5936506986618042,0,-1,0,0,0.0,2.0,335,2.326357841491699,0,0.0,0,0.0,0,47.07682418823242,2,7
SH,GM,73,2689,227,227,22.700000000000003,0.21208807826042175,0.262525349855423,4.643585205078125,5.096679210662842,0.4382261037826538,0,-1,1,227,1.0,2.0,227,0.7722816467285156,0,0.0,0,0.0,0,15.205903053283691,0,5
SH,GM,73,2690,343,343,34.300000000000004,0.1528274118900299,0.19656410813331604,3.2101142406463623,5.022792339324951,0.7234614491462708,0,-1,1,60,0.1749271137026239,2.0,343,1.4369429349899292,0,0.0,0,0.0,0,5.646409034729004,0,5
SH,GM,73,2691,185,185,18.5,0.2050633579492569,0.2579133212566376,1.6198632717132568,2.0027174949645996,0.39614105224609375,0,-1,0,0,0.0,2.0,185,2.3570117950439453,0,0.0,0,0.0,0,36.689456939697266,1,6
SH,GM,73,2692,132,132,13.200000000000001,0.46520480513572693,0.5858286619186401,4.114567756652832,5.8179755210876465,0.9387146830558777,0,-1,0,0,0.0,2.0,132,9.052102088928223,0,0.0,0,0.0,0,14.41064167022705,2,7
SH,GM,73,2693,362,362,36.2,0.1992090940475464,0.24861052632331848,8.932158470153809,10.31557846069336,0.5273590683937073,0,-1,1,226,0.6243093922651933,2.0,362,1.7659450769424438,0,0.0,0,0.0,0,24.022409439086914,2,7
SH,GM,73,2694,198,198,19.8,0.43242648243904114,0.5320406556129456,12.565380096435547,15.572067260742188,1.1453367471694946,0,-1,1,133,0.6717171717171717,2.0,198,0.522415041923523,0,0.0,0,0.0,0,10.42221450805664,2,7
SH,GM,73,2695,140,140,14.0,0.19662128388881683,0.24258702993392944,1.4538370370864868,1.7556767463684082,0.3036371171474457,0,-1,0,0,0.0,2.0,140,3.468008518218994,0,0.0,0,0.0,0,19.70691680908203,0,5
SH,GM,73,2696,533,533,53.300000000000004,0.3706599771976471,0.5070797204971313,2.965419292449951,4.052642822265625,0.4930402636528015,0,-1,1,533,1.0,2.0,533,0.5063316822052002,0,0.0,0,0.0,0,1.491010308265686,0,5
SH,GM,73,2697,177,177,17.7,0.12077388912439346,0.14632363617420197,2.2016189098358154,2.627427816390991,0.3701779246330261,0,-1,0,0,0.0,2.0,177,2.3084418773651123,0,0.0,0,0.0,0,40.99410629272461,0,5
SH,GM,73,2698,142,142,14.200000000000001,0.19935952126979828,0.2350703477859497,5.152921199798584,7.039514064788818,0.998575747013092,0,-1,0,0,0.0,2.0,142,4.213838577270508,0,0.0,0,0.0,0,64.79580688476562,0,5
SH,GM,73,2699,166,166,16.6,0.4984257221221924,0.6318857073783875,4.718178749084473,5.794957637786865,1.1235594749450684,0,-1,1,10,0.060240963855421686,2.0,166,1.8689736127853394,0,0.0,0,0.0,0,20.995506286621094,0,5
SH,GM,73,2700,450,450,45.0,0.1831614226102829,0.243951216340065,1.6453683376312256,2.2393922805786133,0.19381549954414368,0,-1,1,418,0.9288888888888889,2.0,450,1.6647107601165771,0,0.0,0,0.0,0,1.0542635917663574,0,5
SH,GM,73,2701,223,223,22.3,0.5523616671562195,0.7391285300254822,9.039115905761719,11.081765174865723,1.487436056137085,0,-1,1,130,0.5829596412556054,2.0,223,0.8638253808021545,0,0.0,0,0.0,0,6.089519023895264,2,7
SH,GM,73,2702,277,277,27.700000000000003,0.5103884935379028,0.6803410649299622,7.122650146484375,8.400240898132324,0.8424656987190247,0,-1,0,0,0.0,2.0,277,2.1306371688842773,0,0.0,0,0.0,0,5.922667980194092,0,5
SH,GM,73,2703,923,923,92.30000000000001,0.16098585724830627,0.21515358984470367,2.014012336730957,2.2084362506866455,0.23645032942295074,0,-1,0,0,0.0,2.0,923,3.398308277130127,0,0.0,0,0.0,0,3.861130475997925,2,7
SH,GM,73,2704,216,216,21.6,0.22387343645095825,0.2703319787979126,1.343241810798645,1.6431593894958496,0.39569246768951416,0,-1,1,216,1.0,2.0,216,0.3941085934638977,0,0.0,0,0.0,0,5.717751502990723,2,7
SH,GM,73,2705,285,285,28.5,0.42824721336364746,0.6275891661643982,2.988858699798584,3.3216392993927,0.38984566926956177,1,267,1,267,0.9368421052631579,2.0,267,0.0,0,0.0,0,0.0,0,0.0,2,7
SH,GM,73,2706,140,140,14.0,0.6657540798187256,0.8078663945198059,4.0893425941467285,5.296480178833008,1.1908667087554932,0,-1,1,34,0.24285714285714285,2.0,140,1.8594868183135986,0,0.0,0,0.0,0,3.698207378387451,1,6
SH,GM,73,2707,155,155,15.5,0.46361473202705383,0.5811170339584351,1.8673245906829834,2.5730268955230713,0.6991448402404785,0,-1,1,35,0.22580645161290322,2.0,155,1.8853273391723633,0,0.0,0,0.0,0,6.360048770904541,0,5
SH,GM,73,2708,332,332,33.2,0.19055770337581635,0.23230963945388794,11.78405475616455,14.527929306030273,0.9711001515388489,0,-1,0,0,0.0,2.0,332,2.7667548656463623,0,0.0,0,0.0,0,27.0140438079834,1,6
SH,GM,73,2709,153,153,15.3,0.31711840629577637,0.39602211117744446,2.055889368057251,2.4674479961395264,0.3735358715057373,0,-1,1,153,1.0,2.0,153,0.9773958325386047,0,0.0,0,0.0,0,0.3392367660999298,1,6
SH,GM,73,2710,490,490,49.0,0.41742849349975586,0.5350881218910217,2.3681559562683105,2.678767681121826,0.41666343808174133,0,-1,1,490,1.0,2.0,490,0.2026892751455307,0,0.0,0,0.0,0,0.3476622700691223,0,5
SH,GM,73,2711,144,144,14.4,0.47863996028900146,0.6461554169654846,1.3625807762145996,1.7471140623092651,0.6517131328582764,0,-1,1,144,1.0,2.0,144,1.6243934631347656,0,0.0,0,0.0,0,2.0353193283081055,0,5
SH,GM,73,2712,1394,1394,139.4,0.36639338731765747,0.4778602719306946,15.538525581359863,16.959426879882812,0.8352199792861938,0,-1,0,0,0.0,2.0,1394,3.94515061378479,0,0.0,0,0.0,0,5.719143867492676,1,6
SH,GM,73,2713,320,320,32.0,0.3444582223892212,0.4462103545665741,4.39908504486084,5.518247127532959,0.8796880841255188,0,-1,1,260,0.8125,2.0,320,0.845463752746582,0,0.0,0,0.0,0,3.727543592453003,1,6
SH,GM,73,2714,507,507,50.7,0.3335467278957367,0.4127279222011566,18.803272247314453,21.995458602905273,0.8355873227119446,0,-1,1,110,0.21696252465483234,2.0,507,1.3299193382263184,0,0.0,0,0.0,0,3.785717725753784,0,5
SH,GM,73,2715,324,324,32.4,0.5187892913818359,0.6766065955162048,1.5194035768508911,1.834999680519104,0.6467229127883911,0,-1,1,148,0.4567901234567901,2.0,324,1.6168460845947266,0,0.0,0,0.0,0,6.327030658721924,0,5
SH,GM,73,2716,345,345,34.5,0.23721744120121002,0.28703510761260986,1.3889487981796265,1.8018170595169067,0.3077057898044586,0,-1,1,129,0.3739130434782609,2.0,345,1.089214563369751,0,0.0,0,0.0,0,3.246641159057617,1,6
SH,GM,73,2717,205,205,20.5,0.18685367703437805,0.24162645637989044,1.9709452390670776,2.537200689315796,0.36133795976638794,0,-1,1,205,1.0,2.0,205,0.6320804953575134,0,0.0,0,0.0,0,19.90642547607422,0,5
SH,GM,73,2718,377,377,37.7,0.23627962172031403,0.2928360104560852,2.052155017852783,2.537424325942993,0.3718276619911194,0,-1,0,0,0.0,2.0,377,2.487224817276001,0,0.0,0,0.0,0,51.16719436645508,2,7
SH,GM,73,2719,366,366,36.6,0.3795149624347687,0.5981637835502625,4.343779563903809,5.108608722686768,0.8273403644561768,0,-1,0,0,0.0,2.0,366,2.6976492404937744,0,0.0,0,0.0,0,6.26850700378418,2,7
SH,GM,73,2720,455,455,45.5,0.37187081575393677,0.6282004117965698,6.98490047454834,7.891764163970947,0.7482314705848694,0,-1,1,12,0.026373626373626374,2.0,455,1.9756650924682617,0,0.0,0,0.0,0,5.707208633422852,1,6
SH,GM,73,2721,211,211,21.1,0.1831967830657959,0.21593733131885529,4.335972309112549,5.216456890106201,0.5785435438156128,0,-1,1,92,0.43601895734597157,2.0,211,1.5558122396469116,0,0.0,0,0.0,0,6.691540241241455,1,6
SH,GM,73,2722,131,131,13.100000000000001,0.21209175884723663,0.24953792989253998,3.1457948684692383,3.5995612144470215,0.3937811255455017,0,-1,0,0,0.0,2.0,131,5.67893123626709,0,0.0,0,0.0,0,7.913672924041748,2,7
SH,GM,73,2723,495,495,49.5,0.25892776250839233,0.4354337751865387,7.45994758605957,9.110960006713867,0.7281280755996704,0,-1,1,495,1.0,2.0,495,1.243784785270691,0,0.0,0,0.0,0,21.205291748046875,1,6
SH,GM,73,2724,251,251,25.1,0.5140524506568909,0.5875473022460938,8.191828727722168,9.725584983825684,1.17703115940094,0,-1,0,0,0.0,2.0,251,3.8920648097991943,0,0.0,0,0.0,0,7.370846748352051,2,7
SH,GM,73,2725,240,240,24.0,0.21754121780395508,0.27563726902008057,2.3918797969818115,3.0463809967041016,0.48378652334213257,1,199,1,199,0.8291666666666667,2.0,199,0.0,0,0.0,0,0.0,0,0.0,1,6
SH,GM,73,2726,272,272,27.200000000000003,0.2625601887702942,0.3380517065525055,6.000732898712158,6.5737833976745605,0.5083518028259277,0,-1,1,272,1.0,2.0,272,1.0471619367599487,0,0.0,0,0.0,0,20.63042640686035,0,5
SH,GM,73,2727,138,138,13.8,0.4383641183376312,0.5487841367721558,12.239870071411133,14.47233772277832,1.591009259223938,0,-1,0,0,0.0,2.0,138,2.7392208576202393,0,0.0,0,0.0,0,46.31406784057617,1,6
SH,GM,73,2728,184,184,18.400000000000002,0.19493480026721954,0.2302430421113968,3.433640480041504,3.888546943664551,0.303284615278244,0,-1,1,184,1.0,2.0,184,0.48757871985435486,0,0.0,0,0.0,0,9.26003646850586,1,6
SH,GM,73,2729,235,235,23.5,0.3158177435398102,0.3662693500518799,1.100811243057251,1.3506762981414795,0.3354800343513489,0,-1,1,176,0.7489361702127659,2.0,235,1.6926771402359009,0,0.0,0,0.0,0,8.541297912597656,1,6
SH,GM,73,2730,133,133,13.3,0.25267457962036133,0.28705447912216187,3.1492345333099365,3.7056000232696533,0.48954716324806213,0,-1,0,0,0.0,2.0,133,2.4297075271606445,0,0.0,0,0.0,0,11.407746315002441,2,7
SH,GM,73,2731,162,162,16.2,0.303070604801178,0.3662683963775635,1.537049412727356,1.6251094341278076,0.36445352435112,1,133,1,133,0.8209876543209876,2.0,133,0.0,0,0.0,0,0.0,0,0.0,1,6
SH,GM,73,2732,189,189,18.900000000000002,0.2556459605693817,0.30754542350769043,5.732217788696289,6.552124977111816,0.6531808972358704,0,-1,1,189,1.0,2.0,189,1.4602538347244263,0,0.0,0,0.0,0,44.053096771240234,0,5
SH,GM,73,2733,369,369,36.9,0.2711375653743744,0.40117886662483215,6.489863395690918,7.546817779541016,0.6026554107666016,0,-1,0,0,0.0,2.0,369,2.0661768913269043,0,0.0,0,0.0,0,6.676329135894775,2,7
SH,GM,73,2734,536,536,53.6,0.3418380320072174,0.4849807024002075,46.28480911254883,52.84323501586914,2.307396650314331,0,-1,0,0,0.0,2.0,536,4.2468156814575195,0,0.0,0,0.0,0,12.315253257751465,1,6
SH,GM,73,2735,140,140,14.0,1.059152603149414,1.2034097909927368,7.398841381072998,8.329471588134766,2.873432159423828,1,59,1,59,0.42142857142857143,2.0,59,0.0,0,0.0,0,0.0,0,0.0,2,7
SH,GM,73,2736,184,184,18.400000000000002,0.6161333322525024,0.7646849155426025,7.841568470001221,9.106801986694336,1.685117483139038,0,-1,0,0,0.0,2.0,184,2.0303518772125244,0,0.0,0,0.0,0,6.483126163482666,2,7
SH,GM,73,2737,191,191,19.1,0.42158958315849304,0.5817521214485168,9.427486419677734,11.462276458740234,1.2653779983520508,0,-1,0,0,0.0,2.0,191,4.312421798706055,0,0.0,0,0.0,0,5.732965469360352,0,5
SH,GM,73,2738,253,253,25.3,0.29286834597587585,0.34988126158714294,5.353247165679932,6.1634521484375,0.519128143787384,0,-1,1,68,0.26877470355731226,2.0,253,1.6130611896514893,0,0.0,0,0.0,0,8.6903657913208,2,7
SH,GM,73,2739,146,146,14.600000000000001,0.47683683037757874,0.6499068140983582,3.4573557376861572,4.251788139343262,0.9943592548370361,1,138,1,138,0.9452054794520548,2.0,138,0.0,0,0.0,0,0.0,0,0.0,2,7
SH,GM,73,2740,396,396,39.6,0.21821700036525726,0.2926566004753113,3.460970878601074,3.730475425720215,0.2626410722732544,0,-1,0,0,0.0,2.0,396,5.377164363861084,0,0.0,0,0.0,0,6.549623966217041,1,6
SH,GM,73,2741,433,433,43.300000000000004,0.2965291142463684,0.3818475902080536,28.931068420410156,34.122676849365234,1.5500091314315796,0,-1,0,0,0.0,2.0,433,2.96262788772583,0,0.0,0,0.0,0,9.147773742675781,2,7
SH,GM,73,2742,137,137,13.700000000000001,0.21272039413452148,0.264396995306015,2.262439250946045,2.6175880432128906,0.4130346477031708,0,-1,1,104,0.7591240875912408,2.0,137,1.1316618919372559,0,0.0,0,0.0,0,21.674659729003906,1,6
SH,GM,73,2743,194,194,19.400000000000002,0.2509717345237732,0.32035961747169495,4.422341346740723,5.890512466430664,0.7655225396156311,0,-1,0,0,0.0,2.0,194,3.904111385345459,0,0.0,0,0.0,0,4.682249546051025,0,5
SH,GM,73,2744,406,406,40.6,0.33672720193862915,0.3937964141368866,5.3687744140625,6.454883575439453,0.7713195085525513,0,-1,0,0,0.0,2.0,406,2.646298885345459,0,0.0,0,0.0,0,24.322704315185547,2,7
SH,GM,73,2745,394,394,39.400000000000006,0.5408919453620911,0.999035656452179,6.749567985534668,7.8865065574646,1.1043728590011597,0,-1,1,329,0.8350253807106599,2.0,394,1.4101841449737549,0,0.0,0,0.0,0,14.733094215393066,1,6
SH,GM,73,2746,152,152,15.200000000000001,0.2768334150314331,0.3573860228061676,13.051961898803711,16.094741821289062,2.0484092235565186,0,-1,0,0,0.0,2.0,152,3.2560031414031982,0,0.0,0,0.0,0,50.93745422363281,1,6
SH,GM,73,2747,287,287,28.700000000000003,0.6210255026817322,0.8171498775482178,4.268171310424805,4.984774589538574,2.312457323074341,1,120,1,120,0.4181184668989547,2.0,120,0.0,0,0.0,0,0.0,0,0.0,1,6
SH,GM,73,2748,195,195,19.5,0.3293769359588623,0.4351749122142792,2.1733992099761963,2.671839475631714,0.49814489483833313,0,-1,1,195,1.0,2.0,195,0.9110382795333862,0,0.0,0,0.0,0,18.082294464111328,0,5
SH,GM,73,2749,248,248,24.8,0.5722907185554504,0.6812744140625,6.730976104736328,8.407247543334961,1.4583271741867065,0,-1,1,69,0.2782258064516129,2.0,248,1.8024245500564575,0,0.0,0,0.0,0,1.5939383506774902,1,6
SH,GM,73,2750,278,278,27.8,0.5702574849128723,0.728216290473938,8.329352378845215,10.226789474487305,4.550195693969727,1,138,1,138,0.49640287769784175,2.0,138,0.0,0,0.0,0,0.0,0,0.0,1,6
SH,GM,73,2751,147,147,14.700000000000001,0.5490263104438782,0.6958872079849243,5.0709075927734375,5.888079643249512,1.1478115320205688,0,-1,1,147,1.0,2.0,147,0.5691314935684204,0,0.0,0,0.0,0,4.349997043609619,1,6
SH,GM,73,2752,765,765,76.5,0.27490976452827454,0.3649776577949524,2.2980988025665283,3.0476691722869873,0.34445276856422424,0,-1,1,759,0.9921568627450981,2.0,765,1.327666163444519,0,0.0,0,0.0,0,0.9676041007041931,2,7
SH,GM,73,2753,233,233,23.3,0.32786428928375244,0.38755184412002563,13.023776054382324,15.341964721679688,1.0910439491271973,0,-1,1,199,0.8540772532188842,2.0,233,0.9288929104804993,0,0.0,0,0.0,0,15.234922409057617,1,6
SH,GM,73,2754,174,174,17.400000000000002,0.8020396828651428,1.360190749168396,5.444577693939209,6.593825340270996,1.3054413795471191,0,-1,1,71,0.40804597701149425,2.0,174,1.3219828605651855,0,0.0,0,0.0,0,7.347102642059326,0,5
SH,GM,73,2755,134,134,13.4,0.26562854647636414,0.34419625997543335,8.466724395751953,9.938907623291016,1.0936381816864014,0,-1,0,0,0.0,2.0,134,2.9564385414123535,0,0.0,0,0.0,0,3.4911928176879883,1,6
SH,GM,73,2756,479,479,47.900000000000006,0.19074563682079315,0.23488196730613708,9.930726051330566,10.92109203338623,0.43500447273254395,0,-1,1,460,0.9603340292275574,2.0,479,0.6612671613693237,0,0.0,0,0.0,0,9.667076110839844,1,6
SH,GM,73,2757,244,244,24.400000000000002,0.34447941184043884,0.427928626537323,3.342062473297119,3.795996904373169,1.2412116527557373,1,86,1,86,0.3524590163934426,2.0,86,0.0,0,0.0,0,0.0,0,0.0,0,5
SH,GM,73,2758,315,315,31.5,0.4103609025478363,0.5036066174507141,9.975576400756836,10.963746070861816,0.8524832725524902,0,-1,1,315,1.0,2.0,315,0.05671588331460953,0,0.0,0,0.0,0,0.24838000535964966,1,6
SH,GM,73,2759,215,215,21.5,0.1823895275592804,0.21248695254325867,4.459257125854492,5.670710563659668,0.539405345916748,0,-1,0,0,0.0,2.0,215,3.0718071460723877,0,0.0,0,0.0,0,14.896307945251465,1,6
SH,GM,73,2760,182,182,18.2,0.2860771417617798,0.35649174451828003,11.879853248596191,13.89340591430664,1.2389098405838013,0,-1,1,101,0.554945054945055,2.0,182,1.17709219455719,0,0.0,0,0.0,0,13.605938911437988,1,6
SH,GM,73,2761,263,263,26.3,0.29779621958732605,0.3765275478363037,5.855672359466553,7.108091831207275,0.5812263488769531,0,-1,0,0,0.0,2.0,263,3.4350240230560303,0,0.0,0,0.0,0,4.704410076141357,1,6
SH,GM,73,2762,177,177,17.7,0.5071670413017273,0.6333599090576172,1.5202778577804565,2.0282652378082275,0.7179204225540161,0,-1,0,0,0.0,2.0,177,2.4633357524871826,0,0.0,0,0.0,0,21.099123001098633,1,6
SH,GM,73,2763,694,694,69.4,0.17574018239974976,0.22673460841178894,2.975369930267334,3.6695282459259033,0.4633367657661438,0,-1,1,162,0.2334293948126801,2.0,694,1.208551287651062,0,0.0,0,0.0,0,5.829871654510498,0,5
SH,GM,73,2764,240,240,24.0,0.30518242716789246,0.3727943003177643,2.3418362140655518,2.88427734375,0.3409562110900879,0,-1,1,240,1.0,2.0,240,1.0245457887649536,0,0.0,0,0.0,0,0.4197130501270294,2,7
SH,GM,73,2765,1386,1386,138.6,0.2811756134033203,0.3794417083263397,8.916659355163574,10.114927291870117,0.652407705783844,0,-1,0,0,0.0,2.0,1386,4.123637676239014,0,0.0,0,0.0,0,4.121941089630127,2,7
SH,GM,73,2766,138,138,13.8,0.5006864666938782,0.596247136592865,1.3024011850357056,2.0623440742492676,0.48758968710899353,0,-1,1,138,1.0,2.0,138,1.2845522165298462,0,0.0,0,0.0,0,2.2031219005584717,2,7
SH,GM,73,2767,2123,2123,212.3,0.2757626175880432,0.35624784231185913,2.4989430904388428,3.1474568843841553,0.41950705647468567,0,-1,1,756,0.3560998586905323,2.0,2123,1.700344204902649,0,0.0,0,0.0,0,2.5484299659729004,1,6
SH,GM,73,2768,138,138,13.8,0.24693727493286133,0.30297642946243286,1.7027335166931152,2.1557884216308594,0.2880173921585083,0,-1,1,137,0.9927536231884058,2.0,138,1.021248698234558,0,0.0,0,0.0,0,0.3415553569793701,0,5
SH,GM,73,2769,235,235,23.5,0.34822866320610046,0.43060001730918884,1.6054315567016602,1.9994428157806396,0.3564133644104004,0,-1,0,0,0.0,2.0,235,2.394686222076416,0,0.0,0,0.0,0,2.394979953765869,2,7
SH,GM,73,2770,358,358,35.800000000000004,0.25085917115211487,0.30315959453582764,1.780659794807434,2.2699923515319824,0.4804222583770752,0,-1,1,73,0.20391061452513967,2.0,358,1.2017310857772827,0,0.0,0,0.0,0,8.266363143920898,2,7
SH,GM,73,2771,646,646,64.60000000000001,0.33072707056999207,0.4447976350784302,10.168717384338379,10.857603073120117,1.2142524719238281,1,560,1,537,0.8312693498452013,2.0,560,0.0,0,0.0,0,0.0,0,0.0,0,5
SH,GM,73,2772,171,171,17.1,0.1674499809741974,0.2018628865480423,3.6944022178649902,4.8018903732299805,0.6220731735229492,0,-1,1,171,1.0,2.0,171,1.4135726690292358,0,0.0,0,0.0,0,19.246904373168945,2,7
SH,GM,73,2773,243,243,24.3,0.523777961730957,0.6475436687469482,3.2785720825195312,4.265753269195557,1.0011342763900757,0,-1,0,0,0.0,2.0,243,2.434678316116333,0,0.0,0,0.0,0,1.9771615266799927,2,7
SH,GM,73,2774,513,513,51.300000000000004,0.14589515328407288,0.1804075390100479,3.004303455352783,3.9054012298583984,0.45740145444869995,0,-1,1,284,0.5536062378167641,2.0,513,1.5491366386413574,0,0.0,0,0.0,0,16.97779083251953,0,5
SH,GM,73,2775,216,216,21.6,0.41245728731155396,0.478329062461853,7.774264812469482,9.420315742492676,1.2115552425384521,0,-1,0,0,0.0,2.0,216,2.60809326171875,0,0.0,0,0.0,0,4.701436519622803,0,5
SH,GM,73,2776,133,133,13.3,0.36175739765167236,0.4236873686313629,5.023268222808838,5.74370002746582,1.0154739618301392,0,-1,0,0,0.0,2.0,133,2.5550148487091064,0,0.0,0,0.0,0,4.656919956207275,0,5
SH,GM,73,2777,158,158,15.8,0.2710728645324707,0.31944647431373596,9.04347038269043,11.768603324890137,1.7273457050323486,0,-1,0,0,0.0,2.0,158,2.9070632457733154,0,0.0,0,0.0,0,59.75667190551758,1,6
SH,GM,73,2778,323,323,32.300000000000004,0.3734120726585388,0.4465271532535553,7.507742404937744,8.721722602844238,0.6024826765060425,0,-1,0,0,0.0,2.0,323,2.151993989944458,0,0.0,0,0.0,0,5.59529972076416,2,7
SH,GM,73,2779,137,137,13.700000000000001,0.3094537854194641,0.40686407685279846,1.6957910060882568,2.3278558254241943,0.5203703045845032,0,-1,0,0,0.0,2.0,137,9.596994400024414,0,0.0,0,0.0,0,28.061365127563477,2,7
SH,GM,73,2780,142,142,14.200000000000001,0.5259185433387756,0.6454386711120605,0.4593135118484497,0.601219892501831,0.32723110914230347,0,-1,1,7,0.04929577464788732,2.0,142,1.9772367477416992,0,0.0,0,0.0,0,2.1332550048828125,1,6
SH,GM,73,2781,146,146,14.600000000000001,0.2962062656879425,0.36100485920906067,10.370665550231934,12.200369834899902,1.2304669618606567,0,-1,1,101,0.6917808219178082,2.0,146,1.3396273851394653,0,0.0,0,0.0,0,36.811309814453125,0,5
SH,GM,73,2782,216,216,21.6,0.2513260841369629,0.30347928404808044,9.862605094909668,11.965235710144043,0.962884783744812,0,-1,0,0,0.0,2.0,216,2.6899430751800537,0,0.0,0,0.0,0,6.0253400802612305,1,6
SH,GM,73,2783,145,145,14.5,0.3569929599761963,0.45747846364974976,5.119802474975586,5.772449493408203,0.8274549841880798,0,-1,0,0,0.0,2.0,145,2.6890289783477783,0,0.0,0,0.0,0,7.110633373260498,0,5
SH,GM,73,2784,660,660,66.0,0.45791909098625183,0.5925500392913818,5.527373790740967,6.4554924964904785,4.3097147941589355,1,203,1,122,0.18484848484848485,2.0,203,0.0,0,0.0,0,0.0,0,0.0,1,6
SH,GM,73,2785,183,183,18.3,0.16454192996025085,0.21433985233306885,3.5044772624969482,4.233707904815674,0.5340417623519897,0,-1,1,68,0.37158469945355194,2.0,183,1.7343635559082031,0,0.0,0,0.0,0,21.180402755737305,0,5
SH,GM,73,2786,361,361,36.1,0.24244004487991333,0.3040752112865448,4.094212055206299,4.661435127258301,0.7119902968406677,0,-1,1,330,0.9141274238227147,2.0,361,0.5042958855628967,0,0.0,0,0.0,0,4.290793418884277,2,7
SH,GM,73,2787,221,221,22.1,0.21543051302433014,0.2889196574687958,1.3975342512130737,1.6255638599395752,0.4537317752838135,0,-1,1,61,0.27601809954751133,2.0,221,1.4860615730285645,0,0.0,0,0.0,0,16.376005172729492,1,6
SH,GM,73,2788,148,148,14.8,0.4144239127635956,0.4893426299095154,2.7805776596069336,3.1396851539611816,0.5521568655967712,0,-1,0,0,0.0,2.0,148,5.085965156555176,0,0.0,0,0.0,0,47.65693664550781,1,6
SH,GM,73,2789,145,145,14.5,0.21876540780067444,0.2578284740447998,2.816772937774658,4.406163215637207,0.8918513655662537,0,-1,0,0,0.0,2.0,145,2.3724889755249023,0,0.0,0,0.0,0,52.51115798950195,1,6
SH,GM,73,2790,189,189,18.900000000000002,0.325197696685791,0.39917394518852234,0.9369578957557678,1.1331123113632202,0.35045531392097473,0,-1,1,3,0.015873015873015872,2.0,189,1.9356368780136108,0,0.0,0,0.0,0,17.512889862060547,1,6
SH,GM,73,2791,154,154,15.4,0.23248796164989471,0.27322056889533997,3.476308822631836,4.014761924743652,0.4575220048427582,0,-1,1,28,0.18181818181818182,2.0,154,1.8626093864440918,0,0.0,0,0.0,0,18.707643508911133,1,6
SH,GM,73,2792,555,555,55.5,0.17583072185516357,0.24740633368492126,31.012365341186523,34.5521125793457,1.0644731521606445,0,-1,0,0,0.0,2.0,555,3.208690881729126,0,0.0,0,0.0,0,9.877872467041016,2,7
SH,GM,73,2793,236,236,23.6,0.31115543842315674,0.3936656713485718,5.74086856842041,6.809671401977539,0.5919938087463379,0,-1,0,0,0.0,2.0,236,2.0667428970336914,0,0.0,0,0.0,0,2.9234325885772705,2,7
SH,GM,73,2794,137,137,13.700000000000001,0.23647990822792053,0.2862045466899872,5.060988903045654,7.716066837310791,1.381546974182129,0,-1,0,0,0.0,2.0,137,2.0205187797546387,0,0.0,0,0.0,0,41.97330093383789,0,5
SH,GM,73,2795,285,285,28.5,0.29105257987976074,0.3931536078453064,2.8860561847686768,3.7258543968200684,0.624372124671936,0,-1,0,0,0.0,2.0,285,2.2641100883483887,0,0.0,0,0.0,0,17.85999870300293,0,5
SH,GM,73,2796,549,549,54.900000000000006,0.27065199613571167,0.3630116879940033,1.4953428506851196,2.19385027885437,0.43615415692329407,0,-1,1,386,0.7030965391621129,2.0,549,1.5350686311721802,0,0.0,0,0.0,0,7.1559648513793945,0,5
SH,GM,73,2797,585,585,58.5,0.3094578981399536,0.43355220556259155,1.3640556335449219,1.984583854675293,0.3641500473022461,0,-1,0,0,0.0,2.0,585,2.054514169692993,0,0.0,0,0.0,0,1.5920612812042236,0,5
SH,GM,73,2798,293,293,29.3,0.20933225750923157,0.2658373713493347,4.964162349700928,6.47863245010376,0.6092110872268677,0,-1,1,69,0.2354948805460751,2.0,293,1.520646095275879,0,0.0,0,0.0,0,22.12324333190918,0,5
SH,GM,73,2799,426,426,42.6,0.2906102240085602,0.3623463809490204,2.1410109996795654,2.705167293548584,0.45405399799346924,0,-1,1,426,1.0,2.0,426,0.5565477013587952,0,0.0,0,0.0,0,5.689239025115967,0,5
SH,GM,73,2800,422,422,42.2,0.210615873336792,0.29807907342910767,11.510488510131836,13.885180473327637,1.0676002502441406,0,-1,1,32,0.07582938388625593,2.0,422,1.5116193294525146,0,0.0,0,0.0,0,25.886716842651367,2,7
SH,GM,73,2801,911,911,91.10000000000001,0.25557568669319153,0.3237670361995697,3.551457405090332,3.940711498260498,0.325004905462265,0,-1,1,911,1.0,2.0,911,0.22649428248405457,0,0.0,0,0.0,0,0.8579823970794678,2,7
SH,GM,73,2802,241,241,24.1,0.40653809905052185,0.5473472476005554,7.1670708656311035,8.438159942626953,1.6023828983306885,0,-1,1,164,0.6804979253112033,2.0,241,0.27866917848587036,0,0.0,0,0.0,0,1.94460928440094,2,7
SH,GM,73,2803,364,364,36.4,0.1579645425081253,0.19175443053245544,8.130643844604492,9.996602058410645,0.5614583492279053,0,-1,0,0,0.0,2.0,364,3.9605133533477783,0,0.0,0,0.0,0,9.469330787658691,2,7
SH,GM,73,2804,144,144,14.4,0.10041279345750809,0.15568912029266357,3.4912478923797607,4.287759304046631,0.2954307198524475,0,-1,0,0,0.0,2.0,144,10.988468170166016,0,0.0,0,0.0,0,13.07912540435791,1,6
SH,GM,73,2805,223,223,22.3,0.4351784884929657,0.5581060647964478,10.090226173400879,11.966910362243652,1.025947093963623,0,-1,0,0,0.0,2.0,223,3.4687657356262207,0,0.0,0,0.0,0,21.144323348999023,0,5
SH,GM,73,2806,131,131,13.100000000000001,0.2222699671983719,0.2729852795600891,5.060465335845947,6.201465129852295,0.8637720942497253,0,-1,0,0,0.0,2.0,131,2.4013805389404297,0,0.0,0,0.0,0,6.024919509887695,0,5
SH,GM,73,2807,269,269,26.900000000000002,0.19203315675258636,0.24516259133815765,0.768151044845581,0.9713173508644104,0.22133442759513855,0,-1,1,164,0.6096654275092936,2.0,269,1.243722915649414,0,0.0,0,0.0,0,8.69314193725586,2,7
SH,GM,73,2808,212,212,21.200000000000003,0.19582708179950714,0.2648802399635315,1.1548070907592773,1.5077307224273682,0.22889353334903717,0,-1,1,156,0.7358490566037735,2.0,212,1.583840012550354,0,0.0,0,0.0,0,3.121417284011841,0,5
SH,GM,73,2809,157,157,15.700000000000001,0.30034592747688293,0.3802976608276367,9.418082237243652,11.174808502197266,1.4536298513412476,0,-1,0,0,0.0,2.0,157,4.090251445770264,0,0.0,0,0.0,0,7.1588239669799805,2,7
SH,GM,73,2810,194,194,19.400000000000002,0.45967841148376465,0.5806001424789429,0.8619564175605774,1.0006144046783447,0.29537439346313477,0,-1,1,166,0.8556701030927835,2.0,194,1.345896601676941,0,0.0,0,0.0,0,0.8949360251426697,1,6
SH,GM,73,2811,667,667,66.7,0.4339866042137146,0.5437051057815552,7.27946138381958,9.25525951385498,0.8429156541824341,1,655,1,409,0.6131934032983508,2.0,655,0.0,0,0.0,0,0.0,0,0.0,2,7
SH,GM,73,2812,167,167,16.7,0.2601882517337799,0.33909523487091064,1.483980417251587,1.9961061477661133,0.5606099367141724,0,-1,0,0,0.0,2.0,167,2.457587718963623,0,0.0,0,0.0,0,5.704037189483643,1,6
SH,GM,73,2813,557,557,55.7,0.32880112528800964,0.44510921835899353,46.9033317565918,54.3134651184082,2.5285613536834717,0,-1,0,0,0.0,2.0,557,3.6314218044281006,0,0.0,0,0.0,0,10.421916961669922,0,5
SH,GM,73,2814,168,168,16.8,0.4457743167877197,0.4941922724246979,15.075669288635254,18.12257957458496,1.755287766456604,0,-1,0,0,0.0,2.0,168,3.756073474884033,0,0.0,0,0.0,0,39.45600509643555,2,7
SH,GM,73,2815,132,132,13.200000000000001,0.4041748046875,0.46281713247299194,1.8673765659332275,2.2324447631835938,0.7265435457229614,0,-1,0,0,0.0,2.0,132,4.010058403015137,0,0.0,0,0.0,0,3.911184072494507,0,5
SH,GM,73,2816,415,415,41.5,0.2746575176715851,0.3516963720321655,9.526182174682617,10.478880882263184,1.2131049633026123,1,257,1,218,0.5253012048192771,2.0,257,0.0,0,0.0,0,0.0,0,0.0,1,6
SH,GM,73,2817,171,171,17.1,0.17968426644802094,0.21825818717479706,2.845634937286377,3.6617908477783203,0.2630337178707123,0,-1,0,0,0.0,2.0,171,6.850839138031006,0,0.0,0,0.0,0,8.736623764038086,0,5
SH,GM,73,2818,307,307,30.700000000000003,0.28615573048591614,0.43475446105003357,2.5407745838165283,4.116518974304199,0.9121226668357849,0,-1,1,307,1.0,2.0,307,1.0818239450454712,0,0.0,0,0.0,0,14.86484146118164,2,7
SH,GM,73,2819,250,250,25.0,0.2823445796966553,0.36309412121772766,1.0897060632705688,1.4170461893081665,0.398093044757843,0,-1,1,250,1.0,2.0,250,1.0854119062423706,0,0.0,0,0.0,0,0.8248470425605774,2,7
SH,GM,73,2820,339,339,33.9,0.17934489250183105,0.23800191283226013,9.059103965759277,10.216763496398926,0.7121178507804871,0,-1,1,339,1.0,2.0,339,0.9844125509262085,0,0.0,0,0.0,0,12.187615394592285,1,6
SH,GM,73,2821,440,440,44.0,0.40487369894981384,0.4931396245956421,3.6192898750305176,3.7897093296051025,0.3566100001335144,0,-1,1,409,0.9295454545454546,2.0,440,0.912652850151062,0,0.0,0,0.0,0,0.8784798383712769,1,6
SH,GM,73,2822,174,174,17.400000000000002,0.6317673921585083,0.7901767492294312,8.067726135253906,9.921357154846191,0.9506004452705383,0,-1,0,0,0.0,2.0,174,2.3711981773376465,0,0.0,0,0.0,0,8.591985702514648,1,6
SH,GM,73,2823,432,432,43.2,0.2396101951599121,0.30189353227615356,9.14792251586914,10.789809226989746,0.9726427793502808,0,-1,0,0,0.0,2.0,432,2.7783010005950928,0,0.0,0,0.0,0,40.97410583496094,1,6
SH,GM,73,2824,209,209,20.900000000000002,0.21592137217521667,0.273255318403244,6.711277484893799,8.232385635375977,0.8606107234954834,0,-1,0,0,0.0,2.0,209,2.108123302459717,0,0.0,0,0.0,0,34.25636672973633,0,5
SH,GM,73,2825,335,335,33.5,0.36491382122039795,0.5223384499549866,6.869184494018555,7.784140586853027,2.378159999847412,1,183,1,183,0.5462686567164179,2.0,183,0.0,0,0.0,0,0.0,0,0.0,1,6
SH,GM,73,2826,304,304,30.400000000000002,0.23226946592330933,0.3112907111644745,5.915103435516357,7.824626922607422,0.6509276032447815,0,-1,1,101,0.33223684210526316,2.0,304,1.5363346338272095,0,0.0,0,0.0,0,10.393284797668457,1,6
SH,GM,73,2827,151,151,15.100000000000001,0.11404847353696823,0.13754814863204956,2.589810848236084,3.114246368408203,0.4044351577758789,0,-1,1,28,0.18543046357615894,2.0,151,1.6860790252685547,0,0.0,0,0.0,0,22.814571380615234,1,6
SH,GM,73,2828,178,178,17.8,0.34721171855926514,0.44169512391090393,3.8065357208251953,4.379597187042236,1.1884928941726685,0,-1,1,178,1.0,2.0,178,0.5497022271156311,0,0.0,0,0.0,0,7.275613784790039,2,7
SH,GM,73,2829,1687,1687,168.70000000000002,0.25412699580192566,0.3523859977722168,52.3741340637207,55.90208435058594,0.9256736636161804,0,-1,0,0,0.0,2.0,1687,8.528081893920898,0,0.0,0,0.0,0,14.106046676635742,0,5
SH,GM,73,2830,176,176,17.6,0.306079238653183,0.4641403555870056,2.2570292949676514,2.569148540496826,0.3218366801738739,0,-1,1,176,1.0,2.0,176,0.5883128046989441,0,0.0,0,0.0,0,5.906985759735107,1,6
SH,GM,73,2831,152,152,15.200000000000001,0.2450612187385559,0.33849865198135376,6.10191011428833,7.152520656585693,0.8283071517944336,0,-1,1,39,0.2565789473684211,2.0,152,1.3675942420959473,0,0.0,0,0.0,0,11.850823402404785,2,7
SH,GM,73,2832,188,188,18.8,0.4138637185096741,0.5308363437652588,2.1454358100891113,2.4455716609954834,0.5792707204818726,0,-1,1,5,0.026595744680851064,2.0,188,1.9883216619491577,0,0.0,0,0.0,0,2.6404192447662354,0,5
SH,GM,73,2833,183,183,18.3,0.4037325978279114,0.5157179832458496,4.876313209533691,5.313113212585449,0.5795493125915527,0,-1,1,159,0.8688524590163934,2.0,183,1.397796630859375,0,0.0,0,0.0,0,5.248082637786865,1,6
SH,GM,73,2834,834,834,83.4,0.29134687781333923,0.45703569054603577,26.277931213378906,28.689910888671875,1.0083619356155396,0,-1,0,0,0.0,2.0,834,3.275506019592285,0,0.0,0,0.0,0,8.630859375,2,7
SH,GM,73,2835,158,158,15.8,0.1407247930765152,0.1785595417022705,3.209657669067383,3.736707925796509,0.31283289194107056,0,-1,1,158,1.0,2.0,158,1.4013811349868774,0,0.0,0,0.0,0,12.813812255859375,2,7
SH,GM,73,2836,191,191,19.1,0.2383301556110382,0.28546658158302307,8.122180938720703,9.189867973327637,0.8578676581382751,0,-1,0,0,0.0,2.0,191,2.619835615158081,0,0.0,0,0.0,0,23.862218856811523,1,6
SH,GM,73,2837,928,928,92.80000000000001,0.26805517077445984,0.3327115774154663,32.335296630859375,34.67719650268555,0.9588310122489929,0,-1,0,0,0.0,2.0,928,2.153050422668457,0,0.0,0,0.0,0,23.56385612487793,1,6
SH,GM,73,2838,275,275,27.5,0.37063729763031006,0.5807009339332581,2.2774195671081543,3.300999879837036,0.7984406352043152,0,-1,0,0,0.0,2.0,275,2.1332287788391113,0,0.0,0,0.0,0,2.806077718734741,1,6
SH,GM,73,2839,495,495,49.5,0.28570759296417236,0.36855462193489075,4.304235458374023,5.0474443435668945,0.48415976762771606,0,-1,0,0,0.0,2.0,495,2.8193297386169434,0,0.0,0,0.0,0,2.3649258613586426,2,7
SH,GM,73,2840,260,260,26.0,0.24334421753883362,0.288831889629364,10.427450180053711,12.208827018737793,0.9971228837966919,0,-1,1,6,0.023076923076923078,2.0,260,1.8015754222869873,0,0.0,0,0.0,0,11.577921867370605,1,6
SH,GM,73,2841,175,175,17.5,0.7779620289802551,0.9000591039657593,25.292306900024414,29.407167434692383,2.672995090484619,0,-1,0,0,0.0,2.0,175,8.062936782836914,0,0.0,0,0.0,0,41.21343994140625,2,7
SH,GM,73,2842,646,646,64.60000000000001,0.2005985528230667,0.252349853515625,9.639572143554688,11.685165405273438,0.4617749750614166,0,-1,1,646,1.0,2.0,646,0.809847354888916,0,0.0,0,0.0,0,12.728071212768555,1,6
SH,GM,73,2843,188,188,18.8,0.31767648458480835,0.40286141633987427,2.4201624393463135,2.713192939758301,0.5487655997276306,0,-1,1,81,0.4308510638297872,2.0,188,0.41970300674438477,0,0.0,0,0.0,0,0.8985615372657776,1,6
SH,GM,73,2844,155,155,15.5,0.39811691641807556,0.5514359474182129,4.48526668548584,5.431059837341309,0.8466258645057678,0,-1,1,43,0.27741935483870966,2.0,155,1.1136932373046875,0,0.0,0,0.0,0,0.40286725759506226,1,6
SH,GM,73,2845,153,153,15.3,0.2377975583076477,0.2883111238479614,13.24431324005127,16.969280242919922,2.2984871864318848,0,-1,0,0,0.0,2.0,153,3.4770052433013916,0,0.0,0,0.0,0,62.92599868774414,2,7
SH,GM,73,2846,148,148,14.8,0.34421488642692566,0.4059576392173767,4.303464889526367,4.6793646812438965,0.6253786087036133,0,-1,1,148,1.0,2.0,148,0.9749104976654053,0,0.0,0,0.0,0,14.537243843078613,2,7
SH,GM,73,2847,193,193,19.3,0.2230280190706253,0.27754130959510803,2.9810354709625244,3.3531839847564697,0.2552052438259125,0,-1,1,193,1.0,2.0,193,0.9940568804740906,0,0.0,0,0.0,0,12.541112899780273,0,5
SH,GM,73,2848,165,165,16.5,0.4372866451740265,0.5187426805496216,4.605278491973877,5.6111369132995605,0.9195100665092468,0,-1,0,0,0.0,2.0,165,2.3768200874328613,0,0.0,0,0.0,0,1.790082573890686,2,7
SH,GM,73,2849,137,137,13.700000000000001,0.2572539448738098,0.27724847197532654,7.9360246658325195,10.731956481933594,1.7098615169525146,0,-1,1,48,0.35036496350364965,2.0,137,1.9690070152282715,0,0.0,0,0.0,0,47.82418441772461,1,6
SH,GM,73,2850,141,141,14.100000000000001,0.19754695892333984,0.21815690398216248,4.866814136505127,5.9286651611328125,0.8299381732940674,0,-1,1,141,1.0,2.0,141,1.7576628923416138,0,0.0,0,0.0,0,41.87431716918945,0,5
SH,GM,73,2851,1015,1015,101.5,0.455872505903244,0.5733020901679993,27.670202255249023,32.003173828125,1.917348861694336,0,-1,0,0,0.0,2.0,1015,2.4063971042633057,0,0.0,0,0.0,0,5.0275492668151855,0,5
SH,GM,73,2852,161,161,16.1,0.18297140300273895,0.22767986357212067,0.5632336735725403,0.779395341873169,0.3268910348415375,0,-1,1,161,1.0,2.0,161,1.544011116027832,0,0.0,0,0.0,0,29.948705673217773,1,6
SH,GM,73,2853,319,319,31.900000000000002,0.428539514541626,0.5356436967849731,14.856417655944824,16.10504913330078,0.957617998123169,0,-1,0,0,0.0,2.0,319,2.378343105316162,0,0.0,0,0.0,0,7.341278553009033,0,5
SH,GM,73,2854,482,482,48.2,0.2798997759819031,0.3936472535133362,6.192506313323975,6.896353721618652,0.6582502722740173,1,381,1,381,0.7904564315352697,2.0,381,0.0,0,0.0,0,0.0,0,0.0,0,5
SH,GM,73,2855,464,464,46.400000000000006,0.36008453369140625,0.47922569513320923,16.51926040649414,18.768369674682617,0.8701062798500061,0,-1,1,464,1.0,2.0,464,0.17181500792503357,0,0.0,0,0.0,0,2.2599053382873535,0,5
SH,GM,73,2856,206,206,20.6,0.15308064222335815,0.20783694088459015,10.415743827819824,12.806962013244629,1.1673481464385986,0,-1,0,0,0.0,2.0,206,3.2954649925231934,0,0.0,0,0.0,0,66.74243927001953,1,6
SH,GM,73,2857,151,151,15.100000000000001,0.8756062984466553,1.3824563026428223,3.03242826461792,5.75649356842041,1.756331443786621,0,-1,0,0,0.0,2.0,151,2.122612237930298,0,0.0,0,0.0,0,17.210195541381836,2,7
SH,GM,73,2858,504,504,50.400000000000006,0.4848982095718384,0.633573055267334,6.232000827789307,7.075921058654785,1.0246288776397705,0,-1,0,0,0.0,2.0,504,4.049782752990723,0,0.0,0,0.0,0,12.168083190917969,0,5
SH,GM,73,2859,830,830,83.0,0.2345694601535797,0.2932266294956207,3.5107548236846924,4.120246887207031,0.5183675289154053,0,-1,1,505,0.608433734939759,2.0,830,0.9716349244117737,0,0.0,0,0.0,0,0.3282412886619568,0,5
SH,GM,73,2860,212,212,21.200000000000003,0.18362224102020264,0.23839229345321655,2.3727242946624756,2.9691123962402344,0.515640139579773,0,-1,1,212,1.0,2.0,212,0.6131119728088379,0,0.0,0,0.0,0,9.434310913085938,1,6
SH,GM,73,2861,153,153,15.3,0.12676183879375458,0.16051959991455078,1.7876676321029663,1.9412270784378052,0.24472439289093018,0,-1,1,153,1.0,2.0,153,0.367331862449646,0,0.0,0,0.0,0,6.2435526847839355,0,5
SH,GM,73,2862,457,457,45.7,0.3794493079185486,0.51233971118927,9.506447792053223,11.222333908081055,0.9510621428489685,0,-1,0,0,0.0,2.0,457,2.161256790161133,0,0.0,0,0.0,0,6.597586154937744,1,6
SH,GM,73,2863,262,262,26.200000000000003,0.2101210057735443,0.256823867559433,26.287734985351562,34.91386413574219,2.7316884994506836,0,-1,0,0,0.0,2.0,262,6.425520896911621,0,0.0,0,0.0,0,16.99314308166504,2,7
SH,GM,73,2864,379,379,37.9,0.4507051706314087,0.5827714800834656,36.93344497680664,42.318050384521484,2.9385905265808105,0,-1,0,0,0.0,2.0,379,3.6263186931610107,0,0.0,0,0.0,0,8.019623756408691,1,6
SH,GM,73,2865,285,285,28.5,0.19748708605766296,0.26956745982170105,2.746133804321289,3.27724027633667,0.24602331221103668,0,-1,1,19,0.06666666666666667,2.0,285,1.7090452909469604,0,0.0,0,0.0,0,7.282576560974121,1,6
SH,GM,73,2866,220,220,22.0,0.19659480452537537,0.22895006835460663,3.7303459644317627,4.9328155517578125,0.5132656693458557,0,-1,1,220,1.0,2.0,220,1.3654698133468628,0,0.0,0,0.0,0,21.901037216186523,0,5
SH,GM,73,2867,301,301,30.1,0.32418620586395264,0.4066093862056732,2.647439956665039,3.0381929874420166,0.5056650042533875,0,-1,1,224,0.7441860465116279,2.0,301,1.053669810295105,0,0.0,0,0.0,0,7.461084365844727,2,7
SH,GM,73,2868,140,140,14.0,0.45834481716156006,0.5449081659317017,2.3430354595184326,2.9009461402893066,0.7876527905464172,0,-1,0,0,0.0,2.0,140,5.6177897453308105,0,0.0,0,0.0,0,8.19134521484375,0,5
SH,GM,73,2869,410,410,41.0,0.3201684355735779,0.4183279573917389,19.8481502532959,21.517536163330078,1.277847409248352,0,-1,1,410,1.0,2.0,410,0.33265459537506104,0,0.0,0,0.0,0,5.184967041015625,0,5
SH,GM,73,2870,140,140,14.0,0.32231974601745605,0.4100441336631775,2.296825647354126,2.7180280685424805,0.7992603182792664,0,-1,1,39,0.2785714285714286,2.0,140,1.800534963607788,0,0.0,0,0.0,0,16.609878540039062,1,6
SH,GM,73,2871,239,239,23.900000000000002,0.2729828357696533,0.4102892577648163,0.965034544467926,1.6244252920150757,0.38148123025894165,0,-1,0,0,0.0,2.0,239,2.033017635345459,0,0.0,0,0.0,0,1.5367467403411865,0,5
SH,GM,73,2872,191,191,19.1,0.3072192668914795,0.39473989605903625,7.387037754058838,8.868494987487793,0.9611250162124634,0,-1,0,0,0.0,2.0,191,2.2835469245910645,0,0.0,0,0.0,0,4.288600444793701,2,7
SH,GM,73,2873,136,136,13.600000000000001,0.15461251139640808,0.18305735290050507,3.2320210933685303,4.072554588317871,0.6574664115905762,0,-1,1,136,1.0,2.0,136,1.4547364711761475,0,0.0,0,0.0,0,16.909881591796875,1,6
SH,GM,73,2874,136,136,13.600000000000001,0.16854089498519897,0.21726973354816437,0.8864119052886963,1.0390204191207886,0.27678123116493225,0,-1,0,0,0.0,2.0,136,2.179630756378174,0,0.0,0,0.0,0,7.07198429107666,2,7
SH,GM,73,2875,989,989,98.9,0.3840177655220032,0.5882778763771057,5.7705512046813965,7.697541236877441,0.9074486494064331,0,-1,1,769,0.7775530839231547,2.0,989,1.0914866924285889,0,0.0,0,0.0,0,1.593957781791687,2,7
SH,GM,73,2876,594,594,59.400000000000006,0.17023985087871552,0.21273039281368256,12.691272735595703,14.834178924560547,0.5477015376091003,0,-1,1,594,1.0,2.0,594,1.0657566785812378,0,0.0,0,0.0,0,20.1967830657959,0,5
SH,GM,73,2877,144,144,14.4,0.46706947684288025,0.5825997591018677,7.961400508880615,9.02348518371582,0.8921663761138916,0,-1,1,144,1.0,2.0,144,0.3997032642364502,0,0.0,0,0.0,0,1.8055700063705444,2,7
SH,GM,73,2878,142,142,14.200000000000001,0.30136871337890625,0.3472956120967865,1.0655549764633179,1.244545340538025,0.4398059546947479,0,-1,1,142,1.0,2.0,142,1.129478931427002,0,0.0,0,0.0,0,6.930368900299072,2,7
SH,GM,73,2879,166,166,16.6,0.4197351932525635,0.5409883260726929,0.9286778569221497,1.2034474611282349,0.35813501477241516,0,-1,1,166,1.0,2.0,166,0.551760733127594,0,0.0,0,0.0,0,0.23853103816509247,1,6
SH,GM,73,2880,384,384,38.400000000000006,0.46763876080513,0.6686270833015442,29.903234481811523,34.071998596191406,2.587683916091919,0,-1,1,27,0.0703125,2.0,384,0.5121824741363525,0,0.0,0,0.0,0,2.4664864540100098,2,7
SH,GM,73,2881,1012,1012,101.2,0.2561303675174713,0.338620126247406,2.0389392375946045,3.4277007579803467,0.424176424741745,0,-1,1,893,0.8824110671936759,2.0,1012,1.3188341856002808,0,0.0,0,0.0,0,1.0422594547271729,2,7
SH,GM,73,2882,627,627,62.7,0.3111301064491272,0.43939802050590515,24.28310775756836,29.324548721313477,1.6095668077468872,0,-1,1,110,0.17543859649122806,2.0,627,1.557674527168274,0,0.0,0,0.0,0,3.7979302406311035,2,7
SH,GM,73,2883,409,409,40.900000000000006,0.2920253574848175,0.38905125856399536,3.238359212875366,3.7171452045440674,0.3548773527145386,0,-1,1,409,1.0,2.0,409,0.5044863224029541,0,0.0,0,0.0,0,1.1680082082748413,2,7
SH,GM,73,2884,190,190,19.0,0.5736714601516724,0.6896483898162842,3.985734462738037,4.786720275878906,1.2060807943344116,1,175,1,60,0.3157894736842105,2.0,175,0.0,0,0.0,0,0.0,0,0.0,0,5
SH,GM,73,2885,391,391,39.1,0.21743924915790558,0.33240243792533875,13.956608772277832,16.79352569580078,0.8569384217262268,0,-1,0,0,0.0,2.0,391,2.685209035873413,0,0.0,0,0.0,0,3.3672878742218018,1,6
SH,GM,73,2886,163,163,16.3,0.5429656505584717,0.669752836227417,6.8391923904418945,8.327195167541504,0.9987638592720032,0,-1,1,163,1.0,2.0,163,0.73188716173172,0,0.0,0,0.0,0,2.271270275115967,1,6
SH,GM,73,2887,709,709,70.9,0.20800170302391052,0.26711195707321167,4.483696460723877,6.3650383949279785,0.5725825428962708,0,-1,1,490,0.691114245416079,2.0,709,1.0414336919784546,0,0.0,0,0.0,0,18.326974868774414,1,6
SH,GM,73,2888,561,561,56.1,0.26403796672821045,0.33033815026283264,12.754295349121094,14.325201988220215,0.6068829894065857,0,-1,1,462,0.8235294117647058,2.0,561,1.1514618396759033,0,0.0,0,0.0,0,11.232172012329102,1,6
SH,GM,73,2889,131,131,13.100000000000001,0.14454953372478485,0.2041592001914978,1.5257030725479126,1.6688050031661987,0.2847263514995575,0,-1,0,0,0.0,2.0,131,5.492068290710449,0,0.0,0,0.0,0,9.67734146118164,1,6
SH,GM,73,2890,190,190,19.0,0.3862779438495636,0.5058367848396301,9.80774974822998,11.096840858459473,1.3409725427627563,0,-1,0,0,0.0,2.0,190,2.3427600860595703,0,0.0,0,0.0,0,21.925800323486328,1,6
SH,GM,73,2891,2053,2053,205.3,0.2994590103626251,0.3968435227870941,10.01524543762207,14.37939453125,0.6466556787490845,0,-1,0,0,0.0,2.0,2053,2.522732734680176,0,0.0,0,0.0,0,2.5850906372070312,1,6
SH,GM,73,2892,163,163,16.3,0.33921298384666443,0.5554720759391785,1.2283284664154053,1.4819968938827515,0.4835388660430908,0,-1,1,156,0.9570552147239264,2.0,163,1.2938481569290161,0,0.0,0,0.0,0,4.490484714508057,2,7
SH,GM,73,2893,231,231,23.1,0.17922227084636688,0.22967304289340973,9.730579376220703,11.518097877502441,0.7565603256225586,0,-1,0,0,0.0,2.0,231,2.2294423580169678,0,0.0,0,0.0,0,34.754295349121094,0,5
SH,GM,73,2894,254,254,25.400000000000002,0.4463999271392822,0.6366587281227112,4.434017181396484,5.0527024269104,0.8737273216247559,0,-1,1,254,1.0,2.0,254,0.4453653395175934,0,0.0,0,0.0,0,8.807366371154785,1,6
SH,GM,73,2895,166,166,16.6,0.42713233828544617,0.5423812866210938,7.607371807098389,11.825196266174316,1.9403266906738281,0,-1,0,0,0.0,2.0,166,4.439960956573486,0,0.0,0,0.0,0,45.46780776977539,2,7
SH,GM,73,2896,229,229,22.900000000000002,0.5639229416847229,0.735106885433197,6.796761989593506,8.577177047729492,1.544741153717041,1,159,1,159,0.6943231441048034,2.0,159,0.0,0,0.0,0,0.0,0,0.0,2,7
SH,GM,73,2897,173,173,17.3,0.3292478919029236,0.4238502085208893,7.963729381561279,9.031283378601074,1.071319580078125,0,-1,1,3,0.017341040462427744,2.0,173,1.9496357440948486,0,0.0,0,0.0,0,14.459552764892578,2,7
SH,GM,73,2898,587,587,58.7,0.17008377611637115,0.2231595814228058,31.96192169189453,43.99220275878906,1.7969624996185303,0,-1,1,587,1.0,2.0,587,0.5701099038124084,0,0.0,0,0.0,0,19.191429138183594,2,7
SH,GM,73,2899,423,423,42.300000000000004,0.2870967388153076,0.3582306206226349,28.711196899414062,31.57486343383789,1.721326470375061,0,-1,0,0,0.0,2.0,423,4.978946208953857,0,0.0,0,0.0,0,31.821971893310547,0,5
SH,GM,73,2900,368,368,36.800000000000004,0.21998310089111328,0.31242698431015015,4.068584442138672,5.27445125579834,0.39660778641700745,0,-1,1,368,1.0,2.0,368,0.6003205180168152,0,0.0,0,0.0,0,11.60383129119873,2,7
SH,GM,73,2901,147,147,14.700000000000001,0.14071188867092133,0.16488052904605865,6.107019901275635,7.720181465148926,1.098468542098999,0,-1,0,0,0.0,2.0,147,2.7691545486450195,0,0.0,0,0.0,0,43.86870193481445,2,7
SH,GM,73,2902,358,358,35.800000000000004,0.1318310797214508,0.16054394841194153,4.970319747924805,6.171473503112793,0.5391454696655273,0,-1,1,358,1.0,2.0,358,0.9542773962020874,0,0.0,0,0.0,0,19.097164154052734,0,5
SH,GM,73,2903,331,331,33.1,0.30217766761779785,0.38729462027549744,2.160207986831665,2.3714566230773926,0.4682011306285858,0,-1,0,0,0.0,2.0,331,4.49953031539917,0,0.0,0,0.0,0,7.72150993347168,0,5
SH,GM,73,2904,373,373,37.300000000000004,0.21424150466918945,0.28615331649780273,2.081878185272217,2.221641778945923,0.24798236787319183,0,-1,1,373,1.0,2.0,373,1.0939714908599854,0,0.0,0,0.0,0,0.6659537553787231,1,6
SH,GM,73,2905,190,190,19.0,0.2022179663181305,0.25205734372138977,15.666030883789062,19.76590919494629,2.0910661220550537,0,-1,1,19,0.1,2.0,190,1.7280699014663696,0,0.0,0,0.0,0,39.018978118896484,2,7
SH,GM,73,2906,411,411,41.1,0.20019234716892242,0.3155103027820587,5.325855731964111,5.674489974975586,0.4555026888847351,0,-1,0,0,0.0,2.0,411,3.8826229572296143,0,0.0,0,0.0,0,6.03090238571167,1,6
SH,GM,73,2907,163,163,16.3,0.4965711236000061,0.5800989866256714,9.128082275390625,10.577771186828613,1.4046117067337036,0,-1,0,0,0.0,2.0,163,5.803080081939697,0,0.0,0,0.0,0,10.83008861541748,0,5
SH,GM,73,2908,221,221,22.1,0.30760884284973145,0.3823683261871338,5.893383026123047,6.7372965812683105,0.6359776854515076,0,-1,1,221,1.0,2.0,221,0.5470371246337891,0,0.0,0,0.0,0,9.438993453979492,2,7
SH,GM,73,2909,237,237,23.700000000000003,0.32386165857315063,0.5072972178459167,0.9957116842269897,1.3106153011322021,0.34973716735839844,1,237,1,94,0.39662447257383965,2.0,237,0.0,0,0.0,0,0.0,0,0.0,0,5
SH,GM,73,2910,156,156,15.600000000000001,0.0969775840640068,0.11390448361635208,0.6988272070884705,0.9445202350616455,0.24403364956378937,0,-1,1,102,0.6538461538461539,2.0,156,1.5474650859832764,0,0.0,0,0.0,0,5.1307477951049805,1,6
SH,GM,73,2911,196,196,19.6,0.1744147539138794,0.20915763080120087,1.4481772184371948,2.3181240558624268,0.41635259985923767,0,-1,1,196,1.0,2.0,196,1.1731966733932495,0,0.0,0,0.0,0,21.545156478881836,0,5
SH,GM,73,2912,140,140,14.0,0.27620381116867065,0.318551242351532,5.5776567459106445,6.661493301391602,0.770792543888092,0,-1,1,114,0.8142857142857143,2.0,140,1.6873124837875366,0,0.0,0,0.0,0,18.399272918701172,2,7
SH,GM,73,2913,140,140,14.0,0.14984287321567535,0.18929420411586761,2.1250290870666504,2.5307159423828125,0.3625470697879791,0,-1,0,0,0.0,2.0,140,3.390601396560669,0,0.0,0,0.0,0,21.129426956176758,0,5
SH,GM,73,2914,354,354,35.4,0.3306817412376404,0.4574486017227173,8.390494346618652,10.089829444885254,0.677524209022522,1,342,1,172,0.4858757062146893,2.0,342,0.0,0,0.0,0,0.0,0,0.0,0,5
SH,GM,73,2915,140,140,14.0,0.6526330709457397,0.7989304661750793,18.564434051513672,22.25418472290039,2.732715606689453,0,-1,0,0,0.0,2.0,140,2.9147591590881348,0,0.0,0,0.0,0,13.932435035705566,1,6
SH,GM,73,2916,340,340,34.0,0.20089593529701233,0.2505953311920166,3.297769069671631,4.379454612731934,0.34171298146247864,0,-1,1,91,0.2676470588235294,2.0,340,1.643531322479248,0,0.0,0,0.0,0,1.4546736478805542,1,6
SH,GM,73,2917,1207,1207,120.7,0.14210650324821472,0.1799352765083313,16.372604370117188,19.126306533813477,0.5480714440345764,0,-1,1,334,0.2767191383595692,2.0,1207,1.258575677871704,0,0.0,0,0.0,0,16.91880989074707,2,7
SH,GM,73,2918,192,192,19.200000000000003,0.6216696500778198,0.6904544830322266,16.347593307495117,18.237253189086914,1.4245914220809937,0,-1,1,71,0.3697916666666667,2.0,192,1.457779884338379,0,0.0,0,0.0,0,15.730388641357422,2,7
SH,GM,73,2919,138,138,13.8,0.33767902851104736,0.4661545157432556,8.217714309692383,9.761677742004395,0.975711464881897,0,-1,1,138,1.0,2.0,138,0.23460957407951355,0,0.0,0,0.0,0,4.626559257507324,1,6
SH,GM,73,2920,401,401,40.1,0.4372134804725647,0.6466299295425415,45.351402282714844,50.5089225769043,2.096856117248535,0,-1,0,0,0.0,2.0,401,5.490139961242676,0,0.0,0,0.0,0,24.665475845336914,1,6
SH,GM,73,2921,163,163,16.3,0.28893470764160156,0.35016465187072754,4.381481170654297,5.017487525939941,0.6635676026344299,0,-1,1,27,0.1656441717791411,2.0,163,1.910610318183899,0,0.0,0,0.0,0,4.128663539886475,1,6
SH,GM,73,2922,233,233,23.3,0.19772708415985107,0.24162788689136505,22.262590408325195,28.8898868560791,2.5897984504699707,0,-1,0,0,0.0,2.0,233,3.7413718700408936,0,0.0,0,0.0,0,9.650945663452148,2,7
SH,GM,73,2923,488,488,48.800000000000004,0.39870643615722656,0.5056524276733398,2.327866792678833,2.7988698482513428,0.5896753668785095,0,-1,1,323,0.6618852459016393,2.0,488,1.1146471500396729,0,0.0,0,0.0,0,0.35165640711784363,1,6
SH,GM,73,2924,284,284,28.400000000000002,0.3030185103416443,0.4364015460014343,3.002516508102417,3.354435682296753,0.3899899125099182,1,251,1,251,0.8838028169014085,2.0,251,0.0,0,0.0,0,0.0,0,0.0,0,5
SH,GM,73,2925,166,166,16.6,0.391325443983078,0.4724009037017822,2.8747105598449707,3.444751024246216,0.8475595712661743,0,-1,1,51,0.3072289156626506,2.0,166,0.7792882919311523,0,0.0,0,0.0,0,0.6672806739807129,0,5
SH,GM,73,2926,136,136,13.600000000000001,0.271952748298645,0.3847465217113495,3.4182629585266113,3.859560012817383,0.5768628716468811,0,-1,1,103,0.7573529411764706,2.0,136,1.055263876914978,0,0.0,0,0.0,0,11.809178352355957,0,5
SH,GM,73,2927,137,137,13.700000000000001,0.3425288498401642,0.5599709749221802,1.8926398754119873,2.805227518081665,0.6495574712753296,0,-1,1,74,0.5401459854014599,2.0,137,1.5724684000015259,0,0.0,0,0.0,0,15.725076675415039,2,7
SH,GM,73,2928,819,819,81.9,0.32182577252388,0.5391296148300171,5.623110771179199,6.595778942108154,0.47352439165115356,0,-1,1,651,0.7948717948717948,2.0,819,0.7208784222602844,0,0.0,0,0.0,0,1.749560832977295,2,7
SH,GM,73,2929,207,207,20.700000000000003,0.09805012494325638,0.1342860460281372,2.055938243865967,2.947319984436035,0.44604945182800293,0,-1,0,0,0.0,2.0,207,2.721205472946167,0,0.0,0,0.0,0,50.97716522216797,1,6
SH,GM,73,2930,274,274,27.400000000000002,0.13142463564872742,0.17168322205543518,14.414532661437988,18.452577590942383,1.390310525894165,0,-1,0,0,0.0,2.0,274,2.2551567554473877,0,0.0,0,0.0,0,5.351192474365234,2,7
SH,GM,73,2931,1751,1751,175.10000000000002,0.27368971705436707,0.35901400446891785,3.331294298171997,3.9782652854919434,0.5476730465888977,0,-1,1,1496,0.8543689320388349,2.0,1751,0.8551623225212097,0,0.0,0,0.0,0,2.467183828353882,0,5
SH,GM,73,2932,146,146,14.600000000000001,0.36331474781036377,0.4969421923160553,4.3527960777282715,4.978104114532471,0.6756461262702942,0,-1,0,0,0.0,2.0,146,3.497852087020874,0,0.0,0,0.0,0,12.317646980285645,1,6
SH,GM,73,2933,231,231,23.1,0.16723047196865082,0.21303553879261017,6.332311630249023,7.381547927856445,0.5880686640739441,0,-1,0,0,0.0,2.0,231,3.684372663497925,0,0.0,0,0.0,0,24.88140296936035,1,6
SH,GM,73,2934,152,152,15.200000000000001,0.3145004212856293,0.4465188682079315,6.021031856536865,7.0298848152160645,0.9638721346855164,0,-1,1,152,1.0,2.0,152,0.46225568652153015,0,0.0,0,0.0,0,3.750276803970337,0,5
SH,GM,73,2935,1074,1074,107.4,0.16287221014499664,0.24667733907699585,5.4492998123168945,6.616369247436523,0.4464462399482727,0,-1,1,531,0.49441340782122906,2.0,1074,1.2169994115829468,0,0.0,0,0.0,0,12.470375061035156,1,6
SH,GM,73,2936,221,221,22.1,0.2500857412815094,0.31710514426231384,2.3010849952697754,2.7829341888427734,0.4875415861606598,0,-1,0,0,0.0,2.0,221,2.765714406967163,0,0.0,0,0.0,0,2.6167802810668945,0,5
SH,GM,73,2937,176,176,17.6,0.3673092722892761,0.4450516402721405,0.29181841015815735,0.39909040927886963,0.26019442081451416,0,-1,1,47,0.26704545454545453,2.0,176,1.734555959701538,0,0.0,0,0.0,0,2.9230923652648926,2,7
SH,GM,73,2938,186,186,18.6,0.3843349814414978,0.4746662676334381,7.11026668548584,8.756308555603027,0.934304416179657,0,-1,1,9,0.04838709677419355,2.0,186,1.9754942655563354,0,0.0,0,0.0,0,6.0234222412109375,0,5
SH,GM,73,2939,136,136,13.600000000000001,0.2753557860851288,0.3707822263240814,1.0820817947387695,1.2226120233535767,0.4398498237133026,0,-1,1,57,0.41911764705882354,2.0,136,1.670254111289978,0,0.0,0,0.0,0,24.95340919494629,1,6
SH,GM,73,2940,140,140,14.0,0.31045931577682495,0.4252309501171112,4.601977348327637,6.841616630554199,1.121588110923767,0,-1,0,0,0.0,2.0,140,5.217594623565674,0,0.0,0,0.0,0,8.892793655395508,2,7
SH,GM,73,2941,276,276,27.6,0.2838021218776703,0.35327643156051636,6.030272483825684,7.152699947357178,0.7562335729598999,0,-1,0,0,0.0,2.0,276,4.875351905822754,0,0.0,0,0.0,0,25.8721981048584,2,7
SH,GM,73,2942,683,683,68.3,0.22230514883995056,0.2770707905292511,10.752899169921875,16.825281143188477,0.986380398273468,0,-1,0,0,0.0,2.0,683,2.6196088790893555,0,0.0,0,0.0,0,8.910996437072754,0,5
SH,GM,73,2943,166,166,16.6,0.5125017166137695,0.666267991065979,2.800544023513794,3.9679617881774902,0.908523678779602,0,-1,0,0,0.0,2.0,166,4.124069690704346,0,0.0,0,0.0,0,5.089210033416748,1,6
SH,GM,73,2944,553,553,55.300000000000004,0.5100572109222412,0.6295998096466064,15.836308479309082,19.102455139160156,5.171719551086426,1,187,1,164,0.2965641952983725,2.0,187,0.0,0,0.0,0,0.0,0,0.0,1,6
SH,GM,73,2945,135,135,13.5,0.23976796865463257,0.2821171283721924,2.58204984664917,3.232847213745117,0.443033903837204,0,-1,0,0,0.0,2.0,135,2.078211545944214,0,0.0,0,0.0,0,4.380552768707275,1,6
SH,GM,73,2946,357,357,35.7,0.25130021572113037,0.3110440969467163,5.8979902267456055,7.388649940490723,0.43355071544647217,0,-1,1,357,1.0,2.0,357,0.4512884318828583,0,0.0,0,0.0,0,7.049027919769287,0,5
SH,GM,73,2947,135,135,13.5,0.24013260006904602,0.316602885723114,3.1359970569610596,4.112525463104248,0.6465043425559998,0,-1,1,135,1.0,2.0,135,1.4972639083862305,0,0.0,0,0.0,0,19.47235679626465,2,7
SH,GM,73,2948,293,293,29.3,0.2106015533208847,0.29411056637763977,19.588050842285156,22.77642250061035,1.2375290393829346,0,-1,1,171,0.5836177474402731,2.0,293,1.1290076971054077,0,0.0,0,0.0,0,28.77260971069336,1,6
SH,GM,73,2949,312,312,31.200000000000003,0.44762229919433594,0.5649299621582031,5.735508918762207,7.369655609130859,1.245972752571106,0,-1,1,173,0.5544871794871795,2.0,312,1.2216910123825073,0,0.0,0,0.0,0,14.065302848815918,1,6
SH,GM,73,2950,313,313,31.3,0.4397502541542053,0.5352054238319397,18.14345359802246,21.335437774658203,1.3206864595413208,0,-1,0,0,0.0,2.0,313,2.1136457920074463,0,0.0,0,0.0,0,4.506657123565674,1,6
SH,GM,73,2951,134,134,13.4,0.06329816579818726,0.07674677670001984,1.0433480739593506,1.4689942598342896,0.3150601089000702,0,-1,1,134,1.0,2.0,134,1.8465512990951538,0,0.0,0,0.0,0,41.14278030395508,2,7
SH,GM,73,2952,305,305,30.5,0.3957684338092804,0.4987969398498535,4.522556304931641,5.155331611633301,0.8513941168785095,0,-1,1,305,1.0,2.0,305,0.5362342596054077,0,0.0,0,0.0,0,5.642202377319336,2,7
SH,GM,73,2953,161,161,16.1,0.3041103780269623,0.43230944871902466,1.9745386838912964,2.4951345920562744,0.3934023380279541,1,156,1,104,0.6459627329192547,2.0,156,0.0,0,0.0,0,0.0,0,0.0,2,7
SH,GM,73,2954,171,171,17.1,0.08356773853302002,0.1078423261642456,0.4316815733909607,0.4986797273159027,0.12065119296312332,0,-1,0,0,0.0,2.0,171,2.2927494049072266,0,0.0,0,0.0,0,42.70957565307617,1,6
SH,GM,73,2955,369,369,36.9,0.228190079331398,0.31206318736076355,0.9513914585113525,1.144827961921692,0.26270610094070435,0,-1,1,369,1.0,2.0,369,1.3659876585006714,0,0.0,0,0.0,0,4.39049768447876,1,6
SH,GM,73,2956,260,260,26.0,0.226364403963089,0.2724098861217499,1.4544739723205566,1.7949461936950684,0.3744041919708252,0,-1,1,152,0.5846153846153846,2.0,260,1.2795464992523193,0,0.0,0,0.0,0,19.076030731201172,2,7
SH,GM,73,2957,170,170,17.0,0.1768449991941452,0.2089242935180664,2.735851526260376,3.046252727508545,0.22292497754096985,0,-1,1,170,1.0,2.0,170,1.1176812648773193,0,0.0,0,0.0,0,21.304828643798828,1,6
SH,GM,73,2958,147,147,14.700000000000001,0.3102218508720398,0.3755824863910675,1.175466775894165,1.6643431186676025,0.6245899796485901,0,-1,0,0,0.0,2.0,147,3.880505084991455,0,0.0,0,0.0,0,6.708913803100586,0,5
SH,GM,73,2959,711,711,71.10000000000001,0.2513921558856964,0.3226725459098816,37.59534454345703,42.341304779052734,1.0804431438446045,0,-1,0,0,0.0,2.0,711,2.415682077407837,0,0.0,0,0.0,0,6.026474475860596,0,5
SH,GM,73,2960,240,240,24.0,0.41000857949256897,0.533250093460083,4.556852340698242,5.162712574005127,0.9198536276817322,0,-1,1,46,0.19166666666666668,2.0,240,1.31512451171875,0,0.0,0,0.0,0,0.6321170926094055,0,5
SH,GM,73,2961,583,583,58.300000000000004,0.296532541513443,0.37338003516197205,1.6605539321899414,2.0866446495056152,0.3096673786640167,0,-1,0,0,0.0,2.0,583,4.743555545806885,0,0.0,0,0.0,0,9.344809532165527,2,7
SH,GM,73,2962,283,283,28.3,0.3037591576576233,0.47712889313697815,2.785090446472168,3.056600332260132,0.5923621654510498,0,-1,1,210,0.7420494699646644,2.0,283,0.9251570105552673,0,0.0,0,0.0,0,4.639331817626953,1,6
SH,GM,73,2963,167,167,16.7,0.6250794529914856,0.7462589740753174,8.33277416229248,10.706293106079102,1.412748098373413,0,-1,1,167,1.0,2.0,167,0.12514010071754456,0,0.0,0,0.0,0,0.659048855304718,2,7
SH,GM,73,2964,260,260,26.0,0.3739955723285675,0.5468377470970154,2.4880292415618896,3.8614389896392822,0.724797785282135,0,-1,1,194,0.7461538461538462,2.0,260,0.852391242980957,0,0.0,0,0.0,0,7.318620204925537,0,5
SH,GM,73,2965,480,480,48.0,0.09637153148651123,0.1215255856513977,3.9613802433013916,4.901838302612305,0.4938284158706665,0,-1,0,0,0.0,2.0,480,2.293889045715332,0,0.0,0,0.0,0,51.65610122680664,2,7
SH,GM,73,2966,154,154,15.4,0.5094624161720276,0.7540031671524048,8.15999984741211,9.855018615722656,1.368615746498108,0,-1,1,92,0.5974025974025974,2.0,154,1.4921702146530151,0,0.0,0,0.0,0,15.795341491699219,2,7
SH,GM,73,2967,132,132,13.200000000000001,0.3776056170463562,0.5346519351005554,0.7323481440544128,0.9241687655448914,0.40025416016578674,0,-1,1,132,1.0,2.0,132,0.9530868530273438,0,0.0,0,0.0,0,10.546500205993652,1,6
SH,GM,73,2968,341,341,34.1,0.13638333976268768,0.1636512279510498,5.635547637939453,8.269750595092773,0.769471287727356,0,-1,1,341,1.0,2.0,341,0.9926307201385498,0,0.0,0,0.0,0,17.90680694580078,2,7
SH,GM,73,2969,158,158,15.8,0.33734121918678284,0.40264958143234253,5.0117645263671875,6.436531066894531,0.8032266497612,0,-1,1,158,1.0,2.0,158,0.849739670753479,0,0.0,0,0.0,0,5.68717098236084,0,5
SH,GM,73,2970,460,460,46.0,0.2881971001625061,0.4179740250110626,11.32205581665039,13.677423477172852,0.8997957110404968,0,-1,1,266,0.5782608695652174,2.0,460,0.9389133453369141,0,0.0,0,0.0,0,9.057374954223633,1,6
SH,GM,73,2971,131,131,13.100000000000001,0.2037116140127182,0.26852744817733765,4.583566665649414,5.410762310028076,0.6935311555862427,0,-1,0,0,0.0,2.0,131,2.491279125213623,0,0.0,0,0.0,0,29.508899688720703,2,7
SH,GM,73,2972,168,168,16.8,0.48007732629776,0.6378164291381836,10.232010841369629,13.670877456665039,1.8802992105484009,0,-1,1,168,1.0,2.0,168,0.62138432264328,0,0.0,0,0.0,0,11.020723342895508,0,5
SH,GM,73,2973,294,294,29.400000000000002,0.5901516675949097,0.8147709965705872,17.00632095336914,19.1602783203125,1.4936916828155518,0,-1,0,0,0.0,2.0,294,3.658442735671997,0,0.0,0,0.0,0,5.851541996002197,1,6
SH,GM,73,2974,148,148,14.8,0.5543810129165649,0.5892779231071472,4.9284467697143555,6.908464431762695,1.9190253019332886,0,-1,1,4,0.02702702702702703,2.0,148,1.9896882772445679,0,0.0,0,0.0,0,50.693321228027344,0,5
SH,GM,73,2975,362,362,36.2,0.24550537765026093,0.3020893633365631,4.2248148918151855,5.099510669708252,0.38652026653289795,0,-1,0,0,0.0,2.0,362,2.120471239089966,0,0.0,0,0.0,0,27.38557243347168,0,5
SH,GM,73,2976,136,136,13.600000000000001,0.21842381358146667,0.24852482974529266,2.9422855377197266,3.51889705657959,0.5776229500770569,0,-1,1,85,0.625,2.0,136,1.629963994026184,0,0.0,0,0.0,0,31.09467124938965,2,7
SH,GM,73,2977,162,162,16.2,0.2653008997440338,0.352268248796463,2.5160410404205322,2.6037395000457764,0.2596772015094757,0,-1,0,0,0.0,2.0,162,3.5259146690368652,0,0.0,0,0.0,0,4.201247692108154,2,7
SH,GM,73,2978,145,145,14.5,0.18335069715976715,0.2144552767276764,1.7061412334442139,1.9443247318267822,0.2208707630634308,0,-1,0,0,0.0,2.0,145,2.024282693862915,0,0.0,0,0.0,0,5.929904937744141,2,7
SH,GM,73,2979,629,629,62.900000000000006,0.43399232625961304,0.5714342594146729,10.608757019042969,12.052008628845215,4.898472785949707,1,142,1,142,0.22575516693163752,2.0,142,0.0,0,0.0,0,0.0,0,0.0,2,7
SH,GM,73,2980,212,212,21.200000000000003,0.20223601162433624,0.2810695767402649,5.390007972717285,6.163904666900635,0.5160592198371887,0,-1,1,120,0.5660377358490566,2.0,212,1.1385383605957031,0,0.0,0,0.0,0,12.639307022094727,2,7
SH,GM,73,2981,135,135,13.5,0.22492827475070953,0.341198593378067,11.047359466552734,13.335334777832031,1.8534120321273804,0,-1,1,135,1.0,2.0,135,1.1155130863189697,0,0.0,0,0.0,0,19.8629093170166,0,5
SH,GM,73,2982,426,426,42.6,0.35497716069221497,0.4427955448627472,1.4011832475662231,2.045984983444214,0.43269047141075134,0,-1,0,0,0.0,2.0,426,2.4332430362701416,0,0.0,0,0.0,0,2.4756903648376465,2,7
SH,GM,73,2983,171,171,17.1,0.2850133180618286,0.3647920489311218,3.8539011478424072,4.242776870727539,0.42523154616355896,0,-1,1,142,0.8304093567251462,2.0,171,1.3418418169021606,0,0.0,0,0.0,0,22.30652618408203,2,7
SH,GM,73,2984,161,161,16.1,0.10652128607034683,0.13931427896022797,0.2603597342967987,0.3233940005302429,0.09620469808578491,0,-1,1,161,1.0,2.0,161,0.5600651502609253,0,0.0,0,0.0,0,9.87335205078125,0,5
SH,GM,73,2985,204,204,20.400000000000002,0.1399107128381729,0.18297405540943146,9.905220985412598,12.453044891357422,1.1665527820587158,0,-1,1,86,0.4215686274509804,2.0,204,1.526151180267334,0,0.0,0,0.0,0,32.81881332397461,0,5
SH,GM,73,2986,567,567,56.7,0.5108807682991028,0.6826675534248352,10.575662612915039,13.176109313964844,0.7994460463523865,0,-1,0,0,0.0,2.0,567,4.3154497146606445,0,0.0,0,0.0,0,7.368788242340088,2,7
SH,GM,73,2987,421,421,42.1,0.21594968438148499,0.30042120814323425,13.81387710571289,15.793846130371094,0.911442756652832,0,-1,1,80,0.19002375296912113,2.0,421,1.680220127105713,0,0.0,0,0.0,0,9.64396858215332,0,5
SH,GM,73,2988,608,608,60.800000000000004,0.2201605588197708,0.3043409585952759,28.4748592376709,31.759647369384766,1.215932846069336,0,-1,0,0,0.0,2.0,608,5.27729606628418,0,0.0,0,0.0,0,17.415817260742188,2,7
SH,GM,73,2989,454,454,45.400000000000006,0.49691852927207947,0.6241913437843323,3.4710288047790527,4.828719139099121,0.5594046711921692,0,-1,1,262,0.5770925110132159,2.0,454,1.678827166557312,0,0.0,0,0.0,0,2.653747320175171,0,5
SH,GM,73,2990,263,263,26.3,0.22280676662921906,0.2561469078063965,6.994018077850342,8.43307876586914,0.8706705570220947,0,-1,0,0,0.0,2.0,263,2.472658157348633,0,0.0,0,0.0,0,44.658363342285156,2,7
SH,GM,73,2991,154,154,15.4,0.3300113379955292,0.4135996103286743,10.51262378692627,12.2710599899292,1.0816338062286377,0,-1,1,154,1.0,2.0,154,0.38896599411964417,0,0.0,0,0.0,0,7.3317742347717285,0,5
SH,GM,73,2992,147,147,14.700000000000001,0.28336450457572937,0.3997727632522583,4.422926902770996,5.0958356857299805,0.620585560798645,0,-1,1,147,1.0,2.0,147,0.6714548468589783,0,0.0,0,0.0,0,9.748685836791992,1,6
SH,GM,73,2993,160,160,16.0,0.27924054861068726,0.30939775705337524,8.412042617797852,10.73631477355957,1.0580461025238037,0,-1,0,0,0.0,2.0,160,3.481996536254883,0,0.0,0,0.0,0,77.5203628540039,1,6
SH,GM,73,2994,162,162,16.2,0.15323664247989655,0.18539035320281982,5.5717878341674805,6.468584060668945,0.5293236374855042,0,-1,1,162,1.0,2.0,162,1.1671143770217896,0,0.0,0,0.0,0,30.469703674316406,0,5
SH,GM,73,2995,414,414,41.400000000000006,0.27360430359840393,0.3984101116657257,5.8328537940979,7.317030429840088,0.49745097756385803,0,-1,1,168,0.4057971014492754,2.0,414,1.507238507270813,0,0.0,0,0.0,0,6.735304355621338,2,7
SH,GM,73,2996,195,195,19.5,0.35670286417007446,0.4413881301879883,2.809575080871582,3.3060784339904785,0.7013438940048218,0,-1,1,70,0.358974358974359,2.0,195,0.8376001119613647,0,0.0,0,0.0,0,0.39434105157852173,1,6
SH,GM,73,2997,959,959,95.9,0.1918540894985199,0.2700336277484894,9.69390869140625,11.806034088134766,1.0996819734573364,0,-1,1,953,0.9937434827945777,2.0,959,1.086757779121399,0,0.0,0,0.0,0,29.457828521728516,1,6
SH,GM,73,2998,341,341,34.1,0.07965342700481415,0.10516472905874252,11.790396690368652,14.14586353302002,0.8263107538223267,0,-1,0,0,0.0,2.0,341,3.317563772201538,0,0.0,0,0.0,0,89.30526733398438,0,5
SH,GM,73,2999,171,171,17.1,0.3884970545768738,0.6045987606048584,6.333780288696289,6.742885589599609,0.5901796817779541,0,-1,0,0,0.0,2.0,171,6.401269912719727,0,0.0,0,0.0,0,8.438233375549316,0,5
SH,GM,73,3000,211,211,21.1,0.38345789909362793,0.5584830641746521,8.880437850952148,10.481850624084473,1.5352530479431152,0,-1,1,37,0.17535545023696683,2.0,211,1.7706416845321655,0,0.0,0,0.0,0,4.871142387390137,2,7
SH,GM,73,3001,392,392,39.2,0.18602526187896729,0.2430734634399414,4.620216369628906,5.968565464019775,0.5321080088615417,0,-1,1,129,0.32908163265306123,2.0,392,1.3698821067810059,0,0.0,0,0.0,0,7.8922905921936035,0,5
SH,GM,73,3002,263,263,26.3,0.32762351632118225,0.40030810236930847,1.3128631114959717,1.9551533460617065,0.5260186791419983,0,-1,1,263,1.0,2.0,263,1.1960278749465942,0,0.0,0,0.0,0,29.716028213500977,0,5
SH,GM,73,3003,152,152,15.200000000000001,0.3275013566017151,0.41453513503074646,1.1340837478637695,1.4483397006988525,0.45226964354515076,0,-1,1,152,1.0,2.0,152,0.5905052423477173,0,0.0,0,0.0,0,0.6579897999763489,1,6
SH,GM,73,3004,145,145,14.5,0.2387826293706894,0.30479517579078674,3.4205050468444824,3.8115181922912598,0.4726236164569855,0,-1,0,0,0.0,2.0,145,3.2021944522857666,0,0.0,0,0.0,0,7.302597999572754,0,5
SH,GM,73,3005,270,270,27.0,0.5298025608062744,0.7417176961898804,3.8231875896453857,4.349350929260254,1.3883119821548462,1,155,1,155,0.5740740740740741,2.0,155,0.0,0,0.0,0,0.0,0,0.0,0,5
SH,GM,73,3006,203,203,20.3,0.36997103691101074,0.4687367379665375,11.489860534667969,12.868029594421387,1.0155296325683594,0,-1,0,0,0.0,2.0,203,3.4938607215881348,0,0.0,0,0.0,0,10.291057586669922,2,7
SH,GM,73,3007,180,180,18.0,0.24989217519760132,0.29919499158859253,1.4166626930236816,1.645664095878601,0.31237363815307617,0,-1,1,180,1.0,2.0,180,1.4599418640136719,0,0.0,0,0.0,0,16.037384033203125,1,6
SH,GM,73,3008,325,325,32.5,0.28581950068473816,0.3802560865879059,6.671751976013184,8.141098976135254,0.7365253567695618,0,-1,1,325,1.0,2.0,325,0.8541461229324341,0,0.0,0,0.0,0,13.661688804626465,2,7
SH,GM,73,3009,2991,2991,299.1,0.3043820559978485,0.37714463472366333,2.360767126083374,2.8179378509521484,0.3715590536594391,0,-1,1,2991,1.0,2.0,2991,0.36429065465927124,0,0.0,0,0.0,0,0.5000180602073669,2,7
SH,GM,73,3010,210,210,21.0,0.34696391224861145,0.4588104486465454,2.5928401947021484,3.110398292541504,0.6407806277275085,0,-1,1,39,0.18571428571428572,2.0,210,1.9112088680267334,0,0.0,0,0.0,0,7.982930660247803,0,5
SH,GM,73,3011,474,474,47.400000000000006,0.3090490996837616,0.3792591989040375,12.165753364562988,14.40817642211914,0.7394479513168335,0,-1,0,0,0.0,2.0,474,2.284116744995117,0,0.0,0,0.0,0,4.399395942687988,0,5
SH,GM,73,3012,138,138,13.8,0.8230669498443604,0.9482085108757019,8.236127853393555,9.629697799682617,1.9638804197311401,1,90,1,90,0.6521739130434783,2.0,90,0.0,0,0.0,0,0.0,0,0.0,2,7
SH,GM,73,3013,136,136,13.600000000000001,0.7418950200080872,0.8764898777008057,5.303755760192871,6.610681056976318,1.2586719989776611,0,-1,1,136,1.0,2.0,136,0.5325946807861328,0,0.0,0,0.0,0,2.4399657249450684,0,5
SH,GM,73,3014,252,252,25.200000000000003,0.184262216091156,0.23623161017894745,25.523061752319336,32.12807083129883,2.579702615737915,0,-1,0,0,0.0,2.0,252,4.512045860290527,0,0.0,0,0.0,0,82.6627426147461,0,5
SH,GM,73,3015,601,601,60.1,0.15913386642932892,0.19642989337444305,24.046342849731445,27.747352600097656,1.0735079050064087,0,-1,1,178,0.2961730449251248,2.0,601,1.4948327541351318,0,0.0,0,0.0,0,30.208961486816406,1,6
SH,GM,73,3016,225,225,22.5,0.23637793958187103,0.29554685950279236,2.473867654800415,2.788702964782715,0.4092433452606201,0,-1,0,0,0.0,2.0,225,2.288012742996216,0,0.0,0,0.0,0,11.442004203796387,2,7
SH,GM,73,3017,137,137,13.700000000000001,0.37978529930114746,0.45281708240509033,9.095205307006836,11.742156028747559,1.4876819849014282,0,-1,1,137,1.0,2.0,137,1.0659620761871338,0,0.0,0,0.0,0,14.606175422668457,0,5
SH,GM,73,3018,148,148,14.8,0.13877733051776886,0.1774287223815918,2.1614573001861572,2.5868630409240723,0.16695480048656464,0,-1,0,0,0.0,2.0,148,8.383044242858887,0,0.0,0,0.0,0,3.5852811336517334,1,6
SH,GM,73,3019,143,143,14.3,0.4735010266304016,0.5721625089645386,4.239080905914307,5.146368503570557,1.062710165977478,0,-1,1,49,0.34265734265734266,2.0,143,1.6447744369506836,0,0.0,0,0.0,0,12.68053913116455,0,5
SH,GM,73,3020,254,254,25.400000000000002,0.24044854938983917,0.3214568793773651,0.3750940263271332,0.5350296497344971,0.47655579447746277,0,-1,0,0,0.0,2.0,254,2.2293148040771484,0,0.0,0,0.0,0,0.9018736481666565,2,7
SH,GM,73,3021,343,343,34.300000000000004,0.256714791059494,0.32004937529563904,28.267866134643555,31.479408264160156,1.3530514240264893,0,-1,1,13,0.037900874635568516,2.0,343,1.9417710304260254,0,0.0,0,0.0,0,42.970069885253906,1,6
SH,GM,73,3022,333,333,33.300000000000004,0.4781542718410492,0.628043532371521,1.482295274734497,2.2161617279052734,0.5412630438804626,0,-1,1,333,1.0,2.0,333,1.5264837741851807,0,0.0,0,0.0,0,1.9988049268722534,1,6
SH,GM,73,3023,1059,1059,105.9,0.2914920449256897,0.3773856461048126,4.340511322021484,5.719124794006348,0.5106798410415649,0,-1,1,398,0.37582625118035884,2.0,1059,1.635759711265564,0,0.0,0,0.0,0,2.3574042320251465,0,5
SH,GM,73,3024,179,179,17.900000000000002,0.3462061882019043,0.42336663603782654,3.3234760761260986,3.9143199920654297,0.6641544103622437,0,-1,0,0,0.0,2.0,179,2.6507225036621094,0,0.0,0,0.0,0,23.44623374938965,2,7
SH,GM,73,3025,174,174,17.400000000000002,0.1807831972837448,0.23904266953468323,10.698165893554688,13.161581039428711,1.3976762294769287,0,-1,1,53,0.3045977011494253,2.0,174,1.5311599969863892,0,0.0,0,0.0,0,27.824426651000977,2,7
SH,GM,73,3026,353,353,35.300000000000004,0.3030967712402344,0.3871571719646454,3.3585000038146973,4.935968399047852,0.5965371131896973,0,-1,1,353,1.0,2.0,353,0.4285099506378174,0,0.0,0,0.0,0,8.499483108520508,2,7
SH,GM,73,3027,281,281,28.1,0.5392208695411682,0.8027653694152832,26.32365608215332,32.456504821777344,2.5614612102508545,0,-1,0,0,0.0,2.0,281,4.361351013183594,0,0.0,0,0.0,0,10.463826179504395,2,7
SH,GM,73,3028,180,180,18.0,0.4356456398963928,0.5379758477210999,2.721735715866089,3.238328456878662,0.9520953893661499,1,158,1,158,0.8777777777777778,2.0,158,0.0,0,0.0,0,0.0,0,0.0,2,7
SH,GM,73,3029,348,348,34.800000000000004,0.5056345462799072,0.6493926644325256,1.2632839679718018,1.630042314529419,0.4818161725997925,0,-1,1,319,0.9166666666666666,2.0,348,1.2139676809310913,0,0.0,0,0.0,0,2.5389564037323,1,6
SH,GM,73,3030,248,248,24.8,0.3330589532852173,0.45116689801216125,0.7593700885772705,1.1913211345672607,0.3862529397010803,0,-1,1,248,1.0,2.0,248,0.6321890354156494,0,0.0,0,0.0,0,5.562016487121582,2,7
SH,GM,73,3031,1357,1357,135.70000000000002,0.16716183722019196,0.21708311140537262,6.504918098449707,7.4996819496154785,0.5324816107749939,0,-1,1,1357,1.0,2.0,1357,0.8731202483177185,0,0.0,0,0.0,0,11.609865188598633,0,5
SH,GM,73,3032,159,159,15.9,0.35137856006622314,0.4213637709617615,6.60966157913208,8.212126731872559,1.033650279045105,0,-1,0,0,0.0,2.0,159,3.3172035217285156,0,0.0,0,0.0,0,12.549968719482422,0,5
SH,GM,73,3033,235,235,23.5,0.21878258883953094,0.264550119638443,12.08407974243164,13.583008766174316,0.8336413502693176,0,-1,1,42,0.17872340425531916,2.0,235,1.9444949626922607,0,0.0,0,0.0,0,19.138761520385742,0,5
SH,GM,73,3034,190,190,19.0,0.2447698563337326,0.3465731143951416,2.002803087234497,2.3878719806671143,0.41726207733154297,0,-1,1,5,0.02631578947368421,2.0,190,1.9404877424240112,0,0.0,0,0.0,0,17.401865005493164,0,5
SH,GM,73,3035,198,198,19.8,0.5711237788200378,0.7750077843666077,6.7749714851379395,8.617718696594238,1.7007797956466675,0,-1,0,0,0.0,2.0,198,4.402060508728027,0,0.0,0,0.0,0,6.063141822814941,0,5
SH,GM,73,3036,885,885,88.5,0.42971235513687134,0.5412137508392334,13.361014366149902,15.150107383728027,6.587505340576172,1,330,1,208,0.23502824858757063,2.0,330,0.0,0,0.0,0,0.0,0,0.0,2,7
SH,GM,73,3037,1776,1776,177.60000000000002,0.259680837392807,0.32875290513038635,2.862521171569824,3.3978798389434814,0.37265756726264954,0,-1,1,1776,1.0,2.0,1776,0.262469619512558,0,0.0,0,0.0,0,0.6013005971908569,2,7
SH,GM,73,3038,151,151,15.100000000000001,0.2048778235912323,0.26861336827278137,2.8337514400482178,4.129658222198486,0.7979825735092163,0,-1,1,75,0.4966887417218543,2.0,151,1.6517894268035889,0,0.0,0,0.0,0,27.689538955688477,0,5
SH,GM,73,3039,495,495,49.5,0.23136192560195923,0.28827282786369324,6.697195529937744,8.5142183303833,0.6458901166915894,0,-1,1,495,1.0,2.0,495,0.6328518390655518,0,0.0,0,0.0,0,10.3118896484375,0,5
SH,GM,73,3040,477,477,47.7,0.3541887700557709,0.4610183835029602,2.408855676651001,2.562326669692993,0.49567678570747375,1,374,1,374,0.7840670859538784,2.0,374,0.0,0,0.0,0,0.0,0,0.0,0,5
SH,GM,73,3041,208,208,20.8,0.08492550253868103,0.1067613735795021,5.037546157836914,6.6316657066345215,0.6319188475608826,0,-1,0,0,0.0,2.0,208,2.2951557636260986,0,0.0,0,0.0,0,33.30143737792969,1,6
SH,GM,73,3042,222,222,22.200000000000003,0.30975237488746643,0.38596585392951965,10.64976692199707,11.666657447814941,0.8370752930641174,0,-1,0,0,0.0,2.0,222,2.8813071250915527,0,0.0,0,0.0,0,18.61455726623535,0,5
SH,GM,73,3043,391,391,39.1,0.32893282175064087,0.426315039396286,3.658240795135498,4.4080352783203125,0.6229427456855774,0,-1,1,217,0.5549872122762148,2.0,391,1.5367310047149658,0,0.0,0,0.0,0,12.898785591125488,2,7
SH,GM,73,3044,268,268,26.8,0.3102307915687561,0.3666067123413086,20.998218536376953,26.904335021972656,1.9028031826019287,0,-1,0,0,0.0,2.0,268,4.239995002746582,0,0.0,0,0.0,0,98.11228942871094,0,5
SH,GM,73,3045,186,186,18.6,0.2800235450267792,0.33640792965888977,4.1962809562683105,4.960359573364258,0.5932918787002563,0,-1,0,0,0.0,2.0,186,2.598454475402832,0,0.0,0,0.0,0,2.864246129989624,1,6
SH,GM,73,3046,482,482,48.2,0.10337900370359421,0.1314762979745865,3.487243413925171,3.8488941192626953,0.38676974177360535,0,-1,1,246,0.5103734439834025,2.0,482,1.7573472261428833,0,0.0,0,0.0,0,37.45178985595703,1,6
SH,GM,73,3047,240,240,24.0,0.1939961165189743,0.2585127353668213,2.182934045791626,2.767637252807617,0.3653770089149475,0,-1,1,240,1.0,2.0,240,1.3198381662368774,0,0.0,0,0.0,0,32.12641906738281,1,6
SH,GM,73,3048,286,286,28.6,0.3993743658065796,0.4947996735572815,3.0961172580718994,3.707261085510254,0.6381372809410095,0,-1,1,286,1.0,2.0,286,0.6826586723327637,0,0.0,0,0.0,0,2.7722063064575195,0,5
SH,GM,73,3049,158,158,15.8,0.2588943839073181,0.3271333575248718,1.0978188514709473,1.343976378440857,0.4554916024208069,0,-1,1,158,1.0,2.0,158,0.36667677760124207,0,0.0,0,0.0,0,3.2626607418060303,1,6
SH,GM,73,3050,383,383,38.300000000000004,0.5015563368797302,0.5987746119499207,9.126409530639648,9.959441184997559,6.333681583404541,1,96,1,96,0.2506527415143603,2.0,96,0.0,0,0.0,0,0.0,0,0.0,0,5
SH,GM,73,3051,198,198,19.8,0.5666716694831848,0.7070286870002747,1.0970351696014404,1.2914098501205444,0.4807222783565521,0,-1,0,0,0.0,2.0,198,2.308363199234009,0,0.0,0,0.0,0,3.1976115703582764,1,6
SH,GM,73,3052,389,389,38.900000000000006,0.25792431831359863,0.34045398235321045,16.669921875,20.193984985351562,1.0149805545806885,0,-1,0,0,0.0,2.0,389,3.031575918197632,0,0.0,0,0.0,0,7.184042930603027,2,7
SH,GM,73,3053,181,181,18.1,0.1753615140914917,0.21997208893299103,1.2729436159133911,1.5525492429733276,0.41507527232170105,0,-1,1,181,1.0,2.0,181,1.4309536218643188,0,0.0,0,0.0,0,15.497020721435547,2,7
SH,GM,73,3054,416,416,41.6,0.2945191562175751,0.3689674437046051,12.720264434814453,16.70868492126465,0.9943450689315796,0,-1,0,0,0.0,2.0,416,2.469869613647461,0,0.0,0,0.0,0,4.889963150024414,2,7
SH,GM,73,3055,342,342,34.2,0.4307818114757538,0.5537908673286438,5.285799980163574,5.664976596832275,0.6319725513458252,1,283,1,283,0.827485380116959,2.0,283,0.0,0,0.0,0,0.0,0,0.0,0,5
SH,GM,73,3056,142,142,14.200000000000001,0.21539710462093353,0.26236993074417114,0.7943271994590759,0.8768904805183411,0.26279130578041077,0,-1,0,0,0.0,2.0,142,2.3488519191741943,0,0.0,0,0.0,0,2.1604771614074707,0,5
SH,GM,73,3057,255,255,25.5,0.24293045699596405,0.3035898506641388,1.6333813667297363,1.9568731784820557,0.30333006381988525,0,-1,1,255,1.0,2.0,255,0.5570173859596252,0,0.0,0,0.0,0,9.083090782165527,2,7
SH,GM,73,3058,371,371,37.1,0.33484506607055664,0.4418829381465912,7.070921421051025,9.958662033081055,0.7527760863304138,0,-1,1,48,0.1293800539083558,2.0,371,1.8963065147399902,0,0.0,0,0.0,0,12.052775382995605,0,5
SH,GM,73,3059,366,366,36.6,0.2080007940530777,0.25051718950271606,4.392045974731445,5.017940521240234,0.45534536242485046,0,-1,0,0,0.0,2.0,366,2.694552421569824,0,0.0,0,0.0,0,8.931173324584961,0,5
SH,GM,73,3060,204,204,20.400000000000002,0.551112174987793,0.6829726696014404,2.6791210174560547,2.9930481910705566,1.546466588973999,1,127,1,127,0.6225490196078431,2.0,127,0.0,0,0.0,0,0.0,0,0.0,1,6
SH,GM,73,3061,316,316,31.6,0.12301952391862869,0.15328693389892578,6.899543285369873,8.51235580444336,0.4583074450492859,0,-1,1,316,1.0,2.0,316,1.1377792358398438,0,0.0,0,0.0,0,20.9864444732666,2,7
SH,GM,73,3062,217,217,21.700000000000003,0.6917159557342529,0.8985234498977661,6.57697868347168,7.363948345184326,1.3706001043319702,1,154,1,154,0.7096774193548387,2.0,154,0.0,0,0.0,0,0.0,0,0.0,2,7
SH,GM,73,3063,566,566,56.6,0.3158360421657562,0.45380377769470215,4.897807598114014,5.296754360198975,0.5923677086830139,0,-1,0,0,0.0,2.0,566,2.3714890480041504,0,0.0,0,0.0,0,5.20924186706543,0,5
SH,GM,73,3064,236,236,23.6,0.42526423931121826,0.6056652665138245,9.708590507507324,12.140972137451172,1.1024646759033203,0,-1,0,0,0.0,2.0,236,2.434882879257202,0,0.0,0,0.0,0,9.191019058227539,0,5
SH,GM,73,3065,355,355,35.5,0.18889762461185455,0.2606610953807831,6.782674312591553,8.719762802124023,0.5105885863304138,0,-1,1,273,0.7690140845070422,2.0,355,1.4175386428833008,0,0.0,0,0.0,0,30.943622589111328,0,5
SH,GM,73,3066,285,285,28.5,0.4163122773170471,0.5953704714775085,4.741905689239502,6.2143473625183105,1.1674250364303589,0,-1,1,59,0.20701754385964913,2.0,285,1.2144526243209839,0,0.0,0,0.0,0,4.4556803703308105,2,7
SH,GM,73,3067,470,470,47.0,0.10407507419586182,0.16518749296665192,47.021724700927734,54.41544723510742,1.9145002365112305,0,-1,1,470,1.0,2.0,470,0.5703049302101135,0,0.0,0,0.0,0,15.790614128112793,1,6
SH,GM,73,3068,196,196,19.6,0.2782202661037445,0.363493412733078,1.045226812362671,1.424532175064087,0.3649502098560333,0,-1,1,87,0.44387755102040816,2.0,196,1.3549491167068481,0,0.0,0,0.0,0,1.200117826461792,1,6
SH,GM,73,3069,165,165,16.5,0.20472978055477142,0.264636754989624,3.06826114654541,4.6065521240234375,0.6918691396713257,0,-1,0,0,0.0,2.0,165,3.368809938430786,0,0.0,0,0.0,0,18.888731002807617,0,5
SH,GM,73,3070,271,271,27.1,0.43456336855888367,0.539980947971344,2.8726906776428223,3.6285202503204346,0.8830936551094055,0,-1,1,271,1.0,2.0,271,0.8947222828865051,0,0.0,0,0.0,0,6.504114151000977,2,7
SH,GM,73,3071,140,140,14.0,0.26765161752700806,0.35114142298698425,7.79352331161499,9.877860069274902,1.4472473859786987,0,-1,1,18,0.12857142857142856,2.0,140,1.6099216938018799,0,0.0,0,0.0,0,26.84453773498535,0,5
SH,GM,73,3072,283,283,28.3,0.22663536667823792,0.26978546380996704,2.603482961654663,4.359272003173828,0.7148799300193787,0,-1,1,238,0.8409893992932862,2.0,283,0.9555268883705139,0,0.0,0,0.0,0,3.8175134658813477,2,7
SH,GM,73,3073,494,494,49.400000000000006,0.25617000460624695,0.3467795252799988,11.532404899597168,12.370857238769531,0.6465673446655273,0,-1,0,0,0.0,2.0,494,5.7171525955200195,0,0.0,0,0.0,0,8.534673690795898,0,5
SH,GM,73,3074,318,318,31.8,0.2723497450351715,0.35416221618652344,8.288619995117188,9.6071138381958,0.7138542532920837,0,-1,0,0,0.0,2.0,318,3.1627798080444336,0,0.0,0,0.0,0,4.030576705932617,0,5
SH,GM,73,3075,354,354,35.4,0.21741105616092682,0.2804408371448517,2.6410439014434814,3.1246068477630615,0.2846623361110687,0,-1,1,354,1.0,2.0,354,0.8436733484268188,0,0.0,0,0.0,0,1.877085566520691,1,6
SH,GM,73,3076,167,167,16.7,0.23649026453495026,0.2852814793586731,8.64272403717041,10.45227336883545,1.2503361701965332,0,-1,0,0,0.0,2.0,167,3.042304039001465,0,0.0,0,0.0,0,47.24495315551758,0,5
SH,GM,73,3077,478,478,47.800000000000004,0.17680643498897552,0.2249213308095932,2.286407232284546,2.620532989501953,0.24994611740112305,0,-1,1,478,1.0,2.0,478,0.8834385275840759,0,0.0,0,0.0,0,1.9568119049072266,2,7
SH,GM,73,3078,149,149,14.9,0.4732430577278137,0.5555328130722046,1.858942985534668,2.210646152496338,0.5475395321846008,0,-1,0,0,0.0,2.0,149,2.8220720291137695,0,0.0,0,0.0,0,4.485111713409424,2,7
SH,GM,73,3079,385,385,38.5,0.35864782333374023,0.4971482753753662,2.8333492279052734,3.064199447631836,0.3861590027809143,0,-1,0,0,0.0,2.0,385,2.679372787475586,0,0.0,0,0.0,0,4.855775356292725,0,5
SH,GM,73,3080,222,222,22.200000000000003,0.23096004128456116,0.3201446235179901,0.8744072318077087,1.045878529548645,0.38953351974487305,0,-1,0,0,0.0,2.0,222,2.2843523025512695,0,0.0,0,0.0,0,6.3285627365112305,1,6
SH,GM,73,3081,297,297,29.700000000000003,0.3406798243522644,0.4382793605327606,26.831085205078125,31.84539794921875,1.6145738363265991,0,-1,0,0,0.0,2.0,297,2.5464236736297607,0,0.0,0,0.0,0,7.728569507598877,0,5
SH,GM,73,3082,279,279,27.900000000000002,0.20115254819393158,0.2649012506008148,16.03530502319336,18.0889835357666,0.8152782320976257,0,-1,1,279,1.0,2.0,279,0.21487833559513092,0,0.0,0,0.0,0,3.194636106491089,2,7
SH,GM,73,3083,191,191,19.1,0.3445720076560974,0.43869802355766296,2.604038953781128,3.1961419582366943,0.60228031873703,0,-1,0,0,0.0,2.0,191,3.7770605087280273,0,0.0,0,0.0,0,6.837753772735596,0,5
SH,GM,73,3084,794,794,79.4,0.25283774733543396,0.3192411959171295,3.158482313156128,3.5497641563415527,0.37056711316108704,0,-1,1,410,0.5163727959697733,2.0,794,1.4769216775894165,0,0.0,0,0.0,0,2.153804302215576,2,7
SH,GM,73,3085,139,139,13.9,0.24319326877593994,0.2805361747741699,6.044159412384033,8.564371109008789,1.4003417491912842,0,-1,0,0,0.0,2.0,139,3.6300806999206543,0,0.0,0,0.0,0,65.18294525146484,1,6
SH,GM,73,3086,169,169,16.900000000000002,0.20271866023540497,0.31475797295570374,1.4025664329528809,1.7458300590515137,0.3503148853778839,0,-1,0,0,0.0,2.0,169,2.246493101119995,0,0.0,0,0.0,0,4.180907726287842,2,7
SH,GM,73,3087,248,248,24.8,0.45180240273475647,0.6199010014533997,1.8443783521652222,2.2941949367523193,0.6814119815826416,0,-1,1,248,1.0,2.0,248,0.8861290812492371,0,0.0,0,0.0,0,2.6664187908172607,0,5
SH,GM,73,3088,134,134,13.4,0.2395963817834854,0.2716366946697235,5.523201942443848,7.8105010986328125,1.4042431116104126,0,-1,1,92,0.6865671641791045,2.0,134,1.729666829109192,0,0.0,0,0.0,0,39.48649215698242,0,5
SH,GM,73,3089,247,247,24.700000000000003,0.37479519844055176,0.5479699373245239,2.1133956909179688,3.183471918106079,0.6114708781242371,1,233,1,115,0.46558704453441296,2.0,233,0.0,0,0.0,0,0.0,0,0.0,1,6
SH,GM,73,3090,694,694,69.4,0.5198358297348022,0.6541796326637268,7.2750935554504395,7.939450263977051,0.7998338937759399,0,-1,1,677,0.9755043227665706,2.0,694,0.16136373579502106,0,0.0,0,0.0,0,0.6435707807540894,2,7
SH,GM,73,3091,203,203,20.3,0.3392128050327301,0.45079588890075684,33.130062103271484,40.238739013671875,3.3879785537719727,0,-1,1,203,1.0,2.0,203,0.45771661400794983,0,0.0,0,0.0,0,9.771554946899414,0,5
SH,GM,73,3092,401,401,40.1,0.4714714288711548,0.6623987555503845,11.400832176208496,13.89802360534668,1.5092463493347168,0,-1,0,0,0.0,2.0,401,2.5741405487060547,0,0.0,0,0.0,0,4.293968200683594,2,7
SH,GM,73,3093,314,314,31.400000000000002,0.27798521518707275,0.34585240483283997,19.81774139404297,22.352705001831055,1.0997592210769653,0,-1,0,0,0.0,2.0,314,2.82336163520813,0,0.0,0,0.0,0,15.77837085723877,2,7
SH,GM,73,3094,248,248,24.8,0.19233784079551697,0.256813108921051,5.099294185638428,6.477045059204102,0.40133944153785706,0,-1,1,136,0.5483870967741935,2.0,248,1.0868152379989624,0,0.0,0,0.0,0,15.064022064208984,1,6
SH,GM,73,3095,284,284,28.400000000000002,0.21422179043293,0.27137207984924316,3.081615447998047,3.4876558780670166,0.30262497067451477,0,-1,1,284,1.0,2.0,284,0.7397262454032898,0,0.0,0,0.0,0,1.593580961227417,1,6
SH,GM,73,3096,242,242,24.200000000000003,0.2744849920272827,0.3357905447483063,1.272455096244812,1.4450033903121948,0.33039382100105286,0,-1,1,163,0.6735537190082644,2.0,242,1.5914164781570435,0,0.0,0,0.0,0,4.387233257293701,2,7
SH,GM,73,3097,287,287,28.700000000000003,0.13403820991516113,0.21529620885849,16.26494789123535,21.427982330322266,1.5686640739440918,0,-1,1,190,0.662020905923345,2.0,287,1.2384557723999023,0,0.0,0,0.0,0,32.019775390625,2,7
SH,GM,73,3098,236,236,23.6,0.1990969330072403,0.2392251342535019,4.471296310424805,5.8646135330200195,0.5710943937301636,0,-1,1,236,1.0,2.0,236,1.156571626663208,0,0.0,0,0.0,0,21.389404296875,1,6
SH,GM,73,3099,295,295,29.5,0.20538227260112762,0.2677735388278961,38.34059143066406,47.97900390625,3.16043758392334,0,-1,0,0,0.0,2.0,295,5.75762939453125,0,0.0,0,0.0,0,8.226622581481934,1,6
SH,GM,73,3100,201,201,20.1,0.2711408734321594,0.36619001626968384,4.335790634155273,4.733676910400391,0.42834141850471497,0,-1,1,201,1.0,2.0,201,1.2978676557540894,0,0.0,0,0.0,0,3.048977851867676,2,7
SH,GM,73,3101,301,301,30.1,0.2063399851322174,0.2597925662994385,4.471606731414795,5.59783411026001,0.4381113648414612,0,-1,1,301,1.0,2.0,301,0.45331719517707825,0,0.0,0,0.0,0,4.076772689819336,0,5
SH,GM,73,3102,276,276,27.6,0.3438347280025482,0.47322994470596313,12.85339641571045,15.060705184936523,1.051315188407898,0,-1,1,189,0.6847826086956522,2.0,276,0.13758444786071777,0,0.0,0,0.0,0,0.758358895778656,0,5
SH,GM,73,3103,448,448,44.800000000000004,0.24184437096118927,0.32346999645233154,2.349993944168091,3.588651180267334,0.3433091342449188,0,-1,1,448,1.0,2.0,448,0.375979483127594,0,0.0,0,0.0,0,4.983586311340332,0,5
SH,GM,73,3104,200,200,20.0,0.25310230255126953,0.2832135558128357,1.3931987285614014,1.5890264511108398,0.6082547903060913,0,-1,1,200,1.0,2.0,200,0.7402498722076416,0,0.0,0,0.0,0,20.954133987426758,0,5
SH,GM,73,3105,172,172,17.2,0.4597112536430359,0.5756794810295105,2.2724790573120117,2.5334489345550537,0.39301079511642456,0,-1,1,172,1.0,2.0,172,1.6144810914993286,0,0.0,0,0.0,0,5.201124668121338,2,7
SH,GM,73,3106,1353,1353,135.3,0.20697420835494995,0.261400431394577,9.893284797668457,11.571043968200684,0.4621307849884033,0,-1,1,455,0.336289726533629,2.0,1353,1.2145707607269287,0,0.0,0,0.0,0,5.441074848175049,1,6
SH,GM,73,3107,284,284,28.400000000000002,0.5328219532966614,0.6763185858726501,2.4597275257110596,3.1494669914245605,1.0584923028945923,1,209,1,209,0.7359154929577465,2.0,209,0.0,0,0.0,0,0.0,0,0.0,2,7
SH,GM,73,3108,150,150,15.0,0.4806410074234009,0.6314176321029663,0.7470612525939941,1.0714043378829956,0.6004428863525391,0,-1,1,150,1.0,2.0,150,1.4039974212646484,0,0.0,0,0.0,0,1.5160040855407715,2,7
SH,GM,73,3109,321,321,32.1,0.3511792719364166,0.44187015295028687,2.1206259727478027,2.2975614070892334,0.3249759078025818,1,295,1,295,0.9190031152647975,2.0,295,0.0,0,0.0,0,0.0,0,0.0,2,7
SH,GM,73,3110,381,381,38.1,0.4210011959075928,0.5431708097457886,19.645254135131836,22.790136337280273,1.174778699874878,0,-1,0,0,0.0,2.0,381,3.173637628555298,0,0.0,0,0.0,0,22.52557373046875,0,5
SH,GM,73,3111,155,155,15.5,0.27454373240470886,0.3231600522994995,4.627824306488037,5.102419853210449,0.6004478335380554,0,-1,0,0,0.0,2.0,155,2.8390979766845703,0,0.0,0,0.0,0,6.541282653808594,2,7
SH,GM,73,3112,170,170,17.0,0.30502378940582275,0.38164669275283813,6.017242908477783,7.271262168884277,0.5708017945289612,0,-1,1,134,0.788235294117647,2.0,170,1.0736163854599,0,0.0,0,0.0,0,2.7566165924072266,2,7
SH,GM,73,3113,402,402,40.2,0.39300763607025146,0.47595900297164917,3.9182894229888916,4.823676109313965,0.6061088442802429,0,-1,1,162,0.40298507462686567,2.0,402,1.7502453327178955,0,0.0,0,0.0,0,4.365324974060059,2,7
SH,GM,73,3114,341,341,34.1,0.2006692737340927,0.23921002447605133,1.487082839012146,1.9204374551773071,0.4368766248226166,0,-1,1,191,0.5601173020527859,2.0,341,1.020259976387024,0,0.0,0,0.0,0,16.036596298217773,1,6
SH,GM,73,3115,322,322,32.2,0.21931594610214233,0.2783989906311035,1.126857876777649,1.3464133739471436,0.37208884954452515,0,-1,1,270,0.8385093167701864,2.0,322,1.552390694618225,0,0.0,0,0.0,0,1.0178298950195312,0,5
SH,GM,73,3116,139,139,13.9,0.3069078028202057,0.37788790464401245,14.324817657470703,18.658845901489258,2.713860273361206,0,-1,1,50,0.3597122302158273,2.0,139,1.224541187286377,0,0.0,0,0.0,0,13.499027252197266,2,7
SH,GM,73,3117,354,354,35.4,0.19752946496009827,0.22854605317115784,8.872391700744629,10.486271858215332,0.6875958442687988,0,-1,0,0,0.0,2.0,354,2.271517276763916,0,0.0,0,0.0,0,15.587364196777344,2,7
SH,GM,73,3118,445,445,44.5,0.35896486043930054,0.4381829798221588,15.77731990814209,18.102357864379883,1.030393362045288,0,-1,0,0,0.0,2.0,445,2.085251808166504,0,0.0,0,0.0,0,4.015504837036133,2,7
SH,GM,73,3119,541,541,54.1,0.28955599665641785,0.3686549663543701,10.306119918823242,10.87884521484375,0.7415701746940613,0,-1,1,393,0.7264325323475046,2.0,541,1.7579762935638428,0,0.0,0,0.0,0,22.132070541381836,1,6
SH,GM,73,3120,232,232,23.200000000000003,0.3097040355205536,0.3626493811607361,2.667757034301758,3.2498998641967773,0.720344066619873,0,-1,1,232,1.0,2.0,232,1.3239641189575195,0,0.0,0,0.0,0,26.26999855041504,2,7
SH,GM,73,3121,185,185,18.5,0.29605719447135925,0.36028027534484863,12.356218338012695,14.876349449157715,1.5169092416763306,0,-1,1,185,1.0,2.0,185,0.8195071816444397,0,0.0,0,0.0,0,21.37377166748047,2,7
SH,GM,73,3122,136,136,13.600000000000001,0.1716141551733017,0.22235123813152313,0.6545464992523193,0.7821623086929321,0.2963448762893677,0,-1,1,136,1.0,2.0,136,1.5647040605545044,0,0.0,0,0.0,0,15.560056686401367,1,6
SH,GM,73,3123,1005,1005,100.5,0.353523313999176,0.48267999291419983,5.9066267013549805,6.584763526916504,0.5906181931495667,0,-1,1,707,0.7034825870646766,2.0,1005,0.004669518675655127,0,0.0,0,0.0,0,0.007097172550857067,1,6
SH,GM,73,3124,296,296,29.6,0.4022965133190155,0.5470051765441895,13.275712013244629,16.24833869934082,1.908315896987915,0,-1,1,17,0.057432432432432436,2.0,296,1.8846065998077393,0,0.0,0,0.0,0,3.732658624649048,1,6
SH,GM,73,3125,262,262,26.200000000000003,0.19643497467041016,0.2464691400527954,9.66837215423584,11.098366737365723,0.7027536630630493,0,-1,1,48,0.183206106870229,2.0,262,1.99265456199646,0,0.0,0,0.0,0,39.28238296508789,0,5
SH,GM,73,3126,198,198,19.8,0.3703651428222656,0.40497708320617676,9.949931144714355,11.233009338378906,1.302627444267273,0,-1,0,0,0.0,2.0,198,2.8817338943481445,0,0.0,0,0.0,0,62.15082931518555,2,7
SH,GM,73,3127,266,266,26.6,0.4524259865283966,0.5469993352890015,1.6635361909866333,2.164238214492798,0.6706053614616394,0,-1,1,266,1.0,2.0,266,0.6145948171615601,0,0.0,0,0.0,0,1.5641807317733765,0,5
SH,GM,73,3128,307,307,30.700000000000003,0.16765865683555603,0.19866317510604858,2.284782886505127,2.6690077781677246,0.38404619693756104,0,-1,1,261,0.8501628664495114,2.0,307,1.0679386854171753,0,0.0,0,0.0,0,13.237472534179688,0,5
SH,GM,73,3129,178,178,17.8,0.41807010769844055,0.5465959906578064,2.0964057445526123,2.4049391746520996,0.6714699268341064,0,-1,1,69,0.38764044943820225,2.0,178,1.7742414474487305,0,0.0,0,0.0,0,7.958954811096191,0,5
SH,GM,73,3130,311,311,31.1,0.15761291980743408,0.19982975721359253,3.2172868251800537,3.79556941986084,0.32528939843177795,0,-1,1,311,1.0,2.0,311,0.8437210917472839,0,0.0,0,0.0,0,22.85980224609375,0,5
SH,GM,73,3131,342,342,34.2,0.2316184937953949,0.337647020816803,1.3528801202774048,1.4742625951766968,0.2626003324985504,0,-1,1,342,1.0,2.0,342,1.0837053060531616,0,0.0,0,0.0,0,0.773762583732605,1,6
SH,GM,73,3132,181,181,18.1,0.2023862600326538,0.2554899752140045,2.3637495040893555,2.74637770652771,0.710202693939209,0,-1,1,179,0.988950276243094,2.0,181,0.7491154074668884,0,0.0,0,0.0,0,8.163047790527344,0,5
SH,GM,73,3133,272,272,27.200000000000003,0.21043100953102112,0.26225993037223816,11.07944393157959,12.99748420715332,0.9195788502693176,0,-1,0,0,0.0,2.0,272,2.7236359119415283,0,0.0,0,0.0,0,37.61605453491211,1,6
SH,GM,73,3134,194,194,19.400000000000002,0.27659571170806885,0.34175530076026917,1.7432490587234497,2.018026828765869,0.43247127532958984,0,-1,0,0,0.0,2.0,194,2.6876561641693115,0,0.0,0,0.0,0,19.009836196899414,2,7
SH,GM,73,3135,505,505,50.5,0.3190751373767853,0.4410366117954254,4.447571277618408,5.173409461975098,0.550992488861084,0,-1,1,505,1.0,2.0,505,0.1294384002685547,0,0.0,0,0.0,0,1.7901599407196045,1,6
SH,GM,73,3136,699,699,69.9,0.29055431485176086,0.4185987114906311,59.640037536621094,66.40089416503906,1.3162089586257935,0,-1,0,0,0.0,2.0,699,2.711588144302368,0,0.0,0,0.0,0,8.205881118774414,2,7
SH,GM,73,3137,133,133,13.3,0.2081230729818344,0.3074512481689453,1.3617533445358276,1.923770546913147,0.40380120277404785,0,-1,1,62,0.46616541353383456,2.0,133,1.7235798835754395,0,0.0,0,0.0,0,5.662167549133301,1,6
SH,GM,73,3138,190,190,19.0,0.12448114156723022,0.18477259576320648,0.7825669050216675,1.423563003540039,0.36690473556518555,0,-1,0,0,0.0,2.0,190,5.9489874839782715,0,0.0,0,0.0,0,31.63256072998047,1,6
SH,GM,73,3139,144,144,14.4,0.4131031334400177,0.6405342817306519,1.399920105934143,1.8430410623550415,0.48619210720062256,0,-1,1,144,1.0,2.0,144,1.6313339471817017,0,0.0,0,0.0,0,2.274059772491455,0,5
SH,GM,73,3140,338,338,33.800000000000004,0.40004852414131165,0.6715158820152283,2.5782907009124756,3.7611477375030518,0.7832948565483093,0,-1,1,139,0.41124260355029585,2.0,338,1.939649224281311,0,0.0,0,0.0,0,3.0611274242401123,2,7
SH,GM,73,3141,136,136,13.600000000000001,0.23292014002799988,0.3251950144767761,1.042238473892212,1.1771905422210693,0.38307851552963257,0,-1,0,0,0.0,2.0,136,5.913131237030029,0,0.0,0,0.0,0,3.663945436477661,2,7
SH,GM,73,3142,270,270,27.0,0.3382095992565155,0.42078354954719543,2.670334815979004,3.0741665363311768,0.41096821427345276,0,-1,1,270,1.0,2.0,270,1.326409935951233,0,0.0,0,0.0,0,11.21364974975586,1,6
SH,GM,73,3143,159,159,15.9,0.15174978971481323,0.18999305367469788,0.6297135949134827,0.7419424653053284,0.21763145923614502,0,-1,1,136,0.8553459119496856,2.0,159,1.1525993347167969,0,0.0,0,0.0,0,10.384955406188965,1,6
SH,GM,73,3144,342,342,34.2,0.2837028503417969,0.38001757860183716,3.2712252140045166,4.191006183624268,0.5796286463737488,0,-1,1,171,0.5,2.0,342,1.107761025428772,0,0.0,0,0.0,0,2.8361668586730957,2,7
SH,GM,73,3145,652,652,65.2,0.14544923603534698,0.18425294756889343,2.487612009048462,2.989457130432129,0.25263139605522156,0,-1,0,0,0.0,2.0,652,2.7298524379730225,0,0.0,0,0.0,0,2.3990578651428223,2,7
SH,GM,73,3146,303,303,30.3,0.2871954143047333,0.3452604115009308,1.3282989263534546,1.7288678884506226,0.29773688316345215,0,-1,1,303,1.0,2.0,303,1.1360834836959839,0,0.0,0,0.0,0,3.357811689376831,1,6
SH,GM,73,3147,256,256,25.6,0.22143343091011047,0.25140324234962463,15.957647323608398,21.47101402282715,1.7778750658035278,0,-1,0,0,0.0,2.0,256,2.610273838043213,0,0.0,0,0.0,0,68.01701354980469,1,6
SH,GM,73,3148,356,356,35.6,0.18616968393325806,0.2584766149520874,5.177069664001465,6.007081508636475,0.31032711267471313,0,-1,1,356,1.0,2.0,356,0.5424586534500122,0,0.0,0,0.0,0,1.5555692911148071,1,6
SH,GM,73,3149,163,163,16.3,0.2163567841053009,0.2536892294883728,4.317150592803955,5.129687309265137,0.4290788471698761,0,-1,1,163,1.0,2.0,163,1.1143715381622314,0,0.0,0,0.0,0,12.769882202148438,2,7
SH,GM,73,3150,1143,1143,114.30000000000001,0.1722734123468399,0.21476547420024872,32.69839859008789,43.8871955871582,1.0172120332717896,0,-1,0,0,0.0,2.0,1143,2.18850040435791,0,0.0,0,0.0,0,50.6601448059082,1,6
SH,GM,73,3151,149,149,14.9,0.21235191822052002,0.25403690338134766,2.6752734184265137,3.451364278793335,0.7259446978569031,0,-1,0,0,0.0,2.0,149,4.00128698348999,0,0.0,0,0.0,0,3.0965776443481445,0,5
SH,GM,73,3152,224,224,22.400000000000002,0.3464852273464203,0.5299997329711914,4.1897358894348145,5.2015767097473145,0.7515439987182617,0,-1,1,120,0.5357142857142857,2.0,224,1.590360403060913,0,0.0,0,0.0,0,21.234516143798828,2,7
SH,GM,73,3153,659,659,65.9,0.39623305201530457,0.5257617831230164,10.83633041381836,11.766630172729492,0.8092069625854492,0,-1,0,0,0.0,2.0,659,3.259493350982666,0,0.0,0,0.0,0,4.753120422363281,0,5
SH,GM,73,3154,172,172,17.2,0.7592086791992188,0.9272985458374023,6.052748680114746,7.7490105628967285,1.6263561248779297,1,124,1,49,0.28488372093023256,2.0,124,0.0,0,0.0,0,0.0,0,0.0,0,5
SH,GM,73,3155,340,340,34.0,0.30638349056243896,0.3890310823917389,14.719976425170898,16.751134872436523,1.00014066696167,0,-1,1,63,0.18529411764705883,2.0,340,1.2360600233078003,0,0.0,0,0.0,0,8.34482192993164,2,7
SH,GM,73,3156,234,234,23.400000000000002,0.22243142127990723,0.2865309417247772,12.098994255065918,15.119258880615234,1.1418101787567139,0,-1,0,0,0.0,2.0,234,4.426820278167725,0,0.0,0,0.0,0,14.550453186035156,0,5
SH,GM,73,3157,331,331,33.1,0.27484220266342163,0.3573412299156189,3.681046962738037,4.012975215911865,0.46040961146354675,0,-1,1,331,1.0,2.0,331,1.4139968156814575,0,0.0,0,0.0,0,14.658122062683105,1,6
SH,GM,73,3158,373,373,37.300000000000004,0.3102112114429474,0.395842969417572,1.0878868103027344,1.4751979112625122,0.3529282212257385,0,-1,1,255,0.6836461126005362,2.0,373,1.4613994359970093,0,0.0,0,0.0,0,1.062291145324707,2,7
SH,GM,73,3159,331,331,33.1,0.17693713307380676,0.2374667227268219,1.0927568674087524,1.191012978553772,0.22166064381599426,0,-1,1,229,0.6918429003021148,2.0,331,1.3534506559371948,0,0.0,0,0.0,0,22.328367233276367,2,7
SH,GM,73,3160,173,173,17.3,0.31780076026916504,0.41161617636680603,5.382810592651367,7.353348731994629,0.9752714037895203,0,-1,1,173,1.0,2.0,173,0.3519101142883301,0,0.0,0,0.0,0,4.085826873779297,0,5
SH,GM,73,3161,240,240,24.0,0.2772645354270935,0.39259612560272217,2.4446728229522705,3.0728936195373535,0.6540964245796204,0,-1,1,240,1.0,2.0,240,0.8980265259742737,0,0.0,0,0.0,0,15.110807418823242,2,7
SH,GM,73,3162,1987,1987,198.70000000000002,0.27950796484947205,0.367999792098999,17.69535255432129,19.331531524658203,8.438813209533691,1,365,1,365,0.18369401107196778,2.0,365,0.0,0,0.0,0,0.0,0,0.0,0,5
SH,GM,73,3163,190,190,19.0,0.2600492238998413,0.3143201172351837,0.7886514067649841,1.071042537689209,0.364749938249588,0,-1,1,190,1.0,2.0,190,1.3331272602081299,0,0.0,0,0.0,0,7.004692554473877,2,7
SH,GM,73,3164,344,344,34.4,0.1565834879875183,0.1908780336380005,15.936400413513184,18.75736427307129,1.0091722011566162,0,-1,0,0,0.0,2.0,344,3.4881949424743652,0,0.0,0,0.0,0,45.41148376464844,2,7
SH,GM,73,3165,174,174,17.400000000000002,0.44506388902664185,0.5852457880973816,6.204390525817871,6.972842693328857,3.3768327236175537,1,60,1,60,0.3448275862068966,2.0,60,0.0,0,0.0,0,0.0,0,0.0,0,5
SH,GM,73,3166,237,237,23.700000000000003,0.2667734622955322,0.36493921279907227,2.698699712753296,3.370163679122925,0.44062134623527527,0,-1,1,237,1.0,2.0,237,0.2182122766971588,0,0.0,0,0.0,0,4.433918476104736,1,6
SH,GM,73,3167,135,135,13.5,0.38236379623413086,0.457004576921463,1.9609040021896362,2.228968858718872,0.3159412741661072,0,-1,1,59,0.43703703703703706,2.0,135,1.0547467470169067,0,0.0,0,0.0,0,0.5234724879264832,1,6
SH,GM,73,3168,191,191,19.1,0.19651886820793152,0.24279670417308807,3.2651853561401367,3.591657876968384,0.4959680140018463,0,-1,1,191,1.0,2.0,191,0.3277547359466553,0,0.0,0,0.0,0,5.578910827636719,1,6
SH,GM,73,3169,264,264,26.400000000000002,0.3280058205127716,0.44528433680534363,1.071609616279602,1.3995018005371094,0.3665250241756439,0,-1,1,241,0.9128787878787878,2.0,264,1.8157520294189453,0,0.0,0,0.0,0,3.3601367473602295,2,7
SH,GM,73,3170,821,821,82.10000000000001,0.23244565725326538,0.283640056848526,8.107674598693848,9.67369556427002,0.8681303858757019,0,-1,1,675,0.8221680876979294,2.0,821,1.007097601890564,0,0.0,0,0.0,0,13.799798965454102,0,5
SH,GM,73,3171,175,175,17.5,0.6647564768791199,0.957261323928833,3.281834125518799,5.963501930236816,1.7455161809921265,0,-1,1,2,0.011428571428571429,2.0,175,1.9825589656829834,0,0.0,0,0.0,0,15.357232093811035,0,5
SH,GM,73,3172,324,324,32.4,0.46069902181625366,0.5583797097206116,2.74282169342041,3.054814100265503,0.7153035998344421,0,-1,1,324,1.0,2.0,324,0.5839108228683472,0,0.0,0,0.0,0,10.028167724609375,1,6
SH,GM,73,3173,299,299,29.900000000000002,0.3071426451206207,0.352115660905838,3.3274643421173096,4.321938991546631,0.6474994421005249,0,-1,1,60,0.20066889632107024,2.0,299,1.5330166816711426,0,0.0,0,0.0,0,5.926249027252197,2,7
SH,GM,73,3174,251,251,25.1,0.494055837392807,0.6177079677581787,3.9478673934936523,4.975316524505615,0.7515115737915039,1,244,1,178,0.7091633466135459,2.0,244,0.0,0,0.0,0,0.0,0,0.0,0,5
SH,GM,73,3175,132,132,13.200000000000001,0.3455033004283905,0.436141699552536,1.4978151321411133,1.7974902391433716,0.42083844542503357,0,-1,1,27,0.20454545454545456,2.0,132,1.7481014728546143,0,0.0,0,0.0,0,1.1266885995864868,2,7
SH,GM,73,3176,246,246,24.6,0.325072705745697,0.4291450083255768,2.380185842514038,2.99446702003479,0.5552615523338318,0,-1,0,0,0.0,2.0,246,2.054680824279785,0,0.0,0,0.0,0,1.9105582237243652,1,6
SH,GM,73,3177,374,374,37.4,0.5403710603713989,0.6687853336334229,32.49382781982422,34.73836135864258,1.6219561100006104,0,-1,0,0,0.0,2.0,374,2.688263416290283,0,0.0,0,0.0,0,24.725013732910156,2,7
SH,GM,73,3178,836,836,83.60000000000001,0.2989729940891266,0.41040635108947754,10.365352630615234,11.110210418701172,0.6602538824081421,0,-1,1,775,0.9270334928229665,2.0,836,1.056803822517395,0,0.0,0,0.0,0,15.443880081176758,1,6
SH,GM,73,3179,275,275,27.5,0.3787526488304138,0.46530991792678833,44.42634963989258,56.45725631713867,3.852846145629883,0,-1,0,0,0.0,2.0,275,3.329296588897705,0,0.0,0,0.0,0,9.10260009765625,2,7
SH,GM,73,3180,180,180,18.0,0.6491120457649231,0.8082854747772217,5.154609680175781,6.2789530754089355,1.8048312664031982,0,-1,1,24,0.13333333333333333,2.0,180,1.9646855592727661,0,0.0,0,0.0,0,15.901801109313965,0,5
SH,GM,73,3181,211,211,21.1,0.20759715139865875,0.2570579946041107,4.944802761077881,7.076445579528809,0.8077764511108398,0,-1,0,0,0.0,2.0,211,2.4347286224365234,0,0.0,0,0.0,0,50.867759704589844,0,5
SH,GM,73,3182,154,154,15.4,0.4321187138557434,0.5107398629188538,1.7979170083999634,2.1120784282684326,0.734089195728302,0,-1,1,154,1.0,2.0,154,1.2636072635650635,0,0.0,0,0.0,0,10.511494636535645,1,6
SH,GM,73,3183,167,167,16.7,0.2690817713737488,0.3259113132953644,7.643401145935059,9.281792640686035,0.9529286623001099,0,-1,1,167,1.0,2.0,167,0.2303348183631897,0,0.0,0,0.0,0,1.6791934967041016,1,6
SH,GM,73,3184,341,341,34.1,0.30220329761505127,0.3774149715900421,29.136085510253906,35.653263092041016,1.7385443449020386,0,-1,1,78,0.2287390029325513,2.0,341,1.2529785633087158,0,0.0,0,0.0,0,3.3460636138916016,2,7
SH,GM,73,3185,169,169,16.900000000000002,0.5290578603744507,0.674325704574585,9.187934875488281,10.58980655670166,1.7982672452926636,0,-1,0,0,0.0,2.0,169,2.6691811084747314,0,0.0,0,0.0,0,7.084081172943115,0,5
SH,GM,73,3186,259,259,25.900000000000002,0.35927367210388184,0.43218377232551575,2.3875880241394043,3.228943347930908,0.866813600063324,0,-1,1,224,0.8648648648648649,2.0,259,1.254351019859314,0,0.0,0,0.0,0,7.678674697875977,0,5
SH,GM,73,3187,547,547,54.7,0.2844788134098053,0.35987457633018494,2.791212797164917,3.238205909729004,0.35638102889060974,0,-1,0,0,0.0,2.0,547,3.6454074382781982,0,0.0,0,0.0,0,3.3284072875976562,2,7
SH,GM,73,3188,202,202,20.200000000000003,0.21320603787899017,0.2497161328792572,3.893902540206909,6.019741058349609,1.0237926244735718,0,-1,0,0,0.0,2.0,202,2.020674705505371,0,0.0,0,0.0,0,55.580928802490234,2,7
SH,GM,73,3189,196,196,19.6,0.19110551476478577,0.22041113674640656,11.245207786560059,14.087285995483398,1.4675496816635132,0,-1,0,0,0.0,2.0,196,2.327003240585327,0,0.0,0,0.0,0,27.96097183227539,2,7
SH,GM,73,3190,144,144,14.4,0.3198377192020416,0.43553540110588074,2.966993808746338,3.424166679382324,0.4313441812992096,0,-1,1,144,1.0,2.0,144,0.521939218044281,0,0.0,0,0.0,0,3.9927237033843994,1,6
SH,GM,73,3191,266,266,26.6,0.23263294994831085,0.2868747413158417,7.195940971374512,8.474014282226562,0.7864569425582886,0,-1,1,266,1.0,2.0,266,0.933154821395874,0,0.0,0,0.0,0,17.68807029724121,2,7
SH,GM,73,3192,329,329,32.9,0.5629894137382507,0.7297195792198181,27.898820877075195,33.6183967590332,1.8990001678466797,0,-1,0,0,0.0,2.0,329,2.1919615268707275,0,0.0,0,0.0,0,3.825313091278076,1,6
SH,GM,73,3193,408,408,40.800000000000004,0.3090900182723999,0.39222240447998047,3.43772292137146,4.367986679077148,0.7960019111633301,0,-1,1,333,0.8161764705882353,2.0,408,0.4023296535015106,0,0.0,0,0.0,0,1.8667560815811157,1,6
SH,GM,73,3194,493,493,49.300000000000004,0.42438337206840515,0.5683637261390686,15.847079277038574,20.513694763183594,1.442795753479004,0,-1,0,0,0.0,2.0,493,3.0452897548675537,0,0.0,0,0.0,0,4.577921390533447,1,6
SH,GM,73,3195,352,352,35.2,0.43670132756233215,0.5569682121276855,3.111637830734253,3.798187494277954,0.8243588805198669,0,-1,1,352,1.0,2.0,352,0.8739010691642761,0,0.0,0,0.0,0,8.009603500366211,2,7
SH,GM,73,3196,858,858,85.80000000000001,0.30064356327056885,0.4045962691307068,64.28652954101562,72.54277038574219,2.029690742492676,0,-1,0,0,0.0,2.0,858,3.715291976928711,0,0.0,0,0.0,0,11.80068302154541,1,6
SH,GM,73,3197,369,369,36.9,0.2861150801181793,0.37380725145339966,4.809474468231201,6.267792224884033,0.8649542331695557,0,-1,1,369,1.0,2.0,369,0.6390029191970825,0,0.0,0,0.0,0,8.341153144836426,0,5
SH,GM,73,3198,192,192,19.200000000000003,0.3505465090274811,0.42005401849746704,2.880659818649292,3.232532024383545,0.530225932598114,0,-1,1,192,1.0,2.0,192,0.8213536739349365,0,0.0,0,0.0,0,11.734633445739746,0,5
SH,GM,73,3199,329,329,32.9,0.19083072245121002,0.2420717179775238,1.7562445402145386,2.1371123790740967,0.33627328276634216,0,-1,1,193,0.5866261398176292,2.0,329,1.4768867492675781,0,0.0,0,0.0,0,23.45124626159668,2,7
SH,GM,73,3200,145,145,14.5,0.13397133350372314,0.17603899538516998,3.0062601566314697,4.146177768707275,0.6184881925582886,0,-1,0,0,0.0,2.0,145,2.0128233432769775,0,0.0,0,0.0,0,6.62903356552124,1,6
SH,GM,73,3201,285,285,28.5,0.2562788426876068,0.32257673144340515,2.5259451866149902,2.7265632152557373,0.3594766855239868,0,-1,1,21,0.07368421052631578,2.0,285,1.9500415325164795,0,0.0,0,0.0,0,1.9790446758270264,0,5
SH,GM,73,3202,339,339,33.9,0.21996989846229553,0.2990915775299072,35.96297073364258,44.76542663574219,2.601346254348755,0,-1,1,24,0.07079646017699115,2.0,339,1.8589166402816772,0,0.0,0,0.0,0,5.637970447540283,2,7
SH,GM,73,3203,171,171,17.1,0.3263930678367615,0.3934151232242584,1.6990554332733154,2.2340757846832275,0.43173640966415405,1,166,1,90,0.5263157894736842,2.0,166,0.0,0,0.0,0,0.0,0,0.0,1,6
SH,GM,73,3204,147,147,14.700000000000001,0.38016751408576965,0.4444746971130371,1.1288363933563232,1.3542262315750122,0.44500741362571716,0,-1,1,147,1.0,2.0,147,0.3696177005767822,0,0.0,0,0.0,0,2.8550684452056885,2,7
SH,GM,73,3205,388,388,38.800000000000004,0.4088907539844513,0.5580216646194458,1.7028878927230835,1.9299590587615967,0.36556196212768555,0,-1,1,367,0.9458762886597938,2.0,388,1.4141430854797363,0,0.0,0,0.0,0,1.8011276721954346,1,6
SH,GM,73,3206,277,277,27.700000000000003,0.15173229575157166,0.21172451972961426,20.940143585205078,27.02175521850586,1.8564016819000244,0,-1,1,277,1.0,2.0,277,0.966358482837677,0,0.0,0,0.0,0,25.18790054321289,1,6
SH,GM,73,3207,464,464,46.400000000000006,0.532964825630188,0.7037838697433472,5.950267314910889,6.762600421905518,3.623518943786621,1,122,1,122,0.2629310344827586,2.0,122,0.0,0,0.0,0,0.0,0,0.0,1,6
SH,GM,73,3208,416,416,41.6,0.20871973037719727,0.25808632373809814,5.057189464569092,5.7828569412231445,0.2618982195854187,0,-1,1,416,1.0,2.0,416,0.28072020411491394,0,0.0,0,0.0,0,1.215087652206421,0,5
SH,GM,73,3209,464,464,46.400000000000006,0.32561811804771423,0.4425015151500702,35.91049575805664,41.76897430419922,1.4465951919555664,0,-1,0,0,0.0,2.0,464,3.6209211349487305,0,0.0,0,0.0,0,9.388069152832031,2,7
SH,GM,73,3210,149,149,14.9,0.2871444821357727,0.3679564297199249,2.7845544815063477,3.2508811950683594,0.3910347819328308,0,-1,1,128,0.8590604026845637,2.0,149,0.015971003100275993,0,0.0,0,0.0,0,0.12213680148124695,1,6
SH,GM,73,3211,189,189,18.900000000000002,0.5024173855781555,0.6596518754959106,2.280050277709961,2.646929979324341,0.5810818076133728,1,177,1,177,0.9365079365079365,2.0,177,0.0,0,0.0,0,0.0,0,0.0,2,7
SH,GM,73,3212,385,385,38.5,0.4062648117542267,0.5016728639602661,8.250508308410645,9.249410629272461,0.7518628239631653,0,-1,1,130,0.33766233766233766,2.0,385,0.6967145204544067,0,0.0,0,0.0,0,6.0706095695495605,1,6
SH,GM,73,3213,532,532,53.2,0.2654094696044922,0.3382962644100189,19.7255859375,21.48345375061035,0.9625502228736877,0,-1,0,0,0.0,2.0,532,2.0350565910339355,0,0.0,0,0.0,0,7.345407485961914,0,5
SH,GM,73,3214,196,196,19.6,0.31176823377609253,0.41273850202560425,3.4686503410339355,4.0560736656188965,0.45121461153030396,0,-1,1,196,1.0,2.0,196,0.10666017979383469,0,0.0,0,0.0,0,0.7947049736976624,0,5
SH,GM,73,3215,610,610,61.0,0.1557602733373642,0.20550233125686646,17.946802139282227,20.553359985351562,0.5633958578109741,0,-1,0,0,0.0,2.0,610,2.550384283065796,0,0.0,0,0.0,0,22.557334899902344,0,5
SH,GM,73,3216,138,138,13.8,0.7023023962974548,0.9249037504196167,2.0750625133514404,3.3794174194335938,1.0877634286880493,0,-1,0,0,0.0,2.0,138,2.552863836288452,0,0.0,0,0.0,0,4.817072868347168,0,5
SH,GM,73,3217,401,401,40.1,0.2057240754365921,0.27606257796287537,2.4000439643859863,3.475534200668335,0.4309772551059723,0,-1,1,137,0.341645885286783,2.0,401,1.2618789672851562,0,0.0,0,0.0,0,0.6763513684272766,0,5
SH,GM,73,3218,240,240,24.0,0.24771033227443695,0.32677707076072693,1.2644399404525757,1.4515504837036133,0.2781105041503906,0,-1,0,0,0.0,2.0,240,2.402921438217163,0,0.0,0,0.0,0,2.2369916439056396,0,5
SH,GM,73,3219,158,158,15.8,0.2520699203014374,0.3081025779247284,1.0277881622314453,1.2111334800720215,0.3203851580619812,0,-1,0,0,0.0,2.0,158,2.827799081802368,0,0.0,0,0.0,0,3.3465166091918945,2,7
SH,GM,73,3220,173,173,17.3,0.2236413210630417,0.2972746789455414,1.8411736488342285,2.276618480682373,0.3444610834121704,0,-1,1,20,0.11560693641618497,2.0,173,1.9773675203323364,0,0.0,0,0.0,0,11.492022514343262,1,6
SH,GM,73,3221,209,209,20.900000000000002,0.14274737238883972,0.18240714073181152,1.1978596448898315,1.4416452646255493,0.40828460454940796,0,-1,1,179,0.8564593301435407,2.0,209,1.4013221263885498,0,0.0,0,0.0,0,22.317995071411133,1,6
SH,GM,73,3222,528,528,52.800000000000004,0.5230004787445068,0.7236331701278687,44.21567916870117,49.96467971801758,2.1680448055267334,0,-1,0,0,0.0,2.0,528,4.19060754776001,0,0.0,0,0.0,0,6.634382724761963,2,7
SH,GM,73,3223,295,295,29.5,0.29419437050819397,0.39227819442749023,4.966454982757568,5.950057029724121,0.6364045739173889,1,268,1,268,0.9084745762711864,2.0,268,0.0,0,0.0,0,0.0,0,0.0,2,7
SH,GM,73,3224,174,174,17.400000000000002,0.12121656537055969,0.14111724495887756,3.1782233715057373,3.8705079555511475,0.519586443901062,0,-1,1,107,0.6149425287356322,2.0,174,1.4100744724273682,0,0.0,0,0.0,0,14.125508308410645,1,6
SH,GM,73,3225,339,339,33.9,0.3330862522125244,0.486068993806839,17.44852066040039,19.146791458129883,1.1814732551574707,0,-1,0,0,0.0,2.0,339,3.163752317428589,0,0.0,0,0.0,0,5.995930194854736,0,5
SH,GM,73,3226,161,161,16.1,0.39883846044540405,0.5099454522132874,11.276493072509766,13.49919319152832,1.4299243688583374,0,-1,0,0,0.0,2.0,161,2.8149406909942627,0,0.0,0,0.0,0,5.847682476043701,1,6
SH,GM,73,3227,379,379,37.9,0.27362287044525146,0.355265349149704,11.476576805114746,13.142309188842773,0.6321498155593872,0,-1,1,379,1.0,2.0,379,0.3156232535839081,0,0.0,0,0.0,0,5.011554718017578,2,7
SH,GM,73,3228,369,369,36.9,0.14523161947727203,0.1973494291305542,2.726069688796997,3.693394899368286,0.4223634600639343,0,-1,1,250,0.6775067750677507,2.0,369,1.4494861364364624,0,0.0,0,0.0,0,21.555919647216797,2,7
SH,GM,73,3229,276,276,27.6,0.43397459387779236,0.5412375926971436,5.919778347015381,7.025730133056641,1.0193946361541748,0,-1,1,276,1.0,2.0,276,0.4839608073234558,0,0.0,0,0.0,0,1.3225127458572388,1,6
SH,GM,73,3230,236,236,23.6,0.3137909770011902,0.3791453540325165,22.13117027282715,26.15443992614746,1.8070344924926758,0,-1,0,0,0.0,2.0,236,3.636343479156494,0,0.0,0,0.0,0,56.498626708984375,2,7
SH,GM,73,3231,157,157,15.700000000000001,0.3232090473175049,0.37645354866981506,9.219534873962402,10.45665454864502,0.9780511260032654,0,-1,1,147,0.9363057324840764,2.0,157,1.241817831993103,0,0.0,0,0.0,0,32.521854400634766,0,5
SH,GM,73,3232,186,186,18.6,0.27365824580192566,0.38412442803382874,9.118168830871582,11.39408016204834,1.2798724174499512,0,-1,0,0,0.0,2.0,186,2.036015272140503,0,0.0,0,0.0,0,7.050811767578125,2,7
SH,GM,73,3233,205,205,20.5,0.26567888259887695,0.37107789516448975,4.819169044494629,5.325859069824219,0.6129319667816162,0,-1,0,0,0.0,2.0,205,3.378993272781372,0,0.0,0,0.0,0,2.933155059814453,1,6
SH,GM,73,3234,985,985,98.5,0.2983438968658447,0.37025055289268494,2.819711446762085,3.3663408756256104,0.5676923990249634,0,-1,1,985,1.0,2.0,985,1.124888300895691,0,0.0,0,0.0,0,14.539565086364746,1,6
SH,GM,73,3235,175,175,17.5,0.49590444564819336,0.6973587274551392,2.363163709640503,3.0793633460998535,0.9207412004470825,1,144,1,83,0.4742857142857143,2.0,144,0.0,0,0.0,0,0.0,0,0.0,1,6
SH,GM,73,3236,217,217,21.700000000000003,0.3356949985027313,0.4669484496116638,3.3123841285705566,3.759754180908203,0.6245006322860718,0,-1,1,217,1.0,2.0,217,0.3520209789276123,0,0.0,0,0.0,0,4.700466632843018,0,5
SH,GM,73,3237,214,214,21.400000000000002,0.18617872893810272,0.274935245513916,4.5939249992370605,5.296779155731201,0.5251303911209106,0,-1,1,53,0.24766355140186916,2.0,214,1.0710110664367676,0,0.0,0,0.0,0,0.37341180443763733,2,7
SH,GM,73,3238,234,234,23.400000000000002,0.37328505516052246,0.44744446873664856,18.942052841186523,21.801151275634766,1.6252249479293823,0,-1,0,0,0.0,2.0,234,2.8366854190826416,0,0.0,0,0.0,0,8.737020492553711,1,6
SH,GM,73,3239,145,145,14.5,0.30634981393814087,0.3785041272640228,2.334571361541748,3.3275697231292725,0.7689491510391235,0,-1,0,0,0.0,2.0,145,4.041619300842285,0,0.0,0,0.0,0,5.4713053703308105,2,7
SH,GM,73,3240,362,362,36.2,0.22977039217948914,0.295273095369339,6.736183166503906,7.978583335876465,0.842873752117157,1,351,1,102,0.281767955801105,2.0,351,0.0,0,0.0,0,0.0,0,0.0,1,6
SH,GM,73,3241,186,186,18.6,0.3225468099117279,0.3928658664226532,13.598678588867188,15.894523620605469,1.4499626159667969,0,-1,1,19,0.10215053763440861,2.0,186,1.9252899885177612,0,0.0,0,0.0,0,22.093488693237305,0,5
SH,GM,73,3242,185,185,18.5,0.3003621995449066,0.39937928318977356,6.49362850189209,7.332479000091553,0.6433670520782471,0,-1,1,7,0.03783783783783784,2.0,185,1.8807356357574463,0,0.0,0,0.0,0,9.98279857635498,0,5
SH,GM,73,3243,162,162,16.2,0.426683634519577,0.5013307332992554,9.011655807495117,10.519246101379395,1.0365623235702515,0,-1,0,0,0.0,2.0,162,2.4409737586975098,0,0.0,0,0.0,0,9.35279655456543,1,6
SH,GM,73,3244,133,133,13.3,0.668749213218689,0.8238276243209839,4.560455322265625,5.674279689788818,1.6557976007461548,1,79,1,55,0.41353383458646614,2.0,79,0.0,0,0.0,0,0.0,0,0.0,2,7
SH,GM,73,3245,334,334,33.4,0.3171006739139557,0.48818573355674744,2.1227827072143555,2.5039846897125244,0.4847880005836487,0,-1,1,334,1.0,2.0,334,0.3005983531475067,0,0.0,0,0.0,0,2.3544576168060303,2,7
SH,GM,73,3246,318,318,31.8,0.3016758859157562,0.3669017255306244,2.461212635040283,2.8341000080108643,0.4598715901374817,0,-1,1,318,1.0,2.0,318,0.35361239314079285,0,0.0,0,0.0,0,7.059284210205078,1,6
SH,GM,73,3247,247,247,24.700000000000003,0.2968854010105133,0.37287697196006775,1.5003517866134644,2.274609088897705,0.6238207221031189,0,-1,1,237,0.9595141700404858,2.0,247,1.1221368312835693,0,0.0,0,0.0,0,4.948589324951172,2,7
SH,GM,73,3248,243,243,24.3,0.26069581508636475,0.32053428888320923,1.0873066186904907,1.1953470706939697,0.21284537017345428,0,-1,0,0,0.0,2.0,243,2.7632858753204346,0,0.0,0,0.0,0,3.2736239433288574,0,5
SH,GM,73,3249,156,156,15.600000000000001,0.2721777558326721,0.3658781945705414,2.822324275970459,3.2380764484405518,0.43591806292533875,0,-1,1,156,1.0,2.0,156,0.6437186598777771,0,0.0,0,0.0,0,9.975565910339355,2,7
SH,GM,73,3250,447,447,44.7,0.24632176756858826,0.2921964228153229,14.976417541503906,18.39202880859375,0.7706241011619568,0,-1,1,175,0.39149888143176736,2.0,447,1.202345848083496,0,0.0,0,0.0,0,15.20138931274414,2,7
SH,GM,73,3251,172,172,17.2,0.27453407645225525,0.3859923779964447,2.113114595413208,2.8126258850097656,0.512931227684021,0,-1,0,0,0.0,2.0,172,2.78149676322937,0,0.0,0,0.0,0,5.916708946228027,1,6
SH,GM,73,3252,200,200,20.0,0.2895076274871826,0.39641648530960083,5.794254302978516,6.644599437713623,0.7620737552642822,1,155,1,70,0.35,2.0,155,0.0,0,0.0,0,0.0,0,0.0,1,6
SH,GM,73,3253,196,196,19.6,0.1616550236940384,0.19729474186897278,0.9149205088615417,0.966776430606842,0.1852308064699173,0,-1,0,0,0.0,2.0,196,2.3730788230895996,0,0.0,0,0.0,0,3.643583059310913,1,6
SH,GM,73,3254,552,552,55.2,0.18311572074890137,0.24725361168384552,7.432407379150391,8.19873046875,0.5440449118614197,0,-1,1,545,0.9873188405797102,2.0,552,1.2539124488830566,0,0.0,0,0.0,0,19.36566734313965,0,5
SH,GM,73,3255,248,248,24.8,0.6332008838653564,0.8318091630935669,3.720944404602051,4.751750946044922,0.7880465388298035,0,-1,1,136,0.5483870967741935,2.0,248,1.2098933458328247,0,0.0,0,0.0,0,2.1844563484191895,2,7
SH,GM,73,3256,136,136,13.600000000000001,0.20744721591472626,0.22795061767101288,2.59309720993042,4.110847473144531,0.9135389924049377,0,-1,0,0,0.0,2.0,136,2.374173879623413,0,0.0,0,0.0,0,31.778358459472656,0,5
SH,GM,73,3257,149,149,14.9,0.1903868168592453,0.23884421586990356,1.1447936296463013,1.3561861515045166,0.26150748133659363,0,-1,0,0,0.0,2.0,149,3.295264482498169,0,0.0,0,0.0,0,3.0336899757385254,2,7
SH,GM,73,3258,167,167,16.7,0.3744644522666931,0.5266879796981812,4.142709255218506,5.040578842163086,0.7590101957321167,1,139,1,75,0.4491017964071856,2.0,139,0.0,0,0.0,0,0.0,0,0.0,2,7
SH,GM,73,3259,248,248,24.8,0.24790102243423462,0.2972804605960846,2.4808363914489746,2.702392339706421,0.3229677677154541,0,-1,0,0,0.0,2.0,248,2.6696934700012207,0,0.0,0,0.0,0,3.4925811290740967,0,5
SH,GM,73,3260,306,306,30.6,0.4768010079860687,0.6284276247024536,11.352014541625977,20.307424545288086,0.6890050172805786,1,190,1,190,0.6209150326797386,2.0,190,0.0,0,0.0,0,0.0,0,0.0,2,7
SH,GM,73,3261,199,199,19.900000000000002,0.1593293398618698,0.19025316834449768,1.9545543193817139,2.3343453407287598,0.34676212072372437,0,-1,0,0,0.0,2.0,199,2.0461478233337402,0,0.0,0,0.0,0,42.39260482788086,1,6
SH,GM,73,3262,220,220,22.0,0.18683482706546783,0.21450228989124298,3.341390609741211,3.886204481124878,0.7534836530685425,0,-1,1,69,0.31363636363636366,2.0,220,1.608879804611206,0,0.0,0,0.0,0,25.560651779174805,1,6
SH,GM,73,3263,679,679,67.9,0.22874781489372253,0.29042139649391174,6.484659671783447,9.317363739013672,0.4359740614891052,0,-1,1,290,0.4270986745213549,2.0,679,1.2762508392333984,0,0.0,0,0.0,0,29.314165115356445,1,6
SH,GM,73,3264,164,164,16.400000000000002,0.4670167863368988,0.5967709422111511,4.880369186401367,5.6228413581848145,0.6940854787826538,1,136,1,136,0.8292682926829268,2.0,136,0.0,0,0.0,0,0.0,0,0.0,0,5
SH,GM,73,3265,412,412,41.2,0.4517020881175995,1.0146262645721436,16.565847396850586,21.287025451660156,1.2432878017425537,0,-1,0,0,0.0,2.0,412,2.0648691654205322,0,0.0,0,0.0,0,2.9606614112854004,2,7
SH,GM,73,3266,1275,1275,127.5,0.3341154158115387,0.4158102869987488,12.801179885864258,16.062210083007812,0.5508439540863037,0,-1,1,584,0.45803921568627454,2.0,1275,0.9129691123962402,0,0.0,0,0.0,0,3.543985366821289,0,5
SH,GM,73,3267,224,224,22.400000000000002,0.3184208869934082,0.4032481014728546,5.112722873687744,5.926259994506836,0.7455675005912781,0,-1,0,0,0.0,2.0,224,2.010678768157959,0,0.0,0,0.0,0,2.7970876693725586,0,5
SH,GM,73,3268,186,186,18.6,0.26609504222869873,0.39733895659446716,26.999820709228516,33.010040283203125,3.2402231693267822,0,-1,1,186,1.0,2.0,186,0.7911866307258606,0,0.0,0,0.0,0,16.618764877319336,1,6
SH,GM,73,3269,243,243,24.3,0.25348225235939026,0.29953113198280334,3.0771820545196533,3.2771646976470947,0.37680235505104065,0,-1,0,0,0.0,2.0,243,2.4252898693084717,0,0.0,0,0.0,0,6.101683139801025,1,6
SH,GM,73,3270,153,153,15.3,0.1365920901298523,0.15498928725719452,4.107111930847168,5.467039108276367,0.6983834505081177,0,-1,1,153,1.0,2.0,153,1.5738862752914429,0,0.0,0,0.0,0,14.213874816894531,1,6
SH,GM,73,3271,254,254,25.400000000000002,0.3555596172809601,0.43537062406539917,1.4980379343032837,1.6774793863296509,0.4658167362213135,0,-1,1,224,0.8818897637795275,2.0,254,1.099683403968811,0,0.0,0,0.0,0,1.022375464439392,0,5
SH,GM,73,3272,239,239,23.900000000000002,0.26616930961608887,0.34325161576271057,3.2698020935058594,4.5064005851745605,0.4593546390533447,0,-1,0,0,0.0,2.0,239,2.765869617462158,0,0.0,0,0.0,0,2.171999454498291,1,6
SH,GM,73,3273,173,173,17.3,0.13165830075740814,0.15821360051631927,1.2816838026046753,1.5401426553726196,0.44917160272598267,0,-1,1,173,1.0,2.0,173,1.574243426322937,0,0.0,0,0.0,0,30.84390640258789,2,7
SH,GM,73,3274,188,188,18.8,0.3749784231185913,0.4516764283180237,3.2072410583496094,3.725090980529785,0.5199332237243652,0,-1,1,58,0.30851063829787234,2.0,188,1.938914179801941,0,0.0,0,0.0,0,10.223672866821289,2,7
SH,GM,73,3275,146,146,14.600000000000001,0.26853764057159424,0.3137314021587372,3.8470654487609863,5.113366603851318,0.7718020677566528,0,-1,1,146,1.0,2.0,146,0.2882596552371979,0,0.0,0,0.0,0,5.330826759338379,2,7
SH,GM,73,3276,175,175,17.5,0.21531794965267181,0.2518475353717804,1.068662405014038,1.343653917312622,0.40624842047691345,0,-1,0,0,0.0,2.0,175,3.680269718170166,0,0.0,0,0.0,0,8.525552749633789,2,7
SH,GM,73,3277,139,139,13.9,0.42755037546157837,0.5197410583496094,2.574244976043701,3.335756778717041,0.7965109348297119,0,-1,1,70,0.5035971223021583,2.0,139,1.7734841108322144,0,0.0,0,0.0,0,5.104681968688965,0,5
SH,GM,73,3278,590,590,59.0,0.2385302037000656,0.30525434017181396,3.123175621032715,4.284731864929199,0.49965932965278625,0,-1,1,304,0.5152542372881356,2.0,590,1.4960139989852905,0,0.0,0,0.0,0,5.905680179595947,2,7
SH,GM,73,3279,155,155,15.5,0.34502023458480835,0.40569987893104553,2.952171564102173,3.347414493560791,0.6706335544586182,1,123,1,123,0.7935483870967742,2.0,123,0.0,0,0.0,0,0.0,0,0.0,0,5
SH,GM,73,3280,338,338,33.800000000000004,0.2658405900001526,0.3528730273246765,5.036993026733398,5.5738420486450195,0.4638298451900482,0,-1,1,99,0.29289940828402367,2.0,338,0.6880307793617249,0,0.0,0,0.0,0,4.506433963775635,0,5
SH,GM,73,3281,145,145,14.5,0.2937690019607544,0.3814423084259033,5.134561538696289,7.209531784057617,1.0843430757522583,0,-1,0,0,0.0,2.0,145,2.4984238147735596,0,0.0,0,0.0,0,37.52570724487305,0,5
SH,GM,73,3282,246,246,24.6,0.2610253393650055,0.32492148876190186,23.82164192199707,27.794809341430664,1.8061878681182861,0,-1,1,246,1.0,2.0,246,0.3378373980522156,0,0.0,0,0.0,0,5.860808372497559,2,7
SH,GM,73,3283,198,198,19.8,0.12469442188739777,0.1754636913537979,4.800440788269043,6.512453556060791,0.7486599087715149,0,-1,0,0,0.0,2.0,198,4.851718425750732,0,0.0,0,0.0,0,102.59195709228516,0,5
SH,GM,73,3284,294,294,29.400000000000002,0.45282402634620667,0.5667028427124023,19.631315231323242,22.000226974487305,1.9716863632202148,0,-1,0,0,0.0,2.0,294,3.5261309146881104,0,0.0,0,0.0,0,32.082542419433594,2,7
SH,GM,73,3285,234,234,23.400000000000002,0.35424089431762695,0.5081186890602112,3.6781787872314453,5.055994033813477,0.7134034037590027,0,-1,1,234,1.0,2.0,234,0.8708831071853638,0,0.0,0,0.0,0,13.456446647644043,2,7
SH,GM,73,3286,530,530,53.0,0.41137513518333435,0.5145568251609802,10.9987154006958,15.662357330322266,1.4061903953552246,0,-1,1,68,0.12830188679245283,2.0,530,1.933741807937622,0,0.0,0,0.0,0,1.320934534072876,0,5
SH,GM,73,3287,306,306,30.6,0.5376270413398743,0.6801393628120422,26.71405792236328,29.624469757080078,2.339033365249634,0,-1,0,0,0.0,2.0,306,3.7583799362182617,0,0.0,0,0.0,0,8.797663688659668,0,5
SH,GM,73,3288,231,231,23.1,0.3792656362056732,0.49195000529289246,7.003567218780518,7.908261775970459,0.8868067264556885,1,194,1,194,0.8398268398268398,2.0,194,0.0,0,0.0,0,0.0,0,0.0,2,7
SH,GM,73,3289,159,159,15.9,0.4334184229373932,0.6064457297325134,4.6423115730285645,6.568917274475098,1.016133189201355,0,-1,0,0,0.0,2.0,159,3.868004322052002,0,0.0,0,0.0,0,8.075630187988281,2,7
SH,GM,73,3290,156,156,15.600000000000001,0.28837305307388306,0.3757847547531128,11.364470481872559,13.862936019897461,1.80567467212677,0,-1,0,0,0.0,2.0,156,3.1100895404815674,0,0.0,0,0.0,0,6.139516830444336,0,5
SH,GM,73,3291,1271,1271,127.10000000000001,0.3337714970111847,0.4395183324813843,1.6821911334991455,2.1580638885498047,0.4976947009563446,0,-1,1,1271,1.0,2.0,1271,0.6383752822875977,0,0.0,0,0.0,0,1.440111756324768,1,6
SH,GM,73,3292,159,159,15.9,0.2506978511810303,0.49353519082069397,0.7752308249473572,1.0551093816757202,0.42088717222213745,0,-1,1,54,0.33962264150943394,2.0,159,1.369824767112732,0,0.0,0,0.0,0,16.761009216308594,0,5
SH,GM,73,3293,247,247,24.700000000000003,0.5898062586784363,0.6922862529754639,22.15131950378418,26.61893653869629,5.811078071594238,1,45,1,45,0.18218623481781376,2.0,45,0.0,0,0.0,0,0.0,0,0.0,0,5
SH,GM,73,3294,474,474,47.400000000000006,0.3815637528896332,0.5240057706832886,2.5079967975616455,3.1574361324310303,0.6762880682945251,0,-1,1,430,0.9071729957805907,2.0,474,1.063346266746521,0,0.0,0,0.0,0,4.2278923988342285,2,7
SH,GM,73,3295,140,140,14.0,0.2032228261232376,0.25365081429481506,8.193580627441406,10.328143119812012,1.392237901687622,0,-1,0,0,0.0,2.0,140,2.1265077590942383,0,0.0,0,0.0,0,28.257843017578125,1,6
SH,GM,73,3296,194,194,19.400000000000002,0.461125910282135,0.5635373592376709,9.953466415405273,11.619415283203125,0.9798945784568787,0,-1,0,0,0.0,2.0,194,3.974097490310669,0,0.0,0,0.0,0,5.93647575378418,0,5
SH,GM,73,3297,714,714,71.4,0.21205030381679535,0.2861914038658142,3.741049289703369,4.515068054199219,0.6134524941444397,0,-1,1,714,1.0,2.0,714,0.2483212649822235,0,0.0,0,0.0,0,1.0685710906982422,1,6
SH,GM,73,3298,159,159,15.9,0.24071824550628662,0.3226776421070099,5.788125991821289,6.973686218261719,0.908115029335022,0,-1,0,0,0.0,2.0,159,2.355731964111328,0,0.0,0,0.0,0,24.355714797973633,1,6
SH,GM,73,3299,530,530,53.0,0.25736212730407715,0.31355351209640503,11.615760803222656,13.565260887145996,0.9543396830558777,0,-1,0,0,0.0,2.0,530,2.248602867126465,0,0.0,0,0.0,0,38.03683853149414,1,6
SH,GM,73,3300,138,138,13.8,0.17630703747272491,0.22250260412693024,2.0193393230438232,2.387220621109009,0.33841779828071594,0,-1,0,0,0.0,2.0,138,2.226837158203125,0,0.0,0,0.0,0,7.069822788238525,1,6
SH,GM,73,3301,340,340,34.0,0.3428604304790497,0.4792376160621643,1.2801905870437622,1.4483646154403687,0.3726460933685303,0,-1,1,340,1.0,2.0,340,0.8866280317306519,0,0.0,0,0.0,0,0.6098103523254395,0,5
SH,GM,73,3302,481,481,48.1,0.25838345289230347,0.3190002143383026,21.745468139648438,24.211824417114258,1.197646141052246,0,-1,0,0,0.0,2.0,481,4.562414646148682,0,0.0,0,0.0,0,40.680908203125,1,6
SH,GM,73,3303,454,454,45.400000000000006,0.3251994252204895,0.42662060260772705,3.2931735515594482,4.705626964569092,0.6794989705085754,0,-1,0,0,0.0,2.0,454,2.372537612915039,0,0.0,0,0.0,0,2.9133830070495605,1,6
SH,GM,73,3304,154,154,15.4,0.4768153131008148,0.6989976763725281,2.1012792587280273,2.8314175605773926,0.8722327351570129,0,-1,1,102,0.6623376623376623,2.0,154,1.775452733039856,0,0.0,0,0.0,0,3.5435144901275635,2,7
SH,GM,73,3305,246,246,24.6,0.24818892776966095,0.2823959290981293,11.573437690734863,13.019943237304688,0.7906113862991333,0,-1,1,48,0.1951219512195122,2.0,246,1.9610073566436768,0,0.0,0,0.0,0,27.702552795410156,0,5
SH,GM,73,3306,1121,1121,112.10000000000001,0.28356635570526123,0.3932402431964874,9.050968170166016,13.35161304473877,0.577279269695282,0,-1,0,0,0.0,2.0,1121,2.447176933288574,0,0.0,0,0.0,0,3.983698606491089,1,6
SH,GM,73,3307,479,479,47.900000000000006,0.171650692820549,0.21288160979747772,3.5780622959136963,4.582986354827881,0.5361722111701965,0,-1,1,479,1.0,2.0,479,0.686518132686615,0,0.0,0,0.0,0,9.892264366149902,0,5
SH,GM,73,3308,304,304,30.400000000000002,0.3580009937286377,0.4578807055950165,5.234036922454834,5.977397441864014,0.6925423741340637,0,-1,1,304,1.0,2.0,304,0.6748374104499817,0,0.0,0,0.0,0,12.169734954833984,2,7
SH,GM,73,3309,163,163,16.3,0.12831541895866394,0.19332218170166016,0.7180439233779907,0.8027936816215515,0.14988701045513153,0,-1,0,0,0.0,2.0,163,3.455306053161621,0,0.0,0,0.0,0,2.7748637199401855,0,5
SH,GM,73,3310,171,171,17.1,0.35413724184036255,0.4654932916164398,6.1737380027771,7.175323963165283,0.7866708636283875,1,171,1,171,1.0,2.0,171,0.0,0,0.0,0,0.0,0,0.0,2,7
SH,GM,73,3311,187,187,18.7,0.37200021743774414,0.5156340599060059,3.9189116954803467,4.565635681152344,0.7768101096153259,0,-1,0,0,0.0,2.0,187,2.2497897148132324,0,0.0,0,0.0,0,5.124205589294434,2,7
SH,GM,73,3312,193,193,19.3,0.29315248131752014,0.3749212622642517,6.377658367156982,7.9554219245910645,0.8027138710021973,0,-1,1,9,0.046632124352331605,2.0,193,1.8432166576385498,0,0.0,0,0.0,0,26.879898071289062,1,6
SH,GM,73,3313,311,311,31.1,0.27979952096939087,0.3464345932006836,7.487313270568848,8.229928970336914,0.6054369807243347,0,-1,0,0,0.0,2.0,311,2.565770149230957,0,0.0,0,0.0,0,28.027706146240234,1,6
SH,GM,73,3314,158,158,15.8,0.3866814076900482,0.49085691571235657,2.629835605621338,3.029158115386963,0.5550132393836975,0,-1,1,158,1.0,2.0,158,0.045421525835990906,0,0.0,0,0.0,0,0.3185179531574249,0,5
SH,GM,73,3315,1228,1228,122.80000000000001,0.40486767888069153,0.5195162892341614,5.16541051864624,6.043686866760254,0.5247409343719482,0,-1,1,1228,1.0,2.0,1228,0.11451470851898193,0,0.0,0,0.0,0,0.1410498321056366,0,5
SH,GM,73,3316,280,280,28.0,0.32400012016296387,0.45307573676109314,0.9344544410705566,1.1971973180770874,0.4130832850933075,0,-1,1,280,1.0,2.0,280,0.5365955233573914,0,0.0,0,0.0,0,6.396385669708252,0,5
SH,GM,73,3317,195,195,19.5,0.20290426909923553,0.24250005185604095,6.9588799476623535,9.726020812988281,1.3163541555404663,0,-1,1,128,0.6564102564102564,2.0,195,1.1653339862823486,0,0.0,0,0.0,0,14.02844524383545,2,7
SH,GM,73,3318,442,442,44.2,0.2868898808956146,0.3928576111793518,23.119548797607422,25.309778213500977,1.148343801498413,0,-1,0,0,0.0,2.0,442,2.3268086910247803,0,0.0,0,0.0,0,6.272286891937256,2,7
SH,GM,73,3319,253,253,25.3,0.3940938711166382,0.4849887490272522,5.614058971405029,6.394782066345215,0.924054741859436,0,-1,1,196,0.7747035573122529,2.0,253,0.7572193145751953,0,0.0,0,0.0,0,5.990763187408447,0,5
SH,GM,73,3320,175,175,17.5,0.36218902468681335,0.4721589982509613,2.867795467376709,3.1170060634613037,0.5559966564178467,0,-1,0,0,0.0,2.0,175,2.2469208240509033,0,0.0,0,0.0,0,7.221518039703369,0,5
SH,GM,73,3321,288,288,28.8,0.37229713797569275,0.4491432011127472,3.57889986038208,5.815165042877197,0.7741477489471436,0,-1,1,256,0.8888888888888888,2.0,288,1.1925687789916992,0,0.0,0,0.0,0,16.404823303222656,0,5
SH,GM,73,3322,329,329,32.9,0.27859780192375183,0.3380716145038605,3.1492044925689697,4.2302045822143555,0.5809808969497681,1,283,1,283,0.8601823708206687,2.0,283,0.0,0,0.0,0,0.0,0,0.0,0,5
SH,GM,73,3323,135,135,13.5,0.5111715197563171,0.724635899066925,9.235140800476074,10.467612266540527,1.1330416202545166,0,-1,1,135,1.0,2.0,135,0.3047463297843933,0,0.0,0,0.0,0,4.580324649810791,2,7
SH,GM,73,3324,188,188,18.8,0.3246084153652191,0.42632338404655457,7.18636417388916,8.112553596496582,0.6852520108222961,0,-1,0,0,0.0,2.0,188,2.4394829273223877,0,0.0,0,0.0,0,28.6660099029541,0,5
SH,GM,73,3325,228,228,22.8,0.7484979033470154,1.021290898323059,29.330554962158203,35.480926513671875,3.195307493209839,1,188,1,188,0.8245614035087719,2.0,188,0.0,0,0.0,0,0.0,0,0.0,0,5
SH,GM,73,3326,485,485,48.5,0.36788031458854675,0.46996644139289856,4.794658660888672,5.158334255218506,0.43976250290870667,0,-1,1,485,1.0,2.0,485,0.17355971038341522,0,0.0,0,0.0,0,0.703269362449646,1,6
SH,GM,73,3327,290,290,29.0,0.22328396141529083,0.3102937638759613,2.9515528678894043,3.4096460342407227,0.4203041195869446,1,248,1,248,0.8551724137931035,2.0,248,0.0,0,0.0,0,0.0,0,0.0,2,7
SH,GM,73,3328,155,155,15.5,0.3128460645675659,0.376163512468338,3.009350061416626,3.9570860862731934,0.7303066849708557,0,-1,1,61,0.3935483870967742,2.0,155,1.215232491493225,0,0.0,0,0.0,0,4.767467975616455,1,6
SH,GM,73,3329,672,672,67.2,0.2926104962825775,0.3380146622657776,18.960548400878906,20.349891662597656,0.8433117866516113,0,-1,0,0,0.0,2.0,672,2.137648344039917,0,0.0,0,0.0,0,5.428365230560303,0,5
SH,GM,73,3330,358,358,35.800000000000004,0.3213227093219757,0.39238762855529785,4.6133856773376465,5.559881210327148,0.7293114066123962,0,-1,1,18,0.05027932960893855,2.0,358,1.8010066747665405,0,0.0,0,0.0,0,5.923553943634033,1,6
SH,GM,73,3331,206,206,20.6,0.17976006865501404,0.22032539546489716,3.081031322479248,3.7504029273986816,0.28706926107406616,0,-1,1,206,1.0,2.0,206,0.5188474655151367,0,0.0,0,0.0,0,10.3890962600708,2,7
SH,GM,73,3332,496,496,49.6,0.5020471811294556,0.7083307504653931,3.214081048965454,3.708052396774292,1.706882119178772,1,299,1,299,0.6028225806451613,2.0,299,0.0,0,0.0,0,0.0,0,0.0,0,5
SH,GM,73,3333,466,466,46.6,0.46154677867889404,0.5983081459999084,3.54720401763916,4.068002700805664,2.9146928787231445,1,216,1,216,0.463519313304721,2.0,216,0.0,0,0.0,0,0.0,0,0.0,1,6
SH,GM,73,3334,136,136,13.600000000000001,0.3488953709602356,0.4512197971343994,4.881045341491699,5.884887218475342,1.461281657218933,1,123,1,123,0.9044117647058824,2.0,123,0.0,0,0.0,0,0.0,0,0.0,1,6
SH,GM,73,3335,204,204,20.400000000000002,0.34411948919296265,0.40752509236335754,5.473463535308838,6.357825756072998,0.6327232122421265,0,-1,0,0,0.0,2.0,204,2.1369545459747314,0,0.0,0,0.0,0,4.994873523712158,2,7
SH,GM,73,3336,220,220,22.0,0.18346743285655975,0.24590221047401428,5.509015083312988,6.155171871185303,0.8117027282714844,0,-1,0,0,0.0,2.0,220,7.039742946624756,0,0.0,0,0.0,0,7.1806111335754395,2,7
SH,GM,73,3337,321,321,32.1,0.37337902188301086,0.46434980630874634,23.80405616760254,27.00544548034668,1.3637291193008423,0,-1,0,0,0.0,2.0,321,2.202672004699707,0,0.0,0,0.0,0,6.848604679107666,0,5
SH,GM,73,3338,425,425,42.5,0.18395866453647614,0.24265813827514648,17.09017562866211,23.025285720825195,1.1099461317062378,0,-1,1,57,0.13411764705882354,2.0,425,1.6377931833267212,0,0.0,0,0.0,0,28.30254554748535,0,5
SH,GM,73,3339,381,381,38.1,0.34894880652427673,0.43376433849334717,3.44995379447937,4.546840190887451,0.583848774433136,0,-1,0,0,0.0,2.0,381,2.9688611030578613,0,0.0,0,0.0,0,5.1659088134765625,1,6
SH,GM,73,3340,251,251,25.1,0.26091673970222473,0.3293468654155731,5.774545192718506,6.658669471740723,0.4904192388057709,0,-1,1,116,0.46215139442231074,2.0,251,1.0568292140960693,0,0.0,0,0.0,0,7.444417476654053,1,6
SH,GM,73,3341,224,224,22.400000000000002,0.2277665138244629,0.28668537735939026,2.2659854888916016,3.5885658264160156,0.6565570831298828,0,-1,1,184,0.8214285714285714,2.0,224,0.8502330183982849,0,0.0,0,0.0,0,10.830012321472168,1,6
SH,GM,73,3342,152,152,15.200000000000001,0.528377890586853,0.631517767906189,3.2127697467803955,3.8170299530029297,1.2859935760498047,0,-1,1,124,0.8157894736842105,2.0,152,0.9454452395439148,0,0.0,0,0.0,0,4.746264934539795,2,7
SH,GM,73,3343,300,300,30.0,0.3709784150123596,0.4171976149082184,28.64518165588379,36.53221893310547,2.3003151416778564,0,-1,0,0,0.0,2.0,300,8.774951934814453,0,0.0,0,0.0,0,13.601583480834961,1,6
SH,GM,73,3344,188,188,18.8,0.3591497838497162,0.45425668358802795,19.65764045715332,23.64828872680664,2.273235321044922,0,-1,0,0,0.0,2.0,188,2.3050923347473145,0,0.0,0,0.0,0,23.991168975830078,1,6
SH,GM,73,3345,720,720,72.0,0.29996457695961,0.40281474590301514,10.036056518554688,11.394890785217285,3.1488983631134033,1,397,1,178,0.24722222222222223,2.0,397,0.0,0,0.0,0,0.0,0,0.0,2,7
SH,GM,73,3346,185,185,18.5,0.605566680431366,0.873414933681488,2.1452720165252686,2.5991618633270264,1.0120930671691895,0,-1,1,185,1.0,2.0,185,0.5282236933708191,0,0.0,0,0.0,0,3.47115159034729,1,6
SH,GM,73,3347,170,170,17.0,0.18152838945388794,0.22588495910167694,3.9849605560302734,5.868662357330322,1.032855749130249,0,-1,1,49,0.28823529411764703,2.0,170,1.9574013948440552,0,0.0,0,0.0,0,31.40597152709961,0,5
SH,GM,73,3348,262,262,26.200000000000003,0.27814576029777527,0.36851605772972107,4.886749744415283,6.272735118865967,1.3501087427139282,0,-1,1,16,0.061068702290076333,2.0,262,1.6341615915298462,0,0.0,0,0.0,0,21.385921478271484,1,6
SH,GM,73,3349,231,231,23.1,0.3134549856185913,0.4241643249988556,8.013418197631836,10.824333190917969,1.0493667125701904,0,-1,0,0,0.0,2.0,231,2.635948657989502,0,0.0,0,0.0,0,40.17062759399414,0,5
SH,GM,73,3350,192,192,19.200000000000003,0.20147979259490967,0.34615111351013184,1.3900572061538696,2.0660128593444824,0.42206358909606934,0,-1,0,0,0.0,2.0,192,2.6505208015441895,0,0.0,0,0.0,0,16.7570858001709,1,6
SH,GM,73,3351,145,145,14.5,0.20020093023777008,0.2600768506526947,5.321142196655273,6.514573574066162,0.863447368144989,0,-1,0,0,0.0,2.0,145,3.280186176300049,0,0.0,0,0.0,0,8.629449844360352,1,6
SH,GM,73,3352,223,223,22.3,0.24160631000995636,0.3349466621875763,5.8710198402404785,6.880420207977295,0.6912810206413269,0,-1,0,0,0.0,2.0,223,3.2975478172302246,0,0.0,0,0.0,0,10.305634498596191,1,6
SH,GM,73,3353,205,205,20.5,0.3099980056285858,0.4532020688056946,1.3080426454544067,1.4800300598144531,0.4679003953933716,0,-1,0,0,0.0,2.0,205,2.707606792449951,0,0.0,0,0.0,0,4.349306106567383,2,7
SH,GM,73,3354,242,242,24.200000000000003,0.3841668963432312,0.5088798999786377,1.042534351348877,1.277593970298767,0.5130826830863953,0,-1,0,0,0.0,2.0,242,2.459188461303711,0,0.0,0,0.0,0,2.2034244537353516,0,5
SH,GM,73,3355,189,189,18.900000000000002,0.14230649173259735,0.2186126410961151,1.7965716123580933,2.4044644832611084,0.3859429359436035,0,-1,1,189,1.0,2.0,189,0.7393040060997009,0,0.0,0,0.0,0,14.23010540008545,0,5
SH,GM,73,3356,549,549,54.900000000000006,0.2326049953699112,0.29790323972702026,1.135246753692627,1.46096670627594,0.22026632726192474,0,-1,1,549,1.0,2.0,549,0.660412609577179,0,0.0,0,0.0,0,8.007776260375977,2,7
SH,GM,73,3357,226,226,22.6,0.20107316970825195,0.2504248023033142,9.2486572265625,10.936668395996094,1.0402878522872925,0,-1,1,12,0.05309734513274336,2.0,226,1.9804770946502686,0,0.0,0,0.0,0,4.092750549316406,0,5
SH,GM,73,3358,198,198,19.8,0.3417835533618927,0.43715155124664307,7.627321720123291,8.342406272888184,0.8047359585762024,0,-1,1,36,0.18181818181818182,2.0,198,1.567065715789795,0,0.0,0,0.0,0,6.411654472351074,1,6
SH,GM,73,3359,152,152,15.200000000000001,0.2700149118900299,0.3339144289493561,5.60940408706665,7.113916873931885,0.707910418510437,0,-1,1,152,1.0,2.0,152,0.16673654317855835,0,0.0,0,0.0,0,0.3180222809314728,0,5
SH,GM,73,3360,215,215,21.5,0.1281600445508957,0.16889043152332306,4.049361705780029,5.221438884735107,0.3334748446941376,0,-1,0,0,0.0,2.0,215,4.99920129776001,0,0.0,0,0.0,0,77.72703552246094,2,7
SH,GM,73,3361,183,183,18.3,0.4246448874473572,0.5343093872070312,1.6167548894882202,2.180396556854248,0.5558320879936218,0,-1,1,51,0.2786885245901639,2.0,183,1.841651201248169,0,0.0,0,0.0,0,3.391916036605835,2,7
SH,GM,73,3362,152,152,15.200000000000001,0.5500510931015015,0.6234297156333923,4.547110557556152,6.28419828414917,1.0716056823730469,0,-1,1,66,0.4342105263157895,2.0,152,1.5871050357818604,0,0.0,0,0.0,0,9.743589401245117,1,6
SH,GM,73,3363,449,449,44.900000000000006,0.29660511016845703,0.405160516500473,5.0441460609436035,5.709307670593262,0.565207302570343,0,-1,1,238,0.5300668151447662,2.0,449,1.595324158668518,0,0.0,0,0.0,0,1.3345816135406494,2,7
SH,GM,73,3364,238,238,23.8,0.3334880769252777,0.45944979786872864,7.21363639831543,8.421820640563965,0.8967344164848328,1,162,1,162,0.680672268907563,2.0,162,0.0,0,0.0,0,0.0,0,0.0,0,5
SH,GM,73,3365,215,215,21.5,0.2361564338207245,0.3342556655406952,0.7700147032737732,0.9651761054992676,0.32143744826316833,0,-1,1,215,1.0,2.0,215,1.666440725326538,0,0.0,0,0.0,0,3.6193904876708984,0,5
SH,GM,73,3366,147,147,14.700000000000001,0.32309970259666443,0.4385816156864166,10.387513160705566,12.201240539550781,1.3383517265319824,0,-1,1,39,0.2653061224489796,2.0,147,1.3482403755187988,0,0.0,0,0.0,0,21.05525779724121,0,5
SH,GM,73,3367,147,147,14.700000000000001,0.17649300396442413,0.23606990277767181,4.353156566619873,5.339044570922852,0.7490130066871643,0,-1,1,86,0.5850340136054422,2.0,147,1.1057626008987427,0,0.0,0,0.0,0,9.078290939331055,1,6
SH,GM,73,3368,312,312,31.200000000000003,0.2500161826610565,0.3139713704586029,3.043597459793091,3.51830792427063,0.5518132448196411,0,-1,1,312,1.0,2.0,312,0.5666263699531555,0,0.0,0,0.0,0,10.406219482421875,2,7
SH,GM,73,3369,384,384,38.400000000000006,0.3332729637622833,0.4663420021533966,12.648670196533203,15.499251365661621,1.1921993494033813,0,-1,0,0,0.0,2.0,384,3.3442728519439697,0,0.0,0,0.0,0,4.777730464935303,0,5
SH,GM,73,3370,320,320,32.0,0.43846774101257324,0.5736152529716492,7.713110446929932,8.59414005279541,0.9146546125411987,0,-1,0,0,0.0,2.0,320,2.599144220352173,0,0.0,0,0.0,0,4.34998083114624,2,7
SH,GM,73,3371,137,137,13.700000000000001,0.345704585313797,0.3970694839954376,2.800633668899536,4.495009899139404,1.1473414897918701,0,-1,0,0,0.0,2.0,137,2.986842393875122,0,0.0,0,0.0,0,3.5923538208007812,1,6
SH,GM,73,3372,595,595,59.5,0.3019798994064331,0.3565880060195923,16.550241470336914,19.745378494262695,0.7797657251358032,0,-1,1,29,0.04873949579831933,2.0,595,1.8864068984985352,0,0.0,0,0.0,0,14.894591331481934,1,6
SH,GM,73,3373,371,371,37.1,0.33731114864349365,0.4119492471218109,24.082008361816406,26.641048431396484,1.4879405498504639,0,-1,1,43,0.11590296495956873,2.0,371,1.2908496856689453,0,0.0,0,0.0,0,7.009357929229736,1,6
SH,GM,73,3374,142,142,14.200000000000001,0.3499818742275238,0.3908260464668274,8.693432807922363,10.204092025756836,1.0586780309677124,0,-1,1,142,1.0,2.0,142,1.5646202564239502,0,0.0,0,0.0,0,34.502655029296875,1,6
SH,GM,73,3375,316,316,31.6,0.21455378830432892,0.2656325697898865,3.557966470718384,4.025749683380127,0.5877295136451721,0,-1,1,296,0.9367088607594937,2.0,316,0.23056817054748535,0,0.0,0,0.0,0,4.098343849182129,0,5
SH,GM,73,3376,308,308,30.8,0.4566976726055145,0.6076076626777649,9.88313102722168,11.991447448730469,1.4368475675582886,0,-1,1,87,0.2824675324675325,2.0,308,0.3833920657634735,0,0.0,0,0.0,0,0.46525710821151733,1,6
SH,GM,73,3377,211,211,21.1,0.3190302848815918,0.37537333369255066,5.146584987640381,8.776375770568848,1.2682678699493408,0,-1,1,211,1.0,2.0,211,1.0032445192337036,0,0.0,0,0.0,0,3.523185968399048,1,6
