dataset,model,seed,event_id,available_future_steps,horizon_steps,horizon_seconds,mae_acc,rmse_acc,mae_spacing,rmse_spacing,mae_speed,collision,collision_step,unsafe_event,unsafe_frames,unsafe_frame_rate,unsafe_thw_threshold_seconds,thw_moving_frames,minimum_predicted_thw,negative_speed_attempts,negative_speed_attempt_rate,overspeed_attempts,overspeed_attempt_rate,numerical_failure,minimum_predicted_spacing,evaluation_gpu_local,evaluation_gpu_physical
SH,FVD,17,0,156,156,15.600000000000001,0.41519826650619507,0.537287175655365,5.287905693054199,6.215140342712402,1.3774610757827759,0,-1,0,0,0.0,2.0,156,8.688944816589355,0,0.0,0,0.0,0,11.318951606750488,1,6
SH,FVD,17,1,142,142,14.200000000000001,0.2588849663734436,0.3158397674560547,2.7217960357666016,3.1090474128723145,0.5561967492103577,1,109,1,38,0.2676056338028169,2.0,109,0.0,0,0.0,0,0.0,0,0.0,1,6
SH,FVD,17,2,291,291,29.1,0.3995897173881531,0.5149894952774048,9.066678047180176,9.719974517822266,1.438041090965271,1,198,1,64,0.21993127147766323,2.0,198,0.0,0,0.0,0,0.0,0,0.0,0,5
SH,FVD,17,3,418,418,41.800000000000004,0.45036613941192627,0.5470153093338013,11.661783218383789,14.563947677612305,4.94447660446167,1,41,1,41,0.09808612440191387,2.0,41,0.0,0,0.0,0,0.0,0,0.0,2,7
SH,FVD,17,4,265,265,26.5,0.3035043179988861,0.38874033093452454,10.787728309631348,12.807929992675781,0.9080678820610046,0,-1,1,15,0.05660377358490566,2.0,265,1.7284880876541138,0,0.0,0,0.0,0,2.4102282524108887,1,6
SH,FVD,17,5,310,310,31.0,0.273144394159317,0.37050074338912964,9.11652946472168,10.783580780029297,0.658031165599823,0,-1,1,310,1.0,2.0,310,0.9684977531433105,0,0.0,0,0.0,0,20.364761352539062,2,7
SH,FVD,17,6,173,173,17.3,0.35759857296943665,0.39588749408721924,4.924867153167725,5.395876884460449,0.7701840996742249,0,-1,0,0,0.0,2.0,173,3.6505603790283203,0,0.0,0,0.0,0,31.645843505859375,2,7
SH,FVD,17,7,139,139,13.9,0.22082285583019257,0.30954018235206604,1.0542471408843994,1.9408659934997559,0.500973105430603,0,-1,1,139,1.0,2.0,139,0.37029707431793213,0,0.0,0,0.0,0,4.425450325012207,2,7
SH,FVD,17,8,494,494,49.400000000000006,0.5976291298866272,0.7939342260360718,31.581579208374023,39.435298919677734,2.8904073238372803,0,-1,1,30,0.06072874493927125,2.0,494,0.14620666205883026,0,0.0,0,0.0,0,0.5079795122146606,1,6
SH,FVD,17,9,188,188,18.8,0.18156372010707855,0.23398740589618683,7.704101085662842,10.309381484985352,1.076737642288208,0,-1,1,155,0.824468085106383,2.0,188,1.1668498516082764,0,0.0,0,0.0,0,12.696152687072754,1,6
SH,FVD,17,10,654,654,65.4,0.2971142530441284,0.38182273507118225,7.275781631469727,9.9397554397583,0.7161710858345032,0,-1,1,654,1.0,2.0,654,1.1773191690444946,0,0.0,0,0.0,0,20.733285903930664,2,7
SH,FVD,17,11,143,143,14.3,0.4904087781906128,0.6758575439453125,3.4969749450683594,4.807982444763184,1.0164295434951782,0,-1,1,143,1.0,2.0,143,0.45272088050842285,0,0.0,0,0.0,0,5.836240291595459,2,7
SH,FVD,17,12,165,165,16.5,0.22537735104560852,0.32101407647132874,18.32341766357422,22.781545639038086,2.640482187271118,0,-1,1,165,1.0,2.0,165,1.4451148509979248,0,0.0,0,0.0,0,28.85036277770996,2,7
SH,FVD,17,13,168,168,16.8,0.3921756148338318,0.5023885369300842,2.5955018997192383,2.8526153564453125,0.3255051076412201,1,151,1,111,0.6607142857142857,2.0,151,0.0,0,0.0,0,0.0,0,0.0,1,6
SH,FVD,17,14,161,161,16.1,0.276774525642395,0.37976980209350586,4.862978935241699,5.371377944946289,0.8336051106452942,1,74,1,34,0.2111801242236025,2.0,74,0.0,0,0.0,0,0.0,0,0.0,2,7
SH,FVD,17,15,133,133,13.3,0.3389185965061188,0.4327298700809479,5.565691947937012,7.523190021514893,1.3667899370193481,0,-1,1,133,1.0,2.0,133,1.113081455230713,0,0.0,0,0.0,0,14.452661514282227,1,6
SH,FVD,17,16,872,872,87.2,0.2784390151500702,0.363581120967865,4.6437482833862305,5.71312141418457,0.5816595554351807,0,-1,1,872,1.0,2.0,872,0.4958023428916931,0,0.0,0,0.0,0,7.761670112609863,0,5
SH,FVD,17,17,666,666,66.60000000000001,0.35345447063446045,0.46618109941482544,4.685130596160889,5.43875789642334,2.2905523777008057,1,350,1,115,0.17267267267267267,2.0,350,0.0,0,0.0,0,0.0,0,0.0,1,6
SH,FVD,17,18,221,221,22.1,0.31519800424575806,0.39146730303764343,2.10599684715271,2.5855157375335693,0.6104722023010254,0,-1,1,19,0.08597285067873303,2.0,221,1.0378413200378418,0,0.0,0,0.0,0,1.3412086963653564,2,7
SH,FVD,17,19,174,174,17.400000000000002,0.26506584882736206,0.32187092304229736,3.945077419281006,4.510776519775391,0.5674318075180054,0,-1,1,174,1.0,2.0,174,1.317052960395813,0,0.0,0,0.0,0,20.869720458984375,1,6
SH,FVD,17,20,217,217,21.700000000000003,0.3622017800807953,0.4402802288532257,10.722494125366211,13.016363143920898,1.4407168626785278,0,-1,1,29,0.1336405529953917,2.0,217,1.3742347955703735,0,0.0,0,0.0,0,4.270735740661621,0,5
SH,FVD,17,21,210,210,21.0,0.12621331214904785,0.1603693962097168,1.1553468704223633,1.8620188236236572,0.3124868869781494,0,-1,1,210,1.0,2.0,210,0.8192176222801208,0,0.0,0,0.0,0,16.07830238342285,2,7
SH,FVD,17,22,741,741,74.10000000000001,0.258992999792099,0.34039878845214844,7.691622257232666,9.120494842529297,0.7401776313781738,0,-1,1,359,0.4844804318488529,2.0,741,0.21423880755901337,0,0.0,0,0.0,0,1.3720911741256714,2,7
SH,FVD,17,23,167,167,16.7,0.3387489914894104,0.41937166452407837,2.7672107219696045,3.270936965942383,0.49430471658706665,0,-1,1,167,1.0,2.0,167,1.2380962371826172,0,0.0,0,0.0,0,4.457512855529785,1,6
SH,FVD,17,24,354,354,35.4,0.2707800567150116,0.35526832938194275,4.038197994232178,4.843096733093262,1.1412614583969116,1,104,1,104,0.2937853107344633,2.0,104,0.0,0,0.0,0,0.0,0,0.0,1,6
SH,FVD,17,25,259,259,25.900000000000002,0.2651274502277374,0.31413888931274414,2.744300127029419,3.1769070625305176,0.45248961448669434,0,-1,1,9,0.03474903474903475,2.0,259,1.9242740869522095,0,0.0,0,0.0,0,10.466413497924805,1,6
SH,FVD,17,26,595,595,59.5,0.4097796380519867,0.5541325211524963,12.213857650756836,14.222624778747559,1.1729607582092285,0,-1,0,0,0.0,2.0,595,2.041810989379883,0,0.0,0,0.0,0,6.639530181884766,2,7
SH,FVD,17,27,162,162,16.2,0.34951767325401306,0.4181472659111023,8.145387649536133,10.330512046813965,1.4899687767028809,0,-1,0,0,0.0,2.0,162,3.8568575382232666,0,0.0,0,0.0,0,38.48020935058594,1,6
SH,FVD,17,28,143,143,14.3,0.5507946610450745,0.6893857717514038,2.270103693008423,2.500612258911133,1.3782975673675537,1,103,1,103,0.7202797202797203,2.0,103,0.0,0,0.0,0,0.0,0,0.0,0,5
SH,FVD,17,29,139,139,13.9,0.29405027627944946,0.32814133167266846,5.777353763580322,8.186949729919434,1.4304043054580688,0,-1,0,0,0.0,2.0,139,4.801359176635742,0,0.0,0,0.0,0,27.62708854675293,0,5
SH,FVD,17,30,185,185,18.5,0.42446139454841614,0.6168751120567322,2.4110302925109863,2.68064284324646,0.5466896295547485,0,-1,1,136,0.7351351351351352,2.0,185,1.1478792428970337,0,0.0,0,0.0,0,6.1272711753845215,2,7
SH,FVD,17,31,166,166,16.6,0.3994745910167694,0.5330665111541748,2.185253858566284,2.509207248687744,0.7939659953117371,0,-1,1,166,1.0,2.0,166,0.5314292907714844,0,0.0,0,0.0,0,3.411512613296509,0,5
SH,FVD,17,32,204,204,20.400000000000002,0.4166857898235321,0.48035532236099243,7.514945030212402,8.546989440917969,1.1926090717315674,0,-1,1,92,0.45098039215686275,2.0,204,1.9302363395690918,0,0.0,0,0.0,0,24.20212173461914,0,5
SH,FVD,17,33,551,551,55.1,0.42684274911880493,0.5806564688682556,3.270686388015747,4.07737922668457,0.9261765480041504,1,484,1,484,0.8784029038112523,2.0,484,0.0,0,0.0,0,0.0,0,0.0,1,6
SH,FVD,17,34,143,143,14.3,0.4974968135356903,0.6039348244667053,2.425490140914917,3.102921485900879,0.9231325387954712,0,-1,1,143,1.0,2.0,143,0.7219347953796387,0,0.0,0,0.0,0,9.020585060119629,1,6
SH,FVD,17,35,152,152,15.200000000000001,0.17008841037750244,0.21937520802021027,2.606355905532837,3.153836965560913,0.40952035784721375,0,-1,1,89,0.5855263157894737,2.0,152,0.7860409617424011,0,0.0,0,0.0,0,7.691376686096191,2,7
SH,FVD,17,36,161,161,16.1,0.46992453932762146,0.6105496883392334,3.419255018234253,4.021518230438232,0.8783384561538696,0,-1,0,0,0.0,2.0,161,3.794884204864502,0,0.0,0,0.0,0,4.430858135223389,0,5
SH,FVD,17,37,231,231,23.1,0.15651901066303253,0.20406599342823029,1.5074450969696045,1.78424870967865,0.3799154460430145,0,-1,1,231,1.0,2.0,231,0.8599984645843506,0,0.0,0,0.0,0,14.863428115844727,0,5
SH,FVD,17,38,340,340,34.0,0.2824877202510834,0.35964691638946533,7.142370700836182,8.145769119262695,0.7415622472763062,0,-1,0,0,0.0,2.0,340,2.7358639240264893,0,0.0,0,0.0,0,10.840709686279297,0,5
SH,FVD,17,39,182,182,18.2,0.23490899801254272,0.3263717591762543,2.8022797107696533,3.2349507808685303,0.9169995784759521,0,-1,1,148,0.8131868131868132,2.0,182,0.8907001614570618,0,0.0,0,0.0,0,5.891660213470459,0,5
SH,FVD,17,40,274,274,27.400000000000002,0.21823127567768097,0.27125293016433716,3.300783395767212,3.939659357070923,0.7243438959121704,0,-1,1,4,0.014598540145985401,2.0,274,1.944537878036499,0,0.0,0,0.0,0,4.062775611877441,0,5
SH,FVD,17,41,207,207,20.700000000000003,0.3836411237716675,0.5092031359672546,3.7550978660583496,4.810151100158691,1.1202212572097778,0,-1,1,147,0.7101449275362319,2.0,207,0.05393096059560776,0,0.0,0,0.0,0,0.3292824327945709,2,7
SH,FVD,17,42,175,175,17.5,0.06301509588956833,0.0913861095905304,2.7735002040863037,3.40393328666687,0.339941143989563,0,-1,1,175,1.0,2.0,175,1.7303874492645264,0,0.0,0,0.0,0,32.33696365356445,0,5
SH,FVD,17,43,147,147,14.700000000000001,0.6608615517616272,0.8313512802124023,2.019854784011841,2.664707660675049,0.9443178772926331,0,-1,0,0,0.0,2.0,147,5.133322238922119,0,0.0,0,0.0,0,9.974614143371582,2,7
SH,FVD,17,44,184,184,18.400000000000002,0.11085470020771027,0.15839225053787231,4.038752555847168,5.242336750030518,0.4891319274902344,0,-1,1,184,1.0,2.0,184,1.7202714681625366,0,0.0,0,0.0,0,24.088638305664062,2,7
SH,FVD,17,45,270,270,27.0,0.33627110719680786,0.5188177824020386,2.2546591758728027,2.5503032207489014,0.7645115852355957,1,170,1,170,0.6296296296296297,2.0,170,0.0,0,0.0,0,0.0,0,0.0,0,5
SH,FVD,17,46,204,204,20.400000000000002,0.4427567422389984,0.5848876237869263,6.390743255615234,7.616705417633057,1.6138890981674194,0,-1,1,70,0.3431372549019608,2.0,204,0.5505432486534119,0,0.0,0,0.0,0,4.792750835418701,1,6
SH,FVD,17,47,208,208,20.8,0.5146908164024353,0.6015679240226746,5.062369346618652,5.7701826095581055,1.027562141418457,0,-1,0,0,0.0,2.0,208,3.4036107063293457,0,0.0,0,0.0,0,6.256724834442139,2,7
SH,FVD,17,48,164,164,16.400000000000002,0.16750147938728333,0.19586624205112457,4.562665939331055,5.439764976501465,0.6090542674064636,0,-1,0,0,0.0,2.0,164,3.866316556930542,0,0.0,0,0.0,0,84.48897552490234,1,6
SH,FVD,17,49,167,167,16.7,0.052163705229759216,0.06326291710138321,0.5524172186851501,0.874201774597168,0.13426178693771362,0,-1,1,136,0.8143712574850299,2.0,167,1.8909621238708496,0,0.0,0,0.0,0,21.896465301513672,2,7
SH,FVD,17,50,153,153,15.3,0.4002414345741272,0.5651094317436218,3.1591155529022217,3.919355869293213,1.0660063028335571,0,-1,1,70,0.45751633986928103,2.0,153,1.231839656829834,0,0.0,0,0.0,0,3.9538559913635254,0,5
SH,FVD,17,51,163,163,16.3,0.22864486277103424,0.29662567377090454,1.2992113828659058,1.3986446857452393,0.2035323828458786,0,-1,0,0,0.0,2.0,163,4.642149925231934,0,0.0,0,0.0,0,3.478829860687256,1,6
SH,FVD,17,52,469,469,46.900000000000006,0.20890021324157715,0.2682192921638489,2.575876474380493,3.5230917930603027,0.7556324005126953,1,423,1,344,0.7334754797441365,2.0,423,0.0,0,0.0,0,0.0,0,0.0,2,7
SH,FVD,17,53,578,578,57.800000000000004,0.4144560992717743,0.5608592629432678,8.773350715637207,10.089458465576172,4.512401580810547,1,230,1,230,0.39792387543252594,2.0,230,0.0,0,0.0,0,0.0,0,0.0,0,5
SH,FVD,17,54,211,211,21.1,0.5294776558876038,0.6177959442138672,8.342169761657715,9.423149108886719,1.4012025594711304,1,148,1,61,0.2890995260663507,2.0,148,0.0,0,0.0,0,0.0,0,0.0,0,5
SH,FVD,17,55,1090,1090,109.0,0.36869508028030396,0.47232288122177124,8.005866050720215,10.022930145263672,0.6295908093452454,0,-1,1,221,0.20275229357798166,2.0,1090,1.5069013833999634,0,0.0,0,0.0,0,3.9707939624786377,2,7
SH,FVD,17,56,139,139,13.9,0.2050892859697342,0.23476310074329376,1.6143144369125366,1.9954049587249756,0.27404171228408813,0,-1,1,5,0.03597122302158273,2.0,139,1.9873210191726685,0,0.0,0,0.0,0,32.77390670776367,2,7
SH,FVD,17,57,167,167,16.7,0.13423612713813782,0.18065907061100006,4.514381408691406,5.471826553344727,0.6976578235626221,0,-1,1,167,1.0,2.0,167,0.7999967336654663,0,0.0,0,0.0,0,9.261454582214355,0,5
SH,FVD,17,58,140,140,14.0,0.25740692019462585,0.3395381569862366,4.6360039710998535,5.287379264831543,1.2235301733016968,1,120,1,120,0.8571428571428571,2.0,120,0.0,0,0.0,0,0.0,0,0.0,1,6
SH,FVD,17,59,377,377,37.7,0.3574652373790741,0.47164127230644226,6.326564311981201,7.321497440338135,0.7981926798820496,0,-1,1,23,0.0610079575596817,2.0,377,1.7715474367141724,0,0.0,0,0.0,0,5.414089679718018,2,7
SH,FVD,17,60,277,277,27.700000000000003,0.17953072488307953,0.23212772607803345,5.5878119468688965,7.521897792816162,0.5033312439918518,0,-1,1,73,0.26353790613718414,2.0,277,1.8682762384414673,0,0.0,0,0.0,0,17.034591674804688,0,5
SH,FVD,17,61,1027,1027,102.7,0.2988213896751404,0.39190831780433655,5.080129623413086,6.140538692474365,0.5943174958229065,1,991,1,294,0.2862706913339825,2.0,991,0.0,0,0.0,0,0.0,0,0.0,1,6
SH,FVD,17,62,462,462,46.2,0.22344951331615448,0.2727004587650299,5.743209362030029,6.706760883331299,0.6651463508605957,0,-1,1,462,1.0,2.0,462,0.2089928537607193,0,0.0,0,0.0,0,1.9090126752853394,2,7
SH,FVD,17,63,238,238,23.8,0.2919100522994995,0.3955305814743042,5.8938164710998535,8.146690368652344,0.6910789012908936,0,-1,1,238,1.0,2.0,238,1.3831942081451416,0,0.0,0,0.0,0,25.773141860961914,2,7
SH,FVD,17,64,165,165,16.5,0.18211962282657623,0.21475058794021606,1.7695813179016113,2.082564115524292,0.4012816548347473,0,-1,1,4,0.024242424242424242,2.0,165,1.9765831232070923,0,0.0,0,0.0,0,17.63652229309082,2,7
SH,FVD,17,65,168,168,16.8,0.41926342248916626,0.5825291275978088,6.671543598175049,9.133219718933105,1.0125240087509155,0,-1,0,0,0.0,2.0,168,3.2273330688476562,0,0.0,0,0.0,0,16.748537063598633,2,7
SH,FVD,17,66,1295,1295,129.5,0.3520269989967346,0.4653228223323822,9.635819435119629,10.378138542175293,3.3689699172973633,1,94,1,94,0.07258687258687259,2.0,94,0.0,0,0.0,0,0.0,0,0.0,1,6
SH,FVD,17,67,185,185,18.5,0.30771100521087646,0.3649003803730011,2.319455862045288,2.899540424346924,0.6945602893829346,0,-1,1,185,1.0,2.0,185,1.488224744796753,0,0.0,0,0.0,0,4.704441070556641,2,7
SH,FVD,17,68,158,158,15.8,0.5088245272636414,0.8100630640983582,1.7446532249450684,2.10591983795166,1.0049058198928833,1,116,1,116,0.7341772151898734,2.0,116,0.0,0,0.0,0,0.0,0,0.0,2,7
SH,FVD,17,69,134,134,13.4,0.09932063519954681,0.12468155473470688,1.448846697807312,1.8108863830566406,0.19120661914348602,0,-1,0,0,0.0,2.0,134,2.0462348461151123,0,0.0,0,0.0,0,34.138427734375,0,5
SH,FVD,17,70,159,159,15.9,0.5510267019271851,0.6845452785491943,1.8752424716949463,2.3230319023132324,0.6125680208206177,1,126,1,86,0.5408805031446541,2.0,126,0.0,0,0.0,0,0.0,0,0.0,2,7
SH,FVD,17,71,351,351,35.1,0.40388253331184387,0.5464308261871338,9.990721702575684,12.188735008239746,2.39392352104187,1,160,1,160,0.45584045584045585,2.0,160,0.0,0,0.0,0,0.0,0,0.0,0,5
SH,FVD,17,72,300,300,30.0,0.29396486282348633,0.36118799448013306,5.722813129425049,7.071109771728516,0.9887611865997314,0,-1,1,46,0.15333333333333332,2.0,300,1.5680341720581055,0,0.0,0,0.0,0,7.022241115570068,1,6
SH,FVD,17,73,207,207,20.700000000000003,0.4781234562397003,0.5935797095298767,2.613145112991333,3.046029806137085,1.4168453216552734,1,86,1,51,0.2463768115942029,2.0,86,0.0,0,0.0,0,0.0,0,0.0,0,5
SH,FVD,17,74,447,447,44.7,0.2697586715221405,0.35230904817581177,6.389739513397217,7.315140247344971,0.8921995162963867,0,-1,1,45,0.10067114093959731,2.0,447,1.8194241523742676,0,0.0,0,0.0,0,4.450772762298584,0,5
SH,FVD,17,75,132,132,13.200000000000001,0.32750728726387024,0.380825400352478,3.2902798652648926,3.600613832473755,0.546199381351471,0,-1,0,0,0.0,2.0,132,2.977617025375366,0,0.0,0,0.0,0,8.075752258300781,0,5
SH,FVD,17,76,237,237,23.700000000000003,0.430132657289505,0.5757932662963867,11.227784156799316,16.997413635253906,2.057497501373291,0,-1,1,66,0.27848101265822783,2.0,237,1.386581540107727,0,0.0,0,0.0,0,22.659387588500977,1,6
SH,FVD,17,77,133,133,13.3,0.4172420799732208,0.5217939615249634,3.663557767868042,5.234696388244629,1.3177831172943115,1,99,1,46,0.3458646616541353,2.0,99,0.0,0,0.0,0,0.0,0,0.0,2,7
SH,FVD,17,78,132,132,13.200000000000001,0.5535714626312256,0.6593947410583496,5.026808738708496,5.597429275512695,0.9482890963554382,0,-1,0,0,0.0,2.0,132,5.071353912353516,0,0.0,0,0.0,0,12.679028511047363,0,5
SH,FVD,17,79,131,131,13.100000000000001,0.4515696167945862,0.48727715015411377,7.928226470947266,9.80234432220459,1.2284109592437744,0,-1,0,0,0.0,2.0,131,3.9402740001678467,0,0.0,0,0.0,0,41.08152389526367,0,5
SH,FVD,17,80,148,148,14.8,0.19312800467014313,0.2746265232563019,0.5941335558891296,0.7000085711479187,0.29475125670433044,0,-1,1,40,0.2702702702702703,2.0,148,1.4101150035858154,0,0.0,0,0.0,0,6.2243123054504395,0,5
SH,FVD,17,81,204,204,20.400000000000002,0.2158186286687851,0.25871244072914124,12.433884620666504,14.98283576965332,1.194562315940857,0,-1,0,0,0.0,2.0,204,4.0308709144592285,0,0.0,0,0.0,0,87.21533203125,2,7
SH,FVD,17,82,143,143,14.3,1.105907678604126,1.236985206604004,31.286754608154297,44.85374450683594,7.40363883972168,0,-1,0,0,0.0,2.0,143,3.1443920135498047,0,0.0,0,0.0,0,50.33704376220703,2,7
SH,FVD,17,83,182,182,18.2,0.20541130006313324,0.24631908535957336,0.89506596326828,1.1724730730056763,0.341017484664917,0,-1,1,140,0.7692307692307693,2.0,182,0.7650375962257385,0,0.0,0,0.0,0,3.795813798904419,1,6
SH,FVD,17,84,206,206,20.6,0.48589661717414856,0.5921930074691772,9.238070487976074,10.841718673706055,1.7171320915222168,1,129,1,59,0.28640776699029125,2.0,129,0.0,0,0.0,0,0.0,0,0.0,2,7
SH,FVD,17,85,201,201,20.1,0.23563192784786224,0.28766295313835144,0.36202558875083923,0.45765653252601624,0.20994867384433746,0,-1,1,201,1.0,2.0,201,1.0707558393478394,0,0.0,0,0.0,0,16.838871002197266,0,5
SH,FVD,17,86,258,258,25.8,0.33255693316459656,0.410008043050766,3.0303115844726562,3.8821051120758057,0.7635790109634399,0,-1,0,0,0.0,2.0,258,2.591439962387085,0,0.0,0,0.0,0,26.640615463256836,1,6
SH,FVD,17,87,241,241,24.1,0.35747504234313965,0.5733111500740051,2.5658416748046875,2.9134440422058105,1.116833209991455,1,86,1,86,0.35684647302904565,2.0,86,0.0,0,0.0,0,0.0,0,0.0,1,6
SH,FVD,17,88,852,852,85.2,0.2629072666168213,0.3351503610610962,7.4631147384643555,8.971758842468262,5.093075275421143,1,401,1,384,0.4507042253521127,2.0,401,0.0,0,0.0,0,0.0,0,0.0,1,6
SH,FVD,17,89,214,214,21.400000000000002,0.2359614372253418,0.2892712354660034,0.2646068334579468,0.3774486780166626,0.19351501762866974,0,-1,1,214,1.0,2.0,214,1.109365701675415,0,0.0,0,0.0,0,10.123235702514648,1,6
SH,FVD,17,90,261,261,26.1,0.37469062209129333,0.45802003145217896,6.684998512268066,7.7887163162231445,0.7516965270042419,0,-1,0,0,0.0,2.0,261,4.3812150955200195,0,0.0,0,0.0,0,8.10381031036377,2,7
SH,FVD,17,91,182,182,18.2,0.30056899785995483,0.368945837020874,2.740895986557007,3.3449552059173584,0.6115333437919617,0,-1,0,0,0.0,2.0,182,3.332930088043213,0,0.0,0,0.0,0,22.316755294799805,2,7
SH,FVD,17,92,378,378,37.800000000000004,0.42166274785995483,0.5578790903091431,4.650335788726807,5.719385147094727,1.041345238685608,0,-1,1,71,0.18783068783068782,2.0,378,0.37721216678619385,0,0.0,0,0.0,0,0.3513249158859253,0,5
SH,FVD,17,93,133,133,13.3,0.5643578171730042,0.7599146962165833,3.4454569816589355,3.865696907043457,0.8760939240455627,0,-1,0,0,0.0,2.0,133,2.3256356716156006,0,0.0,0,0.0,0,8.196118354797363,1,6
SH,FVD,17,94,246,246,24.6,0.2342623621225357,0.2965964376926422,2.546924352645874,3.0750880241394043,0.6451288461685181,0,-1,1,171,0.6951219512195121,2.0,246,0.37103918194770813,0,0.0,0,0.0,0,2.8271472454071045,1,6
SH,FVD,17,95,147,147,14.700000000000001,0.37016862630844116,0.4555882513523102,1.8656338453292847,2.266212224960327,0.7683783173561096,0,-1,1,147,1.0,2.0,147,1.2664040327072144,0,0.0,0,0.0,0,11.458447456359863,2,7
SH,FVD,17,96,210,210,21.0,0.2653859853744507,0.3796699047088623,1.6425496339797974,2.016813278198242,0.5400729775428772,0,-1,1,210,1.0,2.0,210,0.6638677716255188,0,0.0,0,0.0,0,3.1097452640533447,2,7
SH,FVD,17,97,186,186,18.6,0.300971120595932,0.3792212903499603,1.7977765798568726,2.169638156890869,0.4057773947715759,0,-1,1,12,0.06451612903225806,2.0,186,1.9608936309814453,0,0.0,0,0.0,0,5.096499919891357,0,5
SH,FVD,17,98,846,846,84.60000000000001,0.12176306545734406,0.1577138602733612,35.580299377441406,37.99662780761719,0.7504796385765076,0,-1,0,0,0.0,2.0,846,3.6026062965393066,0,0.0,0,0.0,0,64.79676055908203,0,5
SH,FVD,17,99,321,321,32.1,0.34586432576179504,0.4201677143573761,4.320887088775635,4.953663349151611,0.5918698310852051,0,-1,1,321,1.0,2.0,321,1.324830174446106,0,0.0,0,0.0,0,14.274901390075684,1,6
SH,FVD,17,100,204,204,20.400000000000002,0.21505199372768402,0.24296139180660248,1.8632121086120605,2.4387824535369873,0.5524380803108215,0,-1,0,0,0.0,2.0,204,2.884514570236206,0,0.0,0,0.0,0,17.93147087097168,0,5
SH,FVD,17,101,691,691,69.10000000000001,0.20936496555805206,0.26395291090011597,8.341867446899414,9.134576797485352,0.5536381602287292,0,-1,1,691,1.0,2.0,691,1.5495413541793823,0,0.0,0,0.0,0,22.417247772216797,1,6
SH,FVD,17,102,231,231,23.1,0.29729747772216797,0.3897424340248108,6.1619462966918945,7.40197229385376,0.8112202882766724,0,-1,1,108,0.4675324675324675,2.0,231,1.5049968957901,0,0.0,0,0.0,0,26.922334671020508,1,6
SH,FVD,17,103,170,170,17.0,0.41604745388031006,0.47848665714263916,4.295897006988525,4.740861415863037,0.661243736743927,1,144,1,32,0.18823529411764706,2.0,144,0.0,0,0.0,0,0.0,0,0.0,0,5
SH,FVD,17,104,359,359,35.9,0.24931280314922333,0.30067941546440125,4.452404975891113,4.862736225128174,0.5010841488838196,0,-1,1,359,1.0,2.0,359,0.6698927283287048,0,0.0,0,0.0,0,10.991705894470215,0,5
SH,FVD,17,105,173,173,17.3,0.2330939620733261,0.2891105115413666,1.5825824737548828,1.9101674556732178,0.41266143321990967,0,-1,1,61,0.35260115606936415,2.0,173,1.8016610145568848,0,0.0,0,0.0,0,28.000452041625977,0,5
SH,FVD,17,106,219,219,21.900000000000002,0.4025525748729706,0.4675847291946411,11.955046653747559,13.196417808532715,1.0935832262039185,0,-1,1,89,0.4063926940639269,2.0,219,1.772098422050476,0,0.0,0,0.0,0,37.70622634887695,0,5
SH,FVD,17,107,330,330,33.0,0.2864235043525696,0.3966353237628937,3.540900468826294,5.901669025421143,1.3494582176208496,1,230,1,46,0.1393939393939394,2.0,230,0.0,0,0.0,0,0.0,0,0.0,0,5
SH,FVD,17,108,187,187,18.7,0.44742751121520996,0.5652187466621399,3.248887062072754,3.6351726055145264,1.3138822317123413,1,161,1,161,0.8609625668449198,2.0,161,0.0,0,0.0,0,0.0,0,0.0,2,7
SH,FVD,17,109,464,464,46.400000000000006,0.17369431257247925,0.21346980333328247,3.447082281112671,4.028357028961182,0.3487342894077301,0,-1,1,464,1.0,2.0,464,0.9214917421340942,0,0.0,0,0.0,0,15.97168254852295,0,5
SH,FVD,17,110,515,515,51.5,0.17355318367481232,0.2104533463716507,3.4998879432678223,3.9097495079040527,0.4613688290119171,0,-1,1,18,0.03495145631067961,2.0,515,1.9233410358428955,0,0.0,0,0.0,0,5.501026630401611,2,7
SH,FVD,17,111,132,132,13.200000000000001,0.41178637742996216,0.5137190818786621,9.942885398864746,11.7727632522583,1.3073720932006836,0,-1,1,132,1.0,2.0,132,0.835126519203186,0,0.0,0,0.0,0,10.032183647155762,1,6
SH,FVD,17,112,274,274,27.400000000000002,0.6399746537208557,0.8005795478820801,6.504330635070801,7.075027942657471,3.2964320182800293,1,36,1,36,0.13138686131386862,2.0,36,0.0,0,0.0,0,0.0,0,0.0,1,6
SH,FVD,17,113,487,487,48.7,0.35765334963798523,0.4521145820617676,8.273548126220703,9.385774612426758,0.9074569344520569,0,-1,1,58,0.11909650924024641,2.0,487,0.4645766317844391,0,0.0,0,0.0,0,2.0153608322143555,2,7
SH,FVD,17,114,143,143,14.3,0.26501885056495667,0.28858375549316406,4.489987850189209,5.240052223205566,0.6468788385391235,0,-1,0,0,0.0,2.0,143,2.8289287090301514,0,0.0,0,0.0,0,37.75380325317383,0,5
SH,FVD,17,115,140,140,14.0,0.44596800208091736,0.5900675058364868,3.6799333095550537,4.420986652374268,1.0564579963684082,0,-1,0,0,0.0,2.0,140,2.3738152980804443,0,0.0,0,0.0,0,2.4255614280700684,1,6
SH,FVD,17,116,268,268,26.8,0.2762772738933563,0.3613360524177551,5.9467997550964355,7.188713550567627,0.9193317294120789,0,-1,1,177,0.6604477611940298,2.0,268,0.8774405717849731,0,0.0,0,0.0,0,10.81583309173584,0,5
SH,FVD,17,117,314,314,31.400000000000002,0.32420632243156433,0.40024247765541077,7.2699408531188965,8.00857925415039,2.4485065937042236,1,185,1,185,0.589171974522293,2.0,185,0.0,0,0.0,0,0.0,0,0.0,2,7
SH,FVD,17,118,138,138,13.8,0.24461358785629272,0.28623440861701965,3.84299898147583,4.568751335144043,0.5928146839141846,0,-1,0,0,0.0,2.0,138,2.2806339263916016,0,0.0,0,0.0,0,30.21816635131836,1,6
SH,FVD,17,119,132,132,13.200000000000001,0.29201921820640564,0.3473218083381653,5.259974956512451,6.878927230834961,0.9671290516853333,0,-1,1,132,1.0,2.0,132,1.1259374618530273,0,0.0,0,0.0,0,10.494383811950684,2,7
SH,FVD,17,120,183,183,18.3,0.2644346356391907,0.3510670065879822,5.475492477416992,6.006980895996094,0.6708745360374451,0,-1,1,105,0.5737704918032787,2.0,183,0.912084698677063,0,0.0,0,0.0,0,3.1334176063537598,0,5
SH,FVD,17,121,248,248,24.8,0.20724619925022125,0.2644627094268799,2.0422022342681885,2.304351329803467,0.24080176651477814,0,-1,1,218,0.8790322580645161,2.0,248,1.8136348724365234,0,0.0,0,0.0,0,30.58205223083496,0,5
SH,FVD,17,122,705,705,70.5,0.45325255393981934,0.5822282433509827,8.596382141113281,9.175606727600098,6.091437339782715,1,33,1,33,0.04680851063829787,2.0,33,0.0,0,0.0,0,0.0,0,0.0,0,5
SH,FVD,17,123,245,245,24.5,0.25031232833862305,0.31373026967048645,2.3310093879699707,2.9799678325653076,0.5048826336860657,0,-1,1,245,1.0,2.0,245,0.9514918327331543,0,0.0,0,0.0,0,10.585616111755371,1,6
SH,FVD,17,124,434,434,43.400000000000006,0.3981661796569824,0.5054703950881958,5.548831939697266,6.091358184814453,0.741222620010376,0,-1,1,429,0.988479262672811,2.0,434,0.9221024513244629,0,0.0,0,0.0,0,16.8631534576416,0,5
SH,FVD,17,125,242,242,24.200000000000003,0.2702000141143799,0.37605878710746765,4.9112653732299805,6.4047956466674805,0.7564663887023926,0,-1,1,242,1.0,2.0,242,0.7961275577545166,0,0.0,0,0.0,0,17.292369842529297,2,7
SH,FVD,17,126,226,226,22.6,0.3098447322845459,0.35506048798561096,10.782268524169922,12.135358810424805,1.0880491733551025,0,-1,0,0,0.0,2.0,226,3.5851683616638184,0,0.0,0,0.0,0,45.911678314208984,1,6
SH,FVD,17,127,157,157,15.700000000000001,0.26042550802230835,0.31275424361228943,1.1032811403274536,1.2960827350616455,0.3527422249317169,0,-1,0,0,0.0,2.0,157,3.328155040740967,0,0.0,0,0.0,0,16.419265747070312,1,6
SH,FVD,17,128,211,211,21.1,0.17388804256916046,0.22355517745018005,3.750210762023926,4.391278266906738,0.276533305644989,0,-1,1,211,1.0,2.0,211,0.3330683410167694,0,0.0,0,0.0,0,2.575528621673584,0,5
SH,FVD,17,129,139,139,13.9,0.14827269315719604,0.18489982187747955,1.6153993606567383,1.8342252969741821,0.316677987575531,0,-1,1,139,1.0,2.0,139,1.392830491065979,0,0.0,0,0.0,0,22.723541259765625,0,5
SH,FVD,17,130,174,174,17.400000000000002,0.31269606947898865,0.4658961296081543,6.209708213806152,6.605526447296143,0.6147692799568176,0,-1,1,174,1.0,2.0,174,0.10794641822576523,0,0.0,0,0.0,0,1.794695258140564,2,7
SH,FVD,17,131,324,324,32.4,0.2763633728027344,0.3632461428642273,7.3323469161987305,8.3021821975708,1.375957727432251,1,293,1,172,0.5308641975308642,2.0,293,0.0,0,0.0,0,0.0,0,0.0,0,5
SH,FVD,17,132,136,136,13.600000000000001,1.3418552875518799,1.7120484113693237,6.887537956237793,8.488515853881836,3.475935697555542,1,82,1,82,0.6029411764705882,2.0,82,0.0,0,0.0,0,0.0,0,0.0,2,7
SH,FVD,17,133,215,215,21.5,0.5000216364860535,0.6659539341926575,2.4557838439941406,2.8975820541381836,0.6521784663200378,0,-1,1,158,0.7348837209302326,2.0,215,0.14675068855285645,0,0.0,0,0.0,0,0.33749905228614807,2,7
SH,FVD,17,134,156,156,15.600000000000001,0.2704969048500061,0.33345741033554077,5.034963130950928,5.566617965698242,0.5963258743286133,0,-1,1,156,1.0,2.0,156,0.7942860126495361,0,0.0,0,0.0,0,17.522201538085938,2,7
SH,FVD,17,135,140,140,14.0,0.38839197158813477,0.4964882731437683,3.462641954421997,4.286630153656006,0.6095412969589233,0,-1,1,24,0.17142857142857143,2.0,140,1.697768211364746,0,0.0,0,0.0,0,1.6125121116638184,2,7
SH,FVD,17,136,132,132,13.200000000000001,0.8343626856803894,0.9292526841163635,5.481796741485596,6.291642665863037,1.0978217124938965,0,-1,1,131,0.9924242424242424,2.0,132,0.3949090242385864,0,0.0,0,0.0,0,10.63991928100586,0,5
SH,FVD,17,137,175,175,17.5,0.12260997295379639,0.1539435237646103,2.1629655361175537,2.8974287509918213,0.3684283494949341,0,-1,0,0,0.0,2.0,175,6.78024435043335,0,0.0,0,0.0,0,6.224854946136475,1,6
SH,FVD,17,138,424,424,42.400000000000006,0.19649073481559753,0.2388235181570053,1.5833691358566284,1.7890151739120483,0.22046497464179993,1,413,1,167,0.3938679245283019,2.0,413,0.0,0,0.0,0,0.0,0,0.0,2,7
SH,FVD,17,139,191,191,19.1,0.3249625265598297,0.4278236925601959,5.662234783172607,7.619822025299072,1.0770570039749146,0,-1,1,191,1.0,2.0,191,1.044554591178894,0,0.0,0,0.0,0,21.239160537719727,2,7
SH,FVD,17,140,196,196,19.6,0.3147682845592499,0.3759383261203766,2.202930450439453,2.5375943183898926,0.5735522508621216,0,-1,1,55,0.28061224489795916,2.0,196,0.9361792206764221,0,0.0,0,0.0,0,2.4897539615631104,2,7
SH,FVD,17,141,215,215,21.5,0.22767339646816254,0.29028192162513733,4.147360801696777,5.87737512588501,0.8620612025260925,0,-1,1,215,1.0,2.0,215,1.6267093420028687,0,0.0,0,0.0,0,30.505786895751953,0,5
SH,FVD,17,142,319,319,31.900000000000002,0.4229757785797119,0.5497603416442871,15.688969612121582,17.341217041015625,4.405303478240967,1,178,1,178,0.5579937304075235,2.0,178,0.0,0,0.0,0,0.0,0,0.0,0,5
SH,FVD,17,143,132,132,13.200000000000001,0.47052305936813354,0.5797398686408997,7.835015296936035,8.929974555969238,1.0014300346374512,0,-1,1,3,0.022727272727272728,2.0,132,1.9386518001556396,0,0.0,0,0.0,0,9.486807823181152,1,6
SH,FVD,17,144,271,271,27.1,0.19311627745628357,0.26807260513305664,7.025990962982178,9.646950721740723,0.6322624683380127,0,-1,1,271,1.0,2.0,271,0.8240063786506653,0,0.0,0,0.0,0,13.903154373168945,2,7
SH,FVD,17,145,393,393,39.300000000000004,0.3570594787597656,0.5229777097702026,5.887086391448975,7.007388114929199,1.0391488075256348,0,-1,0,0,0.0,2.0,393,2.071159839630127,0,0.0,0,0.0,0,4.388620853424072,2,7
SH,FVD,17,146,238,238,23.8,0.3887068033218384,0.5453221201896667,15.87375545501709,17.44080924987793,1.180528998374939,0,-1,0,0,0.0,2.0,238,3.0397682189941406,0,0.0,0,0.0,0,11.391892433166504,0,5
SH,FVD,17,147,421,421,42.1,0.2729567289352417,0.3136442303657532,9.593439102172852,10.624242782592773,0.760056734085083,0,-1,1,259,0.6152019002375297,2.0,421,1.3989540338516235,0,0.0,0,0.0,0,32.02643966674805,0,5
SH,FVD,17,148,210,210,21.0,0.3486122190952301,0.40502989292144775,6.756748676300049,9.312650680541992,1.357775330543518,0,-1,0,0,0.0,2.0,210,2.8422648906707764,0,0.0,0,0.0,0,63.32001495361328,0,5
SH,FVD,17,149,150,150,15.0,0.22614061832427979,0.2769993245601654,1.5254932641983032,1.744829535484314,0.317300945520401,0,-1,0,0,0.0,2.0,150,3.6477086544036865,0,0.0,0,0.0,0,4.2621564865112305,1,6
SH,FVD,17,150,193,193,19.3,0.6579274535179138,0.7901082634925842,8.465811729431152,10.479409217834473,1.8741565942764282,1,101,1,29,0.15025906735751296,2.0,101,0.0,0,0.0,0,0.0,0,0.0,1,6
SH,FVD,17,151,149,149,14.9,0.2714165449142456,0.3116005063056946,1.3219102621078491,1.6227704286575317,0.26261135935783386,0,-1,1,149,1.0,2.0,149,1.3144551515579224,0,0.0,0,0.0,0,7.080957412719727,0,5
SH,FVD,17,152,299,299,29.900000000000002,0.3330329656600952,0.44163206219673157,4.311421871185303,5.621023178100586,0.7959352731704712,1,295,1,64,0.2140468227424749,2.0,295,0.0,0,0.0,0,0.0,0,0.0,2,7
SH,FVD,17,153,996,996,99.60000000000001,0.22741331160068512,0.30042457580566406,3.622324228286743,4.156888484954834,0.8573362231254578,1,820,1,408,0.40963855421686746,2.0,820,0.0,0,0.0,0,0.0,0,0.0,0,5
SH,FVD,17,154,407,407,40.7,0.1484907865524292,0.23123367130756378,5.31373929977417,6.309743881225586,1.7904651165008545,1,127,1,109,0.2678132678132678,2.0,127,0.0,0,0.0,0,0.0,0,0.0,2,7
SH,FVD,17,155,138,138,13.8,0.3375895917415619,0.3993653655052185,3.0836009979248047,3.518993616104126,1.0625826120376587,1,78,1,77,0.5579710144927537,2.0,78,0.0,0,0.0,0,0.0,0,0.0,1,6
SH,FVD,17,156,151,151,15.100000000000001,0.28995800018310547,0.3768700361251831,3.2291998863220215,3.731442451477051,0.6522115468978882,0,-1,1,151,1.0,2.0,151,0.3678126931190491,0,0.0,0,0.0,0,6.191999912261963,2,7
SH,FVD,17,157,182,182,18.2,0.2463720738887787,0.3051975667476654,1.0631331205368042,1.2175966501235962,0.3808099925518036,0,-1,1,146,0.8021978021978022,2.0,182,1.1320383548736572,0,0.0,0,0.0,0,13.683099746704102,0,5
SH,FVD,17,158,157,157,15.700000000000001,0.27152061462402344,0.3514115810394287,2.1992788314819336,2.902155876159668,0.463223397731781,0,-1,1,157,1.0,2.0,157,0.8214229345321655,0,0.0,0,0.0,0,13.772660255432129,1,6
SH,FVD,17,159,530,530,53.0,0.1559380143880844,0.20546410977840424,1.9073777198791504,2.27492356300354,0.4717108905315399,1,419,1,174,0.3283018867924528,2.0,419,0.0,0,0.0,0,0.0,0,0.0,1,6
SH,FVD,17,160,374,374,37.4,0.525358259677887,0.6776081323623657,19.283031463623047,24.47300910949707,2.3980417251586914,1,363,1,33,0.08823529411764706,2.0,363,0.0,0,0.0,0,0.0,0,0.0,1,6
SH,FVD,17,161,797,797,79.7,0.1865825653076172,0.24226436018943787,8.812076568603516,9.640400886535645,0.5338542461395264,0,-1,0,0,0.0,2.0,797,2.3027029037475586,0,0.0,0,0.0,0,4.071969985961914,2,7
SH,FVD,17,162,142,142,14.200000000000001,0.4251410663127899,0.5008898377418518,1.517594814300537,1.6575180292129517,0.32339176535606384,1,137,1,117,0.823943661971831,2.0,137,0.0,0,0.0,0,0.0,0,0.0,1,6
SH,FVD,17,163,275,275,27.5,0.3445565104484558,0.4324294924736023,7.833251953125,8.678611755371094,1.114309549331665,1,87,1,56,0.20363636363636364,2.0,87,0.0,0,0.0,0,0.0,0,0.0,2,7
SH,FVD,17,164,241,241,24.1,0.21414294838905334,0.282553493976593,1.221773386001587,1.6352059841156006,0.3992867171764374,0,-1,1,241,1.0,2.0,241,0.5711206793785095,0,0.0,0,0.0,0,3.4484994411468506,1,6
SH,FVD,17,165,481,481,48.1,0.20788313448429108,0.26135194301605225,4.098903656005859,5.707578659057617,0.38808608055114746,0,-1,1,119,0.24740124740124741,2.0,481,1.3147844076156616,0,0.0,0,0.0,0,3.571524143218994,2,7
SH,FVD,17,166,189,189,18.900000000000002,0.2808963358402252,0.3855193555355072,6.620481967926025,7.140181064605713,0.6189225316047668,0,-1,1,9,0.047619047619047616,2.0,189,1.7242399454116821,0,0.0,0,0.0,0,6.088572978973389,0,5
SH,FVD,17,167,568,568,56.800000000000004,0.5043758153915405,0.6117413640022278,11.926513671875,13.412652015686035,9.119767189025879,1,82,1,48,0.08450704225352113,2.0,82,0.0,0,0.0,0,0.0,0,0.0,0,5
SH,FVD,17,168,327,327,32.7,0.31727808713912964,0.3956609070301056,2.167431116104126,3.0885324478149414,0.4821677803993225,0,-1,1,327,1.0,2.0,327,0.555835485458374,0,0.0,0,0.0,0,9.500215530395508,2,7
SH,FVD,17,169,602,602,60.2,0.2365487962961197,0.31030699610710144,41.437313079833984,50.83053970336914,1.468230128288269,0,-1,0,0,0.0,2.0,602,2.3596715927124023,0,0.0,0,0.0,0,39.071372985839844,2,7
SH,FVD,17,170,321,321,32.1,0.2883513867855072,0.4114859700202942,15.220109939575195,17.01277732849121,0.8314815759658813,0,-1,1,321,1.0,2.0,321,0.3483950197696686,0,0.0,0,0.0,0,4.428394317626953,2,7
SH,FVD,17,171,195,195,19.5,0.3185364603996277,0.404712975025177,3.124049186706543,4.230679035186768,0.552842915058136,0,-1,1,139,0.7128205128205128,2.0,195,0.8359090089797974,0,0.0,0,0.0,0,2.7906136512756348,2,7
SH,FVD,17,172,218,218,21.8,0.32902342081069946,0.4618785083293915,7.333823204040527,8.732318878173828,0.8390799164772034,0,-1,1,197,0.9036697247706422,2.0,218,0.563635528087616,0,0.0,0,0.0,0,2.7391138076782227,2,7
SH,FVD,17,173,162,162,16.2,0.5014826059341431,0.6980615854263306,0.9213276505470276,1.0708873271942139,0.384391725063324,0,-1,0,0,0.0,2.0,162,2.3226723670959473,0,0.0,0,0.0,0,1.8088767528533936,2,7
SH,FVD,17,174,168,168,16.8,0.337467759847641,0.4899504482746124,1.8525270223617554,2.6126749515533447,0.6847205758094788,0,-1,0,0,0.0,2.0,168,2.377527952194214,0,0.0,0,0.0,0,31.302541732788086,0,5
SH,FVD,17,175,194,194,19.400000000000002,0.42910927534103394,0.5108741521835327,10.439408302307129,13.485956192016602,1.4032641649246216,0,-1,1,194,1.0,2.0,194,0.5352095365524292,0,0.0,0,0.0,0,5.627548694610596,0,5
SH,FVD,17,176,142,142,14.200000000000001,0.27300122380256653,0.342996209859848,1.0976461172103882,1.3941004276275635,0.28308776021003723,0,-1,1,142,1.0,2.0,142,1.2770192623138428,0,0.0,0,0.0,0,17.950241088867188,2,7
SH,FVD,17,177,358,358,35.800000000000004,0.39654529094696045,0.5673602819442749,5.969405174255371,8.104531288146973,1.1284761428833008,1,299,1,299,0.835195530726257,2.0,299,0.0,0,0.0,0,0.0,0,0.0,2,7
SH,FVD,17,178,137,137,13.700000000000001,0.31680357456207275,0.6053915023803711,5.33411979675293,6.51328706741333,0.9473332166671753,0,-1,1,50,0.36496350364963503,2.0,137,1.314297080039978,0,0.0,0,0.0,0,8.771879196166992,2,7
SH,FVD,17,179,157,157,15.700000000000001,0.33398061990737915,0.429378479719162,0.3359709680080414,0.4180675148963928,0.31200799345970154,0,-1,1,157,1.0,2.0,157,1.0812101364135742,0,0.0,0,0.0,0,23.765396118164062,2,7
SH,FVD,17,180,222,222,22.200000000000003,0.21430577337741852,0.2748280167579651,10.29037094116211,12.060362815856934,0.951470136642456,0,-1,1,222,1.0,2.0,222,0.3820975422859192,0,0.0,0,0.0,0,11.089673042297363,2,7
SH,FVD,17,181,131,131,13.100000000000001,0.21534571051597595,0.23358756303787231,1.4484236240386963,1.8109054565429688,0.5176267623901367,0,-1,1,131,1.0,2.0,131,0.5501536130905151,0,0.0,0,0.0,0,8.718594551086426,1,6
SH,FVD,17,182,196,196,19.6,0.23559288680553436,0.3171621859073639,4.044219493865967,4.7308454513549805,0.7014607191085815,0,-1,0,0,0.0,2.0,196,2.8104372024536133,0,0.0,0,0.0,0,5.066346645355225,0,5
SH,FVD,17,183,295,295,29.5,0.24117757380008698,0.323967844247818,1.5153157711029053,1.9748353958129883,0.4632745385169983,0,-1,1,216,0.7322033898305085,2.0,295,1.5659116506576538,0,0.0,0,0.0,0,13.617415428161621,2,7
SH,FVD,17,184,538,538,53.800000000000004,0.41544437408447266,0.6230890154838562,23.062437057495117,27.898324966430664,1.7537426948547363,1,507,1,39,0.0724907063197026,2.0,507,0.0,0,0.0,0,0.0,0,0.0,2,7
SH,FVD,17,185,200,200,20.0,0.33829665184020996,0.41374123096466064,6.454751014709473,7.548970699310303,1.0358141660690308,0,-1,0,0,0.0,2.0,200,2.235926628112793,0,0.0,0,0.0,0,2.068990707397461,0,5
SH,FVD,17,186,215,215,21.5,0.21285873651504517,0.2846132218837738,7.672754287719727,8.480630874633789,0.7156810164451599,0,-1,0,0,0.0,2.0,215,3.459246873855591,0,0.0,0,0.0,0,9.58132553100586,2,7
SH,FVD,17,187,182,182,18.2,0.26309823989868164,0.2989121675491333,4.840500831604004,6.002892971038818,0.7400661110877991,0,-1,1,85,0.46703296703296704,2.0,182,1.7540767192840576,0,0.0,0,0.0,0,13.483011245727539,1,6
SH,FVD,17,188,377,377,37.7,0.31326329708099365,0.4032304286956787,5.808364391326904,6.673414707183838,0.8763558864593506,1,250,1,71,0.1883289124668435,2.0,250,0.0,0,0.0,0,0.0,0,0.0,2,7
SH,FVD,17,189,151,151,15.100000000000001,0.32180678844451904,0.3915592133998871,6.514641284942627,7.662477493286133,0.9363757967948914,0,-1,1,151,1.0,2.0,151,0.7921028137207031,0,0.0,0,0.0,0,12.037545204162598,0,5
SH,FVD,17,190,418,418,41.800000000000004,0.34953638911247253,0.5012170672416687,9.521561622619629,15.179067611694336,1.6051712036132812,0,-1,1,154,0.3684210526315789,2.0,418,0.7555672526359558,0,0.0,0,0.0,0,5.265843868255615,1,6
SH,FVD,17,191,162,162,16.2,0.3192221224308014,0.4114886522293091,4.640347480773926,5.963794708251953,0.6634158492088318,0,-1,1,112,0.691358024691358,2.0,162,0.05384381487965584,0,0.0,0,0.0,0,0.31920385360717773,0,5
SH,FVD,17,192,190,190,19.0,0.21242107450962067,0.28243184089660645,1.9795762300491333,2.273754596710205,0.5474388599395752,1,121,1,72,0.37894736842105264,2.0,121,0.0,0,0.0,0,0.0,0,0.0,2,7
SH,FVD,17,193,277,277,27.700000000000003,0.26020699739456177,0.3560846149921417,1.2890911102294922,1.6676620244979858,0.36122897267341614,0,-1,1,167,0.6028880866425993,2.0,277,1.0713046789169312,0,0.0,0,0.0,0,12.570882797241211,2,7
SH,FVD,17,194,169,169,16.900000000000002,0.37147462368011475,0.45324525237083435,4.896265029907227,7.081747055053711,1.1604578495025635,0,-1,0,0,0.0,2.0,169,2.880009651184082,0,0.0,0,0.0,0,35.84699630737305,1,6
SH,FVD,17,195,216,216,21.6,0.32523617148399353,0.5085221529006958,11.803375244140625,17.213836669921875,1.552952527999878,0,-1,1,54,0.25,2.0,216,0.7932165861129761,0,0.0,0,0.0,0,15.894775390625,1,6
SH,FVD,17,196,393,393,39.300000000000004,0.4116741418838501,0.5493006110191345,9.131930351257324,11.188655853271484,1.0049206018447876,0,-1,1,16,0.04071246819338423,2.0,393,1.2225136756896973,0,0.0,0,0.0,0,3.5649635791778564,0,5
SH,FVD,17,197,168,168,16.8,0.41319161653518677,0.52960604429245,0.9469547271728516,1.2616057395935059,0.6002001762390137,0,-1,1,168,1.0,2.0,168,0.14315256476402283,0,0.0,0,0.0,0,2.290773391723633,1,6
SH,FVD,17,198,322,322,32.2,0.33610737323760986,0.4956715404987335,5.047030925750732,5.4738006591796875,0.57904452085495,0,-1,1,12,0.037267080745341616,2.0,322,1.3437433242797852,0,0.0,0,0.0,0,4.232893466949463,0,5
SH,FVD,17,199,190,190,19.0,0.42243048548698425,0.5050577521324158,6.374924182891846,7.177111625671387,0.7642523646354675,0,-1,0,0,0.0,2.0,190,2.0739247798919678,0,0.0,0,0.0,0,11.362300872802734,0,5
SH,FVD,17,200,172,172,17.2,0.27628618478775024,0.3387160301208496,6.111654758453369,7.024875640869141,0.7266676425933838,1,171,1,171,0.9941860465116279,2.0,171,0.0,0,0.0,0,0.0,0,0.0,0,5
SH,FVD,17,201,393,393,39.300000000000004,0.2089146375656128,0.2569461464881897,5.2855939865112305,5.913954734802246,0.4791593551635742,0,-1,1,393,1.0,2.0,393,1.023311972618103,0,0.0,0,0.0,0,14.257743835449219,2,7
SH,FVD,17,202,495,495,49.5,0.4813665449619293,0.6849468946456909,4.153353691101074,5.485840320587158,2.1798508167266846,1,388,1,388,0.7838383838383839,2.0,388,0.0,0,0.0,0,0.0,0,0.0,2,7
SH,FVD,17,203,229,229,22.900000000000002,0.25175514817237854,0.3011041283607483,2.0798263549804688,2.47932767868042,0.37304237484931946,0,-1,1,229,1.0,2.0,229,1.428378701210022,0,0.0,0,0.0,0,17.02105140686035,1,6
SH,FVD,17,204,239,239,23.900000000000002,0.22987216711044312,0.26201167702674866,10.335736274719238,14.594078063964844,1.5642826557159424,0,-1,0,0,0.0,2.0,239,2.9557294845581055,0,0.0,0,0.0,0,31.67089080810547,1,6
SH,FVD,17,205,282,282,28.200000000000003,0.4443851411342621,0.5759214162826538,7.995456695556641,9.83069133758545,1.4029157161712646,0,-1,0,0,0.0,2.0,282,5.202616214752197,0,0.0,0,0.0,0,7.6957268714904785,0,5
SH,FVD,17,206,160,160,16.0,0.23000434041023254,0.2732749581336975,3.8697762489318848,4.569602966308594,0.6381787657737732,0,-1,0,0,0.0,2.0,160,2.8847949504852295,0,0.0,0,0.0,0,6.5449748039245605,2,7
SH,FVD,17,207,171,171,17.1,0.18663518130779266,0.25304514169692993,1.8924534320831299,2.3764398097991943,0.2608609199523926,0,-1,1,17,0.09941520467836257,2.0,171,1.9777768850326538,0,0.0,0,0.0,0,22.104772567749023,2,7
SH,FVD,17,208,497,497,49.7,0.12792006134986877,0.1555091291666031,6.850223064422607,7.9920454025268555,0.40224000811576843,0,-1,1,497,1.0,2.0,497,0.2522035539150238,0,0.0,0,0.0,0,3.560553550720215,2,7
SH,FVD,17,209,281,281,28.1,0.3365746736526489,0.43097370862960815,4.053689002990723,4.561346054077148,0.7519392967224121,0,-1,1,55,0.19572953736654805,2.0,281,1.567397952079773,0,0.0,0,0.0,0,4.417141914367676,2,7
SH,FVD,17,210,623,623,62.300000000000004,0.21340341866016388,0.25274890661239624,9.804110527038574,12.86593246459961,1.0751270055770874,0,-1,1,472,0.7576243980738363,2.0,623,0.8947733640670776,0,0.0,0,0.0,0,21.808950424194336,0,5
SH,FVD,17,211,137,137,13.700000000000001,0.15568476915359497,0.20618918538093567,1.896232008934021,2.7105846405029297,0.4685060679912567,0,-1,1,23,0.1678832116788321,2.0,137,1.6650030612945557,0,0.0,0,0.0,0,1.876685619354248,0,5
SH,FVD,17,212,151,151,15.100000000000001,0.3734184801578522,0.41447821259498596,1.970159649848938,2.5993616580963135,0.9804699420928955,0,-1,1,151,1.0,2.0,151,0.24348823726177216,0,0.0,0,0.0,0,5.741791725158691,1,6
SH,FVD,17,213,188,188,18.8,0.4653206169605255,0.6279296278953552,5.820501327514648,6.870795249938965,1.7085589170455933,1,130,1,130,0.6914893617021277,2.0,130,0.0,0,0.0,0,0.0,0,0.0,2,7
SH,FVD,17,214,331,331,33.1,0.19967955350875854,0.25407785177230835,2.066330909729004,2.1788949966430664,0.2395322620868683,0,-1,1,331,1.0,2.0,331,0.9722574353218079,0,0.0,0,0.0,0,17.076244354248047,2,7
SH,FVD,17,215,594,594,59.400000000000006,0.17515791952610016,0.24906626343727112,3.5450563430786133,5.123494625091553,0.6042575240135193,0,-1,1,488,0.8215488215488216,2.0,594,1.286332607269287,0,0.0,0,0.0,0,20.832008361816406,2,7
SH,FVD,17,216,161,161,16.1,0.4557531476020813,0.532577633857727,3.1375017166137695,3.4133338928222656,2.0210559368133545,1,43,1,43,0.2670807453416149,2.0,43,0.0,0,0.0,0,0.0,0,0.0,2,7
SH,FVD,17,217,355,355,35.5,0.4542785584926605,0.5961785912513733,4.758429527282715,5.148532390594482,2.5253489017486572,1,239,1,238,0.6704225352112676,2.0,239,0.0,0,0.0,0,0.0,0,0.0,1,6
SH,FVD,17,218,190,190,19.0,0.38952431082725525,0.49231401085853577,2.199601411819458,2.8112192153930664,0.6269157528877258,0,-1,0,0,0.0,2.0,190,2.5608327388763428,0,0.0,0,0.0,0,1.987373948097229,1,6
SH,FVD,17,219,318,318,31.8,0.37454119324684143,0.4991145133972168,7.103241443634033,8.79776382446289,5.330629348754883,1,170,1,170,0.5345911949685535,2.0,170,0.0,0,0.0,0,0.0,0,0.0,1,6
SH,FVD,17,220,247,247,24.700000000000003,0.3111485242843628,0.46405333280563354,9.048948287963867,11.444987297058105,0.881881058216095,0,-1,1,247,1.0,2.0,247,1.4843438863754272,0,0.0,0,0.0,0,35.51456069946289,1,6
SH,FVD,17,221,141,141,14.100000000000001,0.19939790666103363,0.3568516671657562,0.3274341821670532,0.38600510358810425,0.1738663762807846,1,140,1,140,0.9929078014184397,2.0,140,0.0,0,0.0,0,0.0,0,0.0,2,7
SH,FVD,17,222,650,650,65.0,0.25963321328163147,0.3243175745010376,3.002471446990967,3.465191125869751,0.6243674755096436,0,-1,1,650,1.0,2.0,650,0.3474310040473938,0,0.0,0,0.0,0,3.6335813999176025,1,6
SH,FVD,17,223,548,548,54.800000000000004,0.25526630878448486,0.31570297479629517,3.501373291015625,5.573404788970947,0.5611023902893066,0,-1,1,548,1.0,2.0,548,1.2010985612869263,0,0.0,0,0.0,0,19.397890090942383,0,5
SH,FVD,17,224,247,247,24.700000000000003,0.1886780709028244,0.2381322681903839,3.0470924377441406,3.679783821105957,0.37208056449890137,0,-1,0,0,0.0,2.0,247,3.4952571392059326,0,0.0,0,0.0,0,4.9421868324279785,2,7
SH,FVD,17,225,209,209,20.900000000000002,0.2314668893814087,0.30794769525527954,4.440847873687744,5.815280437469482,0.7547715306282043,0,-1,1,193,0.9234449760765551,2.0,209,1.5642898082733154,0,0.0,0,0.0,0,28.25080680847168,1,6
SH,FVD,17,226,256,256,25.6,0.22575066983699799,0.29195690155029297,10.533629417419434,12.115228652954102,0.6638932824134827,0,-1,1,256,1.0,2.0,256,0.6883814334869385,0,0.0,0,0.0,0,10.113948822021484,2,7
SH,FVD,17,227,290,290,29.0,0.2005554735660553,0.2586005628108978,11.478769302368164,15.86607837677002,2.193061113357544,1,264,1,264,0.9103448275862069,2.0,264,0.0,0,0.0,0,0.0,0,0.0,0,5
SH,FVD,17,228,315,315,31.5,0.32858726382255554,0.47614631056785583,7.628539085388184,8.286589622497559,0.5701892375946045,0,-1,1,51,0.1619047619047619,2.0,315,1.323615550994873,0,0.0,0,0.0,0,4.3307204246521,1,6
SH,FVD,17,229,1200,1200,120.0,0.275285542011261,0.3626091182231903,8.302982330322266,9.807998657226562,7.1525187492370605,1,129,1,129,0.1075,2.0,129,0.0,0,0.0,0,0.0,0,0.0,1,6
SH,FVD,17,230,409,409,40.900000000000006,0.3079676032066345,0.406981498003006,4.729928970336914,5.682835102081299,0.48423779010772705,0,-1,1,44,0.10757946210268948,2.0,409,1.2164171934127808,0,0.0,0,0.0,0,1.9353840351104736,1,6
SH,FVD,17,231,160,160,16.0,0.27396681904792786,0.33937230706214905,1.6447694301605225,2.005988836288452,0.5484411120414734,0,-1,1,22,0.1375,2.0,160,0.8637779951095581,0,0.0,0,0.0,0,1.3183374404907227,0,5
SH,FVD,17,232,371,371,37.1,0.19882045686244965,0.2501157224178314,18.346057891845703,22.009916305541992,1.1063100099563599,0,-1,1,371,1.0,2.0,371,0.6279004812240601,0,0.0,0,0.0,0,5.341170310974121,1,6
SH,FVD,17,233,507,507,50.7,0.3125535845756531,0.3868447244167328,4.156886577606201,4.945400714874268,0.8704606890678406,0,-1,1,224,0.4418145956607495,2.0,507,0.9700434803962708,0,0.0,0,0.0,0,6.858124732971191,2,7
SH,FVD,17,234,316,316,31.6,0.20177523791790009,0.24795758724212646,5.366037368774414,5.813486099243164,0.35647568106651306,0,-1,1,316,1.0,2.0,316,0.5340690612792969,0,0.0,0,0.0,0,6.275028228759766,0,5
SH,FVD,17,235,192,192,19.200000000000003,0.32242968678474426,0.43556782603263855,10.227485656738281,11.21509075164795,0.7832719683647156,0,-1,0,0,0.0,2.0,192,3.565337896347046,0,0.0,0,0.0,0,7.717790603637695,2,7
SH,FVD,17,236,200,200,20.0,0.524128258228302,0.6739963889122009,10.673728942871094,12.220236778259277,1.8177354335784912,0,-1,1,135,0.675,2.0,200,0.8856115341186523,0,0.0,0,0.0,0,20.396268844604492,1,6
SH,FVD,17,237,524,524,52.400000000000006,0.3207325339317322,0.3947617709636688,5.522844314575195,7.502285480499268,0.7881940007209778,1,471,1,185,0.3530534351145038,2.0,471,0.0,0,0.0,0,0.0,0,0.0,1,6
SH,FVD,17,238,406,406,40.6,0.2974000573158264,0.3752425014972687,13.404187202453613,15.299628257751465,1.1787904500961304,0,-1,1,46,0.11330049261083744,2.0,406,1.940393090248108,0,0.0,0,0.0,0,19.534191131591797,1,6
SH,FVD,17,239,171,171,17.1,0.5251145362854004,0.6395012736320496,5.834259986877441,7.432667255401611,1.4792135953903198,1,131,1,47,0.27485380116959063,2.0,131,0.0,0,0.0,0,0.0,0,0.0,2,7
SH,FVD,17,240,196,196,19.6,0.28585609793663025,0.4102974832057953,3.155327558517456,3.983215093612671,0.6075524091720581,0,-1,1,196,1.0,2.0,196,0.23397375643253326,0,0.0,0,0.0,0,2.6817033290863037,1,6
SH,FVD,17,241,333,333,33.300000000000004,0.2748051881790161,0.31497228145599365,4.821696758270264,6.215217590332031,0.4943789541721344,0,-1,1,333,1.0,2.0,333,0.913964033126831,0,0.0,0,0.0,0,15.022926330566406,1,6
SH,FVD,17,242,213,213,21.3,0.24114809930324554,0.3046877682209015,3.6455931663513184,4.9433465003967285,0.5900636315345764,0,-1,1,213,1.0,2.0,213,1.077720284461975,0,0.0,0,0.0,0,10.399332046508789,0,5
SH,FVD,17,243,358,358,35.800000000000004,0.25119757652282715,0.3185080587863922,6.0060811042785645,7.517960548400879,0.7864410281181335,0,-1,1,358,1.0,2.0,358,0.9640463590621948,0,0.0,0,0.0,0,11.359848022460938,0,5
SH,FVD,17,244,150,150,15.0,0.17385008931159973,0.21606001257896423,6.881160259246826,8.248522758483887,0.8767139911651611,0,-1,0,0,0.0,2.0,150,2.6629374027252197,0,0.0,0,0.0,0,33.8092155456543,1,6
SH,FVD,17,245,174,174,17.400000000000002,0.44204890727996826,0.5434122085571289,3.3113226890563965,4.180624961853027,0.8328944444656372,0,-1,1,152,0.8735632183908046,2.0,174,1.1044085025787354,0,0.0,0,0.0,0,7.045039653778076,1,6
SH,FVD,17,246,169,169,16.900000000000002,0.2851726710796356,0.3541472852230072,15.346452713012695,18.731746673583984,1.8798418045043945,0,-1,1,169,1.0,2.0,169,0.9442400336265564,0,0.0,0,0.0,0,9.885594367980957,2,7
SH,FVD,17,247,181,181,18.1,0.2499554604291916,0.32551220059394836,1.8550916910171509,2.733973264694214,0.5580495595932007,0,-1,0,0,0.0,2.0,181,2.444225549697876,0,0.0,0,0.0,0,3.729766607284546,2,7
SH,FVD,17,248,140,140,14.0,0.24784716963768005,0.2896140217781067,5.617082595825195,6.858732223510742,0.9323948621749878,0,-1,1,140,1.0,2.0,140,1.2341899871826172,0,0.0,0,0.0,0,23.772945404052734,0,5
SH,FVD,17,249,255,255,25.5,0.4032334089279175,0.49441203474998474,4.101623058319092,5.228391647338867,0.7245096564292908,0,-1,1,232,0.9098039215686274,2.0,255,1.5291696786880493,0,0.0,0,0.0,0,27.797712326049805,2,7
SH,FVD,17,250,304,304,30.400000000000002,0.5636627078056335,0.7491068840026855,9.592338562011719,11.640527725219727,4.406634330749512,1,65,1,65,0.2138157894736842,2.0,65,0.0,0,0.0,0,0.0,0,0.0,0,5
SH,FVD,17,251,220,220,22.0,0.7563366293907166,1.2363698482513428,3.2870054244995117,3.920081377029419,1.1391273736953735,1,197,1,197,0.8954545454545455,2.0,197,0.0,0,0.0,0,0.0,0,0.0,1,6
SH,FVD,17,252,134,134,13.4,0.18809781968593597,0.2584468722343445,4.507818222045898,5.790732383728027,0.8246089816093445,0,-1,1,47,0.35074626865671643,2.0,134,1.9406088590621948,0,0.0,0,0.0,0,12.460079193115234,1,6
SH,FVD,17,253,300,300,30.0,0.20447517931461334,0.28768211603164673,2.2479426860809326,3.110124349594116,0.6507015228271484,0,-1,1,300,1.0,2.0,300,0.8107671737670898,0,0.0,0,0.0,0,18.609909057617188,2,7
SH,FVD,17,254,349,349,34.9,0.23638251423835754,0.29152026772499084,13.275816917419434,17.419591903686523,1.0956344604492188,0,-1,1,162,0.46418338108882523,2.0,349,1.1639502048492432,0,0.0,0,0.0,0,9.552160263061523,1,6
SH,FVD,17,255,149,149,14.9,0.14795000851154327,0.18055713176727295,1.2319575548171997,1.5038458108901978,0.41970300674438477,0,-1,1,149,1.0,2.0,149,1.003637433052063,0,0.0,0,0.0,0,13.090837478637695,0,5
SH,FVD,17,256,303,303,30.3,0.1374378651380539,0.1736096292734146,3.0036959648132324,3.6101036071777344,0.27982136607170105,0,-1,1,35,0.11551155115511551,2.0,303,1.365343451499939,0,0.0,0,0.0,0,7.6047539710998535,0,5
SH,FVD,17,257,136,136,13.600000000000001,0.3404979705810547,0.39699533581733704,4.564347743988037,5.464422702789307,0.5962013006210327,0,-1,0,0,0.0,2.0,136,4.262219429016113,0,0.0,0,0.0,0,16.700281143188477,0,5
SH,FVD,17,258,228,228,22.8,0.3229566514492035,0.40598297119140625,2.2314608097076416,2.7912614345550537,0.32998421788215637,0,-1,1,228,1.0,2.0,228,0.9392572641372681,0,0.0,0,0.0,0,9.36492919921875,0,5
SH,FVD,17,259,133,133,13.3,0.22106368839740753,0.31140440702438354,1.7041996717453003,2.465993881225586,0.5519689321517944,0,-1,1,56,0.42105263157894735,2.0,133,1.6898679733276367,0,0.0,0,0.0,0,35.32928466796875,2,7
SH,FVD,17,260,308,308,30.8,0.15214794874191284,0.18365438282489777,3.076213836669922,4.246494770050049,0.5008249878883362,0,-1,1,12,0.03896103896103896,2.0,308,1.9799617528915405,0,0.0,0,0.0,0,55.96696853637695,0,5
SH,FVD,17,261,186,186,18.6,0.3596179783344269,0.6202496886253357,7.959045886993408,9.468306541442871,1.000866413116455,0,-1,1,186,1.0,2.0,186,0.5361025333404541,0,0.0,0,0.0,0,8.671245574951172,1,6
SH,FVD,17,262,500,500,50.0,0.233295738697052,0.3657563626766205,8.087231636047363,9.930919647216797,0.8587576150894165,0,-1,1,95,0.19,2.0,500,0.9240729808807373,0,0.0,0,0.0,0,4.022342681884766,0,5
SH,FVD,17,263,291,291,29.1,0.25270286202430725,0.3096250891685486,16.38007164001465,19.05683708190918,0.9862922430038452,0,-1,1,212,0.7285223367697594,2.0,291,1.3756147623062134,0,0.0,0,0.0,0,31.470008850097656,1,6
SH,FVD,17,264,133,133,13.3,0.3316778242588043,0.40306830406188965,1.754638433456421,2.0229504108428955,0.7422288060188293,0,-1,0,0,0.0,2.0,133,4.636864185333252,0,0.0,0,0.0,0,8.599496841430664,0,5
SH,FVD,17,265,449,449,44.900000000000006,0.3167998492717743,0.41230350732803345,6.805041790008545,8.142321586608887,0.8071258664131165,0,-1,1,28,0.062360801781737196,2.0,449,1.8486204147338867,0,0.0,0,0.0,0,5.717018127441406,1,6
SH,FVD,17,266,2076,2076,207.60000000000002,0.3766247630119324,0.5019768476486206,5.498658657073975,6.933682441711426,2.354285717010498,1,1197,1,1086,0.523121387283237,2.0,1197,0.0,0,0.0,0,0.0,0,0.0,0,5
SH,FVD,17,267,183,183,18.3,0.3733327090740204,0.5463493466377258,1.7633349895477295,2.1247904300689697,0.5356224179267883,0,-1,1,66,0.36065573770491804,2.0,183,0.0358370803296566,0,0.0,0,0.0,0,0.21166273951530457,1,6
SH,FVD,17,268,146,146,14.600000000000001,0.6925694942474365,0.8421918749809265,6.121041297912598,6.878540992736816,2.6407418251037598,1,60,1,60,0.410958904109589,2.0,60,0.0,0,0.0,0,0.0,0,0.0,2,7
SH,FVD,17,269,213,213,21.3,0.2900374233722687,0.3547038733959198,13.101762771606445,15.788334846496582,1.3046010732650757,0,-1,0,0,0.0,2.0,213,2.682328224182129,0,0.0,0,0.0,0,2.8089940547943115,0,5
SH,FVD,17,270,279,279,27.900000000000002,0.46208611130714417,0.6245529651641846,3.0969038009643555,3.494558095932007,0.5230414867401123,0,-1,1,279,1.0,2.0,279,0.26795947551727295,0,0.0,0,0.0,0,1.2513941526412964,1,6
SH,FVD,17,271,159,159,15.9,0.6745831370353699,0.7566441893577576,4.209625244140625,4.923181056976318,1.2100956439971924,1,113,1,52,0.3270440251572327,2.0,113,0.0,0,0.0,0,0.0,0,0.0,0,5
SH,FVD,17,272,139,139,13.9,0.2661057412624359,0.3421483635902405,1.0380141735076904,1.3424350023269653,0.36092421412467957,0,-1,1,123,0.8848920863309353,2.0,139,0.43933922052383423,0,0.0,0,0.0,0,1.5700416564941406,1,6
SH,FVD,17,273,139,139,13.9,0.42905476689338684,0.5917127728462219,10.517477035522461,12.78278923034668,1.658962607383728,0,-1,0,0,0.0,2.0,139,3.5270073413848877,0,0.0,0,0.0,0,4.980321407318115,2,7
SH,FVD,17,274,296,296,29.6,0.24779263138771057,0.3447786867618561,0.8101949095726013,1.0192686319351196,0.2978692054748535,0,-1,1,296,1.0,2.0,296,1.2804023027420044,0,0.0,0,0.0,0,10.406310081481934,1,6
SH,FVD,17,275,303,303,30.3,0.23505429923534393,0.32534316182136536,7.288846492767334,8.20920181274414,0.8661970496177673,0,-1,1,293,0.966996699669967,2.0,303,0.9179306626319885,0,0.0,0,0.0,0,25.51942253112793,1,6
SH,FVD,17,276,488,488,48.800000000000004,0.31887903809547424,0.4113014042377472,11.268902778625488,13.033418655395508,0.8534315228462219,0,-1,0,0,0.0,2.0,488,2.566441774368286,0,0.0,0,0.0,0,7.533987045288086,2,7
SH,FVD,17,277,542,542,54.2,0.4803478717803955,0.5950166583061218,25.08465003967285,31.4874267578125,2.1032304763793945,1,519,1,30,0.055350553505535055,2.0,519,0.0,0,0.0,0,0.0,0,0.0,2,7
SH,FVD,17,278,569,569,56.900000000000006,0.2966686189174652,0.4164581894874573,2.436316728591919,3.1668856143951416,0.6949045062065125,1,475,1,475,0.8347978910369068,2.0,475,0.0,0,0.0,0,0.0,0,0.0,1,6
SH,FVD,17,279,593,593,59.300000000000004,0.31973952054977417,0.4235283434391022,5.201911926269531,5.948092937469482,0.535150408744812,0,-1,0,0,0.0,2.0,593,2.17311954498291,0,0.0,0,0.0,0,2.2096517086029053,1,6
SH,FVD,17,280,147,147,14.700000000000001,0.3176507353782654,0.4063771665096283,2.9916329383850098,3.186152935028076,0.3285192549228668,0,-1,1,147,1.0,2.0,147,0.3900781273841858,0,0.0,0,0.0,0,2.2496092319488525,0,5
SH,FVD,17,281,261,261,26.1,0.42839017510414124,0.6110566854476929,3.0878665447235107,3.508854389190674,1.6274394989013672,1,130,1,104,0.39846743295019155,2.0,130,0.0,0,0.0,0,0.0,0,0.0,0,5
SH,FVD,17,282,149,149,14.9,0.36210471391677856,0.4528332054615021,2.7613039016723633,3.3270301818847656,0.8916990756988525,0,-1,0,0,0.0,2.0,149,7.629489898681641,0,0.0,0,0.0,0,10.354192733764648,1,6
SH,FVD,17,283,188,188,18.8,0.24336616694927216,0.2971356511116028,1.077518343925476,1.3330247402191162,0.3537202477455139,0,-1,1,188,1.0,2.0,188,1.033792495727539,0,0.0,0,0.0,0,16.799020767211914,1,6
SH,FVD,17,284,331,331,33.1,0.3595476746559143,0.44229650497436523,11.187325477600098,12.323636054992676,1.0015836954116821,0,-1,1,276,0.8338368580060423,2.0,331,1.681714653968811,0,0.0,0,0.0,0,27.369056701660156,0,5
SH,FVD,17,285,406,406,40.6,0.36165091395378113,0.5132089853286743,2.8344404697418213,3.961089849472046,0.9915006160736084,1,345,1,345,0.8497536945812808,2.0,345,0.0,0,0.0,0,0.0,0,0.0,1,6
SH,FVD,17,286,559,559,55.900000000000006,0.22357401251792908,0.2969364821910858,9.298823356628418,11.474335670471191,0.6151704788208008,0,-1,1,518,0.9266547406082289,2.0,559,0.9044205546379089,0,0.0,0,0.0,0,19.366313934326172,0,5
SH,FVD,17,287,195,195,19.5,0.34111639857292175,0.4125423729419708,2.732712745666504,3.1410186290740967,0.5710746645927429,0,-1,1,18,0.09230769230769231,2.0,195,1.015385627746582,0,0.0,0,0.0,0,1.0868632793426514,0,5
SH,FVD,17,288,158,158,15.8,0.3782864511013031,0.5145596861839294,0.9061828851699829,1.024105429649353,0.34129008650779724,0,-1,1,158,1.0,2.0,158,0.33730509877204895,0,0.0,0,0.0,0,6.020801067352295,0,5
SH,FVD,17,289,159,159,15.9,0.20031747221946716,0.2520470917224884,5.6799492835998535,7.0228590965271,0.8501148223876953,0,-1,1,159,1.0,2.0,159,1.1325702667236328,0,0.0,0,0.0,0,17.13922691345215,1,6
SH,FVD,17,290,176,176,17.6,0.1575649529695511,0.22951412200927734,2.2497148513793945,2.980502128601074,0.2995961904525757,0,-1,1,176,1.0,2.0,176,1.1939505338668823,0,0.0,0,0.0,0,24.70706558227539,2,7
SH,FVD,17,291,251,251,25.1,0.20829720795154572,0.2564341127872467,10.240937232971191,11.721026420593262,0.6760476231575012,0,-1,1,251,1.0,2.0,251,0.36864545941352844,0,0.0,0,0.0,0,6.505855560302734,1,6
SH,FVD,17,292,165,165,16.5,0.32506266236305237,0.37875884771347046,2.386415719985962,2.9084243774414062,0.8919848799705505,0,-1,1,95,0.5757575757575758,2.0,165,1.568039059638977,0,0.0,0,0.0,0,20.819324493408203,0,5
SH,FVD,17,293,229,229,22.900000000000002,0.4358026683330536,0.5924658179283142,1.493014931678772,1.820672631263733,0.6104923486709595,0,-1,1,200,0.8733624454148472,2.0,229,1.112815499305725,0,0.0,0,0.0,0,3.8470301628112793,2,7
SH,FVD,17,294,521,521,52.1,0.26943373680114746,0.3463704586029053,10.345414161682129,11.352319717407227,0.6995376348495483,0,-1,1,43,0.08253358925143954,2.0,521,1.329359769821167,0,0.0,0,0.0,0,5.313606262207031,0,5
SH,FVD,17,295,134,134,13.4,0.2698116898536682,0.3123984932899475,1.590543508529663,1.920541524887085,0.7215458154678345,0,-1,0,0,0.0,2.0,134,2.4948134422302246,0,0.0,0,0.0,0,41.82925796508789,0,5
SH,FVD,17,296,216,216,21.6,0.5605804920196533,0.6127485632896423,4.40363883972168,5.030751705169678,1.3764029741287231,0,-1,1,216,1.0,2.0,216,0.7616274356842041,0,0.0,0,0.0,0,19.901264190673828,2,7
SH,FVD,17,297,145,145,14.5,0.28614169359207153,0.363629013299942,2.879059314727783,3.0758485794067383,0.3741113245487213,0,-1,1,7,0.04827586206896552,2.0,145,1.6353628635406494,0,0.0,0,0.0,0,0.9263660311698914,0,5
SH,FVD,17,298,225,225,22.5,0.1589512825012207,0.2034182995557785,3.405421018600464,4.094847679138184,0.28896236419677734,0,-1,1,225,1.0,2.0,225,0.5277504920959473,0,0.0,0,0.0,0,8.947543144226074,1,6
SH,FVD,17,299,305,305,30.5,0.41289862990379333,0.5122941732406616,4.479587078094482,5.000724792480469,2.356139659881592,1,64,1,58,0.1901639344262295,2.0,64,0.0,0,0.0,0,0.0,0,0.0,1,6
SH,FVD,17,300,249,249,24.900000000000002,0.3833636939525604,0.5155326724052429,2.60219669342041,3.438119888305664,0.8439586162567139,0,-1,1,159,0.6385542168674698,2.0,249,0.4429064393043518,0,0.0,0,0.0,0,0.7345410585403442,0,5
SH,FVD,17,301,492,492,49.2,0.581325888633728,0.7414594292640686,6.558073997497559,7.427419185638428,3.2562177181243896,1,300,1,83,0.16869918699186992,2.0,300,0.0,0,0.0,0,0.0,0,0.0,1,6
SH,FVD,17,302,339,339,33.9,0.16173501312732697,0.19564113020896912,1.6040555238723755,1.8995141983032227,0.3905797600746155,0,-1,1,339,1.0,2.0,339,1.2016385793685913,0,0.0,0,0.0,0,22.14949607849121,1,6
SH,FVD,17,303,318,318,31.8,0.34864506125450134,0.42792221903800964,2.2416491508483887,2.8145530223846436,0.8993245363235474,1,249,1,249,0.7830188679245284,2.0,249,0.0,0,0.0,0,0.0,0,0.0,2,7
SH,FVD,17,304,206,206,20.6,0.36205875873565674,0.49000534415245056,3.9306302070617676,4.585351467132568,1.8032641410827637,1,138,1,138,0.6699029126213593,2.0,138,0.0,0,0.0,0,0.0,0,0.0,0,5
SH,FVD,17,305,796,796,79.60000000000001,0.19896692037582397,0.25180816650390625,96.31086730957031,122.15939331054688,2.9754486083984375,0,-1,1,155,0.19472361809045227,2.0,796,1.6811164617538452,0,0.0,0,0.0,0,39.47732162475586,1,6
SH,FVD,17,306,214,214,21.400000000000002,0.6103838682174683,0.895720899105072,3.341641426086426,4.995452404022217,1.7212638854980469,1,161,1,161,0.7523364485981309,2.0,161,0.0,0,0.0,0,0.0,0,0.0,1,6
SH,FVD,17,307,144,144,14.4,0.41381651163101196,0.5231698155403137,2.9791452884674072,4.3693013191223145,0.910679817199707,1,139,1,139,0.9652777777777778,2.0,139,0.0,0,0.0,0,0.0,0,0.0,2,7
SH,FVD,17,308,292,292,29.200000000000003,0.4467848241329193,0.573748767375946,5.813155174255371,7.75705099105835,2.2258448600769043,1,79,1,79,0.2705479452054795,2.0,79,0.0,0,0.0,0,0.0,0,0.0,2,7
SH,FVD,17,309,143,143,14.3,0.24381272494792938,0.3254484236240387,0.585324227809906,0.7506619095802307,0.24128146469593048,0,-1,0,0,0.0,2.0,143,5.263802528381348,0,0.0,0,0.0,0,3.8350255489349365,1,6
SH,FVD,17,310,137,137,13.700000000000001,0.22866427898406982,0.2971486747264862,1.4213331937789917,1.9902390241622925,0.34017330408096313,0,-1,1,135,0.9854014598540146,2.0,137,1.5076044797897339,0,0.0,0,0.0,0,5.855125904083252,2,7
SH,FVD,17,311,804,804,80.4,0.27982982993125916,0.3686128258705139,13.595013618469238,16.0334529876709,0.5744197964668274,0,-1,0,0,0.0,2.0,804,2.5975120067596436,0,0.0,0,0.0,0,6.9350504875183105,0,5
SH,FVD,17,312,146,146,14.600000000000001,0.9565139412879944,1.2570897340774536,4.383439540863037,5.188461780548096,3.5049800872802734,1,85,1,85,0.5821917808219178,2.0,85,0.0,0,0.0,0,0.0,0,0.0,0,5
SH,FVD,17,313,337,337,33.7,0.27688443660736084,0.3934028148651123,7.88261604309082,11.804398536682129,1.4474546909332275,1,214,1,214,0.6350148367952523,2.0,214,0.0,0,0.0,0,0.0,0,0.0,1,6
SH,FVD,17,314,139,139,13.9,0.2884315252304077,0.36211490631103516,3.291172742843628,3.7065892219543457,0.7269452214241028,0,-1,1,45,0.3237410071942446,2.0,139,1.9588721990585327,0,0.0,0,0.0,0,30.4276180267334,0,5
SH,FVD,17,315,310,310,31.0,0.427799791097641,0.6564567685127258,5.27595329284668,6.111242294311523,2.1078083515167236,1,217,1,217,0.7,2.0,217,0.0,0,0.0,0,0.0,0,0.0,2,7
SH,FVD,17,316,135,135,13.5,0.38635334372520447,0.45490580797195435,8.68984603881836,9.870462417602539,1.0578957796096802,0,-1,0,0,0.0,2.0,135,3.4947640895843506,0,0.0,0,0.0,0,12.683065414428711,2,7
SH,FVD,17,317,245,245,24.5,0.3103853762149811,0.4000200629234314,6.197773456573486,8.937562942504883,1.0101110935211182,0,-1,1,71,0.2897959183673469,2.0,245,1.0528861284255981,0,0.0,0,0.0,0,7.485352039337158,2,7
SH,FVD,17,318,141,141,14.100000000000001,0.2907307744026184,0.363476425409317,4.701411724090576,5.495728969573975,0.7874283790588379,0,-1,0,0,0.0,2.0,141,3.053022623062134,0,0.0,0,0.0,0,25.498462677001953,0,5
SH,FVD,17,319,409,409,40.900000000000006,0.31458818912506104,0.46599283814430237,5.23008918762207,5.599886894226074,12.751712799072266,1,79,1,79,0.19315403422982885,2.0,79,0.0,0,0.0,0,0.0,0,0.0,2,7
SH,FVD,17,320,180,180,18.0,0.34163081645965576,0.4307127892971039,2.427016496658325,2.8605308532714844,0.7615693211555481,0,-1,1,80,0.4444444444444444,2.0,180,0.5780110955238342,0,0.0,0,0.0,0,1.5521001815795898,1,6
SH,FVD,17,321,418,418,41.800000000000004,0.317820280790329,0.4338228106498718,8.428260803222656,10.14233684539795,0.5806317329406738,0,-1,1,418,1.0,2.0,418,1.3080602884292603,0,0.0,0,0.0,0,27.933088302612305,0,5
SH,FVD,17,322,132,132,13.200000000000001,0.2716369330883026,0.3303634822368622,2.4734511375427246,3.419072151184082,0.6990861892700195,0,-1,1,132,1.0,2.0,132,1.5124057531356812,0,0.0,0,0.0,0,25.6342830657959,2,7
SH,FVD,17,323,268,268,26.8,0.6132217645645142,0.8300410509109497,4.859032154083252,6.850005626678467,1.1724025011062622,1,169,1,169,0.6305970149253731,2.0,169,0.0,0,0.0,0,0.0,0,0.0,1,6
SH,FVD,17,324,324,324,32.4,0.5460383892059326,0.6538835763931274,5.354044437408447,6.063368797302246,2.4492294788360596,1,193,1,193,0.595679012345679,2.0,193,0.0,0,0.0,0,0.0,0,0.0,0,5
SH,FVD,17,325,214,214,21.400000000000002,0.38398277759552,0.40753069519996643,9.855531692504883,11.73935604095459,2.6368584632873535,1,103,1,103,0.48130841121495327,2.0,103,0.0,0,0.0,0,0.0,0,0.0,2,7
SH,FVD,17,326,147,147,14.700000000000001,0.33765140175819397,0.413563072681427,1.3026223182678223,1.6835910081863403,0.5774441957473755,0,-1,1,53,0.36054421768707484,2.0,147,0.24336129426956177,0,0.0,0,0.0,0,0.2590661346912384,1,6
SH,FVD,17,327,169,169,16.900000000000002,0.23497486114501953,0.2792298197746277,0.9414739012718201,1.0629884004592896,0.2464059293270111,0,-1,1,169,1.0,2.0,169,0.788208544254303,0,0.0,0,0.0,0,9.726004600524902,1,6
SH,FVD,17,328,147,147,14.700000000000001,0.2665713131427765,0.32944008708000183,4.269038677215576,5.264463424682617,0.7639308571815491,0,-1,0,0,0.0,2.0,147,3.648268461227417,0,0.0,0,0.0,0,6.836078643798828,2,7
SH,FVD,17,329,170,170,17.0,0.6455596685409546,0.7503892183303833,12.271719932556152,13.56933307647705,1.393018364906311,0,-1,0,0,0.0,2.0,170,3.9934635162353516,0,0.0,0,0.0,0,13.807416915893555,1,6
SH,FVD,17,330,732,732,73.2,0.26335129141807556,0.33766791224479675,3.820152521133423,4.7485761642456055,0.5224241614341736,0,-1,0,0,0.0,2.0,732,2.0172510147094727,0,0.0,0,0.0,0,16.544790267944336,0,5
SH,FVD,17,331,235,235,23.5,0.13260626792907715,0.16689880192279816,1.3339664936065674,1.6952275037765503,0.19041363894939423,0,-1,1,20,0.0851063829787234,2.0,235,1.1313631534576416,0,0.0,0,0.0,0,1.146296739578247,0,5
SH,FVD,17,332,183,183,18.3,0.41689908504486084,0.5168794989585876,4.977338790893555,5.751040458679199,1.4983302354812622,1,82,1,52,0.28415300546448086,2.0,82,0.0,0,0.0,0,0.0,0,0.0,0,5
SH,FVD,17,333,525,525,52.5,0.3595375120639801,0.4524427652359009,7.216415882110596,8.046818733215332,3.349599599838257,1,177,1,57,0.10857142857142857,2.0,177,0.0,0,0.0,0,0.0,0,0.0,0,5
SH,FVD,17,334,496,496,49.6,0.3800866901874542,0.513852596282959,6.792728900909424,8.67691421508789,1.0133388042449951,0,-1,1,206,0.4153225806451613,2.0,496,0.8535268306732178,0,0.0,0,0.0,0,7.184285640716553,0,5
SH,FVD,17,335,141,141,14.100000000000001,0.3821168839931488,0.4592270851135254,5.480264663696289,6.1312689781188965,0.8074632883071899,0,-1,0,0,0.0,2.0,141,3.48626971244812,0,0.0,0,0.0,0,2.872453451156616,2,7
SH,FVD,17,336,533,533,53.300000000000004,0.22221489250659943,0.3067113757133484,1.4887841939926147,1.829370141029358,0.4040002226829529,1,491,1,153,0.2870544090056285,2.0,491,0.0,0,0.0,0,0.0,0,0.0,2,7
SH,FVD,17,337,223,223,22.3,0.23288999497890472,0.2813751697540283,4.937001705169678,5.765211582183838,0.612502932548523,0,-1,1,33,0.14798206278026907,2.0,223,1.547362208366394,0,0.0,0,0.0,0,3.5906002521514893,2,7
SH,FVD,17,338,730,730,73.0,0.13878196477890015,0.17890964448451996,7.645251750946045,10.140033721923828,0.533179759979248,0,-1,1,730,1.0,2.0,730,1.5640357732772827,0,0.0,0,0.0,0,27.61359405517578,2,7
SH,FVD,17,339,200,200,20.0,0.31656113266944885,0.4084516167640686,3.938638210296631,4.492946147918701,0.4374747574329376,0,-1,1,200,1.0,2.0,200,1.1196376085281372,0,0.0,0,0.0,0,8.807910919189453,2,7
SH,FVD,17,340,131,131,13.100000000000001,0.31185850501060486,0.40792325139045715,4.589454650878906,5.101457595825195,0.8812748789787292,1,70,1,34,0.2595419847328244,2.0,70,0.0,0,0.0,0,0.0,0,0.0,2,7
SH,FVD,17,341,300,300,30.0,0.3133269250392914,0.3754449486732483,9.289406776428223,10.312080383300781,0.741198718547821,0,-1,0,0,0.0,2.0,300,6.936451435089111,0,0.0,0,0.0,0,19.572263717651367,1,6
SH,FVD,17,342,137,137,13.700000000000001,0.29452192783355713,0.3829435408115387,5.151963233947754,5.550323009490967,0.3251190781593323,0,-1,0,0,0.0,2.0,137,2.7255892753601074,0,0.0,0,0.0,0,7.117842674255371,0,5
SH,FVD,17,343,268,268,26.8,0.1894211620092392,0.23593561351299286,0.8559733033180237,1.1700820922851562,0.3297538757324219,0,-1,1,268,1.0,2.0,268,1.0342074632644653,0,0.0,0,0.0,0,13.32584285736084,0,5
SH,FVD,17,344,219,219,21.900000000000002,0.25540775060653687,0.3284814655780792,2.954939126968384,3.517193078994751,0.5586098432540894,0,-1,1,69,0.3150684931506849,2.0,219,0.9625611305236816,0,0.0,0,0.0,0,1.9056510925292969,0,5
SH,FVD,17,345,849,849,84.9,0.13882452249526978,0.17611251771450043,15.025707244873047,16.65291976928711,0.4988234341144562,0,-1,1,686,0.8080094228504122,2.0,849,1.426761507987976,0,0.0,0,0.0,0,27.50542640686035,2,7
SH,FVD,17,346,192,192,19.200000000000003,0.13863025605678558,0.16863787174224854,4.239395618438721,5.300426483154297,0.5069243311882019,0,-1,1,192,1.0,2.0,192,0.7835320234298706,0,0.0,0,0.0,0,14.70828628540039,0,5
SH,FVD,17,347,222,222,22.200000000000003,0.14238528907299042,0.1852537840604782,15.11613655090332,18.35413360595703,1.4075045585632324,0,-1,1,222,1.0,2.0,222,0.9087157845497131,0,0.0,0,0.0,0,15.383369445800781,0,5
SH,FVD,17,348,565,565,56.5,0.26570776104927063,0.3443443477153778,2.0777833461761475,2.413893938064575,0.4662665128707886,0,-1,1,565,1.0,2.0,565,0.3630869686603546,0,0.0,0,0.0,0,2.062492609024048,1,6
SH,FVD,17,349,197,197,19.700000000000003,0.33206048607826233,0.3940510153770447,6.537574291229248,7.2734174728393555,0.7775177359580994,0,-1,1,18,0.09137055837563451,2.0,197,1.2685284614562988,0,0.0,0,0.0,0,3.660672903060913,2,7
SH,FVD,17,350,196,196,19.6,0.44445130228996277,0.570231556892395,11.120976448059082,14.725032806396484,1.4111266136169434,0,-1,0,0,0.0,2.0,196,2.8408870697021484,0,0.0,0,0.0,0,25.818496704101562,2,7
SH,FVD,17,351,259,259,25.900000000000002,0.17431624233722687,0.23011888563632965,2.3675966262817383,3.6772773265838623,0.4510648846626282,0,-1,1,142,0.5482625482625483,2.0,259,1.0322099924087524,0,0.0,0,0.0,0,7.147525310516357,2,7
SH,FVD,17,352,471,471,47.1,0.1811942756175995,0.22152195870876312,31.461090087890625,36.385986328125,1.4124574661254883,0,-1,1,272,0.5774946921443737,2.0,471,1.359425663948059,0,0.0,0,0.0,0,28.587778091430664,2,7
SH,FVD,17,353,175,175,17.5,0.1478685736656189,0.19661420583724976,2.7678511142730713,3.3816356658935547,0.23752956092357635,0,-1,1,52,0.29714285714285715,2.0,175,1.8626245260238647,0,0.0,0,0.0,0,32.035491943359375,0,5
SH,FVD,17,354,290,290,29.0,0.4489428400993347,0.5751966834068298,0.8346635103225708,1.0740550756454468,0.5157670378684998,0,-1,1,290,1.0,2.0,290,1.2313584089279175,0,0.0,0,0.0,0,4.4174089431762695,1,6
SH,FVD,17,355,461,461,46.1,0.45571818947792053,0.649211585521698,4.46585750579834,5.480980396270752,3.3192946910858154,1,235,1,235,0.5097613882863341,2.0,235,0.0,0,0.0,0,0.0,0,0.0,0,5
SH,FVD,17,356,192,192,19.200000000000003,0.1672295182943344,0.2082071602344513,1.6002565622329712,2.111466646194458,0.30251312255859375,0,-1,1,92,0.4791666666666667,2.0,192,0.6336190700531006,0,0.0,0,0.0,0,0.4001113474369049,2,7
SH,FVD,17,357,252,252,25.200000000000003,0.3403784930706024,0.4531365633010864,1.7012566328048706,2.480468511581421,0.6399904489517212,0,-1,1,230,0.9126984126984127,2.0,252,1.1653136014938354,0,0.0,0,0.0,0,9.370752334594727,1,6
SH,FVD,17,358,190,190,19.0,0.20073093473911285,0.23560048639774323,1.82621431350708,2.0773208141326904,0.4336428642272949,0,-1,1,190,1.0,2.0,190,0.6170842051506042,0,0.0,0,0.0,0,10.560025215148926,2,7
SH,FVD,17,359,131,131,13.100000000000001,0.25161468982696533,0.3091716170310974,0.9038581252098083,1.0183751583099365,0.44796299934387207,0,-1,1,131,1.0,2.0,131,1.2775603532791138,0,0.0,0,0.0,0,15.370226860046387,0,5
SH,FVD,17,360,459,459,45.900000000000006,0.5060142874717712,0.6661239266395569,5.363995552062988,6.102905750274658,3.474858283996582,1,70,1,70,0.15250544662309368,2.0,70,0.0,0,0.0,0,0.0,0,0.0,2,7
SH,FVD,17,361,354,354,35.4,0.21411889791488647,0.30544206500053406,7.362750053405762,7.788602828979492,0.4890086352825165,0,-1,1,249,0.7033898305084746,2.0,354,1.4991830587387085,0,0.0,0,0.0,0,22.670185089111328,2,7
SH,FVD,17,362,136,136,13.600000000000001,0.38067367672920227,0.5105342268943787,5.737560749053955,7.539214134216309,1.2435557842254639,0,-1,1,46,0.3382352941176471,2.0,136,1.2736331224441528,0,0.0,0,0.0,0,2.510770559310913,1,6
SH,FVD,17,363,1072,1072,107.2,0.43891704082489014,0.597121000289917,6.546710968017578,7.093161582946777,10.099618911743164,1,104,1,104,0.09701492537313433,2.0,104,0.0,0,0.0,0,0.0,0,0.0,2,7
SH,FVD,17,364,234,234,23.400000000000002,0.13784050941467285,0.1723044514656067,11.839212417602539,14.8723726272583,1.2480837106704712,0,-1,0,0,0.0,2.0,234,3.7855985164642334,0,0.0,0,0.0,0,12.132612228393555,1,6
SH,FVD,17,365,542,542,54.2,0.20683352649211884,0.26221033930778503,6.423507213592529,7.08837366104126,0.4481225311756134,0,-1,1,542,1.0,2.0,542,0.8200446367263794,0,0.0,0,0.0,0,6.709601402282715,0,5
SH,FVD,17,366,267,267,26.700000000000003,0.3145693838596344,0.3870863914489746,7.094483852386475,8.607762336730957,0.6539498567581177,0,-1,1,30,0.11235955056179775,2.0,267,1.9912570714950562,0,0.0,0,0.0,0,28.92618751525879,1,6
SH,FVD,17,367,166,166,16.6,0.487716406583786,0.6124699711799622,2.4051156044006348,3.1451542377471924,0.9503300786018372,0,-1,1,114,0.6867469879518072,2.0,166,0.28067660331726074,0,0.0,0,0.0,0,0.5936328172683716,0,5
SH,FVD,17,368,215,215,21.5,0.2828977108001709,0.38380730152130127,4.533450126647949,5.446399688720703,0.6047379374504089,0,-1,1,195,0.9069767441860465,2.0,215,1.5594456195831299,0,0.0,0,0.0,0,33.90956115722656,0,5
SH,FVD,17,369,211,211,21.1,0.29797008633613586,0.4106725752353668,4.426711559295654,5.557797431945801,1.1631994247436523,0,-1,1,211,1.0,2.0,211,0.3137509822845459,0,0.0,0,0.0,0,3.2054264545440674,1,6
SH,FVD,17,370,1096,1096,109.60000000000001,0.4374309778213501,0.5651684403419495,6.90822696685791,8.710309028625488,2.0100560188293457,1,874,1,354,0.32299270072992703,2.0,874,0.0,0,0.0,0,0.0,0,0.0,1,6
SH,FVD,17,371,647,647,64.7,0.23851090669631958,0.30496859550476074,6.473208904266357,7.594832420349121,0.47244665026664734,0,-1,1,617,0.9536321483771252,2.0,647,1.4661526679992676,0,0.0,0,0.0,0,27.212303161621094,0,5
SH,FVD,17,372,179,179,17.900000000000002,0.22710615396499634,0.2853827178478241,1.555714726448059,1.9795951843261719,0.3197542428970337,1,158,1,93,0.5195530726256983,2.0,158,0.0,0,0.0,0,0.0,0,0.0,1,6
SH,FVD,17,373,235,235,23.5,0.3303092420101166,0.42023172974586487,2.3079421520233154,3.065533399581909,0.5634896159172058,0,-1,1,197,0.8382978723404255,2.0,235,0.8395727872848511,0,0.0,0,0.0,0,5.3266377449035645,1,6
SH,FVD,17,374,440,440,44.0,0.11750110238790512,0.1461663544178009,3.1713037490844727,4.238637447357178,0.5588461756706238,0,-1,1,280,0.6363636363636364,2.0,440,1.43882155418396,0,0.0,0,0.0,0,44.11790466308594,0,5
SH,FVD,17,375,209,209,20.900000000000002,0.3782821297645569,0.5764029026031494,3.210705041885376,3.5275461673736572,0.579830527305603,0,-1,1,1,0.004784688995215311,2.0,209,1.9908064603805542,0,0.0,0,0.0,0,4.632082462310791,1,6
SH,FVD,17,376,147,147,14.700000000000001,0.36432743072509766,0.4708107113838196,2.2704694271087646,2.6992504596710205,0.6525934934616089,0,-1,1,147,1.0,2.0,147,1.345541000366211,0,0.0,0,0.0,0,10.274713516235352,0,5
SH,FVD,17,377,137,137,13.700000000000001,0.3944741189479828,0.4510190486907959,4.955916404724121,5.599952220916748,0.9088274836540222,0,-1,1,137,1.0,2.0,137,1.7659001350402832,0,0.0,0,0.0,0,34.26308059692383,1,6
SH,FVD,17,378,251,251,25.1,0.23296895623207092,0.2842400372028351,3.5436391830444336,4.1744513511657715,0.8895196914672852,1,228,1,74,0.2948207171314741,2.0,228,0.0,0,0.0,0,0.0,0,0.0,2,7
SH,FVD,17,379,162,162,16.2,0.28127995133399963,0.44093698263168335,0.24315530061721802,0.36761659383773804,0.2943120300769806,0,-1,0,0,0.0,2.0,162,2.9106802940368652,0,0.0,0,0.0,0,5.871246814727783,1,6
SH,FVD,17,380,192,192,19.200000000000003,0.3289511203765869,0.39119961857795715,1.2683242559432983,1.5053378343582153,0.5183347463607788,0,-1,0,0,0.0,2.0,192,6.534998893737793,0,0.0,0,0.0,0,7.849806785583496,0,5
SH,FVD,17,381,376,376,37.6,0.36172497272491455,0.4449560344219208,2.1426150798797607,2.7716705799102783,0.5333335995674133,0,-1,1,376,1.0,2.0,376,1.1559863090515137,0,0.0,0,0.0,0,12.128890037536621,0,5
SH,FVD,17,382,217,217,21.700000000000003,0.19040687382221222,0.28243809938430786,1.307007074356079,1.6212835311889648,0.33368173241615295,0,-1,0,0,0.0,2.0,217,3.6716296672821045,0,0.0,0,0.0,0,4.509210586547852,1,6
SH,FVD,17,383,216,216,21.6,0.36470717191696167,0.4367823600769043,2.2221577167510986,2.5136895179748535,0.44465261697769165,0,-1,1,211,0.9768518518518519,2.0,216,0.9558840990066528,0,0.0,0,0.0,0,4.057113170623779,1,6
SH,FVD,17,384,155,155,15.5,0.19981908798217773,0.2637386620044708,0.36277663707733154,0.4656982123851776,0.18870830535888672,0,-1,1,155,1.0,2.0,155,0.5854424834251404,0,0.0,0,0.0,0,11.479945182800293,1,6
SH,FVD,17,385,154,154,15.4,0.3134904205799103,0.36729538440704346,9.336176872253418,11.180975914001465,1.208467721939087,0,-1,1,146,0.948051948051948,2.0,154,1.5641100406646729,0,0.0,0,0.0,0,30.388620376586914,2,7
SH,FVD,17,386,246,246,24.6,0.2825642228126526,0.350869745016098,7.043330192565918,8.056584358215332,0.98335862159729,0,-1,0,0,0.0,2.0,246,2.0980935096740723,0,0.0,0,0.0,0,4.766969680786133,2,7
SH,FVD,17,387,383,383,38.300000000000004,0.29137519001960754,0.40453845262527466,10.305022239685059,11.713269233703613,0.9842007160186768,0,-1,0,0,0.0,2.0,383,2.0319833755493164,0,0.0,0,0.0,0,5.517169952392578,1,6
SH,FVD,17,388,239,239,23.900000000000002,0.2469346970319748,0.3298192620277405,3.464043617248535,4.505308628082275,0.47357743978500366,0,-1,0,0,0.0,2.0,239,2.428177833557129,0,0.0,0,0.0,0,14.681835174560547,2,7
SH,FVD,17,389,477,477,47.7,0.3062291145324707,0.4456988573074341,3.7888970375061035,4.84360408782959,0.657936692237854,0,-1,1,130,0.27253668763102723,2.0,477,0.5609369874000549,0,0.0,0,0.0,0,4.049084663391113,1,6
SH,FVD,17,390,140,140,14.0,0.3901267647743225,0.5141413807868958,9.79222297668457,10.891772270202637,1.0115022659301758,0,-1,1,140,1.0,2.0,140,0.3243141174316406,0,0.0,0,0.0,0,4.367848873138428,1,6
SH,FVD,17,391,240,240,24.0,0.24512037634849548,0.3062552809715271,1.6360152959823608,1.8761738538742065,0.5914222002029419,0,-1,0,0,0.0,2.0,240,2.9827287197113037,0,0.0,0,0.0,0,11.109857559204102,0,5
SH,FVD,17,392,312,312,31.200000000000003,0.3232772648334503,0.4002358019351959,4.053286552429199,5.380916595458984,1.494880199432373,1,155,1,75,0.2403846153846154,2.0,155,0.0,0,0.0,0,0.0,0,0.0,2,7
SH,FVD,17,393,143,143,14.3,0.18607863783836365,0.23687918484210968,3.717251777648926,4.69638729095459,0.6428229212760925,0,-1,1,143,1.0,2.0,143,0.8224077820777893,0,0.0,0,0.0,0,13.62218189239502,2,7
SH,FVD,17,394,170,170,17.0,0.41302818059921265,0.4934740662574768,5.938717842102051,6.472202301025391,0.9365988969802856,0,-1,0,0,0.0,2.0,170,3.894745349884033,0,0.0,0,0.0,0,11.259042739868164,0,5
SH,FVD,17,395,150,150,15.0,0.14497995376586914,0.1850949227809906,0.9255962371826172,1.0626412630081177,0.24849042296409607,0,-1,0,0,0.0,2.0,150,7.20157527923584,0,0.0,0,0.0,0,3.744142770767212,2,7
SH,FVD,17,396,168,168,16.8,0.4188866913318634,0.4593060314655304,4.694255352020264,5.403146743774414,0.878757655620575,0,-1,1,40,0.23809523809523808,2.0,168,1.1153583526611328,0,0.0,0,0.0,0,2.446481704711914,2,7
SH,FVD,17,397,210,210,21.0,0.19613243639469147,0.24561545252799988,3.168002128601074,4.307455062866211,0.48519444465637207,0,-1,1,9,0.04285714285714286,2.0,210,1.8786382675170898,0,0.0,0,0.0,0,22.798725128173828,1,6
SH,FVD,17,398,221,221,22.1,0.3269781768321991,0.4178554117679596,7.049315929412842,8.09416675567627,3.51505970954895,1,90,1,90,0.4072398190045249,2.0,90,0.0,0,0.0,0,0.0,0,0.0,0,5
SH,FVD,17,399,155,155,15.5,0.28696098923683167,0.38663220405578613,3.656134605407715,4.788318157196045,0.6264888644218445,0,-1,1,155,1.0,2.0,155,0.19224365055561066,0,0.0,0,0.0,0,1.8228449821472168,2,7
SH,FVD,17,400,209,209,20.900000000000002,0.26934829354286194,0.3438570201396942,1.619370460510254,2.186511993408203,0.5275790691375732,0,-1,0,0,0.0,2.0,209,2.322352647781372,0,0.0,0,0.0,0,5.834910869598389,2,7
SH,FVD,17,401,140,140,14.0,0.21257610619068146,0.2713587284088135,6.828330993652344,8.305766105651855,1.1377086639404297,0,-1,0,0,0.0,2.0,140,3.290587902069092,0,0.0,0,0.0,0,8.563243865966797,2,7
SH,FVD,17,402,566,566,56.6,0.21088315546512604,0.28278055787086487,2.0667614936828613,2.62445330619812,0.4635249674320221,0,-1,1,107,0.18904593639575973,2.0,566,1.2918659448623657,0,0.0,0,0.0,0,0.7610703110694885,0,5
SH,FVD,17,403,139,139,13.9,0.206429123878479,0.2539811432361603,5.548893451690674,6.356466293334961,0.6304086446762085,0,-1,1,139,1.0,2.0,139,1.6996546983718872,0,0.0,0,0.0,0,29.789714813232422,1,6
SH,FVD,17,404,241,241,24.1,0.20856702327728271,0.24826925992965698,1.2888240814208984,1.5840449333190918,0.39763644337654114,0,-1,1,241,1.0,2.0,241,0.6317459344863892,0,0.0,0,0.0,0,9.933396339416504,2,7
SH,FVD,17,405,192,192,19.200000000000003,0.1557682305574417,0.20245696604251862,3.2704057693481445,4.166616439819336,0.4821479022502899,0,-1,1,192,1.0,2.0,192,1.1052275896072388,0,0.0,0,0.0,0,20.128767013549805,1,6
SH,FVD,17,406,247,247,24.700000000000003,0.3561658561229706,0.4179423451423645,4.177792072296143,4.920157432556152,0.616023063659668,0,-1,0,0,0.0,2.0,247,3.7979729175567627,0,0.0,0,0.0,0,4.06859016418457,1,6
SH,FVD,17,407,253,253,25.3,0.44619375467300415,0.611382007598877,10.185023307800293,10.997052192687988,1.0678565502166748,0,-1,1,23,0.09090909090909091,2.0,253,1.64603853225708,0,0.0,0,0.0,0,4.900018215179443,1,6
SH,FVD,17,408,158,158,15.8,0.2657370865345001,0.3546529710292816,0.8504194617271423,1.3876413106918335,0.3931271433830261,1,144,1,144,0.9113924050632911,2.0,144,0.0,0,0.0,0,0.0,0,0.0,1,6
SH,FVD,17,409,173,173,17.3,0.3296104967594147,0.39219096302986145,13.178242683410645,15.165823936462402,1.4010595083236694,0,-1,1,173,1.0,2.0,173,0.8286726474761963,0,0.0,0,0.0,0,10.378656387329102,2,7
SH,FVD,17,410,202,202,20.200000000000003,0.4471369683742523,0.5512576103210449,6.947847366333008,8.783214569091797,0.9649811387062073,0,-1,0,0,0.0,2.0,202,3.484067440032959,0,0.0,0,0.0,0,9.501195907592773,1,6
SH,FVD,17,411,184,184,18.400000000000002,0.2473331093788147,0.3349604308605194,12.245177268981934,14.318622589111328,1.2810509204864502,0,-1,1,180,0.9782608695652174,2.0,184,1.5064717531204224,0,0.0,0,0.0,0,32.80314254760742,0,5
SH,FVD,17,412,142,142,14.200000000000001,0.9718391299247742,1.1442397832870483,8.7328462600708,10.198138236999512,3.45408296585083,1,77,1,77,0.5422535211267606,2.0,77,0.0,0,0.0,0,0.0,0,0.0,0,5
SH,FVD,17,413,180,180,18.0,0.3146013617515564,0.4103577136993408,4.693014144897461,5.378379821777344,0.8739306330680847,0,-1,1,180,1.0,2.0,180,0.058633312582969666,0,0.0,0,0.0,0,0.37010157108306885,1,6
SH,FVD,17,414,222,222,22.200000000000003,0.4086688756942749,0.47520822286605835,1.8313682079315186,2.2333545684814453,0.5958327651023865,0,-1,1,222,1.0,2.0,222,1.0612900257110596,0,0.0,0,0.0,0,10.987760543823242,1,6
SH,FVD,17,415,567,567,56.7,0.1350249946117401,0.18383246660232544,8.817755699157715,11.32982063293457,0.49652379751205444,0,-1,1,567,1.0,2.0,567,1.1883206367492676,0,0.0,0,0.0,0,14.543676376342773,1,6
SH,FVD,17,416,533,533,53.300000000000004,0.483590304851532,0.669193685054779,8.036768913269043,9.388215065002441,0.8192223906517029,0,-1,1,43,0.08067542213883677,2.0,533,1.7122013568878174,0,0.0,0,0.0,0,5.429179668426514,0,5
SH,FVD,17,417,181,181,18.1,0.30736976861953735,0.36371585726737976,3.7454774379730225,4.905993461608887,0.6651892066001892,0,-1,0,0,0.0,2.0,181,2.9323692321777344,0,0.0,0,0.0,0,14.428633689880371,2,7
SH,FVD,17,418,198,198,19.8,0.41634708642959595,0.5693712830543518,5.267913341522217,6.455109596252441,0.821845293045044,0,-1,1,198,1.0,2.0,198,0.22663037478923798,0,0.0,0,0.0,0,1.1484427452087402,2,7
SH,FVD,17,419,133,133,13.3,0.34465089440345764,0.4552551805973053,2.016019821166992,2.4032108783721924,0.9077826738357544,0,-1,1,103,0.7744360902255639,2.0,133,1.5405635833740234,0,0.0,0,0.0,0,29.95889663696289,1,6
SH,FVD,17,420,132,132,13.200000000000001,0.3791814148426056,0.4490087926387787,1.4069454669952393,2.4804787635803223,0.9071884751319885,0,-1,1,132,1.0,2.0,132,0.8813198804855347,0,0.0,0,0.0,0,8.503665924072266,0,5
SH,FVD,17,421,140,140,14.0,0.27375978231430054,0.30958542227745056,5.788782596588135,7.06471061706543,1.0823456048965454,0,-1,1,39,0.2785714285714286,2.0,140,1.9504071474075317,0,0.0,0,0.0,0,33.12224578857422,0,5
SH,FVD,17,422,417,417,41.7,0.3751848340034485,0.5238529443740845,2.4078829288482666,2.8369979858398438,1.297573447227478,1,231,1,208,0.4988009592326139,2.0,231,0.0,0,0.0,0,0.0,0,0.0,1,6
SH,FVD,17,423,186,186,18.6,0.38323158025741577,0.4980774521827698,5.17863655090332,5.98036527633667,0.9636132121086121,0,-1,1,92,0.4946236559139785,2.0,186,1.1809234619140625,0,0.0,0,0.0,0,7.229065418243408,0,5
SH,FVD,17,424,209,209,20.900000000000002,0.14894652366638184,0.19915303587913513,5.604987621307373,6.809535980224609,0.7414001226425171,0,-1,1,209,1.0,2.0,209,1.0435099601745605,0,0.0,0,0.0,0,18.7930908203125,0,5
SH,FVD,17,425,215,215,21.5,0.2899373769760132,0.3574258089065552,0.95246821641922,1.1636428833007812,0.42288652062416077,0,-1,0,0,0.0,2.0,215,2.3361923694610596,0,0.0,0,0.0,0,2.5247182846069336,1,6
SH,FVD,17,426,613,613,61.300000000000004,0.30008816719055176,0.38466426730155945,10.660009384155273,11.955072402954102,1.066061019897461,1,475,1,53,0.0864600326264274,2.0,475,0.0,0,0.0,0,0.0,0,0.0,0,5
SH,FVD,17,427,224,224,22.400000000000002,0.40802693367004395,0.5521562099456787,3.1382362842559814,4.234588146209717,0.6243727803230286,0,-1,1,224,1.0,2.0,224,0.995435893535614,0,0.0,0,0.0,0,3.0504493713378906,0,5
SH,FVD,17,428,171,171,17.1,0.295371949672699,0.411496102809906,2.392467737197876,2.784342050552368,1.7191897630691528,1,40,1,40,0.23391812865497075,2.0,40,0.0,0,0.0,0,0.0,0,0.0,0,5
SH,FVD,17,429,317,317,31.700000000000003,0.46858835220336914,0.6920612454414368,7.518208026885986,8.707465171813965,1.6150295734405518,1,276,1,276,0.8706624605678234,2.0,276,0.0,0,0.0,0,0.0,0,0.0,2,7
SH,FVD,17,430,150,150,15.0,0.27973106503486633,0.38104763627052307,2.5964460372924805,3.2155301570892334,0.4325195848941803,0,-1,0,0,0.0,2.0,150,4.335716724395752,0,0.0,0,0.0,0,7.051947593688965,0,5
SH,FVD,17,431,721,721,72.10000000000001,0.1888102889060974,0.22843922674655914,3.581998109817505,4.488324165344238,0.4028170108795166,0,-1,1,681,0.9445214979195562,2.0,721,0.9744470119476318,0,0.0,0,0.0,0,9.93224811553955,2,7
SH,FVD,17,432,912,912,91.2,0.27429401874542236,0.3445516526699066,3.2840359210968018,4.5638227462768555,0.51803058385849,0,-1,1,204,0.2236842105263158,2.0,912,1.6843962669372559,0,0.0,0,0.0,0,12.275923728942871,1,6
SH,FVD,17,433,248,248,24.8,0.3386462926864624,0.4087750315666199,7.654985427856445,8.316582679748535,0.7676033973693848,0,-1,0,0,0.0,2.0,248,2.0221028327941895,0,0.0,0,0.0,0,4.999368190765381,1,6
SH,FVD,17,434,158,158,15.8,0.2266516387462616,0.2922043204307556,0.4082609713077545,0.5663388967514038,0.3166075646877289,0,-1,0,0,0.0,2.0,158,4.494569778442383,0,0.0,0,0.0,0,2.559699773788452,2,7
SH,FVD,17,435,202,202,20.200000000000003,0.26346689462661743,0.32704073190689087,4.346404075622559,5.472580909729004,0.7036264538764954,0,-1,1,87,0.4306930693069307,2.0,202,1.3388409614562988,0,0.0,0,0.0,0,3.4765708446502686,2,7
SH,FVD,17,436,1005,1005,100.5,0.2156285047531128,0.28529423475265503,2.7222282886505127,3.077608585357666,2.1957526206970215,1,536,1,536,0.5333333333333333,2.0,536,0.0,0,0.0,0,0.0,0,0.0,0,5
SH,FVD,17,437,787,787,78.7,0.28852394223213196,0.36146289110183716,106.06804656982422,140.55682373046875,3.869670867919922,0,-1,0,0,0.0,2.0,787,2.3070943355560303,0,0.0,0,0.0,0,2.8254969120025635,2,7
SH,FVD,17,438,222,222,22.200000000000003,0.21345344185829163,0.2408645898103714,5.3363518714904785,8.054189682006836,0.9784101843833923,0,-1,1,79,0.35585585585585583,2.0,222,1.223996639251709,0,0.0,0,0.0,0,11.622411727905273,2,7
SH,FVD,17,439,166,166,16.6,0.47352904081344604,0.5804112553596497,15.024471282958984,18.071155548095703,1.8713847398757935,0,-1,1,6,0.03614457831325301,2.0,166,1.8189765214920044,0,0.0,0,0.0,0,5.785986423492432,1,6
SH,FVD,17,440,1236,1236,123.60000000000001,0.29120030999183655,0.40959322452545166,5.923145294189453,7.463509559631348,2.2693932056427,1,625,1,304,0.2459546925566343,2.0,625,0.0,0,0.0,0,0.0,0,0.0,1,6
SH,FVD,17,441,173,173,17.3,0.3487897515296936,0.4047280550003052,2.3494749069213867,2.868523359298706,0.6562489867210388,0,-1,1,173,1.0,2.0,173,0.20681676268577576,0,0.0,0,0.0,0,0.9266164302825928,0,5
SH,FVD,17,442,309,309,30.900000000000002,0.19139963388442993,0.235847607254982,6.89129114151001,7.604521751403809,0.4801541864871979,0,-1,1,309,1.0,2.0,309,0.9279505014419556,0,0.0,0,0.0,0,22.610218048095703,1,6
SH,FVD,17,443,171,171,17.1,0.13820669054985046,0.19253848493099213,3.321096420288086,5.063426971435547,0.6502245664596558,0,-1,0,0,0.0,2.0,171,2.0799684524536133,0,0.0,0,0.0,0,45.65765380859375,1,6
SH,FVD,17,444,186,186,18.6,0.5016515851020813,0.6109521389007568,2.1961984634399414,2.9424407482147217,0.507114589214325,0,-1,0,0,0.0,2.0,186,3.033949613571167,0,0.0,0,0.0,0,4.540292263031006,1,6
SH,FVD,17,445,175,175,17.5,0.3272568881511688,0.38635632395744324,10.57436752319336,12.852750778198242,1.1756641864776611,0,-1,1,175,1.0,2.0,175,1.8464092016220093,0,0.0,0,0.0,0,16.400131225585938,1,6
SH,FVD,17,446,174,174,17.400000000000002,0.34015974402427673,0.4618740975856781,3.142178535461426,3.8116953372955322,1.0887290239334106,1,91,1,74,0.42528735632183906,2.0,91,0.0,0,0.0,0,0.0,0,0.0,2,7
SH,FVD,17,447,278,278,27.8,0.3548388183116913,0.42679163813591003,3.7418437004089355,4.4119696617126465,1.934003233909607,1,103,1,45,0.1618705035971223,2.0,103,0.0,0,0.0,0,0.0,0,0.0,1,6
SH,FVD,17,448,142,142,14.200000000000001,0.32641562819480896,0.4811124801635742,0.6740807294845581,0.9216135144233704,0.40489500761032104,0,-1,0,0,0.0,2.0,142,2.191767692565918,0,0.0,0,0.0,0,2.1180129051208496,1,6
SH,FVD,17,449,212,212,21.200000000000003,0.521080493927002,0.6462123394012451,2.0951874256134033,2.564526319503784,0.5731303691864014,0,-1,0,0,0.0,2.0,212,2.5632312297821045,0,0.0,0,0.0,0,4.3620686531066895,1,6
SH,FVD,17,450,257,257,25.700000000000003,0.18372690677642822,0.24406014382839203,2.661853551864624,3.4796741008758545,0.3726997375488281,0,-1,1,257,1.0,2.0,257,0.7623269557952881,0,0.0,0,0.0,0,9.898117065429688,2,7
SH,FVD,17,451,162,162,16.2,0.34686973690986633,0.40314817428588867,5.162214756011963,5.99472713470459,0.6234428286552429,0,-1,0,0,0.0,2.0,162,3.4872748851776123,0,0.0,0,0.0,0,3.1141459941864014,2,7
SH,FVD,17,452,573,573,57.300000000000004,0.18189120292663574,0.2521463930606842,6.964999675750732,7.492642879486084,1.8745349645614624,1,338,1,338,0.5898778359511344,2.0,338,0.0,0,0.0,0,0.0,0,0.0,1,6
SH,FVD,17,453,188,188,18.8,0.2952934503555298,0.3667578399181366,10.035794258117676,12.071632385253906,1.1033905744552612,0,-1,0,0,0.0,2.0,188,3.793043613433838,0,0.0,0,0.0,0,30.125158309936523,2,7
SH,FVD,17,454,295,295,29.5,0.4295770823955536,0.5217649936676025,12.155518531799316,13.056024551391602,0.8748279809951782,0,-1,0,0,0.0,2.0,295,4.421401023864746,0,0.0,0,0.0,0,12.648714065551758,0,5
SH,FVD,17,455,158,158,15.8,0.337332159280777,0.42653772234916687,4.289267539978027,5.065716743469238,0.9850927591323853,0,-1,0,0,0.0,2.0,158,3.9405574798583984,0,0.0,0,0.0,0,68.90982055664062,0,5
SH,FVD,17,456,394,394,39.400000000000006,0.280651330947876,0.36686575412750244,3.1219491958618164,3.958117961883545,0.4271405339241028,1,384,1,30,0.07614213197969544,2.0,384,0.0,0,0.0,0,0.0,0,0.0,1,6
SH,FVD,17,457,221,221,22.1,0.3135603070259094,0.3986997604370117,8.451305389404297,11.496627807617188,1.3703075647354126,0,-1,0,0,0.0,2.0,221,3.367152452468872,0,0.0,0,0.0,0,7.928005695343018,1,6
SH,FVD,17,458,152,152,15.200000000000001,0.5863306522369385,0.7054508924484253,12.936666488647461,14.64441967010498,1.355350136756897,0,-1,0,0,0.0,2.0,152,3.0068581104278564,0,0.0,0,0.0,0,26.298765182495117,2,7
SH,FVD,17,459,207,207,20.700000000000003,0.2545391023159027,0.33578869700431824,8.977657318115234,10.091428756713867,0.5516443848609924,0,-1,1,207,1.0,2.0,207,1.2501484155654907,0,0.0,0,0.0,0,7.830544948577881,1,6
SH,FVD,17,460,430,430,43.0,0.23692449927330017,0.30761611461639404,3.8042409420013428,5.751914978027344,1.595406174659729,1,385,1,385,0.8953488372093024,2.0,385,0.0,0,0.0,0,0.0,0,0.0,1,6
SH,FVD,17,461,389,389,38.900000000000006,0.35073670744895935,0.49691006541252136,11.225388526916504,13.204720497131348,0.7640666961669922,0,-1,0,0,0.0,2.0,389,2.9925360679626465,0,0.0,0,0.0,0,6.6343159675598145,0,5
SH,FVD,17,462,442,442,44.2,0.19917011260986328,0.2949933707714081,3.671060085296631,4.331557750701904,0.38194018602371216,0,-1,1,299,0.6764705882352942,2.0,442,0.31687912344932556,0,0.0,0,0.0,0,1.7567510604858398,1,6
SH,FVD,17,463,183,183,18.3,0.16520756483078003,0.2132190465927124,2.7642946243286133,3.15571928024292,0.3347875773906708,0,-1,1,127,0.6939890710382514,2.0,183,0.39942511916160583,0,0.0,0,0.0,0,2.0325112342834473,1,6
SH,FVD,17,464,408,408,40.800000000000004,0.15728317201137543,0.2029615044593811,1.6793780326843262,2.036240339279175,0.40256088972091675,0,-1,1,320,0.7843137254901961,2.0,408,0.638805627822876,0,0.0,0,0.0,0,3.118349075317383,0,5
SH,FVD,17,465,167,167,16.7,0.29958847165107727,0.39768993854522705,10.439641952514648,12.33280086517334,1.3051098585128784,0,-1,0,0,0.0,2.0,167,3.7801897525787354,0,0.0,0,0.0,0,2.0850207805633545,1,6
SH,FVD,17,466,220,220,22.0,0.4960274398326874,0.6091606020927429,3.198488712310791,3.953385829925537,0.9270728230476379,0,-1,0,0,0.0,2.0,220,2.5897576808929443,0,0.0,0,0.0,0,7.8023200035095215,1,6
SH,FVD,17,467,170,170,17.0,0.43136897683143616,0.5159041285514832,14.913400650024414,17.510068893432617,1.634315013885498,0,-1,1,3,0.01764705882352941,2.0,170,1.9508943557739258,0,0.0,0,0.0,0,5.643369674682617,1,6
SH,FVD,17,468,155,155,15.5,0.3903629183769226,0.5006681084632874,11.080728530883789,12.81859302520752,1.5173065662384033,0,-1,0,0,0.0,2.0,155,2.0938167572021484,0,0.0,0,0.0,0,5.080779075622559,0,5
SH,FVD,17,469,204,204,20.400000000000002,0.3773782253265381,0.4871063232421875,38.49705505371094,46.71742248535156,3.9548892974853516,0,-1,1,204,1.0,2.0,204,0.8300157189369202,0,0.0,0,0.0,0,21.64424705505371,1,6
SH,FVD,17,470,293,293,29.3,0.2834400534629822,0.35834044218063354,9.564623832702637,11.460916519165039,0.8852512240409851,0,-1,0,0,0.0,2.0,293,2.7742254734039307,0,0.0,0,0.0,0,4.04190731048584,0,5
SH,FVD,17,471,451,451,45.1,0.2889315187931061,0.41194483637809753,8.083910942077637,9.57085132598877,0.8743155598640442,1,441,1,47,0.10421286031042129,2.0,441,0.0,0,0.0,0,0.0,0,0.0,1,6
SH,FVD,17,472,362,362,36.2,0.2288386970758438,0.2946414351463318,1.6563622951507568,1.9136271476745605,0.3203246295452118,0,-1,1,79,0.21823204419889503,2.0,362,0.641566812992096,0,0.0,0,0.0,0,0.6555132269859314,1,6
SH,FVD,17,473,319,319,31.900000000000002,0.2985685467720032,0.3919645845890045,10.647843360900879,12.701488494873047,1.3969229459762573,1,317,1,52,0.16300940438871472,2.0,317,0.0,0,0.0,0,0.0,0,0.0,0,5
SH,FVD,17,474,174,174,17.400000000000002,0.48002687096595764,0.7343428730964661,8.77866268157959,9.725359916687012,0.9583277106285095,0,-1,0,0,0.0,2.0,174,2.3107261657714844,0,0.0,0,0.0,0,24.03548240661621,0,5
SH,FVD,17,475,147,147,14.700000000000001,0.26101991534233093,0.3305131196975708,2.6235430240631104,3.789632797241211,0.7039114832878113,0,-1,1,55,0.3741496598639456,2.0,147,1.2811167240142822,0,0.0,0,0.0,0,8.309057235717773,1,6
SH,FVD,17,476,154,154,15.4,0.37336647510528564,0.5066710710525513,1.437774896621704,1.908983588218689,0.5249289274215698,0,-1,1,43,0.2792207792207792,2.0,154,1.7045280933380127,0,0.0,0,0.0,0,3.3406879901885986,0,5
SH,FVD,17,477,157,157,15.700000000000001,0.22106193006038666,0.27207517623901367,0.8832895159721375,1.049769639968872,0.24067634344100952,0,-1,1,145,0.9235668789808917,2.0,157,1.51384699344635,0,0.0,0,0.0,0,9.956857681274414,0,5
SH,FVD,17,478,207,207,20.700000000000003,0.4337333142757416,0.5822373628616333,2.469472646713257,3.679614305496216,1.3557336330413818,1,103,1,98,0.47342995169082125,2.0,103,0.0,0,0.0,0,0.0,0,0.0,2,7
SH,FVD,17,479,183,183,18.3,0.408023864030838,0.5235311985015869,7.638524532318115,8.712077140808105,1.020251750946045,0,-1,1,24,0.13114754098360656,2.0,183,1.5837411880493164,0,0.0,0,0.0,0,7.8240485191345215,2,7
SH,FVD,17,480,333,333,33.300000000000004,0.4892629086971283,0.6126576662063599,1.9957581758499146,2.9541471004486084,0.82012939453125,0,-1,1,333,1.0,2.0,333,0.4329645335674286,0,0.0,0,0.0,0,2.252046585083008,0,5
SH,FVD,17,481,436,436,43.6,0.32239991426467896,0.4043707847595215,3.645242929458618,4.713726043701172,0.6744870543479919,0,-1,1,163,0.3738532110091743,2.0,436,1.081419825553894,0,0.0,0,0.0,0,1.760389804840088,2,7
SH,FVD,17,482,179,179,17.900000000000002,0.27574479579925537,0.36198094487190247,2.265317678451538,3.617417097091675,0.7656322717666626,0,-1,0,0,0.0,2.0,179,3.973673105239868,0,0.0,0,0.0,0,2.2270469665527344,2,7
SH,FVD,17,483,188,188,18.8,0.18809065222740173,0.24589306116104126,11.922931671142578,14.374710083007812,1.33915376663208,0,-1,1,188,1.0,2.0,188,0.5831175446510315,0,0.0,0,0.0,0,15.901611328125,0,5
SH,FVD,17,484,597,597,59.7,0.5328711867332458,0.683678388595581,11.29234504699707,12.594991683959961,7.473155975341797,1,120,1,120,0.20100502512562815,2.0,120,0.0,0,0.0,0,0.0,0,0.0,2,7
SH,FVD,17,485,153,153,15.3,0.338726282119751,0.4420645236968994,1.0112295150756836,1.1905488967895508,0.3640632629394531,0,-1,1,153,1.0,2.0,153,0.5456604361534119,0,0.0,0,0.0,0,6.568673133850098,1,6
SH,FVD,17,486,230,230,23.0,0.302110493183136,0.40919142961502075,8.723919868469238,9.738884925842285,2.5772171020507812,1,110,1,110,0.4782608695652174,2.0,110,0.0,0,0.0,0,0.0,0,0.0,1,6
SH,FVD,17,487,868,868,86.80000000000001,0.3078075349330902,0.41328078508377075,12.900320053100586,16.074874877929688,3.331670045852661,1,558,1,347,0.39976958525345624,2.0,558,0.0,0,0.0,0,0.0,0,0.0,0,5
SH,FVD,17,488,145,145,14.5,0.4018203616142273,0.4811370372772217,9.328441619873047,11.339439392089844,1.4597870111465454,0,-1,0,0,0.0,2.0,145,2.5908639430999756,0,0.0,0,0.0,0,7.851279258728027,1,6
SH,FVD,17,489,316,316,31.6,0.255096435546875,0.3212139308452606,1.8742913007736206,2.186798334121704,0.5372554063796997,1,282,1,185,0.5854430379746836,2.0,282,0.0,0,0.0,0,0.0,0,0.0,1,6
SH,FVD,17,490,210,210,21.0,0.22287067770957947,0.30981501936912537,6.726531028747559,9.543127059936523,1.113592267036438,0,-1,0,0,0.0,2.0,210,3.9607560634613037,0,0.0,0,0.0,0,3.082498073577881,2,7
SH,FVD,17,491,147,147,14.700000000000001,0.32372617721557617,0.4624655544757843,0.7760380506515503,0.890636146068573,0.3950730264186859,0,-1,1,21,0.14285714285714285,2.0,147,0.9522197246551514,0,0.0,0,0.0,0,0.9855729341506958,2,7
SH,FVD,17,492,181,181,18.1,0.22350361943244934,0.28263717889785767,1.8137315511703491,1.9712629318237305,0.3028591275215149,0,-1,0,0,0.0,2.0,181,3.9375550746917725,0,0.0,0,0.0,0,6.646585941314697,0,5
SH,FVD,17,493,157,157,15.700000000000001,0.4975549876689911,0.6216846108436584,3.038433790206909,4.022868633270264,0.7601794600486755,0,-1,1,157,1.0,2.0,157,0.3502109944820404,0,0.0,0,0.0,0,3.273941993713379,1,6
SH,FVD,17,494,151,151,15.100000000000001,0.24810932576656342,0.31708431243896484,1.600144386291504,2.5202038288116455,0.5351172685623169,0,-1,1,151,1.0,2.0,151,0.586697518825531,0,0.0,0,0.0,0,3.6859591007232666,2,7
SH,FVD,17,495,494,494,49.400000000000006,0.40094760060310364,0.5265220403671265,2.6055281162261963,3.0607142448425293,0.6444191932678223,1,378,1,305,0.6174089068825911,2.0,378,0.0,0,0.0,0,0.0,0,0.0,2,7
SH,FVD,17,496,132,132,13.200000000000001,0.1904507726430893,0.2172175496816635,4.717864036560059,6.524338722229004,1.1351829767227173,0,-1,1,132,1.0,2.0,132,1.103438138961792,0,0.0,0,0.0,0,24.988998413085938,1,6
SH,FVD,17,497,310,310,31.0,0.40855759382247925,0.5118134021759033,8.744955062866211,10.871469497680664,1.336072325706482,0,-1,0,0,0.0,2.0,310,2.084761619567871,0,0.0,0,0.0,0,8.871964454650879,0,5
SH,FVD,17,498,239,239,23.900000000000002,0.3186618983745575,0.3840804398059845,8.68799877166748,10.311553001403809,1.0580793619155884,0,-1,1,125,0.5230125523012552,2.0,239,0.9307379722595215,0,0.0,0,0.0,0,3.37101674079895,1,6
SH,FVD,17,499,215,215,21.5,0.21032562851905823,0.28906604647636414,2.0625133514404297,2.3569095134735107,0.27033331990242004,1,195,1,195,0.9069767441860465,2.0,195,0.0,0,0.0,0,0.0,0,0.0,2,7
SH,FVD,17,500,222,222,22.200000000000003,0.2267637401819229,0.3044527471065521,2.6657402515411377,3.442868947982788,0.4039543867111206,0,-1,0,0,0.0,2.0,222,3.6322715282440186,0,0.0,0,0.0,0,3.668046712875366,0,5
SH,FVD,17,501,327,327,32.7,0.3126884698867798,0.41785818338394165,2.1379363536834717,2.808568000793457,0.6573902368545532,0,-1,1,327,1.0,2.0,327,0.7379507422447205,0,0.0,0,0.0,0,7.419131755828857,0,5
SH,FVD,17,502,1595,1595,159.5,0.3370899260044098,0.41154250502586365,4.081515312194824,4.810567378997803,1.9739917516708374,1,230,1,230,0.14420062695924765,2.0,230,0.0,0,0.0,0,0.0,0,0.0,2,7
SH,FVD,17,503,323,323,32.300000000000004,0.219564288854599,0.2543827295303345,2.8980977535247803,3.7629146575927734,0.6459736824035645,0,-1,1,323,1.0,2.0,323,0.8993404507637024,0,0.0,0,0.0,0,15.90256404876709,2,7
SH,FVD,17,504,257,257,25.700000000000003,0.4201084077358246,0.5636640787124634,3.812919855117798,4.50724983215332,1.1846753358840942,0,-1,0,0,0.0,2.0,257,2.9557693004608154,0,0.0,0,0.0,0,9.066539764404297,0,5
SH,FVD,17,505,263,263,26.3,0.179600790143013,0.21564802527427673,1.79802668094635,2.298149347305298,0.3260606527328491,0,-1,0,0,0.0,2.0,263,3.8925154209136963,0,0.0,0,0.0,0,6.406920433044434,0,5
SH,FVD,17,506,363,363,36.300000000000004,0.2612899839878082,0.365612655878067,3.2848072052001953,3.447038173675537,1.7166650295257568,1,33,1,33,0.09090909090909091,2.0,33,0.0,0,0.0,0,0.0,0,0.0,0,5
SH,FVD,17,507,140,140,14.0,0.25721675157546997,0.324343740940094,1.595139741897583,2.178864002227783,0.4987301528453827,0,-1,1,67,0.4785714285714286,2.0,140,1.4798927307128906,0,0.0,0,0.0,0,3.6373002529144287,1,6
SH,FVD,17,508,438,438,43.800000000000004,0.38351714611053467,0.45604872703552246,4.845650672912598,5.40347957611084,0.7735995054244995,0,-1,1,371,0.8470319634703196,2.0,438,1.5484861135482788,0,0.0,0,0.0,0,23.99394416809082,1,6
SH,FVD,17,509,266,266,26.6,0.5061398148536682,0.6979683041572571,29.96152114868164,41.390872955322266,3.2372994422912598,0,-1,0,0,0.0,2.0,266,3.1593987941741943,0,0.0,0,0.0,0,8.690835952758789,2,7
SH,FVD,17,510,135,135,13.5,0.2651655972003937,0.31373223662376404,11.777727127075195,15.270222663879395,2.3733749389648438,0,-1,0,0,0.0,2.0,135,3.175647497177124,0,0.0,0,0.0,0,73.31647491455078,0,5
SH,FVD,17,511,216,216,21.6,0.16731522977352142,0.20366425812244415,1.2364331483840942,1.6804873943328857,0.2989652156829834,0,-1,1,25,0.11574074074074074,2.0,216,1.9696165323257446,0,0.0,0,0.0,0,13.413511276245117,2,7
SH,FVD,17,512,139,139,13.9,0.34621715545654297,0.42091885209083557,3.7764861583709717,4.46073579788208,0.5488901138305664,0,-1,0,0,0.0,2.0,139,5.74188756942749,0,0.0,0,0.0,0,10.989792823791504,2,7
SH,FVD,17,513,143,143,14.3,0.15732036530971527,0.19005534052848816,1.1020092964172363,1.3389015197753906,0.18163634836673737,0,-1,1,143,1.0,2.0,143,1.0318890810012817,0,0.0,0,0.0,0,10.061986923217773,0,5
SH,FVD,17,514,191,191,19.1,0.10587917268276215,0.13058529794216156,3.05928373336792,4.0592732429504395,0.4202429950237274,0,-1,1,191,1.0,2.0,191,0.9971405863761902,0,0.0,0,0.0,0,8.481377601623535,0,5
SH,FVD,17,515,259,259,25.900000000000002,0.21874257922172546,0.2837505340576172,14.067323684692383,17.317907333374023,1.178791880607605,0,-1,0,0,0.0,2.0,259,2.5291013717651367,0,0.0,0,0.0,0,49.95000457763672,1,6
SH,FVD,17,516,188,188,18.8,0.38662639260292053,0.4344995617866516,1.9610344171524048,2.250340223312378,0.42676591873168945,0,-1,1,18,0.09574468085106383,2.0,188,1.5386757850646973,0,0.0,0,0.0,0,11.263158798217773,1,6
SH,FVD,17,517,135,135,13.5,0.3007872402667999,0.3912599980831146,2.712533712387085,3.1965420246124268,0.9832265377044678,1,70,1,70,0.5185185185185185,2.0,70,0.0,0,0.0,0,0.0,0,0.0,1,6
SH,FVD,17,518,285,285,28.5,0.37794020771980286,0.45973512530326843,8.815841674804688,10.195250511169434,1.559876799583435,0,-1,1,250,0.8771929824561403,2.0,285,1.4098546504974365,0,0.0,0,0.0,0,21.09722900390625,1,6
SH,FVD,17,519,840,840,84.0,0.2615821361541748,0.3277565538883209,8.507972717285156,9.90395736694336,0.8177244663238525,0,-1,1,840,1.0,2.0,840,0.4029097259044647,0,0.0,0,0.0,0,8.492387771606445,0,5
SH,FVD,17,520,215,215,21.5,0.41224417090415955,0.4994800388813019,14.439196586608887,16.37030029296875,1.226029396057129,0,-1,0,0,0.0,2.0,215,3.3647429943084717,0,0.0,0,0.0,0,6.949286460876465,0,5
SH,FVD,17,521,141,141,14.100000000000001,0.5657320022583008,0.640087366104126,10.862269401550293,12.965038299560547,1.5748333930969238,0,-1,0,0,0.0,2.0,141,2.2339398860931396,0,0.0,0,0.0,0,8.135018348693848,0,5
SH,FVD,17,522,185,185,18.5,0.31264686584472656,0.40788328647613525,3.565768241882324,4.849160671234131,0.5622233748435974,0,-1,1,185,1.0,2.0,185,1.0986605882644653,0,0.0,0,0.0,0,15.355851173400879,0,5
SH,FVD,17,523,165,165,16.5,0.2592385411262512,0.3391205370426178,3.6408464908599854,3.9840426445007324,0.4725362956523895,0,-1,0,0,0.0,2.0,165,2.811616897583008,0,0.0,0,0.0,0,4.0280303955078125,1,6
SH,FVD,17,524,136,136,13.600000000000001,0.21284639835357666,0.2514028549194336,1.3719062805175781,2.1328420639038086,0.700164794921875,0,-1,1,53,0.3897058823529412,2.0,136,1.4864258766174316,0,0.0,0,0.0,0,14.31384563446045,2,7
SH,FVD,17,525,904,904,90.4,0.24803215265274048,0.32207539677619934,29.346332550048828,35.5971794128418,0.8589643836021423,0,-1,0,0,0.0,2.0,904,3.345796823501587,0,0.0,0,0.0,0,2.514965772628784,1,6
SH,FVD,17,526,194,194,19.400000000000002,0.486156702041626,0.5664262771606445,6.6831374168396,7.7359442710876465,4.371327877044678,1,30,1,30,0.15463917525773196,2.0,30,0.0,0,0.0,0,0.0,0,0.0,1,6
SH,FVD,17,527,385,385,38.5,0.35230016708374023,0.4923093616962433,16.200363159179688,17.87694549560547,1.1558408737182617,0,-1,0,0,0.0,2.0,385,2.842341661453247,0,0.0,0,0.0,0,7.607707977294922,2,7
SH,FVD,17,528,144,144,14.4,0.35472190380096436,0.42087897658348083,3.95888614654541,4.526847839355469,1.6898205280303955,1,62,1,62,0.4305555555555556,2.0,62,0.0,0,0.0,0,0.0,0,0.0,2,7
SH,FVD,17,529,193,193,19.3,0.40314534306526184,0.5565115809440613,6.435537815093994,7.968533992767334,0.8842818737030029,0,-1,1,8,0.04145077720207254,2.0,193,1.769661545753479,0,0.0,0,0.0,0,16.298511505126953,2,7
SH,FVD,17,530,170,170,17.0,0.41743603348731995,0.532378077507019,8.029118537902832,10.842398643493652,1.2143926620483398,0,-1,1,170,1.0,2.0,170,1.5284873247146606,0,0.0,0,0.0,0,28.644756317138672,2,7
SH,FVD,17,531,205,205,20.5,0.28187036514282227,0.42311891913414,1.0959653854370117,1.3909988403320312,0.5029742121696472,1,182,1,182,0.8878048780487805,2.0,182,0.0,0,0.0,0,0.0,0,0.0,0,5
SH,FVD,17,532,277,277,27.700000000000003,0.3627185821533203,0.47546735405921936,4.9311323165893555,6.230309009552002,0.7138882279396057,0,-1,1,200,0.7220216606498195,2.0,277,1.407090187072754,0,0.0,0,0.0,0,14.849142074584961,0,5
SH,FVD,17,533,185,185,18.5,0.27248135209083557,0.3354059159755707,8.530885696411133,9.991559028625488,0.9313377737998962,0,-1,0,0,0.0,2.0,185,2.592012882232666,0,0.0,0,0.0,0,5.713683128356934,1,6
SH,FVD,17,534,199,199,19.900000000000002,0.14850647747516632,0.17150364816188812,2.5534069538116455,2.860548496246338,0.24955950677394867,0,-1,0,0,0.0,2.0,199,2.7465999126434326,0,0.0,0,0.0,0,22.811147689819336,2,7
SH,FVD,17,535,160,160,16.0,0.4001407027244568,0.5246729254722595,2.2278847694396973,2.9577715396881104,0.6864367127418518,0,-1,1,160,1.0,2.0,160,0.9489957690238953,0,0.0,0,0.0,0,5.451910972595215,1,6
SH,FVD,17,536,197,197,19.700000000000003,0.3021373748779297,0.4037151634693146,2.4008312225341797,3.941159725189209,0.911082923412323,0,-1,1,197,1.0,2.0,197,1.3077253103256226,0,0.0,0,0.0,0,9.08405876159668,0,5
SH,FVD,17,537,221,221,22.1,0.3378473222255707,0.437828004360199,2.9268364906311035,3.6780829429626465,0.893778920173645,0,-1,1,123,0.5565610859728507,2.0,221,0.6881535649299622,0,0.0,0,0.0,0,3.9668025970458984,2,7
SH,FVD,17,538,140,140,14.0,0.21053223311901093,0.2633518576622009,5.03615140914917,6.018815040588379,0.7635640501976013,0,-1,0,0,0.0,2.0,140,2.2657012939453125,0,0.0,0,0.0,0,25.450942993164062,2,7
SH,FVD,17,539,329,329,32.9,0.5170112252235413,0.7147085666656494,2.858433961868286,3.290748357772827,0.668239951133728,1,292,1,155,0.47112462006079026,2.0,292,0.0,0,0.0,0,0.0,0,0.0,0,5
SH,FVD,17,540,183,183,18.3,0.1071057841181755,0.13339205086231232,4.256270408630371,5.003176689147949,0.3384053111076355,0,-1,1,183,1.0,2.0,183,0.8286694288253784,0,0.0,0,0.0,0,8.16875171661377,0,5
SH,FVD,17,541,155,155,15.5,0.380222886800766,0.4649645984172821,5.110469818115234,6.215370178222656,2.7410972118377686,1,122,1,122,0.7870967741935484,2.0,122,0.0,0,0.0,0,0.0,0,0.0,1,6
SH,FVD,17,542,140,140,14.0,0.5445377230644226,0.7432593107223511,10.005075454711914,11.906128883361816,1.5983422994613647,0,-1,0,0,0.0,2.0,140,3.7809765338897705,0,0.0,0,0.0,0,4.220799446105957,0,5
SH,FVD,17,543,207,207,20.700000000000003,0.40095841884613037,0.47205570340156555,7.083707809448242,8.492297172546387,1.2195799350738525,0,-1,0,0,0.0,2.0,207,2.6366403102874756,0,0.0,0,0.0,0,5.059056282043457,0,5
SH,FVD,17,544,1538,1538,153.8,0.4014246165752411,0.5757020711898804,5.891242980957031,6.28962516784668,4.0325422286987305,1,231,1,231,0.15019505851755527,2.0,231,0.0,0,0.0,0,0.0,0,0.0,0,5
SH,FVD,17,545,605,605,60.5,0.31699663400650024,0.4047892689704895,10.240696907043457,10.88102912902832,5.877269268035889,1,127,1,42,0.06942148760330578,2.0,127,0.0,0,0.0,0,0.0,0,0.0,0,5
SH,FVD,17,546,433,433,43.300000000000004,0.33046579360961914,0.44890087842941284,1.7770516872406006,2.040874719619751,0.4869014620780945,0,-1,1,433,1.0,2.0,433,0.37862440943717957,0,0.0,0,0.0,0,5.7897210121154785,2,7
SH,FVD,17,547,239,239,23.900000000000002,0.34901684522628784,0.5066174268722534,8.230626106262207,10.73874282836914,1.325737476348877,0,-1,0,0,0.0,2.0,239,2.7221224308013916,0,0.0,0,0.0,0,39.8337287902832,2,7
SH,FVD,17,548,276,276,27.6,0.13536784052848816,0.1612463742494583,9.691904067993164,11.368645668029785,0.6665597558021545,0,-1,1,276,1.0,2.0,276,0.6220258474349976,0,0.0,0,0.0,0,15.279549598693848,2,7
SH,FVD,17,549,388,388,38.800000000000004,0.38500937819480896,0.5658186674118042,2.5292582511901855,2.8843834400177,0.5997341275215149,0,-1,1,388,1.0,2.0,388,0.45266231894493103,0,0.0,0,0.0,0,1.437177062034607,0,5
SH,FVD,17,550,473,473,47.300000000000004,0.6440578103065491,0.7623668909072876,6.108160972595215,7.971864700317383,0.9843602776527405,0,-1,1,230,0.48625792811839325,2.0,473,1.0224947929382324,0,0.0,0,0.0,0,1.9583625793457031,0,5
SH,FVD,17,551,211,211,21.1,0.4240759611129761,0.5577899217605591,2.385232448577881,2.790292978286743,1.4532583951950073,1,121,1,121,0.5734597156398105,2.0,121,0.0,0,0.0,0,0.0,0,0.0,2,7
SH,FVD,17,552,532,532,53.2,0.49885615706443787,0.7288087606430054,2.4992947578430176,3.0174267292022705,1.1630312204360962,1,389,1,276,0.518796992481203,2.0,389,0.0,0,0.0,0,0.0,0,0.0,1,6
SH,FVD,17,553,338,338,33.800000000000004,0.23721067607402802,0.2988240718841553,1.3720479011535645,1.6599358320236206,0.4385875165462494,0,-1,1,21,0.0621301775147929,2.0,338,0.8071989417076111,0,0.0,0,0.0,0,1.2466477155685425,1,6
SH,FVD,17,554,252,252,25.200000000000003,0.1960935741662979,0.2877866327762604,2.6864678859710693,2.921771764755249,0.3722805976867676,0,-1,1,216,0.8571428571428571,2.0,252,0.8632712364196777,0,0.0,0,0.0,0,20.45115852355957,2,7
SH,FVD,17,555,153,153,15.3,0.28533580899238586,0.32583823800086975,1.2614712715148926,1.622721791267395,0.403097003698349,0,-1,1,153,1.0,2.0,153,0.9551839232444763,0,0.0,0,0.0,0,15.926448822021484,0,5
SH,FVD,17,556,158,158,15.8,0.527672529220581,0.6695362329483032,2.1957294940948486,2.7880849838256836,0.9423202276229858,0,-1,1,122,0.7721518987341772,2.0,158,1.1354411840438843,0,0.0,0,0.0,0,10.742653846740723,1,6
SH,FVD,17,557,250,250,25.0,0.27099964022636414,0.31937375664711,3.0705485343933105,3.3483426570892334,0.4089151620864868,0,-1,1,250,1.0,2.0,250,1.0511293411254883,0,0.0,0,0.0,0,17.454988479614258,2,7
SH,FVD,17,558,246,246,24.6,0.22008134424686432,0.3064819574356079,15.42392349243164,18.165714263916016,1.2258867025375366,0,-1,1,50,0.2032520325203252,2.0,246,1.9422656297683716,0,0.0,0,0.0,0,39.201873779296875,0,5
SH,FVD,17,559,779,779,77.9,0.3654462397098541,0.4690762162208557,6.859600067138672,8.622908592224121,2.8609700202941895,1,526,1,526,0.675224646983312,2.0,526,0.0,0,0.0,0,0.0,0,0.0,1,6
SH,FVD,17,560,501,501,50.1,0.3021487891674042,0.4141041934490204,2.4880423545837402,3.3804001808166504,1.036698579788208,1,445,1,445,0.8882235528942116,2.0,445,0.0,0,0.0,0,0.0,0,0.0,1,6
SH,FVD,17,561,139,139,13.9,0.2975849509239197,0.4051380157470703,4.194956302642822,5.073690414428711,0.652075469493866,0,-1,1,139,1.0,2.0,139,0.5697180032730103,0,0.0,0,0.0,0,4.3208770751953125,0,5
SH,FVD,17,562,152,152,15.200000000000001,0.20521406829357147,0.26508694887161255,1.1804667711257935,1.4222954511642456,0.2882864475250244,1,120,1,45,0.29605263157894735,2.0,120,0.0,0,0.0,0,0.0,0,0.0,0,5
SH,FVD,17,563,328,328,32.800000000000004,0.20509429275989532,0.2645898759365082,12.261606216430664,13.971109390258789,0.7265358567237854,0,-1,0,0,0.0,2.0,328,2.894958019256592,0,0.0,0,0.0,0,3.798743724822998,1,6
SH,FVD,17,564,308,308,30.8,0.4173533320426941,0.5810418725013733,2.1867733001708984,2.565481424331665,0.6874321699142456,1,274,1,221,0.7175324675324676,2.0,274,0.0,0,0.0,0,0.0,0,0.0,0,5
SH,FVD,17,565,318,318,31.8,0.157410129904747,0.19506143033504486,6.984284400939941,8.020142555236816,0.40781062841415405,0,-1,0,0,0.0,2.0,318,2.2873733043670654,0,0.0,0,0.0,0,42.389976501464844,1,6
SH,FVD,17,566,173,173,17.3,0.21942932903766632,0.28680455684661865,3.496500253677368,4.380112648010254,0.5537160634994507,0,-1,0,0,0.0,2.0,173,3.4742326736450195,0,0.0,0,0.0,0,8.524237632751465,1,6
SH,FVD,17,567,131,131,13.100000000000001,0.17101410031318665,0.20456866919994354,3.3973686695098877,4.709795951843262,0.9140572547912598,0,-1,1,131,1.0,2.0,131,0.833403468132019,0,0.0,0,0.0,0,13.144801139831543,1,6
SH,FVD,17,568,233,233,23.3,0.4268245995044708,0.5641912221908569,8.535813331604004,9.621667861938477,0.860481858253479,0,-1,1,27,0.11587982832618025,2.0,233,1.2524524927139282,0,0.0,0,0.0,0,7.263036727905273,0,5
SH,FVD,17,569,453,453,45.300000000000004,0.2653311491012573,0.36574143171310425,4.741296291351318,5.768249988555908,0.7085621953010559,0,-1,1,453,1.0,2.0,453,0.2553040683269501,0,0.0,0,0.0,0,3.114419937133789,2,7
SH,FVD,17,570,709,709,70.9,0.36088937520980835,0.46946951746940613,5.733561038970947,7.219052314758301,0.8402285575866699,0,-1,1,110,0.15514809590973203,2.0,709,1.7920435667037964,0,0.0,0,0.0,0,4.192673683166504,2,7
SH,FVD,17,571,158,158,15.8,0.40449926257133484,0.5334275960922241,5.5591254234313965,6.153160095214844,0.8201214075088501,0,-1,1,18,0.11392405063291139,2.0,158,1.8561575412750244,0,0.0,0,0.0,0,18.131013870239258,2,7
SH,FVD,17,572,168,168,16.8,0.2994327247142792,0.36991459131240845,0.6811661124229431,0.8946644067764282,0.3591114282608032,0,-1,1,168,1.0,2.0,168,0.8281176686286926,0,0.0,0,0.0,0,10.14942741394043,0,5
SH,FVD,17,573,1151,1151,115.10000000000001,0.2054215371608734,0.26687923073768616,15.011859893798828,19.984689712524414,0.8590068817138672,0,-1,1,876,0.7610773240660296,2.0,1151,0.7319979667663574,0,0.0,0,0.0,0,13.427242279052734,0,5
SH,FVD,17,574,398,398,39.800000000000004,0.5835686922073364,0.7500103712081909,13.221559524536133,17.679489135742188,9.505846977233887,1,109,1,109,0.27386934673366836,2.0,109,0.0,0,0.0,0,0.0,0,0.0,2,7
SH,FVD,17,575,739,739,73.9,0.1753876805305481,0.21382082998752594,39.34332275390625,49.408111572265625,1.4799449443817139,0,-1,0,0,0.0,2.0,739,2.5409626960754395,0,0.0,0,0.0,0,72.12456512451172,0,5
SH,FVD,17,576,485,485,48.5,0.22969479858875275,0.2759166955947876,9.475410461425781,11.032444953918457,0.6830127835273743,0,-1,0,0,0.0,2.0,485,2.531362533569336,0,0.0,0,0.0,0,16.449254989624023,1,6
SH,FVD,17,577,862,862,86.2,0.23491448163986206,0.3311408758163452,4.885806083679199,5.5764079093933105,1.5467709302902222,1,295,1,148,0.1716937354988399,2.0,295,0.0,0,0.0,0,0.0,0,0.0,1,6
SH,FVD,17,578,136,136,13.600000000000001,0.14032040536403656,0.17692555487155914,0.19345605373382568,0.24631114304065704,0.1518012285232544,0,-1,0,0,0.0,2.0,136,3.6864166259765625,0,0.0,0,0.0,0,3.3059797286987305,0,5
SH,FVD,17,579,232,232,23.200000000000003,0.5319768786430359,0.6289922595024109,7.5155487060546875,8.484380722045898,0.9824851751327515,0,-1,0,0,0.0,2.0,232,2.9758172035217285,0,0.0,0,0.0,0,4.567799091339111,0,5
SH,FVD,17,580,302,302,30.200000000000003,0.25525110960006714,0.3347662091255188,3.2745680809020996,3.862213134765625,0.515524685382843,0,-1,1,255,0.8443708609271523,2.0,302,0.18977020680904388,0,0.0,0,0.0,0,0.8322019577026367,2,7
SH,FVD,17,581,1057,1057,105.7,0.3203031122684479,0.42718490958213806,6.285719394683838,7.164322376251221,3.1466171741485596,1,291,1,291,0.2753074739829707,2.0,291,0.0,0,0.0,0,0.0,0,0.0,1,6
SH,FVD,17,582,225,225,22.5,0.28042569756507874,0.35438185930252075,3.341895818710327,5.179775714874268,0.8006376028060913,1,46,1,37,0.16444444444444445,2.0,46,0.0,0,0.0,0,0.0,0,0.0,2,7
SH,FVD,17,583,191,191,19.1,0.33463412523269653,0.4351089298725128,6.593853950500488,8.14593505859375,0.9217975735664368,0,-1,1,53,0.2774869109947644,2.0,191,1.7883455753326416,0,0.0,0,0.0,0,6.023859977722168,1,6
SH,FVD,17,584,449,449,44.900000000000006,0.41734763979911804,0.4908471703529358,23.28980255126953,28.48523712158203,2.029435873031616,0,-1,1,17,0.0378619153674833,2.0,449,0.9935805201530457,0,0.0,0,0.0,0,1.4812625646591187,2,7
SH,FVD,17,585,141,141,14.100000000000001,0.3395942747592926,0.43040257692337036,6.99924898147583,9.26193618774414,1.3611140251159668,0,-1,0,0,0.0,2.0,141,2.2536280155181885,0,0.0,0,0.0,0,42.694183349609375,1,6
SH,FVD,17,586,192,192,19.200000000000003,0.26861968636512756,0.38502857089042664,2.901923894882202,4.481905460357666,0.6003862023353577,0,-1,1,192,1.0,2.0,192,1.1159216165542603,0,0.0,0,0.0,0,10.63138484954834,2,7
SH,FVD,17,587,182,182,18.2,0.4832850396633148,0.5559413433074951,9.975799560546875,12.053723335266113,1.3876796960830688,0,-1,0,0,0.0,2.0,182,2.334148406982422,0,0.0,0,0.0,0,35.27032470703125,2,7
SH,FVD,17,588,186,186,18.6,0.22594493627548218,0.3091723620891571,5.315932273864746,6.013004779815674,0.8235412836074829,0,-1,1,186,1.0,2.0,186,1.3478825092315674,0,0.0,0,0.0,0,27.33029556274414,2,7
SH,FVD,17,589,1468,1468,146.8,0.24153877794742584,0.3160248398780823,9.308053970336914,11.661739349365234,0.5295422673225403,0,-1,1,717,0.4884196185286104,2.0,1468,0.6631488800048828,0,0.0,0,0.0,0,3.417083978652954,2,7
SH,FVD,17,590,351,351,35.1,0.1906200349330902,0.23367823660373688,8.746782302856445,10.315643310546875,0.534275233745575,0,-1,0,0,0.0,2.0,351,2.2095367908477783,0,0.0,0,0.0,0,28.540409088134766,1,6
SH,FVD,17,591,154,154,15.4,0.2641265094280243,0.33873414993286133,9.246373176574707,11.419857025146484,1.4919044971466064,0,-1,1,143,0.9285714285714286,2.0,154,1.6327383518218994,0,0.0,0,0.0,0,32.281028747558594,2,7
SH,FVD,17,592,135,135,13.5,0.4308997392654419,0.5397269129753113,4.583655834197998,5.029032230377197,0.5870121121406555,0,-1,1,40,0.2962962962962963,2.0,135,1.2961413860321045,0,0.0,0,0.0,0,10.257037162780762,2,7
SH,FVD,17,593,146,146,14.600000000000001,0.2611684799194336,0.3314036726951599,7.226370811462402,8.957502365112305,1.3070026636123657,0,-1,0,0,0.0,2.0,146,3.8880186080932617,0,0.0,0,0.0,0,6.1829938888549805,1,6
SH,FVD,17,594,236,236,23.6,0.21760877966880798,0.2678404450416565,5.313853740692139,6.698841571807861,0.5779410600662231,0,-1,1,236,1.0,2.0,236,1.1123913526535034,0,0.0,0,0.0,0,13.770960807800293,2,7
SH,FVD,17,595,271,271,27.1,0.30861350893974304,0.39862799644470215,3.1164402961730957,3.6533255577087402,0.5769797563552856,0,-1,1,271,1.0,2.0,271,1.297014594078064,0,0.0,0,0.0,0,21.11778450012207,2,7
SH,FVD,17,596,260,260,26.0,0.4178614020347595,0.5491899847984314,1.1639043092727661,1.4947526454925537,0.5702685713768005,0,-1,0,0,0.0,2.0,260,3.919966459274292,0,0.0,0,0.0,0,4.1341233253479,0,5
SH,FVD,17,597,169,169,16.900000000000002,0.33427953720092773,0.40636226534843445,2.6482555866241455,2.876807928085327,1.8007047176361084,1,42,1,42,0.2485207100591716,2.0,42,0.0,0,0.0,0,0.0,0,0.0,2,7
SH,FVD,17,598,210,210,21.0,0.25390729308128357,0.30599623918533325,11.598649024963379,13.925537109375,1.2800178527832031,0,-1,0,0,0.0,2.0,210,2.032550573348999,0,0.0,0,0.0,0,15.457795143127441,0,5
SH,FVD,17,599,196,196,19.6,0.4213358163833618,0.5735189318656921,6.485410690307617,7.153184413909912,2.656735420227051,1,56,1,42,0.21428571428571427,2.0,56,0.0,0,0.0,0,0.0,0,0.0,0,5
SH,FVD,17,600,208,208,20.8,0.4144953489303589,0.4768630564212799,6.752167224884033,9.54875659942627,1.3048512935638428,0,-1,1,208,1.0,2.0,208,0.9214356541633606,0,0.0,0,0.0,0,11.09669017791748,0,5
SH,FVD,17,601,261,261,26.1,0.4197249412536621,0.5489716529846191,1.5460163354873657,1.8485294580459595,0.4143078923225403,1,260,1,224,0.8582375478927203,2.0,260,0.0,0,0.0,0,0.0,0,0.0,2,7
SH,FVD,17,602,589,589,58.900000000000006,0.40341809391975403,0.5037959814071655,4.315705299377441,5.170795917510986,1.3195215463638306,1,385,1,75,0.1273344651952462,2.0,385,0.0,0,0.0,0,0.0,0,0.0,0,5
SH,FVD,17,603,161,161,16.1,0.29843345284461975,0.3724834620952606,8.167953491210938,11.563549995422363,1.599582314491272,0,-1,1,113,0.7018633540372671,2.0,161,1.8390072584152222,0,0.0,0,0.0,0,40.018611907958984,0,5
SH,FVD,17,604,161,161,16.1,0.2031879723072052,0.2794266939163208,3.5520856380462646,4.3455424308776855,0.5494676232337952,0,-1,0,0,0.0,2.0,161,2.359419822692871,0,0.0,0,0.0,0,4.50571870803833,1,6
SH,FVD,17,605,132,132,13.200000000000001,0.27632996439933777,0.7113649845123291,2.890218734741211,3.219850540161133,0.35215163230895996,0,-1,1,11,0.08333333333333333,2.0,132,1.4445691108703613,0,0.0,0,0.0,0,1.032611608505249,2,7
SH,FVD,17,606,176,176,17.6,0.448399156332016,0.5968635082244873,1.625573754310608,1.9506241083145142,0.49503737688064575,0,-1,1,14,0.07954545454545454,2.0,176,1.353356122970581,0,0.0,0,0.0,0,2.4045395851135254,0,5
SH,FVD,17,607,260,260,26.0,0.2675815522670746,0.3614885210990906,8.571612358093262,9.253279685974121,0.7825227975845337,0,-1,0,0,0.0,2.0,260,2.303762674331665,0,0.0,0,0.0,0,5.9025702476501465,1,6
SH,FVD,17,608,150,150,15.0,0.23064030706882477,0.3089525103569031,6.658300399780273,7.993288040161133,0.9716528058052063,0,-1,0,0,0.0,2.0,150,3.706482172012329,0,0.0,0,0.0,0,2.231409788131714,1,6
SH,FVD,17,609,423,423,42.300000000000004,0.5434428453445435,0.6536843180656433,10.033390045166016,12.669039726257324,3.5918049812316895,1,61,1,44,0.10401891252955082,2.0,61,0.0,0,0.0,0,0.0,0,0.0,2,7
SH,FVD,17,610,260,260,26.0,0.13147950172424316,0.17270421981811523,5.004945755004883,5.845447540283203,0.4145926833152771,0,-1,1,260,1.0,2.0,260,1.1550788879394531,0,0.0,0,0.0,0,24.156749725341797,0,5
SH,FVD,17,611,605,605,60.5,0.41644904017448425,0.5483641624450684,4.1895599365234375,4.48630952835083,1.2271437644958496,1,316,1,151,0.24958677685950414,2.0,316,0.0,0,0.0,0,0.0,0,0.0,1,6
SH,FVD,17,612,259,259,25.900000000000002,0.46552062034606934,0.5928494930267334,17.72769546508789,20.784189224243164,2.743785858154297,1,207,1,207,0.7992277992277992,2.0,207,0.0,0,0.0,0,0.0,0,0.0,2,7
SH,FVD,17,613,346,346,34.6,0.31933924555778503,0.4183831512928009,5.32912540435791,6.053823947906494,2.704129695892334,1,71,1,71,0.20520231213872833,2.0,71,0.0,0,0.0,0,0.0,0,0.0,1,6
SH,FVD,17,614,431,431,43.1,0.29628217220306396,0.37915343046188354,9.325604438781738,11.109137535095215,3.311749219894409,1,324,1,324,0.7517401392111369,2.0,324,0.0,0,0.0,0,0.0,0,0.0,0,5
SH,FVD,17,615,165,165,16.5,0.3065747320652008,0.40106359124183655,4.381488800048828,4.680528163909912,0.44054460525512695,0,-1,0,0,0.0,2.0,165,2.2749104499816895,0,0.0,0,0.0,0,10.042989730834961,2,7
SH,FVD,17,616,317,317,31.700000000000003,0.18120597302913666,0.24294042587280273,1.4633548259735107,1.8738412857055664,0.35629624128341675,0,-1,0,0,0.0,2.0,317,2.3098654747009277,0,0.0,0,0.0,0,20.14617347717285,0,5
SH,FVD,17,617,181,181,18.1,0.2973784804344177,0.3855496942996979,2.1956634521484375,2.9242756366729736,0.5350939631462097,0,-1,1,181,1.0,2.0,181,0.4916486144065857,0,0.0,0,0.0,0,9.969233512878418,1,6
SH,FVD,17,618,176,176,17.6,0.2358623445034027,0.28001728653907776,4.718760013580322,6.256241798400879,0.7104869484901428,0,-1,0,0,0.0,2.0,176,4.60163688659668,0,0.0,0,0.0,0,19.809823989868164,2,7
SH,FVD,17,619,151,151,15.100000000000001,0.2848888039588928,0.4106465280056,2.5403873920440674,3.609509229660034,0.6726354956626892,1,146,1,146,0.9668874172185431,2.0,146,0.0,0,0.0,0,0.0,0,0.0,0,5
SH,FVD,17,620,394,394,39.400000000000006,0.33308878540992737,0.45615267753601074,5.450026988983154,6.095774173736572,0.9548414945602417,1,304,1,152,0.38578680203045684,2.0,304,0.0,0,0.0,0,0.0,0,0.0,1,6
SH,FVD,17,621,207,207,20.700000000000003,0.34083274006843567,0.42843392491340637,1.9493142366409302,2.313568115234375,0.5288086533546448,0,-1,1,207,1.0,2.0,207,1.2052855491638184,0,0.0,0,0.0,0,8.518170356750488,1,6
SH,FVD,17,622,186,186,18.6,0.36621734499931335,0.43785616755485535,2.05275821685791,2.461243152618408,0.6944758296012878,0,-1,0,0,0.0,2.0,186,3.0131914615631104,0,0.0,0,0.0,0,36.929080963134766,0,5
SH,FVD,17,623,162,162,16.2,0.11556132882833481,0.1419498175382614,2.384310007095337,3.271278142929077,0.45515280961990356,0,-1,0,0,0.0,2.0,162,4.198562145233154,0,0.0,0,0.0,0,71.35752868652344,0,5
SH,FVD,17,624,205,205,20.5,0.28398290276527405,0.34542524814605713,1.6080718040466309,1.8114278316497803,0.43719932436943054,0,-1,1,5,0.024390243902439025,2.0,205,1.7813690900802612,0,0.0,0,0.0,0,10.169331550598145,1,6
SH,FVD,17,625,146,146,14.600000000000001,0.3819427490234375,0.5199800133705139,2.881923198699951,3.642388343811035,0.7906719446182251,0,-1,1,146,1.0,2.0,146,0.8887453675270081,0,0.0,0,0.0,0,9.709774017333984,2,7
SH,FVD,17,626,177,177,17.7,0.31250089406967163,0.4381938576698303,1.398684024810791,1.6552482843399048,0.48640212416648865,0,-1,1,177,1.0,2.0,177,0.3301314413547516,0,0.0,0,0.0,0,1.9067009687423706,1,6
SH,FVD,17,627,323,323,32.300000000000004,0.7169865965843201,0.9968905448913574,23.80217933654785,28.207414627075195,2.7714920043945312,0,-1,0,0,0.0,2.0,323,5.708777904510498,0,0.0,0,0.0,0,15.710984230041504,2,7
SH,FVD,17,628,228,228,22.8,0.32371819019317627,0.42015036940574646,0.7854522466659546,1.0042692422866821,0.3636586666107178,0,-1,1,228,1.0,2.0,228,0.8333134055137634,0,0.0,0,0.0,0,3.232560396194458,0,5
SH,FVD,17,629,330,330,33.0,0.27357178926467896,0.33431825041770935,1.55845046043396,1.8716779947280884,0.3646741509437561,0,-1,1,43,0.1303030303030303,2.0,330,1.7325316667556763,0,0.0,0,0.0,0,7.462742805480957,1,6
SH,FVD,17,630,286,286,28.6,0.1504284292459488,0.22070004045963287,29.686830520629883,35.93244934082031,2.357414722442627,0,-1,1,269,0.9405594405594405,2.0,286,1.145267367362976,0,0.0,0,0.0,0,32.08100891113281,0,5
SH,FVD,17,631,472,472,47.2,0.2647209167480469,0.3481941521167755,2.234605550765991,2.5415825843811035,0.5135049223899841,1,466,1,30,0.0635593220338983,2.0,466,0.0,0,0.0,0,0.0,0,0.0,0,5
SH,FVD,17,632,163,163,16.3,0.2588109076023102,0.32874229550361633,3.9303700923919678,4.377580165863037,0.47807222604751587,0,-1,1,119,0.7300613496932515,2.0,163,0.004322556313127279,0,0.0,0,0.0,0,0.010699554346501827,2,7
SH,FVD,17,633,174,174,17.400000000000002,0.4313614070415497,0.7049717307090759,4.929720401763916,5.989480972290039,1.0835516452789307,0,-1,0,0,0.0,2.0,174,2.9937453269958496,0,0.0,0,0.0,0,6.540899276733398,1,6
SH,FVD,17,634,308,308,30.8,0.35242125391960144,0.4233647584915161,4.6396613121032715,5.5443644523620605,1.2081049680709839,1,235,1,113,0.36688311688311687,2.0,235,0.0,0,0.0,0,0.0,0,0.0,1,6
SH,FVD,17,635,281,281,28.1,0.2722077965736389,0.3177785277366638,4.744846820831299,5.5706987380981445,0.6342771649360657,0,-1,1,281,1.0,2.0,281,1.004150152206421,0,0.0,0,0.0,0,8.247579574584961,2,7
SH,FVD,17,636,157,157,15.700000000000001,0.09135834127664566,0.12665534019470215,0.8802493214607239,1.1972838640213013,0.2735041677951813,0,-1,1,157,1.0,2.0,157,1.5994572639465332,0,0.0,0,0.0,0,30.76488494873047,2,7
SH,FVD,17,637,154,154,15.4,0.45550358295440674,0.5533230304718018,10.264188766479492,11.774906158447266,1.3262649774551392,0,-1,1,12,0.07792207792207792,2.0,154,1.6450042724609375,0,0.0,0,0.0,0,5.680976867675781,0,5
SH,FVD,17,638,227,227,22.700000000000003,0.31569719314575195,0.38840240240097046,3.4367926120758057,4.237427234649658,0.7769627571105957,0,-1,0,0,0.0,2.0,227,5.482391357421875,0,0.0,0,0.0,0,9.6972074508667,1,6
SH,FVD,17,639,152,152,15.200000000000001,0.1303812563419342,0.189766064286232,5.134541034698486,5.782938480377197,0.4804573655128479,0,-1,1,152,1.0,2.0,152,0.8097304105758667,0,0.0,0,0.0,0,15.076729774475098,1,6
SH,FVD,17,640,213,213,21.3,0.3030881881713867,0.43479374051094055,5.284336566925049,5.959462642669678,1.5121618509292603,1,64,1,64,0.3004694835680751,2.0,64,0.0,0,0.0,0,0.0,0,0.0,1,6
SH,FVD,17,641,400,400,40.0,0.4918685257434845,0.6494096517562866,6.728941440582275,7.440412521362305,5.5345258712768555,1,85,1,85,0.2125,2.0,85,0.0,0,0.0,0,0.0,0,0.0,1,6
SH,FVD,17,642,188,188,18.8,0.17846174538135529,0.21852286159992218,4.127418518066406,5.064456462860107,0.389295369386673,0,-1,0,0,0.0,2.0,188,2.6291682720184326,0,0.0,0,0.0,0,37.36846160888672,2,7
SH,FVD,17,643,160,160,16.0,0.3159327208995819,0.4243634343147278,9.118091583251953,10.975400924682617,1.0029836893081665,0,-1,1,160,1.0,2.0,160,1.2168216705322266,0,0.0,0,0.0,0,19.618558883666992,2,7
SH,FVD,17,644,207,207,20.700000000000003,0.18710008263587952,0.2757079303264618,9.913824081420898,11.242276191711426,0.7862719893455505,0,-1,1,207,1.0,2.0,207,0.3485916554927826,0,0.0,0,0.0,0,5.964457988739014,2,7
SH,FVD,17,645,227,227,22.700000000000003,0.23886780440807343,0.30322110652923584,1.3919458389282227,1.7385410070419312,0.37011754512786865,0,-1,1,207,0.9118942731277533,2.0,227,1.4894042015075684,0,0.0,0,0.0,0,8.372269630432129,2,7
SH,FVD,17,646,192,192,19.200000000000003,0.08908901363611221,0.1690765768289566,8.029799461364746,10.026378631591797,0.9908941388130188,0,-1,1,3,0.015625,2.0,192,1.9646707773208618,0,0.0,0,0.0,0,41.47570037841797,0,5
SH,FVD,17,647,228,228,22.8,0.2586732804775238,0.3052893579006195,3.7658145427703857,4.44859504699707,0.49819082021713257,0,-1,1,228,1.0,2.0,228,1.33146071434021,0,0.0,0,0.0,0,22.32524871826172,1,6
SH,FVD,17,648,236,236,23.6,0.23904156684875488,0.30677327513694763,4.277711391448975,5.062685012817383,0.9710119366645813,0,-1,0,0,0.0,2.0,236,3.819742441177368,0,0.0,0,0.0,0,13.401104927062988,0,5
SH,FVD,17,649,184,184,18.400000000000002,0.36799824237823486,0.49693456292152405,8.904898643493652,11.046862602233887,0.9628611207008362,0,-1,1,39,0.21195652173913043,2.0,184,0.023138467222452164,0,0.0,0,0.0,0,0.10602366924285889,1,6
SH,FVD,17,650,156,156,15.600000000000001,0.32004380226135254,0.41970935463905334,5.8180670738220215,6.4997944831848145,0.5625455975532532,0,-1,1,67,0.42948717948717946,2.0,156,1.3651034832000732,0,0.0,0,0.0,0,5.289906978607178,0,5
SH,FVD,17,651,177,177,17.7,0.2824793756008148,0.3516107499599457,2.055403232574463,2.259504556655884,0.43857479095458984,0,-1,0,0,0.0,2.0,177,2.042262554168701,0,0.0,0,0.0,0,14.664273262023926,2,7
SH,FVD,17,652,329,329,32.9,0.2716074287891388,0.3407871127128601,4.401795387268066,5.675264835357666,0.4418838620185852,0,-1,1,294,0.8936170212765957,2.0,329,0.7194399833679199,0,0.0,0,0.0,0,3.1417410373687744,1,6
SH,FVD,17,653,155,155,15.5,0.21561019122600555,0.2651721239089966,4.110929489135742,4.481215476989746,0.48975470662117004,0,-1,0,0,0.0,2.0,155,2.4183876514434814,0,0.0,0,0.0,0,6.5506391525268555,2,7
SH,FVD,17,654,1169,1169,116.9,0.3802260458469391,0.5313087701797485,4.9461517333984375,6.303799629211426,1.109117865562439,1,912,1,507,0.43370402053036783,2.0,912,0.0,0,0.0,0,0.0,0,0.0,2,7
SH,FVD,17,655,247,247,24.700000000000003,0.28704747557640076,0.36283376812934875,2.893552780151367,3.730771541595459,0.8245216608047485,0,-1,1,195,0.7894736842105263,2.0,247,1.3513813018798828,0,0.0,0,0.0,0,8.831738471984863,2,7
SH,FVD,17,656,157,157,15.700000000000001,0.3727985918521881,0.5094137191772461,1.202663779258728,1.7131863832473755,0.3314501643180847,0,-1,1,157,1.0,2.0,157,1.164286732673645,0,0.0,0,0.0,0,8.697925567626953,0,5
SH,FVD,17,657,140,140,14.0,0.20320938527584076,0.24201548099517822,5.856733322143555,7.558700084686279,1.0884202718734741,0,-1,1,62,0.44285714285714284,2.0,140,1.784074068069458,0,0.0,0,0.0,0,40.09397888183594,1,6
SH,FVD,17,658,252,252,25.200000000000003,0.3547869622707367,0.42627227306365967,16.07112693786621,18.46268081665039,1.1717349290847778,0,-1,1,252,1.0,2.0,252,0.4249892234802246,0,0.0,0,0.0,0,8.16474723815918,0,5
SH,FVD,17,659,156,156,15.600000000000001,0.417294979095459,0.5935412645339966,2.6415724754333496,2.9418489933013916,0.5737614631652832,0,-1,1,10,0.0641025641025641,2.0,156,1.486351728439331,0,0.0,0,0.0,0,2.718451976776123,1,6
SH,FVD,17,660,656,656,65.60000000000001,0.1927202045917511,0.2530497908592224,21.54352569580078,25.522775650024414,0.885187029838562,0,-1,0,0,0.0,2.0,656,2.9941890239715576,0,0.0,0,0.0,0,3.5384397506713867,1,6
SH,FVD,17,661,266,266,26.6,0.21915870904922485,0.27822282910346985,7.7838640213012695,10.200273513793945,0.6891605257987976,0,-1,0,0,0.0,2.0,266,2.3934261798858643,0,0.0,0,0.0,0,45.30640411376953,2,7
SH,FVD,17,662,704,704,70.4,0.25465694069862366,0.36635127663612366,4.225706100463867,4.876858234405518,0.4608665406703949,0,-1,1,59,0.08380681818181818,2.0,704,1.3912564516067505,0,0.0,0,0.0,0,2.8334386348724365,1,6
SH,FVD,17,663,133,133,13.3,0.20642292499542236,0.2738322913646698,0.3903726637363434,0.44376465678215027,0.1937704086303711,0,-1,0,0,0.0,2.0,133,3.693347930908203,0,0.0,0,0.0,0,4.208732604980469,2,7
SH,FVD,17,664,151,151,15.100000000000001,0.4409303367137909,0.6754510998725891,1.4133738279342651,2.7588069438934326,0.8618357181549072,0,-1,1,151,1.0,2.0,151,0.7763546109199524,0,0.0,0,0.0,0,7.684707164764404,1,6
SH,FVD,17,665,191,191,19.1,0.33888739347457886,0.4107281267642975,2.0852489471435547,2.598614454269409,0.8179771304130554,0,-1,1,191,1.0,2.0,191,0.8523769974708557,0,0.0,0,0.0,0,20.560855865478516,2,7
SH,FVD,17,666,132,132,13.200000000000001,0.3548077642917633,0.41128605604171753,5.821783542633057,6.754422664642334,0.771388053894043,0,-1,0,0,0.0,2.0,132,2.0909435749053955,0,0.0,0,0.0,0,36.14143753051758,0,5
SH,FVD,17,667,499,499,49.900000000000006,0.1385219544172287,0.17179107666015625,8.719587326049805,12.040115356445312,0.6175509691238403,0,-1,1,499,1.0,2.0,499,0.9544596076011658,0,0.0,0,0.0,0,17.03819465637207,2,7
SH,FVD,17,668,225,225,22.5,0.20015564560890198,0.2593526542186737,2.9757654666900635,3.3725619316101074,0.5828489661216736,0,-1,1,223,0.9911111111111112,2.0,225,1.045182228088379,0,0.0,0,0.0,0,12.046931266784668,0,5
SH,FVD,17,669,253,253,25.3,0.21741081774234772,0.2843599021434784,8.089910507202148,9.529460906982422,0.5562779307365417,0,-1,0,0,0.0,2.0,253,6.805055618286133,0,0.0,0,0.0,0,7.637789249420166,2,7
SH,FVD,17,670,450,450,45.0,0.41064026951789856,0.5661023855209351,6.738394737243652,7.4269304275512695,2.8342552185058594,1,88,1,88,0.19555555555555557,2.0,88,0.0,0,0.0,0,0.0,0,0.0,1,6
SH,FVD,17,671,307,307,30.700000000000003,0.353047639131546,0.44363218545913696,4.227407455444336,4.954297065734863,0.481527179479599,0,-1,1,74,0.24104234527687296,2.0,307,1.122402548789978,0,0.0,0,0.0,0,3.306866407394409,2,7
SH,FVD,17,672,144,144,14.4,0.3510124385356903,0.4504108726978302,2.059457540512085,3.235852003097534,1.5861321687698364,1,122,1,122,0.8472222222222222,2.0,122,0.0,0,0.0,0,0.0,0,0.0,0,5
SH,FVD,17,673,301,301,30.1,0.3400336503982544,0.4204089939594269,4.559137344360352,5.126779556274414,0.7704315185546875,1,299,1,59,0.19601328903654486,2.0,299,0.0,0,0.0,0,0.0,0,0.0,0,5
SH,FVD,17,674,244,244,24.400000000000002,0.37794917821884155,0.45714905858039856,5.738229274749756,7.020293712615967,1.4510855674743652,1,199,1,75,0.3073770491803279,2.0,199,0.0,0,0.0,0,0.0,0,0.0,2,7
SH,FVD,17,675,151,151,15.100000000000001,0.11560143530368805,0.2117072492837906,0.7728366255760193,0.8454606533050537,0.14259101450443268,0,-1,0,0,0.0,2.0,151,2.0180068016052246,0,0.0,0,0.0,0,1.910445213317871,2,7
SH,FVD,17,676,216,216,21.6,0.20648938417434692,0.2498742640018463,2.4636266231536865,2.9405341148376465,0.34440627694129944,0,-1,1,216,1.0,2.0,216,1.4603973627090454,0,0.0,0,0.0,0,31.06568145751953,0,5
SH,FVD,17,677,235,235,23.5,0.2858654856681824,0.3799121379852295,10.936185836791992,12.052616119384766,0.9333838820457458,0,-1,0,0,0.0,2.0,235,2.1105289459228516,0,0.0,0,0.0,0,6.503479480743408,0,5
SH,FVD,17,678,348,348,34.800000000000004,0.3813796639442444,0.4529869854450226,9.652021408081055,10.724013328552246,3.352182388305664,1,178,1,119,0.34195402298850575,2.0,178,0.0,0,0.0,0,0.0,0,0.0,0,5
SH,FVD,17,679,546,546,54.6,0.2506732642650604,0.32756322622299194,1.6160674095153809,2.088402271270752,0.39495885372161865,0,-1,1,137,0.2509157509157509,2.0,546,1.5821434259414673,0,0.0,0,0.0,0,7.557361602783203,1,6
SH,FVD,17,680,555,555,55.5,0.44226235151290894,0.5873444080352783,9.42635440826416,10.665082931518555,2.8909754753112793,1,118,1,118,0.2126126126126126,2.0,118,0.0,0,0.0,0,0.0,0,0.0,2,7
SH,FVD,17,681,295,295,29.5,0.22449064254760742,0.2815808355808258,2.486142158508301,3.0626237392425537,0.2868439257144928,0,-1,1,65,0.22033898305084745,2.0,295,1.6794984340667725,0,0.0,0,0.0,0,7.888063430786133,2,7
SH,FVD,17,682,156,156,15.600000000000001,0.3369271159172058,0.4183191955089569,2.1042659282684326,2.36350679397583,0.7599676847457886,1,126,1,126,0.8076923076923077,2.0,126,0.0,0,0.0,0,0.0,0,0.0,2,7
SH,FVD,17,683,696,696,69.60000000000001,0.2784520387649536,0.46475234627723694,3.96506929397583,5.250255584716797,0.8432522416114807,0,-1,1,40,0.05747126436781609,2.0,696,1.7897557020187378,0,0.0,0,0.0,0,16.3574275970459,2,7
SH,FVD,17,684,692,692,69.2,0.25198885798454285,0.30839356780052185,9.73624038696289,11.720962524414062,0.49982330203056335,0,-1,1,194,0.28034682080924855,2.0,692,0.5976472496986389,0,0.0,0,0.0,0,2.612701654434204,0,5
SH,FVD,17,685,261,261,26.1,0.393241822719574,0.4597588777542114,1.897757649421692,2.1217315196990967,0.5199167728424072,0,-1,0,0,0.0,2.0,261,2.3225903511047363,0,0.0,0,0.0,0,3.4092910289764404,0,5
SH,FVD,17,686,255,255,25.5,0.34769144654273987,0.43044930696487427,10.199108123779297,11.792778015136719,1.3632148504257202,0,-1,1,8,0.03137254901960784,2.0,255,1.5842257738113403,0,0.0,0,0.0,0,1.6137086153030396,0,5
SH,FVD,17,687,234,234,23.400000000000002,0.29052498936653137,0.3711080551147461,3.6552321910858154,4.501612186431885,1.1861673593521118,1,151,1,151,0.6452991452991453,2.0,151,0.0,0,0.0,0,0.0,0,0.0,2,7
SH,FVD,17,688,435,435,43.5,0.4412027895450592,0.5559321045875549,9.124982833862305,10.07007122039795,4.069647789001465,1,91,1,77,0.17701149425287357,2.0,91,0.0,0,0.0,0,0.0,0,0.0,2,7
SH,FVD,17,689,156,156,15.600000000000001,0.4916398823261261,0.6400879621505737,2.0711991786956787,2.6124825477600098,0.5703755617141724,0,-1,1,13,0.08333333333333333,2.0,156,1.6739248037338257,0,0.0,0,0.0,0,3.4360909461975098,0,5
SH,FVD,17,690,144,144,14.4,0.587375283241272,0.8683696389198303,2.4069225788116455,2.803816556930542,0.8912546634674072,1,115,1,113,0.7847222222222222,2.0,115,0.0,0,0.0,0,0.0,0,0.0,1,6
SH,FVD,17,691,238,238,23.8,0.686393678188324,0.9123223423957825,4.036834239959717,4.646335601806641,1.0364868640899658,0,-1,1,32,0.13445378151260504,2.0,238,1.6839536428451538,0,0.0,0,0.0,0,4.370522975921631,2,7
SH,FVD,17,692,496,496,49.6,0.3970508575439453,0.5612064599990845,4.3384623527526855,5.141523361206055,0.7851771712303162,0,-1,1,31,0.0625,2.0,496,1.8274428844451904,0,0.0,0,0.0,0,5.840256690979004,0,5
SH,FVD,17,693,514,514,51.400000000000006,0.2517569363117218,0.34209465980529785,3.6217691898345947,4.186061859130859,0.42577558755874634,0,-1,1,42,0.08171206225680934,2.0,514,1.8212611675262451,0,0.0,0,0.0,0,2.38742995262146,0,5
SH,FVD,17,694,133,133,13.3,0.21484631299972534,0.22713539004325867,5.330231189727783,7.321653366088867,1.3306071758270264,0,-1,0,0,0.0,2.0,133,2.6505656242370605,0,0.0,0,0.0,0,88.10838317871094,0,5
SH,FVD,17,695,1142,1142,114.2,0.34141871333122253,0.4130089282989502,5.472520351409912,6.433436393737793,0.6250520348548889,0,-1,1,1137,0.9956217162872154,2.0,1142,1.1008057594299316,0,0.0,0,0.0,0,6.253457069396973,2,7
SH,FVD,17,696,175,175,17.5,0.2034776359796524,0.2710290849208832,3.602677583694458,4.289439678192139,0.41749975085258484,0,-1,0,0,0.0,2.0,175,2.36433482170105,0,0.0,0,0.0,0,2.1558048725128174,2,7
SH,FVD,17,697,517,517,51.7,0.13973000645637512,0.18465833365917206,5.104506015777588,6.3047709465026855,0.2807970643043518,0,-1,1,236,0.4564796905222437,2.0,517,0.17006134986877441,0,0.0,0,0.0,0,0.41935256123542786,2,7
SH,FVD,17,698,862,862,86.2,0.36394283175468445,0.5012123584747314,3.9564049243927,4.651847839355469,0.8819225430488586,1,752,1,58,0.06728538283062645,2.0,752,0.0,0,0.0,0,0.0,0,0.0,0,5
SH,FVD,17,699,326,326,32.6,0.3891821503639221,0.5375121235847473,4.4711222648620605,4.956324100494385,1.2352904081344604,1,154,1,117,0.3588957055214724,2.0,154,0.0,0,0.0,0,0.0,0,0.0,2,7
SH,FVD,17,700,217,217,21.700000000000003,0.6180318593978882,0.7361610531806946,5.012113571166992,6.090483665466309,1.4964957237243652,1,144,1,144,0.663594470046083,2.0,144,0.0,0,0.0,0,0.0,0,0.0,0,5
SH,FVD,17,701,132,132,13.200000000000001,0.2772958278656006,0.3285817503929138,1.6316202878952026,2.1836235523223877,0.7372593283653259,0,-1,1,108,0.8181818181818182,2.0,132,0.9889042377471924,0,0.0,0,0.0,0,4.830743789672852,1,6
SH,FVD,17,702,220,220,22.0,0.24853114783763885,0.29800403118133545,3.263188123703003,3.8005058765411377,0.5301240682601929,0,-1,0,0,0.0,2.0,220,2.547351837158203,0,0.0,0,0.0,0,5.429920196533203,2,7
SH,FVD,17,703,191,191,19.1,0.5248580574989319,0.6091824769973755,6.4664506912231445,7.713918209075928,1.2050302028656006,1,129,1,37,0.193717277486911,2.0,129,0.0,0,0.0,0,0.0,0,0.0,0,5
SH,FVD,17,704,169,169,16.900000000000002,0.36108607053756714,0.43708834052085876,5.245657444000244,6.618088245391846,0.6983954310417175,0,-1,1,125,0.7396449704142012,2.0,169,1.3610705137252808,0,0.0,0,0.0,0,6.377745151519775,0,5
SH,FVD,17,705,144,144,14.4,0.3838043212890625,0.524516224861145,3.434892416000366,3.9994359016418457,1.78117036819458,1,93,1,93,0.6458333333333334,2.0,93,0.0,0,0.0,0,0.0,0,0.0,2,7
SH,FVD,17,706,224,224,22.400000000000002,0.11695345491170883,0.15030311048030853,1.3968826532363892,1.5636556148529053,0.3008940517902374,0,-1,1,224,1.0,2.0,224,0.6242277026176453,0,0.0,0,0.0,0,10.500513076782227,0,5
SH,FVD,17,707,199,199,19.900000000000002,0.3051029145717621,0.3791569173336029,5.542178630828857,6.744740009307861,0.5795753002166748,0,-1,1,199,1.0,2.0,199,0.556442379951477,0,0.0,0,0.0,0,9.602065086364746,2,7
SH,FVD,17,708,148,148,14.8,0.5681599378585815,0.6884588003158569,3.8541038036346436,5.044519424438477,1.2286739349365234,1,134,1,134,0.9054054054054054,2.0,134,0.0,0,0.0,0,0.0,0,0.0,1,6
SH,FVD,17,709,273,273,27.3,0.14798450469970703,0.18766388297080994,3.0290749073028564,3.3525025844573975,0.30785003304481506,0,-1,1,273,1.0,2.0,273,0.41743597388267517,0,0.0,0,0.0,0,6.559944152832031,0,5
SH,FVD,17,710,317,317,31.700000000000003,0.1966610848903656,0.2712714672088623,13.207137107849121,15.087414741516113,1.0719162225723267,1,309,1,309,0.9747634069400631,2.0,309,0.0,0,0.0,0,0.0,0,0.0,2,7
SH,FVD,17,711,263,263,26.3,0.2564855217933655,0.35793522000312805,8.621536254882812,9.849056243896484,0.8218953609466553,0,-1,0,0,0.0,2.0,263,2.5174343585968018,0,0.0,0,0.0,0,9.822776794433594,1,6
SH,FVD,17,712,187,187,18.7,0.15539123117923737,0.21430635452270508,3.856414556503296,4.635254383087158,0.4752950072288513,0,-1,1,187,1.0,2.0,187,0.938066303730011,0,0.0,0,0.0,0,16.807266235351562,0,5
SH,FVD,17,713,226,226,22.6,0.2237081676721573,0.28353872895240784,3.9760921001434326,4.5478997230529785,0.5987885594367981,0,-1,1,121,0.5353982300884956,2.0,226,1.6586633920669556,0,0.0,0,0.0,0,33.96938705444336,2,7
SH,FVD,17,714,175,175,17.5,0.425118088722229,0.5228564143180847,2.54606032371521,2.8377089500427246,0.8221541047096252,0,-1,0,0,0.0,2.0,175,2.811936616897583,0,0.0,0,0.0,0,6.165225982666016,0,5
SH,FVD,17,715,260,260,26.0,0.13178318738937378,0.16118867695331573,3.5606727600097656,5.881911277770996,0.7853946685791016,0,-1,1,260,1.0,2.0,260,1.0137590169906616,0,0.0,0,0.0,0,19.69875144958496,1,6
SH,FVD,17,716,229,229,22.900000000000002,0.3646204173564911,0.5213565230369568,5.334437370300293,6.3996429443359375,2.1120846271514893,1,140,1,140,0.611353711790393,2.0,140,0.0,0,0.0,0,0.0,0,0.0,0,5
SH,FVD,17,717,138,138,13.8,0.2936185896396637,0.3506891429424286,2.166389226913452,2.642305612564087,0.7260726690292358,0,-1,1,138,1.0,2.0,138,1.2456597089767456,0,0.0,0,0.0,0,16.04501724243164,2,7
SH,FVD,17,718,221,221,22.1,0.4023825526237488,0.5378354787826538,3.6815378665924072,5.520431995391846,2.571302652359009,1,174,1,174,0.7873303167420814,2.0,174,0.0,0,0.0,0,0.0,0,0.0,0,5
SH,FVD,17,719,160,160,16.0,0.38585546612739563,0.5031011700630188,6.209496974945068,7.03994607925415,1.2013970613479614,0,-1,0,0,0.0,2.0,160,2.9157252311706543,0,0.0,0,0.0,0,6.733179092407227,0,5
SH,FVD,17,720,245,245,24.5,0.23961342871189117,0.28763696551322937,3.6591241359710693,4.607280731201172,0.4281165897846222,0,-1,1,245,1.0,2.0,245,0.4259440302848816,0,0.0,0,0.0,0,4.983011245727539,0,5
SH,FVD,17,721,296,296,29.6,0.3734023869037628,0.42711833119392395,11.271977424621582,12.467483520507812,0.866204023361206,0,-1,1,11,0.037162162162162164,2.0,296,1.663103461265564,0,0.0,0,0.0,0,3.1585958003997803,2,7
SH,FVD,17,722,148,148,14.8,0.34876638650894165,0.45597535371780396,3.017303466796875,3.4371793270111084,0.6910595893859863,0,-1,1,146,0.9864864864864865,2.0,148,0.9251245856285095,0,0.0,0,0.0,0,4.645167350769043,2,7
SH,FVD,17,723,259,259,25.900000000000002,0.3579999804496765,0.5381762981414795,30.76694107055664,36.82352066040039,2.758216619491577,0,-1,0,0,0.0,2.0,259,4.094945430755615,0,0.0,0,0.0,0,17.888343811035156,0,5
SH,FVD,17,724,174,174,17.400000000000002,0.3779277503490448,0.4370884597301483,6.817379951477051,7.935429096221924,0.8704774379730225,0,-1,0,0,0.0,2.0,174,3.2921535968780518,0,0.0,0,0.0,0,22.422327041625977,2,7
SH,FVD,17,725,427,427,42.7,0.3388185501098633,0.4240104556083679,3.2086055278778076,3.700082540512085,1.695077896118164,1,395,1,395,0.9250585480093677,2.0,395,0.0,0,0.0,0,0.0,0,0.0,1,6
SH,FVD,17,726,331,331,33.1,0.3223637640476227,0.4277459383010864,3.4897069931030273,4.513566493988037,0.5562528371810913,0,-1,0,0,0.0,2.0,331,2.0037152767181396,0,0.0,0,0.0,0,2.5844309329986572,1,6
SH,FVD,17,727,196,196,19.6,0.1832413524389267,0.21499787271022797,11.153404235839844,13.612625122070312,1.2170730829238892,0,-1,1,196,1.0,2.0,196,1.0282052755355835,0,0.0,0,0.0,0,13.633150100708008,1,6
SH,FVD,17,728,204,204,20.400000000000002,0.20819874107837677,0.240417942404747,4.405319690704346,5.1134538650512695,0.6345688104629517,0,-1,0,0,0.0,2.0,204,3.7377970218658447,0,0.0,0,0.0,0,35.87299346923828,2,7
SH,FVD,17,729,190,190,19.0,0.2882816195487976,0.4183988571166992,3.9253265857696533,4.2101521492004395,1.2804994583129883,1,45,1,38,0.2,2.0,45,0.0,0,0.0,0,0.0,0,0.0,0,5
SH,FVD,17,730,378,378,37.800000000000004,0.1784391701221466,0.2305188924074173,2.283064603805542,2.6251063346862793,0.33745378255844116,0,-1,1,378,1.0,2.0,378,0.7365654706954956,0,0.0,0,0.0,0,11.559220314025879,1,6
SH,FVD,17,731,251,251,25.1,0.23001202940940857,0.27846670150756836,12.024069786071777,13.366049766540527,0.8318279981613159,0,-1,1,251,1.0,2.0,251,1.0460379123687744,0,0.0,0,0.0,0,17.76712989807129,0,5
SH,FVD,17,732,257,257,25.700000000000003,0.14767852425575256,0.201509490609169,3.7092349529266357,4.87062931060791,0.393062561750412,0,-1,1,96,0.3735408560311284,2.0,257,0.767464280128479,0,0.0,0,0.0,0,5.671916961669922,2,7
SH,FVD,17,733,471,471,47.1,0.14727509021759033,0.2007419914007187,18.171754837036133,24.21894073486328,1.1517497301101685,0,-1,0,0,0.0,2.0,471,2.7084689140319824,0,0.0,0,0.0,0,55.169761657714844,2,7
SH,FVD,17,734,160,160,16.0,0.21973749995231628,0.2688365578651428,1.892946481704712,2.317160129547119,0.3083871006965637,0,-1,0,0,0.0,2.0,160,2.522477388381958,0,0.0,0,0.0,0,19.618371963500977,1,6
SH,FVD,17,735,379,379,37.9,0.26026302576065063,0.31196436285972595,10.530817985534668,12.143475532531738,0.9506511688232422,0,-1,0,0,0.0,2.0,379,2.8728528022766113,0,0.0,0,0.0,0,22.546369552612305,2,7
SH,FVD,17,736,134,134,13.4,0.3180660903453827,0.3855609595775604,2.5644547939300537,2.907687187194824,0.5227141380310059,0,-1,1,134,1.0,2.0,134,1.4308645725250244,0,0.0,0,0.0,0,6.1847968101501465,1,6
SH,FVD,17,737,139,139,13.9,0.21445810794830322,0.2584019601345062,4.942276477813721,6.174130439758301,0.8581005930900574,0,-1,1,139,1.0,2.0,139,0.657337486743927,0,0.0,0,0.0,0,17.40311622619629,1,6
SH,FVD,17,738,454,454,45.400000000000006,0.3041036128997803,0.3866090774536133,4.811926364898682,6.092340469360352,0.7499686479568481,0,-1,1,454,1.0,2.0,454,0.706834077835083,0,0.0,0,0.0,0,12.501455307006836,2,7
SH,FVD,17,739,340,340,34.0,0.3183019161224365,0.3877807557582855,5.59844446182251,6.038974285125732,0.5487967729568481,0,-1,0,0,0.0,2.0,340,4.4992852210998535,0,0.0,0,0.0,0,6.3024187088012695,1,6
SH,FVD,17,740,317,317,31.700000000000003,0.42024973034858704,0.531770646572113,13.578863143920898,16.16693115234375,1.9185032844543457,0,-1,0,0,0.0,2.0,317,3.140275478363037,0,0.0,0,0.0,0,3.35361909866333,0,5
SH,FVD,17,741,190,190,19.0,0.40428832173347473,0.5535452961921692,1.4538071155548096,1.661027193069458,0.46013006567955017,0,-1,1,190,1.0,2.0,190,0.9171701669692993,0,0.0,0,0.0,0,3.9093291759490967,1,6
SH,FVD,17,742,369,369,36.9,0.16788630187511444,0.21413443982601166,5.1304755210876465,6.8115692138671875,0.6856460571289062,0,-1,1,369,1.0,2.0,369,1.5150015354156494,0,0.0,0,0.0,0,36.80320739746094,0,5
SH,FVD,17,743,142,142,14.200000000000001,0.2072533220052719,0.26562148332595825,5.6324076652526855,6.6578545570373535,0.9126660823822021,0,-1,0,0,0.0,2.0,142,2.6304893493652344,0,0.0,0,0.0,0,6.131872653961182,2,7
SH,FVD,17,744,140,140,14.0,0.5889894962310791,0.7672489881515503,4.368687152862549,5.8688130378723145,1.9089187383651733,1,94,1,94,0.6714285714285714,2.0,94,0.0,0,0.0,0,0.0,0,0.0,2,7
SH,FVD,17,745,508,508,50.800000000000004,0.41688188910484314,0.6189337968826294,6.4859466552734375,7.746694564819336,1.0180394649505615,1,491,1,185,0.3641732283464567,2.0,491,0.0,0,0.0,0,0.0,0,0.0,0,5
SH,FVD,17,746,231,231,23.1,0.14566779136657715,0.17004433274269104,8.990012168884277,11.532832145690918,0.8248111605644226,0,-1,1,231,1.0,2.0,231,1.585251808166504,0,0.0,0,0.0,0,28.915103912353516,2,7
SH,FVD,17,747,248,248,24.8,0.40082648396492004,0.5279405117034912,3.1594700813293457,3.6682465076446533,1.0683766603469849,1,223,1,103,0.4153225806451613,2.0,223,0.0,0,0.0,0,0.0,0,0.0,2,7
SH,FVD,17,748,589,589,58.900000000000006,0.22812192142009735,0.27982234954833984,6.205525875091553,9.689920425415039,0.7901778221130371,0,-1,1,374,0.634974533106961,2.0,589,1.162516713142395,0,0.0,0,0.0,0,24.49504852294922,1,6
SH,FVD,17,749,143,143,14.3,0.18326117098331451,0.233101025223732,3.125288963317871,4.592414855957031,0.8905712366104126,0,-1,1,112,0.7832167832167832,2.0,143,1.8060041666030884,0,0.0,0,0.0,0,22.932279586791992,1,6
SH,FVD,17,750,147,147,14.700000000000001,0.4347892701625824,0.7078580856323242,1.7687089443206787,2.3094851970672607,0.9096837639808655,1,112,1,112,0.7619047619047619,2.0,112,0.0,0,0.0,0,0.0,0,0.0,0,5
SH,FVD,17,751,132,132,13.200000000000001,0.401328444480896,0.4579316973686218,2.173515558242798,2.410440444946289,0.49679750204086304,0,-1,1,84,0.6363636363636364,2.0,132,1.3874861001968384,0,0.0,0,0.0,0,5.265848159790039,2,7
SH,FVD,17,752,162,162,16.2,0.45188790559768677,0.5340513586997986,4.219058513641357,5.380802154541016,1.9339615106582642,1,153,1,153,0.9444444444444444,2.0,153,0.0,0,0.0,0,0.0,0,0.0,1,6
SH,FVD,17,753,213,213,21.3,0.37639638781547546,0.4826335608959198,1.875159740447998,2.369140863418579,0.4461170732975006,0,-1,0,0,0.0,2.0,213,2.928471088409424,0,0.0,0,0.0,0,4.138681888580322,2,7
SH,FVD,17,754,476,476,47.6,0.24482733011245728,0.3525083363056183,2.791743516921997,3.8335213661193848,0.4673619568347931,0,-1,1,416,0.8739495798319328,2.0,476,1.1784945726394653,0,0.0,0,0.0,0,6.340358257293701,1,6
SH,FVD,17,755,357,357,35.7,0.391757994890213,0.4672369360923767,4.360733509063721,5.508705139160156,0.8953810334205627,0,-1,0,0,0.0,2.0,357,2.35465407371521,0,0.0,0,0.0,0,6.250020503997803,2,7
SH,FVD,17,756,131,131,13.100000000000001,0.3461410403251648,0.37230125069618225,9.849092483520508,13.25822639465332,2.2055981159210205,0,-1,1,131,1.0,2.0,131,1.2871791124343872,0,0.0,0,0.0,0,41.138671875,2,7
SH,FVD,17,757,140,140,14.0,0.866931676864624,1.0328338146209717,7.656095504760742,9.268698692321777,2.3520801067352295,1,86,1,48,0.34285714285714286,2.0,86,0.0,0,0.0,0,0.0,0,0.0,0,5
SH,FVD,17,758,171,171,17.1,0.19466489553451538,0.24585986137390137,4.574835300445557,5.4041523933410645,0.5967450737953186,0,-1,1,47,0.27485380116959063,2.0,171,1.1043510437011719,0,0.0,0,0.0,0,4.2404398918151855,2,7
SH,FVD,17,759,305,305,30.5,0.3314736485481262,0.4411289095878601,2.279304265975952,2.6547505855560303,1.0510836839675903,1,184,1,184,0.6032786885245902,2.0,184,0.0,0,0.0,0,0.0,0,0.0,2,7
SH,FVD,17,760,407,407,40.7,0.2746276557445526,0.3254523277282715,13.262438774108887,14.2952241897583,0.7991803884506226,0,-1,0,0,0.0,2.0,407,2.1004459857940674,0,0.0,0,0.0,0,29.533491134643555,2,7
SH,FVD,17,761,167,167,16.7,0.5341518521308899,0.6606122255325317,1.0855597257614136,1.3863441944122314,0.8846960663795471,1,143,1,143,0.8562874251497006,2.0,143,0.0,0,0.0,0,0.0,0,0.0,2,7
SH,FVD,17,762,236,236,23.6,0.29832956194877625,0.366880863904953,6.7667436599731445,7.826791763305664,0.6999804973602295,0,-1,1,70,0.2966101694915254,2.0,236,1.9712915420532227,0,0.0,0,0.0,0,34.724124908447266,2,7
SH,FVD,17,763,311,311,31.1,0.3716699481010437,0.5100314021110535,3.4882149696350098,4.571043014526367,0.6918004751205444,1,283,1,165,0.5305466237942122,2.0,283,0.0,0,0.0,0,0.0,0,0.0,0,5
SH,FVD,17,764,195,195,19.5,0.35123783349990845,0.4702484905719757,2.1476211547851562,2.541640281677246,0.5993368029594421,0,-1,1,89,0.4564102564102564,2.0,195,1.2616496086120605,0,0.0,0,0.0,0,2.822479009628296,1,6
SH,FVD,17,765,516,516,51.6,0.20429252088069916,0.2688879072666168,2.6877617835998535,3.099374532699585,1.5022944211959839,1,308,1,308,0.5968992248062015,2.0,308,0.0,0,0.0,0,0.0,0,0.0,2,7
SH,FVD,17,766,138,138,13.8,0.23348665237426758,0.2784109115600586,2.7802295684814453,3.109369993209839,0.5018433928489685,0,-1,0,0,0.0,2.0,138,2.485609769821167,0,0.0,0,0.0,0,8.523582458496094,0,5
SH,FVD,17,767,175,175,17.5,0.25811001658439636,0.34365490078926086,8.972807884216309,11.394559860229492,1.230802297592163,0,-1,1,31,0.17714285714285713,2.0,175,1.565683126449585,0,0.0,0,0.0,0,18.665334701538086,1,6
SH,FVD,17,768,143,143,14.3,0.26243340969085693,0.3180147409439087,3.3606767654418945,5.120388984680176,0.9693183302879333,0,-1,0,0,0.0,2.0,143,4.259279727935791,0,0.0,0,0.0,0,38.389488220214844,2,7
SH,FVD,17,769,194,194,19.400000000000002,0.2771743834018707,0.30969831347465515,4.101567268371582,5.469263076782227,0.9592947363853455,0,-1,1,135,0.6958762886597938,2.0,194,1.6542497873306274,0,0.0,0,0.0,0,32.8791618347168,0,5
SH,FVD,17,770,218,218,21.8,0.23758654296398163,0.29502782225608826,7.479121685028076,9.286669731140137,1.0278854370117188,0,-1,0,0,0.0,2.0,218,3.0819647312164307,0,0.0,0,0.0,0,40.53616714477539,2,7
SH,FVD,17,771,132,132,13.200000000000001,0.29395338892936707,0.38375934958457947,6.961526393890381,8.161697387695312,1.042421579360962,0,-1,0,0,0.0,2.0,132,2.4036715030670166,0,0.0,0,0.0,0,9.294166564941406,0,5
SH,FVD,17,772,566,566,56.6,0.29249417781829834,0.38996681571006775,5.526297092437744,6.616842269897461,1.2792764902114868,1,337,1,288,0.508833922261484,2.0,337,0.0,0,0.0,0,0.0,0,0.0,1,6
SH,FVD,17,773,454,454,45.400000000000006,0.22423261404037476,0.3005000054836273,4.334185600280762,5.706665515899658,0.7678486108779907,1,383,1,383,0.8436123348017621,2.0,383,0.0,0,0.0,0,0.0,0,0.0,0,5
SH,FVD,17,774,192,192,19.200000000000003,0.15917478501796722,0.19028137624263763,4.076406002044678,4.4165520668029785,0.40599361062049866,0,-1,0,0,0.0,2.0,192,2.147526741027832,0,0.0,0,0.0,0,32.492427825927734,1,6
SH,FVD,17,775,427,427,42.7,0.2543698251247406,0.33153069019317627,9.149052619934082,10.696585655212402,0.5445302724838257,0,-1,1,244,0.5714285714285714,2.0,427,1.1277328729629517,0,0.0,0,0.0,0,29.262149810791016,0,5
SH,FVD,17,776,338,338,33.800000000000004,0.37059760093688965,0.4785152077674866,12.216867446899414,13.760538101196289,6.774427890777588,1,91,1,91,0.2692307692307692,2.0,91,0.0,0,0.0,0,0.0,0,0.0,2,7
SH,FVD,17,777,142,142,14.200000000000001,0.36122989654541016,0.4310460388660431,1.6643939018249512,1.853947401046753,0.416219562292099,0,-1,0,0,0.0,2.0,142,2.123626232147217,0,0.0,0,0.0,0,5.32824182510376,0,5
SH,FVD,17,778,417,417,41.7,0.3309539258480072,0.425104022026062,2.714759349822998,3.6240437030792236,0.6261500120162964,1,401,1,38,0.09112709832134293,2.0,401,0.0,0,0.0,0,0.0,0,0.0,0,5
SH,FVD,17,779,183,183,18.3,0.35937920212745667,0.660502016544342,5.461869716644287,6.814120769500732,0.7952529788017273,0,-1,0,0,0.0,2.0,183,3.0709502696990967,0,0.0,0,0.0,0,6.7783918380737305,1,6
SH,FVD,17,780,426,426,42.6,0.2957153916358948,0.40646252036094666,1.5706640481948853,2.1120474338531494,0.5412185192108154,1,424,1,223,0.5234741784037559,2.0,424,0.0,0,0.0,0,0.0,0,0.0,1,6
SH,FVD,17,781,184,184,18.400000000000002,0.17727772891521454,0.2191918045282364,3.102163791656494,4.453159332275391,0.6416958570480347,0,-1,1,23,0.125,2.0,184,1.7869774103164673,0,0.0,0,0.0,0,48.471988677978516,2,7
SH,FVD,17,782,533,533,53.300000000000004,0.34431588649749756,0.4494515359401703,3.8509161472320557,4.827971458435059,0.7165120840072632,1,450,1,207,0.3883677298311445,2.0,450,0.0,0,0.0,0,0.0,0,0.0,2,7
SH,FVD,17,783,202,202,20.200000000000003,0.18554902076721191,0.24315233528614044,3.86802077293396,4.5930352210998535,0.6296332478523254,0,-1,1,97,0.4801980198019802,2.0,202,1.621705412864685,0,0.0,0,0.0,0,35.976383209228516,1,6
SH,FVD,17,784,317,317,31.700000000000003,0.3310110569000244,0.4405014216899872,11.750761985778809,13.858656883239746,1.491188645362854,1,312,1,34,0.10725552050473186,2.0,312,0.0,0,0.0,0,0.0,0,0.0,1,6
SH,FVD,17,785,316,316,31.6,0.5374264717102051,0.7294884324073792,5.257127285003662,5.940291404724121,0.954060971736908,0,-1,1,175,0.5537974683544303,2.0,316,1.275396466255188,0,0.0,0,0.0,0,5.829181671142578,0,5
SH,FVD,17,786,168,168,16.8,0.2644595801830292,0.33221760392189026,2.3563101291656494,2.768461227416992,0.6359933614730835,0,-1,1,21,0.125,2.0,168,0.6739760637283325,0,0.0,0,0.0,0,1.3049712181091309,1,6
SH,FVD,17,787,212,212,21.200000000000003,0.35156112909317017,0.4184902310371399,2.1096277236938477,2.8687870502471924,0.6788212060928345,0,-1,0,0,0.0,2.0,212,3.791602373123169,0,0.0,0,0.0,0,3.422091245651245,2,7
SH,FVD,17,788,138,138,13.8,0.6702246069908142,0.7885169982910156,14.002875328063965,16.067832946777344,2.909428358078003,1,109,1,109,0.7898550724637681,2.0,109,0.0,0,0.0,0,0.0,0,0.0,1,6
SH,FVD,17,789,383,383,38.300000000000004,0.2235579788684845,0.28348782658576965,5.400335788726807,6.206186294555664,0.5468659400939941,0,-1,0,0,0.0,2.0,383,2.8482048511505127,0,0.0,0,0.0,0,9.440975189208984,1,6
SH,FVD,17,790,776,776,77.60000000000001,0.4319712817668915,0.5893000960350037,13.253352165222168,14.275290489196777,5.882163047790527,1,87,1,44,0.05670103092783505,2.0,87,0.0,0,0.0,0,0.0,0,0.0,0,5
SH,FVD,17,791,515,515,51.5,0.322965532541275,0.41717904806137085,5.148743629455566,6.083260536193848,0.8226093053817749,0,-1,0,0,0.0,2.0,515,2.4002389907836914,0,0.0,0,0.0,0,6.95810079574585,1,6
SH,FVD,17,792,153,153,15.3,0.7469647526741028,0.9876040816307068,4.794030666351318,7.474918842315674,1.4688410758972168,0,-1,0,0,0.0,2.0,153,3.940012216567993,0,0.0,0,0.0,0,26.722402572631836,1,6
SH,FVD,17,793,573,573,57.300000000000004,0.24292096495628357,0.29909205436706543,17.01949119567871,18.898696899414062,1.0051836967468262,0,-1,1,23,0.04013961605584642,2.0,573,1.512413740158081,0,0.0,0,0.0,0,2.8842685222625732,2,7
SH,FVD,17,794,363,363,36.300000000000004,0.30612343549728394,0.41320911049842834,4.734537601470947,5.669320583343506,0.5874512791633606,0,-1,1,363,1.0,2.0,363,0.9232587814331055,0,0.0,0,0.0,0,7.8527512550354,0,5
SH,FVD,17,795,201,201,20.1,0.28125879168510437,0.3538792133331299,5.089383602142334,5.917403221130371,0.7315154075622559,0,-1,0,0,0.0,2.0,201,5.451591968536377,0,0.0,0,0.0,0,9.237509727478027,0,5
SH,FVD,17,796,400,400,40.0,0.35915154218673706,0.4896683990955353,4.1958208084106445,5.815793991088867,0.745557963848114,0,-1,0,0,0.0,2.0,400,2.650566339492798,0,0.0,0,0.0,0,12.957667350769043,2,7
SH,FVD,17,797,143,143,14.3,0.48875993490219116,0.5660088658332825,6.19710636138916,6.834377765655518,0.9846975803375244,1,99,1,28,0.1958041958041958,2.0,99,0.0,0,0.0,0,0.0,0,0.0,0,5
SH,FVD,17,798,335,335,33.5,0.17851665616035461,0.22976012527942657,11.547179222106934,14.904915809631348,0.8298982977867126,0,-1,0,0,0.0,2.0,335,2.955474376678467,0,0.0,0,0.0,0,2.557499885559082,0,5
SH,FVD,17,799,454,454,45.400000000000006,0.45628049969673157,0.5449221730232239,13.254450798034668,16.26969337463379,7.355415344238281,1,177,1,177,0.3898678414096916,2.0,177,0.0,0,0.0,0,0.0,0,0.0,1,6
SH,FVD,17,800,135,135,13.5,0.2612418532371521,0.3358561396598816,1.115710735321045,1.3507659435272217,0.5027307271957397,0,-1,1,135,1.0,2.0,135,0.5427684783935547,0,0.0,0,0.0,0,5.759038925170898,0,5
SH,FVD,17,801,158,158,15.8,0.1414804905653,0.19410668313503265,1.0666569471359253,1.4772082567214966,0.3427935242652893,0,-1,1,95,0.6012658227848101,2.0,158,1.3518472909927368,0,0.0,0,0.0,0,37.1421012878418,0,5
SH,FVD,17,802,172,172,17.2,0.3043191432952881,0.3887934684753418,11.514893531799316,13.651678085327148,1.2005506753921509,0,-1,0,0,0.0,2.0,172,2.1896543502807617,0,0.0,0,0.0,0,27.891063690185547,1,6
SH,FVD,17,803,139,139,13.9,0.6309236288070679,0.8033934235572815,5.542537689208984,6.774463653564453,1.7863508462905884,1,135,1,32,0.2302158273381295,2.0,135,0.0,0,0.0,0,0.0,0,0.0,2,7
SH,FVD,17,804,162,162,16.2,0.45931804180145264,0.6171940565109253,3.817255735397339,5.413083553314209,0.8441883325576782,0,-1,1,162,1.0,2.0,162,0.4916033446788788,0,0.0,0,0.0,0,6.666060924530029,2,7
SH,FVD,17,805,133,133,13.3,0.6397848725318909,1.092491865158081,5.387198448181152,6.655331611633301,1.6087881326675415,0,-1,0,0,0.0,2.0,133,2.0572614669799805,0,0.0,0,0.0,0,32.80556869506836,1,6
SH,FVD,17,806,333,333,33.300000000000004,0.24133054912090302,0.3151615560054779,3.1565167903900146,3.5558815002441406,0.3380453288555145,0,-1,0,0,0.0,2.0,333,2.932832717895508,0,0.0,0,0.0,0,5.932259559631348,1,6
SH,FVD,17,807,592,592,59.2,0.3370703160762787,0.45860201120376587,4.244459629058838,4.8006486892700195,1.7351797819137573,1,94,1,60,0.10135135135135136,2.0,94,0.0,0,0.0,0,0.0,0,0.0,2,7
SH,FVD,17,808,171,171,17.1,0.4228411316871643,0.5107105374336243,5.888247489929199,6.67585563659668,0.7235488295555115,0,-1,1,24,0.14035087719298245,2.0,171,1.528944730758667,0,0.0,0,0.0,0,4.732212543487549,0,5
SH,FVD,17,809,199,199,19.900000000000002,0.33598604798316956,0.45034554600715637,2.638219118118286,3.296945095062256,0.5414645075798035,0,-1,1,162,0.8140703517587939,2.0,199,0.8252719640731812,0,0.0,0,0.0,0,1.5765655040740967,0,5
SH,FVD,17,810,519,519,51.900000000000006,0.2885206639766693,0.3741714060306549,3.238955497741699,3.7728328704833984,0.626373827457428,1,497,1,43,0.08285163776493257,2.0,497,0.0,0,0.0,0,0.0,0,0.0,0,5
SH,FVD,17,811,226,226,22.6,0.407051146030426,0.6308549046516418,8.365131378173828,9.770369529724121,1.5156828165054321,1,81,1,81,0.3584070796460177,2.0,81,0.0,0,0.0,0,0.0,0,0.0,0,5
SH,FVD,17,812,441,441,44.1,0.43776023387908936,0.6086529493331909,5.820791244506836,6.439553260803223,2.8474912643432617,1,165,1,165,0.3741496598639456,2.0,165,0.0,0,0.0,0,0.0,0,0.0,1,6
SH,FVD,17,813,221,221,22.1,0.4776135981082916,0.6132646799087524,4.851984977722168,5.893303871154785,2.795085906982422,1,98,1,98,0.4434389140271493,2.0,98,0.0,0,0.0,0,0.0,0,0.0,1,6
SH,FVD,17,814,134,134,13.4,0.30617114901542664,0.35213997960090637,1.252334475517273,1.5849010944366455,0.7020354270935059,0,-1,0,0,0.0,2.0,134,2.9243223667144775,0,0.0,0,0.0,0,6.106483459472656,2,7
SH,FVD,17,815,178,178,17.8,0.6797913312911987,0.8209543228149414,3.8683176040649414,4.839925289154053,1.7009605169296265,0,-1,0,0,0.0,2.0,178,2.2222096920013428,0,0.0,0,0.0,0,11.803377151489258,0,5
SH,FVD,17,816,242,242,24.200000000000003,0.1234646737575531,0.1848042607307434,2.9140307903289795,4.904499530792236,0.5227358341217041,0,-1,1,94,0.3884297520661157,2.0,242,1.4670913219451904,0,0.0,0,0.0,0,40.91799545288086,0,5
SH,FVD,17,817,147,147,14.700000000000001,0.33272573351860046,0.41700026392936707,6.0902557373046875,7.2924394607543945,1.0032860040664673,0,-1,1,6,0.04081632653061224,2.0,147,1.938451886177063,0,0.0,0,0.0,0,5.129065990447998,1,6
SH,FVD,17,818,580,580,58.0,0.2870336174964905,0.351458877325058,7.015138626098633,7.425394535064697,0.5032290816307068,0,-1,0,0,0.0,2.0,580,2.44602370262146,0,0.0,0,0.0,0,8.450419425964355,0,5
SH,FVD,17,819,158,158,15.8,0.1928916722536087,0.25320136547088623,2.924241542816162,3.275398015975952,0.3949890732765198,0,-1,1,158,1.0,2.0,158,1.346386432647705,0,0.0,0,0.0,0,25.054393768310547,1,6
SH,FVD,17,820,351,351,35.1,0.36765846610069275,0.44230303168296814,14.44542121887207,15.460687637329102,0.9852878451347351,0,-1,0,0,0.0,2.0,351,2.8054468631744385,0,0.0,0,0.0,0,8.41779899597168,2,7
SH,FVD,17,821,170,170,17.0,0.3527044951915741,0.465925008058548,9.161125183105469,10.926643371582031,1.1894701719284058,0,-1,0,0,0.0,2.0,170,3.9566714763641357,0,0.0,0,0.0,0,10.50395393371582,0,5
SH,FVD,17,822,236,236,23.6,0.40680426359176636,0.5264565944671631,4.069799423217773,6.5097479820251465,0.7595921754837036,0,-1,1,164,0.6949152542372882,2.0,236,0.5549852252006531,0,0.0,0,0.0,0,1.922667384147644,0,5
SH,FVD,17,823,192,192,19.200000000000003,0.4039590358734131,0.49991297721862793,7.537930965423584,9.045315742492676,0.8504965305328369,0,-1,0,0,0.0,2.0,192,2.174604892730713,0,0.0,0,0.0,0,5.994167804718018,2,7
SH,FVD,17,824,147,147,14.700000000000001,0.27628472447395325,0.33520033955574036,3.028693675994873,3.5019571781158447,0.6955133676528931,0,-1,0,0,0.0,2.0,147,2.2120773792266846,0,0.0,0,0.0,0,4.017385005950928,2,7
SH,FVD,17,825,1253,1253,125.30000000000001,0.2650890648365021,0.3270045518875122,11.361007690429688,12.316384315490723,10.396979331970215,1,243,1,243,0.19393455706304868,2.0,243,0.0,0,0.0,0,0.0,0,0.0,0,5
SH,FVD,17,826,155,155,15.5,0.17492203414440155,0.2172941416501999,0.3869783580303192,0.4550533890724182,0.23706980049610138,0,-1,0,0,0.0,2.0,155,3.6259400844573975,0,0.0,0,0.0,0,3.051248550415039,0,5
SH,FVD,17,827,258,258,25.8,0.357197642326355,0.4557684063911438,1.4730850458145142,1.9754784107208252,0.6138336658477783,0,-1,1,142,0.5503875968992248,2.0,258,1.3056014776229858,0,0.0,0,0.0,0,9.10510540008545,2,7
SH,FVD,17,828,202,202,20.200000000000003,0.1363140344619751,0.1807033121585846,0.2756879925727844,0.3054347038269043,0.14391344785690308,0,-1,1,202,1.0,2.0,202,0.8544531464576721,0,0.0,0,0.0,0,3.034588575363159,2,7
SH,FVD,17,829,132,132,13.200000000000001,0.3413946330547333,0.3886704444885254,2.3775973320007324,3.22792911529541,1.037108063697815,1,100,1,69,0.5227272727272727,2.0,100,0.0,0,0.0,0,0.0,0,0.0,1,6
SH,FVD,17,830,143,143,14.3,0.2604276239871979,0.3007219135761261,1.6701604127883911,2.1011202335357666,0.48626580834388733,0,-1,1,143,1.0,2.0,143,0.609664261341095,0,0.0,0,0.0,0,10.008474349975586,1,6
SH,FVD,17,831,144,144,14.4,0.40541526675224304,0.5137394666671753,2.113642692565918,2.7285549640655518,0.7798773646354675,0,-1,1,130,0.9027777777777778,2.0,144,1.5967035293579102,0,0.0,0,0.0,0,8.15250015258789,0,5
SH,FVD,17,832,303,303,30.3,0.35831135511398315,0.4510068893432617,14.497086524963379,17.157573699951172,1.8065675497055054,0,-1,0,0,0.0,2.0,303,2.805353879928589,0,0.0,0,0.0,0,6.297485828399658,2,7
SH,FVD,17,833,149,149,14.9,0.2029510736465454,0.2513055205345154,1.0205246210098267,1.1156485080718994,0.36913320422172546,0,-1,0,0,0.0,2.0,149,2.5106608867645264,0,0.0,0,0.0,0,5.9066009521484375,2,7
SH,FVD,17,834,258,258,25.8,0.539139986038208,0.7024561762809753,15.061505317687988,16.799245834350586,1.652359127998352,0,-1,0,0,0.0,2.0,258,3.560755968093872,0,0.0,0,0.0,0,2.8316941261291504,0,5
SH,FVD,17,835,325,325,32.5,0.2512511909008026,0.38231968879699707,2.1653289794921875,2.612323522567749,0.784738302230835,1,177,1,177,0.5446153846153846,2.0,177,0.0,0,0.0,0,0.0,0,0.0,1,6
SH,FVD,17,836,433,433,43.300000000000004,0.2692497670650482,0.3477255702018738,6.879757404327393,8.857168197631836,0.7965326309204102,0,-1,1,93,0.21478060046189376,2.0,433,1.497997760772705,0,0.0,0,0.0,0,3.1200149059295654,2,7
SH,FVD,17,837,138,138,13.8,0.3553382158279419,0.4029926359653473,9.667860984802246,13.83169937133789,2.279726505279541,0,-1,0,0,0.0,2.0,138,3.0405499935150146,0,0.0,0,0.0,0,37.65102005004883,2,7
SH,FVD,17,838,345,345,34.5,0.2076403647661209,0.2709587514400482,3.2420034408569336,4.018191337585449,0.6883144378662109,0,-1,1,345,1.0,2.0,345,0.629989743232727,0,0.0,0,0.0,0,8.39510440826416,2,7
SH,FVD,17,839,276,276,27.6,0.6492981314659119,0.9409769773483276,10.376172065734863,11.7064847946167,7.440134048461914,1,78,1,78,0.2826086956521739,2.0,78,0.0,0,0.0,0,0.0,0,0.0,2,7
SH,FVD,17,840,441,441,44.1,0.36822015047073364,0.43726128339767456,14.012763977050781,16.58146095275879,1.334261178970337,0,-1,0,0,0.0,2.0,441,2.325194835662842,0,0.0,0,0.0,0,8.103575706481934,0,5
SH,FVD,17,841,330,330,33.0,0.6018480062484741,0.7858154773712158,4.062098503112793,4.7581963539123535,1.7786502838134766,1,168,1,53,0.1606060606060606,2.0,168,0.0,0,0.0,0,0.0,0,0.0,0,5
SH,FVD,17,842,176,176,17.6,0.16714449226856232,0.23325517773628235,3.1564252376556396,3.4157514572143555,0.383818119764328,0,-1,1,152,0.8636363636363636,2.0,176,1.6714400053024292,0,0.0,0,0.0,0,26.267847061157227,0,5
SH,FVD,17,843,322,322,32.2,0.41062068939208984,0.5257270336151123,3.9279375076293945,4.644032001495361,1.125170111656189,0,-1,1,52,0.16149068322981366,2.0,322,1.5030990839004517,0,0.0,0,0.0,0,4.160602569580078,1,6
SH,FVD,17,844,640,640,64.0,0.4033227860927582,0.4960700273513794,16.76211929321289,17.967649459838867,0.9043744802474976,0,-1,1,15,0.0234375,2.0,640,1.6330080032348633,0,0.0,0,0.0,0,3.8399791717529297,2,7
SH,FVD,17,845,463,463,46.300000000000004,0.4038262665271759,0.512414813041687,4.812425136566162,5.804520130157471,3.1398534774780273,1,45,1,45,0.09719222462203024,2.0,45,0.0,0,0.0,0,0.0,0,0.0,0,5
SH,FVD,17,846,379,379,37.9,0.3547315001487732,0.4765689969062805,4.389924049377441,4.985720634460449,0.5731272101402283,0,-1,1,192,0.5065963060686016,2.0,379,0.9515016674995422,0,0.0,0,0.0,0,5.05095100402832,0,5
SH,FVD,17,847,182,182,18.2,0.4029323160648346,0.50888592004776,2.451087236404419,3.439232349395752,0.5773864388465881,0,-1,1,6,0.03296703296703297,2.0,182,1.9771130084991455,0,0.0,0,0.0,0,2.1439216136932373,0,5
SH,FVD,17,848,337,337,33.7,0.14646367728710175,0.21520304679870605,4.797471046447754,6.370859146118164,0.4258498549461365,0,-1,1,251,0.744807121661721,2.0,337,1.3569871187210083,0,0.0,0,0.0,0,35.6134033203125,2,7
SH,FVD,17,849,283,283,28.3,0.2912178039550781,0.3532586693763733,13.761549949645996,15.989938735961914,1.0172690153121948,0,-1,0,0,0.0,2.0,283,3.5642919540405273,0,0.0,0,0.0,0,38.66191864013672,0,5
SH,FVD,17,850,162,162,16.2,0.3564494848251343,0.49554893374443054,2.0579030513763428,2.3635716438293457,0.46837931871414185,0,-1,0,0,0.0,2.0,162,3.5948903560638428,0,0.0,0,0.0,0,10.675641059875488,0,5
SH,FVD,17,851,159,159,15.9,0.6406866908073425,0.8394126892089844,13.111896514892578,17.271963119506836,2.523648500442505,0,-1,0,0,0.0,2.0,159,2.944047212600708,0,0.0,0,0.0,0,5.288747310638428,2,7
SH,FVD,17,852,132,132,13.200000000000001,0.3990972936153412,0.48452064394950867,3.6723978519439697,4.297492504119873,0.720465362071991,0,-1,1,132,1.0,2.0,132,0.6735482215881348,0,0.0,0,0.0,0,12.703764915466309,2,7
SH,FVD,17,853,153,153,15.3,0.3514932096004486,0.38838475942611694,9.903399467468262,13.221517562866211,1.9680554866790771,0,-1,0,0,0.0,2.0,153,2.2457802295684814,0,0.0,0,0.0,0,37.16701126098633,2,7
SH,FVD,17,854,177,177,17.7,0.25595664978027344,0.32260915637016296,13.312335968017578,18.041044235229492,2.131356716156006,0,-1,1,177,1.0,2.0,177,1.0550189018249512,0,0.0,0,0.0,0,19.259004592895508,1,6
SH,FVD,17,855,162,162,16.2,0.20434103906154633,0.25245797634124756,3.1079516410827637,3.7489824295043945,0.5055131316184998,0,-1,1,57,0.35185185185185186,2.0,162,1.6355916261672974,0,0.0,0,0.0,0,13.71755313873291,1,6
SH,FVD,17,856,377,377,37.7,0.29800400137901306,0.37271633744239807,10.6776123046875,11.642882347106934,0.5604614019393921,0,-1,1,47,0.1246684350132626,2.0,377,1.4857079982757568,0,0.0,0,0.0,0,5.904657363891602,0,5
SH,FVD,17,857,446,446,44.6,0.38042035698890686,0.5083968043327332,9.523399353027344,10.510415077209473,0.6781349778175354,0,-1,0,0,0.0,2.0,446,4.743423938751221,0,0.0,0,0.0,0,9.95584487915039,0,5
SH,FVD,17,858,138,138,13.8,0.3049565851688385,0.37303411960601807,3.0713820457458496,4.0897111892700195,1.2365981340408325,0,-1,0,0,0.0,2.0,138,2.851543426513672,0,0.0,0,0.0,0,74.33406066894531,0,5
SH,FVD,17,859,172,172,17.2,0.5516651272773743,0.7145004868507385,4.513370037078857,4.855233669281006,0.6944798231124878,0,-1,0,0,0.0,2.0,172,4.353272914886475,0,0.0,0,0.0,0,5.4235663414001465,0,5
SH,FVD,17,860,215,215,21.5,0.18957482278347015,0.22635020315647125,4.861822128295898,6.162259578704834,0.5698102116584778,0,-1,1,215,1.0,2.0,215,1.7180709838867188,0,0.0,0,0.0,0,27.25713539123535,1,6
SH,FVD,17,861,239,239,23.900000000000002,0.22364075481891632,0.2776063084602356,6.768283367156982,7.601709365844727,0.6774914264678955,0,-1,0,0,0.0,2.0,239,3.001424789428711,0,0.0,0,0.0,0,4.176204204559326,0,5
SH,FVD,17,862,591,591,59.1,0.3618382513523102,0.4973948001861572,8.855955123901367,9.70319652557373,1.0354512929916382,1,555,1,43,0.0727580372250423,2.0,555,0.0,0,0.0,0,0.0,0,0.0,0,5
SH,FVD,17,863,132,132,13.200000000000001,0.1754855364561081,0.2294754534959793,1.470962643623352,2.0067503452301025,0.4852970540523529,0,-1,1,132,1.0,2.0,132,1.0440424680709839,0,0.0,0,0.0,0,29.110483169555664,0,5
SH,FVD,17,864,169,169,16.900000000000002,0.5530194044113159,0.674117922782898,6.160578727722168,7.634764671325684,0.8566392660140991,0,-1,0,0,0.0,2.0,169,3.736668586730957,0,0.0,0,0.0,0,21.599760055541992,1,6
SH,FVD,17,865,161,161,16.1,0.3095264136791229,0.36103901267051697,3.5806100368499756,4.279457092285156,0.8991226553916931,0,-1,0,0,0.0,2.0,161,3.6819612979888916,0,0.0,0,0.0,0,78.00807189941406,2,7
SH,FVD,17,866,172,172,17.2,0.4741416871547699,0.5641409754753113,5.918088912963867,6.620830535888672,1.1969592571258545,1,124,1,95,0.5523255813953488,2.0,124,0.0,0,0.0,0,0.0,0,0.0,1,6
SH,FVD,17,867,383,383,38.300000000000004,0.45943939685821533,0.6616998910903931,3.935288429260254,5.218256950378418,3.4155094623565674,1,150,1,150,0.391644908616188,2.0,150,0.0,0,0.0,0,0.0,0,0.0,2,7
SH,FVD,17,868,141,141,14.100000000000001,0.3060278296470642,0.38467931747436523,16.1717529296875,20.129131317138672,2.59787917137146,0,-1,1,141,1.0,2.0,141,0.867225170135498,0,0.0,0,0.0,0,19.2348575592041,2,7
SH,FVD,17,869,229,229,22.900000000000002,0.4203355610370636,0.49326032400131226,1.7213780879974365,2.18912410736084,0.45888710021972656,0,-1,1,229,1.0,2.0,229,0.9413778185844421,0,0.0,0,0.0,0,13.14658260345459,1,6
SH,FVD,17,870,271,271,27.1,0.09854704141616821,0.12230302393436432,7.722311973571777,10.748738288879395,0.8500217795372009,0,-1,0,0,0.0,2.0,271,2.046082019805908,0,0.0,0,0.0,0,38.42127990722656,0,5
SH,FVD,17,871,238,238,23.8,0.3894839584827423,0.4839184880256653,7.081112861633301,8.34819221496582,4.517928123474121,1,68,1,52,0.2184873949579832,2.0,68,0.0,0,0.0,0,0.0,0,0.0,0,5
SH,FVD,17,872,285,285,28.5,0.2261158972978592,0.28377020359039307,7.575376033782959,8.158916473388672,0.5819766521453857,0,-1,0,0,0.0,2.0,285,2.6440300941467285,0,0.0,0,0.0,0,7.487744331359863,2,7
SH,FVD,17,873,214,214,21.400000000000002,0.39318859577178955,0.49675750732421875,9.48322868347168,12.255411148071289,1.4380971193313599,0,-1,0,0,0.0,2.0,214,4.69497537612915,0,0.0,0,0.0,0,14.336753845214844,0,5
SH,FVD,17,874,136,136,13.600000000000001,0.42028164863586426,0.5618905425071716,2.5370898246765137,3.3921027183532715,0.8188638091087341,1,111,1,37,0.27205882352941174,2.0,111,0.0,0,0.0,0,0.0,0,0.0,1,6
SH,FVD,17,875,268,268,26.8,0.11879808455705643,0.15300533175468445,1.240531086921692,1.4906877279281616,0.37448588013648987,0,-1,1,268,1.0,2.0,268,1.0623483657836914,0,0.0,0,0.0,0,30.3137264251709,1,6
SH,FVD,17,876,212,212,21.200000000000003,0.4000803828239441,0.49814215302467346,16.864059448242188,19.926498413085938,1.598902702331543,0,-1,1,94,0.44339622641509435,2.0,212,1.0096943378448486,0,0.0,0,0.0,0,10.660426139831543,1,6
SH,FVD,17,877,277,277,27.700000000000003,0.33895570039749146,0.43892255425453186,4.254431247711182,4.642285346984863,3.924285650253296,1,36,1,36,0.1299638989169675,2.0,36,0.0,0,0.0,0,0.0,0,0.0,1,6
SH,FVD,17,878,193,193,19.3,0.4489191770553589,0.5966283679008484,6.140766143798828,7.668792247772217,1.5512086153030396,1,154,1,154,0.7979274611398963,2.0,154,0.0,0,0.0,0,0.0,0,0.0,1,6
SH,FVD,17,879,157,157,15.700000000000001,0.3724779784679413,0.6294262409210205,2.390878200531006,3.5588979721069336,0.8329124450683594,1,132,1,68,0.43312101910828027,2.0,132,0.0,0,0.0,0,0.0,0,0.0,1,6
SH,FVD,17,880,131,131,13.100000000000001,0.1830986589193344,0.25263532996177673,7.893847465515137,9.635592460632324,1.3483043909072876,0,-1,1,27,0.20610687022900764,2.0,131,0.944003701210022,0,0.0,0,0.0,0,5.479024887084961,0,5
SH,FVD,17,881,383,383,38.300000000000004,0.2697179615497589,0.3366377055644989,3.1416773796081543,3.5091493129730225,0.44655555486679077,0,-1,1,383,1.0,2.0,383,0.05419129133224487,0,0.0,0,0.0,0,0.3789774775505066,0,5
SH,FVD,17,882,230,230,23.0,0.15590538084506989,0.19507458806037903,0.6986076235771179,0.923288881778717,0.312751829624176,0,-1,1,230,1.0,2.0,230,1.679347038269043,0,0.0,0,0.0,0,33.6039924621582,2,7
SH,FVD,17,883,139,139,13.9,0.47411462664604187,0.5608547925949097,11.19271183013916,13.397653579711914,1.8453959226608276,0,-1,0,0,0.0,2.0,139,3.812904119491577,0,0.0,0,0.0,0,4.315836429595947,0,5
SH,FVD,17,884,338,338,33.800000000000004,0.2664923071861267,0.38020023703575134,4.442355155944824,5.002169132232666,1.1823225021362305,1,243,1,72,0.21301775147928995,2.0,243,0.0,0,0.0,0,0.0,0,0.0,0,5
SH,FVD,17,885,357,357,35.7,0.3003198802471161,0.4175533056259155,32.16985321044922,49.1616325378418,3.8051908016204834,0,-1,1,357,1.0,2.0,357,1.3135228157043457,0,0.0,0,0.0,0,36.9571533203125,2,7
SH,FVD,17,886,304,304,30.400000000000002,0.2757885456085205,0.3554813265800476,3.0516812801361084,3.491593599319458,0.9032285809516907,0,-1,1,304,1.0,2.0,304,0.1577281802892685,0,0.0,0,0.0,0,2.3740785121917725,0,5
SH,FVD,17,887,162,162,16.2,0.40579891204833984,0.5513707995414734,1.464767575263977,1.8597767353057861,0.5873306393623352,0,-1,1,162,1.0,2.0,162,0.9875319600105286,0,0.0,0,0.0,0,7.2411699295043945,2,7
SH,FVD,17,888,172,172,17.2,0.28836262226104736,0.3777637481689453,12.42208480834961,15.24972152709961,1.5175036191940308,0,-1,1,172,1.0,2.0,172,0.7905445694923401,0,0.0,0,0.0,0,15.31407642364502,2,7
SH,FVD,17,889,301,301,30.1,0.20672199130058289,0.2561485171318054,7.8493475914001465,8.63479995727539,0.5571164488792419,0,-1,1,301,1.0,2.0,301,1.177354335784912,0,0.0,0,0.0,0,25.584674835205078,1,6
SH,FVD,17,890,288,288,28.8,0.33906692266464233,0.4534328877925873,3.9124302864074707,4.7308349609375,1.0033884048461914,1,256,1,256,0.8888888888888888,2.0,256,0.0,0,0.0,0,0.0,0,0.0,1,6
SH,FVD,17,891,237,237,23.700000000000003,0.5620696544647217,0.6757087707519531,14.784131050109863,16.067712783813477,1.3703161478042603,0,-1,0,0,0.0,2.0,237,3.3028299808502197,0,0.0,0,0.0,0,16.257465362548828,1,6
SH,FVD,17,892,510,510,51.0,0.26627522706985474,0.37854456901550293,5.295190334320068,5.807413101196289,0.5085798501968384,0,-1,0,0,0.0,2.0,510,2.1211113929748535,0,0.0,0,0.0,0,3.786468029022217,2,7
SH,FVD,17,893,235,235,23.5,0.25558003783226013,0.31740766763687134,8.091512680053711,9.259418487548828,0.7647785544395447,0,-1,0,0,0.0,2.0,235,3.4704878330230713,0,0.0,0,0.0,0,7.843578338623047,1,6
SH,FVD,17,894,163,163,16.3,0.3294668197631836,0.38792115449905396,8.432999610900879,9.801259994506836,1.0556784868240356,0,-1,0,0,0.0,2.0,163,2.9166347980499268,0,0.0,0,0.0,0,27.380874633789062,0,5
SH,FVD,17,895,309,309,30.900000000000002,0.472875714302063,0.5889386534690857,9.08903980255127,10.413962364196777,0.8323630094528198,0,-1,1,27,0.08737864077669903,2.0,309,1.4977439641952515,0,0.0,0,0.0,0,5.041430473327637,1,6
SH,FVD,17,896,312,312,31.200000000000003,0.28435948491096497,0.3367750346660614,3.631122589111328,4.271004676818848,0.9094575047492981,0,-1,1,5,0.016025641025641024,2.0,312,1.927547574043274,0,0.0,0,0.0,0,11.480438232421875,2,7
SH,FVD,17,897,173,173,17.3,0.4341508746147156,0.5773215889930725,1.8223868608474731,2.6749603748321533,1.3144404888153076,1,77,1,77,0.44508670520231214,2.0,77,0.0,0,0.0,0,0.0,0,0.0,2,7
SH,FVD,17,898,397,397,39.7,0.2662489116191864,0.37439292669296265,3.7458736896514893,5.171632766723633,0.5968325734138489,1,390,1,163,0.4105793450881612,2.0,390,0.0,0,0.0,0,0.0,0,0.0,1,6
SH,FVD,17,899,327,327,32.7,0.25523415207862854,0.36801964044570923,9.79878044128418,13.811455726623535,1.1687554121017456,0,-1,0,0,0.0,2.0,327,2.159449577331543,0,0.0,0,0.0,0,5.836135387420654,2,7
SH,FVD,17,900,596,596,59.6,0.18443076312541962,0.24830175936222076,12.275609970092773,15.190064430236816,0.5813000798225403,0,-1,0,0,0.0,2.0,596,2.7849812507629395,0,0.0,0,0.0,0,10.123152732849121,0,5
SH,FVD,17,901,225,225,22.5,0.24451053142547607,0.31559422612190247,3.557595729827881,4.128976821899414,0.8411742448806763,0,-1,1,197,0.8755555555555555,2.0,225,0.45381131768226624,0,0.0,0,0.0,0,3.3897533416748047,1,6
SH,FVD,17,902,185,185,18.5,0.35194751620292664,0.4302791655063629,5.409493446350098,6.753648281097412,0.9607576131820679,0,-1,1,115,0.6216216216216216,2.0,185,1.2757898569107056,0,0.0,0,0.0,0,5.187396049499512,2,7
SH,FVD,17,903,196,196,19.6,0.5100505352020264,0.6284049153327942,6.037604331970215,7.720155239105225,1.1648386716842651,0,-1,0,0,0.0,2.0,196,2.106858968734741,0,0.0,0,0.0,0,2.989708662033081,2,7
SH,FVD,17,904,147,147,14.700000000000001,0.26480725407600403,0.3069811463356018,1.0024536848068237,1.3249467611312866,0.49480968713760376,0,-1,1,91,0.6190476190476191,2.0,147,1.511974573135376,0,0.0,0,0.0,0,32.30093002319336,0,5
SH,FVD,17,905,465,465,46.5,0.511256217956543,0.6737629771232605,3.4148576259613037,3.7436161041259766,1.8227332830429077,1,74,1,74,0.15913978494623657,2.0,74,0.0,0,0.0,0,0.0,0,0.0,1,6
SH,FVD,17,906,198,198,19.8,0.2290552854537964,0.28419557213783264,4.8086066246032715,5.501834869384766,0.4290635585784912,0,-1,1,7,0.03535353535353535,2.0,198,1.9408643245697021,0,0.0,0,0.0,0,5.67921781539917,0,5
SH,FVD,17,907,338,338,33.800000000000004,0.43414726853370667,0.5635433793067932,33.66128158569336,39.64129638671875,1.997751235961914,0,-1,0,0,0.0,2.0,338,2.521906852722168,0,0.0,0,0.0,0,30.603517532348633,1,6
SH,FVD,17,908,404,404,40.400000000000006,0.16622814536094666,0.2157994657754898,5.926412582397461,8.192813873291016,1.1124309301376343,0,-1,1,319,0.7896039603960396,2.0,404,1.6611298322677612,0,0.0,0,0.0,0,31.294490814208984,1,6
SH,FVD,17,909,146,146,14.600000000000001,0.2981848418712616,0.3551464378833771,2.1866519451141357,2.905752420425415,0.4150324761867523,0,-1,0,0,0.0,2.0,146,9.564233779907227,0,0.0,0,0.0,0,6.2699151039123535,0,5
SH,FVD,17,910,174,174,17.400000000000002,0.15396258234977722,0.2014840543270111,8.776284217834473,10.827810287475586,1.2055339813232422,0,-1,0,0,0.0,2.0,174,2.6417293548583984,0,0.0,0,0.0,0,54.88950729370117,0,5
SH,FVD,17,911,150,150,15.0,0.38261210918426514,0.4417741298675537,2.6251819133758545,3.175509452819824,0.578312873840332,0,-1,1,150,1.0,2.0,150,1.4919265508651733,0,0.0,0,0.0,0,14.392300605773926,2,7
SH,FVD,17,912,1480,1480,148.0,0.38701510429382324,0.5089333057403564,6.646417140960693,7.00693941116333,5.417004585266113,1,459,1,128,0.08648648648648649,2.0,459,0.0,0,0.0,0,0.0,0,0.0,1,6
SH,FVD,17,913,292,292,29.200000000000003,0.40132343769073486,0.4981764256954193,8.018792152404785,9.25085163116455,1.1597174406051636,0,-1,1,30,0.10273972602739725,2.0,292,1.4697211980819702,0,0.0,0,0.0,0,2.8315305709838867,2,7
SH,FVD,17,914,225,225,22.5,0.31405723094940186,0.5879915952682495,3.5945801734924316,4.925948143005371,0.6536802649497986,0,-1,1,225,1.0,2.0,225,1.350558876991272,0,0.0,0,0.0,0,18.89442253112793,2,7
SH,FVD,17,915,2679,2679,267.90000000000003,0.24732810258865356,0.33178022503852844,3.473626136779785,4.127892971038818,0.40643709897994995,0,-1,1,2039,0.7611048898842852,2.0,2679,0.6102702617645264,0,0.0,0,0.0,0,3.285466432571411,2,7
SH,FVD,17,916,204,204,20.400000000000002,0.27528810501098633,0.3366232216358185,14.782160758972168,18.15488624572754,1.5576213598251343,0,-1,1,94,0.46078431372549017,2.0,204,1.1289212703704834,0,0.0,0,0.0,0,12.903635025024414,0,5
SH,FVD,17,917,2008,2008,200.8,0.41588836908340454,0.5533735156059265,7.456242084503174,8.284871101379395,4.386203765869141,1,302,1,55,0.027390438247011952,2.0,302,0.0,0,0.0,0,0.0,0,0.0,2,7
SH,FVD,17,918,625,625,62.5,0.33802399039268494,0.44147801399230957,4.108771324157715,4.704914093017578,1.656982660293579,1,342,1,198,0.3168,2.0,342,0.0,0,0.0,0,0.0,0,0.0,0,5
SH,FVD,17,919,233,233,23.3,0.18763487040996552,0.2514130175113678,6.081123352050781,6.8855977058410645,0.5308374166488647,0,-1,0,0,0.0,2.0,233,5.9561967849731445,0,0.0,0,0.0,0,9.481306076049805,0,5
SH,FVD,17,920,131,131,13.100000000000001,0.5003460645675659,0.9126847386360168,1.2378475666046143,1.6066111326217651,0.785419762134552,0,-1,1,131,1.0,2.0,131,1.010568380355835,0,0.0,0,0.0,0,9.464515686035156,1,6
SH,FVD,17,921,180,180,18.0,0.09685308486223221,0.12433836609125137,1.88571035861969,2.7455732822418213,0.4237915873527527,0,-1,0,0,0.0,2.0,180,2.106611967086792,0,0.0,0,0.0,0,67.36787414550781,2,7
SH,FVD,17,922,198,198,19.8,0.339761883020401,0.4273865222930908,6.00922966003418,7.043209552764893,1.08893883228302,0,-1,1,26,0.13131313131313133,2.0,198,1.4547579288482666,0,0.0,0,0.0,0,1.9952409267425537,1,6
SH,FVD,17,923,353,353,35.300000000000004,0.1354992538690567,0.18690229952335358,5.7616353034973145,6.182210922241211,0.3234509229660034,0,-1,1,353,1.0,2.0,353,0.7937774658203125,0,0.0,0,0.0,0,5.296794891357422,0,5
SH,FVD,17,924,250,250,25.0,0.23259857296943665,0.303678959608078,15.7241792678833,17.69118309020996,1.221024990081787,0,-1,1,99,0.396,2.0,250,1.591772198677063,0,0.0,0,0.0,0,26.758163452148438,0,5
SH,FVD,17,925,316,316,31.6,0.18854756653308868,0.23047660291194916,9.742820739746094,11.363189697265625,0.6691825985908508,0,-1,1,316,1.0,2.0,316,1.1763111352920532,0,0.0,0,0.0,0,24.5777530670166,1,6
SH,FVD,17,926,394,394,39.400000000000006,0.2347571849822998,0.3318149745464325,2.300234317779541,2.7418973445892334,0.507474422454834,0,-1,1,268,0.6802030456852792,2.0,394,1.3614217042922974,0,0.0,0,0.0,0,18.637537002563477,2,7
SH,FVD,17,927,263,263,26.3,0.11721058189868927,0.13609299063682556,13.12818717956543,18.11016273498535,1.6125073432922363,0,-1,0,0,0.0,2.0,263,3.0845415592193604,0,0.0,0,0.0,0,81.54515838623047,0,5
SH,FVD,17,928,181,181,18.1,0.3923891484737396,0.47399333119392395,4.308216571807861,5.768848419189453,0.6924803853034973,0,-1,1,181,1.0,2.0,181,0.13178583979606628,0,0.0,0,0.0,0,0.5405299067497253,2,7
SH,FVD,17,929,177,177,17.7,0.28856179118156433,0.33949077129364014,1.2802200317382812,1.651559829711914,0.3939589262008667,0,-1,1,177,1.0,2.0,177,0.820207953453064,0,0.0,0,0.0,0,11.806512832641602,2,7
SH,FVD,17,930,227,227,22.700000000000003,0.24118100106716156,0.3193167448043823,3.7878994941711426,4.262953758239746,0.5991767644882202,0,-1,1,227,1.0,2.0,227,0.4683997333049774,0,0.0,0,0.0,0,8.241578102111816,1,6
SH,FVD,17,931,266,266,26.6,0.31471356749534607,0.40829217433929443,2.521638870239258,2.8166637420654297,0.5337448120117188,1,257,1,173,0.650375939849624,2.0,257,0.0,0,0.0,0,0.0,0,0.0,1,6
SH,FVD,17,932,204,204,20.400000000000002,0.24448798596858978,0.33036836981773376,12.594289779663086,15.645163536071777,1.2588270902633667,0,-1,1,5,0.024509803921568627,2.0,204,1.983526349067688,0,0.0,0,0.0,0,34.37453079223633,1,6
SH,FVD,17,933,188,188,18.8,0.3305630683898926,0.4652165472507477,2.752768039703369,3.2205123901367188,0.8636288046836853,1,136,1,30,0.1595744680851064,2.0,136,0.0,0,0.0,0,0.0,0,0.0,0,5
SH,FVD,17,934,175,175,17.5,0.28934240341186523,0.3632009029388428,3.332077741622925,3.7948338985443115,0.4734252095222473,0,-1,0,0,0.0,2.0,175,4.639707088470459,0,0.0,0,0.0,0,6.438855171203613,2,7
SH,FVD,17,935,166,166,16.6,0.5839666128158569,0.7813839316368103,1.8988680839538574,2.3366565704345703,0.8140201568603516,0,-1,1,142,0.8554216867469879,2.0,166,1.3865755796432495,0,0.0,0,0.0,0,11.326830863952637,2,7
SH,FVD,17,936,151,151,15.100000000000001,0.1534871608018875,0.22315144538879395,7.2179059982299805,8.635917663574219,0.9506407380104065,0,-1,0,0,0.0,2.0,151,6.7861223220825195,0,0.0,0,0.0,0,12.104768753051758,0,5
SH,FVD,17,937,187,187,18.7,0.23232325911521912,0.29665055871009827,4.412545204162598,5.732907772064209,0.5678728222846985,0,-1,1,187,1.0,2.0,187,1.4216102361679077,0,0.0,0,0.0,0,20.769039154052734,2,7
SH,FVD,17,938,329,329,32.9,0.11106564104557037,0.14351005852222443,7.023000240325928,9.567057609558105,0.5351554751396179,0,-1,0,0,0.0,2.0,329,2.5027825832366943,0,0.0,0,0.0,0,55.48577117919922,2,7
SH,FVD,17,939,652,652,65.2,0.31843477487564087,0.443796306848526,3.491584300994873,4.338133335113525,0.6874570250511169,0,-1,1,171,0.26226993865030673,2.0,652,1.2841739654541016,0,0.0,0,0.0,0,3.474581003189087,0,5
SH,FVD,17,940,173,173,17.3,0.39166271686553955,0.4745190143585205,3.9100282192230225,5.4664835929870605,0.9640557765960693,0,-1,1,173,1.0,2.0,173,1.1345343589782715,0,0.0,0,0.0,0,13.276219367980957,0,5
SH,FVD,17,941,916,916,91.60000000000001,0.18641036748886108,0.23929530382156372,7.095973968505859,7.678928852081299,0.31599608063697815,0,-1,1,916,1.0,2.0,916,0.5618374347686768,0,0.0,0,0.0,0,7.86000394821167,2,7
SH,FVD,17,942,225,225,22.5,0.1872868686914444,0.22658640146255493,2.475548505783081,3.794145107269287,0.37978455424308777,0,-1,0,0,0.0,2.0,225,3.7501637935638428,0,0.0,0,0.0,0,1.1293060779571533,0,5
SH,FVD,17,943,186,186,18.6,0.5413541197776794,0.6393452882766724,5.736191749572754,6.383987903594971,0.9859632849693298,0,-1,1,78,0.41935483870967744,2.0,186,0.7843425869941711,0,0.0,0,0.0,0,3.2378714084625244,1,6
SH,FVD,17,944,416,416,41.6,0.312905490398407,0.44640758633613586,4.176600456237793,4.549704551696777,2.0597898960113525,1,96,1,96,0.23076923076923078,2.0,96,0.0,0,0.0,0,0.0,0,0.0,1,6
SH,FVD,17,945,255,255,25.5,0.27113038301467896,0.3380690813064575,10.374068260192871,12.281963348388672,0.8621812462806702,0,-1,0,0,0.0,2.0,255,3.40667462348938,0,0.0,0,0.0,0,3.5121333599090576,1,6
SH,FVD,17,946,220,220,22.0,0.2344161868095398,0.3028062880039215,9.312947273254395,11.452803611755371,0.9071436524391174,0,-1,0,0,0.0,2.0,220,2.335008144378662,0,0.0,0,0.0,0,13.401666641235352,0,5
SH,FVD,17,947,187,187,18.7,0.8291819095611572,1.0305161476135254,6.280386447906494,7.094720363616943,4.431672096252441,1,40,1,40,0.21390374331550802,2.0,40,0.0,0,0.0,0,0.0,0,0.0,0,5
SH,FVD,17,948,232,232,23.200000000000003,0.4998318552970886,0.6871383190155029,2.591254949569702,3.052582025527954,2.6205263137817383,1,105,1,105,0.4525862068965517,2.0,105,0.0,0,0.0,0,0.0,0,0.0,1,6
SH,FVD,17,949,182,182,18.2,0.3998183012008667,0.4768896996974945,8.700611114501953,10.53964614868164,1.0837448835372925,0,-1,0,0,0.0,2.0,182,2.7789320945739746,0,0.0,0,0.0,0,24.103042602539062,1,6
SH,FVD,17,950,174,174,17.400000000000002,0.34269458055496216,0.39010971784591675,4.118524074554443,4.922715187072754,0.7178961634635925,0,-1,1,118,0.6781609195402298,2.0,174,0.9894148111343384,0,0.0,0,0.0,0,8.95156478881836,1,6
SH,FVD,17,951,829,829,82.9,0.2505805790424347,0.3305877447128296,5.556755542755127,7.422206878662109,0.4068645238876343,0,-1,1,829,1.0,2.0,829,0.7870833277702332,0,0.0,0,0.0,0,6.178426742553711,1,6
SH,FVD,17,952,325,325,32.5,0.17538033425807953,0.22039984166622162,2.9897401332855225,4.556912422180176,0.4321763217449188,0,-1,1,325,1.0,2.0,325,0.947732150554657,0,0.0,0,0.0,0,14.44961166381836,1,6
SH,FVD,17,953,201,201,20.1,0.19740036129951477,0.24603208899497986,3.801126480102539,6.204831600189209,1.098909616470337,0,-1,1,112,0.5572139303482587,2.0,201,1.6236637830734253,0,0.0,0,0.0,0,28.543943405151367,1,6
SH,FVD,17,954,197,197,19.700000000000003,0.2500735819339752,0.30387330055236816,2.9499897956848145,4.44369649887085,0.6645238995552063,0,-1,0,0,0.0,2.0,197,2.8548505306243896,0,0.0,0,0.0,0,26.056640625,1,6
SH,FVD,17,955,223,223,22.3,0.307725191116333,0.4015721082687378,5.324700355529785,5.8959641456604,0.6701577305793762,0,-1,0,0,0.0,2.0,223,2.422173500061035,0,0.0,0,0.0,0,3.0529448986053467,2,7
SH,FVD,17,956,208,208,20.8,0.331407368183136,0.4253164529800415,2.022156000137329,2.5743024349212646,0.5177302956581116,1,191,1,34,0.16346153846153846,2.0,191,0.0,0,0.0,0,0.0,0,0.0,2,7
SH,FVD,17,957,159,159,15.9,0.4245752692222595,0.5745304226875305,1.6708651781082153,2.1878409385681152,0.8435068130493164,0,-1,1,159,1.0,2.0,159,0.9903882741928101,0,0.0,0,0.0,0,3.2970759868621826,0,5
SH,FVD,17,958,189,189,18.900000000000002,0.6368796229362488,0.8893497586250305,18.30569839477539,23.85423469543457,3.4407880306243896,1,172,1,172,0.91005291005291,2.0,172,0.0,0,0.0,0,0.0,0,0.0,1,6
SH,FVD,17,959,230,230,23.0,0.24834966659545898,0.333945631980896,9.598689079284668,11.564329147338867,1.0168910026550293,0,-1,1,126,0.5478260869565217,2.0,230,0.8737888932228088,0,0.0,0,0.0,0,7.029256820678711,1,6
SH,FVD,17,960,221,221,22.1,0.31100785732269287,0.47636258602142334,1.5552172660827637,1.8719823360443115,0.6313181519508362,1,172,1,142,0.6425339366515838,2.0,172,0.0,0,0.0,0,0.0,0,0.0,2,7
SH,FVD,17,961,167,167,16.7,0.2980124056339264,0.37719476222991943,7.953841209411621,9.416706085205078,0.8629801869392395,0,-1,0,0,0.0,2.0,167,3.7276270389556885,0,0.0,0,0.0,0,12.621431350708008,0,5
SH,FVD,17,962,209,209,20.900000000000002,0.44777417182922363,0.6649184823036194,2.0665831565856934,2.942438840866089,0.9061208367347717,0,-1,0,0,0.0,2.0,209,2.2368335723876953,0,0.0,0,0.0,0,22.682994842529297,1,6
SH,FVD,17,963,705,705,70.5,0.6106223464012146,0.8426718711853027,28.055580139160156,34.287540435791016,2.269986629486084,0,-1,1,129,0.1829787234042553,2.0,705,0.13710713386535645,0,0.0,0,0.0,0,0.7052528262138367,1,6
SH,FVD,17,964,133,133,13.3,0.20225156843662262,0.26207318902015686,0.5352993011474609,0.7941811680793762,0.3574042022228241,0,-1,1,9,0.06766917293233082,2.0,133,1.5372180938720703,0,0.0,0,0.0,0,1.0747116804122925,2,7
SH,FVD,17,965,204,204,20.400000000000002,0.3142358660697937,0.41282281279563904,13.245405197143555,15.431843757629395,1.1710575819015503,0,-1,0,0,0.0,2.0,204,2.907597303390503,0,0.0,0,0.0,0,4.006526470184326,2,7
SH,FVD,17,966,144,144,14.4,0.27411460876464844,0.3261617422103882,5.523868083953857,6.816262245178223,1.0466723442077637,0,-1,1,62,0.4305555555555556,2.0,144,1.8223994970321655,0,0.0,0,0.0,0,32.4416389465332,1,6
SH,FVD,17,967,752,752,75.2,0.23932954668998718,0.29748308658599854,4.892016887664795,6.4640212059021,0.4774096608161926,0,-1,1,752,1.0,2.0,752,0.9786037802696228,0,0.0,0,0.0,0,21.446292877197266,2,7
SH,FVD,17,968,191,191,19.1,0.1603090614080429,0.20595446228981018,1.8443747758865356,2.257234811782837,0.3967011868953705,0,-1,1,28,0.14659685863874344,2.0,191,1.9195830821990967,0,0.0,0,0.0,0,41.11773681640625,1,6
SH,FVD,17,969,361,361,36.1,0.5992020964622498,0.9104228019714355,5.741018295288086,8.00082015991211,1.102155327796936,0,-1,0,0,0.0,2.0,361,2.5448615550994873,0,0.0,0,0.0,0,7.915439605712891,2,7
SH,FVD,17,970,300,300,30.0,0.25385144352912903,0.36075106263160706,5.787172317504883,6.200376987457275,3.3485939502716064,1,62,1,62,0.20666666666666667,2.0,62,0.0,0,0.0,0,0.0,0,0.0,2,7
SH,FVD,17,971,376,376,37.6,0.14296847581863403,0.19249799847602844,11.075508117675781,12.49653148651123,0.5940691232681274,0,-1,1,376,1.0,2.0,376,1.0154907703399658,0,0.0,0,0.0,0,17.967605590820312,1,6
SH,FVD,17,972,631,631,63.1,0.4217195510864258,0.5834274888038635,17.068880081176758,19.28704833984375,5.134159088134766,1,238,1,106,0.16798732171156894,2.0,238,0.0,0,0.0,0,0.0,0,0.0,0,5
SH,FVD,17,973,176,176,17.6,0.5016602277755737,0.6430750489234924,4.904116153717041,5.91515588760376,1.4560593366622925,0,-1,0,0,0.0,2.0,176,5.2870612144470215,0,0.0,0,0.0,0,36.054931640625,1,6
SH,FVD,17,974,386,386,38.6,0.23317644000053406,0.31811386346817017,19.2833309173584,21.636045455932617,0.9962226152420044,0,-1,0,0,0.0,2.0,386,2.37697172164917,0,0.0,0,0.0,0,5.133134841918945,2,7
SH,FVD,17,975,224,224,22.400000000000002,0.370332270860672,0.42718905210494995,12.540877342224121,16.48363494873047,1.692773461341858,0,-1,0,0,0.0,2.0,224,5.313398838043213,0,0.0,0,0.0,0,17.51662826538086,1,6
SH,FVD,17,976,460,460,46.0,0.2132938951253891,0.3010382056236267,20.626750946044922,23.798725128173828,0.7766539454460144,0,-1,1,425,0.9239130434782609,2.0,460,1.226006269454956,0,0.0,0,0.0,0,32.64326477050781,0,5
SH,FVD,17,977,193,193,19.3,0.12535443902015686,0.15613104403018951,2.6979751586914062,3.2594385147094727,0.22554747760295868,0,-1,1,193,1.0,2.0,193,0.3903597295284271,0,0.0,0,0.0,0,7.4167375564575195,2,7
SH,FVD,17,978,162,162,16.2,0.21386191248893738,0.25849759578704834,5.051431179046631,6.349895000457764,0.7792240381240845,0,-1,1,112,0.691358024691358,2.0,162,1.7740750312805176,0,0.0,0,0.0,0,33.922420501708984,0,5
SH,FVD,17,979,134,134,13.4,0.19551876187324524,0.24811120331287384,0.6592271327972412,1.0329890251159668,0.25675833225250244,0,-1,1,134,1.0,2.0,134,1.7955949306488037,0,0.0,0,0.0,0,26.44647216796875,0,5
SH,FVD,17,980,207,207,20.700000000000003,0.21826955676078796,0.2884639799594879,2.16504168510437,2.702993631362915,0.5797274708747864,1,177,1,68,0.3285024154589372,2.0,177,0.0,0,0.0,0,0.0,0,0.0,0,5
SH,FVD,17,981,306,306,30.6,0.24396800994873047,0.32527172565460205,9.575102806091309,10.410924911499023,0.7403324842453003,0,-1,0,0,0.0,2.0,306,2.6690821647644043,0,0.0,0,0.0,0,7.223781585693359,1,6
SH,FVD,17,982,277,277,27.700000000000003,0.2059466391801834,0.2408953160047531,9.287795066833496,10.276350021362305,0.4956825375556946,0,-1,1,277,1.0,2.0,277,0.4045480489730835,0,0.0,0,0.0,0,7.3352556228637695,2,7
SH,FVD,17,983,530,530,53.0,0.25095388293266296,0.36929547786712646,3.4380884170532227,4.673023700714111,0.6926773190498352,0,-1,1,530,1.0,2.0,530,0.8992245197296143,0,0.0,0,0.0,0,10.210648536682129,1,6
SH,FVD,17,984,153,153,15.3,0.29842308163642883,0.36760449409484863,3.3203237056732178,4.00717830657959,0.3833688497543335,0,-1,1,43,0.28104575163398693,2.0,153,1.9385737180709839,0,0.0,0,0.0,0,23.996244430541992,0,5
SH,FVD,17,985,159,159,15.9,0.2610322833061218,0.3009812533855438,1.9379817247390747,2.7820701599121094,0.3066602647304535,0,-1,0,0,0.0,2.0,159,4.279536247253418,0,0.0,0,0.0,0,2.1030020713806152,1,6
SH,FVD,17,986,173,173,17.3,0.2728467285633087,0.3398856818675995,3.293476104736328,4.64451789855957,0.6447256207466125,0,-1,1,51,0.2947976878612717,2.0,173,1.8055630922317505,0,0.0,0,0.0,0,13.526676177978516,1,6
SH,FVD,17,987,161,161,16.1,0.30017876625061035,0.3567764461040497,1.3605879545211792,2.085120439529419,0.6464810371398926,0,-1,1,114,0.7080745341614907,2.0,161,0.7580522894859314,0,0.0,0,0.0,0,6.681296348571777,0,5
SH,FVD,17,988,219,219,21.900000000000002,0.47262465953826904,0.568390429019928,15.886322021484375,20.032634735107422,1.9369046688079834,0,-1,0,0,0.0,2.0,219,3.086195707321167,0,0.0,0,0.0,0,5.624814987182617,1,6
SH,FVD,17,989,272,272,27.200000000000003,0.3679131269454956,0.4887154996395111,7.971497535705566,9.530065536499023,2.9825778007507324,1,102,1,45,0.16544117647058823,2.0,102,0.0,0,0.0,0,0.0,0,0.0,0,5
SH,FVD,17,990,304,304,30.400000000000002,0.15823976695537567,0.20927554368972778,3.929842472076416,5.112934589385986,0.7366905212402344,0,-1,0,0,0.0,2.0,304,2.384378671646118,0,0.0,0,0.0,0,5.645099639892578,1,6
SH,FVD,17,991,494,494,49.400000000000006,0.39912527799606323,0.4872489869594574,2.412259340286255,3.1167633533477783,0.758887767791748,0,-1,1,428,0.8663967611336032,2.0,494,0.4616275131702423,0,0.0,0,0.0,0,6.367408275604248,0,5
SH,FVD,17,992,137,137,13.700000000000001,0.20496845245361328,0.26279038190841675,0.9266191720962524,1.1174055337905884,0.4566633403301239,1,137,1,29,0.2116788321167883,2.0,137,0.0,0,0.0,0,0.0,0,0.0,2,7
SH,FVD,17,993,274,274,27.400000000000002,0.4809612035751343,0.611590564250946,2.5616655349731445,3.258640766143799,0.9445210695266724,0,-1,1,274,1.0,2.0,274,0.37136468291282654,0,0.0,0,0.0,0,2.2819764614105225,0,5
SH,FVD,17,994,364,364,36.4,0.32548004388809204,0.3934337794780731,23.216663360595703,26.25787925720215,1.280785083770752,0,-1,1,34,0.09340659340659341,2.0,364,1.4683045148849487,0,0.0,0,0.0,0,5.283638954162598,1,6
SH,FVD,17,995,426,426,42.6,0.12610553205013275,0.16070124506950378,4.785544395446777,5.170424938201904,0.29370325803756714,0,-1,1,347,0.8145539906103286,2.0,426,1.2513489723205566,0,0.0,0,0.0,0,15.583640098571777,0,5
SH,FVD,17,996,197,197,19.700000000000003,0.3151293992996216,0.3748285472393036,13.249855041503906,15.839519500732422,1.3083852529525757,0,-1,0,0,0.0,2.0,197,3.885422945022583,0,0.0,0,0.0,0,61.72773742675781,2,7
SH,FVD,17,997,673,673,67.3,0.32703766226768494,0.4265274703502655,26.697311401367188,29.974721908569336,1.1423732042312622,0,-1,0,0,0.0,2.0,673,2.6138370037078857,0,0.0,0,0.0,0,6.40066385269165,1,6
SH,FVD,17,998,456,456,45.6,0.19517870247364044,0.3003092110157013,2.1036341190338135,2.529844045639038,0.9914346933364868,1,200,1,200,0.43859649122807015,2.0,200,0.0,0,0.0,0,0.0,0,0.0,0,5
SH,FVD,17,999,311,311,31.1,0.4455741047859192,0.5688822865486145,8.897833824157715,12.429524421691895,1.6918121576309204,1,278,1,278,0.8938906752411575,2.0,278,0.0,0,0.0,0,0.0,0,0.0,1,6
SH,FVD,17,1000,235,235,23.5,0.34680092334747314,0.4571692645549774,6.799255847930908,7.930444240570068,1.660549521446228,0,-1,1,104,0.4425531914893617,2.0,235,1.4366960525512695,0,0.0,0,0.0,0,17.52219581604004,2,7
SH,FVD,17,1001,401,401,40.1,0.3076326251029968,0.4860426187515259,5.770367622375488,6.293415069580078,4.275615215301514,1,212,1,212,0.5286783042394015,2.0,212,0.0,0,0.0,0,0.0,0,0.0,0,5
SH,FVD,17,1002,482,482,48.2,0.4630770683288574,0.6192683577537537,5.92976188659668,6.8401947021484375,0.9179758429527283,0,-1,1,51,0.10580912863070539,2.0,482,0.5386065244674683,0,0.0,0,0.0,0,1.143837571144104,0,5
SH,FVD,17,1003,279,279,27.900000000000002,0.3581961989402771,0.4859321713447571,8.248454093933105,9.073898315429688,0.6987900137901306,0,-1,1,22,0.07885304659498207,2.0,279,1.5180448293685913,0,0.0,0,0.0,0,3.8193602561950684,1,6
SH,FVD,17,1004,146,146,14.600000000000001,0.4682232141494751,0.5944159626960754,9.915132522583008,11.068914413452148,1.2915297746658325,0,-1,0,0,0.0,2.0,146,3.4912564754486084,0,0.0,0,0.0,0,9.460761070251465,1,6
SH,FVD,17,1005,386,386,38.6,0.6372829079627991,0.9017876982688904,4.8646039962768555,6.796052932739258,1.4862618446350098,0,-1,1,213,0.5518134715025906,2.0,386,0.7795876860618591,0,0.0,0,0.0,0,2.1719930171966553,1,6
SH,FVD,17,1006,331,331,33.1,0.4899585247039795,0.6747521758079529,4.7811174392700195,5.420743942260742,0.9236524701118469,0,-1,1,298,0.9003021148036254,2.0,331,0.7823216915130615,0,0.0,0,0.0,0,3.903359889984131,2,7
SH,FVD,17,1007,166,166,16.6,0.23691602051258087,0.29115962982177734,5.993621349334717,7.899690628051758,1.0592906475067139,0,-1,0,0,0.0,2.0,166,2.5883374214172363,0,0.0,0,0.0,0,64.67292785644531,0,5
SH,FVD,17,1008,343,343,34.300000000000004,0.19503463804721832,0.23533853888511658,5.27822208404541,6.141316890716553,0.5900687575340271,0,-1,1,343,1.0,2.0,343,0.23729869723320007,0,0.0,0,0.0,0,4.795101165771484,0,5
SH,FVD,17,1009,366,366,36.6,0.23957955837249756,0.3072236478328705,1.2716550827026367,1.7142550945281982,0.40884652733802795,0,-1,1,76,0.20765027322404372,2.0,366,0.7093335390090942,0,0.0,0,0.0,0,0.7046210765838623,0,5
SH,FVD,17,1010,383,383,38.300000000000004,0.16466517746448517,0.2619081437587738,0.7499308586120605,0.9607585072517395,0.2806178331375122,0,-1,1,13,0.033942558746736295,2.0,383,1.3027409315109253,0,0.0,0,0.0,0,1.4735918045043945,1,6
SH,FVD,17,1011,132,132,13.200000000000001,0.2542438209056854,0.3123657703399658,2.1468536853790283,3.561594247817993,0.7573663592338562,0,-1,0,0,0.0,2.0,132,3.565211534500122,0,0.0,0,0.0,0,42.85514450073242,1,6
SH,FVD,17,1012,246,246,24.6,0.21308140456676483,0.30426567792892456,5.447078704833984,6.573253154754639,0.6124782562255859,0,-1,1,140,0.5691056910569106,2.0,246,1.2533007860183716,0,0.0,0,0.0,0,28.815338134765625,1,6
SH,FVD,17,1013,767,767,76.7,0.32537904381752014,0.5187901854515076,3.894496440887451,4.518786430358887,0.8289269208908081,0,-1,1,51,0.06649282920469361,2.0,767,1.7839419841766357,0,0.0,0,0.0,0,6.574663162231445,2,7
SH,FVD,17,1014,490,490,49.0,0.27934780716896057,0.3668428361415863,9.326051712036133,10.200148582458496,2.1314384937286377,1,402,1,402,0.8204081632653061,2.0,402,0.0,0,0.0,0,0.0,0,0.0,2,7
SH,FVD,17,1015,311,311,31.1,0.14902926981449127,0.19407440721988678,1.3983731269836426,1.923242211341858,0.24972887337207794,0,-1,1,311,1.0,2.0,311,0.7052068710327148,0,0.0,0,0.0,0,17.177934646606445,0,5
SH,FVD,17,1016,222,222,22.200000000000003,0.26440656185150146,0.3457002639770508,2.751267433166504,3.318026065826416,0.710536777973175,0,-1,1,66,0.2972972972972973,2.0,222,1.0558420419692993,0,0.0,0,0.0,0,7.193291187286377,1,6
SH,FVD,17,1017,269,269,26.900000000000002,0.21381168067455292,0.259473979473114,5.24001932144165,9.028460502624512,1.0474231243133545,0,-1,1,128,0.4758364312267658,2.0,269,1.690714955329895,0,0.0,0,0.0,0,35.653099060058594,2,7
SH,FVD,17,1018,364,364,36.4,0.41288167238235474,0.5214212536811829,4.309573650360107,4.866583824157715,1.3073443174362183,1,290,1,290,0.7967032967032966,2.0,290,0.0,0,0.0,0,0.0,0,0.0,2,7
SH,FVD,17,1019,257,257,25.700000000000003,0.27958035469055176,0.3663782477378845,4.221925258636475,5.174235820770264,0.8152270317077637,0,-1,1,257,1.0,2.0,257,0.5417540073394775,0,0.0,0,0.0,0,3.435082197189331,0,5
SH,FVD,17,1020,173,173,17.3,0.15369395911693573,0.2033766657114029,1.832836389541626,2.6184778213500977,0.5965775847434998,0,-1,1,173,1.0,2.0,173,0.8152329325675964,0,0.0,0,0.0,0,19.18271255493164,2,7
SH,FVD,17,1021,842,842,84.2,0.16911627352237701,0.22489720582962036,5.457066535949707,6.936132431030273,0.6100715398788452,0,-1,1,644,0.7648456057007126,2.0,842,0.8428100943565369,0,0.0,0,0.0,0,15.640349388122559,1,6
SH,FVD,17,1022,217,217,21.700000000000003,0.4733427166938782,0.6466549634933472,6.247358798980713,8.219583511352539,1.2668342590332031,0,-1,1,27,0.12442396313364056,2.0,217,1.768781304359436,0,0.0,0,0.0,0,4.698750972747803,1,6
SH,FVD,17,1023,139,139,13.9,0.47186926007270813,0.5631362199783325,14.96600341796875,18.494081497192383,2.568080186843872,0,-1,1,139,1.0,2.0,139,1.1234489679336548,0,0.0,0,0.0,0,16.298267364501953,1,6
SH,FVD,17,1024,174,174,17.400000000000002,0.5140355825424194,0.6047086119651794,6.028674125671387,7.178773403167725,1.1719156503677368,0,-1,1,136,0.7816091954022989,2.0,174,0.3123759329319,0,0.0,0,0.0,0,2.8333206176757812,2,7
SH,FVD,17,1025,291,291,29.1,0.3263256251811981,0.4046853184700012,17.46937370300293,19.647729873657227,1.0075234174728394,0,-1,1,250,0.8591065292096219,2.0,291,0.9901307821273804,0,0.0,0,0.0,0,29.4593505859375,0,5
SH,FVD,17,1026,338,338,33.800000000000004,0.3746168911457062,0.4919282793998718,8.101971626281738,9.19270133972168,0.9127321839332581,1,330,1,98,0.28994082840236685,2.0,330,0.0,0,0.0,0,0.0,0,0.0,2,7
SH,FVD,17,1027,413,413,41.300000000000004,0.282940536737442,0.34820204973220825,4.407965183258057,4.790581226348877,0.513521671295166,0,-1,1,26,0.06295399515738499,2.0,413,0.6151167750358582,0,0.0,0,0.0,0,1.2505087852478027,0,5
SH,FVD,17,1028,332,332,33.2,0.15305405855178833,0.21996863186359406,12.510207176208496,16.370622634887695,0.8064228892326355,0,-1,1,181,0.5451807228915663,2.0,332,1.5437077283859253,0,0.0,0,0.0,0,36.992130279541016,2,7
SH,FVD,17,1029,224,224,22.400000000000002,0.20478346943855286,0.26970934867858887,5.801823139190674,7.47461462020874,0.5386611223220825,0,-1,1,24,0.10714285714285714,2.0,224,1.2069510221481323,0,0.0,0,0.0,0,9.353395462036133,2,7
SH,FVD,17,1030,319,319,31.900000000000002,0.2614176869392395,0.4175490736961365,10.600361824035645,11.455864906311035,0.9021525979042053,0,-1,0,0,0.0,2.0,319,2.2854442596435547,0,0.0,0,0.0,0,18.47542381286621,1,6
SH,FVD,17,1031,150,150,15.0,0.3124706447124481,0.3722113072872162,7.63913106918335,9.650446891784668,1.1517484188079834,0,-1,1,150,1.0,2.0,150,1.4201642274856567,0,0.0,0,0.0,0,26.02765655517578,0,5
SH,FVD,17,1032,185,185,18.5,0.22186951339244843,0.2717832028865814,0.659923791885376,0.7702329754829407,0.23354826867580414,0,-1,0,0,0.0,2.0,185,2.9290785789489746,0,0.0,0,0.0,0,3.163496494293213,0,5
SH,FVD,17,1033,178,178,17.8,0.3831626772880554,0.5126847624778748,6.9978814125061035,8.95036506652832,0.9517965316772461,0,-1,1,178,1.0,2.0,178,1.074808120727539,0,0.0,0,0.0,0,9.393836975097656,0,5
SH,FVD,17,1034,182,182,18.2,0.29907527565956116,0.3851466476917267,4.107143878936768,4.752153396606445,0.6545410752296448,0,-1,0,0,0.0,2.0,182,2.572166681289673,0,0.0,0,0.0,0,1.5197352170944214,2,7
SH,FVD,17,1035,359,359,35.9,0.30186790227890015,0.43531203269958496,6.397109508514404,7.54844331741333,1.66644287109375,1,209,1,94,0.2618384401114206,2.0,209,0.0,0,0.0,0,0.0,0,0.0,1,6
SH,FVD,17,1036,145,145,14.5,0.5072280168533325,0.6545217037200928,3.6497764587402344,4.631261348724365,1.2239389419555664,0,-1,1,22,0.15172413793103448,2.0,145,0.9250016212463379,0,0.0,0,0.0,0,1.5647907257080078,0,5
SH,FVD,17,1037,476,476,47.6,0.36272603273391724,0.4799959361553192,2.5418267250061035,3.142760753631592,0.750423789024353,0,-1,1,129,0.2710084033613445,2.0,476,1.396446704864502,0,0.0,0,0.0,0,2.928287982940674,2,7
SH,FVD,17,1038,229,229,22.900000000000002,0.30697184801101685,0.35650327801704407,8.279684066772461,9.254620552062988,2.0486536026000977,1,76,1,76,0.3318777292576419,2.0,76,0.0,0,0.0,0,0.0,0,0.0,2,7
SH,FVD,17,1039,145,145,14.5,0.18755604326725006,0.2364049106836319,4.001861572265625,4.997791767120361,0.7341383695602417,0,-1,1,37,0.25517241379310346,2.0,145,1.3895483016967773,0,0.0,0,0.0,0,11.239148139953613,1,6
SH,FVD,17,1040,158,158,15.8,0.23507973551750183,0.2655051648616791,4.866763591766357,5.623039245605469,0.7465445399284363,0,-1,1,155,0.9810126582278481,2.0,158,1.8446074724197388,0,0.0,0,0.0,0,28.18450927734375,2,7
SH,FVD,17,1041,135,135,13.5,0.15038029849529266,0.22142091393470764,2.847205877304077,3.178342580795288,0.38779598474502563,0,-1,0,0,0.0,2.0,135,2.67177152633667,0,0.0,0,0.0,0,85.83102416992188,1,6
SH,FVD,17,1042,494,494,49.400000000000006,0.20258939266204834,0.2766623795032501,1.2620768547058105,1.581591248512268,0.2707378566265106,0,-1,1,61,0.12348178137651822,2.0,494,1.159929871559143,0,0.0,0,0.0,0,2.5810656547546387,1,6
SH,FVD,17,1043,351,351,35.1,0.18967342376708984,0.21950151026248932,4.370678424835205,5.090872764587402,0.7324990630149841,0,-1,1,351,1.0,2.0,351,0.9934444427490234,0,0.0,0,0.0,0,24.080360412597656,0,5
SH,FVD,17,1044,236,236,23.6,0.24482281506061554,0.3358795642852783,2.551661491394043,3.1350252628326416,0.6075385808944702,0,-1,1,22,0.09322033898305085,2.0,236,1.723984956741333,0,0.0,0,0.0,0,1.176174521446228,1,6
SH,FVD,17,1045,137,137,13.700000000000001,0.5179561972618103,0.6654929518699646,2.044423818588257,2.32563853263855,0.4919845163822174,1,127,1,81,0.5912408759124088,2.0,127,0.0,0,0.0,0,0.0,0,0.0,0,5
SH,FVD,17,1046,391,391,39.1,0.2822225093841553,0.4142260253429413,13.545980453491211,14.924569129943848,0.8152077198028564,0,-1,0,0,0.0,2.0,391,2.2237796783447266,0,0.0,0,0.0,0,3.9210729598999023,1,6
SH,FVD,17,1047,158,158,15.8,0.3689502775669098,0.4899962246417999,1.7082756757736206,1.9221268892288208,1.1223180294036865,1,68,1,68,0.43037974683544306,2.0,68,0.0,0,0.0,0,0.0,0,0.0,0,5
SH,FVD,17,1048,185,185,18.5,0.39129340648651123,0.48881083726882935,9.439949035644531,10.829325675964355,1.0757484436035156,0,-1,0,0,0.0,2.0,185,3.899195909500122,0,0.0,0,0.0,0,7.724454879760742,1,6
SH,FVD,17,1049,202,202,20.200000000000003,0.9944657683372498,1.2224516868591309,3.525865316390991,4.017323017120361,4.3083648681640625,1,79,1,79,0.3910891089108911,2.0,79,0.0,0,0.0,0,0.0,0,0.0,0,5
SH,FVD,17,1050,440,440,44.0,0.17457562685012817,0.20751169323921204,1.274578332901001,1.5195938348770142,0.19863274693489075,0,-1,1,338,0.7681818181818182,2.0,440,0.7874218821525574,0,0.0,0,0.0,0,1.9601998329162598,2,7
SH,FVD,17,1051,147,147,14.700000000000001,0.27063706517219543,0.3342268466949463,4.4106268882751465,5.531639099121094,0.7866503596305847,0,-1,0,0,0.0,2.0,147,3.8888988494873047,0,0.0,0,0.0,0,3.6585311889648438,1,6
SH,FVD,17,1052,145,145,14.5,0.3161761462688446,0.3850399851799011,6.339795112609863,7.582299709320068,0.9846410155296326,0,-1,1,7,0.04827586206896552,2.0,145,1.9875494241714478,0,0.0,0,0.0,0,29.632051467895508,2,7
SH,FVD,17,1053,350,350,35.0,0.2788243889808655,0.36501145362854004,6.706270694732666,7.684710502624512,0.40990880131721497,0,-1,0,0,0.0,2.0,350,2.0525081157684326,0,0.0,0,0.0,0,4.9229207038879395,2,7
SH,FVD,17,1054,194,194,19.400000000000002,0.23112277686595917,0.2701749801635742,10.054910659790039,11.7869234085083,0.9470147490501404,0,-1,0,0,0.0,2.0,194,3.1477882862091064,0,0.0,0,0.0,0,8.220316886901855,1,6
SH,FVD,17,1055,145,145,14.5,0.47619640827178955,0.521183967590332,17.07201385498047,20.675729751586914,2.287398099899292,0,-1,1,145,1.0,2.0,145,0.8743758797645569,0,0.0,0,0.0,0,25.757354736328125,0,5
SH,FVD,17,1056,150,150,15.0,0.4998164474964142,0.6212944984436035,7.113807201385498,9.065689086914062,0.9403515458106995,0,-1,1,111,0.74,2.0,150,0.8705826997756958,0,0.0,0,0.0,0,22.562606811523438,1,6
SH,FVD,17,1057,199,199,19.900000000000002,0.17008249461650848,0.20802265405654907,5.060729503631592,5.961688995361328,0.5700064897537231,0,-1,1,199,1.0,2.0,199,1.4199483394622803,0,0.0,0,0.0,0,27.367565155029297,1,6
SH,FVD,17,1058,1055,1055,105.5,0.25065308809280396,0.31408897042274475,10.123416900634766,10.818900108337402,8.118671417236328,1,508,1,508,0.4815165876777251,2.0,508,0.0,0,0.0,0,0.0,0,0.0,2,7
SH,FVD,17,1059,177,177,17.7,0.36055293679237366,0.4443626403808594,6.263922214508057,7.069061279296875,0.9781918525695801,0,-1,0,0,0.0,2.0,177,2.362075090408325,0,0.0,0,0.0,0,8.804265975952148,0,5
SH,FVD,17,1060,481,481,48.1,0.10918118059635162,0.1386774629354477,7.617824077606201,8.349630355834961,0.3634394109249115,0,-1,1,481,1.0,2.0,481,1.2796317338943481,0,0.0,0,0.0,0,25.117572784423828,2,7
SH,FVD,17,1061,1235,1235,123.5,0.3294770121574402,0.4573430120944977,3.8890023231506348,5.561314105987549,1.3097981214523315,1,985,1,641,0.5190283400809717,2.0,985,0.0,0,0.0,0,0.0,0,0.0,2,7
SH,FVD,17,1062,142,142,14.200000000000001,0.26002374291419983,0.31376418471336365,5.385725498199463,6.274515628814697,0.7664691805839539,0,-1,0,0,0.0,2.0,142,3.7189950942993164,0,0.0,0,0.0,0,6.723273277282715,1,6
SH,FVD,17,1063,612,612,61.2,0.4297714829444885,0.4938978850841522,5.348258018493652,5.903104782104492,0.6832427978515625,0,-1,1,576,0.9411764705882353,2.0,612,0.9881154894828796,0,0.0,0,0.0,0,12.091695785522461,1,6
SH,FVD,17,1064,212,212,21.200000000000003,0.23522871732711792,0.31600630283355713,2.2988224029541016,2.471771717071533,0.2765716016292572,0,-1,0,0,0.0,2.0,212,2.0459048748016357,0,0.0,0,0.0,0,8.708674430847168,2,7
SH,FVD,17,1065,370,370,37.0,0.1042962372303009,0.12896955013275146,7.456435203552246,9.026825904846191,0.5678327679634094,0,-1,1,35,0.0945945945945946,2.0,370,1.5879509449005127,0,0.0,0,0.0,0,45.782955169677734,2,7
SH,FVD,17,1066,363,363,36.300000000000004,0.4360118806362152,0.5303795337677002,5.8339433670043945,6.172259330749512,0.6521822810173035,0,-1,0,0,0.0,2.0,363,2.8626489639282227,0,0.0,0,0.0,0,4.148754596710205,1,6
SH,FVD,17,1067,159,159,15.9,0.6448079943656921,0.8538810014724731,10.62237548828125,12.782093048095703,1.5144151449203491,0,-1,1,24,0.1509433962264151,2.0,159,0.9514274597167969,0,0.0,0,0.0,0,2.5735294818878174,2,7
SH,FVD,17,1068,526,526,52.6,0.28452470898628235,0.3592924475669861,9.79819107055664,11.125829696655273,0.7891559600830078,1,496,1,53,0.10076045627376426,2.0,496,0.0,0,0.0,0,0.0,0,0.0,2,7
SH,FVD,17,1069,152,152,15.200000000000001,0.18596473336219788,0.25300559401512146,5.04763126373291,6.316357135772705,0.75118088722229,0,-1,1,152,1.0,2.0,152,0.9552311897277832,0,0.0,0,0.0,0,19.247459411621094,2,7
SH,FVD,17,1070,200,200,20.0,0.5359636545181274,0.6538152694702148,7.311298370361328,9.370427131652832,1.9234391450881958,1,135,1,135,0.675,2.0,135,0.0,0,0.0,0,0.0,0,0.0,0,5
SH,FVD,17,1071,667,667,66.7,0.3159249424934387,0.43088215589523315,4.7943243980407715,5.49506950378418,0.6115296483039856,0,-1,1,667,1.0,2.0,667,0.7927111983299255,0,0.0,0,0.0,0,6.380837917327881,2,7
SH,FVD,17,1072,254,254,25.400000000000002,0.4737255275249481,0.6530117988586426,11.842729568481445,18.872251510620117,1.562798261642456,1,55,1,55,0.21653543307086615,2.0,55,0.0,0,0.0,0,0.0,0,0.0,0,5
SH,FVD,17,1073,270,270,27.0,0.3462994694709778,0.4399617314338684,5.736697196960449,7.036049842834473,1.15022611618042,1,252,1,30,0.1111111111111111,2.0,252,0.0,0,0.0,0,0.0,0,0.0,1,6
SH,FVD,17,1074,538,538,53.800000000000004,0.21913588047027588,0.2776612937450409,2.9657580852508545,3.362011194229126,0.37886157631874084,0,-1,1,482,0.895910780669145,2.0,538,0.009045364335179329,0,0.0,0,0.0,0,0.04111102223396301,0,5
SH,FVD,17,1075,483,483,48.300000000000004,0.24344857037067413,0.2989822328090668,9.13797664642334,10.566985130310059,0.7335703372955322,0,-1,1,241,0.4989648033126294,2.0,483,1.0089761018753052,0,0.0,0,0.0,0,17.0001220703125,0,5
SH,FVD,17,1076,273,273,27.3,0.18235653638839722,0.25996702909469604,1.6425175666809082,1.8531203269958496,0.3079785704612732,1,266,1,199,0.7289377289377289,2.0,266,0.0,0,0.0,0,0.0,0,0.0,1,6
SH,FVD,17,1077,837,837,83.7,0.3503420650959015,0.5057535767555237,5.038796901702881,6.680002212524414,0.6726636290550232,0,-1,1,164,0.1959378733572282,2.0,837,0.5655142664909363,0,0.0,0,0.0,0,1.1290407180786133,2,7
SH,FVD,17,1078,269,269,26.900000000000002,0.3020686209201813,0.3988266587257385,21.553241729736328,23.989049911499023,1.4408929347991943,0,-1,1,12,0.04460966542750929,2.0,269,1.7230528593063354,0,0.0,0,0.0,0,5.260127067565918,2,7
SH,FVD,17,1079,325,325,32.5,0.3838168680667877,0.49670764803886414,14.293733596801758,16.012582778930664,1.3082361221313477,0,-1,0,0,0.0,2.0,325,2.6665799617767334,0,0.0,0,0.0,0,7.199890613555908,2,7
SH,FVD,17,1080,441,441,44.1,0.24787907302379608,0.2943290174007416,4.554464340209961,4.8680100440979,0.3301250636577606,0,-1,1,441,1.0,2.0,441,1.0007357597351074,0,0.0,0,0.0,0,15.311159133911133,2,7
SH,FVD,17,1081,168,168,16.8,0.33069244027137756,0.39579108357429504,7.93264102935791,9.001684188842773,0.9250980615615845,0,-1,0,0,0.0,2.0,168,2.089019298553467,0,0.0,0,0.0,0,8.94433879852295,2,7
SH,FVD,17,1082,191,191,19.1,0.2540012001991272,0.30840909481048584,8.96426010131836,10.447649002075195,0.9212409257888794,0,-1,1,31,0.16230366492146597,2.0,191,1.373721718788147,0,0.0,0,0.0,0,2.8682749271392822,2,7
SH,FVD,17,1083,301,301,30.1,0.12729360163211823,0.1612955778837204,3.5375242233276367,4.17627477645874,0.2177223563194275,0,-1,1,301,1.0,2.0,301,1.0032035112380981,0,0.0,0,0.0,0,18.923709869384766,0,5
SH,FVD,17,1084,146,146,14.600000000000001,0.3443473279476166,0.3857707977294922,4.879000186920166,5.456705570220947,0.9226885437965393,0,-1,1,69,0.4726027397260274,2.0,146,1.3515797853469849,0,0.0,0,0.0,0,31.577457427978516,2,7
SH,FVD,17,1085,194,194,19.400000000000002,0.19099926948547363,0.2591153681278229,0.7492408156394958,0.8784187436103821,0.3181987702846527,0,-1,1,194,1.0,2.0,194,0.8828808069229126,0,0.0,0,0.0,0,2.6049115657806396,2,7
SH,FVD,17,1086,368,368,36.800000000000004,0.3307884931564331,0.4051171541213989,6.62092924118042,7.502703666687012,1.384049892425537,1,280,1,43,0.11684782608695653,2.0,280,0.0,0,0.0,0,0.0,0,0.0,1,6
SH,FVD,17,1087,138,138,13.8,0.39762547612190247,0.49770116806030273,3.6388988494873047,4.226570129394531,0.9347522258758545,0,-1,1,16,0.11594202898550725,2.0,138,1.1690696477890015,0,0.0,0,0.0,0,1.7936556339263916,1,6
SH,FVD,17,1088,662,662,66.2,0.3260786831378937,0.39076682925224304,4.812549591064453,5.657702922821045,0.5164992809295654,0,-1,1,662,1.0,2.0,662,1.6587910652160645,0,0.0,0,0.0,0,28.343372344970703,2,7
SH,FVD,17,1089,149,149,14.9,0.09138146787881851,0.11989236623048782,2.893080234527588,3.8297276496887207,0.5914816856384277,0,-1,0,0,0.0,2.0,149,2.3145060539245605,0,0.0,0,0.0,0,43.537784576416016,0,5
SH,FVD,17,1090,193,193,19.3,0.5932697653770447,0.6743136048316956,15.576436042785645,17.423646926879883,1.9347542524337769,0,-1,0,0,0.0,2.0,193,3.7795329093933105,0,0.0,0,0.0,0,17.02859115600586,0,5
SH,FVD,17,1091,400,400,40.0,0.2656838893890381,0.34110239148139954,1.2449378967285156,1.5083597898483276,0.4036282002925873,0,-1,1,400,1.0,2.0,400,1.0999356508255005,0,0.0,0,0.0,0,4.78697395324707,1,6
SH,FVD,17,1092,401,401,40.1,0.2827637493610382,0.40411606431007385,1.883609414100647,2.3785836696624756,0.7543068528175354,1,337,1,337,0.8403990024937655,2.0,337,0.0,0,0.0,0,0.0,0,0.0,1,6
SH,FVD,17,1093,324,324,32.4,0.27509844303131104,0.3341909646987915,10.440970420837402,12.5657377243042,0.8668736815452576,0,-1,1,244,0.7530864197530864,2.0,324,0.873099684715271,0,0.0,0,0.0,0,20.4454288482666,1,6
SH,FVD,17,1094,1075,1075,107.5,0.326570987701416,0.4264858365058899,9.829503059387207,10.384714126586914,5.754441261291504,1,179,1,179,0.16651162790697674,2.0,179,0.0,0,0.0,0,0.0,0,0.0,0,5
SH,FVD,17,1095,308,308,30.8,0.47856441140174866,0.6541826725006104,3.1616098880767822,3.834399700164795,2.4172518253326416,1,92,1,92,0.2987012987012987,2.0,92,0.0,0,0.0,0,0.0,0,0.0,2,7
SH,FVD,17,1096,644,644,64.4,0.3714941143989563,0.4947127401828766,6.530186176300049,7.1682538986206055,4.94935941696167,1,182,1,182,0.2826086956521739,2.0,182,0.0,0,0.0,0,0.0,0,0.0,2,7
SH,FVD,17,1097,155,155,15.5,0.46751508116722107,0.584555983543396,6.681182861328125,9.770753860473633,1.6282559633255005,0,-1,1,17,0.10967741935483871,2.0,155,1.7311328649520874,0,0.0,0,0.0,0,4.641082286834717,1,6
SH,FVD,17,1098,163,163,16.3,0.15189304947853088,0.19055351614952087,7.732001781463623,10.491308212280273,1.3020492792129517,0,-1,0,0,0.0,2.0,163,2.7308349609375,0,0.0,0,0.0,0,28.835710525512695,1,6
SH,FVD,17,1099,258,258,25.8,0.2078378051519394,0.28694912791252136,16.385698318481445,20.56378173828125,1.4843865633010864,0,-1,1,177,0.686046511627907,2.0,258,1.3821815252304077,0,0.0,0,0.0,0,9.997539520263672,1,6
SH,FVD,17,1100,156,156,15.600000000000001,0.4279823899269104,0.5906105637550354,4.244568824768066,5.516232967376709,0.6387215852737427,0,-1,1,156,1.0,2.0,156,0.23734307289123535,0,0.0,0,0.0,0,1.9429682493209839,1,6
SH,FVD,17,1101,232,232,23.200000000000003,0.19763177633285522,0.22776246070861816,1.150241494178772,1.3685671091079712,0.2124434858560562,0,-1,0,0,0.0,2.0,232,3.5562376976013184,0,0.0,0,0.0,0,2.300300359725952,2,7
SH,FVD,17,1102,338,338,33.800000000000004,0.2707865834236145,0.33714357018470764,5.102972984313965,6.469111919403076,0.7963853478431702,0,-1,1,287,0.849112426035503,2.0,338,0.8640647530555725,0,0.0,0,0.0,0,8.951162338256836,0,5
SH,FVD,17,1103,633,633,63.300000000000004,0.2118479460477829,0.27600395679473877,3.6421217918395996,4.305184364318848,0.4445117712020874,1,571,1,80,0.1263823064770932,2.0,571,0.0,0,0.0,0,0.0,0,0.0,2,7
SH,FVD,17,1104,138,138,13.8,0.12290818989276886,0.1544295698404312,0.7129174470901489,0.9548375606536865,0.13312563300132751,0,-1,0,0,0.0,2.0,138,2.1362431049346924,0,0.0,0,0.0,0,24.159656524658203,2,7
SH,FVD,17,1105,283,283,28.3,0.2566569149494171,0.32055357098579407,7.738731384277344,8.854752540588379,0.6931271553039551,0,-1,0,0,0.0,2.0,283,2.8636255264282227,0,0.0,0,0.0,0,6.476883411407471,0,5
SH,FVD,17,1106,238,238,23.8,0.2306419163942337,0.3141970634460449,13.457097053527832,15.104239463806152,0.9147869348526001,0,-1,0,0,0.0,2.0,238,3.63736891746521,0,0.0,0,0.0,0,13.136457443237305,1,6
SH,FVD,17,1107,200,200,20.0,0.2749751806259155,0.35404446721076965,2.7982800006866455,4.594867706298828,0.7753992676734924,0,-1,1,200,1.0,2.0,200,1.1404441595077515,0,0.0,0,0.0,0,15.197978973388672,1,6
SH,FVD,17,1108,315,315,31.5,0.4097065329551697,0.5417882800102234,25.70580291748047,29.231210708618164,1.6756740808486938,0,-1,0,0,0.0,2.0,315,2.1113195419311523,0,0.0,0,0.0,0,13.257855415344238,2,7
SH,FVD,17,1109,136,136,13.600000000000001,0.3185236155986786,0.42601656913757324,3.9299581050872803,5.759424686431885,1.2188940048217773,0,-1,0,0,0.0,2.0,136,9.3298978805542,0,0.0,0,0.0,0,21.498342514038086,2,7
SH,FVD,17,1110,220,220,22.0,0.3365054726600647,0.3872636556625366,1.1794493198394775,1.4509758949279785,0.6417787075042725,0,-1,1,44,0.2,2.0,220,1.9188193082809448,0,0.0,0,0.0,0,13.193685531616211,1,6
SH,FVD,17,1111,184,184,18.400000000000002,0.46848592162132263,0.5299456715583801,27.574403762817383,34.058284759521484,3.422694683074951,0,-1,0,0,0.0,2.0,184,3.643932580947876,0,0.0,0,0.0,0,45.872337341308594,0,5
SH,FVD,17,1112,177,177,17.7,0.463488906621933,0.5713638067245483,6.665816307067871,7.265369415283203,0.8216226100921631,0,-1,1,134,0.7570621468926554,2.0,177,1.513318657875061,0,0.0,0,0.0,0,5.229978561401367,1,6
SH,FVD,17,1113,253,253,25.3,0.3081820011138916,0.41588094830513,14.337525367736816,16.997276306152344,1.2672288417816162,0,-1,0,0,0.0,2.0,253,3.936211347579956,0,0.0,0,0.0,0,69.38276672363281,1,6
SH,FVD,17,1114,178,178,17.8,0.5213409066200256,0.6988986730575562,4.4480180740356445,5.070409297943115,1.3587205410003662,1,116,1,116,0.651685393258427,2.0,116,0.0,0,0.0,0,0.0,0,0.0,1,6
SH,FVD,17,1115,274,274,27.400000000000002,0.503696858882904,0.6112123727798462,10.903879165649414,13.88514232635498,1.6201506853103638,1,207,1,40,0.145985401459854,2.0,207,0.0,0,0.0,0,0.0,0,0.0,1,6
SH,FVD,17,1116,282,282,28.200000000000003,0.18922461569309235,0.24693024158477783,3.6319098472595215,4.046898365020752,0.39799559116363525,0,-1,1,282,1.0,2.0,282,0.5687859058380127,0,0.0,0,0.0,0,2.975694417953491,1,6
SH,FVD,17,1117,148,148,14.8,0.3002158999443054,0.38693860173225403,10.452072143554688,12.461494445800781,1.5341286659240723,0,-1,0,0,0.0,2.0,148,3.918539047241211,0,0.0,0,0.0,0,6.217831134796143,0,5
SH,FVD,17,1118,373,373,37.300000000000004,0.24846044182777405,0.3291953504085541,7.3774919509887695,8.79298210144043,0.7974098920822144,0,-1,1,283,0.7587131367292225,2.0,373,1.676523208618164,0,0.0,0,0.0,0,24.23195457458496,1,6
SH,FVD,17,1119,204,204,20.400000000000002,1.250454068183899,1.4952157735824585,26.48324203491211,29.65969467163086,3.6310157775878906,0,-1,1,41,0.20098039215686275,2.0,204,1.3931306600570679,0,0.0,0,0.0,0,10.459392547607422,0,5
SH,FVD,17,1120,198,198,19.8,0.13302777707576752,0.19798293709754944,8.794005393981934,11.152831077575684,1.1460217237472534,0,-1,1,14,0.0707070707070707,2.0,198,1.9321846961975098,0,0.0,0,0.0,0,40.44706726074219,2,7
SH,FVD,17,1121,332,332,33.2,0.5325765609741211,0.748714804649353,12.86802864074707,15.930500984191895,1.549521803855896,0,-1,0,0,0.0,2.0,332,2.530702829360962,0,0.0,0,0.0,0,32.70314407348633,2,7
SH,FVD,17,1122,207,207,20.700000000000003,0.3524802327156067,0.44086214900016785,5.872046947479248,7.452707767486572,0.7317066192626953,0,-1,0,0,0.0,2.0,207,3.950850009918213,0,0.0,0,0.0,0,6.820285320281982,1,6
SH,FVD,17,1123,878,878,87.80000000000001,0.36733749508857727,0.4976116120815277,4.843858242034912,6.043911457061768,1.527218222618103,1,510,1,115,0.13097949886104784,2.0,510,0.0,0,0.0,0,0.0,0,0.0,1,6
SH,FVD,17,1124,208,208,20.8,0.29747527837753296,0.40369412302970886,7.341718673706055,8.455412864685059,0.8588511347770691,0,-1,1,54,0.25961538461538464,2.0,208,1.4948275089263916,0,0.0,0,0.0,0,7.457382678985596,0,5
SH,FVD,17,1125,225,225,22.5,0.5712024569511414,0.7731326818466187,8.671052932739258,11.026738166809082,1.5507687330245972,1,190,1,190,0.8444444444444444,2.0,190,0.0,0,0.0,0,0.0,0,0.0,1,6
SH,FVD,17,1126,242,242,24.200000000000003,0.20817995071411133,0.24473753571510315,2.221687078475952,2.8761613368988037,0.6853936910629272,0,-1,1,242,1.0,2.0,242,1.4565411806106567,0,0.0,0,0.0,0,22.449480056762695,1,6
SH,FVD,17,1127,419,419,41.900000000000006,0.1463632583618164,0.19027119874954224,24.61414337158203,30.700923919677734,1.3752164840698242,0,-1,0,0,0.0,2.0,419,2.596513271331787,0,0.0,0,0.0,0,62.199554443359375,2,7
SH,FVD,17,1128,574,574,57.400000000000006,0.3426716923713684,0.4423171281814575,7.276422500610352,8.152437210083008,5.535756587982178,1,103,1,103,0.1794425087108014,2.0,103,0.0,0,0.0,0,0.0,0,0.0,2,7
SH,FVD,17,1129,563,563,56.300000000000004,0.19076649844646454,0.25376567244529724,3.465019702911377,3.921407461166382,0.434825599193573,0,-1,0,0,0.0,2.0,563,2.1480374336242676,0,0.0,0,0.0,0,5.578967094421387,2,7
SH,FVD,17,1130,510,510,51.0,0.3051590919494629,0.37902921438217163,24.271421432495117,30.160091400146484,1.4768693447113037,0,-1,0,0,0.0,2.0,510,3.5114965438842773,0,0.0,0,0.0,0,3.7598378658294678,2,7
SH,FVD,17,1131,216,216,21.6,0.5314527153968811,0.6974551677703857,5.632184982299805,7.097782611846924,1.2103826999664307,0,-1,1,67,0.3101851851851852,2.0,216,0.6935995221138,0,0.0,0,0.0,0,3.595136880874634,1,6
SH,FVD,17,1132,381,381,38.1,0.36335939168930054,0.4618922770023346,4.825979709625244,6.413418292999268,1.0202752351760864,1,349,1,349,0.916010498687664,2.0,349,0.0,0,0.0,0,0.0,0,0.0,2,7
SH,FVD,17,1133,259,259,25.900000000000002,0.3973652422428131,0.535435140132904,44.28662109375,52.32509231567383,3.384117364883423,0,-1,1,259,1.0,2.0,259,1.0691689252853394,0,0.0,0,0.0,0,23.7292423248291,1,6
SH,FVD,17,1134,136,136,13.600000000000001,0.2004876285791397,0.2538948655128479,2.3470163345336914,2.7069787979125977,0.4133285582065582,0,-1,1,62,0.45588235294117646,2.0,136,1.632976770401001,0,0.0,0,0.0,0,20.94862174987793,0,5
SH,FVD,17,1135,206,206,20.6,0.23109382390975952,0.27970069646835327,1.5108379125595093,1.6910274028778076,0.43616411089897156,0,-1,1,191,0.9271844660194175,2.0,206,1.0586382150650024,0,0.0,0,0.0,0,8.96549129486084,1,6
SH,FVD,17,1136,274,274,27.400000000000002,0.42797815799713135,0.5200169682502747,5.3036298751831055,6.404526710510254,1.03541100025177,0,-1,0,0,0.0,2.0,274,2.462993860244751,0,0.0,0,0.0,0,14.41158390045166,2,7
SH,FVD,17,1137,516,516,51.6,0.3409120440483093,0.44610434770584106,5.761473655700684,7.511727333068848,0.7825883030891418,0,-1,1,120,0.23255813953488372,2.0,516,1.138016700744629,0,0.0,0,0.0,0,2.696864604949951,1,6
SH,FVD,17,1138,201,201,20.1,0.2517891526222229,0.3120225667953491,2.4075002670288086,3.3210947513580322,0.5212724804878235,0,-1,1,101,0.5024875621890548,2.0,201,1.0850905179977417,0,0.0,0,0.0,0,7.73648738861084,2,7
SH,FVD,17,1139,232,232,23.200000000000003,0.29189950227737427,0.3602229654788971,4.8544416427612305,5.249393939971924,0.7466470003128052,1,141,1,141,0.6077586206896551,2.0,141,0.0,0,0.0,0,0.0,0,0.0,0,5
SH,FVD,17,1140,138,138,13.8,0.12896451354026794,0.168545201420784,2.079181671142578,2.3491456508636475,0.28340697288513184,0,-1,0,0,0.0,2.0,138,3.9584953784942627,0,0.0,0,0.0,0,26.43462371826172,0,5
SH,FVD,17,1141,459,459,45.900000000000006,0.21744444966316223,0.26817551255226135,4.546212673187256,5.989270210266113,0.7262541055679321,0,-1,1,373,0.8126361655773421,2.0,459,0.37163472175598145,0,0.0,0,0.0,0,3.5042006969451904,2,7
SH,FVD,17,1142,259,259,25.900000000000002,0.22884652018547058,0.29933252930641174,1.9974654912948608,2.191362142562866,0.2883412837982178,0,-1,0,0,0.0,2.0,259,2.220597743988037,0,0.0,0,0.0,0,13.137304306030273,2,7
SH,FVD,17,1143,147,147,14.700000000000001,0.30547457933425903,0.3851138949394226,3.9962265491485596,4.476914405822754,0.7624410390853882,0,-1,0,0,0.0,2.0,147,2.399630069732666,0,0.0,0,0.0,0,41.18154525756836,2,7
SH,FVD,17,1144,139,139,13.9,0.3600693345069885,0.46730583906173706,2.4943790435791016,2.950165271759033,0.8599133491516113,0,-1,0,0,0.0,2.0,139,3.293630599975586,0,0.0,0,0.0,0,3.3402044773101807,2,7
SH,FVD,17,1145,585,585,58.5,0.4038343131542206,0.5069628357887268,2.110522985458374,2.622086524963379,0.6095871329307556,0,-1,1,517,0.8837606837606837,2.0,585,0.7291727662086487,0,0.0,0,0.0,0,6.85996150970459,0,5
SH,FVD,17,1146,236,236,23.6,0.3452618718147278,0.42847394943237305,5.175169467926025,6.99027681350708,0.8812640309333801,0,-1,1,100,0.423728813559322,2.0,236,1.0542192459106445,0,0.0,0,0.0,0,5.435781002044678,2,7
SH,FVD,17,1147,202,202,20.200000000000003,0.1484125256538391,0.19354136288166046,8.99881649017334,11.095428466796875,0.9580146074295044,0,-1,1,202,1.0,2.0,202,0.7868092656135559,0,0.0,0,0.0,0,15.734711647033691,1,6
SH,FVD,17,1148,200,200,20.0,0.16463008522987366,0.19964174926280975,3.7322211265563965,4.944316387176514,0.4960925281047821,0,-1,1,200,1.0,2.0,200,0.9238748550415039,0,0.0,0,0.0,0,14.908388137817383,2,7
SH,FVD,17,1149,138,138,13.8,0.2982674241065979,0.4726412296295166,7.073907375335693,8.16312026977539,1.0002297163009644,0,-1,1,138,1.0,2.0,138,1.3040426969528198,0,0.0,0,0.0,0,17.342416763305664,1,6
SH,FVD,17,1150,254,254,25.400000000000002,0.687238872051239,0.8985818028450012,7.537676811218262,9.718332290649414,1.8125998973846436,1,248,1,63,0.24803149606299213,2.0,248,0.0,0,0.0,0,0.0,0,0.0,1,6
SH,FVD,17,1151,259,259,25.900000000000002,0.309358686208725,0.3649800419807434,11.535486221313477,15.314454078674316,1.3353264331817627,0,-1,1,259,1.0,2.0,259,1.5597882270812988,0,0.0,0,0.0,0,19.22919464111328,0,5
SH,FVD,17,1152,452,452,45.2,0.26474660634994507,0.3670264780521393,5.3127312660217285,6.459052085876465,1.5008891820907593,1,244,1,244,0.5398230088495575,2.0,244,0.0,0,0.0,0,0.0,0,0.0,0,5
SH,FVD,17,1153,211,211,21.1,0.3879201412200928,0.49319034814834595,1.307098627090454,1.6147178411483765,0.31654590368270874,0,-1,1,211,1.0,2.0,211,0.6688743233680725,0,0.0,0,0.0,0,5.887545108795166,0,5
SH,FVD,17,1154,180,180,18.0,0.32198217511177063,0.4684394896030426,4.99766731262207,5.732666969299316,0.5371003150939941,1,180,1,35,0.19444444444444445,2.0,180,0.0,0,0.0,0,0.0,0,0.0,0,5
SH,FVD,17,1155,452,452,45.2,0.23961041867733002,0.35339656472206116,17.638505935668945,19.122268676757812,1.0035277605056763,0,-1,1,29,0.06415929203539823,2.0,452,1.4184391498565674,0,0.0,0,0.0,0,9.523223876953125,1,6
SH,FVD,17,1156,776,776,77.60000000000001,0.32382932305336,0.4388393759727478,8.006854057312012,10.084144592285156,3.668523073196411,1,624,1,624,0.8041237113402062,2.0,624,0.0,0,0.0,0,0.0,0,0.0,1,6
SH,FVD,17,1157,181,181,18.1,0.2582273483276367,0.36687523126602173,5.192684650421143,7.13398551940918,1.1129577159881592,0,-1,1,135,0.7458563535911602,2.0,181,1.7007229328155518,0,0.0,0,0.0,0,27.200586318969727,0,5
SH,FVD,17,1158,317,317,31.700000000000003,0.2714312672615051,0.352902352809906,7.0686936378479,8.214568138122559,1.2696515321731567,0,-1,1,183,0.5772870662460567,2.0,317,0.900161623954773,0,0.0,0,0.0,0,8.385412216186523,2,7
SH,FVD,17,1159,245,245,24.5,0.45923367142677307,0.6023237705230713,2.3643851280212402,3.0185658931732178,2.2687015533447266,1,32,1,32,0.1306122448979592,2.0,32,0.0,0,0.0,0,0.0,0,0.0,1,6
SH,FVD,17,1160,237,237,23.700000000000003,0.28191256523132324,0.4311789870262146,3.8112850189208984,4.280269145965576,0.7791494727134705,1,159,1,159,0.6708860759493671,2.0,159,0.0,0,0.0,0,0.0,0,0.0,2,7
SH,FVD,17,1161,144,144,14.4,0.28874918818473816,0.3466889560222626,2.6271607875823975,2.955035924911499,0.84452885389328,1,144,1,30,0.20833333333333334,2.0,144,0.0,0,0.0,0,0.0,0,0.0,2,7
SH,FVD,17,1162,168,168,16.8,0.42688456177711487,0.5434193015098572,1.900251865386963,2.554762601852417,0.9825965166091919,1,110,1,70,0.4166666666666667,2.0,110,0.0,0,0.0,0,0.0,0,0.0,0,5
SH,FVD,17,1163,157,157,15.700000000000001,0.5045809149742126,0.5686511993408203,14.226612091064453,17.555166244506836,2.2477996349334717,0,-1,1,48,0.3057324840764331,2.0,157,1.281520962715149,0,0.0,0,0.0,0,11.064156532287598,2,7
SH,FVD,17,1164,624,624,62.400000000000006,0.6626887917518616,0.8362438082695007,8.266875267028809,9.605860710144043,7.300605773925781,1,101,1,101,0.16185897435897437,2.0,101,0.0,0,0.0,0,0.0,0,0.0,2,7
SH,FVD,17,1165,234,234,23.400000000000002,0.1470777690410614,0.19631141424179077,0.4482730031013489,0.5395709276199341,0.1812416911125183,0,-1,0,0,0.0,2.0,234,2.183753728866577,0,0.0,0,0.0,0,19.239660263061523,1,6
SH,FVD,17,1166,282,282,28.200000000000003,0.18813155591487885,0.22424647212028503,6.823742389678955,8.071630477905273,0.7612695097923279,0,-1,1,146,0.5177304964539007,2.0,282,1.2369073629379272,0,0.0,0,0.0,0,21.40603256225586,2,7
SH,FVD,17,1167,485,485,48.5,0.19623541831970215,0.2486249953508377,9.17741584777832,11.910234451293945,0.620328426361084,0,-1,1,264,0.5443298969072164,2.0,485,0.48437824845314026,0,0.0,0,0.0,0,3.2015480995178223,0,5
SH,FVD,17,1168,297,297,29.700000000000003,0.27954745292663574,0.3468857705593109,9.5901460647583,11.34490966796875,0.640007734298706,0,-1,1,140,0.4713804713804714,2.0,297,1.5121175050735474,0,0.0,0,0.0,0,11.74911117553711,0,5
SH,FVD,17,1169,240,240,24.0,0.34414130449295044,0.43987202644348145,9.614727973937988,10.530131340026855,0.7515963315963745,0,-1,0,0,0.0,2.0,240,3.1475131511688232,0,0.0,0,0.0,0,4.851673603057861,0,5
SH,FVD,17,1170,301,301,30.1,0.12054443359375,0.15795008838176727,5.99981689453125,8.671005249023438,0.819172739982605,0,-1,0,0,0.0,2.0,301,2.311321496963501,0,0.0,0,0.0,0,49.41908645629883,1,6
SH,FVD,17,1171,277,277,27.700000000000003,0.2135792225599289,0.26951080560684204,3.2118585109710693,3.7706727981567383,0.5647103190422058,1,277,1,36,0.1299638989169675,2.0,277,0.0,0,0.0,0,0.0,0,0.0,0,5
SH,FVD,17,1172,171,171,17.1,0.1443740427494049,0.2120320051908493,4.7516021728515625,5.097711086273193,0.3864315450191498,0,-1,1,171,1.0,2.0,171,0.7576770782470703,0,0.0,0,0.0,0,12.750829696655273,1,6
SH,FVD,17,1173,261,261,26.1,0.3262583017349243,0.4579019248485565,2.2737975120544434,2.878373146057129,0.6977159380912781,0,-1,1,215,0.8237547892720306,2.0,261,1.2745361328125,0,0.0,0,0.0,0,7.665829658508301,1,6
SH,FVD,17,1174,705,705,70.5,0.3004100024700165,0.3685920834541321,9.373531341552734,11.296210289001465,0.5391332507133484,0,-1,1,230,0.3262411347517731,2.0,705,0.9080228209495544,0,0.0,0,0.0,0,3.27160382270813,0,5
SH,FVD,17,1175,142,142,14.200000000000001,0.5923851132392883,0.7428401112556458,6.677519798278809,8.128396987915039,1.1914286613464355,0,-1,0,0,0.0,2.0,142,5.032378196716309,0,0.0,0,0.0,0,11.64324951171875,2,7
SH,FVD,17,1176,248,248,24.8,0.4668959379196167,0.5812811851501465,6.521249771118164,7.097110748291016,2.6700215339660645,1,67,1,67,0.2701612903225806,2.0,67,0.0,0,0.0,0,0.0,0,0.0,0,5
SH,FVD,17,1177,1263,1263,126.30000000000001,0.10140188783407211,0.13430100679397583,7.178836345672607,8.331883430480957,0.4186181426048279,0,-1,1,1118,0.885193982581156,2.0,1263,0.8547433614730835,0,0.0,0,0.0,0,12.738082885742188,2,7
SH,FVD,17,1178,792,792,79.2,0.2586914300918579,0.344755083322525,18.416555404663086,21.328868865966797,8.806934356689453,1,287,1,287,0.36237373737373735,2.0,287,0.0,0,0.0,0,0.0,0,0.0,0,5
SH,FVD,17,1179,213,213,21.3,0.4948439300060272,0.6421591639518738,14.804008483886719,17.128080368041992,1.3992444276809692,0,-1,0,0,0.0,2.0,213,3.669196367263794,0,0.0,0,0.0,0,11.072769165039062,0,5
SH,FVD,17,1180,469,469,46.900000000000006,0.1781013160943985,0.21638008952140808,7.904951572418213,11.557552337646484,0.8722904920578003,0,-1,1,469,1.0,2.0,469,1.31794273853302,0,0.0,0,0.0,0,20.845848083496094,0,5
SH,FVD,17,1181,235,235,23.5,0.32788634300231934,0.4313208758831024,1.1005871295928955,1.3696130514144897,0.3347783386707306,1,228,1,59,0.251063829787234,2.0,228,0.0,0,0.0,0,0.0,0,0.0,0,5
SH,FVD,17,1182,162,162,16.2,0.3922271728515625,0.4769386649131775,4.374482154846191,5.876732349395752,1.0777039527893066,0,-1,1,162,1.0,2.0,162,0.44044581055641174,0,0.0,0,0.0,0,5.945437908172607,1,6
SH,FVD,17,1183,211,211,21.1,0.30792713165283203,0.4513041079044342,8.887243270874023,10.036272048950195,4.985044956207275,1,52,1,52,0.24644549763033174,2.0,52,0.0,0,0.0,0,0.0,0,0.0,1,6
SH,FVD,17,1184,270,270,27.0,0.2829665541648865,0.3503451347351074,4.535972595214844,4.91964054107666,0.4625798463821411,0,-1,0,0,0.0,2.0,270,3.143010377883911,0,0.0,0,0.0,0,3.9632177352905273,0,5
SH,FVD,17,1185,199,199,19.900000000000002,0.2694213092327118,0.33977973461151123,1.60027015209198,1.8099620342254639,0.39821964502334595,0,-1,1,199,1.0,2.0,199,0.8775718212127686,0,0.0,0,0.0,0,7.270143032073975,2,7
SH,FVD,17,1186,737,737,73.7,0.2581450045108795,0.336607426404953,8.849732398986816,10.547828674316406,0.686708390712738,0,-1,1,628,0.8521031207598372,2.0,737,0.7724494934082031,0,0.0,0,0.0,0,11.409590721130371,2,7
SH,FVD,17,1187,177,177,17.7,0.3907761573791504,0.4938531219959259,1.8537037372589111,2.00929594039917,0.6240707635879517,0,-1,0,0,0.0,2.0,177,6.264908790588379,0,0.0,0,0.0,0,2.0061140060424805,2,7
SH,FVD,17,1188,145,145,14.5,0.21792058646678925,0.2662884593009949,2.015202760696411,2.3384339809417725,0.3161090314388275,0,-1,1,145,1.0,2.0,145,0.6493686437606812,0,0.0,0,0.0,0,7.411007404327393,1,6
SH,FVD,17,1189,347,347,34.7,0.39080652594566345,0.48839378356933594,4.438436031341553,5.715624809265137,1.2724034786224365,1,223,1,55,0.1585014409221902,2.0,223,0.0,0,0.0,0,0.0,0,0.0,2,7
SH,FVD,17,1190,389,389,38.900000000000006,0.431147038936615,0.6373184323310852,6.5497565269470215,8.147729873657227,1.126662015914917,0,-1,1,389,1.0,2.0,389,0.21853716671466827,0,0.0,0,0.0,0,1.2236837148666382,0,5
SH,FVD,17,1191,229,229,22.900000000000002,0.3415725529193878,0.4293413460254669,3.026127338409424,3.4873359203338623,2.9349257946014404,1,112,1,112,0.4890829694323144,2.0,112,0.0,0,0.0,0,0.0,0,0.0,0,5
SH,FVD,17,1192,363,363,36.300000000000004,0.36858323216438293,0.4387471079826355,5.842411041259766,6.7682623863220215,0.6886186599731445,0,-1,0,0,0.0,2.0,363,2.307603597640991,0,0.0,0,0.0,0,2.382772922515869,2,7
SH,FVD,17,1193,170,170,17.0,0.31442075967788696,0.4228304922580719,5.090228080749512,5.488419055938721,0.6039453148841858,0,-1,1,165,0.9705882352941176,2.0,170,1.3185153007507324,0,0.0,0,0.0,0,16.630170822143555,1,6
SH,FVD,17,1194,154,154,15.4,0.5306416749954224,0.6428672671318054,14.313175201416016,16.915252685546875,1.7991911172866821,0,-1,0,0,0.0,2.0,154,4.568519115447998,0,0.0,0,0.0,0,42.926631927490234,1,6
SH,FVD,17,1195,610,610,61.0,0.23529060184955597,0.28566354513168335,3.738025426864624,4.418120861053467,0.4832731783390045,0,-1,1,610,1.0,2.0,610,0.8367191553115845,0,0.0,0,0.0,0,10.912891387939453,1,6
SH,FVD,17,1196,527,527,52.7,0.3079206645488739,0.3820108473300934,6.265192031860352,7.428503513336182,0.978950023651123,1,455,1,177,0.33586337760910817,2.0,455,0.0,0,0.0,0,0.0,0,0.0,0,5
SH,FVD,17,1197,219,219,21.900000000000002,0.3173960745334625,0.3932085931301117,6.76174259185791,7.907546520233154,0.9920973181724548,0,-1,0,0,0.0,2.0,219,3.2343978881835938,0,0.0,0,0.0,0,5.325571537017822,2,7
SH,FVD,17,1198,142,142,14.200000000000001,0.2839418053627014,0.3364323377609253,3.5673882961273193,4.213910102844238,0.5205705165863037,0,-1,1,30,0.2112676056338028,2.0,142,1.4946255683898926,0,0.0,0,0.0,0,8.732124328613281,0,5
SH,FVD,17,1199,193,193,19.3,0.3170016407966614,0.4422798752784729,3.817970037460327,4.583838939666748,0.5167577266693115,0,-1,0,0,0.0,2.0,193,3.156315326690674,0,0.0,0,0.0,0,7.000304698944092,1,6
SH,FVD,17,1200,170,170,17.0,0.1471324861049652,0.18544070422649384,3.891671895980835,4.954485893249512,0.5158030986785889,0,-1,1,165,0.9705882352941176,2.0,170,1.6439707279205322,0,0.0,0,0.0,0,35.55577087402344,2,7
SH,FVD,17,1201,324,324,32.4,0.24715355038642883,0.40857791900634766,3.749340295791626,4.1712188720703125,2.106511116027832,1,107,1,107,0.33024691358024694,2.0,107,0.0,0,0.0,0,0.0,0,0.0,2,7
SH,FVD,17,1202,347,347,34.7,0.27467080950737,0.3400380611419678,12.237887382507324,13.656176567077637,0.6563002467155457,0,-1,0,0,0.0,2.0,347,2.222606897354126,0,0.0,0,0.0,0,4.172017574310303,2,7
SH,FVD,17,1203,220,220,22.0,0.575225293636322,0.7953997254371643,8.710088729858398,10.990968704223633,1.5377817153930664,1,186,1,29,0.1318181818181818,2.0,186,0.0,0,0.0,0,0.0,0,0.0,2,7
SH,FVD,17,1204,542,542,54.2,0.26198312640190125,0.3143640160560608,8.487909317016602,9.514602661132812,0.5043194890022278,0,-1,1,537,0.9907749077490775,2.0,542,1.7407609224319458,0,0.0,0,0.0,0,24.669315338134766,1,6
SH,FVD,17,1205,224,224,22.400000000000002,0.1622404009103775,0.20206274092197418,1.837023377418518,2.237902879714966,0.4935998022556305,0,-1,1,224,1.0,2.0,224,1.308243751525879,0,0.0,0,0.0,0,38.340030670166016,0,5
SH,FVD,17,1206,134,134,13.4,0.31404590606689453,0.3967522382736206,6.831516742706299,8.815857887268066,1.392081379890442,0,-1,1,134,1.0,2.0,134,0.5385527014732361,0,0.0,0,0.0,0,11.145042419433594,1,6
SH,FVD,17,1207,231,231,23.1,0.3314094841480255,0.44387027621269226,5.487361907958984,6.046154975891113,3.946848154067993,1,94,1,94,0.4069264069264069,2.0,94,0.0,0,0.0,0,0.0,0,0.0,0,5
SH,FVD,17,1208,305,305,30.5,0.40468260645866394,0.5041542649269104,3.312378168106079,4.4626264572143555,1.0778257846832275,1,255,1,255,0.8360655737704918,2.0,255,0.0,0,0.0,0,0.0,0,0.0,0,5
SH,FVD,17,1209,187,187,18.7,0.16671861708164215,0.22216826677322388,4.50201940536499,5.205639839172363,0.4123270511627197,0,-1,0,0,0.0,2.0,187,2.520155668258667,0,0.0,0,0.0,0,9.416234016418457,1,6
SH,FVD,17,1210,165,165,16.5,0.23951897025108337,0.35516566038131714,1.9181796312332153,2.1828742027282715,0.36748212575912476,0,-1,1,102,0.6181818181818182,2.0,165,0.8817469477653503,0,0.0,0,0.0,0,7.947240352630615,0,5
SH,FVD,17,1211,291,291,29.1,0.3146129250526428,0.4048716127872467,16.051401138305664,18.87830924987793,1.120575189590454,0,-1,1,83,0.2852233676975945,2.0,291,1.2990065813064575,0,0.0,0,0.0,0,10.222418785095215,1,6
SH,FVD,17,1212,143,143,14.3,0.2830185294151306,0.35648638010025024,2.4839582443237305,2.7705535888671875,0.5026285648345947,0,-1,1,143,1.0,2.0,143,0.6706884503364563,0,0.0,0,0.0,0,9.524353981018066,2,7
SH,FVD,17,1213,248,248,24.8,0.4774129092693329,0.6068938970565796,4.820558547973633,5.935489654541016,4.174295425415039,1,76,1,76,0.3064516129032258,2.0,76,0.0,0,0.0,0,0.0,0,0.0,1,6
SH,FVD,17,1214,346,346,34.6,0.15756678581237793,0.1900911182165146,1.4176372289657593,1.7565585374832153,0.36602991819381714,0,-1,1,315,0.9104046242774566,2.0,346,1.3730591535568237,0,0.0,0,0.0,0,24.915603637695312,1,6
SH,FVD,17,1215,270,270,27.0,0.2683710753917694,0.33931025862693787,5.898454666137695,7.605578899383545,1.351320505142212,0,-1,1,270,1.0,2.0,270,1.1333823204040527,0,0.0,0,0.0,0,22.29053497314453,1,6
SH,FVD,17,1216,500,500,50.0,0.32600533962249756,0.4206858277320862,9.425124168395996,12.563054084777832,1.0249524116516113,0,-1,1,134,0.268,2.0,500,0.9807815551757812,0,0.0,0,0.0,0,2.184199333190918,1,6
SH,FVD,17,1217,236,236,23.6,0.21638886630535126,0.26296037435531616,2.659348487854004,3.2948079109191895,0.5644409656524658,0,-1,1,235,0.9957627118644068,2.0,236,0.9589895606040955,0,0.0,0,0.0,0,15.158944129943848,0,5
SH,FVD,17,1218,137,137,13.700000000000001,0.360709011554718,0.4201670289039612,6.036609649658203,7.03714656829834,0.8822746872901917,0,-1,1,137,1.0,2.0,137,1.2398560047149658,0,0.0,0,0.0,0,9.602856636047363,1,6
SH,FVD,17,1219,164,164,16.400000000000002,0.33716732263565063,0.422181099653244,1.444340705871582,1.8320989608764648,0.4420999586582184,0,-1,0,0,0.0,2.0,164,2.955124855041504,0,0.0,0,0.0,0,3.8736393451690674,1,6
SH,FVD,17,1220,145,145,14.5,0.3466091752052307,0.41942134499549866,1.98554265499115,2.1649668216705322,0.4794754981994629,0,-1,0,0,0.0,2.0,145,2.5079619884490967,0,0.0,0,0.0,0,22.82505226135254,2,7
SH,FVD,17,1221,496,496,49.6,0.17685766518115997,0.22992907464504242,1.1349459886550903,1.3614977598190308,0.2884127199649811,0,-1,0,0,0.0,2.0,496,2.716403007507324,0,0.0,0,0.0,0,9.190227508544922,2,7
SH,FVD,17,1222,368,368,36.800000000000004,0.3354346752166748,0.4339422881603241,8.310127258300781,8.914460182189941,0.7612550854682922,0,-1,1,24,0.06521739130434782,2.0,368,0.7235097885131836,0,0.0,0,0.0,0,2.5534956455230713,0,5
SH,FVD,17,1223,239,239,23.900000000000002,0.2129768431186676,0.2575073838233948,2.2217154502868652,2.85737681388855,0.4591716229915619,0,-1,0,0,0.0,2.0,239,3.0208208560943604,0,0.0,0,0.0,0,3.3400259017944336,1,6
SH,FVD,17,1224,541,541,54.1,0.18595094978809357,0.24272218346595764,45.14226531982422,63.216121673583984,2.6327667236328125,0,-1,1,76,0.14048059149722736,2.0,541,1.1473209857940674,0,0.0,0,0.0,0,5.956791877746582,2,7
SH,FVD,17,1225,237,237,23.700000000000003,0.28869733214378357,0.3544149696826935,5.481320858001709,5.974338531494141,0.4339299499988556,0,-1,1,61,0.25738396624472576,2.0,237,1.3100277185440063,0,0.0,0,0.0,0,3.0059330463409424,0,5
SH,FVD,17,1226,197,197,19.700000000000003,0.26154375076293945,0.3539295196533203,10.648564338684082,11.920866012573242,0.8730992078781128,0,-1,0,0,0.0,2.0,197,3.6469883918762207,0,0.0,0,0.0,0,5.799656867980957,0,5
SH,FVD,17,1227,214,214,21.400000000000002,0.355130136013031,0.435024619102478,6.570278167724609,7.503196716308594,0.9972469806671143,0,-1,0,0,0.0,2.0,214,3.4847965240478516,0,0.0,0,0.0,0,4.399437427520752,1,6
SH,FVD,17,1228,305,305,30.5,0.43238821625709534,0.5898271799087524,5.336972713470459,6.318925857543945,2.518373489379883,1,254,1,254,0.8327868852459016,2.0,254,0.0,0,0.0,0,0.0,0,0.0,1,6
SH,FVD,17,1229,309,309,30.900000000000002,0.26784276962280273,0.307969331741333,27.47332000732422,34.34680938720703,1.9697662591934204,0,-1,1,309,1.0,2.0,309,1.1065936088562012,0,0.0,0,0.0,0,23.020105361938477,2,7
SH,FVD,17,1230,212,212,21.200000000000003,0.264832079410553,0.3504490852355957,4.2481842041015625,4.77138614654541,0.5194333791732788,0,-1,1,212,1.0,2.0,212,0.38416510820388794,0,0.0,0,0.0,0,4.744945526123047,0,5
SH,FVD,17,1231,311,311,31.1,0.22404175996780396,0.27515071630477905,3.2862002849578857,4.02762508392334,0.4652840495109558,0,-1,1,10,0.03215434083601286,2.0,311,1.462546706199646,0,0.0,0,0.0,0,1.6123311519622803,1,6
SH,FVD,17,1232,186,186,18.6,0.29355570673942566,0.3364846408367157,4.98843240737915,5.878083229064941,0.6060983538627625,0,-1,1,186,1.0,2.0,186,0.4859459102153778,0,0.0,0,0.0,0,8.625388145446777,2,7
SH,FVD,17,1233,131,131,13.100000000000001,0.5056664943695068,0.6148696541786194,5.237910270690918,6.258539199829102,0.9640934467315674,0,-1,1,65,0.4961832061068702,2.0,131,1.2829828262329102,0,0.0,0,0.0,0,6.450266361236572,2,7
SH,FVD,17,1234,254,254,25.400000000000002,0.3715994656085968,0.4237311780452728,10.125531196594238,17.635766983032227,2.19142746925354,0,-1,1,183,0.7204724409448819,2.0,254,1.5963644981384277,0,0.0,0,0.0,0,13.329031944274902,0,5
SH,FVD,17,1235,463,463,46.300000000000004,0.26212191581726074,0.3449596166610718,6.637051582336426,7.609537601470947,0.5592416524887085,1,436,1,82,0.1771058315334773,2.0,436,0.0,0,0.0,0,0.0,0,0.0,1,6
SH,FVD,17,1236,266,266,26.6,0.22303743660449982,0.3056991994380951,3.9725639820098877,4.941792011260986,0.8595317006111145,0,-1,1,260,0.9774436090225563,2.0,266,0.4678269624710083,0,0.0,0,0.0,0,3.2755064964294434,0,5
SH,FVD,17,1237,1208,1208,120.80000000000001,0.2958388924598694,0.40531089901924133,5.1051836013793945,6.1323699951171875,2.1448214054107666,1,848,1,848,0.7019867549668874,2.0,848,0.0,0,0.0,0,0.0,0,0.0,1,6
SH,FVD,17,1238,155,155,15.5,0.13024431467056274,0.17659752070903778,3.7960338592529297,4.472323417663574,0.5436582565307617,0,-1,1,155,1.0,2.0,155,1.7793116569519043,0,0.0,0,0.0,0,22.365659713745117,2,7
SH,FVD,17,1239,333,333,33.300000000000004,0.25071221590042114,0.3500767946243286,3.215020179748535,3.82900071144104,0.5262690782546997,1,310,1,310,0.9309309309309309,2.0,310,0.0,0,0.0,0,0.0,0,0.0,2,7
SH,FVD,17,1240,186,186,18.6,0.30413493514060974,0.40197691321372986,5.571269989013672,6.670295715332031,0.7307438850402832,0,-1,1,183,0.9838709677419355,2.0,186,1.0708192586898804,0,0.0,0,0.0,0,25.01984977722168,0,5
SH,FVD,17,1241,1347,1347,134.70000000000002,0.25287899374961853,0.34785524010658264,4.0938401222229,4.929402828216553,1.862959861755371,1,980,1,478,0.3548626577579807,2.0,980,0.0,0,0.0,0,0.0,0,0.0,2,7
SH,FVD,17,1242,415,415,41.5,0.18722298741340637,0.2435346096754074,5.768265724182129,7.603790760040283,0.5993583798408508,0,-1,1,415,1.0,2.0,415,1.1550190448760986,0,0.0,0,0.0,0,23.635574340820312,1,6
SH,FVD,17,1243,164,164,16.400000000000002,0.4831896424293518,0.6131179928779602,2.3813796043395996,2.7061188220977783,0.6566989421844482,0,-1,0,0,0.0,2.0,164,5.032103061676025,0,0.0,0,0.0,0,7.667942047119141,2,7
SH,FVD,17,1244,776,776,77.60000000000001,0.4414639472961426,0.6173404455184937,6.715572834014893,7.852414131164551,4.325876235961914,1,89,1,89,0.11469072164948453,2.0,89,0.0,0,0.0,0,0.0,0,0.0,2,7
SH,FVD,17,1245,158,158,15.8,0.09785386174917221,0.14848613739013672,0.672351598739624,0.8872159719467163,0.22020916640758514,0,-1,1,4,0.02531645569620253,2.0,158,1.9605615139007568,0,0.0,0,0.0,0,57.927886962890625,1,6
SH,FVD,17,1246,770,770,77.0,0.49352356791496277,0.7117197513580322,13.369832992553711,17.051950454711914,6.9611406326293945,1,126,1,126,0.16363636363636364,2.0,126,0.0,0,0.0,0,0.0,0,0.0,0,5
SH,FVD,17,1247,207,207,20.700000000000003,0.3140171766281128,0.3536361753940582,8.6993408203125,10.090770721435547,0.9460057616233826,0,-1,1,207,1.0,2.0,207,1.3442137241363525,0,0.0,0,0.0,0,18.134002685546875,2,7
SH,FVD,17,1248,805,805,80.5,0.36299991607666016,0.4972041845321655,6.745517730712891,10.227117538452148,0.8211973905563354,1,742,1,447,0.55527950310559,2.0,742,0.0,0,0.0,0,0.0,0,0.0,2,7
SH,FVD,17,1249,168,168,16.8,0.45696327090263367,0.5806421041488647,0.8885012865066528,1.2339891195297241,0.5750119686126709,0,-1,1,168,1.0,2.0,168,0.6668925285339355,0,0.0,0,0.0,0,6.786000728607178,1,6
SH,FVD,17,1250,296,296,29.6,0.349550724029541,0.4703799784183502,13.245615005493164,15.708999633789062,1.8145172595977783,0,-1,1,23,0.0777027027027027,2.0,296,0.5072387456893921,0,0.0,0,0.0,0,1.3469525575637817,1,6
SH,FVD,17,1251,1684,1684,168.4,0.311576247215271,0.4192696511745453,10.23399543762207,11.565491676330566,8.324708938598633,1,381,1,381,0.22624703087885986,2.0,381,0.0,0,0.0,0,0.0,0,0.0,1,6
SH,FVD,17,1252,329,329,32.9,0.4814113676548004,0.6449270248413086,5.199015140533447,5.77754545211792,2.595043420791626,1,47,1,47,0.14285714285714285,2.0,47,0.0,0,0.0,0,0.0,0,0.0,0,5
SH,FVD,17,1253,425,425,42.5,0.45900407433509827,0.5833635926246643,5.7304816246032715,8.216130256652832,3.6569247245788574,1,238,1,218,0.5129411764705882,2.0,238,0.0,0,0.0,0,0.0,0,0.0,1,6
SH,FVD,17,1254,138,138,13.8,0.4233090877532959,0.49712514877319336,1.646294116973877,1.7729756832122803,0.38716673851013184,0,-1,0,0,0.0,2.0,138,4.346701145172119,0,0.0,0,0.0,0,9.113337516784668,2,7
SH,FVD,17,1255,194,194,19.400000000000002,0.3201529383659363,0.37814652919769287,4.372311592102051,6.008327960968018,0.8086594939231873,0,-1,1,4,0.020618556701030927,2.0,194,1.9830988645553589,0,0.0,0,0.0,0,4.0658698081970215,0,5
SH,FVD,17,1256,208,208,20.8,0.5147177577018738,0.5949920415878296,9.855454444885254,11.062371253967285,1.0774527788162231,0,-1,0,0,0.0,2.0,208,2.461479902267456,0,0.0,0,0.0,0,3.260826349258423,1,6
SH,FVD,17,1257,178,178,17.8,0.2021520435810089,0.2757745087146759,12.831011772155762,15.56917667388916,1.6050478219985962,0,-1,1,178,1.0,2.0,178,1.2220206260681152,0,0.0,0,0.0,0,19.742847442626953,2,7
SH,FVD,17,1258,220,220,22.0,0.42625874280929565,0.5308154225349426,2.4786970615386963,3.0138983726501465,0.6153244972229004,1,186,1,186,0.8454545454545455,2.0,186,0.0,0,0.0,0,0.0,0,0.0,0,5
SH,FVD,17,1259,217,217,21.700000000000003,0.11813866347074509,0.1488298922777176,2.183335304260254,2.474630832672119,0.24452701210975647,0,-1,1,217,1.0,2.0,217,0.8047279119491577,0,0.0,0,0.0,0,20.784996032714844,2,7
SH,FVD,17,1260,150,150,15.0,0.2891269326210022,0.3887680470943451,6.287690162658691,6.992123603820801,0.6759652495384216,0,-1,0,0,0.0,2.0,150,2.0275754928588867,0,0.0,0,0.0,0,10.984772682189941,2,7
SH,FVD,17,1261,303,303,30.3,0.3155582547187805,0.5095946192741394,5.849265098571777,6.379488945007324,3.6879141330718994,1,204,1,204,0.6732673267326733,2.0,204,0.0,0,0.0,0,0.0,0,0.0,0,5
SH,FVD,17,1262,220,220,22.0,0.3240891098976135,0.38249391317367554,1.7505733966827393,2.1315178871154785,0.5291323065757751,0,-1,0,0,0.0,2.0,220,2.7011971473693848,0,0.0,0,0.0,0,3.6696043014526367,1,6
SH,FVD,17,1263,266,266,26.6,0.3421717882156372,0.45488443970680237,8.781268119812012,9.999792098999023,1.2826683521270752,0,-1,0,0,0.0,2.0,266,2.272282361984253,0,0.0,0,0.0,0,5.396023273468018,2,7
SH,FVD,17,1264,249,249,24.900000000000002,0.516362190246582,0.7013639211654663,13.33257007598877,17.191673278808594,1.721164584159851,0,-1,1,183,0.7349397590361446,2.0,249,1.0660135746002197,0,0.0,0,0.0,0,14.81395435333252,1,6
SH,FVD,17,1265,201,201,20.1,0.41666674613952637,0.5314011573791504,6.9609198570251465,8.434191703796387,0.8995893597602844,0,-1,0,0,0.0,2.0,201,2.7587461471557617,0,0.0,0,0.0,0,14.991016387939453,0,5
SH,FVD,17,1266,161,161,16.1,0.32981255650520325,0.40328893065452576,1.5829271078109741,2.2464523315429688,0.7204810976982117,0,-1,1,161,1.0,2.0,161,0.8934919238090515,0,0.0,0,0.0,0,7.371497631072998,1,6
SH,FVD,17,1267,186,186,18.6,0.18663863837718964,0.2917771637439728,0.8264322876930237,1.0074657201766968,0.4194698929786682,1,141,1,141,0.7580645161290323,2.0,141,0.0,0,0.0,0,0.0,0,0.0,1,6
SH,FVD,17,1268,917,917,91.7,0.5119847655296326,0.7249740362167358,4.487667083740234,5.720698833465576,3.502168893814087,1,252,1,115,0.12540894220283533,2.0,252,0.0,0,0.0,0,0.0,0,0.0,1,6
SH,FVD,17,1269,1035,1035,103.5,0.19023145735263824,0.2460041046142578,8.117206573486328,9.367023468017578,9.760096549987793,1,432,1,432,0.41739130434782606,2.0,432,0.0,0,0.0,0,0.0,0,0.0,0,5
SH,FVD,17,1270,499,499,49.900000000000006,0.13864001631736755,0.17504717409610748,27.813535690307617,30.631332397460938,0.8628663420677185,0,-1,1,499,1.0,2.0,499,1.698876976966858,0,0.0,0,0.0,0,32.056678771972656,1,6
SH,FVD,17,1271,400,400,40.0,0.21480561792850494,0.2700117528438568,9.584993362426758,10.982220649719238,0.5503485202789307,0,-1,1,400,1.0,2.0,400,0.06349117308855057,0,0.0,0,0.0,0,1.0032799243927002,2,7
SH,FVD,17,1272,245,245,24.5,0.4514826238155365,0.579669177532196,7.435764789581299,8.80527114868164,1.2740249633789062,0,-1,0,0,0.0,2.0,245,3.1342923641204834,0,0.0,0,0.0,0,4.249083995819092,2,7
SH,FVD,17,1273,308,308,30.8,0.44071173667907715,0.5011457800865173,19.18199920654297,21.672269821166992,1.413925051689148,0,-1,0,0,0.0,2.0,308,2.9554853439331055,0,0.0,0,0.0,0,7.251657009124756,0,5
SH,FVD,17,1274,165,165,16.5,0.2802242040634155,0.41503313183784485,12.727935791015625,15.01506233215332,1.6855700016021729,0,-1,0,0,0.0,2.0,165,2.832951784133911,0,0.0,0,0.0,0,7.386073589324951,1,6
SH,FVD,17,1275,733,733,73.3,0.18331238627433777,0.2452956587076187,2.4113729000091553,3.4944911003112793,0.2977322041988373,0,-1,1,90,0.12278308321964529,2.0,733,1.7730242013931274,0,0.0,0,0.0,0,6.496070384979248,1,6
SH,FVD,17,1276,449,449,44.900000000000006,0.5879571437835693,0.7487237453460693,6.679911136627197,7.684783935546875,3.865316867828369,1,76,1,76,0.16926503340757237,2.0,76,0.0,0,0.0,0,0.0,0,0.0,0,5
SH,FVD,17,1277,136,136,13.600000000000001,0.2897265553474426,0.36474624276161194,1.491951823234558,1.8768185377120972,0.5149095058441162,1,115,1,115,0.8455882352941176,2.0,115,0.0,0,0.0,0,0.0,0,0.0,1,6
SH,FVD,17,1278,279,279,27.900000000000002,0.39739975333213806,0.5154054760932922,3.642245054244995,4.18749475479126,0.7929667830467224,1,268,1,114,0.40860215053763443,2.0,268,0.0,0,0.0,0,0.0,0,0.0,0,5
SH,FVD,17,1279,358,358,35.800000000000004,0.6120112538337708,0.686427652835846,26.646352767944336,34.08530807495117,3.512849807739258,1,194,1,66,0.18435754189944134,2.0,194,0.0,0,0.0,0,0.0,0,0.0,1,6
SH,FVD,17,1280,153,153,15.3,0.5004631280899048,0.8342496752738953,0.9622472524642944,1.610581874847412,1.4264724254608154,1,144,1,144,0.9411764705882353,2.0,144,0.0,0,0.0,0,0.0,0,0.0,1,6
SH,FVD,17,1281,167,167,16.7,0.16427680850028992,0.21261803805828094,3.5843143463134766,4.349270820617676,0.5642632246017456,0,-1,1,167,1.0,2.0,167,0.7713711857795715,0,0.0,0,0.0,0,9.573990821838379,1,6
SH,FVD,17,1282,182,182,18.2,0.2694050967693329,0.37540653347969055,2.1129610538482666,2.679142951965332,0.6306960582733154,1,124,1,76,0.4175824175824176,2.0,124,0.0,0,0.0,0,0.0,0,0.0,0,5
SH,FVD,17,1283,169,169,16.900000000000002,0.3574625849723816,0.4952258765697479,4.225118637084961,4.584960460662842,0.5757257342338562,0,-1,1,54,0.31952662721893493,2.0,169,1.8880282640457153,0,0.0,0,0.0,0,5.387271881103516,2,7
SH,FVD,17,1284,710,710,71.0,0.34351348876953125,0.4917460083961487,3.005739688873291,3.953141450881958,0.6553970575332642,0,-1,1,710,1.0,2.0,710,0.13466963171958923,0,0.0,0,0.0,0,1.55898118019104,2,7
SH,FVD,17,1285,192,192,19.200000000000003,0.22693252563476562,0.2798672914505005,1.0096460580825806,1.6388746500015259,0.3913511335849762,0,-1,1,192,1.0,2.0,192,0.9583007097244263,0,0.0,0,0.0,0,17.583209991455078,0,5
SH,FVD,17,1286,151,151,15.100000000000001,0.16804398596286774,0.24498172104358673,2.9624626636505127,3.6442835330963135,0.46374836564064026,0,-1,0,0,0.0,2.0,151,3.179734468460083,0,0.0,0,0.0,0,60.01742935180664,1,6
SH,FVD,17,1287,308,308,30.8,0.2783382833003998,0.3713042140007019,5.157981872558594,6.119602680206299,0.7120584845542908,1,308,1,42,0.13636363636363635,2.0,308,0.0,0,0.0,0,0.0,0,0.0,1,6
SH,FVD,17,1288,131,131,13.100000000000001,0.30324581265449524,0.35857099294662476,7.106157302856445,8.669227600097656,1.2935056686401367,0,-1,1,13,0.09923664122137404,2.0,131,1.7070878744125366,0,0.0,0,0.0,0,4.744729995727539,0,5
SH,FVD,17,1289,164,164,16.400000000000002,0.258980393409729,0.30850234627723694,2.9277753829956055,3.6283812522888184,0.46751827001571655,0,-1,1,164,1.0,2.0,164,0.752568781375885,0,0.0,0,0.0,0,6.187813758850098,0,5
SH,FVD,17,1290,406,406,40.6,0.3256058096885681,0.41576260328292847,8.481524467468262,9.762255668640137,1.2401262521743774,0,-1,1,163,0.4014778325123153,2.0,406,0.7795583605766296,0,0.0,0,0.0,0,13.468832015991211,2,7
SH,FVD,17,1291,330,330,33.0,0.21218791604042053,0.25376883149147034,3.2986021041870117,3.7730631828308105,0.3242844343185425,0,-1,1,330,1.0,2.0,330,0.8193914890289307,0,0.0,0,0.0,0,9.09231185913086,1,6
SH,FVD,17,1292,230,230,23.0,0.20356468856334686,0.25104963779449463,2.013340711593628,2.6869101524353027,0.4907402992248535,1,212,1,28,0.12173913043478261,2.0,212,0.0,0,0.0,0,0.0,0,0.0,2,7
SH,FVD,17,1293,145,145,14.5,0.44825127720832825,0.6094383597373962,12.568974494934082,15.781009674072266,1.8078104257583618,0,-1,1,145,1.0,2.0,145,0.12617747485637665,0,0.0,0,0.0,0,1.2925000190734863,0,5
SH,FVD,17,1294,170,170,17.0,0.28840842843055725,0.34574535489082336,9.648660659790039,11.822145462036133,1.3686143159866333,0,-1,1,62,0.36470588235294116,2.0,170,1.413219690322876,0,0.0,0,0.0,0,12.473756790161133,0,5
SH,FVD,17,1295,189,189,18.900000000000002,0.544925332069397,0.7468772530555725,3.4743945598602295,4.229300022125244,0.831498384475708,0,-1,1,189,1.0,2.0,189,0.12572966516017914,0,0.0,0,0.0,0,0.4600815773010254,0,5
SH,FVD,17,1296,333,333,33.300000000000004,0.12221060693264008,0.159709170460701,1.6241205930709839,1.9870551824569702,0.2303324043750763,0,-1,1,333,1.0,2.0,333,0.5692213177680969,0,0.0,0,0.0,0,10.839845657348633,0,5
SH,FVD,17,1297,217,217,21.700000000000003,0.24856974184513092,0.3006261885166168,0.9922671914100647,1.3044378757476807,0.2008686512708664,1,205,1,64,0.29493087557603687,2.0,205,0.0,0,0.0,0,0.0,0,0.0,0,5
SH,FVD,17,1298,210,210,21.0,0.2691279947757721,0.3191913068294525,7.795759677886963,9.330806732177734,1.181035041809082,1,121,1,47,0.22380952380952382,2.0,121,0.0,0,0.0,0,0.0,0,0.0,1,6
SH,FVD,17,1299,418,418,41.800000000000004,0.25351011753082275,0.3417903184890747,2.1247289180755615,2.3843164443969727,0.9541704058647156,1,359,1,259,0.6196172248803827,2.0,359,0.0,0,0.0,0,0.0,0,0.0,2,7
SH,FVD,17,1300,175,175,17.5,0.1303929090499878,0.1551055759191513,0.4928337633609772,0.625715434551239,0.47293949127197266,1,91,1,30,0.17142857142857143,2.0,91,0.0,0,0.0,0,0.0,0,0.0,0,5
SH,FVD,17,1301,133,133,13.3,0.055053431540727615,0.07131797075271606,1.1861069202423096,1.554250717163086,0.2475576400756836,0,-1,0,0,0.0,2.0,133,4.455027103424072,0,0.0,0,0.0,0,90.69481658935547,0,5
SH,FVD,17,1302,162,162,16.2,0.24456650018692017,0.28207823634147644,4.991706371307373,5.92202091217041,0.6941584944725037,0,-1,0,0,0.0,2.0,162,2.475092649459839,0,0.0,0,0.0,0,15.281883239746094,2,7
SH,FVD,17,1303,283,283,28.3,0.6659775972366333,0.8838872313499451,9.842304229736328,14.076869010925293,2.0988352298736572,0,-1,1,55,0.19434628975265017,2.0,283,1.852952480316162,0,0.0,0,0.0,0,23.46141815185547,1,6
SH,FVD,17,1304,169,169,16.900000000000002,0.3267589211463928,0.4175402820110321,5.9703264236450195,6.913906097412109,1.1110857725143433,0,-1,1,53,0.3136094674556213,2.0,169,1.7703862190246582,0,0.0,0,0.0,0,22.970378875732422,0,5
SH,FVD,17,1305,352,352,35.2,0.28595539927482605,0.3496228754520416,14.35269832611084,16.565404891967773,1.2958735227584839,0,-1,1,241,0.6846590909090909,2.0,352,1.0926434993743896,0,0.0,0,0.0,0,25.785358428955078,0,5
SH,FVD,17,1306,532,532,53.2,0.45475515723228455,0.6237669587135315,15.317623138427734,19.393342971801758,4.691379070281982,1,191,1,114,0.21428571428571427,2.0,191,0.0,0,0.0,0,0.0,0,0.0,2,7
SH,FVD,17,1307,263,263,26.3,0.2321186661720276,0.2811236083507538,10.701614379882812,12.118513107299805,0.756641149520874,0,-1,1,60,0.22813688212927757,2.0,263,1.0624995231628418,0,0.0,0,0.0,0,7.140882968902588,1,6
SH,FVD,17,1308,146,146,14.600000000000001,0.3149035573005676,0.3801517188549042,10.642475128173828,12.822274208068848,1.3580104112625122,0,-1,1,146,1.0,2.0,146,1.0024546384811401,0,0.0,0,0.0,0,20.764039993286133,0,5
SH,FVD,17,1309,205,205,20.5,0.3496955335140228,0.42526552081108093,2.77386474609375,3.0291638374328613,0.5246133804321289,0,-1,0,0,0.0,2.0,205,3.2878646850585938,0,0.0,0,0.0,0,8.18435001373291,0,5
SH,FVD,17,1310,311,311,31.1,0.3056943416595459,0.3797193169593811,0.951897144317627,1.2510050535202026,0.4411051869392395,0,-1,1,59,0.18971061093247588,2.0,311,0.8586847186088562,0,0.0,0,0.0,0,0.1292104423046112,2,7
SH,FVD,17,1311,449,449,44.900000000000006,0.12571988999843597,0.16018852591514587,14.405414581298828,16.37840461730957,0.5353434085845947,0,-1,1,141,0.31403118040089084,2.0,449,1.4633598327636719,0,0.0,0,0.0,0,32.25543975830078,1,6
SH,FVD,17,1312,131,131,13.100000000000001,0.6625948548316956,0.8368625044822693,5.810862064361572,7.480898380279541,1.3211098909378052,0,-1,1,131,1.0,2.0,131,1.2093414068222046,0,0.0,0,0.0,0,9.192429542541504,1,6
SH,FVD,17,1313,439,439,43.900000000000006,0.28712794184684753,0.3628678619861603,7.535274028778076,9.169677734375,0.6938618421554565,0,-1,1,21,0.04783599088838269,2.0,439,1.6461888551712036,0,0.0,0,0.0,0,3.696218967437744,2,7
SH,FVD,17,1314,401,401,40.1,0.25770333409309387,0.3572671413421631,1.8108677864074707,2.75538969039917,0.40062621235847473,1,400,1,145,0.36159600997506236,2.0,400,0.0,0,0.0,0,0.0,0,0.0,0,5
SH,FVD,17,1315,164,164,16.400000000000002,0.24861294031143188,0.295680969953537,4.011358261108398,5.157692909240723,0.5579473972320557,0,-1,0,0,0.0,2.0,164,3.677839517593384,0,0.0,0,0.0,0,1.888689637184143,1,6
SH,FVD,17,1316,239,239,23.900000000000002,0.278177946805954,0.37203606963157654,5.790813446044922,7.256609916687012,0.9585803151130676,1,234,1,234,0.9790794979079498,2.0,234,0.0,0,0.0,0,0.0,0,0.0,2,7
SH,FVD,17,1317,405,405,40.5,0.222813680768013,0.2638600170612335,8.195411682128906,9.983638763427734,0.5673630237579346,0,-1,1,405,1.0,2.0,405,1.3548351526260376,0,0.0,0,0.0,0,33.50935363769531,0,5
SH,FVD,17,1318,353,353,35.300000000000004,0.16537658870220184,0.21831689774990082,3.2741522789001465,3.581881523132324,0.3335004150867462,0,-1,1,353,1.0,2.0,353,1.0409796237945557,0,0.0,0,0.0,0,10.593696594238281,0,5
SH,FVD,17,1319,194,194,19.400000000000002,0.2039281278848648,0.25503772497177124,3.5723984241485596,4.11347770690918,0.37464389204978943,0,-1,0,0,0.0,2.0,194,5.499154090881348,0,0.0,0,0.0,0,4.2000412940979,1,6
SH,FVD,17,1320,422,422,42.2,0.2579997479915619,0.3756159543991089,2.859863042831421,3.743048667907715,0.6777724623680115,1,398,1,120,0.2843601895734597,2.0,398,0.0,0,0.0,0,0.0,0,0.0,2,7
SH,FVD,17,1321,513,513,51.300000000000004,0.25865957140922546,0.3163852095603943,3.224257707595825,4.682372570037842,0.9283966422080994,1,498,1,498,0.9707602339181286,2.0,498,0.0,0,0.0,0,0.0,0,0.0,0,5
SH,FVD,17,1322,148,148,14.8,0.11927822232246399,0.14005225896835327,0.9843710660934448,1.0944314002990723,0.21054507791996002,0,-1,0,0,0.0,2.0,148,2.7769551277160645,0,0.0,0,0.0,0,37.34691619873047,1,6
SH,FVD,17,1323,190,190,19.0,0.1612759828567505,0.19565246999263763,1.6022943258285522,1.7434748411178589,0.23464886844158173,0,-1,1,190,1.0,2.0,190,0.9660615921020508,0,0.0,0,0.0,0,11.892132759094238,2,7
SH,FVD,17,1324,167,167,16.7,0.19594766199588776,0.230951726436615,1.0123649835586548,1.1473157405853271,0.275846928358078,0,-1,0,0,0.0,2.0,167,2.978598117828369,0,0.0,0,0.0,0,28.941219329833984,2,7
SH,FVD,17,1325,237,237,23.700000000000003,0.22309035062789917,0.27500447630882263,16.0742244720459,19.715715408325195,1.3345614671707153,0,-1,1,237,1.0,2.0,237,0.8108433485031128,0,0.0,0,0.0,0,12.393823623657227,1,6
SH,FVD,17,1326,333,333,33.300000000000004,0.3628509044647217,0.4449586570262909,18.921672821044922,27.459671020507812,2.1970860958099365,0,-1,1,59,0.17717717717717718,2.0,333,1.366190791130066,0,0.0,0,0.0,0,9.945857048034668,1,6
SH,FVD,17,1327,408,408,40.800000000000004,0.3074791729450226,0.419941246509552,2.7974693775177,3.479788064956665,0.6905960440635681,1,324,1,181,0.44362745098039214,2.0,324,0.0,0,0.0,0,0.0,0,0.0,0,5
SH,FVD,17,1328,375,375,37.5,0.29776906967163086,0.49122583866119385,4.960007190704346,6.979718208312988,0.8639559745788574,0,-1,0,0,0.0,2.0,375,2.241074323654175,0,0.0,0,0.0,0,4.799307346343994,0,5
SH,FVD,17,1329,172,172,17.2,0.6055922508239746,0.742634117603302,1.8154518604278564,2.2572519779205322,0.9188588857650757,0,-1,1,25,0.14534883720930233,2.0,172,1.2565306425094604,0,0.0,0,0.0,0,2.4642555713653564,0,5
SH,FVD,17,1330,271,271,27.1,0.6727626919746399,0.8581392765045166,5.439229965209961,6.674222469329834,1.4451138973236084,0,-1,1,103,0.3800738007380074,2.0,271,0.14589901268482208,0,0.0,0,0.0,0,0.571999728679657,1,6
SH,FVD,17,1331,379,379,37.9,0.46335354447364807,0.5750212669372559,5.5374531745910645,6.0342864990234375,0.6481930017471313,0,-1,0,0,0.0,2.0,379,2.3222835063934326,0,0.0,0,0.0,0,11.841526985168457,1,6
SH,FVD,17,1332,160,160,16.0,0.37210023403167725,0.4154747724533081,3.902892589569092,5.27098274230957,0.7096566557884216,0,-1,1,31,0.19375,2.0,160,1.703171730041504,0,0.0,0,0.0,0,2.053499221801758,2,7
SH,FVD,17,1333,196,196,19.6,0.4562186896800995,0.5299559235572815,11.841340065002441,14.212504386901855,1.2389373779296875,0,-1,1,34,0.17346938775510204,2.0,196,1.3379583358764648,0,0.0,0,0.0,0,3.0926578044891357,0,5
SH,FVD,17,1334,367,367,36.7,0.4552169442176819,0.626453697681427,5.22348165512085,6.2891316413879395,3.3090567588806152,1,102,1,102,0.2779291553133515,2.0,102,0.0,0,0.0,0,0.0,0,0.0,0,5
SH,FVD,17,1335,256,256,25.6,0.19117487967014313,0.36649540066719055,1.9540401697158813,2.635263681411743,0.40235766768455505,0,-1,1,11,0.04296875,2.0,256,1.941650629043579,0,0.0,0,0.0,0,40.667320251464844,0,5
SH,FVD,17,1336,708,708,70.8,0.2590431571006775,0.34361863136291504,13.500603675842285,17.066974639892578,0.5432950854301453,0,-1,0,0,0.0,2.0,708,2.3604798316955566,0,0.0,0,0.0,0,2.645704746246338,2,7
SH,FVD,17,1337,183,183,18.3,0.8179567456245422,1.0411876440048218,6.454094409942627,7.43890380859375,3.1013147830963135,1,109,1,109,0.5956284153005464,2.0,109,0.0,0,0.0,0,0.0,0,0.0,2,7
SH,FVD,17,1338,140,140,14.0,0.6016367673873901,0.6778731942176819,5.524372577667236,6.966564178466797,1.3581446409225464,0,-1,0,0,0.0,2.0,140,4.103459358215332,0,0.0,0,0.0,0,5.396365642547607,1,6
SH,FVD,17,1339,627,627,62.7,0.27409908175468445,0.34233349561691284,6.536837577819824,7.530613422393799,2.4619898796081543,1,346,1,38,0.06060606060606061,2.0,346,0.0,0,0.0,0,0.0,0,0.0,1,6
SH,FVD,17,1340,161,161,16.1,0.31934767961502075,0.46852388978004456,4.3649983406066895,5.561692714691162,0.8675013780593872,0,-1,1,161,1.0,2.0,161,0.7529634237289429,0,0.0,0,0.0,0,3.6788763999938965,2,7
SH,FVD,17,1341,471,471,47.1,0.34752529859542847,0.4511810541152954,6.448930740356445,7.80595588684082,2.1259450912475586,1,322,1,118,0.2505307855626327,2.0,322,0.0,0,0.0,0,0.0,0,0.0,0,5
SH,FVD,17,1342,217,217,21.700000000000003,0.35551100969314575,0.3944711685180664,2.1038269996643066,2.67789888381958,0.6956670880317688,0,-1,1,199,0.9170506912442397,2.0,217,1.58457350730896,0,0.0,0,0.0,0,16.233644485473633,1,6
SH,FVD,17,1343,164,164,16.400000000000002,0.4801401197910309,0.6575925946235657,3.4155642986297607,4.241578102111816,0.7178341746330261,0,-1,1,136,0.8292682926829268,2.0,164,0.4921683669090271,0,0.0,0,0.0,0,1.893422245979309,2,7
SH,FVD,17,1344,281,281,28.1,0.21614207327365875,0.27269309759140015,7.9775190353393555,8.63293743133545,0.676647424697876,0,-1,1,281,1.0,2.0,281,0.9119090437889099,0,0.0,0,0.0,0,19.535276412963867,0,5
SH,FVD,17,1345,192,192,19.200000000000003,0.2431672066450119,0.3712451159954071,11.362807273864746,13.847345352172852,1.535172462463379,0,-1,0,0,0.0,2.0,192,3.2894749641418457,0,0.0,0,0.0,0,5.457906246185303,1,6
SH,FVD,17,1346,1014,1014,101.4,0.46831488609313965,0.5998490452766418,5.678086757659912,7.107265472412109,2.601269483566284,1,739,1,152,0.14990138067061143,2.0,739,0.0,0,0.0,0,0.0,0,0.0,1,6
SH,FVD,17,1347,509,509,50.900000000000006,0.1723678708076477,0.2219770848751068,2.7048404216766357,3.2147161960601807,0.3642549514770508,0,-1,1,236,0.4636542239685658,2.0,509,1.8054711818695068,0,0.0,0,0.0,0,15.221966743469238,1,6
SH,FVD,17,1348,145,145,14.5,0.30868735909461975,0.35245177149772644,1.136059045791626,1.9513444900512695,0.6827939748764038,0,-1,1,83,0.5724137931034483,2.0,145,1.2012598514556885,0,0.0,0,0.0,0,4.586544990539551,1,6
SH,FVD,17,1349,560,560,56.0,0.5697210431098938,0.779339075088501,8.940678596496582,10.377259254455566,4.3767218589782715,1,190,1,102,0.18214285714285713,2.0,190,0.0,0,0.0,0,0.0,0,0.0,2,7
SH,FVD,17,1350,373,373,37.300000000000004,0.3053911030292511,0.38931789994239807,2.4890520572662354,2.8527255058288574,0.5329322218894958,0,-1,1,60,0.16085790884718498,2.0,373,0.34961920976638794,0,0.0,0,0.0,0,0.42031845450401306,2,7
SH,FVD,17,1351,156,156,15.600000000000001,0.18071113526821136,0.22945991158485413,4.044100284576416,5.259427547454834,0.6069220900535583,0,-1,0,0,0.0,2.0,156,2.890481472015381,0,0.0,0,0.0,0,2.38590407371521,2,7
SH,FVD,17,1352,265,265,26.5,0.26930442452430725,0.3416120707988739,3.1788811683654785,3.621151924133301,0.6531822681427002,0,-1,0,0,0.0,2.0,265,2.379711627960205,0,0.0,0,0.0,0,15.91612434387207,0,5
SH,FVD,17,1353,163,163,16.3,0.26533764600753784,0.3309899866580963,1.7922980785369873,2.028801202774048,0.5917017459869385,1,163,1,28,0.17177914110429449,2.0,163,0.0,0,0.0,0,0.0,0,0.0,2,7
SH,FVD,17,1354,253,253,25.3,0.5697694420814514,0.7773692607879639,8.494032859802246,10.346346855163574,1.4423530101776123,0,-1,1,111,0.43873517786561267,2.0,253,1.315245270729065,0,0.0,0,0.0,0,4.342628479003906,2,7
SH,FVD,17,1355,214,214,21.400000000000002,0.3702467083930969,0.4182743728160858,21.062673568725586,24.1308536529541,1.6609091758728027,0,-1,1,214,1.0,2.0,214,0.7072951197624207,0,0.0,0,0.0,0,16.069887161254883,2,7
SH,FVD,17,1356,546,546,54.6,0.45445916056632996,0.6216228604316711,3.3883056640625,3.7693254947662354,2.5657739639282227,1,106,1,106,0.19413919413919414,2.0,106,0.0,0,0.0,0,0.0,0,0.0,1,6
SH,FVD,17,1357,201,201,20.1,0.44162559509277344,0.5279337763786316,28.85814666748047,34.23975372314453,2.557098627090454,0,-1,1,201,1.0,2.0,201,0.6930949091911316,0,0.0,0,0.0,0,21.48569107055664,1,6
SH,FVD,17,1358,316,316,31.6,0.39590874314308167,0.5405965447425842,11.62452220916748,13.12938404083252,0.8042045831680298,0,-1,1,305,0.9651898734177216,2.0,316,0.5762675404548645,0,0.0,0,0.0,0,3.443962574005127,2,7
SH,FVD,17,1359,144,144,14.4,0.13909968733787537,0.19065432250499725,2.12392258644104,2.3886923789978027,0.2796782851219177,0,-1,1,144,1.0,2.0,144,0.9120771884918213,0,0.0,0,0.0,0,18.161718368530273,0,5
SH,FVD,17,1360,309,309,30.900000000000002,0.1377876251935959,0.16905029118061066,1.8940660953521729,2.1673030853271484,0.3486415147781372,0,-1,1,309,1.0,2.0,309,1.0253722667694092,0,0.0,0,0.0,0,8.983476638793945,0,5
SH,FVD,17,1361,170,170,17.0,0.2885090410709381,0.3657127618789673,8.10084342956543,9.120048522949219,0.8225294947624207,0,-1,0,0,0.0,2.0,170,3.4633495807647705,0,0.0,0,0.0,0,9.728561401367188,1,6
SH,FVD,17,1362,178,178,17.8,0.4160584509372711,0.5108214020729065,4.287883758544922,6.996811389923096,1.5386650562286377,0,-1,1,34,0.19101123595505617,2.0,178,1.3836082220077515,0,0.0,0,0.0,0,32.95856857299805,0,5
SH,FVD,17,1363,233,233,23.3,0.31878799200057983,0.45507287979125977,25.82486915588379,29.863012313842773,2.1738171577453613,0,-1,0,0,0.0,2.0,233,3.781931161880493,0,0.0,0,0.0,0,14.804862022399902,1,6
SH,FVD,17,1364,177,177,17.7,0.4138755202293396,0.5037750005722046,4.020568370819092,5.365771293640137,0.6407261490821838,0,-1,0,0,0.0,2.0,177,3.134613275527954,0,0.0,0,0.0,0,20.26063346862793,0,5
SH,FVD,17,1365,380,380,38.0,0.2632518708705902,0.3160468637943268,8.222599983215332,9.156036376953125,0.7508050799369812,0,-1,1,254,0.6684210526315789,2.0,380,1.6094675064086914,0,0.0,0,0.0,0,30.54296875,2,7
SH,FVD,17,1366,364,364,36.4,0.27443385124206543,0.37722769379615784,4.440858364105225,5.492700099945068,0.920735776424408,1,302,1,132,0.3626373626373626,2.0,302,0.0,0,0.0,0,0.0,0,0.0,0,5
SH,FVD,17,1367,226,226,22.6,0.25237879157066345,0.2938627600669861,1.847169280052185,2.3980979919433594,0.554472804069519,0,-1,1,100,0.4424778761061947,2.0,226,1.2384490966796875,0,0.0,0,0.0,0,14.62767505645752,1,6
SH,FVD,17,1368,562,562,56.2,0.21624919772148132,0.2901258170604706,5.644852638244629,6.9100341796875,0.44230687618255615,0,-1,1,562,1.0,2.0,562,0.9256702661514282,0,0.0,0,0.0,0,10.583431243896484,1,6
SH,FVD,17,1369,133,133,13.3,0.27407002449035645,0.3438713550567627,6.140092849731445,8.663554191589355,1.4900648593902588,0,-1,0,0,0.0,2.0,133,6.810299873352051,0,0.0,0,0.0,0,54.73857498168945,1,6
SH,FVD,17,1370,263,263,26.3,0.34471482038497925,0.41836369037628174,3.7488832473754883,4.631100654602051,3.5774612426757812,1,132,1,132,0.5019011406844106,2.0,132,0.0,0,0.0,0,0.0,0,0.0,2,7
SH,FVD,17,1371,380,380,38.0,0.3242461383342743,0.43877115845680237,1.9314478635787964,2.2560267448425293,0.5154800415039062,0,-1,0,0,0.0,2.0,380,2.2972028255462646,0,0.0,0,0.0,0,5.769649982452393,0,5
SH,FVD,17,1372,149,149,14.9,0.44036030769348145,0.5939225554466248,6.3263840675354,7.389632701873779,1.3885064125061035,1,100,1,54,0.3624161073825503,2.0,100,0.0,0,0.0,0,0.0,0,0.0,1,6
SH,FVD,17,1373,220,220,22.0,0.35649728775024414,0.44315069913864136,6.430440902709961,7.541562080383301,1.0363763570785522,0,-1,0,0,0.0,2.0,220,2.810600519180298,0,0.0,0,0.0,0,2.5162346363067627,2,7
SH,FVD,17,1374,217,217,21.700000000000003,0.3439047038555145,0.39422616362571716,10.054852485656738,11.451266288757324,0.859828770160675,0,-1,0,0,0.0,2.0,217,3.6630942821502686,0,0.0,0,0.0,0,7.078807353973389,2,7
SH,FVD,17,1375,227,227,22.700000000000003,0.24996742606163025,0.321807324886322,22.326017379760742,27.497989654541016,2.0176663398742676,0,-1,1,77,0.3392070484581498,2.0,227,1.4360687732696533,0,0.0,0,0.0,0,11.339845657348633,2,7
SH,FVD,17,1376,433,433,43.300000000000004,0.17497070133686066,0.21621115505695343,3.5369415283203125,3.8114144802093506,0.35096701979637146,0,-1,1,433,1.0,2.0,433,0.6542717814445496,0,0.0,0,0.0,0,12.020578384399414,0,5
SH,FVD,17,1377,217,217,21.700000000000003,0.42368078231811523,0.5675095915794373,4.433282375335693,5.2006707191467285,1.3674447536468506,1,208,1,208,0.9585253456221198,2.0,208,0.0,0,0.0,0,0.0,0,0.0,0,5
SH,FVD,17,1378,763,763,76.3,0.30090275406837463,0.4000374972820282,1.7292795181274414,2.2884511947631836,0.5456498861312866,0,-1,1,641,0.8401048492791612,2.0,763,0.28189122676849365,0,0.0,0,0.0,0,0.7448131442070007,0,5
SH,FVD,17,1379,193,193,19.3,0.2729184329509735,0.3436184525489807,5.121126651763916,5.577495098114014,0.5079576373100281,0,-1,0,0,0.0,2.0,193,5.678828239440918,0,0.0,0,0.0,0,8.848684310913086,2,7
SH,FVD,17,1380,453,453,45.300000000000004,0.4229006767272949,0.5978882908821106,7.996072292327881,9.12474536895752,2.9746978282928467,1,82,1,82,0.18101545253863136,2.0,82,0.0,0,0.0,0,0.0,0,0.0,2,7
SH,FVD,17,1381,179,179,17.900000000000002,0.21222473680973053,0.28093239665031433,4.825439929962158,5.483341693878174,0.4927408695220947,0,-1,0,0,0.0,2.0,179,2.7441229820251465,0,0.0,0,0.0,0,12.986581802368164,0,5
SH,FVD,17,1382,167,167,16.7,0.17265278100967407,0.21492287516593933,7.7986979484558105,10.672489166259766,1.361171841621399,0,-1,1,167,1.0,2.0,167,0.3818758428096771,0,0.0,0,0.0,0,6.653644561767578,0,5
SH,FVD,17,1383,274,274,27.400000000000002,0.06304369866847992,0.08157046139240265,0.9441860318183899,1.2464027404785156,0.18915514647960663,0,-1,0,0,0.0,2.0,274,3.1765098571777344,0,0.0,0,0.0,0,74.66077423095703,0,5
SH,FVD,17,1384,706,706,70.60000000000001,0.35535916686058044,0.4730314612388611,21.272705078125,22.818166732788086,1.2587662935256958,0,-1,1,43,0.060906515580736544,2.0,706,0.1560477912425995,0,0.0,0,0.0,0,0.7381469011306763,2,7
SH,FVD,17,1385,621,621,62.1,0.22465945780277252,0.29276716709136963,6.942847728729248,7.820206642150879,0.42257094383239746,0,-1,1,590,0.9500805152979066,2.0,621,1.2442517280578613,0,0.0,0,0.0,0,33.001197814941406,1,6
SH,FVD,17,1386,243,243,24.3,0.2709996700286865,0.3959288001060486,1.4686460494995117,1.994402289390564,0.718329906463623,1,229,1,229,0.9423868312757202,2.0,229,0.0,0,0.0,0,0.0,0,0.0,2,7
SH,FVD,17,1387,319,319,31.900000000000002,0.4203786849975586,0.5560528039932251,4.342759609222412,4.515147686004639,3.9316697120666504,1,43,1,43,0.13479623824451412,2.0,43,0.0,0,0.0,0,0.0,0,0.0,2,7
SH,FVD,17,1388,230,230,23.0,0.17998890578746796,0.22427254915237427,0.8769400715827942,1.1108981370925903,0.3050149977207184,0,-1,1,230,1.0,2.0,230,0.4305434823036194,0,0.0,0,0.0,0,9.328512191772461,0,5
SH,FVD,17,1389,180,180,18.0,0.438138484954834,0.6794800162315369,0.9701822996139526,1.4790241718292236,0.5888897180557251,1,167,1,146,0.8111111111111111,2.0,167,0.0,0,0.0,0,0.0,0,0.0,1,6
SH,FVD,17,1390,626,626,62.6,0.28799495100975037,0.4125499725341797,4.790560245513916,5.745393753051758,1.9786345958709717,1,365,1,365,0.5830670926517572,2.0,365,0.0,0,0.0,0,0.0,0,0.0,1,6
SH,FVD,17,1391,271,271,27.1,0.5113659501075745,0.678474485874176,5.926763534545898,6.650809288024902,4.18812894821167,1,57,1,57,0.21033210332103322,2.0,57,0.0,0,0.0,0,0.0,0,0.0,2,7
SH,FVD,17,1392,227,227,22.700000000000003,0.3372966945171356,0.4107320010662079,4.058066368103027,4.781830310821533,0.6894382834434509,0,-1,1,227,1.0,2.0,227,0.5194773077964783,0,0.0,0,0.0,0,10.224998474121094,0,5
SH,FVD,17,1393,168,168,16.8,0.2213401049375534,0.3167421519756317,3.6004819869995117,4.22857666015625,0.4454631209373474,0,-1,1,168,1.0,2.0,168,1.1648415327072144,0,0.0,0,0.0,0,16.844797134399414,2,7
SH,FVD,17,1394,279,279,27.900000000000002,0.16400687396526337,0.23223921656608582,4.390998363494873,4.971075534820557,0.5871439576148987,0,-1,1,98,0.35125448028673834,2.0,279,1.6829215288162231,0,0.0,0,0.0,0,7.063416004180908,2,7
SH,FVD,17,1395,201,201,20.1,0.2227586954832077,0.2823481857776642,7.119063377380371,9.047067642211914,0.9122300744056702,0,-1,1,201,1.0,2.0,201,0.9715185761451721,0,0.0,0,0.0,0,12.971762657165527,2,7
SH,FVD,17,1396,274,274,27.400000000000002,0.3172859251499176,0.37757641077041626,4.4105610847473145,5.201125144958496,1.0862637758255005,1,201,1,62,0.22627737226277372,2.0,201,0.0,0,0.0,0,0.0,0,0.0,1,6
SH,FVD,17,1397,184,184,18.400000000000002,0.31908708810806274,0.4150649905204773,2.3458352088928223,2.558607816696167,0.3444283604621887,0,-1,1,4,0.021739130434782608,2.0,184,1.8544228076934814,0,0.0,0,0.0,0,2.234212636947632,1,6
SH,FVD,17,1398,372,372,37.2,0.31100764870643616,0.4153512716293335,4.252377033233643,5.057777404785156,0.4914019703865051,0,-1,1,372,1.0,2.0,372,0.5049545168876648,0,0.0,0,0.0,0,6.813258171081543,0,5
SH,FVD,17,1399,157,157,15.700000000000001,0.2023795247077942,0.26681381464004517,8.994725227355957,10.835850715637207,1.2252554893493652,0,-1,0,0,0.0,2.0,157,2.3307549953460693,0,0.0,0,0.0,0,14.111186981201172,0,5
SH,FVD,17,1400,176,176,17.6,0.13783711194992065,0.1689336895942688,0.8213813900947571,1.3807213306427002,0.22313445806503296,0,-1,0,0,0.0,2.0,176,5.871037006378174,0,0.0,0,0.0,0,78.5683364868164,2,7
SH,FVD,17,1401,488,488,48.800000000000004,0.2417939305305481,0.3482363522052765,2.8266103267669678,3.45786190032959,0.5747759938240051,1,476,1,162,0.3319672131147541,2.0,476,0.0,0,0.0,0,0.0,0,0.0,0,5
SH,FVD,17,1402,190,190,19.0,0.36268889904022217,0.44833099842071533,1.9566669464111328,2.2461941242218018,0.48852190375328064,0,-1,1,53,0.2789473684210526,2.0,190,1.015212059020996,0,0.0,0,0.0,0,1.51357901096344,0,5
SH,FVD,17,1403,161,161,16.1,0.26092442870140076,0.33597010374069214,2.8221139907836914,3.8640429973602295,0.47009149193763733,0,-1,0,0,0.0,2.0,161,2.5606722831726074,0,0.0,0,0.0,0,32.004024505615234,0,5
SH,FVD,17,1404,174,174,17.400000000000002,0.2942677438259125,0.33787328004837036,7.323919296264648,9.92683219909668,0.9706959128379822,0,-1,1,5,0.028735632183908046,2.0,174,1.985361099243164,0,0.0,0,0.0,0,34.86002731323242,0,5
SH,FVD,17,1405,140,140,14.0,0.20283618569374084,0.23985715210437775,6.550515174865723,8.637752532958984,1.2814006805419922,0,-1,0,0,0.0,2.0,140,2.253357172012329,0,0.0,0,0.0,0,46.436988830566406,2,7
SH,FVD,17,1406,198,198,19.8,0.5171683430671692,0.6495769619941711,3.263019561767578,4.064417362213135,0.8445494771003723,0,-1,1,81,0.4090909090909091,2.0,198,1.5880050659179688,0,0.0,0,0.0,0,7.919332504272461,0,5
SH,FVD,17,1407,154,154,15.4,0.21937531232833862,0.26154598593711853,1.547668218612671,1.8450467586517334,0.34114524722099304,0,-1,1,41,0.2662337662337662,2.0,154,1.808005452156067,0,0.0,0,0.0,0,8.206270217895508,2,7
SH,FVD,17,1408,142,142,14.200000000000001,0.23351404070854187,0.2777564227581024,5.974501609802246,8.119203567504883,1.2124311923980713,0,-1,0,0,0.0,2.0,142,2.1315371990203857,0,0.0,0,0.0,0,48.59908676147461,1,6
SH,FVD,17,1409,161,161,16.1,0.24559928476810455,0.28553640842437744,3.523081064224243,4.890453815460205,0.6078876256942749,0,-1,1,70,0.43478260869565216,2.0,161,1.8879725933074951,0,0.0,0,0.0,0,19.361000061035156,1,6
SH,FVD,17,1410,527,527,52.7,0.25295332074165344,0.34873148798942566,3.3206169605255127,3.7733871936798096,0.44506725668907166,0,-1,1,527,1.0,2.0,527,0.165502667427063,0,0.0,0,0.0,0,2.9163904190063477,1,6
SH,FVD,17,1411,987,987,98.7,0.2705439031124115,0.38319161534309387,2.5811426639556885,2.842613458633423,1.719165325164795,1,33,1,33,0.03343465045592705,2.0,33,0.0,0,0.0,0,0.0,0,0.0,0,5
SH,FVD,17,1412,152,152,15.200000000000001,0.28199177980422974,0.35891181230545044,3.1951987743377686,3.6264021396636963,0.5037896037101746,0,-1,1,152,1.0,2.0,152,1.2943577766418457,0,0.0,0,0.0,0,7.2279438972473145,0,5
SH,FVD,17,1413,345,345,34.5,0.46099764108657837,0.5833578705787659,4.690214157104492,5.199208736419678,0.6518685817718506,0,-1,0,0,0.0,2.0,345,2.8938848972320557,0,0.0,0,0.0,0,13.049210548400879,0,5
SH,FVD,17,1414,156,156,15.600000000000001,0.41843390464782715,0.5165302157402039,2.602111339569092,2.9078097343444824,0.6210729479789734,0,-1,0,0,0.0,2.0,156,4.074241638183594,0,0.0,0,0.0,0,12.470122337341309,0,5
SH,FVD,17,1415,339,339,33.9,0.45005109906196594,0.5326634049415588,11.70228099822998,12.607122421264648,0.92905193567276,0,-1,1,4,0.011799410029498525,2.0,339,1.9482741355895996,0,0.0,0,0.0,0,6.347792148590088,2,7
SH,FVD,17,1416,276,276,27.6,0.09644339978694916,0.11531833559274673,6.734686851501465,8.439162254333496,0.4833851754665375,0,-1,0,0,0.0,2.0,276,2.960820436477661,0,0.0,0,0.0,0,64.06324005126953,0,5
SH,FVD,17,1417,150,150,15.0,0.3602931797504425,0.41776004433631897,2.7022006511688232,3.23128342628479,1.0831246376037598,0,-1,1,33,0.22,2.0,150,1.5376229286193848,0,0.0,0,0.0,0,35.56175231933594,0,5
SH,FVD,17,1418,293,293,29.3,0.3168371021747589,0.364605188369751,11.391963005065918,12.498544692993164,0.9482641816139221,0,-1,1,277,0.9453924914675768,2.0,293,1.0600874423980713,0,0.0,0,0.0,0,18.54010581970215,1,6
SH,FVD,17,1419,523,523,52.300000000000004,0.4062267243862152,0.5592568516731262,6.967701435089111,7.990907669067383,4.088711261749268,1,122,1,92,0.17590822179732313,2.0,122,0.0,0,0.0,0,0.0,0,0.0,1,6
SH,FVD,17,1420,159,159,15.9,0.23729009926319122,0.33143430948257446,6.28971004486084,7.383375644683838,0.8704336881637573,0,-1,0,0,0.0,2.0,159,3.2305335998535156,0,0.0,0,0.0,0,25.97402000427246,0,5
SH,FVD,17,1421,301,301,30.1,0.4835716485977173,0.6155694723129272,4.520265579223633,5.385165214538574,1.9254878759384155,1,114,1,114,0.3787375415282392,2.0,114,0.0,0,0.0,0,0.0,0,0.0,2,7
SH,FVD,17,1422,483,483,48.300000000000004,0.42559584975242615,0.5354010462760925,6.395108222961426,8.358798027038574,0.908449649810791,1,473,1,102,0.2111801242236025,2.0,473,0.0,0,0.0,0,0.0,0,0.0,1,6
SH,FVD,17,1423,319,319,31.900000000000002,0.5210766196250916,0.6139388680458069,3.6478776931762695,4.44577693939209,1.089800477027893,0,-1,1,42,0.13166144200626959,2.0,319,1.6001578569412231,0,0.0,0,0.0,0,7.007952690124512,0,5
SH,FVD,17,1424,379,379,37.9,0.26084014773368835,0.3555346727371216,2.3603498935699463,2.84596848487854,0.36085426807403564,1,350,1,350,0.9234828496042217,2.0,350,0.0,0,0.0,0,0.0,0,0.0,2,7
SH,FVD,17,1425,662,662,66.2,0.4127269983291626,0.5409336686134338,6.852485179901123,8.063836097717285,0.7447472214698792,0,-1,1,572,0.8640483383685801,2.0,662,1.1501562595367432,0,0.0,0,0.0,0,11.812582015991211,1,6
SH,FVD,17,1426,310,310,31.0,0.3221152424812317,0.4143832325935364,10.717469215393066,12.134953498840332,1.0586055517196655,0,-1,1,310,1.0,2.0,310,0.7109394669532776,0,0.0,0,0.0,0,13.161391258239746,1,6
SH,FVD,17,1427,265,265,26.5,0.4049282371997833,0.5741663575172424,2.5759317874908447,3.0980894565582275,1.4954577684402466,1,151,1,151,0.569811320754717,2.0,151,0.0,0,0.0,0,0.0,0,0.0,1,6
SH,FVD,17,1428,206,206,20.6,0.3065195083618164,0.38572150468826294,3.2286441326141357,3.934058666229248,0.6802104711532593,0,-1,0,0,0.0,2.0,206,2.1374354362487793,0,0.0,0,0.0,0,19.242856979370117,2,7
SH,FVD,17,1429,443,443,44.300000000000004,0.3484332859516144,0.46362489461898804,2.342446804046631,2.935112714767456,0.7377703189849854,0,-1,1,389,0.8781038374717833,2.0,443,0.5708744525909424,0,0.0,0,0.0,0,2.8172268867492676,1,6
SH,FVD,17,1430,150,150,15.0,0.5430843830108643,0.7008224725723267,6.749677658081055,8.04428768157959,1.0873929262161255,0,-1,0,0,0.0,2.0,150,2.7184336185455322,0,0.0,0,0.0,0,8.225531578063965,1,6
SH,FVD,17,1431,207,207,20.700000000000003,0.25844720005989075,0.34663113951683044,2.92010760307312,3.300246477127075,0.5654159188270569,0,-1,1,207,1.0,2.0,207,1.0402021408081055,0,0.0,0,0.0,0,25.069656372070312,0,5
SH,FVD,17,1432,495,495,49.5,0.31557267904281616,0.42184358835220337,19.64565658569336,22.135528564453125,1.306856632232666,0,-1,1,21,0.04242424242424243,2.0,495,0.6648743748664856,0,0.0,0,0.0,0,1.9190033674240112,1,6
SH,FVD,17,1433,223,223,22.3,0.15442903339862823,0.2010865956544876,2.390697717666626,3.5964863300323486,0.567132830619812,0,-1,0,0,0.0,2.0,223,2.5918307304382324,0,0.0,0,0.0,0,20.6997013092041,0,5
SH,FVD,17,1434,261,261,26.1,0.38454875349998474,0.4818430244922638,10.676877975463867,11.7789888381958,0.8659420013427734,0,-1,0,0,0.0,2.0,261,3.1539764404296875,0,0.0,0,0.0,0,6.664273262023926,2,7
SH,FVD,17,1435,207,207,20.700000000000003,0.36782118678092957,0.478031188249588,5.987643718719482,6.244467735290527,2.5811705589294434,1,120,1,120,0.5797101449275363,2.0,120,0.0,0,0.0,0,0.0,0,0.0,1,6
SH,FVD,17,1436,142,142,14.200000000000001,0.42363402247428894,0.5338391065597534,6.176411151885986,7.355937957763672,0.9192285537719727,0,-1,1,7,0.04929577464788732,2.0,142,1.9032191038131714,0,0.0,0,0.0,0,3.8855748176574707,2,7
SH,FVD,17,1437,232,232,23.200000000000003,0.4919443130493164,0.5968724489212036,4.155486583709717,5.033714771270752,1.0917809009552002,0,-1,1,197,0.8491379310344828,2.0,232,1.2714794874191284,0,0.0,0,0.0,0,25.04312515258789,1,6
SH,FVD,17,1438,330,330,33.0,0.19790062308311462,0.23155377805233002,4.384207248687744,5.313626289367676,0.5246094465255737,0,-1,1,330,1.0,2.0,330,0.8969860076904297,0,0.0,0,0.0,0,14.53840446472168,2,7
SH,FVD,17,1439,206,206,20.6,0.4872188866138458,0.5956533551216125,1.25131094455719,1.7829967737197876,0.7031644582748413,0,-1,1,35,0.16990291262135923,2.0,206,1.8818005323410034,0,0.0,0,0.0,0,7.712498188018799,0,5
SH,FVD,17,1440,230,230,23.0,0.5047850608825684,0.6744585037231445,3.6770856380462646,4.263131618499756,0.6666383147239685,0,-1,0,0,0.0,2.0,230,2.778425693511963,0,0.0,0,0.0,0,4.137026309967041,1,6
SH,FVD,17,1441,131,131,13.100000000000001,0.364626407623291,0.40692541003227234,4.109091281890869,4.69932746887207,0.8692569732666016,0,-1,0,0,0.0,2.0,131,3.5737509727478027,0,0.0,0,0.0,0,18.242708206176758,2,7
SH,FVD,17,1442,216,216,21.6,0.49047234654426575,0.545478880405426,7.45119571685791,8.86036205291748,2.2615699768066406,1,119,1,119,0.5509259259259259,2.0,119,0.0,0,0.0,0,0.0,0,0.0,2,7
SH,FVD,17,1443,138,138,13.8,0.32259896397590637,0.38461804389953613,2.8007259368896484,3.3506267070770264,0.49175146222114563,0,-1,1,138,1.0,2.0,138,0.6740862727165222,0,0.0,0,0.0,0,3.1466727256774902,0,5
SH,FVD,17,1444,1758,1758,175.8,0.4076370298862457,0.5394087433815002,5.989160060882568,6.568198204040527,3.57502818107605,1,669,1,183,0.10409556313993173,2.0,669,0.0,0,0.0,0,0.0,0,0.0,1,6
SH,FVD,17,1445,193,193,19.3,0.20756053924560547,0.24217940866947174,4.459301471710205,5.130282878875732,0.5996822714805603,0,-1,1,193,1.0,2.0,193,0.868889331817627,0,0.0,0,0.0,0,9.846256256103516,0,5
SH,FVD,17,1446,204,204,20.400000000000002,0.2414277344942093,0.27755531668663025,4.047091484069824,4.509914398193359,0.5782028436660767,0,-1,0,0,0.0,2.0,204,3.9097840785980225,0,0.0,0,0.0,0,4.978514194488525,1,6
SH,FVD,17,1447,566,566,56.6,0.36719533801078796,0.5619839429855347,3.8544399738311768,4.657528400421143,1.1174705028533936,1,272,1,272,0.48056537102473496,2.0,272,0.0,0,0.0,0,0.0,0,0.0,2,7
SH,FVD,17,1448,444,444,44.400000000000006,0.36937379837036133,0.5266261100769043,24.301387786865234,26.23046875,1.8505959510803223,1,417,1,417,0.9391891891891891,2.0,417,0.0,0,0.0,0,0.0,0,0.0,0,5
SH,FVD,17,1449,149,149,14.9,0.33174124360084534,0.39026275277137756,3.6812796592712402,4.2000885009765625,0.6777030229568481,0,-1,1,110,0.738255033557047,2.0,149,1.3504986763000488,0,0.0,0,0.0,0,23.64555549621582,2,7
SH,FVD,17,1450,143,143,14.3,0.37214598059654236,0.4518950581550598,8.783456802368164,10.635345458984375,1.3100088834762573,0,-1,0,0,0.0,2.0,143,4.040562152862549,0,0.0,0,0.0,0,6.1202168464660645,0,5
SH,FVD,17,1451,219,219,21.900000000000002,0.22140732407569885,0.2822299897670746,12.240999221801758,14.24826717376709,1.1938443183898926,0,-1,1,64,0.2922374429223744,2.0,219,1.807978630065918,0,0.0,0,0.0,0,31.799470901489258,0,5
SH,FVD,17,1452,187,187,18.7,0.2019311636686325,0.25499796867370605,9.987460136413574,11.417616844177246,0.913417398929596,0,-1,1,187,1.0,2.0,187,1.0430002212524414,0,0.0,0,0.0,0,28.247106552124023,2,7
SH,FVD,17,1453,132,132,13.200000000000001,0.15602567791938782,0.1847689300775528,0.9246561527252197,1.1154553890228271,0.3323182165622711,0,-1,1,132,1.0,2.0,132,1.7715026140213013,0,0.0,0,0.0,0,33.346031188964844,2,7
SH,FVD,17,1454,392,392,39.2,0.2284853607416153,0.27902236580848694,1.9092599153518677,2.1588902473449707,0.41708096861839294,0,-1,1,335,0.8545918367346939,2.0,392,1.6023207902908325,0,0.0,0,0.0,0,19.251943588256836,1,6
SH,FVD,17,1455,177,177,17.7,0.4677913784980774,0.5707574486732483,2.2960026264190674,2.9969849586486816,1.6551294326782227,1,85,1,85,0.480225988700565,2.0,85,0.0,0,0.0,0,0.0,0,0.0,1,6
SH,FVD,17,1456,152,152,15.200000000000001,0.2666567265987396,0.33356213569641113,3.722907543182373,4.511831760406494,0.645065188407898,0,-1,1,152,1.0,2.0,152,0.8915778398513794,0,0.0,0,0.0,0,9.953862190246582,1,6
SH,FVD,17,1457,391,391,39.1,0.43834388256073,0.5673362612724304,5.495092391967773,5.986106872558594,2.697467565536499,1,99,1,99,0.2531969309462916,2.0,99,0.0,0,0.0,0,0.0,0,0.0,2,7
SH,FVD,17,1458,179,179,17.900000000000002,0.41456907987594604,0.5011790990829468,4.681769371032715,7.329531669616699,1.1536067724227905,0,-1,1,179,1.0,2.0,179,0.7849554419517517,0,0.0,0,0.0,0,8.191633224487305,1,6
SH,FVD,17,1459,461,461,46.1,0.2614976167678833,0.3180124759674072,16.359596252441406,20.820539474487305,1.1197738647460938,0,-1,1,343,0.7440347071583514,2.0,461,1.2712634801864624,0,0.0,0,0.0,0,26.540987014770508,1,6
SH,FVD,17,1460,272,272,27.200000000000003,0.1354861855506897,0.16457927227020264,1.0785295963287354,1.2460733652114868,0.3010209798812866,0,-1,0,0,0.0,2.0,272,2.6617815494537354,0,0.0,0,0.0,0,60.984989166259766,1,6
SH,FVD,17,1461,215,215,21.5,0.3023131191730499,0.38641464710235596,5.578283786773682,6.529427528381348,0.6301134824752808,0,-1,1,215,1.0,2.0,215,0.6224080920219421,0,0.0,0,0.0,0,10.571261405944824,2,7
SH,FVD,17,1462,892,892,89.2,0.39797547459602356,0.5236011743545532,19.316259384155273,24.3383731842041,1.265860915184021,0,-1,1,50,0.05605381165919283,2.0,892,1.4786492586135864,0,0.0,0,0.0,0,2.008589506149292,1,6
SH,FVD,17,1463,186,186,18.6,0.5755559206008911,0.6837343573570251,7.36229133605957,9.145423889160156,2.906153440475464,1,91,1,91,0.489247311827957,2.0,91,0.0,0,0.0,0,0.0,0,0.0,2,7
SH,FVD,17,1464,302,302,30.200000000000003,0.24592284858226776,0.29674866795539856,2.6863210201263428,3.133331775665283,0.3770788311958313,0,-1,1,302,1.0,2.0,302,1.343151330947876,0,0.0,0,0.0,0,12.605538368225098,2,7
SH,FVD,17,1465,171,171,17.1,0.20654216408729553,0.2662077844142914,2.381519079208374,2.5737197399139404,0.33694955706596375,0,-1,0,0,0.0,2.0,171,2.402588129043579,0,0.0,0,0.0,0,22.752519607543945,2,7
SH,FVD,17,1466,639,639,63.900000000000006,0.27763617038726807,0.38086971640586853,4.80246114730835,6.257879734039307,4.196518898010254,1,102,1,102,0.1596244131455399,2.0,102,0.0,0,0.0,0,0.0,0,0.0,2,7
SH,FVD,17,1467,174,174,17.400000000000002,0.3349103629589081,0.46931588649749756,4.001189231872559,5.124337673187256,1.118165135383606,0,-1,1,38,0.21839080459770116,2.0,174,1.935442328453064,0,0.0,0,0.0,0,13.265110969543457,1,6
SH,FVD,17,1468,190,190,19.0,0.38033178448677063,0.5220704078674316,2.029592752456665,2.304678201675415,0.7409180402755737,1,162,1,87,0.45789473684210524,2.0,162,0.0,0,0.0,0,0.0,0,0.0,1,6
SH,FVD,17,1469,132,132,13.200000000000001,0.3881409466266632,0.5118423700332642,4.445546627044678,5.059162616729736,0.973024308681488,1,104,1,77,0.5833333333333334,2.0,104,0.0,0,0.0,0,0.0,0,0.0,0,5
SH,FVD,17,1470,183,183,18.3,0.21106156706809998,0.2570854127407074,6.2983832359313965,7.143642425537109,0.5143552422523499,0,-1,1,183,1.0,2.0,183,0.5972265601158142,0,0.0,0,0.0,0,11.164848327636719,0,5
SH,FVD,17,1471,301,301,30.1,0.324236124753952,0.40567442774772644,18.581771850585938,21.537437438964844,1.333619236946106,0,-1,0,0,0.0,2.0,301,3.519127368927002,0,0.0,0,0.0,0,3.347607374191284,0,5
SH,FVD,17,1472,139,139,13.9,0.42770320177078247,0.4938439726829529,4.6960368156433105,5.451416969299316,1.0909333229064941,0,-1,1,10,0.07194244604316546,2.0,139,1.874182105064392,0,0.0,0,0.0,0,6.233283042907715,0,5
SH,FVD,17,1473,451,451,45.1,0.3291501998901367,0.4455373287200928,3.4863665103912354,4.070030212402344,0.5747213959693909,1,421,1,281,0.623059866962306,2.0,421,0.0,0,0.0,0,0.0,0,0.0,2,7
SH,FVD,17,1474,209,209,20.900000000000002,0.3603326678276062,0.5031616687774658,5.078423976898193,5.3633809089660645,0.5473131537437439,0,-1,1,209,1.0,2.0,209,1.6972503662109375,0,0.0,0,0.0,0,29.4471435546875,2,7
SH,FVD,17,1475,337,337,33.7,0.3480329215526581,0.4800891876220703,7.235171794891357,8.60416030883789,0.9975528717041016,1,326,1,33,0.09792284866468842,2.0,326,0.0,0,0.0,0,0.0,0,0.0,0,5
SH,FVD,17,1476,166,166,16.6,0.18558308482170105,0.2472800612449646,1.0462119579315186,1.171029806137085,0.21819347143173218,0,-1,1,166,1.0,2.0,166,0.060328755527734756,0,0.0,0,0.0,0,0.05271708965301514,1,6
SH,FVD,17,1477,228,228,22.8,0.3106526732444763,0.3839609622955322,2.7181925773620605,2.934614419937134,0.4064309298992157,0,-1,1,228,1.0,2.0,228,0.6609833240509033,0,0.0,0,0.0,0,4.66500997543335,2,7
SH,FVD,17,1478,226,226,22.6,0.27061766386032104,0.33278703689575195,3.1548848152160645,3.690053939819336,0.6452826857566833,0,-1,1,32,0.1415929203539823,2.0,226,0.2597300410270691,0,0.0,0,0.0,0,0.04580170661211014,2,7
SH,FVD,17,1479,235,235,23.5,0.4804520606994629,0.588015079498291,3.0077250003814697,3.665268898010254,0.8405618071556091,0,-1,1,28,0.11914893617021277,2.0,235,1.738864541053772,0,0.0,0,0.0,0,3.006865978240967,1,6
SH,FVD,17,1480,396,396,39.6,0.2372155785560608,0.3234841823577881,6.52499532699585,7.365909099578857,0.6215143799781799,0,-1,1,122,0.30808080808080807,2.0,396,1.092260718345642,0,0.0,0,0.0,0,5.303342819213867,2,7
SH,FVD,17,1481,212,212,21.200000000000003,0.29362255334854126,0.41045257449150085,18.958669662475586,23.294527053833008,2.3425843715667725,0,-1,1,212,1.0,2.0,212,0.8055155277252197,0,0.0,0,0.0,0,17.008544921875,1,6
SH,FVD,17,1482,192,192,19.200000000000003,0.593347430229187,0.7398630976676941,4.050319194793701,5.126016616821289,1.8441249132156372,1,128,1,128,0.6666666666666666,2.0,128,0.0,0,0.0,0,0.0,0,0.0,2,7
SH,FVD,17,1483,371,371,37.1,0.37572330236434937,0.49992603063583374,9.884387969970703,10.515352249145508,0.6877874732017517,0,-1,0,0,0.0,2.0,371,2.323347806930542,0,0.0,0,0.0,0,6.109769821166992,2,7
SH,FVD,17,1484,175,175,17.5,0.4130602180957794,0.5234535932540894,3.8017289638519287,4.208252906799316,0.6826567649841309,0,-1,0,0,0.0,2.0,175,4.053708076477051,0,0.0,0,0.0,0,3.3732454776763916,1,6
SH,FVD,17,1485,147,147,14.700000000000001,0.13134567439556122,0.1664663702249527,1.438757300376892,2.094064235687256,0.24535053968429565,0,-1,0,0,0.0,2.0,147,2.1355865001678467,0,0.0,0,0.0,0,38.27463912963867,0,5
SH,FVD,17,1486,210,210,21.0,0.3544265627861023,0.500968337059021,2.8543784618377686,3.345099449157715,0.832793653011322,1,199,1,47,0.22380952380952382,2.0,199,0.0,0,0.0,0,0.0,0,0.0,2,7
SH,FVD,17,1487,160,160,16.0,0.3576726019382477,0.42155763506889343,0.5663324594497681,0.6521990895271301,0.28241395950317383,0,-1,0,0,0.0,2.0,160,3.297992467880249,0,0.0,0,0.0,0,6.433422565460205,0,5
SH,FVD,17,1488,157,157,15.700000000000001,0.6302783489227295,0.7851187586784363,2.1101863384246826,2.4075536727905273,0.4947145879268646,0,-1,1,157,1.0,2.0,157,0.6937608122825623,0,0.0,0,0.0,0,6.993977069854736,1,6
SH,FVD,17,1489,137,137,13.700000000000001,0.3118462562561035,0.374255508184433,4.451275825500488,5.065577030181885,0.740535318851471,0,-1,0,0,0.0,2.0,137,2.0965356826782227,0,0.0,0,0.0,0,1.9997493028640747,2,7
SH,FVD,17,1490,317,317,31.700000000000003,0.24863500893115997,0.3160114586353302,3.4375157356262207,3.76774525642395,0.5666201710700989,0,-1,0,0,0.0,2.0,317,2.7949016094207764,0,0.0,0,0.0,0,9.222108840942383,0,5
SH,FVD,17,1491,140,140,14.0,0.34141573309898376,0.4096817970275879,4.377638339996338,6.163812637329102,0.8915395140647888,0,-1,1,80,0.5714285714285714,2.0,140,1.7426742315292358,0,0.0,0,0.0,0,13.634830474853516,0,5
SH,FVD,17,1492,261,261,26.1,0.21801906824111938,0.2630232572555542,27.476627349853516,34.251853942871094,2.412809371948242,0,-1,1,261,1.0,2.0,261,0.8041370511054993,0,0.0,0,0.0,0,15.643743515014648,0,5
SH,FVD,17,1493,303,303,30.3,0.28418099880218506,0.3582378625869751,2.5057497024536133,3.7272720336914062,0.49553143978118896,0,-1,0,0,0.0,2.0,303,2.2847094535827637,0,0.0,0,0.0,0,13.27646541595459,1,6
SH,FVD,17,1494,569,569,56.900000000000006,0.3901429772377014,0.48909813165664673,6.687882900238037,8.636458396911621,1.345879316329956,1,475,1,92,0.1616871704745167,2.0,475,0.0,0,0.0,0,0.0,0,0.0,2,7
SH,FVD,17,1495,173,173,17.3,0.17748242616653442,0.19917620718479156,6.164949417114258,7.011811256408691,0.5286124348640442,0,-1,0,0,0.0,2.0,173,2.107556104660034,0,0.0,0,0.0,0,37.17399978637695,0,5
SH,FVD,17,1496,313,313,31.3,0.27173513174057007,0.3297902047634125,14.148381233215332,17.19719886779785,1.1472361087799072,0,-1,1,30,0.09584664536741214,2.0,313,1.4968023300170898,0,0.0,0,0.0,0,2.3574817180633545,0,5
SH,FVD,17,1497,138,138,13.8,0.23399344086647034,0.287000447511673,3.510800838470459,4.004301071166992,0.6339347958564758,0,-1,1,26,0.18840579710144928,2.0,138,1.5047619342803955,0,0.0,0,0.0,0,3.3659913539886475,1,6
SH,FVD,17,1498,297,297,29.700000000000003,0.6133092641830444,0.8025417327880859,4.213532447814941,4.912362575531006,1.2558655738830566,0,-1,1,205,0.6902356902356902,2.0,297,0.7633004784584045,0,0.0,0,0.0,0,4.543907165527344,1,6
SH,FVD,17,1499,325,325,32.5,0.16005848348140717,0.20111002027988434,2.096996784210205,2.9776148796081543,0.3490012586116791,0,-1,1,325,1.0,2.0,325,0.849923849105835,0,0.0,0,0.0,0,16.00052261352539,0,5
SH,FVD,17,1500,169,169,16.900000000000002,0.15934228897094727,0.18507279455661774,10.534401893615723,13.282319068908691,1.4503703117370605,0,-1,1,169,1.0,2.0,169,1.399288535118103,0,0.0,0,0.0,0,27.201831817626953,1,6
SH,FVD,17,1501,165,165,16.5,0.39363938570022583,0.5588651299476624,1.9692338705062866,2.362976551055908,0.8809519410133362,0,-1,1,66,0.4,2.0,165,1.0078961849212646,0,0.0,0,0.0,0,2.5861454010009766,2,7
SH,FVD,17,1502,194,194,19.400000000000002,0.26330503821372986,0.3512166440486908,1.0341968536376953,1.1534301042556763,1.3719422817230225,1,66,1,66,0.3402061855670103,2.0,66,0.0,0,0.0,0,0.0,0,0.0,2,7
SH,FVD,17,1503,422,422,42.2,0.3371354937553406,0.42319706082344055,5.108493804931641,6.028411865234375,3.5842270851135254,1,282,1,282,0.6682464454976303,2.0,282,0.0,0,0.0,0,0.0,0,0.0,0,5
SH,FVD,17,1504,205,205,20.5,0.13466577231884003,0.19426201283931732,6.744593143463135,9.258703231811523,0.867440402507782,0,-1,1,74,0.36097560975609755,2.0,205,1.3019331693649292,0,0.0,0,0.0,0,8.979192733764648,1,6
SH,FVD,17,1505,609,609,60.900000000000006,0.2280443012714386,0.29422155022621155,8.861409187316895,10.797309875488281,0.6797212958335876,0,-1,1,589,0.9671592775041051,2.0,609,0.9433051943778992,0,0.0,0,0.0,0,17.503374099731445,2,7
SH,FVD,17,1506,290,290,29.0,0.6183164119720459,0.770094633102417,4.7780256271362305,5.563674449920654,4.284509658813477,1,95,1,95,0.3275862068965517,2.0,95,0.0,0,0.0,0,0.0,0,0.0,2,7
SH,FVD,17,1507,133,133,13.3,0.2882292866706848,0.4203692078590393,2.609185218811035,2.957399368286133,0.6282265186309814,0,-1,0,0,0.0,2.0,133,2.806647539138794,0,0.0,0,0.0,0,4.657413005828857,2,7
SH,FVD,17,1508,913,913,91.30000000000001,0.26630181074142456,0.3342396318912506,3.4699480533599854,4.530459403991699,0.4934139549732208,1,897,1,119,0.1303395399780942,2.0,897,0.0,0,0.0,0,0.0,0,0.0,0,5
SH,FVD,17,1509,413,413,41.300000000000004,0.29010507464408875,0.3750256896018982,3.3198611736297607,4.1229963302612305,0.5245137810707092,1,394,1,190,0.4600484261501211,2.0,394,0.0,0,0.0,0,0.0,0,0.0,0,5
SH,FVD,17,1510,380,380,38.0,0.18060824275016785,0.21741630136966705,9.117996215820312,10.157125473022461,0.8832604885101318,0,-1,1,380,1.0,2.0,380,0.5830922722816467,0,0.0,0,0.0,0,13.466395378112793,1,6
SH,FVD,17,1511,154,154,15.4,0.3229115903377533,0.3775731325149536,5.247256755828857,6.617941379547119,0.8771716952323914,0,-1,0,0,0.0,2.0,154,2.0343618392944336,0,0.0,0,0.0,0,2.2946109771728516,0,5
SH,FVD,17,1512,179,179,17.900000000000002,0.44095849990844727,0.529226541519165,2.0794084072113037,2.271618366241455,0.46089795231819153,0,-1,0,0,0.0,2.0,179,3.0817227363586426,0,0.0,0,0.0,0,22.30083465576172,2,7
SH,FVD,17,1513,150,150,15.0,0.5921018719673157,0.6934096217155457,2.372814893722534,2.815047025680542,1.1292263269424438,1,126,1,79,0.5266666666666666,2.0,126,0.0,0,0.0,0,0.0,0,0.0,2,7
SH,FVD,17,1514,217,217,21.700000000000003,0.542486846446991,0.7327627539634705,6.711118698120117,7.443990230560303,1.0156878232955933,0,-1,0,0,0.0,2.0,217,3.2683780193328857,0,0.0,0,0.0,0,6.394652843475342,1,6
SH,FVD,17,1515,279,279,27.900000000000002,0.27351805567741394,0.3407365083694458,4.542239189147949,5.406904697418213,0.8245999813079834,0,-1,0,0,0.0,2.0,279,3.1066043376922607,0,0.0,0,0.0,0,7.20936918258667,1,6
SH,FVD,17,1516,187,187,18.7,0.29322919249534607,0.3540762662887573,6.2853007316589355,7.116466999053955,0.5665865540504456,0,-1,1,187,1.0,2.0,187,0.7299955487251282,0,0.0,0,0.0,0,12.089468002319336,0,5
SH,FVD,17,1517,221,221,22.1,0.26980990171432495,0.34138503670692444,1.0937048196792603,1.3586831092834473,0.4577465057373047,0,-1,1,34,0.15384615384615385,2.0,221,1.7416749000549316,0,0.0,0,0.0,0,4.312171936035156,0,5
SH,FVD,17,1518,262,262,26.200000000000003,0.44301941990852356,0.5567241311073303,6.681699275970459,7.522244453430176,0.6543631553649902,0,-1,0,0,0.0,2.0,262,2.7832188606262207,0,0.0,0,0.0,0,6.508717060089111,1,6
SH,FVD,17,1519,136,136,13.600000000000001,0.2810966670513153,0.35554075241088867,0.8465018272399902,1.0425242185592651,0.38446909189224243,0,-1,1,93,0.6838235294117647,2.0,136,0.5673409700393677,0,0.0,0,0.0,0,0.921807050704956,2,7
SH,FVD,17,1520,362,362,36.2,0.21566635370254517,0.28901973366737366,1.1330790519714355,1.4765170812606812,0.3368244767189026,0,-1,1,156,0.430939226519337,2.0,362,1.2280991077423096,0,0.0,0,0.0,0,10.737491607666016,2,7
SH,FVD,17,1521,337,337,33.7,0.2712011933326721,0.3769361078739166,4.782800197601318,5.745012283325195,0.5935342311859131,0,-1,0,0,0.0,2.0,337,2.0649142265319824,0,0.0,0,0.0,0,9.555770874023438,1,6
SH,FVD,17,1522,138,138,13.8,0.5535638332366943,0.6558670401573181,2.8577990531921387,3.4428493976593018,1.008354663848877,1,117,1,61,0.4420289855072464,2.0,117,0.0,0,0.0,0,0.0,0,0.0,2,7
SH,FVD,17,1523,132,132,13.200000000000001,0.3129931688308716,0.37468674778938293,1.973404884338379,2.6164495944976807,0.754248321056366,0,-1,0,0,0.0,2.0,132,2.3404576778411865,0,0.0,0,0.0,0,21.511985778808594,1,6
SH,FVD,17,1524,308,308,30.8,0.2567209303379059,0.43047940731048584,5.853550434112549,8.340191841125488,0.7380595207214355,0,-1,0,0,0.0,2.0,308,2.1227478981018066,0,0.0,0,0.0,0,25.332210540771484,2,7
SH,FVD,17,1525,170,170,17.0,0.623062252998352,0.7819448709487915,8.56776237487793,9.81345272064209,1.0805866718292236,0,-1,0,0,0.0,2.0,170,2.6859662532806396,0,0.0,0,0.0,0,5.5243611335754395,2,7
SH,FVD,17,1526,152,152,15.200000000000001,0.45777827501296997,0.5461289286613464,5.668618679046631,6.52323055267334,0.7745601534843445,0,-1,0,0,0.0,2.0,152,3.4408671855926514,0,0.0,0,0.0,0,9.434168815612793,2,7
SH,FVD,17,1527,176,176,17.6,0.19357889890670776,0.2242426574230194,2.1014792919158936,2.3960063457489014,0.48407986760139465,0,-1,0,0,0.0,2.0,176,2.9647133350372314,0,0.0,0,0.0,0,4.917863845825195,0,5
SH,FVD,17,1528,158,158,15.8,0.19957880675792694,0.2634544372558594,2.561694622039795,3.944547653198242,0.6811056137084961,0,-1,1,103,0.6518987341772152,2.0,158,1.7210547924041748,0,0.0,0,0.0,0,31.35572624206543,2,7
SH,FVD,17,1529,232,232,23.200000000000003,0.347425639629364,0.4582878053188324,6.641183853149414,7.710397720336914,3.6146697998046875,1,138,1,138,0.5948275862068966,2.0,138,0.0,0,0.0,0,0.0,0,0.0,2,7
SH,FVD,17,1530,270,270,27.0,0.11973636597394943,0.14457297325134277,1.6769665479660034,1.9907962083816528,0.313803493976593,0,-1,1,270,1.0,2.0,270,0.606342077255249,0,0.0,0,0.0,0,10.208134651184082,2,7
SH,FVD,17,1531,591,591,59.1,0.25623437762260437,0.3126707375049591,1.7247653007507324,2.007408857345581,0.250869482755661,0,-1,1,591,1.0,2.0,591,0.7715011835098267,0,0.0,0,0.0,0,8.103257179260254,1,6
SH,FVD,17,1532,596,596,59.6,0.31402283906936646,0.4469018876552582,3.379734516143799,4.390076160430908,0.6465715169906616,0,-1,1,219,0.3674496644295302,2.0,596,0.9349735379219055,0,0.0,0,0.0,0,1.7783867120742798,0,5
SH,FVD,17,1533,157,157,15.700000000000001,0.09282518923282623,0.11861998587846756,1.938382863998413,2.8008065223693848,0.4478762745857239,0,-1,1,157,1.0,2.0,157,0.9651336073875427,0,0.0,0,0.0,0,16.716798782348633,2,7
SH,FVD,17,1534,166,166,16.6,0.2852378189563751,0.3415091633796692,2.4919424057006836,2.9712772369384766,0.2810572385787964,0,-1,0,0,0.0,2.0,166,2.1847898960113525,0,0.0,0,0.0,0,14.166927337646484,2,7
SH,FVD,17,1535,285,285,28.5,0.30350273847579956,0.3965229392051697,1.9670881032943726,2.1492629051208496,0.4127458333969116,1,266,1,110,0.38596491228070173,2.0,266,0.0,0,0.0,0,0.0,0,0.0,1,6
SH,FVD,17,1536,1749,1749,174.9,0.31946906447410583,0.4378058612346649,7.484890460968018,8.159046173095703,3.819167375564575,1,90,1,90,0.051457975986277875,2.0,90,0.0,0,0.0,0,0.0,0,0.0,1,6
SH,FVD,17,1537,405,405,40.5,0.18883977830410004,0.23374733328819275,11.548117637634277,12.629739761352539,0.5942650437355042,0,-1,1,405,1.0,2.0,405,0.9565816521644592,0,0.0,0,0.0,0,22.411617279052734,0,5
SH,FVD,17,1538,163,163,16.3,0.23075935244560242,0.2750706672668457,4.596991539001465,5.191971778869629,0.5181469917297363,0,-1,0,0,0.0,2.0,163,2.311034679412842,0,0.0,0,0.0,0,30.751726150512695,0,5
SH,FVD,17,1539,147,147,14.700000000000001,0.1720355600118637,0.23952265083789825,1.741181492805481,2.4003262519836426,0.34547433257102966,0,-1,0,0,0.0,2.0,147,2.3971469402313232,0,0.0,0,0.0,0,21.445690155029297,1,6
SH,FVD,17,1540,273,273,27.3,0.27132242918014526,0.38364696502685547,2.2993369102478027,2.817880392074585,0.5171482563018799,0,-1,0,0,0.0,2.0,273,2.914731740951538,0,0.0,0,0.0,0,22.2689151763916,2,7
SH,FVD,17,1541,240,240,24.0,0.28827229142189026,0.4106830954551697,1.6113814115524292,1.9657875299453735,1.4902371168136597,1,79,1,79,0.32916666666666666,2.0,79,0.0,0,0.0,0,0.0,0,0.0,1,6
SH,FVD,17,1542,229,229,22.900000000000002,0.2257811427116394,0.2858498990535736,1.8249181509017944,2.3584439754486084,0.5951611399650574,0,-1,0,0,0.0,2.0,229,3.0322282314300537,0,0.0,0,0.0,0,26.871057510375977,1,6
SH,FVD,17,1543,283,283,28.3,0.24927860498428345,0.3216730058193207,6.334705829620361,6.8333821296691895,0.740925133228302,0,-1,1,283,1.0,2.0,283,0.6046193838119507,0,0.0,0,0.0,0,10.782925605773926,2,7
SH,FVD,17,1544,266,266,26.6,0.4373144805431366,0.5469249486923218,4.557783603668213,5.22222375869751,0.9399901628494263,0,-1,1,24,0.09022556390977443,2.0,266,0.9529274702072144,0,0.0,0,0.0,0,1.3594969511032104,1,6
SH,FVD,17,1545,144,144,14.4,0.3312901258468628,0.3972892165184021,1.97336745262146,2.167473316192627,0.494268000125885,0,-1,0,0,0.0,2.0,144,2.4592559337615967,0,0.0,0,0.0,0,4.115626335144043,1,6
SH,FVD,17,1546,206,206,20.6,0.4698728024959564,0.6039501428604126,4.128568172454834,4.863174915313721,0.9621196985244751,0,-1,1,190,0.9223300970873787,2.0,206,0.48247116804122925,0,0.0,0,0.0,0,1.1833178997039795,1,6
SH,FVD,17,1547,398,398,39.800000000000004,0.31055501103401184,0.4765881597995758,7.812105655670166,9.293560981750488,0.8036750555038452,0,-1,1,26,0.06532663316582915,2.0,398,0.45873457193374634,0,0.0,0,0.0,0,0.9405357837677002,0,5
SH,FVD,17,1548,153,153,15.3,0.24301746487617493,0.3336217403411865,2.1679155826568604,2.4117677211761475,0.5126762986183167,0,-1,0,0,0.0,2.0,153,3.0249454975128174,0,0.0,0,0.0,0,7.506064414978027,2,7
SH,FVD,17,1549,333,333,33.300000000000004,0.3663141131401062,0.4479164183139801,4.304556846618652,4.754106521606445,0.47612306475639343,0,-1,1,181,0.5435435435435435,2.0,333,1.8747609853744507,0,0.0,0,0.0,0,6.507995128631592,2,7
SH,FVD,17,1550,139,139,13.9,0.37016499042510986,0.4440494775772095,1.8859933614730835,2.0242812633514404,0.3801049292087555,0,-1,0,0,0.0,2.0,139,3.0120432376861572,0,0.0,0,0.0,0,30.17950439453125,1,6
SH,FVD,17,1551,208,208,20.8,0.20327447354793549,0.24765504896640778,1.4980744123458862,1.8981537818908691,0.4706769585609436,0,-1,1,146,0.7019230769230769,2.0,208,1.4222934246063232,0,0.0,0,0.0,0,8.669960975646973,2,7
SH,FVD,17,1552,189,189,18.900000000000002,0.24043437838554382,0.2782295048236847,6.325051784515381,7.14740514755249,0.6423535346984863,0,-1,1,189,1.0,2.0,189,1.4094150066375732,0,0.0,0,0.0,0,21.233314514160156,1,6
SH,FVD,17,1553,420,420,42.0,0.4074053168296814,0.5069212913513184,8.74167537689209,10.986418724060059,1.257757544517517,1,388,1,152,0.3619047619047619,2.0,388,0.0,0,0.0,0,0.0,0,0.0,1,6
SH,FVD,17,1554,133,133,13.3,0.31354689598083496,0.4114769697189331,0.38465964794158936,0.5532671213150024,0.2424643635749817,0,-1,0,0,0.0,2.0,133,4.5555033683776855,0,0.0,0,0.0,0,5.692615032196045,0,5
SH,FVD,17,1555,135,135,13.5,0.2604629099369049,0.42245468497276306,14.53132152557373,17.348783493041992,2.1559338569641113,0,-1,0,0,0.0,2.0,135,2.3390538692474365,0,0.0,0,0.0,0,24.031343460083008,2,7
SH,FVD,17,1556,162,162,16.2,0.49731728434562683,0.6165214776992798,4.149052143096924,4.9450531005859375,0.6127817034721375,0,-1,1,44,0.2716049382716049,2.0,162,1.7901691198349,0,0.0,0,0.0,0,4.430606842041016,0,5
SH,FVD,17,1557,521,521,52.1,0.14332851767539978,0.19446423649787903,15.572099685668945,17.800750732421875,0.6233669519424438,0,-1,1,356,0.6833013435700576,2.0,521,1.634101152420044,0,0.0,0,0.0,0,33.9063720703125,2,7
SH,FVD,17,1558,184,184,18.400000000000002,0.23558372259140015,0.35378894209861755,1.4585126638412476,1.6422878503799438,0.41636624932289124,1,165,1,120,0.6521739130434783,2.0,165,0.0,0,0.0,0,0.0,0,0.0,2,7
SH,FVD,17,1559,136,136,13.600000000000001,0.24436919391155243,0.3099784255027771,7.601268768310547,9.655323028564453,1.3470407724380493,0,-1,1,136,1.0,2.0,136,1.3006725311279297,0,0.0,0,0.0,0,24.27086639404297,0,5
SH,FVD,17,1560,207,207,20.700000000000003,0.27829742431640625,0.31947657465934753,6.644471168518066,9.219728469848633,1.1278398036956787,0,-1,1,129,0.6231884057971014,2.0,207,1.3847020864486694,0,0.0,0,0.0,0,36.347530364990234,2,7
SH,FVD,17,1561,526,526,52.6,0.25693264603614807,0.3591119945049286,1.3021502494812012,1.6913964748382568,0.4437325596809387,1,526,1,374,0.7110266159695817,2.0,526,0.0,0,0.0,0,0.0,0,0.0,2,7
SH,FVD,17,1562,136,136,13.600000000000001,0.2242547869682312,0.283420592546463,0.8216261863708496,1.0187920331954956,0.456409215927124,0,-1,0,0,0.0,2.0,136,3.6670420169830322,0,0.0,0,0.0,0,4.303156852722168,1,6
SH,FVD,17,1563,219,219,21.900000000000002,0.1844736933708191,0.2549405097961426,4.221558570861816,5.1015849113464355,0.544746458530426,0,-1,1,95,0.4337899543378995,2.0,219,0.8331713676452637,0,0.0,0,0.0,0,2.542294979095459,1,6
SH,FVD,17,1564,476,476,47.6,0.3338262438774109,0.4366648495197296,5.486550807952881,6.132454872131348,5.362013339996338,1,120,1,120,0.25210084033613445,2.0,120,0.0,0,0.0,0,0.0,0,0.0,0,5
SH,FVD,17,1565,163,163,16.3,0.26320213079452515,0.3818674087524414,0.9811511635780334,1.2081223726272583,0.401603102684021,1,151,1,151,0.9263803680981595,2.0,151,0.0,0,0.0,0,0.0,0,0.0,1,6
SH,FVD,17,1566,361,361,36.1,0.3834848701953888,0.46561163663864136,9.127765655517578,9.625447273254395,0.762483537197113,0,-1,0,0,0.0,2.0,361,2.6910295486450195,0,0.0,0,0.0,0,10.923264503479004,0,5
SH,FVD,17,1567,210,210,21.0,0.15937794744968414,0.21516521275043488,6.826765537261963,7.982615947723389,0.5738658308982849,0,-1,1,210,1.0,2.0,210,1.2977724075317383,0,0.0,0,0.0,0,32.50525665283203,0,5
SH,FVD,17,1568,309,309,30.900000000000002,0.2923078238964081,0.3424627184867859,45.96000671386719,59.68583297729492,4.15702486038208,0,-1,0,0,0.0,2.0,309,4.072222709655762,0,0.0,0,0.0,0,16.190874099731445,1,6
SH,FVD,17,1569,372,372,37.2,0.22620642185211182,0.2946155369281769,7.439634323120117,9.468404769897461,0.9582085609436035,0,-1,0,0,0.0,2.0,372,2.0802648067474365,0,0.0,0,0.0,0,65.01913452148438,0,5
SH,FVD,17,1570,174,174,17.400000000000002,0.18431632220745087,0.26691165566444397,3.2430496215820312,4.011392116546631,0.394072949886322,0,-1,1,174,1.0,2.0,174,0.7888585925102234,0,0.0,0,0.0,0,13.014081001281738,2,7
SH,FVD,17,1571,157,157,15.700000000000001,0.3898211419582367,0.4462844133377075,7.00390100479126,9.258480072021484,1.114317774772644,0,-1,0,0,0.0,2.0,157,2.6923129558563232,0,0.0,0,0.0,0,50.09773635864258,0,5
SH,FVD,17,1572,140,140,14.0,0.3690657913684845,0.5041477680206299,6.474336624145508,8.457807540893555,1.360592246055603,0,-1,1,140,1.0,2.0,140,0.801850438117981,0,0.0,0,0.0,0,7.920993328094482,1,6
SH,FVD,17,1573,357,357,35.7,0.24486936628818512,0.3220809996128082,19.50897216796875,20.92362403869629,0.8307961821556091,0,-1,0,0,0.0,2.0,357,2.094022512435913,0,0.0,0,0.0,0,3.445950746536255,0,5
SH,FVD,17,1574,155,155,15.5,0.34156617522239685,0.42978978157043457,3.9107563495635986,4.775371074676514,0.8681566715240479,0,-1,1,100,0.6451612903225806,2.0,155,1.3717193603515625,0,0.0,0,0.0,0,7.6306657791137695,0,5
SH,FVD,17,1575,146,146,14.600000000000001,0.6227448582649231,0.7710047960281372,3.206768751144409,3.8031280040740967,1.0537253618240356,0,-1,0,0,0.0,2.0,146,4.868652820587158,0,0.0,0,0.0,0,8.801926612854004,1,6
SH,FVD,17,1576,210,210,21.0,0.41786593198776245,0.5265611410140991,4.277958393096924,5.0967116355896,1.6574403047561646,1,115,1,115,0.5476190476190477,2.0,115,0.0,0,0.0,0,0.0,0,0.0,1,6
SH,FVD,17,1577,206,206,20.6,0.15945206582546234,0.24831460416316986,1.764733910560608,1.9694273471832275,0.2726595997810364,1,203,1,70,0.33980582524271846,2.0,203,0.0,0,0.0,0,0.0,0,0.0,2,7
SH,FVD,17,1578,484,484,48.400000000000006,0.331209659576416,0.44645625352859497,2.1175153255462646,2.523003101348877,0.41785112023353577,0,-1,1,484,1.0,2.0,484,0.5672856569290161,0,0.0,0,0.0,0,3.4204325675964355,2,7
SH,FVD,17,1579,563,563,56.300000000000004,0.25598180294036865,0.3721909523010254,2.206852912902832,2.6655406951904297,0.4963008761405945,1,531,1,482,0.8561278863232682,2.0,531,0.0,0,0.0,0,0.0,0,0.0,0,5
SH,FVD,17,1580,269,269,26.900000000000002,0.1820848435163498,0.24537813663482666,25.55021095275879,30.77728843688965,2.1076836585998535,0,-1,1,269,1.0,2.0,269,1.052535057067871,0,0.0,0,0.0,0,20.799894332885742,0,5
SH,FVD,17,1581,131,131,13.100000000000001,0.27216872572898865,0.3441372215747833,1.801637887954712,2.1376399993896484,0.6540703177452087,0,-1,1,131,1.0,2.0,131,0.09811177849769592,0,0.0,0,0.0,0,0.5081406235694885,0,5
SH,FVD,17,1582,296,296,29.6,0.24274228513240814,0.3411563038825989,4.66453742980957,5.020667552947998,1.5706394910812378,1,87,1,87,0.2939189189189189,2.0,87,0.0,0,0.0,0,0.0,0,0.0,2,7
SH,FVD,17,1583,213,213,21.3,0.35717543959617615,0.4130970239639282,2.208827257156372,2.6036345958709717,0.6283068656921387,1,210,1,58,0.27230046948356806,2.0,210,0.0,0,0.0,0,0.0,0,0.0,1,6
SH,FVD,17,1584,798,798,79.80000000000001,0.3096555471420288,0.417477548122406,2.2242257595062256,3.3562684059143066,0.5016112923622131,0,-1,1,163,0.20426065162907267,2.0,798,0.3719506561756134,0,0.0,0,0.0,0,0.7286040186882019,0,5
SH,FVD,17,1585,141,141,14.100000000000001,0.5126596093177795,0.580115795135498,8.243406295776367,9.25942611694336,1.1039457321166992,0,-1,1,76,0.5390070921985816,2.0,141,1.7613836526870728,0,0.0,0,0.0,0,17.45358657836914,0,5
SH,FVD,17,1586,173,173,17.3,0.3952833414077759,0.5315386056900024,3.4385104179382324,4.012410640716553,0.6452577710151672,0,-1,0,0,0.0,2.0,173,3.8435070514678955,0,0.0,0,0.0,0,5.558752536773682,1,6
SH,FVD,17,1587,139,139,13.9,0.2284717559814453,0.3033764064311981,2.206895112991333,2.947474241256714,0.47288089990615845,0,-1,1,139,1.0,2.0,139,1.594458818435669,0,0.0,0,0.0,0,10.820897102355957,2,7
SH,FVD,17,1588,221,221,22.1,0.20517626404762268,0.25557971000671387,10.564109802246094,12.673850059509277,0.8837429881095886,0,-1,1,221,1.0,2.0,221,0.9342813491821289,0,0.0,0,0.0,0,14.337034225463867,1,6
SH,FVD,17,1589,164,164,16.400000000000002,0.3574759066104889,0.45052146911621094,2.8173110485076904,3.9124929904937744,0.4791058897972107,0,-1,1,164,1.0,2.0,164,0.2143741250038147,0,0.0,0,0.0,0,2.557102680206299,0,5
SH,FVD,17,1590,139,139,13.9,0.506732702255249,0.6150774359703064,6.247875690460205,7.428337574005127,2.1050078868865967,1,84,1,55,0.39568345323741005,2.0,84,0.0,0,0.0,0,0.0,0,0.0,0,5
SH,FVD,17,1591,210,210,21.0,0.18129092454910278,0.21991033852100372,9.197707176208496,11.50360107421875,0.9395757913589478,0,-1,1,210,1.0,2.0,210,0.9405649900436401,0,0.0,0,0.0,0,19.953353881835938,2,7
SH,FVD,17,1592,143,143,14.3,0.4343278110027313,0.5219427347183228,2.213697671890259,3.2299094200134277,0.6310740113258362,0,-1,0,0,0.0,2.0,143,3.779287099838257,0,0.0,0,0.0,0,10.426265716552734,1,6
SH,FVD,17,1593,175,175,17.5,0.5005940198898315,0.6471396684646606,13.965439796447754,15.62669849395752,1.4353957176208496,0,-1,0,0,0.0,2.0,175,3.484057664871216,0,0.0,0,0.0,0,8.450064659118652,2,7
SH,FVD,17,1594,325,325,32.5,0.5092975497245789,0.6850073933601379,10.740233421325684,13.332069396972656,3.098421812057495,1,239,1,222,0.683076923076923,2.0,239,0.0,0,0.0,0,0.0,0,0.0,1,6
SH,FVD,17,1595,564,564,56.400000000000006,0.303541898727417,0.44249993562698364,10.743269920349121,13.542557716369629,2.3438498973846436,1,342,1,250,0.4432624113475177,2.0,342,0.0,0,0.0,0,0.0,0,0.0,2,7
SH,FVD,17,1596,164,164,16.400000000000002,0.5278626084327698,0.6502453088760376,6.379325866699219,6.837062835693359,0.7454209327697754,0,-1,1,164,1.0,2.0,164,0.9860072731971741,0,0.0,0,0.0,0,15.164786338806152,1,6
SH,FVD,17,1597,137,137,13.700000000000001,0.27545979619026184,0.31165754795074463,3.0074691772460938,3.4469985961914062,0.49984055757522583,0,-1,1,137,1.0,2.0,137,0.8051923513412476,0,0.0,0,0.0,0,12.102197647094727,0,5
SH,FVD,17,1598,552,552,55.2,0.2428935170173645,0.3409998416900635,10.956750869750977,13.106395721435547,0.6864690780639648,0,-1,0,0,0.0,2.0,552,2.2208847999572754,0,0.0,0,0.0,0,6.490375518798828,0,5
SH,FVD,17,1599,165,165,16.5,0.38616514205932617,0.4917564392089844,1.5542229413986206,1.89614999294281,0.814755916595459,0,-1,1,73,0.44242424242424244,2.0,165,1.1626776456832886,0,0.0,0,0.0,0,6.368587017059326,0,5
SH,FVD,17,1600,199,199,19.900000000000002,0.19885402917861938,0.24174149334430695,1.7065430879592896,1.994458794593811,0.3657457232475281,0,-1,1,199,1.0,2.0,199,0.9563066959381104,0,0.0,0,0.0,0,18.005125045776367,0,5
SH,FVD,17,1601,240,240,24.0,0.313653826713562,0.40885818004608154,24.72983169555664,31.128841400146484,2.827850818634033,0,-1,0,0,0.0,2.0,240,3.6206235885620117,0,0.0,0,0.0,0,4.0367431640625,2,7
SH,FVD,17,1602,144,144,14.4,0.31799551844596863,0.3923538029193878,3.1492180824279785,3.822237730026245,0.9906365871429443,0,-1,1,144,1.0,2.0,144,1.3471685647964478,0,0.0,0,0.0,0,27.961933135986328,2,7
SH,FVD,17,1603,474,474,47.400000000000006,0.27509868144989014,0.3559989631175995,2.0795116424560547,2.51139235496521,0.4510166049003601,0,-1,1,471,0.9936708860759493,2.0,474,1.3516637086868286,0,0.0,0,0.0,0,20.66249656677246,2,7
SH,FVD,17,1604,288,288,28.8,0.15331946313381195,0.2081238478422165,3.846266031265259,4.335808277130127,0.35777539014816284,0,-1,1,153,0.53125,2.0,288,1.7327873706817627,0,0.0,0,0.0,0,22.77829933166504,2,7
SH,FVD,17,1605,252,252,25.200000000000003,0.32399484515190125,0.3928225636482239,3.3526740074157715,3.9009742736816406,0.7080512642860413,0,-1,1,2,0.007936507936507936,2.0,252,1.961211085319519,0,0.0,0,0.0,0,12.833499908447266,1,6
SH,FVD,17,1606,368,368,36.800000000000004,0.26230305433273315,0.35196352005004883,12.462594985961914,15.298421859741211,0.8420652151107788,0,-1,0,0,0.0,2.0,368,3.644454002380371,0,0.0,0,0.0,0,2.9762942790985107,1,6
SH,FVD,17,1607,191,191,19.1,0.19361324608325958,0.24117282032966614,2.2213170528411865,2.465282917022705,0.41211265325546265,0,-1,1,4,0.020942408376963352,2.0,191,1.7979934215545654,0,0.0,0,0.0,0,2.413755178451538,0,5
SH,FVD,17,1608,263,263,26.3,0.23621614277362823,0.29652950167655945,7.744408130645752,8.794685363769531,0.653662383556366,0,-1,1,48,0.18250950570342206,2.0,263,1.8511357307434082,0,0.0,0,0.0,0,26.084897994995117,0,5
SH,FVD,17,1609,159,159,15.9,0.294398695230484,0.33944186568260193,8.259661674499512,9.797323226928711,1.2875417470932007,0,-1,0,0,0.0,2.0,159,2.7819807529449463,0,0.0,0,0.0,0,4.21196985244751,1,6
SH,FVD,17,1610,159,159,15.9,0.2499915510416031,0.2863992750644684,8.150652885437012,9.968663215637207,1.2257311344146729,0,-1,0,0,0.0,2.0,159,2.0453131198883057,0,0.0,0,0.0,0,32.5423469543457,2,7
SH,FVD,17,1611,395,395,39.5,0.5133432745933533,0.6399518251419067,7.3659772872924805,8.097941398620605,4.626208782196045,1,45,1,45,0.11392405063291139,2.0,45,0.0,0,0.0,0,0.0,0,0.0,2,7
SH,FVD,17,1612,185,185,18.5,0.1528514176607132,0.20379504561424255,1.784608244895935,2.1782689094543457,0.31222718954086304,0,-1,1,185,1.0,2.0,185,1.392893671989441,0,0.0,0,0.0,0,25.1409912109375,2,7
SH,FVD,17,1613,372,372,37.2,0.4117735028266907,0.5424489974975586,5.010613441467285,5.82553768157959,0.851765513420105,0,-1,1,372,1.0,2.0,372,0.33876848220825195,0,0.0,0,0.0,0,3.837434768676758,1,6
SH,FVD,17,1614,308,308,30.8,0.37365901470184326,0.5061402320861816,0.9476680159568787,1.2535419464111328,0.43803972005844116,0,-1,1,251,0.814935064935065,2.0,308,0.49323683977127075,0,0.0,0,0.0,0,0.8680435419082642,0,5
SH,FVD,17,1615,528,528,52.800000000000004,0.3796926438808441,0.46131885051727295,4.396466255187988,5.701113224029541,0.7925393581390381,0,-1,1,87,0.16477272727272727,2.0,528,1.4597218036651611,0,0.0,0,0.0,0,2.1675050258636475,0,5
SH,FVD,17,1616,257,257,25.700000000000003,0.5428014397621155,0.7121196389198303,4.342040061950684,5.223680019378662,6.2018561363220215,1,143,1,143,0.556420233463035,2.0,143,0.0,0,0.0,0,0.0,0,0.0,1,6
SH,FVD,17,1617,313,313,31.3,0.5620980262756348,0.8396877646446228,4.528311252593994,5.8607330322265625,0.9241657853126526,0,-1,1,204,0.6517571884984026,2.0,313,0.4440135061740875,0,0.0,0,0.0,0,1.3661328554153442,1,6
SH,FVD,17,1618,364,364,36.4,0.20985841751098633,0.2666566073894501,3.4888110160827637,4.46759033203125,0.639819860458374,0,-1,1,124,0.34065934065934067,2.0,364,1.2136802673339844,0,0.0,0,0.0,0,12.156280517578125,1,6
SH,FVD,17,1619,148,148,14.8,0.3673989772796631,0.49880367517471313,14.364920616149902,16.82061767578125,1.7575496435165405,0,-1,1,9,0.060810810810810814,2.0,148,1.8164602518081665,0,0.0,0,0.0,0,27.809186935424805,2,7
SH,FVD,17,1620,178,178,17.8,0.18762637674808502,0.25885316729545593,0.49444010853767395,0.6907293200492859,0.29915788769721985,1,177,1,76,0.42696629213483145,2.0,177,0.0,0,0.0,0,0.0,0,0.0,1,6
SH,FVD,17,1621,891,891,89.10000000000001,0.2629007399082184,0.3456256091594696,4.128758907318115,4.981133937835693,0.7852165102958679,1,694,1,31,0.03479236812570146,2.0,694,0.0,0,0.0,0,0.0,0,0.0,0,5
SH,FVD,17,1622,380,380,38.0,0.3649376630783081,0.47088950872421265,23.65561294555664,31.32002830505371,2.1177449226379395,0,-1,1,16,0.042105263157894736,2.0,380,1.6620450019836426,0,0.0,0,0.0,0,1.747139811515808,2,7
SH,FVD,17,1623,285,285,28.5,0.22341632843017578,0.2647626996040344,15.548041343688965,18.56432342529297,1.164118766784668,0,-1,0,0,0.0,2.0,285,3.1547956466674805,0,0.0,0,0.0,0,44.22804641723633,2,7
SH,FVD,17,1624,202,202,20.200000000000003,0.24921859800815582,0.32548150420188904,5.336986541748047,6.220017433166504,0.758222758769989,0,-1,0,0,0.0,2.0,202,2.544635534286499,0,0.0,0,0.0,0,5.66556978225708,2,7
SH,FVD,17,1625,237,237,23.700000000000003,0.2558901906013489,0.32396796345710754,1.7505545616149902,2.0132906436920166,0.3186147212982178,0,-1,1,55,0.2320675105485232,2.0,237,0.6654667258262634,0,0.0,0,0.0,0,0.3862582743167877,2,7
SH,FVD,17,1626,258,258,25.8,0.212181955575943,0.26010680198669434,9.757291793823242,12.252111434936523,0.8613259196281433,0,-1,1,258,1.0,2.0,258,0.6485241055488586,0,0.0,0,0.0,0,8.095991134643555,2,7
SH,FVD,17,1627,141,141,14.100000000000001,0.18064942955970764,0.21777410805225372,1.6992915868759155,1.9122874736785889,0.3169224262237549,1,74,1,74,0.524822695035461,2.0,74,0.0,0,0.0,0,0.0,0,0.0,1,6
SH,FVD,17,1628,153,153,15.3,0.45806166529655457,0.589209794998169,2.2082626819610596,2.490593910217285,0.42580941319465637,0,-1,1,153,1.0,2.0,153,0.534456729888916,0,0.0,0,0.0,0,1.0159670114517212,0,5
SH,FVD,17,1629,175,175,17.5,0.34048521518707275,0.37328827381134033,3.4698057174682617,4.377161502838135,1.263140320777893,0,-1,1,143,0.8171428571428572,2.0,175,1.1789857149124146,0,0.0,0,0.0,0,24.653594970703125,0,5
SH,FVD,17,1630,341,341,34.1,0.20730216801166534,0.25423189997673035,5.303415775299072,6.685290813446045,0.4501343369483948,0,-1,0,0,0.0,2.0,341,3.1309969425201416,0,0.0,0,0.0,0,20.251211166381836,0,5
SH,FVD,17,1631,174,174,17.400000000000002,0.3385452926158905,0.43277084827423096,3.3047025203704834,4.3840484619140625,1.0187017917633057,1,82,1,80,0.45977011494252873,2.0,82,0.0,0,0.0,0,0.0,0,0.0,0,5
SH,FVD,17,1632,281,281,28.1,0.4393770098686218,0.5526010990142822,5.863762378692627,6.591360092163086,0.637959361076355,0,-1,0,0,0.0,2.0,281,2.170870780944824,0,0.0,0,0.0,0,6.138317584991455,1,6
SH,FVD,17,1633,167,167,16.7,0.12017515301704407,0.15240156650543213,0.7228093147277832,0.8580306172370911,0.2400391846895218,0,-1,0,0,0.0,2.0,167,2.7846193313598633,0,0.0,0,0.0,0,1.5918806791305542,1,6
SH,FVD,17,1634,138,138,13.8,0.23336271941661835,0.30869898200035095,1.2864880561828613,1.5403863191604614,0.5709163546562195,0,-1,1,39,0.2826086956521739,2.0,138,1.0438119173049927,0,0.0,0,0.0,0,1.715865969657898,0,5
SH,FVD,17,1635,590,590,59.0,0.17404921352863312,0.2265547662973404,4.904409408569336,6.242883205413818,0.3213503956794739,0,-1,1,590,1.0,2.0,590,0.9922515153884888,0,0.0,0,0.0,0,5.929860591888428,0,5
SH,FVD,17,1636,141,141,14.100000000000001,0.5766909122467041,0.6629763245582581,5.018257141113281,5.863661766052246,1.4215338230133057,0,-1,0,0,0.0,2.0,141,4.1297173500061035,0,0.0,0,0.0,0,7.389208793640137,2,7
SH,FVD,17,1637,638,638,63.800000000000004,0.22521726787090302,0.2743382751941681,4.839044570922852,6.484750270843506,0.30709144473075867,0,-1,1,638,1.0,2.0,638,0.9457735419273376,0,0.0,0,0.0,0,15.2249174118042,1,6
SH,FVD,17,1638,210,210,21.0,0.3939848840236664,0.5630273222923279,13.609971046447754,14.897093772888184,1.070119857788086,0,-1,1,210,1.0,2.0,210,0.5567516088485718,0,0.0,0,0.0,0,11.072670936584473,0,5
SH,FVD,17,1639,261,261,26.1,0.2179742306470871,0.3028324842453003,4.606380462646484,5.473994731903076,0.358058899641037,0,-1,1,261,1.0,2.0,261,0.10686857998371124,0,0.0,0,0.0,0,1.3914744853973389,1,6
SH,FVD,17,1640,142,142,14.200000000000001,0.26724308729171753,0.32767951488494873,7.645867824554443,10.614919662475586,1.7210445404052734,0,-1,0,0,0.0,2.0,142,2.3993921279907227,0,0.0,0,0.0,0,64.79468536376953,0,5
SH,FVD,17,1641,247,247,24.700000000000003,0.3734375834465027,0.44199782609939575,2.042757749557495,2.272780179977417,0.47743475437164307,0,-1,1,247,1.0,2.0,247,0.16310150921344757,0,0.0,0,0.0,0,2.5782718658447266,0,5
SH,FVD,17,1642,348,348,34.800000000000004,0.42899927496910095,0.5402094125747681,4.537806034088135,5.664280891418457,2.810699701309204,1,229,1,229,0.6580459770114943,2.0,229,0.0,0,0.0,0,0.0,0,0.0,0,5
SH,FVD,17,1643,148,148,14.8,0.8002660870552063,0.9789710640907288,4.1475605964660645,5.077425479888916,2.4388794898986816,1,100,1,100,0.6756756756756757,2.0,100,0.0,0,0.0,0,0.0,0,0.0,0,5
SH,FVD,17,1644,169,169,16.900000000000002,0.20980362594127655,0.26987114548683167,2.9958906173706055,3.6804981231689453,0.377503365278244,0,-1,1,64,0.378698224852071,2.0,169,1.6059447526931763,0,0.0,0,0.0,0,34.42748260498047,2,7
SH,FVD,17,1645,660,660,66.0,0.33477169275283813,0.39914846420288086,6.640393257141113,7.6461944580078125,0.8663433790206909,0,-1,1,171,0.2590909090909091,2.0,660,0.125446155667305,0,0.0,0,0.0,0,0.2511169910430908,0,5
SH,FVD,17,1646,582,582,58.2,0.27916401624679565,0.34668174386024475,6.506527423858643,7.556513786315918,0.6764963269233704,0,-1,1,139,0.23883161512027493,2.0,582,1.0470964908599854,0,0.0,0,0.0,0,5.279475212097168,1,6
SH,FVD,17,1647,512,512,51.2,0.1850377470254898,0.2286667376756668,7.376358509063721,9.187114715576172,0.733207106590271,0,-1,1,277,0.541015625,2.0,512,1.1014117002487183,0,0.0,0,0.0,0,29.939800262451172,1,6
SH,FVD,17,1648,629,629,62.900000000000006,0.2529752850532532,0.3660993278026581,7.170119762420654,8.438800811767578,5.354360580444336,1,206,1,206,0.3275039745627981,2.0,206,0.0,0,0.0,0,0.0,0,0.0,0,5
SH,FVD,17,1649,424,424,42.400000000000006,0.29456648230552673,0.3664991557598114,1.4049018621444702,2.020998477935791,0.534193217754364,0,-1,1,424,1.0,2.0,424,0.802535891532898,0,0.0,0,0.0,0,9.652377128601074,1,6
SH,FVD,17,1650,137,137,13.700000000000001,0.1773737370967865,0.21640269458293915,3.6245460510253906,4.760913372039795,0.4870980679988861,0,-1,0,0,0.0,2.0,137,9.297810554504395,0,0.0,0,0.0,0,13.199268341064453,1,6
SH,FVD,17,1651,974,974,97.4,0.33219730854034424,0.45567673444747925,3.2274210453033447,4.012211322784424,0.5487934947013855,0,-1,0,0,0.0,2.0,974,2.2720513343811035,0,0.0,0,0.0,0,5.8191704750061035,0,5
SH,FVD,17,1652,164,164,16.400000000000002,0.22145363688468933,0.26654917001724243,1.8153457641601562,2.2953240871429443,0.6444893479347229,0,-1,1,164,1.0,2.0,164,0.803904116153717,0,0.0,0,0.0,0,9.123032569885254,2,7
SH,FVD,17,1653,208,208,20.8,0.41540876030921936,0.5437065958976746,1.8092281818389893,2.3122477531433105,0.4985000193119049,1,195,1,32,0.15384615384615385,2.0,195,0.0,0,0.0,0,0.0,0,0.0,0,5
SH,FVD,17,1654,226,226,22.6,0.19210366904735565,0.24663040041923523,0.5540111064910889,0.8496952652931213,0.2723572552204132,0,-1,1,195,0.8628318584070797,2.0,226,1.6737236976623535,0,0.0,0,0.0,0,6.943739414215088,0,5
SH,FVD,17,1655,187,187,18.7,0.18734382092952728,0.26356133818626404,2.567678213119507,3.2387642860412598,0.7421177625656128,0,-1,0,0,0.0,2.0,187,2.4922049045562744,0,0.0,0,0.0,0,36.821075439453125,1,6
SH,FVD,17,1656,158,158,15.8,0.5109736323356628,0.5682644844055176,7.903659343719482,9.378478050231934,1.1062548160552979,0,-1,0,0,0.0,2.0,158,3.419970750808716,0,0.0,0,0.0,0,11.220544815063477,0,5
SH,FVD,17,1657,233,233,23.3,0.2501189112663269,0.2925885319709778,3.472013235092163,4.590106010437012,0.8269355893135071,0,-1,1,233,1.0,2.0,233,1.2571297883987427,0,0.0,0,0.0,0,26.97864532470703,2,7
SH,FVD,17,1658,166,166,16.6,0.46924343705177307,0.5633546113967896,1.130395770072937,1.4172998666763306,0.6515407562255859,0,-1,1,83,0.5,2.0,166,1.2630401849746704,0,0.0,0,0.0,0,3.9331061840057373,0,5
SH,FVD,17,1659,133,133,13.3,0.17003579437732697,0.20296159386634827,0.7988461852073669,0.9945343136787415,0.33214667439460754,0,-1,1,8,0.06015037593984962,2.0,133,1.5602298974990845,0,0.0,0,0.0,0,1.281674861907959,1,6
SH,FVD,17,1660,402,402,40.2,0.4945667088031769,0.6328930258750916,3.3431873321533203,3.860233783721924,3.501349687576294,1,106,1,106,0.263681592039801,2.0,106,0.0,0,0.0,0,0.0,0,0.0,2,7
SH,FVD,17,1661,142,142,14.200000000000001,0.3586903512477875,0.42161825299263,2.5131144523620605,3.1198513507843018,0.8146969676017761,0,-1,1,142,1.0,2.0,142,1.2265580892562866,0,0.0,0,0.0,0,10.505094528198242,1,6
SH,FVD,17,1662,147,147,14.700000000000001,0.26456570625305176,0.4156848192214966,1.2699172496795654,1.392087697982788,0.3738751709461212,0,-1,1,147,1.0,2.0,147,0.6412121653556824,0,0.0,0,0.0,0,12.33413314819336,2,7
SH,FVD,17,1663,134,134,13.4,0.15116827189922333,0.19830282032489777,3.9051153659820557,4.847232818603516,0.6623979806900024,0,-1,1,134,1.0,2.0,134,1.370182991027832,0,0.0,0,0.0,0,25.522653579711914,2,7
SH,FVD,17,1664,137,137,13.700000000000001,0.3435813784599304,0.4334130585193634,2.1969988346099854,2.4270644187927246,0.3937836289405823,0,-1,0,0,0.0,2.0,137,2.866034746170044,0,0.0,0,0.0,0,2.939509868621826,2,7
SH,FVD,17,1665,200,200,20.0,0.3220365643501282,0.4295846223831177,6.727802753448486,8.89614200592041,0.9523473978042603,0,-1,1,200,1.0,2.0,200,0.8188024163246155,0,0.0,0,0.0,0,9.008291244506836,0,5
SH,FVD,17,1666,287,287,28.700000000000003,0.3565870225429535,0.4531906545162201,1.655004620552063,1.8872543573379517,0.4037572741508484,0,-1,1,3,0.010452961672473868,2.0,287,1.851240634918213,0,0.0,0,0.0,0,0.7947205305099487,1,6
SH,FVD,17,1667,175,175,17.5,0.24634180963039398,0.36901792883872986,24.19758415222168,29.940752029418945,3.1638402938842773,0,-1,1,175,1.0,2.0,175,0.9124976396560669,0,0.0,0,0.0,0,16.441274642944336,1,6
SH,FVD,17,1668,320,320,32.0,0.40757402777671814,0.5280569195747375,3.2634429931640625,3.7802367210388184,2.3185267448425293,1,254,1,197,0.615625,2.0,254,0.0,0,0.0,0,0.0,0,0.0,1,6
SH,FVD,17,1669,720,720,72.0,0.1887684315443039,0.24659080803394318,4.27134895324707,5.203513145446777,1.3341485261917114,1,598,1,585,0.8125,2.0,598,0.0,0,0.0,0,0.0,0,0.0,0,5
SH,FVD,17,1670,200,200,20.0,0.2588593363761902,0.34854134917259216,3.5759873390197754,4.490091323852539,1.1193982362747192,0,-1,0,0,0.0,2.0,200,2.019319772720337,0,0.0,0,0.0,0,34.760921478271484,1,6
SH,FVD,17,1671,216,216,21.6,0.298048734664917,0.3836577236652374,11.621824264526367,16.3603572845459,1.7200640439987183,0,-1,1,216,1.0,2.0,216,0.7494768500328064,0,0.0,0,0.0,0,14.085494041442871,0,5
SH,FVD,17,1672,196,196,19.6,0.47927039861679077,0.6090413928031921,17.284210205078125,19.71678352355957,1.5026956796646118,0,-1,1,16,0.08163265306122448,2.0,196,1.5950424671173096,0,0.0,0,0.0,0,6.5039520263671875,1,6
SH,FVD,17,1673,294,294,29.400000000000002,0.3999856114387512,0.4472659230232239,17.715242385864258,20.629457473754883,2.314356803894043,1,196,1,83,0.282312925170068,2.0,196,0.0,0,0.0,0,0.0,0,0.0,0,5
SH,FVD,17,1674,327,327,32.7,0.24283145368099213,0.3129490911960602,2.814493417739868,3.6030845642089844,0.6368853449821472,0,-1,1,218,0.6666666666666666,2.0,327,1.117226481437683,0,0.0,0,0.0,0,8.404016494750977,0,5
SH,FVD,17,1675,332,332,33.2,0.16368059813976288,0.2083563506603241,10.968901634216309,14.316971778869629,0.9539187550544739,0,-1,1,332,1.0,2.0,332,1.421898603439331,0,0.0,0,0.0,0,28.06869125366211,0,5
SH,FVD,17,1676,202,202,20.200000000000003,0.23133708536624908,0.2860985994338989,2.3398873805999756,2.9391801357269287,0.4132297933101654,1,188,1,34,0.16831683168316833,2.0,188,0.0,0,0.0,0,0.0,0,0.0,0,5
SH,FVD,17,1677,555,555,55.5,0.663255512714386,0.8655892610549927,10.90158748626709,11.68939208984375,9.81797981262207,1,79,1,79,0.14234234234234233,2.0,79,0.0,0,0.0,0,0.0,0,0.0,1,6
SH,FVD,17,1678,1637,1637,163.70000000000002,0.1758652925491333,0.22981911897659302,6.928269863128662,9.035128593444824,0.6959148645401001,0,-1,1,1637,1.0,2.0,1637,0.35449832677841187,0,0.0,0,0.0,0,4.666812419891357,1,6
SH,FVD,17,1679,200,200,20.0,0.21328510344028473,0.32989075779914856,3.8607282638549805,4.642104625701904,0.36514487862586975,0,-1,1,98,0.49,2.0,200,1.0968884229660034,0,0.0,0,0.0,0,9.509997367858887,2,7
SH,FVD,17,1680,168,168,16.8,0.4950180947780609,0.635984480381012,1.257753849029541,1.5228191614151,0.6625500917434692,0,-1,0,0,0.0,2.0,168,2.096189260482788,0,0.0,0,0.0,0,8.782386779785156,0,5
SH,FVD,17,1681,315,315,31.5,0.2965206801891327,0.36876168847084045,7.145961284637451,7.920711517333984,0.8986120820045471,0,-1,1,31,0.09841269841269841,2.0,315,0.4496934711933136,0,0.0,0,0.0,0,1.4026415348052979,1,6
SH,FVD,17,1682,216,216,21.6,0.322712779045105,0.38587328791618347,6.897462844848633,7.693023204803467,0.7396137714385986,0,-1,0,0,0.0,2.0,216,3.3670899868011475,0,0.0,0,0.0,0,7.054513454437256,1,6
SH,FVD,17,1683,172,172,17.2,0.49374791979789734,0.7173379063606262,9.076159477233887,10.578246116638184,1.4115653038024902,0,-1,0,0,0.0,2.0,172,3.5721404552459717,0,0.0,0,0.0,0,8.279143333435059,1,6
SH,FVD,17,1684,256,256,25.6,0.36662599444389343,0.5854138731956482,2.76813006401062,3.208594799041748,0.9202528595924377,1,166,1,131,0.51171875,2.0,166,0.0,0,0.0,0,0.0,0,0.0,1,6
SH,FVD,17,1685,144,144,14.4,0.28743210434913635,0.4204121530056,4.129977226257324,4.795140266418457,1.0061148405075073,1,108,1,59,0.4097222222222222,2.0,108,0.0,0,0.0,0,0.0,0,0.0,0,5
SH,FVD,17,1686,145,145,14.5,0.5394938588142395,0.6779416799545288,7.612405776977539,8.392009735107422,0.903216540813446,0,-1,0,0,0.0,2.0,145,2.565201759338379,0,0.0,0,0.0,0,20.179656982421875,2,7
SH,FVD,17,1687,278,278,27.8,0.30614158511161804,0.37763217091560364,14.339942932128906,16.298057556152344,3.297600746154785,1,141,1,53,0.1906474820143885,2.0,141,0.0,0,0.0,0,0.0,0,0.0,0,5
SH,FVD,17,1688,250,250,25.0,0.22807571291923523,0.28908640146255493,1.3528532981872559,1.7861642837524414,0.5758804678916931,0,-1,1,250,1.0,2.0,250,0.7212482690811157,0,0.0,0,0.0,0,9.676740646362305,2,7
SH,FVD,17,1689,184,184,18.400000000000002,0.2255517542362213,0.3010524809360504,2.9244961738586426,3.796023368835449,1.1143417358398438,1,160,1,160,0.8695652173913043,2.0,160,0.0,0,0.0,0,0.0,0,0.0,0,5
SH,FVD,17,1690,285,285,28.5,0.20343415439128876,0.2618681490421295,3.396822452545166,4.265357494354248,0.7053704261779785,0,-1,0,0,0.0,2.0,285,2.776207447052002,0,0.0,0,0.0,0,36.03779983520508,0,5
SH,FVD,17,1691,389,389,38.900000000000006,0.34458816051483154,0.502133309841156,9.419327735900879,11.845566749572754,0.7885209321975708,0,-1,1,63,0.16195372750642673,2.0,389,1.3549808263778687,0,0.0,0,0.0,0,8.341174125671387,1,6
SH,FVD,17,1692,352,352,35.2,0.17923027276992798,0.21218129992485046,4.6019287109375,5.508358001708984,0.7417560815811157,0,-1,0,0,0.0,2.0,352,4.028399467468262,0,0.0,0,0.0,0,21.596147537231445,1,6
SH,FVD,17,1693,234,234,23.400000000000002,0.16864903271198273,0.2058248370885849,5.432410717010498,6.201045989990234,0.4517832398414612,0,-1,1,234,1.0,2.0,234,1.051997423171997,0,0.0,0,0.0,0,16.869619369506836,2,7
SH,FVD,17,1694,406,406,40.6,0.17641808092594147,0.21671009063720703,3.1752147674560547,3.847397565841675,0.5039193034172058,0,-1,1,406,1.0,2.0,406,0.936436116695404,0,0.0,0,0.0,0,16.191991806030273,0,5
SH,FVD,17,1695,145,145,14.5,0.43579569458961487,0.529776394367218,3.7705140113830566,4.605953693389893,1.0430973768234253,0,-1,1,21,0.14482758620689656,2.0,145,0.8042178750038147,0,0.0,0,0.0,0,1.6802542209625244,0,5
SH,FVD,17,1696,141,141,14.100000000000001,0.30521178245544434,0.5263107419013977,0.771412193775177,1.3129143714904785,0.443929523229599,0,-1,1,28,0.19858156028368795,2.0,141,1.6089802980422974,0,0.0,0,0.0,0,29.31309700012207,0,5
SH,FVD,17,1697,259,259,25.900000000000002,0.19024436175823212,0.26925790309906006,0.585124135017395,0.7372608184814453,0.27195441722869873,1,252,1,240,0.9266409266409267,2.0,252,0.0,0,0.0,0,0.0,0,0.0,1,6
SH,FVD,17,1698,384,384,38.400000000000006,0.25296029448509216,0.3363676369190216,3.5288197994232178,4.2139363288879395,0.5891467928886414,0,-1,1,384,1.0,2.0,384,1.0114105939865112,0,0.0,0,0.0,0,9.19365119934082,2,7
SH,FVD,17,1699,134,134,13.4,0.22978003323078156,0.30291950702667236,1.8236351013183594,2.1945929527282715,0.46275168657302856,0,-1,1,39,0.291044776119403,2.0,134,1.1052123308181763,0,0.0,0,0.0,0,0.22787758708000183,0,5
SH,FVD,17,1700,138,138,13.8,0.23056572675704956,0.2715754806995392,3.5100512504577637,5.64525842666626,1.1009202003479004,0,-1,1,4,0.028985507246376812,2.0,138,1.991768717765808,0,0.0,0,0.0,0,34.614990234375,1,6
SH,FVD,17,1701,228,228,22.8,0.1961352527141571,0.2603186070919037,3.567051410675049,4.215017795562744,0.59136962890625,0,-1,1,228,1.0,2.0,228,1.2428956031799316,0,0.0,0,0.0,0,24.923831939697266,0,5
SH,FVD,17,1702,383,383,38.300000000000004,0.30342671275138855,0.36941397190093994,6.33798885345459,7.058100700378418,0.6648131012916565,1,383,1,31,0.08093994778067885,2.0,383,0.0,0,0.0,0,0.0,0,0.0,2,7
SH,FVD,17,1703,355,355,35.5,0.3210085928440094,0.5217722058296204,4.60642147064209,5.7945637702941895,0.7871325612068176,0,-1,1,355,1.0,2.0,355,0.6912241578102112,0,0.0,0,0.0,0,10.036972999572754,2,7
SH,FVD,17,1704,515,515,51.5,0.3436908721923828,0.4496394693851471,4.272533416748047,4.732941150665283,2.1000828742980957,1,147,1,80,0.1553398058252427,2.0,147,0.0,0,0.0,0,0.0,0,0.0,0,5
SH,FVD,17,1705,264,264,26.400000000000002,0.1748472899198532,0.21954795718193054,1.0949567556381226,1.3068628311157227,0.24785149097442627,0,-1,1,264,1.0,2.0,264,0.8826314210891724,0,0.0,0,0.0,0,12.27624225616455,2,7
SH,FVD,17,1706,363,363,36.300000000000004,0.31447654962539673,0.4029991328716278,2.8341894149780273,3.2512271404266357,0.9509613513946533,0,-1,1,363,1.0,2.0,363,0.4516998529434204,0,0.0,0,0.0,0,4.066749572753906,0,5
SH,FVD,17,1707,211,211,21.1,0.3466345965862274,0.5288131237030029,8.52604866027832,11.673988342285156,1.152288556098938,0,-1,1,211,1.0,2.0,211,0.4607853889465332,0,0.0,0,0.0,0,6.792789459228516,2,7
SH,FVD,17,1708,157,157,15.700000000000001,0.43850401043891907,0.545449435710907,5.492796421051025,7.200855731964111,0.9399267435073853,0,-1,1,61,0.3885350318471338,2.0,157,1.0571749210357666,0,0.0,0,0.0,0,20.096925735473633,1,6
SH,FVD,17,1709,177,177,17.7,0.3066345155239105,0.3498426675796509,4.512834072113037,5.332364082336426,0.8266213536262512,0,-1,1,132,0.7457627118644068,2.0,177,1.2715833187103271,0,0.0,0,0.0,0,21.38540267944336,2,7
SH,FVD,17,1710,181,181,18.1,0.5027497410774231,0.6581636667251587,6.463747024536133,7.904263973236084,1.136887550354004,0,-1,0,0,0.0,2.0,181,3.310196876525879,0,0.0,0,0.0,0,9.61678695678711,1,6
SH,FVD,17,1711,210,210,21.0,0.23654887080192566,0.2827003002166748,6.247574806213379,6.790790557861328,0.455898642539978,0,-1,1,173,0.8238095238095238,2.0,210,0.8578429222106934,0,0.0,0,0.0,0,6.0761919021606445,1,6
SH,FVD,17,1712,194,194,19.400000000000002,0.17281365394592285,0.24765896797180176,3.3506240844726562,4.312915325164795,0.49103981256484985,0,-1,1,3,0.015463917525773196,2.0,194,1.9768811464309692,0,0.0,0,0.0,0,27.408559799194336,0,5
SH,FVD,17,1713,171,171,17.1,0.16802607476711273,0.23066271841526031,4.079843044281006,5.402514457702637,0.6249004006385803,0,-1,1,171,1.0,2.0,171,1.1954292058944702,0,0.0,0,0.0,0,26.750167846679688,0,5
SH,FVD,17,1714,415,415,41.5,0.2314940094947815,0.2810229957103729,6.843873500823975,7.739161491394043,0.5696741938591003,0,-1,1,415,1.0,2.0,415,0.6775931715965271,0,0.0,0,0.0,0,8.112086296081543,2,7
SH,FVD,17,1715,206,206,20.6,0.1739058494567871,0.24989226460456848,10.777441024780273,12.635109901428223,0.9466118812561035,0,-1,1,206,1.0,2.0,206,1.2906078100204468,0,0.0,0,0.0,0,24.56647300720215,0,5
SH,FVD,17,1716,371,371,37.1,0.2621731758117676,0.31611838936805725,22.010908126831055,25.797679901123047,1.339737892150879,0,-1,1,371,1.0,2.0,371,0.8966085910797119,0,0.0,0,0.0,0,15.877974510192871,1,6
SH,FVD,17,1717,406,406,40.6,0.5541266202926636,0.6791619658470154,4.959356784820557,5.71323823928833,4.9974212646484375,1,270,1,257,0.6330049261083743,2.0,270,0.0,0,0.0,0,0.0,0,0.0,1,6
SH,FVD,17,1718,203,203,20.3,0.1547444462776184,0.19249780476093292,5.20167350769043,6.283020496368408,0.5408072471618652,0,-1,0,0,0.0,2.0,203,2.939434289932251,0,0.0,0,0.0,0,21.224031448364258,0,5
SH,FVD,17,1719,255,255,25.5,0.1297527551651001,0.1647534817457199,10.387455940246582,13.736756324768066,1.096415400505066,0,-1,0,0,0.0,2.0,255,2.2017500400543213,0,0.0,0,0.0,0,51.493412017822266,2,7
SH,FVD,17,1720,341,341,34.1,0.21474716067314148,0.24660690128803253,3.459284782409668,4.190327167510986,0.7228807806968689,0,-1,1,143,0.41935483870967744,2.0,341,1.410807490348816,0,0.0,0,0.0,0,6.094574451446533,1,6
SH,FVD,17,1721,156,156,15.600000000000001,0.2010033279657364,0.32768887281417847,2.8250699043273926,3.568458080291748,0.3306399881839752,0,-1,1,156,1.0,2.0,156,0.28680965304374695,0,0.0,0,0.0,0,0.8198237419128418,1,6
SH,FVD,17,1722,151,151,15.100000000000001,0.7962691187858582,0.8720666170120239,8.341773986816406,9.746893882751465,3.2893788814544678,1,65,1,65,0.4304635761589404,2.0,65,0.0,0,0.0,0,0.0,0,0.0,2,7
SH,FVD,17,1723,166,166,16.6,0.08663209527730942,0.12959176301956177,6.724058628082275,8.114280700683594,0.8280129432678223,1,163,1,163,0.9819277108433735,2.0,163,0.0,0,0.0,0,0.0,0,0.0,1,6
SH,FVD,17,1724,132,132,13.200000000000001,0.2989996671676636,0.3766229748725891,2.427243232727051,2.9480056762695312,0.6523807048797607,0,-1,0,0,0.0,2.0,132,4.59654426574707,0,0.0,0,0.0,0,5.1724700927734375,2,7
SH,FVD,17,1725,150,150,15.0,0.18261991441249847,0.22508692741394043,8.170485496520996,9.933151245117188,1.0933059453964233,0,-1,0,0,0.0,2.0,150,2.6543796062469482,0,0.0,0,0.0,0,49.356075286865234,0,5
SH,FVD,17,1726,189,189,18.900000000000002,0.15633869171142578,0.20589235424995422,0.9354655742645264,1.2409106492996216,0.3013901710510254,0,-1,1,169,0.8941798941798942,2.0,189,1.2002966403961182,0,0.0,0,0.0,0,1.4120794534683228,2,7
SH,FVD,17,1727,677,677,67.7,0.26632753014564514,0.37688392400741577,8.598240852355957,10.300050735473633,0.6195870041847229,0,-1,1,677,1.0,2.0,677,0.33946293592453003,0,0.0,0,0.0,0,3.132206916809082,2,7
SH,FVD,17,1728,358,358,35.800000000000004,0.20350296795368195,0.25265681743621826,9.26749038696289,10.171545028686523,0.8092857003211975,0,-1,1,358,1.0,2.0,358,1.2994998693466187,0,0.0,0,0.0,0,24.509462356567383,2,7
SH,FVD,17,1729,341,341,34.1,0.3057098984718323,0.41563811898231506,5.1777825355529785,5.982356548309326,0.5897725820541382,0,-1,0,0,0.0,2.0,341,2.3774712085723877,0,0.0,0,0.0,0,6.8083953857421875,0,5
SH,FVD,17,1730,229,229,22.900000000000002,0.30302712321281433,0.42522162199020386,11.486868858337402,12.685302734375,0.9091507196426392,0,-1,1,10,0.043668122270742356,2.0,229,1.9681059122085571,0,0.0,0,0.0,0,7.8321027755737305,2,7
SH,FVD,17,1731,464,464,46.400000000000006,0.24514514207839966,0.31204694509506226,5.974003791809082,6.811347484588623,0.6345518231391907,0,-1,1,464,1.0,2.0,464,0.004900661297142506,0,0.0,0,0.0,0,0.042299628257751465,0,5
SH,FVD,17,1732,136,136,13.600000000000001,0.26173242926597595,0.30991488695144653,0.3433564007282257,0.45016029477119446,0.2625190317630768,0,-1,1,136,1.0,2.0,136,0.7596926689147949,0,0.0,0,0.0,0,11.96812629699707,2,7
SH,FVD,17,1733,515,515,51.5,0.21781760454177856,0.2786610424518585,5.5606913566589355,6.822996616363525,0.5199548602104187,0,-1,1,515,1.0,2.0,515,0.8047156929969788,0,0.0,0,0.0,0,14.012561798095703,2,7
SH,FVD,17,1734,224,224,22.400000000000002,0.4913930594921112,0.6461964845657349,6.041441440582275,7.54105806350708,1.7882509231567383,1,141,1,121,0.5401785714285714,2.0,141,0.0,0,0.0,0,0.0,0,0.0,1,6
SH,FVD,17,1735,262,262,26.200000000000003,0.29924440383911133,0.3810524344444275,4.086126327514648,4.423485279083252,0.5184074640274048,1,237,1,34,0.1297709923664122,2.0,237,0.0,0,0.0,0,0.0,0,0.0,2,7
SH,FVD,17,1736,148,148,14.8,0.2804824411869049,0.3478095531463623,4.747137546539307,5.454268932342529,0.7564131021499634,0,-1,0,0,0.0,2.0,148,2.3624205589294434,0,0.0,0,0.0,0,28.468549728393555,1,6
SH,FVD,17,1737,193,193,19.3,0.4097062647342682,0.5029901266098022,2.588528871536255,3.1887753009796143,0.8673562407493591,1,154,1,154,0.7979274611398963,2.0,154,0.0,0,0.0,0,0.0,0,0.0,1,6
SH,FVD,17,1738,131,131,13.100000000000001,0.16206976771354675,0.20117641985416412,4.065899848937988,5.7321858406066895,0.9394704103469849,0,-1,1,131,1.0,2.0,131,1.2344083786010742,0,0.0,0,0.0,0,15.847650527954102,1,6
SH,FVD,17,1739,294,294,29.400000000000002,0.5171496868133545,0.613131046295166,8.6146879196167,10.064543724060059,1.2235376834869385,0,-1,1,98,0.3333333333333333,2.0,294,1.3387750387191772,0,0.0,0,0.0,0,10.790362358093262,1,6
SH,FVD,17,1740,235,235,23.5,0.23877565562725067,0.35984325408935547,1.9236185550689697,2.3158791065216064,0.4292788803577423,0,-1,0,0,0.0,2.0,235,2.942995071411133,0,0.0,0,0.0,0,5.985073566436768,2,7
SH,FVD,17,1741,173,173,17.3,0.41024264693260193,0.5042476058006287,5.018855571746826,6.521615028381348,0.8057409524917603,0,-1,1,97,0.5606936416184971,2.0,173,1.7617594003677368,0,0.0,0,0.0,0,20.53911590576172,2,7
SH,FVD,17,1742,183,183,18.3,0.34577620029449463,0.5873849391937256,2.107309341430664,2.76401686668396,0.8271419405937195,1,158,1,129,0.7049180327868853,2.0,158,0.0,0,0.0,0,0.0,0,0.0,1,6
SH,FVD,17,1743,384,384,38.400000000000006,0.3630257844924927,0.4603933095932007,4.619614124298096,4.954503536224365,0.451372355222702,0,-1,1,41,0.10677083333333333,2.0,384,1.6316972970962524,0,0.0,0,0.0,0,4.197371006011963,0,5
SH,FVD,17,1744,735,735,73.5,0.3182559609413147,0.4512612521648407,7.39171028137207,9.286710739135742,1.1199939250946045,1,671,1,671,0.9129251700680272,2.0,671,0.0,0,0.0,0,0.0,0,0.0,0,5
SH,FVD,17,1745,200,200,20.0,0.14278645813465118,0.16512799263000488,6.8970160484313965,9.592559814453125,1.0944098234176636,0,-1,1,132,0.66,2.0,200,1.4953184127807617,0,0.0,0,0.0,0,19.55723762512207,0,5
SH,FVD,17,1746,464,464,46.400000000000006,0.3138752579689026,0.46597933769226074,4.12376070022583,4.530765056610107,1.1656900644302368,1,312,1,209,0.4504310344827586,2.0,312,0.0,0,0.0,0,0.0,0,0.0,1,6
SH,FVD,17,1747,153,153,15.3,0.1724402904510498,0.22441187500953674,2.99593448638916,3.7342817783355713,0.45403584837913513,0,-1,1,36,0.23529411764705882,2.0,153,1.5385361909866333,0,0.0,0,0.0,0,10.023445129394531,1,6
SH,FVD,17,1748,210,210,21.0,0.5303521752357483,0.6538382768630981,4.567492485046387,6.2318925857543945,1.032582402229309,1,158,1,28,0.13333333333333333,2.0,158,0.0,0,0.0,0,0.0,0,0.0,2,7
SH,FVD,17,1749,242,242,24.200000000000003,0.15333740413188934,0.20156323909759521,0.584072470664978,0.7111184597015381,0.22287242114543915,0,-1,0,0,0.0,2.0,242,2.1987438201904297,0,0.0,0,0.0,0,28.912485122680664,2,7
SH,FVD,17,1750,183,183,18.3,0.3178110122680664,0.40907272696495056,10.528682708740234,12.388884544372559,1.6194806098937988,1,168,1,168,0.9180327868852459,2.0,168,0.0,0,0.0,0,0.0,0,0.0,2,7
SH,FVD,17,1751,155,155,15.5,0.24405522644519806,0.31335189938545227,3.2807421684265137,3.587909698486328,0.3307632803916931,0,-1,0,0,0.0,2.0,155,5.6294050216674805,0,0.0,0,0.0,0,10.403285026550293,1,6
SH,FVD,17,1752,264,264,26.400000000000002,0.16448631882667542,0.21347112953662872,0.8540958762168884,0.9688566327095032,0.2906047999858856,0,-1,1,102,0.38636363636363635,2.0,264,1.5003091096878052,0,0.0,0,0.0,0,12.203218460083008,0,5
SH,FVD,17,1753,340,340,34.0,0.4117846190929413,0.5148554444313049,3.155970335006714,3.875640392303467,1.01412034034729,1,287,1,176,0.5176470588235295,2.0,287,0.0,0,0.0,0,0.0,0,0.0,2,7
SH,FVD,17,1754,246,246,24.6,0.37101292610168457,0.45777711272239685,5.819424629211426,6.345131874084473,2.6986804008483887,1,98,1,98,0.3983739837398374,2.0,98,0.0,0,0.0,0,0.0,0,0.0,2,7
SH,FVD,17,1755,190,190,19.0,0.726050853729248,0.9961463212966919,24.275066375732422,28.477277755737305,2.5094029903411865,0,-1,0,0,0.0,2.0,190,2.2113990783691406,0,0.0,0,0.0,0,10.100900650024414,2,7
SH,FVD,17,1756,275,275,27.5,0.28622138500213623,0.3655652701854706,2.650418996810913,3.311950445175171,0.5557819604873657,0,-1,1,50,0.18181818181818182,2.0,275,1.0325452089309692,0,0.0,0,0.0,0,1.131245493888855,0,5
SH,FVD,17,1757,171,171,17.1,0.0749431923031807,0.09181416034698486,4.143608093261719,5.3290276527404785,0.7048088312149048,0,-1,0,0,0.0,2.0,171,3.353384494781494,0,0.0,0,0.0,0,69.9658203125,1,6
SH,FVD,17,1758,343,343,34.300000000000004,0.4305605888366699,0.5473155975341797,27.16274070739746,32.26590347290039,1.741231083869934,0,-1,1,24,0.06997084548104957,2.0,343,1.72744619846344,0,0.0,0,0.0,0,8.715930938720703,1,6
SH,FVD,17,1759,715,715,71.5,0.191402405500412,0.2670696973800659,2.4927921295166016,3.0131874084472656,0.3103330433368683,0,-1,1,715,1.0,2.0,715,0.1983429491519928,0,0.0,0,0.0,0,3.4227402210235596,1,6
SH,FVD,17,1760,214,214,21.400000000000002,0.20146626234054565,0.24695774912834167,3.496906042098999,4.678631782531738,0.5121304988861084,0,-1,1,214,1.0,2.0,214,0.36719053983688354,0,0.0,0,0.0,0,6.819775104522705,0,5
SH,FVD,17,1761,301,301,30.1,0.43698257207870483,0.5508185029029846,4.337925434112549,4.949109077453613,0.7966589331626892,0,-1,0,0,0.0,2.0,301,2.1160032749176025,0,0.0,0,0.0,0,6.870569229125977,1,6
SH,FVD,17,1762,164,164,16.400000000000002,0.26555854082107544,0.32243865728378296,3.116391181945801,4.1447601318359375,0.7357231974601746,0,-1,1,164,1.0,2.0,164,1.1433632373809814,0,0.0,0,0.0,0,14.138882637023926,0,5
SH,FVD,17,1763,296,296,29.6,0.22148405015468597,0.2867569327354431,3.750774383544922,4.303083896636963,0.5025361776351929,0,-1,1,121,0.40878378378378377,2.0,296,0.6334775686264038,0,0.0,0,0.0,0,1.7427881956100464,0,5
SH,FVD,17,1764,164,164,16.400000000000002,0.3573397994041443,0.46743109822273254,1.6424338817596436,1.9580278396606445,0.7930457592010498,1,135,1,65,0.39634146341463417,2.0,135,0.0,0,0.0,0,0.0,0,0.0,1,6
SH,FVD,17,1765,133,133,13.3,0.38165006041526794,0.5047150254249573,2.8658499717712402,4.178945541381836,0.859855592250824,0,-1,1,14,0.10526315789473684,2.0,133,1.971576452255249,0,0.0,0,0.0,0,20.483604431152344,2,7
SH,FVD,17,1766,215,215,21.5,0.37964344024658203,0.5176512598991394,5.623167991638184,6.1656107902526855,0.695665717124939,0,-1,0,0,0.0,2.0,215,2.156201124191284,0,0.0,0,0.0,0,5.283351421356201,0,5
SH,FVD,17,1767,792,792,79.2,0.34414342045783997,0.4128856360912323,14.90068531036377,17.18636131286621,0.843008279800415,0,-1,1,185,0.2335858585858586,2.0,792,1.082745909690857,0,0.0,0,0.0,0,5.475668430328369,1,6
SH,FVD,17,1768,213,213,21.3,0.20739278197288513,0.24225576221942902,0.8333826661109924,1.2164592742919922,0.3244618773460388,0,-1,1,213,1.0,2.0,213,0.8914243578910828,0,0.0,0,0.0,0,11.636734008789062,2,7
SH,FVD,17,1769,188,188,18.8,0.163401260972023,0.208353191614151,2.109708309173584,2.4054019451141357,0.3801969885826111,0,-1,0,0,0.0,2.0,188,4.135333061218262,0,0.0,0,0.0,0,15.42769718170166,1,6
SH,FVD,17,1770,170,170,17.0,0.3710039556026459,0.5010959506034851,7.836406230926514,10.74494743347168,1.326973557472229,0,-1,0,0,0.0,2.0,170,3.781893491744995,0,0.0,0,0.0,0,4.837802410125732,0,5
SH,FVD,17,1771,172,172,17.2,0.6888561844825745,0.7942511439323425,8.819031715393066,11.08508014678955,2.810412883758545,1,93,1,93,0.5406976744186046,2.0,93,0.0,0,0.0,0,0.0,0,0.0,2,7
SH,FVD,17,1772,144,144,14.4,0.2614588141441345,0.3089640140533447,9.224979400634766,11.376716613769531,1.4593671560287476,0,-1,0,0,0.0,2.0,144,2.5573954582214355,0,0.0,0,0.0,0,31.64924430847168,1,6
SH,FVD,17,1773,143,143,14.3,0.4998567998409271,0.6027553081512451,3.4750983715057373,3.9517264366149902,0.8952394723892212,0,-1,0,0,0.0,2.0,143,3.6274609565734863,0,0.0,0,0.0,0,12.25023078918457,2,7
SH,FVD,17,1774,131,131,13.100000000000001,0.3343615233898163,0.3728761076927185,6.870513916015625,9.787520408630371,1.78927481174469,0,-1,0,0,0.0,2.0,131,2.160757541656494,0,0.0,0,0.0,0,40.870765686035156,2,7
SH,FVD,17,1775,478,478,47.800000000000004,0.18875858187675476,0.2317325621843338,5.3924455642700195,7.433557510375977,0.8236967325210571,0,-1,1,296,0.6192468619246861,2.0,478,0.33420953154563904,0,0.0,0,0.0,0,4.672447681427002,1,6
SH,FVD,17,1776,153,153,15.3,0.27332770824432373,0.40980806946754456,11.440424919128418,13.18766975402832,1.3025552034378052,0,-1,1,150,0.9803921568627451,2.0,153,0.9335891008377075,0,0.0,0,0.0,0,21.966106414794922,2,7
SH,FVD,17,1777,545,545,54.5,0.3601420223712921,0.4541725516319275,4.218508720397949,4.983156204223633,2.0562994480133057,1,342,1,342,0.6275229357798165,2.0,342,0.0,0,0.0,0,0.0,0,0.0,2,7
SH,FVD,17,1778,172,172,17.2,0.3460938334465027,0.43185898661613464,9.222391128540039,11.727630615234375,1.191144585609436,0,-1,1,47,0.27325581395348836,2.0,172,1.5731472969055176,0,0.0,0,0.0,0,24.905771255493164,0,5
SH,FVD,17,1779,323,323,32.300000000000004,0.2601466178894043,0.3017348051071167,11.165181159973145,15.462976455688477,1.2135279178619385,0,-1,1,21,0.06501547987616099,2.0,323,1.5835756063461304,0,0.0,0,0.0,0,6.415407657623291,0,5
SH,FVD,17,1780,150,150,15.0,0.19338873028755188,0.25618383288383484,3.3671302795410156,4.827447891235352,0.8694105744361877,0,-1,1,57,0.38,2.0,150,1.1549676656723022,0,0.0,0,0.0,0,3.5529189109802246,1,6
SH,FVD,17,1781,135,135,13.5,0.21649973094463348,0.2862921357154846,1.3731151819229126,1.484283208847046,0.2766686975955963,0,-1,1,135,1.0,2.0,135,1.2251644134521484,0,0.0,0,0.0,0,22.48853302001953,0,5
SH,FVD,17,1782,176,176,17.6,0.2096778005361557,0.2763507068157196,8.854620933532715,10.419215202331543,0.8889655470848083,0,-1,1,176,1.0,2.0,176,0.2140924483537674,0,0.0,0,0.0,0,1.8169400691986084,1,6
SH,FVD,17,1783,138,138,13.8,0.18193694949150085,0.23944592475891113,1.3327974081039429,1.7421455383300781,0.37960878014564514,0,-1,1,9,0.06521739130434782,2.0,138,1.8221901655197144,0,0.0,0,0.0,0,8.488369941711426,2,7
SH,FVD,17,1784,162,162,16.2,0.34784233570098877,0.41185855865478516,1.9918327331542969,2.4674460887908936,0.6461253762245178,0,-1,0,0,0.0,2.0,162,5.110631465911865,0,0.0,0,0.0,0,11.092267036437988,1,6
SH,FVD,17,1785,378,378,37.800000000000004,0.28970426321029663,0.3769570291042328,1.3258979320526123,1.6582059860229492,0.3722939193248749,1,359,1,178,0.4708994708994709,2.0,359,0.0,0,0.0,0,0.0,0,0.0,0,5
SH,FVD,17,1786,220,220,22.0,0.4241912066936493,0.5656310319900513,16.521080017089844,18.332847595214844,1.3520187139511108,0,-1,1,1,0.004545454545454545,2.0,220,1.9943675994873047,0,0.0,0,0.0,0,5.359690189361572,0,5
SH,FVD,17,1787,315,315,31.5,0.25857028365135193,0.30941954255104065,20.528974533081055,24.59344482421875,1.3827762603759766,0,-1,1,315,1.0,2.0,315,1.310979962348938,0,0.0,0,0.0,0,31.235780715942383,2,7
SH,FVD,17,1788,289,289,28.900000000000002,0.2918778657913208,0.41509395837783813,14.291144371032715,17.320068359375,1.7618277072906494,1,251,1,251,0.8685121107266436,2.0,251,0.0,0,0.0,0,0.0,0,0.0,0,5
SH,FVD,17,1789,239,239,23.900000000000002,0.31218278408050537,0.37087592482566833,2.3332066535949707,2.649158239364624,0.502373993396759,0,-1,1,239,1.0,2.0,239,1.5119717121124268,0,0.0,0,0.0,0,18.74627685546875,0,5
SH,FVD,17,1790,299,299,29.900000000000002,0.3171631395816803,0.3828987181186676,10.730298042297363,12.918439865112305,1.0545825958251953,0,-1,1,299,1.0,2.0,299,1.211980938911438,0,0.0,0,0.0,0,23.303239822387695,0,5
SH,FVD,17,1791,222,222,22.200000000000003,0.2431449443101883,0.29779189825057983,1.1239873170852661,1.5200040340423584,0.4545252025127411,0,-1,1,141,0.6351351351351351,2.0,222,0.9874973297119141,0,0.0,0,0.0,0,2.853701591491699,2,7
SH,FVD,17,1792,551,551,55.1,0.18576495349407196,0.25345495343208313,3.1357874870300293,3.743530511856079,0.5657939314842224,0,-1,1,551,1.0,2.0,551,0.8881714344024658,0,0.0,0,0.0,0,15.776384353637695,2,7
SH,FVD,17,1793,799,799,79.9,0.264999121427536,0.35291674733161926,5.976324081420898,6.662698268890381,0.7839377522468567,1,722,1,558,0.6983729662077597,2.0,722,0.0,0,0.0,0,0.0,0,0.0,1,6
SH,FVD,17,1794,153,153,15.3,0.32897576689720154,0.389179527759552,17.620159149169922,22.090957641601562,2.697187662124634,0,-1,1,153,1.0,2.0,153,1.3465383052825928,0,0.0,0,0.0,0,25.052507400512695,0,5
SH,FVD,17,1795,298,298,29.8,0.39911460876464844,0.5298657417297363,6.5463762283325195,8.426036834716797,2.101661205291748,1,191,1,191,0.6409395973154363,2.0,191,0.0,0,0.0,0,0.0,0,0.0,0,5
SH,FVD,17,1796,903,903,90.30000000000001,0.24407510459423065,0.3844032287597656,7.4109296798706055,9.244392395019531,0.8213139772415161,0,-1,1,903,1.0,2.0,903,0.3054928779602051,0,0.0,0,0.0,0,5.126282691955566,2,7
SH,FVD,17,1797,182,182,18.2,0.22664569318294525,0.29072582721710205,1.768957257270813,2.344648838043213,0.2958153188228607,0,-1,1,182,1.0,2.0,182,0.5319492220878601,0,0.0,0,0.0,0,12.761255264282227,1,6
SH,FVD,17,1798,477,477,47.7,0.21606357395648956,0.2908199429512024,33.56478500366211,42.433353424072266,1.7961536645889282,0,-1,0,0,0.0,2.0,477,2.620476245880127,0,0.0,0,0.0,0,50.146846771240234,2,7
SH,FVD,17,1799,288,288,28.8,0.3087005317211151,0.3741384744644165,5.217096328735352,7.5388970375061035,0.9089581370353699,0,-1,1,288,1.0,2.0,288,1.6672042608261108,0,0.0,0,0.0,0,29.458505630493164,1,6
SH,FVD,17,1800,143,143,14.3,0.388436496257782,0.5067645311355591,4.018862247467041,4.515866279602051,0.5237854719161987,0,-1,1,143,1.0,2.0,143,0.6834831833839417,0,0.0,0,0.0,0,9.89687442779541,0,5
SH,FVD,17,1801,463,463,46.300000000000004,0.21865275502204895,0.2933879792690277,5.215864658355713,6.3005499839782715,0.7084788680076599,0,-1,1,337,0.7278617710583153,2.0,463,0.9046905636787415,0,0.0,0,0.0,0,9.74470329284668,2,7
SH,FVD,17,1802,171,171,17.1,0.41801315546035767,0.48078688979148865,2.943044662475586,3.4644882678985596,1.0409049987792969,1,137,1,52,0.30409356725146197,2.0,137,0.0,0,0.0,0,0.0,0,0.0,2,7
SH,FVD,17,1803,218,218,21.8,0.2729499638080597,0.36742427945137024,4.924342632293701,5.809247970581055,1.0994188785552979,1,134,1,55,0.25229357798165136,2.0,134,0.0,0,0.0,0,0.0,0,0.0,0,5
SH,FVD,17,1804,695,695,69.5,0.44912979006767273,0.6015422344207764,8.988285064697266,10.183060646057129,4.872391700744629,1,261,1,261,0.37553956834532376,2.0,261,0.0,0,0.0,0,0.0,0,0.0,1,6
SH,FVD,17,1805,269,269,26.900000000000002,0.31059783697128296,0.3834493160247803,1.7385709285736084,2.060267686843872,0.4038727581501007,1,250,1,207,0.7695167286245354,2.0,250,0.0,0,0.0,0,0.0,0,0.0,1,6
SH,FVD,17,1806,146,146,14.600000000000001,0.23034733533859253,0.2896316945552826,6.788660526275635,8.444079399108887,1.3413927555084229,0,-1,1,13,0.08904109589041095,2.0,146,1.328567624092102,0,0.0,0,0.0,0,1.9813485145568848,2,7
SH,FVD,17,1807,748,748,74.8,0.21594376862049103,0.26973992586135864,15.96352481842041,18.368738174438477,1.010722279548645,1,700,1,54,0.07219251336898395,2.0,700,0.0,0,0.0,0,0.0,0,0.0,0,5
SH,FVD,17,1808,727,727,72.7,0.2520448565483093,0.3232792019844055,9.292755126953125,10.565656661987305,0.5249316096305847,0,-1,1,220,0.30261348005502064,2.0,727,0.9846084713935852,0,0.0,0,0.0,0,4.275484085083008,1,6
SH,FVD,17,1809,304,304,30.400000000000002,0.25311148166656494,0.30356764793395996,11.474037170410156,15.96043586730957,1.1991658210754395,0,-1,1,71,0.23355263157894737,2.0,304,1.9377679824829102,0,0.0,0,0.0,0,35.20915222167969,2,7
SH,FVD,17,1810,208,208,20.8,0.4706054925918579,0.7753615379333496,7.671069145202637,9.108881950378418,0.9117274880409241,0,-1,1,4,0.019230769230769232,2.0,208,1.9223079681396484,0,0.0,0,0.0,0,4.512750148773193,1,6
SH,FVD,17,1811,344,344,34.4,0.37447884678840637,0.46505266427993774,2.847005844116211,4.111715793609619,0.5628335475921631,1,319,1,110,0.31976744186046513,2.0,319,0.0,0,0.0,0,0.0,0,0.0,2,7
SH,FVD,17,1812,255,255,25.5,0.3486954867839813,0.41670742630958557,8.356003761291504,9.276366233825684,0.9015247225761414,0,-1,0,0,0.0,2.0,255,2.550624132156372,0,0.0,0,0.0,0,9.500736236572266,0,5
SH,FVD,17,1813,322,322,32.2,0.31161510944366455,0.3951592743396759,5.737901210784912,6.538520336151123,1.3370500802993774,1,272,1,272,0.84472049689441,2.0,272,0.0,0,0.0,0,0.0,0,0.0,0,5
SH,FVD,17,1814,228,228,22.8,0.41373932361602783,0.523354709148407,5.46005392074585,6.586638927459717,1.3212991952896118,0,-1,1,42,0.18421052631578946,2.0,228,0.9521647095680237,0,0.0,0,0.0,0,3.7598230838775635,1,6
SH,FVD,17,1815,213,213,21.3,0.27426043152809143,0.3243624269962311,3.4488351345062256,4.001152038574219,0.6110395193099976,0,-1,1,213,1.0,2.0,213,0.61910080909729,0,0.0,0,0.0,0,3.3163986206054688,0,5
SH,FVD,17,1816,225,225,22.5,0.196193128824234,0.25189393758773804,4.159210205078125,4.805306434631348,0.6697165369987488,0,-1,1,143,0.6355555555555555,2.0,225,1.1055887937545776,0,0.0,0,0.0,0,21.855457305908203,2,7
SH,FVD,17,1817,146,146,14.600000000000001,0.4154285788536072,0.563601553440094,2.1340115070343018,2.4736428260803223,0.44504499435424805,0,-1,0,0,0.0,2.0,146,3.62715744972229,0,0.0,0,0.0,0,3.900820732116699,0,5
SH,FVD,17,1818,137,137,13.700000000000001,0.3249615728855133,0.4067152142524719,0.6772946715354919,0.8923215866088867,0.3769508898258209,0,-1,0,0,0.0,2.0,137,2.5894529819488525,0,0.0,0,0.0,0,13.116483688354492,0,5
SH,FVD,17,1819,140,140,14.0,0.2487960308790207,0.31079354882240295,1.0532795190811157,1.3412621021270752,0.3578662574291229,0,-1,0,0,0.0,2.0,140,4.072790622711182,0,0.0,0,0.0,0,8.828095436096191,2,7
SH,FVD,17,1820,149,149,14.9,0.395876944065094,0.4924843907356262,3.700754404067993,5.47798490524292,1.3851525783538818,0,-1,0,0,0.0,2.0,149,4.685713291168213,0,0.0,0,0.0,0,15.8356351852417,0,5
SH,FVD,17,1821,318,318,31.8,0.3617778420448303,0.47056934237480164,4.4904632568359375,5.812943458557129,0.8837802410125732,0,-1,1,233,0.7327044025157232,2.0,318,0.8512458205223083,0,0.0,0,0.0,0,5.046250820159912,2,7
SH,FVD,17,1822,202,202,20.200000000000003,0.3995869755744934,0.47172093391418457,10.372323989868164,11.946624755859375,1.1442162990570068,0,-1,0,0,0.0,2.0,202,3.6306214332580566,0,0.0,0,0.0,0,5.0523600578308105,1,6
SH,FVD,17,1823,266,266,26.6,0.14809931814670563,0.1988699585199356,1.1424778699874878,1.3635485172271729,0.29095321893692017,0,-1,1,266,1.0,2.0,266,1.7735847234725952,0,0.0,0,0.0,0,31.471424102783203,0,5
SH,FVD,17,1824,475,475,47.5,0.3001633286476135,0.398205041885376,7.589630603790283,9.005739212036133,3.829303741455078,1,186,1,186,0.391578947368421,2.0,186,0.0,0,0.0,0,0.0,0,0.0,1,6
SH,FVD,17,1825,318,318,31.8,0.3802584707736969,0.5369635820388794,3.1890437602996826,4.963601112365723,0.9701070785522461,0,-1,1,55,0.17295597484276728,2.0,318,1.2885923385620117,0,0.0,0,0.0,0,3.7621803283691406,0,5
SH,FVD,17,1826,210,210,21.0,0.3263033628463745,0.36828961968421936,2.141319990158081,2.9132959842681885,0.8133204579353333,0,-1,0,0,0.0,2.0,210,2.0123462677001953,0,0.0,0,0.0,0,8.800193786621094,0,5
SH,FVD,17,1827,165,165,16.5,0.26906466484069824,0.3409690260887146,4.989287853240967,6.365790367126465,1.379564881324768,1,91,1,63,0.38181818181818183,2.0,91,0.0,0,0.0,0,0.0,0,0.0,1,6
SH,FVD,17,1828,311,311,31.1,0.2992057800292969,0.3683167099952698,5.970335483551025,6.416733264923096,0.5203875303268433,0,-1,0,0,0.0,2.0,311,2.6511077880859375,0,0.0,0,0.0,0,4.460855960845947,0,5
SH,FVD,17,1829,154,154,15.4,0.16852588951587677,0.21538138389587402,1.604792833328247,2.008803606033325,0.3544061481952667,0,-1,1,2,0.012987012987012988,2.0,154,1.9854371547698975,0,0.0,0,0.0,0,13.290105819702148,1,6
SH,FVD,17,1830,328,328,32.800000000000004,0.486704021692276,0.7335522770881653,6.167798042297363,6.990440845489502,1.8376699686050415,1,193,1,158,0.4817073170731707,2.0,193,0.0,0,0.0,0,0.0,0,0.0,2,7
SH,FVD,17,1831,329,329,32.9,0.27026382088661194,0.3776179850101471,1.9474481344223022,2.98701548576355,0.5131780505180359,0,-1,1,329,1.0,2.0,329,0.28442108631134033,0,0.0,0,0.0,0,2.2965779304504395,1,6
SH,FVD,17,1832,213,213,21.3,0.432807981967926,0.5781213641166687,6.200140476226807,8.152787208557129,3.5943307876586914,1,105,1,83,0.38967136150234744,2.0,105,0.0,0,0.0,0,0.0,0,0.0,1,6
SH,FVD,17,1833,135,135,13.5,0.26105257868766785,0.3003518283367157,7.8317084312438965,9.687454223632812,1.3793188333511353,0,-1,1,23,0.17037037037037037,2.0,135,1.3927052021026611,0,0.0,0,0.0,0,3.4024572372436523,1,6
SH,FVD,17,1834,203,203,20.3,0.3198964297771454,0.4139001667499542,5.819468975067139,6.9166083335876465,1.2193690538406372,0,-1,0,0,0.0,2.0,203,3.5288567543029785,0,0.0,0,0.0,0,9.321577072143555,1,6
SH,FVD,17,1835,183,183,18.3,0.12887297570705414,0.16792990267276764,0.5097727179527283,0.6380248069763184,0.1509966403245926,0,-1,0,0,0.0,2.0,183,4.670455455780029,0,0.0,0,0.0,0,3.1299214363098145,0,5
SH,FVD,17,1836,261,261,26.1,0.33373770117759705,0.4106070399284363,6.014190196990967,6.722531795501709,0.54660564661026,0,-1,1,261,1.0,2.0,261,0.36983129382133484,0,0.0,0,0.0,0,6.097376823425293,2,7
SH,FVD,17,1837,462,462,46.2,0.1573053002357483,0.18762105703353882,6.058951377868652,7.1058807373046875,0.5858020186424255,0,-1,1,462,1.0,2.0,462,0.6715070009231567,0,0.0,0,0.0,0,12.8363618850708,2,7
SH,FVD,17,1838,344,344,34.4,0.2868249714374542,0.3264614939689636,6.642935276031494,8.581485748291016,0.7276293039321899,0,-1,1,213,0.6191860465116279,2.0,344,1.6209160089492798,0,0.0,0,0.0,0,46.439029693603516,0,5
SH,FVD,17,1839,175,175,17.5,0.25444355607032776,0.3351728916168213,13.645750999450684,16.457170486450195,1.7866045236587524,0,-1,0,0,0.0,2.0,175,2.458564281463623,0,0.0,0,0.0,0,5.0097527503967285,2,7
SH,FVD,17,1840,380,380,38.0,0.3196814954280853,0.42130640149116516,2.650177240371704,3.3095977306365967,0.46575474739074707,1,371,1,61,0.16052631578947368,2.0,371,0.0,0,0.0,0,0.0,0,0.0,0,5
SH,FVD,17,1841,245,245,24.5,0.23765943944454193,0.3258124887943268,4.767746448516846,7.102891445159912,0.7657694220542908,0,-1,1,10,0.04081632653061224,2.0,245,1.8995615243911743,0,0.0,0,0.0,0,38.34547805786133,0,5
SH,FVD,17,1842,248,248,24.8,0.38379499316215515,0.4787631928920746,7.463468074798584,9.38934326171875,2.194222927093506,1,114,1,31,0.125,2.0,114,0.0,0,0.0,0,0.0,0,0.0,2,7
SH,FVD,17,1843,359,359,35.9,0.28079313039779663,0.37076982855796814,5.290253639221191,5.64129638671875,0.5057857036590576,0,-1,0,0,0.0,2.0,359,3.1230733394622803,0,0.0,0,0.0,0,5.051779747009277,0,5
SH,FVD,17,1844,933,933,93.30000000000001,0.28627169132232666,0.3626774251461029,5.181139945983887,6.31634521484375,2.5374207496643066,1,545,1,315,0.33762057877813506,2.0,545,0.0,0,0.0,0,0.0,0,0.0,2,7
SH,FVD,17,1845,467,467,46.7,0.34950894117355347,0.4525628983974457,6.855327129364014,7.678176403045654,1.0761712789535522,1,406,1,77,0.16488222698072805,2.0,406,0.0,0,0.0,0,0.0,0,0.0,2,7
SH,FVD,17,1846,372,372,37.2,0.2436009645462036,0.3058261275291443,4.634887218475342,6.331214427947998,0.7671705484390259,1,304,1,80,0.21505376344086022,2.0,304,0.0,0,0.0,0,0.0,0,0.0,2,7
SH,FVD,17,1847,221,221,22.1,0.3706322908401489,0.5224153995513916,3.081205129623413,3.514986038208008,1.0079784393310547,1,185,1,111,0.502262443438914,2.0,185,0.0,0,0.0,0,0.0,0,0.0,2,7
SH,FVD,17,1848,666,666,66.60000000000001,0.4811740815639496,0.6126422882080078,6.139942646026611,7.492616176605225,4.72140645980835,1,175,1,175,0.2627627627627628,2.0,175,0.0,0,0.0,0,0.0,0,0.0,0,5
SH,FVD,17,1849,202,202,20.200000000000003,0.416853129863739,0.5722302198410034,6.8929033279418945,8.73648738861084,4.375205993652344,1,98,1,98,0.48514851485148514,2.0,98,0.0,0,0.0,0,0.0,0,0.0,2,7
SH,FVD,17,1850,1668,1668,166.8,0.26679763197898865,0.3531951606273651,1.7911227941513062,2.3765337467193604,0.37457966804504395,0,-1,1,826,0.4952038369304556,2.0,1668,0.5778038501739502,0,0.0,0,0.0,0,0.9556983709335327,0,5
SH,FVD,17,1851,172,172,17.2,0.2845841944217682,0.40786007046699524,0.6143670082092285,0.9319433569908142,0.4251963496208191,0,-1,1,92,0.5348837209302325,2.0,172,0.17125999927520752,0,0.0,0,0.0,0,0.31674253940582275,1,6
SH,FVD,17,1852,178,178,17.8,0.16984158754348755,0.2720104157924652,1.4054474830627441,1.7765381336212158,0.3607865273952484,0,-1,0,0,0.0,2.0,178,2.1854164600372314,0,0.0,0,0.0,0,2.2779483795166016,2,7
SH,FVD,17,1853,195,195,19.5,0.5221942663192749,0.8417394757270813,4.3095197677612305,5.576412677764893,1.2410930395126343,0,-1,0,0,0.0,2.0,195,2.1058573722839355,0,0.0,0,0.0,0,2.74481463432312,2,7
SH,FVD,17,1854,235,235,23.5,0.29542380571365356,0.4083687663078308,3.6058738231658936,4.268771171569824,0.7305920124053955,1,208,1,172,0.7319148936170212,2.0,208,0.0,0,0.0,0,0.0,0,0.0,0,5
SH,FVD,17,1855,295,295,29.5,0.448548287153244,0.5610061287879944,10.368762969970703,12.080403327941895,1.3702869415283203,0,-1,1,16,0.05423728813559322,2.0,295,1.0789927244186401,0,0.0,0,0.0,0,2.874781608581543,0,5
SH,FVD,17,1856,132,132,13.200000000000001,0.6039304733276367,0.736775279045105,3.3126795291900635,3.689347982406616,0.8412085175514221,0,-1,1,102,0.7727272727272727,2.0,132,1.0134871006011963,0,0.0,0,0.0,0,3.9632816314697266,0,5
SH,FVD,17,1857,394,394,39.400000000000006,0.4149567186832428,0.6182684302330017,6.422978401184082,8.04837703704834,1.075478434562683,1,373,1,373,0.9467005076142132,2.0,373,0.0,0,0.0,0,0.0,0,0.0,0,5
SH,FVD,17,1858,172,172,17.2,0.40278390049934387,0.49754810333251953,8.52009105682373,10.75484561920166,1.1818885803222656,0,-1,1,70,0.4069767441860465,2.0,172,1.2825756072998047,0,0.0,0,0.0,0,5.934523105621338,2,7
SH,FVD,17,1859,256,256,25.6,0.42595404386520386,0.5233457088470459,3.9208977222442627,4.5290069580078125,0.7690513730049133,0,-1,1,116,0.453125,2.0,256,0.991378664970398,0,0.0,0,0.0,0,12.681364059448242,2,7
SH,FVD,17,1860,246,246,24.6,0.09553603082895279,0.1349729299545288,6.003127098083496,7.840763568878174,0.6352413892745972,0,-1,0,0,0.0,2.0,246,4.801587104797363,0,0.0,0,0.0,0,44.932884216308594,0,5
SH,FVD,17,1861,135,135,13.5,0.20808528363704681,0.2583408057689667,2.28885555267334,2.6352832317352295,0.4269368648529053,0,-1,0,0,0.0,2.0,135,2.317824125289917,0,0.0,0,0.0,0,7.023251056671143,2,7
SH,FVD,17,1862,134,134,13.4,0.542482852935791,0.7832735180854797,5.700719833374023,6.594225883483887,1.1571521759033203,1,106,1,106,0.7910447761194029,2.0,106,0.0,0,0.0,0,0.0,0,0.0,1,6
SH,FVD,17,1863,187,187,18.7,0.28599777817726135,0.3610571622848511,3.788595676422119,5.078899383544922,0.7408168911933899,0,-1,1,80,0.42780748663101603,2.0,187,1.7154178619384766,0,0.0,0,0.0,0,9.69305419921875,2,7
SH,FVD,17,1864,165,165,16.5,0.2635127902030945,0.30205038189888,0.9823081493377686,1.120553970336914,0.5045038461685181,0,-1,1,165,1.0,2.0,165,1.085554838180542,0,0.0,0,0.0,0,28.15389060974121,2,7
SH,FVD,17,1865,367,367,36.7,0.37587520480155945,0.46061837673187256,2.9656543731689453,3.4990522861480713,1.014605164527893,1,270,1,270,0.7356948228882834,2.0,270,0.0,0,0.0,0,0.0,0,0.0,1,6
SH,FVD,17,1866,342,342,34.2,0.1843852400779724,0.25403937697410583,7.368206977844238,8.268954277038574,0.46310684084892273,0,-1,1,342,1.0,2.0,342,1.3274530172348022,0,0.0,0,0.0,0,24.63597869873047,2,7
SH,FVD,17,1867,173,173,17.3,0.1220388114452362,0.16215838491916656,1.2307722568511963,1.4728981256484985,0.17030252516269684,0,-1,1,173,1.0,2.0,173,1.1106513738632202,0,0.0,0,0.0,0,8.044530868530273,0,5
SH,FVD,17,1868,204,204,20.400000000000002,0.442149817943573,0.7147918343544006,4.891969203948975,5.527351379394531,0.8938530683517456,1,200,1,200,0.9803921568627451,2.0,200,0.0,0,0.0,0,0.0,0,0.0,2,7
SH,FVD,17,1869,217,217,21.700000000000003,0.6256433129310608,0.8134953379631042,10.336421012878418,12.483081817626953,1.8386707305908203,0,-1,1,4,0.018433179723502304,2.0,217,1.7984834909439087,0,0.0,0,0.0,0,5.8108134269714355,2,7
SH,FVD,17,1870,201,201,20.1,0.32647067308425903,0.4637327790260315,7.093960762023926,7.80964469909668,0.4752851724624634,0,-1,1,201,1.0,2.0,201,0.39148184657096863,0,0.0,0,0.0,0,7.507116794586182,0,5
SH,FVD,17,1871,189,189,18.900000000000002,0.18359045684337616,0.2906274199485779,1.6019301414489746,2.684937000274658,0.6271858215332031,0,-1,0,0,0.0,2.0,189,2.604393243789673,0,0.0,0,0.0,0,16.372535705566406,0,5
SH,FVD,17,1872,192,192,19.200000000000003,0.6790793538093567,1.0312490463256836,1.9010082483291626,2.6546010971069336,1.067498803138733,1,141,1,141,0.734375,2.0,141,0.0,0,0.0,0,0.0,0,0.0,0,5
SH,FVD,17,1873,291,291,29.1,0.5176554918289185,0.6218050718307495,5.858558177947998,6.429089546203613,2.62251353263855,1,160,1,148,0.5085910652920962,2.0,160,0.0,0,0.0,0,0.0,0,0.0,2,7
SH,FVD,17,1874,210,210,21.0,0.35129910707473755,0.43739980459213257,6.78057861328125,8.09383487701416,0.6888135671615601,0,-1,0,0,0.0,2.0,210,3.303339719772339,0,0.0,0,0.0,0,8.969545364379883,1,6
SH,FVD,17,1875,231,231,23.1,0.2047177106142044,0.2501596510410309,2.08133602142334,3.422863721847534,0.6389222741127014,0,-1,1,231,1.0,2.0,231,1.2247309684753418,0,0.0,0,0.0,0,25.503604888916016,1,6
SH,FVD,17,1876,446,446,44.6,0.333438903093338,0.45868396759033203,2.092885732650757,2.649482250213623,0.5917482972145081,0,-1,1,446,1.0,2.0,446,0.5769591927528381,0,0.0,0,0.0,0,9.309216499328613,1,6
SH,FVD,17,1877,260,260,26.0,0.34319034218788147,0.45255863666534424,1.9267646074295044,2.385701894760132,0.5144129395484924,0,-1,1,260,1.0,2.0,260,1.328619360923767,0,0.0,0,0.0,0,14.892751693725586,2,7
SH,FVD,17,1878,590,590,59.0,0.23353798687458038,0.2891855239868164,3.8394174575805664,4.248615264892578,0.3327883183956146,0,-1,1,590,1.0,2.0,590,0.886143147945404,0,0.0,0,0.0,0,12.92821216583252,1,6
SH,FVD,17,1879,154,154,15.4,0.26688453555107117,0.31497037410736084,4.9084553718566895,6.499011039733887,0.6846535801887512,0,-1,1,154,1.0,2.0,154,0.6372630596160889,0,0.0,0,0.0,0,8.624594688415527,2,7
SH,FVD,17,1880,214,214,21.400000000000002,0.2466910034418106,0.2911761403083801,3.9729573726654053,4.801782608032227,0.9016044735908508,0,-1,1,102,0.4766355140186916,2.0,214,1.0873379707336426,0,0.0,0,0.0,0,9.729942321777344,1,6
SH,FVD,17,1881,216,216,21.6,0.2915579080581665,0.3350755572319031,12.498600006103516,14.346417427062988,1.0347853899002075,0,-1,1,193,0.8935185185185185,2.0,216,1.5118250846862793,0,0.0,0,0.0,0,33.305381774902344,2,7
SH,FVD,17,1882,441,441,44.1,0.4045466184616089,0.5280360579490662,6.703939437866211,7.331918239593506,0.7946747541427612,1,421,1,37,0.08390022675736962,2.0,421,0.0,0,0.0,0,0.0,0,0.0,1,6
SH,FVD,17,1883,170,170,17.0,1.094231128692627,1.2749611139297485,23.327369689941406,28.223207473754883,4.852267742156982,1,124,1,32,0.18823529411764706,2.0,124,0.0,0,0.0,0,0.0,0,0.0,1,6
SH,FVD,17,1884,131,131,13.100000000000001,0.67684006690979,0.8191249966621399,2.770115375518799,3.75616717338562,1.2245899438858032,1,100,1,100,0.7633587786259542,2.0,100,0.0,0,0.0,0,0.0,0,0.0,0,5
SH,FVD,17,1885,166,166,16.6,0.29870590567588806,0.39083054661750793,2.252446174621582,3.5217597484588623,1.0418686866760254,0,-1,0,0,0.0,2.0,166,3.1818370819091797,0,0.0,0,0.0,0,40.28396987915039,2,7
SH,FVD,17,1886,257,257,25.700000000000003,0.3971804678440094,0.48749470710754395,4.22891902923584,4.565703392028809,0.5662662982940674,0,-1,1,61,0.23735408560311283,2.0,257,1.7882730960845947,0,0.0,0,0.0,0,11.033622741699219,2,7
SH,FVD,17,1887,158,158,15.8,0.2528359591960907,0.29104843735694885,2.855001211166382,3.1743907928466797,0.41391721367836,0,-1,1,158,1.0,2.0,158,1.3324540853500366,0,0.0,0,0.0,0,14.348865509033203,1,6
SH,FVD,17,1888,266,266,26.6,0.4023771584033966,0.5084521770477295,3.585883617401123,4.849714756011963,2.3034892082214355,1,189,1,165,0.6203007518796992,2.0,189,0.0,0,0.0,0,0.0,0,0.0,2,7
SH,FVD,17,1889,329,329,32.9,0.20495501160621643,0.2707021236419678,7.11189603805542,7.913773059844971,0.47920626401901245,0,-1,1,68,0.2066869300911854,2.0,329,1.0567469596862793,0,0.0,0,0.0,0,4.845702171325684,2,7
SH,FVD,17,1890,412,412,41.2,0.28442618250846863,0.3783409893512726,11.979371070861816,12.873422622680664,0.6281883716583252,0,-1,1,310,0.7524271844660194,2.0,412,1.71763014793396,0,0.0,0,0.0,0,20.273666381835938,0,5
SH,FVD,17,1891,180,180,18.0,0.5570588707923889,0.7068008780479431,4.503092288970947,5.174646377563477,2.8084754943847656,1,61,1,61,0.3388888888888889,2.0,61,0.0,0,0.0,0,0.0,0,0.0,2,7
SH,FVD,17,1892,395,395,39.5,0.1835995614528656,0.38813284039497375,28.35457420349121,33.93783187866211,1.5787968635559082,0,-1,0,0,0.0,2.0,395,2.488379955291748,0,0.0,0,0.0,0,48.77518844604492,0,5
SH,FVD,17,1893,168,168,16.8,0.28961417078971863,0.4149286150932312,3.576845169067383,5.3409833908081055,0.9808705449104309,1,167,1,167,0.9940476190476191,2.0,167,0.0,0,0.0,0,0.0,0,0.0,1,6
SH,FVD,17,1894,229,229,22.900000000000002,0.24123963713645935,0.30564066767692566,6.353185653686523,10.038622856140137,1.2095295190811157,0,-1,0,0,0.0,2.0,229,3.049307107925415,0,0.0,0,0.0,0,5.132027626037598,0,5
SH,FVD,17,1895,198,198,19.8,0.3932948112487793,0.5080786347389221,7.816081523895264,9.358707427978516,0.9382359385490417,0,-1,1,49,0.2474747474747475,2.0,198,1.2359322309494019,0,0.0,0,0.0,0,3.100660562515259,1,6
SH,FVD,17,1896,238,238,23.8,0.33839306235313416,0.4460321068763733,4.2063093185424805,5.01973295211792,0.6900067925453186,0,-1,1,238,1.0,2.0,238,0.21723231673240662,0,0.0,0,0.0,0,0.986031174659729,2,7
SH,FVD,17,1897,200,200,20.0,0.3989163637161255,0.548384428024292,7.463315010070801,9.301359176635742,1.5744174718856812,0,-1,0,0,0.0,2.0,200,2.0290772914886475,0,0.0,0,0.0,0,2.69632887840271,1,6
SH,FVD,17,1898,175,175,17.5,0.28310051560401917,0.33772900700569153,2.6707587242126465,3.1668975353240967,0.46537768840789795,0,-1,1,175,1.0,2.0,175,1.7187978029251099,0,0.0,0,0.0,0,23.707632064819336,0,5
SH,FVD,17,1899,434,434,43.400000000000006,0.3816547989845276,0.5327468514442444,3.7285799980163574,4.071660995483398,2.5458173751831055,1,30,1,30,0.06912442396313365,2.0,30,0.0,0,0.0,0,0.0,0,0.0,1,6
SH,FVD,17,1900,132,132,13.200000000000001,0.4681198298931122,0.5773416757583618,3.6080431938171387,4.05515718460083,0.7673890590667725,0,-1,1,6,0.045454545454545456,2.0,132,1.9049369096755981,0,0.0,0,0.0,0,35.326656341552734,1,6
SH,FVD,17,1901,638,638,63.800000000000004,0.3003038763999939,0.386906236410141,2.442365884780884,3.0966439247131348,0.8791038990020752,1,603,1,603,0.945141065830721,2.0,603,0.0,0,0.0,0,0.0,0,0.0,1,6
SH,FVD,17,1902,246,246,24.6,0.637446939945221,0.7877414226531982,6.863155364990234,8.467504501342773,2.7079989910125732,1,139,1,139,0.5650406504065041,2.0,139,0.0,0,0.0,0,0.0,0,0.0,1,6
SH,FVD,17,1903,184,184,18.400000000000002,0.7484292387962341,0.8315503597259521,10.540544509887695,12.091897964477539,1.9227337837219238,1,110,1,42,0.22826086956521738,2.0,110,0.0,0,0.0,0,0.0,0,0.0,1,6
SH,FVD,17,1904,163,163,16.3,0.34232839941978455,0.4362199008464813,18.08597755432129,23.426912307739258,3.0404610633850098,0,-1,0,0,0.0,2.0,163,3.5397517681121826,0,0.0,0,0.0,0,62.130271911621094,2,7
SH,FVD,17,1905,160,160,16.0,0.9435781240463257,1.264939785003662,2.5186607837677,3.230663776397705,1.3398468494415283,0,-1,1,160,1.0,2.0,160,0.48115745186805725,0,0.0,0,0.0,0,5.844363212585449,1,6
SH,FVD,17,1906,179,179,17.900000000000002,0.5064366459846497,0.6088773012161255,10.701321601867676,12.46689510345459,2.146674633026123,1,115,1,64,0.3575418994413408,2.0,115,0.0,0,0.0,0,0.0,0,0.0,0,5
SH,FVD,17,1907,142,142,14.200000000000001,0.38764992356300354,0.46491649746894836,20.755390167236328,26.373859405517578,3.6435649394989014,0,-1,1,142,1.0,2.0,142,1.0268062353134155,0,0.0,0,0.0,0,21.49973487854004,2,7
SH,FVD,17,1908,148,148,14.8,0.809712827205658,0.9499951004981995,38.99592971801758,49.287906646728516,6.393992900848389,0,-1,0,0,0.0,2.0,148,4.277665615081787,0,0.0,0,0.0,0,41.13072967529297,2,7
SH,FVD,17,1909,253,253,25.3,0.20706941187381744,0.3762488067150116,28.667449951171875,33.96208572387695,2.296720027923584,0,-1,1,253,1.0,2.0,253,0.4683031439781189,0,0.0,0,0.0,0,8.037065505981445,0,5
SH,FVD,17,1910,211,211,21.1,0.3728528618812561,0.482486367225647,3.461308717727661,3.883664131164551,0.7772643566131592,1,163,1,163,0.7725118483412322,2.0,163,0.0,0,0.0,0,0.0,0,0.0,0,5
SH,FVD,17,1911,465,465,46.5,0.6092165112495422,0.8840791583061218,38.47135543823242,46.1855354309082,3.6087234020233154,1,465,1,45,0.0967741935483871,2.0,465,0.0,0,0.0,0,0.0,0,0.0,2,7
SH,FVD,17,1912,661,661,66.10000000000001,0.24379409849643707,0.31266310811042786,3.6333117485046387,4.95323371887207,0.5682100057601929,0,-1,1,355,0.5370650529500757,2.0,661,0.4790981113910675,0,0.0,0,0.0,0,2.7357418537139893,0,5
SH,FVD,17,1913,421,421,42.1,0.25856417417526245,0.3225019574165344,11.69188404083252,12.923659324645996,2.199705123901367,1,335,1,335,0.7957244655581948,2.0,335,0.0,0,0.0,0,0.0,0,0.0,1,6
SH,FVD,17,1914,161,161,16.1,0.3536960184574127,0.4886603057384491,3.650660514831543,5.069293975830078,0.6634078025817871,1,119,1,41,0.2546583850931677,2.0,119,0.0,0,0.0,0,0.0,0,0.0,2,7
SH,FVD,17,1915,154,154,15.4,0.14808320999145508,0.1826646775007248,1.667771577835083,1.9879109859466553,0.3927762806415558,0,-1,1,154,1.0,2.0,154,0.9956768751144409,0,0.0,0,0.0,0,7.999724388122559,0,5
SH,FVD,17,1916,139,139,13.9,0.1876431256532669,0.2372858226299286,5.457193374633789,7.061609745025635,1.034681797027588,0,-1,1,139,1.0,2.0,139,0.9468936920166016,0,0.0,0,0.0,0,19.22520637512207,1,6
SH,FVD,17,1917,442,442,44.2,0.16339582204818726,0.21577045321464539,14.243865966796875,15.698046684265137,0.4775869846343994,0,-1,1,80,0.18099547511312217,2.0,442,0.9719471335411072,0,0.0,0,0.0,0,7.755835056304932,0,5
SH,FVD,17,1918,167,167,16.7,0.4690207242965698,0.6136236786842346,3.797208309173584,4.143113613128662,0.6103543043136597,0,-1,0,0,0.0,2.0,167,3.198542356491089,0,0.0,0,0.0,0,4.12511682510376,2,7
SH,FVD,17,1919,404,404,40.400000000000006,0.3226044774055481,0.4344911575317383,11.940351486206055,13.736011505126953,0.9561434388160706,0,-1,1,113,0.27970297029702973,2.0,404,1.9384143352508545,0,0.0,0,0.0,0,29.66505241394043,2,7
SH,FVD,17,1920,159,159,15.9,0.44466909766197205,0.6679425835609436,8.565298080444336,9.91736888885498,1.2151609659194946,0,-1,0,0,0.0,2.0,159,3.673375368118286,0,0.0,0,0.0,0,6.222707271575928,0,5
SH,FVD,17,1921,184,184,18.400000000000002,0.15364529192447662,0.17669518291950226,6.887767791748047,8.634066581726074,0.871909499168396,0,-1,0,0,0.0,2.0,184,2.9177591800689697,0,0.0,0,0.0,0,53.49778366088867,2,7
SH,FVD,17,1922,199,199,19.900000000000002,0.30714139342308044,0.38854530453681946,2.641550064086914,3.1465539932250977,0.47793784737586975,0,-1,1,199,1.0,2.0,199,0.3529035449028015,0,0.0,0,0.0,0,1.105473518371582,1,6
SH,FVD,17,1923,143,143,14.3,0.3594071567058563,0.4393737316131592,7.414292812347412,8.708417892456055,1.0668424367904663,0,-1,0,0,0.0,2.0,143,2.773108720779419,0,0.0,0,0.0,0,23.623811721801758,1,6
SH,FVD,17,1924,380,380,38.0,0.24562744796276093,0.30994853377342224,11.076038360595703,12.124765396118164,0.6134907603263855,0,-1,0,0,0.0,2.0,380,2.118285655975342,0,0.0,0,0.0,0,6.336067199707031,1,6
SH,FVD,17,1925,575,575,57.5,0.17511780560016632,0.2578567564487457,2.2456047534942627,2.6403136253356934,0.39312949776649475,1,511,1,382,0.6643478260869565,2.0,511,0.0,0,0.0,0,0.0,0,0.0,1,6
SH,FVD,17,1926,135,135,13.5,0.3694998621940613,0.4288124442100525,4.593143939971924,5.347678184509277,0.8551343083381653,0,-1,1,14,0.1037037037037037,2.0,135,1.8348640203475952,0,0.0,0,0.0,0,3.9395432472229004,0,5
SH,FVD,17,1927,296,296,29.6,0.1723739206790924,0.23649829626083374,4.866106033325195,6.297491550445557,0.7295267581939697,0,-1,1,296,1.0,2.0,296,0.8100972175598145,0,0.0,0,0.0,0,23.0206298828125,1,6
SH,FVD,17,1928,191,191,19.1,0.21621175110340118,0.25867053866386414,9.841514587402344,12.343870162963867,1.1891003847122192,0,-1,0,0,0.0,2.0,191,2.6583364009857178,0,0.0,0,0.0,0,59.832969665527344,1,6
SH,FVD,17,1929,1755,1755,175.5,0.19594231247901917,0.24632060527801514,11.146859169006348,13.885334014892578,0.6556974053382874,0,-1,1,1755,1.0,2.0,1755,0.5066429972648621,0,0.0,0,0.0,0,9.140602111816406,2,7
SH,FVD,17,1930,285,285,28.5,0.13523130118846893,0.19109080731868744,3.1669578552246094,3.5595591068267822,0.2876792848110199,0,-1,1,118,0.41403508771929826,2.0,285,1.8721529245376587,0,0.0,0,0.0,0,37.47566604614258,1,6
SH,FVD,17,1931,144,144,14.4,0.22948911786079407,0.27739253640174866,3.312680244445801,4.083292484283447,0.5399260520935059,0,-1,1,144,1.0,2.0,144,0.7797446250915527,0,0.0,0,0.0,0,12.506393432617188,2,7
SH,FVD,17,1932,682,682,68.2,0.3820212483406067,0.4955984354019165,5.24302864074707,5.881864070892334,2.7946712970733643,1,55,1,55,0.08064516129032258,2.0,55,0.0,0,0.0,0,0.0,0,0.0,0,5
SH,FVD,17,1933,236,236,23.6,0.22789229452610016,0.29805317521095276,7.559079647064209,8.267228126525879,0.5785437226295471,0,-1,0,0,0.0,2.0,236,2.7134389877319336,0,0.0,0,0.0,0,8.740979194641113,1,6
SH,FVD,17,1934,372,372,37.2,0.5306549668312073,0.7824655175209045,8.047208786010742,9.56402587890625,0.9246887564659119,0,-1,1,29,0.07795698924731183,2.0,372,1.8414193391799927,0,0.0,0,0.0,0,6.183897018432617,0,5
SH,FVD,17,1935,157,157,15.700000000000001,0.509118914604187,0.6252208352088928,12.507821083068848,14.56667423248291,1.660556435585022,0,-1,0,0,0.0,2.0,157,2.5089004039764404,0,0.0,0,0.0,0,7.411800861358643,2,7
SH,FVD,17,1936,144,144,14.4,0.5212723612785339,0.6593098044395447,2.6181087493896484,3.7860777378082275,1.1543678045272827,0,-1,1,144,1.0,2.0,144,0.6811657547950745,0,0.0,0,0.0,0,2.881240129470825,0,5
SH,FVD,17,1937,155,155,15.5,0.2181510627269745,0.27774468064308167,6.385868549346924,7.567775249481201,0.8687813878059387,0,-1,0,0,0.0,2.0,155,3.7756571769714355,0,0.0,0,0.0,0,2.6866910457611084,2,7
SH,FVD,17,1938,174,174,17.400000000000002,0.33175796270370483,0.43506473302841187,5.5536346435546875,6.09340238571167,0.6107896566390991,0,-1,0,0,0.0,2.0,174,2.444863796234131,0,0.0,0,0.0,0,25.487092971801758,1,6
SH,FVD,17,1939,201,201,20.1,0.34918999671936035,0.4584878385066986,10.470029830932617,11.997444152832031,1.1464378833770752,0,-1,0,0,0.0,2.0,201,4.235301494598389,0,0.0,0,0.0,0,16.48505401611328,1,6
SH,FVD,17,1940,327,327,32.7,0.3139401972293854,0.375211626291275,16.678688049316406,18.328012466430664,0.9837826490402222,0,-1,1,179,0.5474006116207951,2.0,327,1.6890357732772827,0,0.0,0,0.0,0,21.09902572631836,1,6
SH,FVD,17,1941,358,358,35.800000000000004,0.46760764718055725,0.6177752614021301,7.162038326263428,8.304821968078613,0.9454748630523682,0,-1,1,62,0.17318435754189945,2.0,358,0.7810038328170776,0,0.0,0,0.0,0,1.6865630149841309,0,5
SH,FVD,17,1942,236,236,23.6,0.3086220920085907,0.38742294907569885,9.279208183288574,10.628813743591309,0.8318201303482056,0,-1,0,0,0.0,2.0,236,3.606461763381958,0,0.0,0,0.0,0,2.194737195968628,2,7
SH,FVD,17,1943,131,131,13.100000000000001,0.44429245591163635,0.5362110733985901,1.7733227014541626,2.261497735977173,0.6527829170227051,0,-1,1,9,0.06870229007633588,2.0,131,1.963914394378662,0,0.0,0,0.0,0,4.7593607902526855,1,6
SH,FVD,17,1944,317,317,31.700000000000003,0.44268447160720825,0.547932505607605,7.611515045166016,8.244269371032715,1.0193649530410767,1,270,1,107,0.33753943217665616,2.0,270,0.0,0,0.0,0,0.0,0,0.0,1,6
SH,FVD,17,1945,504,504,50.400000000000006,0.3296672999858856,0.44077014923095703,20.456499099731445,22.670677185058594,1.2029650211334229,0,-1,0,0,0.0,2.0,504,2.0652732849121094,0,0.0,0,0.0,0,8.78039264678955,1,6
SH,FVD,17,1946,641,641,64.10000000000001,0.295788049697876,0.48426321148872375,4.000885486602783,4.58978271484375,0.7691078186035156,1,584,1,584,0.9110764430577223,2.0,584,0.0,0,0.0,0,0.0,0,0.0,0,5
SH,FVD,17,1947,154,154,15.4,0.20511485636234283,0.25551638007164,2.3339335918426514,3.148696184158325,0.5279693603515625,0,-1,0,0,0.0,2.0,154,3.0716755390167236,0,0.0,0,0.0,0,84.23633575439453,1,6
SH,FVD,17,1948,263,263,26.3,0.321078896522522,0.4589115381240845,4.526942729949951,5.961067199707031,0.7541806101799011,0,-1,1,263,1.0,2.0,263,1.0929622650146484,0,0.0,0,0.0,0,20.625511169433594,1,6
SH,FVD,17,1949,470,470,47.0,0.2853828966617584,0.35844719409942627,12.783845901489258,15.2753267288208,0.8440082669258118,0,-1,0,0,0.0,2.0,470,2.2009525299072266,0,0.0,0,0.0,0,19.286487579345703,1,6
SH,FVD,17,1950,215,215,21.5,0.15012530982494354,0.19440369307994843,2.2056519985198975,3.1814491748809814,0.350955992937088,0,-1,0,0,0.0,2.0,215,2.187908887863159,0,0.0,0,0.0,0,52.67110824584961,1,6
SH,FVD,17,1951,169,169,16.900000000000002,0.45758864283561707,0.5348057150840759,3.8323686122894287,4.7468695640563965,1.1222842931747437,0,-1,1,169,1.0,2.0,169,0.6029696464538574,0,0.0,0,0.0,0,10.5678071975708,0,5
SH,FVD,17,1952,272,272,27.200000000000003,0.17564724385738373,0.21766795217990875,5.980457305908203,6.516294002532959,0.4258487820625305,0,-1,1,272,1.0,2.0,272,0.9708898663520813,0,0.0,0,0.0,0,7.8196563720703125,2,7
SH,FVD,17,1953,437,437,43.7,0.2351110875606537,0.30560430884361267,6.887001991271973,7.369275093078613,0.5245176553726196,0,-1,1,27,0.06178489702517163,2.0,437,1.8325443267822266,0,0.0,0,0.0,0,15.272123336791992,1,6
SH,FVD,17,1954,477,477,47.7,0.24561859667301178,0.29669439792633057,1.7924779653549194,2.0888919830322266,0.348031610250473,0,-1,1,220,0.4612159329140461,2.0,477,1.037174940109253,0,0.0,0,0.0,0,1.5867435932159424,0,5
SH,FVD,17,1955,145,145,14.5,0.22399400174617767,0.2783171534538269,2.635758399963379,3.7085509300231934,0.6768990159034729,0,-1,1,145,1.0,2.0,145,1.1798269748687744,0,0.0,0,0.0,0,11.011549949645996,1,6
SH,FVD,17,1956,150,150,15.0,0.3934725224971771,0.4581053555011749,2.8630740642547607,3.6286509037017822,0.5676330327987671,0,-1,1,85,0.5666666666666667,2.0,150,1.096964716911316,0,0.0,0,0.0,0,3.310764789581299,2,7
SH,FVD,17,1957,157,157,15.700000000000001,0.2557052671909332,0.3301825523376465,7.13450288772583,8.537981986999512,1.0476678609848022,0,-1,1,157,1.0,2.0,157,0.6635580062866211,0,0.0,0,0.0,0,9.606169700622559,0,5
SH,FVD,17,1958,137,137,13.700000000000001,0.35984569787979126,0.45866522192955017,7.350658416748047,8.997198104858398,1.3462409973144531,0,-1,0,0,0.0,2.0,137,2.835003614425659,0,0.0,0,0.0,0,19.17890739440918,1,6
SH,FVD,17,1959,131,131,13.100000000000001,0.2834225296974182,0.3238876461982727,0.9199234843254089,1.2888094186782837,0.4453222155570984,0,-1,1,131,1.0,2.0,131,0.9007536172866821,0,0.0,0,0.0,0,7.311117172241211,2,7
SH,FVD,17,1960,639,639,63.900000000000006,0.25112712383270264,0.3154073655605316,6.468476295471191,8.62562370300293,0.573176920413971,0,-1,1,639,1.0,2.0,639,0.6035990715026855,0,0.0,0,0.0,0,6.752762794494629,0,5
SH,FVD,17,1961,349,349,34.9,0.39957451820373535,0.4817167818546295,5.5730366706848145,6.169888973236084,0.6360784769058228,0,-1,0,0,0.0,2.0,349,2.6456494331359863,0,0.0,0,0.0,0,5.473482131958008,1,6
SH,FVD,17,1962,221,221,22.1,0.23354795575141907,0.28835567831993103,17.780193328857422,22.04521942138672,2.0054659843444824,0,-1,0,0,0.0,2.0,221,4.152515411376953,0,0.0,0,0.0,0,19.112701416015625,0,5
SH,FVD,17,1963,271,271,27.1,0.36855319142341614,0.5774024724960327,7.080130100250244,7.586544990539551,0.5725536346435547,0,-1,1,14,0.05166051660516605,2.0,271,1.4578711986541748,0,0.0,0,0.0,0,5.338389873504639,0,5
SH,FVD,17,1964,199,199,19.900000000000002,0.34592321515083313,0.4738081991672516,2.184950113296509,3.1206774711608887,0.5854348540306091,0,-1,1,199,1.0,2.0,199,1.465194582939148,0,0.0,0,0.0,0,15.425619125366211,2,7
SH,FVD,17,1965,132,132,13.200000000000001,0.37789368629455566,0.4566817581653595,1.1794029474258423,1.464211344718933,0.5330560803413391,0,-1,1,109,0.8257575757575758,2.0,132,0.20853331685066223,0,0.0,0,0.0,0,0.21897727251052856,2,7
SH,FVD,17,1966,193,193,19.3,0.248075932264328,0.3097170889377594,2.2619452476501465,3.052473306655884,0.5852746367454529,0,-1,1,19,0.09844559585492228,2.0,193,1.6287285089492798,0,0.0,0,0.0,0,7.867635250091553,2,7
SH,FVD,17,1967,405,405,40.5,0.22011475265026093,0.29733431339263916,3.7221813201904297,4.249882698059082,0.3573702871799469,0,-1,1,24,0.05925925925925926,2.0,405,1.0759550333023071,0,0.0,0,0.0,0,1.4467757940292358,1,6
SH,FVD,17,1968,408,408,40.800000000000004,0.3303127586841583,0.46007224917411804,15.014287948608398,17.452423095703125,1.2923707962036133,0,-1,1,14,0.03431372549019608,2.0,408,1.2799656391143799,0,0.0,0,0.0,0,3.5220353603363037,1,6
SH,FVD,17,1969,310,310,31.0,0.11618657410144806,0.16120462119579315,8.635699272155762,12.29426097869873,0.9203065037727356,0,-1,0,0,0.0,2.0,310,2.018840789794922,0,0.0,0,0.0,0,65.14556121826172,2,7
SH,FVD,17,1970,133,133,13.3,0.35747388005256653,0.3963157534599304,2.7129578590393066,3.1720821857452393,1.140311598777771,0,-1,1,133,1.0,2.0,133,1.3179762363433838,0,0.0,0,0.0,0,19.77822494506836,0,5
SH,FVD,17,1971,353,353,35.300000000000004,0.10756959021091461,0.15215648710727692,1.0466811656951904,1.5059165954589844,0.26358357071876526,0,-1,1,353,1.0,2.0,353,1.0662057399749756,0,0.0,0,0.0,0,30.128345489501953,1,6
SH,FVD,17,1972,239,239,23.900000000000002,0.5734474062919617,0.7849571704864502,6.184779167175293,7.853577136993408,1.7400275468826294,1,186,1,83,0.3472803347280335,2.0,186,0.0,0,0.0,0,0.0,0,0.0,1,6
SH,FVD,17,1973,143,143,14.3,0.19724908471107483,0.2342430204153061,4.7558274269104,5.699244499206543,0.7187045812606812,0,-1,1,143,1.0,2.0,143,1.391980528831482,0,0.0,0,0.0,0,27.294509887695312,2,7
SH,FVD,17,1974,142,142,14.200000000000001,0.2639084756374359,0.3546941876411438,0.616293728351593,1.1363646984100342,0.4670158624649048,0,-1,1,111,0.7816901408450704,2.0,142,1.2976940870285034,0,0.0,0,0.0,0,35.8983154296875,0,5
SH,FVD,17,1975,138,138,13.8,0.16876038908958435,0.2426660656929016,5.534842014312744,7.417056083679199,1.195542812347412,0,-1,0,0,0.0,2.0,138,2.6755406856536865,0,0.0,0,0.0,0,6.866135597229004,0,5
SH,FVD,17,1976,653,653,65.3,0.38782402873039246,0.508512556552887,5.19136381149292,6.116080284118652,0.8820585012435913,1,631,1,199,0.30474732006125577,2.0,631,0.0,0,0.0,0,0.0,0,0.0,1,6
SH,FVD,17,1977,351,351,35.1,0.2180219292640686,0.2733175754547119,11.654444694519043,13.43002986907959,0.6508492231369019,0,-1,1,24,0.06837606837606838,2.0,351,1.3127537965774536,0,0.0,0,0.0,0,3.4384572505950928,1,6
SH,FVD,17,1978,238,238,23.8,0.3752991259098053,0.46328210830688477,1.1107807159423828,1.415866732597351,0.5660874247550964,0,-1,1,168,0.7058823529411765,2.0,238,0.27570950984954834,0,0.0,0,0.0,0,0.5941029191017151,0,5
SH,FVD,17,1979,173,173,17.3,0.5050263404846191,0.6467893123626709,9.223405838012695,11.669811248779297,3.192105770111084,1,80,1,80,0.4624277456647399,2.0,80,0.0,0,0.0,0,0.0,0,0.0,1,6
SH,FVD,17,1980,434,434,43.400000000000006,0.21019747853279114,0.3152582347393036,3.484328031539917,5.754647254943848,0.47463229298591614,0,-1,1,434,1.0,2.0,434,0.17433543503284454,0,0.0,0,0.0,0,2.2565793991088867,0,5
SH,FVD,17,1981,148,148,14.8,0.29354992508888245,0.350279301404953,1.396450400352478,1.8917142152786255,0.44547009468078613,0,-1,0,0,0.0,2.0,148,2.197852373123169,0,0.0,0,0.0,0,12.8016996383667,0,5
SH,FVD,17,1982,152,152,15.200000000000001,0.4600161015987396,0.5710927844047546,3.5899605751037598,3.9754526615142822,0.9134300351142883,1,114,1,114,0.75,2.0,114,0.0,0,0.0,0,0.0,0,0.0,0,5
SH,FVD,17,1983,213,213,21.3,0.25252655148506165,0.2938365936279297,5.862103462219238,8.080323219299316,1.164208173751831,0,-1,0,0,0.0,2.0,213,4.021073341369629,0,0.0,0,0.0,0,41.013675689697266,2,7
SH,FVD,17,1984,447,447,44.7,0.13690721988677979,0.18871906399726868,7.494678020477295,7.896846771240234,0.40540093183517456,0,-1,1,447,1.0,2.0,447,0.941657304763794,0,0.0,0,0.0,0,16.42320442199707,1,6
SH,FVD,17,1985,176,176,17.6,0.15763796865940094,0.18505169451236725,6.259250164031982,7.901669979095459,0.813571035861969,0,-1,0,0,0.0,2.0,176,2.6975626945495605,0,0.0,0,0.0,0,46.100101470947266,2,7
SH,FVD,17,1986,1203,1203,120.30000000000001,0.2909888029098511,0.41538646817207336,4.386238098144531,5.683804988861084,2.1440863609313965,1,689,1,666,0.5536159600997507,2.0,689,0.0,0,0.0,0,0.0,0,0.0,0,5
SH,FVD,17,1987,133,133,13.3,0.18702377378940582,0.27094241976737976,2.1138572692871094,2.5826144218444824,0.4437645673751831,0,-1,1,17,0.12781954887218044,2.0,133,0.9549474120140076,0,0.0,0,0.0,0,0.756215512752533,1,6
SH,FVD,17,1988,214,214,21.400000000000002,0.20260246098041534,0.2373877465724945,7.710474491119385,8.715110778808594,0.5689705610275269,0,-1,1,202,0.9439252336448598,2.0,214,1.4562346935272217,0,0.0,0,0.0,0,32.80396270751953,2,7
SH,FVD,17,1989,426,426,42.6,0.21065345406532288,0.2816486656665802,4.166240692138672,4.569015026092529,0.5196216702461243,0,-1,1,104,0.24413145539906103,2.0,426,1.4951214790344238,0,0.0,0,0.0,0,11.591604232788086,2,7
SH,FVD,17,1990,171,171,17.1,0.3374812602996826,0.4776405394077301,4.575977325439453,5.359399318695068,1.0160446166992188,0,-1,0,0,0.0,2.0,171,2.5732173919677734,0,0.0,0,0.0,0,8.416970252990723,0,5
SH,FVD,17,1991,403,403,40.300000000000004,0.28085455298423767,0.32779359817504883,11.087678909301758,12.212908744812012,0.8150053024291992,0,-1,0,0,0.0,2.0,403,2.078542947769165,0,0.0,0,0.0,0,24.31296730041504,1,6
SH,FVD,17,1992,306,306,30.6,0.4408022165298462,0.5507579445838928,8.144279479980469,9.470386505126953,1.5945594310760498,1,270,1,73,0.238562091503268,2.0,270,0.0,0,0.0,0,0.0,0,0.0,1,6
SH,FVD,17,1993,285,285,28.5,0.46347576379776,0.617216169834137,3.3118324279785156,3.6066689491271973,0.6290345191955566,0,-1,0,0,0.0,2.0,285,3.2248480319976807,0,0.0,0,0.0,0,12.027265548706055,2,7
SH,FVD,17,1994,347,347,34.7,0.20688635110855103,0.26511436700820923,7.236098766326904,8.652936935424805,0.5296589732170105,0,-1,1,171,0.49279538904899134,2.0,347,1.6616767644882202,0,0.0,0,0.0,0,28.904760360717773,0,5
SH,FVD,17,1995,207,207,20.700000000000003,0.22930392622947693,0.33547136187553406,0.8741944432258606,1.0574089288711548,0.33014965057373047,0,-1,1,162,0.782608695652174,2.0,207,1.0592596530914307,0,0.0,0,0.0,0,1.430370569229126,0,5
SH,FVD,17,1996,279,279,27.900000000000002,0.19018711149692535,0.23584313690662384,15.252191543579102,17.63599967956543,1.0040483474731445,0,-1,0,0,0.0,2.0,279,2.024028778076172,0,0.0,0,0.0,0,34.629180908203125,0,5
SH,FVD,17,1997,309,309,30.900000000000002,0.32927531003952026,0.4163409471511841,3.8626954555511475,4.530946731567383,0.7361264228820801,0,-1,1,309,1.0,2.0,309,0.14266812801361084,0,0.0,0,0.0,0,1.5550774335861206,2,7
SH,FVD,17,1998,146,146,14.600000000000001,0.30105262994766235,0.3766920268535614,1.669598937034607,1.8778144121170044,0.2491699606180191,0,-1,1,82,0.5616438356164384,2.0,146,0.18060310184955597,0,0.0,0,0.0,0,0.11201094835996628,1,6
SH,FVD,17,1999,202,202,20.200000000000003,0.3597436547279358,0.45650744438171387,5.122297763824463,6.637195110321045,0.9433336853981018,1,39,1,39,0.19306930693069307,2.0,39,0.0,0,0.0,0,0.0,0,0.0,0,5
SH,FVD,17,2000,1000,1000,100.0,0.4036220610141754,0.5781295895576477,7.541447639465332,8.264632225036621,4.22973108291626,1,256,1,245,0.245,2.0,256,0.0,0,0.0,0,0.0,0,0.0,2,7
SH,FVD,17,2001,937,937,93.7,0.29814836382865906,0.397647500038147,4.58428430557251,5.033238410949707,1.7268245220184326,1,582,1,365,0.3895410885805763,2.0,582,0.0,0,0.0,0,0.0,0,0.0,0,5
SH,FVD,17,2002,464,464,46.400000000000006,0.338455468416214,0.4316388666629791,8.398179054260254,9.266462326049805,2.2699806690216064,1,219,1,219,0.47198275862068967,2.0,219,0.0,0,0.0,0,0.0,0,0.0,2,7
SH,FVD,17,2003,608,608,60.800000000000004,0.3094671666622162,0.42197903990745544,3.2009165287017822,3.692758798599243,0.5395141243934631,1,593,1,330,0.5427631578947368,2.0,593,0.0,0,0.0,0,0.0,0,0.0,0,5
SH,FVD,17,2004,241,241,24.1,0.1659698635339737,0.21418505907058716,9.913640975952148,11.915464401245117,0.8408409357070923,0,-1,1,241,1.0,2.0,241,1.224596381187439,0,0.0,0,0.0,0,19.964845657348633,0,5
SH,FVD,17,2005,298,298,29.8,0.6435680985450745,0.8305235505104065,10.68713665008545,12.094938278198242,5.756439208984375,1,78,1,78,0.26174496644295303,2.0,78,0.0,0,0.0,0,0.0,0,0.0,1,6
SH,FVD,17,2006,155,155,15.5,0.17547577619552612,0.2006763368844986,1.0073927640914917,1.4117207527160645,0.28683456778526306,0,-1,0,0,0.0,2.0,155,2.154017210006714,0,0.0,0,0.0,0,31.814830780029297,0,5
SH,FVD,17,2007,214,214,21.400000000000002,0.3666408956050873,0.4845370948314667,4.294977188110352,5.4019670486450195,1.7466731071472168,1,190,1,190,0.8878504672897196,2.0,190,0.0,0,0.0,0,0.0,0,0.0,0,5
SH,FVD,17,2008,163,163,16.3,0.2183873951435089,0.26728829741477966,3.6332805156707764,4.047279357910156,0.6863449811935425,0,-1,0,0,0.0,2.0,163,6.725915908813477,0,0.0,0,0.0,0,21.97060775756836,0,5
SH,FVD,17,2009,186,186,18.6,0.5824902653694153,0.7209256291389465,6.57942008972168,9.798444747924805,1.450485110282898,0,-1,1,156,0.8387096774193549,2.0,186,0.7605913877487183,0,0.0,0,0.0,0,4.434065818786621,0,5
SH,FVD,17,2010,233,233,23.3,0.3702906370162964,0.42575010657310486,7.015197277069092,7.999141693115234,0.8518680930137634,0,-1,0,0,0.0,2.0,233,2.1768746376037598,0,0.0,0,0.0,0,31.132366180419922,0,5
SH,FVD,17,2011,320,320,32.0,0.358810693025589,0.4444361925125122,1.6420974731445312,1.9468984603881836,0.6372355222702026,0,-1,1,120,0.375,2.0,320,0.6944380402565002,0,0.0,0,0.0,0,2.597766876220703,2,7
SH,FVD,17,2012,210,210,21.0,0.285129576921463,0.3579619228839874,2.571294069290161,3.2082440853118896,0.7274448275566101,0,-1,1,50,0.23809523809523808,2.0,210,0.6207390427589417,0,0.0,0,0.0,0,2.9833598136901855,2,7
SH,FVD,17,2013,226,226,22.6,0.26293426752090454,0.35164493322372437,4.778811454772949,5.7415618896484375,0.8325161933898926,0,-1,0,0,0.0,2.0,226,2.616589307785034,0,0.0,0,0.0,0,6.008235454559326,1,6
SH,FVD,17,2014,583,583,58.300000000000004,0.4889654517173767,0.7054123878479004,9.383437156677246,10.810806274414062,6.947834014892578,1,402,1,402,0.6895368782161235,2.0,402,0.0,0,0.0,0,0.0,0,0.0,1,6
SH,FVD,17,2015,236,236,23.6,0.1944623440504074,0.24376103281974792,4.204743385314941,6.126707077026367,0.6485678553581238,0,-1,1,211,0.8940677966101694,2.0,236,1.4580620527267456,0,0.0,0,0.0,0,27.480899810791016,0,5
SH,FVD,17,2016,413,413,41.300000000000004,0.11964244395494461,0.14584584534168243,15.622344970703125,18.10962677001953,0.8201056122779846,0,-1,1,413,1.0,2.0,413,1.3257044553756714,0,0.0,0,0.0,0,27.440351486206055,2,7
SH,FVD,17,2017,530,530,53.0,0.5814166069030762,0.7657884359359741,9.3027925491333,9.811919212341309,5.329555988311768,1,156,1,119,0.22452830188679246,2.0,156,0.0,0,0.0,0,0.0,0,0.0,2,7
SH,FVD,17,2018,295,295,29.5,0.2012006789445877,0.2869628369808197,8.477943420410156,9.446860313415527,0.4640458822250366,0,-1,1,295,1.0,2.0,295,0.3998216986656189,0,0.0,0,0.0,0,5.502298831939697,1,6
SH,FVD,17,2019,297,297,29.700000000000003,0.4002496600151062,0.5277405977249146,9.640349388122559,11.402813911437988,2.1485157012939453,1,120,1,98,0.32996632996632996,2.0,120,0.0,0,0.0,0,0.0,0,0.0,2,7
SH,FVD,17,2020,353,353,35.300000000000004,0.4136122167110443,0.5217234492301941,4.5072150230407715,4.820329666137695,2.0084621906280518,1,155,1,155,0.43909348441926344,2.0,155,0.0,0,0.0,0,0.0,0,0.0,2,7
SH,FVD,17,2021,151,151,15.100000000000001,0.14368845522403717,0.1917671412229538,8.649030685424805,10.716492652893066,1.3142060041427612,0,-1,1,151,1.0,2.0,151,1.4512988328933716,0,0.0,0,0.0,0,26.653255462646484,0,5
SH,FVD,17,2022,332,332,33.2,0.31140100955963135,0.43409836292266846,5.480049133300781,7.443313121795654,2.7083845138549805,1,230,1,230,0.6927710843373494,2.0,230,0.0,0,0.0,0,0.0,0,0.0,1,6
SH,FVD,17,2023,141,141,14.100000000000001,0.3246639668941498,0.3963050842285156,2.198728084564209,2.5185387134552,0.550980269908905,0,-1,0,0,0.0,2.0,141,2.2651054859161377,0,0.0,0,0.0,0,21.192319869995117,1,6
SH,FVD,17,2024,1172,1172,117.2,0.27108436822891235,0.34083500504493713,5.62387228012085,6.776439189910889,0.5981175303459167,0,-1,1,1172,1.0,2.0,1172,0.07681426405906677,0,0.0,0,0.0,0,0.7622937560081482,1,6
SH,FVD,17,2025,1176,1176,117.60000000000001,0.3608567416667938,0.46870729327201843,5.292440891265869,7.050136089324951,0.7198150753974915,0,-1,1,1176,1.0,2.0,1176,0.04085986316204071,0,0.0,0,0.0,0,0.3374266028404236,0,5
SH,FVD,17,2026,357,357,35.7,0.32583579421043396,0.3691057562828064,5.11231803894043,5.509683132171631,0.675254762172699,0,-1,0,0,0.0,2.0,357,2.6983273029327393,0,0.0,0,0.0,0,6.526909828186035,1,6
SH,FVD,17,2027,287,287,28.700000000000003,0.32537657022476196,0.4170111119747162,2.9153151512145996,3.375383138656616,0.6262590289115906,0,-1,1,89,0.31010452961672474,2.0,287,1.606925129890442,0,0.0,0,0.0,0,8.9359712600708,2,7
SH,FVD,17,2028,160,160,16.0,0.19556070864200592,0.2624742090702057,12.029364585876465,14.779780387878418,1.7347606420516968,0,-1,1,160,1.0,2.0,160,0.7592282891273499,0,0.0,0,0.0,0,12.302927017211914,2,7
SH,FVD,17,2029,151,151,15.100000000000001,0.4613884389400482,0.5832691192626953,1.639748454093933,2.2209391593933105,0.5788434743881226,0,-1,0,0,0.0,2.0,151,2.599407911300659,0,0.0,0,0.0,0,5.0535736083984375,1,6
SH,FVD,17,2030,211,211,21.1,0.21822603046894073,0.3095620274543762,0.9131258130073547,1.1095513105392456,0.33755096793174744,0,-1,0,0,0.0,2.0,211,3.8651342391967773,0,0.0,0,0.0,0,2.990224599838257,1,6
SH,FVD,17,2031,334,334,33.4,0.3314308226108551,0.4256836473941803,3.6627471446990967,6.061042308807373,1.046873688697815,0,-1,1,241,0.7215568862275449,2.0,334,0.8068726062774658,0,0.0,0,0.0,0,2.6280388832092285,0,5
SH,FVD,17,2032,600,600,60.0,0.22119475901126862,0.3291168808937073,11.647971153259277,13.139971733093262,1.2439321279525757,0,-1,1,323,0.5383333333333333,2.0,600,1.2357691526412964,0,0.0,0,0.0,0,26.141986846923828,2,7
SH,FVD,17,2033,398,398,39.800000000000004,0.2702534794807434,0.3625166714191437,10.242484092712402,12.207958221435547,1.4099313020706177,1,360,1,360,0.9045226130653267,2.0,360,0.0,0,0.0,0,0.0,0,0.0,2,7
SH,FVD,17,2034,274,274,27.400000000000002,0.2923337519168854,0.35115787386894226,9.21265983581543,10.138073921203613,0.6090831756591797,0,-1,1,14,0.051094890510948905,2.0,274,1.6199740171432495,0,0.0,0,0.0,0,3.438786745071411,2,7
SH,FVD,17,2035,188,188,18.8,0.28286656737327576,0.4153898060321808,7.444150924682617,8.488757133483887,1.0822243690490723,0,-1,1,188,1.0,2.0,188,0.15581990778446198,0,0.0,0,0.0,0,2.721867561340332,2,7
SH,FVD,17,2036,353,353,35.300000000000004,0.3974323570728302,0.5245705842971802,13.22642707824707,15.276710510253906,1.509535789489746,1,351,1,37,0.1048158640226629,2.0,351,0.0,0,0.0,0,0.0,0,0.0,0,5
SH,FVD,17,2037,1679,1679,167.9,0.2241521030664444,0.3177849054336548,6.071981430053711,6.845692157745361,3.140221357345581,1,772,1,182,0.10839785586658725,2.0,772,0.0,0,0.0,0,0.0,0,0.0,2,7
SH,FVD,17,2038,585,585,58.5,0.21004599332809448,0.3059159219264984,3.1638505458831787,4.246979236602783,0.5269289016723633,1,509,1,374,0.6393162393162393,2.0,509,0.0,0,0.0,0,0.0,0,0.0,1,6
SH,FVD,17,2039,184,184,18.400000000000002,0.3386417329311371,0.43112894892692566,9.242767333984375,10.775312423706055,1.0588492155075073,0,-1,1,184,1.0,2.0,184,1.3387717008590698,0,0.0,0,0.0,0,28.260499954223633,0,5
SH,FVD,17,2040,171,171,17.1,0.2455752193927765,0.31524571776390076,3.7271625995635986,4.597161293029785,0.5212737321853638,0,-1,0,0,0.0,2.0,171,3.538801431655884,0,0.0,0,0.0,0,13.30362606048584,1,6
SH,FVD,17,2041,174,174,17.400000000000002,0.24890689551830292,0.35512009263038635,2.0200300216674805,2.335782527923584,0.5623726844787598,1,167,1,167,0.9597701149425287,2.0,167,0.0,0,0.0,0,0.0,0,0.0,2,7
SH,FVD,17,2042,265,265,26.5,0.13667331635951996,0.16787350177764893,4.091727256774902,4.835631370544434,0.47626039385795593,0,-1,1,58,0.2188679245283019,2.0,265,1.5130113363265991,0,0.0,0,0.0,0,9.51051139831543,2,7
SH,FVD,17,2043,325,325,32.5,0.3218436539173126,0.4120148718357086,6.010000228881836,6.611716270446777,1.7795156240463257,1,243,1,243,0.7476923076923077,2.0,243,0.0,0,0.0,0,0.0,0,0.0,2,7
SH,FVD,17,2044,242,242,24.200000000000003,0.34867754578590393,0.38695183396339417,9.548011779785156,13.23058795928955,1.5810468196868896,0,-1,1,107,0.44214876033057854,2.0,242,0.7926695346832275,0,0.0,0,0.0,0,3.3909120559692383,0,5
SH,FVD,17,2045,313,313,31.3,0.3470025062561035,0.4330032169818878,12.317285537719727,14.879578590393066,1.1811232566833496,0,-1,0,0,0.0,2.0,313,3.5520691871643066,0,0.0,0,0.0,0,3.5417208671569824,0,5
SH,FVD,17,2046,234,234,23.400000000000002,0.37401649355888367,0.5178965926170349,1.5715763568878174,2.1435861587524414,0.39039579033851624,0,-1,1,10,0.042735042735042736,2.0,234,1.6958434581756592,0,0.0,0,0.0,0,4.301762104034424,0,5
SH,FVD,17,2047,165,165,16.5,0.3792353570461273,0.46312472224235535,6.618479251861572,7.292689800262451,0.8659491539001465,0,-1,0,0,0.0,2.0,165,3.2152719497680664,0,0.0,0,0.0,0,17.689783096313477,0,5
SH,FVD,17,2048,392,392,39.2,0.3606920540332794,0.4490200877189636,1.8358505964279175,2.1493468284606934,1.024776577949524,1,307,1,307,0.7831632653061225,2.0,307,0.0,0,0.0,0,0.0,0,0.0,1,6
SH,FVD,17,2049,141,141,14.100000000000001,0.5216384530067444,0.6374480128288269,2.8940231800079346,3.8919782638549805,0.6743271350860596,0,-1,1,141,1.0,2.0,141,0.19309943914413452,0,0.0,0,0.0,0,2.5000743865966797,2,7
SH,FVD,17,2050,271,271,27.1,0.22118349373340607,0.2747945785522461,2.1474344730377197,2.855715274810791,0.31811293959617615,0,-1,1,271,1.0,2.0,271,0.725538969039917,0,0.0,0,0.0,0,11.60650634765625,1,6
SH,FVD,17,2051,365,365,36.5,0.43419402837753296,0.5553532838821411,6.2048749923706055,6.871682643890381,3.033082962036133,1,112,1,112,0.30684931506849317,2.0,112,0.0,0,0.0,0,0.0,0,0.0,1,6
SH,FVD,17,2052,296,296,29.6,0.20984259247779846,0.2536300718784332,1.4343687295913696,1.8871241807937622,0.4843198359012604,0,-1,1,296,1.0,2.0,296,0.9484211206436157,0,0.0,0,0.0,0,17.29507064819336,2,7
SH,FVD,17,2053,149,149,14.9,0.2192254513502121,0.2689814567565918,7.289223670959473,8.798493385314941,1.0610731840133667,0,-1,0,0,0.0,2.0,149,2.098350763320923,0,0.0,0,0.0,0,46.879188537597656,1,6
SH,FVD,17,2054,133,133,13.3,0.20522867143154144,0.24628061056137085,3.0908291339874268,3.5969443321228027,0.4485829174518585,0,-1,0,0,0.0,2.0,133,2.4050815105438232,0,0.0,0,0.0,0,20.063764572143555,2,7
SH,FVD,17,2055,192,192,19.200000000000003,0.22537623345851898,0.33752650022506714,2.7294161319732666,2.901031255722046,0.3242974579334259,0,-1,0,0,0.0,2.0,192,3.269510269165039,0,0.0,0,0.0,0,4.562432289123535,1,6
SH,FVD,17,2056,856,856,85.60000000000001,0.18831610679626465,0.24310210347175598,8.018951416015625,9.862390518188477,0.6943323016166687,0,-1,1,797,0.9310747663551402,2.0,856,1.3508563041687012,0,0.0,0,0.0,0,28.066057205200195,2,7
SH,FVD,17,2057,319,319,31.900000000000002,0.682701826095581,0.9146527051925659,6.185771942138672,6.988368988037109,2.1848952770233154,1,110,1,110,0.3448275862068966,2.0,110,0.0,0,0.0,0,0.0,0,0.0,1,6
SH,FVD,17,2058,150,150,15.0,0.27154943346977234,0.3622751235961914,4.3089823722839355,4.770412921905518,0.5918331742286682,0,-1,1,123,0.82,2.0,150,1.4402590990066528,0,0.0,0,0.0,0,9.729982376098633,0,5
SH,FVD,17,2059,191,191,19.1,0.32567381858825684,0.4331378936767578,8.902400970458984,9.816679000854492,0.7788395285606384,0,-1,0,0,0.0,2.0,191,3.127987861633301,0,0.0,0,0.0,0,8.852856636047363,2,7
SH,FVD,17,2060,222,222,22.200000000000003,0.3546876013278961,0.41481006145477295,4.189006805419922,5.728325366973877,0.6858788728713989,0,-1,1,220,0.990990990990991,2.0,222,0.889416515827179,0,0.0,0,0.0,0,12.092432975769043,0,5
SH,FVD,17,2061,477,477,47.7,0.5102663040161133,0.6255092620849609,10.712990760803223,12.046723365783691,5.48401403427124,1,68,1,68,0.14255765199161424,2.0,68,0.0,0,0.0,0,0.0,0,0.0,1,6
SH,FVD,17,2062,174,174,17.400000000000002,0.1208496168255806,0.14817799627780914,4.662604808807373,6.3018798828125,0.7161903977394104,0,-1,0,0,0.0,2.0,174,2.011730432510376,0,0.0,0,0.0,0,40.13502883911133,0,5
SH,FVD,17,2063,209,209,20.900000000000002,0.242875337600708,0.30995020270347595,8.222626686096191,9.068349838256836,0.6960614323616028,0,-1,1,209,1.0,2.0,209,1.4759089946746826,0,0.0,0,0.0,0,21.92757797241211,0,5
SH,FVD,17,2064,933,933,93.30000000000001,0.26799458265304565,0.3382096588611603,3.721250057220459,4.720130443572998,0.5709604024887085,0,-1,1,421,0.4512325830653805,2.0,933,0.48888397216796875,0,0.0,0,0.0,0,2.0830540657043457,0,5
SH,FVD,17,2065,153,153,15.3,0.2096327692270279,0.2745818495750427,3.476975679397583,4.392534255981445,0.5409877300262451,1,142,1,30,0.19607843137254902,2.0,142,0.0,0,0.0,0,0.0,0,0.0,1,6
SH,FVD,17,2066,138,138,13.8,0.33491697907447815,0.41446158289909363,1.4964793920516968,1.7906594276428223,0.6186051368713379,0,-1,0,0,0.0,2.0,138,2.2695469856262207,0,0.0,0,0.0,0,7.757013320922852,1,6
SH,FVD,17,2067,151,151,15.100000000000001,0.33367255330085754,0.4603910446166992,1.9720693826675415,2.386789321899414,0.7701973915100098,0,-1,0,0,0.0,2.0,151,3.552457094192505,0,0.0,0,0.0,0,5.3226823806762695,2,7
SH,FVD,17,2068,133,133,13.3,0.38364604115486145,0.5094097256660461,2.995520830154419,3.3175415992736816,0.6062946319580078,0,-1,0,0,0.0,2.0,133,3.344324827194214,0,0.0,0,0.0,0,3.8363428115844727,0,5
SH,FVD,17,2069,179,179,17.900000000000002,0.21936975419521332,0.29124486446380615,3.296738862991333,4.409261703491211,0.8562731742858887,0,-1,1,179,1.0,2.0,179,1.1394972801208496,0,0.0,0,0.0,0,25.821216583251953,1,6
SH,FVD,17,2070,157,157,15.700000000000001,0.29998719692230225,0.38885271549224854,3.5428805351257324,3.9421682357788086,0.553713858127594,0,-1,1,139,0.8853503184713376,2.0,157,0.44894757866859436,0,0.0,0,0.0,0,9.470989227294922,1,6
SH,FVD,17,2071,338,338,33.800000000000004,0.13458548486232758,0.1813056319952011,13.51744556427002,18.518293380737305,1.1574276685714722,0,-1,0,0,0.0,2.0,338,2.2469584941864014,0,0.0,0,0.0,0,46.02387237548828,1,6
SH,FVD,17,2072,496,496,49.6,0.2917291224002838,0.35739102959632874,6.2534942626953125,7.120295524597168,0.6808224320411682,0,-1,1,111,0.22379032258064516,2.0,496,0.9730468988418579,0,0.0,0,0.0,0,3.4306070804595947,1,6
SH,FVD,17,2073,297,297,29.700000000000003,0.2920823097229004,0.3635677397251129,3.5523602962493896,3.905121088027954,0.7222074866294861,0,-1,1,261,0.8787878787878788,2.0,297,1.118604063987732,0,0.0,0,0.0,0,9.001272201538086,0,5
SH,FVD,17,2074,482,482,48.2,0.4205890893936157,0.5451344847679138,1.8441736698150635,2.406191110610962,0.6396602392196655,0,-1,1,267,0.553941908713693,2.0,482,0.6084768772125244,0,0.0,0,0.0,0,0.9049565196037292,1,6
SH,FVD,17,2075,472,472,47.2,0.1658736765384674,0.21573996543884277,13.837124824523926,17.114238739013672,0.7576209902763367,0,-1,1,472,1.0,2.0,472,0.8989468812942505,0,0.0,0,0.0,0,26.112892150878906,1,6
SH,FVD,17,2076,199,199,19.900000000000002,0.06584031134843826,0.0843425840139389,0.973482072353363,1.1532866954803467,0.1359400898218155,0,-1,1,10,0.05025125628140704,2.0,199,1.8870437145233154,0,0.0,0,0.0,0,45.45036697387695,0,5
SH,FVD,17,2077,432,432,43.2,0.25127920508384705,0.3065579831600189,12.299281120300293,13.47523021697998,0.7155659198760986,0,-1,0,0,0.0,2.0,432,3.4736554622650146,0,0.0,0,0.0,0,9.125407218933105,0,5
SH,FVD,17,2078,233,233,23.3,0.3150123059749603,0.4085961878299713,12.231099128723145,13.431312561035156,0.9848445653915405,0,-1,0,0,0.0,2.0,233,3.450843334197998,0,0.0,0,0.0,0,10.409869194030762,1,6
SH,FVD,17,2079,183,183,18.3,0.44826433062553406,0.5391568541526794,17.296913146972656,20.38682746887207,2.0639381408691406,0,-1,1,22,0.12021857923497267,2.0,183,1.427514672279358,0,0.0,0,0.0,0,5.537370681762695,1,6
SH,FVD,17,2080,387,387,38.7,0.18605035543441772,0.23170939087867737,6.208101749420166,6.4075751304626465,0.254969984292984,0,-1,0,0,0.0,2.0,387,3.0634653568267822,0,0.0,0,0.0,0,6.696005821228027,2,7
SH,FVD,17,2081,189,189,18.900000000000002,0.2815185487270355,0.35797783732414246,7.439847946166992,8.894183158874512,0.6591933965682983,0,-1,1,90,0.47619047619047616,2.0,189,1.5921475887298584,0,0.0,0,0.0,0,27.245450973510742,1,6
SH,FVD,17,2082,151,151,15.100000000000001,0.2376016229391098,0.28441333770751953,8.278643608093262,9.68746566772461,0.9053504467010498,0,-1,1,8,0.052980132450331126,2.0,151,1.871657133102417,0,0.0,0,0.0,0,8.581605911254883,0,5
SH,FVD,17,2083,303,303,30.3,0.5085625648498535,0.655712902545929,4.480751037597656,5.031994819641113,0.9497367143630981,0,-1,1,3,0.009900990099009901,2.0,303,1.8733495473861694,0,0.0,0,0.0,0,3.5226452350616455,2,7
SH,FVD,17,2084,147,147,14.700000000000001,0.4268120527267456,0.48258620500564575,9.767411231994629,13.100089073181152,1.6324405670166016,0,-1,0,0,0.0,2.0,147,2.297520875930786,0,0.0,0,0.0,0,26.110904693603516,0,5
SH,FVD,17,2085,1406,1406,140.6,0.41498270630836487,0.6030222773551941,4.7104597091674805,5.496077537536621,2.555631399154663,1,684,1,663,0.47155049786628733,2.0,684,0.0,0,0.0,0,0.0,0,0.0,0,5
SH,FVD,17,2086,144,144,14.4,0.2919909656047821,0.3680301010608673,2.543593406677246,3.03149676322937,0.6896031498908997,0,-1,0,0,0.0,2.0,144,3.4748358726501465,0,0.0,0,0.0,0,5.153705596923828,1,6
SH,FVD,17,2087,145,145,14.5,0.313896507024765,0.36531955003738403,7.660691738128662,9.077214241027832,1.0637015104293823,0,-1,0,0,0.0,2.0,145,2.542745351791382,0,0.0,0,0.0,0,27.537391662597656,2,7
SH,FVD,17,2088,516,516,51.6,0.22172309458255768,0.27575263381004333,6.850248336791992,7.91012716293335,0.521004319190979,0,-1,1,516,1.0,2.0,516,1.3507823944091797,0,0.0,0,0.0,0,16.693771362304688,0,5
SH,FVD,17,2089,137,137,13.700000000000001,0.14100855588912964,0.19630704820156097,0.8155758380889893,1.0137197971343994,0.38168957829475403,0,-1,0,0,0.0,2.0,137,2.2071714401245117,0,0.0,0,0.0,0,54.04106140136719,2,7
SH,FVD,17,2090,258,258,25.8,0.35692545771598816,0.4474579691886902,6.270784854888916,7.25209903717041,0.8778729438781738,0,-1,0,0,0.0,2.0,258,2.04167103767395,0,0.0,0,0.0,0,9.331353187561035,0,5
SH,FVD,17,2091,218,218,21.8,0.30315694212913513,0.39920666813850403,9.393415451049805,10.079976081848145,0.8651860356330872,0,-1,0,0,0.0,2.0,218,3.5222952365875244,0,0.0,0,0.0,0,19.042144775390625,1,6
SH,FVD,17,2092,221,221,22.1,0.2676742374897003,0.31372395157814026,1.2830229997634888,2.290630340576172,0.5907818078994751,0,-1,1,221,1.0,2.0,221,0.5388166904449463,0,0.0,0,0.0,0,9.600421905517578,1,6
SH,FVD,17,2093,228,228,22.8,0.39843228459358215,0.5312053561210632,4.089969158172607,4.496997356414795,3.2603213787078857,1,51,1,51,0.2236842105263158,2.0,51,0.0,0,0.0,0,0.0,0,0.0,2,7
SH,FVD,17,2094,181,181,18.1,0.2873334586620331,0.41733646392822266,2.7221450805664062,3.260242223739624,0.6962754726409912,0,-1,1,114,0.6298342541436464,2.0,181,1.2091140747070312,0,0.0,0,0.0,0,9.858880996704102,2,7
SH,FVD,17,2095,159,159,15.9,0.2225566804409027,0.2729346752166748,2.8436055183410645,3.890564203262329,0.5923786163330078,0,-1,0,0,0.0,2.0,159,2.8212380409240723,0,0.0,0,0.0,0,55.40642166137695,1,6
SH,FVD,17,2096,775,775,77.5,0.3843022584915161,0.5546386241912842,4.611466884613037,5.834172248840332,2.6725358963012695,1,405,1,405,0.5225806451612903,2.0,405,0.0,0,0.0,0,0.0,0,0.0,0,5
SH,FVD,17,2097,921,921,92.10000000000001,0.3235348165035248,0.3957383632659912,6.333262920379639,7.543271541595459,4.295560359954834,1,330,1,330,0.3583061889250814,2.0,330,0.0,0,0.0,0,0.0,0,0.0,0,5
SH,FVD,17,2098,155,155,15.5,0.3316648006439209,0.4415029287338257,2.06948184967041,2.4303884506225586,0.43292394280433655,0,-1,1,102,0.6580645161290323,2.0,155,0.39514389634132385,0,0.0,0,0.0,0,1.4600086212158203,1,6
SH,FVD,17,2099,292,292,29.200000000000003,0.2603917717933655,0.37757426500320435,2.890540599822998,3.8028926849365234,0.5419458150863647,0,-1,0,0,0.0,2.0,292,2.232325792312622,0,0.0,0,0.0,0,5.302751541137695,0,5
SH,FVD,17,2100,201,201,20.1,0.6836962103843689,0.8381387591362,21.279083251953125,28.000919342041016,2.6837875843048096,1,107,1,55,0.2736318407960199,2.0,107,0.0,0,0.0,0,0.0,0,0.0,2,7
SH,FVD,17,2101,132,132,13.200000000000001,0.2101672738790512,0.24882610142230988,1.509421706199646,2.1469168663024902,0.501602292060852,0,-1,1,49,0.3712121212121212,2.0,132,1.662105917930603,0,0.0,0,0.0,0,9.88317584991455,0,5
SH,FVD,17,2102,1109,1109,110.9,0.2607553005218506,0.3566318154335022,5.608676910400391,6.454138278961182,1.7743226289749146,1,516,1,84,0.0757439134355275,2.0,516,0.0,0,0.0,0,0.0,0,0.0,0,5
SH,FVD,17,2103,132,132,13.200000000000001,0.21241974830627441,0.25846582651138306,5.71821928024292,7.762828350067139,1.2877469062805176,0,-1,0,0,0.0,2.0,132,2.2789785861968994,0,0.0,0,0.0,0,41.42354965209961,1,6
SH,FVD,17,2104,1122,1122,112.2,0.31589144468307495,0.4137212634086609,4.563019275665283,5.130289077758789,2.679774284362793,1,428,1,64,0.0570409982174688,2.0,428,0.0,0,0.0,0,0.0,0,0.0,0,5
SH,FVD,17,2105,150,150,15.0,0.15165819227695465,0.16878755390644073,2.765369415283203,3.99326491355896,0.7609375715255737,0,-1,0,0,0.0,2.0,150,9.57512092590332,0,0.0,0,0.0,0,134.643310546875,1,6
SH,FVD,17,2106,185,185,18.5,0.14581826329231262,0.1709778904914856,6.003213405609131,7.516701698303223,0.7886810898780823,0,-1,0,0,0.0,2.0,185,4.214903831481934,0,0.0,0,0.0,0,86.07189178466797,0,5
SH,FVD,17,2107,297,297,29.700000000000003,0.313412070274353,0.39574727416038513,6.502920150756836,9.334829330444336,0.9056935906410217,0,-1,1,297,1.0,2.0,297,1.1758990287780762,0,0.0,0,0.0,0,29.19015121459961,1,6
SH,FVD,17,2108,233,233,23.3,0.1919594556093216,0.21727904677391052,8.532881736755371,10.884857177734375,1.0486525297164917,0,-1,0,0,0.0,2.0,233,2.1621387004852295,0,0.0,0,0.0,0,41.56401062011719,2,7
SH,FVD,17,2109,143,143,14.3,0.3810677230358124,0.46066558361053467,0.7102764248847961,0.8567891716957092,0.43981075286865234,0,-1,1,76,0.5314685314685315,2.0,143,1.03354811668396,0,0.0,0,0.0,0,11.971522331237793,0,5
SH,FVD,17,2110,182,182,18.2,0.11998187005519867,0.15716958045959473,1.421429991722107,2.2972137928009033,0.391203373670578,0,-1,1,182,1.0,2.0,182,1.3687044382095337,0,0.0,0,0.0,0,25.46966552734375,2,7
SH,FVD,17,2111,136,136,13.600000000000001,0.31893664598464966,0.3963383436203003,0.7520613074302673,1.0972477197647095,0.49997738003730774,0,-1,0,0,0.0,2.0,136,2.1934986114501953,0,0.0,0,0.0,0,18.346202850341797,0,5
SH,FVD,17,2112,163,163,16.3,0.14831960201263428,0.2136239856481552,0.33317843079566956,0.4509693682193756,0.16554494202136993,0,-1,0,0,0.0,2.0,163,3.72236967086792,0,0.0,0,0.0,0,3.3576319217681885,1,6
SH,FVD,17,2113,156,156,15.600000000000001,0.27904680371284485,0.359774649143219,3.1513798236846924,3.496843099594116,0.5922737717628479,0,-1,1,156,1.0,2.0,156,1.2438907623291016,0,0.0,0,0.0,0,14.695088386535645,2,7
SH,FVD,17,2114,291,291,29.1,0.4029291570186615,0.4990679919719696,5.952553749084473,7.17112398147583,1.7101268768310547,1,222,1,222,0.7628865979381443,2.0,222,0.0,0,0.0,0,0.0,0,0.0,0,5
SH,FVD,17,2115,409,409,40.900000000000006,0.22691373527050018,0.35593709349632263,8.774002075195312,9.841994285583496,0.7123315930366516,0,-1,1,6,0.014669926650366748,2.0,409,1.7010990381240845,0,0.0,0,0.0,0,4.762758731842041,1,6
SH,FVD,17,2116,958,958,95.80000000000001,0.36243465542793274,0.5323257446289062,5.797806739807129,6.688247203826904,2.9543731212615967,1,612,1,612,0.6388308977035491,2.0,612,0.0,0,0.0,0,0.0,0,0.0,2,7
SH,FVD,17,2117,246,246,24.6,0.4627560079097748,0.8800607919692993,9.141475677490234,13.343877792358398,1.6426846981048584,0,-1,1,169,0.6869918699186992,2.0,246,0.6914594173431396,0,0.0,0,0.0,0,7.402897357940674,2,7
SH,FVD,17,2118,265,265,26.5,0.22840780019760132,0.274041086435318,2.3033254146575928,3.1185314655303955,0.3896186351776123,0,-1,1,265,1.0,2.0,265,0.22140885889530182,0,0.0,0,0.0,0,3.914152145385742,0,5
SH,FVD,17,2119,232,232,23.200000000000003,0.5318959951400757,0.6531053185462952,8.600500106811523,10.844625473022461,1.0183452367782593,0,-1,1,117,0.5043103448275862,2.0,232,1.1963568925857544,0,0.0,0,0.0,0,6.172765254974365,0,5
SH,FVD,17,2120,381,381,38.1,0.3334901034832001,0.4728308618068695,3.280919313430786,3.675969362258911,0.7560716271400452,1,351,1,184,0.48293963254593175,2.0,351,0.0,0,0.0,0,0.0,0,0.0,0,5
SH,FVD,17,2121,262,262,26.200000000000003,0.19164571166038513,0.24074433743953705,1.500261902809143,1.6940730810165405,0.2818451523780823,0,-1,0,0,0.0,2.0,262,3.0373427867889404,0,0.0,0,0.0,0,3.206881046295166,1,6
SH,FVD,17,2122,198,198,19.8,0.2753068804740906,0.39737915992736816,5.836520195007324,6.670222282409668,0.8617467284202576,0,-1,0,0,0.0,2.0,198,2.7549808025360107,0,0.0,0,0.0,0,4.89924430847168,2,7
SH,FVD,17,2123,137,137,13.700000000000001,0.4288075864315033,0.555045485496521,0.9857314825057983,1.2451748847961426,0.3765208125114441,0,-1,1,137,1.0,2.0,137,0.46047377586364746,0,0.0,0,0.0,0,1.8817663192749023,0,5
SH,FVD,17,2124,343,343,34.300000000000004,0.27302688360214233,0.36719465255737305,5.446253299713135,6.544870376586914,0.8649569749832153,1,310,1,174,0.5072886297376094,2.0,310,0.0,0,0.0,0,0.0,0,0.0,0,5
SH,FVD,17,2125,440,440,44.0,0.2167537361383438,0.26500752568244934,2.3596138954162598,3.3132340908050537,0.494180291891098,0,-1,1,438,0.9954545454545455,2.0,440,1.228437066078186,0,0.0,0,0.0,0,19.266925811767578,0,5
SH,FVD,17,2126,182,182,18.2,0.24493907392024994,0.31772029399871826,1.2852123975753784,1.5017653703689575,0.4499444365501404,0,-1,1,182,1.0,2.0,182,1.128857970237732,0,0.0,0,0.0,0,6.9540934562683105,0,5
SH,FVD,17,2127,146,146,14.600000000000001,0.5779297947883606,0.6792557835578918,2.68823504447937,3.4746248722076416,1.0387566089630127,0,-1,1,99,0.678082191780822,2.0,146,1.3300118446350098,0,0.0,0,0.0,0,12.974851608276367,2,7
SH,FVD,17,2128,190,190,19.0,0.3731600344181061,0.44305139780044556,3.607229232788086,3.9958155155181885,0.6288098692893982,0,-1,1,3,0.015789473684210527,2.0,190,1.8772588968276978,0,0.0,0,0.0,0,2.660694122314453,0,5
SH,FVD,17,2129,196,196,19.6,0.22552138566970825,0.2787300944328308,5.2135186195373535,5.729666709899902,0.41431349515914917,0,-1,1,196,1.0,2.0,196,1.0330613851547241,0,0.0,0,0.0,0,14.159512519836426,2,7
SH,FVD,17,2130,275,275,27.5,0.6120805740356445,0.8164332509040833,10.870924949645996,12.223249435424805,8.265002250671387,1,83,1,83,0.3018181818181818,2.0,83,0.0,0,0.0,0,0.0,0,0.0,1,6
SH,FVD,17,2131,311,311,31.1,0.33604612946510315,0.5188906788825989,3.199707269668579,4.029021739959717,1.0523602962493896,1,265,1,265,0.8520900321543409,2.0,265,0.0,0,0.0,0,0.0,0,0.0,1,6
SH,FVD,17,2132,188,188,18.8,0.1854299157857895,0.23710420727729797,2.113161563873291,2.5090079307556152,0.5501987934112549,0,-1,1,188,1.0,2.0,188,1.3366061449050903,0,0.0,0,0.0,0,32.08822250366211,0,5
SH,FVD,17,2133,192,192,19.200000000000003,0.337648868560791,0.3968113362789154,6.934485912322998,7.844430923461914,0.8589460849761963,0,-1,0,0,0.0,2.0,192,3.4954957962036133,0,0.0,0,0.0,0,8.787552833557129,2,7
SH,FVD,17,2134,166,166,16.6,0.651131808757782,0.7348653674125671,18.436758041381836,24.502544403076172,3.474750518798828,0,-1,0,0,0.0,2.0,166,2.197420835494995,0,0.0,0,0.0,0,8.476186752319336,0,5
SH,FVD,17,2135,180,180,18.0,0.19980214536190033,0.24969890713691711,9.41606330871582,11.119902610778809,1.0091532468795776,0,-1,1,180,1.0,2.0,180,0.9787361025810242,0,0.0,0,0.0,0,19.739940643310547,0,5
SH,FVD,17,2136,622,622,62.2,0.37846070528030396,0.5759618282318115,10.616923332214355,13.322147369384766,3.618145704269409,1,452,1,452,0.7266881028938906,2.0,452,0.0,0,0.0,0,0.0,0,0.0,2,7
SH,FVD,17,2137,317,317,31.700000000000003,0.561464250087738,0.6685734987258911,37.776390075683594,42.64707946777344,2.6073405742645264,0,-1,0,0,0.0,2.0,317,11.224778175354004,0,0.0,0,0.0,0,45.8151969909668,2,7
SH,FVD,17,2138,178,178,17.8,0.16201993823051453,0.21756567060947418,3.9374911785125732,5.454596519470215,0.7222495675086975,0,-1,1,178,1.0,2.0,178,0.7214341163635254,0,0.0,0,0.0,0,14.98500919342041,0,5
SH,FVD,17,2139,408,408,40.800000000000004,0.29718053340911865,0.36523905396461487,25.495080947875977,28.681476593017578,1.1313601732254028,0,-1,0,0,0.0,2.0,408,2.1168317794799805,0,0.0,0,0.0,0,5.9901556968688965,2,7
SH,FVD,17,2140,200,200,20.0,0.31189778447151184,0.36157146096229553,3.231612205505371,3.9754388332366943,0.6584548950195312,0,-1,1,58,0.29,2.0,200,1.4920601844787598,0,0.0,0,0.0,0,8.466202735900879,2,7
SH,FVD,17,2141,345,345,34.5,0.31157124042510986,0.40889373421669006,4.390832901000977,4.800731182098389,0.7255147099494934,1,315,1,101,0.2927536231884058,2.0,315,0.0,0,0.0,0,0.0,0,0.0,2,7
SH,FVD,17,2142,131,131,13.100000000000001,0.16367506980895996,0.22036400437355042,3.1300644874572754,4.2640299797058105,0.6421295404434204,0,-1,0,0,0.0,2.0,131,5.484564781188965,0,0.0,0,0.0,0,64.61054992675781,0,5
SH,FVD,17,2143,217,217,21.700000000000003,0.32412078976631165,0.42800021171569824,10.426092147827148,12.46576976776123,1.4582592248916626,0,-1,1,132,0.6082949308755761,2.0,217,0.9654896259307861,0,0.0,0,0.0,0,26.771961212158203,0,5
SH,FVD,17,2144,145,145,14.5,0.21527738869190216,0.26256871223449707,9.794533729553223,12.549606323242188,1.691450834274292,0,-1,1,145,1.0,2.0,145,1.6702446937561035,0,0.0,0,0.0,0,18.705581665039062,0,5
SH,FVD,17,2145,316,316,31.6,0.29285886883735657,0.3929636478424072,8.869985580444336,10.162029266357422,0.8217747211456299,0,-1,1,316,1.0,2.0,316,0.4875546395778656,0,0.0,0,0.0,0,9.825981140136719,0,5
SH,FVD,17,2146,192,192,19.200000000000003,0.15876419842243195,0.1866978406906128,5.9326629638671875,8.378186225891113,1.047776699066162,0,-1,0,0,0.0,2.0,192,2.361759662628174,0,0.0,0,0.0,0,41.40900802612305,0,5
SH,FVD,17,2147,369,369,36.9,0.3177450895309448,0.398746520280838,1.621875286102295,1.9015107154846191,0.3679945468902588,1,362,1,134,0.36314363143631434,2.0,362,0.0,0,0.0,0,0.0,0,0.0,0,5
SH,FVD,17,2148,203,203,20.3,0.2335147261619568,0.287622332572937,2.25701642036438,2.6023776531219482,0.36605939269065857,0,-1,0,0,0.0,2.0,203,2.4629833698272705,0,0.0,0,0.0,0,3.0533182621002197,2,7
SH,FVD,17,2149,310,310,31.0,0.31561413407325745,0.3819129765033722,1.3416025638580322,1.632171392440796,0.30620890855789185,0,-1,1,155,0.5,2.0,310,0.40950456261634827,0,0.0,0,0.0,0,1.2651368379592896,0,5
SH,FVD,17,2150,243,243,24.3,0.24522772431373596,0.3812219798564911,3.721277952194214,4.554683208465576,0.9405488967895508,0,-1,1,87,0.35802469135802467,2.0,243,1.6819674968719482,0,0.0,0,0.0,0,5.3553080558776855,0,5
SH,FVD,17,2151,529,529,52.900000000000006,0.22545334696769714,0.28081217408180237,14.905524253845215,16.70378875732422,0.7126986384391785,0,-1,1,529,1.0,2.0,529,0.6337540149688721,0,0.0,0,0.0,0,8.639516830444336,2,7
SH,FVD,17,2152,599,599,59.900000000000006,0.38900160789489746,0.5483688116073608,11.7528715133667,14.358320236206055,1.2026957273483276,0,-1,1,167,0.27879799666110183,2.0,599,1.1615122556686401,0,0.0,0,0.0,0,4.310330390930176,1,6
SH,FVD,17,2153,640,640,64.0,0.4543260633945465,0.6586467623710632,3.7244045734405518,4.4827399253845215,0.6810523271560669,0,-1,1,147,0.2296875,2.0,640,0.5853481888771057,0,0.0,0,0.0,0,1.3697381019592285,1,6
SH,FVD,17,2154,159,159,15.9,0.15355627238750458,0.22134234011173248,6.234214782714844,7.423102855682373,0.7441982626914978,0,-1,1,159,1.0,2.0,159,0.9636442065238953,0,0.0,0,0.0,0,29.746063232421875,2,7
SH,FVD,17,2155,225,225,22.5,0.35647159814834595,0.43656685948371887,3.7943694591522217,4.426328182220459,0.6339285373687744,0,-1,1,225,1.0,2.0,225,1.1094815731048584,0,0.0,0,0.0,0,10.74301528930664,0,5
SH,FVD,17,2156,856,856,85.60000000000001,0.42153459787368774,0.5416953563690186,3.0648033618927,4.410832405090332,0.8743832111358643,0,-1,1,150,0.17523364485981308,2.0,856,0.10144028812646866,0,0.0,0,0.0,0,0.20890778303146362,0,5
SH,FVD,17,2157,210,210,21.0,0.5047594904899597,0.6588767766952515,10.060559272766113,11.060995101928711,2.3126676082611084,1,52,1,52,0.24761904761904763,2.0,52,0.0,0,0.0,0,0.0,0,0.0,0,5
SH,FVD,17,2158,221,221,22.1,0.5160715579986572,0.6928585767745972,12.085350036621094,13.868531227111816,1.1381213665008545,0,-1,0,0,0.0,2.0,221,2.260395050048828,0,0.0,0,0.0,0,5.9069623947143555,2,7
SH,FVD,17,2159,452,452,45.2,0.5051678419113159,0.6440470814704895,12.189250946044922,14.099376678466797,1.3709604740142822,1,433,1,84,0.18584070796460178,2.0,433,0.0,0,0.0,0,0.0,0,0.0,0,5
SH,FVD,17,2160,341,341,34.1,0.2819899916648865,0.37443631887435913,10.829499244689941,12.819147109985352,1.3350638151168823,1,323,1,323,0.9472140762463344,2.0,323,0.0,0,0.0,0,0.0,0,0.0,1,6
SH,FVD,17,2161,248,248,24.8,0.42825302481651306,0.5232759714126587,2.1948418617248535,2.7655422687530518,0.5881949663162231,0,-1,1,65,0.2620967741935484,2.0,248,1.5706214904785156,0,0.0,0,0.0,0,2.0256385803222656,0,5
SH,FVD,17,2162,134,134,13.4,0.3360784351825714,0.46672162413597107,2.7214431762695312,3.2861225605010986,0.6370609998703003,0,-1,0,0,0.0,2.0,134,2.8936445713043213,0,0.0,0,0.0,0,16.233379364013672,2,7
SH,FVD,17,2163,166,166,16.6,0.21794556081295013,0.27536094188690186,4.37616491317749,5.070619106292725,0.5498018264770508,0,-1,0,0,0.0,2.0,166,3.1045639514923096,0,0.0,0,0.0,0,13.767596244812012,1,6
SH,FVD,17,2164,171,171,17.1,0.1423758864402771,0.17750154435634613,0.730930507183075,1.15552818775177,0.31149157881736755,0,-1,0,0,0.0,2.0,171,3.1738362312316895,0,0.0,0,0.0,0,61.062599182128906,2,7
SH,FVD,17,2165,479,479,47.900000000000006,0.21122096478939056,0.2853163182735443,4.6735076904296875,5.841867923736572,0.41778990626335144,0,-1,1,479,1.0,2.0,479,0.575766921043396,0,0.0,0,0.0,0,12.917862892150879,0,5
SH,FVD,17,2166,158,158,15.8,0.2773742973804474,0.40894708037376404,3.311551570892334,3.6765990257263184,0.8962156772613525,1,89,1,78,0.4936708860759494,2.0,89,0.0,0,0.0,0,0.0,0,0.0,2,7
SH,FVD,17,2167,150,150,15.0,0.42462944984436035,0.49597811698913574,4.688798427581787,5.2710723876953125,0.8452610969543457,0,-1,1,34,0.22666666666666666,2.0,150,1.5371748208999634,0,0.0,0,0.0,0,11.61024284362793,2,7
SH,FVD,17,2168,350,350,35.0,0.5906062722206116,0.7948175072669983,6.69254732131958,7.2948102951049805,5.35813045501709,1,44,1,44,0.12571428571428572,2.0,44,0.0,0,0.0,0,0.0,0,0.0,2,7
SH,FVD,17,2169,145,145,14.5,0.1817701756954193,0.217459037899971,0.30159884691238403,0.4274146854877472,0.23592424392700195,0,-1,0,0,0.0,2.0,145,3.882205009460449,0,0.0,0,0.0,0,53.15774154663086,1,6
SH,FVD,17,2170,981,981,98.10000000000001,0.30435070395469666,0.40730810165405273,3.601010799407959,4.183889389038086,0.5983281135559082,0,-1,1,929,0.9469928644240571,2.0,981,0.38979190587997437,0,0.0,0,0.0,0,2.3216373920440674,2,7
SH,FVD,17,2171,766,766,76.60000000000001,0.2744644284248352,0.3494517207145691,3.588977098464966,4.705783843994141,0.576914370059967,0,-1,1,642,0.8381201044386423,2.0,766,1.542949914932251,0,0.0,0,0.0,0,13.364275932312012,1,6
SH,FVD,17,2172,342,342,34.2,0.32354554533958435,0.4273488521575928,4.853857517242432,5.792521953582764,1.865815281867981,1,300,1,300,0.8771929824561403,2.0,300,0.0,0,0.0,0,0.0,0,0.0,2,7
SH,FVD,17,2173,155,155,15.5,0.35071778297424316,0.41905778646469116,3.802950620651245,4.262664794921875,0.7701553106307983,0,-1,0,0,0.0,2.0,155,3.366741180419922,0,0.0,0,0.0,0,4.61655855178833,2,7
SH,FVD,17,2174,624,624,62.400000000000006,0.4235193729400635,0.558103621006012,6.607231616973877,7.089999675750732,7.456480979919434,1,59,1,59,0.09455128205128205,2.0,59,0.0,0,0.0,0,0.0,0,0.0,1,6
SH,FVD,17,2175,132,132,13.200000000000001,0.5692659020423889,0.7988018989562988,3.4303317070007324,4.199419021606445,1.5448335409164429,0,-1,0,0,0.0,2.0,132,3.297607660293579,0,0.0,0,0.0,0,34.20048141479492,2,7
SH,FVD,17,2176,289,289,28.900000000000002,0.17628559470176697,0.24020901322364807,10.19728946685791,11.394848823547363,0.5631698369979858,0,-1,1,283,0.9792387543252595,2.0,289,1.346036672592163,0,0.0,0,0.0,0,29.557397842407227,1,6
SH,FVD,17,2177,168,168,16.8,0.21257291734218597,0.26567280292510986,7.558714389801025,9.05640983581543,1.0411241054534912,0,-1,1,23,0.13690476190476192,2.0,168,1.64652419090271,0,0.0,0,0.0,0,4.316983699798584,2,7
SH,FVD,17,2178,325,325,32.5,0.13550108671188354,0.16630984842777252,10.536269187927246,14.465333938598633,0.9164632558822632,0,-1,1,169,0.52,2.0,325,1.7982943058013916,0,0.0,0,0.0,0,37.70545196533203,0,5
SH,FVD,17,2179,135,135,13.5,0.3709324598312378,0.4792354702949524,2.039896249771118,2.4572629928588867,0.5411373972892761,0,-1,0,0,0.0,2.0,135,2.498394250869751,0,0.0,0,0.0,0,9.097701072692871,1,6
SH,FVD,17,2180,196,196,19.6,0.3564370572566986,0.4204808473587036,5.1434831619262695,6.745968341827393,0.5567851066589355,0,-1,1,196,1.0,2.0,196,0.905738353729248,0,0.0,0,0.0,0,9.401469230651855,0,5
SH,FVD,17,2181,320,320,32.0,0.3017210364341736,0.3846282660961151,7.14292049407959,8.484626770019531,0.6761239767074585,0,-1,1,320,1.0,2.0,320,1.2785160541534424,0,0.0,0,0.0,0,21.213472366333008,0,5
SH,FVD,17,2182,408,408,40.800000000000004,0.4801211953163147,0.6397969722747803,4.1446919441223145,5.045287609100342,3.0876736640930176,1,254,1,254,0.6225490196078431,2.0,254,0.0,0,0.0,0,0.0,0,0.0,0,5
SH,FVD,17,2183,387,387,38.7,0.3591660261154175,0.4646160304546356,2.563495397567749,2.979318141937256,0.6614893674850464,0,-1,1,106,0.2739018087855297,2.0,387,1.5668461322784424,0,0.0,0,0.0,0,4.325965881347656,0,5
SH,FVD,17,2184,156,156,15.600000000000001,0.251776784658432,0.3435237407684326,0.875764012336731,1.2930771112442017,0.45115065574645996,0,-1,1,156,1.0,2.0,156,1.04067063331604,0,0.0,0,0.0,0,16.22018814086914,0,5
SH,FVD,17,2185,204,204,20.400000000000002,0.5485939383506775,0.7871681451797485,4.99740743637085,6.023835182189941,1.8585604429244995,1,156,1,156,0.7647058823529411,2.0,156,0.0,0,0.0,0,0.0,0,0.0,0,5
SH,FVD,17,2186,405,405,40.5,0.26247990131378174,0.37480583786964417,7.45042085647583,7.867358684539795,0.6084458231925964,0,-1,1,18,0.044444444444444446,2.0,405,0.9838175773620605,0,0.0,0,0.0,0,2.618492603302002,2,7
SH,FVD,17,2187,224,224,22.400000000000002,0.574435293674469,0.678089439868927,2.923933506011963,3.3425607681274414,3.4378578662872314,1,82,1,82,0.36607142857142855,2.0,82,0.0,0,0.0,0,0.0,0,0.0,2,7
SH,FVD,17,2188,182,182,18.2,0.26532426476478577,0.32500016689300537,6.674115180969238,7.842596054077148,0.7508108019828796,0,-1,1,181,0.9945054945054945,2.0,182,1.1407390832901,0,0.0,0,0.0,0,19.538354873657227,1,6
SH,FVD,17,2189,391,391,39.1,0.38882753252983093,0.5861333608627319,6.176619052886963,7.115370750427246,1.33347487449646,1,287,1,234,0.59846547314578,2.0,287,0.0,0,0.0,0,0.0,0,0.0,0,5
SH,FVD,17,2190,1111,1111,111.10000000000001,0.20428217947483063,0.25976699590682983,2.978445291519165,3.5464773178100586,0.42930978536605835,1,996,1,348,0.3132313231323132,2.0,996,0.0,0,0.0,0,0.0,0,0.0,2,7
SH,FVD,17,2191,194,194,19.400000000000002,0.29163944721221924,0.36587536334991455,5.539310932159424,6.4034423828125,0.6632797122001648,0,-1,1,91,0.4690721649484536,2.0,194,1.3153630495071411,0,0.0,0,0.0,0,6.155945301055908,1,6
SH,FVD,17,2192,429,429,42.900000000000006,0.1694222241640091,0.23146754503250122,3.200809955596924,3.706930637359619,0.328592985868454,0,-1,1,429,1.0,2.0,429,0.7972617745399475,0,0.0,0,0.0,0,12.411751747131348,2,7
SH,FVD,17,2193,398,398,39.800000000000004,0.1281256377696991,0.1739659607410431,7.799382209777832,9.054868698120117,0.5712147355079651,0,-1,0,0,0.0,2.0,398,2.768911600112915,0,0.0,0,0.0,0,25.398488998413086,0,5
SH,FVD,17,2194,295,295,29.5,0.40903133153915405,0.5026769042015076,3.0338025093078613,3.5585553646087646,0.9187634587287903,1,261,1,261,0.8847457627118644,2.0,261,0.0,0,0.0,0,0.0,0,0.0,2,7
SH,FVD,17,2195,157,157,15.700000000000001,0.38947662711143494,0.5280190706253052,1.8160734176635742,2.3812899589538574,0.9603374600410461,0,-1,1,157,1.0,2.0,157,0.8506512641906738,0,0.0,0,0.0,0,4.357236862182617,2,7
SH,FVD,17,2196,134,134,13.4,0.3640495836734772,0.4769333600997925,4.75477933883667,6.435650825500488,1.154676079750061,0,-1,0,0,0.0,2.0,134,3.2967445850372314,0,0.0,0,0.0,0,9.335119247436523,0,5
SH,FVD,17,2197,541,541,54.1,0.5193124413490295,0.7007284164428711,4.101291656494141,4.594967365264893,4.378843307495117,1,171,1,154,0.2846580406654344,2.0,171,0.0,0,0.0,0,0.0,0,0.0,0,5
SH,FVD,17,2198,486,486,48.6,0.32080525159835815,0.4334185719490051,9.699536323547363,11.496468544006348,1.0476346015930176,1,464,1,78,0.16049382716049382,2.0,464,0.0,0,0.0,0,0.0,0,0.0,0,5
SH,FVD,17,2199,340,340,34.0,0.26194414496421814,0.31765177845954895,3.732179641723633,4.196926593780518,0.41470107436180115,0,-1,1,340,1.0,2.0,340,1.5441800355911255,0,0.0,0,0.0,0,15.128822326660156,0,5
SH,FVD,17,2200,327,327,32.7,0.4082026481628418,0.5353676080703735,7.6064324378967285,9.20884895324707,0.749131441116333,0,-1,0,0,0.0,2.0,327,2.937325954437256,0,0.0,0,0.0,0,2.4270522594451904,2,7
SH,FVD,17,2201,188,188,18.8,0.4484620690345764,0.5331573486328125,6.903853893280029,9.029705047607422,2.3955795764923096,1,91,1,38,0.20212765957446807,2.0,91,0.0,0,0.0,0,0.0,0,0.0,1,6
SH,FVD,17,2202,141,141,14.100000000000001,0.15401971340179443,0.18196281790733337,1.1633505821228027,1.4067822694778442,0.2619645297527313,0,-1,1,141,1.0,2.0,141,1.590245246887207,0,0.0,0,0.0,0,19.294160842895508,0,5
SH,FVD,17,2203,230,230,23.0,0.471383661031723,0.5926710963249207,2.0041122436523438,2.4005041122436523,0.6002118587493896,0,-1,1,97,0.4217391304347826,2.0,230,0.911736249923706,0,0.0,0,0.0,0,2.0227880477905273,2,7
SH,FVD,17,2204,144,144,14.4,0.2894199788570404,0.34870025515556335,3.195073127746582,3.7182512283325195,0.49814048409461975,0,-1,1,144,1.0,2.0,144,0.3825179934501648,0,0.0,0,0.0,0,9.058958053588867,2,7
SH,FVD,17,2205,258,258,25.8,0.1829340010881424,0.21543344855308533,1.0089218616485596,1.7033966779708862,0.3374628722667694,0,-1,1,116,0.4496124031007752,2.0,258,1.6344201564788818,0,0.0,0,0.0,0,15.573687553405762,1,6
SH,FVD,17,2206,149,149,14.9,0.3711181581020355,0.45673441886901855,1.4637200832366943,1.644260048866272,0.4436758756637573,0,-1,0,0,0.0,2.0,149,3.667964458465576,0,0.0,0,0.0,0,3.1503868103027344,2,7
SH,FVD,17,2207,196,196,19.6,0.506900429725647,0.6315382122993469,5.443166732788086,5.9465436935424805,0.7894263863563538,0,-1,0,0,0.0,2.0,196,2.197813034057617,0,0.0,0,0.0,0,6.573535919189453,1,6
SH,FVD,17,2208,393,393,39.300000000000004,0.2676066756248474,0.33338141441345215,1.6254938840866089,2.126528024673462,0.440086305141449,0,-1,1,308,0.7837150127226463,2.0,393,1.2307865619659424,0,0.0,0,0.0,0,8.284770011901855,0,5
SH,FVD,17,2209,405,405,40.5,0.2589986026287079,0.3549349308013916,2.7751615047454834,3.5908994674682617,0.47225889563560486,0,-1,1,405,1.0,2.0,405,1.228306531906128,0,0.0,0,0.0,0,23.263959884643555,0,5
SH,FVD,17,2210,359,359,35.9,0.18563374876976013,0.25052860379219055,17.82782554626465,24.624927520751953,1.8029853105545044,0,-1,0,0,0.0,2.0,359,4.893662452697754,0,0.0,0,0.0,0,82.3897705078125,1,6
SH,FVD,17,2211,205,205,20.5,0.3726058602333069,0.4257817566394806,6.58659029006958,7.25126838684082,2.9575307369232178,1,88,1,88,0.4292682926829268,2.0,88,0.0,0,0.0,0,0.0,0,0.0,2,7
SH,FVD,17,2212,463,463,46.300000000000004,0.21725313365459442,0.3199104368686676,2.740051746368408,4.679153919219971,0.7494308352470398,1,449,1,449,0.9697624190064795,2.0,449,0.0,0,0.0,0,0.0,0,0.0,0,5
SH,FVD,17,2213,226,226,22.6,0.25320813059806824,0.3087807893753052,2.2924764156341553,3.070225477218628,0.4050059914588928,0,-1,1,226,1.0,2.0,226,0.8306184411048889,0,0.0,0,0.0,0,13.915590286254883,2,7
SH,FVD,17,2214,265,265,26.5,0.6425607204437256,0.7594233155250549,6.6109418869018555,7.587324142456055,5.03722620010376,1,60,1,60,0.22641509433962265,2.0,60,0.0,0,0.0,0,0.0,0,0.0,1,6
SH,FVD,17,2215,778,778,77.80000000000001,0.1758248507976532,0.22777485847473145,12.021127700805664,13.767441749572754,0.43765318393707275,0,-1,1,778,1.0,2.0,778,0.3377753794193268,0,0.0,0,0.0,0,5.849023818969727,2,7
SH,FVD,17,2216,288,288,28.8,0.364642471075058,0.4743162989616394,7.643278121948242,8.746416091918945,2.066391944885254,1,216,1,84,0.2916666666666667,2.0,216,0.0,0,0.0,0,0.0,0,0.0,2,7
SH,FVD,17,2217,293,293,29.3,0.1990029662847519,0.26231488585472107,1.5943572521209717,1.8629759550094604,0.3176777958869934,0,-1,1,183,0.6245733788395904,2.0,293,1.3563785552978516,0,0.0,0,0.0,0,6.510707855224609,2,7
SH,FVD,17,2218,145,145,14.5,0.3614502251148224,0.4955478310585022,6.950944423675537,8.398127555847168,1.0969281196594238,0,-1,0,0,0.0,2.0,145,2.1218197345733643,0,0.0,0,0.0,0,4.500396728515625,2,7
SH,FVD,17,2219,285,285,28.5,0.23855940997600555,0.3204757571220398,2.5740692615509033,3.2728981971740723,0.6833633184432983,1,263,1,263,0.9228070175438596,2.0,263,0.0,0,0.0,0,0.0,0,0.0,0,5
SH,FVD,17,2220,163,163,16.3,0.1819082796573639,0.23324371874332428,5.236091136932373,6.479591369628906,0.560172975063324,0,-1,0,0,0.0,2.0,163,5.0694169998168945,0,0.0,0,0.0,0,4.994912624359131,2,7
SH,FVD,17,2221,217,217,21.700000000000003,0.20270338654518127,0.2597198188304901,3.729257583618164,4.186142921447754,0.4792034924030304,0,-1,0,0,0.0,2.0,217,2.2240238189697266,0,0.0,0,0.0,0,35.38067626953125,1,6
SH,FVD,17,2222,216,216,21.6,0.26530516147613525,0.3075990080833435,1.5637445449829102,1.8715516328811646,0.7410669922828674,1,86,1,37,0.1712962962962963,2.0,86,0.0,0,0.0,0,0.0,0,0.0,0,5
SH,FVD,17,2223,3202,3202,320.20000000000005,0.3395633399486542,0.5092076063156128,8.155360221862793,9.366378784179688,3.5911786556243896,1,1070,1,862,0.2692067457838851,2.0,1070,0.0,0,0.0,0,0.0,0,0.0,1,6
SH,FVD,17,2224,440,440,44.0,0.3970278203487396,0.5433923006057739,3.0551652908325195,3.4576117992401123,0.9314101934432983,1,376,1,376,0.8545454545454545,2.0,376,0.0,0,0.0,0,0.0,0,0.0,1,6
SH,FVD,17,2225,170,170,17.0,0.33947867155075073,0.403772234916687,10.667864799499512,13.195802688598633,1.3858792781829834,0,-1,1,170,1.0,2.0,170,0.282662957906723,0,0.0,0,0.0,0,2.27117919921875,2,7
SH,FVD,17,2226,180,180,18.0,0.20702192187309265,0.24811023473739624,4.864205360412598,5.599220275878906,0.5092167258262634,0,-1,1,180,1.0,2.0,180,0.6111805438995361,0,0.0,0,0.0,0,8.840400695800781,1,6
SH,FVD,17,2227,239,239,23.900000000000002,0.4137740135192871,0.5231293439865112,16.870363235473633,19.536834716796875,1.2504035234451294,0,-1,0,0,0.0,2.0,239,2.4741883277893066,0,0.0,0,0.0,0,6.104717254638672,2,7
SH,FVD,17,2228,183,183,18.3,0.27062878012657166,0.326199471950531,3.232185125350952,3.8638362884521484,0.49293309450149536,0,-1,1,183,1.0,2.0,183,0.7096306681632996,0,0.0,0,0.0,0,6.468321800231934,2,7
SH,FVD,17,2229,163,163,16.3,0.4712761640548706,0.5705060362815857,1.4586583375930786,1.7034430503845215,0.7820665240287781,0,-1,1,122,0.7484662576687117,2.0,163,1.1967179775238037,0,0.0,0,0.0,0,2.770097255706787,0,5
SH,FVD,17,2230,266,266,26.6,0.22586484253406525,0.30330660939216614,3.3577518463134766,4.5946807861328125,0.8917539715766907,0,-1,1,225,0.8458646616541353,2.0,266,1.2399020195007324,0,0.0,0,0.0,0,21.30251693725586,1,6
SH,FVD,17,2231,194,194,19.400000000000002,0.2547675371170044,0.35049787163734436,4.626413822174072,6.5569891929626465,1.0376105308532715,0,-1,1,178,0.9175257731958762,2.0,194,1.3281288146972656,0,0.0,0,0.0,0,28.793991088867188,2,7
SH,FVD,17,2232,278,278,27.8,0.15725749731063843,0.23363681137561798,1.1611138582229614,1.528702735900879,0.2952935993671417,0,-1,0,0,0.0,2.0,278,3.2218244075775146,0,0.0,0,0.0,0,2.713249683380127,2,7
SH,FVD,17,2233,528,528,52.800000000000004,0.4963967204093933,0.6354140043258667,6.041771411895752,6.865475177764893,2.3545806407928467,1,273,1,273,0.5170454545454546,2.0,273,0.0,0,0.0,0,0.0,0,0.0,0,5
SH,FVD,17,2234,433,433,43.300000000000004,0.3230862617492676,0.396465539932251,3.4253759384155273,4.099964618682861,0.6705557703971863,0,-1,1,374,0.8637413394919169,2.0,433,0.323355108499527,0,0.0,0,0.0,0,1.7251113653182983,1,6
SH,FVD,17,2235,149,149,14.9,0.31375694274902344,0.4099004864692688,2.8483331203460693,3.130222797393799,0.517990231513977,0,-1,0,0,0.0,2.0,149,2.2256534099578857,0,0.0,0,0.0,0,4.965026378631592,0,5
SH,FVD,17,2236,138,138,13.8,0.2207995057106018,0.32553204894065857,3.6501693725585938,5.198831558227539,0.9525615572929382,0,-1,1,104,0.7536231884057971,2.0,138,1.5866506099700928,0,0.0,0,0.0,0,27.62964630126953,2,7
SH,FVD,17,2237,150,150,15.0,0.42071789503097534,0.5117018818855286,8.877861976623535,10.586172103881836,1.1831164360046387,0,-1,0,0,0.0,2.0,150,2.016798257827759,0,0.0,0,0.0,0,21.183067321777344,0,5
SH,FVD,17,2238,265,265,26.5,0.35049572587013245,0.43871569633483887,2.2102279663085938,2.731386661529541,0.7122488617897034,1,256,1,69,0.26037735849056604,2.0,256,0.0,0,0.0,0,0.0,0,0.0,2,7
SH,FVD,17,2239,161,161,16.1,0.5407389998435974,0.7498677968978882,3.738804340362549,4.55621337890625,1.397385835647583,0,-1,0,0,0.0,2.0,161,2.5069260597229004,0,0.0,0,0.0,0,7.736149787902832,0,5
SH,FVD,17,2240,378,378,37.800000000000004,0.42932096123695374,0.539836585521698,10.009012222290039,11.312919616699219,0.9451959729194641,0,-1,1,1,0.0026455026455026454,2.0,378,1.9559129476547241,0,0.0,0,0.0,0,6.357647895812988,1,6
SH,FVD,17,2241,165,165,16.5,0.2238462269306183,0.2614520490169525,4.2601141929626465,5.494627475738525,0.6911895275115967,0,-1,1,89,0.5393939393939394,2.0,165,1.451411485671997,0,0.0,0,0.0,0,23.81092643737793,1,6
SH,FVD,17,2242,160,160,16.0,0.3058694005012512,0.41065558791160583,3.7885823249816895,4.431388854980469,0.7398236989974976,0,-1,1,24,0.15,2.0,160,1.9425204992294312,0,0.0,0,0.0,0,23.32703399658203,0,5
SH,FVD,17,2243,545,545,54.5,0.39774155616760254,0.49117937684059143,4.405120372772217,5.82841682434082,0.7261078357696533,0,-1,1,103,0.1889908256880734,2.0,545,1.6772934198379517,0,0.0,0,0.0,0,4.919424057006836,0,5
SH,FVD,17,2244,450,450,45.0,0.24497370421886444,0.2968611717224121,18.079607009887695,21.617431640625,0.8828573822975159,0,-1,1,450,1.0,2.0,450,0.7243326902389526,0,0.0,0,0.0,0,16.247413635253906,2,7
SH,FVD,17,2245,494,494,49.400000000000006,0.27515241503715515,0.3482121527194977,8.82425594329834,9.495588302612305,0.5377297401428223,0,-1,1,494,1.0,2.0,494,0.4792185127735138,0,0.0,0,0.0,0,3.314588785171509,2,7
SH,FVD,17,2246,253,253,25.3,0.323530375957489,0.4036021828651428,2.126811981201172,2.453815221786499,0.5479650497436523,0,-1,1,253,1.0,2.0,253,1.0017168521881104,0,0.0,0,0.0,0,4.9044108390808105,1,6
SH,FVD,17,2247,322,322,32.2,0.668425440788269,1.0635794401168823,26.931264877319336,31.81954002380371,2.785640239715576,0,-1,0,0,0.0,2.0,322,2.5654327869415283,0,0.0,0,0.0,0,10.025700569152832,1,6
SH,FVD,17,2248,160,160,16.0,0.16873429715633392,0.22706997394561768,3.5470306873321533,3.938100576400757,0.39943933486938477,0,-1,0,0,0.0,2.0,160,6.4304423332214355,0,0.0,0,0.0,0,11.386222839355469,1,6
SH,FVD,17,2249,332,332,33.2,0.45688799023628235,0.5901075601577759,8.36357307434082,9.909822463989258,3.1644115447998047,1,158,1,158,0.4759036144578313,2.0,158,0.0,0,0.0,0,0.0,0,0.0,2,7
SH,FVD,17,2250,1738,1738,173.8,0.4445553421974182,0.6106051802635193,13.710390090942383,15.650083541870117,9.760523796081543,1,72,1,72,0.04142692750287687,2.0,72,0.0,0,0.0,0,0.0,0,0.0,2,7
SH,FVD,17,2251,588,588,58.800000000000004,0.141115203499794,0.18837162852287292,31.369731903076172,37.311676025390625,1.1814087629318237,0,-1,1,588,1.0,2.0,588,0.45363348722457886,0,0.0,0,0.0,0,8.355440139770508,2,7
SH,FVD,17,2252,274,274,27.400000000000002,0.45513319969177246,0.6055457592010498,4.251608848571777,5.780109405517578,1.0952622890472412,0,-1,1,105,0.38321167883211676,2.0,274,1.4559215307235718,0,0.0,0,0.0,0,8.728279113769531,0,5
SH,FVD,17,2253,186,186,18.6,0.3464871346950531,0.4613704979419708,1.5145502090454102,1.8982013463974,0.5753527283668518,0,-1,1,186,1.0,2.0,186,0.790277361869812,0,0.0,0,0.0,0,11.898406028747559,1,6
SH,FVD,17,2254,215,215,21.5,0.11639337986707687,0.14180034399032593,12.13072395324707,15.673042297363281,1.4467443227767944,0,-1,0,0,0.0,2.0,215,2.167961359024048,0,0.0,0,0.0,0,62.139835357666016,2,7
SH,FVD,17,2255,858,858,85.80000000000001,0.33400610089302063,0.4782728850841522,3.2905805110931396,4.103948593139648,1.2889914512634277,1,446,1,294,0.34265734265734266,2.0,446,0.0,0,0.0,0,0.0,0,0.0,2,7
SH,FVD,17,2256,279,279,27.900000000000002,0.1700509935617447,0.23091283440589905,2.286222457885742,2.519075632095337,0.3925665616989136,1,262,1,38,0.13620071684587814,2.0,262,0.0,0,0.0,0,0.0,0,0.0,2,7
SH,FVD,17,2257,141,141,14.100000000000001,0.11987072229385376,0.158029243350029,1.0705056190490723,1.368198037147522,0.22135746479034424,0,-1,1,141,1.0,2.0,141,1.6110424995422363,0,0.0,0,0.0,0,32.227989196777344,1,6
SH,FVD,17,2258,279,279,27.900000000000002,0.4375770688056946,0.6373220682144165,4.907107830047607,5.538518905639648,2.647616147994995,1,97,1,97,0.34767025089605735,2.0,97,0.0,0,0.0,0,0.0,0,0.0,1,6
SH,FVD,17,2259,224,224,22.400000000000002,0.22291190922260284,0.27825361490249634,2.0074779987335205,2.3929429054260254,0.3727193772792816,0,-1,0,0,0.0,2.0,224,3.07655930519104,0,0.0,0,0.0,0,5.41309118270874,0,5
SH,FVD,17,2260,167,167,16.7,0.24529814720153809,0.30983057618141174,2.1339526176452637,2.3886032104492188,0.3759028911590576,0,-1,1,3,0.017964071856287425,2.0,167,1.9948925971984863,0,0.0,0,0.0,0,4.828617572784424,0,5
SH,FVD,17,2261,513,513,51.300000000000004,0.5988560318946838,0.740043580532074,8.930721282958984,9.762012481689453,9.23577880859375,1,104,1,104,0.20272904483430798,2.0,104,0.0,0,0.0,0,0.0,0,0.0,1,6
SH,FVD,17,2262,204,204,20.400000000000002,0.14501290023326874,0.17643611133098602,5.043566703796387,5.793966770172119,0.356707900762558,0,-1,1,204,1.0,2.0,204,0.8667955994606018,0,0.0,0,0.0,0,4.926670551300049,1,6
SH,FVD,17,2263,239,239,23.900000000000002,0.16603931784629822,0.20419810712337494,3.467428207397461,3.8520750999450684,0.41317954659461975,0,-1,1,239,1.0,2.0,239,0.6006825566291809,0,0.0,0,0.0,0,3.7471303939819336,0,5
SH,FVD,17,2264,134,134,13.4,0.45796483755111694,0.5343411564826965,5.738824844360352,6.704303741455078,1.373810052871704,1,81,1,42,0.31343283582089554,2.0,81,0.0,0,0.0,0,0.0,0,0.0,1,6
SH,FVD,17,2265,132,132,13.200000000000001,0.43111076951026917,0.48408713936805725,1.170568823814392,1.3915462493896484,0.41834115982055664,0,-1,1,132,1.0,2.0,132,0.6991026401519775,0,0.0,0,0.0,0,2.133136749267578,0,5
SH,FVD,17,2266,208,208,20.8,0.4600191116333008,0.553291916847229,2.6040265560150146,2.845222234725952,0.5985301733016968,0,-1,1,23,0.11057692307692307,2.0,208,0.9954187870025635,0,0.0,0,0.0,0,1.6236953735351562,2,7
SH,FVD,17,2267,266,266,26.6,0.3215373158454895,0.3975490927696228,7.8346710205078125,9.409536361694336,0.7381163835525513,0,-1,0,0,0.0,2.0,266,2.023972988128662,0,0.0,0,0.0,0,4.749661445617676,0,5
SH,FVD,17,2268,774,774,77.4,0.21926213800907135,0.26769742369651794,1.4766478538513184,1.6571680307388306,0.33804482221603394,1,699,1,537,0.6937984496124031,2.0,699,0.0,0,0.0,0,0.0,0,0.0,1,6
SH,FVD,17,2269,315,315,31.5,0.29027143120765686,0.36340397596359253,23.36101722717285,27.816059112548828,1.4750295877456665,0,-1,0,0,0.0,2.0,315,2.3064401149749756,0,0.0,0,0.0,0,3.0786397457122803,0,5
SH,FVD,17,2270,163,163,16.3,0.34033453464508057,0.49790045619010925,5.766149044036865,6.316950798034668,0.8883650898933411,0,-1,0,0,0.0,2.0,163,3.05754017829895,0,0.0,0,0.0,0,15.370199203491211,1,6
SH,FVD,17,2271,265,265,26.5,0.11919520795345306,0.1415465623140335,1.714142084121704,2.704113483428955,0.4242111146450043,0,-1,1,129,0.4867924528301887,2.0,265,1.0763028860092163,0,0.0,0,0.0,0,5.275597095489502,0,5
SH,FVD,17,2272,174,174,17.400000000000002,0.35537415742874146,0.5151355266571045,0.7366729378700256,0.9599299430847168,0.3980390727519989,0,-1,0,0,0.0,2.0,174,3.932591199874878,0,0.0,0,0.0,0,3.554938554763794,1,6
SH,FVD,17,2273,207,207,20.700000000000003,0.22628213465213776,0.3029640018939972,8.588826179504395,9.724710464477539,0.6896268129348755,0,-1,1,207,1.0,2.0,207,0.8982290625572205,0,0.0,0,0.0,0,16.92044448852539,1,6
SH,FVD,17,2274,158,158,15.8,0.2116839438676834,0.2603382170200348,0.5199432969093323,0.7635517120361328,0.24406889081001282,0,-1,1,158,1.0,2.0,158,0.7984203100204468,0,0.0,0,0.0,0,16.81812286376953,0,5
SH,FVD,17,2275,167,167,16.7,0.3915042579174042,0.4595852792263031,1.7873191833496094,2.1658096313476562,0.6191442608833313,0,-1,0,0,0.0,2.0,167,3.9652364253997803,0,0.0,0,0.0,0,5.579036235809326,1,6
SH,FVD,17,2276,187,187,18.7,0.18653075397014618,0.22238074243068695,2.759901762008667,3.31058406829834,0.41404709219932556,0,-1,1,73,0.39037433155080214,2.0,187,1.4123961925506592,0,0.0,0,0.0,0,9.831071853637695,0,5
SH,FVD,17,2277,573,573,57.300000000000004,0.3902561366558075,0.5397521257400513,4.763827800750732,5.7883734703063965,1.4668352603912354,1,482,1,141,0.24607329842931938,2.0,482,0.0,0,0.0,0,0.0,0,0.0,0,5
SH,FVD,17,2278,254,254,25.400000000000002,0.23363329470157623,0.3135457932949066,7.284955024719238,7.871236324310303,0.7172277569770813,0,-1,1,240,0.9448818897637795,2.0,254,1.644261121749878,0,0.0,0,0.0,0,29.170656204223633,1,6
SH,FVD,17,2279,169,169,16.900000000000002,0.5089272260665894,0.606196939945221,6.726179599761963,8.06337833404541,1.0746790170669556,0,-1,0,0,0.0,2.0,169,3.4102163314819336,0,0.0,0,0.0,0,4.8042473793029785,1,6
SH,FVD,17,2280,445,445,44.5,0.1602289229631424,0.2106654793024063,1.8286634683609009,2.070857286453247,0.3746732175350189,0,-1,1,445,1.0,2.0,445,0.9650600552558899,0,0.0,0,0.0,0,10.387594223022461,2,7
SH,FVD,17,2281,175,175,17.5,0.2641848921775818,0.32719671726226807,8.442615509033203,10.846678733825684,1.3681715726852417,0,-1,1,43,0.24571428571428572,2.0,175,1.823343276977539,0,0.0,0,0.0,0,37.72120666503906,1,6
SH,FVD,17,2282,208,208,20.8,0.1347137987613678,0.1637648642063141,4.613666534423828,6.0437541007995605,0.6392179131507874,0,-1,1,208,1.0,2.0,208,1.2212756872177124,0,0.0,0,0.0,0,14.344536781311035,0,5
SH,FVD,17,2283,262,262,26.200000000000003,0.47841525077819824,0.6015549898147583,5.43459939956665,5.852285861968994,0.8225777745246887,0,-1,0,0,0.0,2.0,262,2.010432720184326,0,0.0,0,0.0,0,6.664398193359375,2,7
SH,FVD,17,2284,564,564,56.400000000000006,0.1919243037700653,0.2642394006252289,4.100892066955566,4.750013828277588,0.6291345357894897,0,-1,1,564,1.0,2.0,564,1.2095866203308105,0,0.0,0,0.0,0,17.985763549804688,0,5
SH,FVD,17,2285,495,495,49.5,0.3405086398124695,0.4765464663505554,10.372743606567383,11.065544128417969,1.2663538455963135,1,479,1,436,0.8808080808080808,2.0,479,0.0,0,0.0,0,0.0,0,0.0,2,7
SH,FVD,17,2286,349,349,34.9,0.23699599504470825,0.2909145653247833,2.191890001296997,3.1076011657714844,0.5132937431335449,0,-1,1,349,1.0,2.0,349,0.8922489881515503,0,0.0,0,0.0,0,21.437658309936523,2,7
SH,FVD,17,2287,165,165,16.5,0.35537633299827576,0.4990258812904358,6.794602870941162,7.922835350036621,0.943252682685852,0,-1,1,108,0.6545454545454545,2.0,165,1.3254026174545288,0,0.0,0,0.0,0,11.754945755004883,2,7
SH,FVD,17,2288,426,426,42.6,0.21596024930477142,0.34080269932746887,3.0894827842712402,3.3569862842559814,0.3444041609764099,0,-1,1,142,0.3333333333333333,2.0,426,0.4349718689918518,0,0.0,0,0.0,0,0.57049959897995,1,6
SH,FVD,17,2289,257,257,25.700000000000003,0.6391189098358154,0.7899712920188904,8.995199203491211,10.202434539794922,1.1134462356567383,0,-1,0,0,0.0,2.0,257,2.4695725440979004,0,0.0,0,0.0,0,14.463566780090332,0,5
SH,FVD,17,2290,303,303,30.3,0.3955456614494324,0.5308844447135925,3.2900753021240234,4.291909694671631,2.1610770225524902,1,109,1,41,0.1353135313531353,2.0,109,0.0,0,0.0,0,0.0,0,0.0,0,5
SH,FVD,17,2291,170,170,17.0,0.22048622369766235,0.3047836720943451,1.8698633909225464,2.2909936904907227,0.2788377106189728,0,-1,1,170,1.0,2.0,170,1.1884311437606812,0,0.0,0,0.0,0,20.899385452270508,0,5
SH,FVD,17,2292,367,367,36.7,0.30360108613967896,0.39370113611221313,2.836064577102661,3.0200154781341553,0.34813931584358215,0,-1,1,367,1.0,2.0,367,0.520986795425415,0,0.0,0,0.0,0,1.8663440942764282,2,7
SH,FVD,17,2293,148,148,14.8,0.327851802110672,0.38922756910324097,13.823816299438477,17.0742244720459,2.1242105960845947,0,-1,0,0,0.0,2.0,148,3.777269124984741,0,0.0,0,0.0,0,23.087631225585938,1,6
SH,FVD,17,2294,172,172,17.2,0.31498703360557556,0.40447261929512024,2.185595750808716,2.765580415725708,0.49387043714523315,0,-1,1,148,0.8604651162790697,2.0,172,0.6917622089385986,0,0.0,0,0.0,0,1.6561405658721924,0,5
SH,FVD,17,2295,259,259,25.900000000000002,0.33951759338378906,0.4085751175880432,20.263137817382812,23.336597442626953,1.6734544038772583,0,-1,0,0,0.0,2.0,259,2.972977876663208,0,0.0,0,0.0,0,54.381710052490234,2,7
SH,FVD,17,2296,172,172,17.2,0.36092135310173035,0.4552501440048218,3.4976935386657715,4.0911946296691895,0.5903284549713135,0,-1,1,172,1.0,2.0,172,1.1693401336669922,0,0.0,0,0.0,0,12.332923889160156,1,6
SH,FVD,17,2297,366,366,36.6,0.24370913207530975,0.32889026403427124,1.4326841831207275,1.5569367408752441,0.2569692134857178,0,-1,0,0,0.0,2.0,366,2.4356138706207275,0,0.0,0,0.0,0,1.9988614320755005,1,6
SH,FVD,17,2298,144,144,14.4,0.2411586493253708,0.30633866786956787,1.7868669033050537,2.007444381713867,0.30275359749794006,0,-1,1,144,1.0,2.0,144,0.893690824508667,0,0.0,0,0.0,0,13.612852096557617,0,5
SH,FVD,17,2299,232,232,23.200000000000003,0.23150768876075745,0.3487180173397064,0.6000694036483765,1.0287495851516724,0.3758579194545746,0,-1,1,232,1.0,2.0,232,1.2662146091461182,0,0.0,0,0.0,0,15.160922050476074,1,6
SH,FVD,17,2300,149,149,14.9,0.24647657573223114,0.2905310392379761,5.654066562652588,7.817681789398193,1.2009111642837524,0,-1,1,127,0.8523489932885906,2.0,149,1.6141661405563354,0,0.0,0,0.0,0,30.410263061523438,1,6
SH,FVD,17,2301,1768,1768,176.8,0.24740378558635712,0.30397340655326843,9.130256652832031,10.00405502319336,0.5098384022712708,0,-1,1,1725,0.9756787330316742,2.0,1768,0.7398173809051514,0,0.0,0,0.0,0,10.974806785583496,0,5
SH,FVD,17,2302,237,237,23.700000000000003,0.2558794319629669,0.3469025194644928,0.9883360862731934,1.2360115051269531,0.3838402032852173,1,227,1,28,0.11814345991561181,2.0,227,0.0,0,0.0,0,0.0,0,0.0,0,5
SH,FVD,17,2303,252,252,25.200000000000003,0.161266028881073,0.19087260961532593,2.451115608215332,2.998361825942993,0.4024091958999634,0,-1,1,252,1.0,2.0,252,1.7721376419067383,0,0.0,0,0.0,0,35.115638732910156,2,7
SH,FVD,17,2304,654,654,65.4,0.21627044677734375,0.34535202383995056,4.560332298278809,6.130688190460205,0.8639417290687561,1,613,1,613,0.9373088685015291,2.0,613,0.0,0,0.0,0,0.0,0,0.0,2,7
SH,FVD,17,2305,232,232,23.200000000000003,0.3878271281719208,0.4410465955734253,4.3059587478637695,4.872824192047119,1.3596007823944092,1,139,1,139,0.5991379310344828,2.0,139,0.0,0,0.0,0,0.0,0,0.0,2,7
SH,FVD,17,2306,152,152,15.200000000000001,0.23645594716072083,0.27949246764183044,11.342903137207031,14.05338191986084,1.617349624633789,0,-1,1,152,1.0,2.0,152,0.5974733829498291,0,0.0,0,0.0,0,5.952831268310547,1,6
SH,FVD,17,2307,400,400,40.0,0.3032853305339813,0.4196394085884094,9.521100044250488,11.200453758239746,1.215025782585144,0,-1,0,0,0.0,2.0,400,2.266561269760132,0,0.0,0,0.0,0,6.227970600128174,0,5
SH,FVD,17,2308,181,181,18.1,0.49727165699005127,0.5934358835220337,8.847804069519043,10.760512351989746,1.6428114175796509,0,-1,1,106,0.585635359116022,2.0,181,1.3271830081939697,0,0.0,0,0.0,0,26.898542404174805,0,5
SH,FVD,17,2309,379,379,37.9,0.26181522011756897,0.3217288553714752,1.1685444116592407,1.5148769617080688,0.2923508882522583,0,-1,1,379,1.0,2.0,379,0.5464739203453064,0,0.0,0,0.0,0,7.244541168212891,0,5
SH,FVD,17,2310,161,161,16.1,0.5675973892211914,0.7376026511192322,14.665677070617676,17.592342376708984,1.8217705488204956,0,-1,0,0,0.0,2.0,161,3.676154136657715,0,0.0,0,0.0,0,7.25576114654541,1,6
SH,FVD,17,2311,237,237,23.700000000000003,0.18806901574134827,0.2355494648218155,2.4783334732055664,3.017439365386963,0.29468706250190735,0,-1,1,237,1.0,2.0,237,1.0818300247192383,0,0.0,0,0.0,0,3.3522465229034424,1,6
SH,FVD,17,2312,243,243,24.3,0.31259649991989136,0.36463144421577454,8.065285682678223,12.052741050720215,1.8782780170440674,0,-1,1,109,0.448559670781893,2.0,243,1.1853238344192505,0,0.0,0,0.0,0,28.254213333129883,1,6
SH,FVD,17,2313,213,213,21.3,0.2765093147754669,0.33159318566322327,4.090243816375732,4.639593124389648,0.44667211174964905,0,-1,0,0,0.0,2.0,213,2.247434616088867,0,0.0,0,0.0,0,6.021681308746338,0,5
SH,FVD,17,2314,157,157,15.700000000000001,0.32657721638679504,0.4423341751098633,2.2539916038513184,2.8376638889312744,0.9890816807746887,0,-1,1,101,0.643312101910828,2.0,157,1.03542959690094,0,0.0,0,0.0,0,19.04910659790039,0,5
SH,FVD,17,2315,163,163,16.3,0.5002114772796631,0.6305041909217834,13.087875366210938,15.049593925476074,1.5085736513137817,1,162,1,162,0.9938650306748467,2.0,162,0.0,0,0.0,0,0.0,0,0.0,2,7
SH,FVD,17,2316,156,156,15.600000000000001,0.25935477018356323,0.3037724792957306,2.845116138458252,3.194509744644165,0.5382902026176453,0,-1,1,55,0.3525641025641026,2.0,156,1.2470557689666748,0,0.0,0,0.0,0,5.607100486755371,1,6
SH,FVD,17,2317,206,206,20.6,0.4869169592857361,0.6532688736915588,3.6443839073181152,4.029230117797852,1.4552457332611084,1,105,1,105,0.5097087378640777,2.0,105,0.0,0,0.0,0,0.0,0,0.0,1,6
SH,FVD,17,2318,174,174,17.400000000000002,0.5253530740737915,0.6265178322792053,5.403886795043945,6.3908209800720215,0.8711163997650146,0,-1,1,138,0.7931034482758621,2.0,174,1.1675587892532349,0,0.0,0,0.0,0,19.372352600097656,2,7
SH,FVD,17,2319,282,282,28.200000000000003,0.27147921919822693,0.35809996724128723,1.5132611989974976,2.133309841156006,0.47844377160072327,0,-1,1,141,0.5,2.0,282,1.5336071252822876,0,0.0,0,0.0,0,9.13226318359375,0,5
SH,FVD,17,2320,157,157,15.700000000000001,0.3948988914489746,0.46576932072639465,1.5552324056625366,2.2487010955810547,0.7206795811653137,0,-1,1,157,1.0,2.0,157,1.2667301893234253,0,0.0,0,0.0,0,23.02903175354004,1,6
SH,FVD,17,2321,175,175,17.5,0.47247862815856934,0.5591138005256653,2.220339059829712,2.5959458351135254,0.6136572957038879,0,-1,1,71,0.4057142857142857,2.0,175,1.623882532119751,0,0.0,0,0.0,0,19.381227493286133,2,7
SH,FVD,17,2322,155,155,15.5,0.23379504680633545,0.298234760761261,3.4825053215026855,4.245804309844971,0.5996555685997009,0,-1,0,0,0.0,2.0,155,2.820260763168335,0,0.0,0,0.0,0,43.4345817565918,0,5
SH,FVD,17,2323,171,171,17.1,0.5044604539871216,0.6001856923103333,3.6978256702423096,4.129570007324219,2.6824841499328613,1,52,1,52,0.30409356725146197,2.0,52,0.0,0,0.0,0,0.0,0,0.0,0,5
SH,FVD,17,2324,381,381,38.1,0.27566835284233093,0.3640673756599426,6.9778594970703125,9.012080192565918,1.161879301071167,0,-1,1,381,1.0,2.0,381,0.7806459665298462,0,0.0,0,0.0,0,17.882774353027344,2,7
SH,FVD,17,2325,206,206,20.6,0.1776534467935562,0.2462085336446762,3.4152333736419678,3.757354974746704,0.3965139389038086,0,-1,1,6,0.02912621359223301,2.0,206,1.7101267576217651,0,0.0,0,0.0,0,2.703986644744873,2,7
SH,FVD,17,2326,682,682,68.2,0.3440476059913635,0.4633581042289734,13.758132934570312,14.837957382202148,3.4508583545684814,1,435,1,435,0.6378299120234604,2.0,435,0.0,0,0.0,0,0.0,0,0.0,1,6
SH,FVD,17,2327,150,150,15.0,0.3601449728012085,0.45026862621307373,4.192384719848633,4.614222049713135,3.1042168140411377,1,69,1,69,0.46,2.0,69,0.0,0,0.0,0,0.0,0,0.0,1,6
SH,FVD,17,2328,248,248,24.8,0.400825560092926,0.5233737826347351,10.157800674438477,11.893589973449707,1.4862960577011108,0,-1,0,0,0.0,2.0,248,2.3147518634796143,0,0.0,0,0.0,0,5.70639181137085,1,6
SH,FVD,17,2329,333,333,33.300000000000004,0.29527080059051514,0.4033152461051941,12.583000183105469,13.87188720703125,1.0840175151824951,0,-1,0,0,0.0,2.0,333,2.754025459289551,0,0.0,0,0.0,0,8.626821517944336,0,5
SH,FVD,17,2330,187,187,18.7,0.5143910646438599,0.605881929397583,5.825745582580566,6.870491981506348,1.3979425430297852,1,127,1,49,0.2620320855614973,2.0,127,0.0,0,0.0,0,0.0,0,0.0,1,6
SH,FVD,17,2331,323,323,32.300000000000004,0.2944360375404358,0.39752501249313354,2.0436809062957764,2.3954310417175293,0.49093642830848694,1,316,1,158,0.4891640866873065,2.0,316,0.0,0,0.0,0,0.0,0,0.0,1,6
SH,FVD,17,2332,259,259,25.900000000000002,0.22136135399341583,0.2692301869392395,1.5496653318405151,1.9330885410308838,0.3877018392086029,0,-1,1,259,1.0,2.0,259,1.4442635774612427,0,0.0,0,0.0,0,15.24964714050293,0,5
SH,FVD,17,2333,278,278,27.8,0.2927074134349823,0.36882326006889343,7.683582305908203,9.241485595703125,1.0894337892532349,0,-1,0,0,0.0,2.0,278,2.8645098209381104,0,0.0,0,0.0,0,19.08706283569336,1,6
SH,FVD,17,2334,173,173,17.3,0.40278303623199463,0.5699458718299866,4.544652462005615,6.050313949584961,0.8359943628311157,0,-1,1,173,1.0,2.0,173,1.2366704940795898,0,0.0,0,0.0,0,12.911277770996094,2,7
SH,FVD,17,2335,236,236,23.6,0.25768759846687317,0.310451865196228,4.759529113769531,5.256411552429199,0.7828107476234436,0,-1,1,236,1.0,2.0,236,1.5908067226409912,0,0.0,0,0.0,0,28.41153907775879,1,6
SH,FVD,17,2336,291,291,29.1,0.31661486625671387,0.41831740736961365,4.049078941345215,4.813018798828125,2.3712222576141357,1,76,1,60,0.20618556701030927,2.0,76,0.0,0,0.0,0,0.0,0,0.0,1,6
SH,FVD,17,2337,422,422,42.2,0.19819329679012299,0.2368629276752472,4.164273262023926,4.9447221755981445,0.4491702616214752,0,-1,0,0,0.0,2.0,422,2.122689962387085,0,0.0,0,0.0,0,4.33287239074707,1,6
SH,FVD,17,2338,150,150,15.0,0.23928657174110413,0.2824077308177948,3.7333950996398926,4.6295013427734375,0.6435506939888,0,-1,1,131,0.8733333333333333,2.0,150,1.6185883283615112,0,0.0,0,0.0,0,48.85312271118164,2,7
SH,FVD,17,2339,440,440,44.0,0.26580649614334106,0.35434168577194214,8.359495162963867,10.20702838897705,0.7002462148666382,0,-1,1,27,0.06136363636363636,2.0,440,1.9200677871704102,0,0.0,0,0.0,0,6.61104154586792,2,7
SH,FVD,17,2340,222,222,22.200000000000003,0.5655378699302673,0.7418394684791565,4.852719783782959,5.428342819213867,0.8822727203369141,0,-1,0,0,0.0,2.0,222,3.062981605529785,0,0.0,0,0.0,0,37.842384338378906,1,6
SH,FVD,17,2341,140,140,14.0,0.22788971662521362,0.3130938410758972,1.603890299797058,2.3017377853393555,0.7569368481636047,0,-1,1,96,0.6857142857142857,2.0,140,1.4002403020858765,0,0.0,0,0.0,0,29.88126564025879,0,5
SH,FVD,17,2342,434,434,43.400000000000006,0.2409503310918808,0.3043070137500763,9.193614959716797,10.876357078552246,0.9262980222702026,1,425,1,34,0.07834101382488479,2.0,425,0.0,0,0.0,0,0.0,0,0.0,1,6
SH,FVD,17,2343,282,282,28.200000000000003,0.17281915247440338,0.22210173308849335,15.47203254699707,19.997140884399414,1.5379799604415894,0,-1,0,0,0.0,2.0,282,2.098600387573242,0,0.0,0,0.0,0,32.98048782348633,1,6
SH,FVD,17,2344,501,501,50.1,0.34997814893722534,0.48294833302497864,11.740341186523438,12.109938621520996,7.848522186279297,1,38,1,38,0.07584830339321358,2.0,38,0.0,0,0.0,0,0.0,0,0.0,2,7
SH,FVD,17,2345,172,172,17.2,0.22576436400413513,0.2755065858364105,3.2647945880889893,3.6250858306884766,0.35778823494911194,0,-1,1,172,1.0,2.0,172,1.2487879991531372,0,0.0,0,0.0,0,20.48830223083496,2,7
SH,FVD,17,2346,204,204,20.400000000000002,0.2533120810985565,0.3526478707790375,8.172883987426758,10.207605361938477,0.9542982578277588,0,-1,0,0,0.0,2.0,204,3.585200071334839,0,0.0,0,0.0,0,6.182847023010254,2,7
SH,FVD,17,2347,150,150,15.0,0.3815121650695801,0.46625256538391113,5.098382472991943,5.789798259735107,0.6076548099517822,0,-1,0,0,0.0,2.0,150,3.125126838684082,0,0.0,0,0.0,0,5.3621697425842285,0,5
SH,FVD,17,2348,180,180,18.0,0.26068398356437683,0.32753390073776245,8.313419342041016,10.440075874328613,0.9302693605422974,0,-1,1,8,0.044444444444444446,2.0,180,1.5535423755645752,0,0.0,0,0.0,0,1.8713719844818115,2,7
SH,FVD,17,2349,275,275,27.5,0.4109242856502533,0.533304750919342,8.750399589538574,10.175514221191406,1.2863197326660156,1,200,1,200,0.7272727272727273,2.0,200,0.0,0,0.0,0,0.0,0,0.0,2,7
SH,FVD,17,2350,791,791,79.10000000000001,0.3993742763996124,0.4904863238334656,7.799637794494629,9.660820960998535,1.1090413331985474,1,720,1,296,0.37420986093552466,2.0,720,0.0,0,0.0,0,0.0,0,0.0,0,5
SH,FVD,17,2351,470,470,47.0,0.27638086676597595,0.34828707575798035,5.455702304840088,8.198981285095215,0.6918518543243408,0,-1,1,470,1.0,2.0,470,0.9708272218704224,0,0.0,0,0.0,0,17.200359344482422,1,6
SH,FVD,17,2352,169,169,16.900000000000002,0.2570861577987671,0.3175583779811859,1.3822190761566162,1.702843189239502,0.44899654388427734,0,-1,1,1,0.005917159763313609,2.0,169,1.9616928100585938,0,0.0,0,0.0,0,1.855575680732727,2,7
SH,FVD,17,2353,163,163,16.3,0.22007358074188232,0.2698994576931,3.4610772132873535,4.096323490142822,0.3583407700061798,0,-1,1,163,1.0,2.0,163,0.995561420917511,0,0.0,0,0.0,0,20.116619110107422,0,5
SH,FVD,17,2354,482,482,48.2,0.15701021254062653,0.20170630514621735,4.7951741218566895,5.724905967712402,0.5052248239517212,0,-1,1,482,1.0,2.0,482,1.0535149574279785,0,0.0,0,0.0,0,16.278377532958984,2,7
SH,FVD,17,2355,321,321,32.1,0.39893344044685364,0.5356395244598389,5.136172294616699,6.117618560791016,1.0520507097244263,0,-1,1,321,1.0,2.0,321,0.3691566586494446,0,0.0,0,0.0,0,3.561413049697876,1,6
SH,FVD,17,2356,238,238,23.8,0.34613195061683655,0.48757174611091614,3.2075116634368896,4.072670936584473,0.7976587414741516,0,-1,1,28,0.11764705882352941,2.0,238,0.27216005325317383,0,0.0,0,0.0,0,0.333159863948822,1,6
SH,FVD,17,2357,191,191,19.1,0.3342820703983307,0.40913575887680054,1.9273005723953247,2.679316282272339,0.4848557710647583,0,-1,1,151,0.7905759162303665,2.0,191,1.5724903345108032,0,0.0,0,0.0,0,5.261540412902832,0,5
SH,FVD,17,2358,294,294,29.400000000000002,0.23128753900527954,0.30401891469955444,3.6053218841552734,4.950598239898682,0.44243383407592773,0,-1,1,208,0.7074829931972789,2.0,294,1.3477755784988403,0,0.0,0,0.0,0,19.722270965576172,0,5
SH,FVD,17,2359,149,149,14.9,0.35471048951148987,0.47170886397361755,0.9461230635643005,1.1947201490402222,0.4300495684146881,0,-1,1,35,0.2348993288590604,2.0,149,1.6352976560592651,0,0.0,0,0.0,0,2.6589348316192627,2,7
SH,FVD,17,2360,202,202,20.200000000000003,0.21642592549324036,0.2932089865207672,6.536202907562256,7.700258255004883,0.6184003353118896,0,-1,1,69,0.3415841584158416,2.0,202,1.4696863889694214,0,0.0,0,0.0,0,12.472217559814453,1,6
SH,FVD,17,2361,139,139,13.9,0.401630163192749,0.5016159415245056,4.078100681304932,5.252119064331055,1.0848405361175537,1,100,1,58,0.4172661870503597,2.0,100,0.0,0,0.0,0,0.0,0,0.0,2,7
SH,FVD,17,2362,710,710,71.0,0.1777385175228119,0.23958410322666168,4.502764701843262,5.369304180145264,0.42297637462615967,0,-1,1,710,1.0,2.0,710,0.33830729126930237,0,0.0,0,0.0,0,3.6885499954223633,0,5
SH,FVD,17,2363,201,201,20.1,0.364014595746994,0.45072534680366516,25.71370506286621,31.74894905090332,3.103389263153076,0,-1,0,0,0.0,2.0,201,2.0125062465667725,0,0.0,0,0.0,0,3.6728219985961914,0,5
SH,FVD,17,2364,467,467,46.7,0.2309107631444931,0.31131622195243835,34.416561126708984,41.30136489868164,1.637527585029602,0,-1,0,0,0.0,2.0,467,2.126309394836426,0,0.0,0,0.0,0,4.786782264709473,0,5
SH,FVD,17,2365,131,131,13.100000000000001,0.21477724611759186,0.24813993275165558,1.703080415725708,1.905576467514038,0.27679482102394104,0,-1,1,131,1.0,2.0,131,1.0949817895889282,0,0.0,0,0.0,0,16.46944808959961,1,6
SH,FVD,17,2366,262,262,26.200000000000003,0.18626339733600616,0.22155562043190002,1.2285816669464111,1.3945285081863403,0.30113479495048523,0,-1,1,190,0.7251908396946565,2.0,262,1.1580561399459839,0,0.0,0,0.0,0,17.166248321533203,0,5
SH,FVD,17,2367,198,198,19.8,0.3526255190372467,0.4849400818347931,5.377161026000977,5.7341485023498535,0.4921276569366455,0,-1,1,130,0.6565656565656566,2.0,198,0.22717763483524323,0,0.0,0,0.0,0,0.8574447631835938,0,5
SH,FVD,17,2368,135,135,13.5,0.5536502003669739,0.6654898524284363,1.0935057401657104,1.4805195331573486,1.1858630180358887,1,88,1,32,0.23703703703703705,2.0,88,0.0,0,0.0,0,0.0,0,0.0,2,7
SH,FVD,17,2369,164,164,16.400000000000002,0.5937569737434387,0.7461225986480713,7.8489813804626465,9.10503101348877,1.631263017654419,1,118,1,87,0.5304878048780488,2.0,118,0.0,0,0.0,0,0.0,0,0.0,2,7
SH,FVD,17,2370,144,144,14.4,0.3572462201118469,0.4636130928993225,13.311294555664062,16.321760177612305,2.0855295658111572,0,-1,0,0,0.0,2.0,144,2.0066235065460205,0,0.0,0,0.0,0,33.077239990234375,1,6
SH,FVD,17,2371,196,196,19.6,0.10826955735683441,0.1369839608669281,7.066516399383545,9.854623794555664,1.0694856643676758,0,-1,0,0,0.0,2.0,196,3.9134106636047363,0,0.0,0,0.0,0,65.41193389892578,2,7
SH,FVD,17,2372,263,263,26.3,0.20292653143405914,0.28348076343536377,9.331342697143555,10.170873641967773,0.6414452195167542,0,-1,1,263,1.0,2.0,263,1.3172976970672607,0,0.0,0,0.0,0,13.929279327392578,2,7
SH,FVD,17,2373,151,151,15.100000000000001,0.41119858622550964,0.5125599503517151,2.0204977989196777,2.5126607418060303,1.2092097997665405,1,102,1,82,0.543046357615894,2.0,102,0.0,0,0.0,0,0.0,0,0.0,1,6
SH,FVD,17,2374,156,156,15.600000000000001,0.32459715008735657,0.38952288031578064,3.8218324184417725,4.470307350158691,0.618852972984314,0,-1,0,0,0.0,2.0,156,3.223024845123291,0,0.0,0,0.0,0,4.153524398803711,2,7
SH,FVD,17,2375,743,743,74.3,0.2616156339645386,0.33493250608444214,2.370943546295166,3.095233917236328,0.46987384557724,0,-1,1,564,0.7590847913862718,2.0,743,0.030386244878172874,0,0.0,0,0.0,0,0.12336647510528564,2,7
SH,FVD,17,2376,528,528,52.800000000000004,0.3724455237388611,0.5514367818832397,8.586824417114258,9.516828536987305,8.844184875488281,1,204,1,204,0.38636363636363635,2.0,204,0.0,0,0.0,0,0.0,0,0.0,1,6
SH,FVD,17,2377,186,186,18.6,0.20454928278923035,0.24867814779281616,5.481687545776367,6.299842834472656,0.46422693133354187,0,-1,1,186,1.0,2.0,186,0.28394418954849243,0,0.0,0,0.0,0,0.675608217716217,2,7
SH,FVD,17,2378,131,131,13.100000000000001,0.1597224920988083,0.19554321467876434,2.5418386459350586,3.1154401302337646,0.3834824860095978,0,-1,1,131,1.0,2.0,131,1.4485877752304077,0,0.0,0,0.0,0,19.68730354309082,2,7
SH,FVD,17,2379,210,210,21.0,0.2079019844532013,0.2793103754520416,2.014103412628174,2.8770058155059814,0.3346594274044037,0,-1,1,170,0.8095238095238095,2.0,210,1.2133538722991943,0,0.0,0,0.0,0,2.334397315979004,1,6
SH,FVD,17,2380,197,197,19.700000000000003,0.49982577562332153,0.6139439344406128,6.705599308013916,7.986687660217285,0.9238499402999878,0,-1,1,76,0.38578680203045684,2.0,197,1.4963845014572144,0,0.0,0,0.0,0,4.943005561828613,1,6
SH,FVD,17,2381,285,285,28.5,0.33398327231407166,0.421969473361969,5.050631999969482,6.051634311676025,0.9437136054039001,0,-1,1,67,0.23508771929824562,2.0,285,1.7685004472732544,0,0.0,0,0.0,0,10.98625373840332,1,6
SH,FVD,17,2382,172,172,17.2,0.2719290852546692,0.3478463888168335,3.289273977279663,3.9188616275787354,1.063644289970398,0,-1,1,101,0.5872093023255814,2.0,172,1.8635696172714233,0,0.0,0,0.0,0,36.17594528198242,0,5
SH,FVD,17,2383,192,192,19.200000000000003,0.39012691378593445,0.5351650714874268,10.42503833770752,12.472817420959473,1.1548280715942383,0,-1,0,0,0.0,2.0,192,3.6798489093780518,0,0.0,0,0.0,0,3.783262014389038,1,6
SH,FVD,17,2384,248,248,24.8,0.4942721724510193,0.6070349216461182,9.493002891540527,10.559700012207031,5.799767017364502,1,96,1,96,0.3870967741935484,2.0,96,0.0,0,0.0,0,0.0,0,0.0,2,7
SH,FVD,17,2385,318,318,31.8,0.1984986513853073,0.25647100806236267,2.877549171447754,3.1646997928619385,0.4247187077999115,0,-1,1,292,0.9182389937106918,2.0,318,1.7069050073623657,0,0.0,0,0.0,0,14.156620979309082,1,6
SH,FVD,17,2386,166,166,16.6,0.4771762192249298,0.6472036242485046,1.43450927734375,2.391944408416748,2.5310134887695312,1,7,1,7,0.04216867469879518,2.0,7,0.0,0,0.0,0,0.0,0,0.0,2,7
SH,FVD,17,2387,684,684,68.4,0.30674993991851807,0.4095649719238281,2.8047995567321777,3.4627346992492676,2.4018948078155518,1,93,1,93,0.13596491228070176,2.0,93,0.0,0,0.0,0,0.0,0,0.0,1,6
SH,FVD,17,2388,193,193,19.3,0.33303847908973694,0.4880271553993225,1.6232349872589111,2.2013306617736816,0.8602708578109741,1,109,1,109,0.5647668393782384,2.0,109,0.0,0,0.0,0,0.0,0,0.0,0,5
SH,FVD,17,2389,357,357,35.7,0.27343836426734924,0.3464934229850769,1.8219175338745117,2.3527169227600098,0.4309239387512207,0,-1,1,357,1.0,2.0,357,1.0611318349838257,0,0.0,0,0.0,0,10.876791000366211,2,7
SH,FVD,17,2390,402,402,40.2,0.24872837960720062,0.2999877631664276,1.0449509620666504,1.2614226341247559,0.36981987953186035,0,-1,1,63,0.15671641791044777,2.0,402,1.2480286359786987,0,0.0,0,0.0,0,7.061243057250977,0,5
SH,FVD,17,2391,743,743,74.3,0.36641034483909607,0.4973226487636566,10.276566505432129,12.516681671142578,1.0996150970458984,1,729,1,139,0.18707940780619112,2.0,729,0.0,0,0.0,0,0.0,0,0.0,1,6
SH,FVD,17,2392,165,165,16.5,0.22308440506458282,0.293313205242157,4.1929144859313965,5.17728328704834,0.6014129519462585,0,-1,1,165,1.0,2.0,165,0.8827543258666992,0,0.0,0,0.0,0,9.119956016540527,0,5
SH,FVD,17,2393,215,215,21.5,0.37124744057655334,0.4558868408203125,8.183077812194824,10.284111976623535,0.99246746301651,0,-1,0,0,0.0,2.0,215,3.250730037689209,0,0.0,0,0.0,0,3.098200559616089,0,5
SH,FVD,17,2394,154,154,15.4,0.08172429352998734,0.09830805659294128,1.1652060747146606,1.4428476095199585,0.12307223677635193,0,-1,1,154,1.0,2.0,154,0.7435225248336792,0,0.0,0,0.0,0,10.68517780303955,2,7
SH,FVD,17,2395,190,190,19.0,0.6485175490379333,0.90654456615448,6.932379245758057,8.075162887573242,4.2889204025268555,1,56,1,56,0.29473684210526313,2.0,56,0.0,0,0.0,0,0.0,0,0.0,1,6
SH,FVD,17,2396,132,132,13.200000000000001,0.2809048891067505,0.35642382502555847,6.694289207458496,8.3621826171875,1.241388201713562,0,-1,1,32,0.24242424242424243,2.0,132,1.0616496801376343,0,0.0,0,0.0,0,2.2665059566497803,1,6
SH,FVD,17,2397,222,222,22.200000000000003,0.1942133754491806,0.23076370358467102,6.946710109710693,8.000349998474121,0.7092775702476501,0,-1,1,222,1.0,2.0,222,1.3425503969192505,0,0.0,0,0.0,0,21.479703903198242,2,7
SH,FVD,17,2398,162,162,16.2,0.4447479248046875,0.5356669425964355,5.930085182189941,6.595357418060303,0.8073284029960632,0,-1,0,0,0.0,2.0,162,2.2136266231536865,0,0.0,0,0.0,0,6.693526744842529,2,7
SH,FVD,17,2399,175,175,17.5,0.37895190715789795,0.4943719506263733,16.296560287475586,22.11151695251465,2.6068344116210938,0,-1,0,0,0.0,2.0,175,2.215472459793091,0,0.0,0,0.0,0,19.437732696533203,0,5
SH,FVD,17,2400,343,343,34.300000000000004,0.3074217736721039,0.3920626938343048,2.112908124923706,2.54451060295105,0.4526728093624115,0,-1,1,214,0.6239067055393586,2.0,343,1.1969329118728638,0,0.0,0,0.0,0,8.72463607788086,1,6
SH,FVD,17,2401,661,661,66.10000000000001,0.2429487109184265,0.31421011686325073,13.039329528808594,14.69124698638916,0.7182090878486633,0,-1,1,661,1.0,2.0,661,0.6403747797012329,0,0.0,0,0.0,0,9.74388599395752,2,7
SH,FVD,17,2402,276,276,27.6,0.3766602575778961,0.46860218048095703,6.328883647918701,7.882113933563232,1.2636979818344116,1,250,1,29,0.10507246376811594,2.0,250,0.0,0,0.0,0,0.0,0,0.0,1,6
SH,FVD,17,2403,156,156,15.600000000000001,0.32072877883911133,0.4142557382583618,7.50054931640625,9.299354553222656,3.0732927322387695,1,106,1,106,0.6794871794871795,2.0,106,0.0,0,0.0,0,0.0,0,0.0,0,5
SH,FVD,17,2404,255,255,25.5,0.3262939155101776,0.4139905273914337,2.339345932006836,2.752267837524414,0.5871654152870178,0,-1,1,136,0.5333333333333333,2.0,255,1.1441974639892578,0,0.0,0,0.0,0,6.5641374588012695,1,6
SH,FVD,17,2405,240,240,24.0,0.4473004937171936,0.5377627611160278,9.809330940246582,10.89250659942627,0.7936295866966248,0,-1,1,22,0.09166666666666666,2.0,240,1.6366198062896729,0,0.0,0,0.0,0,4.380612850189209,0,5
SH,FVD,17,2406,296,296,29.6,0.35562217235565186,0.4774686098098755,3.0999386310577393,3.8894400596618652,0.6596128940582275,0,-1,1,296,1.0,2.0,296,0.9179279804229736,0,0.0,0,0.0,0,16.343149185180664,0,5
SH,FVD,17,2407,231,231,23.1,0.25868842005729675,0.3131299316883087,0.6170855760574341,0.8516191840171814,0.342364639043808,0,-1,0,0,0.0,2.0,231,2.647486448287964,0,0.0,0,0.0,0,1.8544859886169434,2,7
SH,FVD,17,2408,454,454,45.400000000000006,0.3035058379173279,0.3618152141571045,2.7224559783935547,3.677245616912842,0.43777814507484436,0,-1,1,454,1.0,2.0,454,0.8258534073829651,0,0.0,0,0.0,0,14.103787422180176,2,7
SH,FVD,17,2409,1831,1831,183.10000000000002,0.27057135105133057,0.3789197504520416,6.9743571281433105,8.47086238861084,1.6577781438827515,1,1527,1,986,0.5385035499726926,2.0,1527,0.0,0,0.0,0,0.0,0,0.0,1,6
SH,FVD,17,2410,161,161,16.1,0.41496896743774414,0.649092972278595,2.417470932006836,4.225521087646484,1.044054388999939,0,-1,1,161,1.0,2.0,161,0.23410741984844208,0,0.0,0,0.0,0,2.3366036415100098,2,7
SH,FVD,17,2411,184,184,18.400000000000002,0.47570472955703735,0.6993891596794128,3.9080982208251953,4.732884407043457,1.1042898893356323,1,145,1,145,0.7880434782608695,2.0,145,0.0,0,0.0,0,0.0,0,0.0,1,6
SH,FVD,17,2412,134,134,13.4,0.626404881477356,0.732269823551178,5.204343795776367,5.863526821136475,1.1381593942642212,1,79,1,29,0.21641791044776118,2.0,79,0.0,0,0.0,0,0.0,0,0.0,2,7
SH,FVD,17,2413,135,135,13.5,0.22843657433986664,0.27948644757270813,1.9841936826705933,2.245628595352173,0.4531835913658142,0,-1,1,135,1.0,2.0,135,0.8333601951599121,0,0.0,0,0.0,0,15.469635963439941,0,5
SH,FVD,17,2414,141,141,14.100000000000001,0.24981148540973663,0.3420901894569397,3.236211061477661,4.518486976623535,0.6150102019309998,0,-1,0,0,0.0,2.0,141,3.1958608627319336,0,0.0,0,0.0,0,8.216164588928223,2,7
SH,FVD,17,2415,289,289,28.900000000000002,0.29752975702285767,0.37840041518211365,4.656041145324707,5.219926357269287,0.5164485573768616,0,-1,1,289,1.0,2.0,289,0.5763958692550659,0,0.0,0,0.0,0,6.112419128417969,2,7
SH,FVD,17,2416,869,869,86.9,0.2742614448070526,0.34845614433288574,7.271099090576172,9.508721351623535,3.416654109954834,1,428,1,101,0.11622554660529344,2.0,428,0.0,0,0.0,0,0.0,0,0.0,1,6
SH,FVD,17,2417,167,167,16.7,0.21544888615608215,0.24364818632602692,8.751049995422363,12.128493309020996,1.6708860397338867,0,-1,0,0,0.0,2.0,167,2.470985174179077,0,0.0,0,0.0,0,54.62601852416992,2,7
SH,FVD,17,2418,167,167,16.7,0.21509483456611633,0.2774524986743927,7.068249225616455,9.189044952392578,1.2609754800796509,0,-1,1,59,0.3532934131736527,2.0,167,0.9079450368881226,0,0.0,0,0.0,0,2.617776393890381,0,5
SH,FVD,17,2419,237,237,23.700000000000003,0.2472088485956192,0.3395240604877472,35.79881286621094,44.66438674926758,3.5780484676361084,0,-1,1,237,1.0,2.0,237,0.7129301428794861,0,0.0,0,0.0,0,19.30951690673828,2,7
SH,FVD,17,2420,257,257,25.700000000000003,0.42309150099754333,0.5323672890663147,5.495016574859619,6.423748970031738,1.1903246641159058,0,-1,1,211,0.8210116731517509,2.0,257,0.04427908733487129,0,0.0,0,0.0,0,0.2529088258743286,1,6
SH,FVD,17,2421,142,142,14.200000000000001,0.40369486808776855,0.5115970373153687,2.0112338066101074,2.689676523208618,1.0636003017425537,0,-1,0,0,0.0,2.0,142,2.1503899097442627,0,0.0,0,0.0,0,29.553739547729492,1,6
SH,FVD,17,2422,266,266,26.6,0.2142271250486374,0.26470479369163513,9.631295204162598,11.003077507019043,0.5620598196983337,0,-1,1,266,1.0,2.0,266,0.6579451560974121,0,0.0,0,0.0,0,10.53868579864502,2,7
SH,FVD,17,2423,753,753,75.3,0.36478012800216675,0.4543100595474243,13.121058464050293,15.825600624084473,1.1156409978866577,0,-1,1,27,0.035856573705179286,2.0,753,1.9677356481552124,0,0.0,0,0.0,0,12.720396995544434,1,6
SH,FVD,17,2424,233,233,23.3,0.25515714287757874,0.3301439583301544,1.5382273197174072,2.1949117183685303,0.3586307764053345,0,-1,1,233,1.0,2.0,233,0.8052367568016052,0,0.0,0,0.0,0,5.036683082580566,0,5
SH,FVD,17,2425,173,173,17.3,0.3901451826095581,0.44396498799324036,5.2391581535339355,5.772252082824707,0.7337725758552551,0,-1,0,0,0.0,2.0,173,2.487076759338379,0,0.0,0,0.0,0,6.036386966705322,0,5
SH,FVD,17,2426,314,314,31.400000000000002,0.21343804895877838,0.3301055133342743,5.618257522583008,6.433811664581299,4.171975135803223,1,160,1,160,0.5095541401273885,2.0,160,0.0,0,0.0,0,0.0,0,0.0,0,5
SH,FVD,17,2427,197,197,19.700000000000003,0.21137015521526337,0.25830286741256714,11.598231315612793,14.281111717224121,1.2442541122436523,0,-1,0,0,0.0,2.0,197,2.015260696411133,0,0.0,0,0.0,0,64.66072082519531,2,7
SH,FVD,17,2428,198,198,19.8,0.35365477204322815,0.3849974274635315,7.403766632080078,8.258493423461914,0.9030025601387024,0,-1,1,29,0.14646464646464646,2.0,198,1.2212855815887451,0,0.0,0,0.0,0,3.4183270931243896,1,6
SH,FVD,17,2429,477,477,47.7,0.11726050823926926,0.14822407066822052,6.744223117828369,8.265353202819824,0.29783186316490173,0,-1,1,263,0.5513626834381551,2.0,477,0.8698903322219849,0,0.0,0,0.0,0,12.351837158203125,2,7
SH,FVD,17,2430,180,180,18.0,0.28876498341560364,0.362496554851532,2.1810951232910156,2.71254301071167,0.898043155670166,1,169,1,95,0.5277777777777778,2.0,169,0.0,0,0.0,0,0.0,0,0.0,0,5
SH,FVD,17,2431,174,174,17.400000000000002,0.24501311779022217,0.3510555028915405,5.897572994232178,8.393065452575684,1.3868685960769653,0,-1,1,135,0.7758620689655172,2.0,174,1.5292026996612549,0,0.0,0,0.0,0,26.32830238342285,0,5
SH,FVD,17,2432,165,165,16.5,0.44938552379608154,0.5276504755020142,8.295802116394043,9.809850692749023,0.9493911266326904,0,-1,0,0,0.0,2.0,165,4.264317035675049,0,0.0,0,0.0,0,10.789041519165039,1,6
SH,FVD,17,2433,150,150,15.0,0.4950352609157562,0.6133739352226257,3.483278751373291,4.247859954833984,1.2653603553771973,0,-1,0,0,0.0,2.0,150,2.055251359939575,0,0.0,0,0.0,0,15.475323677062988,1,6
SH,FVD,17,2434,319,319,31.900000000000002,0.5665669441223145,0.8137720823287964,20.043466567993164,24.50436019897461,2.6127676963806152,0,-1,1,23,0.07210031347962383,2.0,319,0.49701014161109924,0,0.0,0,0.0,0,1.958245038986206,2,7
SH,FVD,17,2435,1191,1191,119.10000000000001,0.34308087825775146,0.4709948003292084,8.327895164489746,9.237401962280273,2.3652684688568115,1,908,1,260,0.218303946263644,2.0,908,0.0,0,0.0,0,0.0,0,0.0,2,7
SH,FVD,17,2436,328,328,32.800000000000004,0.6652297973632812,0.8161676526069641,25.11667823791504,29.232624053955078,1.7277586460113525,0,-1,0,0,0.0,2.0,328,2.4416441917419434,0,0.0,0,0.0,0,5.934476375579834,1,6
SH,FVD,17,2437,210,210,21.0,0.13120083510875702,0.15272840857505798,8.877872467041016,12.084131240844727,1.235684871673584,0,-1,0,0,0.0,2.0,210,2.1200642585754395,0,0.0,0,0.0,0,37.083030700683594,2,7
SH,FVD,17,2438,297,297,29.700000000000003,0.3404410779476166,0.4574522376060486,5.979672908782959,6.886508941650391,1.458356499671936,1,279,1,190,0.6397306397306397,2.0,279,0.0,0,0.0,0,0.0,0,0.0,2,7
SH,FVD,17,2439,223,223,22.3,0.31146177649497986,0.4142231047153473,6.478296756744385,7.5598015785217285,1.099529504776001,1,184,1,46,0.2062780269058296,2.0,184,0.0,0,0.0,0,0.0,0,0.0,1,6
SH,FVD,17,2440,175,175,17.5,0.42475035786628723,0.4983058571815491,4.723686218261719,5.750905513763428,0.7022585272789001,0,-1,1,2,0.011428571428571429,2.0,175,1.9301254749298096,0,0.0,0,0.0,0,3.541745901107788,1,6
SH,FVD,17,2441,329,329,32.9,0.3382227122783661,0.4220990836620331,7.240525245666504,9.207291603088379,0.6941168308258057,0,-1,1,329,1.0,2.0,329,1.3939566612243652,0,0.0,0,0.0,0,23.23396110534668,0,5
SH,FVD,17,2442,201,201,20.1,0.5628177523612976,0.6559451818466187,1.574967622756958,1.814348578453064,0.7345325350761414,0,-1,1,201,1.0,2.0,201,1.0058656930923462,0,0.0,0,0.0,0,14.974489212036133,1,6
SH,FVD,17,2443,193,193,19.3,0.2519998550415039,0.30736011266708374,11.161589622497559,13.482955932617188,1.344470739364624,0,-1,0,0,0.0,2.0,193,3.9678008556365967,0,0.0,0,0.0,0,14.999279022216797,1,6
SH,FVD,17,2444,738,738,73.8,0.3175496459007263,0.45406726002693176,4.5746259689331055,5.818065166473389,0.742539644241333,1,658,1,658,0.8915989159891599,2.0,658,0.0,0,0.0,0,0.0,0,0.0,1,6
SH,FVD,17,2445,279,279,27.900000000000002,0.11602439731359482,0.1611708551645279,2.9979310035705566,4.279033184051514,0.510617733001709,0,-1,0,0,0.0,2.0,279,5.404099464416504,0,0.0,0,0.0,0,61.18367004394531,0,5
SH,FVD,17,2446,212,212,21.200000000000003,0.33337223529815674,0.43685927987098694,2.9453206062316895,3.340078353881836,0.473903089761734,0,-1,0,0,0.0,2.0,212,3.4402806758880615,0,0.0,0,0.0,0,3.3260085582733154,2,7
SH,FVD,17,2447,266,266,26.6,0.23410238325595856,0.31529951095581055,8.859391212463379,10.978267669677734,0.8424714803695679,0,-1,1,266,1.0,2.0,266,1.2001932859420776,0,0.0,0,0.0,0,15.978104591369629,1,6
SH,FVD,17,2448,268,268,26.8,0.23349273204803467,0.2917588949203491,1.5058212280273438,2.0207488536834717,0.5150842666625977,0,-1,1,239,0.8917910447761194,2.0,268,1.5117701292037964,0,0.0,0,0.0,0,22.19425392150879,2,7
SH,FVD,17,2449,196,196,19.6,0.36715519428253174,0.5065268278121948,2.4750869274139404,2.9769177436828613,0.5479145050048828,0,-1,1,195,0.9948979591836735,2.0,196,0.16822446882724762,0,0.0,0,0.0,0,0.28416770696640015,0,5
SH,FVD,17,2450,254,254,25.400000000000002,0.4086124300956726,0.4767020046710968,4.112237930297852,4.981709957122803,0.6826300621032715,0,-1,1,254,1.0,2.0,254,0.3661304712295532,0,0.0,0,0.0,0,4.963683605194092,2,7
SH,FVD,17,2451,187,187,18.7,0.34263017773628235,0.4005619287490845,1.2332137823104858,1.4821572303771973,0.4349067807197571,0,-1,0,0,0.0,2.0,187,2.170668601989746,0,0.0,0,0.0,0,10.439559936523438,2,7
SH,FVD,17,2452,187,187,18.7,0.17763788998126984,0.24426056444644928,3.9630770683288574,5.942283630371094,0.7943373918533325,0,-1,1,37,0.19786096256684493,2.0,187,1.671152114868164,0,0.0,0,0.0,0,48.48931121826172,0,5
SH,FVD,17,2453,345,345,34.5,0.4777981638908386,0.6564927697181702,2.9773590564727783,3.582448720932007,1.3856343030929565,1,258,1,258,0.7478260869565218,2.0,258,0.0,0,0.0,0,0.0,0,0.0,0,5
SH,FVD,17,2454,152,152,15.200000000000001,0.35527077317237854,0.439326673746109,4.177212238311768,4.752770900726318,0.6814538836479187,1,125,1,99,0.6513157894736842,2.0,125,0.0,0,0.0,0,0.0,0,0.0,2,7
SH,FVD,17,2455,136,136,13.600000000000001,0.3134089410305023,0.41328346729278564,0.49394702911376953,0.5985447764396667,0.24577990174293518,0,-1,0,0,0.0,2.0,136,2.6237497329711914,0,0.0,0,0.0,0,1.8523454666137695,1,6
SH,FVD,17,2456,300,300,30.0,0.2357940673828125,0.33542248606681824,1.4921770095825195,1.6620709896087646,0.5734047293663025,1,229,1,229,0.7633333333333333,2.0,229,0.0,0,0.0,0,0.0,0,0.0,0,5
SH,FVD,17,2457,894,894,89.4,0.2702985107898712,0.3957315683364868,7.937855243682861,8.885364532470703,2.120073080062866,1,477,1,122,0.13646532438478748,2.0,477,0.0,0,0.0,0,0.0,0,0.0,0,5
SH,FVD,17,2458,325,325,32.5,0.3731127381324768,0.4700470268726349,6.827338695526123,7.800449371337891,1.8067855834960938,1,217,1,217,0.6676923076923077,2.0,217,0.0,0,0.0,0,0.0,0,0.0,1,6
SH,FVD,17,2459,174,174,17.400000000000002,0.3086981773376465,0.3827086389064789,9.378615379333496,11.164143562316895,1.0034395456314087,0,-1,0,0,0.0,2.0,174,3.862597942352295,0,0.0,0,0.0,0,43.1750602722168,1,6
SH,FVD,17,2460,190,190,19.0,0.4361242949962616,0.5726451873779297,8.500001907348633,9.406961441040039,0.9087201356887817,0,-1,0,0,0.0,2.0,190,2.211197853088379,0,0.0,0,0.0,0,14.343231201171875,2,7
SH,FVD,17,2461,178,178,17.8,0.45150884985923767,0.6877495646476746,1.5946980714797974,2.058070182800293,0.5958643555641174,0,-1,1,178,1.0,2.0,178,0.6842369437217712,0,0.0,0,0.0,0,9.82409381866455,1,6
SH,FVD,17,2462,343,343,34.300000000000004,0.2781812846660614,0.34070467948913574,3.1410627365112305,3.996133327484131,0.6208911538124084,1,326,1,29,0.08454810495626822,2.0,326,0.0,0,0.0,0,0.0,0,0.0,2,7
SH,FVD,17,2463,277,277,27.700000000000003,0.3113626539707184,0.398464173078537,5.71927547454834,6.806466102600098,0.6517643332481384,0,-1,1,161,0.5812274368231047,2.0,277,1.4179874658584595,0,0.0,0,0.0,0,21.885711669921875,1,6
SH,FVD,17,2464,439,439,43.900000000000006,0.18541736900806427,0.25367528200149536,9.761462211608887,10.685715675354004,0.5654361248016357,0,-1,1,7,0.015945330296127564,2.0,439,1.7805113792419434,0,0.0,0,0.0,0,7.858717441558838,2,7
SH,FVD,17,2465,515,515,51.5,0.19278493523597717,0.2376762479543686,11.00570011138916,11.924823760986328,0.5886033773422241,0,-1,0,0,0.0,2.0,515,3.027362108230591,0,0.0,0,0.0,0,4.85972785949707,1,6
SH,FVD,17,2466,1328,1328,132.8,0.35375940799713135,0.5008756518363953,7.8609619140625,9.37381362915039,4.017428874969482,1,658,1,658,0.4954819277108434,2.0,658,0.0,0,0.0,0,0.0,0,0.0,0,5
SH,FVD,17,2467,265,265,26.5,0.3302508592605591,0.39479967951774597,2.631070852279663,3.0486204624176025,0.722237229347229,0,-1,1,79,0.2981132075471698,2.0,265,0.9201061725616455,0,0.0,0,0.0,0,8.129521369934082,1,6
SH,FVD,17,2468,344,344,34.4,0.27208682894706726,0.3894904553890228,7.327898025512695,8.24036693572998,0.9444980025291443,0,-1,1,1,0.0029069767441860465,2.0,344,1.991358995437622,0,0.0,0,0.0,0,3.800178050994873,1,6
SH,FVD,17,2469,358,358,35.800000000000004,0.36370396614074707,0.45970267057418823,4.298436641693115,4.676021575927734,1.557792067527771,1,78,1,78,0.21787709497206703,2.0,78,0.0,0,0.0,0,0.0,0,0.0,1,6
SH,FVD,17,2470,484,484,48.400000000000006,0.14802326261997223,0.1792222559452057,9.59218692779541,10.150471687316895,0.3996920883655548,0,-1,1,484,1.0,2.0,484,1.5432466268539429,0,0.0,0,0.0,0,21.121192932128906,2,7
SH,FVD,17,2471,312,312,31.200000000000003,0.31503164768218994,0.38030827045440674,6.448505401611328,7.43966007232666,1.0640119314193726,1,286,1,34,0.10897435897435898,2.0,286,0.0,0,0.0,0,0.0,0,0.0,0,5
SH,FVD,17,2472,229,229,22.900000000000002,0.1185327023267746,0.14612147212028503,3.189155101776123,3.7090609073638916,0.27389928698539734,0,-1,0,0,0.0,2.0,229,2.88193416595459,0,0.0,0,0.0,0,65.5334243774414,1,6
SH,FVD,17,2473,140,140,14.0,0.2023181915283203,0.27868592739105225,4.429316997528076,5.269476413726807,0.6237495541572571,0,-1,0,0,0.0,2.0,140,2.374957799911499,0,0.0,0,0.0,0,65.79069519042969,1,6
SH,FVD,17,2474,246,246,24.6,0.4125210642814636,0.5160122513771057,3.488265037536621,4.588595867156982,0.7250211834907532,0,-1,1,246,1.0,2.0,246,0.1024743840098381,0,0.0,0,0.0,0,0.46307891607284546,0,5
SH,FVD,17,2475,251,251,25.1,0.19151298701763153,0.27984896302223206,13.785526275634766,15.32746410369873,0.912106454372406,0,-1,1,251,1.0,2.0,251,1.0829554796218872,0,0.0,0,0.0,0,18.513996124267578,1,6
SH,FVD,17,2476,164,164,16.400000000000002,0.43711480498313904,0.5283430218696594,5.706557273864746,6.608447074890137,0.9853970408439636,0,-1,0,0,0.0,2.0,164,2.7697067260742188,0,0.0,0,0.0,0,17.09285545349121,0,5
SH,FVD,17,2477,262,262,26.200000000000003,0.5602628588676453,0.7954747676849365,3.1792068481445312,3.628504991531372,1.529945731163025,1,225,1,225,0.8587786259541985,2.0,225,0.0,0,0.0,0,0.0,0,0.0,1,6
SH,FVD,17,2478,708,708,70.8,0.13833291828632355,0.18004748225212097,16.628028869628906,17.331714630126953,0.5182597041130066,0,-1,1,708,1.0,2.0,708,0.07118260860443115,0,0.0,0,0.0,0,0.9601381421089172,0,5
SH,FVD,17,2479,291,291,29.1,0.3074895441532135,0.3799685835838318,1.7200627326965332,2.0687594413757324,0.5238996744155884,0,-1,1,291,1.0,2.0,291,1.2567251920700073,0,0.0,0,0.0,0,26.72938346862793,2,7
SH,FVD,17,2480,149,149,14.9,0.33581098914146423,0.41248518228530884,4.189084053039551,4.608422756195068,0.48945337533950806,0,-1,1,149,1.0,2.0,149,0.6341859698295593,0,0.0,0,0.0,0,9.864908218383789,0,5
SH,FVD,17,2481,134,134,13.4,0.3643905520439148,0.4327884018421173,2.8283259868621826,3.290127754211426,0.544743537902832,0,-1,0,0,0.0,2.0,134,2.762448310852051,0,0.0,0,0.0,0,24.085477828979492,0,5
SH,FVD,17,2482,290,290,29.0,0.2947629690170288,0.415539026260376,1.8559930324554443,2.0053446292877197,1.0216816663742065,1,52,1,52,0.1793103448275862,2.0,52,0.0,0,0.0,0,0.0,0,0.0,0,5
SH,FVD,17,2483,436,436,43.6,0.3512324392795563,0.4240698516368866,2.463538408279419,2.920644521713257,0.5262497067451477,0,-1,1,436,1.0,2.0,436,0.8951889872550964,0,0.0,0,0.0,0,15.968199729919434,0,5
SH,FVD,17,2484,750,750,75.0,0.4871910810470581,0.6364080905914307,22.28862953186035,29.11167335510254,3.2374391555786133,1,470,1,39,0.052,2.0,470,0.0,0,0.0,0,0.0,0,0.0,0,5
SH,FVD,17,2485,159,159,15.9,0.28001105785369873,0.34724777936935425,0.8153660893440247,0.9205941557884216,0.34116411209106445,0,-1,1,159,1.0,2.0,159,1.1685222387313843,0,0.0,0,0.0,0,27.43465232849121,0,5
SH,FVD,17,2486,365,365,36.5,0.3679971694946289,0.48551714420318604,1.8355592489242554,2.3063251972198486,0.6442081928253174,0,-1,1,255,0.6986301369863014,2.0,365,0.272023469209671,0,0.0,0,0.0,0,0.5897340774536133,2,7
SH,FVD,17,2487,141,141,14.100000000000001,0.21582098305225372,0.2687600255012512,8.334439277648926,11.110374450683594,1.7205896377563477,0,-1,0,0,0.0,2.0,141,2.824676990509033,0,0.0,0,0.0,0,45.32786178588867,0,5
SH,FVD,17,2488,182,182,18.2,0.30828431248664856,0.39515507221221924,2.1414597034454346,3.7009785175323486,0.8525460362434387,0,-1,1,182,1.0,2.0,182,1.0650149583816528,0,0.0,0,0.0,0,11.652817726135254,2,7
SH,FVD,17,2489,250,250,25.0,0.24561183154582977,0.3274654150009155,5.69369649887085,6.683234214782715,0.48226702213287354,0,-1,0,0,0.0,2.0,250,3.4978437423706055,0,0.0,0,0.0,0,1.2329381704330444,0,5
SH,FVD,17,2490,1027,1027,102.7,0.2769083082675934,0.3472444713115692,4.539766788482666,6.348507881164551,0.6611273884773254,0,-1,1,1027,1.0,2.0,1027,0.24624839425086975,0,0.0,0,0.0,0,1.824557900428772,2,7
SH,FVD,17,2491,181,181,18.1,0.3848709464073181,0.4408179223537445,4.2843403816223145,4.898878574371338,0.7391633987426758,0,-1,1,69,0.3812154696132597,2.0,181,1.2706233263015747,0,0.0,0,0.0,0,8.035557746887207,1,6
SH,FVD,17,2492,470,470,47.0,0.3083330988883972,0.3853543698787689,10.187864303588867,12.604153633117676,1.5647443532943726,1,350,1,109,0.23191489361702128,2.0,350,0.0,0,0.0,0,0.0,0,0.0,2,7
SH,FVD,17,2493,143,143,14.3,0.6510111093521118,0.7591502666473389,5.90562629699707,6.95763635635376,2.0683915615081787,1,75,1,75,0.5244755244755245,2.0,75,0.0,0,0.0,0,0.0,0,0.0,1,6
SH,FVD,17,2494,463,463,46.300000000000004,0.5480025410652161,0.7383316159248352,12.956446647644043,13.729753494262695,5.232962131500244,1,65,1,65,0.14038876889848811,2.0,65,0.0,0,0.0,0,0.0,0,0.0,1,6
SH,FVD,17,2495,207,207,20.700000000000003,0.49017760157585144,0.6792226433753967,2.7434403896331787,3.0742647647857666,2.6339263916015625,1,53,1,49,0.23671497584541062,2.0,53,0.0,0,0.0,0,0.0,0,0.0,2,7
SH,FVD,17,2496,159,159,15.9,0.2690677344799042,0.3714778423309326,2.707899570465088,3.3230786323547363,0.49696195125579834,0,-1,0,0,0.0,2.0,159,3.0448296070098877,0,0.0,0,0.0,0,2.9591567516326904,1,6
SH,FVD,17,2497,196,196,19.6,0.24732661247253418,0.2869555652141571,2.913654327392578,3.3392255306243896,0.6751796007156372,0,-1,1,196,1.0,2.0,196,0.6986084580421448,0,0.0,0,0.0,0,13.46959400177002,1,6
SH,FVD,17,2498,133,133,13.3,0.29466840624809265,0.4184274673461914,0.8462201952934265,1.2816576957702637,0.507921576499939,0,-1,0,0,0.0,2.0,133,3.0646631717681885,0,0.0,0,0.0,0,7.000164985656738,1,6
SH,FVD,17,2499,218,218,21.8,0.1633506715297699,0.19674350321292877,8.948393821716309,11.332826614379883,0.8858209848403931,0,-1,1,218,1.0,2.0,218,1.0936249494552612,0,0.0,0,0.0,0,20.761449813842773,2,7
SH,FVD,17,2500,191,191,19.1,0.35866203904151917,0.4882948398590088,10.291648864746094,11.522171020507812,1.000855565071106,0,-1,0,0,0.0,2.0,191,3.9068124294281006,0,0.0,0,0.0,0,6.736130714416504,1,6
SH,FVD,17,2501,220,220,22.0,0.372438907623291,0.45820125937461853,5.417969703674316,6.302483558654785,1.2569717168807983,0,-1,1,37,0.16818181818181818,2.0,220,0.32932841777801514,0,0.0,0,0.0,0,1.3195322751998901,1,6
SH,FVD,17,2502,284,284,28.400000000000002,0.27189406752586365,0.370510995388031,11.657880783081055,12.601950645446777,0.6043137907981873,0,-1,1,284,1.0,2.0,284,0.5154730081558228,0,0.0,0,0.0,0,7.884766578674316,1,6
SH,FVD,17,2503,332,332,33.2,0.19368359446525574,0.30469414591789246,0.7308574914932251,0.8534612655639648,0.27619948983192444,0,-1,1,15,0.045180722891566265,2.0,332,1.6573500633239746,0,0.0,0,0.0,0,1.792240858078003,0,5
SH,FVD,17,2504,187,187,18.7,0.5036956667900085,0.5815410017967224,5.470972061157227,8.338143348693848,1.1856938600540161,0,-1,0,0,0.0,2.0,187,2.071939468383789,0,0.0,0,0.0,0,12.104134559631348,1,6
SH,FVD,17,2505,205,205,20.5,0.25368213653564453,0.2986071705818176,8.767315864562988,9.946202278137207,0.712693989276886,0,-1,1,12,0.05853658536585366,2.0,205,1.9519309997558594,0,0.0,0,0.0,0,38.941802978515625,0,5
SH,FVD,17,2506,382,382,38.2,0.43632790446281433,0.5405349135398865,8.46572208404541,9.865615844726562,3.3983492851257324,1,165,1,165,0.4319371727748691,2.0,165,0.0,0,0.0,0,0.0,0,0.0,1,6
SH,FVD,17,2507,602,602,60.2,0.16957266628742218,0.2035476118326187,1.5816365480422974,1.952399492263794,0.35262900590896606,0,-1,1,602,1.0,2.0,602,0.5192232728004456,0,0.0,0,0.0,0,8.77211856842041,0,5
SH,FVD,17,2508,551,551,55.1,0.24088263511657715,0.31276071071624756,7.8531999588012695,9.066401481628418,0.8263044953346252,1,510,1,68,0.12341197822141561,2.0,510,0.0,0,0.0,0,0.0,0,0.0,1,6
SH,FVD,17,2509,327,327,32.7,0.5964816808700562,0.8038830757141113,4.778841018676758,5.359230995178223,2.363964319229126,1,122,1,122,0.3730886850152905,2.0,122,0.0,0,0.0,0,0.0,0,0.0,0,5
SH,FVD,17,2510,295,295,29.5,0.2939041554927826,0.38740506768226624,3.053797721862793,3.2708497047424316,0.4229748845100403,0,-1,0,0,0.0,2.0,295,3.0561745166778564,0,0.0,0,0.0,0,3.9607832431793213,0,5
SH,FVD,17,2511,429,429,42.900000000000006,0.34947627782821655,0.4939597547054291,5.819182872772217,6.8530707359313965,2.133955717086792,1,189,1,135,0.3146853146853147,2.0,189,0.0,0,0.0,0,0.0,0,0.0,2,7
SH,FVD,17,2512,211,211,21.1,0.39988890290260315,0.5548082590103149,8.153200149536133,9.364847183227539,0.7885528802871704,0,-1,1,18,0.08530805687203792,2.0,211,1.7743983268737793,0,0.0,0,0.0,0,3.8116614818573,2,7
SH,FVD,17,2513,131,131,13.100000000000001,0.26835742592811584,0.3076014220714569,9.568428993225098,11.85340690612793,1.6400948762893677,0,-1,1,34,0.2595419847328244,2.0,131,1.821218490600586,0,0.0,0,0.0,0,25.030057907104492,0,5
SH,FVD,17,2514,133,133,13.3,0.3339395225048065,0.3870757222175598,3.917903184890747,4.861811637878418,0.7160499095916748,0,-1,1,133,1.0,2.0,133,0.8549685478210449,0,0.0,0,0.0,0,10.03255844116211,2,7
SH,FVD,17,2515,205,205,20.5,0.4279249608516693,0.6059526205062866,10.216121673583984,12.558035850524902,1.0455302000045776,0,-1,1,205,1.0,2.0,205,0.09533316642045975,0,0.0,0,0.0,0,1.2378511428833008,1,6
SH,FVD,17,2516,151,151,15.100000000000001,0.1702425330877304,0.21463622152805328,1.1434142589569092,1.4286680221557617,0.33574214577674866,0,-1,0,0,0.0,2.0,151,2.618802309036255,0,0.0,0,0.0,0,42.33412170410156,2,7
SH,FVD,17,2517,290,290,29.0,0.46935251355171204,0.5813220143318176,9.676324844360352,13.266271591186523,1.1441408395767212,0,-1,1,102,0.35172413793103446,2.0,290,0.5715085864067078,0,0.0,0,0.0,0,1.0451418161392212,1,6
SH,FVD,17,2518,456,456,45.6,0.3329795300960541,0.4406883716583252,3.236614227294922,4.3461384773254395,0.6687071323394775,0,-1,1,173,0.3793859649122807,2.0,456,1.4125916957855225,0,0.0,0,0.0,0,2.5456082820892334,1,6
SH,FVD,17,2519,224,224,22.400000000000002,0.5700305700302124,0.6868781447410583,6.884682655334473,7.849236011505127,2.5219929218292236,1,124,1,95,0.42410714285714285,2.0,124,0.0,0,0.0,0,0.0,0,0.0,1,6
SH,FVD,17,2520,373,373,37.300000000000004,0.4182755947113037,0.5366464853286743,11.17196273803711,12.747835159301758,0.9761010408401489,0,-1,0,0,0.0,2.0,373,2.1832313537597656,0,0.0,0,0.0,0,3.539052963256836,0,5
SH,FVD,17,2521,260,260,26.0,0.29356899857521057,0.38824349641799927,5.961341857910156,6.906071662902832,3.7294485569000244,1,112,1,96,0.36923076923076925,2.0,112,0.0,0,0.0,0,0.0,0,0.0,0,5
SH,FVD,17,2522,582,582,58.2,0.23437751829624176,0.3004100024700165,3.5876247882843018,4.193227291107178,0.579378068447113,0,-1,1,582,1.0,2.0,582,0.8728858828544617,0,0.0,0,0.0,0,14.318363189697266,2,7
SH,FVD,17,2523,336,336,33.6,0.2568119466304779,0.34739601612091064,2.095834970474243,2.9322736263275146,0.585671067237854,0,-1,1,336,1.0,2.0,336,0.5102276802062988,0,0.0,0,0.0,0,5.578705787658691,2,7
SH,FVD,17,2524,162,162,16.2,0.49494925141334534,0.5755743384361267,2.2386631965637207,2.8005824089050293,0.7952632904052734,0,-1,1,162,1.0,2.0,162,0.5936612486839294,0,0.0,0,0.0,0,11.019574165344238,0,5
SH,FVD,17,2525,415,415,41.5,0.2862735688686371,0.4114927649497986,3.5961296558380127,4.254833221435547,0.47071999311447144,0,-1,1,87,0.20963855421686747,2.0,415,1.7636806964874268,0,0.0,0,0.0,0,8.266583442687988,0,5
SH,FVD,17,2526,877,877,87.7,0.2151155322790146,0.2747125029563904,9.249053001403809,10.347856521606445,0.5933456420898438,0,-1,1,48,0.05473204104903079,2.0,877,1.9389238357543945,0,0.0,0,0.0,0,6.300802707672119,2,7
SH,FVD,17,2527,292,292,29.200000000000003,0.24248012900352478,0.3686537444591522,2.900378942489624,5.2060770988464355,0.6758086681365967,0,-1,0,0,0.0,2.0,292,3.791289806365967,0,0.0,0,0.0,0,3.6989102363586426,1,6
SH,FVD,17,2528,866,866,86.60000000000001,0.45070555806159973,0.6397842764854431,10.410231590270996,11.012151718139648,7.102029800415039,1,272,1,272,0.3140877598152425,2.0,272,0.0,0,0.0,0,0.0,0,0.0,2,7
SH,FVD,17,2529,278,278,27.8,0.2706218659877777,0.4377438724040985,1.2592687606811523,1.655599594116211,0.5219143033027649,0,-1,1,197,0.7086330935251799,2.0,278,0.852123498916626,0,0.0,0,0.0,0,6.2888617515563965,0,5
SH,FVD,17,2530,396,396,39.6,0.12946946918964386,0.161569282412529,8.440536499023438,9.38870906829834,0.532645583152771,0,-1,1,396,1.0,2.0,396,1.3188945055007935,0,0.0,0,0.0,0,26.034671783447266,0,5
SH,FVD,17,2531,227,227,22.700000000000003,0.4595545828342438,0.5374577045440674,4.075690269470215,4.766451835632324,0.9744362831115723,0,-1,1,23,0.1013215859030837,2.0,227,1.5941226482391357,0,0.0,0,0.0,0,18.949365615844727,1,6
SH,FVD,17,2532,165,165,16.5,0.4988154172897339,0.5933377742767334,5.0818328857421875,6.231605052947998,1.6874141693115234,1,99,1,99,0.6,2.0,99,0.0,0,0.0,0,0.0,0,0.0,2,7
SH,FVD,17,2533,169,169,16.900000000000002,0.36256182193756104,0.4266776442527771,3.3028528690338135,3.711327075958252,0.5756716132164001,0,-1,0,0,0.0,2.0,169,3.1229758262634277,0,0.0,0,0.0,0,7.5821614265441895,0,5
SH,FVD,17,2534,289,289,28.900000000000002,0.1760219782590866,0.21610665321350098,12.030980110168457,15.53406810760498,1.202481746673584,0,-1,1,181,0.6262975778546713,2.0,289,1.6635205745697021,0,0.0,0,0.0,0,37.887332916259766,0,5
SH,FVD,17,2535,143,143,14.3,0.2848598062992096,0.37863820791244507,6.152060508728027,6.861117362976074,0.7521980404853821,0,-1,0,0,0.0,2.0,143,3.851116895675659,0,0.0,0,0.0,0,4.649569511413574,2,7
SH,FVD,17,2536,196,196,19.6,0.24555687606334686,0.28795239329338074,3.5276031494140625,4.943557262420654,0.7371291518211365,0,-1,0,0,0.0,2.0,196,2.134812593460083,0,0.0,0,0.0,0,48.5211181640625,2,7
SH,FVD,17,2537,132,132,13.200000000000001,0.3593039810657501,0.48521187901496887,0.8480774164199829,1.1964861154556274,0.5430995225906372,1,125,1,36,0.2727272727272727,2.0,125,0.0,0,0.0,0,0.0,0,0.0,2,7
SH,FVD,17,2538,4054,4054,405.40000000000003,0.34843799471855164,0.4719162583351135,9.6411714553833,12.315801620483398,5.969076156616211,1,98,1,98,0.024173655648741982,2.0,98,0.0,0,0.0,0,0.0,0,0.0,0,5
SH,FVD,17,2539,377,377,37.7,0.3617359399795532,0.5057065486907959,7.179588317871094,8.174118995666504,1.621106743812561,1,194,1,74,0.1962864721485411,2.0,194,0.0,0,0.0,0,0.0,0,0.0,1,6
SH,FVD,17,2540,242,242,24.200000000000003,0.3368717432022095,0.3871014416217804,16.803857803344727,21.697080612182617,1.5414575338363647,0,-1,1,242,1.0,2.0,242,1.0954324007034302,0,0.0,0,0.0,0,15.555721282958984,1,6
SH,FVD,17,2541,161,161,16.1,0.3764459788799286,0.4748381972312927,8.242843627929688,10.672089576721191,1.5420291423797607,0,-1,0,0,0.0,2.0,161,3.1069486141204834,0,0.0,0,0.0,0,27.70157814025879,0,5
SH,FVD,17,2542,205,205,20.5,0.40635398030281067,0.4946741461753845,6.021185398101807,7.135210990905762,0.9938816428184509,0,-1,0,0,0.0,2.0,205,2.632363796234131,0,0.0,0,0.0,0,2.2276697158813477,2,7
SH,FVD,17,2543,263,263,26.3,0.3765937387943268,0.5392266511917114,1.1563937664031982,1.4483575820922852,0.6860597729682922,0,-1,1,97,0.3688212927756654,2.0,263,1.3380087614059448,0,0.0,0,0.0,0,5.459376811981201,0,5
SH,FVD,17,2544,189,189,18.900000000000002,0.1057518944144249,0.13761472702026367,4.4547905921936035,6.178957462310791,0.6926597356796265,0,-1,1,189,1.0,2.0,189,1.5109548568725586,0,0.0,0,0.0,0,21.538572311401367,2,7
SH,FVD,17,2545,154,154,15.4,0.30175140500068665,0.42089587450027466,4.1370463371276855,5.158154487609863,1.252800703048706,1,81,1,46,0.2987012987012987,2.0,81,0.0,0,0.0,0,0.0,0,0.0,0,5
SH,FVD,17,2546,232,232,23.200000000000003,0.1564386487007141,0.2087630331516266,0.7666784524917603,0.8624833226203918,0.16872799396514893,0,-1,1,232,1.0,2.0,232,0.838473379611969,0,0.0,0,0.0,0,19.673194885253906,0,5
SH,FVD,17,2547,318,318,31.8,0.289566308259964,0.3534415662288666,2.2637460231781006,2.5577590465545654,0.4779365658760071,0,-1,0,0,0.0,2.0,318,2.412792205810547,0,0.0,0,0.0,0,4.214991569519043,2,7
SH,FVD,17,2548,164,164,16.400000000000002,0.3374377191066742,0.47864025831222534,8.188806533813477,10.393692970275879,1.1741156578063965,0,-1,1,53,0.3231707317073171,2.0,164,1.6551504135131836,0,0.0,0,0.0,0,22.31430435180664,1,6
SH,FVD,17,2549,203,203,20.3,0.4080370366573334,0.5326971411705017,6.2781662940979,7.522845268249512,1.2817612886428833,0,-1,1,25,0.12315270935960591,2.0,203,0.5275676846504211,0,0.0,0,0.0,0,1.2141880989074707,0,5
SH,FVD,17,2550,146,146,14.600000000000001,0.481091171503067,0.6288982033729553,15.986943244934082,18.91089630126953,2.3861188888549805,0,-1,1,28,0.1917808219178082,2.0,146,1.3297128677368164,0,0.0,0,0.0,0,3.7693898677825928,0,5
SH,FVD,17,2551,245,245,24.5,0.2092384248971939,0.2631208896636963,4.446840286254883,5.712218761444092,0.5379449129104614,0,-1,1,245,1.0,2.0,245,0.9692291021347046,0,0.0,0,0.0,0,16.150680541992188,1,6
SH,FVD,17,2552,131,131,13.100000000000001,0.4535144865512848,0.5502172708511353,3.563035726547241,3.8675649166107178,0.8039746880531311,0,-1,1,5,0.03816793893129771,2.0,131,1.9046679735183716,0,0.0,0,0.0,0,1.8987784385681152,1,6
SH,FVD,17,2553,133,133,13.3,0.25946953892707825,0.30137521028518677,5.50196647644043,6.70720100402832,1.0342170000076294,0,-1,0,0,0.0,2.0,133,2.7903261184692383,0,0.0,0,0.0,0,21.917560577392578,0,5
SH,FVD,17,2554,246,246,24.6,0.18078400194644928,0.23803390562534332,1.2255274057388306,1.4220272302627563,0.24609892070293427,0,-1,1,246,1.0,2.0,246,0.4166078567504883,0,0.0,0,0.0,0,1.382003664970398,1,6
SH,FVD,17,2555,239,239,23.900000000000002,0.5831255316734314,0.7512678503990173,7.991527557373047,8.644133567810059,2.6998791694641113,1,52,1,52,0.2175732217573222,2.0,52,0.0,0,0.0,0,0.0,0,0.0,1,6
SH,FVD,17,2556,277,277,27.700000000000003,0.2721649706363678,0.3573133647441864,3.1362881660461426,3.3898189067840576,0.412523478269577,0,-1,1,219,0.7906137184115524,2.0,277,1.5640161037445068,0,0.0,0,0.0,0,11.63974666595459,2,7
SH,FVD,17,2557,172,172,17.2,0.23914989829063416,0.34773263335227966,2.304197311401367,3.4298694133758545,1.68677818775177,1,155,1,155,0.9011627906976745,2.0,155,0.0,0,0.0,0,0.0,0,0.0,1,6
SH,FVD,17,2558,177,177,17.7,0.4416043162345886,0.5265817046165466,5.246275901794434,6.9773759841918945,1.0092835426330566,0,-1,1,128,0.7231638418079096,2.0,177,1.1501262187957764,0,0.0,0,0.0,0,8.628788948059082,0,5
SH,FVD,17,2559,207,207,20.700000000000003,0.252366304397583,0.33359307050704956,4.783332347869873,5.324004650115967,0.6067297458648682,0,-1,1,207,1.0,2.0,207,0.6518719792366028,0,0.0,0,0.0,0,11.4946928024292,0,5
SH,FVD,17,2560,190,190,19.0,0.4531621038913727,0.5589917898178101,2.7140843868255615,3.6061980724334717,0.7128331065177917,1,128,1,48,0.25263157894736843,2.0,128,0.0,0,0.0,0,0.0,0,0.0,0,5
SH,FVD,17,2561,311,311,31.1,0.36386629939079285,0.4451703429222107,3.8664212226867676,4.453647613525391,1.1960910558700562,1,245,1,245,0.7877813504823151,2.0,245,0.0,0,0.0,0,0.0,0,0.0,2,7
SH,FVD,17,2562,718,718,71.8,0.18791204690933228,0.2404712289571762,8.54324722290039,11.170517921447754,0.7602992057800293,0,-1,1,644,0.8969359331476323,2.0,718,0.5147510170936584,0,0.0,0,0.0,0,7.7418718338012695,0,5
SH,FVD,17,2563,148,148,14.8,0.5937433242797852,0.6571943759918213,6.166927337646484,6.954444408416748,1.2945725917816162,0,-1,1,10,0.06756756756756757,2.0,148,1.4449429512023926,0,0.0,0,0.0,0,4.9522833824157715,2,7
SH,FVD,17,2564,171,171,17.1,0.3779824376106262,0.47524726390838623,8.737456321716309,9.769370079040527,3.1425068378448486,1,100,1,100,0.5847953216374269,2.0,100,0.0,0,0.0,0,0.0,0,0.0,1,6
SH,FVD,17,2565,190,190,19.0,0.3508749008178711,0.5346709489822388,2.0378918647766113,2.3815038204193115,0.5373746156692505,0,-1,1,97,0.5105263157894737,2.0,190,1.2116841077804565,0,0.0,0,0.0,0,11.69571304321289,1,6
SH,FVD,17,2566,682,682,68.2,0.33366477489471436,0.4026174545288086,12.377372741699219,13.468429565429688,0.5540329217910767,0,-1,0,0,0.0,2.0,682,2.747422218322754,0,0.0,0,0.0,0,3.627113103866577,2,7
SH,FVD,17,2567,350,350,35.0,0.2967907190322876,0.5248658061027527,7.101475238800049,8.854035377502441,1.3678466081619263,0,-1,0,0,0.0,2.0,350,2.1776528358459473,0,0.0,0,0.0,0,38.392822265625,0,5
SH,FVD,17,2568,153,153,15.3,0.31350260972976685,0.404417484998703,1.975010633468628,2.5792312622070312,0.4428918957710266,0,-1,1,43,0.28104575163398693,2.0,153,1.3856709003448486,0,0.0,0,0.0,0,6.92891263961792,2,7
SH,FVD,17,2569,481,481,48.1,0.22829227149486542,0.30400100350379944,4.862544536590576,5.647902011871338,2.6991236209869385,1,404,1,337,0.7006237006237006,2.0,404,0.0,0,0.0,0,0.0,0,0.0,0,5
SH,FVD,17,2570,206,206,20.6,0.2445262372493744,0.3021988868713379,3.8172824382781982,5.292198657989502,0.7983301281929016,0,-1,1,187,0.9077669902912622,2.0,206,1.6236885786056519,0,0.0,0,0.0,0,16.841588973999023,0,5
SH,FVD,17,2571,708,708,70.8,0.24976490437984467,0.31809201836586,12.784316062927246,14.41914176940918,0.7763646841049194,0,-1,1,655,0.9251412429378532,2.0,708,0.18099278211593628,0,0.0,0,0.0,0,3.5311267375946045,1,6
SH,FVD,17,2572,439,439,43.900000000000006,0.4733346998691559,0.5865141153335571,4.817452907562256,5.828514099121094,1.2357304096221924,1,377,1,377,0.8587699316628702,2.0,377,0.0,0,0.0,0,0.0,0,0.0,0,5
SH,FVD,17,2573,400,400,40.0,0.4327746629714966,0.5583889484405518,7.7374587059021,9.066954612731934,1.0625910758972168,0,-1,1,181,0.4525,2.0,400,1.3614349365234375,0,0.0,0,0.0,0,5.6352996826171875,1,6
SH,FVD,17,2574,326,326,32.6,0.2341660112142563,0.27049902081489563,1.4903761148452759,1.9235056638717651,0.5037567019462585,0,-1,1,2,0.006134969325153374,2.0,326,1.9851568937301636,0,0.0,0,0.0,0,24.089614868164062,0,5
SH,FVD,17,2575,155,155,15.5,0.515623152256012,0.7150748372077942,6.579617977142334,7.750331878662109,0.9552934169769287,0,-1,1,155,1.0,2.0,155,0.6898375153541565,0,0.0,0,0.0,0,9.20038890838623,1,6
SH,FVD,17,2576,304,304,30.400000000000002,0.18483780324459076,0.23859231173992157,3.730891466140747,4.184664249420166,0.6453460454940796,0,-1,1,294,0.9671052631578947,2.0,304,1.232319712638855,0,0.0,0,0.0,0,26.061019897460938,0,5
SH,FVD,17,2577,935,935,93.5,0.36622971296310425,0.48887714743614197,6.55483341217041,8.37325668334961,2.053203821182251,1,699,1,699,0.7475935828877005,2.0,699,0.0,0,0.0,0,0.0,0,0.0,1,6
SH,FVD,17,2578,177,177,17.7,0.2765982151031494,0.47565191984176636,1.7857657670974731,2.037559747695923,0.2967812418937683,0,-1,1,177,1.0,2.0,177,0.46099287271499634,0,0.0,0,0.0,0,6.751620292663574,1,6
SH,FVD,17,2579,292,292,29.200000000000003,0.41566193103790283,0.5002720952033997,2.783872365951538,3.1397345066070557,0.8642150163650513,1,221,1,66,0.22602739726027396,2.0,221,0.0,0,0.0,0,0.0,0,0.0,2,7
SH,FVD,17,2580,440,440,44.0,0.4074724614620209,0.5102998614311218,3.7738003730773926,4.742387771606445,0.9118638038635254,0,-1,1,242,0.55,2.0,440,0.7923753261566162,0,0.0,0,0.0,0,3.7075343132019043,0,5
SH,FVD,17,2581,234,234,23.400000000000002,0.43417319655418396,0.5748210549354553,7.892978668212891,8.878994941711426,1.0775055885314941,0,-1,0,0,0.0,2.0,234,2.4298031330108643,0,0.0,0,0.0,0,3.4407670497894287,1,6
SH,FVD,17,2582,362,362,36.2,0.3588867485523224,0.44819551706314087,13.789968490600586,16.164165496826172,1.5726033449172974,1,262,1,41,0.1132596685082873,2.0,262,0.0,0,0.0,0,0.0,0,0.0,1,6
SH,FVD,17,2583,133,133,13.3,0.16996820271015167,0.22576354444026947,1.765292763710022,2.2504332065582275,0.3592678904533386,0,-1,0,0,0.0,2.0,133,6.050610542297363,0,0.0,0,0.0,0,7.367056846618652,1,6
SH,FVD,17,2584,327,327,32.7,0.2109246701002121,0.2622454762458801,2.7635245323181152,3.334097385406494,0.5907459855079651,0,-1,1,325,0.9938837920489296,2.0,327,0.7784018516540527,0,0.0,0,0.0,0,9.81551456451416,1,6
SH,FVD,17,2585,232,232,23.200000000000003,0.49938035011291504,0.6461284756660461,2.892404079437256,3.708740234375,0.7906835079193115,0,-1,1,232,1.0,2.0,232,0.20259477198123932,0,0.0,0,0.0,0,2.9147074222564697,1,6
SH,FVD,17,2586,241,241,24.1,0.25889208912849426,0.33217135071754456,2.069793224334717,2.4473214149475098,0.5577080249786377,0,-1,1,241,1.0,2.0,241,0.4362910985946655,0,0.0,0,0.0,0,3.1749677658081055,1,6
SH,FVD,17,2587,287,287,28.700000000000003,0.21575279533863068,0.2895285189151764,1.7315086126327515,2.0987050533294678,0.37045979499816895,0,-1,1,287,1.0,2.0,287,1.1593343019485474,0,0.0,0,0.0,0,10.904212951660156,0,5
SH,FVD,17,2588,248,248,24.8,0.3990956246852875,0.5774127244949341,1.3833235502243042,2.393169641494751,0.5850407481193542,0,-1,1,248,1.0,2.0,248,0.6156688928604126,0,0.0,0,0.0,0,7.384123802185059,0,5
SH,FVD,17,2589,216,216,21.6,0.1306893229484558,0.17920902371406555,7.3544745445251465,9.968985557556152,0.8944573998451233,0,-1,0,0,0.0,2.0,216,2.3185133934020996,0,0.0,0,0.0,0,45.67584991455078,1,6
SH,FVD,17,2590,146,146,14.600000000000001,0.3462141156196594,0.47075527906417847,5.936676502227783,7.0284857749938965,0.8088670969009399,0,-1,0,0,0.0,2.0,146,2.6023643016815186,0,0.0,0,0.0,0,10.365134239196777,1,6
SH,FVD,17,2591,144,144,14.4,0.3554668426513672,0.4652997851371765,2.486344337463379,2.9207804203033447,0.5568563938140869,0,-1,0,0,0.0,2.0,144,4.756248950958252,0,0.0,0,0.0,0,6.559393882751465,2,7
SH,FVD,17,2592,517,517,51.7,0.10585363209247589,0.14042197167873383,12.367292404174805,14.98735523223877,0.45038947463035583,0,-1,1,214,0.41392649903288203,2.0,517,1.7442741394042969,0,0.0,0,0.0,0,37.59648895263672,1,6
SH,FVD,17,2593,989,989,98.9,0.19258835911750793,0.2344455122947693,4.930247783660889,6.376821994781494,0.6157678961753845,0,-1,1,989,1.0,2.0,989,0.055450573563575745,0,0.0,0,0.0,0,0.731654167175293,1,6
SH,FVD,17,2594,152,152,15.200000000000001,0.22496190667152405,0.2654452919960022,4.396722316741943,5.0427045822143555,0.5660544633865356,0,-1,0,0,0.0,2.0,152,2.843616247177124,0,0.0,0,0.0,0,21.947372436523438,0,5
SH,FVD,17,2595,159,159,15.9,0.2407342493534088,0.3130315840244293,9.31748104095459,11.018085479736328,1.3105124235153198,0,-1,0,0,0.0,2.0,159,2.1328206062316895,0,0.0,0,0.0,0,3.6179254055023193,2,7
SH,FVD,17,2596,284,284,28.400000000000002,0.369822233915329,0.4820783734321594,6.543435096740723,6.999294281005859,0.7483488917350769,0,-1,0,0,0.0,2.0,284,2.067004919052124,0,0.0,0,0.0,0,8.65271282196045,2,7
SH,FVD,17,2597,225,225,22.5,0.2272813469171524,0.2853032350540161,2.7282650470733643,3.1695799827575684,0.3287283778190613,0,-1,1,7,0.03111111111111111,2.0,225,1.6931272745132446,0,0.0,0,0.0,0,2.561948776245117,1,6
SH,FVD,17,2598,371,371,37.1,0.24068407714366913,0.3179851174354553,4.788288116455078,5.8533935546875,0.3894892632961273,0,-1,1,371,1.0,2.0,371,0.500728189945221,0,0.0,0,0.0,0,7.330862522125244,2,7
SH,FVD,17,2599,188,188,18.8,0.7049486041069031,0.8239533305168152,14.733376502990723,20.176755905151367,2.3031089305877686,0,-1,0,0,0.0,2.0,188,4.335556983947754,0,0.0,0,0.0,0,41.31528091430664,2,7
SH,FVD,17,2600,504,504,50.400000000000006,0.30093759298324585,0.45697563886642456,3.295358657836914,4.171335697174072,0.5062196254730225,0,-1,1,209,0.4146825396825397,2.0,504,0.5129352807998657,0,0.0,0,0.0,0,0.9011409282684326,2,7
SH,FVD,17,2601,353,353,35.300000000000004,0.40542086958885193,0.4904084801673889,7.645454406738281,8.500239372253418,0.6626397371292114,0,-1,1,17,0.04815864022662889,2.0,353,1.0846720933914185,0,0.0,0,0.0,0,2.7572035789489746,1,6
SH,FVD,17,2602,500,500,50.0,0.17226767539978027,0.22417227923870087,2.9779064655303955,3.638140916824341,0.2725968658924103,0,-1,1,500,1.0,2.0,500,0.9933211803436279,0,0.0,0,0.0,0,17.91287612915039,0,5
SH,FVD,17,2603,141,141,14.100000000000001,0.11548811942338943,0.1639503836631775,6.420144557952881,7.727013111114502,0.9629069566726685,0,-1,1,141,1.0,2.0,141,1.057012677192688,0,0.0,0,0.0,0,19.452518463134766,1,6
SH,FVD,17,2604,811,811,81.10000000000001,0.4384627044200897,0.5703756213188171,7.46973991394043,10.787043571472168,3.051934242248535,1,683,1,683,0.842170160295931,2.0,683,0.0,0,0.0,0,0.0,0,0.0,1,6
SH,FVD,17,2605,160,160,16.0,0.16576918959617615,0.22048312425613403,1.890913963317871,2.7030434608459473,0.9169901609420776,1,138,1,138,0.8625,2.0,138,0.0,0,0.0,0,0.0,0,0.0,2,7
SH,FVD,17,2606,138,138,13.8,0.22005264461040497,0.35161644220352173,1.1687986850738525,1.407132625579834,0.3420882821083069,0,-1,0,0,0.0,2.0,138,3.1706106662750244,0,0.0,0,0.0,0,9.210196495056152,0,5
SH,FVD,17,2607,209,209,20.900000000000002,0.43438369035720825,0.5277022123336792,2.7996954917907715,3.155529022216797,0.961159348487854,1,170,1,170,0.8133971291866029,2.0,170,0.0,0,0.0,0,0.0,0,0.0,1,6
SH,FVD,17,2608,392,392,39.2,0.3942098915576935,0.5337936282157898,7.834104537963867,10.380669593811035,1.0951812267303467,0,-1,1,112,0.2857142857142857,2.0,392,1.2697786092758179,0,0.0,0,0.0,0,4.96197509765625,2,7
SH,FVD,17,2609,495,495,49.5,0.3158353865146637,0.39748093485832214,2.0082144737243652,2.213144063949585,0.4532819986343384,0,-1,1,495,1.0,2.0,495,0.32246094942092896,0,0.0,0,0.0,0,3.7505197525024414,0,5
SH,FVD,17,2610,182,182,18.2,0.8084559440612793,1.0612208843231201,10.541415214538574,13.587158203125,1.2614840269088745,0,-1,1,182,1.0,2.0,182,0.2762366533279419,0,0.0,0,0.0,0,4.450148105621338,0,5
SH,FVD,17,2611,197,197,19.700000000000003,0.43100571632385254,0.511654794216156,5.2709574699401855,5.925689697265625,0.986915111541748,0,-1,1,197,1.0,2.0,197,1.134738802909851,0,0.0,0,0.0,0,22.277681350708008,0,5
SH,FVD,17,2612,153,153,15.3,0.26751869916915894,0.33149898052215576,0.6162362694740295,0.7297599911689758,0.3731718361377716,0,-1,0,0,0.0,2.0,153,4.397665023803711,0,0.0,0,0.0,0,7.968788146972656,0,5
SH,FVD,17,2613,155,155,15.5,0.5041958689689636,0.6009131073951721,7.216078758239746,8.122710227966309,0.8906673192977905,0,-1,1,155,1.0,2.0,155,0.31438231468200684,0,0.0,0,0.0,0,3.0334548950195312,2,7
SH,FVD,17,2614,322,322,32.2,0.3946671187877655,0.5332483649253845,9.390239715576172,11.496258735656738,1.466260552406311,1,296,1,123,0.38198757763975155,2.0,296,0.0,0,0.0,0,0.0,0,0.0,2,7
SH,FVD,17,2615,230,230,23.0,0.32702121138572693,0.43084779381752014,2.469815731048584,2.7129719257354736,0.4995502233505249,0,-1,1,230,1.0,2.0,230,0.7454727292060852,0,0.0,0,0.0,0,15.288934707641602,0,5
SH,FVD,17,2616,234,234,23.400000000000002,0.26301708817481995,0.3275069296360016,10.83828067779541,12.420612335205078,1.0579832792282104,0,-1,1,155,0.6623931623931624,2.0,234,0.6986491084098816,0,0.0,0,0.0,0,11.662880897521973,2,7
SH,FVD,17,2617,197,197,19.700000000000003,0.35666516423225403,0.43061232566833496,4.272044658660889,6.268553256988525,0.8798827528953552,0,-1,1,197,1.0,2.0,197,0.7541080117225647,0,0.0,0,0.0,0,12.666696548461914,1,6
SH,FVD,17,2618,194,194,19.400000000000002,0.29195499420166016,0.3912622928619385,8.216812133789062,9.583746910095215,0.9372248649597168,0,-1,0,0,0.0,2.0,194,2.3917346000671387,0,0.0,0,0.0,0,3.2815561294555664,0,5
SH,FVD,17,2619,407,407,40.7,0.32176101207733154,0.4072086811065674,4.748373031616211,6.002066135406494,1.1240538358688354,1,398,1,398,0.9778869778869779,2.0,398,0.0,0,0.0,0,0.0,0,0.0,0,5
SH,FVD,17,2620,227,227,22.700000000000003,0.39083147048950195,0.48409637808799744,7.12464714050293,8.833158493041992,1.6044845581054688,0,-1,1,18,0.07929515418502203,2.0,227,1.7232778072357178,0,0.0,0,0.0,0,8.294031143188477,2,7
SH,FVD,17,2621,691,691,69.10000000000001,0.15145596861839294,0.18572843074798584,6.022085666656494,6.813985824584961,0.48137664794921875,0,-1,1,691,1.0,2.0,691,0.5486724972724915,0,0.0,0,0.0,0,9.537651062011719,2,7
SH,FVD,17,2622,254,254,25.400000000000002,0.26060283184051514,0.3284013271331787,2.3793957233428955,2.574990749359131,0.49589449167251587,0,-1,1,29,0.1141732283464567,2.0,254,1.7613248825073242,0,0.0,0,0.0,0,3.1152384281158447,0,5
SH,FVD,17,2623,239,239,23.900000000000002,0.2253696173429489,0.29423996806144714,5.949527740478516,6.957616329193115,0.6944759488105774,0,-1,0,0,0.0,2.0,239,2.129828691482544,0,0.0,0,0.0,0,2.200352668762207,2,7
SH,FVD,17,2624,203,203,20.3,0.26278766989707947,0.32825610041618347,7.861959934234619,10.108098030090332,0.9688218832015991,0,-1,1,203,1.0,2.0,203,0.8997101187705994,0,0.0,0,0.0,0,20.043983459472656,1,6
SH,FVD,17,2625,275,275,27.5,0.2391366809606552,0.2950478792190552,5.099948883056641,5.901193618774414,0.4752660095691681,0,-1,0,0,0.0,2.0,275,2.9244937896728516,0,0.0,0,0.0,0,19.305574417114258,0,5
SH,FVD,17,2626,132,132,13.200000000000001,0.2026667445898056,0.23909005522727966,2.6844093799591064,3.7517573833465576,0.6680402755737305,0,-1,0,0,0.0,2.0,132,3.0458896160125732,0,0.0,0,0.0,0,27.226421356201172,0,5
SH,FVD,17,2627,160,160,16.0,0.26134824752807617,0.34935230016708374,5.362359046936035,6.038722038269043,0.6556618213653564,0,-1,1,67,0.41875,2.0,160,1.4204484224319458,0,0.0,0,0.0,0,9.22292709350586,0,5
SH,FVD,17,2628,184,184,18.400000000000002,0.4440198540687561,0.5875365138053894,2.787834882736206,4.227889060974121,1.5046263933181763,1,98,1,98,0.532608695652174,2.0,98,0.0,0,0.0,0,0.0,0,0.0,2,7
SH,FVD,17,2629,168,168,16.8,0.38005271553993225,0.49320369958877563,5.879733562469482,9.021568298339844,1.1987125873565674,0,-1,0,0,0.0,2.0,168,2.0944905281066895,0,0.0,0,0.0,0,27.630388259887695,0,5
SH,FVD,17,2630,619,619,61.900000000000006,0.19269408285617828,0.2501583993434906,4.003058910369873,5.309430122375488,0.3078051507472992,0,-1,1,619,1.0,2.0,619,1.3472974300384521,0,0.0,0,0.0,0,6.177433967590332,2,7
SH,FVD,17,2631,246,246,24.6,0.30064427852630615,0.396511435508728,4.784270763397217,6.6960225105285645,1.2478690147399902,0,-1,0,0,0.0,2.0,246,3.238401174545288,0,0.0,0,0.0,0,4.36195707321167,2,7
SH,FVD,17,2632,148,148,14.8,0.2813451588153839,0.35767608880996704,2.2784128189086914,3.3765203952789307,0.6646733283996582,0,-1,1,148,1.0,2.0,148,0.34269434213638306,0,0.0,0,0.0,0,4.813830375671387,0,5
SH,FVD,17,2633,413,413,41.300000000000004,0.2850355803966522,0.40964943170547485,2.3141164779663086,2.5421931743621826,1.228285551071167,1,240,1,240,0.5811138014527845,2.0,240,0.0,0,0.0,0,0.0,0,0.0,1,6
SH,FVD,17,2634,165,165,16.5,0.48358163237571716,0.610754668712616,3.1014888286590576,3.2679848670959473,5.041228294372559,1,32,1,32,0.19393939393939394,2.0,32,0.0,0,0.0,0,0.0,0,0.0,0,5
SH,FVD,17,2635,191,191,19.1,0.39470309019088745,0.47536927461624146,8.639233589172363,11.318161964416504,1.0992873907089233,0,-1,0,0,0.0,2.0,191,3.324834108352661,0,0.0,0,0.0,0,32.409393310546875,2,7
SH,FVD,17,2636,220,220,22.0,0.22820641100406647,0.3547349274158478,5.772419452667236,7.890169143676758,1.8926618099212646,1,32,1,32,0.14545454545454545,2.0,32,0.0,0,0.0,0,0.0,0,0.0,2,7
SH,FVD,17,2637,259,259,25.900000000000002,0.29636597633361816,0.41208600997924805,3.6342954635620117,4.107097148895264,2.233670949935913,1,77,1,72,0.277992277992278,2.0,77,0.0,0,0.0,0,0.0,0,0.0,1,6
SH,FVD,17,2638,184,184,18.400000000000002,0.285416841506958,0.34398770332336426,1.6025969982147217,1.9081406593322754,0.5112030506134033,0,-1,1,184,1.0,2.0,184,1.195447325706482,0,0.0,0,0.0,0,22.83452606201172,0,5
SH,FVD,17,2639,1280,1280,128.0,0.3759000599384308,0.4847787618637085,4.737701892852783,5.039382457733154,3.7100625038146973,1,82,1,82,0.0640625,2.0,82,0.0,0,0.0,0,0.0,0,0.0,2,7
SH,FVD,17,2640,176,176,17.6,0.26781246066093445,0.35976892709732056,1.1586291790008545,1.986793041229248,0.6159623861312866,0,-1,0,0,0.0,2.0,176,3.96848464012146,0,0.0,0,0.0,0,55.5601692199707,0,5
SH,FVD,17,2641,283,283,28.3,0.172519251704216,0.25691527128219604,5.650330543518066,6.331561088562012,0.28269481658935547,0,-1,1,283,1.0,2.0,283,0.14947569370269775,0,0.0,0,0.0,0,2.2704033851623535,0,5
SH,FVD,17,2642,136,136,13.600000000000001,0.2969840466976166,0.4038352966308594,1.6759148836135864,2.003787040710449,0.3910597562789917,0,-1,1,136,1.0,2.0,136,0.28976377844810486,0,0.0,0,0.0,0,4.201484203338623,2,7
SH,FVD,17,2643,169,169,16.900000000000002,0.2880701720714569,0.3779321610927582,1.784322738647461,2.0411455631256104,0.32832351326942444,1,163,1,29,0.17159763313609466,2.0,163,0.0,0,0.0,0,0.0,0,0.0,1,6
SH,FVD,17,2644,149,149,14.9,0.4052734375,0.5295062065124512,2.74326229095459,3.0151138305664062,0.5769838690757751,0,-1,0,0,0.0,2.0,149,5.4089579582214355,0,0.0,0,0.0,0,4.65722131729126,1,6
SH,FVD,17,2645,250,250,25.0,0.4125359058380127,0.5872835516929626,1.6888413429260254,2.2314887046813965,1.0356590747833252,1,129,1,104,0.416,2.0,129,0.0,0,0.0,0,0.0,0,0.0,1,6
SH,FVD,17,2646,168,168,16.8,0.3700316250324249,0.5025731325149536,2.9467291831970215,3.40375018119812,2.5955488681793213,1,76,1,76,0.4523809523809524,2.0,76,0.0,0,0.0,0,0.0,0,0.0,1,6
SH,FVD,17,2647,536,536,53.6,0.2795831859111786,0.35993126034736633,9.836939811706543,13.94369888305664,1.4298973083496094,1,482,1,336,0.6268656716417911,2.0,482,0.0,0,0.0,0,0.0,0,0.0,1,6
SH,FVD,17,2648,335,335,33.5,0.17873615026474,0.22822979092597961,3.061211585998535,3.389082431793213,0.2829320430755615,0,-1,1,335,1.0,2.0,335,1.1717870235443115,0,0.0,0,0.0,0,6.252514839172363,0,5
SH,FVD,17,2649,190,190,19.0,0.3356075584888458,0.40592658519744873,1.9786593914031982,2.4972879886627197,0.5013555884361267,0,-1,1,185,0.9736842105263158,2.0,190,1.25552499294281,0,0.0,0,0.0,0,20.703250885009766,2,7
SH,FVD,17,2650,165,165,16.5,0.23825478553771973,0.3282143175601959,4.783062934875488,6.015965938568115,0.6163679361343384,0,-1,1,42,0.2545454545454545,2.0,165,1.3199995756149292,0,0.0,0,0.0,0,34.37210464477539,1,6
SH,FVD,17,2651,209,209,20.900000000000002,0.14182637631893158,0.1757635474205017,3.8593838214874268,4.364740371704102,0.33905860781669617,0,-1,1,92,0.44019138755980863,2.0,209,1.7776764631271362,0,0.0,0,0.0,0,17.830299377441406,2,7
SH,FVD,17,2652,214,214,21.400000000000002,0.3374961316585541,0.499994695186615,1.3211188316345215,1.6453293561935425,0.5095491409301758,1,198,1,87,0.40654205607476634,2.0,198,0.0,0,0.0,0,0.0,0,0.0,1,6
SH,FVD,17,2653,238,238,23.8,0.15424352884292603,0.1897728145122528,0.5938491225242615,0.7286401987075806,0.23600180447101593,0,-1,0,0,0.0,2.0,238,2.0108389854431152,0,0.0,0,0.0,0,11.00271224975586,2,7
SH,FVD,17,2654,316,316,31.6,0.20244258642196655,0.2567606568336487,6.113478183746338,7.674516201019287,1.1754064559936523,0,-1,1,205,0.6487341772151899,2.0,316,0.961165726184845,0,0.0,0,0.0,0,23.130184173583984,1,6
SH,FVD,17,2655,609,609,60.900000000000006,0.7916640639305115,0.9094489216804504,37.86471939086914,48.20329284667969,4.9215087890625,1,457,1,35,0.05747126436781609,2.0,457,0.0,0,0.0,0,0.0,0,0.0,1,6
SH,FVD,17,2656,139,139,13.9,0.40842247009277344,0.7361194491386414,1.8040558099746704,2.0356404781341553,1.3971002101898193,1,104,1,85,0.6115107913669064,2.0,104,0.0,0,0.0,0,0.0,0,0.0,0,5
SH,FVD,17,2657,256,256,25.6,0.18036721646785736,0.24997979402542114,9.33192253112793,12.779752731323242,1.0606110095977783,0,-1,1,256,1.0,2.0,256,1.6395362615585327,0,0.0,0,0.0,0,33.31865692138672,0,5
SH,FVD,17,2658,470,470,47.0,0.3403390944004059,0.4034883379936218,20.952789306640625,24.73223114013672,1.0576165914535522,0,-1,0,0,0.0,2.0,470,2.0202901363372803,0,0.0,0,0.0,0,2.147040367126465,0,5
SH,FVD,17,2659,141,141,14.100000000000001,0.36344343423843384,0.43855634331703186,0.5375706553459167,0.7689419388771057,0.413263738155365,0,-1,0,0,0.0,2.0,141,3.118711471557617,0,0.0,0,0.0,0,3.162205696105957,2,7
SH,FVD,17,2660,174,174,17.400000000000002,0.6436761617660522,0.8372253179550171,6.140081882476807,7.071390628814697,1.5898079872131348,0,-1,0,0,0.0,2.0,174,2.360750198364258,0,0.0,0,0.0,0,14.620447158813477,2,7
SH,FVD,17,2661,246,246,24.6,0.20525000989437103,0.2501106560230255,6.730119228363037,9.447921752929688,0.8223527073860168,0,-1,1,246,1.0,2.0,246,0.8145843148231506,0,0.0,0,0.0,0,19.774723052978516,0,5
SH,FVD,17,2662,384,384,38.400000000000006,0.31000855565071106,0.40691131353378296,3.9743382930755615,5.595062732696533,1.4070848226547241,1,247,1,140,0.3645833333333333,2.0,247,0.0,0,0.0,0,0.0,0,0.0,1,6
SH,FVD,17,2663,142,142,14.200000000000001,0.20901517570018768,0.2586498260498047,10.571928024291992,13.135941505432129,1.7451626062393188,0,-1,1,142,1.0,2.0,142,1.6753144264221191,0,0.0,0,0.0,0,25.60299301147461,2,7
SH,FVD,17,2664,151,151,15.100000000000001,0.6135570406913757,0.8085236549377441,5.28511381149292,7.14409065246582,2.1790764331817627,1,138,1,138,0.9139072847682119,2.0,138,0.0,0,0.0,0,0.0,0,0.0,0,5
SH,FVD,17,2665,749,749,74.9,0.4492749869823456,0.5727379322052002,13.317485809326172,18.278995513916016,7.472796440124512,1,207,1,156,0.2082777036048064,2.0,207,0.0,0,0.0,0,0.0,0,0.0,1,6
SH,FVD,17,2666,194,194,19.400000000000002,0.3850703239440918,0.4480178654193878,3.9743428230285645,5.062612056732178,0.7509973049163818,0,-1,1,194,1.0,2.0,194,0.9797598123550415,0,0.0,0,0.0,0,29.351667404174805,1,6
SH,FVD,17,2667,136,136,13.600000000000001,0.5477116703987122,0.6348814964294434,5.113255977630615,6.046688556671143,1.1071051359176636,1,107,1,49,0.3602941176470588,2.0,107,0.0,0,0.0,0,0.0,0,0.0,0,5
SH,FVD,17,2668,627,627,62.7,0.15632282197475433,0.19725580513477325,6.958616733551025,7.742390155792236,0.5455114245414734,0,-1,1,604,0.9633173843700159,2.0,627,1.282968521118164,0,0.0,0,0.0,0,20.283573150634766,0,5
SH,FVD,17,2669,274,274,27.400000000000002,0.2153121829032898,0.2586921453475952,1.5960557460784912,1.8518937826156616,0.33226656913757324,0,-1,0,0,0.0,2.0,274,2.097374439239502,0,0.0,0,0.0,0,33.61650466918945,1,6
SH,FVD,17,2670,173,173,17.3,0.273831307888031,0.35897693037986755,3.932145118713379,4.993045806884766,0.6822413802146912,0,-1,1,96,0.5549132947976878,2.0,173,0.911249577999115,0,0.0,0,0.0,0,5.193778991699219,1,6
SH,FVD,17,2671,681,681,68.10000000000001,0.17556247115135193,0.2112739086151123,4.765589237213135,5.439923286437988,0.2932385206222534,0,-1,1,681,1.0,2.0,681,0.6364544630050659,0,0.0,0,0.0,0,13.979561805725098,0,5
SH,FVD,17,2672,455,455,45.5,0.268379807472229,0.37259984016418457,7.0631561279296875,8.910189628601074,0.9150416851043701,1,389,1,37,0.08131868131868132,2.0,389,0.0,0,0.0,0,0.0,0,0.0,0,5
SH,FVD,17,2673,164,164,16.400000000000002,0.2719269096851349,0.3311043977737427,1.758625864982605,2.0486068725585938,0.26923418045043945,0,-1,0,0,0.0,2.0,164,2.4406089782714844,0,0.0,0,0.0,0,34.715614318847656,2,7
SH,FVD,17,2674,211,211,21.1,0.2508583068847656,0.31408068537712097,3.0604169368743896,3.5164899826049805,0.561755359172821,0,-1,1,211,1.0,2.0,211,0.7839597463607788,0,0.0,0,0.0,0,11.706056594848633,0,5
SH,FVD,17,2675,193,193,19.3,0.4658365547657013,0.5934658646583557,8.899663925170898,10.073711395263672,0.9445550441741943,0,-1,0,0,0.0,2.0,193,2.734170436859131,0,0.0,0,0.0,0,8.194535255432129,2,7
SH,FVD,17,2676,140,140,14.0,0.259716659784317,0.29058125615119934,6.081789970397949,8.06751537322998,1.342648983001709,0,-1,1,59,0.42142857142857143,2.0,140,1.7109791040420532,0,0.0,0,0.0,0,33.97492980957031,2,7
SH,FVD,17,2677,194,194,19.400000000000002,0.6404537558555603,0.815618634223938,3.068779945373535,3.4494521617889404,2.637937545776367,1,108,1,108,0.5567010309278351,2.0,108,0.0,0,0.0,0,0.0,0,0.0,2,7
SH,FVD,17,2678,278,278,27.8,0.22794292867183685,0.3043642044067383,8.128344535827637,10.22435188293457,0.7536759376525879,0,-1,0,0,0.0,2.0,278,3.433058977127075,0,0.0,0,0.0,0,2.9063117504119873,2,7
SH,FVD,17,2679,259,259,25.900000000000002,0.3856084644794464,0.46444061398506165,15.839465141296387,18.667818069458008,1.2408536672592163,0,-1,1,3,0.011583011583011582,2.0,259,1.9318217039108276,0,0.0,0,0.0,0,4.355439186096191,2,7
SH,FVD,17,2680,132,132,13.200000000000001,0.7529764771461487,0.9908822774887085,11.317564964294434,14.217313766479492,1.995957851409912,0,-1,0,0,0.0,2.0,132,2.8744986057281494,0,0.0,0,0.0,0,12.701930046081543,1,6
SH,FVD,17,2681,177,177,17.7,0.44797900319099426,0.597497820854187,6.172842025756836,7.320804119110107,1.0217289924621582,0,-1,1,116,0.655367231638418,2.0,177,1.4277279376983643,0,0.0,0,0.0,0,8.529634475708008,2,7
SH,FVD,17,2682,514,514,51.400000000000006,0.1976284235715866,0.28905409574508667,6.446857929229736,7.355600357055664,0.4559752941131592,0,-1,1,415,0.8073929961089494,2.0,514,1.5618860721588135,0,0.0,0,0.0,0,24.690584182739258,2,7
SH,FVD,17,2683,221,221,22.1,0.37980273365974426,0.45957791805267334,3.6653850078582764,5.134158611297607,0.9245516657829285,0,-1,1,221,1.0,2.0,221,1.047066330909729,0,0.0,0,0.0,0,29.926109313964844,0,5
SH,FVD,17,2684,456,456,45.6,0.24636198580265045,0.32594314217567444,22.223718643188477,24.544784545898438,0.9409691691398621,0,-1,0,0,0.0,2.0,456,3.5344676971435547,0,0.0,0,0.0,0,10.474813461303711,2,7
SH,FVD,17,2685,473,473,47.300000000000004,0.14266207814216614,0.17925038933753967,6.0303239822387695,7.412722587585449,0.5034079551696777,0,-1,1,408,0.8625792811839323,2.0,473,0.8676542639732361,0,0.0,0,0.0,0,16.720703125,1,6
SH,FVD,17,2686,905,905,90.5,0.31093165278434753,0.42112481594085693,4.859461784362793,6.785730838775635,2.645050048828125,1,607,1,607,0.6707182320441989,2.0,607,0.0,0,0.0,0,0.0,0,0.0,0,5
SH,FVD,17,2687,457,457,45.7,0.39836353063583374,0.5576530694961548,18.577312469482422,20.178306579589844,0.9366300702095032,0,-1,1,16,0.0350109409190372,2.0,457,1.6620855331420898,0,0.0,0,0.0,0,4.028104305267334,0,5
SH,FVD,17,2688,335,335,33.5,0.3418976962566376,0.41084665060043335,10.023385047912598,12.408184051513672,1.4898191690444946,0,-1,1,85,0.2537313432835821,2.0,335,1.608656883239746,0,0.0,0,0.0,0,31.918115615844727,2,7
SH,FVD,17,2689,227,227,22.700000000000003,0.21083751320838928,0.26204967498779297,4.637963771820068,5.06227445602417,0.4330757260322571,0,-1,1,227,1.0,2.0,227,0.7750569581985474,0,0.0,0,0.0,0,15.248759269714355,0,5
SH,FVD,17,2690,343,343,34.300000000000004,0.1892872303724289,0.23717984557151794,6.883683681488037,11.593443870544434,1.2068475484848022,0,-1,1,59,0.17201166180758018,2.0,343,1.2138739824295044,0,0.0,0,0.0,0,5.216616153717041,0,5
SH,FVD,17,2691,185,185,18.5,0.3063627779483795,0.38645774126052856,3.3874313831329346,4.165630340576172,0.6514974236488342,0,-1,1,63,0.34054054054054056,2.0,185,1.8944385051727295,0,0.0,0,0.0,0,29.24491310119629,1,6
SH,FVD,17,2692,132,132,13.200000000000001,0.4839315712451935,0.5750693678855896,0.7387257218360901,0.9389976263046265,0.4334813356399536,0,-1,0,0,0.0,2.0,132,5.1949052810668945,0,0.0,0,0.0,0,14.410208702087402,2,7
SH,FVD,17,2693,362,362,36.2,0.20400655269622803,0.2532285451889038,6.457237720489502,7.1363983154296875,0.3740749955177307,0,-1,1,362,1.0,2.0,362,1.6915234327316284,0,0.0,0,0.0,0,24.248258590698242,2,7
SH,FVD,17,2694,198,198,19.8,0.6374961137771606,0.7399773001670837,19.110074996948242,22.927799224853516,1.822853684425354,0,-1,1,155,0.7828282828282829,2.0,198,0.22721175849437714,0,0.0,0,0.0,0,4.422019004821777,2,7
SH,FVD,17,2695,140,140,14.0,0.20621955394744873,0.2678903043270111,0.6508967280387878,0.8132458329200745,0.3853333592414856,0,-1,0,0,0.0,2.0,140,3.174926996231079,0,0.0,0,0.0,0,18.566930770874023,0,5
SH,FVD,17,2696,533,533,53.300000000000004,0.43735143542289734,0.5901660919189453,6.18290376663208,7.42987060546875,3.5143027305603027,1,173,1,173,0.324577861163227,2.0,173,0.0,0,0.0,0,0.0,0,0.0,0,5
SH,FVD,17,2697,177,177,17.7,0.11277589946985245,0.14764249324798584,0.554634690284729,0.681894063949585,0.2434900403022766,0,-1,0,0,0.0,2.0,177,2.077510356903076,0,0.0,0,0.0,0,37.428131103515625,0,5
SH,FVD,17,2698,142,142,14.200000000000001,0.1875184178352356,0.23748579621315002,0.9764472842216492,1.3132386207580566,0.35241302847862244,0,-1,0,0,0.0,2.0,142,4.217512607574463,0,0.0,0,0.0,0,64.79647064208984,0,5
SH,FVD,17,2699,166,166,16.6,0.420424222946167,0.5224186778068542,4.26224946975708,4.682440757751465,0.5084341764450073,0,-1,1,72,0.43373493975903615,2.0,166,0.8785416483879089,0,0.0,0,0.0,0,9.267087936401367,0,5
SH,FVD,17,2700,450,450,45.0,0.1775226891040802,0.24503007531166077,1.6394896507263184,1.9706286191940308,0.30708467960357666,1,432,1,38,0.08444444444444445,2.0,432,0.0,0,0.0,0,0.0,0,0.0,0,5
SH,FVD,17,2701,223,223,22.3,0.5309595465660095,0.6886417269706726,8.873640060424805,10.705486297607422,1.3372626304626465,0,-1,1,127,0.5695067264573991,2.0,223,0.8638254404067993,0,0.0,0,0.0,0,6.089519023895264,2,7
SH,FVD,17,2702,277,277,27.700000000000003,0.5517085790634155,0.7335798740386963,7.114838600158691,8.026856422424316,0.8236367106437683,0,-1,0,0,0.0,2.0,277,2.1395809650421143,0,0.0,0,0.0,0,5.922667980194092,0,5
SH,FVD,17,2703,923,923,92.30000000000001,0.15666073560714722,0.2187352329492569,1.0667071342468262,1.47958505153656,0.26047590374946594,1,912,1,154,0.1668472372697725,2.0,912,0.0,0,0.0,0,0.0,0,0.0,2,7
SH,FVD,17,2704,216,216,21.6,0.25901833176612854,0.30087003111839294,1.1138722896575928,1.463247537612915,0.514052152633667,0,-1,1,216,1.0,2.0,216,0.3692038059234619,0,0.0,0,0.0,0,5.511387825012207,2,7
SH,FVD,17,2705,285,285,28.5,0.5712751746177673,0.8319121599197388,4.129436016082764,4.600522994995117,2.6351561546325684,1,28,1,28,0.09824561403508772,2.0,28,0.0,0,0.0,0,0.0,0,0.0,2,7
SH,FVD,17,2706,140,140,14.0,0.6733511090278625,0.8377001881599426,5.859680652618408,7.327672004699707,1.394392490386963,0,-1,1,13,0.09285714285714286,2.0,140,1.8356322050094604,0,0.0,0,0.0,0,3.689765214920044,1,6
SH,FVD,17,2707,155,155,15.5,0.46053561568260193,0.5872601866722107,2.277221918106079,3.2555782794952393,0.8535963296890259,0,-1,1,35,0.22580645161290322,2.0,155,1.798473834991455,0,0.0,0,0.0,0,6.257285118103027,0,5
SH,FVD,17,2708,332,332,33.2,0.21819034218788147,0.2658717632293701,1.7467044591903687,2.2058799266815186,0.5819471478462219,0,-1,0,0,0.0,2.0,332,2.756361961364746,0,0.0,0,0.0,0,27.0140438079834,1,6
SH,FVD,17,2709,153,153,15.3,0.3186923861503601,0.43784159421920776,1.5999892950057983,2.1763134002685547,0.5468629598617554,1,135,1,135,0.8823529411764706,2.0,135,0.0,0,0.0,0,0.0,0,0.0,1,6
SH,FVD,17,2710,490,490,49.0,0.4470353424549103,0.5954381227493286,4.448488712310791,4.998908996582031,3.3227486610412598,1,59,1,59,0.12040816326530612,2.0,59,0.0,0,0.0,0,0.0,0,0.0,0,5
SH,FVD,17,2711,144,144,14.4,0.5086104869842529,0.6917489171028137,1.6858693361282349,2.0197649002075195,0.6135209798812866,0,-1,1,144,1.0,2.0,144,0.4216877520084381,0,0.0,0,0.0,0,0.641194760799408,0,5
SH,FVD,17,2712,1394,1394,139.4,0.3515871465206146,0.46263444423675537,5.065011501312256,6.651095867156982,0.8915955424308777,1,1222,1,632,0.4533715925394548,2.0,1222,0.0,0,0.0,0,0.0,0,0.0,1,6
SH,FVD,17,2713,320,320,32.0,0.3616011142730713,0.46673619747161865,4.697051048278809,5.644428253173828,1.004048228263855,0,-1,1,265,0.828125,2.0,320,0.3307439386844635,0,0.0,0,0.0,0,1.5953130722045898,1,6
SH,FVD,17,2714,507,507,50.7,0.3276439607143402,0.40649983286857605,15.631935119628906,16.943466186523438,0.6888489127159119,0,-1,1,33,0.0650887573964497,2.0,507,1.3378239870071411,0,0.0,0,0.0,0,3.7865283489227295,0,5
SH,FVD,17,2715,324,324,32.4,0.4902305006980896,0.6375871300697327,2.17939829826355,2.345885992050171,0.622940182685852,0,-1,1,196,0.6049382716049383,2.0,324,0.7686426043510437,0,0.0,0,0.0,0,3.4026448726654053,0,5
SH,FVD,17,2716,345,345,34.5,0.22028914093971252,0.2829277217388153,3.186674118041992,4.091225624084473,0.9660028219223022,1,277,1,91,0.263768115942029,2.0,277,0.0,0,0.0,0,0.0,0,0.0,1,6
SH,FVD,17,2717,205,205,20.5,0.19185414910316467,0.2443559765815735,0.93426513671875,1.260849952697754,0.3061657249927521,0,-1,1,205,1.0,2.0,205,0.7230456471443176,0,0.0,0,0.0,0,22.647924423217773,0,5
SH,FVD,17,2718,377,377,37.7,0.25330978631973267,0.30175405740737915,13.976776123046875,15.121118545532227,0.6421185731887817,0,-1,1,293,0.7771883289124668,2.0,377,1.4536652565002441,0,0.0,0,0.0,0,29.9190731048584,2,7
SH,FVD,17,2719,366,366,36.6,0.36230334639549255,0.5858597159385681,3.4405033588409424,4.200839042663574,0.8637795448303223,0,-1,0,0,0.0,2.0,366,2.1171715259552,0,0.0,0,0.0,0,6.26850700378418,2,7
SH,FVD,17,2720,455,455,45.5,0.3745843768119812,0.6213266253471375,6.208932876586914,6.715762138366699,0.7746984362602234,0,-1,1,10,0.02197802197802198,2.0,455,1.9720929861068726,0,0.0,0,0.0,0,5.706540584564209,1,6
SH,FVD,17,2721,211,211,21.1,0.16691064834594727,0.22031831741333008,4.566386699676514,5.2154951095581055,0.4403088688850403,0,-1,1,58,0.27488151658767773,2.0,211,1.5634424686431885,0,0.0,0,0.0,0,6.692556858062744,1,6
SH,FVD,17,2722,131,131,13.100000000000001,0.34455689787864685,0.43370914459228516,3.3075056076049805,4.195374011993408,0.6497966647148132,0,-1,0,0,0.0,2.0,131,5.305494785308838,0,0.0,0,0.0,0,9.670980453491211,2,7
SH,FVD,17,2723,495,495,49.5,0.2608315944671631,0.42108073830604553,9.020903587341309,11.479174613952637,0.7086783647537231,0,-1,1,495,1.0,2.0,495,1.1326738595962524,0,0.0,0,0.0,0,18.966760635375977,1,6
SH,FVD,17,2724,251,251,25.1,0.48975786566734314,0.5645815134048462,5.537751197814941,6.652896881103516,1.0738804340362549,0,-1,0,0,0.0,2.0,251,3.3430161476135254,0,0.0,0,0.0,0,7.193417549133301,2,7
SH,FVD,17,2725,240,240,24.0,0.2819441854953766,0.34283316135406494,2.788430690765381,3.4316492080688477,0.9480987191200256,1,173,1,173,0.7208333333333333,2.0,173,0.0,0,0.0,0,0.0,0,0.0,1,6
SH,FVD,17,2726,272,272,27.200000000000003,0.2948486804962158,0.36454516649246216,8.44231128692627,9.142412185668945,0.6345868706703186,0,-1,1,272,1.0,2.0,272,1.1961532831192017,0,0.0,0,0.0,0,23.504501342773438,0,5
SH,FVD,17,2727,138,138,13.8,0.42636939883232117,0.49455052614212036,12.911311149597168,16.099742889404297,2.212261438369751,0,-1,0,0,0.0,2.0,138,2.027339458465576,0,0.0,0,0.0,0,37.82828140258789,1,6
SH,FVD,17,2728,184,184,18.400000000000002,0.18580122292041779,0.21954669058322906,2.4637367725372314,2.7649435997009277,0.22553306818008423,0,-1,1,184,1.0,2.0,184,0.4878919720649719,0,0.0,0,0.0,0,9.260589599609375,1,6
SH,FVD,17,2729,235,235,23.5,0.3111017346382141,0.36005350947380066,1.027638554573059,1.281470537185669,0.3457137942314148,0,-1,1,199,0.8468085106382979,2.0,235,1.6203705072402954,0,0.0,0,0.0,0,8.520248413085938,1,6
SH,FVD,17,2730,133,133,13.3,0.24941830337047577,0.28156858682632446,2.6500532627105713,3.0875818729400635,0.40961429476737976,0,-1,0,0,0.0,2.0,133,2.2470877170562744,0,0.0,0,0.0,0,11.021838188171387,2,7
SH,FVD,17,2731,162,162,16.2,0.3217446804046631,0.38221508264541626,2.4573323726654053,2.668597459793091,1.6094155311584473,1,45,1,45,0.2777777777777778,2.0,45,0.0,0,0.0,0,0.0,0,0.0,1,6
SH,FVD,17,2732,189,189,18.900000000000002,0.22560147941112518,0.27680039405822754,4.016702651977539,4.527041912078857,0.47563183307647705,0,-1,1,189,1.0,2.0,189,1.343975305557251,0,0.0,0,0.0,0,40.58351135253906,0,5
SH,FVD,17,2733,369,369,36.9,0.28004661202430725,0.4133221507072449,8.142167091369629,9.693428039550781,0.6593436598777771,0,-1,1,262,0.7100271002710027,2.0,369,0.9104376435279846,0,0.0,0,0.0,0,3.0480918884277344,2,7
SH,FVD,17,2734,536,536,53.6,0.3469538390636444,0.48100465536117554,22.122188568115234,25.768980026245117,1.604509949684143,0,-1,1,31,0.05783582089552239,2.0,536,1.5806031227111816,0,0.0,0,0.0,0,8.479843139648438,1,6
SH,FVD,17,2735,140,140,14.0,0.8246152997016907,0.9552655220031738,7.224210262298584,8.191536903381348,3.1050405502319336,1,56,1,56,0.4,2.0,56,0.0,0,0.0,0,0.0,0,0.0,2,7
SH,FVD,17,2736,184,184,18.400000000000002,0.642388105392456,0.7870708107948303,8.087873458862305,9.365761756896973,1.7941237688064575,0,-1,0,0,0.0,2.0,184,2.0303518772125244,0,0.0,0,0.0,0,6.483126163482666,2,7
SH,FVD,17,2737,191,191,19.1,0.39441952109336853,0.5713210701942444,8.002867698669434,9.074198722839355,0.7830535173416138,0,-1,0,0,0.0,2.0,191,3.863842248916626,0,0.0,0,0.0,0,5.733880043029785,0,5
SH,FVD,17,2738,253,253,25.3,0.29124194383621216,0.34960395097732544,4.566736698150635,5.1929426193237305,0.5299423336982727,0,-1,1,60,0.23715415019762845,2.0,253,1.6130611896514893,0,0.0,0,0.0,0,8.6903657913208,2,7
SH,FVD,17,2739,146,146,14.600000000000001,0.6940330862998962,0.9915952086448669,4.1670074462890625,5.221662998199463,2.6818671226501465,1,101,1,101,0.6917808219178082,2.0,101,0.0,0,0.0,0,0.0,0,0.0,2,7
SH,FVD,17,2740,396,396,39.6,0.22169914841651917,0.29526209831237793,1.6006755828857422,1.9161198139190674,0.3068549633026123,0,-1,1,5,0.012626262626262626,2.0,396,1.808162808418274,0,0.0,0,0.0,0,1.0953974723815918,1,6
SH,FVD,17,2741,433,433,43.300000000000004,0.2937674820423126,0.38142552971839905,16.916486740112305,18.52901840209961,0.7912141680717468,0,-1,0,0,0.0,2.0,433,2.958080530166626,0,0.0,0,0.0,0,9.147773742675781,2,7
SH,FVD,17,2742,137,137,13.700000000000001,0.34347569942474365,0.4214898943901062,1.3154109716415405,1.661292552947998,0.6081586480140686,0,-1,1,114,0.8321167883211679,2.0,137,1.0120272636413574,0,0.0,0,0.0,0,19.096820831298828,1,6
SH,FVD,17,2743,194,194,19.400000000000002,0.2858017683029175,0.34830281138420105,4.188805103302002,5.34156608581543,0.6357967853546143,0,-1,0,0,0.0,2.0,194,3.733997106552124,0,0.0,0,0.0,0,4.48911714553833,0,5
SH,FVD,17,2744,406,406,40.6,0.3294074535369873,0.39063215255737305,5.593844413757324,6.32912540435791,0.7386679649353027,0,-1,1,47,0.11576354679802955,2.0,406,1.4322096109390259,0,0.0,0,0.0,0,12.16280746459961,2,7
SH,FVD,17,2745,394,394,39.400000000000006,0.5474004745483398,0.9847709536552429,6.778309345245361,8.455759048461914,1.1642861366271973,0,-1,1,394,1.0,2.0,394,1.3385286331176758,0,0.0,0,0.0,0,14.117877006530762,1,6
SH,FVD,17,2746,152,152,15.200000000000001,0.2379339337348938,0.30221468210220337,9.152060508728027,11.202844619750977,1.4728461503982544,0,-1,0,0,0.0,2.0,152,2.7925307750701904,0,0.0,0,0.0,0,46.274993896484375,1,6
SH,FVD,17,2747,287,287,28.700000000000003,0.6722835302352905,0.8749905228614807,4.435604095458984,5.15095853805542,2.5884270668029785,1,98,1,98,0.34146341463414637,2.0,98,0.0,0,0.0,0,0.0,0,0.0,1,6
SH,FVD,17,2748,195,195,19.5,0.3279480040073395,0.4506914019584656,0.7776556611061096,1.0326564311981201,0.44425415992736816,0,-1,1,195,1.0,2.0,195,1.0515209436416626,0,0.0,0,0.0,0,20.76485252380371,0,5
SH,FVD,17,2749,248,248,24.8,0.613684356212616,0.712540864944458,7.119962215423584,8.433768272399902,1.6554276943206787,1,222,1,63,0.2540322580645161,2.0,222,0.0,0,0.0,0,0.0,0,0.0,1,6
SH,FVD,17,2750,278,278,27.8,0.5731654763221741,0.7193798422813416,8.494331359863281,10.341782569885254,4.857206344604492,1,122,1,122,0.43884892086330934,2.0,122,0.0,0,0.0,0,0.0,0,0.0,1,6
SH,FVD,17,2751,147,147,14.700000000000001,0.5028113126754761,0.638343095779419,4.854060173034668,5.780791759490967,1.23270845413208,0,-1,1,147,1.0,2.0,147,0.32009848952293396,0,0.0,0,0.0,0,2.754953145980835,1,6
SH,FVD,17,2752,765,765,76.5,0.2659008204936981,0.364795982837677,3.1076595783233643,3.6648521423339844,0.44898006319999695,1,736,1,414,0.5411764705882353,2.0,736,0.0,0,0.0,0,0.0,0,0.0,2,7
SH,FVD,17,2753,233,233,23.3,0.3183683753013611,0.3725830912590027,13.158466339111328,14.883174896240234,1.0601768493652344,0,-1,1,210,0.9012875536480687,2.0,233,1.0295021533966064,0,0.0,0,0.0,0,16.887834548950195,1,6
SH,FVD,17,2754,174,174,17.400000000000002,0.8024455904960632,1.365700125694275,5.7027764320373535,6.803625583648682,1.3484081029891968,0,-1,1,62,0.3563218390804598,2.0,174,1.3219828605651855,0,0.0,0,0.0,0,7.347102642059326,0,5
SH,FVD,17,2755,134,134,13.4,0.2588433623313904,0.3473260998725891,9.485504150390625,11.269843101501465,1.3528985977172852,0,-1,1,38,0.2835820895522388,2.0,134,0.035812024027109146,0,0.0,0,0.0,0,0.0488436296582222,1,6
SH,FVD,17,2756,479,479,47.900000000000006,0.19917075335979462,0.24777592718601227,7.799997806549072,8.674973487854004,0.35843369364738464,0,-1,1,466,0.9728601252609603,2.0,479,0.7407805323600769,0,0.0,0,0.0,0,10.939455032348633,1,6
SH,FVD,17,2757,244,244,24.400000000000002,0.3888079822063446,0.5301211476325989,3.6797754764556885,4.025944232940674,1.75373113155365,1,48,1,48,0.19672131147540983,2.0,48,0.0,0,0.0,0,0.0,0,0.0,0,5
SH,FVD,17,2758,315,315,31.5,0.5268298983573914,0.7116374969482422,13.346132278442383,14.786056518554688,6.7071452140808105,1,44,1,44,0.13968253968253969,2.0,44,0.0,0,0.0,0,0.0,0,0.0,1,6
SH,FVD,17,2759,215,215,21.5,0.17552410066127777,0.20365765690803528,3.0074644088745117,3.8394434452056885,0.4699663817882538,0,-1,0,0,0.0,2.0,215,2.3460731506347656,0,0.0,0,0.0,0,11.710306167602539,1,6
SH,FVD,17,2760,182,182,18.2,0.2876632809638977,0.34165406227111816,9.533042907714844,10.825084686279297,0.9213135838508606,0,-1,1,182,1.0,2.0,182,1.17709219455719,0,0.0,0,0.0,0,13.605938911437988,1,6
SH,FVD,17,2761,263,263,26.3,0.3121001124382019,0.40071800351142883,5.800162315368652,6.405502796173096,0.5343739986419678,0,-1,0,0,0.0,2.0,263,3.420559883117676,0,0.0,0,0.0,0,4.706014156341553,1,6
SH,FVD,17,2762,177,177,17.7,0.5287068486213684,0.6905922889709473,4.370540142059326,5.398773670196533,0.9326884746551514,0,-1,0,0,0.0,2.0,177,2.012251853942871,0,0.0,0,0.0,0,14.998095512390137,1,6
SH,FVD,17,2763,694,694,69.4,0.1725931018590927,0.22029565274715424,4.287707328796387,5.159234046936035,0.4265713691711426,0,-1,1,466,0.6714697406340058,2.0,694,0.24718213081359863,0,0.0,0,0.0,0,1.2663273811340332,0,5
SH,FVD,17,2764,240,240,24.0,0.36317679286003113,0.44269222021102905,3.654172420501709,4.508640766143799,0.7157863974571228,1,194,1,194,0.8083333333333333,2.0,194,0.0,0,0.0,0,0.0,0,0.0,2,7
SH,FVD,17,2765,1386,1386,138.6,0.2942279577255249,0.4052695631980896,4.184696197509766,5.02122163772583,1.2170151472091675,1,1015,1,327,0.23593073593073594,2.0,1015,0.0,0,0.0,0,0.0,0,0.0,2,7
SH,FVD,17,2766,138,138,13.8,0.4684717059135437,0.6003084778785706,1.2429478168487549,1.6205443143844604,0.5262592434883118,0,-1,1,112,0.8115942028985508,2.0,138,0.757156252861023,0,0.0,0,0.0,0,1.552837610244751,2,7
SH,FVD,17,2767,2123,2123,212.3,0.3294743001461029,0.43341416120529175,6.742924213409424,7.584347724914551,2.5502681732177734,1,946,1,794,0.37399905793688176,2.0,946,0.0,0,0.0,0,0.0,0,0.0,1,6
SH,FVD,17,2768,138,138,13.8,0.2925211191177368,0.35909590125083923,2.0737624168395996,2.798492193222046,0.6575782299041748,1,108,1,108,0.782608695652174,2.0,108,0.0,0,0.0,0,0.0,0,0.0,0,5
SH,FVD,17,2769,235,235,23.5,0.3842870593070984,0.47234755754470825,2.270678758621216,2.742439031600952,0.5246428847312927,0,-1,1,35,0.14893617021276595,2.0,235,1.1542407274246216,0,0.0,0,0.0,0,1.340390682220459,2,7
SH,FVD,17,2770,358,358,35.800000000000004,0.2441350370645523,0.3015369474887848,1.9353209733963013,2.575584888458252,0.4902241826057434,0,-1,1,75,0.20949720670391062,2.0,358,1.0729129314422607,0,0.0,0,0.0,0,7.5062174797058105,2,7
SH,FVD,17,2771,646,646,64.60000000000001,0.3363727629184723,0.4743409752845764,11.602773666381836,12.277448654174805,5.91556453704834,1,229,1,210,0.32507739938080493,2.0,229,0.0,0,0.0,0,0.0,0,0.0,0,5
SH,FVD,17,2772,171,171,17.1,0.17028993368148804,0.2073659747838974,3.1063411235809326,3.9177634716033936,0.4744049906730652,0,-1,1,171,1.0,2.0,171,1.4122360944747925,0,0.0,0,0.0,0,19.28031349182129,2,7
SH,FVD,17,2773,243,243,24.3,0.47869765758514404,0.615218997001648,4.26671838760376,5.0645036697387695,1.1209948062896729,1,184,1,79,0.32510288065843623,2.0,184,0.0,0,0.0,0,0.0,0,0.0,2,7
SH,FVD,17,2774,513,513,51.300000000000004,0.14684580266475677,0.1801283061504364,1.8517464399337769,2.48954176902771,0.3473990261554718,0,-1,1,446,0.8693957115009746,2.0,513,1.582931399345398,0,0.0,0,0.0,0,17.473127365112305,0,5
SH,FVD,17,2775,216,216,21.6,0.4188441038131714,0.48126137256622314,8.615994453430176,9.820172309875488,1.09190034866333,0,-1,0,0,0.0,2.0,216,2.800138235092163,0,0.0,0,0.0,0,4.701900005340576,0,5
SH,FVD,17,2776,133,133,13.3,0.4222727417945862,0.48938459157943726,6.306490421295166,7.162275791168213,1.188986897468567,0,-1,0,0,0.0,2.0,133,2.7028539180755615,0,0.0,0,0.0,0,4.656919956207275,0,5
SH,FVD,17,2777,158,158,15.8,0.2100638896226883,0.295530766248703,2.546569585800171,3.062753200531006,0.4736877977848053,0,-1,1,18,0.11392405063291139,2.0,158,1.7687647342681885,0,0.0,0,0.0,0,40.05337142944336,1,6
SH,FVD,17,2778,323,323,32.300000000000004,0.35660991072654724,0.43008506298065186,6.1968865394592285,6.890491008758545,0.4805617332458496,0,-1,1,14,0.043343653250773995,2.0,323,1.919926404953003,0,0.0,0,0.0,0,5.375692367553711,2,7
SH,FVD,17,2779,137,137,13.700000000000001,0.3088965117931366,0.40621891617774963,0.6631196737289429,0.9913001656532288,0.3527871072292328,0,-1,0,0,0.0,2.0,137,7.253168106079102,0,0.0,0,0.0,0,26.368328094482422,2,7
SH,FVD,17,2780,142,142,14.200000000000001,0.5323156118392944,0.6338017582893372,1.5961591005325317,1.802106261253357,0.5099352598190308,1,119,1,119,0.8380281690140845,2.0,119,0.0,0,0.0,0,0.0,0,0.0,1,6
SH,FVD,17,2781,146,146,14.600000000000001,0.628226637840271,0.7177715301513672,19.232641220092773,22.704618453979492,2.2174196243286133,0,-1,1,114,0.7808219178082192,2.0,146,0.8328578472137451,0,0.0,0,0.0,0,22.654369354248047,0,5
SH,FVD,17,2782,216,216,21.6,0.27997756004333496,0.3277249038219452,8.238916397094727,9.480507850646973,0.7096267938613892,0,-1,0,0,0.0,2.0,216,2.7174935340881348,0,0.0,0,0.0,0,6.025666236877441,1,6
SH,FVD,17,2783,145,145,14.5,0.38319849967956543,0.4974503517150879,5.223354816436768,5.892230033874512,0.8903676867485046,0,-1,0,0,0.0,2.0,145,2.1669440269470215,0,0.0,0,0.0,0,6.707380294799805,0,5
SH,FVD,17,2784,660,660,66.0,0.5375985503196716,0.6715736389160156,6.488316059112549,7.471682071685791,4.821013927459717,1,116,1,55,0.08333333333333333,2.0,116,0.0,0,0.0,0,0.0,0,0.0,1,6
SH,FVD,17,2785,183,183,18.3,0.15644247829914093,0.21016153693199158,1.3846355676651,1.7542539834976196,0.43071410059928894,0,-1,1,183,1.0,2.0,183,1.7328447103500366,0,0.0,0,0.0,0,21.17988395690918,0,5
SH,FVD,17,2786,361,361,36.1,0.22754152119159698,0.3122345209121704,4.226319313049316,4.977077007293701,0.7621955275535583,0,-1,1,355,0.9833795013850416,2.0,361,0.26368579268455505,0,0.0,0,0.0,0,2.340484857559204,2,7
SH,FVD,17,2787,221,221,22.1,0.2019549459218979,0.271161824464798,1.4040725231170654,1.6563749313354492,0.40894290804862976,0,-1,1,92,0.416289592760181,2.0,221,1.4275091886520386,0,0.0,0,0.0,0,15.591775894165039,1,6
SH,FVD,17,2788,148,148,14.8,0.387994647026062,0.4670654535293579,1.5546588897705078,2.2517404556274414,0.645936906337738,0,-1,0,0,0.0,2.0,148,4.085841655731201,0,0.0,0,0.0,0,44.187252044677734,1,6
SH,FVD,17,2789,145,145,14.5,0.22712068259716034,0.2776694595813751,1.191404104232788,1.377848505973816,0.4361366927623749,0,-1,1,11,0.07586206896551724,2.0,145,1.83544921875,0,0.0,0,0.0,0,43.727752685546875,1,6
SH,FVD,17,2790,189,189,18.900000000000002,0.32395732402801514,0.39567843079566956,1.6058814525604248,2.2431540489196777,0.39331620931625366,0,-1,1,29,0.15343915343915343,2.0,189,1.5230878591537476,0,0.0,0,0.0,0,13.496572494506836,1,6
SH,FVD,17,2791,154,154,15.4,0.22165615856647491,0.27743133902549744,1.1111016273498535,1.3751200437545776,0.38979771733283997,0,-1,1,39,0.2532467532467532,2.0,154,1.8614882230758667,0,0.0,0,0.0,0,18.707347869873047,1,6
SH,FVD,17,2792,555,555,55.5,0.15089599788188934,0.22094255685806274,10.100092887878418,10.928064346313477,0.4928629994392395,0,-1,0,0,0.0,2.0,555,2.19956111907959,0,0.0,0,0.0,0,9.877872467041016,2,7
SH,FVD,17,2793,236,236,23.6,0.3378103971481323,0.4338828921318054,7.9831976890563965,8.723758697509766,0.6516534090042114,0,-1,0,0,0.0,2.0,236,2.3095104694366455,0,0.0,0,0.0,0,2.923776388168335,2,7
SH,FVD,17,2794,137,137,13.700000000000001,0.18621626496315002,0.21352960169315338,1.7191156148910522,2.562800407409668,0.6844124794006348,0,-1,0,0,0.0,2.0,137,2.0205187797546387,0,0.0,0,0.0,0,41.97330093383789,0,5
SH,FVD,17,2795,285,285,28.5,0.3933655321598053,0.48869988322257996,5.407767295837402,6.961030006408691,0.819525957107544,0,-1,1,75,0.2631578947368421,2.0,285,1.5335367918014526,0,0.0,0,0.0,0,11.963616371154785,0,5
SH,FVD,17,2796,549,549,54.900000000000006,0.27477943897247314,0.3679507374763489,2.9093165397644043,3.343418836593628,0.47791749238967896,0,-1,1,459,0.8360655737704918,2.0,549,0.5992391109466553,0,0.0,0,0.0,0,2.8713834285736084,0,5
SH,FVD,17,2797,585,585,58.5,0.34149816632270813,0.48813533782958984,1.5967720746994019,2.1602141857147217,0.5792117118835449,1,516,1,355,0.6068376068376068,2.0,516,0.0,0,0.0,0,0.0,0,0.0,0,5
SH,FVD,17,2798,293,293,29.3,0.2552836537361145,0.318851113319397,11.174838066101074,13.763626098632812,1.0072866678237915,0,-1,1,293,1.0,2.0,293,1.0864306688308716,0,0.0,0,0.0,0,15.190471649169922,0,5
SH,FVD,17,2799,426,426,42.6,0.2895919978618622,0.3686596751213074,2.481398820877075,3.1970372200012207,0.4271155595779419,0,-1,1,426,1.0,2.0,426,0.10653651505708694,0,0.0,0,0.0,0,1.1392937898635864,0,5
SH,FVD,17,2800,422,422,42.2,0.21577933430671692,0.30553677678108215,4.602921962738037,5.4296698570251465,0.9216427803039551,0,-1,1,422,1.0,2.0,422,1.5093729496002197,0,0.0,0,0.0,0,25.885482788085938,2,7
SH,FVD,17,2801,911,911,91.10000000000001,0.32844817638397217,0.4295094609260559,7.479281425476074,8.129653930664062,5.545085430145264,1,189,1,189,0.2074643249176729,2.0,189,0.0,0,0.0,0,0.0,0,0.0,2,7
SH,FVD,17,2802,241,241,24.1,0.35440441966056824,0.5140752792358398,7.8912506103515625,9.360939979553223,1.8152745962142944,0,-1,1,143,0.5933609958506224,2.0,241,0.05390447378158569,0,0.0,0,0.0,0,0.44115400314331055,2,7
SH,FVD,17,2803,364,364,36.4,0.16776473820209503,0.20665918290615082,4.2763166427612305,5.175168514251709,0.4549877941608429,0,-1,0,0,0.0,2.0,364,3.0650856494903564,0,0.0,0,0.0,0,8.870372772216797,2,7
SH,FVD,17,2804,144,144,14.4,0.12184043973684311,0.16815124452114105,5.314995765686035,6.619489669799805,0.6154144406318665,0,-1,0,0,0.0,2.0,144,7.126692771911621,0,0.0,0,0.0,0,13.078988075256348,1,6
SH,FVD,17,2805,223,223,22.3,0.4928244948387146,0.6281929016113281,12.430063247680664,13.638765335083008,1.012620210647583,0,-1,0,0,0.0,2.0,223,3.900873899459839,0,0.0,0,0.0,0,25.537004470825195,0,5
SH,FVD,17,2806,131,131,13.100000000000001,0.23400312662124634,0.2905661463737488,5.495407581329346,6.723141193389893,0.8994268178939819,0,-1,0,0,0.0,2.0,131,2.3671748638153076,0,0.0,0,0.0,0,6.007707118988037,0,5
SH,FVD,17,2807,269,269,26.900000000000002,0.1866726279258728,0.24114026129245758,1.2238004207611084,1.856657862663269,0.26113298535346985,0,-1,1,269,1.0,2.0,269,1.237971305847168,0,0.0,0,0.0,0,8.682546615600586,2,7
SH,FVD,17,2808,212,212,21.200000000000003,0.2089095413684845,0.29254865646362305,2.912550926208496,3.5501792430877686,0.39185068011283875,0,-1,1,25,0.1179245283018868,2.0,212,1.5894050598144531,0,0.0,0,0.0,0,3.121417284011841,0,5
SH,FVD,17,2809,157,157,15.700000000000001,0.2996246814727783,0.3819693922996521,8.79157829284668,10.142952919006348,1.2201588153839111,0,-1,0,0,0.0,2.0,157,3.7266552448272705,0,0.0,0,0.0,0,7.1588239669799805,2,7
SH,FVD,17,2810,194,194,19.400000000000002,0.37989091873168945,0.4648682773113251,2.3578615188598633,2.545684576034546,0.9404036402702332,1,53,1,53,0.27319587628865977,2.0,53,0.0,0,0.0,0,0.0,0,0.0,1,6
SH,FVD,17,2811,667,667,66.7,0.5838491320610046,0.7311903834342957,8.564898490905762,9.285576820373535,7.41620397567749,1,53,1,53,0.07946026986506746,2.0,53,0.0,0,0.0,0,0.0,0,0.0,2,7
SH,FVD,17,2812,167,167,16.7,0.24855788052082062,0.32708051800727844,2.0513155460357666,2.5787107944488525,0.6986187100410461,0,-1,1,8,0.04790419161676647,2.0,167,1.7432481050491333,0,0.0,0,0.0,0,4.939310073852539,1,6
SH,FVD,17,2813,557,557,55.7,0.3460666239261627,0.4801347255706787,24.375354766845703,29.372041702270508,1.9332711696624756,0,-1,1,28,0.05026929982046679,2.0,557,0.27319326996803284,0,0.0,0,0.0,0,1.1293765306472778,0,5
SH,FVD,17,2814,168,168,16.8,0.3888179659843445,0.4502571225166321,15.532608985900879,19.517120361328125,2.185763120651245,0,-1,0,0,0.0,2.0,168,3.7061381340026855,0,0.0,0,0.0,0,39.45537185668945,2,7
SH,FVD,17,2815,132,132,13.200000000000001,0.4094807207584381,0.4781568944454193,1.4199140071868896,1.6766372919082642,0.6245794892311096,0,-1,0,0,0.0,2.0,132,4.524289131164551,0,0.0,0,0.0,0,2.54730224609375,0,5
SH,FVD,17,2816,415,415,41.5,0.26466044783592224,0.3272361755371094,8.041533470153809,9.196564674377441,1.5371414422988892,1,228,1,160,0.3855421686746988,2.0,228,0.0,0,0.0,0,0.0,0,0.0,1,6
SH,FVD,17,2817,171,171,17.1,0.22249162197113037,0.28099068999290466,4.451057434082031,5.7369513511657715,0.4295083284378052,0,-1,0,0,0.0,2.0,171,7.056634426116943,0,0.0,0,0.0,0,11.728510856628418,0,5
SH,FVD,17,2818,307,307,30.700000000000003,0.27838417887687683,0.42152413725852966,2.379084348678589,4.492265701293945,0.9106962084770203,0,-1,1,307,1.0,2.0,307,0.9138709306716919,0,0.0,0,0.0,0,12.637423515319824,2,7
SH,FVD,17,2819,250,250,25.0,0.2731740176677704,0.3295544981956482,1.8696843385696411,2.463606119155884,0.5866662263870239,1,239,1,114,0.456,2.0,239,0.0,0,0.0,0,0.0,0,0.0,2,7
SH,FVD,17,2820,339,339,33.9,0.17689156532287598,0.22939996421337128,6.2303147315979,6.9302754402160645,0.5420294404029846,0,-1,1,339,1.0,2.0,339,0.9851465821266174,0,0.0,0,0.0,0,12.188054084777832,1,6
SH,FVD,17,2821,440,440,44.0,0.39667952060699463,0.48403266072273254,5.0889763832092285,5.375148773193359,1.7745996713638306,1,100,1,61,0.13863636363636364,2.0,100,0.0,0,0.0,0,0.0,0,0.0,1,6
SH,FVD,17,2822,174,174,17.400000000000002,0.6243981719017029,0.7792651057243347,6.774817943572998,8.622103691101074,0.8551580309867859,0,-1,0,0,0.0,2.0,174,2.500807762145996,0,0.0,0,0.0,0,9.636725425720215,1,6
SH,FVD,17,2823,432,432,43.2,0.2509126663208008,0.32571014761924744,7.043532848358154,10.037290573120117,0.9094216227531433,0,-1,1,84,0.19444444444444445,2.0,432,1.4148075580596924,0,0.0,0,0.0,0,19.386423110961914,1,6
SH,FVD,17,2824,209,209,20.900000000000002,0.2262926995754242,0.2949918806552887,2.134887218475342,3.674661636352539,0.6732913851737976,0,-1,1,84,0.4019138755980861,2.0,209,1.752405047416687,0,0.0,0,0.0,0,28.172746658325195,0,5
SH,FVD,17,2825,335,335,33.5,0.413970410823822,0.5505728721618652,7.517152309417725,8.246801376342773,3.6433651447296143,1,89,1,89,0.2656716417910448,2.0,89,0.0,0,0.0,0,0.0,0,0.0,1,6
SH,FVD,17,2826,304,304,30.400000000000002,0.22865189611911774,0.2985347807407379,0.9973066449165344,1.2555068731307983,0.335903525352478,0,-1,1,110,0.3618421052631579,2.0,304,1.4715635776519775,0,0.0,0,0.0,0,10.128830909729004,1,6
SH,FVD,17,2827,151,151,15.100000000000001,0.12408683449029922,0.16065803170204163,2.436319351196289,2.798469305038452,0.3494376838207245,0,-1,1,44,0.2913907284768212,2.0,151,1.6843475103378296,0,0.0,0,0.0,0,22.81389617919922,1,6
SH,FVD,17,2828,178,178,17.8,0.3433908224105835,0.46457427740097046,3.6483154296875,4.213009357452393,1.1599304676055908,0,-1,1,178,1.0,2.0,178,0.5330542325973511,0,0.0,0,0.0,0,7.102782249450684,2,7
SH,FVD,17,2829,1687,1687,168.70000000000002,0.24808818101882935,0.3378849923610687,7.785282611846924,9.433609008789062,0.6694191098213196,1,1506,1,322,0.1908713692946058,2.0,1506,0.0,0,0.0,0,0.0,0,0.0,0,5
SH,FVD,17,2830,176,176,17.6,0.3459027111530304,0.549176812171936,1.8232123851776123,2.0538461208343506,0.3695736229419708,0,-1,1,176,1.0,2.0,176,0.6342819929122925,0,0.0,0,0.0,0,6.71116828918457,1,6
SH,FVD,17,2831,152,152,15.200000000000001,0.24017773568630219,0.3134041428565979,8.087728500366211,9.723259925842285,1.1304056644439697,0,-1,1,69,0.45394736842105265,2.0,152,1.3675942420959473,0,0.0,0,0.0,0,11.850823402404785,2,7
SH,FVD,17,2832,188,188,18.8,0.33452391624450684,0.4041372835636139,1.2893040180206299,1.4707287549972534,0.6284646391868591,1,180,1,33,0.17553191489361702,2.0,180,0.0,0,0.0,0,0.0,0,0.0,0,5
SH,FVD,17,2833,183,183,18.3,0.4298218786716461,0.5415176749229431,6.083407402038574,6.653472423553467,0.6960870027542114,0,-1,1,41,0.22404371584699453,2.0,183,1.397796630859375,0,0.0,0,0.0,0,5.248082637786865,1,6
SH,FVD,17,2834,834,834,83.4,0.28195321559906006,0.44787171483039856,10.104683876037598,11.701831817626953,0.6963366866111755,1,818,1,61,0.07314148681055156,2.0,818,0.0,0,0.0,0,0.0,0,0.0,2,7
SH,FVD,17,2835,158,158,15.8,0.14155937731266022,0.1792469620704651,3.687894344329834,4.342556953430176,0.3609994649887085,0,-1,1,158,1.0,2.0,158,1.2789782285690308,0,0.0,0,0.0,0,11.990335464477539,2,7
SH,FVD,17,2836,191,191,19.1,0.2608410120010376,0.3212519586086273,6.890710830688477,7.521568298339844,0.6592689752578735,0,-1,0,0,0.0,2.0,191,2.6399853229522705,0,0.0,0,0.0,0,24.263463973999023,1,6
SH,FVD,17,2837,928,928,92.80000000000001,0.23469489812850952,0.2893519103527069,13.323403358459473,14.362844467163086,0.7236233353614807,0,-1,1,279,0.30064655172413796,2.0,928,1.2300353050231934,0,0.0,0,0.0,0,15.607565879821777,1,6
SH,FVD,17,2838,275,275,27.5,0.35405030846595764,0.5562729835510254,4.143492698669434,4.961898326873779,0.8605300784111023,0,-1,0,0,0.0,2.0,275,2.535456895828247,0,0.0,0,0.0,0,2.8066301345825195,1,6
SH,FVD,17,2839,495,495,49.5,0.27124249935150146,0.35808899998664856,4.440975189208984,5.630191326141357,0.500277042388916,0,-1,0,0,0.0,2.0,495,3.0404977798461914,0,0.0,0,0.0,0,2.084573984146118,2,7
SH,FVD,17,2840,260,260,26.0,0.2169630378484726,0.26249638199806213,4.459224700927734,5.530373573303223,0.6684958338737488,0,-1,1,36,0.13846153846153847,2.0,260,0.6311675310134888,0,0.0,0,0.0,0,3.675358533859253,1,6
SH,FVD,17,2841,175,175,17.5,0.7462680339813232,0.8392540216445923,18.863845825195312,21.532716751098633,2.261009931564331,0,-1,0,0,0.0,2.0,175,4.969688415527344,0,0.0,0,0.0,0,26.83343505859375,2,7
SH,FVD,17,2842,646,646,64.60000000000001,0.2025526463985443,0.2510836720466614,7.145027160644531,8.433026313781738,0.41194555163383484,0,-1,1,646,1.0,2.0,646,0.8228428363800049,0,0.0,0,0.0,0,12.94909381866455,1,6
SH,FVD,17,2843,188,188,18.8,0.2701214551925659,0.36489298939704895,2.720405101776123,3.085482358932495,0.8069689273834229,1,179,1,64,0.3404255319148936,2.0,179,0.0,0,0.0,0,0.0,0,0.0,1,6
SH,FVD,17,2844,155,155,15.5,0.654631495475769,0.7558783292770386,8.08289623260498,9.221908569335938,1.5190536975860596,1,107,1,34,0.21935483870967742,2.0,107,0.0,0,0.0,0,0.0,0,0.0,1,6
SH,FVD,17,2845,153,153,15.3,0.35796692967414856,0.4236437678337097,20.42756462097168,26.409238815307617,3.629894733428955,0,-1,0,0,0.0,2.0,153,3.478818655014038,0,0.0,0,0.0,0,62.92646408081055,2,7
SH,FVD,17,2846,148,148,14.8,0.332301527261734,0.4011492431163788,4.996639251708984,5.419650554656982,0.6250593066215515,0,-1,1,148,1.0,2.0,148,1.063875436782837,0,0.0,0,0.0,0,15.871699333190918,2,7
SH,FVD,17,2847,193,193,19.3,0.22245235741138458,0.2750855088233948,2.219726085662842,2.6051411628723145,0.21228158473968506,0,-1,1,193,1.0,2.0,193,1.0483587980270386,0,0.0,0,0.0,0,13.294843673706055,0,5
SH,FVD,17,2848,165,165,16.5,0.2584908902645111,0.35534393787384033,2.401909828186035,2.792173147201538,0.36316609382629395,0,-1,0,0,0.0,2.0,165,4.365496635437012,0,0.0,0,0.0,0,2.450752019882202,2,7
SH,FVD,17,2849,137,137,13.700000000000001,0.21580462157726288,0.2361564189195633,7.689271450042725,10.15545654296875,1.5736225843429565,0,-1,1,54,0.39416058394160586,2.0,137,1.9587783813476562,0,0.0,0,0.0,0,47.7361946105957,1,6
SH,FVD,17,2850,141,141,14.100000000000001,0.15914522111415863,0.17788316309452057,3.3663320541381836,4.052621364593506,0.5955426096916199,0,-1,1,141,1.0,2.0,141,1.6418277025222778,0,0.0,0,0.0,0,39.40167236328125,0,5
SH,FVD,17,2851,1015,1015,101.5,0.3898070156574249,0.49407270550727844,9.746230125427246,12.593952178955078,1.177243709564209,1,962,1,150,0.1477832512315271,2.0,962,0.0,0,0.0,0,0.0,0,0.0,0,5
SH,FVD,17,2852,161,161,16.1,0.22467344999313354,0.2729528844356537,0.6905326247215271,0.9568088054656982,0.42084696888923645,0,-1,1,161,1.0,2.0,161,1.646348237991333,0,0.0,0,0.0,0,31.63071060180664,1,6
SH,FVD,17,2853,319,319,31.900000000000002,0.4211970269680023,0.546653687953949,10.922194480895996,11.614065170288086,0.7817947864532471,0,-1,0,0,0.0,2.0,319,2.378343105316162,0,0.0,0,0.0,0,7.341278553009033,0,5
SH,FVD,17,2854,482,482,48.2,0.27445685863494873,0.3849356472492218,7.339564323425293,8.061627388000488,1.2035552263259888,1,321,1,321,0.6659751037344398,2.0,321,0.0,0,0.0,0,0.0,0,0.0,0,5
SH,FVD,17,2855,464,464,46.400000000000006,0.3503769040107727,0.4697096645832062,17.000938415527344,19.958894729614258,4.675945281982422,1,316,1,316,0.6810344827586207,2.0,316,0.0,0,0.0,0,0.0,0,0.0,0,5
SH,FVD,17,2856,206,206,20.6,0.1835121214389801,0.25544628500938416,18.00661849975586,22.72041893005371,2.1872289180755615,0,-1,0,0,0.0,2.0,206,3.297382116317749,0,0.0,0,0.0,0,66.7430191040039,1,6
SH,FVD,17,2857,151,151,15.100000000000001,0.911474347114563,1.4194560050964355,2.9396443367004395,5.7004852294921875,1.8439830541610718,0,-1,0,0,0.0,2.0,151,2.300691843032837,0,0.0,0,0.0,0,18.62833595275879,2,7
SH,FVD,17,2858,504,504,50.400000000000006,0.5036842226982117,0.677061915397644,4.974842548370361,7.017650604248047,1.0903011560440063,0,-1,0,0,0.0,2.0,504,2.0140750408172607,0,0.0,0,0.0,0,10.697981834411621,0,5
SH,FVD,17,2859,830,830,83.0,0.3239574134349823,0.4622250497341156,7.839060306549072,9.322630882263184,2.7347044944763184,1,423,1,238,0.28674698795180725,2.0,423,0.0,0,0.0,0,0.0,0,0.0,0,5
SH,FVD,17,2860,212,212,21.200000000000003,0.17412079870700836,0.22822672128677368,2.1438534259796143,2.632585287094116,0.4983184337615967,0,-1,1,212,1.0,2.0,212,0.6018145680427551,0,0.0,0,0.0,0,9.29935073852539,1,6
SH,FVD,17,2861,153,153,15.3,0.1444394588470459,0.18091315031051636,2.304835796356201,2.488079309463501,0.25150570273399353,0,-1,1,153,1.0,2.0,153,0.29945725202560425,0,0.0,0,0.0,0,5.122126579284668,0,5
SH,FVD,17,2862,457,457,45.7,0.3889995217323303,0.5161460638046265,7.0172810554504395,9.271101951599121,0.9519680142402649,0,-1,1,207,0.45295404814004375,2.0,457,0.39271193742752075,0,0.0,0,0.0,0,1.266471028327942,1,6
SH,FVD,17,2863,262,262,26.200000000000003,0.19165870547294617,0.2297777682542801,11.435781478881836,16.751489639282227,1.5925806760787964,0,-1,0,0,0.0,2.0,262,4.340830326080322,0,0.0,0,0.0,0,16.992033004760742,2,7
SH,FVD,17,2864,379,379,37.9,0.43895506858825684,0.5725474953651428,21.375593185424805,25.44561767578125,2.3413658142089844,0,-1,1,25,0.06596306068601583,2.0,379,0.4735164940357208,0,0.0,0,0.0,0,1.378849983215332,1,6
SH,FVD,17,2865,285,285,28.5,0.21027979254722595,0.30093666911125183,5.357508659362793,6.611814022064209,0.4623981714248657,0,-1,1,44,0.1543859649122807,2.0,285,0.6682862639427185,0,0.0,0,0.0,0,2.929795265197754,1,6
SH,FVD,17,2866,220,220,22.0,0.1984986811876297,0.23439478874206543,1.7393944263458252,2.5136513710021973,0.3524473011493683,0,-1,1,220,1.0,2.0,220,1.3648611307144165,0,0.0,0,0.0,0,21.900693893432617,0,5
SH,FVD,17,2867,301,301,30.1,0.33207643032073975,0.41716691851615906,2.883796453475952,3.1451663970947266,0.4819294512271881,0,-1,1,234,0.7774086378737541,2.0,301,1.055046558380127,0,0.0,0,0.0,0,7.4615254402160645,2,7
SH,FVD,17,2868,140,140,14.0,0.4607033431529999,0.5417559146881104,1.3456909656524658,1.6496566534042358,0.8145410418510437,0,-1,0,0,0.0,2.0,140,4.3105878829956055,0,0.0,0,0.0,0,8.19156265258789,0,5
SH,FVD,17,2869,410,410,41.0,0.2843538522720337,0.37484389543533325,19.999103546142578,21.833213806152344,1.2730873823165894,0,-1,1,410,1.0,2.0,410,0.22221772372722626,0,0.0,0,0.0,0,3.5305230617523193,0,5
SH,FVD,17,2870,140,140,14.0,0.3570318818092346,0.44020700454711914,4.4599833488464355,5.073380947113037,0.8638572096824646,0,-1,0,0,0.0,2.0,140,2.4178543090820312,0,0.0,0,0.0,0,22.062314987182617,1,6
SH,FVD,17,2871,239,239,23.900000000000002,0.2574780285358429,0.41233527660369873,1.5396320819854736,2.3397178649902344,0.5040590167045593,0,-1,0,0,0.0,2.0,239,3.4243128299713135,0,0.0,0,0.0,0,1.3236048221588135,0,5
SH,FVD,17,2872,191,191,19.1,0.29953858256340027,0.39179378747940063,7.627689838409424,9.262807846069336,0.9503397345542908,0,-1,1,17,0.08900523560209424,2.0,191,1.9108983278274536,0,0.0,0,0.0,0,3.963547706604004,2,7
SH,FVD,17,2873,136,136,13.600000000000001,0.14962899684906006,0.17628148198127747,2.7491092681884766,3.4772183895111084,0.5708525776863098,0,-1,1,136,1.0,2.0,136,1.3966556787490845,0,0.0,0,0.0,0,16.406692504882812,1,6
SH,FVD,17,2874,136,136,13.600000000000001,0.16987693309783936,0.22180145978927612,0.7085369229316711,0.8566927909851074,0.2739153802394867,0,-1,1,92,0.6764705882352942,2.0,136,1.9377403259277344,0,0.0,0,0.0,0,6.526856422424316,2,7
SH,FVD,17,2875,989,989,98.9,0.4361853301525116,0.6496729254722595,7.256695747375488,9.358128547668457,2.010603904724121,1,795,1,384,0.38827098078867545,2.0,795,0.0,0,0.0,0,0.0,0,0.0,2,7
SH,FVD,17,2876,594,594,59.400000000000006,0.1651741862297058,0.20769451558589935,8.74992561340332,9.946974754333496,0.4323956072330475,0,-1,1,594,1.0,2.0,594,1.0860024690628052,0,0.0,0,0.0,0,20.495832443237305,0,5
SH,FVD,17,2877,144,144,14.4,0.6431982517242432,0.8076783418655396,12.43704891204834,14.646919250488281,5.192255020141602,1,48,1,48,0.3333333333333333,2.0,48,0.0,0,0.0,0,0.0,0,0.0,2,7
SH,FVD,17,2878,142,142,14.200000000000001,0.3074379563331604,0.35396265983581543,1.2717788219451904,1.4690088033676147,0.48597267270088196,0,-1,1,142,1.0,2.0,142,1.1299136877059937,0,0.0,0,0.0,0,6.930481910705566,2,7
SH,FVD,17,2879,166,166,16.6,0.5300833582878113,0.690190851688385,1.9795118570327759,2.4223880767822266,0.7023501396179199,1,128,1,128,0.7710843373493976,2.0,128,0.0,0,0.0,0,0.0,0,0.0,1,6
SH,FVD,17,2880,384,384,38.400000000000006,0.4649409055709839,0.6092038750648499,23.308725357055664,27.652021408081055,2.408494472503662,1,372,1,38,0.09895833333333333,2.0,372,0.0,0,0.0,0,0.0,0,0.0,2,7
SH,FVD,17,2881,1012,1012,101.2,0.29006704688072205,0.3938595652580261,4.386125087738037,5.281764507293701,1.1911433935165405,1,782,1,629,0.6215415019762845,2.0,782,0.0,0,0.0,0,0.0,0,0.0,2,7
SH,FVD,17,2882,627,627,62.7,0.24806074798107147,0.33531928062438965,13.899571418762207,16.17719268798828,1.1467583179473877,1,533,1,71,0.11323763955342903,2.0,533,0.0,0,0.0,0,0.0,0,0.0,2,7
SH,FVD,17,2883,409,409,40.900000000000006,0.40312495827674866,0.4988584518432617,7.313967227935791,7.945908546447754,4.334671974182129,1,40,1,40,0.097799511002445,2.0,40,0.0,0,0.0,0,0.0,0,0.0,2,7
SH,FVD,17,2884,190,190,19.0,0.4788411557674408,0.5790342688560486,3.4213783740997314,4.062056541442871,1.2609854936599731,1,161,1,49,0.2578947368421053,2.0,161,0.0,0,0.0,0,0.0,0,0.0,0,5
SH,FVD,17,2885,391,391,39.1,0.2230583280324936,0.32605013251304626,8.215859413146973,9.396929740905762,0.6589477062225342,0,-1,0,0,0.0,2.0,391,3.2081689834594727,0,0.0,0,0.0,0,3.3681235313415527,1,6
SH,FVD,17,2886,163,163,16.3,0.41392162442207336,0.5054020881652832,8.529629707336426,10.34746265411377,1.4260082244873047,1,142,1,142,0.8711656441717791,2.0,142,0.0,0,0.0,0,0.0,0,0.0,1,6
SH,FVD,17,2887,709,709,70.9,0.2625153362751007,0.341187983751297,5.687821865081787,6.284476280212402,0.6365407109260559,0,-1,1,559,0.7884344146685472,2.0,709,1.1644929647445679,0,0.0,0,0.0,0,21.2882137298584,1,6
SH,FVD,17,2888,561,561,56.1,0.2621046304702759,0.3247888684272766,9.2754487991333,10.1364164352417,0.49786376953125,0,-1,1,561,1.0,2.0,561,1.1407890319824219,0,0.0,0,0.0,0,11.17958927154541,1,6
SH,FVD,17,2889,131,131,13.100000000000001,0.14398133754730225,0.196328803896904,0.8815003037452698,1.0039348602294922,0.2445273995399475,0,-1,0,0,0.0,2.0,131,4.570350170135498,0,0.0,0,0.0,0,8.723240852355957,1,6
SH,FVD,17,2890,190,190,19.0,0.35734716057777405,0.48650386929512024,7.739293575286865,9.081108093261719,1.1702446937561035,0,-1,0,0,0.0,2.0,190,2.3048207759857178,0,0.0,0,0.0,0,21.198871612548828,1,6
SH,FVD,17,2891,2053,2053,205.3,0.32821667194366455,0.44582274556159973,6.8086256980896,7.9990081787109375,3.513690710067749,1,1062,1,392,0.19094008767657086,2.0,1062,0.0,0,0.0,0,0.0,0,0.0,1,6
SH,FVD,17,2892,163,163,16.3,0.33266374468803406,0.541046679019928,2.0367002487182617,2.5687623023986816,0.6233216524124146,0,-1,1,156,0.9570552147239264,2.0,163,0.2586495578289032,0,0.0,0,0.0,0,0.9554988145828247,2,7
SH,FVD,17,2893,231,231,23.1,0.2284647673368454,0.28245094418525696,11.360718727111816,13.41991901397705,0.8895605206489563,0,-1,0,0,0.0,2.0,231,2.081296682357788,0,0.0,0,0.0,0,31.6610050201416,0,5
SH,FVD,17,2894,254,254,25.400000000000002,0.45447802543640137,0.6599326729774475,2.198625087738037,2.8774399757385254,0.7994062900543213,0,-1,1,254,1.0,2.0,254,0.7532066702842712,0,0.0,0,0.0,0,14.928452491760254,1,6
SH,FVD,17,2895,166,166,16.6,0.42144715785980225,0.5379875302314758,10.920889854431152,15.953988075256348,2.3187177181243896,0,-1,0,0,0.0,2.0,166,3.6072518825531006,0,0.0,0,0.0,0,39.09253692626953,2,7
SH,FVD,17,2896,229,229,22.900000000000002,0.48861798644065857,0.6404737830162048,7.2852067947387695,9.203134536743164,2.1924726963043213,1,140,1,140,0.611353711790393,2.0,140,0.0,0,0.0,0,0.0,0,0.0,2,7
SH,FVD,17,2897,173,173,17.3,0.3048860728740692,0.38152891397476196,7.471388339996338,8.7484769821167,0.9879652261734009,0,-1,0,0,0.0,2.0,173,2.2501626014709473,0,0.0,0,0.0,0,15.922786712646484,2,7
SH,FVD,17,2898,587,587,58.7,0.19934280216693878,0.26356270909309387,28.874780654907227,39.34762191772461,1.8397256135940552,0,-1,1,587,1.0,2.0,587,0.7236075401306152,0,0.0,0,0.0,0,24.128292083740234,2,7
SH,FVD,17,2899,423,423,42.300000000000004,0.21557995676994324,0.2707340121269226,11.304863929748535,13.001726150512695,1.088537335395813,0,-1,0,0,0.0,2.0,423,2.1338374614715576,0,0.0,0,0.0,0,10.426471710205078,0,5
SH,FVD,17,2900,368,368,36.800000000000004,0.22215606272220612,0.3144146203994751,5.064541816711426,6.2906389236450195,0.43339425325393677,0,-1,1,368,1.0,2.0,368,0.6004652380943298,0,0.0,0,0.0,0,11.604046821594238,2,7
SH,FVD,17,2901,147,147,14.700000000000001,0.13361243903636932,0.16900496184825897,2.7905633449554443,3.495189666748047,0.5942391157150269,0,-1,0,0,0.0,2.0,147,2.276249408721924,0,0.0,0,0.0,0,36.46543884277344,2,7
SH,FVD,17,2902,358,358,35.800000000000004,0.11876066774129868,0.14581841230392456,2.2083218097686768,2.572787046432495,0.3142980933189392,0,-1,1,358,1.0,2.0,358,0.8600402474403381,0,0.0,0,0.0,0,16.996686935424805,0,5
SH,FVD,17,2903,331,331,33.1,0.3013307750225067,0.38626378774642944,1.0948911905288696,1.2972965240478516,0.4704659581184387,0,-1,0,0,0.0,2.0,331,2.9609365463256836,0,0.0,0,0.0,0,4.993351459503174,0,5
SH,FVD,17,2904,373,373,37.300000000000004,0.24574702978134155,0.32606616616249084,4.119163990020752,4.398652076721191,1.7194939851760864,1,77,1,77,0.2064343163538874,2.0,77,0.0,0,0.0,0,0.0,0,0.0,1,6
SH,FVD,17,2905,190,190,19.0,0.21360021829605103,0.3137674629688263,6.980624198913574,8.383035659790039,0.9453943371772766,0,-1,1,20,0.10526315789473684,2.0,190,1.7280699014663696,0,0.0,0,0.0,0,39.018978118896484,2,7
SH,FVD,17,2906,411,411,41.1,0.21568432450294495,0.3313811719417572,3.5639588832855225,3.954591751098633,0.5169858932495117,0,-1,1,20,0.04866180048661801,2.0,411,0.9803937077522278,0,0.0,0,0.0,0,1.530245304107666,1,6
SH,FVD,17,2907,163,163,16.3,0.45579034090042114,0.5317016839981079,7.2889604568481445,8.465130805969238,1.2386162281036377,0,-1,0,0,0.0,2.0,163,4.861147403717041,0,0.0,0,0.0,0,8.01468276977539,0,5
SH,FVD,17,2908,221,221,22.1,0.3151857554912567,0.3891907334327698,5.409152984619141,6.186178684234619,0.6465544104576111,0,-1,1,221,1.0,2.0,221,0.5496876239776611,0,0.0,0,0.0,0,9.502948760986328,2,7
SH,FVD,17,2909,237,237,23.700000000000003,0.2897438108921051,0.4591851830482483,1.0796226263046265,1.2667405605316162,0.508264422416687,1,216,1,88,0.37130801687763715,2.0,216,0.0,0,0.0,0,0.0,0,0.0,0,5
SH,FVD,17,2910,156,156,15.600000000000001,0.0858951061964035,0.10564258694648743,1.7924689054489136,2.3490641117095947,0.43171799182891846,0,-1,1,112,0.717948717948718,2.0,156,0.5539062023162842,0,0.0,0,0.0,0,1.9907362461090088,1,6
SH,FVD,17,2911,196,196,19.6,0.1860284060239792,0.2236529290676117,1.9244011640548706,2.7329161167144775,0.4257480502128601,0,-1,1,196,1.0,2.0,196,1.1414313316345215,0,0.0,0,0.0,0,20.920352935791016,0,5
SH,FVD,17,2912,140,140,14.0,0.30219608545303345,0.3506183922290802,6.6991400718688965,7.861850738525391,0.8760605454444885,0,-1,1,100,0.7142857142857143,2.0,140,1.8240936994552612,0,0.0,0,0.0,0,19.999649047851562,2,7
SH,FVD,17,2913,140,140,14.0,0.2004484385251999,0.22205321490764618,1.0093135833740234,1.3085476160049438,0.48516905307769775,0,-1,0,0,0.0,2.0,140,3.6850967407226562,0,0.0,0,0.0,0,20.487537384033203,0,5
SH,FVD,17,2914,354,354,35.4,0.2860463559627533,0.3988091051578522,8.151847839355469,10.114675521850586,1.1400278806686401,1,249,1,56,0.15819209039548024,2.0,249,0.0,0,0.0,0,0.0,0,0.0,0,5
SH,FVD,17,2915,140,140,14.0,0.6101183891296387,0.7473936080932617,14.744027137756348,17.278512954711914,1.9581750631332397,0,-1,0,0,0.0,2.0,140,2.9147591590881348,0,0.0,0,0.0,0,13.932435035705566,1,6
SH,FVD,17,2916,340,340,34.0,0.2131134271621704,0.2634701132774353,5.596865177154541,6.822636127471924,0.460686594247818,0,-1,1,90,0.2647058823529412,2.0,340,0.2238198220729828,0,0.0,0,0.0,0,0.2049989551305771,1,6
SH,FVD,17,2917,1207,1207,120.7,0.14260849356651306,0.18347901105880737,3.481152057647705,4.876904010772705,0.4185626804828644,0,-1,1,1207,1.0,2.0,1207,1.3098676204681396,0,0.0,0,0.0,0,17.4812068939209,2,7
SH,FVD,17,2918,192,192,19.200000000000003,0.6218226552009583,0.6895464062690735,12.90557861328125,14.12653636932373,1.2212541103363037,0,-1,1,110,0.5729166666666666,2.0,192,1.457779884338379,0,0.0,0,0.0,0,15.730388641357422,2,7
SH,FVD,17,2919,138,138,13.8,0.3157062232494354,0.4290962517261505,7.663622856140137,9.383795738220215,1.0279884338378906,0,-1,1,138,1.0,2.0,138,0.2118127942085266,0,0.0,0,0.0,0,4.2553911209106445,1,6
SH,FVD,17,2920,401,401,40.1,0.4596096873283386,0.6676185727119446,27.452016830444336,29.530179977416992,1.3589372634887695,0,-1,0,0,0.0,2.0,401,4.228299140930176,0,0.0,0,0.0,0,24.665475845336914,1,6
SH,FVD,17,2921,163,163,16.3,0.3279400169849396,0.39038556814193726,6.29160737991333,7.118067741394043,0.8702219128608704,0,-1,1,4,0.024539877300613498,2.0,163,1.9231706857681274,0,0.0,0,0.0,0,4.1293511390686035,1,6
SH,FVD,17,2922,233,233,23.3,0.2173958271741867,0.2493501454591751,12.419139862060547,16.16251564025879,1.6697922945022583,0,-1,0,0,0.0,2.0,233,3.707334280014038,0,0.0,0,0.0,0,9.651385307312012,2,7
SH,FVD,17,2923,488,488,48.800000000000004,0.40338191390037537,0.5309752821922302,4.909939289093018,6.409184455871582,2.5474071502685547,1,236,1,201,0.41188524590163933,2.0,236,0.0,0,0.0,0,0.0,0,0.0,1,6
SH,FVD,17,2924,284,284,28.400000000000002,0.3994033932685852,0.5159726142883301,4.747478008270264,5.5519022941589355,3.13456392288208,1,114,1,114,0.4014084507042254,2.0,114,0.0,0,0.0,0,0.0,0,0.0,0,5
SH,FVD,17,2925,166,166,16.6,0.3334541916847229,0.45817139744758606,1.7847201824188232,2.090963125228882,0.661438524723053,1,157,1,39,0.23493975903614459,2.0,157,0.0,0,0.0,0,0.0,0,0.0,0,5
SH,FVD,17,2926,136,136,13.600000000000001,0.2692853510379791,0.3958399295806885,3.8531901836395264,4.4399871826171875,0.635700523853302,0,-1,1,103,0.7573529411764706,2.0,136,1.1803864240646362,0,0.0,0,0.0,0,13.160013198852539,0,5
SH,FVD,17,2927,137,137,13.700000000000001,0.34924691915512085,0.5890629291534424,0.7557513117790222,1.2375849485397339,0.5276533961296082,0,-1,1,123,0.8978102189781022,2.0,137,1.5696885585784912,0,0.0,0,0.0,0,15.721399307250977,2,7
SH,FVD,17,2928,819,819,81.9,0.32599663734436035,0.5711415410041809,4.151702880859375,4.738440990447998,0.5344057679176331,1,818,1,710,0.8669108669108669,2.0,818,0.0,0,0.0,0,0.0,0,0.0,2,7
SH,FVD,17,2929,207,207,20.700000000000003,0.13322404026985168,0.171866312623024,6.7228546142578125,8.92179012298584,0.8908290863037109,0,-1,0,0,0.0,2.0,207,2.723104238510132,0,0.0,0,0.0,0,50.977806091308594,1,6
SH,FVD,17,2930,274,274,27.400000000000002,0.17394691705703735,0.21263401210308075,8.835902214050293,10.059806823730469,0.7210112810134888,0,-1,0,0,0.0,2.0,274,2.2823429107666016,0,0.0,0,0.0,0,5.35252046585083,2,7
SH,FVD,17,2931,1751,1751,175.10000000000002,0.36389660835266113,0.4648106098175049,9.447064399719238,10.380708694458008,5.604616165161133,1,304,1,304,0.1736150770988007,2.0,304,0.0,0,0.0,0,0.0,0,0.0,0,5
SH,FVD,17,2932,146,146,14.600000000000001,0.3613761067390442,0.4937680959701538,3.5763561725616455,4.117743968963623,0.6973841190338135,0,-1,0,0,0.0,2.0,146,2.9027981758117676,0,0.0,0,0.0,0,11.24398422241211,1,6
SH,FVD,17,2933,231,231,23.1,0.21410608291625977,0.28981083631515503,3.488633632659912,4.296994686126709,0.5219913721084595,0,-1,0,0,0.0,2.0,231,2.591242551803589,0,0.0,0,0.0,0,15.759082794189453,1,6
SH,FVD,17,2934,152,152,15.200000000000001,0.35441312193870544,0.4801832437515259,9.214188575744629,10.69651985168457,1.3011163473129272,0,-1,1,152,1.0,2.0,152,0.46365249156951904,0,0.0,0,0.0,0,3.75137996673584,0,5
SH,FVD,17,2935,1074,1074,107.4,0.16499347984790802,0.247987300157547,4.665815830230713,7.0879316329956055,0.4197145700454712,0,-1,1,1074,1.0,2.0,1074,0.7710447311401367,0,0.0,0,0.0,0,9.318059921264648,1,6
SH,FVD,17,2936,221,221,22.1,0.28227654099464417,0.3543848693370819,3.969970941543579,4.642742156982422,0.7866472005844116,0,-1,1,18,0.08144796380090498,2.0,221,0.9068137407302856,0,0.0,0,0.0,0,1.0734906196594238,0,5
SH,FVD,17,2937,176,176,17.6,0.3785271644592285,0.4510771334171295,2.971856117248535,3.375122547149658,0.42040693759918213,0,-1,1,17,0.09659090909090909,2.0,176,1.754402995109558,0,0.0,0,0.0,0,2.9230923652648926,2,7
SH,FVD,17,2938,186,186,18.6,0.3880050778388977,0.4641467332839966,7.106977462768555,8.410398483276367,0.8756029009819031,0,-1,1,6,0.03225806451612903,2.0,186,1.9754942655563354,0,0.0,0,0.0,0,6.0234222412109375,0,5
SH,FVD,17,2939,136,136,13.600000000000001,0.31580430269241333,0.4015088975429535,0.7524361610412598,1.018791913986206,0.3968327045440674,0,-1,1,41,0.3014705882352941,2.0,136,1.8019272089004517,0,0.0,0,0.0,0,26.419715881347656,1,6
SH,FVD,17,2940,140,140,14.0,0.32638493180274963,0.44144606590270996,5.150473117828369,7.617425918579102,1.2459758520126343,0,-1,0,0,0.0,2.0,140,4.364400386810303,0,0.0,0,0.0,0,8.892928123474121,2,7
SH,FVD,17,2941,276,276,27.6,0.29172828793525696,0.3558990955352783,6.220490455627441,7.168909549713135,0.7671066522598267,0,-1,0,0,0.0,2.0,276,4.245042324066162,0,0.0,0,0.0,0,23.729045867919922,2,7
SH,FVD,17,2942,683,683,68.3,0.2192961871623993,0.2749207317829132,6.012345790863037,7.671585559844971,0.6194753050804138,0,-1,0,0,0.0,2.0,683,2.4558956623077393,0,0.0,0,0.0,0,10.844976425170898,0,5
SH,FVD,17,2943,166,166,16.6,0.5038089156150818,0.656428873538971,2.995882987976074,3.9376609325408936,0.9663706421852112,0,-1,0,0,0.0,2.0,166,4.056558609008789,0,0.0,0,0.0,0,5.090701580047607,1,6
SH,FVD,17,2944,553,553,55.300000000000004,0.5137645602226257,0.6386657357215881,15.678926467895508,19.037185668945312,5.334413051605225,1,167,1,148,0.26763110307414106,2.0,167,0.0,0,0.0,0,0.0,0,0.0,1,6
SH,FVD,17,2945,135,135,13.5,0.27371397614479065,0.3206366300582886,4.1209282875061035,4.91938591003418,0.6163403987884521,0,-1,0,0,0.0,2.0,135,2.085373640060425,0,0.0,0,0.0,0,4.380552768707275,1,6
SH,FVD,17,2946,357,357,35.7,0.2464481145143509,0.30602049827575684,5.961181163787842,7.425762176513672,0.4581831395626068,0,-1,1,357,1.0,2.0,357,0.43442875146865845,0,0.0,0,0.0,0,6.827172756195068,0,5
SH,FVD,17,2947,135,135,13.5,0.23625388741493225,0.3093758523464203,3.732011079788208,4.724687099456787,0.6192131638526917,0,-1,1,135,1.0,2.0,135,1.446030855178833,0,0.0,0,0.0,0,18.747655868530273,2,7
SH,FVD,17,2948,293,293,29.3,0.230476513504982,0.2966294288635254,15.237146377563477,19.102588653564453,1.2913058996200562,0,-1,1,210,0.7167235494880546,2.0,293,1.1273599863052368,0,0.0,0,0.0,0,28.77082633972168,1,6
SH,FVD,17,2949,312,312,31.200000000000003,0.430481880903244,0.5206261873245239,4.331389427185059,5.2820024490356445,0.9244096279144287,0,-1,1,196,0.6282051282051282,2.0,312,1.274836540222168,0,0.0,0,0.0,0,14.385109901428223,1,6
SH,FVD,17,2950,313,313,31.3,0.44958144426345825,0.5392580628395081,13.585806846618652,15.165841102600098,0.9108757972717285,0,-1,0,0,0.0,2.0,313,2.0662310123443604,0,0.0,0,0.0,0,4.484412670135498,1,6
SH,FVD,17,2951,134,134,13.4,0.06097676232457161,0.08164621144533157,0.6438796520233154,0.8650238513946533,0.2362390011548996,0,-1,1,134,1.0,2.0,134,1.8458348512649536,0,0.0,0,0.0,0,41.142356872558594,2,7
SH,FVD,17,2952,305,305,30.5,0.39937126636505127,0.511542797088623,4.89137077331543,5.933749675750732,0.9119781851768494,0,-1,1,305,1.0,2.0,305,0.25490081310272217,0,0.0,0,0.0,0,2.704221725463867,2,7
SH,FVD,17,2953,161,161,16.1,0.352056622505188,0.5608816146850586,2.041468381881714,2.832535743713379,0.8706974983215332,1,132,1,76,0.4720496894409938,2.0,132,0.0,0,0.0,0,0.0,0,0.0,2,7
SH,FVD,17,2954,171,171,17.1,0.19152666628360748,0.23416614532470703,11.762042045593262,15.139191627502441,1.8899955749511719,0,-1,0,0,0.0,2.0,171,2.286123037338257,0,0.0,0,0.0,0,42.70693588256836,1,6
SH,FVD,17,2955,369,369,36.9,0.2331908494234085,0.31687963008880615,2.132110118865967,2.747971534729004,0.34334519505500793,0,-1,1,369,1.0,2.0,369,0.18415379524230957,0,0.0,0,0.0,0,0.6511518359184265,1,6
SH,FVD,17,2956,260,260,26.0,0.23089616000652313,0.27714699506759644,1.8176798820495605,2.2598659992218018,0.42555683851242065,0,-1,1,213,0.8192307692307692,2.0,260,1.3832634687423706,0,0.0,0,0.0,0,20.524436950683594,2,7
SH,FVD,17,2957,170,170,17.0,0.18403296172618866,0.21602115035057068,3.09741473197937,3.4718308448791504,0.2610066533088684,0,-1,1,170,1.0,2.0,170,1.095143437385559,0,0.0,0,0.0,0,21.01675796508789,1,6
SH,FVD,17,2958,147,147,14.700000000000001,0.3444834351539612,0.41816526651382446,1.4905941486358643,2.082872152328491,0.7567973732948303,0,-1,0,0,0.0,2.0,147,3.6934142112731934,0,0.0,0,0.0,0,6.7090229988098145,0,5
SH,FVD,17,2959,711,711,71.10000000000001,0.25499433279037476,0.3314598500728607,16.793352127075195,17.589231491088867,0.5583179593086243,0,-1,0,0,0.0,2.0,711,2.4220268726348877,0,0.0,0,0.0,0,6.026474475860596,0,5
SH,FVD,17,2960,240,240,24.0,0.3032975494861603,0.3772141635417938,4.474740505218506,5.551624774932861,1.0180647373199463,1,181,1,46,0.19166666666666668,2.0,181,0.0,0,0.0,0,0.0,0,0.0,0,5
SH,FVD,17,2961,583,583,58.300000000000004,0.2969217300415039,0.3749135136604309,2.6221187114715576,3.2136616706848145,0.30335232615470886,0,-1,1,40,0.0686106346483705,2.0,583,1.712354302406311,0,0.0,0,0.0,0,3.9866490364074707,2,7
SH,FVD,17,2962,283,283,28.3,0.3251900374889374,0.48729074001312256,4.044645309448242,4.405337333679199,0.7550458312034607,0,-1,1,184,0.6501766784452296,2.0,283,0.5540448427200317,0,0.0,0,0.0,0,3.0764503479003906,1,6
SH,FVD,17,2963,167,167,16.7,0.587167501449585,0.6708944439888,6.743729114532471,8.846695899963379,1.0881452560424805,1,165,1,165,0.9880239520958084,2.0,165,0.0,0,0.0,0,0.0,0,0.0,2,7
SH,FVD,17,2964,260,260,26.0,0.4063274562358856,0.5701147317886353,2.6841928958892822,4.945828437805176,0.9463189840316772,0,-1,1,199,0.7653846153846153,2.0,260,0.8542514443397522,0,0.0,0,0.0,0,7.336819171905518,0,5
SH,FVD,17,2965,480,480,48.0,0.14996656775474548,0.18054518103599548,21.454608917236328,24.204587936401367,0.9389730095863342,0,-1,1,378,0.7875,2.0,480,1.303491234779358,0,0.0,0,0.0,0,28.985389709472656,2,7
SH,FVD,17,2966,154,154,15.4,0.49823126196861267,0.7388035655021667,6.754629135131836,8.052451133728027,1.2311259508132935,0,-1,1,154,1.0,2.0,154,1.489372730255127,0,0.0,0,0.0,0,15.79088306427002,2,7
SH,FVD,17,2967,132,132,13.200000000000001,0.37859663367271423,0.537099301815033,0.7754664421081543,0.9814330339431763,0.4094843566417694,0,-1,1,132,1.0,2.0,132,0.9507734775543213,0,0.0,0,0.0,0,10.540059089660645,1,6
SH,FVD,17,2968,341,341,34.1,0.13658277690410614,0.1682722121477127,8.248201370239258,10.738225936889648,0.7677397727966309,0,-1,1,341,1.0,2.0,341,1.2740401029586792,0,0.0,0,0.0,0,22.781696319580078,2,7
SH,FVD,17,2969,158,158,15.8,0.3500618040561676,0.4349709153175354,6.338786602020264,7.978744029998779,0.8787469863891602,0,-1,1,158,1.0,2.0,158,0.5169278383255005,0,0.0,0,0.0,0,3.6258926391601562,0,5
SH,FVD,17,2970,460,460,46.0,0.29390034079551697,0.4037892818450928,8.72331714630127,10.286117553710938,0.7480139136314392,0,-1,1,460,1.0,2.0,460,0.661697506904602,0,0.0,0,0.0,0,6.8830461502075195,1,6
SH,FVD,17,2971,131,131,13.100000000000001,0.21145257353782654,0.2729984521865845,3.8926968574523926,4.496769905090332,0.5189387202262878,0,-1,0,0,0.0,2.0,131,2.395785331726074,0,0.0,0,0.0,0,29.363433837890625,2,7
SH,FVD,17,2972,168,168,16.8,0.47539839148521423,0.6243951320648193,10.23869514465332,13.66727066040039,1.871374249458313,0,-1,1,168,1.0,2.0,168,0.6191504001617432,0,0.0,0,0.0,0,10.991415977478027,0,5
SH,FVD,17,2973,294,294,29.400000000000002,0.569280207157135,0.7517253756523132,12.436416625976562,13.632898330688477,1.281906247138977,0,-1,0,0,0.0,2.0,294,2.9779441356658936,0,0.0,0,0.0,0,5.852107524871826,1,6
SH,FVD,17,2974,148,148,14.8,0.4515536427497864,0.5023996829986572,5.672508716583252,6.377255916595459,0.866119921207428,0,-1,1,3,0.02027027027027027,2.0,148,1.9897769689559937,0,0.0,0,0.0,0,50.69337463378906,0,5
SH,FVD,17,2975,362,362,36.2,0.24256658554077148,0.30000078678131104,2.3171603679656982,2.9789786338806152,0.46856147050857544,0,-1,1,134,0.3701657458563536,2.0,362,1.9288935661315918,0,0.0,0,0.0,0,25.37677574157715,0,5
SH,FVD,17,2976,136,136,13.600000000000001,0.2583935558795929,0.3137507438659668,1.157962679862976,1.6638027429580688,0.5559366941452026,0,-1,1,104,0.7647058823529411,2.0,136,1.5322790145874023,0,0.0,0,0.0,0,28.962379455566406,2,7
SH,FVD,17,2977,162,162,16.2,0.27694737911224365,0.36335301399230957,2.692864179611206,2.8665082454681396,0.39649778604507446,0,-1,0,0,0.0,2.0,162,2.708028554916382,0,0.0,0,0.0,0,3.1552257537841797,2,7
SH,FVD,17,2978,145,145,14.5,0.1763659566640854,0.2064148187637329,0.8758483529090881,0.9985677003860474,0.1571674346923828,0,-1,1,126,0.8689655172413793,2.0,145,1.3461967706680298,0,0.0,0,0.0,0,4.189991474151611,2,7
SH,FVD,17,2979,629,629,62.900000000000006,0.41076457500457764,0.5180336236953735,10.595867156982422,12.08068561553955,5.086747169494629,1,128,1,128,0.20349761526232116,2.0,128,0.0,0,0.0,0,0.0,0,0.0,2,7
SH,FVD,17,2980,212,212,21.200000000000003,0.20061320066452026,0.2838069498538971,3.16044020652771,3.391185760498047,0.29432758688926697,0,-1,1,212,1.0,2.0,212,1.138648509979248,0,0.0,0,0.0,0,12.639358520507812,2,7
SH,FVD,17,2981,135,135,13.5,0.2755848169326782,0.4152527153491974,13.696381568908691,16.4343318939209,2.222823143005371,0,-1,1,135,1.0,2.0,135,1.1155130863189697,0,0.0,0,0.0,0,19.8629093170166,0,5
SH,FVD,17,2982,426,426,42.6,0.3578817546367645,0.46060240268707275,2.2032530307769775,2.892177104949951,0.5095552802085876,1,418,1,147,0.34507042253521125,2.0,418,0.0,0,0.0,0,0.0,0,0.0,2,7
SH,FVD,17,2983,171,171,17.1,0.3637189269065857,0.4891713559627533,7.4609198570251465,8.372708320617676,0.715166449546814,0,-1,1,171,1.0,2.0,171,1.3418418169021606,0,0.0,0,0.0,0,22.30652618408203,2,7
SH,FVD,17,2984,161,161,16.1,0.10741633176803589,0.14052994549274445,0.15907898545265198,0.19270162284374237,0.09054936468601227,0,-1,1,161,1.0,2.0,161,0.5830543041229248,0,0.0,0,0.0,0,10.260931015014648,0,5
SH,FVD,17,2985,204,204,20.400000000000002,0.18225982785224915,0.2386961281299591,14.597505569458008,17.705291748046875,1.524149775505066,0,-1,1,180,0.8823529411764706,2.0,204,1.5243940353393555,0,0.0,0,0.0,0,32.81761169433594,0,5
SH,FVD,17,2986,567,567,56.7,0.49564874172210693,0.6732718348503113,5.670846462249756,6.838411331176758,0.6899781227111816,0,-1,0,0,0.0,2.0,567,2.808467149734497,0,0.0,0,0.0,0,5.194629669189453,2,7
SH,FVD,17,2987,421,421,42.1,0.20107372105121613,0.26995959877967834,7.5921783447265625,8.633978843688965,0.5949767827987671,0,-1,1,157,0.37292161520190026,2.0,421,0.7658048868179321,0,0.0,0,0.0,0,5.013369560241699,0,5
SH,FVD,17,2988,608,608,60.800000000000004,0.22773464024066925,0.34769290685653687,7.056993007659912,7.901360034942627,0.5170733332633972,1,594,1,35,0.05756578947368421,2.0,594,0.0,0,0.0,0,0.0,0,0.0,2,7
SH,FVD,17,2989,454,454,45.400000000000006,0.504729151725769,0.6386424899101257,4.421818256378174,5.734525680541992,0.6777421832084656,0,-1,1,160,0.3524229074889868,2.0,454,0.8268187046051025,0,0.0,0,0.0,0,1.4998201131820679,0,5
SH,FVD,17,2990,263,263,26.3,0.27750101685523987,0.31964612007141113,26.654945373535156,33.322181701660156,2.1760191917419434,0,-1,0,0,0.0,2.0,263,2.475745916366577,0,0.0,0,0.0,0,44.65946578979492,2,7
SH,FVD,17,2991,154,154,15.4,0.30040958523750305,0.37635400891304016,9.949265480041504,11.689863204956055,1.0603487491607666,0,-1,1,154,1.0,2.0,154,0.4054887294769287,0,0.0,0,0.0,0,7.71118688583374,0,5
SH,FVD,17,2992,147,147,14.700000000000001,0.2703647017478943,0.3756867051124573,4.259896755218506,5.085614204406738,0.6706899404525757,0,-1,1,147,1.0,2.0,147,0.6714548468589783,0,0.0,0,0.0,0,9.748685836791992,1,6
SH,FVD,17,2993,160,160,16.0,0.2404976338148117,0.2809751629829407,10.085224151611328,13.13248348236084,1.4752975702285767,0,-1,0,0,0.0,2.0,160,3.0129263401031494,0,0.0,0,0.0,0,70.8851318359375,1,6
SH,FVD,17,2994,162,162,16.2,0.16384227573871613,0.20141100883483887,7.028944969177246,8.315735816955566,0.7475851774215698,0,-1,1,162,1.0,2.0,162,1.1668485403060913,0,0.0,0,0.0,0,30.469417572021484,0,5
SH,FVD,17,2995,414,414,41.400000000000006,0.2697090208530426,0.37728607654571533,3.5688934326171875,4.905875205993652,0.5140653848648071,0,-1,1,206,0.4975845410628019,2.0,414,0.4307851195335388,0,0.0,0,0.0,0,2.2051985263824463,2,7
SH,FVD,17,2996,195,195,19.5,0.29728153347969055,0.36865153908729553,2.7891478538513184,3.597578287124634,0.9083795547485352,1,170,1,46,0.2358974358974359,2.0,170,0.0,0,0.0,0,0.0,0,0.0,1,6
SH,FVD,17,2997,959,959,95.9,0.21025434136390686,0.2741547226905823,11.34526252746582,14.240015983581543,1.0527329444885254,0,-1,1,959,1.0,2.0,959,1.0011816024780273,0,0.0,0,0.0,0,26.78994369506836,1,6
SH,FVD,17,2998,341,341,34.1,0.08980593085289001,0.11596116423606873,17.386188507080078,20.804969787597656,1.1199849843978882,0,-1,0,0,0.0,2.0,341,3.318239688873291,0,0.0,0,0.0,0,89.3055419921875,0,5
SH,FVD,17,2999,171,171,17.1,0.3785812258720398,0.5869665145874023,5.024289608001709,5.379347324371338,0.5951797962188721,0,-1,0,0,0.0,2.0,171,5.48649787902832,0,0.0,0,0.0,0,5.628837585449219,0,5
SH,FVD,17,3000,211,211,21.1,0.38112688064575195,0.5308284163475037,9.122143745422363,10.66398811340332,1.5605138540267944,0,-1,1,34,0.16113744075829384,2.0,211,0.9941431879997253,0,0.0,0,0.0,0,3.3965086936950684,2,7
SH,FVD,17,3001,392,392,39.2,0.18653671443462372,0.24344971776008606,2.670767307281494,2.9907212257385254,0.3657231628894806,0,-1,1,305,0.7780612244897959,2.0,392,1.183284878730774,0,0.0,0,0.0,0,7.102686405181885,0,5
SH,FVD,17,3002,263,263,26.3,0.32407471537590027,0.3990896940231323,1.4903289079666138,2.387410879135132,0.5451013445854187,0,-1,1,263,1.0,2.0,263,1.2679766416549683,0,0.0,0,0.0,0,31.216598510742188,0,5
SH,FVD,17,3003,152,152,15.200000000000001,0.23904702067375183,0.2956238389015198,3.185852289199829,3.7011935710906982,1.0107288360595703,1,124,1,124,0.8157894736842105,2.0,124,0.0,0,0.0,0,0.0,0,0.0,1,6
SH,FVD,17,3004,145,145,14.5,0.24753804504871368,0.31023260951042175,3.06667423248291,3.3945441246032715,0.4475434422492981,0,-1,0,0,0.0,2.0,145,2.5999748706817627,0,0.0,0,0.0,0,6.315168857574463,0,5
SH,FVD,17,3005,270,270,27.0,0.46911242604255676,0.6608806252479553,3.88555908203125,4.42396879196167,1.738106608390808,1,136,1,136,0.5037037037037037,2.0,136,0.0,0,0.0,0,0.0,0,0.0,0,5
SH,FVD,17,3006,203,203,20.3,0.3491121530532837,0.44933176040649414,8.375129699707031,9.319416999816895,0.9843058586120605,0,-1,0,0,0.0,2.0,203,2.994147539138794,0,0.0,0,0.0,0,10.291057586669922,2,7
SH,FVD,17,3007,180,180,18.0,0.24572868645191193,0.2964042127132416,1.748471736907959,2.2807953357696533,0.39525604248046875,0,-1,1,180,1.0,2.0,180,1.414640188217163,0,0.0,0,0.0,0,16.002769470214844,1,6
SH,FVD,17,3008,325,325,32.5,0.2816903293132782,0.3756259083747864,7.107807159423828,8.87596321105957,0.7919559478759766,0,-1,1,325,1.0,2.0,325,0.8574604988098145,0,0.0,0,0.0,0,13.727798461914062,2,7
SH,FVD,17,3009,2991,2991,299.1,0.4022305905818939,0.49372291564941406,4.885615348815918,5.434091091156006,3.1952507495880127,1,410,1,410,0.13707790036776998,2.0,410,0.0,0,0.0,0,0.0,0,0.0,2,7
SH,FVD,17,3010,210,210,21.0,0.35643765330314636,0.4649723172187805,2.26963472366333,2.759634256362915,0.6838564276695251,0,-1,1,123,0.5857142857142857,2.0,210,1.3680094480514526,0,0.0,0,0.0,0,6.060913562774658,0,5
SH,FVD,17,3011,474,474,47.400000000000006,0.30365636944770813,0.37838006019592285,10.738016128540039,11.716601371765137,0.6514330506324768,0,-1,0,0,0.0,2.0,474,2.3601129055023193,0,0.0,0,0.0,0,4.399395942687988,0,5
SH,FVD,17,3012,138,138,13.8,0.6257266998291016,0.7234069108963013,8.407661437988281,9.891914367675781,2.4103896617889404,1,81,1,81,0.5869565217391305,2.0,81,0.0,0,0.0,0,0.0,0,0.0,2,7
SH,FVD,17,3013,136,136,13.600000000000001,0.7371605634689331,0.8737879991531372,9.005837440490723,10.902709007263184,1.7346429824829102,0,-1,1,88,0.6470588235294118,2.0,136,0.5345490574836731,0,0.0,0,0.0,0,2.4407315254211426,0,5
SH,FVD,17,3014,252,252,25.200000000000003,0.17657874524593353,0.21113024652004242,20.12481117248535,25.357421875,2.097325563430786,0,-1,0,0,0.0,2.0,252,4.075356483459473,0,0.0,0,0.0,0,78.45342254638672,0,5
SH,FVD,17,3015,601,601,60.1,0.19937781989574432,0.25772297382354736,28.456518173217773,34.50666427612305,1.1795878410339355,0,-1,1,216,0.3594009983361065,2.0,601,1.5143948793411255,0,0.0,0,0.0,0,30.18975257873535,1,6
SH,FVD,17,3016,225,225,22.5,0.2341829091310501,0.29395174980163574,1.8845012187957764,2.0676307678222656,0.42878788709640503,0,-1,1,50,0.2222222222222222,2.0,225,1.9489420652389526,0,0.0,0,0.0,0,10.10939884185791,2,7
SH,FVD,17,3017,137,137,13.700000000000001,0.31927502155303955,0.3960117995738983,7.479181289672852,9.616913795471191,1.2044488191604614,0,-1,1,137,1.0,2.0,137,1.0659642219543457,0,0.0,0,0.0,0,14.606176376342773,0,5
SH,FVD,17,3018,148,148,14.8,0.1313277631998062,0.16521397233009338,2.146008253097534,2.6246817111968994,0.18352267146110535,0,-1,0,0,0.0,2.0,148,7.733275890350342,0,0.0,0,0.0,0,3.5857720375061035,1,6
SH,FVD,17,3019,143,143,14.3,0.47453591227531433,0.5726397037506104,4.137559413909912,5.033364772796631,1.0281869173049927,0,-1,1,48,0.3356643356643357,2.0,143,1.6051948070526123,0,0.0,0,0.0,0,12.538939476013184,0,5
SH,FVD,17,3020,254,254,25.400000000000002,0.23106715083122253,0.30886682868003845,0.775745153427124,0.8934502601623535,0.5143685936927795,1,74,1,69,0.27165354330708663,2.0,74,0.0,0,0.0,0,0.0,0,0.0,2,7
SH,FVD,17,3021,343,343,34.300000000000004,0.29992660880088806,0.34898221492767334,23.134279251098633,25.57673454284668,1.315672516822815,0,-1,1,112,0.32653061224489793,2.0,343,1.4659323692321777,0,0.0,0,0.0,0,31.944149017333984,1,6
SH,FVD,17,3022,333,333,33.300000000000004,0.5119158029556274,0.7253960967063904,4.03559684753418,5.500856876373291,1.6973638534545898,1,112,1,112,0.33633633633633636,2.0,112,0.0,0,0.0,0,0.0,0,0.0,1,6
SH,FVD,17,3023,1059,1059,105.9,0.30316004157066345,0.39658015966415405,2.903899669647217,3.5951223373413086,0.5531647205352783,1,1036,1,593,0.5599622285174694,2.0,1036,0.0,0,0.0,0,0.0,0,0.0,0,5
SH,FVD,17,3024,179,179,17.900000000000002,0.3574009835720062,0.44050392508506775,4.878933429718018,5.807353973388672,0.6823947429656982,0,-1,0,0,0.0,2.0,179,2.404648542404175,0,0.0,0,0.0,0,23.121570587158203,2,7
SH,FVD,17,3025,174,174,17.400000000000002,0.23566250503063202,0.31292226910591125,15.785255432128906,19.24445915222168,2.032745361328125,0,-1,1,174,1.0,2.0,174,1.5308341979980469,0,0.0,0,0.0,0,27.82423973083496,2,7
SH,FVD,17,3026,353,353,35.300000000000004,0.2957562804222107,0.3799383044242859,3.551046371459961,4.225794315338135,0.6041601896286011,0,-1,1,353,1.0,2.0,353,0.6782912015914917,0,0.0,0,0.0,0,13.509202003479004,2,7
SH,FVD,17,3027,281,281,28.1,0.510823130607605,0.764262855052948,13.805463790893555,17.235519409179688,1.7574774026870728,0,-1,0,0,0.0,2.0,281,3.8554608821868896,0,0.0,0,0.0,0,10.463826179504395,2,7
SH,FVD,17,3028,180,180,18.0,0.4460897147655487,0.5422734022140503,2.9704833030700684,3.4770004749298096,1.331637978553772,1,134,1,134,0.7444444444444445,2.0,134,0.0,0,0.0,0,0.0,0,0.0,2,7
SH,FVD,17,3029,348,348,34.800000000000004,0.4835187494754791,0.6510389447212219,1.9152222871780396,2.348572254180908,0.7180138826370239,0,-1,1,268,0.7701149425287356,2.0,348,0.03985047712922096,0,0.0,0,0.0,0,0.0998375192284584,1,6
SH,FVD,17,3030,248,248,24.8,0.3300463855266571,0.44524040818214417,1.020777702331543,1.2487356662750244,0.3935627043247223,0,-1,1,248,1.0,2.0,248,0.3708457052707672,0,0.0,0,0.0,0,3.4751155376434326,2,7
SH,FVD,17,3031,1357,1357,135.70000000000002,0.16827335953712463,0.21849147975444794,8.50438117980957,9.688945770263672,0.5445224046707153,0,-1,1,1357,1.0,2.0,1357,0.6346269249916077,0,0.0,0,0.0,0,8.433323860168457,0,5
SH,FVD,17,3032,159,159,15.9,0.327906996011734,0.39620593190193176,5.063441276550293,6.131612300872803,0.758596658706665,0,-1,0,0,0.0,2.0,159,3.0223324298858643,0,0.0,0,0.0,0,12.480890274047852,0,5
SH,FVD,17,3033,235,235,23.5,0.2191428393125534,0.2744467258453369,14.037653923034668,15.958014488220215,1.0130512714385986,0,-1,1,210,0.8936170212765957,2.0,235,1.7925156354904175,0,0.0,0,0.0,0,18.128759384155273,0,5
SH,FVD,17,3034,190,190,19.0,0.2283221036195755,0.3360617756843567,1.600299596786499,2.258319854736328,0.4106096625328064,0,-1,1,55,0.2894736842105263,2.0,190,1.632041573524475,0,0.0,0,0.0,0,15.405534744262695,0,5
SH,FVD,17,3035,198,198,19.8,0.5122658610343933,0.692750096321106,4.92026948928833,6.299111843109131,1.524124026298523,0,-1,1,5,0.025252525252525252,2.0,198,1.732582688331604,0,0.0,0,0.0,0,1.8952568769454956,0,5
SH,FVD,17,3036,885,885,88.5,0.47614914178848267,0.5939949154853821,14.261941909790039,15.775185585021973,7.20817232131958,1,291,1,185,0.20903954802259886,2.0,291,0.0,0,0.0,0,0.0,0,0.0,2,7
SH,FVD,17,3037,1776,1776,177.60000000000002,0.3901544213294983,0.48614174127578735,8.750875473022461,9.373499870300293,6.088681221008301,1,96,1,96,0.05405405405405406,2.0,96,0.0,0,0.0,0,0.0,0,0.0,2,7
SH,FVD,17,3038,151,151,15.100000000000001,0.35763195157051086,0.39187803864479065,2.340761184692383,2.9026358127593994,1.0194215774536133,0,-1,1,106,0.7019867549668874,2.0,151,1.460946798324585,0,0.0,0,0.0,0,24.12544059753418,0,5
SH,FVD,17,3039,495,495,49.5,0.22054679691791534,0.2734736204147339,8.283780097961426,9.831473350524902,0.6579186916351318,0,-1,1,495,1.0,2.0,495,0.517839252948761,0,0.0,0,0.0,0,8.430838584899902,0,5
SH,FVD,17,3040,477,477,47.7,0.396185040473938,0.5080274939537048,3.138341188430786,3.479311227798462,1.830885887145996,1,103,1,103,0.21593291404612158,2.0,103,0.0,0,0.0,0,0.0,0,0.0,0,5
SH,FVD,17,3041,208,208,20.8,0.11768821626901627,0.1554754376411438,10.502842903137207,12.806673049926758,1.100843071937561,0,-1,0,0,0.0,2.0,208,2.254282236099243,0,0.0,0,0.0,0,33.30003356933594,1,6
SH,FVD,17,3042,222,222,22.200000000000003,0.3546934127807617,0.45473921298980713,13.050687789916992,14.167692184448242,1.0178139209747314,0,-1,0,0,0.0,2.0,222,3.051103353500366,0,0.0,0,0.0,0,21.174007415771484,0,5
SH,FVD,17,3043,391,391,39.1,0.327985018491745,0.42751750349998474,3.257019519805908,4.022823810577393,0.6443580389022827,0,-1,1,295,0.7544757033248082,2.0,391,1.2071768045425415,0,0.0,0,0.0,0,10.230031967163086,2,7
SH,FVD,17,3044,268,268,26.8,0.28898781538009644,0.34917354583740234,6.706174850463867,9.009586334228516,0.6592761874198914,0,-1,0,0,0.0,2.0,268,2.4873759746551514,0,0.0,0,0.0,0,62.379981994628906,0,5
SH,FVD,17,3045,186,186,18.6,0.33338043093681335,0.38576433062553406,6.9649810791015625,7.901285171508789,0.7425609827041626,0,-1,0,0,0.0,2.0,186,3.5963971614837646,0,0.0,0,0.0,0,2.8653249740600586,1,6
SH,FVD,17,3046,482,482,48.2,0.10332972556352615,0.1286088228225708,4.372104644775391,4.957784175872803,0.3260616362094879,0,-1,1,385,0.7987551867219918,2.0,482,1.6661193370819092,0,0.0,0,0.0,0,36.85538101196289,1,6
SH,FVD,17,3047,240,240,24.0,0.22777868807315826,0.2843340337276459,3.323974132537842,3.8880982398986816,0.44912344217300415,0,-1,1,240,1.0,2.0,240,1.3057876825332642,0,0.0,0,0.0,0,31.556678771972656,1,6
SH,FVD,17,3048,286,286,28.6,0.3862329125404358,0.4845829904079437,5.628556728363037,6.588262557983398,0.850111186504364,0,-1,1,254,0.8881118881118881,2.0,286,0.6599732637405396,0,0.0,0,0.0,0,2.7422995567321777,0,5
SH,FVD,17,3049,158,158,15.8,0.2935888171195984,0.3685082197189331,1.6632683277130127,2.316502809524536,0.8654244542121887,1,154,1,154,0.9746835443037974,2.0,154,0.0,0,0.0,0,0.0,0,0.0,1,6
SH,FVD,17,3050,383,383,38.300000000000004,0.5489298701286316,0.6554251909255981,9.221909523010254,10.032675743103027,6.723771095275879,1,79,1,79,0.206266318537859,2.0,79,0.0,0,0.0,0,0.0,0,0.0,0,5
SH,FVD,17,3051,198,198,19.8,0.5629996061325073,0.7125825881958008,1.3859083652496338,1.601196050643921,0.4762994349002838,0,-1,1,179,0.9040404040404041,2.0,198,0.5720129013061523,0,0.0,0,0.0,0,0.9142282605171204,1,6
SH,FVD,17,3052,389,389,38.900000000000006,0.2414902001619339,0.3210100531578064,9.467921257019043,10.590278625488281,0.6093888282775879,0,-1,0,0,0.0,2.0,389,2.6386847496032715,0,0.0,0,0.0,0,7.184144973754883,2,7
SH,FVD,17,3053,181,181,18.1,0.17678585648536682,0.2215537428855896,1.9150092601776123,2.2942824363708496,0.4269903600215912,0,-1,1,181,1.0,2.0,181,1.3007806539535522,0,0.0,0,0.0,0,14.245559692382812,2,7
SH,FVD,17,3054,416,416,41.6,0.2770766317844391,0.34562310576438904,8.15347671508789,9.316510200500488,0.6266899108886719,0,-1,0,0,0.0,2.0,416,2.5390684604644775,0,0.0,0,0.0,0,4.890570163726807,2,7
SH,FVD,17,3055,342,342,34.2,0.4109311103820801,0.5593150854110718,6.458847522735596,7.003973960876465,3.897529363632202,1,66,1,66,0.19298245614035087,2.0,66,0.0,0,0.0,0,0.0,0,0.0,0,5
SH,FVD,17,3056,142,142,14.200000000000001,0.24153876304626465,0.29705750942230225,1.0250848531723022,1.2467681169509888,0.43640682101249695,1,130,1,44,0.30985915492957744,2.0,130,0.0,0,0.0,0,0.0,0,0.0,0,5
SH,FVD,17,3057,255,255,25.5,0.2478683888912201,0.308024525642395,0.7748855948448181,1.0162280797958374,0.3129292130470276,0,-1,1,255,1.0,2.0,255,0.5790083408355713,0,0.0,0,0.0,0,9.501967430114746,2,7
SH,FVD,17,3058,371,371,37.1,0.3262293040752411,0.427575021982193,2.5755488872528076,3.324597120285034,0.45522359013557434,0,-1,1,106,0.2857142857142857,2.0,371,1.7418091297149658,0,0.0,0,0.0,0,11.3252534866333,0,5
SH,FVD,17,3059,366,366,36.6,0.2007339596748352,0.24003224074840546,2.088123321533203,2.400805950164795,0.4059010446071625,0,-1,0,0,0.0,2.0,366,2.046231269836426,0,0.0,0,0.0,0,7.136179447174072,0,5
SH,FVD,17,3060,204,204,20.400000000000002,0.6290530562400818,0.7527024745941162,3.0596561431884766,3.3704993724823,2.517833709716797,1,92,1,92,0.45098039215686275,2.0,92,0.0,0,0.0,0,0.0,0,0.0,1,6
SH,FVD,17,3061,316,316,31.6,0.1353815346956253,0.17055390775203705,5.738902568817139,7.1631855964660645,0.44863298535346985,0,-1,1,316,1.0,2.0,316,1.2531658411026,0,0.0,0,0.0,0,23.069496154785156,2,7
SH,FVD,17,3062,217,217,21.700000000000003,0.7645012140274048,1.0752555131912231,7.508269786834717,8.578498840332031,1.7603970766067505,1,132,1,132,0.6082949308755761,2.0,132,0.0,0,0.0,0,0.0,0,0.0,2,7
SH,FVD,17,3063,566,566,56.6,0.28099170327186584,0.38151928782463074,4.808844089508057,5.735421657562256,0.6380067467689514,1,504,1,51,0.09010600706713781,2.0,504,0.0,0,0.0,0,0.0,0,0.0,0,5
SH,FVD,17,3064,236,236,23.6,0.40096917748451233,0.5726552605628967,7.126145362854004,8.5573148727417,0.8437010049819946,0,-1,0,0,0.0,2.0,236,2.39896559715271,0,0.0,0,0.0,0,9.161955833435059,0,5
SH,FVD,17,3065,355,355,35.5,0.20881889760494232,0.2826109230518341,7.500781059265137,8.637784957885742,0.4628117084503174,0,-1,1,286,0.8056338028169014,2.0,355,1.563349723815918,0,0.0,0,0.0,0,33.505680084228516,0,5
SH,FVD,17,3066,285,285,28.5,0.40408721566200256,0.6042413711547852,3.3177690505981445,5.741631031036377,1.3155314922332764,0,-1,1,52,0.1824561403508772,2.0,285,1.004333257675171,0,0.0,0,0.0,0,4.061583995819092,2,7
SH,FVD,17,3067,470,470,47.0,0.10580442100763321,0.1696143001317978,48.34840774536133,55.87885665893555,1.960793375968933,0,-1,1,470,1.0,2.0,470,0.5703049302101135,0,0.0,0,0.0,0,15.790614128112793,1,6
SH,FVD,17,3068,196,196,19.6,0.2991759181022644,0.41526737809181213,1.806797981262207,2.7411046028137207,0.7020525932312012,1,163,1,73,0.37244897959183676,2.0,163,0.0,0,0.0,0,0.0,0,0.0,1,6
SH,FVD,17,3069,165,165,16.5,0.3167589008808136,0.37352752685546875,1.9126901626586914,2.6510767936706543,0.8713433742523193,0,-1,0,0,0.0,2.0,165,4.112556457519531,0,0.0,0,0.0,0,23.43733024597168,0,5
SH,FVD,17,3070,271,271,27.1,0.44515374302864075,0.5565090179443359,3.4128386974334717,4.401248931884766,0.9754263758659363,0,-1,1,271,1.0,2.0,271,0.6130598187446594,0,0.0,0,0.0,0,4.653546333312988,2,7
SH,FVD,17,3071,140,140,14.0,0.24216945469379425,0.33119672536849976,4.273801326751709,6.5696187019348145,1.2136108875274658,0,-1,1,11,0.07857142857142857,2.0,140,1.8168119192123413,0,0.0,0,0.0,0,30.200204849243164,0,5
SH,FVD,17,3072,283,283,28.3,0.21203018724918365,0.2579600512981415,3.4597959518432617,5.460762023925781,0.8012370467185974,0,-1,1,216,0.7632508833922261,2.0,283,0.7773991823196411,0,0.0,0,0.0,0,3.193697452545166,2,7
SH,FVD,17,3073,494,494,49.400000000000006,0.2587098181247711,0.35854485630989075,8.606156349182129,9.521611213684082,0.6346015334129333,0,-1,1,3,0.006072874493927126,2.0,494,1.8646386861801147,0,0.0,0,0.0,0,1.841924786567688,0,5
SH,FVD,17,3074,318,318,31.8,0.2764764726161957,0.36309814453125,8.493996620178223,9.54282283782959,0.6667007803916931,0,-1,0,0,0.0,2.0,318,3.105158567428589,0,0.0,0,0.0,0,4.019363880157471,0,5
SH,FVD,17,3075,354,354,35.4,0.20132915675640106,0.2847972512245178,4.829879283905029,5.6598639488220215,1.8695145845413208,1,171,1,171,0.4830508474576271,2.0,171,0.0,0,0.0,0,0.0,0,0.0,1,6
SH,FVD,17,3076,167,167,16.7,0.4385201334953308,0.5492845177650452,4.022611618041992,5.602375507354736,0.853787899017334,0,-1,1,57,0.3413173652694611,2.0,167,1.404631495475769,0,0.0,0,0.0,0,21.74932289123535,0,5
SH,FVD,17,3077,478,478,47.800000000000004,0.19843657314777374,0.2526564598083496,4.0085039138793945,4.469097137451172,0.5893294215202332,1,417,1,417,0.8723849372384938,2.0,417,0.0,0,0.0,0,0.0,0,0.0,2,7
SH,FVD,17,3078,149,149,14.9,0.4860255718231201,0.5909853577613831,0.9800288081169128,1.2284849882125854,0.6692648530006409,0,-1,1,42,0.28187919463087246,2.0,149,1.4428293704986572,0,0.0,0,0.0,0,2.698660373687744,2,7
SH,FVD,17,3079,385,385,38.5,0.36565107107162476,0.5224559307098389,2.3474771976470947,2.857985496520996,0.466480016708374,0,-1,1,102,0.2649350649350649,2.0,385,0.7232784628868103,0,0.0,0,0.0,0,1.48776113986969,0,5
SH,FVD,17,3080,222,222,22.200000000000003,0.2646404504776001,0.3541487753391266,2.437249183654785,3.0156593322753906,0.49565622210502625,0,-1,0,0,0.0,2.0,222,2.668071985244751,0,0.0,0,0.0,0,8.27572250366211,1,6
SH,FVD,17,3081,297,297,29.700000000000003,0.2989051640033722,0.4035413861274719,15.65831470489502,17.643367767333984,1.2267919778823853,0,-1,0,0,0.0,2.0,297,2.5464236736297607,0,0.0,0,0.0,0,7.728569507598877,0,5
SH,FVD,17,3082,279,279,27.900000000000002,0.20649497210979462,0.26744750142097473,15.308798789978027,17.355440139770508,0.8499585390090942,0,-1,1,279,1.0,2.0,279,0.14230884611606598,0,0.0,0,0.0,0,2.228271722793579,2,7
SH,FVD,17,3083,191,191,19.1,0.34728536009788513,0.44721582531929016,2.0478546619415283,2.6421680450439453,0.6433117985725403,0,-1,0,0,0.0,2.0,191,2.499689817428589,0,0.0,0,0.0,0,4.582057952880859,0,5
SH,FVD,17,3084,794,794,79.4,0.3201620578765869,0.40801364183425903,15.260492324829102,18.071611404418945,5.281729221343994,1,102,1,76,0.09571788413098237,2.0,102,0.0,0,0.0,0,0.0,0,0.0,2,7
SH,FVD,17,3085,139,139,13.9,0.19224995374679565,0.22882460057735443,1.2736116647720337,1.6644459962844849,0.4420197904109955,0,-1,0,0,0.0,2.0,139,2.5500967502593994,0,0.0,0,0.0,0,50.558998107910156,1,6
SH,FVD,17,3086,169,169,16.900000000000002,0.1843876987695694,0.29213500022888184,2.617295026779175,3.6012165546417236,0.47345417737960815,0,-1,1,125,0.7396449704142012,2.0,169,0.4041268527507782,0,0.0,0,0.0,0,0.8362060189247131,2,7
SH,FVD,17,3087,248,248,24.8,0.47819945216178894,0.6314302086830139,3.068422794342041,4.314494609832764,1.38679838180542,1,181,1,181,0.7298387096774194,2.0,181,0.0,0,0.0,0,0.0,0,0.0,0,5
SH,FVD,17,3088,134,134,13.4,0.2689756453037262,0.3169071674346924,3.4304254055023193,5.292539596557617,1.129896640777588,0,-1,1,112,0.835820895522388,2.0,134,1.56468665599823,0,0.0,0,0.0,0,35.418975830078125,0,5
SH,FVD,17,3089,247,247,24.700000000000003,0.3326570391654968,0.5345304608345032,3.760301351547241,4.9945878982543945,0.7748209238052368,1,214,1,129,0.5222672064777328,2.0,214,0.0,0,0.0,0,0.0,0,0.0,1,6
SH,FVD,17,3090,694,694,69.4,0.4780041575431824,0.6430439949035645,9.356746673583984,10.1570405960083,5.051599979400635,1,138,1,109,0.15706051873198848,2.0,138,0.0,0,0.0,0,0.0,0,0.0,2,7
SH,FVD,17,3091,203,203,20.3,0.33267197012901306,0.44582289457321167,33.295406341552734,40.36334991455078,3.3808701038360596,0,-1,1,203,1.0,2.0,203,0.4629480540752411,0,0.0,0,0.0,0,9.919763565063477,0,5
SH,FVD,17,3092,401,401,40.1,0.4361441731452942,0.5922199487686157,8.417851448059082,10.289239883422852,1.339336633682251,0,-1,0,0,0.0,2.0,401,2.2410519123077393,0,0.0,0,0.0,0,4.29154634475708,2,7
SH,FVD,17,3093,314,314,31.400000000000002,0.2815970480442047,0.3449814021587372,13.069207191467285,14.254300117492676,0.7732729315757751,0,-1,0,0,0.0,2.0,314,2.788745880126953,0,0.0,0,0.0,0,15.733426094055176,2,7
SH,FVD,17,3094,248,248,24.8,0.1898319274187088,0.26391229033470154,9.641850471496582,11.881916999816895,0.7721952795982361,0,-1,1,248,1.0,2.0,248,1.0869625806808472,0,0.0,0,0.0,0,15.064111709594727,1,6
SH,FVD,17,3095,284,284,28.400000000000002,0.28273531794548035,0.3487239181995392,4.844847202301025,5.530964374542236,2.0573482513427734,1,90,1,90,0.31690140845070425,2.0,90,0.0,0,0.0,0,0.0,0,0.0,1,6
SH,FVD,17,3096,242,242,24.200000000000003,0.2654377818107605,0.33182212710380554,1.338509440422058,1.747027039527893,0.34322115778923035,0,-1,1,63,0.2603305785123967,2.0,242,1.5928394794464111,0,0.0,0,0.0,0,4.387352466583252,2,7
SH,FVD,17,3097,287,287,28.700000000000003,0.2035798728466034,0.24012905359268188,12.442404747009277,15.58406925201416,0.8522104620933533,0,-1,1,181,0.6306620209059234,2.0,287,1.28702712059021,0,0.0,0,0.0,0,32.8343620300293,2,7
SH,FVD,17,3098,236,236,23.6,0.18727850914001465,0.22917424142360687,5.9971489906311035,7.683468818664551,0.5842071771621704,0,-1,1,236,1.0,2.0,236,1.2721418142318726,0,0.0,0,0.0,0,23.674238204956055,1,6
SH,FVD,17,3099,295,295,29.5,0.2116902619600296,0.2731212079524994,26.17154312133789,32.410091400146484,2.334158420562744,0,-1,0,0,0.0,2.0,295,4.172669410705566,0,0.0,0,0.0,0,8.22657585144043,1,6
SH,FVD,17,3100,201,201,20.1,0.39387473464012146,0.47704464197158813,6.635753154754639,7.501913070678711,1.3575530052185059,1,147,1,147,0.7313432835820896,2.0,147,0.0,0,0.0,0,0.0,0,0.0,2,7
SH,FVD,17,3101,301,301,30.1,0.21199819445610046,0.26334646344184875,7.415330410003662,8.689723014831543,0.5557259917259216,0,-1,1,301,1.0,2.0,301,0.4469797909259796,0,0.0,0,0.0,0,4.037277698516846,0,5
SH,FVD,17,3102,276,276,27.6,0.38592204451560974,0.5426178574562073,13.584898948669434,15.65212345123291,1.7512916326522827,1,216,1,147,0.532608695652174,2.0,216,0.0,0,0.0,0,0.0,0,0.0,0,5
SH,FVD,17,3103,448,448,44.800000000000004,0.25952139496803284,0.33655235171318054,5.502244472503662,6.928986072540283,0.47755399346351624,0,-1,1,448,1.0,2.0,448,0.3762595057487488,0,0.0,0,0.0,0,4.9840216636657715,0,5
SH,FVD,17,3104,200,200,20.0,0.25368162989616394,0.2871212065219879,1.642083764076233,1.9317779541015625,0.6098148226737976,0,-1,1,200,1.0,2.0,200,0.8159649968147278,0,0.0,0,0.0,0,22.954204559326172,0,5
SH,FVD,17,3105,172,172,17.2,0.4847175180912018,0.59532630443573,1.5392699241638184,1.8439481258392334,0.41344940662384033,0,-1,1,172,1.0,2.0,172,1.276902437210083,0,0.0,0,0.0,0,4.46148681640625,2,7
SH,FVD,17,3106,1353,1353,135.3,0.20352919399738312,0.25679904222488403,4.31571102142334,5.11629056930542,0.36797958612442017,0,-1,1,1209,0.893569844789357,2.0,1353,0.6837502121925354,0,0.0,0,0.0,0,5.07956600189209,1,6
SH,FVD,17,3107,284,284,28.400000000000002,0.515933632850647,0.6528470516204834,2.375656843185425,2.9572765827178955,1.2903860807418823,1,187,1,187,0.6584507042253521,2.0,187,0.0,0,0.0,0,0.0,0,0.0,2,7
SH,FVD,17,3108,150,150,15.0,0.3412831425666809,0.433056503534317,0.802483320236206,0.9696880578994751,0.5660813450813293,0,-1,1,118,0.7866666666666666,2.0,150,1.2114840745925903,0,0.0,0,0.0,0,2.3658339977264404,2,7
SH,FVD,17,3109,321,321,32.1,0.5231247544288635,0.6735444664955139,3.799943447113037,4.1104278564453125,2.480475425720215,1,49,1,49,0.1526479750778816,2.0,49,0.0,0,0.0,0,0.0,0,0.0,2,7
SH,FVD,17,3110,381,381,38.1,0.37530577182769775,0.47885796427726746,13.13012409210205,14.13205337524414,0.7125328779220581,0,-1,0,0,0.0,2.0,381,2.905359983444214,0,0.0,0,0.0,0,22.39249038696289,0,5
SH,FVD,17,3111,155,155,15.5,0.2918524146080017,0.3504835069179535,4.946939945220947,5.433560371398926,0.6980053782463074,0,-1,0,0,0.0,2.0,155,2.873533010482788,0,0.0,0,0.0,0,6.541282653808594,2,7
SH,FVD,17,3112,170,170,17.0,0.27216199040412903,0.321273535490036,4.676931858062744,5.360337257385254,0.47749805450439453,0,-1,1,81,0.4764705882352941,2.0,170,0.7213936448097229,0,0.0,0,0.0,0,2.03755259513855,2,7
SH,FVD,17,3113,402,402,40.2,0.4139208197593689,0.5059300065040588,3.9162187576293945,4.747317314147949,0.7009391188621521,0,-1,1,118,0.2935323383084577,2.0,402,1.4107378721237183,0,0.0,0,0.0,0,4.101983070373535,2,7
SH,FVD,17,3114,341,341,34.1,0.19119806587696075,0.23442432284355164,3.636049747467041,4.145581245422363,0.41264522075653076,0,-1,1,281,0.8240469208211144,2.0,341,0.9261330366134644,0,0.0,0,0.0,0,14.30745792388916,1,6
SH,FVD,17,3115,322,322,32.2,0.2647832930088043,0.3416019082069397,2.0757675170898438,2.5368378162384033,0.7281197309494019,1,270,1,268,0.8322981366459627,2.0,270,0.0,0,0.0,0,0.0,0,0.0,0,5
SH,FVD,17,3116,139,139,13.9,0.3690270781517029,0.43893834948539734,17.042207717895508,22.19731903076172,3.247429609298706,0,-1,1,116,0.8345323741007195,2.0,139,1.224541187286377,0,0.0,0,0.0,0,13.499027252197266,2,7
SH,FVD,17,3117,354,354,35.4,0.18139460682868958,0.21934138238430023,4.276729106903076,4.719511985778809,0.3179791271686554,0,-1,0,0,0.0,2.0,354,2.0715131759643555,0,0.0,0,0.0,0,15.587121963500977,2,7
SH,FVD,17,3118,445,445,44.5,0.3269626200199127,0.4036000370979309,9.849720001220703,10.889735221862793,0.808438241481781,0,-1,0,0,0.0,2.0,445,2.125465154647827,0,0.0,0,0.0,0,4.015504837036133,2,7
SH,FVD,17,3119,541,541,54.1,0.287781685590744,0.36692479252815247,9.27482795715332,9.890417098999023,0.7092556357383728,0,-1,1,387,0.7153419593345656,2.0,541,1.4669302701950073,0,0.0,0,0.0,0,18.927030563354492,1,6
SH,FVD,17,3120,232,232,23.200000000000003,0.31526243686676025,0.3717685639858246,2.6029412746429443,3.224090337753296,0.7187113165855408,0,-1,1,232,1.0,2.0,232,1.3279632329940796,0,0.0,0,0.0,0,26.254375457763672,2,7
SH,FVD,17,3121,185,185,18.5,0.3174891769886017,0.3995969593524933,16.38114356994629,19.867755889892578,2.0243568420410156,0,-1,1,185,1.0,2.0,185,0.8195071816444397,0,0.0,0,0.0,0,21.37377166748047,2,7
SH,FVD,17,3122,136,136,13.600000000000001,0.17426568269729614,0.22419923543930054,0.9059025049209595,1.0851925611495972,0.27015864849090576,0,-1,1,136,1.0,2.0,136,1.4476022720336914,0,0.0,0,0.0,0,14.551528930664062,1,6
SH,FVD,17,3123,1005,1005,100.5,0.3965103030204773,0.5726106762886047,7.827634811401367,8.764890670776367,2.749293565750122,1,466,1,319,0.3174129353233831,2.0,466,0.0,0,0.0,0,0.0,0,0.0,1,6
SH,FVD,17,3124,296,296,29.6,0.32682856917381287,0.43776094913482666,10.528142929077148,12.838321685791016,1.623037338256836,1,289,1,36,0.12162162162162163,2.0,289,0.0,0,0.0,0,0.0,0,0.0,1,6
SH,FVD,17,3125,262,262,26.200000000000003,0.20806744694709778,0.26116737723350525,10.733085632324219,12.290804862976074,0.7860211133956909,0,-1,1,160,0.6106870229007634,2.0,262,1.897037148475647,0,0.0,0,0.0,0,37.818843841552734,0,5
SH,FVD,17,3126,198,198,19.8,0.42431244254112244,0.47132664918899536,17.086339950561523,19.4462833404541,1.6341198682785034,0,-1,0,0,0.0,2.0,198,2.8852295875549316,0,0.0,0,0.0,0,62.15211486816406,2,7
SH,FVD,17,3127,266,266,26.6,0.5915385484695435,0.7378562092781067,5.350052356719971,5.920104503631592,4.048058986663818,1,90,1,90,0.3383458646616541,2.0,90,0.0,0,0.0,0,0.0,0,0.0,0,5
SH,FVD,17,3128,307,307,30.700000000000003,0.1739647537469864,0.20429778099060059,1.4736288785934448,1.6849336624145508,0.3948616087436676,0,-1,1,307,1.0,2.0,307,1.0679298639297485,0,0.0,0,0.0,0,13.237466812133789,0,5
SH,FVD,17,3129,178,178,17.8,0.4353877305984497,0.5706290602684021,1.6057425737380981,1.9034278392791748,0.6992747187614441,0,-1,1,107,0.601123595505618,2.0,178,1.4553474187850952,0,0.0,0,0.0,0,6.8812713623046875,0,5
SH,FVD,17,3130,311,311,31.1,0.17704318463802338,0.24092838168144226,6.583987712860107,7.099987983703613,0.39188891649246216,0,-1,1,311,1.0,2.0,311,1.0132026672363281,0,0.0,0,0.0,0,27.148635864257812,0,5
SH,FVD,17,3131,342,342,34.2,0.24454806745052338,0.3535864055156708,2.2607996463775635,2.4127917289733887,0.9046888947486877,1,167,1,167,0.48830409356725146,2.0,167,0.0,0,0.0,0,0.0,0,0.0,1,6
SH,FVD,17,3132,181,181,18.1,0.2577422261238098,0.3175215423107147,3.63388991355896,4.153880596160889,0.8933278918266296,0,-1,1,179,0.988950276243094,2.0,181,0.9172817468643188,0,0.0,0,0.0,0,10.294476509094238,0,5
SH,FVD,17,3133,272,272,27.200000000000003,0.2165711522102356,0.26964154839515686,6.660267353057861,7.785966873168945,0.6835064888000488,0,-1,0,0,0.0,2.0,272,2.6826157569885254,0,0.0,0,0.0,0,37.59989929199219,1,6
SH,FVD,17,3134,194,194,19.400000000000002,0.29761233925819397,0.36490076780319214,1.4666084051132202,1.7214534282684326,0.43549519777297974,0,-1,0,0,0.0,2.0,194,2.4749443531036377,0,0.0,0,0.0,0,17.799360275268555,2,7
SH,FVD,17,3135,505,505,50.5,0.40128374099731445,0.5340746641159058,9.66273307800293,10.933225631713867,13.494826316833496,1,119,1,119,0.23564356435643563,2.0,119,0.0,0,0.0,0,0.0,0,0.0,1,6
SH,FVD,17,3136,699,699,69.9,0.28363102674484253,0.4193231165409088,28.466407775878906,30.59328269958496,1.1002414226531982,0,-1,0,0,0.0,2.0,699,2.711588144302368,0,0.0,0,0.0,0,8.205881118774414,2,7
SH,FVD,17,3137,133,133,13.3,0.2115076780319214,0.310052752494812,1.8218669891357422,2.6425580978393555,0.48683446645736694,0,-1,1,21,0.15789473684210525,2.0,133,1.7350085973739624,0,0.0,0,0.0,0,5.663218975067139,1,6
SH,FVD,17,3138,190,190,19.0,0.36393216252326965,0.39363229274749756,8.865389823913574,10.275113105773926,1.1914676427841187,0,-1,0,0,0.0,2.0,190,3.7992188930511475,0,0.0,0,0.0,0,18.844453811645508,1,6
SH,FVD,17,3139,144,144,14.4,0.39731070399284363,0.6081407070159912,3.378983736038208,3.991004467010498,0.6373369693756104,0,-1,1,15,0.10416666666666667,2.0,144,1.7601228952407837,0,0.0,0,0.0,0,2.2637417316436768,0,5
SH,FVD,17,3140,338,338,33.800000000000004,0.3998520076274872,0.674243688583374,3.5714519023895264,5.502199649810791,0.8668624758720398,0,-1,0,0,0.0,2.0,338,2.09326171875,0,0.0,0,0.0,0,3.0852434635162354,2,7
SH,FVD,17,3141,136,136,13.600000000000001,0.23953300714492798,0.3368108570575714,1.4474849700927734,1.6584405899047852,0.36515116691589355,0,-1,0,0,0.0,2.0,136,5.906894207000732,0,0.0,0,0.0,0,2.095999002456665,2,7
SH,FVD,17,3142,270,270,27.0,0.33798983693122864,0.4212845265865326,3.6174397468566895,4.112733364105225,0.44449642300605774,0,-1,1,270,1.0,2.0,270,1.2277662754058838,0,0.0,0,0.0,0,10.782682418823242,1,6
SH,FVD,17,3143,159,159,15.9,0.1607835590839386,0.19537034630775452,0.9645297527313232,1.3539791107177734,0.3316110670566559,0,-1,1,159,1.0,2.0,159,1.1492838859558105,0,0.0,0,0.0,0,10.377427101135254,1,6
SH,FVD,17,3144,342,342,34.2,0.3140907287597656,0.41226059198379517,3.6385951042175293,3.924651861190796,1.5577640533447266,1,230,1,85,0.24853801169590642,2.0,230,0.0,0,0.0,0,0.0,0,0.0,2,7
SH,FVD,17,3145,652,652,65.2,0.1727081686258316,0.2175597995519638,2.851764440536499,3.9275050163269043,0.39993858337402344,1,631,1,294,0.450920245398773,2.0,631,0.0,0,0.0,0,0.0,0,0.0,2,7
SH,FVD,17,3146,303,303,30.3,0.34501582384109497,0.438119113445282,3.54353404045105,5.2655558586120605,1.364986777305603,1,221,1,221,0.7293729372937293,2.0,221,0.0,0,0.0,0,0.0,0,0.0,1,6
SH,FVD,17,3147,256,256,25.6,0.21979312598705292,0.2560585141181946,5.896213054656982,8.875103950500488,0.9150474667549133,0,-1,1,64,0.25,2.0,256,1.5657529830932617,0,0.0,0,0.0,0,43.0546875,1,6
SH,FVD,17,3148,356,356,35.6,0.21218031644821167,0.2788351774215698,8.212242126464844,9.488580703735352,2.458287477493286,1,192,1,192,0.5393258426966292,2.0,192,0.0,0,0.0,0,0.0,0,0.0,1,6
SH,FVD,17,3149,163,163,16.3,0.2208053469657898,0.25661125779151917,4.675112247467041,5.551759243011475,0.4559652805328369,0,-1,1,163,1.0,2.0,163,1.089914321899414,0,0.0,0,0.0,0,12.56280517578125,2,7
SH,FVD,17,3150,1143,1143,114.30000000000001,0.18697673082351685,0.2267615795135498,48.61624526977539,69.15746307373047,2.0607051849365234,0,-1,1,474,0.4146981627296588,2.0,1143,1.6903350353240967,0,0.0,0,0.0,0,39.8959846496582,1,6
SH,FVD,17,3151,149,149,14.9,0.1480901539325714,0.18235917389392853,1.9204093217849731,2.5579683780670166,0.6398065686225891,0,-1,0,0,0.0,2.0,149,4.587657928466797,0,0.0,0,0.0,0,1.6605772972106934,0,5
SH,FVD,17,3152,224,224,22.400000000000002,0.3360680043697357,0.5174583196640015,2.044938802719116,2.452529191970825,0.6090359687805176,0,-1,1,224,1.0,2.0,224,1.590968370437622,0,0.0,0,0.0,0,21.277822494506836,2,7
SH,FVD,17,3153,659,659,65.9,0.3941892087459564,0.5178343653678894,6.491694927215576,7.825144290924072,0.7328479290008545,0,-1,1,59,0.08952959028831563,2.0,659,1.649567723274231,0,0.0,0,0.0,0,4.7540082931518555,0,5
SH,FVD,17,3154,172,172,17.2,0.4552726745605469,0.5505454540252686,7.086997985839844,8.763527870178223,1.679141879081726,1,114,1,44,0.2558139534883721,2.0,114,0.0,0,0.0,0,0.0,0,0.0,0,5
SH,FVD,17,3155,340,340,34.0,0.2837201654911041,0.36977845430374146,10.649991035461426,11.673165321350098,0.7783041596412659,0,-1,1,57,0.1676470588235294,2.0,340,1.2400143146514893,0,0.0,0,0.0,0,8.345856666564941,2,7
SH,FVD,17,3156,234,234,23.400000000000002,0.19257192313671112,0.2526504695415497,1.5059605836868286,1.8816218376159668,0.38215208053588867,0,-1,0,0,0.0,2.0,234,3.9401707649230957,0,0.0,0,0.0,0,14.549898147583008,0,5
SH,FVD,17,3157,331,331,33.1,0.2747572064399719,0.35624954104423523,2.1969568729400635,2.768670082092285,0.4460870623588562,0,-1,1,331,1.0,2.0,331,1.2289557456970215,0,0.0,0,0.0,0,12.827513694763184,1,6
SH,FVD,17,3158,373,373,37.300000000000004,0.2807397246360779,0.3630034029483795,1.93760085105896,2.2198774814605713,0.6953192353248596,1,220,1,141,0.3780160857908847,2.0,220,0.0,0,0.0,0,0.0,0,0.0,2,7
SH,FVD,17,3159,331,331,33.1,0.1828751415014267,0.24271485209465027,5.079619407653809,6.3688063621521,0.3544815182685852,0,-1,1,331,1.0,2.0,331,1.3523662090301514,0,0.0,0,0.0,0,22.325578689575195,2,7
SH,FVD,17,3160,173,173,17.3,0.33383339643478394,0.42105036973953247,5.996609687805176,8.527497291564941,1.124650001525879,0,-1,1,173,1.0,2.0,173,0.1633242517709732,0,0.0,0,0.0,0,1.997231125831604,0,5
SH,FVD,17,3161,240,240,24.0,0.28846123814582825,0.4130665063858032,2.697800636291504,3.1984896659851074,0.6879384517669678,0,-1,1,240,1.0,2.0,240,0.9453999400138855,0,0.0,0,0.0,0,15.937822341918945,2,7
SH,FVD,17,3162,1987,1987,198.70000000000002,0.2903468608856201,0.38672733306884766,17.75922203063965,19.385562896728516,8.703019142150879,1,312,1,312,0.15702063412179165,2.0,312,0.0,0,0.0,0,0.0,0,0.0,0,5
SH,FVD,17,3163,190,190,19.0,0.2401142716407776,0.2929536700248718,0.5868430733680725,0.8117207288742065,0.3146713376045227,0,-1,1,190,1.0,2.0,190,0.9714309573173523,0,0.0,0,0.0,0,5.278079986572266,2,7
SH,FVD,17,3164,344,344,34.4,0.11428983509540558,0.14589239656925201,6.010741710662842,7.218548774719238,0.5194134712219238,0,-1,0,0,0.0,2.0,344,2.2749106884002686,0,0.0,0,0.0,0,28.481731414794922,2,7
SH,FVD,17,3165,174,174,17.400000000000002,0.5649718642234802,0.8689789175987244,6.336360454559326,7.07581090927124,3.74249267578125,1,52,1,52,0.2988505747126437,2.0,52,0.0,0,0.0,0,0.0,0,0.0,0,5
SH,FVD,17,3166,237,237,23.700000000000003,0.27252787351608276,0.3632231652736664,2.9403860569000244,3.2905030250549316,0.5216278433799744,0,-1,1,237,1.0,2.0,237,0.24001093208789825,0,0.0,0,0.0,0,4.99947452545166,1,6
SH,FVD,17,3167,135,135,13.5,0.40430739521980286,0.4882010519504547,1.719178318977356,2.144117593765259,0.516480565071106,1,119,1,35,0.25925925925925924,2.0,119,0.0,0,0.0,0,0.0,0,0.0,1,6
SH,FVD,17,3168,191,191,19.1,0.22587737441062927,0.2827920615673065,4.203659534454346,4.683362007141113,0.6786500811576843,0,-1,1,191,1.0,2.0,191,0.23294419050216675,0,0.0,0,0.0,0,4.021468162536621,1,6
SH,FVD,17,3169,264,264,26.400000000000002,0.33910036087036133,0.48211199045181274,1.3345872163772583,1.828635334968567,0.49543896317481995,0,-1,1,197,0.7462121212121212,2.0,264,0.7757068872451782,0,0.0,0,0.0,0,1.6724473237991333,2,7
SH,FVD,17,3170,821,821,82.10000000000001,0.23115794360637665,0.28312087059020996,12.510991096496582,14.228730201721191,0.7864640951156616,0,-1,1,821,1.0,2.0,821,0.5372114777565002,0,0.0,0,0.0,0,7.230660915374756,0,5
SH,FVD,17,3171,175,175,17.5,0.6899146437644958,0.9800160527229309,7.448604106903076,12.53756046295166,2.463305950164795,0,-1,1,2,0.011428571428571429,2.0,175,1.9811277389526367,0,0.0,0,0.0,0,15.356959342956543,0,5
SH,FVD,17,3172,324,324,32.4,0.45862555503845215,0.5555318593978882,3.0306551456451416,3.344454288482666,0.7219855189323425,0,-1,1,324,1.0,2.0,324,0.5613946914672852,0,0.0,0,0.0,0,9.690530776977539,1,6
SH,FVD,17,3173,299,299,29.900000000000002,0.3209788501262665,0.36781424283981323,5.723681449890137,7.699526309967041,0.9809755086898804,0,-1,1,40,0.13377926421404682,2.0,299,1.5325623750686646,0,0.0,0,0.0,0,5.926039695739746,2,7
SH,FVD,17,3174,251,251,25.1,0.5987029075622559,0.983468234539032,5.381968975067139,6.828597068786621,0.8569157719612122,1,228,1,183,0.7290836653386454,2.0,228,0.0,0,0.0,0,0.0,0,0.0,0,5
SH,FVD,17,3175,132,132,13.200000000000001,0.3876514434814453,0.5196863412857056,2.071061372756958,2.3847782611846924,0.7489797472953796,1,104,1,31,0.23484848484848486,2.0,104,0.0,0,0.0,0,0.0,0,0.0,2,7
SH,FVD,17,3176,246,246,24.6,0.3577174246311188,0.4625357985496521,4.058186054229736,4.925633907318115,0.8178288340568542,0,-1,1,30,0.12195121951219512,2.0,246,0.2738853096961975,0,0.0,0,0.0,0,0.4298739433288574,1,6
SH,FVD,17,3177,374,374,37.4,0.5833659172058105,0.6898451447486877,18.250141143798828,19.497997283935547,1.351619839668274,0,-1,0,0,0.0,2.0,374,2.4327592849731445,0,0.0,0,0.0,0,24.725013732910156,2,7
SH,FVD,17,3178,836,836,83.60000000000001,0.29045096039772034,0.39976000785827637,9.786080360412598,10.445779800415039,0.5897490382194519,0,-1,1,790,0.9449760765550239,2.0,836,0.9567171335220337,0,0.0,0,0.0,0,13.948610305786133,1,6
SH,FVD,17,3179,275,275,27.5,0.35158106684684753,0.42438560724258423,35.43709182739258,47.622676849365234,3.736509323120117,0,-1,0,0,0.0,2.0,275,3.333289384841919,0,0.0,0,0.0,0,9.10260009765625,2,7
SH,FVD,17,3180,180,180,18.0,0.6937503218650818,0.8336535692214966,5.132735729217529,7.381575107574463,2.231720447540283,0,-1,1,30,0.16666666666666666,2.0,180,1.9521161317825317,0,0.0,0,0.0,0,15.87743091583252,0,5
SH,FVD,17,3181,211,211,21.1,0.24798233807086945,0.3237011134624481,4.835071563720703,5.6872239112854,0.6772568821907043,0,-1,1,109,0.5165876777251185,2.0,211,1.5323889255523682,0,0.0,0,0.0,0,32.64625549316406,0,5
SH,FVD,17,3182,154,154,15.4,0.42596980929374695,0.5019122958183289,1.7641615867614746,2.3016350269317627,0.7790027260780334,0,-1,1,154,1.0,2.0,154,1.0570666790008545,0,0.0,0,0.0,0,8.99858283996582,1,6
SH,FVD,17,3183,167,167,16.7,0.4129091501235962,0.4854287803173065,10.281085968017578,12.71383285522461,5.064300537109375,1,73,1,73,0.437125748502994,2.0,73,0.0,0,0.0,0,0.0,0,0.0,1,6
SH,FVD,17,3184,341,341,34.1,0.2867201268672943,0.37134361267089844,26.647924423217773,31.05208396911621,1.4638829231262207,0,-1,1,41,0.12023460410557185,2.0,341,1.2529785633087158,0,0.0,0,0.0,0,3.3460636138916016,2,7
SH,FVD,17,3185,169,169,16.900000000000002,0.5054540634155273,0.6559942364692688,8.432206153869629,9.710484504699707,1.7635775804519653,0,-1,1,5,0.029585798816568046,2.0,169,1.7464498281478882,0,0.0,0,0.0,0,5.38411283493042,0,5
SH,FVD,17,3186,259,259,25.900000000000002,0.36764559149742126,0.4341295659542084,2.568363666534424,3.0918264389038086,0.90074622631073,0,-1,1,211,0.8146718146718147,2.0,259,1.4475529193878174,0,0.0,0,0.0,0,9.14279842376709,0,5
SH,FVD,17,3187,547,547,54.7,0.2873091399669647,0.36971643567085266,2.3011629581451416,2.626643180847168,0.3951209485530853,1,506,1,42,0.07678244972577697,2.0,506,0.0,0,0.0,0,0.0,0,0.0,2,7
SH,FVD,17,3188,202,202,20.200000000000003,0.4268237054347992,0.521606981754303,13.021994590759277,15.295472145080566,1.6116834878921509,0,-1,1,120,0.594059405940594,2.0,202,0.8999640345573425,0,0.0,0,0.0,0,24.938322067260742,2,7
SH,FVD,17,3189,196,196,19.6,0.20284925401210785,0.23933182656764984,8.536748886108398,10.11744499206543,0.9225708842277527,0,-1,0,0,0.0,2.0,196,2.3346340656280518,0,0.0,0,0.0,0,28.087265014648438,2,7
SH,FVD,17,3190,144,144,14.4,0.3155418336391449,0.4260375499725342,4.560033321380615,5.395963668823242,0.6591249108314514,0,-1,1,144,1.0,2.0,144,0.5145359635353088,0,0.0,0,0.0,0,3.964035749435425,1,6
SH,FVD,17,3191,266,266,26.6,0.24171869456768036,0.3033871054649353,8.059008598327637,9.66000747680664,0.8115919232368469,0,-1,1,266,1.0,2.0,266,1.0897462368011475,0,0.0,0,0.0,0,20.4700984954834,2,7
SH,FVD,17,3192,329,329,32.9,0.5527902841567993,0.7245237827301025,23.664953231811523,26.64276885986328,1.2779878377914429,0,-1,0,0,0.0,2.0,329,2.2507123947143555,0,0.0,0,0.0,0,3.825313091278076,1,6
SH,FVD,17,3193,408,408,40.800000000000004,0.3977718651294708,0.4764164686203003,13.5394926071167,16.88337516784668,6.986799240112305,1,129,1,129,0.3161764705882353,2.0,129,0.0,0,0.0,0,0.0,0,0.0,1,6
SH,FVD,17,3194,493,493,49.300000000000004,0.3696894943714142,0.5061855316162109,6.7952985763549805,8.078645706176758,0.835369348526001,0,-1,1,48,0.0973630831643002,2.0,493,1.184984564781189,0,0.0,0,0.0,0,2.9082508087158203,1,6
SH,FVD,17,3195,352,352,35.2,0.4385979473590851,0.5532788038253784,3.9231836795806885,4.656669616699219,0.8451623320579529,0,-1,1,352,1.0,2.0,352,0.7107605338096619,0,0.0,0,0.0,0,6.690216541290283,2,7
SH,FVD,17,3196,858,858,85.80000000000001,0.3044700622558594,0.40759602189064026,25.319562911987305,29.032367706298828,1.3779511451721191,1,851,1,33,0.038461538461538464,2.0,851,0.0,0,0.0,0,0.0,0,0.0,1,6
SH,FVD,17,3197,369,369,36.9,0.28508681058883667,0.37976908683776855,4.781470775604248,5.887476444244385,0.8171864151954651,0,-1,1,369,1.0,2.0,369,0.561636745929718,0,0.0,0,0.0,0,7.393016338348389,0,5
SH,FVD,17,3198,192,192,19.200000000000003,0.34933987259864807,0.45249447226524353,5.964053630828857,6.553278923034668,0.6984164118766785,0,-1,1,192,1.0,2.0,192,1.114769458770752,0,0.0,0,0.0,0,15.906972885131836,0,5
SH,FVD,17,3199,329,329,32.9,0.1926657110452652,0.2469017058610916,5.724659442901611,7.4358110427856445,0.4966730773448944,0,-1,1,329,1.0,2.0,329,1.4764267206192017,0,0.0,0,0.0,0,23.451005935668945,2,7
SH,FVD,17,3200,145,145,14.5,0.12731769680976868,0.16705065965652466,3.936195135116577,5.188449859619141,0.7333759665489197,0,-1,1,117,0.8068965517241379,2.0,145,1.5667340755462646,0,0.0,0,0.0,0,5.62406063079834,1,6
SH,FVD,17,3201,285,285,28.5,0.2838810980319977,0.36733362078666687,4.6323065757751465,5.012338638305664,0.574915885925293,0,-1,1,25,0.08771929824561403,2.0,285,0.6156164407730103,0,0.0,0,0.0,0,1.1300088167190552,0,5
SH,FVD,17,3202,339,339,33.9,0.2702730596065521,0.3451918661594391,29.289146423339844,36.086402893066406,2.322063446044922,0,-1,1,17,0.05014749262536873,2.0,339,1.843855381011963,0,0.0,0,0.0,0,5.633687973022461,2,7
SH,FVD,17,3203,171,171,17.1,0.503171980381012,0.6687455177307129,2.2469096183776855,3.0348339080810547,0.7074937224388123,1,149,1,81,0.47368421052631576,2.0,149,0.0,0,0.0,0,0.0,0,0.0,1,6
SH,FVD,17,3204,147,147,14.700000000000001,0.42277517914772034,0.5029231905937195,2.151050090789795,2.5420613288879395,0.5946343541145325,0,-1,1,147,1.0,2.0,147,0.08514788001775742,0,0.0,0,0.0,0,0.7168288826942444,2,7
SH,FVD,17,3205,388,388,38.800000000000004,0.5851638913154602,0.8129816651344299,5.018631935119629,6.1797776222229,2.1889593601226807,1,61,1,61,0.15721649484536082,2.0,61,0.0,0,0.0,0,0.0,0,0.0,1,6
SH,FVD,17,3206,277,277,27.700000000000003,0.1808817982673645,0.24076016247272491,26.627483367919922,33.691959381103516,2.258881092071533,0,-1,1,277,1.0,2.0,277,0.966358482837677,0,0.0,0,0.0,0,25.18790054321289,1,6
SH,FVD,17,3207,464,464,46.400000000000006,0.5876643061637878,0.7668601870536804,6.190516471862793,6.923896789550781,4.110596179962158,1,91,1,91,0.1961206896551724,2.0,91,0.0,0,0.0,0,0.0,0,0.0,1,6
SH,FVD,17,3208,416,416,41.6,0.2557666599750519,0.314420223236084,7.516871452331543,8.77261734008789,4.314417362213135,1,138,1,138,0.3317307692307692,2.0,138,0.0,0,0.0,0,0.0,0,0.0,0,5
SH,FVD,17,3209,464,464,46.400000000000006,0.39260029792785645,0.516292929649353,20.58768653869629,24.112733840942383,1.185763955116272,0,-1,0,0,0.0,2.0,464,3.615802526473999,0,0.0,0,0.0,0,9.388069152832031,2,7
SH,FVD,17,3210,149,149,14.9,0.5958003401756287,0.7146078944206238,2.724071979522705,3.071669340133667,1.4538311958312988,1,133,1,119,0.7986577181208053,2.0,133,0.0,0,0.0,0,0.0,0,0.0,1,6
SH,FVD,17,3211,189,189,18.900000000000002,0.535342812538147,0.78587406873703,2.9889049530029297,3.5957555770874023,1.628173828125,1,102,1,102,0.5396825396825397,2.0,102,0.0,0,0.0,0,0.0,0,0.0,2,7
SH,FVD,17,3212,385,385,38.5,0.42803725600242615,0.5285650491714478,5.194306373596191,6.026644706726074,0.7200458645820618,0,-1,1,128,0.33246753246753247,2.0,385,0.6986792683601379,0,0.0,0,0.0,0,6.071753025054932,1,6
SH,FVD,17,3213,532,532,53.2,0.24725224077701569,0.3193158805370331,12.05830192565918,13.055499076843262,0.7627504467964172,0,-1,1,48,0.09022556390977443,2.0,532,1.3582390546798706,0,0.0,0,0.0,0,7.342867851257324,0,5
SH,FVD,17,3214,196,196,19.6,0.481430321931839,0.6579652428627014,4.610827445983887,5.477445602416992,4.2906084060668945,1,114,1,114,0.5816326530612245,2.0,114,0.0,0,0.0,0,0.0,0,0.0,0,5
SH,FVD,17,3215,610,610,61.0,0.15832462906837463,0.21137478947639465,9.596261024475098,10.377008438110352,0.46425652503967285,0,-1,0,0,0.0,2.0,610,2.2237026691436768,0,0.0,0,0.0,0,22.26190757751465,0,5
SH,FVD,17,3216,138,138,13.8,0.6873180270195007,0.9244481325149536,2.4089183807373047,3.695791482925415,1.0796153545379639,0,-1,1,22,0.15942028985507245,2.0,138,1.8061658143997192,0,0.0,0,0.0,0,3.8865668773651123,0,5
SH,FVD,17,3217,401,401,40.1,0.2720148265361786,0.37344932556152344,2.075227737426758,2.4789316654205322,0.7406259775161743,1,271,1,68,0.16957605985037408,2.0,271,0.0,0,0.0,0,0.0,0,0.0,0,5
SH,FVD,17,3218,240,240,24.0,0.2569923996925354,0.33996057510375977,1.5160542726516724,1.7028120756149292,0.40191930532455444,0,-1,1,31,0.12916666666666668,2.0,240,0.20193257927894592,0,0.0,0,0.0,0,0.24387849867343903,0,5
SH,FVD,17,3219,158,158,15.8,0.2426563948392868,0.30620962381362915,1.0438416004180908,1.3122732639312744,0.41861221194267273,0,-1,1,5,0.03164556962025317,2.0,158,1.747727870941162,0,0.0,0,0.0,0,2.5070080757141113,2,7
SH,FVD,17,3220,173,173,17.3,0.229629784822464,0.300251841545105,1.9703197479248047,2.4533374309539795,0.37277406454086304,0,-1,1,51,0.2947976878612717,2.0,173,1.8850351572036743,0,0.0,0,0.0,0,11.221952438354492,1,6
SH,FVD,17,3221,209,209,20.900000000000002,0.14608518779277802,0.18865571916103363,3.0428531169891357,3.7866251468658447,0.4248502850532532,0,-1,1,167,0.7990430622009569,2.0,209,1.7362542152404785,0,0.0,0,0.0,0,27.076614379882812,1,6
SH,FVD,17,3222,528,528,52.800000000000004,0.48003140091896057,0.6356812119483948,29.29601287841797,34.59060287475586,2.2068114280700684,0,-1,1,9,0.017045454545454544,2.0,528,1.5008487701416016,0,0.0,0,0.0,0,6.635449409484863,2,7
SH,FVD,17,3223,295,295,29.5,0.3462882936000824,0.44775620102882385,5.880059242248535,6.951774597167969,1.1800087690353394,1,219,1,219,0.7423728813559322,2.0,219,0.0,0,0.0,0,0.0,0,0.0,2,7
SH,FVD,17,3224,174,174,17.400000000000002,0.10265380889177322,0.12433972209692001,1.5264610052108765,1.690158486366272,0.18284541368484497,0,-1,1,146,0.8390804597701149,2.0,174,1.409792423248291,0,0.0,0,0.0,0,14.125411987304688,1,6
SH,FVD,17,3225,339,339,33.9,0.32348814606666565,0.4634462594985962,12.087265968322754,13.475020408630371,1.1188768148422241,0,-1,0,0,0.0,2.0,339,2.482994794845581,0,0.0,0,0.0,0,5.995930194854736,0,5
SH,FVD,17,3226,161,161,16.1,0.44200262427330017,0.5440348982810974,11.007061004638672,12.787971496582031,1.2498912811279297,0,-1,0,0,0.0,2.0,161,2.8795969486236572,0,0.0,0,0.0,0,5.847682476043701,1,6
SH,FVD,17,3227,379,379,37.9,0.29608187079429626,0.38378584384918213,12.234834671020508,14.224915504455566,0.7367470860481262,0,-1,1,379,1.0,2.0,379,0.15413568913936615,0,0.0,0,0.0,0,2.4990458488464355,2,7
SH,FVD,17,3228,369,369,36.9,0.1473059505224228,0.201091468334198,1.526706576347351,1.9277700185775757,0.32973185181617737,0,-1,1,369,1.0,2.0,369,1.459566593170166,0,0.0,0,0.0,0,21.898942947387695,2,7
SH,FVD,17,3229,276,276,27.6,0.3272184431552887,0.4184403717517853,7.408130645751953,8.464083671569824,2.549586534500122,1,129,1,129,0.4673913043478261,2.0,129,0.0,0,0.0,0,0.0,0,0.0,1,6
SH,FVD,17,3230,236,236,23.6,0.31206241250038147,0.3658722937107086,23.693227767944336,29.105438232421875,2.2491495609283447,0,-1,0,0,0.0,2.0,236,3.5230801105499268,0,0.0,0,0.0,0,55.87970733642578,2,7
SH,FVD,17,3231,157,157,15.700000000000001,0.2235758900642395,0.25916406512260437,4.471827030181885,5.334496974945068,0.6347465515136719,0,-1,1,149,0.9490445859872612,2.0,157,1.0464400053024292,0,0.0,0,0.0,0,27.18920135498047,0,5
SH,FVD,17,3232,186,186,18.6,0.2859528958797455,0.40402570366859436,8.378796577453613,9.962775230407715,0.9405145049095154,0,-1,0,0,0.0,2.0,186,2.036015272140503,0,0.0,0,0.0,0,7.050811767578125,2,7
SH,FVD,17,3233,205,205,20.5,0.35403499007225037,0.45045268535614014,3.8217453956604004,4.439169406890869,0.6787495017051697,0,-1,0,0,0.0,2.0,205,4.602514743804932,0,0.0,0,0.0,0,3.2549376487731934,1,6
SH,FVD,17,3234,985,985,98.5,0.2942441999912262,0.3655509650707245,4.277941703796387,5.007749557495117,0.5036865472793579,0,-1,1,985,1.0,2.0,985,0.8807045221328735,0,0.0,0,0.0,0,11.393383026123047,1,6
SH,FVD,17,3235,175,175,17.5,0.46426814794540405,0.6494842767715454,2.2063865661621094,3.075777769088745,0.994994044303894,1,141,1,89,0.5085714285714286,2.0,141,0.0,0,0.0,0,0.0,0,0.0,1,6
SH,FVD,17,3236,217,217,21.700000000000003,0.364946186542511,0.4792115092277527,6.782836437225342,7.565376281738281,0.8788220882415771,0,-1,1,217,1.0,2.0,217,0.6379746794700623,0,0.0,0,0.0,0,9.080395698547363,0,5
SH,FVD,17,3237,214,214,21.400000000000002,0.16764740645885468,0.27212420105934143,3.6411757469177246,4.158395290374756,0.3679673969745636,1,193,1,30,0.14018691588785046,2.0,193,0.0,0,0.0,0,0.0,0,0.0,2,7
SH,FVD,17,3238,234,234,23.400000000000002,0.3747656047344208,0.44680657982826233,13.913512229919434,15.343745231628418,0.9499146938323975,0,-1,0,0,0.0,2.0,234,2.8366854190826416,0,0.0,0,0.0,0,8.737020492553711,1,6
SH,FVD,17,3239,145,145,14.5,0.29821327328681946,0.3711872696876526,2.485177993774414,3.424753427505493,0.6902746558189392,0,-1,0,0,0.0,2.0,145,3.9056272506713867,0,0.0,0,0.0,0,5.470352649688721,2,7
SH,FVD,17,3240,362,362,36.2,0.25962331891059875,0.34874609112739563,5.301004886627197,6.2118659019470215,0.8283557295799255,1,320,1,80,0.22099447513812154,2.0,320,0.0,0,0.0,0,0.0,0,0.0,1,6
SH,FVD,17,3241,186,186,18.6,0.3134686052799225,0.3903239369392395,9.430964469909668,10.4808931350708,0.8390151858329773,0,-1,1,71,0.3817204301075269,2.0,186,1.9240672588348389,0,0.0,0,0.0,0,22.09300994873047,0,5
SH,FVD,17,3242,185,185,18.5,0.2797468900680542,0.3725447356700897,4.955986022949219,5.501155853271484,0.5115926861763,0,-1,1,30,0.16216216216216217,2.0,185,1.2953341007232666,0,0.0,0,0.0,0,7.0674848556518555,0,5
SH,FVD,17,3243,162,162,16.2,0.4201276898384094,0.4998018145561218,8.044626235961914,9.192679405212402,0.9094864726066589,0,-1,0,0,0.0,2.0,162,2.4409737586975098,0,0.0,0,0.0,0,9.35279655456543,1,6
SH,FVD,17,3244,133,133,13.3,0.5247393846511841,0.6576480865478516,3.47074294090271,4.564420223236084,1.7236368656158447,1,80,1,42,0.3157894736842105,2.0,80,0.0,0,0.0,0,0.0,0,0.0,2,7
SH,FVD,17,3245,334,334,33.4,0.48522767424583435,0.7486989498138428,6.274385452270508,7.18195104598999,7.312783718109131,1,107,1,107,0.3203592814371258,2.0,107,0.0,0,0.0,0,0.0,0,0.0,2,7
SH,FVD,17,3246,318,318,31.8,0.2902062237262726,0.3575734794139862,5.4668378829956055,6.280452251434326,0.5203440189361572,0,-1,1,318,1.0,2.0,318,0.3540355861186981,0,0.0,0,0.0,0,7.060329914093018,1,6
SH,FVD,17,3247,247,247,24.700000000000003,0.2931601107120514,0.35734814405441284,1.6783206462860107,2.206636905670166,0.6772855520248413,0,-1,1,141,0.5708502024291497,2.0,247,1.1126865148544312,0,0.0,0,0.0,0,4.936004161834717,2,7
SH,FVD,17,3248,243,243,24.3,0.2542051076889038,0.32188209891319275,0.9932462573051453,1.1559265851974487,0.25176793336868286,0,-1,0,0,0.0,2.0,243,2.5461127758026123,0,0.0,0,0.0,0,3.0694379806518555,0,5
SH,FVD,17,3249,156,156,15.600000000000001,0.26579490303993225,0.353936105966568,3.0045175552368164,3.449812173843384,0.4373065233230591,0,-1,1,156,1.0,2.0,156,0.6016027331352234,0,0.0,0,0.0,0,9.407336235046387,2,7
SH,FVD,17,3250,447,447,44.7,0.23897811770439148,0.2862465977668762,7.221396446228027,8.625835418701172,0.48326167464256287,0,-1,1,447,1.0,2.0,447,1.2021549940109253,0,0.0,0,0.0,0,15.201292991638184,2,7
SH,FVD,17,3251,172,172,17.2,0.4374396800994873,0.5938770771026611,2.3395345211029053,3.0069077014923096,0.7493460178375244,0,-1,1,25,0.14534883720930233,2.0,172,0.6336436867713928,0,0.0,0,0.0,0,1.355287790298462,1,6
SH,FVD,17,3252,200,200,20.0,0.29723483324050903,0.37812715768814087,5.037315845489502,5.878528594970703,0.8340917229652405,1,142,1,41,0.205,2.0,142,0.0,0,0.0,0,0.0,0,0.0,1,6
SH,FVD,17,3253,196,196,19.6,0.1803368479013443,0.22704707086086273,1.6304594278335571,1.997288703918457,0.3107288181781769,0,-1,0,0,0.0,2.0,196,2.0177927017211914,0,0.0,0,0.0,0,3.0550200939178467,1,6
SH,FVD,17,3254,552,552,55.2,0.1867695152759552,0.24488480389118195,4.59516716003418,5.0697455406188965,0.4231354594230652,0,-1,1,552,1.0,2.0,552,1.0852547883987427,0,0.0,0,0.0,0,16.638858795166016,0,5
SH,FVD,17,3255,248,248,24.8,0.6650937795639038,0.8718932271003723,4.737582206726074,6.1775288581848145,1.026114821434021,1,241,1,98,0.3951612903225806,2.0,241,0.0,0,0.0,0,0.0,0,0.0,2,7
SH,FVD,17,3256,136,136,13.600000000000001,0.18839679658412933,0.222360298037529,1.2746914625167847,1.6524133682250977,0.5836367011070251,0,-1,0,0,0.0,2.0,136,2.3707401752471924,0,0.0,0,0.0,0,31.77768325805664,0,5
SH,FVD,17,3257,149,149,14.9,0.167014479637146,0.21937118470668793,1.064061164855957,1.201053500175476,0.2375456839799881,0,-1,0,0,0.0,2.0,149,4.622783660888672,0,0.0,0,0.0,0,4.034608364105225,2,7
SH,FVD,17,3258,167,167,16.7,0.3178974688053131,0.3806307911872864,2.4280622005462646,3.2420639991760254,0.685030996799469,1,136,1,32,0.19161676646706588,2.0,136,0.0,0,0.0,0,0.0,0,0.0,2,7
SH,FVD,17,3259,248,248,24.8,0.27023184299468994,0.32377833127975464,4.266907691955566,4.68707799911499,0.5217463970184326,0,-1,0,0,0.0,2.0,248,2.8469650745391846,0,0.0,0,0.0,0,3.4936625957489014,0,5
SH,FVD,17,3260,306,306,30.6,0.4895041584968567,0.6783660054206848,11.62574577331543,20.38609504699707,1.3455575704574585,1,102,1,102,0.3333333333333333,2.0,102,0.0,0,0.0,0,0.0,0,0.0,2,7
SH,FVD,17,3261,199,199,19.900000000000002,0.20071947574615479,0.23520837724208832,6.207247257232666,6.994420051574707,0.7077431082725525,0,-1,0,0,0.0,2.0,199,2.099012613296509,0,0.0,0,0.0,0,43.77069854736328,1,6
SH,FVD,17,3262,220,220,22.0,0.18648609519004822,0.20245139300823212,4.101457595825195,6.581297874450684,1.0515947341918945,0,-1,1,154,0.7,2.0,220,1.6077356338500977,0,0.0,0,0.0,0,25.560104370117188,1,6
SH,FVD,17,3263,679,679,67.9,0.2777225375175476,0.3410080373287201,11.197381019592285,13.718778610229492,0.7766789197921753,0,-1,1,286,0.4212076583210604,2.0,679,1.0423603057861328,0,0.0,0,0.0,0,23.772823333740234,1,6
SH,FVD,17,3264,164,164,16.400000000000002,0.44759973883628845,0.569718062877655,5.0988945960998535,5.986339092254639,1.1134079694747925,1,115,1,115,0.7012195121951219,2.0,115,0.0,0,0.0,0,0.0,0,0.0,0,5
SH,FVD,17,3265,412,412,41.2,0.4126582145690918,0.8710805773735046,10.120155334472656,11.570422172546387,0.7722738981246948,0,-1,0,0,0.0,2.0,412,2.149840831756592,0,0.0,0,0.0,0,2.9325037002563477,2,7
SH,FVD,17,3266,1275,1275,127.5,0.3308050334453583,0.4119497835636139,7.952762126922607,9.545620918273926,0.5457665324211121,0,-1,1,900,0.7058823529411765,2.0,1275,0.5677140355110168,0,0.0,0,0.0,0,2.246309518814087,0,5
SH,FVD,17,3267,224,224,22.400000000000002,0.37042832374572754,0.4580150544643402,8.021649360656738,9.097804069519043,1.077829122543335,0,-1,1,7,0.03125,2.0,224,1.6841847896575928,0,0.0,0,0.0,0,2.7970876693725586,0,5
SH,FVD,17,3268,186,186,18.6,0.3218078017234802,0.4742264449596405,31.015933990478516,37.647464752197266,3.575659990310669,0,-1,1,186,1.0,2.0,186,0.7911866307258606,0,0.0,0,0.0,0,16.618764877319336,1,6
SH,FVD,17,3269,243,243,24.3,0.2699599266052246,0.3145856261253357,3.3032045364379883,3.5311548709869385,0.4056122899055481,0,-1,0,0,0.0,2.0,243,2.4252898693084717,0,0.0,0,0.0,0,6.101683139801025,1,6
SH,FVD,17,3270,153,153,15.3,0.14069285988807678,0.15980234742164612,4.7238545417785645,6.238630771636963,0.7964599132537842,0,-1,1,153,1.0,2.0,153,1.3916369676589966,0,0.0,0,0.0,0,12.718722343444824,1,6
SH,FVD,17,3271,254,254,25.400000000000002,0.3886492848396301,0.5089828968048096,2.3908255100250244,2.8205008506774902,0.7435522079467773,1,242,1,221,0.8700787401574803,2.0,242,0.0,0,0.0,0,0.0,0,0.0,0,5
SH,FVD,17,3272,239,239,23.900000000000002,0.2698763906955719,0.34869685769081116,5.338581085205078,6.900674819946289,0.5588406324386597,0,-1,0,0,0.0,2.0,239,3.5150935649871826,0,0.0,0,0.0,0,1.8145473003387451,1,6
SH,FVD,17,3273,173,173,17.3,0.11184395849704742,0.13561248779296875,0.9533974528312683,1.0620237588882446,0.26117822527885437,0,-1,1,173,1.0,2.0,173,1.5880120992660522,0,0.0,0,0.0,0,31.072582244873047,2,7
SH,FVD,17,3274,188,188,18.8,0.3719920217990875,0.4467647075653076,2.664414167404175,3.0544238090515137,0.46718117594718933,0,-1,1,133,0.7074468085106383,2.0,188,1.9292738437652588,0,0.0,0,0.0,0,10.223654747009277,2,7
SH,FVD,17,3275,146,146,14.600000000000001,0.27773138880729675,0.3287612497806549,3.371236562728882,4.8076982498168945,0.8284411430358887,0,-1,1,146,1.0,2.0,146,0.26371315121650696,0,0.0,0,0.0,0,5.023826599121094,2,7
SH,FVD,17,3276,175,175,17.5,0.22317273914813995,0.28214791417121887,3.4262256622314453,5.181257247924805,0.593018651008606,0,-1,0,0,0.0,2.0,175,3.2631149291992188,0,0.0,0,0.0,0,8.526060104370117,2,7
SH,FVD,17,3277,139,139,13.9,0.43877294659614563,0.5365973114967346,3.709007740020752,4.559781074523926,0.9767281413078308,0,-1,1,15,0.1079136690647482,2.0,139,1.7823580503463745,0,0.0,0,0.0,0,5.105379104614258,0,5
SH,FVD,17,3278,590,590,59.0,0.23473109304904938,0.2959422171115875,2.222855806350708,2.773913621902466,0.4650178551673889,0,-1,1,465,0.788135593220339,2.0,590,0.6659256815910339,0,0.0,0,0.0,0,2.7208738327026367,2,7
SH,FVD,17,3279,155,155,15.5,0.39586231112480164,0.4528179168701172,3.3477275371551514,3.9581377506256104,1.4561996459960938,1,85,1,85,0.5483870967741935,2.0,85,0.0,0,0.0,0,0.0,0,0.0,0,5
SH,FVD,17,3280,338,338,33.800000000000004,0.3859410583972931,0.507652997970581,15.785765647888184,16.811372756958008,1.8041809797286987,1,295,1,220,0.650887573964497,2.0,295,0.0,0,0.0,0,0.0,0,0.0,0,5
SH,FVD,17,3281,145,145,14.5,0.26547905802726746,0.33484557271003723,4.2165937423706055,5.968801021575928,0.970599353313446,0,-1,0,0,0.0,2.0,145,2.420015811920166,0,0.0,0,0.0,0,35.69053268432617,0,5
SH,FVD,17,3282,246,246,24.6,0.237095907330513,0.2953279912471771,21.84209632873535,25.98211097717285,1.74406898021698,0,-1,1,246,1.0,2.0,246,0.4254724681377411,0,0.0,0,0.0,0,7.395396709442139,2,7
SH,FVD,17,3283,198,198,19.8,0.15059606730937958,0.2016354352235794,8.953943252563477,11.945326805114746,1.3142246007919312,0,-1,0,0,0.0,2.0,198,4.1420111656188965,0,0.0,0,0.0,0,91.60346221923828,0,5
SH,FVD,17,3284,294,294,29.400000000000002,0.43621546030044556,0.5541784763336182,10.781580924987793,13.290322303771973,1.8473947048187256,0,-1,0,0,0.0,2.0,294,2.918639898300171,0,0.0,0,0.0,0,32.0810546875,2,7
SH,FVD,17,3285,234,234,23.400000000000002,0.35290655493736267,0.49327170848846436,4.254576683044434,5.8879313468933105,0.6512759327888489,0,-1,1,234,1.0,2.0,234,0.7919471859931946,0,0.0,0,0.0,0,12.23524284362793,2,7
SH,FVD,17,3286,530,530,53.0,0.33400759100914,0.42037686705589294,7.842536449432373,8.862034797668457,1.8080894947052002,1,294,1,37,0.06981132075471698,2.0,294,0.0,0,0.0,0,0.0,0,0.0,0,5
SH,FVD,17,3287,306,306,30.6,0.46621954441070557,0.6303327679634094,14.309077262878418,16.303834915161133,1.661888599395752,0,-1,1,24,0.0784313725490196,2.0,306,0.5999245643615723,0,0.0,0,0.0,0,1.352892518043518,0,5
SH,FVD,17,3288,231,231,23.1,0.395089328289032,0.5431742072105408,7.976178169250488,9.086081504821777,1.3537555932998657,1,172,1,172,0.7445887445887446,2.0,172,0.0,0,0.0,0,0.0,0,0.0,2,7
SH,FVD,17,3289,159,159,15.9,0.3600161075592041,0.5931735038757324,1.2523187398910522,1.7282148599624634,0.740079402923584,0,-1,0,0,0.0,2.0,159,3.6860339641571045,0,0.0,0,0.0,0,8.076186180114746,2,7
SH,FVD,17,3290,156,156,15.600000000000001,0.28877905011177063,0.40035000443458557,10.341246604919434,12.038851737976074,1.332566738128662,0,-1,0,0,0.0,2.0,156,3.259617805480957,0,0.0,0,0.0,0,6.139516830444336,0,5
SH,FVD,17,3291,1271,1271,127.10000000000001,0.42692896723747253,0.5750586986541748,3.8551125526428223,4.778098106384277,1.7059717178344727,1,916,1,916,0.7206923682140047,2.0,916,0.0,0,0.0,0,0.0,0,0.0,1,6
SH,FVD,17,3292,159,159,15.9,0.2578897774219513,0.51752769947052,1.4151418209075928,1.8997838497161865,0.5333531498908997,0,-1,1,32,0.20125786163522014,2.0,159,1.771254301071167,0,0.0,0,0.0,0,21.020715713500977,0,5
SH,FVD,17,3293,247,247,24.700000000000003,0.671251118183136,0.8216882348060608,22.228044509887695,26.628223419189453,5.868879795074463,1,23,1,23,0.0931174089068826,2.0,23,0.0,0,0.0,0,0.0,0,0.0,0,5
SH,FVD,17,3294,474,474,47.400000000000006,0.41158702969551086,0.5521296262741089,2.9249303340911865,3.647634506225586,0.7860532999038696,0,-1,1,421,0.8881856540084389,2.0,474,0.7633377313613892,0,0.0,0,0.0,0,3.480597972869873,2,7
SH,FVD,17,3295,140,140,14.0,0.36813002824783325,0.45618027448654175,11.724594116210938,14.486419677734375,1.7839515209197998,0,-1,1,6,0.04285714285714286,2.0,140,1.8382965326309204,0,0.0,0,0.0,0,22.727603912353516,1,6
SH,FVD,17,3296,194,194,19.400000000000002,0.4600159525871277,0.56541508436203,9.499223709106445,10.777174949645996,0.8635644912719727,0,-1,0,0,0.0,2.0,194,3.6234989166259766,0,0.0,0,0.0,0,5.936672210693359,0,5
SH,FVD,17,3297,714,714,71.4,0.22605368494987488,0.32201430201530457,4.343955039978027,4.8360419273376465,2.876488208770752,1,432,1,432,0.6050420168067226,2.0,432,0.0,0,0.0,0,0.0,0,0.0,1,6
SH,FVD,17,3298,159,159,15.9,0.3684019446372986,0.44481170177459717,2.0778911113739014,2.5000882148742676,0.849349319934845,0,-1,1,61,0.3836477987421384,2.0,159,1.665917992591858,0,0.0,0,0.0,0,16.870834350585938,1,6
SH,FVD,17,3299,530,530,53.0,0.2634819447994232,0.3249361217021942,6.771463871002197,7.87891960144043,0.8558863997459412,0,-1,1,115,0.2169811320754717,2.0,530,1.6996541023254395,0,0.0,0,0.0,0,28.354175567626953,1,6
SH,FVD,17,3300,138,138,13.8,0.18128544092178345,0.22883164882659912,2.2478740215301514,2.6291663646698,0.3922635018825531,0,-1,0,0,0.0,2.0,138,2.226837158203125,0,0.0,0,0.0,0,7.069822788238525,1,6
SH,FVD,17,3301,340,340,34.0,0.36801576614379883,0.46474477648735046,1.5808336734771729,1.9044883251190186,0.780470609664917,1,264,1,264,0.7764705882352941,2.0,264,0.0,0,0.0,0,0.0,0,0.0,0,5
SH,FVD,17,3302,481,481,48.1,0.23230190575122833,0.30197522044181824,4.017293930053711,5.045684337615967,0.7776893973350525,0,-1,1,24,0.0498960498960499,2.0,481,1.7367808818817139,0,0.0,0,0.0,0,14.400650024414062,1,6
SH,FVD,17,3303,454,454,45.400000000000006,0.3414435386657715,0.43947434425354004,4.295249938964844,5.093538284301758,0.7434505224227905,1,428,1,86,0.1894273127753304,2.0,428,0.0,0,0.0,0,0.0,0,0.0,1,6
SH,FVD,17,3304,154,154,15.4,0.46886906027793884,0.7038556933403015,2.5859458446502686,3.123098850250244,0.9942935109138489,0,-1,1,29,0.18831168831168832,2.0,154,1.7868022918701172,0,0.0,0,0.0,0,3.5435144901275635,2,7
SH,FVD,17,3305,246,246,24.6,0.23094922304153442,0.26470619440078735,12.691455841064453,14.58163070678711,0.8366719484329224,0,-1,0,0,0.0,2.0,246,2.0061440467834473,0,0.0,0,0.0,0,28.291414260864258,0,5
SH,FVD,17,3306,1121,1121,112.10000000000001,0.2870868444442749,0.39193421602249146,3.8678085803985596,5.6882452964782715,0.5625108480453491,0,-1,1,279,0.2488849241748439,2.0,1121,1.4182018041610718,0,0.0,0,0.0,0,2.857959032058716,1,6
SH,FVD,17,3307,479,479,47.900000000000006,0.18098151683807373,0.22311975061893463,3.723884105682373,4.807903289794922,0.5900633335113525,0,-1,1,479,1.0,2.0,479,0.6586475968360901,0,0.0,0,0.0,0,9.515336036682129,0,5
SH,FVD,17,3308,304,304,30.400000000000002,0.37250402569770813,0.4725780189037323,8.641990661621094,9.706271171569824,0.8126955628395081,0,-1,1,304,1.0,2.0,304,0.9687171578407288,0,0.0,0,0.0,0,17.516578674316406,2,7
SH,FVD,17,3309,163,163,16.3,0.13048981130123138,0.19711756706237793,1.0612053871154785,1.2440705299377441,0.28191229701042175,0,-1,0,0,0.0,2.0,163,3.2989399433135986,0,0.0,0,0.0,0,1.9013417959213257,0,5
SH,FVD,17,3310,171,171,17.1,0.41275346279144287,0.500342845916748,5.87973165512085,7.299413681030273,3.580437183380127,1,91,1,91,0.5321637426900585,2.0,91,0.0,0,0.0,0,0.0,0,0.0,2,7
SH,FVD,17,3311,187,187,18.7,0.3902459442615509,0.527418851852417,5.052662372589111,5.7530999183654785,0.9141547679901123,0,-1,0,0,0.0,2.0,187,2.270775556564331,0,0.0,0,0.0,0,5.1250224113464355,2,7
SH,FVD,17,3312,193,193,19.3,0.24792250990867615,0.3271651566028595,4.580672264099121,5.932629585266113,0.6360607147216797,0,-1,1,19,0.09844559585492228,2.0,193,1.7964493036270142,0,0.0,0,0.0,0,25.046602249145508,1,6
SH,FVD,17,3313,311,311,31.1,0.2780306935310364,0.33863842487335205,4.168074131011963,4.5837082862854,0.4595955014228821,0,-1,0,0,0.0,2.0,311,2.220705986022949,0,0.0,0,0.0,0,25.994524002075195,1,6
SH,FVD,17,3314,158,158,15.8,0.606947660446167,0.8319157958030701,3.8189785480499268,4.266656398773193,6.53540563583374,1,40,1,40,0.25316455696202533,2.0,40,0.0,0,0.0,0,0.0,0,0.0,0,5
SH,FVD,17,3315,1228,1228,122.80000000000001,0.4397967755794525,0.5877609252929688,8.356366157531738,9.211827278137207,3.5713865756988525,1,279,1,279,0.2271986970684039,2.0,279,0.0,0,0.0,0,0.0,0,0.0,0,5
SH,FVD,17,3316,280,280,28.0,0.3202624022960663,0.45110902190208435,1.6624923944473267,1.9786767959594727,0.4158386290073395,0,-1,1,280,1.0,2.0,280,0.398456335067749,0,0.0,0,0.0,0,4.755937099456787,0,5
SH,FVD,17,3317,195,195,19.5,0.19684725999832153,0.23192094266414642,4.688620090484619,6.6833648681640625,0.9806463122367859,0,-1,1,195,1.0,2.0,195,1.165266990661621,0,0.0,0,0.0,0,14.028411865234375,2,7
SH,FVD,17,3318,442,442,44.2,0.29255053400993347,0.38209953904151917,11.884310722351074,13.204323768615723,0.9161757230758667,0,-1,0,0,0.0,2.0,442,2.1419920921325684,0,0.0,0,0.0,0,6.272286891937256,2,7
SH,FVD,17,3319,253,253,25.3,0.39733633399009705,0.4928620755672455,5.47263765335083,6.184686183929443,1.0288056135177612,0,-1,1,175,0.691699604743083,2.0,253,0.8464142084121704,0,0.0,0,0.0,0,6.948550701141357,0,5
SH,FVD,17,3320,175,175,17.5,0.3786802589893341,0.5015684962272644,2.4870100021362305,2.7284531593322754,0.5636817216873169,0,-1,1,64,0.3657142857142857,2.0,175,1.6813814640045166,0,0.0,0,0.0,0,5.636211395263672,0,5
SH,FVD,17,3321,288,288,28.8,0.3600495159626007,0.435990571975708,1.8983243703842163,3.2453413009643555,0.55069899559021,0,-1,1,288,1.0,2.0,288,1.175673246383667,0,0.0,0,0.0,0,16.23385238647461,0,5
SH,FVD,17,3322,329,329,32.9,0.35348302125930786,0.47837090492248535,3.579395055770874,4.349693775177002,0.8576885461807251,1,262,1,262,0.7963525835866262,2.0,262,0.0,0,0.0,0,0.0,0,0.0,0,5
SH,FVD,17,3323,135,135,13.5,0.4793926179409027,0.6893646717071533,8.51089096069336,9.817719459533691,1.1779708862304688,0,-1,1,135,1.0,2.0,135,0.25874730944633484,0,0.0,0,0.0,0,4.038928508758545,2,7
SH,FVD,17,3324,188,188,18.8,0.2859739065170288,0.39326778054237366,3.571403980255127,4.003189563751221,0.38873136043548584,0,-1,0,0,0.0,2.0,188,2.051238536834717,0,0.0,0,0.0,0,23.630571365356445,0,5
SH,FVD,17,3325,228,228,22.8,0.7633618116378784,1.032891869544983,29.96787452697754,36.151084899902344,2.8966948986053467,1,137,1,137,0.6008771929824561,2.0,137,0.0,0,0.0,0,0.0,0,0.0,0,5
SH,FVD,17,3326,485,485,48.5,0.5181142687797546,0.6674686670303345,8.139286041259766,9.403383255004883,5.408735275268555,1,113,1,113,0.2329896907216495,2.0,113,0.0,0,0.0,0,0.0,0,0.0,1,6
SH,FVD,17,3327,290,290,29.0,0.25595441460609436,0.352249413728714,2.270115852355957,3.2012109756469727,0.76365065574646,1,228,1,228,0.7862068965517242,2.0,228,0.0,0,0.0,0,0.0,0,0.0,2,7
SH,FVD,17,3328,155,155,15.5,0.300115704536438,0.3814004957675934,4.32511043548584,5.126849174499512,0.6938043236732483,0,-1,1,39,0.25161290322580643,2.0,155,1.215232491493225,0,0.0,0,0.0,0,4.767467975616455,1,6
SH,FVD,17,3329,672,672,67.2,0.2667821943759918,0.3192233741283417,9.068068504333496,10.629401206970215,0.6643935441970825,0,-1,0,0,0.0,2.0,672,2.0350399017333984,0,0.0,0,0.0,0,5.428365230560303,0,5
SH,FVD,17,3330,358,358,35.800000000000004,0.30961287021636963,0.37637972831726074,3.802804946899414,4.431264877319336,0.6997573375701904,0,-1,1,135,0.3770949720670391,2.0,358,0.12725894153118134,0,0.0,0,0.0,0,0.4762042462825775,1,6
SH,FVD,17,3331,206,206,20.6,0.14966459572315216,0.19500327110290527,0.2097737044095993,0.30378109216690063,0.21106673777103424,0,-1,1,206,1.0,2.0,206,0.7900400757789612,0,0.0,0,0.0,0,15.859278678894043,2,7
SH,FVD,17,3332,496,496,49.6,0.5755485892295837,0.7936632633209229,4.192797660827637,4.919086456298828,4.478483200073242,1,66,1,66,0.13306451612903225,2.0,66,0.0,0,0.0,0,0.0,0,0.0,0,5
SH,FVD,17,3333,466,466,46.6,0.544780969619751,0.6995894312858582,3.353013753890991,3.965670585632324,3.148466110229492,1,201,1,201,0.4313304721030043,2.0,201,0.0,0,0.0,0,0.0,0,0.0,1,6
SH,FVD,17,3334,136,136,13.600000000000001,0.3333631157875061,0.4153086841106415,5.673792362213135,6.8008713722229,3.7878055572509766,1,88,1,88,0.6470588235294118,2.0,88,0.0,0,0.0,0,0.0,0,0.0,1,6
SH,FVD,17,3335,204,204,20.400000000000002,0.33204200863838196,0.3996794819831848,6.37392520904541,7.201162338256836,0.6099355816841125,0,-1,0,0,0.0,2.0,204,2.1401424407958984,0,0.0,0,0.0,0,4.994873523712158,2,7
SH,FVD,17,3336,220,220,22.0,0.1832272857427597,0.2480589598417282,4.427844047546387,4.863386154174805,0.6926713585853577,0,-1,0,0,0.0,2.0,220,6.242861270904541,0,0.0,0,0.0,0,6.580228328704834,2,7
SH,FVD,17,3337,321,321,32.1,0.368703693151474,0.4619477689266205,16.215303421020508,17.5810546875,1.0091038942337036,0,-1,0,0,0.0,2.0,321,2.202672004699707,0,0.0,0,0.0,0,6.848604679107666,0,5
SH,FVD,17,3338,425,425,42.5,0.21739548444747925,0.27755001187324524,27.286861419677734,34.14467239379883,1.4218144416809082,0,-1,1,425,1.0,2.0,425,1.5543596744537354,0,0.0,0,0.0,0,28.30254554748535,0,5
SH,FVD,17,3339,381,381,38.1,0.35983145236968994,0.43967971205711365,4.466768741607666,6.443121433258057,0.6844489574432373,0,-1,1,126,0.33070866141732286,2.0,381,0.29641327261924744,0,0.0,0,0.0,0,0.5192169547080994,1,6
SH,FVD,17,3340,251,251,25.1,0.2668854296207428,0.33078423142433167,5.4463419914245605,6.038308143615723,0.4899844527244568,0,-1,1,214,0.852589641434263,2.0,251,1.0600223541259766,0,0.0,0,0.0,0,7.445430755615234,1,6
SH,FVD,17,3341,224,224,22.400000000000002,0.2714293599128723,0.32608139514923096,2.776118516921997,3.226454734802246,0.7076584696769714,0,-1,1,156,0.6964285714285714,2.0,224,1.2338682413101196,0,0.0,0,0.0,0,15.880674362182617,1,6
SH,FVD,17,3342,152,152,15.200000000000001,0.5722920298576355,0.699921727180481,3.694322347640991,4.463800430297852,1.4310895204544067,0,-1,1,125,0.8223684210526315,2.0,152,0.6523412466049194,0,0.0,0,0.0,0,3.6286163330078125,2,7
SH,FVD,17,3343,300,300,30.0,0.31323006749153137,0.36424219608306885,13.031266212463379,16.15827178955078,0.9728295803070068,0,-1,0,0,0.0,2.0,300,4.588954925537109,0,0.0,0,0.0,0,13.60114860534668,1,6
SH,FVD,17,3344,188,188,18.8,0.34849366545677185,0.42994189262390137,13.814428329467773,16.186704635620117,1.428006887435913,0,-1,0,0,0.0,2.0,188,2.304487466812134,0,0.0,0,0.0,0,23.99103546142578,1,6
SH,FVD,17,3345,720,720,72.0,0.3400558829307556,0.4234345853328705,8.97390365600586,10.783620834350586,3.472930908203125,1,310,1,164,0.22777777777777777,2.0,310,0.0,0,0.0,0,0.0,0,0.0,2,7
SH,FVD,17,3346,185,185,18.5,0.6157602071762085,0.878587543964386,2.2586889266967773,2.6908438205718994,1.1493337154388428,0,-1,1,185,1.0,2.0,185,0.015890594571828842,0,0.0,0,0.0,0,0.11841350793838501,1,6
SH,FVD,17,3347,170,170,17.0,0.1782291978597641,0.22208631038665771,2.7755966186523438,3.9216256141662598,0.7726183533668518,0,-1,1,115,0.6764705882352942,2.0,170,1.941080927848816,0,0.0,0,0.0,0,31.433406829833984,0,5
SH,FVD,17,3348,262,262,26.200000000000003,0.2942410707473755,0.4133533835411072,6.046126842498779,10.02631950378418,1.2783229351043701,0,-1,1,51,0.1946564885496183,2.0,262,0.9643514752388,0,0.0,0,0.0,0,11.411430358886719,1,6
SH,FVD,17,3349,231,231,23.1,0.38619762659072876,0.4833744764328003,13.288093566894531,18.063274383544922,1.7391750812530518,0,-1,0,0,0.0,2.0,231,2.635694980621338,0,0.0,0,0.0,0,40.170555114746094,0,5
SH,FVD,17,3350,192,192,19.200000000000003,0.25519344210624695,0.4088684618473053,2.9681453704833984,3.419510841369629,0.4577382504940033,0,-1,1,6,0.03125,2.0,192,1.752424955368042,0,0.0,0,0.0,0,10.244084358215332,1,6
SH,FVD,17,3351,145,145,14.5,0.19632184505462646,0.2587151527404785,4.7110066413879395,5.624641418457031,0.6954206228256226,0,-1,0,0,0.0,2.0,145,3.2630341053009033,0,0.0,0,0.0,0,8.629449844360352,1,6
SH,FVD,17,3352,223,223,22.3,0.26294970512390137,0.3579833507537842,2.464216709136963,2.7682831287384033,0.5794692635536194,0,-1,0,0,0.0,2.0,223,3.2376492023468018,0,0.0,0,0.0,0,10.286075592041016,1,6
SH,FVD,17,3353,205,205,20.5,0.32273223996162415,0.465278297662735,1.5497604608535767,1.888962745666504,0.6074712872505188,0,-1,1,79,0.3853658536585366,2.0,205,1.0314052104949951,0,0.0,0,0.0,0,1.7993637323379517,2,7
SH,FVD,17,3354,242,242,24.200000000000003,0.37352025508880615,0.48385173082351685,1.3203692436218262,1.481329321861267,0.5026208162307739,0,-1,1,28,0.11570247933884298,2.0,242,0.04237068071961403,0,0.0,0,0.0,0,0.05019639432430267,0,5
SH,FVD,17,3355,189,189,18.900000000000002,0.14398422837257385,0.21997135877609253,1.655200719833374,2.2102043628692627,0.37136101722717285,0,-1,1,189,1.0,2.0,189,0.7425985932350159,0,0.0,0,0.0,0,14.283575057983398,0,5
SH,FVD,17,3356,549,549,54.900000000000006,0.23394367098808289,0.298501580953598,1.236073613166809,1.4751542806625366,0.2404799908399582,0,-1,1,549,1.0,2.0,549,0.5808162093162537,0,0.0,0,0.0,0,7.085615158081055,2,7
SH,FVD,17,3357,226,226,22.6,0.23956455290317535,0.3118636906147003,9.079242706298828,9.814530372619629,0.6341329216957092,0,-1,0,0,0.0,2.0,226,2.011435031890869,0,0.0,0,0.0,0,4.093412399291992,0,5
SH,FVD,17,3358,198,198,19.8,0.3580271899700165,0.45833897590637207,8.126385688781738,8.848501205444336,0.8924612402915955,0,-1,1,23,0.11616161616161616,2.0,198,1.567065715789795,0,0.0,0,0.0,0,6.411654472351074,1,6
SH,FVD,17,3359,152,152,15.200000000000001,0.26400187611579895,0.3116309642791748,6.691257476806641,8.257590293884277,1.6993337869644165,1,96,1,96,0.631578947368421,2.0,96,0.0,0,0.0,0,0.0,0,0.0,0,5
SH,FVD,17,3360,215,215,21.5,0.1410396546125412,0.17800037562847137,0.992677628993988,1.2764825820922852,0.40487435460090637,0,-1,0,0,0.0,2.0,215,5.0013628005981445,0,0.0,0,0.0,0,77.72737121582031,2,7
SH,FVD,17,3361,183,183,18.3,0.33337682485580444,0.385550320148468,1.3765114545822144,1.8366377353668213,0.4856492280960083,0,-1,0,0,0.0,2.0,183,2.359722137451172,0,0.0,0,0.0,0,5.602638244628906,2,7
SH,FVD,17,3362,152,152,15.200000000000001,0.5612778663635254,0.63260418176651,5.255430221557617,7.359389305114746,1.212754726409912,0,-1,1,71,0.46710526315789475,2.0,152,1.5347156524658203,0,0.0,0,0.0,0,9.59184741973877,1,6
SH,FVD,17,3363,449,449,44.900000000000006,0.31150323152542114,0.4142267405986786,6.815131664276123,7.6550092697143555,0.816677451133728,1,414,1,62,0.13808463251670378,2.0,414,0.0,0,0.0,0,0.0,0,0.0,2,7
SH,FVD,17,3364,238,238,23.8,0.38267794251441956,0.5644841194152832,7.2627434730529785,8.644735336303711,1.3303351402282715,1,145,1,145,0.6092436974789915,2.0,145,0.0,0,0.0,0,0.0,0,0.0,0,5
SH,FVD,17,3365,215,215,21.5,0.24838536977767944,0.359639972448349,1.2923141717910767,1.70981764793396,0.43358486890792847,0,-1,1,114,0.5302325581395348,2.0,215,1.5862456560134888,0,0.0,0,0.0,0,3.551295280456543,0,5
SH,FVD,17,3366,147,147,14.700000000000001,0.359017938375473,0.5294719338417053,16.065567016601562,19.132102966308594,2.1636130809783936,0,-1,1,147,1.0,2.0,147,1.3482403755187988,0,0.0,0,0.0,0,21.05525779724121,0,5
SH,FVD,17,3367,147,147,14.700000000000001,0.1872197538614273,0.26037055253982544,3.866889476776123,4.491145133972168,0.5173546671867371,0,-1,1,97,0.6598639455782312,2.0,147,1.1057626008987427,0,0.0,0,0.0,0,9.078290939331055,1,6
SH,FVD,17,3368,312,312,31.200000000000003,0.23970554769039154,0.29781195521354675,4.537125587463379,6.030029296875,0.5532433986663818,0,-1,1,312,1.0,2.0,312,0.8799358010292053,0,0.0,0,0.0,0,16.085147857666016,2,7
SH,FVD,17,3369,384,384,38.400000000000006,0.3162045180797577,0.4138725697994232,6.18964147567749,7.2578887939453125,0.7808268666267395,0,-1,1,21,0.0546875,2.0,384,0.7028504610061646,0,0.0,0,0.0,0,1.831453800201416,0,5
SH,FVD,17,3370,320,320,32.0,0.4110089838504791,0.5445356965065002,6.375847816467285,7.05853271484375,0.8968008756637573,1,318,1,30,0.09375,2.0,318,0.0,0,0.0,0,0.0,0,0.0,2,7
SH,FVD,17,3371,137,137,13.700000000000001,0.2805077135562897,0.3299265205860138,3.921128273010254,5.830636024475098,1.169279932975769,0,-1,0,0,0.0,2.0,137,3.776090621948242,0,0.0,0,0.0,0,3.5922908782958984,1,6
SH,FVD,17,3372,595,595,59.5,0.28878524899482727,0.34310004115104675,7.130841255187988,7.856163501739502,0.578271210193634,0,-1,1,187,0.3142857142857143,2.0,595,1.6495487689971924,0,0.0,0,0.0,0,13.828336715698242,1,6
SH,FVD,17,3373,371,371,37.1,0.3013482093811035,0.3893970549106598,14.400067329406738,16.147668838500977,1.2050257921218872,0,-1,1,36,0.09703504043126684,2.0,371,1.2908496856689453,0,0.0,0,0.0,0,7.009357929229736,1,6
SH,FVD,17,3374,142,142,14.200000000000001,0.3209036588668823,0.3619253635406494,7.478456497192383,8.810563087463379,0.9210032224655151,0,-1,1,142,1.0,2.0,142,1.5634866952896118,0,0.0,0,0.0,0,34.50188064575195,1,6
SH,FVD,17,3375,316,316,31.6,0.27345001697540283,0.332546591758728,3.4384448528289795,4.261790752410889,0.4957006573677063,0,-1,1,301,0.9525316455696202,2.0,316,0.11355473846197128,0,0.0,0,0.0,0,2.1172006130218506,0,5
SH,FVD,17,3376,308,308,30.8,0.4716144800186157,0.6216457486152649,10.914002418518066,12.90003490447998,1.493264079093933,1,297,1,63,0.20454545454545456,2.0,297,0.0,0,0.0,0,0.0,0,0.0,1,6
SH,FVD,17,3377,211,211,21.1,0.34015169739723206,0.41767051815986633,7.201191425323486,11.58178997039795,1.0058164596557617,1,171,1,171,0.8104265402843602,2.0,171,0.0,0,0.0,0,0.0,0,0.0,1,6
