dataset,model,seed,event_id,available_future_steps,horizon_steps,horizon_seconds,mae_acc,rmse_acc,mae_spacing,rmse_spacing,mae_speed,collision,collision_step,unsafe_event,unsafe_frames,unsafe_frame_rate,unsafe_thw_threshold_seconds,thw_moving_frames,minimum_predicted_thw,negative_speed_attempts,negative_speed_attempt_rate,overspeed_attempts,overspeed_attempt_rate,numerical_failure,minimum_predicted_spacing,evaluation_gpu_local,evaluation_gpu_physical
SH,FVD,137,0,156,156,15.600000000000001,0.41622114181518555,0.5382797718048096,5.360524654388428,6.300365447998047,1.3876500129699707,0,-1,0,0,0.0,2.0,156,8.690781593322754,0,0.0,0,0.0,0,11.456496238708496,1,6
SH,FVD,137,1,142,142,14.200000000000001,0.2592116594314575,0.3160967230796814,2.7219228744506836,3.1061806678771973,0.5536202788352966,1,109,1,38,0.2676056338028169,2.0,109,0.0,0,0.0,0,0.0,0,0.0,1,6
SH,FVD,137,2,291,291,29.1,0.4021017551422119,0.5180580615997314,9.1337308883667,9.792496681213379,1.4450513124465942,1,197,1,64,0.21993127147766323,2.0,197,0.0,0,0.0,0,0.0,0,0.0,0,5
SH,FVD,137,3,418,418,41.800000000000004,0.4501286447048187,0.546708345413208,11.660907745361328,14.563772201538086,4.943814277648926,1,41,1,41,0.09808612440191387,2.0,41,0.0,0,0.0,0,0.0,0,0.0,2,7
SH,FVD,137,4,265,265,26.5,0.3031868636608124,0.3884579539299011,10.766282081604004,12.771403312683105,0.903031587600708,0,-1,1,15,0.05660377358490566,2.0,265,1.7286728620529175,0,0.0,0,0.0,0,2.410235643386841,1,6
SH,FVD,137,5,310,310,31.0,0.2721478044986725,0.37021052837371826,8.45205020904541,10.000999450683594,0.6346843838691711,0,-1,1,310,1.0,2.0,310,0.9684074521064758,0,0.0,0,0.0,0,20.364667892456055,2,7
SH,FVD,137,6,173,173,17.3,0.35716351866722107,0.39537951350212097,4.890520095825195,5.360568046569824,0.7699154615402222,0,-1,0,0,0.0,2.0,173,3.6441800594329834,0,0.0,0,0.0,0,31.645824432373047,2,7
SH,FVD,137,7,139,139,13.9,0.22036103904247284,0.30872997641563416,1.1702899932861328,2.0614771842956543,0.5057279467582703,0,-1,1,139,1.0,2.0,139,0.3487083911895752,0,0.0,0,0.0,0,4.1717376708984375,2,7
SH,FVD,137,8,494,494,49.400000000000006,0.5979610681533813,0.795131504535675,30.79691505432129,38.47997283935547,2.836193561553955,1,494,1,33,0.06680161943319839,2.0,494,0.0,0,0.0,0,0.0,0,0.0,1,6
SH,FVD,137,9,188,188,18.8,0.18170513212680817,0.23489142954349518,7.903572082519531,10.542858123779297,1.0914751291275024,0,-1,1,176,0.9361702127659575,2.0,188,1.1303068399429321,0,0.0,0,0.0,0,12.30841064453125,1,6
SH,FVD,137,10,654,654,65.4,0.2974136173725128,0.3823099434375763,8.223088264465332,10.985566139221191,0.7218276262283325,0,-1,1,654,1.0,2.0,654,1.0715700387954712,0,0.0,0,0.0,0,18.89667510986328,2,7
SH,FVD,137,11,143,143,14.3,0.49009886384010315,0.6757153868675232,3.618834972381592,4.944121360778809,1.027777910232544,0,-1,1,143,1.0,2.0,143,0.4318705201148987,0,0.0,0,0.0,0,5.5747270584106445,2,7
SH,FVD,137,12,165,165,16.5,0.22768813371658325,0.3250798285007477,18.562480926513672,23.074827194213867,2.673783779144287,0,-1,1,165,1.0,2.0,165,1.4451148509979248,0,0.0,0,0.0,0,28.85036277770996,2,7
SH,FVD,137,13,168,168,16.8,0.3921319544315338,0.5024158954620361,2.5799336433410645,2.8340532779693604,0.32447102665901184,1,151,1,109,0.6488095238095238,2.0,151,0.0,0,0.0,0,0.0,0,0.0,1,6
SH,FVD,137,14,161,161,16.1,0.27707263827323914,0.3799126148223877,4.857635498046875,5.363936424255371,0.8306592106819153,1,74,1,33,0.20496894409937888,2.0,74,0.0,0,0.0,0,0.0,0,0.0,2,7
SH,FVD,137,15,133,133,13.3,0.34107592701911926,0.4339989125728607,5.731527328491211,7.727444171905518,1.3971848487854004,0,-1,1,133,1.0,2.0,133,1.1129857301712036,0,0.0,0,0.0,0,14.452608108520508,1,6
SH,FVD,137,16,872,872,87.2,0.2780490815639496,0.3633772134780884,5.540049076080322,6.7151923179626465,0.5782367587089539,0,-1,1,872,1.0,2.0,872,0.4913102388381958,0,0.0,0,0.0,0,7.700619697570801,0,5
SH,FVD,137,17,666,666,66.60000000000001,0.35338637232780457,0.4660385847091675,4.688783645629883,5.442544937133789,2.290177345275879,1,350,1,116,0.17417417417417416,2.0,350,0.0,0,0.0,0,0.0,0,0.0,1,6
SH,FVD,137,18,221,221,22.1,0.3149891495704651,0.3909865617752075,2.083635091781616,2.572418689727783,0.6073592305183411,0,-1,1,17,0.07692307692307693,2.0,221,1.1251089572906494,0,0.0,0,0.0,0,1.4419950246810913,2,7
SH,FVD,137,19,174,174,17.400000000000002,0.2638782560825348,0.32100456953048706,3.7654411792755127,4.304664134979248,0.5587325096130371,0,-1,1,174,1.0,2.0,174,1.296598196029663,0,0.0,0,0.0,0,20.58868408203125,1,6
SH,FVD,137,20,217,217,21.700000000000003,0.3620133399963379,0.43990713357925415,10.636306762695312,12.903948783874512,1.4298677444458008,0,-1,1,29,0.1336405529953917,2.0,217,1.374219536781311,0,0.0,0,0.0,0,4.270733833312988,0,5
SH,FVD,137,21,210,210,21.0,0.1260925531387329,0.16037310659885406,1.4906479120254517,2.2439119815826416,0.3272636830806732,0,-1,1,210,1.0,2.0,210,0.7965876460075378,0,0.0,0,0.0,0,15.66694450378418,2,7
SH,FVD,137,22,741,741,74.10000000000001,0.259350061416626,0.3412897288799286,7.726652145385742,9.078611373901367,0.7407593131065369,0,-1,1,362,0.4885290148448043,2.0,741,0.1398646980524063,0,0.0,0,0.0,0,0.8943682909011841,2,7
SH,FVD,137,23,167,167,16.7,0.3386209309101105,0.4191265106201172,2.774742841720581,3.278886079788208,0.49399393796920776,0,-1,1,167,1.0,2.0,167,1.2384244203567505,0,0.0,0,0.0,0,4.457828044891357,1,6
SH,FVD,137,24,354,354,35.4,0.27015620470046997,0.35496190190315247,4.03371524810791,4.841207981109619,1.1360348463058472,1,105,1,105,0.2966101694915254,2.0,105,0.0,0,0.0,0,0.0,0,0.0,1,6
SH,FVD,137,25,259,259,25.900000000000002,0.2651589512825012,0.3140488266944885,2.632681131362915,3.030914783477783,0.44880783557891846,0,-1,1,9,0.03474903474903475,2.0,259,1.9242740869522095,0,0.0,0,0.0,0,10.466413497924805,1,6
SH,FVD,137,26,595,595,59.5,0.408679336309433,0.5531208515167236,12.055602073669434,14.057161331176758,1.1638875007629395,0,-1,0,0,0.0,2.0,595,2.0084526538848877,0,0.0,0,0.0,0,6.639527320861816,2,7
SH,FVD,137,27,162,162,16.2,0.349310964345932,0.41799747943878174,8.098584175109863,10.27721118927002,1.4843940734863281,0,-1,0,0,0.0,2.0,162,3.8541951179504395,0,0.0,0,0.0,0,38.480186462402344,1,6
SH,FVD,137,28,143,143,14.3,0.5506657361984253,0.688928484916687,2.2636070251464844,2.4926981925964355,1.3762534856796265,1,103,1,103,0.7202797202797203,2.0,103,0.0,0,0.0,0,0.0,0,0.0,0,5
SH,FVD,137,29,139,139,13.9,0.2940502464771271,0.3282132148742676,5.79812479019165,8.212040901184082,1.4324209690093994,0,-1,0,0,0.0,2.0,139,4.806904315948486,0,0.0,0,0.0,0,27.649044036865234,0,5
SH,FVD,137,30,185,185,18.5,0.4250602126121521,0.6175217628479004,2.4378750324249268,2.7068045139312744,0.5466881394386292,0,-1,1,136,0.7351351351351352,2.0,185,1.1577744483947754,0,0.0,0,0.0,0,6.177987098693848,2,7
SH,FVD,137,31,166,166,16.6,0.3981224000453949,0.531726598739624,2.1877386569976807,2.516230583190918,0.7916293144226074,0,-1,1,166,1.0,2.0,166,0.5273045897483826,0,0.0,0,0.0,0,3.385232448577881,0,5
SH,FVD,137,32,204,204,20.400000000000002,0.41757652163505554,0.48140570521354675,7.612790584564209,8.640166282653809,1.1889032125473022,0,-1,1,94,0.46078431372549017,2.0,204,1.9068487882614136,0,0.0,0,0.0,0,24.07135772705078,0,5
SH,FVD,137,33,551,551,55.1,0.43187215924263,0.5895404815673828,3.0595438480377197,3.9644594192504883,0.9501190781593323,1,481,1,481,0.8729582577132486,2.0,481,0.0,0,0.0,0,0.0,0,0.0,1,6
SH,FVD,137,34,143,143,14.3,0.49719569087028503,0.6034469604492188,2.3877618312835693,3.056171417236328,0.9243980646133423,0,-1,1,143,1.0,2.0,143,0.7043634653091431,0,0.0,0,0.0,0,8.813244819641113,1,6
SH,FVD,137,35,152,152,15.200000000000001,0.17014190554618835,0.2191886603832245,2.709543228149414,3.276576280593872,0.42264294624328613,0,-1,1,90,0.5921052631578947,2.0,152,0.7650056481361389,0,0.0,0,0.0,0,7.488077640533447,2,7
SH,FVD,137,36,161,161,16.1,0.4701564610004425,0.6111982464790344,3.4445157051086426,4.0525312423706055,0.8792828917503357,0,-1,0,0,0.0,2.0,161,3.809368133544922,0,0.0,0,0.0,0,4.430866241455078,0,5
SH,FVD,137,37,231,231,23.1,0.1568954586982727,0.2046423703432083,1.3350037336349487,1.5885913372039795,0.35467997193336487,0,-1,1,231,1.0,2.0,231,0.8509149551391602,0,0.0,0,0.0,0,14.733075141906738,0,5
SH,FVD,137,38,340,340,34.0,0.28249239921569824,0.3595344126224518,7.017253398895264,8.032037734985352,0.7394679188728333,0,-1,0,0,0.0,2.0,340,2.707599401473999,0,0.0,0,0.0,0,10.840709686279297,0,5
SH,FVD,137,39,182,182,18.2,0.2339819371700287,0.3253220319747925,2.7710342407226562,3.1965036392211914,0.9065679907798767,0,-1,1,149,0.8186813186813187,2.0,182,0.8936967253684998,0,0.0,0,0.0,0,5.911181449890137,0,5
SH,FVD,137,40,274,274,27.400000000000002,0.21830502152442932,0.2714233696460724,3.278834104537964,3.9065487384796143,0.7274534702301025,0,-1,1,4,0.014598540145985401,2.0,274,1.9446210861206055,0,0.0,0,0.0,0,4.062779903411865,0,5
SH,FVD,137,41,207,207,20.700000000000003,0.38454464077949524,0.5104406476020813,3.7515766620635986,4.8025407791137695,1.1223539113998413,0,-1,1,147,0.7101449275362319,2.0,207,0.04565425589680672,0,0.0,0,0.0,0,0.27864691615104675,2,7
SH,FVD,137,42,175,175,17.5,0.06593306362628937,0.09606274962425232,2.9967117309570312,3.686715602874756,0.3777252733707428,0,-1,1,175,1.0,2.0,175,1.7302227020263672,0,0.0,0,0.0,0,32.33692169189453,0,5
SH,FVD,137,43,147,147,14.700000000000001,0.6616794466972351,0.8319838643074036,2.029238700866699,2.66361141204834,0.9464846253395081,0,-1,0,0,0.0,2.0,147,5.136351585388184,0,0.0,0,0.0,0,9.983431816101074,2,7
SH,FVD,137,44,184,184,18.400000000000002,0.11136229336261749,0.15909181535243988,4.2091498374938965,5.4560651779174805,0.5109351873397827,0,-1,1,184,1.0,2.0,184,1.6895246505737305,0,0.0,0,0.0,0,24.088603973388672,2,7
SH,FVD,137,45,270,270,27.0,0.3392062485218048,0.5327752828598022,2.224985122680664,2.5269150733947754,0.7622365355491638,1,169,1,169,0.6259259259259259,2.0,169,0.0,0,0.0,0,0.0,0,0.0,0,5
SH,FVD,137,46,204,204,20.400000000000002,0.4420732259750366,0.5837441682815552,6.29991340637207,7.505871772766113,1.6086187362670898,0,-1,1,72,0.35294117647058826,2.0,204,0.5239506363868713,0,0.0,0,0.0,0,4.559325695037842,1,6
SH,FVD,137,47,208,208,20.8,0.5151697397232056,0.6018966436386108,5.067044734954834,5.760422706604004,1.029124140739441,0,-1,0,0,0.0,2.0,208,3.3819596767425537,0,0.0,0,0.0,0,6.256724834442139,2,7
SH,FVD,137,48,164,164,16.400000000000002,0.1660333126783371,0.1938484162092209,4.221958637237549,4.997496604919434,0.5469689965248108,0,-1,0,0,0.0,2.0,164,3.8661813735961914,0,0.0,0,0.0,0,84.48893737792969,1,6
SH,FVD,137,49,167,167,16.7,0.05228642374277115,0.0634671151638031,0.6648000478744507,1.0043450593948364,0.13853652775287628,0,-1,1,138,0.8263473053892215,2.0,167,1.8647431135177612,0,0.0,0,0.0,0,21.816843032836914,2,7
SH,FVD,137,50,153,153,15.3,0.3996661305427551,0.5645082592964172,3.1561670303344727,3.916961908340454,1.0625897645950317,0,-1,1,70,0.45751633986928103,2.0,153,1.2444812059402466,0,0.0,0,0.0,0,3.9845283031463623,0,5
SH,FVD,137,51,163,163,16.3,0.228883758187294,0.29673242568969727,1.3558320999145508,1.4626284837722778,0.204799085855484,0,-1,0,0,0.0,2.0,163,4.7914228439331055,0,0.0,0,0.0,0,3.611170768737793,1,6
SH,FVD,137,52,469,469,46.900000000000006,0.21046577394008636,0.27083587646484375,2.7415544986724854,3.67053484916687,0.7662352323532104,1,422,1,344,0.7334754797441365,2.0,422,0.0,0,0.0,0,0.0,0,0.0,2,7
SH,FVD,137,53,578,578,57.800000000000004,0.41361984610557556,0.5602869987487793,8.806604385375977,10.126567840576172,4.53521203994751,1,228,1,228,0.3944636678200692,2.0,228,0.0,0,0.0,0,0.0,0,0.0,0,5
SH,FVD,137,54,211,211,21.1,0.5306988954544067,0.6193251013755798,8.348641395568848,9.427741050720215,1.3994934558868408,1,148,1,61,0.2890995260663507,2.0,148,0.0,0,0.0,0,0.0,0,0.0,0,5
SH,FVD,137,55,1090,1090,109.0,0.3681747019290924,0.47160306572914124,7.860969066619873,9.828859329223633,0.6270923614501953,0,-1,1,228,0.20917431192660552,2.0,1090,1.5485647916793823,0,0.0,0,0.0,0,4.070687294006348,2,7
SH,FVD,137,56,139,139,13.9,0.20499299466609955,0.2346978336572647,1.7026921510696411,2.1096177101135254,0.2806798815727234,0,-1,1,12,0.08633093525179857,2.0,139,1.9701536893844604,0,0.0,0,0.0,0,32.564266204833984,2,7
SH,FVD,137,57,167,167,16.7,0.13362519443035126,0.17972204089164734,4.351314544677734,5.262282371520996,0.6715173125267029,0,-1,1,167,1.0,2.0,167,0.7999582886695862,0,0.0,0,0.0,0,9.261427879333496,0,5
SH,FVD,137,58,140,140,14.0,0.25747552514076233,0.33959752321243286,4.65150260925293,5.304843902587891,1.2267738580703735,1,120,1,120,0.8571428571428571,2.0,120,0.0,0,0.0,0,0.0,0,0.0,1,6
SH,FVD,137,59,377,377,37.7,0.357391357421875,0.47135305404663086,6.218025207519531,7.237035751342773,0.7970100045204163,0,-1,1,31,0.08222811671087533,2.0,377,1.7434580326080322,0,0.0,0,0.0,0,5.414089679718018,2,7
SH,FVD,137,60,277,277,27.700000000000003,0.1794758141040802,0.2321089804172516,5.452435493469238,7.345376491546631,0.4930528402328491,0,-1,1,94,0.33935018050541516,2.0,277,1.8304283618927002,0,0.0,0,0.0,0,16.710988998413086,0,5
SH,FVD,137,61,1027,1027,102.7,0.29864394664764404,0.3915776014328003,5.073199272155762,6.13490629196167,0.5932233929634094,1,991,1,295,0.2872444011684518,2.0,991,0.0,0,0.0,0,0.0,0,0.0,1,6
SH,FVD,137,62,462,462,46.2,0.2232261449098587,0.27262845635414124,5.5045061111450195,6.386018753051758,0.6615291237831116,0,-1,1,462,1.0,2.0,462,0.1925729662179947,0,0.0,0,0.0,0,1.761237621307373,2,7
SH,FVD,137,63,238,238,23.8,0.2918185293674469,0.3953001797199249,5.642414569854736,7.815836429595947,0.6747027635574341,0,-1,1,238,1.0,2.0,238,1.3447259664535522,0,0.0,0,0.0,0,25.106149673461914,2,7
SH,FVD,137,64,165,165,16.5,0.1812751293182373,0.21386243402957916,1.638561487197876,1.9647274017333984,0.4044857919216156,0,-1,1,4,0.024242424242424242,2.0,165,1.9764339923858643,0,0.0,0,0.0,0,17.63648796081543,2,7
SH,FVD,137,65,168,168,16.8,0.4206726849079132,0.5841028690338135,6.688181400299072,9.16502571105957,1.0169118642807007,0,-1,0,0,0.0,2.0,168,3.2149195671081543,0,0.0,0,0.0,0,16.758390426635742,2,7
SH,FVD,137,66,1295,1295,129.5,0.35210856795310974,0.46538442373275757,9.640702247619629,10.383879661560059,3.3700852394104004,1,94,1,94,0.07258687258687259,2.0,94,0.0,0,0.0,0,0.0,0,0.0,1,6
SH,FVD,137,67,185,185,18.5,0.3077552318572998,0.36496204137802124,2.3289592266082764,2.9169411659240723,0.6961175799369812,0,-1,1,185,1.0,2.0,185,1.488224744796753,0,0.0,0,0.0,0,4.704441070556641,2,7
SH,FVD,137,68,158,158,15.8,0.5089274644851685,0.8098841309547424,1.741174578666687,2.1031723022460938,1.0027250051498413,1,116,1,116,0.7341772151898734,2.0,116,0.0,0,0.0,0,0.0,0,0.0,2,7
SH,FVD,137,69,134,134,13.4,0.0995907410979271,0.12510214745998383,1.535951018333435,1.9211567640304565,0.20679296553134918,0,-1,0,0,0.0,2.0,134,2.0301692485809326,0,0.0,0,0.0,0,33.91789627075195,0,5
SH,FVD,137,70,159,159,15.9,0.5528792142868042,0.6889805197715759,1.8409996032714844,2.284749984741211,0.6115034818649292,1,127,1,86,0.5408805031446541,2.0,127,0.0,0,0.0,0,0.0,0,0.0,2,7
SH,FVD,137,71,351,351,35.1,0.4059361219406128,0.5480607151985168,10.078200340270996,12.261384010314941,2.420924425125122,1,159,1,159,0.452991452991453,2.0,159,0.0,0,0.0,0,0.0,0,0.0,0,5
SH,FVD,137,72,300,300,30.0,0.29340142011642456,0.36027947068214417,5.671937942504883,7.007762432098389,0.9831894040107727,0,-1,1,45,0.15,2.0,300,1.5454912185668945,0,0.0,0,0.0,0,7.041378021240234,1,6
SH,FVD,137,73,207,207,20.700000000000003,0.47804680466651917,0.5936731696128845,2.610644578933716,3.0423455238342285,1.414995551109314,1,86,1,51,0.2463768115942029,2.0,86,0.0,0,0.0,0,0.0,0,0.0,0,5
SH,FVD,137,74,447,447,44.7,0.26963597536087036,0.3522862493991852,6.344013214111328,7.2577667236328125,0.8871435523033142,0,-1,1,44,0.09843400447427293,2.0,447,1.8279136419296265,0,0.0,0,0.0,0,4.449283123016357,0,5
SH,FVD,137,75,132,132,13.200000000000001,0.3276710510253906,0.38106444478034973,3.284148693084717,3.5937304496765137,0.5468928217887878,0,-1,0,0,0.0,2.0,132,2.977617025375366,0,0.0,0,0.0,0,8.075752258300781,0,5
SH,FVD,137,76,237,237,23.700000000000003,0.4375241696834564,0.5857151746749878,11.445677757263184,17.376834869384766,2.0536587238311768,0,-1,1,68,0.2869198312236287,2.0,237,1.353790521621704,0,0.0,0,0.0,0,22.10903549194336,1,6
SH,FVD,137,77,133,133,13.3,0.4190654158592224,0.5219494700431824,3.656053304672241,5.228180885314941,1.313517451286316,1,100,1,47,0.3533834586466165,2.0,100,0.0,0,0.0,0,0.0,0,0.0,2,7
SH,FVD,137,78,132,132,13.200000000000001,0.5548804402351379,0.6606476902961731,5.08730411529541,5.660236835479736,0.9467427730560303,0,-1,0,0,0.0,2.0,132,5.071353912353516,0,0.0,0,0.0,0,12.785454750061035,0,5
SH,FVD,137,79,131,131,13.100000000000001,0.4553588926792145,0.49006474018096924,7.9614787101745605,9.844419479370117,1.2352406978607178,0,-1,0,0,0.0,2.0,131,3.9291608333587646,0,0.0,0,0.0,0,41.14448547363281,0,5
SH,FVD,137,80,148,148,14.8,0.19292575120925903,0.2736802101135254,0.5962762832641602,0.7061406373977661,0.29369688034057617,0,-1,1,41,0.27702702702702703,2.0,148,1.398131251335144,0,0.0,0,0.0,0,6.160609245300293,0,5
SH,FVD,137,81,204,204,20.400000000000002,0.21535496413707733,0.25802046060562134,11.95082950592041,14.35821533203125,1.1236745119094849,0,-1,0,0,0.0,2.0,204,3.9386630058288574,0,0.0,0,0.0,0,85.7762680053711,2,7
SH,FVD,137,82,143,143,14.3,1.1088252067565918,1.2396435737609863,31.380998611450195,44.98074722290039,7.423896312713623,0,-1,0,0,0.0,2.0,143,3.118173599243164,0,0.0,0,0.0,0,50.049495697021484,2,7
SH,FVD,137,83,182,182,18.2,0.20542414486408234,0.24647587537765503,0.8710809946060181,1.1358269453048706,0.33761119842529297,0,-1,1,141,0.7747252747252747,2.0,182,0.7652948498725891,0,0.0,0,0.0,0,3.797136068344116,1,6
SH,FVD,137,84,206,206,20.6,0.4870683252811432,0.593105137348175,9.259325981140137,10.865621566772461,1.7187995910644531,1,129,1,60,0.2912621359223301,2.0,129,0.0,0,0.0,0,0.0,0,0.0,2,7
SH,FVD,137,85,201,201,20.1,0.2354789674282074,0.2876427173614502,0.4276045560836792,0.4720991849899292,0.19526880979537964,0,-1,1,201,1.0,2.0,201,1.0490232706069946,0,0.0,0,0.0,0,16.53040313720703,0,5
SH,FVD,137,86,258,258,25.8,0.33429384231567383,0.41184717416763306,3.2736427783966064,4.001573085784912,0.8127720355987549,0,-1,0,0,0.0,2.0,258,2.5912513732910156,0,0.0,0,0.0,0,26.64057731628418,1,6
SH,FVD,137,87,241,241,24.1,0.3570903241634369,0.5724785923957825,2.5651557445526123,2.9129984378814697,1.116227149963379,1,86,1,86,0.35684647302904565,2.0,86,0.0,0,0.0,0,0.0,0,0.0,1,6
SH,FVD,137,88,852,852,85.2,0.2618298828601837,0.33451682329177856,7.543125152587891,9.027118682861328,5.153598308563232,1,395,1,378,0.44366197183098594,2.0,395,0.0,0,0.0,0,0.0,0,0.0,1,6
SH,FVD,137,89,214,214,21.400000000000002,0.2358848750591278,0.28926241397857666,0.22429446876049042,0.3218742311000824,0.1896715760231018,0,-1,1,214,1.0,2.0,214,1.109316110610962,0,0.0,0,0.0,0,10.123215675354004,1,6
SH,FVD,137,90,261,261,26.1,0.3748547434806824,0.45859330892562866,6.857099533081055,7.966875076293945,0.7527057528495789,0,-1,0,0,0.0,2.0,261,4.422013759613037,0,0.0,0,0.0,0,8.30596923828125,2,7
SH,FVD,137,91,182,182,18.2,0.3015092611312866,0.3701017498970032,2.772399663925171,3.3852391242980957,0.6146584153175354,0,-1,0,0,0.0,2.0,182,3.321216583251953,0,0.0,0,0.0,0,22.327608108520508,2,7
SH,FVD,137,92,378,378,37.800000000000004,0.4218139350414276,0.5577812194824219,4.623406410217285,5.704975605010986,1.0354794263839722,0,-1,1,68,0.17989417989417988,2.0,378,0.5198050737380981,0,0.0,0,0.0,0,0.48104462027549744,0,5
SH,FVD,137,93,133,133,13.3,0.5639125108718872,0.7594105005264282,3.4615299701690674,3.8814687728881836,0.8763565421104431,0,-1,0,0,0.0,2.0,133,2.3373587131500244,0,0.0,0,0.0,0,8.214770317077637,1,6
SH,FVD,137,94,246,246,24.6,0.23386383056640625,0.29633888602256775,2.4558184146881104,2.9311540126800537,0.6267423629760742,0,-1,1,175,0.7113821138211383,2.0,246,0.36859002709388733,0,0.0,0,0.0,0,2.810915946960449,1,6
SH,FVD,137,95,147,147,14.700000000000001,0.37057849764823914,0.4557432234287262,1.8512729406356812,2.256080389022827,0.7738263607025146,0,-1,1,147,1.0,2.0,147,1.2583374977111816,0,0.0,0,0.0,0,11.397417068481445,2,7
SH,FVD,137,96,210,210,21.0,0.26492199301719666,0.37893781065940857,1.62539803981781,1.9967011213302612,0.5380064845085144,0,-1,1,210,1.0,2.0,210,0.6691378355026245,0,0.0,0,0.0,0,3.1312599182128906,2,7
SH,FVD,137,97,186,186,18.6,0.30102866888046265,0.37903326749801636,1.8319079875946045,2.20560359954834,0.40550896525382996,0,-1,1,9,0.04838709677419355,2.0,186,1.9752775430679321,0,0.0,0,0.0,0,5.120422840118408,0,5
SH,FVD,137,98,846,846,84.60000000000001,0.12169551849365234,0.1572684496641159,30.23094367980957,32.049827575683594,0.7006213068962097,0,-1,0,0,0.0,2.0,846,3.4199535846710205,0,0.0,0,0.0,0,64.269775390625,0,5
SH,FVD,137,99,321,321,32.1,0.34557580947875977,0.41974058747291565,4.084041595458984,4.716719627380371,0.587844729423523,0,-1,1,321,1.0,2.0,321,1.2832525968551636,0,0.0,0,0.0,0,13.845105171203613,1,6
SH,FVD,137,100,204,204,20.400000000000002,0.21500147879123688,0.24293512105941772,1.8464478254318237,2.412651777267456,0.5520094037055969,0,-1,0,0,0.0,2.0,204,2.8670578002929688,0,0.0,0,0.0,0,17.837154388427734,0,5
SH,FVD,137,101,691,691,69.10000000000001,0.20926274359226227,0.263838529586792,7.408048152923584,8.163372993469238,0.5479688048362732,0,-1,1,691,1.0,2.0,691,1.4446955919265747,0,0.0,0,0.0,0,22.417247772216797,1,6
SH,FVD,137,102,231,231,23.1,0.29003283381462097,0.37693870067596436,5.824839115142822,7.017816543579102,0.7846992015838623,0,-1,1,111,0.4805194805194805,2.0,231,1.4710749387741089,0,0.0,0,0.0,0,26.342761993408203,1,6
SH,FVD,137,103,170,170,17.0,0.4130503833293915,0.4750126302242279,4.282697677612305,4.724365234375,0.6556918621063232,1,145,1,32,0.18823529411764706,2.0,145,0.0,0,0.0,0,0.0,0,0.0,0,5
SH,FVD,137,104,359,359,35.9,0.2498461753129959,0.3010369837284088,4.978675842285156,5.420042514801025,0.5043452978134155,0,-1,1,359,1.0,2.0,359,0.6101808547973633,0,0.0,0,0.0,0,10.02209186553955,0,5
SH,FVD,137,105,173,173,17.3,0.23474419116973877,0.2910449504852295,1.6048312187194824,1.9183775186538696,0.4119183421134949,0,-1,1,62,0.3583815028901734,2.0,173,1.7915536165237427,0,0.0,0,0.0,0,27.880725860595703,0,5
SH,FVD,137,106,219,219,21.900000000000002,0.3973686099052429,0.4634568691253662,11.523880004882812,12.702199935913086,1.0816296339035034,0,-1,1,97,0.4429223744292237,2.0,219,1.7414308786392212,0,0.0,0,0.0,0,37.04418182373047,0,5
SH,FVD,137,107,330,330,33.0,0.286108136177063,0.3962993323802948,3.5481514930725098,5.9049391746521,1.3475253582000732,1,230,1,46,0.1393939393939394,2.0,230,0.0,0,0.0,0,0.0,0,0.0,0,5
SH,FVD,137,108,187,187,18.7,0.44703683257102966,0.5647761821746826,3.236973762512207,3.6207168102264404,1.3117375373840332,1,161,1,161,0.8609625668449198,2.0,161,0.0,0,0.0,0,0.0,0,0.0,2,7
SH,FVD,137,109,464,464,46.400000000000006,0.17385055124759674,0.21382196247577667,4.206370830535889,4.836676120758057,0.35862141847610474,0,-1,1,464,1.0,2.0,464,0.8315767645835876,0,0.0,0,0.0,0,14.430696487426758,0,5
SH,FVD,137,110,515,515,51.5,0.17370833456516266,0.21071168780326843,3.499410629272461,3.908798933029175,0.4635812044143677,0,-1,1,18,0.03495145631067961,2.0,515,1.9242937564849854,0,0.0,0,0.0,0,5.501036643981934,2,7
SH,FVD,137,111,132,132,13.200000000000001,0.4144943058490753,0.516808807849884,10.085189819335938,11.943984985351562,1.3281798362731934,0,-1,1,132,1.0,2.0,132,0.8098812103271484,0,0.0,0,0.0,0,9.740595817565918,1,6
SH,FVD,137,112,274,274,27.400000000000002,0.6396869421005249,0.8003424406051636,6.503722190856934,7.074692726135254,3.2958273887634277,1,36,1,36,0.13138686131386862,2.0,36,0.0,0,0.0,0,0.0,0,0.0,1,6
SH,FVD,137,113,487,487,48.7,0.3545249104499817,0.44906896352767944,8.051641464233398,9.126751899719238,0.8906787037849426,0,-1,1,79,0.162217659137577,2.0,487,0.3959408700466156,0,0.0,0,0.0,0,1.7125599384307861,2,7
SH,FVD,137,114,143,143,14.3,0.26510560512542725,0.2887570858001709,4.452456951141357,5.194697380065918,0.6461613178253174,0,-1,0,0,0.0,2.0,143,2.8188438415527344,0,0.0,0,0.0,0,37.726478576660156,0,5
SH,FVD,137,115,140,140,14.0,0.4454442858695984,0.5895914435386658,3.6966679096221924,4.428417205810547,1.0511653423309326,0,-1,0,0,0.0,2.0,140,2.480027675628662,0,0.0,0,0.0,0,2.501305341720581,1,6
SH,FVD,137,116,268,268,26.8,0.2792017459869385,0.3648412227630615,6.255415916442871,7.459031105041504,0.9190537333488464,0,-1,1,178,0.664179104477612,2.0,268,0.8291099667549133,0,0.0,0,0.0,0,10.229748725891113,0,5
SH,FVD,137,117,314,314,31.400000000000002,0.3266274929046631,0.4039511978626251,7.3679704666137695,8.121761322021484,2.482081413269043,1,184,1,184,0.5859872611464968,2.0,184,0.0,0,0.0,0,0.0,0,0.0,2,7
SH,FVD,137,118,138,138,13.8,0.2473919689655304,0.28881001472473145,3.9206702709198,4.6640944480896,0.5991222262382507,0,-1,0,0,0.0,2.0,138,2.265388250350952,0,0.0,0,0.0,0,30.040834426879883,1,6
SH,FVD,137,119,132,132,13.200000000000001,0.29285329580307007,0.3482478857040405,5.339089393615723,6.973609447479248,0.9797590970993042,0,-1,1,132,1.0,2.0,132,1.1071606874465942,0,0.0,0,0.0,0,10.328054428100586,2,7
SH,FVD,137,120,183,183,18.3,0.26416856050491333,0.3508709669113159,5.453690052032471,5.981393814086914,0.6689504384994507,0,-1,1,108,0.5901639344262295,2.0,183,0.9121494293212891,0,0.0,0,0.0,0,3.133457660675049,0,5
SH,FVD,137,121,248,248,24.8,0.2071223109960556,0.2644093930721283,1.8202505111694336,2.0868418216705322,0.24139563739299774,0,-1,1,219,0.8830645161290323,2.0,248,1.7855224609375,0,0.0,0,0.0,0,30.211328506469727,0,5
SH,FVD,137,122,705,705,70.5,0.45321446657180786,0.5821628570556641,8.596177101135254,9.175566673278809,6.09127950668335,1,33,1,33,0.04680851063829787,2.0,33,0.0,0,0.0,0,0.0,0,0.0,0,5
SH,FVD,137,123,245,245,24.5,0.2499176263809204,0.3134087920188904,2.368128776550293,3.1044259071350098,0.5052159428596497,0,-1,1,245,1.0,2.0,245,0.9114538431167603,0,0.0,0,0.0,0,10.149840354919434,1,6
SH,FVD,137,124,434,434,43.400000000000006,0.3983553349971771,0.5061110854148865,4.991425037384033,5.445714473724365,0.7351986169815063,0,-1,1,429,0.988479262672811,2.0,434,0.911247730255127,0,0.0,0,0.0,0,16.692380905151367,0,5
SH,FVD,137,125,242,242,24.200000000000003,0.27024513483047485,0.3756863474845886,4.483104228973389,5.904979705810547,0.7327667474746704,0,-1,1,242,1.0,2.0,242,0.7734742164611816,0,0.0,0,0.0,0,16.836301803588867,2,7
SH,FVD,137,126,226,226,22.6,0.3101003170013428,0.3553193211555481,10.775493621826172,12.128064155578613,1.0890527963638306,0,-1,0,0,0.0,2.0,226,3.580545663833618,0,0.0,0,0.0,0,45.87731170654297,1,6
SH,FVD,137,127,157,157,15.700000000000001,0.26123765110969543,0.3135863244533539,1.099467158317566,1.292939305305481,0.3536682426929474,0,-1,0,0,0.0,2.0,157,3.329665422439575,0,0.0,0,0.0,0,16.43536376953125,1,6
SH,FVD,137,128,211,211,21.1,0.17412331700325012,0.22349406778812408,3.853489875793457,4.506827354431152,0.28300029039382935,0,-1,1,211,1.0,2.0,211,0.3095335364341736,0,0.0,0,0.0,0,2.395686388015747,0,5
SH,FVD,137,129,139,139,13.9,0.1489027738571167,0.18586617708206177,1.7551841735839844,1.9770684242248535,0.31570568680763245,0,-1,1,139,1.0,2.0,139,1.3702270984649658,0,0.0,0,0.0,0,22.394634246826172,0,5
SH,FVD,137,130,174,174,17.400000000000002,0.31207793951034546,0.4655676782131195,6.410093307495117,6.821494102478027,0.610776424407959,0,-1,1,174,1.0,2.0,174,0.10606660693883896,0,0.0,0,0.0,0,1.765305757522583,2,7
SH,FVD,137,131,324,324,32.4,0.273733526468277,0.3604274094104767,7.242536544799805,8.196285247802734,1.3723920583724976,1,292,1,177,0.5462962962962963,2.0,292,0.0,0,0.0,0,0.0,0,0.0,0,5
SH,FVD,137,132,136,136,13.600000000000001,1.341996192932129,1.7126003503799438,6.903629302978516,8.508649826049805,3.479235887527466,1,82,1,82,0.6029411764705882,2.0,82,0.0,0,0.0,0,0.0,0,0.0,2,7
SH,FVD,137,133,215,215,21.5,0.4996974766254425,0.6655524969100952,2.4477415084838867,2.881068706512451,0.6506527662277222,0,-1,1,157,0.7302325581395349,2.0,215,0.173402801156044,0,0.0,0,0.0,0,0.39759889245033264,2,7
SH,FVD,137,134,156,156,15.600000000000001,0.26958826184272766,0.3318910300731659,4.777756690979004,5.280383586883545,0.5862060189247131,0,-1,1,156,1.0,2.0,156,0.7880938053131104,0,0.0,0,0.0,0,17.414522171020508,2,7
SH,FVD,137,135,140,140,14.0,0.3879368305206299,0.49602413177490234,3.4687321186065674,4.295832633972168,0.6098325848579407,0,-1,1,24,0.17142857142857143,2.0,140,1.7005279064178467,0,0.0,0,0.0,0,1.613088607788086,2,7
SH,FVD,137,136,132,132,13.200000000000001,0.8398107886314392,0.9332150816917419,5.77855920791626,6.634014129638672,1.1173510551452637,0,-1,1,131,0.9924242424242424,2.0,132,0.3699834644794464,0,0.0,0,0.0,0,9.988183975219727,0,5
SH,FVD,137,137,175,175,17.5,0.1224479228258133,0.153706356883049,2.083745002746582,2.801215648651123,0.35798880457878113,0,-1,0,0,0.0,2.0,175,7.054370403289795,0,0.0,0,0.0,0,6.2248711585998535,1,6
SH,FVD,137,138,424,424,42.400000000000006,0.195199117064476,0.23770655691623688,1.4695345163345337,1.6689656972885132,0.21949031949043274,1,416,1,153,0.3608490566037736,2.0,416,0.0,0,0.0,0,0.0,0,0.0,2,7
SH,FVD,137,139,191,191,19.1,0.3243866264820099,0.42713746428489685,5.382836818695068,7.2751264572143555,1.0411499738693237,0,-1,1,191,1.0,2.0,191,1.0245492458343506,0,0.0,0,0.0,0,20.900745391845703,2,7
SH,FVD,137,140,196,196,19.6,0.31418219208717346,0.37522560358047485,2.185675859451294,2.51792573928833,0.5706914663314819,0,-1,1,55,0.28061224489795916,2.0,196,0.936124324798584,0,0.0,0,0.0,0,2.489746570587158,2,7
SH,FVD,137,141,215,215,21.5,0.2272481471300125,0.2899984121322632,3.9459705352783203,5.609773635864258,0.8400209546089172,0,-1,1,215,1.0,2.0,215,1.5949594974517822,0,0.0,0,0.0,0,29.962080001831055,0,5
SH,FVD,137,142,319,319,31.900000000000002,0.42807385325431824,0.5551753640174866,15.831092834472656,17.508480072021484,4.456363201141357,1,177,1,177,0.554858934169279,2.0,177,0.0,0,0.0,0,0.0,0,0.0,0,5
SH,FVD,137,143,132,132,13.200000000000001,0.46940380334854126,0.5785378217697144,7.767130374908447,8.84981632232666,0.9960501790046692,0,-1,1,3,0.022727272727272728,2.0,132,1.938506007194519,0,0.0,0,0.0,0,9.48678970336914,1,6
SH,FVD,137,144,271,271,27.1,0.19359083473682404,0.26853272318840027,7.397942066192627,10.079197883605957,0.6562607288360596,0,-1,1,271,1.0,2.0,271,0.7761502861976624,0,0.0,0,0.0,0,13.115595817565918,2,7
SH,FVD,137,145,393,393,39.300000000000004,0.3561580777168274,0.521635890007019,5.906093597412109,7.017874240875244,1.0350371599197388,0,-1,0,0,0.0,2.0,393,2.0749459266662598,0,0.0,0,0.0,0,4.3886260986328125,2,7
SH,FVD,137,146,238,238,23.8,0.3883419632911682,0.544780433177948,15.771681785583496,17.324642181396484,1.1778391599655151,0,-1,0,0,0.0,2.0,238,3.0143229961395264,0,0.0,0,0.0,0,11.391892433166504,0,5
SH,FVD,137,147,421,421,42.1,0.27940288186073303,0.31933867931365967,8.521625518798828,9.566095352172852,0.7594598531723022,0,-1,1,267,0.6342042755344418,2.0,421,1.3238836526870728,0,0.0,0,0.0,0,30.365386962890625,0,5
SH,FVD,137,148,210,210,21.0,0.34882882237434387,0.4045054018497467,6.3381667137146,8.622835159301758,1.2944884300231934,0,-1,0,0,0.0,2.0,210,2.749521017074585,0,0.0,0,0.0,0,61.68277359008789,0,5
SH,FVD,137,149,150,150,15.0,0.22601275146007538,0.276729941368103,1.574365496635437,1.8036576509475708,0.32156288623809814,0,-1,0,0,0.0,2.0,150,3.7946338653564453,0,0.0,0,0.0,0,4.383005619049072,1,6
SH,FVD,137,150,193,193,19.3,0.6602476239204407,0.7932618856430054,8.476907730102539,10.492911338806152,1.8747786283493042,1,101,1,29,0.15025906735751296,2.0,101,0.0,0,0.0,0,0.0,0,0.0,1,6
SH,FVD,137,151,149,149,14.9,0.27139249444007874,0.311519980430603,1.2991008758544922,1.594622015953064,0.25970619916915894,0,-1,1,149,1.0,2.0,149,1.314427375793457,0,0.0,0,0.0,0,7.080951690673828,0,5
SH,FVD,137,152,299,299,29.900000000000002,0.33260321617126465,0.4411516487598419,4.292182445526123,5.599771499633789,0.7918824553489685,1,295,1,64,0.2140468227424749,2.0,295,0.0,0,0.0,0,0.0,0,0.0,2,7
SH,FVD,137,153,996,996,99.60000000000001,0.2282286435365677,0.30133798718452454,3.751250982284546,4.291645526885986,0.8614756464958191,1,818,1,415,0.4166666666666667,2.0,818,0.0,0,0.0,0,0.0,0,0.0,0,5
SH,FVD,137,154,407,407,40.7,0.16950005292892456,0.23358555138111115,1.708429217338562,1.9379613399505615,0.25862911343574524,0,-1,1,261,0.6412776412776413,2.0,407,0.006490370258688927,0,0.0,0,0.0,0,0.00849725678563118,2,7
SH,FVD,137,155,138,138,13.8,0.3371485769748688,0.39909663796424866,3.0779173374176025,3.511446714401245,1.0601508617401123,1,78,1,77,0.5579710144927537,2.0,78,0.0,0,0.0,0,0.0,0,0.0,1,6
SH,FVD,137,156,151,151,15.100000000000001,0.29083600640296936,0.3777182400226593,3.3784496784210205,3.886875867843628,0.645219624042511,0,-1,1,151,1.0,2.0,151,0.36206573247909546,0,0.0,0,0.0,0,6.102844715118408,2,7
SH,FVD,137,157,182,182,18.2,0.24709703028202057,0.30630937218666077,0.9824528694152832,1.1231142282485962,0.3745117485523224,0,-1,1,146,0.8021978021978022,2.0,182,1.1107159852981567,0,0.0,0,0.0,0,13.445246696472168,0,5
SH,FVD,137,158,157,157,15.700000000000001,0.27147701382637024,0.35195115208625793,2.3353958129882812,3.084782600402832,0.48056915402412415,0,-1,1,157,1.0,2.0,157,0.7978754043579102,0,0.0,0,0.0,0,13.402541160583496,1,6
SH,FVD,137,159,530,530,53.0,0.1498124599456787,0.19574813544750214,1.2661149501800537,1.4620660543441772,0.2467937469482422,0,-1,1,169,0.31886792452830187,2.0,530,0.3742152154445648,0,0.0,0,0.0,0,0.1811549812555313,1,6
SH,FVD,137,160,374,374,37.4,0.5225071907043457,0.6746998429298401,19.36391830444336,24.571149826049805,2.398526668548584,1,365,1,33,0.08823529411764706,2.0,365,0.0,0,0.0,0,0.0,0,0.0,1,6
SH,FVD,137,161,797,797,79.7,0.18678009510040283,0.24249053001403809,8.59146499633789,9.401735305786133,0.5348094701766968,0,-1,0,0,0.0,2.0,797,2.246164083480835,0,0.0,0,0.0,0,4.071969985961914,2,7
SH,FVD,137,162,142,142,14.200000000000001,0.42329472303390503,0.49822866916656494,1.4847370386123657,1.6224851608276367,0.3132479786872864,1,139,1,119,0.8380281690140845,2.0,139,0.0,0,0.0,0,0.0,0,0.0,1,6
SH,FVD,137,163,275,275,27.5,0.3445492684841156,0.4323788285255432,7.829338550567627,8.674895286560059,1.1128183603286743,1,87,1,56,0.20363636363636364,2.0,87,0.0,0,0.0,0,0.0,0,0.0,2,7
SH,FVD,137,164,241,241,24.1,0.21409179270267487,0.28267553448677063,1.1905072927474976,1.5818580389022827,0.3948393762111664,0,-1,1,241,1.0,2.0,241,0.568822979927063,0,0.0,0,0.0,0,3.436494827270508,1,6
SH,FVD,137,165,481,481,48.1,0.20788371562957764,0.2613363265991211,4.099020004272461,5.6981048583984375,0.3843226134777069,0,-1,1,118,0.24532224532224534,2.0,481,1.3386409282684326,0,0.0,0,0.0,0,3.628614902496338,2,7
SH,FVD,137,166,189,189,18.900000000000002,0.28411439061164856,0.3871273100376129,6.48521614074707,6.991265296936035,0.6250841021537781,0,-1,1,9,0.047619047619047616,2.0,189,1.7242399454116821,0,0.0,0,0.0,0,6.088572978973389,0,5
SH,FVD,137,167,568,568,56.800000000000004,0.5040542483329773,0.6113401055335999,11.925552368164062,13.412500381469727,9.11903190612793,1,82,1,48,0.08450704225352113,2.0,82,0.0,0,0.0,0,0.0,0,0.0,0,5
SH,FVD,137,168,327,327,32.7,0.317261666059494,0.395550012588501,2.6221182346343994,3.5132229328155518,0.4762089252471924,0,-1,1,327,1.0,2.0,327,0.5002764463424683,0,0.0,0,0.0,0,8.560393333435059,2,7
SH,FVD,137,169,602,602,60.2,0.2374095469713211,0.31124916672706604,38.93191146850586,47.41433334350586,1.3468555212020874,0,-1,0,0,0.0,2.0,602,2.345806121826172,0,0.0,0,0.0,0,38.883689880371094,2,7
SH,FVD,137,170,321,321,32.1,0.28871041536331177,0.41207337379455566,15.526214599609375,17.355051040649414,0.8369932770729065,0,-1,1,321,1.0,2.0,321,0.3121064305305481,0,0.0,0,0.0,0,3.971652030944824,2,7
SH,FVD,137,171,195,195,19.5,0.3182166516780853,0.4043274521827698,3.1244864463806152,4.224433422088623,0.5507036447525024,0,-1,1,139,0.7128205128205128,2.0,195,0.8394230008125305,0,0.0,0,0.0,0,2.8010337352752686,2,7
SH,FVD,137,172,218,218,21.8,0.3289901316165924,0.4618334472179413,7.382755756378174,8.782196998596191,0.8406181931495667,0,-1,1,201,0.9220183486238532,2.0,218,0.5528371930122375,0,0.0,0,0.0,0,2.6850032806396484,2,7
SH,FVD,137,173,162,162,16.2,0.5011788606643677,0.6977204084396362,0.9633097648620605,1.111525535583496,0.38376176357269287,0,-1,0,0,0.0,2.0,162,2.4763922691345215,0,0.0,0,0.0,0,1.9092568159103394,2,7
SH,FVD,137,174,168,168,16.8,0.33806291222572327,0.48973530530929565,1.846678376197815,2.672964334487915,0.6883439421653748,0,-1,0,0,0.0,2.0,168,2.3576276302337646,0,0.0,0,0.0,0,31.066680908203125,0,5
SH,FVD,137,175,194,194,19.400000000000002,0.4287162721157074,0.5106052756309509,10.537348747253418,13.614057540893555,1.4155218601226807,0,-1,1,194,1.0,2.0,194,0.5273097157478333,0,0.0,0,0.0,0,5.549954891204834,0,5
SH,FVD,137,176,142,142,14.200000000000001,0.27355673909187317,0.343414306640625,1.2223010063171387,1.543351173400879,0.2901686728000641,0,-1,1,142,1.0,2.0,142,1.2522799968719482,0,0.0,0,0.0,0,17.6348819732666,2,7
SH,FVD,137,177,358,358,35.800000000000004,0.40267321467399597,0.5757235884666443,6.159089088439941,8.384012222290039,1.1659536361694336,1,297,1,297,0.8296089385474861,2.0,297,0.0,0,0.0,0,0.0,0,0.0,2,7
SH,FVD,137,178,137,137,13.700000000000001,0.3152922987937927,0.603959858417511,5.2433271408081055,6.397687911987305,0.9353358149528503,0,-1,1,52,0.3795620437956204,2.0,137,1.314251184463501,0,0.0,0,0.0,0,8.771867752075195,2,7
SH,FVD,137,179,157,157,15.700000000000001,0.33461782336235046,0.429646372795105,0.3677983283996582,0.46186763048171997,0.30126774311065674,0,-1,1,157,1.0,2.0,157,1.0534899234771729,0,0.0,0,0.0,0,23.206233978271484,2,7
SH,FVD,137,180,222,222,22.200000000000003,0.21699979901313782,0.2774893045425415,10.974750518798828,12.892729759216309,1.0210336446762085,0,-1,1,222,1.0,2.0,222,0.3820650279521942,0,0.0,0,0.0,0,11.089563369750977,2,7
SH,FVD,137,181,131,131,13.100000000000001,0.21372753381729126,0.23274800181388855,1.3031681776046753,1.6391136646270752,0.5141245126724243,0,-1,1,131,1.0,2.0,131,0.5501146912574768,0,0.0,0,0.0,0,8.71854305267334,1,6
SH,FVD,137,182,196,196,19.6,0.23518536984920502,0.3163703680038452,4.048210144042969,4.732713222503662,0.6994796395301819,0,-1,0,0,0.0,2.0,196,2.8476834297180176,0,0.0,0,0.0,0,5.066355228424072,0,5
SH,FVD,137,183,295,295,29.5,0.24113725125789642,0.32375800609588623,1.5133706331253052,2.0415024757385254,0.4625270962715149,0,-1,1,223,0.7559322033898305,2.0,295,1.5251344442367554,0,0.0,0,0.0,0,13.460577964782715,2,7
SH,FVD,137,184,538,538,53.800000000000004,0.40645280480384827,0.613215446472168,21.987140655517578,26.599740982055664,1.6914212703704834,1,506,1,40,0.07434944237918216,2.0,506,0.0,0,0.0,0,0.0,0,0.0,2,7
SH,FVD,137,185,200,200,20.0,0.337769478559494,0.41289055347442627,6.450119495391846,7.5412445068359375,1.0336906909942627,0,-1,0,0,0.0,2.0,200,2.2495529651641846,0,0.0,0,0.0,0,2.0691990852355957,0,5
SH,FVD,137,186,215,215,21.5,0.21249638497829437,0.2840173542499542,7.664746284484863,8.473487854003906,0.712690532207489,0,-1,0,0,0.0,2.0,215,3.4834442138671875,0,0.0,0,0.0,0,9.61572265625,2,7
SH,FVD,137,187,182,182,18.2,0.2638729512691498,0.2996177077293396,4.910842418670654,6.090635299682617,0.7487168908119202,0,-1,1,88,0.4835164835164835,2.0,182,1.7439848184585571,0,0.0,0,0.0,0,13.418228149414062,1,6
SH,FVD,137,188,377,377,37.7,0.31492748856544495,0.4049278199672699,5.8547539710998535,6.734920024871826,0.8822583556175232,1,249,1,71,0.1883289124668435,2.0,249,0.0,0,0.0,0,0.0,0,0.0,2,7
SH,FVD,137,189,151,151,15.100000000000001,0.3229302167892456,0.3929538428783417,6.681458473205566,7.864186763763428,0.9609010219573975,0,-1,1,151,1.0,2.0,151,0.7696017026901245,0,0.0,0,0.0,0,11.715737342834473,0,5
SH,FVD,137,190,418,418,41.800000000000004,0.34716397523880005,0.49818697571754456,9.030926704406738,14.182425498962402,1.5530215501785278,0,-1,1,156,0.37320574162679426,2.0,418,0.7495969533920288,0,0.0,0,0.0,0,5.225155353546143,1,6
SH,FVD,137,191,162,162,16.2,0.3197025656700134,0.4120413362979889,4.622962951660156,5.943195819854736,0.6615179777145386,0,-1,1,112,0.691358024691358,2.0,162,0.05902346968650818,0,0.0,0,0.0,0,0.3501532971858978,0,5
SH,FVD,137,192,190,190,19.0,0.21243441104888916,0.28233838081359863,1.9736814498901367,2.265806198120117,0.5451861023902893,1,121,1,72,0.37894736842105264,2.0,121,0.0,0,0.0,0,0.0,0,0.0,2,7
SH,FVD,137,193,277,277,27.700000000000003,0.2602309584617615,0.35637223720550537,1.1422823667526245,1.4950578212738037,0.35385894775390625,0,-1,1,169,0.6101083032490975,2.0,277,1.0316100120544434,0,0.0,0,0.0,0,12.11899185180664,2,7
SH,FVD,137,194,169,169,16.900000000000002,0.3685220181941986,0.4474566876888275,4.9195356369018555,7.111649990081787,1.1580098867416382,0,-1,0,0,0.0,2.0,169,2.9234018325805664,0,0.0,0,0.0,0,35.87598419189453,1,6
SH,FVD,137,195,216,216,21.6,0.33962228894233704,0.5317356586456299,12.519209861755371,18.1036376953125,1.6176878213882446,0,-1,1,55,0.25462962962962965,2.0,216,0.7235841751098633,0,0.0,0,0.0,0,14.48666763305664,1,6
SH,FVD,137,196,393,393,39.300000000000004,0.4111228585243225,0.5486772060394287,9.108817100524902,11.146842956542969,1.0007517337799072,0,-1,1,17,0.043256997455470736,2.0,393,1.2159368991851807,0,0.0,0,0.0,0,3.5229573249816895,0,5
SH,FVD,137,197,168,168,16.8,0.41316014528274536,0.5288639068603516,0.9362260699272156,1.3648574352264404,0.6006697416305542,0,-1,1,168,1.0,2.0,168,0.11472465097904205,0,0.0,0,0.0,0,1.838720440864563,1,6
SH,FVD,137,198,322,322,32.2,0.3358837366104126,0.49490320682525635,4.968547344207764,5.397374153137207,0.5775120854377747,0,-1,1,12,0.037267080745341616,2.0,322,1.3128764629364014,0,0.0,0,0.0,0,4.116767406463623,0,5
SH,FVD,137,199,190,190,19.0,0.42205604910850525,0.5047847032546997,6.26621675491333,7.048561096191406,0.7566851377487183,0,-1,0,0,0.0,2.0,190,2.0739247798919678,0,0.0,0,0.0,0,11.362300872802734,0,5
SH,FVD,137,200,172,172,17.2,0.2818302810192108,0.34741267561912537,6.300331115722656,7.247847557067871,0.823882520198822,1,170,1,170,0.9883720930232558,2.0,170,0.0,0,0.0,0,0.0,0,0.0,0,5
SH,FVD,137,201,393,393,39.300000000000004,0.20831672847270966,0.2564987242221832,4.750560760498047,5.300168037414551,0.4591045677661896,0,-1,1,393,1.0,2.0,393,1.0231413841247559,0,0.0,0,0.0,0,14.257706642150879,2,7
SH,FVD,137,202,495,495,49.5,0.48709818720817566,0.7044283151626587,4.5857648849487305,5.711596965789795,2.208767890930176,1,386,1,386,0.7797979797979798,2.0,386,0.0,0,0.0,0,0.0,0,0.0,2,7
SH,FVD,137,203,229,229,22.900000000000002,0.2514664828777313,0.30098506808280945,1.890354037284851,2.2527923583984375,0.3654922544956207,0,-1,1,229,1.0,2.0,229,1.4195103645324707,0,0.0,0,0.0,0,16.945552825927734,1,6
SH,FVD,137,204,239,239,23.900000000000002,0.2284703552722931,0.260572224855423,10.120216369628906,14.314669609069824,1.5386916399002075,0,-1,0,0,0.0,2.0,239,2.9555270671844482,0,0.0,0,0.0,0,31.670875549316406,1,6
SH,FVD,137,205,282,282,28.200000000000003,0.4438524842262268,0.5753079652786255,7.855891227722168,9.613107681274414,1.3992741107940674,0,-1,0,0,0.0,2.0,282,5.264896869659424,0,0.0,0,0.0,0,8.336867332458496,0,5
SH,FVD,137,206,160,160,16.0,0.23029029369354248,0.2737058401107788,3.8698177337646484,4.569460391998291,0.6384067535400391,0,-1,0,0,0.0,2.0,160,2.8885650634765625,0,0.0,0,0.0,0,6.544979095458984,2,7
SH,FVD,137,207,171,171,17.1,0.18666167557239532,0.25329333543777466,2.021822452545166,2.5355944633483887,0.27752476930618286,0,-1,1,24,0.14035087719298245,2.0,171,1.9513081312179565,0,0.0,0,0.0,0,22.104740142822266,2,7
SH,FVD,137,208,497,497,49.7,0.12823863327503204,0.15557149052619934,7.4238409996032715,8.610624313354492,0.4059961438179016,0,-1,1,497,1.0,2.0,497,0.20791898667812347,0,0.0,0,0.0,0,2.9304990768432617,2,7
SH,FVD,137,209,281,281,28.1,0.3366908133029938,0.43087634444236755,4.022839069366455,4.526722431182861,0.7479641437530518,0,-1,1,55,0.19572953736654805,2.0,281,1.563940405845642,0,0.0,0,0.0,0,4.389617919921875,2,7
SH,FVD,137,210,623,623,62.300000000000004,0.2143682986497879,0.2540283203125,5.0814313888549805,6.917081356048584,0.8102871179580688,0,-1,1,623,1.0,2.0,623,0.8947065472602844,0,0.0,0,0.0,0,21.80886459350586,0,5
SH,FVD,137,211,137,137,13.700000000000001,0.15448017418384552,0.20550547540187836,1.8920778036117554,2.699941635131836,0.46437105536460876,0,-1,1,22,0.16058394160583941,2.0,137,1.6789735555648804,0,0.0,0,0.0,0,1.8841044902801514,0,5
SH,FVD,137,212,151,151,15.100000000000001,0.37361279129981995,0.41468554735183716,1.9865320920944214,2.5494284629821777,0.9692203998565674,0,-1,1,151,1.0,2.0,151,0.23626022040843964,0,0.0,0,0.0,0,5.578786849975586,1,6
SH,FVD,137,213,188,188,18.8,0.4687268137931824,0.629955530166626,5.870240688323975,6.923543930053711,1.7410529851913452,1,129,1,129,0.6861702127659575,2.0,129,0.0,0,0.0,0,0.0,0,0.0,2,7
SH,FVD,137,214,331,331,33.1,0.19925667345523834,0.25347834825515747,1.603035807609558,1.7276697158813477,0.22796466946601868,0,-1,1,331,1.0,2.0,331,0.9296644926071167,0,0.0,0,0.0,0,16.355871200561523,2,7
SH,FVD,137,215,594,594,59.400000000000006,0.17599765956401825,0.24981863796710968,3.441091537475586,5.035262584686279,0.6105830073356628,0,-1,1,490,0.8249158249158249,2.0,594,1.1992037296295166,0,0.0,0,0.0,0,19.451753616333008,2,7
SH,FVD,137,216,161,161,16.1,0.45504385232925415,0.5317922234535217,3.1356279850006104,3.4115407466888428,2.0194952487945557,1,43,1,43,0.2670807453416149,2.0,43,0.0,0,0.0,0,0.0,0,0.0,2,7
SH,FVD,137,217,355,355,35.5,0.4542910158634186,0.5967352390289307,4.7675604820251465,5.161643028259277,2.5365867614746094,1,238,1,237,0.6676056338028169,2.0,238,0.0,0,0.0,0,0.0,0,0.0,1,6
SH,FVD,137,218,190,190,19.0,0.3894791901111603,0.49214452505111694,2.205019474029541,2.821845293045044,0.6218624711036682,0,-1,0,0,0.0,2.0,190,2.7729341983795166,0,0.0,0,0.0,0,2.117227554321289,1,6
SH,FVD,137,219,318,318,31.8,0.37316587567329407,0.49741196632385254,7.153434753417969,8.822249412536621,5.357432842254639,1,169,1,169,0.5314465408805031,2.0,169,0.0,0,0.0,0,0.0,0,0.0,1,6
SH,FVD,137,220,247,247,24.700000000000003,0.301117867231369,0.46559634804725647,8.308866500854492,10.443486213684082,0.8106530904769897,0,-1,1,247,1.0,2.0,247,1.4267799854278564,0,0.0,0,0.0,0,33.88933563232422,1,6
SH,FVD,137,221,141,141,14.100000000000001,0.1992643028497696,0.35644927620887756,0.3256971836090088,0.38190552592277527,0.17389237880706787,1,140,1,140,0.9929078014184397,2.0,140,0.0,0,0.0,0,0.0,0,0.0,2,7
SH,FVD,137,222,650,650,65.0,0.25914767384529114,0.3237927556037903,3.143202066421509,3.589156150817871,0.6184593439102173,0,-1,1,650,1.0,2.0,650,0.2943975329399109,0,0.0,0,0.0,0,3.080688953399658,1,6
SH,FVD,137,223,548,548,54.800000000000004,0.2554793357849121,0.3157493472099304,4.136204242706299,6.345996379852295,0.5760899782180786,0,-1,1,548,1.0,2.0,548,1.1661416292190552,0,0.0,0,0.0,0,18.869028091430664,0,5
SH,FVD,137,224,247,247,24.700000000000003,0.18873068690299988,0.23815809190273285,3.122723340988159,3.771939516067505,0.3710334897041321,0,-1,0,0,0.0,2.0,247,3.6084327697753906,0,0.0,0,0.0,0,4.942201137542725,2,7
SH,FVD,137,225,209,209,20.900000000000002,0.23206667602062225,0.3088451623916626,4.242786407470703,5.554897308349609,0.7318763732910156,0,-1,1,193,0.9234449760765551,2.0,209,1.5518262386322021,0,0.0,0,0.0,0,28.074094772338867,1,6
SH,FVD,137,226,256,256,25.6,0.2262295037508011,0.292317658662796,10.819067001342773,12.454337120056152,0.686005711555481,0,-1,1,256,1.0,2.0,256,0.6883814334869385,0,0.0,0,0.0,0,10.113948822021484,2,7
SH,FVD,137,227,290,290,29.0,0.19949506223201752,0.25638073682785034,11.839463233947754,16.272308349609375,2.3445963859558105,1,261,1,261,0.9,2.0,261,0.0,0,0.0,0,0.0,0,0.0,0,5
SH,FVD,137,228,315,315,31.5,0.32827654480934143,0.47566595673561096,7.542510509490967,8.183685302734375,0.5690136551856995,0,-1,1,51,0.1619047619047619,2.0,315,1.323615550994873,0,0.0,0,0.0,0,4.3307204246521,1,6
SH,FVD,137,229,1200,1200,120.0,0.2751327455043793,0.3625335693359375,8.304534912109375,9.808385848999023,7.155562400817871,1,128,1,128,0.10666666666666667,2.0,128,0.0,0,0.0,0,0.0,0,0.0,1,6
SH,FVD,137,230,409,409,40.900000000000006,0.30789485573768616,0.40687739849090576,4.762877941131592,5.710848808288574,0.4815889000892639,0,-1,1,44,0.10757946210268948,2.0,409,1.2190616130828857,0,0.0,0,0.0,0,1.9370317459106445,1,6
SH,FVD,137,231,160,160,16.0,0.2738204300403595,0.33918383717536926,1.6573097705841064,2.0202088356018066,0.5456000566482544,0,-1,1,20,0.125,2.0,160,0.9305627346038818,0,0.0,0,0.0,0,1.409602403640747,0,5
SH,FVD,137,232,371,371,37.1,0.19974680244922638,0.2515597939491272,18.567018508911133,22.251367568969727,1.1165441274642944,0,-1,1,371,1.0,2.0,371,0.5960168242454529,0,0.0,0,0.0,0,5.071563720703125,1,6
SH,FVD,137,233,507,507,50.7,0.31202763319015503,0.3862909972667694,4.047787189483643,4.80993127822876,0.8689538240432739,0,-1,1,242,0.47731755424063116,2.0,507,0.9201305508613586,0,0.0,0,0.0,0,6.500483512878418,2,7
SH,FVD,137,234,316,316,31.6,0.20185288786888123,0.24815325438976288,5.606192588806152,6.089388370513916,0.36124566197395325,0,-1,1,316,1.0,2.0,316,0.5256009101867676,0,0.0,0,0.0,0,6.182547569274902,0,5
SH,FVD,137,235,192,192,19.200000000000003,0.3223659098148346,0.43556565046310425,10.191363334655762,11.171944618225098,0.7799744009971619,0,-1,0,0,0.0,2.0,192,3.5466737747192383,0,0.0,0,0.0,0,7.717790603637695,2,7
SH,FVD,137,236,200,200,20.0,0.5289153456687927,0.6801626086235046,11.040632247924805,12.595715522766113,1.8316093683242798,0,-1,1,136,0.68,2.0,200,0.8546947836875916,0,0.0,0,0.0,0,19.720537185668945,1,6
SH,FVD,137,237,524,524,52.400000000000006,0.3202974796295166,0.39425113797187805,5.494651794433594,7.466387748718262,0.7839507460594177,1,472,1,187,0.3568702290076336,2.0,472,0.0,0,0.0,0,0.0,0,0.0,1,6
SH,FVD,137,238,406,406,40.6,0.29684966802597046,0.37491345405578613,13.223917961120605,15.101289749145508,1.172711730003357,0,-1,1,53,0.13054187192118227,2.0,406,1.901473045349121,0,0.0,0,0.0,0,19.166690826416016,1,6
SH,FVD,137,239,171,171,17.1,0.5252089500427246,0.6398175954818726,5.868097305297852,7.471199035644531,1.481213927268982,1,131,1,48,0.2807017543859649,2.0,131,0.0,0,0.0,0,0.0,0,0.0,2,7
SH,FVD,137,240,196,196,19.6,0.28590697050094604,0.41013091802597046,3.2679669857025146,4.113269805908203,0.6089088916778564,0,-1,1,196,1.0,2.0,196,0.20857012271881104,0,0.0,0,0.0,0,2.3942606449127197,1,6
SH,FVD,137,241,333,333,33.300000000000004,0.2748885452747345,0.31483858823776245,4.312481880187988,5.604715824127197,0.4777587652206421,0,-1,1,333,1.0,2.0,333,0.9064334034919739,0,0.0,0,0.0,0,14.925251007080078,1,6
SH,FVD,137,242,213,213,21.3,0.241119846701622,0.3045417368412018,3.82340145111084,5.14591121673584,0.5966478586196899,0,-1,1,213,1.0,2.0,213,1.0394152402877808,0,0.0,0,0.0,0,10.03688907623291,0,5
SH,FVD,137,243,358,358,35.800000000000004,0.2511428892612457,0.31802403926849365,5.570618629455566,7.038295745849609,0.7762474417686462,0,-1,1,358,1.0,2.0,358,0.9640463590621948,0,0.0,0,0.0,0,11.359848022460938,0,5
SH,FVD,137,244,150,150,15.0,0.1728779524564743,0.21635045111179352,7.011010646820068,8.417136192321777,0.9039837718009949,0,-1,0,0,0.0,2.0,150,2.662780284881592,0,0.0,0,0.0,0,33.80917739868164,1,6
SH,FVD,137,245,174,174,17.400000000000002,0.4417823255062103,0.5430908203125,3.312177896499634,4.1846394538879395,0.8326911330223083,0,-1,1,153,0.8793103448275862,2.0,174,1.1035690307617188,0,0.0,0,0.0,0,7.0394768714904785,1,6
SH,FVD,137,246,169,169,16.900000000000002,0.28704723715782166,0.3561726212501526,15.459921836853027,18.875349044799805,1.895609974861145,0,-1,1,169,1.0,2.0,169,0.9178677201271057,0,0.0,0,0.0,0,9.619677543640137,2,7
SH,FVD,137,247,181,181,18.1,0.25069913268089294,0.32642725110054016,1.80556058883667,2.6811416149139404,0.557707667350769,0,-1,0,0,0.0,2.0,181,2.5019419193267822,0,0.0,0,0.0,0,3.7898521423339844,2,7
SH,FVD,137,248,140,140,14.0,0.2471626251935959,0.28831639885902405,5.472067356109619,6.672860145568848,0.904186487197876,0,-1,1,140,1.0,2.0,140,1.2259960174560547,0,0.0,0,0.0,0,23.656131744384766,0,5
SH,FVD,137,249,255,255,25.5,0.40409258008003235,0.4954361915588379,3.8317413330078125,4.881361961364746,0.7046239972114563,0,-1,1,232,0.9098039215686274,2.0,255,1.488830804824829,0,0.0,0,0.0,0,27.620420455932617,2,7
SH,FVD,137,250,304,304,30.400000000000002,0.5634967088699341,0.7487913370132446,9.592238426208496,11.640507698059082,4.406251907348633,1,65,1,65,0.2138157894736842,2.0,65,0.0,0,0.0,0,0.0,0,0.0,0,5
SH,FVD,137,251,220,220,22.0,0.7601107358932495,1.2481974363327026,3.397390365600586,4.006447792053223,1.161048412322998,1,196,1,196,0.8909090909090909,2.0,196,0.0,0,0.0,0,0.0,0,0.0,1,6
SH,FVD,137,252,134,134,13.4,0.18810351192951202,0.25838881731033325,4.491575241088867,5.767099380493164,0.8200855255126953,0,-1,1,48,0.3582089552238806,2.0,134,1.9401085376739502,0,0.0,0,0.0,0,12.459246635437012,1,6
SH,FVD,137,253,300,300,30.0,0.20412905514240265,0.2871161103248596,2.4143524169921875,3.5191330909729004,0.6616398692131042,0,-1,1,300,1.0,2.0,300,0.798098087310791,0,0.0,0,0.0,0,18.384708404541016,2,7
SH,FVD,137,254,349,349,34.9,0.23982520401477814,0.297785222530365,12.88576602935791,16.850563049316406,1.0418521165847778,0,-1,1,163,0.4670487106017192,2.0,349,1.159908652305603,0,0.0,0,0.0,0,9.52549934387207,1,6
SH,FVD,137,255,149,149,14.9,0.1476965993642807,0.1805051565170288,1.158722162246704,1.3721083402633667,0.39985617995262146,0,-1,1,149,1.0,2.0,149,1.0035583972930908,0,0.0,0,0.0,0,13.090788841247559,0,5
SH,FVD,137,256,303,303,30.3,0.1346868872642517,0.1715223342180252,3.3918545246124268,4.110658168792725,0.27341023087501526,0,-1,1,36,0.1188118811881188,2.0,303,1.3653017282485962,0,0.0,0,0.0,0,7.604745864868164,0,5
SH,FVD,137,257,136,136,13.600000000000001,0.34217140078544617,0.3986610174179077,4.633544921875,5.54352331161499,0.6048810482025146,0,-1,0,0,0.0,2.0,136,4.253164291381836,0,0.0,0,0.0,0,16.700281143188477,0,5
SH,FVD,137,258,228,228,22.8,0.3229711651802063,0.40593451261520386,2.3636677265167236,2.9684970378875732,0.33677423000335693,0,-1,1,228,1.0,2.0,228,0.9308720231056213,0,0.0,0,0.0,0,9.29065990447998,0,5
SH,FVD,137,259,133,133,13.3,0.22570623457431793,0.3214159309864044,1.532665729522705,2.281172513961792,0.5297112464904785,0,-1,1,57,0.42857142857142855,2.0,133,1.6730952262878418,0,0.0,0,0.0,0,35.00834274291992,2,7
SH,FVD,137,260,308,308,30.8,0.15156368911266327,0.1832263171672821,1.8689650297164917,2.2485833168029785,0.3621560037136078,0,-1,1,13,0.04220779220779221,2.0,308,1.9798696041107178,0,0.0,0,0.0,0,55.96690368652344,0,5
SH,FVD,137,261,186,186,18.6,0.3605087101459503,0.6196666955947876,8.200386047363281,9.763155937194824,1.0298343896865845,0,-1,1,186,1.0,2.0,186,0.5021154880523682,0,0.0,0,0.0,0,8.133654594421387,1,6
SH,FVD,137,262,500,500,50.0,0.23325805366039276,0.365642249584198,7.924833297729492,9.771482467651367,0.8560127019882202,0,-1,1,101,0.202,2.0,500,0.861614465713501,0,0.0,0,0.0,0,4.022342681884766,0,5
SH,FVD,137,263,291,291,29.1,0.2569624185562134,0.3137736916542053,16.930381774902344,19.68717384338379,1.014075517654419,0,-1,1,214,0.7353951890034365,2.0,291,1.3311326503753662,0,0.0,0,0.0,0,30.525264739990234,1,6
SH,FVD,137,264,133,133,13.3,0.33218714594841003,0.40382134914398193,1.7639741897583008,2.0334584712982178,0.7441699504852295,0,-1,0,0,0.0,2.0,133,4.642688751220703,0,0.0,0,0.0,0,8.599501609802246,0,5
SH,FVD,137,265,449,449,44.900000000000006,0.31679806113243103,0.4123099148273468,6.67031192779541,8.040241241455078,0.8068448901176453,0,-1,1,27,0.060133630289532294,2.0,449,1.8496780395507812,0,0.0,0,0.0,0,5.717508316040039,1,6
SH,FVD,137,266,2076,2076,207.60000000000002,0.37688517570495605,0.5032462477684021,5.568051815032959,6.968985080718994,2.353515148162842,1,1196,1,1095,0.5274566473988439,2.0,1196,0.0,0,0.0,0,0.0,0,0.0,0,5
SH,FVD,137,267,183,183,18.3,0.3741578459739685,0.5464915037155151,1.8034300804138184,2.164724111557007,0.5330210328102112,0,-1,1,66,0.36065573770491804,2.0,183,0.027169518172740936,0,0.0,0,0.0,0,0.16030700504779816,1,6
SH,FVD,137,268,146,146,14.600000000000001,0.6932304501533508,0.8429193496704102,6.129191875457764,6.88719367980957,2.643413782119751,1,60,1,60,0.410958904109589,2.0,60,0.0,0,0.0,0,0.0,0,0.0,2,7
SH,FVD,137,269,213,213,21.3,0.2894037365913391,0.35443437099456787,13.03200912475586,15.695788383483887,1.2953945398330688,0,-1,0,0,0.0,2.0,213,2.682328224182129,0,0.0,0,0.0,0,2.8089940547943115,0,5
SH,FVD,137,270,279,279,27.900000000000002,0.4618716835975647,0.6243296265602112,3.1065006256103516,3.5024988651275635,0.5219947695732117,0,-1,1,279,1.0,2.0,279,0.26727548241615295,0,0.0,0,0.0,0,1.2490439414978027,1,6
SH,FVD,137,271,159,159,15.9,0.6753711104393005,0.7577483057975769,4.199275016784668,4.909489631652832,1.208335041999817,1,113,1,52,0.3270440251572327,2.0,113,0.0,0,0.0,0,0.0,0,0.0,0,5
SH,FVD,137,272,139,139,13.9,0.2664523124694824,0.3423527479171753,1.0182623863220215,1.3161121606826782,0.3586947023868561,0,-1,1,123,0.8848920863309353,2.0,139,0.45701831579208374,0,0.0,0,0.0,0,1.6323097944259644,1,6
SH,FVD,137,273,139,139,13.9,0.4279208481311798,0.5907678008079529,10.451684951782227,12.69864273071289,1.6484942436218262,0,-1,0,0,0.0,2.0,139,3.52693247795105,0,0.0,0,0.0,0,4.980319976806641,2,7
SH,FVD,137,274,296,296,29.6,0.247636079788208,0.3446809947490692,0.869236946105957,1.048130989074707,0.29417285323143005,0,-1,1,296,1.0,2.0,296,1.2585636377334595,0,0.0,0,0.0,0,10.23551082611084,1,6
SH,FVD,137,275,303,303,30.3,0.23828202486038208,0.33014655113220215,7.917548179626465,8.911998748779297,0.8613969087600708,0,-1,1,293,0.966996699669967,2.0,303,0.8927807807922363,0,0.0,0,0.0,0,24.873687744140625,1,6
SH,FVD,137,276,488,488,48.800000000000004,0.31838518381118774,0.4108126759529114,11.227502822875977,12.973923683166504,0.8511736392974854,0,-1,0,0,0.0,2.0,488,2.5873918533325195,0,0.0,0,0.0,0,7.533987045288086,2,7
SH,FVD,137,277,542,542,54.2,0.47264623641967773,0.5814949870109558,24.191997528076172,30.407135009765625,2.071662664413452,1,517,1,31,0.05719557195571956,2.0,517,0.0,0,0.0,0,0.0,0,0.0,2,7
SH,FVD,137,278,569,569,56.900000000000006,0.2964683175086975,0.4161091148853302,2.439197301864624,3.1693472862243652,0.6941201686859131,1,475,1,475,0.8347978910369068,2.0,475,0.0,0,0.0,0,0.0,0,0.0,1,6
SH,FVD,137,279,593,593,59.300000000000004,0.31956955790519714,0.42333927750587463,5.23924446105957,5.982389450073242,0.535168468952179,0,-1,0,0,0.0,2.0,593,2.163357973098755,0,0.0,0,0.0,0,2.211413621902466,1,6
SH,FVD,137,280,147,147,14.700000000000001,0.31765422224998474,0.4063849449157715,3.0287599563598633,3.228614568710327,0.3303664028644562,0,-1,1,147,1.0,2.0,147,0.38979431986808777,0,0.0,0,0.0,0,2.2485079765319824,0,5
SH,FVD,137,281,261,261,26.1,0.42571476101875305,0.609114408493042,3.074885606765747,3.488868474960327,1.6301710605621338,1,129,1,104,0.39846743295019155,2.0,129,0.0,0,0.0,0,0.0,0,0.0,0,5
SH,FVD,137,282,149,149,14.9,0.3627975881099701,0.4537487328052521,2.7943410873413086,3.3787643909454346,0.899362325668335,0,-1,0,0,0.0,2.0,149,7.632418632507324,0,0.0,0,0.0,0,10.504617691040039,1,6
SH,FVD,137,283,188,188,18.8,0.24317961931228638,0.29683053493499756,0.8801794648170471,1.1315561532974243,0.34180182218551636,0,-1,1,188,1.0,2.0,188,1.017586588859558,0,0.0,0,0.0,0,16.56794548034668,1,6
SH,FVD,137,284,331,331,33.1,0.3596911132335663,0.44298529624938965,11.509320259094238,12.692854881286621,1.0061794519424438,0,-1,1,277,0.8368580060422961,2.0,331,1.649124026298523,0,0.0,0,0.0,0,26.891050338745117,0,5
SH,FVD,137,285,406,406,40.6,0.36159226298332214,0.513113260269165,2.8485922813415527,3.971295118331909,0.9900848865509033,1,345,1,345,0.8497536945812808,2.0,345,0.0,0,0.0,0,0.0,0,0.0,1,6
SH,FVD,137,286,559,559,55.900000000000006,0.22525814175605774,0.2986813485622406,8.476922035217285,10.330744743347168,0.5860479474067688,0,-1,1,519,0.9284436493738819,2.0,559,0.8933380246162415,0,0.0,0,0.0,0,19.15628433227539,0,5
SH,FVD,137,287,195,195,19.5,0.3416278660297394,0.41322681307792664,2.7974536418914795,3.204364776611328,0.5688942670822144,0,-1,1,15,0.07692307692307693,2.0,195,1.1879886388778687,0,0.0,0,0.0,0,1.258807897567749,0,5
SH,FVD,137,288,158,158,15.8,0.3784767687320709,0.5147503018379211,0.8125314712524414,0.903668999671936,0.3465936779975891,0,-1,1,158,1.0,2.0,158,0.3152313828468323,0,0.0,0,0.0,0,5.636495590209961,0,5
SH,FVD,137,289,159,159,15.9,0.20120535790920258,0.2532711327075958,5.863117694854736,7.247438907623291,0.8764005303382874,0,-1,1,159,1.0,2.0,159,1.1029878854751587,0,0.0,0,0.0,0,16.722698211669922,1,6
SH,FVD,137,290,176,176,17.6,0.16479210555553436,0.2356160283088684,2.5929715633392334,3.4083425998687744,0.33228015899658203,0,-1,1,176,1.0,2.0,176,1.19386625289917,0,0.0,0,0.0,0,24.70699691772461,2,7
SH,FVD,137,291,251,251,25.1,0.20983345806598663,0.25806427001953125,10.59526252746582,12.140193939208984,0.7003710269927979,0,-1,1,251,1.0,2.0,251,0.3368934392929077,0,0.0,0,0.0,0,5.953266143798828,1,6
SH,FVD,137,292,165,165,16.5,0.3254188895225525,0.37910473346710205,2.4031355381011963,2.8998935222625732,0.8886919617652893,0,-1,1,96,0.5818181818181818,2.0,165,1.5491007566452026,0,0.0,0,0.0,0,20.599964141845703,0,5
SH,FVD,137,293,229,229,22.900000000000002,0.4355042576789856,0.5921445488929749,1.4834169149398804,1.7962299585342407,0.6086437702178955,0,-1,1,200,0.8733624454148472,2.0,229,1.1311376094818115,0,0.0,0,0.0,0,3.9037160873413086,2,7
SH,FVD,137,294,521,521,52.1,0.26916828751564026,0.3460347056388855,10.156632423400879,11.168780326843262,0.6965987086296082,0,-1,1,46,0.08829174664107485,2.0,521,1.2683483362197876,0,0.0,0,0.0,0,5.313607692718506,0,5
SH,FVD,137,295,134,134,13.4,0.2736092805862427,0.31519731879234314,1.590620994567871,1.944460391998291,0.7295076847076416,0,-1,0,0,0.0,2.0,134,2.4816818237304688,0,0.0,0,0.0,0,41.54490661621094,0,5
SH,FVD,137,296,216,216,21.6,0.5608183741569519,0.6125763654708862,4.622379302978516,5.245415687561035,1.3733845949172974,0,-1,1,216,1.0,2.0,216,0.7525050640106201,0,0.0,0,0.0,0,19.69832992553711,2,7
SH,FVD,137,297,145,145,14.5,0.2879473865032196,0.3653355836868286,2.779057502746582,2.96504282951355,0.37552306056022644,0,-1,0,0,0.0,2.0,145,2.098646879196167,0,0.0,0,0.0,0,1.1619621515274048,0,5
SH,FVD,137,298,225,225,22.5,0.15925772488117218,0.20383016765117645,3.709157943725586,4.465264320373535,0.3047160506248474,0,-1,1,225,1.0,2.0,225,0.5277190208435059,0,0.0,0,0.0,0,8.947497367858887,1,6
SH,FVD,137,299,305,305,30.5,0.4118019938468933,0.511346697807312,4.478885650634766,4.999383926391602,2.350473642349243,1,65,1,59,0.19344262295081968,2.0,65,0.0,0,0.0,0,0.0,0,0.0,1,6
SH,FVD,137,300,249,249,24.900000000000002,0.3824463486671448,0.5146682858467102,2.5968358516693115,3.436326503753662,0.8410588502883911,0,-1,1,158,0.6345381526104418,2.0,249,0.45838868618011475,0,0.0,0,0.0,0,0.7587051391601562,0,5
SH,FVD,137,301,492,492,49.2,0.5793912410736084,0.740183413028717,6.519314289093018,7.392723083496094,3.25276780128479,1,299,1,92,0.18699186991869918,2.0,299,0.0,0,0.0,0,0.0,0,0.0,1,6
SH,FVD,137,302,339,339,33.9,0.1613205224275589,0.19551292061805725,1.3262466192245483,1.5281344652175903,0.37815266847610474,0,-1,1,339,1.0,2.0,339,1.1429119110107422,0,0.0,0,0.0,0,21.106273651123047,1,6
SH,FVD,137,303,318,318,31.8,0.3495037257671356,0.4286229610443115,2.2612433433532715,2.833430051803589,0.9084832668304443,1,248,1,248,0.779874213836478,2.0,248,0.0,0,0.0,0,0.0,0,0.0,2,7
SH,FVD,137,304,206,206,20.6,0.36190855503082275,0.48964324593544006,3.9547386169433594,4.606969833374023,1.8059790134429932,1,138,1,138,0.6699029126213593,2.0,138,0.0,0,0.0,0,0.0,0,0.0,0,5
SH,FVD,137,305,796,796,79.60000000000001,0.19733645021915436,0.25058600306510925,87.64967346191406,110.44547271728516,2.6420955657958984,0,-1,1,159,0.19974874371859297,2.0,796,1.676389217376709,0,0.0,0,0.0,0,39.40184783935547,1,6
SH,FVD,137,306,214,214,21.400000000000002,0.6148431897163391,0.8991729021072388,3.4908695220947266,5.1182990074157715,1.7464594841003418,1,160,1,160,0.7476635514018691,2.0,160,0.0,0,0.0,0,0.0,0,0.0,1,6
SH,FVD,137,307,144,144,14.4,0.4166070222854614,0.5291461944580078,2.9675683975219727,4.35010290145874,0.8930439352989197,1,140,1,140,0.9722222222222222,2.0,140,0.0,0,0.0,0,0.0,0,0.0,2,7
SH,FVD,137,308,292,292,29.200000000000003,0.4468276798725128,0.5736983418464661,5.808202743530273,7.755030632019043,2.224797248840332,1,79,1,79,0.2705479452054795,2.0,79,0.0,0,0.0,0,0.0,0,0.0,2,7
SH,FVD,137,309,143,143,14.3,0.24400639533996582,0.32564932107925415,0.6029603481292725,0.774968147277832,0.2417648732662201,0,-1,0,0,0.0,2.0,143,5.413874626159668,0,0.0,0,0.0,0,3.959904909133911,1,6
SH,FVD,137,310,137,137,13.700000000000001,0.22850334644317627,0.2969249188899994,1.439598798751831,2.0162670612335205,0.3403876721858978,0,-1,1,135,0.9854014598540146,2.0,137,1.5139379501342773,0,0.0,0,0.0,0,5.870663166046143,2,7
SH,FVD,137,311,804,804,80.4,0.2792535126209259,0.3681161403656006,13.464886665344238,15.811731338500977,0.5606977343559265,0,-1,0,0,0.0,2.0,804,2.610804796218872,0,0.0,0,0.0,0,6.935061454772949,0,5
SH,FVD,137,312,146,146,14.600000000000001,0.9616525769233704,1.2611095905303955,4.412342548370361,5.218255519866943,3.591552734375,1,84,1,84,0.5753424657534246,2.0,84,0.0,0,0.0,0,0.0,0,0.0,0,5
SH,FVD,137,313,337,337,33.7,0.2803860604763031,0.40482646226882935,7.988865375518799,11.85031509399414,1.4556522369384766,1,213,1,213,0.6320474777448071,2.0,213,0.0,0,0.0,0,0.0,0,0.0,1,6
SH,FVD,137,314,139,139,13.9,0.2868101894855499,0.361473023891449,3.172650098800659,3.5915544033050537,0.7416637539863586,0,-1,1,46,0.33093525179856115,2.0,139,1.9566586017608643,0,0.0,0,0.0,0,30.415515899658203,0,5
SH,FVD,137,315,310,310,31.0,0.4289354979991913,0.657235324382782,5.447040557861328,6.277011394500732,2.14306640625,1,216,1,216,0.6967741935483871,2.0,216,0.0,0,0.0,0,0.0,0,0.0,2,7
SH,FVD,137,316,135,135,13.5,0.3868074417114258,0.4551815986633301,8.6703519821167,9.845808982849121,1.0569109916687012,0,-1,0,0,0.0,2.0,135,3.4808144569396973,0,0.0,0,0.0,0,12.683065414428711,2,7
SH,FVD,137,317,245,245,24.5,0.3103506863117218,0.4001002013683319,6.298306941986084,9.099384307861328,1.0128529071807861,0,-1,1,74,0.3020408163265306,2.0,245,1.013664722442627,0,0.0,0,0.0,0,7.2024688720703125,2,7
SH,FVD,137,318,141,141,14.100000000000001,0.2899051606655121,0.3626920282840729,4.634889602661133,5.417229175567627,0.7833341956138611,0,-1,0,0,0.0,2.0,141,3.0524215698242188,0,0.0,0,0.0,0,25.498445510864258,0,5
SH,FVD,137,319,409,409,40.900000000000006,0.3152449429035187,0.46638134121894836,5.2408833503723145,5.605854034423828,12.825366020202637,1,77,1,77,0.1882640586797066,2.0,77,0.0,0,0.0,0,0.0,0,0.0,2,7
SH,FVD,137,320,180,180,18.0,0.34121131896972656,0.4300593137741089,2.414658308029175,2.8455841541290283,0.757318377494812,0,-1,1,80,0.4444444444444444,2.0,180,0.58351069688797,0,0.0,0,0.0,0,1.561545491218567,1,6
SH,FVD,137,321,418,418,41.800000000000004,0.3179772198200226,0.4339786469936371,7.687170028686523,9.248519897460938,0.5515477061271667,0,-1,1,418,1.0,2.0,418,1.2997398376464844,0,0.0,0,0.0,0,27.799448013305664,0,5
SH,FVD,137,322,132,132,13.200000000000001,0.27116939425468445,0.33037590980529785,2.358182907104492,3.248156785964966,0.6786010265350342,0,-1,1,132,1.0,2.0,132,1.490207552909851,0,0.0,0,0.0,0,25.63422203063965,2,7
SH,FVD,137,323,268,268,26.8,0.6118499040603638,0.8286426663398743,4.848708152770996,6.842068195343018,1.1635828018188477,1,170,1,170,0.6343283582089553,2.0,170,0.0,0,0.0,0,0.0,0,0.0,1,6
SH,FVD,137,324,324,324,32.4,0.5502486824989319,0.6615722179412842,5.4412102699279785,6.15623664855957,2.547651529312134,1,190,1,190,0.5864197530864198,2.0,190,0.0,0,0.0,0,0.0,0,0.0,0,5
SH,FVD,137,325,214,214,21.400000000000002,0.3840585947036743,0.4076003134250641,9.871170997619629,11.752782821655273,2.639821767807007,1,103,1,103,0.48130841121495327,2.0,103,0.0,0,0.0,0,0.0,0,0.0,2,7
SH,FVD,137,326,147,147,14.700000000000001,0.3368915617465973,0.4128692150115967,1.2927395105361938,1.6801766157150269,0.5733780860900879,0,-1,1,52,0.35374149659863946,2.0,147,0.32108408212661743,0,0.0,0,0.0,0,0.33922097086906433,1,6
SH,FVD,137,327,169,169,16.900000000000002,0.2346930205821991,0.27899712324142456,0.7920956611633301,0.8891109228134155,0.2367316633462906,0,-1,1,169,1.0,2.0,169,0.7881585359573364,0,0.0,0,0.0,0,9.725967407226562,1,6
SH,FVD,137,328,147,147,14.700000000000001,0.2660372257232666,0.32924312353134155,4.282962322235107,5.273269176483154,0.7628349661827087,0,-1,0,0,0.0,2.0,147,3.6410510540008545,0,0.0,0,0.0,0,6.842746734619141,2,7
SH,FVD,137,329,170,170,17.0,0.6445571184158325,0.7490410804748535,12.219258308410645,13.511472702026367,1.3896006345748901,0,-1,0,0,0.0,2.0,170,3.979485511779785,0,0.0,0,0.0,0,13.807416915893555,1,6
SH,FVD,137,330,732,732,73.2,0.26329872012138367,0.33761534094810486,3.8774423599243164,4.734562873840332,0.5220292210578918,0,-1,1,83,0.1133879781420765,2.0,732,1.9768058061599731,0,0.0,0,0.0,0,16.233154296875,0,5
SH,FVD,137,331,235,235,23.5,0.13268731534481049,0.16699640452861786,1.2622016668319702,1.6082602739334106,0.19050808250904083,0,-1,1,17,0.07234042553191489,2.0,235,1.3028374910354614,0,0.0,0,0.0,0,1.309982180595398,0,5
SH,FVD,137,332,183,183,18.3,0.4164954125881195,0.5164244174957275,4.963634490966797,5.735642433166504,1.4941260814666748,1,82,1,52,0.28415300546448086,2.0,82,0.0,0,0.0,0,0.0,0,0.0,0,5
SH,FVD,137,333,525,525,52.5,0.35959383845329285,0.4524216651916504,7.224449634552002,8.051288604736328,3.349571466445923,1,177,1,58,0.11047619047619048,2.0,177,0.0,0,0.0,0,0.0,0,0.0,0,5
SH,FVD,137,334,496,496,49.6,0.38011184334754944,0.5139845609664917,6.66969633102417,8.502254486083984,1.0105000734329224,0,-1,1,211,0.4254032258064516,2.0,496,0.7864492535591125,0,0.0,0,0.0,0,6.615022659301758,0,5
SH,FVD,137,335,141,141,14.100000000000001,0.3819430470466614,0.4590180218219757,5.497161865234375,6.150296211242676,0.8076368570327759,0,-1,0,0,0.0,2.0,141,3.5105385780334473,0,0.0,0,0.0,0,2.8724613189697266,2,7
SH,FVD,137,336,533,533,53.300000000000004,0.22275815904140472,0.3068345785140991,1.4399123191833496,1.7621681690216064,0.40234026312828064,1,492,1,147,0.275797373358349,2.0,492,0.0,0,0.0,0,0.0,0,0.0,2,7
SH,FVD,137,337,223,223,22.3,0.23298312723636627,0.28158700466156006,4.865030765533447,5.666168212890625,0.6024373769760132,0,-1,1,33,0.14798206278026907,2.0,223,1.5473685264587402,0,0.0,0,0.0,0,3.5906007289886475,2,7
SH,FVD,137,338,730,730,73.0,0.13879907131195068,0.1789391189813614,6.633623123168945,8.982583045959473,0.5206670761108398,0,-1,1,730,1.0,2.0,730,1.4487930536270142,0,0.0,0,0.0,0,27.02459144592285,2,7
SH,FVD,137,339,200,200,20.0,0.3165305256843567,0.40827664732933044,3.850689649581909,4.382805347442627,0.4254819452762604,0,-1,1,200,1.0,2.0,200,1.1196155548095703,0,0.0,0,0.0,0,8.807903289794922,2,7
SH,FVD,137,340,131,131,13.100000000000001,0.31261879205703735,0.40878456830978394,4.590406894683838,5.101531505584717,0.8799854516983032,1,70,1,35,0.26717557251908397,2.0,70,0.0,0,0.0,0,0.0,0,0.0,2,7
SH,FVD,137,341,300,300,30.0,0.3140709102153778,0.37610310316085815,9.457720756530762,10.503312110900879,0.7455825209617615,0,-1,0,0,0.0,2.0,300,7.031091213226318,0,0.0,0,0.0,0,19.895540237426758,1,6
SH,FVD,137,342,137,137,13.700000000000001,0.29383888840675354,0.3817135989665985,5.183653831481934,5.586234092712402,0.3252985179424286,0,-1,0,0,0.0,2.0,137,2.736879825592041,0,0.0,0,0.0,0,7.128092288970947,0,5
SH,FVD,137,343,268,268,26.8,0.18899984657764435,0.23582260310649872,0.8345755934715271,1.051554799079895,0.3205724060535431,0,-1,1,268,1.0,2.0,268,1.0024802684783936,0,0.0,0,0.0,0,12.937336921691895,0,5
SH,FVD,137,344,219,219,21.900000000000002,0.2547376751899719,0.3277661204338074,2.9451849460601807,3.509472131729126,0.5555647611618042,0,-1,1,69,0.3150684931506849,2.0,219,0.9959919452667236,0,0.0,0,0.0,0,1.961853265762329,0,5
SH,FVD,137,345,849,849,84.9,0.1362903118133545,0.17322124540805817,13.637617111206055,15.084141731262207,0.4727441966533661,0,-1,1,696,0.8197879858657244,2.0,849,1.340328574180603,0,0.0,0,0.0,0,25.88419532775879,2,7
SH,FVD,137,346,192,192,19.200000000000003,0.13958381116390228,0.16963258385658264,4.551135540008545,5.67730712890625,0.5428423881530762,0,-1,1,192,1.0,2.0,192,0.7460559010505676,0,0.0,0,0.0,0,14.030908584594727,0,5
SH,FVD,137,347,222,222,22.200000000000003,0.1441161334514618,0.18793028593063354,15.43137264251709,18.735816955566406,1.4384537935256958,0,-1,1,222,1.0,2.0,222,0.866661787033081,0,0.0,0,0.0,0,14.697779655456543,0,5
SH,FVD,137,348,565,565,56.5,0.2657715380191803,0.3444592356681824,1.8594367504119873,2.2586100101470947,0.46262428164482117,0,-1,1,565,1.0,2.0,565,0.35478708148002625,0,0.0,0,0.0,0,2.0166752338409424,1,6
SH,FVD,137,349,197,197,19.700000000000003,0.3313252031803131,0.39313384890556335,6.446073532104492,7.168182849884033,0.7715297937393188,0,-1,1,18,0.09137055837563451,2.0,197,1.2685284614562988,0,0.0,0,0.0,0,3.660672903060913,2,7
SH,FVD,137,350,196,196,19.6,0.44529253244400024,0.5713477730751038,11.110945701599121,14.71973705291748,1.4127650260925293,0,-1,0,0,0.0,2.0,196,2.8352768421173096,0,0.0,0,0.0,0,25.853435516357422,2,7
SH,FVD,137,351,259,259,25.900000000000002,0.17420010268688202,0.2304263412952423,2.448822021484375,3.829491138458252,0.4571811556816101,0,-1,1,149,0.5752895752895753,2.0,259,0.9886003732681274,0,0.0,0,0.0,0,6.842200756072998,2,7
SH,FVD,137,352,471,471,47.1,0.18610064685344696,0.22461499273777008,32.50368881225586,37.515079498291016,1.4253818988800049,0,-1,1,279,0.5923566878980892,2.0,471,1.280435562133789,0,0.0,0,0.0,0,26.97349739074707,2,7
SH,FVD,137,353,175,175,17.5,0.15063190460205078,0.19952663779258728,2.910437822341919,3.5444650650024414,0.2511638402938843,0,-1,1,55,0.3142857142857143,2.0,175,1.8463342189788818,0,0.0,0,0.0,0,31.787485122680664,0,5
SH,FVD,137,354,290,290,29.0,0.4489043653011322,0.5751679539680481,0.8312814235687256,1.079614281654358,0.5156521797180176,0,-1,1,290,1.0,2.0,290,1.2629978656768799,0,0.0,0,0.0,0,4.527272701263428,1,6
SH,FVD,137,355,461,461,46.1,0.4571278989315033,0.6514072418212891,4.453154563903809,5.481227397918701,3.3278238773345947,1,234,1,234,0.5075921908893709,2.0,234,0.0,0,0.0,0,0.0,0,0.0,0,5
SH,FVD,137,356,192,192,19.200000000000003,0.16708914935588837,0.20812304317951202,1.5376745462417603,2.039898157119751,0.2984673082828522,0,-1,1,88,0.4583333333333333,2.0,192,0.794731616973877,0,0.0,0,0.0,0,0.49808257818222046,2,7
SH,FVD,137,357,252,252,25.200000000000003,0.33989033102989197,0.45287203788757324,1.6274406909942627,2.353235960006714,0.6340519785881042,0,-1,1,235,0.9325396825396826,2.0,252,1.1478869915008545,0,0.0,0,0.0,0,9.370731353759766,1,6
SH,FVD,137,358,190,190,19.0,0.20083120465278625,0.23584525287151337,2.0346271991729736,2.3225743770599365,0.4379778504371643,0,-1,1,190,1.0,2.0,190,0.594478189945221,0,0.0,0,0.0,0,10.189671516418457,2,7
SH,FVD,137,359,131,131,13.100000000000001,0.25105810165405273,0.30868080258369446,0.9122928977012634,1.0429805517196655,0.45354145765304565,0,-1,1,131,1.0,2.0,131,1.2557915449142456,0,0.0,0,0.0,0,15.132932662963867,0,5
SH,FVD,137,360,459,459,45.900000000000006,0.505931556224823,0.666019856929779,5.364387035369873,6.103066444396973,3.4748425483703613,1,70,1,70,0.15250544662309368,2.0,70,0.0,0,0.0,0,0.0,0,0.0,2,7
SH,FVD,137,361,354,354,35.4,0.21030540764331818,0.3026144802570343,6.860248565673828,7.224429607391357,0.4605593979358673,0,-1,1,354,1.0,2.0,354,1.4911013841629028,0,0.0,0,0.0,0,22.588346481323242,2,7
SH,FVD,137,362,136,136,13.600000000000001,0.38082271814346313,0.5106292366981506,5.727898597717285,7.521897792816162,1.2395583391189575,0,-1,1,46,0.3382352941176471,2.0,136,1.2746888399124146,0,0.0,0,0.0,0,2.5114097595214844,1,6
SH,FVD,137,363,1072,1072,107.2,0.43970850110054016,0.5992538928985596,6.5546417236328125,7.0958638191223145,10.106756210327148,1,103,1,103,0.0960820895522388,2.0,103,0.0,0,0.0,0,0.0,0,0.0,2,7
SH,FVD,137,364,234,234,23.400000000000002,0.13768120110034943,0.17216362059116364,11.828307151794434,14.85745906829834,1.2463575601577759,0,-1,0,0,0.0,2.0,234,3.805027723312378,0,0.0,0,0.0,0,12.172801971435547,1,6
SH,FVD,137,365,542,542,54.2,0.20686624944210052,0.2621963620185852,5.875970840454102,6.523026466369629,0.44718149304389954,0,-1,1,542,1.0,2.0,542,0.8200048804283142,0,0.0,0,0.0,0,6.709582805633545,0,5
SH,FVD,137,366,267,267,26.700000000000003,0.31594356894493103,0.38770297169685364,7.319716930389404,8.872193336486816,0.6636898517608643,0,-1,1,65,0.24344569288389514,2.0,267,1.9601902961730957,0,0.0,0,0.0,0,28.534061431884766,1,6
SH,FVD,137,367,166,166,16.6,0.4868360757827759,0.6115345358848572,2.398817777633667,3.1360344886779785,0.9469618201255798,0,-1,1,115,0.6927710843373494,2.0,166,0.2823958396911621,0,0.0,0,0.0,0,0.5968033671379089,0,5
SH,FVD,137,368,215,215,21.5,0.2795044481754303,0.38340437412261963,4.782728672027588,5.762140274047852,0.6022520065307617,0,-1,1,196,0.9116279069767442,2.0,215,1.528294563293457,0,0.0,0,0.0,0,33.28706741333008,0,5
SH,FVD,137,369,211,211,21.1,0.296994149684906,0.40927380323410034,4.4975128173828125,5.648549556732178,1.1560114622116089,0,-1,1,211,1.0,2.0,211,0.3046778440475464,0,0.0,0,0.0,0,3.114788293838501,1,6
SH,FVD,137,370,1096,1096,109.60000000000001,0.43724602460861206,0.5649399161338806,6.877314567565918,8.665213584899902,2.0085601806640625,1,873,1,354,0.32299270072992703,2.0,873,0.0,0,0.0,0,0.0,0,0.0,1,6
SH,FVD,137,371,647,647,64.7,0.23855246603488922,0.3050222098827362,5.562962532043457,6.85137939453125,0.4713594317436218,0,-1,1,619,0.9567233384853169,2.0,647,1.3778560161590576,0,0.0,0,0.0,0,25.68940544128418,0,5
SH,FVD,137,372,179,179,17.900000000000002,0.2252516746520996,0.28301307559013367,1.5180541276931763,1.9280734062194824,0.3103722631931305,1,159,1,93,0.5195530726256983,2.0,159,0.0,0,0.0,0,0.0,0,0.0,1,6
SH,FVD,137,373,235,235,23.5,0.3297411799430847,0.41942298412323,2.329359769821167,3.093128204345703,0.5583077073097229,0,-1,1,197,0.8382978723404255,2.0,235,0.8365281224250793,0,0.0,0,0.0,0,5.3052473068237305,1,6
SH,FVD,137,374,440,440,44.0,0.1205979436635971,0.15963466465473175,3.7791595458984375,4.6862945556640625,0.414760023355484,0,-1,1,344,0.7818181818181819,2.0,440,1.3325577974319458,0,0.0,0,0.0,0,40.822269439697266,0,5
SH,FVD,137,375,209,209,20.900000000000002,0.37837034463882446,0.5771293640136719,3.247218608856201,3.568143606185913,0.580258309841156,0,-1,1,1,0.004784688995215311,2.0,209,1.9908064603805542,0,0.0,0,0.0,0,4.632082462310791,1,6
SH,FVD,137,376,147,147,14.700000000000001,0.3634747862815857,0.4698373079299927,2.227710008621216,2.6460886001586914,0.6470463275909424,0,-1,1,147,1.0,2.0,147,1.3452486991882324,0,0.0,0,0.0,0,10.274470329284668,0,5
SH,FVD,137,377,137,137,13.700000000000001,0.39542269706726074,0.4523342549800873,5.098730564117432,5.753230571746826,0.9087530970573425,0,-1,1,137,1.0,2.0,137,1.7465643882751465,0,0.0,0,0.0,0,33.93279266357422,1,6
SH,FVD,137,378,251,251,25.1,0.23456837236881256,0.2860220968723297,3.509000062942505,4.126952648162842,0.8854140043258667,1,227,1,74,0.2948207171314741,2.0,227,0.0,0,0.0,0,0.0,0,0.0,2,7
SH,FVD,137,379,162,162,16.2,0.2815559208393097,0.4416711628437042,0.2347010225057602,0.34180134534835815,0.29447442293167114,0,-1,0,0,0.0,2.0,162,2.9930973052978516,0,0.0,0,0.0,0,6.004649639129639,1,6
SH,FVD,137,380,192,192,19.200000000000003,0.3294964134693146,0.39200708270072937,1.2835814952850342,1.5358314514160156,0.5225277543067932,0,-1,0,0,0.0,2.0,192,6.658232688903809,0,0.0,0,0.0,0,7.962161064147949,0,5
SH,FVD,137,381,376,376,37.6,0.361642062664032,0.4448869824409485,1.9595228433609009,2.480520486831665,0.5316136479377747,0,-1,1,376,1.0,2.0,376,1.1254186630249023,0,0.0,0,0.0,0,11.822709083557129,0,5
SH,FVD,137,382,217,217,21.700000000000003,0.19083286821842194,0.28289756178855896,1.3408509492874146,1.660333275794983,0.3344537317752838,0,-1,0,0,0.0,2.0,217,3.8133625984191895,0,0.0,0,0.0,0,4.6291961669921875,1,6
SH,FVD,137,383,216,216,21.6,0.36463549733161926,0.4366980493068695,2.208911180496216,2.499000072479248,0.44326046109199524,0,-1,1,211,0.9768518518518519,2.0,216,0.9603692889213562,0,0.0,0,0.0,0,4.0735063552856445,1,6
SH,FVD,137,384,155,155,15.5,0.1992414891719818,0.2635718882083893,0.38747161626815796,0.448934942483902,0.18213340640068054,0,-1,1,155,1.0,2.0,155,0.5546038150787354,0,0.0,0,0.0,0,10.894331932067871,1,6
SH,FVD,137,385,154,154,15.4,0.31300508975982666,0.36687731742858887,9.218648910522461,11.03365421295166,1.188755750656128,0,-1,1,146,0.948051948051948,2.0,154,1.5463201999664307,0,0.0,0,0.0,0,30.086448669433594,2,7
SH,FVD,137,386,246,246,24.6,0.2829076647758484,0.3510998785495758,6.93631649017334,7.933804035186768,0.9777019023895264,0,-1,0,0,0.0,2.0,246,2.0980935096740723,0,0.0,0,0.0,0,4.766969680786133,2,7
SH,FVD,137,387,383,383,38.300000000000004,0.2915096580982208,0.4044707715511322,10.1944580078125,11.595263481140137,0.9812607169151306,0,-1,1,1,0.0026109660574412533,2.0,383,1.9977389574050903,0,0.0,0,0.0,0,5.517169952392578,1,6
SH,FVD,137,388,239,239,23.900000000000002,0.24694576859474182,0.3299224376678467,3.422663450241089,4.44352912902832,0.46824678778648376,0,-1,0,0,0.0,2.0,239,2.426809072494507,0,0.0,0,0.0,0,14.677497863769531,2,7
SH,FVD,137,389,477,477,47.7,0.3053949475288391,0.44445154070854187,3.725193738937378,4.815143585205078,0.6517849564552307,0,-1,1,138,0.2893081761006289,2.0,477,0.47501179575920105,0,0.0,0,0.0,0,3.424110174179077,1,6
SH,FVD,137,390,140,140,14.0,0.38837647438049316,0.5138882994651794,9.887954711914062,11.008602142333984,1.0199013948440552,0,-1,1,140,1.0,2.0,140,0.3214253783226013,0,0.0,0,0.0,0,4.333171844482422,1,6
SH,FVD,137,391,240,240,24.0,0.24542377889156342,0.3067833185195923,1.6335903406143188,1.8859455585479736,0.5922431349754333,0,-1,0,0,0.0,2.0,240,2.959624767303467,0,0.0,0,0.0,0,11.109857559204102,0,5
SH,FVD,137,392,312,312,31.200000000000003,0.32287663221359253,0.39988037943840027,4.047292232513428,5.381091117858887,1.492988109588623,1,155,1,76,0.24358974358974358,2.0,155,0.0,0,0.0,0,0.0,0,0.0,2,7
SH,FVD,137,393,143,143,14.3,0.18715937435626984,0.23839865624904633,3.9371931552886963,4.971991062164307,0.6801846623420715,0,-1,1,143,1.0,2.0,143,0.8223428726196289,0,0.0,0,0.0,0,13.622119903564453,2,7
SH,FVD,137,394,170,170,17.0,0.4136679172515869,0.4942522346973419,5.981039047241211,6.518242835998535,0.9380232095718384,0,-1,0,0,0.0,2.0,170,3.9149794578552246,0,0.0,0,0.0,0,11.322179794311523,0,5
SH,FVD,137,395,150,150,15.0,0.14495663344860077,0.1850207895040512,0.9108622074127197,1.041420578956604,0.2406875342130661,0,-1,0,0,0.0,2.0,150,7.507874488830566,0,0.0,0,0.0,0,3.869882583618164,2,7
SH,FVD,137,396,168,168,16.8,0.41793519258499146,0.4584873616695404,4.690881729125977,5.397557735443115,0.8755674958229065,0,-1,1,39,0.23214285714285715,2.0,168,1.1342183351516724,0,0.0,0,0.0,0,2.4464831352233887,2,7
SH,FVD,137,397,210,210,21.0,0.19759981334209442,0.2482163906097412,3.3339643478393555,4.50565767288208,0.4959236979484558,0,-1,1,10,0.047619047619047616,2.0,210,1.85825514793396,0,0.0,0,0.0,0,22.538402557373047,1,6
SH,FVD,137,398,221,221,22.1,0.3269866108894348,0.4177074730396271,7.055569171905518,8.097884178161621,3.516721725463867,1,90,1,90,0.4072398190045249,2.0,90,0.0,0,0.0,0,0.0,0,0.0,0,5
SH,FVD,137,399,155,155,15.5,0.28754472732543945,0.38697123527526855,3.7378225326538086,4.9026689529418945,0.6341227889060974,0,-1,1,155,1.0,2.0,155,0.17074310779571533,0,0.0,0,0.0,0,1.6199438571929932,2,7
SH,FVD,137,400,209,209,20.900000000000002,0.2694855034351349,0.34408947825431824,1.6056199073791504,2.1589698791503906,0.5278600454330444,0,-1,0,0,0.0,2.0,209,2.322352647781372,0,0.0,0,0.0,0,5.834910869598389,2,7
SH,FVD,137,401,140,140,14.0,0.21239566802978516,0.27108678221702576,6.783390045166016,8.244832992553711,1.1277902126312256,0,-1,0,0,0.0,2.0,140,3.290587902069092,0,0.0,0,0.0,0,8.563243865966797,2,7
SH,FVD,137,402,566,566,56.6,0.2104743868112564,0.28233739733695984,2.0161824226379395,2.584986686706543,0.459735244512558,0,-1,1,53,0.09363957597173145,2.0,566,1.6814570426940918,0,0.0,0,0.0,0,0.9866244196891785,0,5
SH,FVD,137,403,139,139,13.9,0.20777297019958496,0.2562955319881439,5.687631130218506,6.522777080535889,0.6419743895530701,0,-1,1,139,1.0,2.0,139,1.6802130937576294,0,0.0,0,0.0,0,29.789714813232422,1,6
SH,FVD,137,404,241,241,24.1,0.20809093117713928,0.24811126291751862,1.1719605922698975,1.398651361465454,0.39603564143180847,0,-1,1,241,1.0,2.0,241,0.5895771384239197,0,0.0,0,0.0,0,9.281637191772461,2,7
SH,FVD,137,405,192,192,19.200000000000003,0.1554405838251114,0.20166318118572235,2.967970609664917,3.7826921939849854,0.4468245804309845,0,-1,1,192,1.0,2.0,192,1.104778528213501,0,0.0,0,0.0,0,20.128284454345703,1,6
SH,FVD,137,406,247,247,24.700000000000003,0.3561357259750366,0.41780102252960205,4.241898059844971,4.99139928817749,0.6165058612823486,0,-1,0,0,0.0,2.0,247,3.8447656631469727,0,0.0,0,0.0,0,4.068593978881836,1,6
SH,FVD,137,407,253,253,25.3,0.44586554169654846,0.6108984351158142,10.101780891418457,10.912435531616211,1.066912055015564,0,-1,1,39,0.1541501976284585,2.0,253,1.64603853225708,0,0.0,0,0.0,0,4.900018215179443,1,6
SH,FVD,137,408,158,158,15.8,0.26242759823799133,0.3518722355365753,0.8430191278457642,1.3763693571090698,0.3862816393375397,1,145,1,145,0.9177215189873418,2.0,145,0.0,0,0.0,0,0.0,0,0.0,1,6
SH,FVD,137,409,173,173,17.3,0.3309950530529022,0.3945232331752777,13.364402770996094,15.388622283935547,1.423362374305725,0,-1,1,173,1.0,2.0,173,0.7970292568206787,0,0.0,0,0.0,0,9.993525505065918,2,7
SH,FVD,137,410,202,202,20.200000000000003,0.4471299648284912,0.5513011813163757,6.890860080718994,8.711751937866211,0.9581905603408813,0,-1,0,0,0.0,2.0,202,3.4635491371154785,0,0.0,0,0.0,0,9.501195907592773,1,6
SH,FVD,137,411,184,184,18.400000000000002,0.24690242111682892,0.33360162377357483,12.01281452178955,14.032461166381836,1.2507282495498657,0,-1,1,180,0.9782608695652174,2.0,184,1.4782633781433105,0,0.0,0,0.0,0,32.247169494628906,0,5
SH,FVD,137,412,142,142,14.200000000000001,0.9767480492591858,1.1469275951385498,8.767107963562012,10.231304168701172,3.5049688816070557,1,76,1,76,0.5352112676056338,2.0,76,0.0,0,0.0,0,0.0,0,0.0,0,5
SH,FVD,137,413,180,180,18.0,0.3142060339450836,0.40974161028862,4.728569984436035,5.408502578735352,0.8678111433982849,0,-1,1,180,1.0,2.0,180,0.05759117752313614,0,0.0,0,0.0,0,0.3637782037258148,1,6
SH,FVD,137,414,222,222,22.200000000000003,0.4081096053123474,0.47454676032066345,1.7101683616638184,2.071176052093506,0.5865113735198975,0,-1,1,222,1.0,2.0,222,1.0612900257110596,0,0.0,0,0.0,0,10.987760543823242,1,6
SH,FVD,137,415,567,567,56.7,0.1351105272769928,0.18386980891227722,9.414151191711426,12.034815788269043,0.5099862217903137,0,-1,1,567,1.0,2.0,567,1.0919139385223389,0,0.0,0,0.0,0,14.435453414916992,1,6
SH,FVD,137,416,533,533,53.300000000000004,0.48341572284698486,0.6686273813247681,7.918076992034912,9.266952514648438,0.8168056011199951,0,-1,1,47,0.08818011257035648,2.0,533,1.6679352521896362,0,0.0,0,0.0,0,5.429179668426514,0,5
SH,FVD,137,417,181,181,18.1,0.30833879113197327,0.3645108640193939,3.815943479537964,5.00889253616333,0.6701962947845459,0,-1,0,0,0.0,2.0,181,2.9325003623962402,0,0.0,0,0.0,0,14.428853988647461,2,7
SH,FVD,137,418,198,198,19.8,0.41617345809936523,0.5691534876823425,5.274974346160889,6.466042995452881,0.8221287727355957,0,-1,1,198,1.0,2.0,198,0.2284628301858902,0,0.0,0,0.0,0,1.1576555967330933,2,7
SH,FVD,137,419,133,133,13.3,0.34865522384643555,0.45626455545425415,2.022508382797241,2.406604766845703,0.9057044386863708,0,-1,1,103,0.7744360902255639,2.0,133,1.5378230810165405,0,0.0,0,0.0,0,29.944793701171875,1,6
SH,FVD,137,420,132,132,13.200000000000001,0.37768810987472534,0.44729745388031006,1.38301420211792,2.419520378112793,0.898926317691803,0,-1,1,132,1.0,2.0,132,0.8813198804855347,0,0.0,0,0.0,0,8.503665924072266,0,5
SH,FVD,137,421,140,140,14.0,0.2692614495754242,0.3058352470397949,5.5826239585876465,6.779882907867432,1.0305099487304688,0,-1,1,41,0.29285714285714287,2.0,140,1.9492359161376953,0,0.0,0,0.0,0,33.1176872253418,0,5
SH,FVD,137,422,417,417,41.7,0.37511253356933594,0.5237881541252136,2.414400100708008,2.839931011199951,1.297275424003601,1,231,1,208,0.4988009592326139,2.0,231,0.0,0,0.0,0,0.0,0,0.0,1,6
SH,FVD,137,423,186,186,18.6,0.38295671343803406,0.4973657727241516,5.08465576171875,5.877904415130615,0.9583683609962463,0,-1,1,94,0.5053763440860215,2.0,186,1.155625343322754,0,0.0,0,0.0,0,7.070139408111572,0,5
SH,FVD,137,424,209,209,20.900000000000002,0.14979642629623413,0.1996891051530838,5.923892974853516,7.195577621459961,0.7756895422935486,0,-1,1,209,1.0,2.0,209,1.0018500089645386,0,0.0,0,0.0,0,18.07823371887207,0,5
SH,FVD,137,425,215,215,21.5,0.289607971906662,0.35712188482284546,0.9808046817779541,1.2007501125335693,0.4221872389316559,0,-1,0,0,0.0,2.0,215,2.499552011489868,0,0.0,0,0.0,0,2.6735401153564453,1,6
SH,FVD,137,426,613,613,61.300000000000004,0.3010983467102051,0.38554564118385315,10.587611198425293,11.863932609558105,1.0654205083847046,1,474,1,53,0.0864600326264274,2.0,474,0.0,0,0.0,0,0.0,0,0.0,0,5
SH,FVD,137,427,224,224,22.400000000000002,0.40779343247413635,0.5518831014633179,3.1197738647460938,4.216002464294434,0.6236878037452698,0,-1,1,224,1.0,2.0,224,1.0026350021362305,0,0.0,0,0.0,0,3.0697379112243652,0,5
SH,FVD,137,428,171,171,17.1,0.29535165429115295,0.41146332025527954,2.3919262886047363,2.784050703048706,1.7188268899917603,1,40,1,40,0.23391812865497075,2.0,40,0.0,0,0.0,0,0.0,0,0.0,0,5
SH,FVD,137,429,317,317,31.700000000000003,0.4690330922603607,0.692545473575592,7.368783473968506,8.525833129882812,1.626492977142334,1,275,1,275,0.8675078864353313,2.0,275,0.0,0,0.0,0,0.0,0,0.0,2,7
SH,FVD,137,430,150,150,15.0,0.2793002128601074,0.38053613901138306,2.6068053245544434,3.2302839756011963,0.4332043528556824,0,-1,0,0,0.0,2.0,150,4.388582706451416,0,0.0,0,0.0,0,7.10490608215332,0,5
SH,FVD,137,431,721,721,72.10000000000001,0.18867436051368713,0.22829462587833405,3.8404128551483154,4.834529399871826,0.4004916250705719,0,-1,1,681,0.9445214979195562,2.0,721,0.9252268671989441,0,0.0,0,0.0,0,9.43530559539795,2,7
SH,FVD,137,432,912,912,91.2,0.2740415632724762,0.34433144330978394,3.223823308944702,4.457533836364746,0.5174660086631775,0,-1,1,236,0.25877192982456143,2.0,912,1.6312967538833618,0,0.0,0,0.0,0,11.889089584350586,1,6
SH,FVD,137,433,248,248,24.8,0.3383830189704895,0.40821999311447144,7.628751277923584,8.287141799926758,0.7656881809234619,0,-1,0,0,0.0,2.0,248,2.0221800804138184,0,0.0,0,0.0,0,4.970870494842529,1,6
SH,FVD,137,434,158,158,15.8,0.22636239230632782,0.291607141494751,0.43789780139923096,0.6053146123886108,0.3190310001373291,0,-1,0,0,0.0,2.0,158,4.599216461181641,0,0.0,0,0.0,0,2.559709310531616,2,7
SH,FVD,137,435,202,202,20.200000000000003,0.26340755820274353,0.3268579840660095,4.339142799377441,5.452866077423096,0.6980372667312622,0,-1,1,87,0.4306930693069307,2.0,202,1.3388409614562988,0,0.0,0,0.0,0,3.4765708446502686,2,7
SH,FVD,137,436,1005,1005,100.5,0.21563850343227386,0.2852073311805725,2.7314395904541016,3.085456371307373,2.194493055343628,1,537,1,537,0.5343283582089552,2.0,537,0.0,0,0.0,0,0.0,0,0.0,0,5
SH,FVD,137,437,787,787,78.7,0.28845250606536865,0.36149612069129944,104.4944076538086,138.43617248535156,3.810763120651245,0,-1,0,0,0.0,2.0,787,2.3073410987854004,0,0.0,0,0.0,0,2.825503349304199,2,7
SH,FVD,137,438,222,222,22.200000000000003,0.2112429141998291,0.23913826048374176,5.595875263214111,8.488704681396484,1.0196048021316528,0,-1,1,81,0.36486486486486486,2.0,222,1.2239102125167847,0,0.0,0,0.0,0,11.622379302978516,2,7
SH,FVD,137,439,166,166,16.6,0.4750205874443054,0.5817230939865112,14.872843742370605,17.865638732910156,1.8353124856948853,0,-1,1,6,0.03614457831325301,2.0,166,1.8189765214920044,0,0.0,0,0.0,0,5.785986423492432,1,6
SH,FVD,137,440,1236,1236,123.60000000000001,0.29038217663764954,0.40877413749694824,5.875587463378906,7.446547985076904,2.2655091285705566,1,628,1,295,0.23867313915857605,2.0,628,0.0,0,0.0,0,0.0,0,0.0,1,6
SH,FVD,137,441,173,173,17.3,0.34862640500068665,0.40434589982032776,2.3861732482910156,2.8979125022888184,0.6550506353378296,0,-1,1,173,1.0,2.0,173,0.20522341132164001,0,0.0,0,0.0,0,0.9201321005821228,0,5
SH,FVD,137,442,309,309,30.900000000000002,0.19046831130981445,0.23478171229362488,6.206305027008057,6.822521686553955,0.46348220109939575,0,-1,1,309,1.0,2.0,309,0.8652136325836182,0,0.0,0,0.0,0,21.11668586730957,1,6
SH,FVD,137,443,171,171,17.1,0.1392146646976471,0.19444440305233002,3.685828924179077,5.546319484710693,0.6985804438591003,0,-1,0,0,0.0,2.0,171,2.0181868076324463,0,0.0,0,0.0,0,44.56437301635742,1,6
SH,FVD,137,444,186,186,18.6,0.5017914175987244,0.6111117601394653,2.1507019996643066,2.8893179893493652,0.5051804184913635,0,-1,0,0,0.0,2.0,186,3.0561165809631348,0,0.0,0,0.0,0,4.541982173919678,1,6
SH,FVD,137,445,175,175,17.5,0.32775095105171204,0.38711628317832947,10.685413360595703,12.988838195800781,1.190349817276001,0,-1,1,175,1.0,2.0,175,1.8181440830230713,0,0.0,0,0.0,0,16.400104522705078,1,6
SH,FVD,137,446,174,174,17.400000000000002,0.3390883207321167,0.46139198541641235,3.1301887035369873,3.7973690032958984,1.0734081268310547,1,92,1,75,0.43103448275862066,2.0,92,0.0,0,0.0,0,0.0,0,0.0,2,7
SH,FVD,137,447,278,278,27.8,0.3534544110298157,0.4255625009536743,3.731879949569702,4.403855323791504,1.9241400957107544,1,104,1,46,0.16546762589928057,2.0,104,0.0,0,0.0,0,0.0,0,0.0,1,6
SH,FVD,137,448,142,142,14.200000000000001,0.3265781104564667,0.4807617962360382,0.6775740385055542,0.9303808808326721,0.402157723903656,0,-1,0,0,0.0,2.0,142,2.316096305847168,0,0.0,0,0.0,0,2.2164812088012695,1,6
SH,FVD,137,449,212,212,21.200000000000003,0.5207967162132263,0.6457712054252625,2.1115190982818604,2.5851166248321533,0.5731945633888245,0,-1,0,0,0.0,2.0,212,2.5792696475982666,0,0.0,0,0.0,0,4.373291015625,1,6
SH,FVD,137,450,257,257,25.700000000000003,0.1836247593164444,0.24391259253025055,2.472510576248169,3.2250919342041016,0.3551711440086365,0,-1,1,257,1.0,2.0,257,0.7550698518753052,0,0.0,0,0.0,0,9.816795349121094,2,7
SH,FVD,137,451,162,162,16.2,0.3469199538230896,0.4032335877418518,5.180712699890137,6.015204429626465,0.6248416900634766,0,-1,0,0,0.0,2.0,162,3.4986467361450195,0,0.0,0,0.0,0,3.1157033443450928,2,7
SH,FVD,137,452,573,573,57.300000000000004,0.18143300712108612,0.2515823543071747,6.944972515106201,7.473404407501221,1.86892569065094,1,339,1,339,0.5916230366492147,2.0,339,0.0,0,0.0,0,0.0,0,0.0,1,6
SH,FVD,137,453,188,188,18.8,0.2961243689060211,0.3676877021789551,10.084698677062988,12.128463745117188,1.1076792478561401,0,-1,0,0,0.0,2.0,188,3.802288770675659,0,0.0,0,0.0,0,30.201629638671875,2,7
SH,FVD,137,454,295,295,29.5,0.4293372333049774,0.5213264226913452,12.14133071899414,13.039676666259766,0.8725405931472778,0,-1,0,0,0.0,2.0,295,4.426790237426758,0,0.0,0,0.0,0,12.6746826171875,0,5
SH,FVD,137,455,158,158,15.8,0.3379480838775635,0.42758700251579285,4.1130218505859375,4.887444019317627,0.9884898662567139,0,-1,0,0,0.0,2.0,158,3.9405574798583984,0,0.0,0,0.0,0,68.90982055664062,0,5
SH,FVD,137,456,394,394,39.400000000000006,0.28037479519844055,0.3667616844177246,3.1404762268066406,3.9724621772766113,0.4238753318786621,1,384,1,31,0.07868020304568528,2.0,384,0.0,0,0.0,0,0.0,0,0.0,1,6
SH,FVD,137,457,221,221,22.1,0.3123260736465454,0.3973883390426636,8.623560905456543,11.763324737548828,1.3954553604125977,0,-1,0,0,0.0,2.0,221,3.367152452468872,0,0.0,0,0.0,0,7.928005695343018,1,6
SH,FVD,137,458,152,152,15.200000000000001,0.586697518825531,0.705673098564148,12.9435453414917,14.65243148803711,1.3559330701828003,0,-1,0,0,0.0,2.0,152,3.0034265518188477,0,0.0,0,0.0,0,26.31162452697754,2,7
SH,FVD,137,459,207,207,20.700000000000003,0.25492650270462036,0.3362634479999542,9.046141624450684,10.172358512878418,0.556666374206543,0,-1,1,207,1.0,2.0,207,1.232552170753479,0,0.0,0,0.0,0,7.830540657043457,1,6
SH,FVD,137,460,430,430,43.0,0.2399502843618393,0.3104330599308014,3.886396646499634,5.964475154876709,1.6662569046020508,1,381,1,381,0.8860465116279069,2.0,381,0.0,0,0.0,0,0.0,0,0.0,1,6
SH,FVD,137,461,389,389,38.900000000000006,0.3504442274570465,0.4963712692260742,11.057716369628906,13.005989074707031,0.7569695115089417,0,-1,0,0,0.0,2.0,389,2.9625515937805176,0,0.0,0,0.0,0,6.634319305419922,0,5
SH,FVD,137,462,442,442,44.2,0.19900788366794586,0.29483935236930847,3.4430646896362305,4.1698760986328125,0.38214415311813354,0,-1,1,305,0.6900452488687783,2.0,442,0.2562497854232788,0,0.0,0,0.0,0,1.418967843055725,1,6
SH,FVD,137,463,183,183,18.3,0.16681960225105286,0.21428349614143372,2.8518545627593994,3.2570409774780273,0.34205514192581177,0,-1,1,130,0.7103825136612022,2.0,183,0.37469398975372314,0,0.0,0,0.0,0,1.9051400423049927,1,6
SH,FVD,137,464,408,408,40.800000000000004,0.15719279646873474,0.2027706503868103,1.611814022064209,1.9667562246322632,0.4000881314277649,0,-1,1,347,0.8504901960784313,2.0,408,0.6421694755554199,0,0.0,0,0.0,0,3.1341922283172607,0,5
SH,FVD,137,465,167,167,16.7,0.2995954155921936,0.397761732339859,10.413552284240723,12.294231414794922,1.298582673072815,0,-1,0,0,0.0,2.0,167,3.762664794921875,0,0.0,0,0.0,0,2.0850229263305664,1,6
SH,FVD,137,466,220,220,22.0,0.4966874122619629,0.6096232533454895,3.2044525146484375,3.952277421951294,0.9295346140861511,0,-1,0,0,0.0,2.0,220,2.572700262069702,0,0.0,0,0.0,0,7.809305667877197,1,6
SH,FVD,137,467,170,170,17.0,0.4305305480957031,0.5155683159828186,14.831872940063477,17.40513038635254,1.6216305494308472,0,-1,1,3,0.01764705882352941,2.0,170,1.9508943557739258,0,0.0,0,0.0,0,5.643369674682617,1,6
SH,FVD,137,468,155,155,15.5,0.39053890109062195,0.5008040070533752,11.034104347229004,12.755951881408691,1.5079642534255981,0,-1,0,0,0.0,2.0,155,2.0938167572021484,0,0.0,0,0.0,0,5.080779075622559,0,5
SH,FVD,137,469,204,204,20.400000000000002,0.3785072863101959,0.4923914968967438,39.603389739990234,48.20301818847656,4.12669038772583,0,-1,1,204,1.0,2.0,204,0.8300157189369202,0,0.0,0,0.0,0,21.64424705505371,1,6
SH,FVD,137,470,293,293,29.3,0.2832420766353607,0.35814282298088074,9.551944732666016,11.433367729187012,0.8810215592384338,0,-1,0,0,0.0,2.0,293,2.7746458053588867,0,0.0,0,0.0,0,4.04190731048584,0,5
SH,FVD,137,471,451,451,45.1,0.29066577553749084,0.41729506850242615,7.920567035675049,9.400843620300293,0.8675087094306946,1,440,1,47,0.10421286031042129,2.0,440,0.0,0,0.0,0,0.0,0,0.0,1,6
SH,FVD,137,472,362,362,36.2,0.22855514287948608,0.2944580614566803,1.6025930643081665,1.8956536054611206,0.3172875642776489,0,-1,1,61,0.1685082872928177,2.0,362,0.8746744394302368,0,0.0,0,0.0,0,0.8886860609054565,1,6
SH,FVD,137,473,319,319,31.900000000000002,0.2983272671699524,0.3915065824985504,10.555242538452148,12.595320701599121,1.3894431591033936,1,317,1,53,0.16614420062695925,2.0,317,0.0,0,0.0,0,0.0,0,0.0,0,5
SH,FVD,137,474,174,174,17.400000000000002,0.4807032346725464,0.734760582447052,8.717774391174316,9.65195369720459,0.9542439579963684,0,-1,0,0,0.0,2.0,174,2.2980844974517822,0,0.0,0,0.0,0,24.024669647216797,0,5
SH,FVD,137,475,147,147,14.700000000000001,0.2619633972644806,0.33138900995254517,2.6300840377807617,3.7964634895324707,0.7062098979949951,0,-1,1,55,0.3741496598639456,2.0,147,1.279601812362671,0,0.0,0,0.0,0,8.29726505279541,1,6
SH,FVD,137,476,154,154,15.4,0.37364545464515686,0.5073477029800415,1.436070442199707,1.9077585935592651,0.524785041809082,0,-1,1,43,0.2792207792207792,2.0,154,1.7103219032287598,0,0.0,0,0.0,0,3.346092462539673,0,5
SH,FVD,137,477,157,157,15.700000000000001,0.22101812064647675,0.27228111028671265,0.8519900441169739,1.0254278182983398,0.24248698353767395,0,-1,1,150,0.9554140127388535,2.0,157,1.5128085613250732,0,0.0,0,0.0,0,9.952658653259277,0,5
SH,FVD,137,478,207,207,20.700000000000003,0.4347202181816101,0.5819290280342102,2.456098794937134,3.67319917678833,1.1879918575286865,1,119,1,114,0.5507246376811594,2.0,119,0.0,0,0.0,0,0.0,0,0.0,2,7
SH,FVD,137,479,183,183,18.3,0.40755683183670044,0.5230302810668945,7.566647052764893,8.62995719909668,1.0152089595794678,0,-1,1,25,0.1366120218579235,2.0,183,1.5631211996078491,0,0.0,0,0.0,0,7.711815357208252,2,7
SH,FVD,137,480,333,333,33.300000000000004,0.4891774356365204,0.6123396754264832,1.9807803630828857,2.921525001525879,0.8176133632659912,0,-1,1,333,1.0,2.0,333,0.42210710048675537,0,0.0,0,0.0,0,2.1965019702911377,0,5
SH,FVD,137,481,436,436,43.6,0.32234007120132446,0.40419670939445496,3.5995736122131348,4.674723148345947,0.6721712946891785,0,-1,1,160,0.3669724770642202,2.0,436,1.1498252153396606,0,0.0,0,0.0,0,1.760389804840088,2,7
SH,FVD,137,482,179,179,17.900000000000002,0.275930792093277,0.3618897795677185,2.26469087600708,3.624760866165161,0.7625923156738281,0,-1,0,0,0.0,2.0,179,3.9643948078155518,0,0.0,0,0.0,0,2.2563958168029785,2,7
SH,FVD,137,483,188,188,18.8,0.1912105232477188,0.2499866932630539,12.426374435424805,14.98916244506836,1.3994522094726562,0,-1,1,188,1.0,2.0,188,0.5830654501914978,0,0.0,0,0.0,0,15.901498794555664,0,5
SH,FVD,137,484,597,597,59.7,0.533516526222229,0.6838533878326416,11.29720401763916,12.59741497039795,7.4819722175598145,1,119,1,119,0.19932998324958123,2.0,119,0.0,0,0.0,0,0.0,0,0.0,2,7
SH,FVD,137,485,153,153,15.3,0.3387220501899719,0.44206464290618896,1.0955373048782349,1.2905336618423462,0.3655342757701874,0,-1,1,153,1.0,2.0,153,0.5295681357383728,0,0.0,0,0.0,0,6.383796215057373,1,6
SH,FVD,137,486,230,230,23.0,0.3021416664123535,0.409260094165802,8.724587440490723,9.738489151000977,2.576517105102539,1,110,1,110,0.4782608695652174,2.0,110,0.0,0,0.0,0,0.0,0,0.0,1,6
SH,FVD,137,487,868,868,86.80000000000001,0.3082306981086731,0.4139350950717926,12.951022148132324,16.14384651184082,3.341837167739868,1,557,1,343,0.3951612903225806,2.0,557,0.0,0,0.0,0,0.0,0,0.0,0,5
SH,FVD,137,488,145,145,14.5,0.40183424949645996,0.4811011850833893,9.300466537475586,11.298657417297363,1.4521870613098145,0,-1,0,0,0.0,2.0,145,2.5910348892211914,0,0.0,0,0.0,0,7.85128927230835,1,6
SH,FVD,137,489,316,316,31.6,0.2547367811203003,0.3210342824459076,1.8602099418640137,2.1724133491516113,0.5354152917861938,1,282,1,185,0.5854430379746836,2.0,282,0.0,0,0.0,0,0.0,0,0.0,1,6
SH,FVD,137,490,210,210,21.0,0.2233300656080246,0.31020739674568176,6.767504692077637,9.575215339660645,1.1139044761657715,0,-1,0,0,0.0,2.0,210,3.956707239151001,0,0.0,0,0.0,0,3.103865146636963,2,7
SH,FVD,137,491,147,147,14.700000000000001,0.3237878382205963,0.4619711637496948,0.7903965711593628,0.9084426760673523,0.3937174379825592,0,-1,1,20,0.1360544217687075,2.0,147,1.0508460998535156,0,0.0,0,0.0,0,1.0768564939498901,2,7
SH,FVD,137,492,181,181,18.1,0.2233870029449463,0.2825111746788025,1.7577037811279297,1.9126719236373901,0.302335649728775,0,-1,0,0,0.0,2.0,181,3.9923253059387207,0,0.0,0,0.0,0,6.655313014984131,0,5
SH,FVD,137,493,157,157,15.700000000000001,0.4977891743183136,0.6218189597129822,3.109806776046753,4.10480260848999,0.7626662850379944,0,-1,1,157,1.0,2.0,157,0.3334764540195465,0,0.0,0,0.0,0,3.1203298568725586,1,6
SH,FVD,137,494,151,151,15.100000000000001,0.2479349821805954,0.3167785406112671,1.6198993921279907,2.5419108867645264,0.5371153354644775,0,-1,1,151,1.0,2.0,151,0.5799798369407654,0,0.0,0,0.0,0,3.644002676010132,2,7
SH,FVD,137,495,494,494,49.400000000000006,0.40140122175216675,0.526418149471283,2.633559226989746,3.0821192264556885,0.6420810222625732,1,379,1,306,0.6194331983805668,2.0,379,0.0,0,0.0,0,0.0,0,0.0,2,7
SH,FVD,137,496,132,132,13.200000000000001,0.18787649273872375,0.21458865702152252,4.4853644371032715,6.237511157989502,1.0941030979156494,0,-1,1,132,1.0,2.0,132,1.103348731994629,0,0.0,0,0.0,0,24.988910675048828,1,6
SH,FVD,137,497,310,310,31.0,0.4069773554801941,0.5107183456420898,8.48779010772705,10.631243705749512,1.3274593353271484,0,-1,0,0,0.0,2.0,310,2.0201828479766846,0,0.0,0,0.0,0,8.871964454650879,0,5
SH,FVD,137,498,239,239,23.900000000000002,0.3181171119213104,0.3834042251110077,8.654834747314453,10.266202926635742,1.0525057315826416,0,-1,1,126,0.5271966527196653,2.0,239,0.9307379722595215,0,0.0,0,0.0,0,3.37101674079895,1,6
SH,FVD,137,499,215,215,21.5,0.2101680487394333,0.28886470198631287,2.0343103408813477,2.324251413345337,0.2687782347202301,1,195,1,195,0.9069767441860465,2.0,195,0.0,0,0.0,0,0.0,0,0.0,2,7
SH,FVD,137,500,222,222,22.200000000000003,0.22708089649677277,0.3045352101325989,2.681337594985962,3.4556872844696045,0.4019487202167511,0,-1,0,0,0.0,2.0,222,3.626652956008911,0,0.0,0,0.0,0,3.692932605743408,0,5
SH,FVD,137,501,327,327,32.7,0.3121078610420227,0.4175192713737488,2.086151599884033,2.675915479660034,0.6464941501617432,0,-1,1,327,1.0,2.0,327,0.7201608419418335,0,0.0,0,0.0,0,7.2471747398376465,0,5
SH,FVD,137,502,1595,1595,159.5,0.33699554204940796,0.41150927543640137,4.08029842376709,4.809638023376465,1.9726154804229736,1,231,1,231,0.14482758620689656,2.0,231,0.0,0,0.0,0,0.0,0,0.0,2,7
SH,FVD,137,503,323,323,32.300000000000004,0.21977278590202332,0.2546466588973999,3.315735101699829,4.3390092849731445,0.6430673599243164,0,-1,1,323,1.0,2.0,323,0.8992668390274048,0,0.0,0,0.0,0,15.902495384216309,2,7
SH,FVD,137,504,257,257,25.700000000000003,0.42074888944625854,0.5643190145492554,3.821031332015991,4.523548126220703,1.183948040008545,0,-1,0,0,0.0,2.0,257,2.9557693004608154,0,0.0,0,0.0,0,9.066539764404297,0,5
SH,FVD,137,505,263,263,26.3,0.17967694997787476,0.21564680337905884,1.8957507610321045,2.379081964492798,0.3274029493331909,0,-1,0,0,0.0,2.0,263,3.9287922382354736,0,0.0,0,0.0,0,6.41342306137085,0,5
SH,FVD,137,506,363,363,36.300000000000004,0.26123303174972534,0.36545947194099426,3.2844839096069336,3.446864128112793,1.7163856029510498,1,33,1,33,0.09090909090909091,2.0,33,0.0,0,0.0,0,0.0,0,0.0,0,5
SH,FVD,137,507,140,140,14.0,0.25725558400154114,0.3244014382362366,1.604875087738037,2.194847345352173,0.5005406141281128,0,-1,1,66,0.4714285714285714,2.0,140,1.4798927307128906,0,0.0,0,0.0,0,3.6373002529144287,1,6
SH,FVD,137,508,438,438,43.800000000000004,0.3837071657180786,0.4562489986419678,4.7971343994140625,5.300852298736572,0.7692350149154663,0,-1,1,372,0.8493150684931506,2.0,438,1.4823957681655884,0,0.0,0,0.0,0,23.644502639770508,1,6
SH,FVD,137,509,266,266,26.6,0.5065195560455322,0.6984326243400574,30.092945098876953,41.54890823364258,3.247695207595825,0,-1,0,0,0.0,2.0,266,3.159202814102173,0,0.0,0,0.0,0,8.690827369689941,2,7
SH,FVD,137,510,135,135,13.5,0.25852102041244507,0.307091623544693,11.524598121643066,14.932044982910156,2.317373514175415,0,-1,0,0,0.0,2.0,135,3.128100872039795,0,0.0,0,0.0,0,72.56602478027344,0,5
SH,FVD,137,511,216,216,21.6,0.16706031560897827,0.20330214500427246,1.1437325477600098,1.564577579498291,0.28858721256256104,0,-1,1,27,0.125,2.0,216,1.967991828918457,0,0.0,0,0.0,0,13.408952713012695,2,7
SH,FVD,137,512,139,139,13.9,0.34738636016845703,0.42279163002967834,3.8777730464935303,4.586055278778076,0.5601403713226318,0,-1,0,0,0.0,2.0,139,5.744138717651367,0,0.0,0,0.0,0,11.21789264678955,2,7
SH,FVD,137,513,143,143,14.3,0.15704572200775146,0.19004425406455994,1.1953890323638916,1.4476631879806519,0.17958733439445496,0,-1,1,143,1.0,2.0,143,1.0318270921707153,0,0.0,0,0.0,0,10.061958312988281,0,5
SH,FVD,137,514,191,191,19.1,0.10584668815135956,0.13067516684532166,3.183248996734619,4.21457576751709,0.4352729320526123,0,-1,1,191,1.0,2.0,191,0.9971023201942444,0,0.0,0,0.0,0,8.481362342834473,0,5
SH,FVD,137,515,259,259,25.900000000000002,0.21754182875156403,0.2830560803413391,13.388274192810059,16.430130004882812,1.0997710227966309,0,-1,0,0,0.0,2.0,259,2.4859209060668945,0,0.0,0,0.0,0,49.46004104614258,1,6
SH,FVD,137,516,188,188,18.8,0.3872154653072357,0.43501928448677063,1.9492030143737793,2.225168228149414,0.42653053998947144,0,-1,1,17,0.09042553191489362,2.0,188,1.560056447982788,0,0.0,0,0.0,0,11.39721965789795,1,6
SH,FVD,137,517,135,135,13.5,0.3006593883037567,0.39104706048965454,2.7080440521240234,3.1930370330810547,0.981185257434845,1,70,1,70,0.5185185185185185,2.0,70,0.0,0,0.0,0,0.0,0,0.0,1,6
SH,FVD,137,518,285,285,28.5,0.3771834671497345,0.45913416147232056,8.773563385009766,10.13012981414795,1.568762183189392,0,-1,1,252,0.8842105263157894,2.0,285,1.3800233602523804,0,0.0,0,0.0,0,20.684762954711914,1,6
SH,FVD,137,519,840,840,84.0,0.2614549398422241,0.3275212347507477,9.857208251953125,11.27613639831543,0.8122797012329102,0,-1,1,840,1.0,2.0,840,0.31119847297668457,0,0.0,0,0.0,0,6.562633991241455,0,5
SH,FVD,137,520,215,215,21.5,0.411820650100708,0.49909526109695435,14.36009693145752,16.27429962158203,1.2198374271392822,0,-1,0,0,0.0,2.0,215,3.343125343322754,0,0.0,0,0.0,0,6.949286460876465,0,5
SH,FVD,137,521,141,141,14.100000000000001,0.5657938718795776,0.6400683522224426,10.815281867980957,12.901350021362305,1.5643527507781982,0,-1,0,0,0.0,2.0,141,2.2339398860931396,0,0.0,0,0.0,0,8.135018348693848,0,5
SH,FVD,137,522,185,185,18.5,0.3128318786621094,0.40761038661003113,3.3789219856262207,4.622899532318115,0.5515604615211487,0,-1,1,185,1.0,2.0,185,1.093937635421753,0,0.0,0,0.0,0,15.312758445739746,0,5
SH,FVD,137,523,165,165,16.5,0.25903844833374023,0.338929146528244,3.6701292991638184,4.016800403594971,0.47422245144844055,0,-1,0,0,0.0,2.0,165,2.811616897583008,0,0.0,0,0.0,0,4.0280303955078125,1,6
SH,FVD,137,524,136,136,13.600000000000001,0.21220652759075165,0.25087082386016846,1.4199249744415283,2.248119831085205,0.7063931822776794,0,-1,1,54,0.39705882352941174,2.0,136,1.486323595046997,0,0.0,0,0.0,0,14.313813209533691,2,7
SH,FVD,137,525,904,904,90.4,0.24736535549163818,0.32129836082458496,28.698272705078125,34.59871292114258,0.8364182710647583,0,-1,0,0,0.0,2.0,904,3.3046727180480957,0,0.0,0,0.0,0,2.6209876537323,1,6
SH,FVD,137,526,194,194,19.400000000000002,0.48572567105293274,0.5657959580421448,6.682262420654297,7.735696315765381,4.370492935180664,1,30,1,30,0.15463917525773196,2.0,30,0.0,0,0.0,0,0.0,0,0.0,1,6
SH,FVD,137,527,385,385,38.5,0.34644514322280884,0.4857911467552185,15.906389236450195,17.583545684814453,1.1480118036270142,0,-1,0,0,0.0,2.0,385,2.842341661453247,0,0.0,0,0.0,0,7.607707977294922,2,7
SH,FVD,137,528,144,144,14.4,0.354244202375412,0.42043575644493103,3.9558613300323486,4.523698329925537,1.6883783340454102,1,62,1,62,0.4305555555555556,2.0,62,0.0,0,0.0,0,0.0,0,0.0,2,7
SH,FVD,137,529,193,193,19.3,0.4028923213481903,0.5560871958732605,6.350531101226807,7.86661434173584,0.8755473494529724,0,-1,1,8,0.04145077720207254,2.0,193,1.7525513172149658,0,0.0,0,0.0,0,16.130586624145508,2,7
SH,FVD,137,530,170,170,17.0,0.41759803891181946,0.532776951789856,8.177166938781738,11.047355651855469,1.231706142425537,0,-1,1,170,1.0,2.0,170,1.5047498941421509,0,0.0,0,0.0,0,28.245235443115234,2,7
SH,FVD,137,531,205,205,20.5,0.28177541494369507,0.42304110527038574,1.0928795337677002,1.3862993717193604,0.5022124648094177,1,182,1,182,0.8878048780487805,2.0,182,0.0,0,0.0,0,0.0,0,0.0,0,5
SH,FVD,137,532,277,277,27.700000000000003,0.36246949434280396,0.4753146767616272,5.071797847747803,6.3718438148498535,0.7117644548416138,0,-1,1,200,0.7220216606498195,2.0,277,1.3941785097122192,0,0.0,0,0.0,0,14.729846000671387,0,5
SH,FVD,137,533,185,185,18.5,0.2721254527568817,0.33506420254707336,8.506156921386719,9.954278945922852,0.9279366135597229,0,-1,0,0,0.0,2.0,185,2.592012882232666,0,0.0,0,0.0,0,5.713683128356934,1,6
SH,FVD,137,534,199,199,19.900000000000002,0.14873600006103516,0.1717187911272049,2.575550079345703,2.8867292404174805,0.24989019334316254,0,-1,0,0,0.0,2.0,199,2.7414300441741943,0,0.0,0,0.0,0,22.764429092407227,2,7
SH,FVD,137,535,160,160,16.0,0.3997960686683655,0.524239718914032,2.2008864879608154,2.918815851211548,0.6836180686950684,0,-1,1,160,1.0,2.0,160,0.9493081569671631,0,0.0,0,0.0,0,5.452929973602295,1,6
SH,FVD,137,536,197,197,19.700000000000003,0.30156373977661133,0.4029104709625244,2.369678020477295,3.9077231884002686,0.9084658622741699,0,-1,1,197,1.0,2.0,197,1.302115559577942,0,0.0,0,0.0,0,9.048343658447266,0,5
SH,FVD,137,537,221,221,22.1,0.3373365104198456,0.43696853518486023,2.890753984451294,3.6238210201263428,0.8889126777648926,0,-1,1,124,0.5610859728506787,2.0,221,0.660653293132782,0,0.0,0,0.0,0,3.8052401542663574,2,7
SH,FVD,137,538,140,140,14.0,0.21113221347332,0.2641827166080475,5.098299026489258,6.09487247467041,0.7738688588142395,0,-1,0,0,0.0,2.0,140,2.2503459453582764,0,0.0,0,0.0,0,25.307296752929688,2,7
SH,FVD,137,539,329,329,32.9,0.5157207250595093,0.7127155065536499,2.818340539932251,3.244352102279663,0.6619662642478943,1,293,1,155,0.47112462006079026,2.0,293,0.0,0,0.0,0,0.0,0,0.0,0,5
SH,FVD,137,540,183,183,18.3,0.10722842067480087,0.13372036814689636,4.373143196105957,5.153890132904053,0.35443803668022156,0,-1,1,183,1.0,2.0,183,0.8276752829551697,0,0.0,0,0.0,0,8.162978172302246,0,5
SH,FVD,137,541,155,155,15.5,0.381054550409317,0.4654330611228943,5.182390213012695,6.282390594482422,2.809004068374634,1,121,1,121,0.7806451612903226,2.0,121,0.0,0,0.0,0,0.0,0,0.0,1,6
SH,FVD,137,542,140,140,14.0,0.5450232625007629,0.743671178817749,10.004379272460938,11.899964332580566,1.5952638387680054,0,-1,0,0,0.0,2.0,140,3.7686238288879395,0,0.0,0,0.0,0,4.22081184387207,0,5
SH,FVD,137,543,207,207,20.700000000000003,0.4010942280292511,0.4722740650177002,6.957478046417236,8.333270072937012,1.2105885744094849,0,-1,0,0,0.0,2.0,207,2.6366403102874756,0,0.0,0,0.0,0,5.059056282043457,0,5
SH,FVD,137,544,1538,1538,153.8,0.4021436274051666,0.5762322545051575,5.870975017547607,6.261100769042969,4.038969039916992,1,229,1,229,0.14889466840052015,2.0,229,0.0,0,0.0,0,0.0,0,0.0,0,5
SH,FVD,137,545,605,605,60.5,0.31772950291633606,0.4057609736919403,10.241302490234375,10.880951881408691,5.873583793640137,1,128,1,43,0.07107438016528926,2.0,128,0.0,0,0.0,0,0.0,0,0.0,0,5
SH,FVD,137,546,433,433,43.300000000000004,0.33075234293937683,0.44896402955055237,1.993843674659729,2.3956856727600098,0.4832727611064911,0,-1,1,433,1.0,2.0,433,0.3028614819049835,0,0.0,0,0.0,0,4.634047985076904,2,7
SH,FVD,137,547,239,239,23.900000000000002,0.3486303687095642,0.5071969628334045,7.908895492553711,10.314167022705078,1.3249802589416504,0,-1,0,0,0.0,2.0,239,2.7221224308013916,0,0.0,0,0.0,0,39.8337287902832,2,7
SH,FVD,137,548,276,276,27.6,0.13785597681999207,0.1639849841594696,10.442610740661621,12.269585609436035,0.724909782409668,0,-1,1,276,1.0,2.0,276,0.6219751238822937,0,0.0,0,0.0,0,15.279457092285156,2,7
SH,FVD,137,549,388,388,38.800000000000004,0.3845764100551605,0.5651185512542725,2.509458065032959,2.861229658126831,0.5980141162872314,0,-1,1,388,1.0,2.0,388,0.4710288941860199,0,0.0,0,0.0,0,1.4951297044754028,0,5
SH,FVD,137,550,473,473,47.300000000000004,0.6433224081993103,0.7615253925323486,6.052772521972656,7.91369104385376,0.9810711741447449,0,-1,1,234,0.49471458773784355,2.0,473,1.0224947929382324,0,0.0,0,0.0,0,1.9583625793457031,0,5
SH,FVD,137,551,211,211,21.1,0.42394381761550903,0.5576819777488708,2.3832194805145264,2.78844952583313,1.4525145292282104,1,121,1,121,0.5734597156398105,2.0,121,0.0,0,0.0,0,0.0,0,0.0,2,7
SH,FVD,137,552,532,532,53.2,0.4985925853252411,0.7284594178199768,2.4938085079193115,3.011777639389038,1.160110354423523,1,390,1,277,0.5206766917293233,2.0,390,0.0,0,0.0,0,0.0,0,0.0,1,6
SH,FVD,137,553,338,338,33.800000000000004,0.2370174080133438,0.2986223101615906,1.4476219415664673,1.7390793561935425,0.43838879466056824,0,-1,1,19,0.05621301775147929,2.0,338,0.9467387795448303,0,0.0,0,0.0,0,1.4522216320037842,1,6
SH,FVD,137,554,252,252,25.200000000000003,0.20042140781879425,0.2984175682067871,3.0906105041503906,3.332512378692627,0.3878018260002136,0,-1,1,217,0.8611111111111112,2.0,252,0.8368887901306152,0,0.0,0,0.0,0,19.864948272705078,2,7
SH,FVD,137,555,153,153,15.3,0.28562214970588684,0.32587188482284546,1.3507720232009888,1.7250194549560547,0.40065714716911316,0,-1,1,153,1.0,2.0,153,0.9313414096832275,0,0.0,0,0.0,0,15.560555458068848,0,5
SH,FVD,137,556,158,158,15.8,0.5282792448997498,0.6703794598579407,2.209620475769043,2.808332920074463,0.947449803352356,0,-1,1,122,0.7721518987341772,2.0,158,1.1326712369918823,0,0.0,0,0.0,0,10.722387313842773,1,6
SH,FVD,137,557,250,250,25.0,0.27175813913345337,0.3202129006385803,3.39338755607605,3.7108471393585205,0.41895073652267456,0,-1,1,250,1.0,2.0,250,1.0308676958084106,0,0.0,0,0.0,0,17.152368545532227,2,7
SH,FVD,137,558,246,246,24.6,0.21991761028766632,0.3065463900566101,14.757516860961914,17.298669815063477,1.1640266180038452,0,-1,1,55,0.22357723577235772,2.0,246,1.9351506233215332,0,0.0,0,0.0,0,39.110103607177734,0,5
SH,FVD,137,559,779,779,77.9,0.3683905005455017,0.47256800532341003,6.909815788269043,8.575087547302246,2.871812343597412,1,523,1,523,0.6713735558408216,2.0,523,0.0,0,0.0,0,0.0,0,0.0,1,6
SH,FVD,137,560,501,501,50.1,0.30285733938217163,0.41417014598846436,2.4524478912353516,3.3427677154541016,1.0495914220809937,1,443,1,443,0.8842315369261478,2.0,443,0.0,0,0.0,0,0.0,0,0.0,1,6
SH,FVD,137,561,139,139,13.9,0.2978793978691101,0.4060385525226593,4.297962665557861,5.201253414154053,0.664175271987915,0,-1,1,139,1.0,2.0,139,0.5416159629821777,0,0.0,0,0.0,0,4.105771064758301,0,5
SH,FVD,137,562,152,152,15.200000000000001,0.20578035712242126,0.2654450237751007,1.159292221069336,1.4033716917037964,0.28677067160606384,1,120,1,44,0.2894736842105263,2.0,120,0.0,0,0.0,0,0.0,0,0.0,0,5
SH,FVD,137,563,328,328,32.800000000000004,0.2049947828054428,0.2645094692707062,12.137442588806152,13.821197509765625,0.7182124853134155,0,-1,0,0,0.0,2.0,328,2.895106554031372,0,0.0,0,0.0,0,3.7987468242645264,1,6
SH,FVD,137,564,308,308,30.8,0.4200650453567505,0.583548903465271,2.1130211353302,2.521336555480957,0.691702663898468,1,273,1,222,0.7207792207792207,2.0,273,0.0,0,0.0,0,0.0,0,0.0,0,5
SH,FVD,137,565,318,318,31.8,0.15340518951416016,0.18845689296722412,7.754379749298096,8.95897102355957,0.4281863868236542,0,-1,0,0,0.0,2.0,318,2.223607063293457,0,0.0,0,0.0,0,40.68252944946289,1,6
SH,FVD,137,566,173,173,17.3,0.21926681697368622,0.2869310677051544,3.4440114498138428,4.311130046844482,0.5482274293899536,0,-1,0,0,0.0,2.0,173,3.454258680343628,0,0.0,0,0.0,0,8.524238586425781,1,6
SH,FVD,137,567,131,131,13.100000000000001,0.1689702719449997,0.202700674533844,3.2081992626190186,4.473918437957764,0.8788360357284546,0,-1,1,131,1.0,2.0,131,0.833339273929596,0,0.0,0,0.0,0,13.144743919372559,1,6
SH,FVD,137,568,233,233,23.3,0.42683613300323486,0.5640119314193726,8.555083274841309,9.638651847839355,0.8577263951301575,0,-1,1,27,0.11587982832618025,2.0,233,1.2427585124969482,0,0.0,0,0.0,0,7.20122766494751,0,5
SH,FVD,137,569,453,453,45.300000000000004,0.2645568251609802,0.36464667320251465,4.610330581665039,5.705686569213867,0.7069749236106873,0,-1,1,453,1.0,2.0,453,0.1715761423110962,0,0.0,0,0.0,0,2.0935862064361572,2,7
SH,FVD,137,570,709,709,70.9,0.3603743016719818,0.46906790137290955,5.649229526519775,7.138678073883057,0.8374409079551697,0,-1,1,118,0.16643159379407615,2.0,709,1.7621800899505615,0,0.0,0,0.0,0,4.192673683166504,2,7
SH,FVD,137,571,158,158,15.8,0.40412208437919617,0.5329774022102356,5.482720851898193,6.073760032653809,0.8223697543144226,0,-1,1,20,0.12658227848101267,2.0,158,1.83668851852417,0,0.0,0,0.0,0,17.960269927978516,2,7
SH,FVD,137,572,168,168,16.8,0.2991839647293091,0.3696710467338562,0.5955960154533386,0.75727379322052,0.35444772243499756,0,-1,1,168,1.0,2.0,168,0.8253675699234009,0,0.0,0,0.0,0,10.125226020812988,0,5
SH,FVD,137,573,1151,1151,115.10000000000001,0.17227493226528168,0.22206014394760132,9.90734577178955,12.213847160339355,0.6032504439353943,0,-1,1,1151,1.0,2.0,1151,0.7242190837860107,0,0.0,0,0.0,0,13.307045936584473,0,5
SH,FVD,137,574,398,398,39.800000000000004,0.5868347883224487,0.7551974654197693,13.223855972290039,17.681400299072266,9.519594192504883,1,108,1,108,0.271356783919598,2.0,108,0.0,0,0.0,0,0.0,0,0.0,2,7
SH,FVD,137,575,739,739,73.9,0.17101408541202545,0.21171221137046814,28.45522117614746,35.02513885498047,1.0981112718582153,0,-1,0,0,0.0,2.0,739,2.5408473014831543,0,0.0,0,0.0,0,72.12450408935547,0,5
SH,FVD,137,576,485,485,48.5,0.2295219451189041,0.2757546007633209,9.385276794433594,10.951366424560547,0.6818282604217529,0,-1,0,0,0.0,2.0,485,2.4980123043060303,0,0.0,0,0.0,0,16.484283447265625,1,6
SH,FVD,137,577,862,862,86.2,0.23471210896968842,0.3310064971446991,4.87719202041626,5.572210311889648,1.543546199798584,1,296,1,149,0.1728538283062645,2.0,296,0.0,0,0.0,0,0.0,0,0.0,1,6
SH,FVD,137,578,136,136,13.600000000000001,0.14058978855609894,0.17694437503814697,0.19517070055007935,0.24955663084983826,0.152310311794281,0,-1,0,0,0.0,2.0,136,3.868020534515381,0,0.0,0,0.0,0,3.415581464767456,0,5
SH,FVD,137,579,232,232,23.200000000000003,0.5320227146148682,0.6287747621536255,7.490861415863037,8.455161094665527,0.9786110520362854,0,-1,0,0,0.0,2.0,232,2.9742884635925293,0,0.0,0,0.0,0,4.567803859710693,0,5
SH,FVD,137,580,302,302,30.200000000000003,0.25545400381088257,0.33491918444633484,3.280258893966675,3.86625075340271,0.5158325433731079,0,-1,1,255,0.8443708609271523,2.0,302,0.19009532034397125,0,0.0,0,0.0,0,0.833604633808136,2,7
SH,FVD,137,581,1057,1057,105.7,0.32041099667549133,0.4271514117717743,6.295168876647949,7.1681599617004395,3.1478137969970703,1,290,1,290,0.27436140018921473,2.0,290,0.0,0,0.0,0,0.0,0,0.0,1,6
SH,FVD,137,582,225,225,22.5,0.27886560559272766,0.3527827560901642,3.339154005050659,5.17911958694458,0.7999697327613831,1,47,1,38,0.1688888888888889,2.0,47,0.0,0,0.0,0,0.0,0,0.0,2,7
SH,FVD,137,583,191,191,19.1,0.33454403281211853,0.4352191090583801,6.596482753753662,8.142634391784668,0.9195792078971863,0,-1,1,53,0.2774869109947644,2.0,191,1.7883455753326416,0,0.0,0,0.0,0,6.023859977722168,1,6
SH,FVD,137,584,449,449,44.900000000000006,0.4207618236541748,0.4949769079685211,23.725961685180664,28.952043533325195,2.050374746322632,0,-1,1,12,0.026726057906458798,2.0,449,1.373143196105957,0,0.0,0,0.0,0,2.0525312423706055,2,7
SH,FVD,137,585,141,141,14.100000000000001,0.33711591362953186,0.42974960803985596,6.795222759246826,8.990996360778809,1.318716049194336,0,-1,0,0,0.0,2.0,141,2.2535476684570312,0,0.0,0,0.0,0,42.694149017333984,1,6
SH,FVD,137,586,192,192,19.200000000000003,0.2683826684951782,0.3850819170475006,3.1047279834747314,4.7131829261779785,0.6099351048469543,0,-1,1,192,1.0,2.0,192,1.1158455610275269,0,0.0,0,0.0,0,10.631353378295898,2,7
SH,FVD,137,587,182,182,18.2,0.48636555671691895,0.5599027276039124,9.978927612304688,12.063408851623535,1.3862582445144653,0,-1,0,0,0.0,2.0,182,2.3331425189971924,0,0.0,0,0.0,0,35.30986785888672,2,7
SH,FVD,137,588,186,186,18.6,0.22806188464164734,0.3116339147090912,5.615298271179199,6.347509384155273,0.8388542532920837,0,-1,1,186,1.0,2.0,186,1.3144737482070923,0,0.0,0,0.0,0,26.69198226928711,2,7
SH,FVD,137,589,1468,1468,146.8,0.24118056893348694,0.31560027599334717,9.154626846313477,11.423050880432129,0.5273177027702332,0,-1,1,736,0.5013623978201635,2.0,1468,0.5656988620758057,0,0.0,0,0.0,0,3.417083978652954,2,7
SH,FVD,137,590,351,351,35.1,0.19031378626823425,0.23368899524211884,8.603056907653809,10.14473819732666,0.5301111936569214,0,-1,0,0,0.0,2.0,351,2.1824002265930176,0,0.0,0,0.0,0,28.235158920288086,1,6
SH,FVD,137,591,154,154,15.4,0.2630636990070343,0.3376784026622772,9.095827102661133,11.232956886291504,1.4678895473480225,0,-1,1,143,0.9285714285714286,2.0,154,1.6113649606704712,0,0.0,0,0.0,0,31.912857055664062,2,7
SH,FVD,137,592,135,135,13.5,0.4325266182422638,0.5417735576629639,4.609245300292969,5.057339191436768,0.589149534702301,0,-1,1,41,0.3037037037037037,2.0,135,1.2922917604446411,0,0.0,0,0.0,0,10.223963737487793,2,7
SH,FVD,137,593,146,146,14.600000000000001,0.26102355122566223,0.3312550485134125,7.215932369232178,8.937699317932129,1.3019964694976807,0,-1,0,0,0.0,2.0,146,3.8727097511291504,0,0.0,0,0.0,0,6.183004379272461,1,6
SH,FVD,137,594,236,236,23.6,0.21816347539424896,0.2682662308216095,5.528914451599121,6.96500301361084,0.5991564393043518,0,-1,1,236,1.0,2.0,236,1.0958787202835083,0,0.0,0,0.0,0,13.588390350341797,2,7
SH,FVD,137,595,271,271,27.1,0.30848777294158936,0.3987189829349518,2.7958850860595703,3.2738840579986572,0.5626881122589111,0,-1,1,271,1.0,2.0,271,1.2863644361495972,0,0.0,0,0.0,0,21.003665924072266,2,7
SH,FVD,137,596,260,260,26.0,0.41836977005004883,0.5503190755844116,1.196208119392395,1.5152162313461304,0.5726322531700134,0,-1,0,0,0.0,2.0,260,3.951827049255371,0,0.0,0,0.0,0,4.25758171081543,0,5
SH,FVD,137,597,169,169,16.900000000000002,0.33407074213027954,0.40617069602012634,2.647270679473877,2.876194477081299,1.8000376224517822,1,42,1,42,0.2485207100591716,2.0,42,0.0,0,0.0,0,0.0,0,0.0,2,7
SH,FVD,137,598,210,210,21.0,0.25410738587379456,0.3066622018814087,11.758933067321777,14.118684768676758,1.2965425252914429,0,-1,0,0,0.0,2.0,210,2.032550573348999,0,0.0,0,0.0,0,15.457795143127441,0,5
SH,FVD,137,599,196,196,19.6,0.4207707643508911,0.5730813145637512,6.481612205505371,7.1509246826171875,2.6546480655670166,1,56,1,42,0.21428571428571427,2.0,56,0.0,0,0.0,0,0.0,0,0.0,0,5
SH,FVD,137,600,208,208,20.8,0.41374629735946655,0.4761028587818146,6.565868854522705,9.315960884094238,1.283263087272644,0,-1,1,208,1.0,2.0,208,0.9175366759300232,0,0.0,0,0.0,0,11.061772346496582,0,5
SH,FVD,137,601,261,261,26.1,0.41833236813545227,0.5467932224273682,1.505467176437378,1.7974928617477417,0.4145053029060364,1,261,1,223,0.8544061302681992,2.0,261,0.0,0,0.0,0,0.0,0,0.0,2,7
SH,FVD,137,602,589,589,58.900000000000006,0.4025993347167969,0.5030016899108887,4.321550369262695,5.176396369934082,1.3134455680847168,1,387,1,77,0.1307300509337861,2.0,387,0.0,0,0.0,0,0.0,0,0.0,0,5
SH,FVD,137,603,161,161,16.1,0.2979636490345001,0.3740183413028717,8.342096328735352,11.79359245300293,1.6198890209197998,0,-1,1,114,0.7080745341614907,2.0,161,1.8159387111663818,0,0.0,0,0.0,0,39.57820510864258,0,5
SH,FVD,137,604,161,161,16.1,0.2023882418870926,0.27858054637908936,3.558091878890991,4.350265026092529,0.5485925674438477,0,-1,0,0,0.0,2.0,161,2.3642630577087402,0,0.0,0,0.0,0,4.507782459259033,1,6
SH,FVD,137,605,132,132,13.200000000000001,0.2766522467136383,0.7115005850791931,2.8205113410949707,3.1362833976745605,0.3409569561481476,0,-1,1,6,0.045454545454545456,2.0,132,1.7178831100463867,0,0.0,0,0.0,0,1.2055318355560303,2,7
SH,FVD,137,606,176,176,17.6,0.44828176498413086,0.5962587594985962,1.6670336723327637,1.9936758279800415,0.49268415570259094,0,-1,1,12,0.06818181818181818,2.0,176,1.414019227027893,0,0.0,0,0.0,0,2.494704484939575,0,5
SH,FVD,137,607,260,260,26.0,0.26735055446624756,0.3611809015274048,8.509391784667969,9.185099601745605,0.7792385816574097,0,-1,0,0,0.0,2.0,260,2.303762674331665,0,0.0,0,0.0,0,5.9025702476501465,1,6
SH,FVD,137,608,150,150,15.0,0.23072566092014313,0.30894848704338074,6.651533603668213,7.982679843902588,0.969588041305542,0,-1,0,0,0.0,2.0,150,3.697282075881958,0,0.0,0,0.0,0,2.231417179107666,1,6
SH,FVD,137,609,423,423,42.300000000000004,0.5431976914405823,0.65342777967453,10.030234336853027,12.667976379394531,3.590466260910034,1,61,1,43,0.1016548463356974,2.0,61,0.0,0,0.0,0,0.0,0,0.0,2,7
SH,FVD,137,610,260,260,26.0,0.13023866713047028,0.17167609930038452,4.496405601501465,5.237757205963135,0.39041996002197266,0,-1,1,260,1.0,2.0,260,1.1549972295761108,0,0.0,0,0.0,0,24.156679153442383,0,5
SH,FVD,137,611,605,605,60.5,0.4164382517337799,0.5483202338218689,4.181840419769287,4.47736120223999,1.2264670133590698,1,316,1,181,0.2991735537190083,2.0,316,0.0,0,0.0,0,0.0,0,0.0,1,6
SH,FVD,137,612,259,259,25.900000000000002,0.4683295786380768,0.5951859354972839,17.90453338623047,21.000808715820312,2.7924094200134277,1,206,1,206,0.7953667953667953,2.0,206,0.0,0,0.0,0,0.0,0,0.0,2,7
SH,FVD,137,613,346,346,34.6,0.31926229596138,0.41830703616142273,5.329017162322998,6.053722858428955,2.703996181488037,1,71,1,71,0.20520231213872833,2.0,71,0.0,0,0.0,0,0.0,0,0.0,1,6
SH,FVD,137,614,431,431,43.1,0.2997933328151703,0.38101211190223694,9.559785842895508,11.302305221557617,3.4018101692199707,1,320,1,320,0.7424593967517401,2.0,320,0.0,0,0.0,0,0.0,0,0.0,0,5
SH,FVD,137,615,165,165,16.5,0.3067026436328888,0.4011981785297394,4.377702236175537,4.676186561584473,0.44050005078315735,0,-1,0,0,0.0,2.0,165,2.2776622772216797,0,0.0,0,0.0,0,10.043803215026855,2,7
SH,FVD,137,616,317,317,31.700000000000003,0.18108820915222168,0.24263498187065125,1.5615684986114502,1.947391152381897,0.35394686460494995,0,-1,0,0,0.0,2.0,317,2.301147937774658,0,0.0,0,0.0,0,20.101896286010742,0,5
SH,FVD,137,617,181,181,18.1,0.2968254089355469,0.38540786504745483,1.9415528774261475,2.623976469039917,0.5130918622016907,0,-1,1,181,1.0,2.0,181,0.4827023446559906,0,0.0,0,0.0,0,9.785945892333984,1,6
SH,FVD,137,618,176,176,17.6,0.2359684556722641,0.27984970808029175,5.024516582489014,6.668649673461914,0.7562433481216431,0,-1,0,0,0.0,2.0,176,4.579185962677002,0,0.0,0,0.0,0,19.809797286987305,2,7
SH,FVD,137,619,151,151,15.100000000000001,0.28496357798576355,0.41064149141311646,2.5435991287231445,3.6123127937316895,0.6726005673408508,1,146,1,146,0.9668874172185431,2.0,146,0.0,0,0.0,0,0.0,0,0.0,0,5
SH,FVD,137,620,394,394,39.400000000000006,0.3348463773727417,0.4570152163505554,5.337096214294434,5.980334281921387,0.9506633877754211,1,306,1,146,0.37055837563451777,2.0,306,0.0,0,0.0,0,0.0,0,0.0,1,6
SH,FVD,137,621,207,207,20.700000000000003,0.3405025601387024,0.42803746461868286,1.9857393503189087,2.3481197357177734,0.5289729237556458,0,-1,1,207,1.0,2.0,207,1.1974958181381226,0,0.0,0,0.0,0,8.46602725982666,1,6
SH,FVD,137,622,186,186,18.6,0.36655277013778687,0.43861228227615356,2.057349681854248,2.467369318008423,0.6962167024612427,0,-1,0,0,0.0,2.0,186,3.00925350189209,0,0.0,0,0.0,0,36.89442443847656,0,5
SH,FVD,137,623,162,162,16.2,0.11340516060590744,0.14068901538848877,2.224371910095215,3.056222915649414,0.4251552224159241,0,-1,0,0,0.0,2.0,162,4.184866905212402,0,0.0,0,0.0,0,71.26245880126953,0,5
SH,FVD,137,624,205,205,20.5,0.28414300084114075,0.3454761803150177,1.6501606702804565,1.8327091932296753,0.4373157322406769,0,-1,1,6,0.02926829268292683,2.0,205,1.7527904510498047,0,0.0,0,0.0,0,9.989984512329102,1,6
SH,FVD,137,625,146,146,14.600000000000001,0.3814834952354431,0.5190292000770569,2.773287534713745,3.5254383087158203,0.7850271463394165,0,-1,1,146,1.0,2.0,146,0.8887453675270081,0,0.0,0,0.0,0,9.709774017333984,2,7
SH,FVD,137,626,177,177,17.7,0.31180599331855774,0.4372663199901581,1.3662245273590088,1.6142470836639404,0.482785701751709,0,-1,1,177,1.0,2.0,177,0.3163389563560486,0,0.0,0,0.0,0,1.8259886503219604,1,6
SH,FVD,137,627,323,323,32.300000000000004,0.7115317583084106,0.9919071793556213,24.153287887573242,28.583070755004883,2.7886719703674316,0,-1,0,0,0.0,2.0,323,5.737425804138184,0,0.0,0,0.0,0,16.064247131347656,2,7
SH,FVD,137,628,228,228,22.8,0.32359781861305237,0.4199718236923218,0.778413712978363,0.9942097663879395,0.36238569021224976,0,-1,1,228,1.0,2.0,228,0.8401749134063721,0,0.0,0,0.0,0,3.2548530101776123,0,5
SH,FVD,137,629,330,330,33.0,0.27346569299697876,0.3341537415981293,1.5175786018371582,1.834059715270996,0.3652578592300415,0,-1,1,42,0.12727272727272726,2.0,330,1.7402645349502563,0,0.0,0,0.0,0,7.482614994049072,1,6
SH,FVD,137,630,286,286,28.6,0.15142421424388885,0.22487126290798187,31.685148239135742,38.62580871582031,2.5746219158172607,0,-1,1,286,1.0,2.0,286,1.145267367362976,0,0.0,0,0.0,0,32.08100891113281,0,5
SH,FVD,137,631,472,472,47.2,0.2628645896911621,0.3465527296066284,2.2867014408111572,2.597771644592285,0.5156617164611816,1,470,1,30,0.0635593220338983,2.0,470,0.0,0,0.0,0,0.0,0,0.0,0,5
SH,FVD,137,632,163,163,16.3,0.25820738077163696,0.3279806673526764,3.8883557319641113,4.327561855316162,0.4735907018184662,0,-1,1,118,0.7239263803680982,2.0,163,0.03503855690360069,0,0.0,0,0.0,0,0.0866868868470192,2,7
SH,FVD,137,633,174,174,17.400000000000002,0.4313644468784332,0.7049470543861389,4.864360332489014,5.9085283279418945,1.0779082775115967,0,-1,0,0,0.0,2.0,174,2.993678331375122,0,0.0,0,0.0,0,6.540896415710449,1,6
SH,FVD,137,634,308,308,30.8,0.3521853983402252,0.4228329658508301,4.6362786293029785,5.547266483306885,1.2049319744110107,1,235,1,114,0.37012987012987014,2.0,235,0.0,0,0.0,0,0.0,0,0.0,1,6
SH,FVD,137,635,281,281,28.1,0.27156034111976624,0.3170173168182373,4.579605579376221,5.371400833129883,0.6264903545379639,0,-1,1,281,1.0,2.0,281,1.004101276397705,0,0.0,0,0.0,0,8.247560501098633,2,7
SH,FVD,137,636,157,157,15.700000000000001,0.09233888983726501,0.126823291182518,1.0084710121154785,1.3993878364562988,0.2970264256000519,0,-1,1,157,1.0,2.0,157,1.5965484380722046,0,0.0,0,0.0,0,30.739282608032227,2,7
SH,FVD,137,637,154,154,15.4,0.45449358224868774,0.5522023439407349,10.158803939819336,11.645294189453125,1.3158173561096191,0,-1,1,12,0.07792207792207792,2.0,154,1.6450042724609375,0,0.0,0,0.0,0,5.680976867675781,0,5
SH,FVD,137,638,227,227,22.700000000000003,0.31560811400413513,0.38849538564682007,3.4347994327545166,4.286355018615723,0.7741090059280396,0,-1,0,0,0.0,2.0,227,5.482391357421875,0,0.0,0,0.0,0,9.929230690002441,1,6
SH,FVD,137,639,152,152,15.200000000000001,0.13051149249076843,0.1921006143093109,5.359412670135498,6.057073593139648,0.5167803764343262,0,-1,1,152,1.0,2.0,152,0.8097304105758667,0,0.0,0,0.0,0,15.076729774475098,1,6
SH,FVD,137,640,213,213,21.3,0.30273348093032837,0.43425604701042175,5.284998416900635,5.959537029266357,1.511886477470398,1,64,1,64,0.3004694835680751,2.0,64,0.0,0,0.0,0,0.0,0,0.0,1,6
SH,FVD,137,641,400,400,40.0,0.4918261766433716,0.649256706237793,6.73138427734375,7.440953731536865,5.534857749938965,1,85,1,85,0.2125,2.0,85,0.0,0,0.0,0,0.0,0,0.0,1,6
SH,FVD,137,642,188,188,18.8,0.17924493551254272,0.2194506824016571,4.207684516906738,5.162614345550537,0.3950117826461792,0,-1,0,0,0.0,2.0,188,2.616816520690918,0,0.0,0,0.0,0,37.22629928588867,2,7
SH,FVD,137,643,160,160,16.0,0.31674593687057495,0.42545199394226074,9.275073051452637,11.171440124511719,1.0272538661956787,0,-1,1,160,1.0,2.0,160,1.1904581785202026,0,0.0,0,0.0,0,19.231855392456055,2,7
SH,FVD,137,644,207,207,20.700000000000003,0.1876985877752304,0.277584433555603,10.174765586853027,11.55393123626709,0.8133531212806702,0,-1,1,207,1.0,2.0,207,0.3230927586555481,0,0.0,0,0.0,0,5.530357837677002,2,7
SH,FVD,137,645,227,227,22.700000000000003,0.2390647679567337,0.30345383286476135,1.3802144527435303,1.722320795059204,0.3666810095310211,0,-1,1,207,0.9118942731277533,2.0,227,1.4918044805526733,0,0.0,0,0.0,0,8.383267402648926,2,7
SH,FVD,137,646,192,192,19.200000000000003,0.09279712289571762,0.172685444355011,8.506972312927246,10.658294677734375,1.0639538764953613,0,-1,1,3,0.015625,2.0,192,1.9646707773208618,0,0.0,0,0.0,0,41.47570037841797,0,5
SH,FVD,137,647,228,228,22.8,0.2581404149532318,0.30493679642677307,3.501734733581543,4.120359420776367,0.47687089443206787,0,-1,1,228,1.0,2.0,228,1.2911598682403564,0,0.0,0,0.0,0,22.092493057250977,1,6
SH,FVD,137,648,236,236,23.6,0.23873518407344818,0.30652186274528503,4.245544910430908,5.019888401031494,0.9695842266082764,0,-1,0,0,0.0,2.0,236,3.802856922149658,0,0.0,0,0.0,0,13.401104927062988,0,5
SH,FVD,137,649,184,184,18.400000000000002,0.3705381751060486,0.5006728172302246,8.976629257202148,11.134296417236328,0.9729750156402588,0,-1,1,40,0.21739130434782608,2.0,184,0.003943934105336666,0,0.0,0,0.0,0,0.018008291721343994,1,6
SH,FVD,137,650,156,156,15.600000000000001,0.32008734345436096,0.4198133051395416,5.804348468780518,6.4822187423706055,0.5599969029426575,0,-1,1,67,0.42948717948717946,2.0,156,1.3651034832000732,0,0.0,0,0.0,0,5.289906978607178,0,5
SH,FVD,137,651,177,177,17.7,0.28248873353004456,0.3517078459262848,2.112595796585083,2.3178634643554688,0.4419322609901428,0,-1,0,0,0.0,2.0,177,2.038994789123535,0,0.0,0,0.0,0,14.652557373046875,2,7
SH,FVD,137,652,329,329,32.9,0.27135494351387024,0.340425968170166,4.3281073570251465,5.578675270080566,0.4396398365497589,0,-1,1,298,0.9057750759878419,2.0,329,0.7194541096687317,0,0.0,0,0.0,0,3.141782760620117,1,6
SH,FVD,137,653,155,155,15.5,0.2155108004808426,0.26517254114151,4.077622890472412,4.439846038818359,0.48544061183929443,0,-1,0,0,0.0,2.0,155,2.4183876514434814,0,0.0,0,0.0,0,6.5506391525268555,2,7
SH,FVD,137,654,1169,1169,116.9,0.379997193813324,0.530975341796875,4.916715145111084,6.261812686920166,1.107278823852539,1,912,1,509,0.4354148845166809,2.0,912,0.0,0,0.0,0,0.0,0,0.0,2,7
SH,FVD,137,655,247,247,24.700000000000003,0.28686410188674927,0.3626526892185211,2.914189577102661,3.7604477405548096,0.8225885629653931,0,-1,1,195,0.7894736842105263,2.0,247,1.3435590267181396,0,0.0,0,0.0,0,8.780860900878906,2,7
SH,FVD,137,656,157,157,15.700000000000001,0.3727344572544098,0.5093465447425842,1.2464286088943481,1.758925437927246,0.3319775462150574,0,-1,1,157,1.0,2.0,157,1.153358817100525,0,0.0,0,0.0,0,8.62032413482666,0,5
SH,FVD,137,657,140,140,14.0,0.20774835348129272,0.24771863222122192,6.068943023681641,7.814430236816406,1.1181433200836182,0,-1,1,64,0.45714285714285713,2.0,140,1.7639204263687134,0,0.0,0,0.0,0,39.67873001098633,1,6
SH,FVD,137,658,252,252,25.200000000000003,0.35583406686782837,0.42834216356277466,16.346288681030273,18.7945613861084,1.1983742713928223,0,-1,1,252,1.0,2.0,252,0.3895137906074524,0,0.0,0,0.0,0,7.49492883682251,0,5
SH,FVD,137,659,156,156,15.600000000000001,0.41742804646492004,0.5939441919326782,2.6604878902435303,2.960155487060547,0.5747429132461548,0,-1,1,9,0.057692307692307696,2.0,156,1.5326838493347168,0,0.0,0,0.0,0,2.7828097343444824,1,6
SH,FVD,137,660,656,656,65.60000000000001,0.18900996446609497,0.24963635206222534,21.371793746948242,25.27541732788086,0.8684447407722473,0,-1,0,0,0.0,2.0,656,3.056938886642456,0,0.0,0,0.0,0,3.5384397506713867,1,6
SH,FVD,137,661,266,266,26.6,0.2186800092458725,0.2773360013961792,8.476557731628418,11.117281913757324,0.7415337562561035,0,-1,0,0,0.0,2.0,266,2.393345355987549,0,0.0,0,0.0,0,45.306373596191406,2,7
SH,FVD,137,662,704,704,70.4,0.25450584292411804,0.36594054102897644,4.346709251403809,5.0093207359313965,0.4615997076034546,0,-1,1,46,0.06534090909090909,2.0,704,1.5543670654296875,0,0.0,0,0.0,0,3.1592793464660645,1,6
SH,FVD,137,663,133,133,13.3,0.20659984648227692,0.27432531118392944,0.4366578459739685,0.5083708763122559,0.20059901475906372,0,-1,0,0,0.0,2.0,133,3.9272265434265137,0,0.0,0,0.0,0,4.40275764465332,2,7
SH,FVD,137,664,151,151,15.100000000000001,0.4406808912754059,0.6755707263946533,1.4486751556396484,2.8236663341522217,0.8649348616600037,0,-1,1,151,1.0,2.0,151,0.7607108950614929,0,0.0,0,0.0,0,7.5364837646484375,1,6
SH,FVD,137,665,191,191,19.1,0.34139934182167053,0.41296955943107605,2.169990301132202,2.5732736587524414,0.7920615077018738,0,-1,1,191,1.0,2.0,191,0.8182226419448853,0,0.0,0,0.0,0,19.778907775878906,2,7
SH,FVD,137,666,132,132,13.200000000000001,0.35601040720939636,0.4122192859649658,5.909048557281494,6.8588056564331055,0.7762898802757263,0,-1,0,0,0.0,2.0,132,2.0766422748565674,0,0.0,0,0.0,0,35.945762634277344,0,5
SH,FVD,137,667,499,499,49.900000000000006,0.1385568380355835,0.17183777689933777,9.616477012634277,13.067991256713867,0.6377899646759033,0,-1,1,499,1.0,2.0,499,0.9497835040092468,0,0.0,0,0.0,0,16.980369567871094,2,7
SH,FVD,137,668,225,225,22.5,0.1997295618057251,0.25892120599746704,2.8486714363098145,3.2041866779327393,0.5790029168128967,0,-1,1,225,1.0,2.0,225,1.0451258420944214,0,0.0,0,0.0,0,12.04690170288086,0,5
SH,FVD,137,669,253,253,25.3,0.21749545633792877,0.28438180685043335,7.96995210647583,9.386181831359863,0.5459804534912109,0,-1,0,0,0.0,2.0,253,7.07183837890625,0,0.0,0,0.0,0,7.90243673324585,2,7
SH,FVD,137,670,450,450,45.0,0.4110872447490692,0.5665022134780884,6.747444152832031,7.438897132873535,2.836210012435913,1,88,1,88,0.19555555555555557,2.0,88,0.0,0,0.0,0,0.0,0,0.0,1,6
SH,FVD,137,671,307,307,30.700000000000003,0.35327810049057007,0.4438565671443939,4.160102844238281,4.874122142791748,0.48072680830955505,0,-1,1,76,0.247557003257329,2.0,307,1.1245447397232056,0,0.0,0,0.0,0,3.3105804920196533,2,7
SH,FVD,137,672,144,144,14.4,0.35010746121406555,0.44915980100631714,2.0949995517730713,3.267150640487671,1.6218481063842773,1,121,1,121,0.8402777777777778,2.0,121,0.0,0,0.0,0,0.0,0,0.0,0,5
SH,FVD,137,673,301,301,30.1,0.33947518467903137,0.419796347618103,4.561733245849609,5.127686023712158,0.767869234085083,1,299,1,57,0.1893687707641196,2.0,299,0.0,0,0.0,0,0.0,0,0.0,0,5
SH,FVD,137,674,244,244,24.400000000000002,0.37694501876831055,0.45599108934402466,5.691829681396484,6.957199573516846,1.4466055631637573,1,199,1,77,0.3155737704918033,2.0,199,0.0,0,0.0,0,0.0,0,0.0,2,7
SH,FVD,137,675,151,151,15.100000000000001,0.1157083734869957,0.21179112792015076,0.8125442862510681,0.8874425888061523,0.14610394835472107,0,-1,0,0,0.0,2.0,151,2.1487932205200195,0,0.0,0,0.0,0,2.0128612518310547,2,7
SH,FVD,137,676,216,216,21.6,0.21389323472976685,0.2518059313297272,3.081545829772949,3.711188554763794,0.40955862402915955,0,-1,1,216,1.0,2.0,216,1.4126391410827637,0,0.0,0,0.0,0,30.02099609375,0,5
SH,FVD,137,677,235,235,23.5,0.285932719707489,0.3800641596317291,10.848404884338379,11.950471878051758,0.9291672110557556,0,-1,0,0,0.0,2.0,235,2.1105289459228516,0,0.0,0,0.0,0,6.503479480743408,0,5
SH,FVD,137,678,348,348,34.800000000000004,0.38136833906173706,0.45287469029426575,9.679374694824219,10.749835014343262,3.354743719100952,1,178,1,119,0.34195402298850575,2.0,178,0.0,0,0.0,0,0.0,0,0.0,0,5
SH,FVD,137,679,546,546,54.6,0.2509779632091522,0.32787784934043884,1.6575127840042114,2.1580684185028076,0.3968506455421448,0,-1,1,152,0.2783882783882784,2.0,546,1.559457540512085,0,0.0,0,0.0,0,7.4788312911987305,1,6
SH,FVD,137,680,555,555,55.5,0.4422127902507782,0.5871326327323914,9.4419527053833,10.676523208618164,2.8924477100372314,1,118,1,118,0.2126126126126126,2.0,118,0.0,0,0.0,0,0.0,0,0.0,2,7
SH,FVD,137,681,295,295,29.5,0.22458387911319733,0.28184404969215393,2.6159191131591797,3.2196602821350098,0.2907932996749878,0,-1,1,68,0.2305084745762712,2.0,295,1.6795175075531006,0,0.0,0,0.0,0,7.888065814971924,2,7
SH,FVD,137,682,156,156,15.600000000000001,0.33658120036125183,0.41788235306739807,2.109076499938965,2.3706207275390625,0.7582014203071594,1,126,1,126,0.8076923076923077,2.0,126,0.0,0,0.0,0,0.0,0,0.0,2,7
SH,FVD,137,683,696,696,69.60000000000001,0.2787131071090698,0.464876264333725,3.91603946685791,5.274783611297607,0.8450632095336914,0,-1,1,48,0.06896551724137931,2.0,696,1.725820779800415,0,0.0,0,0.0,0,15.784441947937012,2,7
SH,FVD,137,684,692,692,69.2,0.25172531604766846,0.308124303817749,9.352892875671387,11.228748321533203,0.48822566866874695,0,-1,1,195,0.2817919075144509,2.0,692,0.5976291298866272,0,0.0,0,0.0,0,2.6126954555511475,0,5
SH,FVD,137,685,261,261,26.1,0.3935849070549011,0.4601500332355499,1.8987981081008911,2.1194050312042236,0.5202617645263672,0,-1,0,0,0.0,2.0,261,2.416109561920166,0,0.0,0,0.0,0,3.512681245803833,0,5
SH,FVD,137,686,255,255,25.5,0.34744617342948914,0.4302658140659332,10.156243324279785,11.75000286102295,1.3598071336746216,0,-1,1,8,0.03137254901960784,2.0,255,1.579899549484253,0,0.0,0,0.0,0,1.6137125492095947,0,5
SH,FVD,137,687,234,234,23.400000000000002,0.2900603711605072,0.3705953061580658,3.6521852016448975,4.499568939208984,1.185492992401123,1,151,1,151,0.6452991452991453,2.0,151,0.0,0,0.0,0,0.0,0,0.0,2,7
SH,FVD,137,688,435,435,43.5,0.4411033093929291,0.5559134483337402,9.126051902770996,10.070634841918945,4.069594860076904,1,91,1,77,0.17701149425287357,2.0,91,0.0,0,0.0,0,0.0,0,0.0,2,7
SH,FVD,137,689,156,156,15.600000000000001,0.4917725920677185,0.6399515271186829,2.093780994415283,2.635890483856201,0.5689886808395386,0,-1,1,12,0.07692307692307693,2.0,156,1.7193553447723389,0,0.0,0,0.0,0,3.5107715129852295,0,5
SH,FVD,137,690,144,144,14.4,0.5874817967414856,0.868416428565979,2.4018659591674805,2.7973620891571045,0.8886860609054565,1,115,1,113,0.7847222222222222,2.0,115,0.0,0,0.0,0,0.0,0,0.0,1,6
SH,FVD,137,691,238,238,23.8,0.6856929659843445,0.9112483859062195,4.051198482513428,4.663629531860352,1.0351965427398682,0,-1,1,29,0.12184873949579832,2.0,238,1.6937774419784546,0,0.0,0,0.0,0,4.3824896812438965,2,7
SH,FVD,137,692,496,496,49.6,0.39685142040252686,0.5606110095977783,4.396467685699463,5.2010602951049805,0.7839545011520386,0,-1,1,27,0.05443548387096774,2.0,496,1.8535170555114746,0,0.0,0,0.0,0,5.840259552001953,0,5
SH,FVD,137,693,514,514,51.400000000000006,0.2516588866710663,0.3420650064945221,3.73127818107605,4.270763397216797,0.42419669032096863,0,-1,1,30,0.058365758754863814,2.0,514,1.8961858749389648,0,0.0,0,0.0,0,2.38742995262146,0,5
SH,FVD,137,694,133,133,13.3,0.1988992691040039,0.21214692294597626,4.848454475402832,6.678040981292725,1.2228251695632935,0,-1,0,0,0.0,2.0,133,2.650432586669922,0,0.0,0,0.0,0,88.1082992553711,0,5
SH,FVD,137,695,1142,1142,114.2,0.3409784734249115,0.4125381112098694,5.309305667877197,6.204805850982666,0.6210132241249084,0,-1,1,1137,0.9956217162872154,2.0,1142,1.1025702953338623,0,0.0,0,0.0,0,6.261842250823975,2,7
SH,FVD,137,696,175,175,17.5,0.20368586480617523,0.27124932408332825,3.626919746398926,4.32042932510376,0.42103010416030884,0,-1,0,0,0.0,2.0,175,2.3646368980407715,0,0.0,0,0.0,0,2.155810594558716,2,7
SH,FVD,137,697,517,517,51.7,0.13960878551006317,0.18472830951213837,5.081055641174316,6.274644374847412,0.278372585773468,0,-1,1,235,0.45454545454545453,2.0,517,0.19790242612361908,0,0.0,0,0.0,0,0.4871101379394531,2,7
SH,FVD,137,698,862,862,86.2,0.3638332486152649,0.5008184313774109,4.0138258934021,4.697376251220703,0.8781522512435913,1,753,1,58,0.06728538283062645,2.0,753,0.0,0,0.0,0,0.0,0,0.0,0,5
SH,FVD,137,699,326,326,32.6,0.38933035731315613,0.5375643968582153,4.482398986816406,4.9684953689575195,1.2364996671676636,1,154,1,117,0.3588957055214724,2.0,154,0.0,0,0.0,0,0.0,0,0.0,2,7
SH,FVD,137,700,217,217,21.700000000000003,0.6180300116539001,0.7361410856246948,5.051919460296631,6.123770236968994,1.499205231666565,1,144,1,144,0.663594470046083,2.0,144,0.0,0,0.0,0,0.0,0,0.0,0,5
SH,FVD,137,701,132,132,13.200000000000001,0.27728036046028137,0.328572154045105,1.6279643774032593,2.17510724067688,0.7353512048721313,0,-1,1,108,0.8181818181818182,2.0,132,0.9957404136657715,0,0.0,0,0.0,0,4.859897136688232,1,6
SH,FVD,137,702,220,220,22.0,0.24856631457805634,0.29803958535194397,3.313793897628784,3.852721929550171,0.5287178158760071,0,-1,0,0,0.0,2.0,220,2.584881067276001,0,0.0,0,0.0,0,5.478443622589111,2,7
SH,FVD,137,703,191,191,19.1,0.5229406952857971,0.6087319254875183,6.463027477264404,7.706522464752197,1.1855388879776,1,130,1,38,0.19895287958115182,2.0,130,0.0,0,0.0,0,0.0,0,0.0,0,5
SH,FVD,137,704,169,169,16.900000000000002,0.36084386706352234,0.43667134642601013,5.2311177253723145,6.596616744995117,0.6955568790435791,0,-1,1,126,0.7455621301775148,2.0,169,1.362144112586975,0,0.0,0,0.0,0,6.379860877990723,0,5
SH,FVD,137,705,144,144,14.4,0.38338613510131836,0.5243149995803833,3.4313879013061523,3.996044874191284,1.7809674739837646,1,93,1,93,0.6458333333333334,2.0,93,0.0,0,0.0,0,0.0,0,0.0,2,7
SH,FVD,137,706,224,224,22.400000000000002,0.11646688729524612,0.15022248029708862,1.1244291067123413,1.2933577299118042,0.29769396781921387,0,-1,1,224,1.0,2.0,224,0.6241865158081055,0,0.0,0,0.0,0,10.50046157836914,0,5
SH,FVD,137,707,199,199,19.900000000000002,0.3063896894454956,0.38015612959861755,5.844202041625977,7.121665000915527,0.6055974960327148,0,-1,1,199,1.0,2.0,199,0.5173733234405518,0,0.0,0,0.0,0,8.941019058227539,2,7
SH,FVD,137,708,148,148,14.8,0.5673195719718933,0.6876681447029114,3.8558297157287598,5.049829006195068,1.2282721996307373,1,134,1,134,0.9054054054054054,2.0,134,0.0,0,0.0,0,0.0,0,0.0,1,6
SH,FVD,137,709,273,273,27.3,0.1481756567955017,0.18816229701042175,3.3276994228363037,3.698603391647339,0.31038960814476013,0,-1,1,273,1.0,2.0,273,0.40839552879333496,0,0.0,0,0.0,0,6.423969745635986,0,5
SH,FVD,137,710,317,317,31.700000000000003,0.1947913020849228,0.26731163263320923,13.639030456542969,15.59163761138916,1.6065551042556763,1,297,1,297,0.9369085173501577,2.0,297,0.0,0,0.0,0,0.0,0,0.0,2,7
SH,FVD,137,711,263,263,26.3,0.25627240538597107,0.3574521243572235,8.484817504882812,9.689022064208984,0.8138262629508972,0,-1,0,0,0.0,2.0,263,2.5174343585968018,0,0.0,0,0.0,0,9.822776794433594,1,6
SH,FVD,137,712,187,187,18.7,0.15409740805625916,0.2125905305147171,3.5859501361846924,4.3044610023498535,0.4508064091205597,0,-1,1,187,1.0,2.0,187,0.9027499556541443,0,0.0,0,0.0,0,16.200511932373047,0,5
SH,FVD,137,713,226,226,22.6,0.2260829210281372,0.2865478992462158,4.268540859222412,4.8389482498168945,0.6100996136665344,0,-1,1,123,0.5442477876106194,2.0,226,1.6316930055618286,0,0.0,0,0.0,0,33.47185134887695,2,7
SH,FVD,137,714,175,175,17.5,0.42506644129753113,0.5230686664581299,2.5627026557922363,2.8521831035614014,0.8215417265892029,0,-1,0,0,0.0,2.0,175,2.859848737716675,0,0.0,0,0.0,0,6.240576267242432,0,5
SH,FVD,137,715,260,260,26.0,0.13152851164340973,0.16107100248336792,3.291616916656494,5.416536808013916,0.7608743906021118,0,-1,1,260,1.0,2.0,260,0.9955860376358032,0,0.0,0,0.0,0,19.38820457458496,1,6
SH,FVD,137,716,229,229,22.900000000000002,0.3651351034641266,0.5216440558433533,5.367416858673096,6.443034648895264,2.1173133850097656,1,140,1,140,0.611353711790393,2.0,140,0.0,0,0.0,0,0.0,0,0.0,0,5
SH,FVD,137,717,138,138,13.8,0.2944451570510864,0.3515559434890747,2.217949390411377,2.707622528076172,0.7197085618972778,0,-1,1,138,1.0,2.0,138,1.2229547500610352,0,0.0,0,0.0,0,15.779945373535156,2,7
SH,FVD,137,718,221,221,22.1,0.40925928950309753,0.5432143211364746,3.788464307785034,5.624820232391357,2.650592565536499,1,172,1,172,0.7782805429864253,2.0,172,0.0,0,0.0,0,0.0,0,0.0,0,5
SH,FVD,137,719,160,160,16.0,0.3853318691253662,0.5023958683013916,6.205567359924316,7.034215450286865,1.1994210481643677,0,-1,0,0,0.0,2.0,160,2.934772491455078,0,0.0,0,0.0,0,6.737896919250488,0,5
SH,FVD,137,720,245,245,24.5,0.23955367505550385,0.2875438928604126,3.843487501144409,4.813866138458252,0.4288198947906494,0,-1,1,245,1.0,2.0,245,0.4078046679496765,0,0.0,0,0.0,0,4.775872230529785,0,5
SH,FVD,137,721,296,296,29.6,0.3730538487434387,0.4267340302467346,11.165190696716309,12.34036922454834,0.8603808879852295,0,-1,1,11,0.037162162162162164,2.0,296,1.663103461265564,0,0.0,0,0.0,0,3.1585958003997803,2,7
SH,FVD,137,722,148,148,14.8,0.3477568030357361,0.4551248550415039,2.9934210777282715,3.411565065383911,0.6877164244651794,0,-1,1,146,0.9864864864864865,2.0,148,0.9323646426200867,0,0.0,0,0.0,0,4.676797866821289,2,7
SH,FVD,137,723,259,259,25.900000000000002,0.3575044274330139,0.5376772284507751,30.269756317138672,36.155303955078125,2.70389461517334,0,-1,0,0,0.0,2.0,259,4.076992034912109,0,0.0,0,0.0,0,17.888343811035156,0,5
SH,FVD,137,724,174,174,17.400000000000002,0.37902140617370605,0.4381568729877472,6.86284065246582,7.9871296882629395,0.8748425841331482,0,-1,0,0,0.0,2.0,174,3.298374891281128,0,0.0,0,0.0,0,22.47979164123535,2,7
SH,FVD,137,725,427,427,42.7,0.3432949185371399,0.4259844422340393,3.2723608016967773,3.750382423400879,1.8378524780273438,1,389,1,389,0.9110070257611241,2.0,389,0.0,0,0.0,0,0.0,0,0.0,1,6
SH,FVD,137,726,331,331,33.1,0.32220861315727234,0.42761528491973877,3.548189640045166,4.592048168182373,0.557192862033844,0,-1,0,0,0.0,2.0,331,2.0573508739471436,0,0.0,0,0.0,0,2.636884927749634,1,6
SH,FVD,137,727,196,196,19.6,0.18499675393104553,0.21728986501693726,11.369718551635742,13.875497817993164,1.2412469387054443,0,-1,1,196,1.0,2.0,196,0.9910444617271423,0,0.0,0,0.0,0,13.160335540771484,1,6
SH,FVD,137,728,204,204,20.400000000000002,0.20854273438453674,0.24102871119976044,4.378623008728027,5.076075077056885,0.6326858401298523,0,-1,0,0,0.0,2.0,204,3.7348341941833496,0,0.0,0,0.0,0,35.879398345947266,2,7
SH,FVD,137,729,190,190,19.0,0.2906219959259033,0.4193915128707886,3.921945571899414,4.206650733947754,1.277929663658142,1,46,1,39,0.20526315789473684,2.0,46,0.0,0,0.0,0,0.0,0,0.0,0,5
SH,FVD,137,730,378,378,37.800000000000004,0.1781240999698639,0.230237677693367,2.63861083984375,3.1398489475250244,0.3504795432090759,0,-1,1,378,1.0,2.0,378,0.6688584089279175,0,0.0,0,0.0,0,10.506071090698242,1,6
SH,FVD,137,731,251,251,25.1,0.2310124933719635,0.28009235858917236,12.409690856933594,13.814860343933105,0.8470713496208191,0,-1,1,251,1.0,2.0,251,1.0435500144958496,0,0.0,0,0.0,0,17.76706314086914,0,5
SH,FVD,137,732,257,257,25.700000000000003,0.1483817845582962,0.2016490250825882,3.9116532802581787,5.11887788772583,0.4047362208366394,0,-1,1,98,0.38132295719844356,2.0,257,0.7175307869911194,0,0.0,0,0.0,0,5.297229290008545,2,7
SH,FVD,137,733,471,471,47.1,0.14649803936481476,0.19986370205879211,15.733542442321777,20.967164993286133,0.9971334338188171,0,-1,0,0,0.0,2.0,471,2.7078628540039062,0,0.0,0,0.0,0,55.16923141479492,2,7
SH,FVD,137,734,160,160,16.0,0.21969273686408997,0.2683868706226349,1.7973804473876953,2.185133695602417,0.2948164939880371,0,-1,0,0,0.0,2.0,160,2.5222954750061035,0,0.0,0,0.0,0,19.618343353271484,1,6
SH,FVD,137,735,379,379,37.9,0.260638952255249,0.3123827874660492,10.442760467529297,12.066367149353027,0.9521459937095642,0,-1,0,0,0.0,2.0,379,2.8551313877105713,0,0.0,0,0.0,0,22.559452056884766,2,7
SH,FVD,137,736,134,134,13.4,0.31809201836586,0.3856537938117981,2.555452585220337,2.896826982498169,0.5219321250915527,0,-1,1,134,1.0,2.0,134,1.4309444427490234,0,0.0,0,0.0,0,6.1847968101501465,1,6
SH,FVD,137,737,139,139,13.9,0.2175552248954773,0.261932373046875,5.290764331817627,6.602663040161133,0.9165688753128052,0,-1,1,139,1.0,2.0,139,0.6572723388671875,0,0.0,0,0.0,0,17.40299415588379,1,6
SH,FVD,137,738,454,454,45.400000000000006,0.3040449023246765,0.386312872171402,4.026698589324951,5.300777912139893,0.7456360459327698,0,-1,1,454,1.0,2.0,454,0.6813892126083374,0,0.0,0,0.0,0,12.044686317443848,2,7
SH,FVD,137,739,340,340,34.0,0.3180440664291382,0.38773131370544434,5.755456924438477,6.2032575607299805,0.5489258766174316,0,-1,0,0,0.0,2.0,340,4.593648910522461,0,0.0,0,0.0,0,6.547317981719971,1,6
SH,FVD,137,740,317,317,31.700000000000003,0.41989386081695557,0.5317476391792297,13.51268482208252,16.0854434967041,1.9124038219451904,0,-1,0,0,0.0,2.0,317,3.1292591094970703,0,0.0,0,0.0,0,3.353841781616211,0,5
SH,FVD,137,741,190,190,19.0,0.40472254157066345,0.5540891289710999,1.4589264392852783,1.6662378311157227,0.4608871340751648,0,-1,1,190,1.0,2.0,190,0.923770010471344,0,0.0,0,0.0,0,3.9327659606933594,1,6
SH,FVD,137,742,369,369,36.9,0.16271328926086426,0.2109116017818451,5.601792812347412,7.554546356201172,0.7318242788314819,0,-1,1,369,1.0,2.0,369,1.487809181213379,0,0.0,0,0.0,0,36.24433898925781,0,5
SH,FVD,137,743,142,142,14.200000000000001,0.20740865170955658,0.266162633895874,5.614928245544434,6.631686687469482,0.9064503908157349,0,-1,0,0,0.0,2.0,142,2.6304893493652344,0,0.0,0,0.0,0,6.131872653961182,2,7
SH,FVD,137,744,140,140,14.0,0.5887579321861267,0.7669439315795898,4.385892391204834,5.882918357849121,1.9112428426742554,1,94,1,94,0.6714285714285714,2.0,94,0.0,0,0.0,0,0.0,0,0.0,2,7
SH,FVD,137,745,508,508,50.800000000000004,0.41669145226478577,0.6186999082565308,6.447249412536621,7.692010402679443,1.0181907415390015,1,491,1,187,0.36811023622047245,2.0,491,0.0,0,0.0,0,0.0,0,0.0,0,5
SH,FVD,137,746,231,231,23.1,0.14674502611160278,0.17108438909053802,9.281891822814941,11.894796371459961,0.8546409010887146,0,-1,1,231,1.0,2.0,231,1.57539963722229,0,0.0,0,0.0,0,28.785945892333984,2,7
SH,FVD,137,747,248,248,24.8,0.3998757600784302,0.5267835855484009,3.1077208518981934,3.608549118041992,1.0657798051834106,1,223,1,104,0.41935483870967744,2.0,223,0.0,0,0.0,0,0.0,0,0.0,2,7
SH,FVD,137,748,589,589,58.900000000000006,0.2257545292377472,0.2767508924007416,6.1161885261535645,10.372733116149902,0.7977385520935059,0,-1,1,385,0.6536502546689303,2.0,589,1.0676764249801636,0,0.0,0,0.0,0,22.53687858581543,1,6
SH,FVD,137,749,143,143,14.3,0.18199406564235687,0.23187321424484253,3.07391095161438,4.5162224769592285,0.8779568672180176,0,-1,1,112,0.7832167832167832,2.0,143,1.8003058433532715,0,0.0,0,0.0,0,22.889509201049805,1,6
SH,FVD,137,750,147,147,14.700000000000001,0.43469491600990295,0.7077682614326477,1.7701667547225952,2.3149499893188477,0.9091939926147461,1,112,1,112,0.7619047619047619,2.0,112,0.0,0,0.0,0,0.0,0,0.0,0,5
SH,FVD,137,751,132,132,13.200000000000001,0.40177449584007263,0.4585942029953003,2.1760308742523193,2.413456678390503,0.4976339638233185,0,-1,1,84,0.6363636363636364,2.0,132,1.387780785560608,0,0.0,0,0.0,0,5.266077995300293,2,7
SH,FVD,137,752,162,162,16.2,0.44874489307403564,0.5306795835494995,4.22669792175293,5.432185649871826,1.974286675453186,1,152,1,152,0.9382716049382716,2.0,152,0.0,0,0.0,0,0.0,0,0.0,1,6
SH,FVD,137,753,213,213,21.3,0.3762969374656677,0.4827166795730591,1.9092402458190918,2.4078781604766846,0.44588688015937805,0,-1,0,0,0.0,2.0,213,3.0409162044525146,0,0.0,0,0.0,0,4.240652084350586,2,7
SH,FVD,137,754,476,476,47.6,0.24463973939418793,0.35227569937705994,2.7816338539123535,3.741781234741211,0.46821433305740356,0,-1,1,433,0.9096638655462185,2.0,476,1.1546932458877563,0,0.0,0,0.0,0,6.340380668640137,1,6
SH,FVD,137,755,357,357,35.7,0.39177238941192627,0.46726566553115845,4.288479328155518,5.419788360595703,0.891764223575592,0,-1,0,0,0.0,2.0,357,2.3323283195495605,0,0.0,0,0.0,0,6.250030994415283,2,7
SH,FVD,137,756,131,131,13.100000000000001,0.36212220788002014,0.3874797523021698,10.312002182006836,13.884488105773926,2.312931776046753,0,-1,1,131,1.0,2.0,131,1.287103295326233,0,0.0,0,0.0,0,41.138580322265625,2,7
SH,FVD,137,757,140,140,14.0,0.8698031902313232,1.0346368551254272,7.671270847320557,9.28548526763916,2.353386402130127,1,86,1,48,0.34285714285714286,2.0,86,0.0,0,0.0,0,0.0,0,0.0,0,5
SH,FVD,137,758,171,171,17.1,0.1945221722126007,0.24586524069309235,4.513071060180664,5.323836326599121,0.5870105624198914,0,-1,1,47,0.27485380116959063,2.0,171,1.1043510437011719,0,0.0,0,0.0,0,4.2404398918151855,2,7
SH,FVD,137,759,305,305,30.5,0.331405907869339,0.4410611391067505,2.2701003551483154,2.645578622817993,1.050630807876587,1,184,1,184,0.6032786885245902,2.0,184,0.0,0,0.0,0,0.0,0,0.0,2,7
SH,FVD,137,760,407,407,40.7,0.27451297640800476,0.3251517713069916,12.945455551147461,13.981557846069336,0.8026720881462097,0,-1,0,0,0.0,2.0,407,2.0554275512695312,0,0.0,0,0.0,0,29.36859893798828,2,7
SH,FVD,137,761,167,167,16.7,0.5337842106819153,0.6600460410118103,1.0874483585357666,1.387911319732666,0.8832805752754211,1,143,1,143,0.8562874251497006,2.0,143,0.0,0,0.0,0,0.0,0,0.0,2,7
SH,FVD,137,762,236,236,23.6,0.2944030463695526,0.36615869402885437,7.016805648803711,8.128461837768555,0.7183071970939636,0,-1,1,88,0.3728813559322034,2.0,236,1.9551748037338257,0,0.0,0,0.0,0,34.537322998046875,2,7
SH,FVD,137,763,311,311,31.1,0.37062904238700867,0.5064379572868347,3.4771976470947266,4.556381702423096,0.6886416077613831,1,284,1,167,0.5369774919614148,2.0,284,0.0,0,0.0,0,0.0,0,0.0,0,5
SH,FVD,137,764,195,195,19.5,0.3507978916168213,0.4697994589805603,2.189347743988037,2.567181348800659,0.5979124903678894,0,-1,1,88,0.4512820512820513,2.0,195,1.3148424625396729,0,0.0,0,0.0,0,2.9335861206054688,1,6
SH,FVD,137,765,516,516,51.6,0.20394748449325562,0.26879340410232544,2.689830780029297,3.100069999694824,1.4936473369598389,1,310,1,310,0.6007751937984496,2.0,310,0.0,0,0.0,0,0.0,0,0.0,2,7
SH,FVD,137,766,138,138,13.8,0.23455063998699188,0.2799166142940521,2.847968578338623,3.183910608291626,0.5072782039642334,0,-1,0,0,0.0,2.0,138,2.5245296955108643,0,0.0,0,0.0,0,8.633354187011719,0,5
SH,FVD,137,767,175,175,17.5,0.25911277532577515,0.34512802958488464,9.177176475524902,11.635035514831543,1.2542953491210938,0,-1,1,37,0.21142857142857144,2.0,175,1.565683126449585,0,0.0,0,0.0,0,18.665334701538086,1,6
SH,FVD,137,768,143,143,14.3,0.25696322321891785,0.3107038140296936,3.298483371734619,5.029035568237305,0.9635374546051025,0,-1,0,0,0.0,2.0,143,4.240511417388916,0,0.0,0,0.0,0,38.52323913574219,2,7
SH,FVD,137,769,194,194,19.400000000000002,0.2756166458129883,0.3088879883289337,4.38469123840332,5.998396873474121,1.0262904167175293,0,-1,1,139,0.7164948453608248,2.0,194,1.651310920715332,0,0.0,0,0.0,0,32.850650787353516,0,5
SH,FVD,137,770,218,218,21.8,0.2358710914850235,0.2933405637741089,7.348433971405029,9.09672737121582,1.0049693584442139,0,-1,0,0,0.0,2.0,218,3.07027530670166,0,0.0,0,0.0,0,40.52817153930664,2,7
SH,FVD,137,771,132,132,13.200000000000001,0.2942262887954712,0.3841230273246765,6.915524959564209,8.100149154663086,1.0314602851867676,0,-1,0,0,0.0,2.0,132,2.4036715030670166,0,0.0,0,0.0,0,9.294166564941406,0,5
SH,FVD,137,772,566,566,56.6,0.29245489835739136,0.3898202180862427,5.542043685913086,6.6392035484313965,1.279273271560669,1,337,1,289,0.5106007067137809,2.0,337,0.0,0,0.0,0,0.0,0,0.0,1,6
SH,FVD,137,773,454,454,45.400000000000006,0.22471179068088531,0.3008172810077667,4.37849235534668,5.771955490112305,0.7757229804992676,1,382,1,382,0.8414096916299559,2.0,382,0.0,0,0.0,0,0.0,0,0.0,0,5
SH,FVD,137,774,192,192,19.200000000000003,0.16073207557201385,0.19292667508125305,4.206591606140137,4.56128454208374,0.4110603332519531,0,-1,0,0,0.0,2.0,192,2.1295270919799805,0,0.0,0,0.0,0,32.244407653808594,1,6
SH,FVD,137,775,427,427,42.7,0.2684232294559479,0.3469555974006653,10.623932838439941,12.309808731079102,0.5887260437011719,0,-1,1,254,0.594847775175644,2.0,427,1.0689058303833008,0,0.0,0,0.0,0,27.742525100708008,0,5
SH,FVD,137,776,338,338,33.800000000000004,0.37091654539108276,0.47915175557136536,12.218709945678711,13.761427879333496,6.787753582000732,1,90,1,90,0.26627218934911245,2.0,90,0.0,0,0.0,0,0.0,0,0.0,2,7
SH,FVD,137,777,142,142,14.200000000000001,0.3611655831336975,0.4309576153755188,1.6898419857025146,1.8805347681045532,0.41732099652290344,0,-1,0,0,0.0,2.0,142,2.125765800476074,0,0.0,0,0.0,0,5.329191207885742,0,5
SH,FVD,137,778,417,417,41.7,0.33056965470314026,0.42469123005867004,2.7256484031677246,3.6398534774780273,0.6244141459465027,1,401,1,38,0.09112709832134293,2.0,401,0.0,0,0.0,0,0.0,0,0.0,0,5
SH,FVD,137,779,183,183,18.3,0.35928553342819214,0.65976881980896,5.377821445465088,6.708863258361816,0.7855513691902161,0,-1,0,0,0.0,2.0,183,3.0708205699920654,0,0.0,0,0.0,0,6.778387069702148,1,6
SH,FVD,137,780,426,426,42.6,0.29492780566215515,0.40568193793296814,1.5658857822418213,2.10634708404541,0.5383260250091553,1,424,1,223,0.5234741784037559,2.0,424,0.0,0,0.0,0,0.0,0,0.0,1,6
SH,FVD,137,781,184,184,18.400000000000002,0.1828693300485611,0.2265513837337494,3.7548232078552246,5.313211917877197,0.7473447918891907,0,-1,1,33,0.1793478260869565,2.0,184,1.7023284435272217,0,0.0,0,0.0,0,46.53374481201172,2,7
SH,FVD,137,782,533,533,53.300000000000004,0.3440924882888794,0.4492224454879761,3.8362560272216797,4.805800437927246,0.7152077555656433,1,450,1,208,0.3902439024390244,2.0,450,0.0,0,0.0,0,0.0,0,0.0,2,7
SH,FVD,137,783,202,202,20.200000000000003,0.1781330555677414,0.23124781250953674,3.4177892208099365,4.065283298492432,0.5844870209693909,0,-1,1,103,0.5099009900990099,2.0,202,1.5859451293945312,0,0.0,0,0.0,0,35.20194625854492,1,6
SH,FVD,137,784,317,317,31.700000000000003,0.3328244388103485,0.44252580404281616,11.62831974029541,13.72173023223877,1.4771201610565186,1,311,1,34,0.10725552050473186,2.0,311,0.0,0,0.0,0,0.0,0,0.0,1,6
SH,FVD,137,785,316,316,31.6,0.5364580154418945,0.7282541990280151,5.168510913848877,5.857376575469971,0.9487078785896301,0,-1,1,180,0.569620253164557,2.0,316,1.275396466255188,0,0.0,0,0.0,0,5.829181671142578,0,5
SH,FVD,137,786,168,168,16.8,0.2642141878604889,0.3321807384490967,2.3812077045440674,2.7923316955566406,0.6312249898910522,0,-1,1,20,0.11904761904761904,2.0,168,0.7514268159866333,0,0.0,0,0.0,0,1.4414186477661133,1,6
SH,FVD,137,787,212,212,21.200000000000003,0.35194888710975647,0.4188285768032074,2.118330240249634,2.8804898262023926,0.6811606884002686,0,-1,0,0,0.0,2.0,212,3.779597759246826,0,0.0,0,0.0,0,3.4314568042755127,2,7
SH,FVD,137,788,138,138,13.8,0.671417772769928,0.7898798584938049,14.026447296142578,16.093542098999023,2.913015604019165,1,109,1,109,0.7898550724637681,2.0,109,0.0,0,0.0,0,0.0,0,0.0,1,6
SH,FVD,137,789,383,383,38.300000000000004,0.22343817353248596,0.28341105580329895,5.2581915855407715,6.043637752532959,0.5439985394477844,0,-1,0,0,0.0,2.0,383,2.8148632049560547,0,0.0,0,0.0,0,9.440975189208984,1,6
SH,FVD,137,790,776,776,77.60000000000001,0.43199241161346436,0.5892388224601746,13.251763343811035,14.274699211120605,5.881450176239014,1,87,1,44,0.05670103092783505,2.0,87,0.0,0,0.0,0,0.0,0,0.0,0,5
SH,FVD,137,791,515,515,51.5,0.32292014360427856,0.41725921630859375,5.081782817840576,6.043210029602051,0.8304609060287476,0,-1,0,0,0.0,2.0,515,2.367893695831299,0,0.0,0,0.0,0,6.95810079574585,1,6
SH,FVD,137,792,153,153,15.3,0.7470055222511292,0.9874884486198425,4.781615734100342,7.4522480964660645,1.4667994976043701,0,-1,0,0,0.0,2.0,153,3.9500832557678223,0,0.0,0,0.0,0,26.773101806640625,1,6
SH,FVD,137,793,573,573,57.300000000000004,0.2419593632221222,0.29811984300613403,16.770648956298828,18.64269256591797,0.9982505440711975,0,-1,1,23,0.04013961605584642,2.0,573,1.512549638748169,0,0.0,0,0.0,0,2.8842966556549072,2,7
SH,FVD,137,794,363,363,36.300000000000004,0.3056822121143341,0.4125955104827881,4.521393775939941,5.466309547424316,0.5870828628540039,0,-1,1,363,1.0,2.0,363,0.8740328550338745,0,0.0,0,0.0,0,7.433866500854492,0,5
SH,FVD,137,795,201,201,20.1,0.282572865486145,0.35481661558151245,5.191346168518066,6.027930736541748,0.7344427704811096,0,-1,0,0,0.0,2.0,201,5.451591968536377,0,0.0,0,0.0,0,9.435258865356445,0,5
SH,FVD,137,796,400,400,40.0,0.3590632677078247,0.489342600107193,4.074962615966797,5.703422546386719,0.7447664141654968,0,-1,0,0,0.0,2.0,400,2.652960777282715,0,0.0,0,0.0,0,12.962650299072266,2,7
SH,FVD,137,797,143,143,14.3,0.4878672957420349,0.5655179619789124,6.162336826324463,6.790721893310547,0.9711499810218811,1,100,1,28,0.1958041958041958,2.0,100,0.0,0,0.0,0,0.0,0,0.0,0,5
SH,FVD,137,798,335,335,33.5,0.17808297276496887,0.22931402921676636,11.514461517333984,14.837525367736816,0.8252439498901367,0,-1,0,0,0.0,2.0,335,2.9559478759765625,0,0.0,0,0.0,0,2.557506799697876,0,5
SH,FVD,137,799,454,454,45.400000000000006,0.45578697323799133,0.544488251209259,13.295689582824707,16.283084869384766,7.366706848144531,1,176,1,176,0.3876651982378855,2.0,176,0.0,0,0.0,0,0.0,0,0.0,1,6
SH,FVD,137,800,135,135,13.5,0.2606770694255829,0.3352011740207672,1.1190232038497925,1.3559170961380005,0.5041707158088684,0,-1,1,135,1.0,2.0,135,0.5259280800819397,0,0.0,0,0.0,0,5.586235523223877,0,5
SH,FVD,137,801,158,158,15.8,0.15049143135547638,0.2135857790708542,0.6162957549095154,0.9893240928649902,0.30584463477134705,0,-1,1,96,0.6075949367088608,2.0,158,1.321394920349121,0,0.0,0,0.0,0,36.29752731323242,0,5
SH,FVD,137,802,172,172,17.2,0.3055623173713684,0.3900091350078583,11.65781021118164,13.823805809020996,1.2187538146972656,0,-1,0,0,0.0,2.0,172,2.18951678276062,0,0.0,0,0.0,0,27.891023635864258,1,6
SH,FVD,137,803,139,139,13.9,0.6292095184326172,0.8018721342086792,5.528297424316406,6.757529258728027,1.7804999351501465,1,135,1,32,0.2302158273381295,2.0,135,0.0,0,0.0,0,0.0,0,0.0,2,7
SH,FVD,137,804,162,162,16.2,0.45910000801086426,0.616258978843689,3.932162046432495,5.571097373962402,0.8506776094436646,0,-1,1,162,1.0,2.0,162,0.4744885563850403,0,0.0,0,0.0,0,6.4422478675842285,2,7
SH,FVD,137,805,133,133,13.3,0.639062225818634,1.092892050743103,5.313063621520996,6.5745849609375,1.6055834293365479,0,-1,0,0,0.0,2.0,133,2.043360471725464,0,0.0,0,0.0,0,32.69413375854492,1,6
SH,FVD,137,806,333,333,33.300000000000004,0.24134749174118042,0.31548863649368286,3.2759602069854736,3.670422077178955,0.338203489780426,0,-1,0,0,0.0,2.0,333,3.064225673675537,0,0.0,0,0.0,0,6.173351764678955,1,6
SH,FVD,137,807,592,592,59.2,0.3373192846775055,0.4585806429386139,4.243630886077881,4.800261497497559,1.7353001832962036,1,95,1,61,0.10304054054054054,2.0,95,0.0,0,0.0,0,0.0,0,0.0,2,7
SH,FVD,137,808,171,171,17.1,0.4226001501083374,0.510365903377533,5.847843170166016,6.62553071975708,0.7199631333351135,0,-1,1,24,0.14035087719298245,2.0,171,1.5289679765701294,0,0.0,0,0.0,0,4.73221492767334,0,5
SH,FVD,137,809,199,199,19.900000000000002,0.33594992756843567,0.45019423961639404,2.612858295440674,3.271488904953003,0.5404485464096069,0,-1,1,161,0.8090452261306532,2.0,199,0.8364859223365784,0,0.0,0,0.0,0,1.5945202112197876,0,5
SH,FVD,137,810,519,519,51.900000000000006,0.28733766078948975,0.3720628023147583,3.278435468673706,3.826910972595215,0.624071478843689,1,498,1,42,0.08092485549132948,2.0,498,0.0,0,0.0,0,0.0,0,0.0,0,5
SH,FVD,137,811,226,226,22.6,0.40673160552978516,0.6301256418228149,8.374835968017578,9.77490520477295,1.5175323486328125,1,81,1,81,0.3584070796460177,2.0,81,0.0,0,0.0,0,0.0,0,0.0,0,5
SH,FVD,137,812,441,441,44.1,0.4374939501285553,0.6081289649009705,5.8214826583862305,6.441343307495117,2.856428623199463,1,164,1,164,0.37188208616780044,2.0,164,0.0,0,0.0,0,0.0,0,0.0,1,6
SH,FVD,137,813,221,221,22.1,0.477575421333313,0.6132327914237976,4.846909999847412,5.891073703765869,2.793994426727295,1,98,1,98,0.4434389140271493,2.0,98,0.0,0,0.0,0,0.0,0,0.0,1,6
SH,FVD,137,814,134,134,13.4,0.3062429130077362,0.35228705406188965,1.2536237239837646,1.5948877334594727,0.7040557861328125,0,-1,0,0,0.0,2.0,134,2.961512565612793,0,0.0,0,0.0,0,6.106483459472656,2,7
SH,FVD,137,815,178,178,17.8,0.6796984672546387,0.8209017515182495,3.8478589057922363,4.814557075500488,1.6980777978897095,0,-1,0,0,0.0,2.0,178,2.2279958724975586,0,0.0,0,0.0,0,11.83130931854248,0,5
SH,FVD,137,816,242,242,24.200000000000003,0.14805692434310913,0.22771024703979492,4.050915241241455,6.272424697875977,0.5807275772094727,0,-1,1,102,0.4214876033057851,2.0,242,1.3992637395858765,0,0.0,0,0.0,0,38.69301223754883,0,5
SH,FVD,137,817,147,147,14.700000000000001,0.3328999876976013,0.41697782278060913,6.094686508178711,7.295462131500244,1.0024137496948242,0,-1,1,6,0.04081632653061224,2.0,147,1.9385185241699219,0,0.0,0,0.0,0,5.12907075881958,1,6
SH,FVD,137,818,580,580,58.0,0.2870129942893982,0.3514782190322876,6.9263834953308105,7.351198673248291,0.5037286281585693,0,-1,0,0,0.0,2.0,580,2.4109418392181396,0,0.0,0,0.0,0,8.450419425964355,0,5
SH,FVD,137,819,158,158,15.8,0.19161352515220642,0.25173816084861755,2.7020294666290283,3.009941339492798,0.3743881583213806,0,-1,1,158,1.0,2.0,158,1.346282720565796,0,0.0,0,0.0,0,25.054393768310547,1,6
SH,FVD,137,820,351,351,35.1,0.366946280002594,0.4415894150733948,14.281192779541016,15.280874252319336,0.9806027412414551,0,-1,0,0,0.0,2.0,351,2.772894859313965,0,0.0,0,0.0,0,8.41779899597168,2,7
SH,FVD,137,821,170,170,17.0,0.3520762622356415,0.46548759937286377,9.140419006347656,10.889762878417969,1.1842750310897827,0,-1,0,0,0.0,2.0,170,3.9423298835754395,0,0.0,0,0.0,0,10.512028694152832,0,5
SH,FVD,137,822,236,236,23.6,0.4065883755683899,0.5263433456420898,4.02440881729126,6.457255840301514,0.7573531866073608,0,-1,1,164,0.6949152542372882,2.0,236,0.5847901105880737,0,0.0,0,0.0,0,2.025069236755371,0,5
SH,FVD,137,823,192,192,19.200000000000003,0.40463945269584656,0.5005437135696411,7.52783203125,9.024240493774414,0.8486016392707825,0,-1,0,0,0.0,2.0,192,2.179265260696411,0,0.0,0,0.0,0,5.996405601501465,2,7
SH,FVD,137,824,147,147,14.700000000000001,0.2754913568496704,0.3341463506221771,3.032813787460327,3.5041558742523193,0.6916656494140625,0,-1,0,0,0.0,2.0,147,2.255072832107544,0,0.0,0,0.0,0,4.062952995300293,2,7
SH,FVD,137,825,1253,1253,125.30000000000001,0.2665182650089264,0.3282603323459625,11.408567428588867,12.343138694763184,10.474457740783691,1,235,1,235,0.18754988028731046,2.0,235,0.0,0,0.0,0,0.0,0,0.0,0,5
SH,FVD,137,826,155,155,15.5,0.17511090636253357,0.21733270585536957,0.36367732286453247,0.4433911144733429,0.23767898976802826,0,-1,0,0,0.0,2.0,155,3.83146333694458,0,0.0,0,0.0,0,3.175267219543457,0,5
SH,FVD,137,827,258,258,25.8,0.3568097651004791,0.4554803967475891,1.4169893264770508,1.9080913066864014,0.6107606887817383,0,-1,1,165,0.6395348837209303,2.0,258,1.2707409858703613,0,0.0,0,0.0,0,8.861254692077637,2,7
SH,FVD,137,828,202,202,20.200000000000003,0.13632453978061676,0.18074160814285278,0.2772291898727417,0.3065069317817688,0.14421813189983368,0,-1,1,202,1.0,2.0,202,0.8631028532981873,0,0.0,0,0.0,0,3.0624735355377197,2,7
SH,FVD,137,829,132,132,13.200000000000001,0.3413422703742981,0.3883495032787323,2.3715639114379883,3.2192068099975586,1.0346425771713257,1,100,1,69,0.5227272727272727,2.0,100,0.0,0,0.0,0,0.0,0,0.0,1,6
SH,FVD,137,830,143,143,14.3,0.25904303789138794,0.30024731159210205,1.493000864982605,1.8896740674972534,0.4678880274295807,0,-1,1,143,1.0,2.0,143,0.6096225380897522,0,0.0,0,0.0,0,10.008421897888184,1,6
SH,FVD,137,831,144,144,14.4,0.405691534280777,0.5142756104469299,2.1103150844573975,2.7258143424987793,0.7796481251716614,0,-1,1,130,0.9027777777777778,2.0,144,1.598381519317627,0,0.0,0,0.0,0,8.156590461730957,0,5
SH,FVD,137,832,303,303,30.3,0.3583619296550751,0.4508925676345825,14.751612663269043,17.39199447631836,1.8057239055633545,0,-1,0,0,0.0,2.0,303,3.092888355255127,0,0.0,0,0.0,0,6.898629188537598,2,7
SH,FVD,137,833,149,149,14.9,0.20315226912498474,0.25137221813201904,0.9873552918434143,1.0766100883483887,0.3664742410182953,0,-1,0,0,0.0,2.0,149,2.510845422744751,0,0.0,0,0.0,0,5.906612873077393,2,7
SH,FVD,137,834,258,258,25.8,0.5383489727973938,0.7016157507896423,15.004980087280273,16.730173110961914,1.647900938987732,0,-1,0,0,0.0,2.0,258,3.543806791305542,0,0.0,0,0.0,0,2.8316941261291504,0,5
SH,FVD,137,835,325,325,32.5,0.2507888376712799,0.3821617662906647,2.1482369899749756,2.6021528244018555,0.7797576189041138,1,178,1,178,0.5476923076923077,2.0,178,0.0,0,0.0,0,0.0,0,0.0,1,6
SH,FVD,137,836,433,433,43.300000000000004,0.26926782727241516,0.347646027803421,6.788336277008057,8.762993812561035,0.7929560542106628,0,-1,1,102,0.23556581986143188,2.0,433,1.4995821714401245,0,0.0,0,0.0,0,3.1210200786590576,2,7
SH,FVD,137,837,138,138,13.8,0.35627835988998413,0.4040118455886841,9.687877655029297,13.859478950500488,2.284289836883545,0,-1,0,0,0.0,2.0,138,3.0342257022857666,0,0.0,0,0.0,0,37.58829116821289,2,7
SH,FVD,137,838,345,345,34.5,0.20702596008777618,0.2704274356365204,3.1672236919403076,3.9026989936828613,0.6898588538169861,0,-1,1,345,1.0,2.0,345,0.5944837927818298,0,0.0,0,0.0,0,7.930375576019287,2,7
SH,FVD,137,839,276,276,27.6,0.6497020721435547,0.9411524534225464,10.383453369140625,11.710256576538086,7.442551612854004,1,78,1,78,0.2826086956521739,2.0,78,0.0,0,0.0,0,0.0,0,0.0,2,7
SH,FVD,137,840,441,441,44.1,0.36534038186073303,0.4333438575267792,13.859281539916992,16.384042739868164,1.3233014345169067,0,-1,0,0,0.0,2.0,441,2.325194835662842,0,0.0,0,0.0,0,8.103575706481934,0,5
SH,FVD,137,841,330,330,33.0,0.6066465973854065,0.7937122583389282,4.125683784484863,4.801525115966797,1.7862045764923096,1,167,1,53,0.1606060606060606,2.0,167,0.0,0,0.0,0,0.0,0,0.0,0,5
SH,FVD,137,842,176,176,17.6,0.16726374626159668,0.23333172500133514,3.0468573570251465,3.2928898334503174,0.3803940713405609,0,-1,1,152,0.8636363636363636,2.0,176,1.648934245109558,0,0.0,0,0.0,0,25.9608097076416,0,5
SH,FVD,137,843,322,322,32.2,0.41007113456726074,0.5248706936836243,3.923351526260376,4.642924785614014,1.1189942359924316,0,-1,1,50,0.15527950310559005,2.0,322,1.5567423105239868,0,0.0,0,0.0,0,4.295736789703369,1,6
SH,FVD,137,844,640,640,64.0,0.40288448333740234,0.49555012583732605,16.45647621154785,17.631380081176758,0.8979031443595886,0,-1,1,15,0.0234375,2.0,640,1.6330080032348633,0,0.0,0,0.0,0,3.8399791717529297,2,7
SH,FVD,137,845,463,463,46.300000000000004,0.40367570519447327,0.5121851563453674,4.811902046203613,5.804155349731445,3.139389753341675,1,45,1,45,0.09719222462203024,2.0,45,0.0,0,0.0,0,0.0,0,0.0,0,5
SH,FVD,137,846,379,379,37.9,0.3548116981983185,0.4761738181114197,4.333428859710693,4.87947940826416,0.5723179578781128,0,-1,1,195,0.5145118733509235,2.0,379,0.9210260510444641,0,0.0,0,0.0,0,5.050945281982422,0,5
SH,FVD,137,847,182,182,18.2,0.40215879678726196,0.5079265236854553,2.477604389190674,3.474508047103882,0.5738365650177002,0,-1,0,0,0.0,2.0,182,2.026258707046509,0,0.0,0,0.0,0,2.179550886154175,0,5
SH,FVD,137,848,337,337,33.7,0.15068046748638153,0.22459600865840912,4.440629482269287,5.672052383422852,0.41440698504447937,0,-1,1,253,0.7507418397626113,2.0,337,1.3090323209762573,0,0.0,0,0.0,0,34.612911224365234,2,7
SH,FVD,137,849,283,283,28.3,0.29113611578941345,0.35326728224754333,13.715263366699219,15.930253028869629,1.0117201805114746,0,-1,0,0,0.0,2.0,283,3.5587260723114014,0,0.0,0,0.0,0,38.66191101074219,0,5
SH,FVD,137,850,162,162,16.2,0.3563912808895111,0.4956235885620117,2.04831862449646,2.34607195854187,0.46609851717948914,0,-1,0,0,0.0,2.0,162,3.580644130706787,0,0.0,0,0.0,0,10.675641059875488,0,5
SH,FVD,137,851,159,159,15.9,0.6401023864746094,0.8383989334106445,13.064872741699219,17.20332908630371,2.512481927871704,0,-1,0,0,0.0,2.0,159,2.944047212600708,0,0.0,0,0.0,0,5.289676666259766,2,7
SH,FVD,137,852,132,132,13.200000000000001,0.39764484763145447,0.483155220746994,3.491299867630005,4.102487564086914,0.7184182405471802,0,-1,1,132,1.0,2.0,132,0.652332603931427,0,0.0,0,0.0,0,12.327863693237305,2,7
SH,FVD,137,853,153,153,15.3,0.353566437959671,0.3913325071334839,10.153855323791504,13.561360359191895,2.0176444053649902,0,-1,0,0,0.0,2.0,153,2.245680093765259,0,0.0,0,0.0,0,37.16697311401367,2,7
SH,FVD,137,854,177,177,17.7,0.25736239552497864,0.324008047580719,13.56546401977539,18.347612380981445,2.162842035293579,0,-1,1,177,1.0,2.0,177,1.0290406942367554,0,0.0,0,0.0,0,18.826005935668945,1,6
SH,FVD,137,855,162,162,16.2,0.20347967743873596,0.2515520453453064,2.9916913509368896,3.60772705078125,0.504260778427124,0,-1,1,59,0.36419753086419754,2.0,162,1.6354180574417114,0,0.0,0,0.0,0,13.717499732971191,1,6
SH,FVD,137,856,377,377,37.7,0.29807406663894653,0.3727774918079376,10.359057426452637,11.261334419250488,0.5546228885650635,0,-1,1,47,0.1246684350132626,2.0,377,1.4857079982757568,0,0.0,0,0.0,0,5.904657363891602,0,5
SH,FVD,137,857,446,446,44.6,0.38029801845550537,0.5081841349601746,9.612016677856445,10.591755867004395,0.6782843470573425,0,-1,0,0,0.0,2.0,446,4.838021278381348,0,0.0,0,0.0,0,10.155428886413574,0,5
SH,FVD,137,858,138,138,13.8,0.31050679087638855,0.3789779543876648,3.2443556785583496,4.437310218811035,1.288259506225586,0,-1,0,0,0.0,2.0,138,2.7979345321655273,0,0.0,0,0.0,0,73.34043884277344,0,5
SH,FVD,137,859,172,172,17.2,0.5515574812889099,0.7142189741134644,4.559724807739258,4.901141166687012,0.6923122406005859,0,-1,0,0,0.0,2.0,172,4.472479820251465,0,0.0,0,0.0,0,5.553407669067383,0,5
SH,FVD,137,860,215,215,21.5,0.18883450329303741,0.22589880228042603,4.678807258605957,5.924674987792969,0.5479240417480469,0,-1,1,215,1.0,2.0,215,1.6857192516326904,0,0.0,0,0.0,0,26.936452865600586,1,6
SH,FVD,137,861,239,239,23.900000000000002,0.22349722683429718,0.27748993039131165,6.723541736602783,7.544755458831787,0.6726908087730408,0,-1,0,0,0.0,2.0,239,3.001424789428711,0,0.0,0,0.0,0,4.176204204559326,0,5
SH,FVD,137,862,591,591,59.1,0.36270731687545776,0.49817222356796265,8.889766693115234,9.749394416809082,1.0447120666503906,1,554,1,43,0.0727580372250423,2.0,554,0.0,0,0.0,0,0.0,0,0.0,0,5
SH,FVD,137,863,132,132,13.200000000000001,0.17582575976848602,0.23014014959335327,1.2881163358688354,1.7442806959152222,0.4484090507030487,0,-1,1,132,1.0,2.0,132,1.0293422937393188,0,0.0,0,0.0,0,28.755786895751953,0,5
SH,FVD,137,864,169,169,16.900000000000002,0.5531818866729736,0.6740930676460266,6.114413261413574,7.5862016677856445,0.8520918488502502,0,-1,0,0,0.0,2.0,169,3.723907947540283,0,0.0,0,0.0,0,21.599760055541992,1,6
SH,FVD,137,865,161,161,16.1,0.3077841103076935,0.3601953089237213,3.7908143997192383,4.499906539916992,0.8759136199951172,0,-1,0,0,0.0,2.0,161,3.6529576778411865,0,0.0,0,0.0,0,77.72340393066406,2,7
SH,FVD,137,866,172,172,17.2,0.4796167314052582,0.574234127998352,5.962785720825195,6.670289993286133,1.2189773321151733,1,123,1,96,0.5581395348837209,2.0,123,0.0,0,0.0,0,0.0,0,0.0,1,6
SH,FVD,137,867,383,383,38.300000000000004,0.4593820869922638,0.6615310907363892,3.93772029876709,5.2192206382751465,3.4153332710266113,1,150,1,150,0.391644908616188,2.0,150,0.0,0,0.0,0,0.0,0,0.0,2,7
SH,FVD,137,868,141,141,14.100000000000001,0.3099709451198578,0.3906935453414917,16.44972801208496,20.47248649597168,2.643686294555664,0,-1,1,141,1.0,2.0,141,0.867225170135498,0,0.0,0,0.0,0,19.2348575592041,2,7
SH,FVD,137,869,229,229,22.900000000000002,0.42065003514289856,0.493622362613678,1.797656774520874,2.3389320373535156,0.46042415499687195,0,-1,1,229,1.0,2.0,229,0.9245861768722534,0,0.0,0,0.0,0,12.9342622756958,1,6
SH,FVD,137,870,271,271,27.1,0.0991426557302475,0.12294624000787735,8.034092903137207,11.088134765625,0.8720860481262207,0,-1,0,0,0.0,2.0,271,2.0134193897247314,0,0.0,0,0.0,0,37.85369873046875,0,5
SH,FVD,137,871,238,238,23.8,0.3879910409450531,0.48339417576789856,7.074477672576904,8.346061706542969,4.508054733276367,1,69,1,53,0.22268907563025211,2.0,69,0.0,0,0.0,0,0.0,0,0.0,0,5
SH,FVD,137,872,285,285,28.5,0.22352200746536255,0.28059014678001404,7.393857002258301,7.962021827697754,0.5643821358680725,0,-1,0,0,0.0,2.0,285,2.6440300941467285,0,0.0,0,0.0,0,7.487744331359863,2,7
SH,FVD,137,873,214,214,21.400000000000002,0.39381739497184753,0.4967210590839386,9.59001350402832,12.348994255065918,1.441597580909729,0,-1,0,0,0.0,2.0,214,4.70090389251709,0,0.0,0,0.0,0,14.484079360961914,0,5
SH,FVD,137,874,136,136,13.600000000000001,0.4208684265613556,0.562113344669342,2.530102014541626,3.383932113647461,0.816739559173584,1,111,1,36,0.2647058823529412,2.0,111,0.0,0,0.0,0,0.0,0,0.0,1,6
SH,FVD,137,875,268,268,26.8,0.11820809543132782,0.15262576937675476,1.5205010175704956,1.8688937425613403,0.3699077367782593,0,-1,1,268,1.0,2.0,268,1.0622780323028564,0,0.0,0,0.0,0,30.313636779785156,1,6
SH,FVD,137,876,212,212,21.200000000000003,0.39949485659599304,0.4971033036708832,16.590194702148438,19.589534759521484,1.5700788497924805,0,-1,1,97,0.45754716981132076,2.0,212,1.0096943378448486,0,0.0,0,0.0,0,10.660426139831543,1,6
SH,FVD,137,877,277,277,27.700000000000003,0.3388867974281311,0.4388163983821869,4.254096031188965,4.642187595367432,3.924022912979126,1,36,1,36,0.1299638989169675,2.0,36,0.0,0,0.0,0,0.0,0,0.0,1,6
SH,FVD,137,878,193,193,19.3,0.4500231146812439,0.5967433452606201,6.218894958496094,7.729333400726318,1.570846676826477,1,153,1,153,0.7927461139896373,2.0,153,0.0,0,0.0,0,0.0,0,0.0,1,6
SH,FVD,137,879,157,157,15.700000000000001,0.37235715985298157,0.6291977167129517,2.4034371376037598,3.5680088996887207,0.8309063911437988,1,132,1,68,0.43312101910828027,2.0,132,0.0,0,0.0,0,0.0,0,0.0,1,6
SH,FVD,137,880,131,131,13.100000000000001,0.1834566742181778,0.2531754970550537,7.910543918609619,9.653315544128418,1.3489797115325928,0,-1,1,27,0.20610687022900764,2.0,131,0.9443065524101257,0,0.0,0,0.0,0,5.469616889953613,0,5
SH,FVD,137,881,383,383,38.300000000000004,0.2696758210659027,0.33647963404655457,3.2203896045684814,3.609405755996704,0.4454859495162964,0,-1,1,383,1.0,2.0,383,0.013067423366010189,0,0.0,0,0.0,0,0.09144547581672668,0,5
SH,FVD,137,882,230,230,23.0,0.1564866304397583,0.1961795836687088,0.8131294846534729,1.0335217714309692,0.31600090861320496,0,-1,1,230,1.0,2.0,230,1.652289867401123,0,0.0,0,0.0,0,33.6039924621582,2,7
SH,FVD,137,883,139,139,13.9,0.47408241033554077,0.5609883666038513,11.17078685760498,13.364978790283203,1.8387972116470337,0,-1,0,0,0.0,2.0,139,3.795999526977539,0,0.0,0,0.0,0,4.31583833694458,0,5
SH,FVD,137,884,338,338,33.800000000000004,0.2652667462825775,0.3790813684463501,4.39337682723999,4.939139366149902,1.1836652755737305,1,242,1,73,0.21597633136094674,2.0,242,0.0,0,0.0,0,0.0,0,0.0,0,5
SH,FVD,137,885,357,357,35.7,0.2928226590156555,0.4154723584651947,32.82195281982422,50.12181854248047,3.805314540863037,0,-1,1,357,1.0,2.0,357,1.2624815702438354,0,0.0,0,0.0,0,35.478641510009766,2,7
SH,FVD,137,886,304,304,30.400000000000002,0.2754386365413666,0.3550032675266266,3.1962263584136963,3.6741833686828613,0.8982107043266296,0,-1,1,304,1.0,2.0,304,0.12629319727420807,0,0.0,0,0.0,0,1.9039080142974854,0,5
SH,FVD,137,887,162,162,16.2,0.4059581458568573,0.5515366196632385,1.4920036792755127,1.8985832929611206,0.5877146124839783,0,-1,1,162,1.0,2.0,162,0.9871199727058411,0,0.0,0,0.0,0,7.239544868469238,2,7
SH,FVD,137,888,172,172,17.2,0.2894047796726227,0.37963753938674927,12.671468734741211,15.562835693359375,1.5527900457382202,0,-1,1,172,1.0,2.0,172,0.7797820568084717,0,0.0,0,0.0,0,15.133129119873047,2,7
SH,FVD,137,889,301,301,30.1,0.20619811117649078,0.2554609477519989,7.359401702880859,8.052996635437012,0.5308179259300232,0,-1,1,301,1.0,2.0,301,1.123049020767212,0,0.0,0,0.0,0,24.452688217163086,1,6
SH,FVD,137,890,288,288,28.8,0.3386562168598175,0.45285409688949585,3.8666255474090576,4.668515682220459,1.0032368898391724,1,255,1,255,0.8854166666666666,2.0,255,0.0,0,0.0,0,0.0,0,0.0,1,6
SH,FVD,137,891,237,237,23.700000000000003,0.560949444770813,0.6743967533111572,14.718750953674316,15.997322082519531,1.3673056364059448,0,-1,0,0,0.0,2.0,237,3.2874605655670166,0,0.0,0,0.0,0,16.257465362548828,1,6
SH,FVD,137,892,510,510,51.0,0.2662655711174011,0.3784146010875702,5.2679338455200195,5.7794508934021,0.5090627670288086,0,-1,0,0,0.0,2.0,510,2.1094045639038086,0,0.0,0,0.0,0,3.786475658416748,2,7
SH,FVD,137,893,235,235,23.5,0.25767138600349426,0.3199400007724762,8.074442863464355,9.233054161071777,0.7651025652885437,0,-1,0,0,0.0,2.0,235,3.4737448692321777,0,0.0,0,0.0,0,7.843578338623047,1,6
SH,FVD,137,894,163,163,16.3,0.32975316047668457,0.3885146379470825,8.441885948181152,9.811219215393066,1.0550785064697266,0,-1,0,0,0.0,2.0,163,2.9131920337677,0,0.0,0,0.0,0,27.401607513427734,0,5
SH,FVD,137,895,309,309,30.900000000000002,0.4724646508693695,0.5883877873420715,8.973796844482422,10.27342414855957,0.8284503221511841,0,-1,1,28,0.09061488673139159,2.0,309,1.4977134466171265,0,0.0,0,0.0,0,5.041427135467529,1,6
SH,FVD,137,896,312,312,31.200000000000003,0.2846352458000183,0.33702877163887024,3.5872066020965576,4.230044364929199,0.9102217555046082,0,-1,1,5,0.016025641025641024,2.0,312,1.9274258613586426,0,0.0,0,0.0,0,11.480420112609863,2,7
SH,FVD,137,897,173,173,17.3,0.43388503789901733,0.5772461295127869,1.8218460083007812,2.6744980812072754,1.3139121532440186,1,77,1,77,0.44508670520231214,2.0,77,0.0,0,0.0,0,0.0,0,0.0,2,7
SH,FVD,137,898,397,397,39.7,0.2694337069988251,0.3802773058414459,3.796663999557495,5.329554557800293,0.6323476433753967,1,387,1,164,0.41309823677581864,2.0,387,0.0,0,0.0,0,0.0,0,0.0,1,6
SH,FVD,137,899,327,327,32.7,0.25553181767463684,0.36823734641075134,9.877741813659668,13.919321060180664,1.1760183572769165,0,-1,0,0,0.0,2.0,327,2.159449577331543,0,0.0,0,0.0,0,5.836135387420654,2,7
SH,FVD,137,900,596,596,59.6,0.1844334900379181,0.24830728769302368,12.430742263793945,15.383963584899902,0.5849037170410156,0,-1,0,0,0.0,2.0,596,2.750227928161621,0,0.0,0,0.0,0,10.123152732849121,0,5
SH,FVD,137,901,225,225,22.5,0.24440571665763855,0.3148927390575409,3.583686351776123,4.1733832359313965,0.8424953818321228,0,-1,1,208,0.9244444444444444,2.0,225,0.4110168218612671,0,0.0,0,0.0,0,3.068972110748291,1,6
SH,FVD,137,902,185,185,18.5,0.35118767619132996,0.4295099675655365,5.391589164733887,6.72193717956543,0.953924834728241,0,-1,1,115,0.6216216216216216,2.0,185,1.2757898569107056,0,0.0,0,0.0,0,5.187396049499512,2,7
SH,FVD,137,903,196,196,19.6,0.5091843605041504,0.627548098564148,6.048275470733643,7.724825859069824,1.1625837087631226,0,-1,0,0,0.0,2.0,196,2.118603467941284,0,0.0,0,0.0,0,3.0021121501922607,2,7
SH,FVD,137,904,147,147,14.700000000000001,0.2688377797603607,0.3114790916442871,1.1704411506652832,1.5642545223236084,0.49740070104599,0,-1,1,92,0.6258503401360545,2.0,147,1.4811279773712158,0,0.0,0,0.0,0,31.70073699951172,0,5
SH,FVD,137,905,465,465,46.5,0.5110129117965698,0.6733261942863464,3.41569185256958,3.7445976734161377,1.8225535154342651,1,74,1,74,0.15913978494623657,2.0,74,0.0,0,0.0,0,0.0,0,0.0,1,6
SH,FVD,137,906,198,198,19.8,0.22887276113033295,0.2840891480445862,4.776711940765381,5.462763786315918,0.42603787779808044,0,-1,1,7,0.03535353535353535,2.0,198,1.9408643245697021,0,0.0,0,0.0,0,5.67921781539917,0,5
SH,FVD,137,907,338,338,33.800000000000004,0.4332312345504761,0.5630952715873718,33.11429214477539,38.9527587890625,1.9564307928085327,0,-1,0,0,0.0,2.0,338,2.521906852722168,0,0.0,0,0.0,0,30.603517532348633,1,6
SH,FVD,137,908,404,404,40.400000000000006,0.16725555062294006,0.21673811972141266,5.881394386291504,8.452489852905273,1.1149466037750244,0,-1,1,321,0.7945544554455446,2.0,404,1.6183160543441772,0,0.0,0,0.0,0,30.564861297607422,1,6
SH,FVD,137,909,146,146,14.600000000000001,0.2981874942779541,0.35538747906684875,2.253401517868042,2.9888389110565186,0.4188194274902344,0,-1,0,0,0.0,2.0,146,9.671905517578125,0,0.0,0,0.0,0,6.436546325683594,0,5
SH,FVD,137,910,174,174,17.400000000000002,0.1521274298429489,0.19957633316516876,8.442423820495605,10.386368751525879,1.1481099128723145,0,-1,0,0,0.0,2.0,174,2.5796992778778076,0,0.0,0,0.0,0,53.89604949951172,0,5
SH,FVD,137,911,150,150,15.0,0.38232481479644775,0.44142627716064453,2.5420594215393066,3.0713448524475098,0.5683708786964417,0,-1,1,150,1.0,2.0,150,1.4901072978973389,0,0.0,0,0.0,0,14.386795043945312,2,7
SH,FVD,137,912,1480,1480,148.0,0.3869757056236267,0.5088884830474854,6.643465518951416,7.005117893218994,5.416670322418213,1,459,1,129,0.08716216216216216,2.0,459,0.0,0,0.0,0,0.0,0,0.0,1,6
SH,FVD,137,913,292,292,29.200000000000003,0.4011699855327606,0.4979907274246216,7.973872661590576,9.197151184082031,1.1581302881240845,0,-1,1,30,0.10273972602739725,2.0,292,1.4697645902633667,0,0.0,0,0.0,0,2.831533432006836,2,7
SH,FVD,137,914,225,225,22.5,0.31442105770111084,0.5878885984420776,3.8391711711883545,5.225705623626709,0.6775716543197632,0,-1,1,225,1.0,2.0,225,1.3357267379760742,0,0.0,0,0.0,0,18.727245330810547,2,7
SH,FVD,137,915,2679,2679,267.90000000000003,0.24711790680885315,0.3315112888813019,3.403560161590576,4.078150272369385,0.4051015079021454,0,-1,1,1952,0.7286300858529302,2.0,2679,0.5781248807907104,0,0.0,0,0.0,0,3.2879230976104736,2,7
SH,FVD,137,916,204,204,20.400000000000002,0.2718513607978821,0.33450305461883545,15.12353515625,18.603713989257812,1.6173607110977173,0,-1,1,98,0.4803921568627451,2.0,204,1.1288471221923828,0,0.0,0,0.0,0,12.90359878540039,0,5
SH,FVD,137,917,2008,2008,200.8,0.41607433557510376,0.5535650849342346,7.465598106384277,8.288058280944824,4.387202262878418,1,301,1,55,0.027390438247011952,2.0,301,0.0,0,0.0,0,0.0,0,0.0,2,7
SH,FVD,137,918,625,625,62.5,0.33788514137268066,0.441305547952652,4.1151299476623535,4.711140155792236,1.6561236381530762,1,342,1,199,0.3184,2.0,342,0.0,0,0.0,0,0.0,0,0.0,0,5
SH,FVD,137,919,233,233,23.3,0.18778710067272186,0.2515498101711273,6.1390700340271,6.949764728546143,0.5318899750709534,0,-1,0,0,0.0,2.0,233,6.0039567947387695,0,0.0,0,0.0,0,9.60898494720459,0,5
SH,FVD,137,920,131,131,13.100000000000001,0.49947479367256165,0.9123101234436035,1.2465734481811523,1.640552282333374,0.7875546813011169,0,-1,1,131,1.0,2.0,131,1.0105173587799072,0,0.0,0,0.0,0,9.464492797851562,1,6
SH,FVD,137,921,180,180,18.0,0.09172595292329788,0.11808126419782639,1.0762075185775757,1.643640398979187,0.28688547015190125,0,-1,0,0,0.0,2.0,180,2.0124261379241943,0,0.0,0,0.0,0,64.90153503417969,2,7
SH,FVD,137,922,198,198,19.8,0.3389471173286438,0.42658281326293945,5.98103141784668,7.010632514953613,1.0856778621673584,0,-1,1,26,0.13131313131313133,2.0,198,1.4546260833740234,0,0.0,0,0.0,0,1.9957740306854248,1,6
SH,FVD,137,923,353,353,35.300000000000004,0.1357562243938446,0.18707634508609772,5.8148674964904785,6.239279270172119,0.3234190344810486,0,-1,1,353,1.0,2.0,353,0.7817400693893433,0,0.0,0,0.0,0,5.218291282653809,0,5
SH,FVD,137,924,250,250,25.0,0.233787402510643,0.30544424057006836,15.99949836730957,18.00826644897461,1.227952480316162,0,-1,1,104,0.416,2.0,250,1.5546700954437256,0,0.0,0,0.0,0,26.171676635742188,0,5
SH,FVD,137,925,316,316,31.6,0.18983443081378937,0.23173104226589203,10.355809211730957,12.088069915771484,0.6963171362876892,0,-1,1,316,1.0,2.0,316,1.166603922843933,0,0.0,0,0.0,0,24.57767677307129,1,6
SH,FVD,137,926,394,394,39.400000000000006,0.23432597517967224,0.33132216334342957,2.4907710552215576,2.889946937561035,0.5059316158294678,0,-1,1,270,0.6852791878172588,2.0,394,1.302363634109497,0,0.0,0,0.0,0,17.855419158935547,2,7
SH,FVD,137,927,263,263,26.3,0.10866640508174896,0.127926766872406,11.8624906539917,16.41851234436035,1.4692225456237793,0,-1,0,0,0.0,2.0,263,3.0844101905822754,0,0.0,0,0.0,0,81.54510498046875,0,5
SH,FVD,137,928,181,181,18.1,0.39238241314888,0.47383907437324524,4.30894136428833,5.770427227020264,0.6907527446746826,0,-1,1,181,1.0,2.0,181,0.1324104219675064,0,0.0,0,0.0,0,0.5433768033981323,2,7
SH,FVD,137,929,177,177,17.7,0.2885003089904785,0.33956006169319153,1.1483510732650757,1.5238687992095947,0.3945302963256836,0,-1,1,177,1.0,2.0,177,0.7942714691162109,0,0.0,0,0.0,0,11.45154094696045,2,7
SH,FVD,137,930,227,227,22.700000000000003,0.24278075993061066,0.32050585746765137,4.166327476501465,4.6402788162231445,0.5960904955863953,0,-1,1,227,1.0,2.0,227,0.4248194098472595,0,0.0,0,0.0,0,7.4850897789001465,1,6
SH,FVD,137,931,266,266,26.6,0.31488868594169617,0.40855517983436584,2.5272867679595947,2.82356858253479,0.5333187580108643,1,257,1,172,0.6466165413533834,2.0,257,0.0,0,0.0,0,0.0,0,0.0,1,6
SH,FVD,137,932,204,204,20.400000000000002,0.2513858377933502,0.34087812900543213,12.897363662719727,16.029438018798828,1.2929319143295288,0,-1,1,11,0.05392156862745098,2.0,204,1.957151174545288,0,0.0,0,0.0,0,33.858516693115234,1,6
SH,FVD,137,933,188,188,18.8,0.32942691445350647,0.4638650119304657,2.742902994155884,3.2133171558380127,0.8587848544120789,1,136,1,30,0.1595744680851064,2.0,136,0.0,0,0.0,0,0.0,0,0.0,0,5
SH,FVD,137,934,175,175,17.5,0.2892760932445526,0.3631281554698944,3.3751680850982666,3.8438549041748047,0.4738690257072449,0,-1,0,0,0.0,2.0,175,4.70734977722168,0,0.0,0,0.0,0,6.552455902099609,2,7
SH,FVD,137,935,166,166,16.6,0.5840175747871399,0.7810600996017456,1.88040030002594,2.3682456016540527,0.8165819048881531,0,-1,1,166,1.0,2.0,166,1.3865755796432495,0,0.0,0,0.0,0,11.326830863952637,2,7
SH,FVD,137,936,151,151,15.100000000000001,0.15343771874904633,0.22308634221553802,7.190342426300049,8.598660469055176,0.9449513554573059,0,-1,0,0,0.0,2.0,151,6.870486736297607,0,0.0,0,0.0,0,12.190227508544922,0,5
SH,FVD,137,937,187,187,18.7,0.2324923574924469,0.2971324324607849,4.605058670043945,5.978738307952881,0.5908090472221375,0,-1,1,187,1.0,2.0,187,1.408751368522644,0,0.0,0,0.0,0,20.707416534423828,2,7
SH,FVD,137,938,329,329,32.9,0.11152645200490952,0.1447177678346634,8.33090877532959,11.309733390808105,0.6427345275878906,0,-1,0,0,0.0,2.0,329,2.301860809326172,0,0.0,0,0.0,0,51.578330993652344,2,7
SH,FVD,137,939,652,652,65.2,0.3183610737323761,0.4438924789428711,3.404493808746338,4.252378940582275,0.686449408531189,0,-1,1,155,0.23773006134969324,2.0,652,1.344530701637268,0,0.0,0,0.0,0,3.630340814590454,0,5
SH,FVD,137,940,173,173,17.3,0.39119288325309753,0.4738488495349884,3.7754297256469727,5.274664402008057,0.9449431896209717,0,-1,1,173,1.0,2.0,173,1.1345343589782715,0,0.0,0,0.0,0,13.276219367980957,0,5
SH,FVD,137,941,916,916,91.60000000000001,0.18650642037391663,0.23945976793766022,7.980790615081787,8.533164978027344,0.3126783072948456,0,-1,1,916,1.0,2.0,916,0.5344098806381226,0,0.0,0,0.0,0,7.485489845275879,2,7
SH,FVD,137,942,225,225,22.5,0.1877738982439041,0.2271747887134552,2.4487576484680176,3.757833480834961,0.38218027353286743,0,-1,0,0,0.0,2.0,225,3.927912473678589,0,0.0,0,0.0,0,1.1604435443878174,0,5
SH,FVD,137,943,186,186,18.6,0.5421087741851807,0.6400133967399597,5.708183765411377,6.362720489501953,0.9927690029144287,0,-1,1,78,0.41935483870967744,2.0,186,0.8090366125106812,0,0.0,0,0.0,0,3.333831310272217,1,6
SH,FVD,137,944,416,416,41.6,0.31282711029052734,0.44638001918792725,4.172792434692383,4.547188758850098,2.0590741634368896,1,96,1,96,0.23076923076923078,2.0,96,0.0,0,0.0,0,0.0,0,0.0,1,6
SH,FVD,137,945,255,255,25.5,0.27121901512145996,0.33801934123039246,10.306167602539062,12.193368911743164,0.8559699058532715,0,-1,0,0,0.0,2.0,255,3.3853116035461426,0,0.0,0,0.0,0,3.5121419429779053,1,6
SH,FVD,137,946,220,220,22.0,0.2347869724035263,0.3034346401691437,9.457263946533203,11.622037887573242,0.9174831509590149,0,-1,0,0,0.0,2.0,220,2.3037657737731934,0,0.0,0,0.0,0,13.40163516998291,0,5
SH,FVD,137,947,187,187,18.7,0.8288008570671082,1.0302101373672485,6.279404163360596,7.094286918640137,4.4308762550354,1,40,1,40,0.21390374331550802,2.0,40,0.0,0,0.0,0,0.0,0,0.0,0,5
SH,FVD,137,948,232,232,23.200000000000003,0.4995471239089966,0.6869644522666931,2.5987377166748047,3.0608551502227783,2.6222145557403564,1,105,1,105,0.4525862068965517,2.0,105,0.0,0,0.0,0,0.0,0,0.0,1,6
SH,FVD,137,949,182,182,18.2,0.39964497089385986,0.47673970460891724,8.67166805267334,10.495780944824219,1.0772974491119385,0,-1,0,0,0.0,2.0,182,2.769474744796753,0,0.0,0,0.0,0,24.123043060302734,1,6
SH,FVD,137,950,174,174,17.400000000000002,0.34233346581459045,0.38947129249572754,3.930741548538208,4.694726943969727,0.6940249800682068,0,-1,1,161,0.9252873563218391,2.0,174,0.9893432855606079,0,0.0,0,0.0,0,8.951533317565918,1,6
SH,FVD,137,951,829,829,82.9,0.25051164627075195,0.3304877281188965,5.154642581939697,6.912167549133301,0.4020983576774597,0,-1,1,829,1.0,2.0,829,0.7628622055053711,0,0.0,0,0.0,0,5.989845275878906,1,6
SH,FVD,137,952,325,325,32.5,0.17532584071159363,0.22014963626861572,3.3318941593170166,5.004365921020508,0.443196564912796,0,-1,1,325,1.0,2.0,325,0.9192405939102173,0,0.0,0,0.0,0,14.039688110351562,1,6
SH,FVD,137,953,201,201,20.1,0.196843221783638,0.24579356610774994,3.775385856628418,6.081745624542236,1.103798508644104,0,-1,1,113,0.5621890547263682,2.0,201,1.6026556491851807,0,0.0,0,0.0,0,28.21612548828125,1,6
SH,FVD,137,954,197,197,19.700000000000003,0.2500729560852051,0.303740918636322,2.948190689086914,4.423774719238281,0.6605481505393982,0,-1,0,0,0.0,2.0,197,2.844797372817993,0,0.0,0,0.0,0,26.076574325561523,1,6
SH,FVD,137,955,223,223,22.3,0.30850568413734436,0.40220022201538086,5.388679504394531,5.960029125213623,0.6716825366020203,0,-1,0,0,0.0,2.0,223,2.601228713989258,0,0.0,0,0.0,0,3.238668918609619,2,7
SH,FVD,137,956,208,208,20.8,0.3315298855304718,0.42543068528175354,2.0240190029144287,2.5682356357574463,0.5155633091926575,1,191,1,34,0.16346153846153846,2.0,191,0.0,0,0.0,0,0.0,0,0.0,2,7
SH,FVD,137,957,159,159,15.9,0.4239135980606079,0.5738292336463928,1.6773539781570435,2.196115732192993,0.8419763445854187,0,-1,1,159,1.0,2.0,159,0.997819185256958,0,0.0,0,0.0,0,3.316354751586914,0,5
SH,FVD,137,958,189,189,18.900000000000002,0.650108277797699,0.9053617715835571,18.655235290527344,24.20874786376953,3.517082691192627,1,171,1,171,0.9047619047619048,2.0,171,0.0,0,0.0,0,0.0,0,0.0,1,6
SH,FVD,137,959,230,230,23.0,0.247816801071167,0.33373796939849854,9.410446166992188,11.320862770080566,0.995839536190033,0,-1,1,131,0.5695652173913044,2.0,230,0.8737301230430603,0,0.0,0,0.0,0,7.029189109802246,1,6
SH,FVD,137,960,221,221,22.1,0.31169694662094116,0.47635504603385925,1.5449374914169312,1.8630139827728271,0.6281681060791016,1,173,1,143,0.6470588235294118,2.0,173,0.0,0,0.0,0,0.0,0,0.0,2,7
SH,FVD,137,961,167,167,16.7,0.2973492741584778,0.3765024244785309,7.910044193267822,9.362771987915039,0.8583418130874634,0,-1,0,0,0.0,2.0,167,3.7130064964294434,0,0.0,0,0.0,0,12.621431350708008,0,5
SH,FVD,137,962,209,209,20.900000000000002,0.44890257716178894,0.6664110422134399,2.1204941272735596,3.0172762870788574,0.9096016883850098,0,-1,0,0,0.0,2.0,209,2.2176294326782227,0,0.0,0,0.0,0,22.520112991333008,1,6
SH,FVD,137,963,705,705,70.5,0.6204503774642944,0.864169716835022,27.804210662841797,33.50046157836914,2.891047239303589,1,625,1,53,0.075177304964539,2.0,625,0.0,0,0.0,0,0.0,0,0.0,1,6
SH,FVD,137,964,133,133,13.3,0.20241914689540863,0.26252371072769165,0.5185655951499939,0.7812926769256592,0.35983341932296753,0,-1,1,7,0.05263157894736842,2.0,133,1.670373797416687,0,0.0,0,0.0,0,1.1539466381072998,2,7
SH,FVD,137,965,204,204,20.400000000000002,0.31416675448417664,0.4127635955810547,13.20229434967041,15.373111724853516,1.1640275716781616,0,-1,0,0,0.0,2.0,204,2.907597303390503,0,0.0,0,0.0,0,4.006526470184326,2,7
SH,FVD,137,966,144,144,14.4,0.26926180720329285,0.3216300904750824,5.274267196655273,6.477543830871582,0.9896723628044128,0,-1,1,64,0.4444444444444444,2.0,144,1.822288155555725,0,0.0,0,0.0,0,32.44158935546875,1,6
SH,FVD,137,967,752,752,75.2,0.23940832912921906,0.2976054847240448,5.624551296234131,7.966943264007568,0.48511192202568054,0,-1,1,752,1.0,2.0,752,0.9637522101402283,0,0.0,0,0.0,0,21.446224212646484,2,7
SH,FVD,137,968,191,191,19.1,0.15382274985313416,0.201568603515625,2.249169111251831,2.6434009075164795,0.39365917444229126,0,-1,1,39,0.20418848167539266,2.0,191,1.8846845626831055,0,0.0,0,0.0,0,40.229957580566406,1,6
SH,FVD,137,969,361,361,36.1,0.5998185873031616,0.9110419750213623,5.8477630615234375,8.129761695861816,1.1051400899887085,0,-1,0,0,0.0,2.0,361,2.511669874191284,0,0.0,0,0.0,0,7.915439605712891,2,7
SH,FVD,137,970,300,300,30.0,0.25374701619148254,0.3608609437942505,5.7885823249816895,6.201535701751709,3.3493294715881348,1,62,1,62,0.20666666666666667,2.0,62,0.0,0,0.0,0,0.0,0,0.0,2,7
SH,FVD,137,971,376,376,37.6,0.1438133418560028,0.1935790479183197,11.738385200500488,13.251672744750977,0.603944718837738,0,-1,1,376,1.0,2.0,376,0.9512468576431274,0,0.0,0,0.0,0,17.573467254638672,1,6
SH,FVD,137,972,631,631,63.1,0.42378005385398865,0.5860085487365723,17.155969619750977,19.38292121887207,5.151460647583008,1,237,1,108,0.17115689381933438,2.0,237,0.0,0,0.0,0,0.0,0,0.0,0,5
SH,FVD,137,973,176,176,17.6,0.5025655031204224,0.6443467140197754,4.968450546264648,6.015459060668945,1.4735344648361206,0,-1,0,0,0.0,2.0,176,5.343819618225098,0,0.0,0,0.0,0,36.32167053222656,1,6
SH,FVD,137,974,386,386,38.6,0.23413507640361786,0.3189815580844879,18.88043212890625,21.10196304321289,0.957131028175354,0,-1,0,0,0.0,2.0,386,2.37697172164917,0,0.0,0,0.0,0,5.133134841918945,2,7
SH,FVD,137,975,224,224,22.400000000000002,0.37224122881889343,0.4283874034881592,12.677430152893066,16.619295120239258,1.7038642168045044,0,-1,0,0,0.0,2.0,224,5.343202114105225,0,0.0,0,0.0,0,17.67440414428711,1,6
SH,FVD,137,976,460,460,46.0,0.20578256249427795,0.30195152759552,21.642148971557617,25.03255844116211,0.7972754836082458,0,-1,1,426,0.9260869565217391,2.0,460,1.1837823390960693,0,0.0,0,0.0,0,31.630733489990234,0,5
SH,FVD,137,977,193,193,19.3,0.12506797909736633,0.15670588612556458,3.018280267715454,3.655336618423462,0.26384252309799194,0,-1,1,193,1.0,2.0,193,0.39033043384552,0,0.0,0,0.0,0,7.4166741371154785,2,7
SH,FVD,137,978,162,162,16.2,0.2162298709154129,0.2605885863304138,5.237247943878174,6.575153350830078,0.8051146268844604,0,-1,1,114,0.7037037037037037,2.0,162,1.7494304180145264,0,0.0,0,0.0,0,33.50450897216797,0,5
SH,FVD,137,979,134,134,13.4,0.19612297415733337,0.2489130198955536,0.652087390422821,1.0447263717651367,0.2554018199443817,0,-1,1,134,1.0,2.0,134,1.7824289798736572,0,0.0,0,0.0,0,26.298439025878906,0,5
SH,FVD,137,980,207,207,20.700000000000003,0.21792997419834137,0.28805017471313477,2.154578447341919,2.687021255493164,0.5740805268287659,1,179,1,69,0.3333333333333333,2.0,179,0.0,0,0.0,0,0.0,0,0.0,0,5
SH,FVD,137,981,306,306,30.6,0.24414066970348358,0.32539355754852295,9.446802139282227,10.268007278442383,0.73860102891922,0,-1,0,0,0.0,2.0,306,2.669145345687866,0,0.0,0,0.0,0,7.223784923553467,1,6
SH,FVD,137,982,277,277,27.700000000000003,0.2069435715675354,0.24225381016731262,9.684332847595215,10.738097190856934,0.5257726311683655,0,-1,1,277,1.0,2.0,277,0.37215590476989746,0,0.0,0,0.0,0,6.7573981285095215,2,7
SH,FVD,137,983,530,530,53.0,0.2510231137275696,0.3691265881061554,3.078582286834717,4.19748067855835,0.6930373311042786,0,-1,1,530,1.0,2.0,530,0.80586177110672,0,0.0,0,0.0,0,10.210648536682129,1,6
SH,FVD,137,984,153,153,15.3,0.29867956042289734,0.36768385767936707,3.3836119174957275,4.088003158569336,0.39038383960723877,0,-1,1,47,0.30718954248366015,2.0,153,1.9214935302734375,0,0.0,0,0.0,0,23.822141647338867,0,5
SH,FVD,137,985,159,159,15.9,0.26146504282951355,0.3014703691005707,1.909930944442749,2.7313389778137207,0.3058871030807495,0,-1,0,0,0.0,2.0,159,4.403885841369629,0,0.0,0,0.0,0,2.213275909423828,1,6
SH,FVD,137,986,173,173,17.3,0.2722150683403015,0.33926787972450256,3.181713342666626,4.503062725067139,0.6316359043121338,0,-1,1,52,0.30057803468208094,2.0,173,1.8055630922317505,0,0.0,0,0.0,0,13.526676177978516,1,6
SH,FVD,137,987,161,161,16.1,0.30014029145240784,0.35706716775894165,1.4507360458374023,2.2279739379882812,0.6559768319129944,0,-1,1,117,0.7267080745341615,2.0,161,0.7575513124465942,0,0.0,0,0.0,0,6.679086208343506,0,5
SH,FVD,137,988,219,219,21.900000000000002,0.4696277976036072,0.5650014877319336,15.817099571228027,19.919185638427734,1.9174089431762695,0,-1,0,0,0.0,2.0,219,3.098780632019043,0,0.0,0,0.0,0,5.631542682647705,1,6
SH,FVD,137,989,272,272,27.200000000000003,0.3687868118286133,0.4890140891075134,7.962090015411377,9.525086402893066,2.972135543823242,1,104,1,46,0.16911764705882354,2.0,104,0.0,0,0.0,0,0.0,0,0.0,0,5
SH,FVD,137,990,304,304,30.400000000000002,0.16436059772968292,0.21693797409534454,4.1654510498046875,5.472405433654785,0.7519834637641907,0,-1,0,0,0.0,2.0,304,2.384378671646118,0,0.0,0,0.0,0,5.645099639892578,1,6
SH,FVD,137,991,494,494,49.400000000000006,0.40042898058891296,0.4887368381023407,2.7921502590179443,3.56105637550354,0.7592118978500366,0,-1,1,429,0.868421052631579,2.0,494,0.3787379860877991,0,0.0,0,0.0,0,5.225223064422607,0,5
SH,FVD,137,992,137,137,13.700000000000001,0.20534318685531616,0.26320287585258484,0.9119734168052673,1.0884134769439697,0.4502963721752167,0,-1,1,26,0.1897810218978102,2.0,137,0.21768812835216522,0,0.0,0,0.0,0,0.16711539030075073,2,7
SH,FVD,137,993,274,274,27.400000000000002,0.4806651771068573,0.6110801696777344,2.5537195205688477,3.218435525894165,0.9429602026939392,0,-1,1,274,1.0,2.0,274,0.363900750875473,0,0.0,0,0.0,0,2.2389779090881348,0,5
SH,FVD,137,994,364,364,36.4,0.32273897528648376,0.3916221261024475,22.894872665405273,25.837825775146484,1.2439790964126587,0,-1,1,34,0.09340659340659341,2.0,364,1.468544602394104,0,0.0,0,0.0,0,5.283748149871826,1,6
SH,FVD,137,995,426,426,42.6,0.12657561898231506,0.1614609807729721,4.1260294914245605,4.401920318603516,0.2443673014640808,0,-1,1,365,0.8568075117370892,2.0,426,1.2513489723205566,0,0.0,0,0.0,0,15.583640098571777,0,5
SH,FVD,137,996,197,197,19.700000000000003,0.3149334192276001,0.3750128448009491,13.04456901550293,15.57432746887207,1.2800813913345337,0,-1,0,0,0.0,2.0,197,3.8853466510772705,0,0.0,0,0.0,0,61.72772216796875,2,7
SH,FVD,137,997,673,673,67.3,0.31152141094207764,0.40001311898231506,25.769886016845703,28.903038024902344,1.1149537563323975,0,-1,0,0,0.0,2.0,673,2.5822837352752686,0,0.0,0,0.0,0,6.40066385269165,1,6
SH,FVD,137,998,456,456,45.6,0.19477835297584534,0.29981884360313416,2.0962717533111572,2.526629686355591,0.989136815071106,1,201,1,201,0.4407894736842105,2.0,201,0.0,0,0.0,0,0.0,0,0.0,0,5
SH,FVD,137,999,311,311,31.1,0.44778943061828613,0.5730229020118713,9.046585083007812,12.583239555358887,1.7200430631637573,1,277,1,277,0.8906752411575563,2.0,277,0.0,0,0.0,0,0.0,0,0.0,1,6
SH,FVD,137,1000,235,235,23.5,0.34580492973327637,0.45594877004623413,6.76587438583374,7.924819469451904,1.6627521514892578,0,-1,1,111,0.4723404255319149,2.0,235,1.3973392248153687,0,0.0,0,0.0,0,17.06084632873535,2,7
SH,FVD,137,1001,401,401,40.1,0.311015248298645,0.48957914113998413,5.725089073181152,6.239969253540039,4.328739166259766,1,209,1,209,0.5211970074812967,2.0,209,0.0,0,0.0,0,0.0,0,0.0,0,5
SH,FVD,137,1002,482,482,48.2,0.4623609483242035,0.6178531050682068,5.816004276275635,6.713638782501221,0.9106646776199341,0,-1,1,52,0.1078838174273859,2.0,482,0.48673874139785767,0,0.0,0,0.0,0,1.1442312002182007,0,5
SH,FVD,137,1003,279,279,27.900000000000002,0.3579755425453186,0.48555171489715576,8.182602882385254,8.995950698852539,0.6958146691322327,0,-1,1,22,0.07885304659498207,2.0,279,1.5180448293685913,0,0.0,0,0.0,0,3.8193602561950684,1,6
SH,FVD,137,1004,146,146,14.600000000000001,0.4674147069454193,0.5937129855155945,9.858329772949219,11.002107620239258,1.2891120910644531,0,-1,0,0,0.0,2.0,146,3.471925973892212,0,0.0,0,0.0,0,9.460761070251465,1,6
SH,FVD,137,1005,386,386,38.6,0.6364719867706299,0.9003558158874512,4.861328601837158,6.799929141998291,1.481216311454773,0,-1,1,214,0.5544041450777202,2.0,386,0.8082907199859619,0,0.0,0,0.0,0,2.2422893047332764,1,6
SH,FVD,137,1006,331,331,33.1,0.48948079347610474,0.6744644045829773,4.779797554016113,5.419071197509766,0.9231024384498596,0,-1,1,311,0.9395770392749244,2.0,331,0.767112672328949,0,0.0,0,0.0,0,3.8242907524108887,2,7
SH,FVD,137,1007,166,166,16.6,0.24080386757850647,0.2967163622379303,6.447349548339844,8.505077362060547,1.1408058404922485,0,-1,0,0,0.0,2.0,166,2.5185062885284424,0,0.0,0,0.0,0,63.35122299194336,0,5
SH,FVD,137,1008,343,343,34.300000000000004,0.1950852870941162,0.23596489429473877,5.764499187469482,6.801139831542969,0.6086638569831848,0,-1,1,343,1.0,2.0,343,0.1731623113155365,0,0.0,0,0.0,0,3.503202199935913,0,5
SH,FVD,137,1009,366,366,36.6,0.2395540475845337,0.30690595507621765,1.2543903589248657,1.6888145208358765,0.4048805832862854,0,-1,1,69,0.1885245901639344,2.0,366,0.861320436000824,0,0.0,0,0.0,0,0.8489689230918884,0,5
SH,FVD,137,1010,383,383,38.300000000000004,0.16471432149410248,0.26196643710136414,0.7367118000984192,0.933128833770752,0.2815728485584259,0,-1,1,10,0.02610966057441253,2.0,383,1.529219627380371,0,0.0,0,0.0,0,1.7195701599121094,1,6
SH,FVD,137,1011,132,132,13.200000000000001,0.25454244017601013,0.3127714693546295,2.1487464904785156,3.5653061866760254,0.758331298828125,0,-1,0,0,0.0,2.0,132,3.5629379749298096,0,0.0,0,0.0,0,42.843101501464844,1,6
SH,FVD,137,1012,246,246,24.6,0.21792353689670563,0.3152209520339966,5.955234527587891,7.146265506744385,0.6371878981590271,0,-1,1,142,0.5772357723577236,2.0,246,1.2157890796661377,0,0.0,0,0.0,0,28.00763702392578,1,6
SH,FVD,137,1013,767,767,76.7,0.3255452811717987,0.5189229249954224,3.838350296020508,4.465527057647705,0.8285714983940125,0,-1,1,51,0.06649282920469361,2.0,767,1.784491777420044,0,0.0,0,0.0,0,6.556814193725586,2,7
SH,FVD,137,1014,490,490,49.0,0.28299480676651,0.3733229637145996,9.542732238769531,10.423617362976074,2.199368953704834,1,398,1,398,0.8122448979591836,2.0,398,0.0,0,0.0,0,0.0,0,0.0,2,7
SH,FVD,137,1015,311,311,31.1,0.14939801394939423,0.19446852803230286,2.13515567779541,2.774329900741577,0.2656736373901367,0,-1,1,311,1.0,2.0,311,0.6962442994117737,0,0.0,0,0.0,0,16.991634368896484,0,5
SH,FVD,137,1016,222,222,22.200000000000003,0.2641274034976959,0.3454224467277527,2.7649362087249756,3.4119749069213867,0.721250057220459,0,-1,1,68,0.3063063063063063,2.0,222,1.0558420419692993,0,0.0,0,0.0,0,7.193291187286377,1,6
SH,FVD,137,1017,269,269,26.900000000000002,0.20898079872131348,0.2529642581939697,5.927179336547852,9.839432716369629,1.0884490013122559,0,-1,1,140,0.5204460966542751,2.0,269,1.639109492301941,0,0.0,0,0.0,0,34.438385009765625,2,7
SH,FVD,137,1018,364,364,36.4,0.4144143760204315,0.5223391652107239,4.212229251861572,4.730721473693848,1.3280580043792725,1,288,1,288,0.7912087912087912,2.0,288,0.0,0,0.0,0,0.0,0,0.0,2,7
SH,FVD,137,1019,257,257,25.700000000000003,0.2791637182235718,0.36577218770980835,4.148535251617432,5.089773654937744,0.8131914734840393,0,-1,1,257,1.0,2.0,257,0.509612500667572,0,0.0,0,0.0,0,3.2289834022521973,0,5
SH,FVD,137,1020,173,173,17.3,0.15393805503845215,0.20381104946136475,1.6836607456207275,2.3380818367004395,0.5767351388931274,0,-1,1,173,1.0,2.0,173,0.7833647727966309,0,0.0,0,0.0,0,18.47279930114746,2,7
SH,FVD,137,1021,842,842,84.2,0.17183281481266022,0.22859182953834534,5.579251766204834,7.495561599731445,0.626366913318634,0,-1,1,652,0.7743467933491687,2.0,842,0.7015101313591003,0,0.0,0,0.0,0,13.021177291870117,1,6
SH,FVD,137,1022,217,217,21.700000000000003,0.47168469429016113,0.6447386741638184,6.24782657623291,8.197647094726562,1.2622088193893433,0,-1,1,27,0.12442396313364056,2.0,217,1.7600983381271362,0,0.0,0,0.0,0,4.726314067840576,1,6
SH,FVD,137,1023,139,139,13.9,0.47402477264404297,0.565488874912262,15.110869407653809,18.67230224609375,2.591888904571533,0,-1,1,139,1.0,2.0,139,1.1002073287963867,0,0.0,0,0.0,0,16.017791748046875,1,6
SH,FVD,137,1024,174,174,17.400000000000002,0.5136020183563232,0.6039142608642578,6.062730312347412,7.208687782287598,1.1698274612426758,0,-1,1,136,0.7816091954022989,2.0,174,0.3095407485961914,0,0.0,0,0.0,0,2.8084020614624023,2,7
SH,FVD,137,1025,291,291,29.1,0.33307522535324097,0.4128051996231079,18.375526428222656,20.683605194091797,1.0434467792510986,0,-1,1,251,0.8625429553264605,2.0,291,0.9486639499664307,0,0.0,0,0.0,0,28.264467239379883,0,5
SH,FVD,137,1026,338,338,33.800000000000004,0.37454819679260254,0.4913293123245239,8.03280258178711,9.114316940307617,0.9103419780731201,1,330,1,99,0.29289940828402367,2.0,330,0.0,0,0.0,0,0.0,0,0.0,2,7
SH,FVD,137,1027,413,413,41.300000000000004,0.2825540602207184,0.34774041175842285,4.421032428741455,4.802947044372559,0.5119190812110901,0,-1,1,26,0.06295399515738499,2.0,413,0.6480027437210083,0,0.0,0,0.0,0,1.309327244758606,0,5
SH,FVD,137,1028,332,332,33.2,0.15859776735305786,0.2250283658504486,13.320672988891602,17.225357055664062,0.8426313996315002,0,-1,1,185,0.5572289156626506,2.0,332,1.4913355112075806,0,0.0,0,0.0,0,35.85077667236328,2,7
SH,FVD,137,1029,224,224,22.400000000000002,0.20594286918640137,0.2706955671310425,5.953968048095703,7.653357982635498,0.5506764054298401,0,-1,1,26,0.11607142857142858,2.0,224,1.1719788312911987,0,0.0,0,0.0,0,9.076348304748535,2,7
SH,FVD,137,1030,319,319,31.900000000000002,0.2614808678627014,0.41748079657554626,10.543622016906738,11.395549774169922,0.9008088707923889,0,-1,0,0,0.0,2.0,319,2.271989583969116,0,0.0,0,0.0,0,18.37059211730957,1,6
SH,FVD,137,1031,150,150,15.0,0.31132012605667114,0.3705490827560425,7.4748430252075195,9.441546440124512,1.1243592500686646,0,-1,1,150,1.0,2.0,150,1.395302653312683,0,0.0,0,0.0,0,25.714780807495117,0,5
SH,FVD,137,1032,185,185,18.5,0.22225351631641388,0.2721073031425476,0.6387673020362854,0.7377364635467529,0.2347411960363388,0,-1,0,0,0.0,2.0,185,2.994631767272949,0,0.0,0,0.0,0,3.2085301876068115,0,5
SH,FVD,137,1033,178,178,17.8,0.3830256164073944,0.5122711062431335,6.8914794921875,8.80998706817627,0.9396222829818726,0,-1,1,178,1.0,2.0,178,1.0746182203292847,0,0.0,0,0.0,0,9.393475532531738,0,5
SH,FVD,137,1034,182,182,18.2,0.29956015944480896,0.3856797516345978,4.058539390563965,4.708347320556641,0.6579560041427612,0,-1,0,0,0.0,2.0,182,2.874185562133789,0,0.0,0,0.0,0,1.6637890338897705,2,7
SH,FVD,137,1035,359,359,35.9,0.3017626106739044,0.43520739674568176,6.411874294281006,7.567752838134766,1.664197325706482,1,209,1,96,0.26740947075208915,2.0,209,0.0,0,0.0,0,0.0,0,0.0,1,6
SH,FVD,137,1036,145,145,14.5,0.5069581270217896,0.6539533734321594,3.650240421295166,4.629347324371338,1.220037579536438,0,-1,1,21,0.14482758620689656,2.0,145,0.9578855633735657,0,0.0,0,0.0,0,1.6080667972564697,0,5
SH,FVD,137,1037,476,476,47.6,0.36260733008384705,0.4796140789985657,2.475865125656128,3.092629909515381,0.7457506060600281,0,-1,1,119,0.25,2.0,476,1.4579130411148071,0,0.0,0,0.0,0,3.0463852882385254,2,7
SH,FVD,137,1038,229,229,22.900000000000002,0.3069422245025635,0.35651230812072754,8.281966209411621,9.256172180175781,2.0490477085113525,1,76,1,76,0.3318777292576419,2.0,76,0.0,0,0.0,0,0.0,0,0.0,2,7
SH,FVD,137,1039,145,145,14.5,0.18812978267669678,0.2373032122850418,4.145981788635254,5.174577236175537,0.7568127512931824,0,-1,1,38,0.2620689655172414,2.0,145,1.389413595199585,0,0.0,0,0.0,0,11.239110946655273,1,6
SH,FVD,137,1040,158,158,15.8,0.2341645359992981,0.26512184739112854,4.737061023712158,5.469837188720703,0.742446780204773,0,-1,1,158,1.0,2.0,158,1.835325837135315,0,0.0,0,0.0,0,28.10498046875,2,7
SH,FVD,137,1041,135,135,13.5,0.14549708366394043,0.22036989033222198,3.321660041809082,3.7557945251464844,0.41304653882980347,0,-1,0,0,0.0,2.0,135,2.6114001274108887,0,0.0,0,0.0,0,84.42928314208984,1,6
SH,FVD,137,1042,494,494,49.400000000000006,0.2021055668592453,0.27608492970466614,1.30653977394104,1.576581597328186,0.2699609696865082,0,-1,1,57,0.11538461538461539,2.0,494,1.2562731504440308,0,0.0,0,0.0,0,2.7857725620269775,1,6
SH,FVD,137,1043,351,351,35.1,0.19103486835956573,0.22092236578464508,4.7711076736450195,5.563686847686768,0.7264217138290405,0,-1,1,351,1.0,2.0,351,0.9204427599906921,0,0.0,0,0.0,0,22.355072021484375,0,5
SH,FVD,137,1044,236,236,23.6,0.24451106786727905,0.335226446390152,2.5626425743103027,3.1471149921417236,0.6062713265419006,0,-1,1,22,0.09322033898305085,2.0,236,1.7365942001342773,0,0.0,0,0.0,0,1.1803792715072632,1,6
SH,FVD,137,1045,137,137,13.700000000000001,0.5140514969825745,0.6624857187271118,1.9977178573608398,2.2729458808898926,0.4934149980545044,1,128,1,82,0.5985401459854015,2.0,128,0.0,0,0.0,0,0.0,0,0.0,0,5
SH,FVD,137,1046,391,391,39.1,0.2822779715061188,0.4146040081977844,13.48189640045166,14.850105285644531,0.8145824670791626,0,-1,0,0,0.0,2.0,391,2.194441795349121,0,0.0,0,0.0,0,3.921081781387329,1,6
SH,FVD,137,1047,158,158,15.8,0.3685268461704254,0.48930788040161133,1.7072526216506958,1.9210357666015625,1.1211955547332764,1,68,1,68,0.43037974683544306,2.0,68,0.0,0,0.0,0,0.0,0,0.0,0,5
SH,FVD,137,1048,185,185,18.5,0.39067161083221436,0.4880669116973877,9.380285263061523,10.758260726928711,1.0713281631469727,0,-1,0,0,0.0,2.0,185,3.882178783416748,0,0.0,0,0.0,0,7.724458694458008,1,6
SH,FVD,137,1049,202,202,20.200000000000003,0.9922448992729187,1.2217556238174438,3.525707960128784,4.017933368682861,4.330930233001709,1,78,1,78,0.38613861386138615,2.0,78,0.0,0,0.0,0,0.0,0,0.0,0,5
SH,FVD,137,1050,440,440,44.0,0.17461168766021729,0.20752987265586853,1.2114768028259277,1.4645024538040161,0.1992068886756897,0,-1,1,337,0.7659090909090909,2.0,440,0.8401089310646057,0,0.0,0,0.0,0,2.08686900138855,2,7
SH,FVD,137,1051,147,147,14.700000000000001,0.2710909843444824,0.33467230200767517,4.394375801086426,5.505474090576172,0.7844633460044861,0,-1,0,0,0.0,2.0,147,3.872352123260498,0,0.0,0,0.0,0,3.6585423946380615,1,6
SH,FVD,137,1052,145,145,14.5,0.31541410088539124,0.3843671679496765,6.260618209838867,7.48321533203125,0.9703447818756104,0,-1,1,16,0.1103448275862069,2.0,145,1.9709340333938599,0,0.0,0,0.0,0,29.42582130432129,2,7
SH,FVD,137,1053,350,350,35.0,0.27873459458351135,0.36499831080436707,6.694097995758057,7.652166366577148,0.40611785650253296,0,-1,0,0,0.0,2.0,350,2.0745160579681396,0,0.0,0,0.0,0,4.957995891571045,2,7
SH,FVD,137,1054,194,194,19.400000000000002,0.23047474026679993,0.2694503366947174,9.970016479492188,11.682608604431152,0.9413312673568726,0,-1,0,0,0.0,2.0,194,3.1477882862091064,0,0.0,0,0.0,0,8.220316886901855,1,6
SH,FVD,137,1055,145,145,14.5,0.4836592972278595,0.5283602476119995,17.427406311035156,21.1126708984375,2.342761754989624,0,-1,1,145,1.0,2.0,145,0.8743758797645569,0,0.0,0,0.0,0,25.757354736328125,0,5
SH,FVD,137,1056,150,150,15.0,0.5041210651397705,0.6240870952606201,7.398017406463623,9.391033172607422,0.9702479243278503,0,-1,1,112,0.7466666666666667,2.0,150,0.849258542060852,0,0.0,0,0.0,0,22.043331146240234,1,6
SH,FVD,137,1057,199,199,19.900000000000002,0.16901609301567078,0.20697839558124542,4.783275604248047,5.624715328216553,0.556303083896637,0,-1,1,199,1.0,2.0,199,1.4164484739303589,0,0.0,0,0.0,0,27.332059860229492,1,6
SH,FVD,137,1058,1055,1055,105.5,0.25099387764930725,0.31478777527809143,10.362332344055176,10.99234676361084,8.27490520477295,1,495,1,495,0.46919431279620855,2.0,495,0.0,0,0.0,0,0.0,0,0.0,2,7
SH,FVD,137,1059,177,177,17.7,0.35995426774024963,0.4438723921775818,6.191373348236084,6.989019393920898,0.9784366488456726,0,-1,0,0,0.0,2.0,177,2.362075090408325,0,0.0,0,0.0,0,8.804265975952148,0,5
SH,FVD,137,1060,481,481,48.1,0.10893989354372025,0.13836003839969635,6.869708061218262,7.500025272369385,0.3506524860858917,0,-1,1,481,1.0,2.0,481,1.2116446495056152,0,0.0,0,0.0,0,23.82912826538086,2,7
SH,FVD,137,1061,1235,1235,123.5,0.3290940821170807,0.4570690989494324,3.902881383895874,5.562134265899658,1.3077493906021118,1,987,1,634,0.5133603238866397,2.0,987,0.0,0,0.0,0,0.0,0,0.0,2,7
SH,FVD,137,1062,142,142,14.200000000000001,0.259343683719635,0.3131026327610016,5.364307880401611,6.249216079711914,0.7632067203521729,0,-1,0,0,0.0,2.0,142,3.7055819034576416,0,0.0,0,0.0,0,6.723273277282715,1,6
SH,FVD,137,1063,612,612,61.2,0.42962557077407837,0.49386852979660034,5.9963297843933105,6.514828205108643,0.6813697218894958,0,-1,1,612,1.0,2.0,612,0.9348437190055847,0,0.0,0,0.0,0,11.45054817199707,1,6
SH,FVD,137,1064,212,212,21.200000000000003,0.23541241884231567,0.3162810802459717,2.3196585178375244,2.4926280975341797,0.2770238518714905,0,-1,0,0,0.0,2.0,212,2.0523343086242676,0,0.0,0,0.0,0,8.718462944030762,2,7
SH,FVD,137,1065,370,370,37.0,0.10226145386695862,0.12693524360656738,4.532608509063721,5.2062201499938965,0.33434394001960754,0,-1,1,35,0.0945945945945946,2.0,370,1.5878719091415405,0,0.0,0,0.0,0,45.78288650512695,2,7
SH,FVD,137,1066,363,363,36.300000000000004,0.4355088472366333,0.5297462344169617,5.857027530670166,6.196241855621338,0.6514759063720703,0,-1,0,0,0.0,2.0,363,2.8714725971221924,0,0.0,0,0.0,0,4.148754596710205,1,6
SH,FVD,137,1067,159,159,15.9,0.6444821357727051,0.8536564707756042,10.548166275024414,12.688323974609375,1.5079917907714844,0,-1,1,24,0.1509433962264151,2.0,159,0.9513580203056335,0,0.0,0,0.0,0,2.5735201835632324,2,7
SH,FVD,137,1068,526,526,52.6,0.28573065996170044,0.3613220751285553,9.668858528137207,10.975641250610352,0.7850069403648376,1,495,1,54,0.10266159695817491,2.0,495,0.0,0,0.0,0,0.0,0,0.0,2,7
SH,FVD,137,1069,152,152,15.200000000000001,0.18790528178215027,0.25468602776527405,5.280574321746826,6.606789588928223,0.7876955270767212,0,-1,1,152,1.0,2.0,152,0.9257550239562988,0,0.0,0,0.0,0,18.69439125061035,2,7
SH,FVD,137,1070,200,200,20.0,0.536699116230011,0.6541041731834412,7.379766941070557,9.444793701171875,1.9316413402557373,1,135,1,135,0.675,2.0,135,0.0,0,0.0,0,0.0,0,0.0,0,5
SH,FVD,137,1071,667,667,66.7,0.31560391187667847,0.4305383563041687,4.5217671394348145,5.241246700286865,0.6111868619918823,0,-1,1,667,1.0,2.0,667,0.7522180080413818,0,0.0,0,0.0,0,6.05469274520874,2,7
SH,FVD,137,1072,254,254,25.400000000000002,0.473562628030777,0.6529378890991211,11.840800285339355,18.871841430664062,1.5616408586502075,1,55,1,55,0.21653543307086615,2.0,55,0.0,0,0.0,0,0.0,0,0.0,0,5
SH,FVD,137,1073,270,270,27.0,0.34737628698349,0.4402550458908081,5.71282434463501,7.004787445068359,1.1480026245117188,1,251,1,29,0.10740740740740741,2.0,251,0.0,0,0.0,0,0.0,0,0.0,1,6
SH,FVD,137,1074,538,538,53.800000000000004,0.2339329868555069,0.29578444361686707,3.5160892009735107,4.393706798553467,1.3475286960601807,1,434,1,385,0.7156133828996283,2.0,434,0.0,0,0.0,0,0.0,0,0.0,0,5
SH,FVD,137,1075,483,483,48.300000000000004,0.25003620982170105,0.3078426718711853,9.999248504638672,11.623335838317871,0.780654788017273,0,-1,1,252,0.5217391304347826,2.0,483,0.9269053936004639,0,0.0,0,0.0,0,15.6347074508667,0,5
SH,FVD,137,1076,273,273,27.3,0.18386156857013702,0.2640804946422577,1.5472331047058105,1.7496193647384644,0.29673269391059875,1,269,1,183,0.6703296703296703,2.0,269,0.0,0,0.0,0,0.0,0,0.0,1,6
SH,FVD,137,1077,837,837,83.7,0.3500061631202698,0.5052241086959839,5.099455833435059,6.719117164611816,0.6697292327880859,0,-1,1,138,0.16487455197132617,2.0,837,0.6894531846046448,0,0.0,0,0.0,0,1.3703638315200806,2,7
SH,FVD,137,1078,269,269,26.900000000000002,0.30450931191444397,0.3990519940853119,21.30678367614746,23.682804107666016,1.4047349691390991,0,-1,1,12,0.04460966542750929,2.0,269,1.7230528593063354,0,0.0,0,0.0,0,5.260127067565918,2,7
SH,FVD,137,1079,325,325,32.5,0.38346877694129944,0.49607402086257935,14.160433769226074,15.874125480651855,1.3016270399093628,0,-1,0,0,0.0,2.0,325,2.6369566917419434,0,0.0,0,0.0,0,7.199890613555908,2,7
SH,FVD,137,1080,441,441,44.1,0.24803417921066284,0.2944474518299103,5.173555374145508,5.5322160720825195,0.3321883976459503,0,-1,1,441,1.0,2.0,441,0.9655246138572693,0,0.0,0,0.0,0,14.799132347106934,2,7
SH,FVD,137,1081,168,168,16.8,0.33028289675712585,0.3954591155052185,7.878512382507324,8.934715270996094,0.9221499562263489,0,-1,0,0,0.0,2.0,168,2.089019298553467,0,0.0,0,0.0,0,8.94433879852295,2,7
SH,FVD,137,1082,191,191,19.1,0.25404131412506104,0.3085614740848541,8.925897598266602,10.395394325256348,0.9138293862342834,0,-1,1,31,0.16230366492146597,2.0,191,1.373721718788147,0,0.0,0,0.0,0,2.8682796955108643,2,7
SH,FVD,137,1083,301,301,30.1,0.12742243707180023,0.1615062654018402,4.002246856689453,4.733235836029053,0.23814095556735992,0,-1,1,301,1.0,2.0,301,0.9479073882102966,0,0.0,0,0.0,0,17.928428649902344,0,5
SH,FVD,137,1084,146,146,14.600000000000001,0.34034547209739685,0.3845527470111847,5.3055620193481445,5.8817644119262695,0.8929240703582764,0,-1,1,71,0.4863013698630137,2.0,146,1.3515797853469849,0,0.0,0,0.0,0,31.577457427978516,2,7
SH,FVD,137,1085,194,194,19.400000000000002,0.19119299948215485,0.25925499200820923,0.7430807948112488,0.8726575970649719,0.3185432553291321,0,-1,1,194,1.0,2.0,194,0.8840768933296204,0,0.0,0,0.0,0,2.6071767807006836,2,7
SH,FVD,137,1086,368,368,36.800000000000004,0.33142533898353577,0.40648239850997925,6.625534534454346,7.506889820098877,1.3916794061660767,1,279,1,43,0.11684782608695653,2.0,279,0.0,0,0.0,0,0.0,0,0.0,1,6
SH,FVD,137,1087,138,138,13.8,0.39699891209602356,0.4969712197780609,3.65824818611145,4.240361213684082,0.9298390746116638,0,-1,1,15,0.10869565217391304,2.0,138,1.229772925376892,0,0.0,0,0.0,0,1.870913028717041,1,6
SH,FVD,137,1088,662,662,66.2,0.32621923089027405,0.39086511731147766,4.037701606750488,4.684514045715332,0.5047244429588318,0,-1,1,662,1.0,2.0,662,1.591079831123352,0,0.0,0,0.0,0,27.882558822631836,2,7
SH,FVD,137,1089,149,149,14.9,0.08914701640605927,0.11727345734834671,2.7153115272521973,3.5880558490753174,0.5549196004867554,0,-1,0,0,0.0,2.0,149,2.27652645111084,0,0.0,0,0.0,0,42.995338439941406,0,5
SH,FVD,137,1090,193,193,19.3,0.5916379690170288,0.6725019216537476,15.496512413024902,17.334087371826172,1.9268381595611572,0,-1,0,0,0.0,2.0,193,3.7720437049865723,0,0.0,0,0.0,0,17.02859115600586,0,5
SH,FVD,137,1091,400,400,40.0,0.26555436849594116,0.3410252630710602,1.2303967475891113,1.4921880960464478,0.40303829312324524,0,-1,1,400,1.0,2.0,400,1.1001423597335815,0,0.0,0,0.0,0,4.787376403808594,1,6
SH,FVD,137,1092,401,401,40.1,0.28470876812934875,0.41055813431739807,1.8543378114700317,2.352263927459717,0.7526374459266663,1,336,1,336,0.8379052369077307,2.0,336,0.0,0,0.0,0,0.0,0,0.0,1,6
SH,FVD,137,1093,324,324,32.4,0.2784346044063568,0.3376222550868988,11.1642484664917,13.347983360290527,0.8754661679267883,0,-1,1,246,0.7592592592592593,2.0,324,0.8116270303726196,0,0.0,0,0.0,0,19.04279136657715,1,6
SH,FVD,137,1094,1075,1075,107.5,0.3270570933818817,0.42700013518333435,9.838855743408203,10.392435073852539,5.759674549102783,1,178,1,178,0.1655813953488372,2.0,178,0.0,0,0.0,0,0.0,0,0.0,0,5
SH,FVD,137,1095,308,308,30.8,0.47955089807510376,0.6546043753623962,3.1734108924865723,3.843292236328125,2.4354476928710938,1,91,1,91,0.29545454545454547,2.0,91,0.0,0,0.0,0,0.0,0,0.0,2,7
SH,FVD,137,1096,644,644,64.4,0.37065383791923523,0.4940427839756012,6.533129692077637,7.170769214630127,4.95318078994751,1,181,1,181,0.281055900621118,2.0,181,0.0,0,0.0,0,0.0,0,0.0,2,7
SH,FVD,137,1097,155,155,15.5,0.46775516867637634,0.5849335789680481,6.682098865509033,9.775693893432617,1.6301077604293823,0,-1,1,17,0.10967741935483871,2.0,155,1.7311296463012695,0,0.0,0,0.0,0,4.641082286834717,1,6
SH,FVD,137,1098,163,163,16.3,0.15287195146083832,0.1913398802280426,7.836389064788818,10.614774703979492,1.315731406211853,0,-1,0,0,0.0,2.0,163,2.730649709701538,0,0.0,0,0.0,0,28.835674285888672,1,6
SH,FVD,137,1099,258,258,25.8,0.20823030173778534,0.28729361295700073,16.45938491821289,20.66803550720215,1.494879126548767,0,-1,1,180,0.6976744186046512,2.0,258,1.3793854713439941,0,0.0,0,0.0,0,9.980109214782715,1,6
SH,FVD,137,1100,156,156,15.600000000000001,0.427338570356369,0.5895676016807556,4.293952465057373,5.575148582458496,0.6420292258262634,0,-1,1,156,1.0,2.0,156,0.23018845915794373,0,0.0,0,0.0,0,1.8859353065490723,1,6
SH,FVD,137,1101,232,232,23.200000000000003,0.19754651188850403,0.22766444087028503,1.2110445499420166,1.4422699213027954,0.21476396918296814,0,-1,0,0,0.0,2.0,232,3.6731112003326416,0,0.0,0,0.0,0,2.3058459758758545,2,7
SH,FVD,137,1102,338,338,33.800000000000004,0.27060601115226746,0.33710625767707825,4.806580066680908,6.105607032775879,0.7897874116897583,0,-1,1,338,1.0,2.0,338,0.8640245795249939,0,0.0,0,0.0,0,8.951140403747559,0,5
SH,FVD,137,1103,633,633,63.300000000000004,0.21172623336315155,0.2758283317089081,3.6196725368499756,4.280761241912842,0.4415237307548523,1,571,1,79,0.12480252764612954,2.0,571,0.0,0,0.0,0,0.0,0,0.0,2,7
SH,FVD,137,1104,138,138,13.8,0.11810532212257385,0.14961989223957062,0.8568896055221558,1.1422420740127563,0.15053603053092957,0,-1,0,0,0.0,2.0,138,2.1360578536987305,0,0.0,0,0.0,0,24.159608840942383,2,7
SH,FVD,137,1105,283,283,28.3,0.2571294605731964,0.32107263803482056,7.610949516296387,8.702620506286621,0.6860221028327942,0,-1,0,0,0.0,2.0,283,2.8636255264282227,0,0.0,0,0.0,0,6.476883411407471,0,5
SH,FVD,137,1106,238,238,23.8,0.23049671947956085,0.31383368372917175,13.383788108825684,15.017537117004395,0.909559965133667,0,-1,0,0,0.0,2.0,238,3.620107412338257,0,0.0,0,0.0,0,13.136457443237305,1,6
SH,FVD,137,1107,200,200,20.0,0.2749272584915161,0.35397306084632874,2.9672107696533203,4.831247806549072,0.788155198097229,0,-1,1,200,1.0,2.0,200,1.1024863719940186,0,0.0,0,0.0,0,14.707690238952637,1,6
SH,FVD,137,1108,315,315,31.5,0.4103233218193054,0.5428012609481812,25.848342895507812,29.402175903320312,1.6859803199768066,0,-1,0,0,0.0,2.0,315,2.0942156314849854,0,0.0,0,0.0,0,13.155333518981934,2,7
SH,FVD,137,1109,136,136,13.600000000000001,0.3186408579349518,0.42568016052246094,4.006672382354736,5.879205226898193,1.231337308883667,0,-1,0,0,0.0,2.0,136,9.3298978805542,0,0.0,0,0.0,0,21.706520080566406,2,7
SH,FVD,137,1110,220,220,22.0,0.3360278308391571,0.38670411705970764,1.1762362718582153,1.440101981163025,0.641017496585846,0,-1,1,48,0.21818181818181817,2.0,220,1.9140114784240723,0,0.0,0,0.0,0,13.16916275024414,1,6
SH,FVD,137,1111,184,184,18.400000000000002,0.46807047724723816,0.529479444026947,27.51945686340332,33.9864501953125,3.4138550758361816,0,-1,0,0,0.0,2.0,184,3.6438939571380615,0,0.0,0,0.0,0,45.87232971191406,0,5
SH,FVD,137,1112,177,177,17.7,0.4635595679283142,0.5713945627212524,6.6351399421691895,7.231499671936035,0.8206294775009155,0,-1,1,126,0.711864406779661,2.0,177,1.5235564708709717,0,0.0,0,0.0,0,5.252347469329834,1,6
SH,FVD,137,1113,253,253,25.3,0.3093849718570709,0.41740116477012634,13.864471435546875,16.40058135986328,1.2475579977035522,0,-1,0,0,0.0,2.0,253,3.9361133575439453,0,0.0,0,0.0,0,69.38274383544922,1,6
SH,FVD,137,1114,178,178,17.8,0.5218836069107056,0.699245274066925,4.477964401245117,5.105093955993652,1.3629786968231201,1,116,1,116,0.651685393258427,2.0,116,0.0,0,0.0,0,0.0,0,0.0,1,6
SH,FVD,137,1115,274,274,27.400000000000002,0.5055252909660339,0.6124809384346008,10.988994598388672,13.994872093200684,1.6286803483963013,1,207,1,41,0.14963503649635038,2.0,207,0.0,0,0.0,0,0.0,0,0.0,1,6
SH,FVD,137,1116,282,282,28.200000000000003,0.18921242654323578,0.24702680110931396,3.659574508666992,4.072393894195557,0.39727267622947693,0,-1,1,282,1.0,2.0,282,0.5615451335906982,0,0.0,0,0.0,0,2.937307357788086,1,6
SH,FVD,137,1117,148,148,14.8,0.30013540387153625,0.3868827819824219,10.410889625549316,12.406909942626953,1.526303768157959,0,-1,0,0,0.0,2.0,148,3.901155948638916,0,0.0,0,0.0,0,6.217831611633301,0,5
SH,FVD,137,1118,373,373,37.300000000000004,0.24973979592323303,0.33106017112731934,7.054843425750732,8.353879928588867,0.7868740558624268,0,-1,1,284,0.7613941018766756,2.0,373,1.6523903608322144,0,0.0,0,0.0,0,23.928869247436523,1,6
SH,FVD,137,1119,204,204,20.400000000000002,1.250913143157959,1.4960654973983765,26.54374885559082,29.720287322998047,3.6332974433898926,0,-1,1,42,0.20588235294117646,2.0,204,1.3806419372558594,0,0.0,0,0.0,0,10.363740921020508,0,5
SH,FVD,137,1120,198,198,19.8,0.13292406499385834,0.19593550264835358,8.256370544433594,10.441285133361816,1.0676475763320923,0,-1,1,14,0.0707070707070707,2.0,198,1.9320793151855469,0,0.0,0,0.0,0,40.4470100402832,2,7
SH,FVD,137,1121,332,332,33.2,0.5275813937187195,0.7432698607444763,12.424967765808105,15.3319730758667,1.5286940336227417,0,-1,0,0,0.0,2.0,332,2.4845821857452393,0,0.0,0,0.0,0,32.65275955200195,2,7
SH,FVD,137,1122,207,207,20.700000000000003,0.35295069217681885,0.44100940227508545,5.913702964782715,7.486898422241211,0.7329774498939514,0,-1,0,0,0.0,2.0,207,3.945488691329956,0,0.0,0,0.0,0,6.848880767822266,1,6
SH,FVD,137,1123,878,878,87.80000000000001,0.36772483587265015,0.4974568486213684,4.840201377868652,6.03513765335083,1.51560640335083,1,516,1,112,0.1275626423690205,2.0,516,0.0,0,0.0,0,0.0,0,0.0,1,6
SH,FVD,137,1124,208,208,20.8,0.2977811098098755,0.40384766459465027,7.4370012283325195,8.567914962768555,0.8680945634841919,0,-1,1,59,0.28365384615384615,2.0,208,1.4946982860565186,0,0.0,0,0.0,0,7.457361698150635,0,5
SH,FVD,137,1125,225,225,22.5,0.5706198215484619,0.7726020216941833,8.675806045532227,11.031579971313477,1.5493971109390259,1,190,1,190,0.8444444444444444,2.0,190,0.0,0,0.0,0,0.0,0,0.0,1,6
SH,FVD,137,1126,242,242,24.200000000000003,0.20825739204883575,0.2449161857366562,2.2101759910583496,2.866175413131714,0.6924682855606079,0,-1,1,242,1.0,2.0,242,1.4564323425292969,0,0.0,0,0.0,0,22.449424743652344,1,6
SH,FVD,137,1127,419,419,41.900000000000006,0.1463235467672348,0.18937239050865173,21.95785140991211,27.187297821044922,1.1864604949951172,0,-1,0,0,0.0,2.0,419,2.5964102745056152,0,0.0,0,0.0,0,62.19950866699219,2,7
SH,FVD,137,1128,574,574,57.400000000000006,0.3426300883293152,0.4423038363456726,7.27608060836792,8.152287483215332,5.535647392272949,1,103,1,103,0.1794425087108014,2.0,103,0.0,0,0.0,0,0.0,0,0.0,2,7
SH,FVD,137,1129,563,563,56.300000000000004,0.1908286213874817,0.25391140580177307,3.5683753490448,4.0232439041137695,0.43538153171539307,0,-1,0,0,0.0,2.0,563,2.2026450634002686,0,0.0,0,0.0,0,5.578971862792969,2,7
SH,FVD,137,1130,510,510,51.0,0.30401861667633057,0.3779662251472473,23.958646774291992,29.648130416870117,1.4456682205200195,0,-1,0,0,0.0,2.0,510,3.4990575313568115,0,0.0,0,0.0,0,3.8032917976379395,2,7
SH,FVD,137,1131,216,216,21.6,0.5308344960212708,0.6965617537498474,5.594127178192139,7.050580024719238,1.2054184675216675,0,-1,1,67,0.3101851851851852,2.0,216,0.683763325214386,0,0.0,0,0.0,0,3.5381743907928467,1,6
SH,FVD,137,1132,381,381,38.1,0.36658382415771484,0.4667587876319885,5.011664867401123,6.629944801330566,1.060131549835205,1,346,1,346,0.9081364829396326,2.0,346,0.0,0,0.0,0,0.0,0,0.0,2,7
SH,FVD,137,1133,259,259,25.900000000000002,0.40183183550834656,0.5408733487129211,44.992244720458984,53.123085021972656,3.4286162853240967,0,-1,1,259,1.0,2.0,259,1.0691689252853394,0,0.0,0,0.0,0,23.7292423248291,1,6
SH,FVD,137,1134,136,136,13.600000000000001,0.2009868174791336,0.254291832447052,2.299102306365967,2.649822235107422,0.41119810938835144,0,-1,1,63,0.4632352941176471,2.0,136,1.6208304166793823,0,0.0,0,0.0,0,20.82120704650879,0,5
SH,FVD,137,1135,206,206,20.6,0.23076951503753662,0.2794893980026245,1.4042530059814453,1.5806360244750977,0.4341566562652588,0,-1,1,206,1.0,2.0,206,1.0586038827896118,0,0.0,0,0.0,0,8.96547794342041,1,6
SH,FVD,137,1136,274,274,27.400000000000002,0.428226500749588,0.5202779769897461,5.307599067687988,6.41055154800415,1.0347952842712402,0,-1,0,0,0.0,2.0,274,2.472806692123413,0,0.0,0,0.0,0,14.461823463439941,2,7
SH,FVD,137,1137,516,516,51.6,0.3406399190425873,0.44566768407821655,5.735281467437744,7.476701259613037,0.7796470522880554,0,-1,1,117,0.22674418604651161,2.0,516,1.160280466079712,0,0.0,0,0.0,0,2.739595413208008,1,6
SH,FVD,137,1138,201,201,20.1,0.2519243657588959,0.3124023973941803,2.4562697410583496,3.425630807876587,0.5245784521102905,0,-1,1,115,0.572139303482587,2.0,201,1.052053451538086,0,0.0,0,0.0,0,7.499687671661377,2,7
SH,FVD,137,1139,232,232,23.200000000000003,0.29180487990379333,0.3601231873035431,4.84756326675415,5.242692470550537,0.7456660866737366,1,141,1,141,0.6077586206896551,2.0,141,0.0,0,0.0,0,0.0,0,0.0,0,5
SH,FVD,137,1140,138,138,13.8,0.12883248925209045,0.16829383373260498,2.0482540130615234,2.3116836547851562,0.27838197350502014,0,-1,0,0,0.0,2.0,138,3.950091600418091,0,0.0,0,0.0,0,26.43462371826172,0,5
SH,FVD,137,1141,459,459,45.900000000000006,0.2177150398492813,0.2684558928012848,4.4647626876831055,5.914582252502441,0.7288587093353271,0,-1,1,376,0.8191721132897604,2.0,459,0.2957080900669098,0,0.0,0,0.0,0,2.7871222496032715,2,7
SH,FVD,137,1142,259,259,25.900000000000002,0.22870127856731415,0.2992877662181854,1.882724642753601,2.095729112625122,0.2928023338317871,0,-1,0,0,0.0,2.0,259,2.220057487487793,0,0.0,0,0.0,0,13.135323524475098,2,7
SH,FVD,137,1143,147,147,14.700000000000001,0.30456817150115967,0.38409245014190674,3.882550001144409,4.3654890060424805,0.7658953070640564,0,-1,0,0,0.0,2.0,147,2.3812997341156006,0,0.0,0,0.0,0,41.060054779052734,2,7
SH,FVD,137,1144,139,139,13.9,0.36024075746536255,0.46747103333473206,2.4947733879089355,2.9502499103546143,0.8600753545761108,0,-1,0,0,0.0,2.0,139,3.2938737869262695,0,0.0,0,0.0,0,3.340208053588867,2,7
SH,FVD,137,1145,585,585,58.5,0.40349164605140686,0.5065281987190247,2.0987305641174316,2.5699713230133057,0.6059461236000061,0,-1,1,518,0.8854700854700854,2.0,585,0.6451516151428223,0,0.0,0,0.0,0,6.067091941833496,0,5
SH,FVD,137,1146,236,236,23.6,0.34713584184646606,0.43073537945747375,5.24818229675293,7.0932464599609375,0.8886937499046326,0,-1,1,101,0.4279661016949153,2.0,236,1.0233808755874634,0,0.0,0,0.0,0,5.266082286834717,2,7
SH,FVD,137,1147,202,202,20.200000000000003,0.15017008781433105,0.19578027725219727,9.36854076385498,11.554998397827148,1.0007033348083496,0,-1,1,202,1.0,2.0,202,0.7856359481811523,0,0.0,0,0.0,0,15.722017288208008,1,6
SH,FVD,137,1148,200,200,20.0,0.16463230550289154,0.20014533400535583,4.077393054962158,5.354857921600342,0.5303022861480713,0,-1,1,200,1.0,2.0,200,0.9238748550415039,0,0.0,0,0.0,0,14.908388137817383,2,7
SH,FVD,137,1149,138,138,13.8,0.29797792434692383,0.4720284938812256,6.947367191314697,8.004136085510254,0.9764127731323242,0,-1,1,138,1.0,2.0,138,1.303361177444458,0,0.0,0,0.0,0,17.340097427368164,1,6
SH,FVD,137,1150,254,254,25.400000000000002,0.6867278814315796,0.8982361555099487,7.453084468841553,9.610906600952148,1.809830904006958,1,248,1,65,0.2559055118110236,2.0,248,0.0,0,0.0,0,0.0,0,0.0,1,6
SH,FVD,137,1151,259,259,25.900000000000002,0.3096292018890381,0.36541059613227844,11.787590026855469,15.618863105773926,1.3575668334960938,0,-1,1,259,1.0,2.0,259,1.5139907598495483,0,0.0,0,0.0,0,19.19600486755371,0,5
SH,FVD,137,1152,452,452,45.2,0.2646040916442871,0.36691340804100037,5.3047614097595215,6.453418731689453,1.4994736909866333,1,244,1,244,0.5398230088495575,2.0,244,0.0,0,0.0,0,0.0,0,0.0,0,5
SH,FVD,137,1153,211,211,21.1,0.3883770704269409,0.49383682012557983,1.4274367094039917,1.7655526399612427,0.3193105459213257,0,-1,1,211,1.0,2.0,211,0.6372604370117188,0,0.0,0,0.0,0,5.611057281494141,0,5
SH,FVD,137,1154,180,180,18.0,0.3221723139286041,0.46853429079055786,4.93173885345459,5.654270648956299,0.5374764800071716,0,-1,1,31,0.17222222222222222,2.0,180,0.2433749884366989,0,0.0,0,0.0,0,0.14421352744102478,0,5
SH,FVD,137,1155,452,452,45.2,0.23968128859996796,0.3535090386867523,17.393775939941406,18.878793716430664,0.9996662139892578,0,-1,1,35,0.07743362831858407,2.0,452,1.3594180345535278,0,0.0,0,0.0,0,9.119863510131836,1,6
SH,FVD,137,1156,776,776,77.60000000000001,0.32194584608078003,0.43684491515159607,8.417459487915039,10.44774055480957,3.7698440551757812,1,617,1,617,0.7951030927835051,2.0,617,0.0,0,0.0,0,0.0,0,0.0,1,6
SH,FVD,137,1157,181,181,18.1,0.25108227133750916,0.35235053300857544,5.0185747146606445,6.909302234649658,1.084265947341919,0,-1,1,142,0.7845303867403315,2.0,181,1.6968669891357422,0,0.0,0,0.0,0,27.17020034790039,0,5
SH,FVD,137,1158,317,317,31.700000000000003,0.27045366168022156,0.35160064697265625,7.088779926300049,8.225850105285645,1.2771207094192505,0,-1,1,207,0.6529968454258676,2.0,317,0.900161623954773,0,0.0,0,0.0,0,8.385412216186523,2,7
SH,FVD,137,1159,245,245,24.5,0.459056556224823,0.6021211743354797,2.364208459854126,3.018415689468384,2.2684669494628906,1,32,1,32,0.1306122448979592,2.0,32,0.0,0,0.0,0,0.0,0,0.0,1,6
SH,FVD,137,1160,237,237,23.700000000000003,0.2816709280014038,0.4308614730834961,3.808670997619629,4.276820182800293,0.7781197428703308,1,159,1,159,0.6708860759493671,2.0,159,0.0,0,0.0,0,0.0,0,0.0,2,7
SH,FVD,137,1161,144,144,14.4,0.28764626383781433,0.3456237316131592,2.6158838272094727,2.942387580871582,0.840462863445282,1,144,1,30,0.20833333333333334,2.0,144,0.0,0,0.0,0,0.0,0,0.0,2,7
SH,FVD,137,1162,168,168,16.8,0.42529061436653137,0.5411943793296814,1.896119236946106,2.5632882118225098,0.9782019853591919,1,110,1,72,0.42857142857142855,2.0,110,0.0,0,0.0,0,0.0,0,0.0,0,5
SH,FVD,137,1163,157,157,15.700000000000001,0.5039000511169434,0.5672675967216492,14.06444263458252,17.354860305786133,2.2242231369018555,0,-1,1,49,0.31210191082802546,2.0,157,1.2814292907714844,0,0.0,0,0.0,0,11.064126968383789,2,7
SH,FVD,137,1164,624,624,62.400000000000006,0.6619479060173035,0.8358795046806335,8.267756462097168,9.606054306030273,7.300591945648193,1,100,1,100,0.16025641025641027,2.0,100,0.0,0,0.0,0,0.0,0,0.0,2,7
SH,FVD,137,1165,234,234,23.400000000000002,0.1472809910774231,0.19650128483772278,0.5430929660797119,0.6344143152236938,0.18291129171848297,0,-1,0,0,0.0,2.0,234,2.15091609954834,0,0.0,0,0.0,0,19.17888832092285,1,6
SH,FVD,137,1166,282,282,28.200000000000003,0.18878228962421417,0.2262319028377533,7.23615837097168,8.522977828979492,0.7751032710075378,0,-1,1,148,0.524822695035461,2.0,282,1.1968902349472046,0,0.0,0,0.0,0,20.745826721191406,2,7
SH,FVD,137,1167,485,485,48.5,0.1959131509065628,0.24822886288166046,8.891895294189453,11.506553649902344,0.6083105206489563,0,-1,1,268,0.5525773195876289,2.0,485,0.47784751653671265,0,0.0,0,0.0,0,3.160877227783203,0,5
SH,FVD,137,1168,297,297,29.700000000000003,0.27972570061683655,0.3472664952278137,9.410340309143066,11.113668441772461,0.6282088756561279,0,-1,1,145,0.4882154882154882,2.0,297,1.5114765167236328,0,0.0,0,0.0,0,11.747273445129395,0,5
SH,FVD,137,1169,240,240,24.0,0.3443847894668579,0.4403228759765625,9.599347114562988,10.510367393493652,0.7506982088088989,0,-1,0,0,0.0,2.0,240,3.1393327713012695,0,0.0,0,0.0,0,4.851673603057861,0,5
SH,FVD,137,1170,301,301,30.1,0.11897750198841095,0.15682144463062286,5.078826904296875,7.231679439544678,0.724105179309845,0,-1,0,0,0.0,2.0,301,2.311235189437866,0,0.0,0,0.0,0,49.41904830932617,1,6
SH,FVD,137,1171,277,277,27.700000000000003,0.21378512680530548,0.26987871527671814,3.2055704593658447,3.779054880142212,0.564123809337616,0,-1,1,35,0.1263537906137184,2.0,277,0.10850747674703598,0,0.0,0,0.0,0,0.12034053355455399,0,5
SH,FVD,137,1172,171,171,17.1,0.1437212973833084,0.2130243480205536,4.990261554718018,5.369454383850098,0.3866952955722809,0,-1,1,171,1.0,2.0,171,0.75725257396698,0,0.0,0,0.0,0,12.748181343078613,1,6
SH,FVD,137,1173,261,261,26.1,0.32614630460739136,0.4579005837440491,2.264033555984497,2.8722829818725586,0.6952195167541504,0,-1,1,216,0.8275862068965517,2.0,261,1.2605714797973633,0,0.0,0,0.0,0,7.579620361328125,1,6
SH,FVD,137,1174,705,705,70.5,0.30050912499427795,0.36862435936927795,9.416411399841309,11.352377891540527,0.539203405380249,0,-1,1,237,0.33617021276595743,2.0,705,0.9106962084770203,0,0.0,0,0.0,0,3.275256872177124,0,5
SH,FVD,137,1175,142,142,14.200000000000001,0.5919552445411682,0.7428600788116455,6.590858459472656,8.026597023010254,1.19050133228302,0,-1,0,0,0.0,2.0,142,5.045329570770264,0,0.0,0,0.0,0,11.871665000915527,2,7
SH,FVD,137,1176,248,248,24.8,0.4673571288585663,0.5815519690513611,6.528954029083252,7.1029462814331055,2.672908067703247,1,67,1,67,0.2701612903225806,2.0,67,0.0,0,0.0,0,0.0,0,0.0,0,5
SH,FVD,137,1177,1263,1263,126.30000000000001,0.10141813009977341,0.1342509239912033,6.880539894104004,7.951479911804199,0.4201965034008026,0,-1,1,1127,0.8923198733174981,2.0,1263,0.6893482804298401,0,0.0,0,0.0,0,10.264798164367676,2,7
SH,FVD,137,1178,792,792,79.2,0.2613014280796051,0.348566472530365,18.57672882080078,21.44552993774414,8.856461524963379,1,285,1,285,0.35984848484848486,2.0,285,0.0,0,0.0,0,0.0,0,0.0,0,5
SH,FVD,137,1179,213,213,21.3,0.49453863501548767,0.6418678760528564,14.68189811706543,16.975820541381836,1.3869946002960205,0,-1,0,0,0.0,2.0,213,3.651366949081421,0,0.0,0,0.0,0,11.072758674621582,0,5
SH,FVD,137,1180,469,469,46.900000000000006,0.17767927050590515,0.2159077376127243,8.362770080566406,12.29331111907959,0.8942360281944275,0,-1,1,469,1.0,2.0,469,1.305692434310913,0,0.0,0,0.0,0,20.693490982055664,0,5
SH,FVD,137,1181,235,235,23.5,0.3261004686355591,0.4289746582508087,1.0925123691558838,1.3495368957519531,0.32956355810165405,1,230,1,59,0.251063829787234,2.0,230,0.0,0,0.0,0,0.0,0,0.0,0,5
SH,FVD,137,1182,162,162,16.2,0.39225658774375916,0.4766791760921478,4.504343509674072,6.085438251495361,1.0876661539077759,0,-1,1,162,1.0,2.0,162,0.4107336699962616,0,0.0,0,0.0,0,5.550721645355225,1,6
SH,FVD,137,1183,211,211,21.1,0.30789893865585327,0.45155805349349976,8.887964248657227,10.036651611328125,4.9852294921875,1,52,1,52,0.24644549763033174,2.0,52,0.0,0,0.0,0,0.0,0,0.0,1,6
SH,FVD,137,1184,270,270,27.0,0.28317949175834656,0.3506886959075928,4.553929805755615,4.939258098602295,0.46414652466773987,0,-1,0,0,0.0,2.0,270,3.135913372039795,0,0.0,0,0.0,0,3.9632177352905273,0,5
SH,FVD,137,1185,199,199,19.900000000000002,0.26893994212150574,0.33895355463027954,1.544199824333191,1.7549734115600586,0.3980043828487396,0,-1,1,199,1.0,2.0,199,0.854739785194397,0,0.0,0,0.0,0,7.105990409851074,2,7
SH,FVD,137,1186,737,737,73.7,0.25763648748397827,0.3373270034790039,9.732107162475586,11.180007934570312,0.687656581401825,0,-1,1,629,0.8534599728629579,2.0,737,0.668400228023529,0,0.0,0,0.0,0,9.873552322387695,2,7
SH,FVD,137,1187,177,177,17.7,0.3909456431865692,0.4941624701023102,1.8688477277755737,2.024653911590576,0.6309906840324402,0,-1,0,0,0.0,2.0,177,6.264908790588379,0,0.0,0,0.0,0,2.1550004482269287,2,7
SH,FVD,137,1188,145,145,14.5,0.21862852573394775,0.2665650546550751,2.0933496952056885,2.4289932250976562,0.31809306144714355,0,-1,1,145,1.0,2.0,145,0.6390785574913025,0,0.0,0,0.0,0,7.302157402038574,1,6
SH,FVD,137,1189,347,347,34.7,0.3907663822174072,0.4881879687309265,4.480923652648926,5.7411932945251465,1.2716394662857056,1,223,1,56,0.16138328530259366,2.0,223,0.0,0,0.0,0,0.0,0,0.0,2,7
SH,FVD,137,1190,389,389,38.900000000000006,0.4308507740497589,0.6366878747940063,6.378720283508301,7.965707302093506,1.1204341650009155,0,-1,1,389,1.0,2.0,389,0.2144017070531845,0,0.0,0,0.0,0,1.1936116218566895,0,5
SH,FVD,137,1191,229,229,22.900000000000002,0.3422923982143402,0.4294196367263794,3.0286037921905518,3.4899470806121826,2.9632561206817627,1,111,1,111,0.4847161572052402,2.0,111,0.0,0,0.0,0,0.0,0,0.0,0,5
SH,FVD,137,1192,363,363,36.300000000000004,0.36845070123672485,0.4385925233364105,5.834590911865234,6.758050918579102,0.6859066486358643,0,-1,0,0,0.0,2.0,363,2.3403048515319824,0,0.0,0,0.0,0,2.3827810287475586,2,7
SH,FVD,137,1193,170,170,17.0,0.31387510895729065,0.4222836494445801,4.992465972900391,5.381324291229248,0.5963947772979736,0,-1,1,165,0.9705882352941176,2.0,170,1.3074829578399658,0,0.0,0,0.0,0,16.516021728515625,1,6
SH,FVD,137,1194,154,154,15.4,0.5306749939918518,0.6426967978477478,14.352689743041992,16.967435836791992,1.805431604385376,0,-1,0,0,0.0,2.0,154,4.568519115447998,0,0.0,0,0.0,0,42.926631927490234,1,6
SH,FVD,137,1195,610,610,61.0,0.2352617084980011,0.2856345474720001,4.383633136749268,5.024451732635498,0.4857383370399475,0,-1,1,610,1.0,2.0,610,0.7626951336860657,0,0.0,0,0.0,0,9.953493118286133,1,6
SH,FVD,137,1196,527,527,52.7,0.3077433109283447,0.3817003071308136,6.245849132537842,7.399147033691406,0.9826510548591614,1,454,1,179,0.3396584440227704,2.0,454,0.0,0,0.0,0,0.0,0,0.0,0,5
SH,FVD,137,1197,219,219,21.900000000000002,0.31689202785491943,0.3926551640033722,6.757894039154053,7.899003505706787,0.9880182147026062,0,-1,0,0,0.0,2.0,219,3.290008068084717,0,0.0,0,0.0,0,5.367096424102783,2,7
SH,FVD,137,1198,142,142,14.200000000000001,0.2848283052444458,0.33737513422966003,3.612070322036743,4.267430305480957,0.5256257057189941,0,-1,1,31,0.21830985915492956,2.0,142,1.4806108474731445,0,0.0,0,0.0,0,8.647006034851074,0,5
SH,FVD,137,1199,193,193,19.3,0.31708094477653503,0.4424014091491699,3.863229274749756,4.636910438537598,0.5195547342300415,0,-1,0,0,0.0,2.0,193,3.1888890266418457,0,0.0,0,0.0,0,7.000304698944092,1,6
SH,FVD,137,1200,170,170,17.0,0.1487884819507599,0.18721498548984528,4.0965752601623535,5.209031581878662,0.541797399520874,0,-1,1,165,0.9705882352941176,2.0,170,1.6185046434402466,0,0.0,0,0.0,0,35.426513671875,2,7
SH,FVD,137,1201,324,324,32.4,0.24718864262104034,0.4085904657840729,3.7519192695617676,4.173594951629639,2.106952667236328,1,107,1,107,0.33024691358024694,2.0,107,0.0,0,0.0,0,0.0,0,0.0,2,7
SH,FVD,137,1202,347,347,34.7,0.27446532249450684,0.3398510813713074,12.125831604003906,13.517767906188965,0.6511656641960144,0,-1,0,0,0.0,2.0,347,2.222606897354126,0,0.0,0,0.0,0,4.172017574310303,2,7
SH,FVD,137,1203,220,220,22.0,0.5760824084281921,0.797342836856842,8.67636775970459,10.947864532470703,1.541199803352356,1,186,1,28,0.12727272727272726,2.0,186,0.0,0,0.0,0,0.0,0,0.0,2,7
SH,FVD,137,1204,542,542,54.2,0.26191893219947815,0.31424379348754883,7.923409938812256,8.861083030700684,0.49950698018074036,0,-1,1,537,0.9907749077490775,2.0,542,1.6595563888549805,0,0.0,0,0.0,0,24.247333526611328,1,6
SH,FVD,137,1205,224,224,22.400000000000002,0.14070521295070648,0.16748493909835815,2.0014259815216064,2.4918973445892334,0.46932452917099,0,-1,1,224,1.0,2.0,224,1.2455683946609497,0,0.0,0,0.0,0,36.20785140991211,0,5
SH,FVD,137,1206,134,134,13.4,0.31595027446746826,0.3983359634876251,7.0606584548950195,9.092028617858887,1.4298901557922363,0,-1,1,134,1.0,2.0,134,0.5157716870307922,0,0.0,0,0.0,0,10.691965103149414,1,6
SH,FVD,137,1207,231,231,23.1,0.33070340752601624,0.44374269247055054,5.4990458488464355,6.058953762054443,3.9850406646728516,1,93,1,93,0.4025974025974026,2.0,93,0.0,0,0.0,0,0.0,0,0.0,0,5
SH,FVD,137,1208,305,305,30.5,0.40448057651519775,0.5040296316146851,3.3009350299835205,4.486577033996582,1.076680064201355,1,255,1,255,0.8360655737704918,2.0,255,0.0,0,0.0,0,0.0,0,0.0,0,5
SH,FVD,137,1209,187,187,18.7,0.1672745943069458,0.22297847270965576,4.491919040679932,5.1897125244140625,0.41176837682724,0,-1,0,0,0.0,2.0,187,2.533010959625244,0,0.0,0,0.0,0,9.44843578338623,1,6
SH,FVD,137,1210,165,165,16.5,0.23964600265026093,0.354992151260376,2.1054933071136475,2.348609685897827,0.3690603971481323,0,-1,1,111,0.6727272727272727,2.0,165,0.881666898727417,0,0.0,0,0.0,0,7.947201728820801,0,5
SH,FVD,137,1211,291,291,29.1,0.3136201798915863,0.40383946895599365,15.794468879699707,18.56264877319336,1.106882095336914,0,-1,1,84,0.28865979381443296,2.0,291,1.298634648323059,0,0.0,0,0.0,0,10.22145938873291,1,6
SH,FVD,137,1212,143,143,14.3,0.28366339206695557,0.3568476140499115,2.396514415740967,2.698014974594116,0.5094290971755981,0,-1,1,143,1.0,2.0,143,0.653653621673584,0,0.0,0,0.0,0,9.296158790588379,2,7
SH,FVD,137,1213,248,248,24.8,0.4769105911254883,0.6064500212669373,4.8259663581848145,5.9387030601501465,4.207383155822754,1,75,1,75,0.3024193548387097,2.0,75,0.0,0,0.0,0,0.0,0,0.0,1,6
SH,FVD,137,1214,346,346,34.6,0.15817131102085114,0.19081281125545502,1.4464689493179321,1.7660771608352661,0.36810868978500366,0,-1,1,315,0.9104046242774566,2.0,346,1.3293275833129883,0,0.0,0,0.0,0,24.168546676635742,1,6
SH,FVD,137,1215,270,270,27.0,0.2667945325374603,0.33871182799339294,5.937581539154053,7.827107906341553,1.3545864820480347,0,-1,1,270,1.0,2.0,270,1.0885423421859741,0,0.0,0,0.0,0,22.1978702545166,1,6
SH,FVD,137,1216,500,500,50.0,0.32556501030921936,0.41990652680397034,9.347330093383789,12.452973365783691,1.0226362943649292,0,-1,1,132,0.264,2.0,500,1.0066866874694824,0,0.0,0,0.0,0,2.2322821617126465,1,6
SH,FVD,137,1217,236,236,23.6,0.21686415374279022,0.2633531093597412,2.582219123840332,3.187685251235962,0.5724166631698608,0,-1,1,235,0.9957627118644068,2.0,236,0.9230876564979553,0,0.0,0,0.0,0,14.618887901306152,0,5
SH,FVD,137,1218,137,137,13.700000000000001,0.36069658398628235,0.41973742842674255,5.96353006362915,6.9452009201049805,0.8680588603019714,0,-1,1,137,1.0,2.0,137,1.2398560047149658,0,0.0,0,0.0,0,9.602856636047363,1,6
SH,FVD,137,1219,164,164,16.400000000000002,0.3366090655326843,0.4216289222240448,1.4658055305480957,1.851277232170105,0.4374285340309143,0,-1,0,0,0.0,2.0,164,3.0517892837524414,0,0.0,0,0.0,0,3.965517044067383,1,6
SH,FVD,137,1220,145,145,14.5,0.34694191813468933,0.41965189576148987,1.9096989631652832,2.083251714706421,0.47531354427337646,0,-1,0,0,0.0,2.0,145,2.4898502826690674,0,0.0,0,0.0,0,22.82505226135254,2,7
SH,FVD,137,1221,496,496,49.6,0.17698240280151367,0.23006393015384674,1.130371332168579,1.358116626739502,0.2869623303413391,0,-1,0,0,0.0,2.0,496,2.698495864868164,0,0.0,0,0.0,0,9.223930358886719,2,7
SH,FVD,137,1222,368,368,36.800000000000004,0.3348369896411896,0.4331657290458679,8.210957527160645,8.816789627075195,0.7600994110107422,0,-1,1,25,0.06793478260869565,2.0,368,0.669806718826294,0,0.0,0,0.0,0,2.3532187938690186,0,5
SH,FVD,137,1223,239,239,23.900000000000002,0.2128593623638153,0.25727543234825134,2.2714791297912598,2.910939931869507,0.4586670696735382,0,-1,0,0,0.0,2.0,239,3.142036199569702,0,0.0,0,0.0,0,3.3627262115478516,1,6
SH,FVD,137,1224,541,541,54.1,0.18479783833026886,0.240742027759552,43.50651931762695,60.87540054321289,2.5397517681121826,0,-1,1,76,0.14048059149722736,2.0,541,1.147289514541626,0,0.0,0,0.0,0,5.956785202026367,2,7
SH,FVD,137,1225,237,237,23.700000000000003,0.2887875437736511,0.35452908277511597,5.484610080718994,5.976800918579102,0.43321284651756287,0,-1,1,61,0.25738396624472576,2.0,237,1.3105536699295044,0,0.0,0,0.0,0,3.006143569946289,0,5
SH,FVD,137,1226,197,197,19.700000000000003,0.2612197697162628,0.35358092188835144,10.623445510864258,11.888862609863281,0.8710039854049683,0,-1,0,0,0.0,2.0,197,3.6327531337738037,0,0.0,0,0.0,0,5.799656867980957,0,5
SH,FVD,137,1227,214,214,21.400000000000002,0.3553602695465088,0.43535709381103516,6.5285444259643555,7.46038293838501,0.9989692568778992,0,-1,0,0,0.0,2.0,214,3.487863302230835,0,0.0,0,0.0,0,4.399654865264893,1,6
SH,FVD,137,1228,305,305,30.5,0.43175023794174194,0.5874430537223816,5.5062408447265625,6.486057758331299,3.63588547706604,1,227,1,227,0.7442622950819672,2.0,227,0.0,0,0.0,0,0.0,0,0.0,1,6
SH,FVD,137,1229,309,309,30.900000000000002,0.2599806487560272,0.301548570394516,28.41494369506836,35.36374282836914,2.007368803024292,0,-1,1,309,1.0,2.0,309,1.0501930713653564,0,0.0,0,0.0,0,21.858720779418945,2,7
SH,FVD,137,1230,212,212,21.200000000000003,0.2647855877876282,0.3506162166595459,4.413719177246094,4.961446285247803,0.5224611759185791,0,-1,1,212,1.0,2.0,212,0.3588798940181732,0,0.0,0,0.0,0,4.438688278198242,0,5
SH,FVD,137,1231,311,311,31.1,0.22404205799102783,0.2750698924064636,3.366271495819092,4.097517013549805,0.4634034335613251,0,-1,1,7,0.022508038585209004,2.0,311,1.6589548587799072,0,0.0,0,0.0,0,1.8128418922424316,1,6
SH,FVD,137,1232,186,186,18.6,0.29406583309173584,0.3368091881275177,5.2254180908203125,6.157949924468994,0.6187263131141663,0,-1,1,186,1.0,2.0,186,0.4652678370475769,0,0.0,0,0.0,0,8.271533012390137,2,7
SH,FVD,137,1233,131,131,13.100000000000001,0.505652666091919,0.6147117018699646,5.210497856140137,6.220818519592285,0.9616726040840149,0,-1,1,65,0.4961832061068702,2.0,131,1.283468246459961,0,0.0,0,0.0,0,6.451185703277588,2,7
SH,FVD,137,1234,254,254,25.400000000000002,0.371751606464386,0.42370012402534485,10.212730407714844,17.76270866394043,2.1961491107940674,0,-1,1,185,0.7283464566929134,2.0,254,1.5656150579452515,0,0.0,0,0.0,0,13.084699630737305,0,5
SH,FVD,137,1235,463,463,46.300000000000004,0.26586318016052246,0.3504217565059662,6.877256393432617,7.884871006011963,0.5749492645263672,1,434,1,86,0.1857451403887689,2.0,434,0.0,0,0.0,0,0.0,0,0.0,1,6
SH,FVD,137,1236,266,266,26.6,0.2234129011631012,0.30549779534339905,4.017048358917236,5.0479865074157715,0.8568577170372009,0,-1,1,266,1.0,2.0,266,0.4206089973449707,0,0.0,0,0.0,0,2.944002389907837,0,5
SH,FVD,137,1237,1208,1208,120.80000000000001,0.3022219240665436,0.41732966899871826,5.08056116104126,6.085917949676514,2.464648962020874,1,797,1,797,0.6597682119205298,2.0,797,0.0,0,0.0,0,0.0,0,0.0,1,6
SH,FVD,137,1238,155,155,15.5,0.12986475229263306,0.17573584616184235,3.6671226024627686,4.311661720275879,0.5230880975723267,0,-1,1,155,1.0,2.0,155,1.7735424041748047,0,0.0,0,0.0,0,22.330759048461914,2,7
SH,FVD,137,1239,333,333,33.300000000000004,0.2505447268486023,0.35000285506248474,3.223111152648926,3.841052293777466,0.5249003767967224,1,310,1,310,0.9309309309309309,2.0,310,0.0,0,0.0,0,0.0,0,0.0,2,7
SH,FVD,137,1240,186,186,18.6,0.3062133491039276,0.4038252830505371,5.29555082321167,6.310434341430664,0.6982176303863525,0,-1,1,183,0.9838709677419355,2.0,186,1.0581557750701904,0,0.0,0,0.0,0,24.769184112548828,0,5
SH,FVD,137,1241,1347,1347,134.70000000000002,0.25269946455955505,0.3477008044719696,4.144988536834717,4.975208759307861,1.8547875881195068,1,983,1,459,0.34075723830734966,2.0,983,0.0,0,0.0,0,0.0,0,0.0,2,7
SH,FVD,137,1242,415,415,41.5,0.18699978291988373,0.24338194727897644,6.308928966522217,8.425336837768555,0.6026893258094788,0,-1,1,415,1.0,2.0,415,1.0873407125473022,0,0.0,0,0.0,0,22.295377731323242,1,6
SH,FVD,137,1243,164,164,16.400000000000002,0.4835844337940216,0.6147671341896057,2.4693684577941895,2.822036027908325,0.6639429330825806,0,-1,0,0,0.0,2.0,164,5.042716026306152,0,0.0,0,0.0,0,7.94403600692749,2,7
SH,FVD,137,1244,776,776,77.60000000000001,0.4411354959011078,0.6172192692756653,6.716294765472412,7.852699279785156,4.329251766204834,1,88,1,88,0.1134020618556701,2.0,88,0.0,0,0.0,0,0.0,0,0.0,2,7
SH,FVD,137,1245,158,158,15.8,0.09906664490699768,0.151544451713562,0.34393101930618286,0.4360845983028412,0.2121618688106537,0,-1,1,4,0.02531645569620253,2.0,158,1.96046781539917,0,0.0,0,0.0,0,57.927818298339844,1,6
SH,FVD,137,1246,770,770,77.0,0.49348583817481995,0.7116831541061401,13.372014045715332,17.052141189575195,6.961522579193115,1,126,1,126,0.16363636363636364,2.0,126,0.0,0,0.0,0,0.0,0,0.0,0,5
SH,FVD,137,1247,207,207,20.700000000000003,0.31321120262145996,0.3528234660625458,8.488006591796875,9.83266830444336,0.9215274453163147,0,-1,1,207,1.0,2.0,207,1.3327527046203613,0,0.0,0,0.0,0,18.01568031311035,2,7
SH,FVD,137,1248,805,805,80.5,0.36658939719200134,0.5048258304595947,7.144755840301514,10.770349502563477,0.8576470017433167,1,738,1,475,0.5900621118012422,2.0,738,0.0,0,0.0,0,0.0,0,0.0,2,7
SH,FVD,137,1249,168,168,16.8,0.4569121301174164,0.5807135105133057,0.9239092469215393,1.2357107400894165,0.5744973421096802,0,-1,1,168,1.0,2.0,168,0.6668645143508911,0,0.0,0,0.0,0,6.785980701446533,1,6
SH,FVD,137,1250,296,296,29.6,0.34730294346809387,0.4651026427745819,13.126602172851562,15.555276870727539,1.7914577722549438,0,-1,1,23,0.0777027027027027,2.0,296,0.5240183472633362,0,0.0,0,0.0,0,1.3794364929199219,1,6
SH,FVD,137,1251,1684,1684,168.4,0.3119845688343048,0.4194931387901306,10.2686128616333,11.579493522644043,8.338973999023438,1,378,1,378,0.22446555819477435,2.0,378,0.0,0,0.0,0,0.0,0,0.0,1,6
SH,FVD,137,1252,329,329,32.9,0.4811569154262543,0.6447749733924866,5.197788238525391,5.777020454406738,2.594461679458618,1,47,1,47,0.14285714285714285,2.0,47,0.0,0,0.0,0,0.0,0,0.0,0,5
SH,FVD,137,1253,425,425,42.5,0.4595988690853119,0.5836858153343201,5.717773914337158,8.21387004852295,3.6617653369903564,1,237,1,217,0.5105882352941177,2.0,237,0.0,0,0.0,0,0.0,0,0.0,1,6
SH,FVD,137,1254,138,138,13.8,0.42354336380958557,0.4973061680793762,1.602272629737854,1.7255859375,0.38792744278907776,0,-1,0,0,0.0,2.0,138,4.388864040374756,0,0.0,0,0.0,0,9.126229286193848,2,7
SH,FVD,137,1255,194,194,19.400000000000002,0.31994542479515076,0.3779408931732178,4.343378067016602,5.960026264190674,0.8015220165252686,0,-1,1,4,0.020618556701030927,2.0,194,1.9830988645553589,0,0.0,0,0.0,0,4.0658698081970215,0,5
SH,FVD,137,1256,208,208,20.8,0.514207124710083,0.5945291519165039,9.81748104095459,11.0137939453125,1.0721386671066284,0,-1,0,0,0.0,2.0,208,2.4615628719329834,0,0.0,0,0.0,0,3.2608284950256348,1,6
SH,FVD,137,1257,178,178,17.8,0.20417828857898712,0.27913936972618103,13.106082916259766,15.901762962341309,1.6387152671813965,0,-1,1,178,1.0,2.0,178,1.2220206260681152,0,0.0,0,0.0,0,19.742847442626953,2,7
SH,FVD,137,1258,220,220,22.0,0.4254207909107208,0.5298550724983215,2.4675159454345703,2.999889612197876,0.6132811903953552,1,186,1,186,0.8454545454545455,2.0,186,0.0,0,0.0,0,0.0,0,0.0,0,5
SH,FVD,137,1259,217,217,21.700000000000003,0.11798369139432907,0.14932912588119507,2.719705581665039,3.1038973331451416,0.26036131381988525,0,-1,1,217,1.0,2.0,217,0.8046699166297913,0,0.0,0,0.0,0,20.784908294677734,2,7
SH,FVD,137,1260,150,150,15.0,0.2893226444721222,0.3888717293739319,6.247499465942383,6.943896293640137,0.6737537384033203,0,-1,0,0,0.0,2.0,150,2.0276262760162354,0,0.0,0,0.0,0,10.984798431396484,2,7
SH,FVD,137,1261,303,303,30.3,0.32026243209838867,0.5129578113555908,5.992434978485107,6.533989429473877,3.8352692127227783,1,201,1,201,0.6633663366336634,2.0,201,0.0,0,0.0,0,0.0,0,0.0,0,5
SH,FVD,137,1262,220,220,22.0,0.3237342834472656,0.38216927647590637,1.8165175914764404,2.196702003479004,0.5310641527175903,0,-1,0,0,0.0,2.0,220,2.790825843811035,0,0.0,0,0.0,0,3.7663211822509766,1,6
SH,FVD,137,1263,266,266,26.6,0.3421376645565033,0.45485633611679077,8.69680404663086,9.908098220825195,1.2825343608856201,0,-1,0,0,0.0,2.0,266,2.272238254547119,0,0.0,0,0.0,0,5.396020889282227,2,7
SH,FVD,137,1264,249,249,24.900000000000002,0.5093942284584045,0.6957523822784424,12.83137321472168,16.479650497436523,1.6444991827011108,0,-1,1,193,0.7751004016064257,2.0,249,1.0657719373703003,0,0.0,0,0.0,0,14.813636779785156,1,6
SH,FVD,137,1265,201,201,20.1,0.41746842861175537,0.5326008796691895,7.00614595413208,8.490277290344238,0.9026607871055603,0,-1,0,0,0.0,2.0,201,2.7712464332580566,0,0.0,0,0.0,0,15.063691139221191,0,5
SH,FVD,137,1266,161,161,16.1,0.3291280269622803,0.4026019871234894,1.5926580429077148,2.281646490097046,0.7224619388580322,0,-1,1,161,1.0,2.0,161,0.8731775879859924,0,0.0,0,0.0,0,7.207232475280762,1,6
SH,FVD,137,1267,186,186,18.6,0.18514998257160187,0.2908506393432617,0.8248705863952637,1.0017043352127075,0.4120655357837677,1,142,1,142,0.7634408602150538,2.0,142,0.0,0,0.0,0,0.0,0,0.0,1,6
SH,FVD,137,1268,917,917,91.7,0.5123867988586426,0.725601851940155,4.477716445922852,5.708208084106445,3.500248670578003,1,251,1,115,0.12540894220283533,2.0,251,0.0,0,0.0,0,0.0,0,0.0,1,6
SH,FVD,137,1269,1035,1035,103.5,0.19381669163703918,0.24975869059562683,7.970134258270264,9.299393653869629,9.928484916687012,1,421,1,421,0.4067632850241546,2.0,421,0.0,0,0.0,0,0.0,0,0.0,0,5
SH,FVD,137,1270,499,499,49.900000000000006,0.13929998874664307,0.17627714574337006,28.586496353149414,31.527124404907227,0.8961209058761597,0,-1,1,499,1.0,2.0,499,1.698876976966858,0,0.0,0,0.0,0,32.056678771972656,1,6
SH,FVD,137,1271,400,400,40.0,0.22769096493721008,0.28110164403915405,10.293971061706543,11.774283409118652,2.669661045074463,1,347,1,347,0.8675,2.0,347,0.0,0,0.0,0,0.0,0,0.0,2,7
SH,FVD,137,1272,245,245,24.5,0.45120254158973694,0.5792197585105896,7.3659443855285645,8.717803955078125,1.2708507776260376,0,-1,0,0,0.0,2.0,245,3.1398515701293945,0,0.0,0,0.0,0,4.249083995819092,2,7
SH,FVD,137,1273,308,308,30.8,0.44046783447265625,0.500860333442688,19.050155639648438,21.520565032958984,1.4082484245300293,0,-1,0,0,0.0,2.0,308,2.931717872619629,0,0.0,0,0.0,0,7.251657009124756,0,5
SH,FVD,137,1274,165,165,16.5,0.2821006178855896,0.4162166118621826,12.631199836730957,14.882135391235352,1.6605620384216309,0,-1,0,0,0.0,2.0,165,2.832951784133911,0,0.0,0,0.0,0,7.386073589324951,1,6
SH,FVD,137,1275,733,733,73.3,0.1828755885362625,0.24501118063926697,2.3880813121795654,3.4672763347625732,0.29668086767196655,0,-1,1,87,0.11869031377899045,2.0,733,1.78803551197052,0,0.0,0,0.0,0,6.574047088623047,1,6
SH,FVD,137,1276,449,449,44.900000000000006,0.5882485508918762,0.7490827441215515,6.68408203125,7.690185546875,3.86649227142334,1,76,1,76,0.16926503340757237,2.0,76,0.0,0,0.0,0,0.0,0,0.0,0,5
SH,FVD,137,1277,136,136,13.600000000000001,0.2876555621623993,0.3621715009212494,1.4824399948120117,1.8623604774475098,0.5051078796386719,1,116,1,116,0.8529411764705882,2.0,116,0.0,0,0.0,0,0.0,0,0.0,1,6
SH,FVD,137,1278,279,279,27.900000000000002,0.3971143364906311,0.514997124671936,3.614262819290161,4.154792785644531,0.7889690399169922,1,268,1,114,0.40860215053763443,2.0,268,0.0,0,0.0,0,0.0,0,0.0,0,5
SH,FVD,137,1279,358,358,35.800000000000004,0.6144447922706604,0.6892891526222229,26.742969512939453,34.21580505371094,3.542855978012085,1,193,1,66,0.18435754189944134,2.0,193,0.0,0,0.0,0,0.0,0,0.0,1,6
SH,FVD,137,1280,153,153,15.3,0.49739572405815125,0.8313403725624084,0.9103661775588989,1.6585890054702759,1.4926388263702393,1,143,1,143,0.934640522875817,2.0,143,0.0,0,0.0,0,0.0,0,0.0,1,6
SH,FVD,137,1281,167,167,16.7,0.16304557025432587,0.21165691316127777,3.4129109382629395,4.139847755432129,0.552280604839325,0,-1,1,167,1.0,2.0,167,0.7713292241096497,0,0.0,0,0.0,0,9.573959350585938,1,6
SH,FVD,137,1282,182,182,18.2,0.2690017819404602,0.3750835061073303,2.1003451347351074,2.665923595428467,0.6281481385231018,1,124,1,76,0.4175824175824176,2.0,124,0.0,0,0.0,0,0.0,0,0.0,0,5
SH,FVD,137,1283,169,169,16.900000000000002,0.35686370730400085,0.49454569816589355,4.228084564208984,4.5852556228637695,0.571922779083252,0,-1,1,54,0.31952662721893493,2.0,169,1.8880788087844849,0,0.0,0,0.0,0,5.387275695800781,2,7
SH,FVD,137,1284,710,710,71.0,0.34284287691116333,0.4911101460456848,3.013331413269043,4.1604790687561035,0.6564511656761169,0,-1,1,710,1.0,2.0,710,0.09909120947122574,0,0.0,0,0.0,0,1.1483516693115234,2,7
SH,FVD,137,1285,192,192,19.200000000000003,0.2270452380180359,0.2797461450099945,0.8898124098777771,1.389304757118225,0.36727407574653625,0,-1,1,192,1.0,2.0,192,0.9449779987335205,0,0.0,0,0.0,0,17.37604331970215,0,5
SH,FVD,137,1286,151,151,15.100000000000001,0.16972491145133972,0.24644775688648224,3.1690359115600586,3.918699264526367,0.5046335458755493,0,-1,0,0,0.0,2.0,151,3.1796414852142334,0,0.0,0,0.0,0,60.01740264892578,1,6
SH,FVD,137,1287,308,308,30.8,0.2780929207801819,0.371050089597702,5.09372615814209,6.053208827972412,0.7081567049026489,1,308,1,43,0.1396103896103896,2.0,308,0.0,0,0.0,0,0.0,0,0.0,1,6
SH,FVD,137,1288,131,131,13.100000000000001,0.3031187355518341,0.3583489656448364,7.076593399047852,8.628898620605469,1.2863986492156982,0,-1,1,13,0.09923664122137404,2.0,131,1.7070878744125366,0,0.0,0,0.0,0,4.744729995727539,0,5
SH,FVD,137,1289,164,164,16.400000000000002,0.2593112885951996,0.3087526857852936,2.9898316860198975,3.713751792907715,0.47206911444664,0,-1,1,164,1.0,2.0,164,0.7350382208824158,0,0.0,0,0.0,0,6.046450138092041,0,5
SH,FVD,137,1290,406,406,40.6,0.31672579050064087,0.40461552143096924,8.275372505187988,9.355204582214355,1.1866732835769653,0,-1,1,168,0.41379310344827586,2.0,406,0.7183462381362915,0,0.0,0,0.0,0,12.41727352142334,2,7
SH,FVD,137,1291,330,330,33.0,0.21260888874530792,0.2540278434753418,3.5662012100219727,4.078063011169434,0.3264736235141754,0,-1,1,330,1.0,2.0,330,0.7721219062805176,0,0.0,0,0.0,0,8.573436737060547,1,6
SH,FVD,137,1292,230,230,23.0,0.20311301946640015,0.2510061264038086,2.000779151916504,2.6646413803100586,0.48050373792648315,1,214,1,29,0.12608695652173912,2.0,214,0.0,0,0.0,0,0.0,0,0.0,2,7
SH,FVD,137,1293,145,145,14.5,0.4479917287826538,0.6093679070472717,12.635736465454102,15.8637113571167,1.8199338912963867,0,-1,1,145,1.0,2.0,145,0.11769922822713852,0,0.0,0,0.0,0,1.207281470298767,0,5
SH,FVD,137,1294,170,170,17.0,0.28721413016319275,0.34435662627220154,9.486286163330078,11.624100685119629,1.3480478525161743,0,-1,1,70,0.4117647058823529,2.0,170,1.4131196737289429,0,0.0,0,0.0,0,12.473727226257324,0,5
SH,FVD,137,1295,189,189,18.900000000000002,0.5447338819503784,0.7463152408599854,3.4912490844726562,4.241395473480225,0.8303666710853577,0,-1,1,189,1.0,2.0,189,0.12796258926391602,0,0.0,0,0.0,0,0.4682495594024658,0,5
SH,FVD,137,1296,333,333,33.300000000000004,0.12225793302059174,0.1595303863286972,1.9082716703414917,2.485908269882202,0.24120722711086273,0,-1,1,333,1.0,2.0,333,0.5691778659820557,0,0.0,0,0.0,0,10.839778900146484,0,5
SH,FVD,137,1297,217,217,21.700000000000003,0.24987667798995972,0.3009786605834961,0.9265682101249695,1.2418674230575562,0.20398709177970886,1,207,1,54,0.2488479262672811,2.0,207,0.0,0,0.0,0,0.0,0,0.0,0,5
SH,FVD,137,1298,210,210,21.0,0.27068841457366943,0.3209551274776459,7.777864933013916,9.310961723327637,1.1731890439987183,1,122,1,47,0.22380952380952382,2.0,122,0.0,0,0.0,0,0.0,0,0.0,1,6
SH,FVD,137,1299,418,418,41.800000000000004,0.25377166271209717,0.3417123556137085,2.118257522583008,2.375746250152588,0.9764780402183533,1,357,1,257,0.6148325358851675,2.0,357,0.0,0,0.0,0,0.0,0,0.0,2,7
SH,FVD,137,1300,175,175,17.5,0.13100309669971466,0.15533961355686188,0.4822111427783966,0.6185507774353027,0.46930062770843506,1,93,1,29,0.1657142857142857,2.0,93,0.0,0,0.0,0,0.0,0,0.0,0,5
SH,FVD,137,1301,133,133,13.3,0.05341458320617676,0.06878377497196198,0.9995195269584656,1.3050742149353027,0.20558026432991028,0,-1,0,0,0.0,2.0,133,4.438982963562012,0,0.0,0,0.0,0,90.62710571289062,0,5
SH,FVD,137,1302,162,162,16.2,0.2443409264087677,0.2820627689361572,4.956192493438721,5.881321907043457,0.6933873295783997,0,-1,0,0,0.0,2.0,162,2.4660253524780273,0,0.0,0,0.0,0,15.23733901977539,2,7
SH,FVD,137,1303,283,283,28.3,0.6663383841514587,0.8840942978858948,10.092659950256348,14.338250160217285,2.106719970703125,0,-1,1,60,0.21201413427561838,2.0,283,1.81099271774292,0,0.0,0,0.0,0,23.461376190185547,1,6
SH,FVD,137,1304,169,169,16.900000000000002,0.3266100585460663,0.4174477756023407,5.8958024978637695,6.841615676879883,1.1132949590682983,0,-1,1,56,0.33136094674556216,2.0,169,1.7533278465270996,0,0.0,0,0.0,0,22.77893829345703,0,5
SH,FVD,137,1305,352,352,35.2,0.28338155150413513,0.344510018825531,15.525683403015137,17.897043228149414,1.3513967990875244,0,-1,1,252,0.7159090909090909,2.0,352,1.0312535762786865,0,0.0,0,0.0,0,24.297115325927734,0,5
SH,FVD,137,1306,532,532,53.2,0.45485377311706543,0.6236070394515991,15.365974426269531,19.41545295715332,4.707293510437012,1,190,1,114,0.21428571428571427,2.0,190,0.0,0,0.0,0,0.0,0,0.0,2,7
SH,FVD,137,1307,263,263,26.3,0.2321036159992218,0.280718594789505,10.471673011779785,11.843587875366211,0.7429358959197998,0,-1,1,61,0.23193916349809887,2.0,263,1.0624995231628418,0,0.0,0,0.0,0,7.140882968902588,1,6
SH,FVD,137,1308,146,146,14.600000000000001,0.31763362884521484,0.3830566108226776,10.88170337677002,13.117410659790039,1.3968602418899536,0,-1,1,146,1.0,2.0,146,1.0024546384811401,0,0.0,0,0.0,0,20.764039993286133,0,5
SH,FVD,137,1309,205,205,20.5,0.3496605455875397,0.4250561594963074,2.8123252391815186,3.062357187271118,0.52340167760849,0,-1,0,0,0.0,2.0,205,3.3257787227630615,0,0.0,0,0.0,0,8.210052490234375,0,5
SH,FVD,137,1310,311,311,31.1,0.30598798394203186,0.3801233768463135,0.8971834182739258,1.1837631464004517,0.4444598853588104,0,-1,1,26,0.08360128617363344,2.0,311,1.5086208581924438,0,0.0,0,0.0,0,0.22102108597755432,2,7
SH,FVD,137,1311,449,449,44.900000000000006,0.131612166762352,0.16743730008602142,16.218774795532227,18.446115493774414,0.5695381164550781,0,-1,1,155,0.34521158129175944,2.0,449,1.3858802318572998,0,0.0,0,0.0,0,30.54611587524414,1,6
SH,FVD,137,1312,131,131,13.100000000000001,0.6636412143707275,0.8378239274024963,5.840792655944824,7.516454696655273,1.3263095617294312,0,-1,1,131,1.0,2.0,131,1.203299880027771,0,0.0,0,0.0,0,9.150774002075195,1,6
SH,FVD,137,1313,439,439,43.900000000000006,0.28694048523902893,0.3624579906463623,7.445816516876221,9.052507400512695,0.6901214122772217,0,-1,1,20,0.04555808656036447,2.0,439,1.6463044881820679,0,0.0,0,0.0,0,3.6962265968322754,2,7
SH,FVD,137,1314,401,401,40.1,0.2567610442638397,0.3554221987724304,1.8834580183029175,2.783700704574585,0.40037843585014343,0,-1,1,139,0.34663341645885287,2.0,401,0.0563131645321846,0,0.0,0,0.0,0,0.05901039391756058,0,5
SH,FVD,137,1315,164,164,16.400000000000002,0.2487853467464447,0.29592183232307434,4.0290961265563965,5.176794528961182,0.5595992803573608,0,-1,0,0,0.0,2.0,164,3.6828577518463135,0,0.0,0,0.0,0,1.8903781175613403,1,6
SH,FVD,137,1316,239,239,23.900000000000002,0.27806392312049866,0.37186336517333984,5.778279781341553,7.244082450866699,0.9561441540718079,1,234,1,234,0.9790794979079498,2.0,234,0.0,0,0.0,0,0.0,0,0.0,2,7
SH,FVD,137,1317,405,405,40.5,0.2344363033771515,0.27579936385154724,6.044874668121338,7.304722309112549,0.5507912635803223,0,-1,1,405,1.0,2.0,405,1.3548351526260376,0,0.0,0,0.0,0,33.50935363769531,0,5
SH,FVD,137,1318,353,353,35.300000000000004,0.16526585817337036,0.21838943660259247,3.5860233306884766,3.9133243560791016,0.3331548273563385,0,-1,1,353,1.0,2.0,353,0.9812672138214111,0,0.0,0,0.0,0,9.990379333496094,0,5
SH,FVD,137,1319,194,194,19.400000000000002,0.203889399766922,0.25488272309303284,3.644556760787964,4.191931247711182,0.37475425004959106,0,-1,0,0,0.0,2.0,194,5.5702056884765625,0,0.0,0,0.0,0,4.200056552886963,1,6
SH,FVD,137,1320,422,422,42.2,0.2577301263809204,0.3752386271953583,2.843787670135498,3.722918748855591,0.674456000328064,1,398,1,120,0.2843601895734597,2.0,398,0.0,0,0.0,0,0.0,0,0.0,2,7
SH,FVD,137,1321,513,513,51.300000000000004,0.25683432817459106,0.31421464681625366,3.135805368423462,4.476619243621826,0.9455017447471619,1,496,1,496,0.9668615984405458,2.0,496,0.0,0,0.0,0,0.0,0,0.0,0,5
SH,FVD,137,1322,148,148,14.8,0.11946224421262741,0.14007581770420074,0.9276949763298035,1.0280917882919312,0.20491759479045868,0,-1,0,0,0.0,2.0,148,2.765103578567505,0,0.0,0,0.0,0,37.346866607666016,1,6
SH,FVD,137,1323,190,190,19.0,0.16112372279167175,0.19532576203346252,1.4571822881698608,1.6043078899383545,0.22543981671333313,0,-1,1,190,1.0,2.0,190,0.9605212807655334,0,0.0,0,0.0,0,11.841114044189453,2,7
SH,FVD,137,1324,167,167,16.7,0.19625598192214966,0.23128089308738708,0.9992692470550537,1.1317206621170044,0.2754761576652527,0,-1,0,0,0.0,2.0,167,2.9727389812469482,0,0.0,0,0.0,0,28.894655227661133,2,7
SH,FVD,137,1325,237,237,23.700000000000003,0.2241206020116806,0.2762221097946167,16.365036010742188,20.061147689819336,1.3600980043411255,0,-1,1,237,1.0,2.0,237,0.7815425992012024,0,0.0,0,0.0,0,11.965886116027832,1,6
SH,FVD,137,1326,333,333,33.300000000000004,0.36270979046821594,0.4450628161430359,19.197660446166992,27.791521072387695,2.2086589336395264,0,-1,1,60,0.18018018018018017,2.0,333,1.3661409616470337,0,0.0,0,0.0,0,9.945844650268555,1,6
SH,FVD,137,1327,408,408,40.800000000000004,0.30817440152168274,0.4201045036315918,2.7815518379211426,3.453122615814209,0.6746357679367065,1,329,1,179,0.4387254901960784,2.0,329,0.0,0,0.0,0,0.0,0,0.0,0,5
SH,FVD,137,1328,375,375,37.5,0.2972116768360138,0.49045097827911377,4.981797695159912,6.980787754058838,0.8621019721031189,0,-1,0,0,0.0,2.0,375,2.269003391265869,0,0.0,0,0.0,0,4.839020252227783,0,5
SH,FVD,137,1329,172,172,17.2,0.6048657298088074,0.7417436838150024,1.832689642906189,2.2758405208587646,0.9173215627670288,0,-1,1,16,0.09302325581395349,2.0,172,1.3106051683425903,0,0.0,0,0.0,0,2.5567739009857178,0,5
SH,FVD,137,1330,271,271,27.1,0.673367977142334,0.8573543429374695,5.364658355712891,6.589737415313721,1.4460383653640747,0,-1,1,103,0.3800738007380074,2.0,271,0.16147556900978088,0,0.0,0,0.0,0,0.6310111284255981,1,6
SH,FVD,137,1331,379,379,37.9,0.46319055557250977,0.57485431432724,5.467801570892334,5.966170310974121,0.6468464136123657,0,-1,0,0,0.0,2.0,379,2.3049633502960205,0,0.0,0,0.0,0,11.841526985168457,1,6
SH,FVD,137,1332,160,160,16.0,0.37197500467300415,0.4153818190097809,3.9007019996643066,5.263708591461182,0.7077874541282654,0,-1,1,31,0.19375,2.0,160,1.7089996337890625,0,0.0,0,0.0,0,2.0562028884887695,2,7
SH,FVD,137,1333,196,196,19.6,0.4560306966304779,0.5297174453735352,11.775070190429688,14.122821807861328,1.2324126958847046,0,-1,1,34,0.17346938775510204,2.0,196,1.3381959199905396,0,0.0,0,0.0,0,3.092663049697876,0,5
SH,FVD,137,1334,367,367,36.7,0.45498573780059814,0.6262900829315186,5.229310035705566,6.2919840812683105,3.3095107078552246,1,102,1,102,0.2779291553133515,2.0,102,0.0,0,0.0,0,0.0,0,0.0,0,5
SH,FVD,137,1335,256,256,25.6,0.18456797301769257,0.3501549959182739,2.54592227935791,3.513927936553955,0.4513731598854065,0,-1,1,22,0.0859375,2.0,256,1.8848984241485596,0,0.0,0,0.0,0,39.06779861450195,0,5
SH,FVD,137,1336,708,708,70.8,0.25874194502830505,0.3433689773082733,13.47715950012207,17.01224136352539,0.5404104590415955,0,-1,0,0,0.0,2.0,708,2.513528823852539,0,0.0,0,0.0,0,2.7947838306427,2,7
SH,FVD,137,1337,183,183,18.3,0.8182280659675598,1.0414758920669556,6.501785755157471,7.49714994430542,3.112046241760254,1,109,1,109,0.5956284153005464,2.0,109,0.0,0,0.0,0,0.0,0,0.0,2,7
SH,FVD,137,1338,140,140,14.0,0.6012162566184998,0.6771292090415955,5.561275005340576,7.009420394897461,1.3624749183654785,0,-1,0,0,0.0,2.0,140,4.110235691070557,0,0.0,0,0.0,0,5.396378040313721,1,6
SH,FVD,137,1339,627,627,62.7,0.27415111660957336,0.34238654375076294,6.540806293487549,7.533814907073975,2.460852861404419,1,347,1,39,0.06220095693779904,2.0,347,0.0,0,0.0,0,0.0,0,0.0,1,6
SH,FVD,137,1340,161,161,16.1,0.31892797350883484,0.4679555296897888,4.329151630401611,5.515158653259277,0.8611606359481812,0,-1,1,161,1.0,2.0,161,0.7528970241546631,0,0.0,0,0.0,0,3.678785800933838,2,7
SH,FVD,137,1341,471,471,47.1,0.34706592559814453,0.4506795406341553,6.425731182098389,7.767890453338623,2.129155397415161,1,321,1,120,0.25477707006369427,2.0,321,0.0,0,0.0,0,0.0,0,0.0,0,5
SH,FVD,137,1342,217,217,21.700000000000003,0.35549646615982056,0.3945089876651764,2.0644466876983643,2.6863248348236084,0.6944022178649902,0,-1,1,199,0.9170506912442397,2.0,217,1.5504668951034546,0,0.0,0,0.0,0,15.904759407043457,1,6
SH,FVD,137,1343,164,164,16.400000000000002,0.47989511489868164,0.6573286056518555,3.3913183212280273,4.208354473114014,0.7145114541053772,0,-1,1,139,0.8475609756097561,2.0,164,0.4922362267971039,0,0.0,0,0.0,0,1.8937355279922485,2,7
SH,FVD,137,1344,281,281,28.1,0.21699801087379456,0.2749483287334442,8.574081420898438,9.276825904846191,0.6877940893173218,0,-1,1,281,1.0,2.0,281,0.9119090437889099,0,0.0,0,0.0,0,19.535276412963867,0,5
SH,FVD,137,1345,192,192,19.200000000000003,0.23931817710399628,0.36535754799842834,11.117356300354004,13.487029075622559,1.4863947629928589,0,-1,0,0,0.0,2.0,192,3.2894749641418457,0,0.0,0,0.0,0,5.457906246185303,1,6
SH,FVD,137,1346,1014,1014,101.4,0.4678662121295929,0.5993599891662598,5.696403980255127,7.115467071533203,2.5995185375213623,1,739,1,149,0.14694280078895464,2.0,739,0.0,0,0.0,0,0.0,0,0.0,1,6
SH,FVD,137,1347,509,509,50.900000000000006,0.17228148877620697,0.2217998504638672,2.6677844524383545,3.2882542610168457,0.3697996735572815,0,-1,1,303,0.5952848722986247,2.0,509,1.782658576965332,0,0.0,0,0.0,0,15.221966743469238,1,6
SH,FVD,137,1348,145,145,14.5,0.30785810947418213,0.35148680210113525,1.1231048107147217,1.9293467998504639,0.6774249076843262,0,-1,1,83,0.5724137931034483,2.0,145,1.2032378911972046,0,0.0,0,0.0,0,4.591336727142334,1,6
SH,FVD,137,1349,560,560,56.0,0.5705878734588623,0.7800124883651733,8.959952354431152,10.390161514282227,4.385595798492432,1,189,1,102,0.18214285714285713,2.0,189,0.0,0,0.0,0,0.0,0,0.0,2,7
SH,FVD,137,1350,373,373,37.300000000000004,0.30483919382095337,0.3886869251728058,2.515991687774658,2.9087131023406982,0.530718982219696,0,-1,1,48,0.128686327077748,2.0,373,0.549850344657898,0,0.0,0,0.0,0,0.6572999954223633,2,7
SH,FVD,137,1351,156,156,15.600000000000001,0.1804957240819931,0.22917059063911438,4.003767967224121,5.206603527069092,0.600019633769989,0,-1,0,0,0.0,2.0,156,3.0585618019104004,0,0.0,0,0.0,0,2.4932568073272705,2,7
SH,FVD,137,1352,265,265,26.5,0.26999661326408386,0.34266960620880127,3.192563772201538,3.641247510910034,0.6572685241699219,0,-1,0,0,0.0,2.0,265,2.374159097671509,0,0.0,0,0.0,0,15.892282485961914,0,5
SH,FVD,137,1353,163,163,16.3,0.2646322548389435,0.33056437969207764,1.7802627086639404,2.016263961791992,0.5871692299842834,0,-1,1,28,0.17177914110429449,2.0,163,0.012860264629125595,0,0.0,0,0.0,0,0.015774808824062347,2,7
SH,FVD,137,1354,253,253,25.3,0.5695885419845581,0.7765955328941345,8.430495262145996,10.27978801727295,1.4374648332595825,0,-1,1,112,0.4426877470355731,2.0,253,1.3156274557113647,0,0.0,0,0.0,0,4.342719554901123,2,7
SH,FVD,137,1355,214,214,21.400000000000002,0.37350016832351685,0.422506719827652,21.531862258911133,24.68541145324707,1.6896822452545166,0,-1,1,214,1.0,2.0,214,0.6622165441513062,0,0.0,0,0.0,0,15.073928833007812,2,7
SH,FVD,137,1356,546,546,54.6,0.4543324112892151,0.6213842034339905,3.3896913528442383,3.772256851196289,2.5658843517303467,1,106,1,106,0.19413919413919414,2.0,106,0.0,0,0.0,0,0.0,0,0.0,1,6
SH,FVD,137,1357,201,201,20.1,0.44524869322776794,0.5331867337226868,29.427799224853516,34.924156188964844,2.619770050048828,0,-1,1,201,1.0,2.0,201,0.6589208841323853,0,0.0,0,0.0,0,20.468433380126953,1,6
SH,FVD,137,1358,316,316,31.6,0.3968150317668915,0.5416611433029175,11.769593238830566,13.300926208496094,0.8127613067626953,0,-1,1,316,1.0,2.0,316,0.534162700176239,0,0.0,0,0.0,0,3.190078020095825,2,7
SH,FVD,137,1359,144,144,14.4,0.13992170989513397,0.19209378957748413,2.3350489139556885,2.6365621089935303,0.2756809592247009,0,-1,1,144,1.0,2.0,144,0.9003356695175171,0,0.0,0,0.0,0,17.96599769592285,0,5
SH,FVD,137,1360,309,309,30.900000000000002,0.13748209178447723,0.168781578540802,1.9007757902145386,2.202369213104248,0.34913888573646545,0,-1,1,309,1.0,2.0,309,1.0253292322158813,0,0.0,0,0.0,0,8.98345947265625,0,5
SH,FVD,137,1361,170,170,17.0,0.28893810510635376,0.36641043424606323,8.064958572387695,9.072834968566895,0.8163179159164429,0,-1,0,0,0.0,2.0,170,3.447481632232666,0,0.0,0,0.0,0,9.728561401367188,1,6
SH,FVD,137,1362,178,178,17.8,0.4178593158721924,0.5116279721260071,4.511851787567139,7.52396297454834,1.5612784624099731,0,-1,1,37,0.20786516853932585,2.0,178,1.339943528175354,0,0.0,0,0.0,0,31.81060028076172,0,5
SH,FVD,137,1363,233,233,23.3,0.3205476701259613,0.45614516735076904,25.502708435058594,29.440078735351562,2.1313178539276123,0,-1,0,0,0.0,2.0,233,3.763723373413086,0,0.0,0,0.0,0,14.804862022399902,1,6
SH,FVD,137,1364,177,177,17.7,0.4140965938568115,0.5042250752449036,4.004176139831543,5.3411760330200195,0.636489987373352,0,-1,0,0,0.0,2.0,177,3.1231331825256348,0,0.0,0,0.0,0,20.285465240478516,0,5
SH,FVD,137,1365,380,380,38.0,0.2580122947692871,0.3103139102458954,7.581539154052734,8.494600296020508,0.7416305541992188,0,-1,1,260,0.6842105263157895,2.0,380,1.572576642036438,0,0.0,0,0.0,0,29.857147216796875,2,7
SH,FVD,137,1366,364,364,36.4,0.27458101511001587,0.3772192895412445,4.484079360961914,5.532675743103027,0.9207190275192261,1,302,1,133,0.36538461538461536,2.0,302,0.0,0,0.0,0,0.0,0,0.0,0,5
SH,FVD,137,1367,226,226,22.6,0.2475491315126419,0.28741922974586487,2.075427770614624,2.4727447032928467,0.5906259417533875,0,-1,1,103,0.4557522123893805,2.0,226,1.238345980644226,0,0.0,0,0.0,0,14.6276273727417,1,6
SH,FVD,137,1368,562,562,56.2,0.21639838814735413,0.29033035039901733,6.157987594604492,7.514845371246338,0.4487151801586151,0,-1,1,562,1.0,2.0,562,0.8666567206382751,0,0.0,0,0.0,0,10.578189849853516,1,6
SH,FVD,137,1369,133,133,13.3,0.27522242069244385,0.3450748026371002,6.218750476837158,8.773550987243652,1.506927251815796,0,-1,0,0,0.0,2.0,133,6.810539722442627,0,0.0,0,0.0,0,54.738590240478516,1,6
SH,FVD,137,1370,263,263,26.3,0.34456855058670044,0.4179697334766388,3.762678623199463,4.648555755615234,3.5975053310394287,1,131,1,131,0.49809885931558934,2.0,131,0.0,0,0.0,0,0.0,0,0.0,2,7
SH,FVD,137,1371,380,380,38.0,0.32438722252845764,0.4394433796405792,1.7639548778533936,2.130403757095337,0.5137115716934204,0,-1,0,0,0.0,2.0,380,2.470271348953247,0,0.0,0,0.0,0,6.170374393463135,0,5
SH,FVD,137,1372,149,149,14.9,0.441023051738739,0.59434974193573,6.348126411437988,7.411349296569824,1.3912760019302368,1,100,1,54,0.3624161073825503,2.0,100,0.0,0,0.0,0,0.0,0,0.0,1,6
SH,FVD,137,1373,220,220,22.0,0.3559625744819641,0.4427444338798523,6.4469313621521,7.557979583740234,1.036478042602539,0,-1,0,0,0.0,2.0,220,2.846801280975342,0,0.0,0,0.0,0,2.5162346363067627,2,7
SH,FVD,137,1374,217,217,21.700000000000003,0.34389984607696533,0.3942362070083618,10.006033897399902,11.391149520874023,0.8552719354629517,0,-1,0,0,0.0,2.0,217,3.6451244354248047,0,0.0,0,0.0,0,7.078801155090332,2,7
SH,FVD,137,1375,227,227,22.700000000000003,0.250903844833374,0.3230399787425995,22.47818374633789,27.669347763061523,2.029359817504883,0,-1,1,79,0.34801762114537443,2.0,227,1.401971697807312,0,0.0,0,0.0,0,11.074540138244629,2,7
SH,FVD,137,1376,433,433,43.300000000000004,0.17521178722381592,0.21641235053539276,4.321536540985107,4.574755668640137,0.34492093324661255,0,-1,1,433,1.0,2.0,433,0.6494604349136353,0,0.0,0,0.0,0,11.94852066040039,0,5
SH,FVD,137,1377,217,217,21.700000000000003,0.42156025767326355,0.5653634071350098,4.416785717010498,5.193618297576904,1.3868157863616943,1,207,1,207,0.9539170506912442,2.0,207,0.0,0,0.0,0,0.0,0,0.0,0,5
SH,FVD,137,1378,763,763,76.3,0.3005419075489044,0.39945188164711,1.7525756359100342,2.31931209564209,0.5444838404655457,0,-1,1,635,0.8322411533420708,2.0,763,0.3401811420917511,0,0.0,0,0.0,0,0.8980308771133423,0,5
SH,FVD,137,1379,193,193,19.3,0.2739553451538086,0.34493452310562134,5.256373882293701,5.7266526222229,0.5108363628387451,0,-1,0,0,0.0,2.0,193,5.678828239440918,0,0.0,0,0.0,0,9.117962837219238,2,7
SH,FVD,137,1380,453,453,45.300000000000004,0.42273300886154175,0.597784161567688,7.994302272796631,9.1242094039917,2.9739928245544434,1,82,1,82,0.18101545253863136,2.0,82,0.0,0,0.0,0,0.0,0,0.0,2,7
SH,FVD,137,1381,179,179,17.900000000000002,0.21209381520748138,0.2805495858192444,4.793205738067627,5.446210861206055,0.48930123448371887,0,-1,0,0,0.0,2.0,179,2.741828203201294,0,0.0,0,0.0,0,12.952027320861816,0,5
SH,FVD,137,1382,167,167,16.7,0.17438183724880219,0.21716304123401642,8.079570770263672,11.023855209350586,1.4006694555282593,0,-1,1,167,1.0,2.0,167,0.3818453550338745,0,0.0,0,0.0,0,6.65358304977417,0,5
SH,FVD,137,1383,274,274,27.400000000000002,0.06451676040887833,0.0841805636882782,1.5082277059555054,2.4100704193115234,0.2425163984298706,0,-1,0,0,0.0,2.0,274,3.015183448791504,0,0.0,0,0.0,0,71.55056762695312,0,5
SH,FVD,137,1384,706,706,70.60000000000001,0.3490798771381378,0.46801483631134033,20.8115291595459,22.296085357666016,1.2217025756835938,0,-1,1,46,0.06515580736543909,2.0,706,0.06976798921823502,0,0.0,0,0.0,0,0.3279559910297394,2,7
SH,FVD,137,1385,621,621,62.1,0.22596623003482819,0.29577651619911194,8.414252281188965,9.329700469970703,0.42855799198150635,0,-1,1,591,0.9516908212560387,2.0,621,1.1886154413223267,0,0.0,0,0.0,0,31.58665657043457,1,6
SH,FVD,137,1386,243,243,24.3,0.26951372623443604,0.39444130659103394,1.4875972270965576,2.0278518199920654,0.7203758358955383,1,228,1,228,0.9382716049382716,2.0,228,0.0,0,0.0,0,0.0,0,0.0,2,7
SH,FVD,137,1387,319,319,31.900000000000002,0.42030224204063416,0.5559971928596497,4.342545509338379,4.515016078948975,3.931553840637207,1,43,1,43,0.13479623824451412,2.0,43,0.0,0,0.0,0,0.0,0,0.0,2,7
SH,FVD,137,1388,230,230,23.0,0.1806258112192154,0.22487668693065643,0.935578465461731,1.2500404119491577,0.30551379919052124,0,-1,1,230,1.0,2.0,230,0.41571757197380066,0,0.0,0,0.0,0,8.984370231628418,0,5
SH,FVD,137,1389,180,180,18.0,0.43693652749061584,0.678122878074646,0.9424877762794495,1.4773545265197754,0.5801615118980408,1,167,1,151,0.8388888888888889,2.0,167,0.0,0,0.0,0,0.0,0,0.0,1,6
SH,FVD,137,1390,626,626,62.6,0.290090948343277,0.4149831533432007,4.937178134918213,5.842867374420166,1.9953221082687378,1,363,1,363,0.5798722044728435,2.0,363,0.0,0,0.0,0,0.0,0,0.0,1,6
SH,FVD,137,1391,271,271,27.1,0.5111806392669678,0.678364634513855,5.925533294677734,6.650261402130127,4.187257766723633,1,57,1,57,0.21033210332103322,2.0,57,0.0,0,0.0,0,0.0,0,0.0,2,7
SH,FVD,137,1392,227,227,22.700000000000003,0.3367578387260437,0.4097815155982971,3.8375203609466553,4.507826805114746,0.6969583630561829,0,-1,1,227,1.0,2.0,227,0.4750581383705139,0,0.0,0,0.0,0,9.365315437316895,0,5
SH,FVD,137,1393,168,168,16.8,0.22208154201507568,0.31707900762557983,3.7710399627685547,4.433838844299316,0.460395872592926,0,-1,1,168,1.0,2.0,168,1.1370129585266113,0,0.0,0,0.0,0,16.468778610229492,2,7
SH,FVD,137,1394,279,279,27.900000000000002,0.16399219632148743,0.23239299654960632,4.384242057800293,4.964317798614502,0.5859540700912476,0,-1,1,98,0.35125448028673834,2.0,279,1.6792432069778442,0,0.0,0,0.0,0,7.064805030822754,2,7
SH,FVD,137,1395,201,201,20.1,0.22331301867961884,0.28303298354148865,7.306195259094238,9.278802871704102,0.934525191783905,0,-1,1,201,1.0,2.0,201,0.9684364795684814,0,0.0,0,0.0,0,12.946294784545898,2,7
SH,FVD,137,1396,274,274,27.400000000000002,0.31656455993652344,0.3766649663448334,4.392893314361572,5.19135046005249,1.0842183828353882,1,201,1,63,0.22992700729927007,2.0,201,0.0,0,0.0,0,0.0,0,0.0,1,6
SH,FVD,137,1397,184,184,18.400000000000002,0.31890708208084106,0.4147269129753113,2.388747215270996,2.6038622856140137,0.3433513045310974,0,-1,1,1,0.005434782608695652,2.0,184,1.9674086570739746,0,0.0,0,0.0,0,2.3482351303100586,1,6
SH,FVD,137,1398,372,372,37.2,0.31105101108551025,0.4152585566043854,4.642307281494141,5.5660271644592285,0.4922078549861908,0,-1,1,372,1.0,2.0,372,0.45462578535079956,0,0.0,0,0.0,0,6.139521598815918,0,5
SH,FVD,137,1399,157,157,15.700000000000001,0.20399793982505798,0.26947781443595886,9.143160820007324,11.015417098999023,1.2471020221710205,0,-1,0,0,0.0,2.0,157,2.3307549953460693,0,0.0,0,0.0,0,14.111186981201172,0,5
SH,FVD,137,1400,176,176,17.6,0.1376955509185791,0.16899612545967102,0.7624862790107727,1.3034250736236572,0.21484537422657013,0,-1,0,0,0.0,2.0,176,5.870992660522461,0,0.0,0,0.0,0,78.56832885742188,2,7
SH,FVD,137,1401,488,488,48.800000000000004,0.24041429162025452,0.346767783164978,2.8758180141448975,3.51326322555542,0.5704008340835571,1,477,1,153,0.3135245901639344,2.0,477,0.0,0,0.0,0,0.0,0,0.0,0,5
SH,FVD,137,1402,190,190,19.0,0.3628431260585785,0.448344886302948,1.949510097503662,2.2448744773864746,0.48573368787765503,0,-1,1,53,0.2789473684210526,2.0,190,1.0768226385116577,0,0.0,0,0.0,0,1.597064733505249,0,5
SH,FVD,137,1403,161,161,16.1,0.26224955916404724,0.33738604187965393,2.896526336669922,3.962846279144287,0.477786660194397,0,-1,0,0,0.0,2.0,161,2.5444788932800293,0,0.0,0,0.0,0,31.82194709777832,0,5
SH,FVD,137,1404,174,174,17.400000000000002,0.29919466376304626,0.341385155916214,7.546784400939941,10.204695701599121,0.9962182641029358,0,-1,1,13,0.07471264367816093,2.0,174,1.9561643600463867,0,0.0,0,0.0,0,34.3835334777832,0,5
SH,FVD,137,1405,140,140,14.0,0.20847062766551971,0.2450476437807083,6.762057781219482,8.921255111694336,1.3267138004302979,0,-1,0,0,0.0,2.0,140,2.2129623889923096,0,0.0,0,0.0,0,45.806392669677734,2,7
SH,FVD,137,1406,198,198,19.8,0.5166117548942566,0.6490130424499512,3.2482759952545166,4.039546012878418,0.842228353023529,0,-1,1,81,0.4090909090909091,2.0,198,1.5792468786239624,0,0.0,0,0.0,0,7.8688459396362305,0,5
SH,FVD,137,1407,154,154,15.4,0.21847596764564514,0.2607934772968292,1.509737491607666,1.8011019229888916,0.33360251784324646,0,-1,1,39,0.2532467532467532,2.0,154,1.8235728740692139,0,0.0,0,0.0,0,8.257862091064453,2,7
SH,FVD,137,1408,142,142,14.200000000000001,0.23092059791088104,0.2752123475074768,5.6801981925964355,7.7261643409729,1.1511603593826294,0,-1,0,0,0.0,2.0,142,2.13145112991333,0,0.0,0,0.0,0,48.59904098510742,1,6
SH,FVD,137,1409,161,161,16.1,0.24627526104450226,0.28615009784698486,3.6104214191436768,5.007214546203613,0.621212899684906,0,-1,1,73,0.453416149068323,2.0,161,1.882954478263855,0,0.0,0,0.0,0,19.335205078125,1,6
SH,FVD,137,1410,527,527,52.7,0.2527470290660858,0.348580002784729,3.9421494007110596,4.517834663391113,0.44155603647232056,0,-1,1,527,1.0,2.0,527,0.12457015365362167,0,0.0,0,0.0,0,2.198016881942749,1,6
SH,FVD,137,1411,987,987,98.7,0.27054575085639954,0.38318488001823425,2.581120014190674,2.8426082134246826,1.719136118888855,1,33,1,33,0.03343465045592705,2.0,33,0.0,0,0.0,0,0.0,0,0.0,0,5
SH,FVD,137,1412,152,152,15.200000000000001,0.28209543228149414,0.3589516580104828,3.1505775451660156,3.5758676528930664,0.5024230480194092,0,-1,1,152,1.0,2.0,152,1.2943439483642578,0,0.0,0,0.0,0,7.227941036224365,0,5
SH,FVD,137,1413,345,345,34.5,0.4610233008861542,0.5833237171173096,4.6937737464904785,5.20626163482666,0.6512071490287781,0,-1,0,0,0.0,2.0,345,2.891991376876831,0,0.0,0,0.0,0,13.032845497131348,0,5
SH,FVD,137,1414,156,156,15.600000000000001,0.4186418354511261,0.5169616341590881,2.5683555603027344,2.8739025592803955,0.6210170984268188,0,-1,0,0,0.0,2.0,156,4.077929973602295,0,0.0,0,0.0,0,12.515568733215332,0,5
SH,FVD,137,1415,339,339,33.9,0.4497721493244171,0.5323647856712341,11.558822631835938,12.441298484802246,0.923381507396698,0,-1,1,4,0.011799410029498525,2.0,339,1.9482741355895996,0,0.0,0,0.0,0,6.347792148590088,2,7
SH,FVD,137,1416,276,276,27.6,0.09703915566205978,0.11560218781232834,7.618392467498779,9.612282752990723,0.57932448387146,0,-1,0,0,0.0,2.0,276,2.8510849475860596,0,0.0,0,0.0,0,62.205284118652344,0,5
SH,FVD,137,1417,150,150,15.0,0.363742470741272,0.42281901836395264,2.690725803375244,3.2488296031951904,1.1014395952224731,0,-1,1,34,0.22666666666666666,2.0,150,1.4988268613815308,0,0.0,0,0.0,0,34.68846893310547,0,5
SH,FVD,137,1418,293,293,29.3,0.32236018776893616,0.36893799901008606,11.992430686950684,13.178709030151367,1.0021414756774902,0,-1,1,283,0.9658703071672355,2.0,293,1.0599788427352905,0,0.0,0,0.0,0,18.540019989013672,1,6
SH,FVD,137,1419,523,523,52.300000000000004,0.40534597635269165,0.5580499172210693,6.963926792144775,7.988105773925781,4.09146785736084,1,121,1,91,0.1739961759082218,2.0,121,0.0,0,0.0,0,0.0,0,0.0,1,6
SH,FVD,137,1420,159,159,15.9,0.2377510368824005,0.33194422721862793,6.314988136291504,7.412092685699463,0.8730248808860779,0,-1,0,0,0.0,2.0,159,3.234724283218384,0,0.0,0,0.0,0,26.010765075683594,0,5
SH,FVD,137,1421,301,301,30.1,0.4867342412471771,0.6196390986442566,4.540470600128174,5.405189514160156,1.9401119947433472,1,113,1,113,0.3754152823920266,2.0,113,0.0,0,0.0,0,0.0,0,0.0,2,7
SH,FVD,137,1422,483,483,48.300000000000004,0.42434272170066833,0.5340133905410767,6.4040374755859375,8.36535358428955,0.9049481153488159,1,474,1,99,0.20496894409937888,2.0,474,0.0,0,0.0,0,0.0,0,0.0,1,6
SH,FVD,137,1423,319,319,31.900000000000002,0.5207962393760681,0.613799512386322,3.650682210922241,4.436614036560059,1.0911269187927246,0,-1,1,42,0.13166144200626959,2.0,319,1.6002326011657715,0,0.0,0,0.0,0,7.007957935333252,0,5
SH,FVD,137,1424,379,379,37.9,0.2600228786468506,0.35482752323150635,2.3141345977783203,2.794320583343506,0.3548128604888916,1,351,1,351,0.9261213720316622,2.0,351,0.0,0,0.0,0,0.0,0,0.0,2,7
SH,FVD,137,1425,662,662,66.2,0.4123128056526184,0.540488064289093,6.3660149574279785,7.555262565612793,0.7434656620025635,0,-1,1,604,0.9123867069486404,2.0,662,1.106507420539856,0,0.0,0,0.0,0,11.494104385375977,1,6
SH,FVD,137,1426,310,310,31.0,0.3227004110813141,0.4149293005466461,11.185355186462402,12.54928970336914,1.0529813766479492,0,-1,1,310,1.0,2.0,310,0.6663954257965088,0,0.0,0,0.0,0,12.288613319396973,1,6
SH,FVD,137,1427,265,265,26.5,0.40443962812423706,0.5733838677406311,2.6055538654327393,3.1185829639434814,1.4960707426071167,1,151,1,151,0.569811320754717,2.0,151,0.0,0,0.0,0,0.0,0,0.0,1,6
SH,FVD,137,1428,206,206,20.6,0.30672624707221985,0.3858112692832947,3.0897648334503174,3.7803032398223877,0.6828911304473877,0,-1,0,0,0.0,2.0,206,2.1351494789123535,0,0.0,0,0.0,0,19.242813110351562,2,7
SH,FVD,137,1429,443,443,44.300000000000004,0.3477712571620941,0.4627096951007843,2.3353946208953857,2.929018020629883,0.7351325750350952,0,-1,1,391,0.8826185101580135,2.0,443,0.5505992770195007,0,0.0,0,0.0,0,2.7807085514068604,1,6
SH,FVD,137,1430,150,150,15.0,0.5431870818138123,0.7008724212646484,6.730059623718262,8.014842987060547,1.086451768875122,0,-1,0,0,0.0,2.0,150,2.7184336185455322,0,0.0,0,0.0,0,8.225531578063965,1,6
SH,FVD,137,1431,207,207,20.700000000000003,0.2583571672439575,0.34619706869125366,2.5773086547851562,2.914393424987793,0.5516332983970642,0,-1,1,207,1.0,2.0,207,1.0090712308883667,0,0.0,0,0.0,0,24.373497009277344,0,5
SH,FVD,137,1432,495,495,49.5,0.308753103017807,0.41368430852890015,19.039365768432617,21.46285057067871,1.2735382318496704,0,-1,1,22,0.044444444444444446,2.0,495,0.589076042175293,0,0.0,0,0.0,0,1.6629102230072021,1,6
SH,FVD,137,1433,223,223,22.3,0.15420544147491455,0.20090541243553162,2.456125259399414,3.7329769134521484,0.5714413523674011,0,-1,0,0,0.0,2.0,223,2.591644525527954,0,0.0,0,0.0,0,20.69967269897461,0,5
SH,FVD,137,1434,261,261,26.1,0.38482144474983215,0.4820447564125061,10.575201034545898,11.658422470092773,0.8574190139770508,0,-1,0,0,0.0,2.0,261,3.1262898445129395,0,0.0,0,0.0,0,6.664273262023926,2,7
SH,FVD,137,1435,207,207,20.700000000000003,0.36805346608161926,0.4783380627632141,5.994551181793213,6.251717567443848,2.582446813583374,1,120,1,120,0.5797101449275363,2.0,120,0.0,0,0.0,0,0.0,0,0.0,1,6
SH,FVD,137,1436,142,142,14.200000000000001,0.4232756495475769,0.533288836479187,6.1628618240356445,7.337479114532471,0.9171941876411438,0,-1,1,6,0.04225352112676056,2.0,142,1.9032191038131714,0,0.0,0,0.0,0,3.8855748176574707,2,7
SH,FVD,137,1437,232,232,23.200000000000003,0.49219536781311035,0.5971629619598389,4.068750381469727,4.8644514083862305,1.0826019048690796,0,-1,1,197,0.8491379310344828,2.0,232,1.2291511297225952,0,0.0,0,0.0,0,24.261869430541992,1,6
SH,FVD,137,1438,330,330,33.0,0.19705796241760254,0.23104912042617798,3.9178245067596436,4.987724781036377,0.532185435295105,0,-1,1,330,1.0,2.0,330,0.8342888355255127,0,0.0,0,0.0,0,13.54100513458252,2,7
SH,FVD,137,1439,206,206,20.6,0.48716679215431213,0.5955219268798828,1.2552189826965332,1.7964931726455688,0.7041112780570984,0,-1,1,35,0.16990291262135923,2.0,206,1.8818007707595825,0,0.0,0,0.0,0,7.712498188018799,0,5
SH,FVD,137,1440,230,230,23.0,0.5043352246284485,0.6738582253456116,3.733795642852783,4.312782287597656,0.6650950312614441,0,-1,0,0,0.0,2.0,230,2.8967905044555664,0,0.0,0,0.0,0,4.274604797363281,1,6
SH,FVD,137,1441,131,131,13.100000000000001,0.36612850427627563,0.40888598561286926,4.150504112243652,4.745295524597168,0.8752636909484863,0,-1,0,0,0.0,2.0,131,3.5759265422821045,0,0.0,0,0.0,0,18.30063819885254,2,7
SH,FVD,137,1442,216,216,21.6,0.48867490887641907,0.5438845157623291,7.486709117889404,8.89754867553711,2.289815902709961,1,118,1,118,0.5462962962962963,2.0,118,0.0,0,0.0,0,0.0,0,0.0,2,7
SH,FVD,137,1443,138,138,13.8,0.3222668766975403,0.3841252028942108,2.7697625160217285,3.311549186706543,0.48720306158065796,0,-1,1,138,1.0,2.0,138,0.6740862727165222,0,0.0,0,0.0,0,3.1466727256774902,0,5
SH,FVD,137,1444,1758,1758,175.8,0.4075104892253876,0.5392120480537415,5.998157978057861,6.575891971588135,3.5743069648742676,1,669,1,182,0.10352673492605233,2.0,669,0.0,0,0.0,0,0.0,0,0.0,1,6
SH,FVD,137,1445,193,193,19.3,0.20662418007850647,0.24106815457344055,4.315403938293457,4.965670585632324,0.5936546325683594,0,-1,1,193,1.0,2.0,193,0.8393014669418335,0,0.0,0,0.0,0,9.521774291992188,0,5
SH,FVD,137,1446,204,204,20.400000000000002,0.24313440918922424,0.2791261374950409,3.9411399364471436,4.40492582321167,0.5817000269889832,0,-1,0,0,0.0,2.0,204,3.9120328426361084,0,0.0,0,0.0,0,5.132782459259033,1,6
SH,FVD,137,1447,566,566,56.6,0.36681267619132996,0.5612320899963379,3.86537766456604,4.669798374176025,1.1163488626480103,1,272,1,272,0.48056537102473496,2.0,272,0.0,0,0.0,0,0.0,0,0.0,2,7
SH,FVD,137,1448,444,444,44.400000000000006,0.3763524293899536,0.5327957272529602,25.146324157714844,27.16731834411621,2.0823848247528076,1,411,1,411,0.9256756756756757,2.0,411,0.0,0,0.0,0,0.0,0,0.0,0,5
SH,FVD,137,1449,149,149,14.9,0.3341645896434784,0.3923805356025696,3.8433120250701904,4.375965118408203,0.6858950853347778,0,-1,1,111,0.7449664429530202,2.0,149,1.3273251056671143,0,0.0,0,0.0,0,23.281190872192383,2,7
SH,FVD,137,1450,143,143,14.3,0.3718869090080261,0.4517008662223816,8.739204406738281,10.577108383178711,1.3016321659088135,0,-1,0,0,0.0,2.0,143,4.022829532623291,0,0.0,0,0.0,0,6.120223045349121,0,5
SH,FVD,137,1451,219,219,21.900000000000002,0.22984343767166138,0.2894354462623596,12.646688461303711,14.7900390625,1.2653940916061401,0,-1,1,105,0.4794520547945205,2.0,219,1.807978630065918,0,0.0,0,0.0,0,31.799470901489258,0,5
SH,FVD,137,1452,187,187,18.7,0.2037459760904312,0.25875136256217957,10.391064643859863,11.907414436340332,0.963585376739502,0,-1,1,187,1.0,2.0,187,1.031394600868225,0,0.0,0,0.0,0,28.159770965576172,2,7
SH,FVD,137,1453,132,132,13.200000000000001,0.15538087487220764,0.1843213140964508,0.8623910546302795,1.036408543586731,0.33038243651390076,0,-1,1,132,1.0,2.0,132,1.7539294958114624,0,0.0,0,0.0,0,33.06569290161133,2,7
SH,FVD,137,1454,392,392,39.2,0.22857443988323212,0.2790198028087616,2.0270283222198486,2.3001534938812256,0.41456541419029236,0,-1,1,368,0.9387755102040817,2.0,392,1.5412510633468628,0,0.0,0,0.0,0,19.245969772338867,1,6
SH,FVD,137,1455,177,177,17.7,0.4678080081939697,0.5707348585128784,2.2957711219787598,2.9966204166412354,1.6538909673690796,1,85,1,85,0.480225988700565,2.0,85,0.0,0,0.0,0,0.0,0,0.0,1,6
SH,FVD,137,1456,152,152,15.200000000000001,0.2658378481864929,0.33304184675216675,3.6114442348480225,4.369723796844482,0.6255568861961365,0,-1,1,152,1.0,2.0,152,0.8915421366691589,0,0.0,0,0.0,0,9.953841209411621,1,6
SH,FVD,137,1457,391,391,39.1,0.43848827481269836,0.5675135850906372,5.495169162750244,5.986095428466797,2.69730806350708,1,99,1,99,0.2531969309462916,2.0,99,0.0,0,0.0,0,0.0,0,0.0,2,7
SH,FVD,137,1458,179,179,17.900000000000002,0.4142310321331024,0.500793993473053,4.543765068054199,7.162598133087158,1.1378178596496582,0,-1,1,179,1.0,2.0,179,0.7849106788635254,0,0.0,0,0.0,0,8.191605567932129,1,6
SH,FVD,137,1459,461,461,46.1,0.26464372873306274,0.3223552107810974,17.134218215942383,21.78937339782715,1.1464265584945679,0,-1,1,345,0.7483731019522777,2.0,461,1.1854650974273682,0,0.0,0,0.0,0,24.792024612426758,1,6
SH,FVD,137,1460,272,272,27.200000000000003,0.13402867317199707,0.16341352462768555,1.9478540420532227,2.2641966342926025,0.2605597674846649,0,-1,0,0,0.0,2.0,272,2.5552382469177246,0,0.0,0,0.0,0,59.03111267089844,1,6
SH,FVD,137,1461,215,215,21.5,0.301408052444458,0.3862156271934509,5.305631160736084,6.211892604827881,0.6213609576225281,0,-1,1,215,1.0,2.0,215,0.5858621597290039,0,0.0,0,0.0,0,9.965845108032227,2,7
SH,FVD,137,1462,892,892,89.2,0.39841344952583313,0.5226086378097534,18.64426040649414,23.441686630249023,1.2291098833084106,0,-1,1,53,0.05941704035874439,2.0,892,1.4096475839614868,0,0.0,0,0.0,0,2.0143918991088867,1,6
SH,FVD,137,1463,186,186,18.6,0.577332079410553,0.6844315528869629,7.379426002502441,9.157339096069336,2.93204927444458,1,90,1,90,0.4838709677419355,2.0,90,0.0,0,0.0,0,0.0,0,0.0,2,7
SH,FVD,137,1464,302,302,30.200000000000003,0.24590331315994263,0.2968531847000122,2.3985037803649902,2.7995595932006836,0.3713792860507965,0,-1,1,302,1.0,2.0,302,1.3430664539337158,0,0.0,0,0.0,0,12.605509757995605,2,7
SH,FVD,137,1465,171,171,17.1,0.20714987814426422,0.26664644479751587,2.30759859085083,2.4959349632263184,0.3353599011898041,0,-1,0,0,0.0,2.0,171,2.3882973194122314,0,0.0,0,0.0,0,22.64276695251465,2,7
SH,FVD,137,1466,639,639,63.900000000000006,0.27759265899658203,0.38081926107406616,4.802186965942383,6.257831573486328,4.196382522583008,1,102,1,102,0.1596244131455399,2.0,102,0.0,0,0.0,0,0.0,0,0.0,2,7
SH,FVD,137,1467,174,174,17.400000000000002,0.3345915675163269,0.46920838952064514,3.9650537967681885,5.087193012237549,1.1190431118011475,0,-1,1,41,0.23563218390804597,2.0,174,1.9259332418441772,0,0.0,0,0.0,0,13.210073471069336,1,6
SH,FVD,137,1468,190,190,19.0,0.3839758634567261,0.5313149094581604,2.0000574588775635,2.279298782348633,0.7398993372917175,1,161,1,87,0.45789473684210524,2.0,161,0.0,0,0.0,0,0.0,0,0.0,1,6
SH,FVD,137,1469,132,132,13.200000000000001,0.38809874653816223,0.5118255019187927,4.453941345214844,5.068213939666748,0.9733017683029175,1,104,1,77,0.5833333333333334,2.0,104,0.0,0,0.0,0,0.0,0,0.0,0,5
SH,FVD,137,1470,183,183,18.3,0.2120787650346756,0.25818705558776855,6.558313369750977,7.453647136688232,0.5212805271148682,0,-1,1,183,1.0,2.0,183,0.5901490449905396,0,0.0,0,0.0,0,11.049402236938477,0,5
SH,FVD,137,1471,301,301,30.1,0.324339896440506,0.4057569205760956,18.47597885131836,21.40360450744629,1.3251298666000366,0,-1,0,0,0.0,2.0,301,3.4970273971557617,0,0.0,0,0.0,0,3.347614049911499,0,5
SH,FVD,137,1472,139,139,13.9,0.42699140310287476,0.4930386245250702,4.677135467529297,5.429876804351807,1.087795376777649,0,-1,1,10,0.07194244604316546,2.0,139,1.874182105064392,0,0.0,0,0.0,0,6.233283042907715,0,5
SH,FVD,137,1473,451,451,45.1,0.3281915783882141,0.44423598051071167,3.4599084854125977,4.038222312927246,0.5680031180381775,1,422,1,272,0.6031042128603105,2.0,422,0.0,0,0.0,0,0.0,0,0.0,2,7
SH,FVD,137,1474,209,209,20.900000000000002,0.36029794812202454,0.503045380115509,4.858288764953613,5.119284629821777,0.5350013971328735,0,-1,1,209,1.0,2.0,209,1.6931802034378052,0,0.0,0,0.0,0,29.411651611328125,2,7
SH,FVD,137,1475,337,337,33.7,0.3478793799877167,0.48009008169174194,7.139639854431152,8.483720779418945,0.9953039288520813,1,326,1,34,0.10089020771513353,2.0,326,0.0,0,0.0,0,0.0,0,0.0,0,5
SH,FVD,137,1476,166,166,16.6,0.18573972582817078,0.24758882820606232,1.0358483791351318,1.1561741828918457,0.21966223418712616,0,-1,1,166,1.0,2.0,166,0.06758756935596466,0,0.0,0,0.0,0,0.058841772377491,1,6
SH,FVD,137,1477,228,228,22.8,0.31095021963119507,0.38415536284446716,2.774354934692383,2.997657060623169,0.4073276221752167,0,-1,1,228,1.0,2.0,228,0.6510626673698425,0,0.0,0,0.0,0,4.595906734466553,2,7
SH,FVD,137,1478,226,226,22.6,0.27079102396965027,0.33294254541397095,3.127072334289551,3.6571831703186035,0.6480196118354797,0,-1,1,25,0.11061946902654868,2.0,226,0.6782358288764954,0,0.0,0,0.0,0,0.11700218170881271,2,7
SH,FVD,137,1479,235,235,23.5,0.4799470603466034,0.5874042510986328,3.049450397491455,3.7017667293548584,0.8394584059715271,0,-1,1,22,0.09361702127659574,2.0,235,1.7984000444412231,0,0.0,0,0.0,0,3.093186140060425,1,6
SH,FVD,137,1480,396,396,39.6,0.2368907779455185,0.3234086334705353,6.2497992515563965,7.063018798828125,0.6178392171859741,0,-1,1,131,0.33080808080808083,2.0,396,1.092260718345642,0,0.0,0,0.0,0,5.303342819213867,2,7
SH,FVD,137,1481,212,212,21.200000000000003,0.2957504093647003,0.4128863215446472,19.395004272460938,23.82029914855957,2.388183355331421,0,-1,1,212,1.0,2.0,212,0.8055155277252197,0,0.0,0,0.0,0,17.008544921875,1,6
SH,FVD,137,1482,192,192,19.200000000000003,0.5915096402168274,0.7385842800140381,4.052982807159424,5.148455619812012,1.8423701524734497,1,128,1,128,0.6666666666666666,2.0,128,0.0,0,0.0,0,0.0,0,0.0,2,7
SH,FVD,137,1483,371,371,37.1,0.37564003467559814,0.4999871253967285,9.792397499084473,10.414436340332031,0.6860122680664062,0,-1,0,0,0.0,2.0,371,2.289668560028076,0,0.0,0,0.0,0,6.109769821166992,2,7
SH,FVD,137,1484,175,175,17.5,0.4123004972934723,0.5224695801734924,3.850862503051758,4.246507167816162,0.6790657043457031,0,-1,0,0,0.0,2.0,175,4.2172651290893555,0,0.0,0,0.0,0,3.498814582824707,1,6
SH,FVD,137,1485,147,147,14.700000000000001,0.13426831364631653,0.16896727681159973,1.6027511358261108,2.2947678565979004,0.2614189684391022,0,-1,0,0,0.0,2.0,147,2.1168196201324463,0,0.0,0,0.0,0,37.951744079589844,0,5
SH,FVD,137,1486,210,210,21.0,0.35464027523994446,0.5010794997215271,2.848888874053955,3.342697858810425,0.83022141456604,1,199,1,46,0.21904761904761905,2.0,199,0.0,0,0.0,0,0.0,0,0.0,2,7
SH,FVD,137,1487,160,160,16.0,0.3577813506126404,0.4216710031032562,0.5614473223686218,0.6466558575630188,0.2823959290981293,0,-1,0,0,0.0,2.0,160,3.3435747623443604,0,0.0,0,0.0,0,6.434115886688232,0,5
SH,FVD,137,1488,157,157,15.700000000000001,0.6299666166305542,0.7850056290626526,2.026336193084717,2.307797431945801,0.49132809042930603,0,-1,1,157,1.0,2.0,157,0.6937608122825623,0,0.0,0,0.0,0,6.993977069854736,1,6
SH,FVD,137,1489,137,137,13.700000000000001,0.31198737025260925,0.3742619752883911,4.376809597015381,4.980807304382324,0.7315865159034729,0,-1,0,0,0.0,2.0,137,2.2251429557800293,0,0.0,0,0.0,0,2.092395067214966,2,7
SH,FVD,137,1490,317,317,31.700000000000003,0.24838592112064362,0.3157694935798645,3.4779579639434814,3.80495548248291,0.5658210515975952,0,-1,0,0,0.0,2.0,317,2.8069214820861816,0,0.0,0,0.0,0,9.27792739868164,0,5
SH,FVD,137,1491,140,140,14.0,0.3417975604534149,0.40988874435424805,4.378016948699951,6.164904594421387,0.8940426707267761,0,-1,1,80,0.5714285714285714,2.0,140,1.73988938331604,0,0.0,0,0.0,0,13.63955307006836,0,5
SH,FVD,137,1492,261,261,26.1,0.2197045534849167,0.26584723591804504,28.017545700073242,34.89957046508789,2.457817316055298,0,-1,1,261,1.0,2.0,261,0.8041370511054993,0,0.0,0,0.0,0,15.643743515014648,0,5
SH,FVD,137,1493,303,303,30.3,0.28432655334472656,0.3584107458591461,2.6363985538482666,3.9003193378448486,0.49609264731407166,0,-1,0,0,0.0,2.0,303,2.2844061851501465,0,0.0,0,0.0,0,13.276310920715332,1,6
SH,FVD,137,1494,569,569,56.900000000000006,0.3893030881881714,0.4882453978061676,6.6734232902526855,8.613512992858887,1.3410203456878662,1,474,1,89,0.15641476274165203,2.0,474,0.0,0,0.0,0,0.0,0,0.0,2,7
SH,FVD,137,1495,173,173,17.3,0.17640656232833862,0.1989562064409256,6.439401626586914,7.3479509353637695,0.5370140075683594,0,-1,0,0,0.0,2.0,173,2.107450485229492,0,0.0,0,0.0,0,37.17395782470703,0,5
SH,FVD,137,1496,313,313,31.3,0.2717251479625702,0.329917848110199,14.064011573791504,17.079715728759766,1.1388217210769653,0,-1,1,30,0.09584664536741214,2.0,313,1.4976222515106201,0,0.0,0,0.0,0,2.357680320739746,0,5
SH,FVD,137,1497,138,138,13.8,0.23367604613304138,0.2866365909576416,3.510982036590576,4.004228591918945,0.6332355737686157,0,-1,1,26,0.18840579710144928,2.0,138,1.5047619342803955,0,0.0,0,0.0,0,3.3659913539886475,1,6
SH,FVD,137,1498,297,297,29.700000000000003,0.6133744716644287,0.8021126985549927,4.205833911895752,4.905300140380859,1.2537087202072144,0,-1,1,204,0.6868686868686869,2.0,297,0.7663053274154663,0,0.0,0,0.0,0,4.559813976287842,1,6
SH,FVD,137,1499,325,325,32.5,0.16016674041748047,0.20118260383605957,1.6072858572006226,2.4110865592956543,0.3320521116256714,0,-1,1,325,1.0,2.0,325,0.7828185558319092,0,0.0,0,0.0,0,14.760417938232422,0,5
SH,FVD,137,1500,169,169,16.900000000000002,0.162011057138443,0.18827639520168304,10.778407096862793,13.586085319519043,1.4847986698150635,0,-1,1,169,1.0,2.0,169,1.399288535118103,0,0.0,0,0.0,0,27.201831817626953,1,6
SH,FVD,137,1501,165,165,16.5,0.39282822608947754,0.5584627389907837,1.9639389514923096,2.3561623096466064,0.8785549402236938,0,-1,1,66,0.4,2.0,165,1.0078961849212646,0,0.0,0,0.0,0,2.5861454010009766,2,7
SH,FVD,137,1502,194,194,19.400000000000002,0.2630990147590637,0.35128119587898254,1.0341830253601074,1.1533571481704712,1.3657959699630737,1,67,1,67,0.34536082474226804,2.0,67,0.0,0,0.0,0,0.0,0,0.0,2,7
SH,FVD,137,1503,422,422,42.2,0.3400041460990906,0.4253915250301361,5.237479209899902,6.12096643447876,3.64304518699646,1,279,1,279,0.6611374407582938,2.0,279,0.0,0,0.0,0,0.0,0,0.0,0,5
SH,FVD,137,1504,205,205,20.5,0.13550615310668945,0.1950886845588684,6.902568817138672,9.450501441955566,0.8823295831680298,0,-1,1,78,0.3804878048780488,2.0,205,1.301866888999939,0,0.0,0,0.0,0,8.97917652130127,1,6
SH,FVD,137,1505,609,609,60.900000000000006,0.22909770905971527,0.29511380195617676,9.970903396606445,12.057504653930664,0.7009526491165161,0,-1,1,592,0.9720853858784894,2.0,609,0.8956634998321533,0,0.0,0,0.0,0,16.652721405029297,2,7
SH,FVD,137,1506,290,290,29.0,0.618495523929596,0.770129919052124,4.784486770629883,5.5669708251953125,4.285978317260742,1,95,1,95,0.3275862068965517,2.0,95,0.0,0,0.0,0,0.0,0,0.0,2,7
SH,FVD,137,1507,133,133,13.3,0.2878710627555847,0.4198271930217743,2.6324644088745117,2.982835054397583,0.6273776888847351,0,-1,0,0,0.0,2.0,133,2.8734025955200195,0,0.0,0,0.0,0,4.728597640991211,2,7
SH,FVD,137,1508,913,913,91.30000000000001,0.26656144857406616,0.3341875672340393,3.5856142044067383,4.590681076049805,0.4916153848171234,1,899,1,90,0.09857612267250822,2.0,899,0.0,0,0.0,0,0.0,0,0.0,0,5
SH,FVD,137,1509,413,413,41.300000000000004,0.2896774411201477,0.3745374083518982,3.313793897628784,4.0785722732543945,0.5243868231773376,1,394,1,193,0.46731234866828086,2.0,394,0.0,0,0.0,0,0.0,0,0.0,0,5
SH,FVD,137,1510,380,380,38.0,0.18155965209007263,0.2190985232591629,10.022147178649902,11.14946174621582,0.8914065957069397,0,-1,1,380,1.0,2.0,380,0.5830462574958801,0,0.0,0,0.0,0,13.46631145477295,1,6
SH,FVD,137,1511,154,154,15.4,0.3224307894706726,0.37713906168937683,5.229691982269287,6.588021755218506,0.8713245391845703,0,-1,0,0,0.0,2.0,154,2.0345141887664795,0,0.0,0,0.0,0,2.2946150302886963,0,5
SH,FVD,137,1512,179,179,17.900000000000002,0.44204941391944885,0.5306522250175476,2.0454931259155273,2.2360129356384277,0.46104204654693604,0,-1,0,0,0.0,2.0,179,3.0877773761749268,0,0.0,0,0.0,0,22.360376358032227,2,7
SH,FVD,137,1513,150,150,15.0,0.591318666934967,0.6927284598350525,2.3671486377716064,2.8087222576141357,1.126348853111267,1,126,1,79,0.5266666666666666,2.0,126,0.0,0,0.0,0,0.0,0,0.0,2,7
SH,FVD,137,1514,217,217,21.700000000000003,0.5416222214698792,0.7317692637443542,6.750600337982178,7.484572887420654,1.0134239196777344,0,-1,0,0,0.0,2.0,217,3.3294904232025146,0,0.0,0,0.0,0,6.469313621520996,1,6
SH,FVD,137,1515,279,279,27.900000000000002,0.2727597951889038,0.340482234954834,4.23702335357666,5.2309980392456055,0.8156290650367737,0,-1,0,0,0.0,2.0,279,3.1066043376922607,0,0.0,0,0.0,0,7.20936918258667,1,6
SH,FVD,137,1516,187,187,18.7,0.29366475343704224,0.3545955717563629,6.507549285888672,7.385636329650879,0.5819066166877747,0,-1,1,187,1.0,2.0,187,0.7129700183868408,0,0.0,0,0.0,0,11.828323364257812,0,5
SH,FVD,137,1517,221,221,22.1,0.269314706325531,0.3408880829811096,1.1221643686294556,1.3979990482330322,0.4570711851119995,0,-1,1,32,0.14479638009049775,2.0,221,1.7918888330459595,0,0.0,0,0.0,0,4.419081211090088,0,5
SH,FVD,137,1518,262,262,26.200000000000003,0.4428573250770569,0.5565065145492554,6.6633620262146,7.4965643882751465,0.6527926325798035,0,-1,0,0,0.0,2.0,262,2.7832188606262207,0,0.0,0,0.0,0,6.508717060089111,1,6
SH,FVD,137,1519,136,136,13.600000000000001,0.2809392511844635,0.35535308718681335,0.8406355381011963,1.036129117012024,0.380717933177948,0,-1,1,91,0.6691176470588235,2.0,136,0.6021955609321594,0,0.0,0,0.0,0,0.9739848375320435,2,7
SH,FVD,137,1520,362,362,36.2,0.2157118320465088,0.2889706492424011,1.19431734085083,1.6373580694198608,0.33627933263778687,0,-1,1,161,0.4447513812154696,2.0,362,1.180373191833496,0,0.0,0,0.0,0,10.32378101348877,2,7
SH,FVD,137,1521,337,337,33.7,0.2709711194038391,0.37654560804367065,4.717776775360107,5.666438579559326,0.5903697609901428,0,-1,0,0,0.0,2.0,337,2.0830297470092773,0,0.0,0,0.0,0,9.621859550476074,1,6
SH,FVD,137,1522,138,138,13.8,0.552965521812439,0.6551933884620667,2.8568053245544434,3.4414947032928467,1.0059330463409424,1,117,1,62,0.4492753623188406,2.0,117,0.0,0,0.0,0,0.0,0,0.0,2,7
SH,FVD,137,1523,132,132,13.200000000000001,0.31322166323661804,0.37482041120529175,2.0084493160247803,2.683769464492798,0.7625334858894348,0,-1,0,0,0.0,2.0,132,2.337531566619873,0,0.0,0,0.0,0,21.51181983947754,1,6
SH,FVD,137,1524,308,308,30.8,0.2569499909877777,0.43025869131088257,5.737330436706543,8.17470932006836,0.7321644425392151,0,-1,0,0,0.0,2.0,308,2.0919008255004883,0,0.0,0,0.0,0,24.990610122680664,2,7
SH,FVD,137,1525,170,170,17.0,0.6235404014587402,0.7821840643882751,8.570452690124512,9.813836097717285,1.0806022882461548,0,-1,0,0,0.0,2.0,170,2.6860127449035645,0,0.0,0,0.0,0,5.5243611335754395,2,7
SH,FVD,137,1526,152,152,15.200000000000001,0.45775845646858215,0.5465211272239685,5.750973224639893,6.614234447479248,0.7778949737548828,0,-1,0,0,0.0,2.0,152,3.4641904830932617,0,0.0,0,0.0,0,9.51155948638916,2,7
SH,FVD,137,1527,176,176,17.6,0.19354571402072906,0.22412295639514923,2.131012201309204,2.4318583011627197,0.48275116086006165,0,-1,0,0,0.0,2.0,176,3.0669727325439453,0,0.0,0,0.0,0,5.049264430999756,0,5
SH,FVD,137,1528,158,158,15.8,0.2009192258119583,0.2644599378108978,2.525165319442749,3.8701891899108887,0.6752567291259766,0,-1,1,104,0.6582278481012658,2.0,158,1.7087724208831787,0,0.0,0,0.0,0,31.17483901977539,2,7
SH,FVD,137,1529,232,232,23.200000000000003,0.34714287519454956,0.45785054564476013,6.696715354919434,7.762189865112305,3.661059617996216,1,137,1,137,0.5905172413793104,2.0,137,0.0,0,0.0,0,0.0,0,0.0,2,7
SH,FVD,137,1530,270,270,27.0,0.11874201893806458,0.14345130324363708,1.5314308404922485,1.7610630989074707,0.3177953362464905,0,-1,1,270,1.0,2.0,270,0.5553330183029175,0,0.0,0,0.0,0,9.359771728515625,2,7
SH,FVD,137,1531,591,591,59.1,0.25622451305389404,0.31267744302749634,1.7872568368911743,2.236370801925659,0.24787595868110657,0,-1,1,591,1.0,2.0,591,0.6943533420562744,0,0.0,0,0.0,0,7.292391300201416,1,6
SH,FVD,137,1532,596,596,59.6,0.3134050965309143,0.44593480229377747,3.3923754692077637,4.402303218841553,0.6441716551780701,0,-1,1,216,0.3624161073825503,2.0,596,0.9761817455291748,0,0.0,0,0.0,0,1.8003594875335693,0,5
SH,FVD,137,1533,157,157,15.700000000000001,0.09313168376684189,0.11898872256278992,2.179715871810913,3.0964109897613525,0.4734565019607544,0,-1,1,157,1.0,2.0,157,0.965059220790863,0,0.0,0,0.0,0,16.716733932495117,2,7
SH,FVD,137,1534,166,166,16.6,0.28528741002082825,0.3415405750274658,2.5290603637695312,3.015209674835205,0.2846089005470276,0,-1,0,0,0.0,2.0,166,2.1709840297698975,0,0.0,0,0.0,0,14.087751388549805,2,7
SH,FVD,137,1535,285,285,28.5,0.303190678358078,0.3962078094482422,1.9001201391220093,2.082738161087036,0.4081971049308777,1,267,1,109,0.3824561403508772,2.0,267,0.0,0,0.0,0,0.0,0,0.0,1,6
SH,FVD,137,1536,1749,1749,174.9,0.3194487690925598,0.4377969205379486,7.484675407409668,8.158923149108887,3.8190979957580566,1,90,1,90,0.051457975986277875,2.0,90,0.0,0,0.0,0,0.0,0,0.0,1,6
SH,FVD,137,1537,405,405,40.5,0.1898890882730484,0.2345239818096161,12.477059364318848,13.646608352661133,0.6024556159973145,0,-1,1,405,1.0,2.0,405,0.9317581057548523,0,0.0,0,0.0,0,21.87861442565918,0,5
SH,FVD,137,1538,163,163,16.3,0.23072810471057892,0.27499762177467346,4.5229902267456055,5.1006927490234375,0.5087800025939941,0,-1,0,0,0.0,2.0,163,2.3001108169555664,0,0.0,0,0.0,0,30.715999603271484,0,5
SH,FVD,137,1539,147,147,14.700000000000001,0.1724352240562439,0.23987656831741333,1.7636760473251343,2.4349706172943115,0.3507615625858307,0,-1,0,0,0.0,2.0,147,2.3844118118286133,0,0.0,0,0.0,0,21.360431671142578,1,6
SH,FVD,137,1540,273,273,27.3,0.27140185236930847,0.38378217816352844,2.2428362369537354,2.7458133697509766,0.5160915851593018,0,-1,0,0,0.0,2.0,273,2.891678810119629,0,0.0,0,0.0,0,22.24641990661621,2,7
SH,FVD,137,1541,240,240,24.0,0.28825297951698303,0.41062313318252563,1.611540675163269,1.9659044742584229,1.4903050661087036,1,79,1,79,0.32916666666666666,2.0,79,0.0,0,0.0,0,0.0,0,0.0,1,6
SH,FVD,137,1542,229,229,22.900000000000002,0.22658109664916992,0.28671330213546753,1.809261441230774,2.330028533935547,0.5936616063117981,0,-1,0,0,0.0,2.0,229,3.0232458114624023,0,0.0,0,0.0,0,26.7867431640625,1,6
SH,FVD,137,1543,283,283,28.3,0.2494184970855713,0.32264190912246704,6.800562381744385,7.298117160797119,0.7482165098190308,0,-1,1,283,1.0,2.0,283,0.6020722985267639,0,0.0,0,0.0,0,10.748355865478516,2,7
SH,FVD,137,1544,266,266,26.6,0.43737882375717163,0.5468471646308899,4.644771099090576,5.314913272857666,0.9385221600532532,0,-1,1,21,0.07894736842105263,2.0,266,1.1074470281600952,0,0.0,0,0.0,0,1.568893313407898,1,6
SH,FVD,137,1545,144,144,14.4,0.33157795667648315,0.3977842926979065,1.9785175323486328,2.1735849380493164,0.49502626061439514,0,-1,0,0,0.0,2.0,144,2.4592559337615967,0,0.0,0,0.0,0,4.115626335144043,1,6
SH,FVD,137,1546,206,206,20.6,0.46988385915756226,0.604094386100769,4.122435092926025,4.858651161193848,0.9627510905265808,0,-1,1,190,0.9223300970873787,2.0,206,0.48742300271987915,0,0.0,0,0.0,0,1.1956398487091064,1,6
SH,FVD,137,1547,398,398,39.800000000000004,0.3104317784309387,0.47641721367836,7.77244758605957,9.251622200012207,0.8025397658348083,0,-1,1,26,0.06532663316582915,2.0,398,0.4384113550186157,0,0.0,0,0.0,0,0.8925703167915344,0,5
SH,FVD,137,1548,153,153,15.3,0.24302276968955994,0.3336130678653717,2.1587045192718506,2.404458522796631,0.5129442811012268,0,-1,0,0,0.0,2.0,153,3.0197558403015137,0,0.0,0,0.0,0,7.506064414978027,2,7
SH,FVD,137,1549,333,333,33.300000000000004,0.36621326208114624,0.44788146018981934,4.252260684967041,4.699726104736328,0.4762008786201477,0,-1,1,175,0.5255255255255256,2.0,333,1.8844636678695679,0,0.0,0,0.0,0,6.512970447540283,2,7
SH,FVD,137,1550,139,139,13.9,0.37042781710624695,0.4442813992500305,1.9018760919570923,2.03985333442688,0.378432959318161,0,-1,0,0,0.0,2.0,139,3.0050101280212402,0,0.0,0,0.0,0,30.15091896057129,1,6
SH,FVD,137,1551,208,208,20.8,0.20286321640014648,0.2472800314426422,1.4521231651306152,1.8402645587921143,0.46596959233283997,0,-1,1,148,0.7115384615384616,2.0,208,1.4222745895385742,0,0.0,0,0.0,0,8.669957160949707,2,7
SH,FVD,137,1552,189,189,18.900000000000002,0.24150346219539642,0.2795901596546173,6.536743640899658,7.403546333312988,0.6609224677085876,0,-1,1,189,1.0,2.0,189,1.3894435167312622,0,0.0,0,0.0,0,20.97641372680664,1,6
SH,FVD,137,1553,420,420,42.0,0.4072328209877014,0.5064934492111206,8.630770683288574,10.837087631225586,1.2535274028778076,1,388,1,154,0.36666666666666664,2.0,388,0.0,0,0.0,0,0.0,0,0.0,1,6
SH,FVD,137,1554,133,133,13.3,0.3130400478839874,0.4103246331214905,0.3674168884754181,0.5103617906570435,0.24345391988754272,0,-1,0,0,0.0,2.0,133,4.585046291351318,0,0.0,0,0.0,0,5.777009963989258,0,5
SH,FVD,137,1555,135,135,13.5,0.2625652253627777,0.4262391924858093,14.648591041564941,17.487934112548828,2.1733806133270264,0,-1,0,0,0.0,2.0,135,2.3390538692474365,0,0.0,0,0.0,0,24.031343460083008,2,7
SH,FVD,137,1556,162,162,16.2,0.49748334288597107,0.6169875860214233,4.165270805358887,4.961470127105713,0.6142363548278809,0,-1,1,43,0.2654320987654321,2.0,162,1.794372320175171,0,0.0,0,0.0,0,4.434828281402588,0,5
SH,FVD,137,1557,521,521,52.1,0.14460033178329468,0.19337135553359985,16.338481903076172,18.6533260345459,0.6463907957077026,0,-1,1,362,0.6948176583493282,2.0,521,1.5603318214416504,0,0.0,0,0.0,0,32.428550720214844,2,7
SH,FVD,137,1558,184,184,18.400000000000002,0.2354004830121994,0.35357677936553955,1.437465786933899,1.617613434791565,0.4131513237953186,1,165,1,120,0.6521739130434783,2.0,165,0.0,0,0.0,0,0.0,0,0.0,2,7
SH,FVD,137,1559,136,136,13.600000000000001,0.2466975599527359,0.3126070499420166,7.79075813293457,9.889286994934082,1.3797404766082764,0,-1,1,136,1.0,2.0,136,1.3006725311279297,0,0.0,0,0.0,0,24.27086639404297,0,5
SH,FVD,137,1560,207,207,20.700000000000003,0.27861443161964417,0.3194504976272583,5.696222305297852,7.919353485107422,0.9874782562255859,0,-1,1,135,0.6521739130434783,2.0,207,1.3837153911590576,0,0.0,0,0.0,0,36.33935546875,2,7
SH,FVD,137,1561,526,526,52.6,0.25658175349235535,0.35858842730522156,1.3043749332427979,1.709259033203125,0.4414645731449127,0,-1,1,366,0.6958174904942965,2.0,526,0.09297485649585724,0,0.0,0,0.0,0,0.15241028368473053,2,7
SH,FVD,137,1562,136,136,13.600000000000001,0.22401155531406403,0.28339067101478577,0.8169936537742615,1.0145201683044434,0.45760512351989746,0,-1,0,0,0.0,2.0,136,3.651477098464966,0,0.0,0,0.0,0,4.303162574768066,1,6
SH,FVD,137,1563,219,219,21.900000000000002,0.18437273800373077,0.2548012435436249,4.204442024230957,5.079110145568848,0.54216468334198,0,-1,1,95,0.4337899543378995,2.0,219,0.8332775235176086,0,0.0,0,0.0,0,2.542433977127075,1,6
SH,FVD,137,1564,476,476,47.6,0.3343590199947357,0.43751123547554016,5.492825031280518,6.135058403015137,5.372408866882324,1,119,1,119,0.25,2.0,119,0.0,0,0.0,0,0.0,0,0.0,0,5
SH,FVD,137,1565,163,163,16.3,0.26483234763145447,0.38295474648475647,0.981414258480072,1.2113313674926758,0.4056168496608734,1,152,1,152,0.9325153374233128,2.0,152,0.0,0,0.0,0,0.0,0,0.0,1,6
SH,FVD,137,1566,361,361,36.1,0.3830620050430298,0.4650613069534302,9.038778305053711,9.533343315124512,0.7587774991989136,0,-1,0,0,0.0,2.0,361,2.669424533843994,0,0.0,0,0.0,0,10.923264503479004,0,5
SH,FVD,137,1567,210,210,21.0,0.16024458408355713,0.2175409346818924,7.24997091293335,8.494611740112305,0.6148784160614014,0,-1,1,210,1.0,2.0,210,1.2977724075317383,0,0.0,0,0.0,0,32.50525665283203,0,5
SH,FVD,137,1568,309,309,30.900000000000002,0.29206109046936035,0.3421027660369873,45.79375076293945,59.5001335144043,4.1475911140441895,0,-1,0,0,0.0,2.0,309,4.055996417999268,0,0.0,0,0.0,0,16.190874099731445,1,6
SH,FVD,137,1569,372,372,37.2,0.2242950052022934,0.2954334020614624,9.56467056274414,13.259818077087402,1.1433980464935303,0,-1,1,141,0.3790322580645161,2.0,372,1.8284446001052856,0,0.0,0,0.0,0,57.94684982299805,0,5
SH,FVD,137,1570,174,174,17.400000000000002,0.18519745767116547,0.26738622784614563,3.491428852081299,4.31736946105957,0.42439699172973633,0,-1,1,174,1.0,2.0,174,0.7543883919715881,0,0.0,0,0.0,0,12.46630859375,2,7
SH,FVD,137,1571,157,157,15.700000000000001,0.38965457677841187,0.4466056525707245,6.799803256988525,8.984293937683105,1.0830717086791992,0,-1,0,0,0.0,2.0,157,2.648109197616577,0,0.0,0,0.0,0,49.483604431152344,0,5
SH,FVD,137,1572,140,140,14.0,0.369668573141098,0.5049110054969788,6.5380635261535645,8.542511940002441,1.373725175857544,0,-1,1,140,1.0,2.0,140,0.800970733165741,0,0.0,0,0.0,0,7.915950775146484,1,6
SH,FVD,137,1573,357,357,35.7,0.24650120735168457,0.32370007038116455,19.319232940673828,20.709684371948242,0.8284698128700256,0,-1,0,0,0.0,2.0,357,2.093949317932129,0,0.0,0,0.0,0,3.4459478855133057,0,5
SH,FVD,137,1574,155,155,15.5,0.3403434157371521,0.42867720127105713,3.8619282245635986,4.715676307678223,0.8649577498435974,0,-1,1,101,0.6516129032258065,2.0,155,1.3717193603515625,0,0.0,0,0.0,0,7.6306657791137695,0,5
SH,FVD,137,1575,146,146,14.600000000000001,0.6227719783782959,0.7708570957183838,3.2097158432006836,3.8076553344726562,1.0540767908096313,0,-1,0,0,0.0,2.0,146,4.875885486602783,0,0.0,0,0.0,0,8.801926612854004,1,6
SH,FVD,137,1576,210,210,21.0,0.4177342653274536,0.5262055993080139,4.307016849517822,5.121883869171143,1.6621036529541016,1,115,1,115,0.5476190476190477,2.0,115,0.0,0,0.0,0,0.0,0,0.0,1,6
SH,FVD,137,1577,206,206,20.6,0.15749792754650116,0.24269703030586243,1.7017065286636353,1.9113017320632935,0.27258241176605225,1,205,1,69,0.33495145631067963,2.0,205,0.0,0,0.0,0,0.0,0,0.0,2,7
SH,FVD,137,1578,484,484,48.400000000000006,0.3312487006187439,0.4464462101459503,2.202622175216675,2.6125574111938477,0.41793060302734375,0,-1,1,484,1.0,2.0,484,0.5410480499267578,0,0.0,0,0.0,0,3.2605812549591064,2,7
SH,FVD,137,1579,563,563,56.300000000000004,0.2596656382083893,0.38137945532798767,2.161345958709717,2.6185262203216553,0.5025560259819031,1,529,1,504,0.8952042628774423,2.0,529,0.0,0,0.0,0,0.0,0,0.0,0,5
SH,FVD,137,1580,269,269,26.900000000000002,0.18353062868118286,0.24838420748710632,26.057945251464844,31.388200759887695,2.1490602493286133,0,-1,1,269,1.0,2.0,269,1.0524572134017944,0,0.0,0,0.0,0,20.799823760986328,0,5
SH,FVD,137,1581,131,131,13.100000000000001,0.2719823122024536,0.34373342990875244,1.819156289100647,2.1618120670318604,0.6523492932319641,0,-1,1,131,1.0,2.0,131,0.09505438804626465,0,0.0,0,0.0,0,0.49292123317718506,0,5
SH,FVD,137,1582,296,296,29.6,0.24273787438869476,0.34120672941207886,4.664474010467529,5.020181179046631,1.5702106952667236,1,87,1,87,0.2939189189189189,2.0,87,0.0,0,0.0,0,0.0,0,0.0,2,7
SH,FVD,137,1583,213,213,21.3,0.35682666301727295,0.41276317834854126,2.2151131629943848,2.610658884048462,0.6260849237442017,1,210,1,58,0.27230046948356806,2.0,210,0.0,0,0.0,0,0.0,0,0.0,1,6
SH,FVD,137,1584,798,798,79.80000000000001,0.3094419836997986,0.4170617163181305,2.370903253555298,3.4182920455932617,0.49984997510910034,0,-1,1,113,0.14160401002506265,2.0,798,0.5223316550254822,0,0.0,0,0.0,0,1.019219994544983,0,5
SH,FVD,137,1585,141,141,14.100000000000001,0.5139738321304321,0.5815693140029907,8.324397087097168,9.353797912597656,1.109756350517273,0,-1,1,79,0.5602836879432624,2.0,141,1.7436467409133911,0,0.0,0,0.0,0,17.30575180053711,0,5
SH,FVD,137,1586,173,173,17.3,0.39476245641708374,0.5306609869003296,3.4707207679748535,4.0473833084106445,0.6465198397636414,0,-1,0,0,0.0,2.0,173,3.897944688796997,0,0.0,0,0.0,0,5.5597429275512695,1,6
SH,FVD,137,1587,139,139,13.9,0.22850726544857025,0.3037678301334381,2.26409912109375,3.0252530574798584,0.4819883108139038,0,-1,1,139,1.0,2.0,139,1.5944042205810547,0,0.0,0,0.0,0,10.820886611938477,2,7
SH,FVD,137,1588,221,221,22.1,0.20646964013576508,0.2570316195487976,10.87563705444336,13.056220054626465,0.9150945544242859,0,-1,1,221,1.0,2.0,221,0.9342194199562073,0,0.0,0,0.0,0,14.33698558807373,1,6
SH,FVD,137,1589,164,164,16.400000000000002,0.357719361782074,0.4505597949028015,2.9346444606781006,4.050650119781494,0.4889092743396759,0,-1,1,164,1.0,2.0,164,0.19235096871852875,0,0.0,0,0.0,0,2.297924041748047,0,5
SH,FVD,137,1590,139,139,13.9,0.5073043704032898,0.6156367659568787,6.2577738761901855,7.438381671905518,2.1058080196380615,1,84,1,55,0.39568345323741005,2.0,84,0.0,0,0.0,0,0.0,0,0.0,0,5
SH,FVD,137,1591,210,210,21.0,0.18266555666923523,0.2214304804801941,9.596933364868164,11.991501808166504,0.982939600944519,0,-1,1,210,1.0,2.0,210,0.9404968619346619,0,0.0,0,0.0,0,19.95328140258789,2,7
SH,FVD,137,1592,143,143,14.3,0.43447795510292053,0.5220592617988586,2.1817712783813477,3.187007188796997,0.6271851658821106,0,-1,0,0,0.0,2.0,143,3.7623484134674072,0,0.0,0,0.0,0,10.426265716552734,1,6
SH,FVD,137,1593,175,175,17.5,0.5002237558364868,0.6466641426086426,13.862914085388184,15.503830909729004,1.4265921115875244,0,-1,0,0,0.0,2.0,175,3.464324474334717,0,0.0,0,0.0,0,8.450064659118652,2,7
SH,FVD,137,1594,325,325,32.5,0.5116168260574341,0.6863012909889221,10.74332332611084,13.35229206085205,3.1482460498809814,1,234,1,217,0.6676923076923077,2.0,234,0.0,0,0.0,0,0.0,0,0.0,1,6
SH,FVD,137,1595,564,564,56.400000000000006,0.30252206325531006,0.44303274154663086,10.932292938232422,13.710641860961914,2.4185423851013184,1,337,1,246,0.43617021276595747,2.0,337,0.0,0,0.0,0,0.0,0,0.0,2,7
SH,FVD,137,1596,164,164,16.400000000000002,0.528069794178009,0.6503772139549255,6.212469100952148,6.643674373626709,0.7265340089797974,0,-1,1,164,1.0,2.0,164,0.9820655584335327,0,0.0,0,0.0,0,15.123974800109863,1,6
SH,FVD,137,1597,137,137,13.700000000000001,0.2744770050048828,0.3108918368816376,2.879680633544922,3.3039278984069824,0.49473974108695984,0,-1,1,137,1.0,2.0,137,0.7836763262748718,0,0.0,0,0.0,0,11.797881126403809,0,5
SH,FVD,137,1598,552,552,55.2,0.24261458218097687,0.340523362159729,10.77492618560791,12.865378379821777,0.6794490814208984,0,-1,0,0,0.0,2.0,552,2.233670711517334,0,0.0,0,0.0,0,6.507907390594482,0,5
SH,FVD,137,1599,165,165,16.5,0.3861801028251648,0.4918796420097351,1.5584968328475952,1.9151325225830078,0.8160422444343567,0,-1,1,75,0.45454545454545453,2.0,165,1.1626776456832886,0,0.0,0,0.0,0,6.368587017059326,0,5
SH,FVD,137,1600,199,199,19.900000000000002,0.20019549131393433,0.24297687411308289,2.0074622631073,2.3307197093963623,0.3748764097690582,0,-1,1,199,1.0,2.0,199,0.9387253522872925,0,0.0,0,0.0,0,17.709842681884766,0,5
SH,FVD,137,1601,240,240,24.0,0.31031063199043274,0.4049052894115448,24.483348846435547,30.751007080078125,2.7857167720794678,0,-1,0,0,0.0,2.0,240,3.6206235885620117,0,0.0,0,0.0,0,4.0367431640625,2,7
SH,FVD,137,1602,144,144,14.4,0.31892311573028564,0.3926655948162079,3.2703864574432373,3.9662063121795654,0.9845718741416931,0,-1,1,144,1.0,2.0,144,1.3342171907424927,0,0.0,0,0.0,0,27.746109008789062,2,7
SH,FVD,137,1603,474,474,47.400000000000006,0.2747780978679657,0.3558200001716614,2.4929864406585693,2.9198801517486572,0.45999908447265625,0,-1,1,471,0.9936708860759493,2.0,474,1.3250209093093872,0,0.0,0,0.0,0,20.292505264282227,2,7
SH,FVD,137,1604,288,288,28.8,0.153437077999115,0.2085050791501999,3.662418842315674,4.135673999786377,0.3559770882129669,0,-1,1,157,0.5451388888888888,2.0,288,1.695285677909851,0,0.0,0,0.0,0,22.322269439697266,2,7
SH,FVD,137,1605,252,252,25.200000000000003,0.3248034119606018,0.39350426197052,3.314885377883911,3.8682851791381836,0.7083572149276733,0,-1,1,3,0.011904761904761904,2.0,252,1.9448078870773315,0,0.0,0,0.0,0,12.720890998840332,1,6
SH,FVD,137,1606,368,368,36.800000000000004,0.2616497576236725,0.3516823947429657,12.344819068908691,15.127548217773438,0.8282240033149719,0,-1,0,0,0.0,2.0,368,3.62326717376709,0,0.0,0,0.0,0,2.976303815841675,1,6
SH,FVD,137,1607,191,191,19.1,0.19303308427333832,0.24036167562007904,2.232485294342041,2.4744811058044434,0.40849804878234863,0,-1,1,2,0.010471204188481676,2.0,191,1.9095953702926636,0,0.0,0,0.0,0,2.5284290313720703,0,5
SH,FVD,137,1608,263,263,26.3,0.23598478734493256,0.2963000535964966,7.570756435394287,8.586658477783203,0.646147608757019,0,-1,1,54,0.20532319391634982,2.0,263,1.8187659978866577,0,0.0,0,0.0,0,25.665246963500977,0,5
SH,FVD,137,1609,159,159,15.9,0.29420244693756104,0.3392738401889801,8.246501922607422,9.775914192199707,1.2828798294067383,0,-1,0,0,0.0,2.0,159,2.7819807529449463,0,0.0,0,0.0,0,4.21196985244751,1,6
SH,FVD,137,1610,159,159,15.9,0.2492671012878418,0.2855239808559418,8.054953575134277,9.847491264343262,1.2105035781860352,0,-1,0,0,0.0,2.0,159,2.0275487899780273,0,0.0,0,0.0,0,32.3012580871582,2,7
SH,FVD,137,1611,395,395,39.5,0.5140132308006287,0.6401659250259399,7.365437030792236,8.097707748413086,4.624782085418701,1,46,1,46,0.11645569620253164,2.0,46,0.0,0,0.0,0,0.0,0,0.0,2,7
SH,FVD,137,1612,185,185,18.5,0.1534631848335266,0.2046336531639099,2.018160820007324,2.4603371620178223,0.3282342553138733,0,-1,1,185,1.0,2.0,185,1.3645350933074951,0,0.0,0,0.0,0,24.681270599365234,2,7
SH,FVD,137,1613,372,372,37.2,0.4114914834499359,0.5424825549125671,5.073612213134766,5.901758670806885,0.8461609482765198,0,-1,1,372,1.0,2.0,372,0.31561869382858276,0,0.0,0,0.0,0,3.57968807220459,1,6
SH,FVD,137,1614,308,308,30.8,0.3734523057937622,0.5058618783950806,0.9415435791015625,1.243825078010559,0.4365938901901245,0,-1,1,250,0.8116883116883117,2.0,308,0.5697285532951355,0,0.0,0,0.0,0,1.0006533861160278,0,5
SH,FVD,137,1615,528,528,52.800000000000004,0.37911123037338257,0.4607451856136322,4.359063625335693,5.658143997192383,0.7891542315483093,0,-1,1,86,0.16287878787878787,2.0,528,1.4800113439559937,0,0.0,0,0.0,0,2.1675124168395996,0,5
SH,FVD,137,1616,257,257,25.700000000000003,0.5394079089164734,0.7098138928413391,4.317296981811523,5.2279839515686035,6.244162082672119,1,142,1,142,0.5525291828793775,2.0,142,0.0,0,0.0,0,0.0,0,0.0,1,6
SH,FVD,137,1617,313,313,31.3,0.5611321926116943,0.8382562398910522,4.482127666473389,5.8006205558776855,0.9218348264694214,0,-1,1,209,0.6677316293929713,2.0,313,0.44305428862571716,0,0.0,0,0.0,0,1.363818645477295,1,6
SH,FVD,137,1618,364,364,36.4,0.21014191210269928,0.2669821083545685,3.4986636638641357,4.448380470275879,0.6422038078308105,0,-1,1,130,0.35714285714285715,2.0,364,1.1602530479431152,0,0.0,0,0.0,0,11.628286361694336,1,6
SH,FVD,137,1619,148,148,14.8,0.36673903465270996,0.5012043118476868,14.6570463180542,17.19098663330078,1.8118168115615845,0,-1,1,9,0.060810810810810814,2.0,148,1.8164602518081665,0,0.0,0,0.0,0,27.809186935424805,2,7
SH,FVD,137,1620,178,178,17.8,0.18733543157577515,0.25859829783439636,0.48108989000320435,0.6775590181350708,0.29557356238365173,1,177,1,75,0.42134831460674155,2.0,177,0.0,0,0.0,0,0.0,0,0.0,1,6
SH,FVD,137,1621,891,891,89.10000000000001,0.26322853565216064,0.34580251574516296,4.2713398933410645,5.105136871337891,0.7845722436904907,1,696,1,31,0.03479236812570146,2.0,696,0.0,0,0.0,0,0.0,0,0.0,0,5
SH,FVD,137,1622,380,380,38.0,0.3645641505718231,0.47051164507865906,23.504409790039062,31.098413467407227,2.1027603149414062,0,-1,1,16,0.042105263157894736,2.0,380,1.7002075910568237,0,0.0,0,0.0,0,1.7719337940216064,2,7
SH,FVD,137,1623,285,285,28.5,0.22297577559947968,0.26432445645332336,15.215378761291504,18.13572120666504,1.1301881074905396,0,-1,0,0,0.0,2.0,285,3.1070406436920166,0,0.0,0,0.0,0,44.22803497314453,2,7
SH,FVD,137,1624,202,202,20.200000000000003,0.2494807243347168,0.32587581872940063,5.293665409088135,6.160828590393066,0.7514113783836365,0,-1,0,0,0.0,2.0,202,2.544635534286499,0,0.0,0,0.0,0,5.66556978225708,2,7
SH,FVD,137,1625,237,237,23.700000000000003,0.2556902766227722,0.32384103536605835,1.7738311290740967,2.0529797077178955,0.3191063702106476,0,-1,1,50,0.2109704641350211,2.0,237,0.9340872764587402,0,0.0,0,0.0,0,0.538317084312439,2,7
SH,FVD,137,1626,258,258,25.8,0.21396182477474213,0.2619357705116272,10.066853523254395,12.617806434631348,0.8788596391677856,0,-1,1,258,1.0,2.0,258,0.600401759147644,0,0.0,0,0.0,0,7.500993251800537,2,7
SH,FVD,137,1627,141,141,14.100000000000001,0.18057578802108765,0.21767500042915344,1.6966050863265991,1.909763216972351,0.31590181589126587,1,74,1,74,0.524822695035461,2.0,74,0.0,0,0.0,0,0.0,0,0.0,1,6
SH,FVD,137,1628,153,153,15.3,0.45747625827789307,0.5886760354042053,2.179574728012085,2.4584500789642334,0.42375433444976807,0,-1,1,153,1.0,2.0,153,0.5548515319824219,0,0.0,0,0.0,0,1.0521494150161743,0,5
SH,FVD,137,1629,175,175,17.5,0.34428709745407104,0.3767898678779602,3.4853615760803223,4.316849231719971,1.2560864686965942,0,-1,1,143,0.8171428571428572,2.0,175,1.1452674865722656,0,0.0,0,0.0,0,23.996566772460938,0,5
SH,FVD,137,1630,341,341,34.1,0.2073664516210556,0.2542519271373749,5.312558174133301,6.672723770141602,0.44811952114105225,0,-1,0,0,0.0,2.0,341,3.1170618534088135,0,0.0,0,0.0,0,20.32901954650879,0,5
SH,FVD,137,1631,174,174,17.400000000000002,0.33803731203079224,0.4325695037841797,3.296861410140991,4.381315231323242,1.0137954950332642,1,83,1,81,0.46551724137931033,2.0,83,0.0,0,0.0,0,0.0,0,0.0,0,5
SH,FVD,137,1632,281,281,28.1,0.43929722905158997,0.5523611307144165,5.854035377502441,6.576469898223877,0.6392685174942017,0,-1,0,0,0.0,2.0,281,2.170867443084717,0,0.0,0,0.0,0,6.138317584991455,1,6
SH,FVD,137,1633,167,167,16.7,0.12030196934938431,0.15245525538921356,0.7432712912559509,0.882468581199646,0.23924799263477325,0,-1,0,0,0.0,2.0,167,3.014176368713379,0,0.0,0,0.0,0,1.6967689990997314,1,6
SH,FVD,137,1634,138,138,13.8,0.233318492770195,0.3083871304988861,1.2755725383758545,1.527124285697937,0.566754937171936,0,-1,1,37,0.26811594202898553,2.0,138,1.1040035486221313,0,0.0,0,0.0,0,1.8055537939071655,0,5
SH,FVD,137,1635,590,590,59.0,0.17423215508460999,0.22674448788166046,4.932101249694824,6.283071517944336,0.32194796204566956,0,-1,1,590,1.0,2.0,590,0.9795601963996887,0,0.0,0,0.0,0,5.8520731925964355,0,5
SH,FVD,137,1636,141,141,14.100000000000001,0.5776315331459045,0.663983166217804,4.991950511932373,5.834115028381348,1.424910306930542,0,-1,0,0,0.0,2.0,141,4.112054824829102,0,0.0,0,0.0,0,7.389206409454346,2,7
SH,FVD,137,1637,638,638,63.800000000000004,0.2255115807056427,0.2746697962284088,5.693966865539551,7.564128875732422,0.3115912079811096,0,-1,1,638,1.0,2.0,638,0.8395048975944519,0,0.0,0,0.0,0,13.52432632446289,1,6
SH,FVD,137,1638,210,210,21.0,0.3952730596065521,0.5653316974639893,13.949165344238281,15.291125297546387,1.1014219522476196,0,-1,1,210,1.0,2.0,210,0.53140789270401,0,0.0,0,0.0,0,10.586379051208496,0,5
SH,FVD,137,1639,261,261,26.1,0.21815845370292664,0.3029702305793762,4.860452651977539,5.7799906730651855,0.36801010370254517,0,-1,1,261,1.0,2.0,261,0.06745054572820663,0,0.0,0,0.0,0,0.8727986216545105,1,6
SH,FVD,137,1640,142,142,14.200000000000001,0.27408063411712646,0.3358490467071533,8.036773681640625,11.136632919311523,1.8030571937561035,0,-1,0,0,0.0,2.0,142,2.389709949493408,0,0.0,0,0.0,0,64.79462432861328,0,5
SH,FVD,137,1641,247,247,24.700000000000003,0.3733171820640564,0.4419247806072235,2.2044098377227783,2.4804911613464355,0.47185778617858887,0,-1,1,247,1.0,2.0,247,0.1389884650707245,0,0.0,0,0.0,0,2.2011961936950684,0,5
SH,FVD,137,1642,348,348,34.800000000000004,0.4308713674545288,0.5446060299873352,4.65379524230957,5.738097667694092,2.8363637924194336,1,228,1,228,0.6551724137931034,2.0,228,0.0,0,0.0,0,0.0,0,0.0,0,5
SH,FVD,137,1643,148,148,14.8,0.7983272075653076,0.9769598245620728,4.124168395996094,5.045523166656494,2.436691999435425,1,100,1,100,0.6756756756756757,2.0,100,0.0,0,0.0,0,0.0,0,0.0,0,5
SH,FVD,137,1644,169,169,16.900000000000002,0.22006726264953613,0.2833477556705475,3.341437578201294,4.117154598236084,0.4234903156757355,0,-1,1,74,0.4378698224852071,2.0,169,1.5774873495101929,0,0.0,0,0.0,0,33.79829406738281,2,7
SH,FVD,137,1645,660,660,66.0,0.33435872197151184,0.3988502323627472,6.548773288726807,7.535553455352783,0.8611814379692078,0,-1,1,172,0.2606060606060606,2.0,660,0.1163903996348381,0,0.0,0,0.0,0,0.23209166526794434,0,5
SH,FVD,137,1646,582,582,58.2,0.27915599942207336,0.34663698077201843,6.090074062347412,7.2061543464660645,0.6733540296554565,0,-1,1,153,0.26288659793814434,2.0,582,1.047046184539795,0,0.0,0,0.0,0,5.279463768005371,1,6
SH,FVD,137,1647,512,512,51.2,0.1816280335187912,0.2283758670091629,9.824766159057617,12.110968589782715,0.8209689259529114,0,-1,1,299,0.583984375,2.0,512,1.0023472309112549,0,0.0,0,0.0,0,27.285991668701172,1,6
SH,FVD,137,1648,629,629,62.900000000000006,0.25244295597076416,0.3656337261199951,7.181237697601318,8.442317962646484,5.358500957489014,1,205,1,205,0.32591414944356123,2.0,205,0.0,0,0.0,0,0.0,0,0.0,0,5
SH,FVD,137,1649,424,424,42.400000000000006,0.29435986280441284,0.36604830622673035,1.562480092048645,2.212038993835449,0.5292804837226868,0,-1,1,424,1.0,2.0,424,0.7676080465316772,0,0.0,0,0.0,0,9.242298126220703,1,6
SH,FVD,137,1650,137,137,13.700000000000001,0.17740152776241302,0.21647731959819794,3.5779504776000977,4.703835487365723,0.47927406430244446,0,-1,0,0,0.0,2.0,137,9.407231330871582,0,0.0,0,0.0,0,13.21716022491455,1,6
SH,FVD,137,1651,974,974,97.4,0.3322330713272095,0.4555828273296356,3.253584861755371,4.060616493225098,0.5479371547698975,0,-1,0,0,0.0,2.0,974,2.247810125350952,0,0.0,0,0.0,0,5.8191752433776855,0,5
SH,FVD,137,1652,164,164,16.400000000000002,0.22099122405052185,0.2662467062473297,1.8118541240692139,2.249746084213257,0.636322021484375,0,-1,1,164,1.0,2.0,164,0.7974867820739746,0,0.0,0,0.0,0,9.06074047088623,2,7
SH,FVD,137,1653,208,208,20.8,0.4126690626144409,0.5408611297607422,1.75855553150177,2.2519755363464355,0.4874128997325897,1,197,1,33,0.15865384615384615,2.0,197,0.0,0,0.0,0,0.0,0,0.0,0,5
SH,FVD,137,1654,226,226,22.6,0.19245277345180511,0.24707122147083282,0.5530778765678406,0.8391273617744446,0.2738777697086334,0,-1,1,194,0.8584070796460177,2.0,226,1.6801729202270508,0,0.0,0,0.0,0,6.962146282196045,0,5
SH,FVD,137,1655,187,187,18.7,0.18734057247638702,0.263605535030365,2.505695343017578,3.16300106048584,0.7407575249671936,0,-1,0,0,0.0,2.0,187,2.4752135276794434,0,0.0,0,0.0,0,36.606788635253906,1,6
SH,FVD,137,1656,158,158,15.8,0.5110118985176086,0.5684211850166321,7.873909950256348,9.337031364440918,1.0998328924179077,0,-1,0,0,0.0,2.0,158,3.404151678085327,0,0.0,0,0.0,0,11.220544815063477,0,5
SH,FVD,137,1657,233,233,23.3,0.24938079714775085,0.2921554446220398,3.209012031555176,4.2421393394470215,0.8253611326217651,0,-1,1,233,1.0,2.0,233,1.2435415983200073,0,0.0,0,0.0,0,26.76392936706543,2,7
SH,FVD,137,1658,166,166,16.6,0.46890074014663696,0.5627299547195435,1.121233582496643,1.3839346170425415,0.6489208340644836,0,-1,1,79,0.4759036144578313,2.0,166,1.2978883981704712,0,0.0,0,0.0,0,4.025022029876709,0,5
SH,FVD,137,1659,133,133,13.3,0.1709216982126236,0.20378409326076508,0.8397871851921082,1.0410497188568115,0.3289147615432739,0,-1,1,4,0.03007518796992481,2.0,133,1.8188719749450684,0,0.0,0,0.0,0,1.469273567199707,1,6
SH,FVD,137,1660,402,402,40.2,0.4945175051689148,0.632822573184967,3.3417391777038574,3.859679937362671,3.5006179809570312,1,106,1,106,0.263681592039801,2.0,106,0.0,0,0.0,0,0.0,0,0.0,2,7
SH,FVD,137,1661,142,142,14.200000000000001,0.358078271150589,0.4209524989128113,2.5351226329803467,3.144268035888672,0.8088822960853577,0,-1,1,142,1.0,2.0,142,1.2262139320373535,0,0.0,0,0.0,0,10.504291534423828,1,6
SH,FVD,137,1662,147,147,14.700000000000001,0.265007346868515,0.41640758514404297,1.414894461631775,1.5705832242965698,0.37887564301490784,0,-1,1,147,1.0,2.0,147,0.6164108514785767,0,0.0,0,0.0,0,11.879709243774414,2,7
SH,FVD,137,1663,134,134,13.4,0.14924770593643188,0.19644024968147278,3.7387349605560303,4.636751174926758,0.6313351988792419,0,-1,1,134,1.0,2.0,134,1.3677922487258911,0,0.0,0,0.0,0,25.503320693969727,2,7
SH,FVD,137,1664,137,137,13.700000000000001,0.3432852625846863,0.43282651901245117,2.2214300632476807,2.4532365798950195,0.3921014964580536,0,-1,0,0,0.0,2.0,137,2.9674735069274902,0,0.0,0,0.0,0,2.939512252807617,2,7
SH,FVD,137,1665,200,200,20.0,0.322426974773407,0.42910343408584595,6.928927421569824,9.135420799255371,0.9731738567352295,0,-1,1,200,1.0,2.0,200,0.7803084254264832,0,0.0,0,0.0,0,8.592227935791016,0,5
SH,FVD,137,1666,287,287,28.700000000000003,0.3565409183502197,0.4530434012413025,1.6432883739471436,1.880575180053711,0.40229201316833496,0,-1,0,0,0.0,2.0,287,2.4733450412750244,0,0.0,0,0.0,0,1.0440127849578857,1,6
SH,FVD,137,1667,175,175,17.5,0.24903008341789246,0.37400081753730774,24.5167236328125,30.327354431152344,3.2040750980377197,0,-1,1,175,1.0,2.0,175,0.9124976396560669,0,0.0,0,0.0,0,16.441274642944336,1,6
SH,FVD,137,1668,320,320,32.0,0.40753239393234253,0.5280001759529114,3.324782609939575,3.849508762359619,2.3271074295043945,1,254,1,196,0.6125,2.0,254,0.0,0,0.0,0,0.0,0,0.0,1,6
SH,FVD,137,1669,720,720,72.0,0.18911030888557434,0.24698665738105774,4.424811363220215,5.323548316955566,1.3775607347488403,1,592,1,579,0.8041666666666667,2.0,592,0.0,0,0.0,0,0.0,0,0.0,0,5
SH,FVD,137,1670,200,200,20.0,0.258619487285614,0.3485163152217865,3.5362088680267334,4.430534839630127,1.1233288049697876,0,-1,0,0,0.0,2.0,200,2.0042786598205566,0,0.0,0,0.0,0,34.57515335083008,1,6
SH,FVD,137,1671,216,216,21.6,0.31821098923683167,0.40863215923309326,12.156227111816406,17.095218658447266,1.7858190536499023,0,-1,1,216,1.0,2.0,216,0.7494286894798279,0,0.0,0,0.0,0,14.085437774658203,0,5
SH,FVD,137,1672,196,196,19.6,0.4789338707923889,0.6085922122001648,17.171829223632812,19.579011917114258,1.4931151866912842,0,-1,1,16,0.08163265306122448,2.0,196,1.5950424671173096,0,0.0,0,0.0,0,6.5039520263671875,1,6
SH,FVD,137,1673,294,294,29.400000000000002,0.4037271738052368,0.45074814558029175,17.79832649230957,20.725927352905273,2.340083122253418,1,195,1,83,0.282312925170068,2.0,195,0.0,0,0.0,0,0.0,0,0.0,0,5
SH,FVD,137,1674,327,327,32.7,0.242598295211792,0.31283265352249146,2.804140329360962,3.693859577178955,0.6469133496284485,0,-1,1,238,0.72782874617737,2.0,327,1.117169976234436,0,0.0,0,0.0,0,8.403998374938965,0,5
SH,FVD,137,1675,332,332,33.2,0.1635538637638092,0.20870523154735565,11.542070388793945,15.027074813842773,1.0052101612091064,0,-1,1,332,1.0,2.0,332,1.4040690660476685,0,0.0,0,0.0,0,27.790573120117188,0,5
SH,FVD,137,1676,202,202,20.200000000000003,0.23084254562854767,0.2849940061569214,2.3511250019073486,2.95346736907959,0.412845641374588,1,189,1,35,0.17326732673267325,2.0,189,0.0,0,0.0,0,0.0,0,0.0,0,5
SH,FVD,137,1677,555,555,55.5,0.6643837094306946,0.8668221235275269,10.907028198242188,11.694085121154785,9.865540504455566,1,77,1,77,0.13873873873873874,2.0,77,0.0,0,0.0,0,0.0,0,0.0,1,6
SH,FVD,137,1678,1637,1637,163.70000000000002,0.1760351061820984,0.22993633151054382,7.490189075469971,9.765002250671387,0.6977996826171875,0,-1,1,1637,1.0,2.0,1637,0.316221684217453,0,0.0,0,0.0,0,4.0921735763549805,1,6
SH,FVD,137,1679,200,200,20.0,0.21390655636787415,0.330348402261734,4.025938034057617,4.856245517730713,0.3765229880809784,0,-1,1,99,0.495,2.0,200,1.0968433618545532,0,0.0,0,0.0,0,9.509980201721191,2,7
SH,FVD,137,1680,168,168,16.8,0.49483612179756165,0.6356697082519531,1.2452633380889893,1.4998503923416138,0.6603789925575256,0,-1,0,0,0.0,2.0,168,2.083847999572754,0,0.0,0,0.0,0,8.782388687133789,0,5
SH,FVD,137,1681,315,315,31.5,0.2959580719470978,0.36807042360305786,7.098789215087891,7.871753692626953,0.897446870803833,0,-1,1,32,0.10158730158730159,2.0,315,0.4159027338027954,0,0.0,0,0.0,0,1.2913415431976318,1,6
SH,FVD,137,1682,216,216,21.6,0.32272377610206604,0.3860514461994171,6.846463680267334,7.632792949676514,0.7368428707122803,0,-1,0,0,0.0,2.0,216,3.346554756164551,0,0.0,0,0.0,0,7.054513454437256,1,6
SH,FVD,137,1683,172,172,17.2,0.492371141910553,0.715984046459198,9.010270118713379,10.500986099243164,1.4071475267410278,0,-1,0,0,0.0,2.0,172,3.554205894470215,0,0.0,0,0.0,0,8.279143333435059,1,6
SH,FVD,137,1684,256,256,25.6,0.3668765425682068,0.5854577422142029,2.7764077186584473,3.214367389678955,0.9204564094543457,1,166,1,132,0.515625,2.0,166,0.0,0,0.0,0,0.0,0,0.0,1,6
SH,FVD,137,1685,144,144,14.4,0.28810828924179077,0.4207187592983246,4.136239528656006,4.799715042114258,1.0051697492599487,1,108,1,59,0.4097222222222222,2.0,108,0.0,0,0.0,0,0.0,0,0.0,0,5
SH,FVD,137,1686,145,145,14.5,0.5395729541778564,0.6776655912399292,7.56470251083374,8.335936546325684,0.9000421762466431,0,-1,0,0,0.0,2.0,145,2.54854679107666,0,0.0,0,0.0,0,20.087305068969727,2,7
SH,FVD,137,1687,278,278,27.8,0.3065902888774872,0.3781103491783142,14.339719772338867,16.29507064819336,3.295876979827881,1,141,1,53,0.1906474820143885,2.0,141,0.0,0,0.0,0,0.0,0,0.0,0,5
SH,FVD,137,1688,250,250,25.0,0.22763396799564362,0.2887757420539856,1.3526703119277954,1.7157869338989258,0.5681783556938171,0,-1,1,250,1.0,2.0,250,0.705289363861084,0,0.0,0,0.0,0,9.476017951965332,2,7
SH,FVD,137,1689,184,184,18.400000000000002,0.22596493363380432,0.30131617188453674,2.9588892459869385,3.840592861175537,1.117882251739502,1,160,1,160,0.8695652173913043,2.0,160,0.0,0,0.0,0,0.0,0,0.0,0,5
SH,FVD,137,1690,285,285,28.5,0.20447759330272675,0.2628172039985657,3.4961295127868652,4.481612682342529,0.7313457131385803,0,-1,0,0,0.0,2.0,285,2.7747573852539062,0,0.0,0,0.0,0,36.033851623535156,0,5
SH,FVD,137,1691,389,389,38.900000000000006,0.3450835645198822,0.5028360486030579,9.491690635681152,11.951092720031738,0.7940482497215271,0,-1,1,65,0.16709511568123395,2.0,389,1.3245136737823486,0,0.0,0,0.0,0,8.148031234741211,1,6
SH,FVD,137,1692,352,352,35.2,0.17875872552394867,0.21194595098495483,4.512197494506836,5.388774871826172,0.7519102096557617,0,-1,0,0,0.0,2.0,352,4.014553546905518,0,0.0,0,0.0,0,21.601957321166992,1,6
SH,FVD,137,1693,234,234,23.400000000000002,0.16973982751369476,0.2069288045167923,5.723649978637695,6.544554233551025,0.4665091931819916,0,-1,1,234,1.0,2.0,234,1.0095388889312744,0,0.0,0,0.0,0,16.219388961791992,2,7
SH,FVD,137,1694,406,406,40.6,0.17690953612327576,0.21742120385169983,3.840725898742676,4.360538482666016,0.4970400631427765,0,-1,1,406,1.0,2.0,406,0.8570516705513,0,0.0,0,0.0,0,14.83910846710205,0,5
SH,FVD,137,1695,145,145,14.5,0.434710830450058,0.5283330082893372,3.757643222808838,4.589552879333496,1.038169026374817,0,-1,1,21,0.14482758620689656,2.0,145,0.8190386295318604,0,0.0,0,0.0,0,1.699388861656189,0,5
SH,FVD,137,1696,141,141,14.100000000000001,0.3133006989955902,0.5400739312171936,0.5829893350601196,1.1503621339797974,0.42388299107551575,0,-1,1,29,0.20567375886524822,2.0,141,1.5952593088150024,0,0.0,0,0.0,0,29.007963180541992,0,5
SH,FVD,137,1697,259,259,25.900000000000002,0.19128790497779846,0.2722545862197876,0.5627030730247498,0.720744788646698,0.2632767856121063,1,253,1,240,0.9266409266409267,2.0,253,0.0,0,0.0,0,0.0,0,0.0,1,6
SH,FVD,137,1698,384,384,38.400000000000006,0.2523587942123413,0.33566826581954956,3.305715560913086,4.014217853546143,0.5839935541152954,0,-1,1,384,1.0,2.0,384,0.9732234477996826,0,0.0,0,0.0,0,8.850812911987305,2,7
SH,FVD,137,1699,134,134,13.4,0.2303132265806198,0.3032659888267517,1.7911914587020874,2.1591265201568604,0.4670012593269348,0,-1,1,34,0.2537313432835821,2.0,134,1.4481302499771118,0,0.0,0,0.0,0,0.2913096249103546,0,5
SH,FVD,137,1700,138,138,13.8,0.23047077655792236,0.27105265855789185,3.4770727157592773,5.586265563964844,1.0932345390319824,0,-1,1,8,0.057971014492753624,2.0,138,1.9821460247039795,0,0.0,0,0.0,0,34.48371505737305,1,6
SH,FVD,137,1701,228,228,22.8,0.19705906510353088,0.262455016374588,3.9726080894470215,4.54050874710083,0.584592342376709,0,-1,1,228,1.0,2.0,228,1.2428956031799316,0,0.0,0,0.0,0,24.923831939697266,0,5
SH,FVD,137,1702,383,383,38.300000000000004,0.3050459921360016,0.3712073862552643,6.180129051208496,6.886357307434082,0.651339590549469,1,382,1,31,0.08093994778067885,2.0,382,0.0,0,0.0,0,0.0,0,0.0,2,7
SH,FVD,137,1703,355,355,35.5,0.32072222232818604,0.5218415260314941,4.860397815704346,6.194498062133789,0.7910429835319519,0,-1,1,355,1.0,2.0,355,0.6325218677520752,0,0.0,0,0.0,0,9.192290306091309,2,7
SH,FVD,137,1704,515,515,51.5,0.3434123396873474,0.44911569356918335,4.262731552124023,4.718447208404541,2.0874886512756348,1,149,1,82,0.15922330097087378,2.0,149,0.0,0,0.0,0,0.0,0,0.0,0,5
SH,FVD,137,1705,264,264,26.400000000000002,0.17412404716014862,0.21952547132968903,0.9410350322723389,1.0698603391647339,0.24601444602012634,0,-1,1,264,1.0,2.0,264,0.8824315071105957,0,0.0,0,0.0,0,12.275726318359375,2,7
SH,FVD,137,1706,363,363,36.300000000000004,0.3138454556465149,0.40216442942619324,2.82405424118042,3.241243600845337,0.9498661160469055,0,-1,1,363,1.0,2.0,363,0.4413549304008484,0,0.0,0,0.0,0,3.976466655731201,0,5
SH,FVD,137,1707,211,211,21.1,0.34776341915130615,0.529599130153656,8.807194709777832,11.998095512390137,1.1797406673431396,0,-1,1,211,1.0,2.0,211,0.421060174703598,0,0.0,0,0.0,0,6.214412212371826,2,7
SH,FVD,137,1708,157,157,15.700000000000001,0.444735050201416,0.550112783908844,5.729372501373291,7.482603073120117,0.9679157137870789,0,-1,1,62,0.39490445859872614,2.0,157,1.040285587310791,0,0.0,0,0.0,0,19.77062225341797,1,6
SH,FVD,137,1709,177,177,17.7,0.30928584933280945,0.35308966040611267,4.718921661376953,5.530592918395996,0.8254415988922119,0,-1,1,132,0.7457627118644068,2.0,177,1.2424986362457275,0,0.0,0,0.0,0,20.934865951538086,2,7
SH,FVD,137,1710,181,181,18.1,0.5021799206733704,0.6571812033653259,6.4027180671691895,7.831978797912598,1.1309682130813599,0,-1,0,0,0.0,2.0,181,3.2928576469421387,0,0.0,0,0.0,0,9.61678695678711,1,6
SH,FVD,137,1711,210,210,21.0,0.23673339188098907,0.2825869917869568,6.330649375915527,6.8875322341918945,0.46034955978393555,0,-1,1,176,0.8380952380952381,2.0,210,0.8576540946960449,0,0.0,0,0.0,0,6.075467586517334,1,6
SH,FVD,137,1712,194,194,19.400000000000002,0.17369820177555084,0.24837814271450043,3.2555580139160156,4.2110276222229,0.48421773314476013,0,-1,1,4,0.020618556701030927,2.0,194,1.9621644020080566,0,0.0,0,0.0,0,27.228971481323242,0,5
SH,FVD,137,1713,171,171,17.1,0.16860894858837128,0.2315795123577118,4.349379539489746,5.733851909637451,0.6620554327964783,0,-1,1,171,1.0,2.0,171,1.1647502183914185,0,0.0,0,0.0,0,26.117124557495117,0,5
SH,FVD,137,1714,415,415,41.5,0.23202405869960785,0.2815031111240387,7.180161476135254,8.045391082763672,0.5713818073272705,0,-1,1,415,1.0,2.0,415,0.6475309729576111,0,0.0,0,0.0,0,7.760871887207031,2,7
SH,FVD,137,1715,206,206,20.6,0.17519864439964294,0.25238877534866333,11.116143226623535,13.045731544494629,0.9831653237342834,0,-1,1,206,1.0,2.0,206,1.2906078100204468,0,0.0,0,0.0,0,24.56647300720215,0,5
SH,FVD,137,1716,371,371,37.1,0.263208270072937,0.3174022436141968,22.619626998901367,26.51620864868164,1.3742140531539917,0,-1,1,371,1.0,2.0,371,0.8564461469650269,0,0.0,0,0.0,0,15.195180892944336,1,6
SH,FVD,137,1717,406,406,40.6,0.5550416707992554,0.6797572374343872,4.863656997680664,5.66673469543457,5.096116065979004,1,267,1,254,0.625615763546798,2.0,267,0.0,0,0.0,0,0.0,0,0.0,1,6
SH,FVD,137,1718,203,203,20.3,0.15454982221126556,0.1923801749944687,5.160319805145264,6.236761093139648,0.5379000902175903,0,-1,0,0,0.0,2.0,203,2.930760383605957,0,0.0,0,0.0,0,21.16404914855957,0,5
SH,FVD,137,1719,255,255,25.5,0.12603799998760223,0.1620526909828186,9.419807434082031,12.442106246948242,0.9844565391540527,0,-1,0,0,0.0,2.0,255,2.2016611099243164,0,0.0,0,0.0,0,51.49336624145508,2,7
SH,FVD,137,1720,341,341,34.1,0.21402223408222198,0.24583429098129272,3.4528543949127197,4.182718276977539,0.7200509309768677,0,-1,1,142,0.41642228739002934,2.0,341,1.3949017524719238,0,0.0,0,0.0,0,6.130499839782715,1,6
SH,FVD,137,1721,156,156,15.600000000000001,0.20041359961032867,0.3271557688713074,2.801743268966675,3.5413432121276855,0.3283798098564148,0,-1,1,156,1.0,2.0,156,0.3010607361793518,0,0.0,0,0.0,0,0.8599146008491516,1,6
SH,FVD,137,1722,151,151,15.100000000000001,0.7971402406692505,0.8726867437362671,8.35716438293457,9.75948715209961,3.2949929237365723,1,65,1,65,0.4304635761589404,2.0,65,0.0,0,0.0,0,0.0,0,0.0,2,7
SH,FVD,137,1723,166,166,16.6,0.08648140728473663,0.12935596704483032,6.714313507080078,8.10369873046875,0.8274140954017639,1,163,1,163,0.9819277108433735,2.0,163,0.0,0,0.0,0,0.0,0,0.0,1,6
SH,FVD,137,1724,132,132,13.200000000000001,0.3004940152168274,0.37803158164024353,2.516834259033203,3.056443691253662,0.6555509567260742,0,-1,0,0,0.0,2.0,132,4.596954345703125,0,0.0,0,0.0,0,5.391592979431152,2,7
SH,FVD,137,1725,150,150,15.0,0.18283134698867798,0.226235032081604,8.375290870666504,10.201576232910156,1.1338123083114624,0,-1,0,0,0.0,2.0,150,2.654297113418579,0,0.0,0,0.0,0,49.356048583984375,0,5
SH,FVD,137,1726,189,189,18.900000000000002,0.15671250224113464,0.20635978877544403,0.9123269319534302,1.2162021398544312,0.2986043393611908,0,-1,1,169,0.8941798941798942,2.0,189,1.2012039422988892,0,0.0,0,0.0,0,1.4123259782791138,2,7
SH,FVD,137,1727,677,677,67.7,0.26627829670906067,0.3767346143722534,7.990405082702637,9.607345581054688,0.6102082133293152,0,-1,1,677,1.0,2.0,677,0.3390541970729828,0,0.0,0,0.0,0,3.1298117637634277,2,7
SH,FVD,137,1728,358,358,35.800000000000004,0.20340560376644135,0.2523571252822876,8.744253158569336,9.589373588562012,0.7954980731010437,0,-1,1,358,1.0,2.0,358,1.2756366729736328,0,0.0,0,0.0,0,24.10755729675293,2,7
SH,FVD,137,1729,341,341,34.1,0.30558064579963684,0.4155312180519104,5.183491230010986,5.981914520263672,0.588994562625885,0,-1,0,0,0.0,2.0,341,2.3919060230255127,0,0.0,0,0.0,0,6.824014663696289,0,5
SH,FVD,137,1730,229,229,22.900000000000002,0.3029811382293701,0.4251309633255005,11.37845230102539,12.554661750793457,0.9024515151977539,0,-1,1,9,0.039301310043668124,2.0,229,1.9681059122085571,0,0.0,0,0.0,0,7.8321027755737305,2,7
SH,FVD,137,1731,464,464,46.400000000000006,0.24662096798419952,0.31470561027526855,6.247120380401611,7.149391174316406,0.6529905200004578,1,463,1,463,0.9978448275862069,2.0,463,0.0,0,0.0,0,0.0,0,0.0,0,5
SH,FVD,137,1732,136,136,13.600000000000001,0.2612241506576538,0.30985572934150696,0.4375140070915222,0.5181678533554077,0.2650599181652069,0,-1,1,136,1.0,2.0,136,0.7596433162689209,0,0.0,0,0.0,0,11.96807861328125,2,7
SH,FVD,137,1733,515,515,51.5,0.21798832714557648,0.2787729799747467,6.39951229095459,7.559844017028809,0.5225499868392944,0,-1,1,515,1.0,2.0,515,0.7169412970542908,0,0.0,0,0.0,0,12.495134353637695,2,7
SH,FVD,137,1734,224,224,22.400000000000002,0.49160584807395935,0.6463765501976013,6.033381938934326,7.534183502197266,1.7884055376052856,1,141,1,121,0.5401785714285714,2.0,141,0.0,0,0.0,0,0.0,0,0.0,1,6
SH,FVD,137,1735,262,262,26.200000000000003,0.3005150258541107,0.38225284218788147,4.012645721435547,4.348300457000732,0.5074257850646973,1,239,1,34,0.1297709923664122,2.0,239,0.0,0,0.0,0,0.0,0,0.0,2,7
SH,FVD,137,1736,148,148,14.8,0.2807101905345917,0.348018616437912,4.716787815093994,5.417183876037598,0.7562458515167236,0,-1,0,0,0.0,2.0,148,2.3520803451538086,0,0.0,0,0.0,0,28.373106002807617,1,6
SH,FVD,137,1737,193,193,19.3,0.4095715582370758,0.5024999976158142,2.617004632949829,3.210264205932617,0.8665651082992554,1,154,1,154,0.7979274611398963,2.0,154,0.0,0,0.0,0,0.0,0,0.0,1,6
SH,FVD,137,1738,131,131,13.100000000000001,0.1636747121810913,0.202440083026886,4.1615071296691895,5.851070880889893,0.9579108357429504,0,-1,1,131,1.0,2.0,131,1.2260303497314453,0,0.0,0,0.0,0,15.765488624572754,1,6
SH,FVD,137,1739,294,294,29.400000000000002,0.5165199041366577,0.6125221848487854,8.471214294433594,9.849581718444824,1.2183012962341309,0,-1,1,121,0.41156462585034015,2.0,294,1.3386775255203247,0,0.0,0,0.0,0,10.790334701538086,1,6
SH,FVD,137,1740,235,235,23.5,0.2387186884880066,0.3594965934753418,1.9748055934906006,2.372314691543579,0.43164271116256714,0,-1,0,0,0.0,2.0,235,3.005836248397827,0,0.0,0,0.0,0,5.985086917877197,2,7
SH,FVD,137,1741,173,173,17.3,0.4116095304489136,0.5059530138969421,4.967690467834473,6.44655704498291,0.8041170239448547,0,-1,1,98,0.5664739884393064,2.0,173,1.7438445091247559,0,0.0,0,0.0,0,20.46381950378418,2,7
SH,FVD,137,1742,183,183,18.3,0.34555232524871826,0.5871224999427795,2.1039133071899414,2.777182102203369,0.8244454860687256,1,158,1,129,0.7049180327868853,2.0,158,0.0,0,0.0,0,0.0,0,0.0,1,6
SH,FVD,137,1743,384,384,38.400000000000006,0.3628145754337311,0.46011263132095337,4.592966079711914,4.923375129699707,0.4501579999923706,0,-1,1,41,0.10677083333333333,2.0,384,1.6316972970962524,0,0.0,0,0.0,0,4.197371006011963,0,5
SH,FVD,137,1744,735,735,73.5,0.3217918872833252,0.4548643231391907,8.17159366607666,9.990789413452148,1.1676784753799438,1,667,1,667,0.9074829931972789,2.0,667,0.0,0,0.0,0,0.0,0,0.0,0,5
SH,FVD,137,1745,200,200,20.0,0.14394696056842804,0.16619297862052917,7.141407012939453,9.884689331054688,1.1223359107971191,0,-1,1,141,0.705,2.0,200,1.4952119588851929,0,0.0,0,0.0,0,19.557193756103516,0,5
SH,FVD,137,1746,464,464,46.400000000000006,0.3142201602458954,0.4658055603504181,4.127353668212891,4.53406286239624,1.165789008140564,1,312,1,209,0.4504310344827586,2.0,312,0.0,0,0.0,0,0.0,0,0.0,1,6
SH,FVD,137,1747,153,153,15.3,0.17149841785430908,0.22350141406059265,2.899247169494629,3.6140122413635254,0.4436423182487488,0,-1,1,40,0.26143790849673204,2.0,153,1.5384607315063477,0,0.0,0,0.0,0,10.023428916931152,1,6
SH,FVD,137,1748,210,210,21.0,0.5319221615791321,0.6561564207077026,4.567229270935059,6.229441165924072,1.0338972806930542,1,158,1,28,0.13333333333333333,2.0,158,0.0,0,0.0,0,0.0,0,0.0,2,7
SH,FVD,137,1749,242,242,24.200000000000003,0.15343432128429413,0.20157264173030853,0.45874571800231934,0.5713520050048828,0.2168804556131363,0,-1,0,0,0.0,2.0,242,2.1672868728637695,0,0.0,0,0.0,0,28.912452697753906,2,7
SH,FVD,137,1750,183,183,18.3,0.3232855498790741,0.4149972200393677,10.689111709594727,12.566169738769531,1.6793594360351562,1,167,1,167,0.912568306010929,2.0,167,0.0,0,0.0,0,0.0,0,0.0,2,7
SH,FVD,137,1751,155,155,15.5,0.2447744756937027,0.31413376331329346,3.3757615089416504,3.695427656173706,0.3397592008113861,0,-1,0,0,0.0,2.0,155,5.629948616027832,0,0.0,0,0.0,0,10.609176635742188,1,6
SH,FVD,137,1752,264,264,26.400000000000002,0.16466057300567627,0.2138861119747162,0.8327268362045288,0.9748139977455139,0.29498401284217834,0,-1,1,106,0.4015151515151515,2.0,264,1.4808963537216187,0,0.0,0,0.0,0,12.053262710571289,0,5
SH,FVD,137,1753,340,340,34.0,0.4121215343475342,0.5148681402206421,3.1484479904174805,3.868436098098755,1.0062534809112549,1,289,1,178,0.5235294117647059,2.0,289,0.0,0,0.0,0,0.0,0,0.0,2,7
SH,FVD,137,1754,246,246,24.6,0.37126389145851135,0.4580528736114502,5.824366092681885,6.349581718444824,2.6997268199920654,1,98,1,98,0.3983739837398374,2.0,98,0.0,0,0.0,0,0.0,0,0.0,2,7
SH,FVD,137,1755,190,190,19.0,0.7235648036003113,0.9952095150947571,24.003686904907227,28.109851837158203,2.493269443511963,0,-1,0,0,0.0,2.0,190,2.2113990783691406,0,0.0,0,0.0,0,10.100900650024414,2,7
SH,FVD,137,1756,275,275,27.5,0.286209374666214,0.3655456602573395,2.6568853855133057,3.3212051391601562,0.5553393959999084,0,-1,1,50,0.18181818181818182,2.0,275,1.059781551361084,0,0.0,0,0.0,0,1.1540054082870483,0,5
SH,FVD,137,1757,171,171,17.1,0.07055187225341797,0.08730760216712952,3.8081917762756348,4.880936145782471,0.646160364151001,0,-1,0,0,0.0,2.0,171,3.3532731533050537,0,0.0,0,0.0,0,69.96578979492188,1,6
SH,FVD,137,1758,343,343,34.300000000000004,0.4301534593105316,0.5473555326461792,26.4572696685791,31.309995651245117,1.6903913021087646,0,-1,1,24,0.06997084548104957,2.0,343,1.7274693250656128,0,0.0,0,0.0,0,8.715933799743652,1,6
SH,FVD,137,1759,715,715,71.5,0.19112373888492584,0.26672276854515076,3.6037540435791016,4.25664758682251,0.3096921145915985,0,-1,1,715,1.0,2.0,715,0.08596082776784897,0,0.0,0,0.0,0,1.4836467504501343,1,6
SH,FVD,137,1760,214,214,21.400000000000002,0.20131249725818634,0.24660712480545044,3.866050958633423,5.110864639282227,0.5403059720993042,0,-1,1,214,1.0,2.0,214,0.32558920979499817,0,0.0,0,0.0,0,6.055941581726074,0,5
SH,FVD,137,1761,301,301,30.1,0.43701329827308655,0.5504629015922546,4.314060688018799,4.924605846405029,0.7957677245140076,0,-1,0,0,0.0,2.0,301,2.1111559867858887,0,0.0,0,0.0,0,6.870569229125977,1,6
SH,FVD,137,1762,164,164,16.400000000000002,0.2648552358150482,0.3216916024684906,3.010605573654175,4.011274814605713,0.7186189293861389,0,-1,1,164,1.0,2.0,164,1.133461594581604,0,0.0,0,0.0,0,14.037803649902344,0,5
SH,FVD,137,1763,296,296,29.6,0.22125820815563202,0.28627368807792664,3.727705240249634,4.27855110168457,0.5006900429725647,0,-1,1,119,0.40202702702702703,2.0,296,0.6563883423805237,0,0.0,0,0.0,0,1.803344488143921,0,5
SH,FVD,137,1764,164,164,16.400000000000002,0.3545209467411041,0.46531859040260315,1.6380163431167603,1.9507014751434326,0.7782540917396545,1,136,1,65,0.39634146341463417,2.0,136,0.0,0,0.0,0,0.0,0,0.0,1,6
SH,FVD,137,1765,133,133,13.3,0.38129958510398865,0.5049464702606201,2.9456787109375,4.292591571807861,0.8714082837104797,0,-1,1,15,0.11278195488721804,2.0,133,1.9714752435684204,0,0.0,0,0.0,0,20.483579635620117,2,7
SH,FVD,137,1766,215,215,21.5,0.37892335653305054,0.5163794755935669,5.617029190063477,6.158790111541748,0.6952381730079651,0,-1,0,0,0.0,2.0,215,2.1541271209716797,0,0.0,0,0.0,0,5.283346652984619,0,5
SH,FVD,137,1767,792,792,79.2,0.34200724959373474,0.41151899099349976,14.214789390563965,16.3040714263916,0.8230504393577576,0,-1,1,186,0.23484848484848486,2.0,792,1.082745909690857,0,0.0,0,0.0,0,5.475668430328369,1,6
SH,FVD,137,1768,213,213,21.3,0.20741504430770874,0.24236199259757996,0.8296794891357422,1.091967225074768,0.31711581349372864,0,-1,1,213,1.0,2.0,213,0.8616510033607483,0,0.0,0,0.0,0,11.264127731323242,2,7
SH,FVD,137,1769,188,188,18.8,0.16448266804218292,0.2104535847902298,2.0458874702453613,2.3354318141937256,0.37841737270355225,0,-1,0,0,0.0,2.0,188,4.117992877960205,0,0.0,0,0.0,0,15.427684783935547,1,6
SH,FVD,137,1770,170,170,17.0,0.3712565004825592,0.5009426474571228,7.848074913024902,10.745498657226562,1.3242405652999878,0,-1,0,0,0.0,2.0,170,3.7705745697021484,0,0.0,0,0.0,0,4.837815284729004,0,5
SH,FVD,137,1771,172,172,17.2,0.6898916959762573,0.794593095779419,8.845734596252441,11.111568450927734,2.8161027431488037,1,93,1,93,0.5406976744186046,2.0,93,0.0,0,0.0,0,0.0,0,0.0,2,7
SH,FVD,137,1772,144,144,14.4,0.261006236076355,0.30846214294433594,9.182573318481445,11.3231782913208,1.4518510103225708,0,-1,0,0,0.0,2.0,144,2.546365737915039,0,0.0,0,0.0,0,31.541593551635742,1,6
SH,FVD,137,1773,143,143,14.3,0.5002046227455139,0.6031867265701294,3.436809778213501,3.9050559997558594,0.8901336789131165,0,-1,0,0,0.0,2.0,143,3.611342191696167,0,0.0,0,0.0,0,12.25023078918457,2,7
SH,FVD,137,1774,131,131,13.100000000000001,0.3301738202571869,0.3693664073944092,6.682561874389648,9.534597396850586,1.748632788658142,0,-1,0,0,0.0,2.0,131,2.160757541656494,0,0.0,0,0.0,0,40.870765686035156,2,7
SH,FVD,137,1775,478,478,47.800000000000004,0.19141420722007751,0.23552751541137695,6.102984428405762,8.134726524353027,0.8484101295471191,0,-1,1,302,0.6317991631799164,2.0,478,0.2515641450881958,0,0.0,0,0.0,0,3.517840623855591,1,6
SH,FVD,137,1776,153,153,15.3,0.27440667152404785,0.4138740301132202,11.679927825927734,13.480010032653809,1.341544270515442,0,-1,1,150,0.9803921568627451,2.0,153,0.9191730618476868,0,0.0,0,0.0,0,21.6691951751709,2,7
SH,FVD,137,1777,545,545,54.5,0.36210769414901733,0.4559325873851776,4.219846248626709,4.994225025177002,2.0608978271484375,1,340,1,340,0.6238532110091743,2.0,340,0.0,0,0.0,0,0.0,0,0.0,2,7
SH,FVD,137,1778,172,172,17.2,0.3486816883087158,0.4332921504974365,9.422282218933105,11.966064453125,1.210025668144226,0,-1,1,50,0.29069767441860467,2.0,172,1.5480971336364746,0,0.0,0,0.0,0,24.52916145324707,0,5
SH,FVD,137,1779,323,323,32.300000000000004,0.2604431211948395,0.30204176902770996,11.349469184875488,15.707226753234863,1.2247921228408813,0,-1,1,21,0.06501547987616099,2.0,323,1.583603858947754,0,0.0,0,0.0,0,6.415411472320557,0,5
SH,FVD,137,1780,150,150,15.0,0.19296732544898987,0.25566917657852173,3.3463571071624756,4.794918060302734,0.8630617260932922,0,-1,1,58,0.38666666666666666,2.0,150,1.1556624174118042,0,0.0,0,0.0,0,3.553740978240967,1,6
SH,FVD,137,1781,135,135,13.5,0.2163245528936386,0.28556713461875916,1.2043792009353638,1.3105170726776123,0.2624753713607788,0,-1,1,135,1.0,2.0,135,1.201025366783142,0,0.0,0,0.0,0,22.088504791259766,0,5
SH,FVD,137,1782,176,176,17.6,0.21177753806114197,0.27919310331344604,9.003486633300781,10.59561824798584,0.9045286178588867,0,-1,1,176,1.0,2.0,176,0.18155930936336517,0,0.0,0,0.0,0,1.5406955480575562,1,6
SH,FVD,137,1783,138,138,13.8,0.1814076453447342,0.2387322336435318,1.2568809986114502,1.6463799476623535,0.3700193762779236,0,-1,1,9,0.06521739130434782,2.0,138,1.822098970413208,0,0.0,0,0.0,0,8.488358497619629,2,7
SH,FVD,137,1784,162,162,16.2,0.348568320274353,0.41261401772499084,2.046905517578125,2.5544486045837402,0.6493205428123474,0,-1,0,0,0.0,2.0,162,5.113296985626221,0,0.0,0,0.0,0,11.299344062805176,1,6
SH,FVD,137,1785,378,378,37.800000000000004,0.2888154685497284,0.3763501048088074,1.261853814125061,1.6010438203811646,0.3684634566307068,1,361,1,175,0.46296296296296297,2.0,361,0.0,0,0.0,0,0.0,0,0.0,0,5
SH,FVD,137,1786,220,220,22.0,0.42322829365730286,0.5645561218261719,16.415895462036133,18.207977294921875,1.3453253507614136,0,-1,1,1,0.004545454545454545,2.0,220,1.9943675994873047,0,0.0,0,0.0,0,5.359690189361572,0,5
SH,FVD,137,1787,315,315,31.5,0.2515847384929657,0.3049183189868927,21.216753005981445,25.43634605407715,1.449220061302185,0,-1,1,315,1.0,2.0,315,1.310887098312378,0,0.0,0,0.0,0,31.235698699951172,2,7
SH,FVD,137,1788,289,289,28.900000000000002,0.29200494289398193,0.4152979552745819,14.424752235412598,17.464513778686523,1.797538161277771,1,250,1,250,0.8650519031141869,2.0,250,0.0,0,0.0,0,0.0,0,0.0,0,5
SH,FVD,137,1789,239,239,23.900000000000002,0.31209805607795715,0.37063291668891907,2.4040441513061523,2.780702590942383,0.514443576335907,0,-1,1,239,1.0,2.0,239,1.4701225757598877,0,0.0,0,0.0,0,18.279199600219727,0,5
SH,FVD,137,1790,299,299,29.900000000000002,0.31696292757987976,0.382500022649765,10.268959045410156,12.381555557250977,1.0498379468917847,0,-1,1,299,1.0,2.0,299,1.155141830444336,0,0.0,0,0.0,0,22.24721336364746,0,5
SH,FVD,137,1791,222,222,22.200000000000003,0.24289317429065704,0.29741719365119934,1.1253018379211426,1.5281535387039185,0.4535149335861206,0,-1,1,141,0.6351351351351351,2.0,222,1.0123610496520996,0,0.0,0,0.0,0,2.91697096824646,2,7
SH,FVD,137,1792,551,551,55.1,0.18566662073135376,0.25353899598121643,2.9029834270477295,3.652423858642578,0.5643675327301025,0,-1,1,551,1.0,2.0,551,0.8457983732223511,0,0.0,0,0.0,0,15.421148300170898,2,7
SH,FVD,137,1793,799,799,79.9,0.2659853398799896,0.3544730842113495,6.182299613952637,6.851365566253662,0.7943804264068604,1,720,1,560,0.7008760951188986,2.0,720,0.0,0,0.0,0,0.0,0,0.0,1,6
SH,FVD,137,1794,153,153,15.3,0.331646203994751,0.3931543529033661,17.85547637939453,22.377866744995117,2.731325149536133,0,-1,1,153,1.0,2.0,153,1.3465383052825928,0,0.0,0,0.0,0,25.052507400512695,0,5
SH,FVD,137,1795,298,298,29.8,0.4008927345275879,0.5305373668670654,6.667945861816406,8.542574882507324,2.136286497116089,1,190,1,190,0.6375838926174496,2.0,190,0.0,0,0.0,0,0.0,0,0.0,0,5
SH,FVD,137,1796,903,903,90.30000000000001,0.24438729882240295,0.3843807876110077,7.169650077819824,8.45995807647705,0.8115705251693726,0,-1,1,903,1.0,2.0,903,0.2535230219364166,0,0.0,0,0.0,0,4.259230136871338,2,7
SH,FVD,137,1797,182,182,18.2,0.2262498140335083,0.2905060350894928,1.4149178266525269,1.9289036989212036,0.27881595492362976,0,-1,1,182,1.0,2.0,182,0.5015249848365784,0,0.0,0,0.0,0,12.052538871765137,1,6
SH,FVD,137,1798,477,477,47.7,0.215408056974411,0.29065799713134766,31.347970962524414,39.48473358154297,1.6575543880462646,0,-1,0,0,0.0,2.0,477,2.620392084121704,0,0.0,0,0.0,0,50.14681625366211,2,7
SH,FVD,137,1799,288,288,28.8,0.30828216671943665,0.37388914823532104,5.342728137969971,7.874365329742432,0.920628011226654,0,-1,1,288,1.0,2.0,288,1.6526055335998535,0,0.0,0,0.0,0,29.251558303833008,1,6
SH,FVD,137,1800,143,143,14.3,0.38835248351097107,0.5071728825569153,4.127151012420654,4.640204906463623,0.5315415859222412,0,-1,1,143,1.0,2.0,143,0.6732344031333923,0,0.0,0,0.0,0,9.76177978515625,0,5
SH,FVD,137,1801,463,463,46.300000000000004,0.21865740418434143,0.29349955916404724,5.1457600593566895,6.291271209716797,0.7074106931686401,0,-1,1,341,0.7365010799136069,2.0,463,0.8313584923744202,0,0.0,0,0.0,0,8.956029891967773,2,7
SH,FVD,137,1802,171,171,17.1,0.41503962874412537,0.4789397120475769,2.9357821941375732,3.448545217514038,1.0333772897720337,1,138,1,52,0.30409356725146197,2.0,138,0.0,0,0.0,0,0.0,0,0.0,2,7
SH,FVD,137,1803,218,218,21.8,0.27269044518470764,0.3670766055583954,4.918546676635742,5.805017948150635,1.0984371900558472,1,134,1,55,0.25229357798165136,2.0,134,0.0,0,0.0,0,0.0,0,0.0,0,5
SH,FVD,137,1804,695,695,69.5,0.45004743337631226,0.6028013229370117,9.019780158996582,10.21487045288086,4.910466194152832,1,257,1,257,0.3697841726618705,2.0,257,0.0,0,0.0,0,0.0,0,0.0,1,6
SH,FVD,137,1805,269,269,26.900000000000002,0.30911216139793396,0.3824000060558319,1.697732925415039,2.0177345275878906,0.4001600444316864,1,251,1,199,0.7397769516728625,2.0,251,0.0,0,0.0,0,0.0,0,0.0,1,6
SH,FVD,137,1806,146,146,14.600000000000001,0.22998782992362976,0.2893233895301819,6.753112316131592,8.395130157470703,1.3335846662521362,0,-1,1,13,0.08904109589041095,2.0,146,1.328567624092102,0,0.0,0,0.0,0,1.9813485145568848,2,7
SH,FVD,137,1807,748,748,74.8,0.21612565219402313,0.2702378034591675,15.790495872497559,18.153884887695312,1.0086231231689453,1,699,1,57,0.07620320855614973,2.0,699,0.0,0,0.0,0,0.0,0,0.0,0,5
SH,FVD,137,1808,727,727,72.7,0.2520087957382202,0.32327553629875183,9.015275001525879,10.25757122039795,0.5281240940093994,0,-1,1,244,0.3356258596973865,2.0,727,0.9845892190933228,0,0.0,0,0.0,0,4.275479793548584,1,6
SH,FVD,137,1809,304,304,30.400000000000002,0.24975480139255524,0.3021150827407837,10.416669845581055,14.500337600708008,1.0994230508804321,0,-1,1,74,0.24342105263157895,2.0,304,1.933593988418579,0,0.0,0,0.0,0,35.17200469970703,2,7
SH,FVD,137,1810,208,208,20.8,0.47295090556144714,0.7826328873634338,7.607843399047852,9.02115535736084,0.9040000438690186,0,-1,1,4,0.019230769230769232,2.0,208,1.9223079681396484,0,0.0,0,0.0,0,4.512750148773193,1,6
SH,FVD,137,1811,344,344,34.4,0.37567245960235596,0.46542301774024963,2.8189444541931152,4.073519229888916,0.5682296752929688,1,323,1,108,0.313953488372093,2.0,323,0.0,0,0.0,0,0.0,0,0.0,2,7
SH,FVD,137,1812,255,255,25.5,0.34692052006721497,0.41398611664772034,8.17263412475586,9.086601257324219,0.8990758657455444,0,-1,0,0,0.0,2.0,255,2.5407519340515137,0,0.0,0,0.0,0,9.500736236572266,0,5
SH,FVD,137,1813,322,322,32.2,0.31331342458724976,0.39581799507141113,5.835150718688965,6.635433197021484,1.3768264055252075,1,270,1,270,0.8385093167701864,2.0,270,0.0,0,0.0,0,0.0,0,0.0,0,5
SH,FVD,137,1814,228,228,22.8,0.41264551877975464,0.5221458077430725,5.379904747009277,6.4914469718933105,1.3130214214324951,0,-1,1,43,0.18859649122807018,2.0,228,0.9249600172042847,0,0.0,0,0.0,0,3.6418941020965576,1,6
SH,FVD,137,1815,213,213,21.3,0.27423253655433655,0.32436129450798035,3.4597837924957275,4.015796661376953,0.6100974082946777,0,-1,1,213,1.0,2.0,213,0.618066132068634,0,0.0,0,0.0,0,3.312307119369507,0,5
SH,FVD,137,1816,225,225,22.5,0.20027340948581696,0.25702542066574097,4.554828643798828,5.23480749130249,0.6849483251571655,0,-1,1,144,0.64,2.0,225,1.0659422874450684,0,0.0,0,0.0,0,21.10251235961914,2,7
SH,FVD,137,1817,146,146,14.600000000000001,0.4152314066886902,0.5634386539459229,2.1761057376861572,2.5260438919067383,0.4472609758377075,0,-1,0,0,0.0,2.0,146,3.778970241546631,0,0.0,0,0.0,0,4.016541481018066,0,5
SH,FVD,137,1818,137,137,13.700000000000001,0.3259061872959137,0.4079088568687439,0.7265304923057556,0.9575980305671692,0.3811012804508209,0,-1,0,0,0.0,2.0,137,2.612110137939453,0,0.0,0,0.0,0,13.220693588256836,0,5
SH,FVD,137,1819,140,140,14.0,0.24863281846046448,0.31094279885292053,1.083790898323059,1.3810489177703857,0.36014747619628906,0,-1,0,0,0.0,2.0,140,4.099395275115967,0,0.0,0,0.0,0,8.828108787536621,2,7
SH,FVD,137,1820,149,149,14.9,0.3956514596939087,0.49216365814208984,3.7170984745025635,5.51423454284668,1.3863322734832764,0,-1,0,0,0.0,2.0,149,4.714115619659424,0,0.0,0,0.0,0,15.915080070495605,0,5
SH,FVD,137,1821,318,318,31.8,0.3614200949668884,0.4701092839241028,4.316648006439209,5.656833171844482,0.8804188966751099,0,-1,1,237,0.7452830188679245,2.0,318,0.8511440753936768,0,0.0,0,0.0,0,5.046062469482422,2,7
SH,FVD,137,1822,202,202,20.200000000000003,0.399546355009079,0.4715844690799713,10.305578231811523,11.862008094787598,1.1357427835464478,0,-1,0,0,0.0,2.0,202,3.6102516651153564,0,0.0,0,0.0,0,5.0523600578308105,1,6
SH,FVD,137,1823,266,266,26.6,0.14793998003005981,0.19879500567913055,1.0510189533233643,1.3850620985031128,0.2946596145629883,0,-1,1,266,1.0,2.0,266,1.773492455482483,0,0.0,0,0.0,0,31.47138023376465,0,5
SH,FVD,137,1824,475,475,47.5,0.30112600326538086,0.39882445335388184,7.606401443481445,9.018362998962402,3.8331596851348877,1,185,1,185,0.3894736842105263,2.0,185,0.0,0,0.0,0,0.0,0,0.0,1,6
SH,FVD,137,1825,318,318,31.8,0.380036860704422,0.5368303060531616,3.1479296684265137,4.890987396240234,0.9645692110061646,0,-1,1,55,0.17295597484276728,2.0,318,1.2908515930175781,0,0.0,0,0.0,0,3.7650985717773438,0,5
SH,FVD,137,1826,210,210,21.0,0.3267132043838501,0.3687557578086853,2.140559673309326,2.909168004989624,0.8143569231033325,0,-1,0,0,0.0,2.0,210,2.0166759490966797,0,0.0,0,0.0,0,8.803468704223633,0,5
SH,FVD,137,1827,165,165,16.5,0.26909253001213074,0.3409659266471863,4.978489398956299,6.360578536987305,1.3761208057403564,1,91,1,63,0.38181818181818183,2.0,91,0.0,0,0.0,0,0.0,0,0.0,1,6
SH,FVD,137,1828,311,311,31.1,0.2991126775741577,0.36821404099464417,5.936444282531738,6.381232261657715,0.5197153091430664,0,-1,0,0,0.0,2.0,311,2.6511077880859375,0,0.0,0,0.0,0,4.460855960845947,0,5
SH,FVD,137,1829,154,154,15.4,0.1685645431280136,0.21537594497203827,1.512974500656128,1.8872792720794678,0.33927783370018005,0,-1,1,2,0.012987012987012988,2.0,154,1.985334873199463,0,0.0,0,0.0,0,13.290088653564453,1,6
SH,FVD,137,1830,328,328,32.800000000000004,0.4921564757823944,0.7391819953918457,6.211164951324463,7.038872718811035,1.8642306327819824,1,192,1,158,0.4817073170731707,2.0,192,0.0,0,0.0,0,0.0,0,0.0,2,7
SH,FVD,137,1831,329,329,32.9,0.2700973451137543,0.37733274698257446,2.0181972980499268,3.0843143463134766,0.511924684047699,0,-1,1,329,1.0,2.0,329,0.25085318088531494,0,0.0,0,0.0,0,2.026156187057495,1,6
SH,FVD,137,1832,213,213,21.3,0.43166494369506836,0.5777466893196106,6.196667671203613,8.151450157165527,3.5772645473480225,1,106,1,84,0.39436619718309857,2.0,106,0.0,0,0.0,0,0.0,0,0.0,1,6
SH,FVD,137,1833,135,135,13.5,0.2602005898952484,0.29951199889183044,7.7867655754089355,9.624735832214355,1.3687630891799927,0,-1,1,23,0.17037037037037037,2.0,135,1.3927052021026611,0,0.0,0,0.0,0,3.4024572372436523,1,6
SH,FVD,137,1834,203,203,20.3,0.3195797801017761,0.4137152433395386,5.75651741027832,6.848729133605957,1.2198878526687622,0,-1,0,0,0.0,2.0,203,3.5081253051757812,0,0.0,0,0.0,0,9.321577072143555,1,6
SH,FVD,137,1835,183,183,18.3,0.12958396971225739,0.168595090508461,0.5984450578689575,0.7199574708938599,0.15315644443035126,0,-1,0,0,0.0,2.0,183,4.800414085388184,0,0.0,0,0.0,0,3.337559700012207,0,5
SH,FVD,137,1836,261,261,26.1,0.33396539092063904,0.41099587082862854,6.308391094207764,7.053809642791748,0.5606077313423157,0,-1,1,261,1.0,2.0,261,0.3510218560695648,0,0.0,0,0.0,0,5.796703815460205,2,7
SH,FVD,137,1837,462,462,46.2,0.15775518119335175,0.18805991113185883,6.727535247802734,7.871853351593018,0.5930485725402832,0,-1,1,462,1.0,2.0,462,0.6312454342842102,0,0.0,0,0.0,0,12.08655071258545,2,7
SH,FVD,137,1838,344,344,34.4,0.28777551651000977,0.32459890842437744,8.821260452270508,11.69482135772705,0.8084033727645874,0,-1,1,222,0.6453488372093024,2.0,344,1.4510812759399414,0,0.0,0,0.0,0,41.93791198730469,0,5
SH,FVD,137,1839,175,175,17.5,0.25165554881095886,0.3339158892631531,13.5620756149292,16.34628677368164,1.7726187705993652,0,-1,0,0,0.0,2.0,175,2.458564281463623,0,0.0,0,0.0,0,5.0097527503967285,2,7
SH,FVD,137,1840,380,380,38.0,0.3184412121772766,0.42022421956062317,2.6834514141082764,3.333287000656128,0.4659719467163086,1,372,1,57,0.15,2.0,372,0.0,0,0.0,0,0.0,0,0.0,0,5
SH,FVD,137,1841,245,245,24.5,0.25043293833732605,0.34816139936447144,4.15537166595459,6.278450012207031,0.7200992107391357,0,-1,1,15,0.061224489795918366,2.0,245,1.8431310653686523,0,0.0,0,0.0,0,36.847591400146484,0,5
SH,FVD,137,1842,248,248,24.8,0.38493430614471436,0.4796723425388336,7.436112880706787,9.377958297729492,2.192559003829956,1,115,1,31,0.125,2.0,115,0.0,0,0.0,0,0.0,0,0.0,2,7
SH,FVD,137,1843,359,359,35.9,0.28069740533828735,0.37040796875953674,5.402545928955078,5.7570719718933105,0.5070217847824097,0,-1,0,0,0.0,2.0,359,3.237778663635254,0,0.0,0,0.0,0,5.051791667938232,0,5
SH,FVD,137,1844,933,933,93.30000000000001,0.28564611077308655,0.36223986744880676,5.15164852142334,6.262522220611572,2.5400657653808594,1,543,1,315,0.33762057877813506,2.0,543,0.0,0,0.0,0,0.0,0,0.0,2,7
SH,FVD,137,1845,467,467,46.7,0.34948787093162537,0.45248299837112427,6.7704572677612305,7.575407028198242,1.0792707204818726,1,405,1,78,0.1670235546038544,2.0,405,0.0,0,0.0,0,0.0,0,0.0,2,7
SH,FVD,137,1846,372,372,37.2,0.24383050203323364,0.3059382736682892,4.6830573081970215,6.407954692840576,0.768123984336853,1,304,1,86,0.23118279569892472,2.0,304,0.0,0,0.0,0,0.0,0,0.0,2,7
SH,FVD,137,1847,221,221,22.1,0.3705938458442688,0.5222790241241455,3.058673858642578,3.4922266006469727,1.008561611175537,1,185,1,114,0.5158371040723982,2.0,185,0.0,0,0.0,0,0.0,0,0.0,2,7
SH,FVD,137,1848,666,666,66.60000000000001,0.4811069071292877,0.6125265955924988,6.137879848480225,7.491781711578369,4.721002101898193,1,175,1,175,0.2627627627627628,2.0,175,0.0,0,0.0,0,0.0,0,0.0,0,5
SH,FVD,137,1849,202,202,20.200000000000003,0.4168107509613037,0.5722243785858154,6.8990068435668945,8.739569664001465,4.376875400543213,1,98,1,98,0.48514851485148514,2.0,98,0.0,0,0.0,0,0.0,0,0.0,2,7
SH,FVD,137,1850,1668,1668,166.8,0.2664555311203003,0.35268041491508484,1.7821567058563232,2.4330086708068848,0.3731992840766907,0,-1,1,707,0.4238609112709832,2.0,1668,0.6511625051498413,0,0.0,0,0.0,0,1.227123737335205,0,5
SH,FVD,137,1851,172,172,17.2,0.2842077910900116,0.40735965967178345,0.6312678456306458,0.952228844165802,0.4243834316730499,0,-1,1,91,0.5290697674418605,2.0,172,0.21506693959236145,0,0.0,0,0.0,0,0.3955068588256836,1,6
SH,FVD,137,1852,178,178,17.8,0.16965451836585999,0.27227821946144104,1.4699875116348267,1.822165608406067,0.3585802912712097,0,-1,0,0,0.0,2.0,178,2.3635408878326416,0,0.0,0,0.0,0,2.438471555709839,2,7
SH,FVD,137,1853,195,195,19.5,0.5222197771072388,0.8420072197914124,4.331873416900635,5.604232311248779,1.2435513734817505,0,-1,0,0,0.0,2.0,195,2.120420217514038,0,0.0,0,0.0,0,2.753551483154297,2,7
SH,FVD,137,1854,235,235,23.5,0.2943679690361023,0.40706104040145874,3.5617454051971436,4.2142205238342285,0.7237839102745056,1,209,1,157,0.6680851063829787,2.0,209,0.0,0,0.0,0,0.0,0,0.0,0,5
SH,FVD,137,1855,295,295,29.5,0.4485701620578766,0.560633659362793,10.28311824798584,11.98468017578125,1.3650243282318115,0,-1,1,17,0.0576271186440678,2.0,295,1.047506332397461,0,0.0,0,0.0,0,2.770630359649658,0,5
SH,FVD,137,1856,132,132,13.200000000000001,0.603400468826294,0.7362596392631531,3.295424222946167,3.6705315113067627,0.8409650325775146,0,-1,1,105,0.7954545454545454,2.0,132,1.0134267807006836,0,0.0,0,0.0,0,3.963270664215088,0,5
SH,FVD,137,1857,394,394,39.400000000000006,0.41210541129112244,0.6151612997055054,6.202972412109375,7.770795822143555,1.068698763847351,1,372,1,372,0.9441624365482234,2.0,372,0.0,0,0.0,0,0.0,0,0.0,0,5
SH,FVD,137,1858,172,172,17.2,0.4026367664337158,0.49741464853286743,8.473833084106445,10.685696601867676,1.1711565256118774,0,-1,1,70,0.4069767441860465,2.0,172,1.2836613655090332,0,0.0,0,0.0,0,5.936699390411377,2,7
SH,FVD,137,1859,256,256,25.6,0.4254087209701538,0.5225426554679871,3.7131783962249756,4.322455406188965,0.7750893831253052,0,-1,1,121,0.47265625,2.0,256,0.9423576593399048,0,0.0,0,0.0,0,12.056763648986816,2,7
SH,FVD,137,1860,246,246,24.6,0.09573370963335037,0.13505519926548004,6.131863117218018,8.013151168823242,0.6506010293960571,0,-1,0,0,0.0,2.0,246,4.804758071899414,0,0.0,0,0.0,0,44.939579010009766,0,5
SH,FVD,137,1861,135,135,13.5,0.20788311958312988,0.2580738365650177,2.312872886657715,2.6614599227905273,0.4242357611656189,0,-1,0,0,0.0,2.0,135,2.347886800765991,0,0.0,0,0.0,0,7.094738960266113,2,7
SH,FVD,137,1862,134,134,13.4,0.5433304309844971,0.7836220264434814,5.725996017456055,6.6241960525512695,1.1611281633377075,1,106,1,106,0.7910447761194029,2.0,106,0.0,0,0.0,0,0.0,0,0.0,1,6
SH,FVD,137,1863,187,187,18.7,0.2856661379337311,0.36085110902786255,3.7838633060455322,5.061761379241943,0.7346675395965576,0,-1,1,80,0.42780748663101603,2.0,187,1.7211887836456299,0,0.0,0,0.0,0,9.718266487121582,2,7
SH,FVD,137,1864,165,165,16.5,0.26331642270088196,0.30239108204841614,0.9494525194168091,1.0824317932128906,0.5091979503631592,0,-1,1,165,1.0,2.0,165,1.0635358095169067,0,0.0,0,0.0,0,27.642545700073242,2,7
SH,FVD,137,1865,367,367,36.7,0.37525972723960876,0.459967702627182,2.9885144233703613,3.515101194381714,1.0132378339767456,1,270,1,270,0.7356948228882834,2.0,270,0.0,0,0.0,0,0.0,0,0.0,1,6
SH,FVD,137,1866,342,342,34.2,0.1849256008863449,0.2545127868652344,7.880270957946777,8.87177562713623,0.48213979601860046,0,-1,1,342,1.0,2.0,342,1.2671873569488525,0,0.0,0,0.0,0,23.54944610595703,2,7
SH,FVD,137,1867,173,173,17.3,0.12185611575841904,0.16191859543323517,1.2858021259307861,1.5431419610977173,0.17097021639347076,0,-1,1,173,1.0,2.0,173,1.1090950965881348,0,0.0,0,0.0,0,8.036395072937012,0,5
SH,FVD,137,1868,204,204,20.400000000000002,0.44605693221092224,0.7158158421516418,5.084981441497803,5.733487606048584,0.9274160265922546,1,199,1,199,0.9754901960784313,2.0,199,0.0,0,0.0,0,0.0,0,0.0,2,7
SH,FVD,137,1869,217,217,21.700000000000003,0.6261739134788513,0.8143398761749268,10.378843307495117,12.514676094055176,1.8346046209335327,0,-1,1,3,0.013824884792626729,2.0,217,1.8648903369903564,0,0.0,0,0.0,0,5.979889392852783,2,7
SH,FVD,137,1870,201,201,20.1,0.32786327600479126,0.46615585684776306,7.329136371612549,8.089383125305176,0.4908607006072998,0,-1,1,201,1.0,2.0,201,0.3765045404434204,0,0.0,0,0.0,0,7.231101989746094,0,5
SH,FVD,137,1871,189,189,18.900000000000002,0.1837371587753296,0.290609210729599,1.6689934730529785,2.7789571285247803,0.6323210597038269,0,-1,0,0,0.0,2.0,189,2.6027188301086426,0,0.0,0,0.0,0,16.370891571044922,0,5
SH,FVD,137,1872,192,192,19.200000000000003,0.6853365898132324,1.043733835220337,1.9201158285140991,2.676081657409668,1.071205496788025,1,140,1,140,0.7291666666666666,2.0,140,0.0,0,0.0,0,0.0,0,0.0,0,5
SH,FVD,137,1873,291,291,29.1,0.5181844234466553,0.6218835115432739,5.845820903778076,6.416838645935059,2.636752128601074,1,159,1,147,0.5051546391752577,2.0,159,0.0,0,0.0,0,0.0,0,0.0,2,7
SH,FVD,137,1874,210,210,21.0,0.3512944281101227,0.43732285499572754,6.7433319091796875,8.045453071594238,0.68296217918396,0,-1,0,0,0.0,2.0,210,3.290337562561035,0,0.0,0,0.0,0,8.969545364379883,1,6
SH,FVD,137,1875,231,231,23.1,0.20505687594413757,0.25076037645339966,2.0648443698883057,3.144911527633667,0.6218218207359314,0,-1,1,231,1.0,2.0,231,1.2183016538619995,0,0.0,0,0.0,0,25.41493034362793,1,6
SH,FVD,137,1876,446,446,44.6,0.33336377143859863,0.4584446847438812,2.46537709236145,3.188814163208008,0.5931724905967712,0,-1,1,446,1.0,2.0,446,0.5100078582763672,0,0.0,0,0.0,0,8.23452377319336,1,6
SH,FVD,137,1877,260,260,26.0,0.3433373272418976,0.45260608196258545,1.911972999572754,2.4139859676361084,0.5098484754562378,0,-1,1,260,1.0,2.0,260,1.285236120223999,0,0.0,0,0.0,0,14.424315452575684,2,7
SH,FVD,137,1878,590,590,59.0,0.23391544818878174,0.28950223326683044,4.5928568840026855,4.967280864715576,0.3314834237098694,0,-1,1,590,1.0,2.0,590,0.8083734512329102,0,0.0,0,0.0,0,11.803722381591797,1,6
SH,FVD,137,1879,154,154,15.4,0.26673436164855957,0.31519147753715515,5.0152907371521,6.636106491088867,0.6941649913787842,0,-1,1,154,1.0,2.0,154,0.6235780119895935,0,0.0,0,0.0,0,8.450313568115234,2,7
SH,FVD,137,1880,214,214,21.400000000000002,0.24529394507408142,0.28997519612312317,3.80960750579834,4.606435298919678,0.9015372395515442,0,-1,1,108,0.5046728971962616,2.0,214,1.0872620344161987,0,0.0,0,0.0,0,9.729912757873535,1,6
SH,FVD,137,1881,216,216,21.6,0.2938697040081024,0.3379998803138733,12.867828369140625,14.77978515625,1.0515564680099487,0,-1,1,193,0.8935185185185185,2.0,216,1.4729334115982056,0,0.0,0,0.0,0,32.507835388183594,2,7
SH,FVD,137,1882,441,441,44.1,0.4041460454463959,0.527816116809845,6.740934371948242,7.3699631690979,0.7937034964561462,1,420,1,36,0.08163265306122448,2.0,420,0.0,0,0.0,0,0.0,0,0.0,1,6
SH,FVD,137,1883,170,170,17.0,1.1098661422729492,1.2852290868759155,23.304759979248047,28.162242889404297,4.779581069946289,1,125,1,33,0.19411764705882353,2.0,125,0.0,0,0.0,0,0.0,0,0.0,1,6
SH,FVD,137,1884,131,131,13.100000000000001,0.6769050359725952,0.8191155791282654,2.771610975265503,3.760545492172241,1.2245371341705322,1,100,1,100,0.7633587786259542,2.0,100,0.0,0,0.0,0,0.0,0,0.0,0,5
SH,FVD,137,1885,166,166,16.6,0.2990211248397827,0.39123472571372986,2.2540969848632812,3.52238392829895,1.0426994562149048,0,-1,0,0,0.0,2.0,166,3.1805388927459717,0,0.0,0,0.0,0,40.2811393737793,2,7
SH,FVD,137,1886,257,257,25.700000000000003,0.39723917841911316,0.4875802993774414,4.130678176879883,4.473160266876221,0.5656654834747314,0,-1,1,68,0.26459143968871596,2.0,257,1.7889057397842407,0,0.0,0,0.0,0,11.035311698913574,2,7
SH,FVD,137,1887,158,158,15.8,0.25294509530067444,0.2908095121383667,2.7260901927948,3.0219578742980957,0.4061981737613678,0,-1,1,158,1.0,2.0,158,1.3323835134506226,0,0.0,0,0.0,0,14.348837852478027,1,6
SH,FVD,137,1888,266,266,26.6,0.4018736183643341,0.5080646872520447,3.6064071655273438,4.868935585021973,2.4279873371124268,1,185,1,162,0.6090225563909775,2.0,185,0.0,0,0.0,0,0.0,0,0.0,2,7
SH,FVD,137,1889,329,329,32.9,0.20359496772289276,0.2696095407009125,6.5951948165893555,7.2447123527526855,0.43792080879211426,0,-1,1,68,0.2066869300911854,2.0,329,1.0567426681518555,0,0.0,0,0.0,0,4.845701217651367,2,7
SH,FVD,137,1890,412,412,41.2,0.2842574417591095,0.3781517744064331,11.596250534057617,12.424935340881348,0.6142382025718689,0,-1,1,363,0.8810679611650486,2.0,412,1.6542705297470093,0,0.0,0,0.0,0,20.177642822265625,0,5
SH,FVD,137,1891,180,180,18.0,0.5571058988571167,0.7068226337432861,4.502780437469482,5.174452304840088,2.808387041091919,1,61,1,61,0.3388888888888889,2.0,61,0.0,0,0.0,0,0.0,0,0.0,2,7
SH,FVD,137,1892,395,395,39.5,0.18303410708904266,0.38869738578796387,26.751710891723633,31.84762954711914,1.4900490045547485,0,-1,0,0,0.0,2.0,395,2.488295793533325,0,0.0,0,0.0,0,48.77515411376953,0,5
SH,FVD,137,1893,168,168,16.8,0.29181280732154846,0.41611871123313904,3.768949270248413,5.568759918212891,1.2148507833480835,1,164,1,164,0.9761904761904762,2.0,164,0.0,0,0.0,0,0.0,0,0.0,1,6
SH,FVD,137,1894,229,229,22.900000000000002,0.24205388128757477,0.3062484562397003,6.401235103607178,10.113000869750977,1.217811107635498,0,-1,0,0,0.0,2.0,229,3.049467086791992,0,0.0,0,0.0,0,5.1320319175720215,0,5
SH,FVD,137,1895,198,198,19.8,0.3932223320007324,0.508354663848877,7.781672477722168,9.310489654541016,0.9330292344093323,0,-1,1,49,0.2474747474747475,2.0,198,1.2361541986465454,0,0.0,0,0.0,0,3.1007046699523926,1,6
SH,FVD,137,1896,238,238,23.8,0.3382929265499115,0.4458792507648468,4.223365783691406,5.034772872924805,0.6886230707168579,0,-1,1,238,1.0,2.0,238,0.21979479491710663,0,0.0,0,0.0,0,0.9984044432640076,2,7
SH,FVD,137,1897,200,200,20.0,0.3978264629840851,0.5473663210868835,7.433534145355225,9.265286445617676,1.5696965456008911,0,-1,0,0,0.0,2.0,200,2.034313678741455,0,0.0,0,0.0,0,2.69648814201355,1,6
SH,FVD,137,1898,175,175,17.5,0.2830852270126343,0.3378145098686218,2.5263454914093018,2.9782204627990723,0.4570459723472595,0,-1,1,175,1.0,2.0,175,1.7013388872146606,0,0.0,0,0.0,0,23.581804275512695,0,5
SH,FVD,137,1899,434,434,43.400000000000006,0.38151273131370544,0.5324947237968445,3.728393316268921,4.071572303771973,2.5455992221832275,1,30,1,30,0.06912442396313365,2.0,30,0.0,0,0.0,0,0.0,0,0.0,1,6
SH,FVD,137,1900,132,132,13.200000000000001,0.4712725579738617,0.5800062417984009,3.84885835647583,4.351977348327637,0.7976690530776978,0,-1,1,6,0.045454545454545456,2.0,132,1.9049369096755981,0,0.0,0,0.0,0,35.326656341552734,1,6
SH,FVD,137,1901,638,638,63.800000000000004,0.30227571725845337,0.38949161767959595,2.517688751220703,3.1320979595184326,0.9022368788719177,1,600,1,600,0.9404388714733543,2.0,600,0.0,0,0.0,0,0.0,0,0.0,1,6
SH,FVD,137,1902,246,246,24.6,0.6427507996559143,0.7937152981758118,6.945365905761719,8.563127517700195,2.7519173622131348,1,138,1,138,0.5609756097560976,2.0,138,0.0,0,0.0,0,0.0,0,0.0,1,6
SH,FVD,137,1903,184,184,18.400000000000002,0.7504281401634216,0.833833634853363,10.545082092285156,12.0956392288208,1.923677682876587,1,110,1,42,0.22826086956521738,2.0,110,0.0,0,0.0,0,0.0,0,0.0,1,6
SH,FVD,137,1904,163,163,16.3,0.3407493829727173,0.4335584044456482,17.889881134033203,23.164350509643555,3.0043749809265137,0,-1,0,0,0.0,2.0,163,3.5396625995635986,0,0.0,0,0.0,0,62.1302490234375,2,7
SH,FVD,137,1905,160,160,16.0,0.9426298141479492,1.2643928527832031,2.5504274368286133,3.3085761070251465,1.3377923965454102,0,-1,1,160,1.0,2.0,160,0.48026230931282043,0,0.0,0,0.0,0,5.8367533683776855,1,6
SH,FVD,137,1906,179,179,17.900000000000002,0.5082793235778809,0.6102318167686462,10.74036693572998,12.511138916015625,2.152320146560669,1,115,1,65,0.36312849162011174,2.0,115,0.0,0,0.0,0,0.0,0,0.0,0,5
SH,FVD,137,1907,142,142,14.200000000000001,0.3914787769317627,0.47065094113349915,21.025371551513672,26.70602035522461,3.687530040740967,0,-1,1,142,1.0,2.0,142,1.0268062353134155,0,0.0,0,0.0,0,21.49973487854004,2,7
SH,FVD,137,1908,148,148,14.8,0.8100259900093079,0.9503687620162964,39.011165618896484,49.312740325927734,6.398742198944092,0,-1,0,0,0.0,2.0,148,4.276798725128174,0,0.0,0,0.0,0,41.13072967529297,2,7
SH,FVD,137,1909,253,253,25.3,0.2089388072490692,0.37844914197921753,29.06822967529297,34.44194030761719,2.3287367820739746,0,-1,1,253,1.0,2.0,253,0.4206347167491913,0,0.0,0,0.0,0,7.228154182434082,0,5
SH,FVD,137,1910,211,211,21.1,0.3724479377269745,0.4821206033229828,3.4476547241210938,3.8697574138641357,0.7758938670158386,1,163,1,163,0.7725118483412322,2.0,163,0.0,0,0.0,0,0.0,0,0.0,0,5
SH,FVD,137,1911,465,465,46.5,0.6113301515579224,0.8868662118911743,37.47937774658203,45.0212287902832,3.5274875164031982,1,462,1,46,0.0989247311827957,2.0,462,0.0,0,0.0,0,0.0,0,0.0,2,7
SH,FVD,137,1912,661,661,66.10000000000001,0.24626445770263672,0.31349411606788635,3.2422938346862793,4.209001064300537,0.5203022360801697,0,-1,1,362,0.5476550680786687,2.0,661,0.47896549105644226,0,0.0,0,0.0,0,2.7350549697875977,0,5
SH,FVD,137,1913,421,421,42.1,0.2561497092247009,0.32081156969070435,11.898648262023926,13.121538162231445,2.302467107772827,1,329,1,329,0.7814726840855107,2.0,329,0.0,0,0.0,0,0.0,0,0.0,1,6
SH,FVD,137,1914,161,161,16.1,0.353290855884552,0.4877896010875702,3.6398985385894775,5.060384273529053,0.6603423953056335,1,119,1,40,0.2484472049689441,2.0,119,0.0,0,0.0,0,0.0,0,0.0,2,7
SH,FVD,137,1915,154,154,15.4,0.14781101047992706,0.182512104511261,1.5835034847259521,1.903254747390747,0.39326056838035583,0,-1,1,154,1.0,2.0,154,0.9956366419792175,0,0.0,0,0.0,0,7.999708652496338,0,5
SH,FVD,137,1916,139,139,13.9,0.1903310865163803,0.23974663019180298,5.696240425109863,7.3573384284973145,1.075636625289917,0,-1,1,139,1.0,2.0,139,0.9468164443969727,0,0.0,0,0.0,0,19.225126266479492,1,6
SH,FVD,137,1917,442,442,44.2,0.16388125717639923,0.21636195480823517,14.736376762390137,16.26693344116211,0.4925497770309448,0,-1,1,124,0.28054298642533937,2.0,442,0.9719471335411072,0,0.0,0,0.0,0,7.755835056304932,0,5
SH,FVD,137,1918,167,167,16.7,0.46922603249549866,0.6138166785240173,3.8419628143310547,4.188569068908691,0.6104859113693237,0,-1,0,0,0.0,2.0,167,3.2773005962371826,0,0.0,0,0.0,0,4.12511682510376,2,7
SH,FVD,137,1919,404,404,40.400000000000006,0.3227829039096832,0.43478208780288696,11.606788635253906,13.392558097839355,0.9532815217971802,0,-1,1,132,0.32673267326732675,2.0,404,1.8900865316390991,0,0.0,0,0.0,0,29.054855346679688,2,7
SH,FVD,137,1920,159,159,15.9,0.4446048438549042,0.6678203344345093,8.507964134216309,9.844657897949219,1.2083032131195068,0,-1,0,0,0.0,2.0,159,3.653611183166504,0,0.0,0,0.0,0,6.222707271575928,0,5
SH,FVD,137,1921,184,184,18.400000000000002,0.15211552381515503,0.17543327808380127,6.59376859664917,8.246580123901367,0.8242594599723816,0,-1,0,0,0.0,2.0,184,2.9176745414733887,0,0.0,0,0.0,0,53.49775695800781,2,7
SH,FVD,137,1922,199,199,19.900000000000002,0.30657270550727844,0.38758641481399536,2.613870859146118,3.11486554145813,0.47511354088783264,0,-1,1,199,1.0,2.0,199,0.36867162585258484,0,0.0,0,0.0,0,1.1533899307250977,1,6
SH,FVD,137,1923,143,143,14.3,0.35904860496520996,0.4388126730918884,7.403274059295654,8.69633674621582,1.064772605895996,0,-1,0,0,0.0,2.0,143,2.773585319519043,0,0.0,0,0.0,0,23.618688583374023,1,6
SH,FVD,137,1924,380,380,38.0,0.24580729007720947,0.31016141176223755,10.957010269165039,11.985979080200195,0.6131643652915955,0,-1,0,0,0.0,2.0,380,2.1185901165008545,0,0.0,0,0.0,0,6.336109638214111,1,6
SH,FVD,137,1925,575,575,57.5,0.17430534958839417,0.2568778395652771,2.177990198135376,2.5635290145874023,0.38152530789375305,1,516,1,384,0.6678260869565218,2.0,516,0.0,0,0.0,0,0.0,0,0.0,1,6
SH,FVD,137,1926,135,135,13.5,0.36928123235702515,0.4285612404346466,4.598715305328369,5.352895259857178,0.8551986217498779,0,-1,1,14,0.1037037037037037,2.0,135,1.8348640203475952,0,0.0,0,0.0,0,3.9395432472229004,0,5
SH,FVD,137,1927,296,296,29.6,0.17266158759593964,0.2357172667980194,5.348258972167969,7.056053161621094,0.7604008316993713,0,-1,1,296,1.0,2.0,296,0.7563914656639099,0,0.0,0,0.0,0,21.53868865966797,1,6
SH,FVD,137,1928,191,191,19.1,0.21509216725826263,0.25787976384162903,9.344218254089355,11.68746566772461,1.1114685535430908,0,-1,0,0,0.0,2.0,191,2.6582372188568115,0,0.0,0,0.0,0,59.83293151855469,1,6
SH,FVD,137,1929,1755,1755,175.5,0.19577668607234955,0.24617736041545868,13.496038436889648,16.775840759277344,0.6607018709182739,0,-1,1,1755,1.0,2.0,1755,0.2604866325855255,0,0.0,0,0.0,0,4.688873291015625,2,7
SH,FVD,137,1930,285,285,28.5,0.1346130669116974,0.1938793957233429,3.717712640762329,4.213857650756836,0.29023581743240356,0,-1,1,133,0.4666666666666667,2.0,285,1.8526490926742554,0,0.0,0,0.0,0,37.12199783325195,1,6
SH,FVD,137,1931,144,144,14.4,0.2270725816488266,0.2757312059402466,3.0935308933258057,3.812880754470825,0.5119293928146362,0,-1,1,144,1.0,2.0,144,0.7796834707260132,0,0.0,0,0.0,0,12.50633430480957,2,7
SH,FVD,137,1932,682,682,68.2,0.3819878101348877,0.49557265639305115,5.242840766906738,5.881791591644287,2.7946176528930664,1,55,1,55,0.08064516129032258,2.0,55,0.0,0,0.0,0,0.0,0,0.0,0,5
SH,FVD,137,1933,236,236,23.6,0.2277349978685379,0.2979639172554016,7.530088424682617,8.23525333404541,0.5785561800003052,0,-1,0,0,0.0,2.0,236,2.700263261795044,0,0.0,0,0.0,0,8.740979194641113,1,6
SH,FVD,137,1934,372,372,37.2,0.5300518274307251,0.7813886404037476,7.997137069702148,9.511148452758789,0.9207465648651123,0,-1,1,30,0.08064516129032258,2.0,372,1.8314714431762695,0,0.0,0,0.0,0,6.125976085662842,0,5
SH,FVD,137,1935,157,157,15.700000000000001,0.5096185207366943,0.6254679560661316,12.429435729980469,14.467084884643555,1.6476131677627563,0,-1,0,0,0.0,2.0,157,2.5089004039764404,0,0.0,0,0.0,0,7.411800861358643,2,7
SH,FVD,137,1936,144,144,14.4,0.520898699760437,0.6588820815086365,2.6173033714294434,3.7901248931884766,1.1542139053344727,0,-1,1,144,1.0,2.0,144,0.6811233758926392,0,0.0,0,0.0,0,2.881206512451172,0,5
SH,FVD,137,1937,155,155,15.5,0.21852852404117584,0.2783237397670746,6.376543998718262,7.5527024269104,0.8651710748672485,0,-1,0,0,0.0,2.0,155,3.7611286640167236,0,0.0,0,0.0,0,2.6866953372955322,2,7
SH,FVD,137,1938,174,174,17.400000000000002,0.3316398561000824,0.4344612658023834,5.578469276428223,6.124268054962158,0.615959644317627,0,-1,0,0,0.0,2.0,174,2.4450957775115967,0,0.0,0,0.0,0,25.502405166625977,1,6
SH,FVD,137,1939,201,201,20.1,0.3495689928531647,0.45912471413612366,10.432714462280273,11.945807456970215,1.1401588916778564,0,-1,0,0,0.0,2.0,201,4.2217841148376465,0,0.0,0,0.0,0,16.48623275756836,1,6
SH,FVD,137,1940,327,327,32.7,0.3148535490036011,0.37600594758987427,17.057235717773438,18.76291275024414,1.0007765293121338,0,-1,1,258,0.7889908256880734,2.0,327,1.6889064311981201,0,0.0,0,0.0,0,21.098979949951172,1,6
SH,FVD,137,1941,358,358,35.800000000000004,0.46710819005966187,0.6170945763587952,7.13798713684082,8.276296615600586,0.9431751370429993,0,-1,1,63,0.17597765363128492,2.0,358,0.7769466042518616,0,0.0,0,0.0,0,1.6680643558502197,0,5
SH,FVD,137,1942,236,236,23.6,0.308639794588089,0.3875754475593567,9.258345603942871,10.59799861907959,0.827218770980835,0,-1,0,0,0.0,2.0,236,3.5895111560821533,0,0.0,0,0.0,0,2.194819927215576,2,7
SH,FVD,137,1943,131,131,13.100000000000001,0.44404295086860657,0.5360106229782104,1.775987982749939,2.2694098949432373,0.6521540880203247,0,-1,1,8,0.061068702290076333,2.0,131,1.9702941179275513,0,0.0,0,0.0,0,4.764987468719482,1,6
SH,FVD,137,1944,317,317,31.700000000000003,0.4431096613407135,0.5482662916183472,7.644090175628662,8.278508186340332,1.0186879634857178,1,270,1,108,0.34069400630914826,2.0,270,0.0,0,0.0,0,0.0,0,0.0,1,6
SH,FVD,137,1945,504,504,50.400000000000006,0.32615968585014343,0.43600204586982727,19.79322052001953,21.912633895874023,1.161500334739685,0,-1,0,0,0.0,2.0,504,2.0652732849121094,0,0.0,0,0.0,0,8.78039264678955,1,6
SH,FVD,137,1946,641,641,64.10000000000001,0.29936885833740234,0.49014344811439514,4.410707950592041,4.956731796264648,0.7915341258049011,1,581,1,581,0.906396255850234,2.0,581,0.0,0,0.0,0,0.0,0,0.0,0,5
SH,FVD,137,1947,154,154,15.4,0.20366695523262024,0.2581169903278351,1.8932536840438843,2.551417112350464,0.49099355936050415,0,-1,0,0,0.0,2.0,154,3.001922845840454,0,0.0,0,0.0,0,82.85738372802734,1,6
SH,FVD,137,1948,263,263,26.3,0.3210147023200989,0.4586758613586426,4.0992865562438965,5.462320804595947,0.7490504384040833,0,-1,1,263,1.0,2.0,263,1.0928916931152344,0,0.0,0,0.0,0,20.625452041625977,1,6
SH,FVD,137,1949,470,470,47.0,0.28498995304107666,0.3578163981437683,12.560492515563965,15.0159330368042,0.8390403389930725,0,-1,0,0,0.0,2.0,470,2.15205454826355,0,0.0,0,0.0,0,19.16819190979004,1,6
SH,FVD,137,1950,215,215,21.5,0.14839768409729004,0.19403783977031708,2.827594041824341,4.089346885681152,0.41493740677833557,0,-1,0,0,0.0,2.0,215,2.086198091506958,0,0.0,0,0.0,0,50.62057113647461,1,6
SH,FVD,137,1951,169,169,16.900000000000002,0.45768052339553833,0.534735918045044,3.763935089111328,4.637001991271973,1.1254271268844604,0,-1,1,169,1.0,2.0,169,0.5776507258415222,0,0.0,0,0.0,0,10.139627456665039,0,5
SH,FVD,137,1952,272,272,27.200000000000003,0.17566634714603424,0.21772418916225433,6.0915727615356445,6.64387845993042,0.4294498562812805,0,-1,1,272,1.0,2.0,272,0.9639436602592468,0,0.0,0,0.0,0,7.76784086227417,2,7
SH,FVD,137,1953,437,437,43.7,0.2353757619857788,0.30578407645225525,6.677421569824219,7.133108139038086,0.518485963344574,0,-1,1,35,0.08009153318077804,2.0,437,1.7783547639846802,0,0.0,0,0.0,0,14.82971477508545,1,6
SH,FVD,137,1954,477,477,47.7,0.24541841447353363,0.2963702976703644,1.7108889818191528,1.9982287883758545,0.34610825777053833,0,-1,1,206,0.43186582809224316,2.0,477,1.1643142700195312,0,0.0,0,0.0,0,1.7781426906585693,0,5
SH,FVD,137,1955,145,145,14.5,0.2239631712436676,0.2786872088909149,2.7082815170288086,3.802375316619873,0.6851962208747864,0,-1,1,145,1.0,2.0,145,1.1661105155944824,0,0.0,0,0.0,0,10.892936706542969,1,6
SH,FVD,137,1956,150,150,15.0,0.39358583092689514,0.45856422185897827,2.8577589988708496,3.6185834407806396,0.5655274391174316,0,-1,1,85,0.5666666666666667,2.0,150,1.0969425439834595,0,0.0,0,0.0,0,3.3107616901397705,2,7
SH,FVD,137,1957,157,157,15.700000000000001,0.2559124827384949,0.33135315775871277,7.316526889801025,8.768094062805176,1.0762035846710205,0,-1,1,157,1.0,2.0,157,0.6635580062866211,0,0.0,0,0.0,0,9.606169700622559,0,5
SH,FVD,137,1958,137,137,13.700000000000001,0.36047112941741943,0.4592752158641815,7.41285514831543,9.072294235229492,1.3561599254608154,0,-1,0,0,0.0,2.0,137,2.816718339920044,0,0.0,0,0.0,0,19.17890739440918,1,6
SH,FVD,137,1959,131,131,13.100000000000001,0.2836827039718628,0.3241223394870758,0.9651919007301331,1.3662251234054565,0.45250412821769714,0,-1,1,131,1.0,2.0,131,0.9007536172866821,0,0.0,0,0.0,0,7.311117172241211,2,7
SH,FVD,137,1960,639,639,63.900000000000006,0.25119343400001526,0.31536242365837097,7.02748966217041,9.31480884552002,0.57623291015625,0,-1,1,639,1.0,2.0,639,0.5068151950836182,0,0.0,0,0.0,0,5.6679887771606445,0,5
SH,FVD,137,1961,349,349,34.9,0.3988988399505615,0.48093146085739136,5.555333614349365,6.141132831573486,0.6339511275291443,0,-1,0,0,0.0,2.0,349,2.6687827110290527,0,0.0,0,0.0,0,5.473482131958008,1,6
SH,FVD,137,1962,221,221,22.1,0.23191247880458832,0.28687533736228943,17.61977195739746,21.831945419311523,1.9839138984680176,0,-1,0,0,0.0,2.0,221,4.136273384094238,0,0.0,0,0.0,0,19.112701416015625,0,5
SH,FVD,137,1963,271,271,27.1,0.36856910586357117,0.5763161182403564,6.983492374420166,7.479730129241943,0.5701369047164917,0,-1,1,15,0.055350553505535055,2.0,271,1.4231534004211426,0,0.0,0,0.0,0,5.33839750289917,0,5
SH,FVD,137,1964,199,199,19.900000000000002,0.345843642950058,0.4736312925815582,2.3224966526031494,3.273953914642334,0.5933325886726379,0,-1,1,199,1.0,2.0,199,1.4336352348327637,0,0.0,0,0.0,0,15.115204811096191,2,7
SH,FVD,137,1965,132,132,13.200000000000001,0.37735944986343384,0.45609837770462036,1.1713676452636719,1.4515066146850586,0.5318617224693298,0,-1,1,109,0.8257575757575758,2.0,132,0.22894655168056488,0,0.0,0,0.0,0,0.23944367468357086,2,7
SH,FVD,137,1966,193,193,19.3,0.24751874804496765,0.3094117343425751,2.2824931144714355,3.0936896800994873,0.5847901105880737,0,-1,1,20,0.10362694300518134,2.0,193,1.6137994527816772,0,0.0,0,0.0,0,7.786505699157715,2,7
SH,FVD,137,1967,405,405,40.5,0.22011639177799225,0.2973288893699646,3.8116798400878906,4.342003345489502,0.3579265773296356,0,-1,1,19,0.04691358024691358,2.0,405,1.2519382238388062,0,0.0,0,0.0,0,1.673398494720459,1,6
SH,FVD,137,1968,408,408,40.800000000000004,0.32980361580848694,0.4592258036136627,14.935681343078613,17.362783432006836,1.2897449731826782,0,-1,1,14,0.03431372549019608,2.0,408,1.2484861612319946,0,0.0,0,0.0,0,3.5248560905456543,1,6
SH,FVD,137,1969,310,310,31.0,0.1113966554403305,0.1552066057920456,6.176615238189697,8.997574806213379,0.6974552273750305,0,-1,1,165,0.532258064516129,2.0,310,1.8640751838684082,0,0.0,0,0.0,0,60.762855529785156,2,7
SH,FVD,137,1970,133,133,13.3,0.3576974868774414,0.39688509702682495,2.7281432151794434,3.164620876312256,1.131290078163147,0,-1,1,133,1.0,2.0,133,1.317881464958191,0,0.0,0,0.0,0,19.778173446655273,0,5
SH,FVD,137,1971,353,353,35.300000000000004,0.10669762641191483,0.15176932513713837,0.6713256239891052,0.9397541284561157,0.23922975361347198,0,-1,1,353,1.0,2.0,353,1.0661367177963257,0,0.0,0,0.0,0,30.128257751464844,1,6
SH,FVD,137,1972,239,239,23.900000000000002,0.570681095123291,0.7832422852516174,6.144896507263184,7.7961745262146,1.736569881439209,1,185,1,84,0.3514644351464435,2.0,185,0.0,0,0.0,0,0.0,0,0.0,1,6
SH,FVD,137,1973,143,143,14.3,0.19629882276058197,0.23280367255210876,4.62310266494751,5.533426284790039,0.6950109601020813,0,-1,1,143,1.0,2.0,143,1.372501015663147,0,0.0,0,0.0,0,26.964452743530273,2,7
SH,FVD,137,1974,142,142,14.200000000000001,0.26118576526641846,0.34989961981773376,0.5925386548042297,0.9347802996635437,0.4534786343574524,0,-1,1,112,0.7887323943661971,2.0,142,1.2705293893814087,0,0.0,0,0.0,0,35.19148254394531,0,5
SH,FVD,137,1975,138,138,13.8,0.16876374185085297,0.24279317259788513,5.542044162750244,7.423555850982666,1.1951303482055664,0,-1,0,0,0.0,2.0,138,2.6757123470306396,0,0.0,0,0.0,0,6.866143703460693,0,5
SH,FVD,137,1976,653,653,65.3,0.3875497579574585,0.5081127285957336,5.194113731384277,6.116438388824463,0.8811585903167725,1,631,1,208,0.31852986217457885,2.0,631,0.0,0,0.0,0,0.0,0,0.0,1,6
SH,FVD,137,1977,351,351,35.1,0.22041989862918854,0.27525338530540466,11.464174270629883,13.195337295532227,0.6485700607299805,0,-1,1,25,0.07122507122507123,2.0,351,1.3127537965774536,0,0.0,0,0.0,0,3.4384572505950928,1,6
SH,FVD,137,1978,238,238,23.8,0.3744930922985077,0.4624936878681183,1.1085536479949951,1.4094318151474,0.5652109980583191,0,-1,1,165,0.6932773109243697,2.0,238,0.2886729836463928,0,0.0,0,0.0,0,0.6210635900497437,0,5
SH,FVD,137,1979,173,173,17.3,0.505043089389801,0.6467851400375366,9.223076820373535,11.669737815856934,3.1921768188476562,1,80,1,80,0.4624277456647399,2.0,80,0.0,0,0.0,0,0.0,0,0.0,1,6
SH,FVD,137,1980,434,434,43.400000000000006,0.20993395149707794,0.3146882951259613,3.6733622550964355,6.252456188201904,0.4751875698566437,0,-1,1,434,1.0,2.0,434,0.09488116204738617,0,0.0,0,0.0,0,1.2290689945220947,0,5
SH,FVD,137,1981,148,148,14.8,0.29329556226730347,0.3499165177345276,1.3788965940475464,1.8612713813781738,0.4410194158554077,0,-1,0,0,0.0,2.0,148,2.183912515640259,0,0.0,0,0.0,0,12.801755905151367,0,5
SH,FVD,137,1982,152,152,15.200000000000001,0.459677129983902,0.5706032514572144,3.598921537399292,3.983799695968628,0.9130809903144836,1,114,1,114,0.75,2.0,114,0.0,0,0.0,0,0.0,0,0.0,0,5
SH,FVD,137,1983,213,213,21.3,0.25047567486763,0.292091965675354,5.892551422119141,8.12651252746582,1.1642799377441406,0,-1,0,0,0.0,2.0,213,4.030313014984131,0,0.0,0,0.0,0,41.107479095458984,2,7
SH,FVD,137,1984,447,447,44.7,0.1374915987253189,0.1896108090877533,8.214476585388184,8.64799690246582,0.4047274887561798,0,-1,1,447,1.0,2.0,447,0.8573377132415771,0,0.0,0,0.0,0,14.972365379333496,1,6
SH,FVD,137,1985,176,176,17.6,0.15727394819259644,0.18463557958602905,6.025598049163818,7.595293998718262,0.7741783261299133,0,-1,0,0,0.0,2.0,176,2.697486162185669,0,0.0,0,0.0,0,46.10007858276367,2,7
SH,FVD,137,1986,1203,1203,120.30000000000001,0.2910170257091522,0.4153504967689514,4.372142791748047,5.6804375648498535,2.1409709453582764,1,690,1,652,0.541978387364921,2.0,690,0.0,0,0.0,0,0.0,0,0.0,0,5
SH,FVD,137,1987,133,133,13.3,0.1870328187942505,0.27078697085380554,2.0586178302764893,2.509312629699707,0.4346187710762024,0,-1,1,15,0.11278195488721804,2.0,133,1.1458076238632202,0,0.0,0,0.0,0,0.895576536655426,1,6
SH,FVD,137,1988,214,214,21.400000000000002,0.20361270010471344,0.23910990357398987,8.288421630859375,9.432339668273926,0.6360485553741455,0,-1,1,213,0.9953271028037384,2.0,214,1.4562346935272217,0,0.0,0,0.0,0,32.80396270751953,2,7
SH,FVD,137,1989,426,426,42.6,0.21077363193035126,0.28162094950675964,4.274055480957031,4.697699546813965,0.5209035277366638,0,-1,1,106,0.24882629107981222,2.0,426,1.4951214790344238,0,0.0,0,0.0,0,11.591604232788086,2,7
SH,FVD,137,1990,171,171,17.1,0.33597320318222046,0.47609421610832214,4.493529319763184,5.267246723175049,1.0080585479736328,0,-1,0,0,0.0,2.0,171,2.5495190620422363,0,0.0,0,0.0,0,8.416970252990723,0,5
SH,FVD,137,1991,403,403,40.300000000000004,0.28033965826034546,0.3273027539253235,10.839936256408691,11.957270622253418,0.8129180073738098,0,-1,0,0,0.0,2.0,403,2.0412142276763916,0,0.0,0,0.0,0,23.906129837036133,1,6
SH,FVD,137,1992,306,306,30.6,0.43971994519233704,0.5498948097229004,8.009495735168457,9.293577194213867,1.5887905359268188,1,270,1,76,0.24836601307189543,2.0,270,0.0,0,0.0,0,0.0,0,0.0,1,6
SH,FVD,137,1993,285,285,28.5,0.4636060297489166,0.6173668503761292,3.2899608612060547,3.5862274169921875,0.6297775506973267,0,-1,0,0,0.0,2.0,285,3.21063232421875,0,0.0,0,0.0,0,12.027265548706055,2,7
SH,FVD,137,1994,347,347,34.7,0.2048538774251938,0.26403212547302246,6.749945163726807,8.108715057373047,0.5092538595199585,0,-1,1,182,0.5244956772334294,2.0,347,1.6114336252212524,0,0.0,0,0.0,0,28.074609756469727,0,5
SH,FVD,137,1995,207,207,20.700000000000003,0.2291082739830017,0.3353253901004791,0.8851436972618103,1.0697025060653687,0.32983988523483276,0,-1,1,159,0.7681159420289855,2.0,207,1.0602964162826538,0,0.0,0,0.0,0,1.4308985471725464,0,5
SH,FVD,137,1996,279,279,27.900000000000002,0.19189293682575226,0.23809945583343506,15.501745223999023,17.93314552307129,1.0239148139953613,0,-1,1,8,0.02867383512544803,2.0,279,1.9888428449630737,0,0.0,0,0.0,0,34.07609558105469,0,5
SH,FVD,137,1997,309,309,30.900000000000002,0.3286147713661194,0.4158509373664856,4.061892509460449,4.783707141876221,0.7386409044265747,0,-1,1,309,1.0,2.0,309,0.10504041612148285,0,0.0,0,0.0,0,1.1466115713119507,2,7
SH,FVD,137,1998,146,146,14.600000000000001,0.30111488699913025,0.37671220302581787,1.6100029945373535,1.8088133335113525,0.2448660135269165,0,-1,1,80,0.547945205479452,2.0,146,0.3058462142944336,0,0.0,0,0.0,0,0.18691064417362213,1,6
SH,FVD,137,1999,202,202,20.200000000000003,0.35966581106185913,0.45636728405952454,5.121462345123291,6.636987686157227,0.9428250193595886,1,39,1,39,0.19306930693069307,2.0,39,0.0,0,0.0,0,0.0,0,0.0,0,5
SH,FVD,137,2000,1000,1000,100.0,0.4038217067718506,0.5782382488250732,7.5232672691345215,8.257390975952148,4.238781452178955,1,254,1,243,0.243,2.0,254,0.0,0,0.0,0,0.0,0,0.0,2,7
SH,FVD,137,2001,937,937,93.7,0.2981407344341278,0.3975197970867157,4.57723331451416,5.030120372772217,1.7274160385131836,1,581,1,363,0.3874066168623266,2.0,581,0.0,0,0.0,0,0.0,0,0.0,0,5
SH,FVD,137,2002,464,464,46.400000000000006,0.3400263488292694,0.4325293004512787,8.526383399963379,9.41361141204834,2.313568592071533,1,217,1,217,0.4676724137931034,2.0,217,0.0,0,0.0,0,0.0,0,0.0,2,7
SH,FVD,137,2003,608,608,60.800000000000004,0.30945348739624023,0.4217151999473572,3.145972490310669,3.6268470287323,0.5372286438941956,1,594,1,321,0.5279605263157895,2.0,594,0.0,0,0.0,0,0.0,0,0.0,0,5
SH,FVD,137,2004,241,241,24.1,0.16741222143173218,0.21571354568004608,10.270185470581055,12.347795486450195,0.8743709921836853,0,-1,1,241,1.0,2.0,241,1.224506139755249,0,0.0,0,0.0,0,19.96478843688965,0,5
SH,FVD,137,2005,298,298,29.8,0.6436729431152344,0.8306370377540588,10.692044258117676,12.097084045410156,5.757691860198975,1,78,1,78,0.26174496644295303,2.0,78,0.0,0,0.0,0,0.0,0,0.0,1,6
SH,FVD,137,2006,155,155,15.5,0.17527693510055542,0.2004483938217163,0.8930734992027283,1.2730374336242676,0.2724858820438385,0,-1,0,0,0.0,2.0,155,2.1339309215545654,0,0.0,0,0.0,0,31.81479835510254,0,5
SH,FVD,137,2007,214,214,21.400000000000002,0.36747100949287415,0.48491108417510986,4.32671594619751,5.469968318939209,1.7868144512176514,1,189,1,189,0.883177570093458,2.0,189,0.0,0,0.0,0,0.0,0,0.0,0,5
SH,FVD,137,2008,163,163,16.3,0.21903085708618164,0.26791825890541077,3.581435441970825,3.9994332790374756,0.6916367411613464,0,-1,0,0,0.0,2.0,163,6.7412896156311035,0,0.0,0,0.0,0,22.121631622314453,0,5
SH,FVD,137,2009,186,186,18.6,0.5825653672218323,0.7207601070404053,6.566657066345215,9.769452095031738,1.4440093040466309,0,-1,1,157,0.8440860215053764,2.0,186,0.762120246887207,0,0.0,0,0.0,0,4.441973686218262,0,5
SH,FVD,137,2010,233,233,23.3,0.3692598044872284,0.42500048875808716,6.845642566680908,7.835493564605713,0.8559311032295227,0,-1,0,0,0.0,2.0,233,2.1614370346069336,0,0.0,0,0.0,0,30.95608901977539,0,5
SH,FVD,137,2011,320,320,32.0,0.358486145734787,0.4439505338668823,1.6223280429840088,1.9244461059570312,0.633764386177063,0,-1,1,120,0.375,2.0,320,0.698452889919281,0,0.0,0,0.0,0,2.6108078956604004,2,7
SH,FVD,137,2012,210,210,21.0,0.2840433716773987,0.35648706555366516,2.518742799758911,3.135409116744995,0.721461296081543,0,-1,1,51,0.24285714285714285,2.0,210,0.5939458012580872,0,0.0,0,0.0,0,2.8505725860595703,2,7
SH,FVD,137,2013,226,226,22.6,0.26318126916885376,0.35174956917762756,4.844747066497803,5.807278633117676,0.8326449394226074,0,-1,0,0,0.0,2.0,226,2.7074992656707764,0,0.0,0,0.0,0,6.179194450378418,1,6
SH,FVD,137,2014,583,583,58.300000000000004,0.48329150676727295,0.702406108379364,9.310139656066895,10.816631317138672,7.385446548461914,1,383,1,383,0.6569468267581475,2.0,383,0.0,0,0.0,0,0.0,0,0.0,1,6
SH,FVD,137,2015,236,236,23.6,0.1951626092195511,0.2446431666612625,3.9398865699768066,5.786726951599121,0.6284219026565552,0,-1,1,212,0.8983050847457628,2.0,236,1.4264004230499268,0,0.0,0,0.0,0,26.937400817871094,0,5
SH,FVD,137,2016,413,413,41.300000000000004,0.1204284131526947,0.14679433405399323,16.27912712097168,18.89189338684082,0.8521783947944641,0,-1,1,413,1.0,2.0,413,1.2538442611694336,0,0.0,0,0.0,0,26.001401901245117,2,7
SH,FVD,137,2017,530,530,53.0,0.5818865299224854,0.7664202451705933,9.302963256835938,9.811604499816895,5.32966423034668,1,156,1,119,0.22452830188679246,2.0,156,0.0,0,0.0,0,0.0,0,0.0,2,7
SH,FVD,137,2018,295,295,29.5,0.20134016871452332,0.28761011362075806,8.732812881469727,9.74838638305664,0.48258140683174133,0,-1,1,295,1.0,2.0,295,0.37914496660232544,0,0.0,0,0.0,0,5.224721431732178,1,6
SH,FVD,137,2019,297,297,29.700000000000003,0.3986872732639313,0.5253300666809082,9.619711875915527,11.394620895385742,2.1419308185577393,1,121,1,99,0.3333333333333333,2.0,121,0.0,0,0.0,0,0.0,0,0.0,2,7
SH,FVD,137,2020,353,353,35.300000000000004,0.4158169627189636,0.5246672630310059,4.531848430633545,4.847951889038086,2.021066188812256,1,154,1,154,0.43626062322946174,2.0,154,0.0,0,0.0,0,0.0,0,0.0,2,7
SH,FVD,137,2021,151,151,15.100000000000001,0.14597918093204498,0.1952749788761139,8.848684310913086,10.965295791625977,1.3460805416107178,0,-1,1,151,1.0,2.0,151,1.4512988328933716,0,0.0,0,0.0,0,26.653255462646484,0,5
SH,FVD,137,2022,332,332,33.2,0.31297627091407776,0.43793052434921265,5.602383613586426,7.575436592102051,2.737149715423584,1,229,1,229,0.6897590361445783,2.0,229,0.0,0,0.0,0,0.0,0,0.0,1,6
SH,FVD,137,2023,141,141,14.100000000000001,0.32600831985473633,0.3978671729564667,2.234652519226074,2.5540482997894287,0.5536989569664001,0,-1,0,0,0.0,2.0,141,2.2591426372528076,0,0.0,0,0.0,0,21.14313507080078,1,6
SH,FVD,137,2024,1172,1172,117.2,0.30028098821640015,0.37239232659339905,12.626310348510742,17.6906795501709,5.972572326660156,1,697,1,697,0.5947098976109215,2.0,697,0.0,0,0.0,0,0.0,0,0.0,1,6
SH,FVD,137,2025,1176,1176,117.60000000000001,0.3866432309150696,0.5092974901199341,6.5904622077941895,7.785632133483887,6.303649425506592,1,632,1,632,0.5374149659863946,2.0,632,0.0,0,0.0,0,0.0,0,0.0,0,5
SH,FVD,137,2026,357,357,35.7,0.32620278000831604,0.36956849694252014,5.018535137176514,5.407760143280029,0.6759763956069946,0,-1,0,0,0.0,2.0,357,2.6652328968048096,0,0.0,0,0.0,0,6.526909828186035,1,6
SH,FVD,137,2027,287,287,28.700000000000003,0.32517799735069275,0.41636690497398376,2.8348872661590576,3.2986514568328857,0.623582124710083,0,-1,1,93,0.3240418118466899,2.0,287,1.5909812450408936,0,0.0,0,0.0,0,8.838494300842285,2,7
SH,FVD,137,2028,160,160,16.0,0.19790533185005188,0.26587149500846863,12.290552139282227,15.102090835571289,1.7723877429962158,0,-1,1,160,1.0,2.0,160,0.7592282891273499,0,0.0,0,0.0,0,12.302927017211914,2,7
SH,FVD,137,2029,151,151,15.100000000000001,0.4615028202533722,0.5837811231613159,1.601016879081726,2.1609432697296143,0.5755966901779175,0,-1,0,0,0.0,2.0,151,2.656189203262329,0,0.0,0,0.0,0,5.122546672821045,1,6
SH,FVD,137,2030,211,211,21.1,0.2180251032114029,0.309600293636322,0.9555270671844482,1.1581506729125977,0.33662980794906616,0,-1,0,0,0.0,2.0,211,4.128397464752197,0,0.0,0,0.0,0,3.136641502380371,1,6
SH,FVD,137,2031,334,334,33.4,0.33053043484687805,0.42472270131111145,3.642667770385742,6.032716751098633,1.0407869815826416,0,-1,1,241,0.7215568862275449,2.0,334,0.8134543895721436,0,0.0,0,0.0,0,2.6460013389587402,0,5
SH,FVD,137,2032,600,600,60.0,0.225910946726799,0.3385601341724396,12.146137237548828,13.61579418182373,1.1861572265625,0,-1,1,335,0.5583333333333333,2.0,600,1.1239100694656372,0,0.0,0,0.0,0,23.813623428344727,2,7
SH,FVD,137,2033,398,398,39.800000000000004,0.27270159125328064,0.3644452691078186,10.5960111618042,12.584173202514648,1.5038044452667236,1,355,1,355,0.8919597989949749,2.0,355,0.0,0,0.0,0,0.0,0,0.0,2,7
SH,FVD,137,2034,274,274,27.400000000000002,0.29244908690452576,0.35125699639320374,9.191021919250488,10.109763145446777,0.6068755388259888,0,-1,1,14,0.051094890510948905,2.0,274,1.6199740171432495,0,0.0,0,0.0,0,3.438786745071411,2,7
SH,FVD,137,2035,188,188,18.8,0.28366169333457947,0.4159989655017853,7.675506114959717,8.72816276550293,1.086558222770691,0,-1,1,188,1.0,2.0,188,0.13931946456432343,0,0.0,0,0.0,0,2.4386236667633057,2,7
SH,FVD,137,2036,353,353,35.300000000000004,0.3999277949333191,0.5275548696517944,13.064209938049316,15.095898628234863,1.4958860874176025,1,350,1,37,0.1048158640226629,2.0,350,0.0,0,0.0,0,0.0,0,0.0,0,5
SH,FVD,137,2037,1679,1679,167.9,0.22368286550045013,0.31734541058540344,6.0819196701049805,6.851229667663574,3.1420583724975586,1,770,1,182,0.10839785586658725,2.0,770,0.0,0,0.0,0,0.0,0,0.0,2,7
SH,FVD,137,2038,585,585,58.5,0.2099541574716568,0.3059220016002655,3.163317918777466,4.251789569854736,0.5280241370201111,1,509,1,374,0.6393162393162393,2.0,509,0.0,0,0.0,0,0.0,0,0.0,1,6
SH,FVD,137,2039,184,184,18.400000000000002,0.33862021565437317,0.43072834610939026,9.019519805908203,10.498525619506836,1.0275992155075073,0,-1,1,184,1.0,2.0,184,1.3246309757232666,0,0.0,0,0.0,0,28.026630401611328,0,5
SH,FVD,137,2040,171,171,17.1,0.24512945115566254,0.3145309388637543,3.716521978378296,4.580338954925537,0.5186454057693481,0,-1,0,0,0.0,2.0,171,3.539621114730835,0,0.0,0,0.0,0,13.283845901489258,1,6
SH,FVD,137,2041,174,174,17.400000000000002,0.24740508198738098,0.35222575068473816,2.05106782913208,2.3737385272979736,0.6342967748641968,1,165,1,165,0.9482758620689655,2.0,165,0.0,0,0.0,0,0.0,0,0.0,2,7
SH,FVD,137,2042,265,265,26.5,0.13621549308300018,0.16761447489261627,3.964261531829834,4.69793176651001,0.46993380784988403,0,-1,1,60,0.22641509433962265,2.0,265,1.4834498167037964,0,0.0,0,0.0,0,9.320178031921387,2,7
SH,FVD,137,2043,325,325,32.5,0.32140809297561646,0.4114590287208557,6.036773681640625,6.639037609100342,1.7766727209091187,1,243,1,243,0.7476923076923077,2.0,243,0.0,0,0.0,0,0.0,0,0.0,2,7
SH,FVD,137,2044,242,242,24.200000000000003,0.3509586453437805,0.3895938992500305,9.585134506225586,13.28166675567627,1.5902711153030396,0,-1,1,108,0.4462809917355372,2.0,242,0.7914184331893921,0,0.0,0,0.0,0,3.3807034492492676,0,5
SH,FVD,137,2045,313,313,31.3,0.34706911444664,0.43309691548347473,12.314188003540039,14.856163024902344,1.1771137714385986,0,-1,0,0,0.0,2.0,313,3.5379133224487305,0,0.0,0,0.0,0,3.5417323112487793,0,5
SH,FVD,137,2046,234,234,23.400000000000002,0.3737403154373169,0.5179275274276733,1.6344813108444214,2.2071475982666016,0.39133551716804504,0,-1,1,9,0.038461538461538464,2.0,234,1.7497825622558594,0,0.0,0,0.0,0,4.420703887939453,0,5
SH,FVD,137,2047,165,165,16.5,0.3798913359642029,0.46394485235214233,6.650108814239502,7.327249050140381,0.8687400817871094,0,-1,0,0,0.0,2.0,165,3.222426414489746,0,0.0,0,0.0,0,17.736825942993164,0,5
SH,FVD,137,2048,392,392,39.2,0.36072129011154175,0.44869551062583923,1.8308249711990356,2.1504645347595215,1.02961266040802,1,306,1,306,0.7806122448979592,2.0,306,0.0,0,0.0,0,0.0,0,0.0,1,6
SH,FVD,137,2049,141,141,14.100000000000001,0.5212857723236084,0.6376141905784607,2.9882986545562744,4.016043186187744,0.6856784820556641,0,-1,1,141,1.0,2.0,141,0.1750151365995407,0,0.0,0,0.0,0,2.2689011096954346,2,7
SH,FVD,137,2050,271,271,27.1,0.2210903763771057,0.2749105393886566,2.5183024406433105,3.2856051921844482,0.324435830116272,0,-1,1,271,1.0,2.0,271,0.7254944443702698,0,0.0,0,0.0,0,11.606460571289062,1,6
SH,FVD,137,2051,365,365,36.5,0.43622300028800964,0.5611349940299988,6.211538791656494,6.874666690826416,3.037996292114258,1,111,1,111,0.3041095890410959,2.0,111,0.0,0,0.0,0,0.0,0,0.0,1,6
SH,FVD,137,2052,296,296,29.6,0.2095421552658081,0.25344058871269226,1.6416051387786865,1.947367787361145,0.48017486929893494,0,-1,1,296,1.0,2.0,296,0.8918976187705994,0,0.0,0,0.0,0,16.293113708496094,2,7
SH,FVD,137,2053,149,149,14.9,0.2166575789451599,0.26698657870292664,6.9726128578186035,8.386665344238281,0.9980089664459229,0,-1,0,0,0.0,2.0,149,2.098266363143921,0,0.0,0,0.0,0,46.879146575927734,1,6
SH,FVD,137,2054,133,133,13.3,0.2046320140361786,0.2455746978521347,3.0257275104522705,3.5175890922546387,0.4402514398097992,0,-1,0,0,0.0,2.0,133,2.385868549346924,0,0.0,0,0.0,0,20.063764572143555,2,7
SH,FVD,137,2055,192,192,19.200000000000003,0.22551746666431427,0.33739155530929565,2.7882721424102783,2.9676356315612793,0.3237614929676056,0,-1,0,0,0.0,2.0,192,3.4053351879119873,0,0.0,0,0.0,0,4.6712517738342285,1,6
SH,FVD,137,2056,856,856,85.60000000000001,0.1889432966709137,0.24394217133522034,7.017248630523682,8.681280136108398,0.6924684643745422,0,-1,1,798,0.9322429906542056,2.0,856,1.2004928588867188,0,0.0,0,0.0,0,25.188535690307617,2,7
SH,FVD,137,2057,319,319,31.900000000000002,0.6826471090316772,0.914544939994812,6.1903557777404785,6.992072582244873,2.1853835582733154,1,110,1,110,0.3448275862068966,2.0,110,0.0,0,0.0,0,0.0,0,0.0,1,6
SH,FVD,137,2058,150,150,15.0,0.2715124487876892,0.3621409237384796,4.342040061950684,4.808197498321533,0.5902144312858582,0,-1,1,127,0.8466666666666667,2.0,150,1.4394850730895996,0,0.0,0,0.0,0,9.726250648498535,0,5
SH,FVD,137,2059,191,191,19.1,0.32578596472740173,0.4332813024520874,8.84809684753418,9.750459671020508,0.7719393968582153,0,-1,0,0,0.0,2.0,191,3.127987861633301,0,0.0,0,0.0,0,8.852856636047363,2,7
SH,FVD,137,2060,222,222,22.200000000000003,0.3540147542953491,0.4144851863384247,4.046238899230957,5.527730464935303,0.6799609661102295,0,-1,1,220,0.990990990990991,2.0,222,0.8566789627075195,0,0.0,0,0.0,0,11.664970397949219,0,5
SH,FVD,137,2061,477,477,47.7,0.510201632976532,0.625402569770813,10.71585750579834,12.047901153564453,5.484781742095947,1,68,1,68,0.14255765199161424,2.0,68,0.0,0,0.0,0,0.0,0,0.0,1,6
SH,FVD,137,2062,174,174,17.400000000000002,0.12402713298797607,0.15086549520492554,4.924017429351807,6.622158050537109,0.7459344267845154,0,-1,1,34,0.19540229885057472,2.0,174,1.9866148233413696,0,0.0,0,0.0,0,39.63890838623047,0,5
SH,FVD,137,2063,209,209,20.900000000000002,0.24270088970661163,0.30891770124435425,7.99973201751709,8.805532455444336,0.6825112700462341,0,-1,1,209,1.0,2.0,209,1.4423785209655762,0,0.0,0,0.0,0,21.476375579833984,0,5
SH,FVD,137,2064,933,933,93.30000000000001,0.2679062485694885,0.33796557784080505,3.7352147102355957,4.726367950439453,0.569109320640564,0,-1,1,424,0.45444801714898175,2.0,933,0.47432130575180054,0,0.0,0,0.0,0,2.0209639072418213,0,5
SH,FVD,137,2065,153,153,15.3,0.2099957913160324,0.2748139500617981,3.4518744945526123,4.3592023849487305,0.5344907641410828,1,142,1,29,0.1895424836601307,2.0,142,0.0,0,0.0,0,0.0,0,0.0,1,6
SH,FVD,137,2066,138,138,13.8,0.3353841006755829,0.4152510166168213,1.4974219799041748,1.7827292680740356,0.6247193217277527,0,-1,0,0,0.0,2.0,138,2.2695469856262207,0,0.0,0,0.0,0,7.757013320922852,1,6
SH,FVD,137,2067,151,151,15.100000000000001,0.3336382508277893,0.46043404936790466,1.9732104539871216,2.3825488090515137,0.770021378993988,0,-1,0,0,0.0,2.0,151,3.581718921661377,0,0.0,0,0.0,0,5.322687149047852,2,7
SH,FVD,137,2068,133,133,13.3,0.38341519236564636,0.5091399550437927,2.9887290000915527,3.3104963302612305,0.6054410934448242,0,-1,0,0,0.0,2.0,133,3.3431739807128906,0,0.0,0,0.0,0,3.8363428115844727,0,5
SH,FVD,137,2069,179,179,17.900000000000002,0.21870188415050507,0.2918824851512909,3.144329786300659,4.1214070320129395,0.832794189453125,0,-1,1,179,1.0,2.0,179,1.1071791648864746,0,0.0,0,0.0,0,25.138978958129883,1,6
SH,FVD,137,2070,157,157,15.700000000000001,0.3037112355232239,0.3929741680622101,3.8259055614471436,4.232815265655518,0.55120849609375,0,-1,1,139,0.8853503184713376,2.0,157,0.4199564456939697,0,0.0,0,0.0,0,8.87473201751709,1,6
SH,FVD,137,2071,338,338,33.800000000000004,0.13247722387313843,0.1806383579969406,12.18139934539795,16.7421875,1.0405681133270264,0,-1,0,0,0.0,2.0,338,2.246875286102295,0,0.0,0,0.0,0,46.023834228515625,1,6
SH,FVD,137,2072,496,496,49.6,0.2918072044849396,0.3574267625808716,6.2042083740234375,7.074570655822754,0.6807880997657776,0,-1,1,114,0.22983870967741934,2.0,496,0.9466160535812378,0,0.0,0,0.0,0,3.328498601913452,1,6
SH,FVD,137,2073,297,297,29.700000000000003,0.2920311689376831,0.3636855185031891,3.5756096839904785,3.9315104484558105,0.7143879532814026,0,-1,1,264,0.8888888888888888,2.0,297,1.1107133626937866,0,0.0,0,0.0,0,8.943856239318848,0,5
SH,FVD,137,2074,482,482,48.2,0.42041563987731934,0.5448940396308899,1.8559871912002563,2.410564422607422,0.6382995247840881,0,-1,1,266,0.5518672199170125,2.0,482,0.6486262679100037,0,0.0,0,0.0,0,0.9629366397857666,1,6
SH,FVD,137,2075,472,472,47.2,0.16587375104427338,0.21584434807300568,15.22724437713623,18.757537841796875,0.8157536387443542,0,-1,1,472,1.0,2.0,472,0.8988823890686035,0,0.0,0,0.0,0,26.11279296875,1,6
SH,FVD,137,2076,199,199,19.900000000000002,0.06641070544719696,0.08444441854953766,0.41788581013679504,0.5091173052787781,0.12318155169487,0,-1,1,11,0.05527638190954774,2.0,199,1.8869611024856567,0,0.0,0,0.0,0,45.4503173828125,0,5
SH,FVD,137,2077,432,432,43.2,0.25075122714042664,0.30632469058036804,12.0162353515625,13.223710060119629,0.7256317734718323,0,-1,0,0,0.0,2.0,432,3.425947427749634,0,0.0,0,0.0,0,9.125407218933105,0,5
SH,FVD,137,2078,233,233,23.3,0.3143528997898102,0.4082735776901245,12.1461763381958,13.3308687210083,0.9806753396987915,0,-1,0,0,0.0,2.0,233,3.434901475906372,0,0.0,0,0.0,0,10.409869194030762,1,6
SH,FVD,137,2079,183,183,18.3,0.4456915855407715,0.5363469123840332,17.13253402709961,20.168331146240234,2.03225040435791,0,-1,1,22,0.12021857923497267,2.0,183,1.427514672279358,0,0.0,0,0.0,0,5.537370681762695,1,6
SH,FVD,137,2080,387,387,38.7,0.18638426065444946,0.23215726017951965,6.244544506072998,6.443296909332275,0.25601881742477417,0,-1,0,0,0.0,2.0,387,3.0809547901153564,0,0.0,0,0.0,0,6.696012020111084,2,7
SH,FVD,137,2081,189,189,18.900000000000002,0.2848455607891083,0.3615999221801758,7.595218181610107,9.06552791595459,0.6666565537452698,0,-1,1,91,0.48148148148148145,2.0,189,1.57578444480896,0,0.0,0,0.0,0,26.99684715270996,1,6
SH,FVD,137,2082,151,151,15.100000000000001,0.2375756800174713,0.28450098633766174,8.314493179321289,9.733080863952637,0.9119746685028076,0,-1,1,8,0.052980132450331126,2.0,151,1.8715802431106567,0,0.0,0,0.0,0,8.581596374511719,0,5
SH,FVD,137,2083,303,303,30.3,0.5083619952201843,0.6554707884788513,4.562153339385986,5.114101409912109,0.9499667882919312,0,-1,1,1,0.0033003300330033004,2.0,303,1.9804532527923584,0,0.0,0,0.0,0,3.7011356353759766,2,7
SH,FVD,137,2084,147,147,14.700000000000001,0.4297960698604584,0.4857185482978821,9.844390869140625,13.199376106262207,1.644457221031189,0,-1,0,0,0.0,2.0,147,2.281036376953125,0,0.0,0,0.0,0,25.934459686279297,0,5
SH,FVD,137,2085,1406,1406,140.6,0.41484296321868896,0.6027863621711731,4.695062160491943,5.48748254776001,2.5544800758361816,1,684,1,663,0.47155049786628733,2.0,684,0.0,0,0.0,0,0.0,0,0.0,0,5
SH,FVD,137,2086,144,144,14.4,0.2909795045852661,0.3667568862438202,2.535919427871704,3.0209453105926514,0.6849179267883301,0,-1,0,0,0.0,2.0,144,3.5298306941986084,0,0.0,0,0.0,0,5.1796393394470215,1,6
SH,FVD,137,2087,145,145,14.5,0.31348419189453125,0.3648230731487274,7.603556156158447,9.006024360656738,1.0537205934524536,0,-1,0,0,0.0,2.0,145,2.5265939235687256,0,0.0,0,0.0,0,27.453781127929688,2,7
SH,FVD,137,2088,516,516,51.6,0.2215711772441864,0.275453120470047,6.200779914855957,7.311945915222168,0.5146598815917969,0,-1,1,516,1.0,2.0,516,1.327675700187683,0,0.0,0,0.0,0,16.693771362304688,0,5
SH,FVD,137,2089,137,137,13.700000000000001,0.14011865854263306,0.19819192588329315,0.7809960842132568,0.9639683365821838,0.3997538089752197,0,-1,0,0,0.0,2.0,137,2.206573009490967,0,0.0,0,0.0,0,54.041011810302734,2,7
SH,FVD,137,2090,258,258,25.8,0.356674462556839,0.44730955362319946,6.203191757202148,7.184361457824707,0.874373197555542,0,-1,0,0,0.0,2.0,258,2.024794816970825,0,0.0,0,0.0,0,9.242013931274414,0,5
SH,FVD,137,2091,218,218,21.8,0.3036753237247467,0.4001002013683319,9.405287742614746,10.09224796295166,0.8663317561149597,0,-1,0,0,0.0,2.0,218,3.5259616374969482,0,0.0,0,0.0,0,19.053834915161133,1,6
SH,FVD,137,2092,221,221,22.1,0.26756513118743896,0.31370049715042114,1.1948670148849487,2.0861294269561768,0.5843544602394104,0,-1,1,221,1.0,2.0,221,0.5271162390708923,0,0.0,0,0.0,0,9.40264892578125,1,6
SH,FVD,137,2093,228,228,22.8,0.39886409044265747,0.5315102338790894,4.091871738433838,4.498599052429199,3.261486053466797,1,51,1,51,0.2236842105263158,2.0,51,0.0,0,0.0,0,0.0,0,0.0,2,7
SH,FVD,137,2094,181,181,18.1,0.2884424328804016,0.4175851047039032,2.637676477432251,3.1247329711914062,0.6910437345504761,0,-1,1,118,0.6519337016574586,2.0,181,1.2089953422546387,0,0.0,0,0.0,0,9.858842849731445,2,7
SH,FVD,137,2095,159,159,15.9,0.22256800532341003,0.27301546931266785,2.6272244453430176,3.5684332847595215,0.5537043213844299,0,-1,0,0,0.0,2.0,159,2.792715549468994,0,0.0,0,0.0,0,55.13893508911133,1,6
SH,FVD,137,2096,775,775,77.5,0.3841691017150879,0.5544828772544861,4.6089653968811035,5.832850456237793,2.671740770339966,1,405,1,405,0.5225806451612903,2.0,405,0.0,0,0.0,0,0.0,0,0.0,0,5
SH,FVD,137,2097,921,921,92.10000000000001,0.3239579498767853,0.395926296710968,6.341482639312744,7.542774677276611,4.305935382843018,1,328,1,328,0.3561346362649294,2.0,328,0.0,0,0.0,0,0.0,0,0.0,0,5
SH,FVD,137,2098,155,155,15.5,0.33149203658103943,0.44107404351234436,2.050816774368286,2.404578924179077,0.4312405586242676,0,-1,1,102,0.6580645161290323,2.0,155,0.408310204744339,0,0.0,0,0.0,0,1.5082616806030273,1,6
SH,FVD,137,2099,292,292,29.200000000000003,0.26099804043769836,0.3784230947494507,2.8406312465667725,3.734863758087158,0.5395175218582153,0,-1,0,0,0.0,2.0,292,2.2771713733673096,0,0.0,0,0.0,0,5.384365558624268,0,5
SH,FVD,137,2100,201,201,20.1,0.6850490570068359,0.8390912413597107,21.29436492919922,28.009363174438477,2.6857447624206543,1,107,1,55,0.2736318407960199,2.0,107,0.0,0,0.0,0,0.0,0,0.0,2,7
SH,FVD,137,2101,132,132,13.200000000000001,0.20979484915733337,0.24846267700195312,1.4771021604537964,2.09049916267395,0.49288398027420044,0,-1,1,50,0.3787878787878788,2.0,132,1.662053108215332,0,0.0,0,0.0,0,9.883166313171387,0,5
SH,FVD,137,2102,1109,1109,110.9,0.2607382535934448,0.35660693049430847,5.62099552154541,6.467285633087158,1.774340271949768,1,516,1,84,0.0757439134355275,2.0,516,0.0,0,0.0,0,0.0,0,0.0,0,5
SH,FVD,137,2103,132,132,13.200000000000001,0.20936717092990875,0.25586479902267456,5.542154312133789,7.528621673583984,1.2505342960357666,0,-1,0,0,0.0,2.0,132,2.278829336166382,0,0.0,0,0.0,0,41.42348861694336,1,6
SH,FVD,137,2104,1122,1122,112.2,0.3154737949371338,0.413373738527298,4.574136734008789,5.140309810638428,2.677339553833008,1,430,1,63,0.05614973262032086,2.0,430,0.0,0,0.0,0,0.0,0,0.0,0,5
SH,FVD,137,2105,150,150,15.0,0.15050572156906128,0.16759249567985535,2.709371328353882,3.9104466438293457,0.7490612268447876,0,-1,0,0,0.0,2.0,150,9.575018882751465,0,0.0,0,0.0,0,134.64329528808594,1,6
SH,FVD,137,2106,185,185,18.5,0.1439666897058487,0.1689644753932953,5.63232421875,7.025883674621582,0.728738009929657,0,-1,0,0,0.0,2.0,185,4.214768886566162,0,0.0,0,0.0,0,86.07185363769531,0,5
SH,FVD,137,2107,297,297,29.700000000000003,0.31232091784477234,0.39699384570121765,7.525872230529785,10.808897018432617,1.025652527809143,0,-1,1,297,1.0,2.0,297,1.1739152669906616,0,0.0,0,0.0,0,29.16661834716797,1,6
SH,FVD,137,2108,233,233,23.3,0.1814957708120346,0.20701080560684204,8.263313293457031,10.58268928527832,1.0264757871627808,0,-1,0,0,0.0,2.0,233,2.1372883319854736,0,0.0,0,0.0,0,41.189178466796875,2,7
SH,FVD,137,2109,143,143,14.3,0.3815489709377289,0.4608498811721802,0.7187474370002747,0.8813540935516357,0.44022178649902344,0,-1,1,77,0.5384615384615384,2.0,143,1.017573595046997,0,0.0,0,0.0,0,11.793516159057617,0,5
SH,FVD,137,2110,182,182,18.2,0.11960551142692566,0.1569736748933792,1.1876877546310425,2.034571886062622,0.36806973814964294,0,-1,1,182,1.0,2.0,182,1.3360378742218018,0,0.0,0,0.0,0,24.9085636138916,2,7
SH,FVD,137,2111,136,136,13.600000000000001,0.3186555504798889,0.39563068747520447,0.7432809472084045,1.1370793581008911,0.5067830681800842,0,-1,0,0,0.0,2.0,136,2.193356990814209,0,0.0,0,0.0,0,18.346176147460938,0,5
SH,FVD,137,2112,163,163,16.3,0.14856331050395966,0.21380853652954102,0.37648695707321167,0.5023195743560791,0.16809594631195068,0,-1,0,0,0.0,2.0,163,3.829756259918213,0,0.0,0,0.0,0,3.3576371669769287,1,6
SH,FVD,137,2113,156,156,15.600000000000001,0.2786332070827484,0.3590269386768341,3.0171563625335693,3.369405508041382,0.598795473575592,0,-1,1,156,1.0,2.0,156,1.2163361310958862,0,0.0,0,0.0,0,14.39163589477539,2,7
SH,FVD,137,2114,291,291,29.1,0.4053831100463867,0.5063572525978088,5.841928005218506,7.067070484161377,1.7131932973861694,1,221,1,221,0.7594501718213058,2.0,221,0.0,0,0.0,0,0.0,0,0.0,0,5
SH,FVD,137,2115,409,409,40.900000000000006,0.22663940489292145,0.3552711308002472,8.749366760253906,9.81117057800293,0.710723876953125,0,-1,1,6,0.014669926650366748,2.0,409,1.6963670253753662,0,0.0,0,0.0,0,4.7250752449035645,1,6
SH,FVD,137,2116,958,958,95.80000000000001,0.36021649837493896,0.5311689376831055,6.028187274932861,6.947856426239014,3.0775394439697266,1,600,1,600,0.6263048016701461,2.0,600,0.0,0,0.0,0,0.0,0,0.0,2,7
SH,FVD,137,2117,246,246,24.6,0.4621945321559906,0.8801026940345764,9.376708030700684,13.612767219543457,1.6521607637405396,0,-1,1,174,0.7073170731707317,2.0,246,0.6518188714981079,0,0.0,0,0.0,0,6.980344295501709,2,7
SH,FVD,137,2118,265,265,26.5,0.22959434986114502,0.2749539911746979,2.6982288360595703,3.633788824081421,0.40653693675994873,0,-1,1,265,1.0,2.0,265,0.16689707338809967,0,0.0,0,0.0,0,2.9538443088531494,0,5
SH,FVD,137,2119,232,232,23.200000000000003,0.531816840171814,0.6530686616897583,8.510658264160156,10.723544120788574,1.0075379610061646,0,-1,1,119,0.5129310344827587,2.0,232,1.1963568925857544,0,0.0,0,0.0,0,6.172765254974365,0,5
SH,FVD,137,2120,381,381,38.1,0.33334073424339294,0.47250843048095703,3.1704885959625244,3.5552186965942383,0.7583655714988708,1,350,1,191,0.5013123359580053,2.0,350,0.0,0,0.0,0,0.0,0,0.0,0,5
SH,FVD,137,2121,262,262,26.200000000000003,0.1917177438735962,0.24070437252521515,1.5913021564483643,1.7949552536010742,0.2842569053173065,0,-1,0,0,0.0,2.0,262,3.2574281692504883,0,0.0,0,0.0,0,3.245072603225708,1,6
SH,FVD,137,2122,198,198,19.8,0.2750184237957001,0.39724019169807434,5.842745780944824,6.6756110191345215,0.86106276512146,0,-1,0,0,0.0,2.0,198,2.7621192932128906,0,0.0,0,0.0,0,4.899248123168945,2,7
SH,FVD,137,2123,137,137,13.700000000000001,0.42827925086021423,0.5545653700828552,0.9715419411659241,1.2260549068450928,0.3741147220134735,0,-1,1,137,1.0,2.0,137,0.4543386399745941,0,0.0,0,0.0,0,1.854798674583435,0,5
SH,FVD,137,2124,343,343,34.300000000000004,0.27377480268478394,0.36781343817710876,5.412103652954102,6.505087852478027,0.8648640513420105,1,309,1,175,0.5102040816326531,2.0,309,0.0,0,0.0,0,0.0,0,0.0,0,5
SH,FVD,137,2125,440,440,44.0,0.2166617065668106,0.2648816406726837,2.512413263320923,3.352175235748291,0.5008374452590942,0,-1,1,438,0.9954545454545455,2.0,440,1.1531332731246948,0,0.0,0,0.0,0,18.111520767211914,0,5
SH,FVD,137,2126,182,182,18.2,0.2444542646408081,0.3171361982822418,1.2702561616897583,1.4849529266357422,0.44766706228256226,0,-1,1,182,1.0,2.0,182,1.118721842765808,0,0.0,0,0.0,0,6.890484809875488,0,5
SH,FVD,137,2127,146,146,14.600000000000001,0.5788963437080383,0.6808521151542664,2.6787660121917725,3.457231044769287,1.0362004041671753,0,-1,1,99,0.678082191780822,2.0,146,1.3226009607315063,0,0.0,0,0.0,0,12.917774200439453,2,7
SH,FVD,137,2128,190,190,19.0,0.37344998121261597,0.44324377179145813,3.616781234741211,4.001359462738037,0.6255443096160889,0,-1,1,2,0.010526315789473684,2.0,190,1.9422643184661865,0,0.0,0,0.0,0,2.726057529449463,0,5
SH,FVD,137,2129,196,196,19.6,0.22592177987098694,0.2793002426624298,5.415485382080078,5.965115070343018,0.4209916591644287,0,-1,1,196,1.0,2.0,196,1.0134737491607666,0,0.0,0,0.0,0,13.965574264526367,2,7
SH,FVD,137,2130,275,275,27.5,0.6165738701820374,0.8219268321990967,10.883627891540527,12.230036735534668,8.300680160522461,1,82,1,82,0.29818181818181816,2.0,82,0.0,0,0.0,0,0.0,0,0.0,1,6
SH,FVD,137,2131,311,311,31.1,0.338636577129364,0.5217701196670532,3.26554799079895,4.1401686668396,1.0684908628463745,1,264,1,264,0.8488745980707395,2.0,264,0.0,0,0.0,0,0.0,0,0.0,1,6
SH,FVD,137,2132,188,188,18.8,0.18600235879421234,0.23724274337291718,1.9906795024871826,2.3031184673309326,0.5267068147659302,0,-1,1,188,1.0,2.0,188,1.3041324615478516,0,0.0,0,0.0,0,31.369672775268555,0,5
SH,FVD,137,2133,192,192,19.200000000000003,0.3377652168273926,0.39692169427871704,6.87920618057251,7.780299186706543,0.8563604950904846,0,-1,0,0,0.0,2.0,192,3.4766204357147217,0,0.0,0,0.0,0,8.787552833557129,2,7
SH,FVD,137,2134,166,166,16.6,0.6505447030067444,0.7341095209121704,18.26287841796875,24.279726028442383,3.4474644660949707,0,-1,0,0,0.0,2.0,166,2.197420835494995,0,0.0,0,0.0,0,8.476186752319336,0,5
SH,FVD,137,2135,180,180,18.0,0.2024194747209549,0.25303322076797485,9.727017402648926,11.496326446533203,1.047698736190796,0,-1,1,180,1.0,2.0,180,0.9470708966255188,0,0.0,0,0.0,0,19.142478942871094,0,5
SH,FVD,137,2136,622,622,62.2,0.37799620628356934,0.5753512978553772,10.950583457946777,13.493010520935059,3.7488880157470703,1,443,1,443,0.7122186495176849,2.0,443,0.0,0,0.0,0,0.0,0,0.0,2,7
SH,FVD,137,2137,317,317,31.700000000000003,0.5616214275360107,0.6677287817001343,38.77360916137695,43.79804992675781,2.582151174545288,0,-1,0,0,0.0,2.0,317,12.049768447875977,0,0.0,0,0.0,0,45.8151969909668,2,7
SH,FVD,137,2138,178,178,17.8,0.1603638231754303,0.21706755459308624,3.611119031906128,5.0626349449157715,0.6810226440429688,0,-1,1,178,1.0,2.0,178,0.6848333477973938,0,0.0,0,0.0,0,14.253235816955566,0,5
SH,FVD,137,2139,408,408,40.800000000000004,0.29806870222091675,0.3658108115196228,25.016862869262695,28.073402404785156,1.1185671091079712,0,-1,0,0,0.0,2.0,408,2.1168317794799805,0,0.0,0,0.0,0,5.9901556968688965,2,7
SH,FVD,137,2140,200,200,20.0,0.31107816100120544,0.3608631193637848,3.1649367809295654,3.9073636531829834,0.6575145721435547,0,-1,1,59,0.295,2.0,200,1.4707249402999878,0,0.0,0,0.0,0,8.340289115905762,2,7
SH,FVD,137,2141,345,345,34.5,0.31400492787361145,0.4116699993610382,4.241143226623535,4.631584167480469,0.7255354523658752,1,314,1,102,0.2956521739130435,2.0,314,0.0,0,0.0,0,0.0,0,0.0,2,7
SH,FVD,137,2142,131,131,13.100000000000001,0.1634397804737091,0.22010259330272675,3.1078481674194336,4.23502254486084,0.6378825902938843,0,-1,0,0,0.0,2.0,131,5.493159294128418,0,0.0,0,0.0,0,64.67105865478516,0,5
SH,FVD,137,2143,217,217,21.700000000000003,0.3352993428707123,0.4427875280380249,11.183998107910156,13.353584289550781,1.5176033973693848,0,-1,1,133,0.6129032258064516,2.0,217,0.9183961749076843,0,0.0,0,0.0,0,25.497106552124023,0,5
SH,FVD,137,2144,145,145,14.5,0.21694165468215942,0.2645198106765747,9.924915313720703,12.710248947143555,1.7123209238052368,0,-1,1,145,1.0,2.0,145,1.6702446937561035,0,0.0,0,0.0,0,18.705581665039062,0,5
SH,FVD,137,2145,316,316,31.6,0.29300621151924133,0.3934173583984375,9.322458267211914,10.634005546569824,0.8209937214851379,0,-1,1,316,1.0,2.0,316,0.45122209191322327,0,0.0,0,0.0,0,9.10746955871582,0,5
SH,FVD,137,2146,192,192,19.200000000000003,0.16205845773220062,0.18948154151439667,6.172666072845459,8.699050903320312,1.0812557935714722,0,-1,0,0,0.0,2.0,192,2.335324764251709,0,0.0,0,0.0,0,40.76225662231445,0,5
SH,FVD,137,2147,369,369,36.9,0.3161320388317108,0.39614972472190857,1.5458121299743652,1.8091237545013428,0.36285772919654846,1,366,1,131,0.35501355013550134,2.0,366,0.0,0,0.0,0,0.0,0,0.0,0,5
SH,FVD,137,2148,203,203,20.3,0.23349206149578094,0.2876013517379761,2.316378355026245,2.665395736694336,0.3654608130455017,0,-1,0,0,0.0,2.0,203,2.6033859252929688,0,0.0,0,0.0,0,3.2026190757751465,2,7
SH,FVD,137,2149,310,310,31.0,0.31587114930152893,0.382222443819046,1.3437254428863525,1.6270090341567993,0.3058716952800751,0,-1,1,155,0.5,2.0,310,0.42287206649780273,0,0.0,0,0.0,0,1.3036022186279297,0,5
SH,FVD,137,2150,243,243,24.3,0.2457081377506256,0.3818837106227875,3.7043769359588623,4.516509056091309,0.9372643828392029,0,-1,1,70,0.2880658436213992,2.0,243,1.7376662492752075,0,0.0,0,0.0,0,5.523750305175781,0,5
SH,FVD,137,2151,529,529,52.900000000000006,0.2255464494228363,0.28081196546554565,15.526345252990723,17.39239501953125,0.7200774550437927,0,-1,1,529,1.0,2.0,529,0.5658532977104187,0,0.0,0,0.0,0,7.7180562019348145,2,7
SH,FVD,137,2152,599,599,59.900000000000006,0.38863405585289,0.5477113127708435,11.476642608642578,14.064002990722656,1.1938683986663818,0,-1,1,178,0.29716193656093487,2.0,599,1.1614879369735718,0,0.0,0,0.0,0,4.31032657623291,1,6
SH,FVD,137,2153,640,640,64.0,0.45398765802383423,0.6580513119697571,3.74369478225708,4.527155876159668,0.6794730424880981,0,-1,1,133,0.2078125,2.0,640,0.663526177406311,0,0.0,0,0.0,0,1.5513861179351807,1,6
SH,FVD,137,2154,159,159,15.9,0.15593178570270538,0.22503942251205444,6.605769157409668,7.882167339324951,0.7996147871017456,0,-1,1,159,1.0,2.0,159,0.9332045912742615,0,0.0,0,0.0,0,28.868247985839844,2,7
SH,FVD,137,2155,225,225,22.5,0.3566747009754181,0.4367913603782654,3.9389612674713135,4.594643592834473,0.6359443068504333,0,-1,1,225,1.0,2.0,225,1.0808004140853882,0,0.0,0,0.0,0,10.474832534790039,0,5
SH,FVD,137,2156,856,856,85.60000000000001,0.4209900498390198,0.5410348176956177,3.052043914794922,4.3888840675354,0.8710558414459229,0,-1,1,148,0.17289719626168223,2.0,856,0.1575964242219925,0,0.0,0,0.0,0,0.32310569286346436,0,5
SH,FVD,137,2157,210,210,21.0,0.5042427778244019,0.658215343952179,10.058470726013184,11.059814453125,2.3112571239471436,1,52,1,52,0.24761904761904763,2.0,52,0.0,0,0.0,0,0.0,0,0.0,0,5
SH,FVD,137,2158,221,221,22.1,0.5142586827278137,0.6922670006752014,11.877342224121094,13.60330867767334,1.1195061206817627,0,-1,0,0,0.0,2.0,221,2.260395050048828,0,0.0,0,0.0,0,5.9069623947143555,2,7
SH,FVD,137,2159,452,452,45.2,0.5065204501152039,0.6450125575065613,12.093904495239258,13.97776985168457,1.374197006225586,1,432,1,85,0.18805309734513273,2.0,432,0.0,0,0.0,0,0.0,0,0.0,0,5
SH,FVD,137,2160,341,341,34.1,0.28886112570762634,0.382553368806839,11.282004356384277,13.314497947692871,1.4451833963394165,1,320,1,320,0.9384164222873901,2.0,320,0.0,0,0.0,0,0.0,0,0.0,1,6
SH,FVD,137,2161,248,248,24.8,0.4279429316520691,0.5227468609809875,2.252039909362793,2.820277690887451,0.5872610211372375,0,-1,1,60,0.24193548387096775,2.0,248,1.6534345149993896,0,0.0,0,0.0,0,2.1218628883361816,0,5
SH,FVD,137,2162,134,134,13.4,0.3362427353858948,0.46680593490600586,2.7195885181427,3.283844470977783,0.6366171836853027,0,-1,0,0,0.0,2.0,134,2.8917429447174072,0,0.0,0,0.0,0,16.226703643798828,2,7
SH,FVD,137,2163,166,166,16.6,0.21768581867218018,0.27495449781417847,4.303127765655518,4.979640483856201,0.5431938767433167,0,-1,0,0,0.0,2.0,166,3.1043920516967773,0,0.0,0,0.0,0,13.767584800720215,1,6
SH,FVD,137,2164,171,171,17.1,0.14441992342472076,0.17975403368473053,0.9052383899688721,1.423854112625122,0.3432340621948242,0,-1,0,0,0.0,2.0,171,3.1205687522888184,0,0.0,0,0.0,0,60.3148307800293,2,7
SH,FVD,137,2165,479,479,47.900000000000006,0.21102286875247955,0.2853677570819855,3.627641201019287,4.626564025878906,0.3827495276927948,0,-1,1,479,1.0,2.0,479,0.5718132257461548,0,0.0,0,0.0,0,12.84152603149414,0,5
SH,FVD,137,2166,158,158,15.8,0.277159184217453,0.4083045721054077,3.29567289352417,3.660583257675171,0.8728399276733398,1,91,1,79,0.5,2.0,91,0.0,0,0.0,0,0.0,0,0.0,2,7
SH,FVD,137,2167,150,150,15.0,0.4246104657649994,0.4960038363933563,4.663914203643799,5.245520114898682,0.8458486199378967,0,-1,1,35,0.23333333333333334,2.0,150,1.529542326927185,0,0.0,0,0.0,0,11.555569648742676,2,7
SH,FVD,137,2168,350,350,35.0,0.5904352068901062,0.7946386933326721,6.69131326675415,7.294475078582764,5.3574042320251465,1,44,1,44,0.12571428571428572,2.0,44,0.0,0,0.0,0,0.0,0,0.0,2,7
SH,FVD,137,2169,145,145,14.5,0.18194417655467987,0.21762079000473022,0.30508944392204285,0.44714489579200745,0.23827946186065674,0,-1,0,0,0.0,2.0,145,3.8728830814361572,0,0.0,0,0.0,0,53.11231994628906,1,6
SH,FVD,137,2170,981,981,98.10000000000001,0.30402347445487976,0.40702930092811584,3.736332893371582,4.335319995880127,0.5973786115646362,0,-1,1,940,0.9582059123343527,2.0,981,0.3343019187450409,0,0.0,0,0.0,0,1.9922468662261963,2,7
SH,FVD,137,2171,766,766,76.60000000000001,0.2741466462612152,0.3492417633533478,3.704700231552124,4.842545032501221,0.5803762674331665,0,-1,1,714,0.9321148825065274,2.0,766,1.514760971069336,0,0.0,0,0.0,0,13.211298942565918,1,6
SH,FVD,137,2172,342,342,34.2,0.3304153382778168,0.4394468665122986,5.2024946212768555,6.218563079833984,2.0371346473693848,1,296,1,296,0.8654970760233918,2.0,296,0.0,0,0.0,0,0.0,0,0.0,2,7
SH,FVD,137,2173,155,155,15.5,0.3510146737098694,0.4193207025527954,3.7788901329040527,4.240412712097168,0.7713627815246582,0,-1,0,0,0.0,2.0,155,3.366741180419922,0,0.0,0,0.0,0,4.61655855178833,2,7
SH,FVD,137,2174,624,624,62.400000000000006,0.42356374859809875,0.5581459999084473,6.607828140258789,7.090256214141846,7.456672668457031,1,59,1,59,0.09455128205128205,2.0,59,0.0,0,0.0,0,0.0,0,0.0,1,6
SH,FVD,137,2175,132,132,13.200000000000001,0.5671303272247314,0.7979214787483215,3.439640760421753,4.219388008117676,1.5489187240600586,0,-1,0,0,0.0,2.0,132,3.286430835723877,0,0.0,0,0.0,0,34.200172424316406,2,7
SH,FVD,137,2176,289,289,28.900000000000002,0.1751420497894287,0.2392858862876892,9.699703216552734,10.829843521118164,0.553666889667511,0,-1,1,283,0.9792387543252595,2.0,289,1.3063251972198486,0,0.0,0,0.0,0,28.77499008178711,1,6
SH,FVD,137,2177,168,168,16.8,0.21253196895122528,0.2656400501728058,7.530545711517334,9.015321731567383,1.0341273546218872,0,-1,1,23,0.13690476190476192,2.0,168,1.64652419090271,0,0.0,0,0.0,0,4.316983699798584,2,7
SH,FVD,137,2178,325,325,32.5,0.14102798700332642,0.18074342608451843,9.212593078613281,12.60094165802002,0.7889754772186279,0,-1,1,209,0.6430769230769231,2.0,325,1.7757906913757324,0,0.0,0,0.0,0,37.70539474487305,0,5
SH,FVD,137,2179,135,135,13.5,0.3703705072402954,0.47863414883613586,2.038923978805542,2.45569109916687,0.5409837365150452,0,-1,0,0,0.0,2.0,135,2.4993770122528076,0,0.0,0,0.0,0,9.097979545593262,1,6
SH,FVD,137,2180,196,196,19.6,0.3566482365131378,0.4204709529876709,5.249344825744629,6.8674492835998535,0.5642181038856506,0,-1,1,196,1.0,2.0,196,0.8901970982551575,0,0.0,0,0.0,0,9.248311996459961,0,5
SH,FVD,137,2181,320,320,32.0,0.3023889362812042,0.3851957321166992,7.616977691650391,9.050315856933594,0.6953674554824829,0,-1,1,320,1.0,2.0,320,1.2169387340545654,0,0.0,0,0.0,0,21.07050895690918,0,5
SH,FVD,137,2182,408,408,40.800000000000004,0.48090073466300964,0.6406799554824829,4.127545356750488,5.035334587097168,3.088041067123413,1,253,1,253,0.6200980392156863,2.0,253,0.0,0,0.0,0,0.0,0,0.0,0,5
SH,FVD,137,2183,387,387,38.7,0.3587426543235779,0.46398377418518066,2.579695463180542,2.997844696044922,0.6598258018493652,0,-1,1,104,0.268733850129199,2.0,387,1.590803861618042,0,0.0,0,0.0,0,4.3259687423706055,0,5
SH,FVD,137,2184,156,156,15.600000000000001,0.25207555294036865,0.3433455228805542,0.7820019125938416,1.1240159273147583,0.43696099519729614,0,-1,1,156,1.0,2.0,156,1.04067063331604,0,0.0,0,0.0,0,16.22018814086914,0,5
SH,FVD,137,2185,204,204,20.400000000000002,0.5499780774116516,0.7868459224700928,5.028621673583984,6.066056728363037,1.9267494678497314,1,154,1,154,0.7549019607843137,2.0,154,0.0,0,0.0,0,0.0,0,0.0,0,5
SH,FVD,137,2186,405,405,40.5,0.2620006501674652,0.3743266463279724,7.378028392791748,7.788936614990234,0.6042961478233337,0,-1,1,18,0.044444444444444446,2.0,405,0.9536910057067871,0,0.0,0,0.0,0,2.5206611156463623,2,7
SH,FVD,137,2187,224,224,22.400000000000002,0.5743380188941956,0.6782194972038269,2.9290947914123535,3.345850706100464,3.4395339488983154,1,82,1,82,0.36607142857142855,2.0,82,0.0,0,0.0,0,0.0,0,0.0,2,7
SH,FVD,137,2188,182,182,18.2,0.265536904335022,0.3249772787094116,6.503235340118408,7.630695343017578,0.7272534966468811,0,-1,1,181,0.9945054945054945,2.0,182,1.1131186485290527,0,0.0,0,0.0,0,19.101701736450195,1,6
SH,FVD,137,2189,391,391,39.1,0.38879069685935974,0.5856150984764099,6.264617443084717,7.212478160858154,1.3340424299240112,1,287,1,236,0.6035805626598465,2.0,287,0.0,0,0.0,0,0.0,0,0.0,0,5
SH,FVD,137,2190,1111,1111,111.10000000000001,0.2038763165473938,0.25929611921310425,2.898228645324707,3.4899041652679443,0.4257810413837433,1,997,1,340,0.30603060306030605,2.0,997,0.0,0,0.0,0,0.0,0,0.0,2,7
SH,FVD,137,2191,194,194,19.400000000000002,0.2913194000720978,0.36567723751068115,5.470851421356201,6.320541858673096,0.6594420671463013,0,-1,1,94,0.4845360824742268,2.0,194,1.3153630495071411,0,0.0,0,0.0,0,6.155945301055908,1,6
SH,FVD,137,2192,429,429,42.900000000000006,0.1693570911884308,0.23109185695648193,2.6134402751922607,3.0426740646362305,0.31593063473701477,0,-1,1,429,1.0,2.0,429,0.7443085312843323,0,0.0,0,0.0,0,11.87625503540039,2,7
SH,FVD,137,2193,398,398,39.800000000000004,0.127607524394989,0.17292854189872742,7.541024208068848,8.737375259399414,0.5597030520439148,0,-1,0,0,0.0,2.0,398,2.7301838397979736,0,0.0,0,0.0,0,25.398380279541016,0,5
SH,FVD,137,2194,295,295,29.5,0.41185227036476135,0.5061718225479126,3.0013587474823,3.5464916229248047,0.9203284382820129,1,260,1,260,0.8813559322033898,2.0,260,0.0,0,0.0,0,0.0,0,0.0,2,7
SH,FVD,137,2195,157,157,15.700000000000001,0.38920730352401733,0.5279002785682678,1.8097115755081177,2.3770933151245117,0.9592664241790771,0,-1,1,157,1.0,2.0,157,0.8506405353546143,0,0.0,0,0.0,0,4.3572540283203125,2,7
SH,FVD,137,2196,134,134,13.4,0.3639250099658966,0.4768594801425934,4.74587869644165,6.422833442687988,1.153125524520874,0,-1,0,0,0.0,2.0,134,3.291175603866577,0,0.0,0,0.0,0,9.335121154785156,0,5
SH,FVD,137,2197,541,541,54.1,0.5193096995353699,0.7006528377532959,4.098764419555664,4.591666221618652,4.377959251403809,1,171,1,157,0.2902033271719039,2.0,171,0.0,0,0.0,0,0.0,0,0.0,0,5
SH,FVD,137,2198,486,486,48.6,0.3223923146724701,0.43671613931655884,9.559911727905273,11.31564998626709,1.0425244569778442,1,463,1,80,0.1646090534979424,2.0,463,0.0,0,0.0,0,0.0,0,0.0,0,5
SH,FVD,137,2199,340,340,34.0,0.2624099850654602,0.3181663453578949,3.947694778442383,4.440511703491211,0.41464969515800476,0,-1,1,340,1.0,2.0,340,1.4965808391571045,0,0.0,0,0.0,0,15.079686164855957,0,5
SH,FVD,137,2200,327,327,32.7,0.4085417091846466,0.536090612411499,7.587674617767334,9.186246871948242,0.750097930431366,0,-1,0,0,0.0,2.0,327,2.923572063446045,0,0.0,0,0.0,0,2.4404475688934326,2,7
SH,FVD,137,2201,188,188,18.8,0.4491387903690338,0.5333967804908752,6.8849897384643555,9.02104377746582,2.3917884826660156,1,91,1,37,0.19680851063829788,2.0,91,0.0,0,0.0,0,0.0,0,0.0,1,6
SH,FVD,137,2202,141,141,14.100000000000001,0.1541704684495926,0.18181264400482178,1.0485070943832397,1.2535020112991333,0.2422644942998886,0,-1,1,141,1.0,2.0,141,1.5901567935943604,0,0.0,0,0.0,0,19.29412841796875,0,5
SH,FVD,137,2203,230,230,23.0,0.47106316685676575,0.5921417474746704,1.9853147268295288,2.3695526123046875,0.5954110026359558,0,-1,1,97,0.4217391304347826,2.0,230,0.9234137535095215,0,0.0,0,0.0,0,2.043821334838867,2,7
SH,FVD,137,2204,144,144,14.4,0.2920662760734558,0.3500356078147888,3.4323933124542236,3.9967145919799805,0.5154295563697815,0,-1,1,144,1.0,2.0,144,0.3750150501728058,0,0.0,0,0.0,0,8.881080627441406,2,7
SH,FVD,137,2205,258,258,25.8,0.18294329941272736,0.2154763638973236,1.1079317331314087,1.8403315544128418,0.3394264578819275,0,-1,1,169,0.6550387596899225,2.0,258,1.5951921939849854,0,0.0,0,0.0,0,15.21802806854248,1,6
SH,FVD,137,2206,149,149,14.9,0.3713298439979553,0.45670944452285767,1.511276364326477,1.6910152435302734,0.44479483366012573,0,-1,0,0,0.0,2.0,149,3.85099720954895,0,0.0,0,0.0,0,3.2663090229034424,2,7
SH,FVD,137,2207,196,196,19.6,0.5064264535903931,0.6309699416160583,5.449827671051025,5.952556133270264,0.7884467244148254,0,-1,0,0,0.0,2.0,196,2.197813034057617,0,0.0,0,0.0,0,6.573535919189453,1,6
SH,FVD,137,2208,393,393,39.300000000000004,0.26717525720596313,0.3328021466732025,1.707758903503418,2.150667667388916,0.43655848503112793,0,-1,1,318,0.8091603053435115,2.0,393,1.1848578453063965,0,0.0,0,0.0,0,8.169539451599121,0,5
SH,FVD,137,2209,405,405,40.5,0.2589891850948334,0.3548664450645447,2.8583924770355225,3.8220009803771973,0.4837605357170105,0,-1,1,405,1.0,2.0,405,1.2233061790466309,0,0.0,0,0.0,0,23.226367950439453,0,5
SH,FVD,137,2210,359,359,35.9,0.1841016262769699,0.2494271844625473,17.08158302307129,23.535356521606445,1.740113615989685,0,-1,0,0,0.0,2.0,359,4.891016960144043,0,0.0,0,0.0,0,82.3883056640625,1,6
SH,FVD,137,2211,205,205,20.5,0.3727336525917053,0.4258413314819336,6.587682247161865,7.252056121826172,2.9577767848968506,1,88,1,88,0.4292682926829268,2.0,88,0.0,0,0.0,0,0.0,0,0.0,2,7
SH,FVD,137,2212,463,463,46.300000000000004,0.2151450514793396,0.31737619638442993,3.2777390480041504,5.193148612976074,0.8455331325531006,1,443,1,443,0.9568034557235421,2.0,443,0.0,0,0.0,0,0.0,0,0.0,0,5
SH,FVD,137,2213,226,226,22.6,0.25372543931007385,0.3092934787273407,2.6258742809295654,3.447906255722046,0.4176468253135681,0,-1,1,226,1.0,2.0,226,0.7868272066116333,0,0.0,0,0.0,0,13.203962326049805,2,7
SH,FVD,137,2214,265,265,26.5,0.6423932909965515,0.7592791318893433,6.611351013183594,7.5875959396362305,5.037674903869629,1,60,1,60,0.22641509433962265,2.0,60,0.0,0,0.0,0,0.0,0,0.0,1,6
SH,FVD,137,2215,778,778,77.80000000000001,0.17577891051769257,0.22779841721057892,13.182780265808105,15.032502174377441,0.44770270586013794,0,-1,1,778,1.0,2.0,778,0.24811527132987976,0,0.0,0,0.0,0,4.297680854797363,2,7
SH,FVD,137,2216,288,288,28.8,0.3638966381549835,0.47322559356689453,7.573291301727295,8.660265922546387,2.060713768005371,1,216,1,86,0.2986111111111111,2.0,216,0.0,0,0.0,0,0.0,0,0.0,2,7
SH,FVD,137,2217,293,293,29.3,0.19926728308200836,0.2629848122596741,1.6312963962554932,1.9076592922210693,0.319198876619339,0,-1,1,182,0.621160409556314,2.0,293,1.3791263103485107,0,0.0,0,0.0,0,6.61707878112793,2,7
SH,FVD,137,2218,145,145,14.5,0.3615969717502594,0.495857834815979,6.930011749267578,8.367534637451172,1.091712236404419,0,-1,0,0,0.0,2.0,145,2.1218197345733643,0,0.0,0,0.0,0,4.500396728515625,2,7
SH,FVD,137,2219,285,285,28.5,0.23833973705768585,0.32020050287246704,2.5675861835479736,3.265092611312866,0.6808330416679382,1,264,1,264,0.9263157894736842,2.0,264,0.0,0,0.0,0,0.0,0,0.0,0,5
SH,FVD,137,2220,163,163,16.3,0.18183623254299164,0.2332688719034195,5.1752238273620605,6.4032087326049805,0.5509436726570129,0,-1,0,0,0.0,2.0,163,5.1775689125061035,0,0.0,0,0.0,0,5.144932746887207,2,7
SH,FVD,137,2221,217,217,21.700000000000003,0.20518293976783752,0.26394322514533997,3.5812554359436035,4.029122352600098,0.48646408319473267,0,-1,0,0,0.0,2.0,217,2.2147181034088135,0,0.0,0,0.0,0,35.276695251464844,1,6
SH,FVD,137,2222,216,216,21.6,0.2652530372142792,0.3074096441268921,1.5536068677902222,1.8612723350524902,0.7379363775253296,1,86,1,36,0.16666666666666666,2.0,86,0.0,0,0.0,0,0.0,0,0.0,0,5
SH,FVD,137,2223,3202,3202,320.20000000000005,0.33958199620246887,0.5092012286186218,8.129470825195312,9.357701301574707,3.590756893157959,1,1070,1,850,0.2654590880699563,2.0,1070,0.0,0,0.0,0,0.0,0,0.0,1,6
SH,FVD,137,2224,440,440,44.0,0.39881518483161926,0.545810341835022,2.9670865535736084,3.367321014404297,0.936427652835846,1,375,1,375,0.8522727272727273,2.0,375,0.0,0,0.0,0,0.0,0,0.0,1,6
SH,FVD,137,2225,170,170,17.0,0.33930811285972595,0.40343353152275085,10.701139450073242,13.244399070739746,1.3926764726638794,0,-1,1,170,1.0,2.0,170,0.2832013666629791,0,0.0,0,0.0,0,2.2757058143615723,2,7
SH,FVD,137,2226,180,180,18.0,0.20790061354637146,0.248674213886261,5.046130180358887,5.815526485443115,0.5221590399742126,0,-1,1,180,1.0,2.0,180,0.592893123626709,0,0.0,0,0.0,0,8.588889122009277,1,6
SH,FVD,137,2227,239,239,23.900000000000002,0.4135299623012543,0.5229059457778931,16.767230987548828,19.406641006469727,1.2411370277404785,0,-1,0,0,0.0,2.0,239,2.4741883277893066,0,0.0,0,0.0,0,6.104717254638672,2,7
SH,FVD,137,2228,183,183,18.3,0.27051904797554016,0.32570508122444153,3.066673517227173,3.6585986614227295,0.47960329055786133,0,-1,1,183,1.0,2.0,183,0.7095932364463806,0,0.0,0,0.0,0,6.468299388885498,2,7
SH,FVD,137,2229,163,163,16.3,0.47066807746887207,0.5699833631515503,1.4516397714614868,1.6943345069885254,0.780352771282196,0,-1,1,120,0.7361963190184049,2.0,163,1.2172402143478394,0,0.0,0,0.0,0,2.808278799057007,0,5
SH,FVD,137,2230,266,266,26.6,0.22693687677383423,0.3050268292427063,3.276805877685547,4.359406471252441,0.8722293376922607,0,-1,1,225,0.8458646616541353,2.0,266,1.19332754611969,0,0.0,0,0.0,0,20.539653778076172,1,6
SH,FVD,137,2231,194,194,19.400000000000002,0.25541970133781433,0.35232779383659363,4.384243488311768,6.2229132652282715,1.0121033191680908,0,-1,1,178,0.9175257731958762,2.0,194,1.2989202737808228,0,0.0,0,0.0,0,28.229427337646484,2,7
SH,FVD,137,2232,278,278,27.8,0.15730659663677216,0.23394648730754852,1.2433011531829834,1.5789791345596313,0.2919010519981384,0,-1,0,0,0.0,2.0,278,3.558671236038208,0,0.0,0,0.0,0,2.957915782928467,2,7
SH,FVD,137,2233,528,528,52.800000000000004,0.49773678183555603,0.6359788179397583,6.0821213722229,6.914382457733154,2.3919923305511475,1,270,1,270,0.5113636363636364,2.0,270,0.0,0,0.0,0,0.0,0,0.0,0,5
SH,FVD,137,2234,433,433,43.300000000000004,0.32283371686935425,0.39608708024024963,3.341965675354004,4.001186847686768,0.6689961552619934,0,-1,1,376,0.8683602771362586,2.0,433,0.28879883885383606,0,0.0,0,0.0,0,1.540274977684021,1,6
SH,FVD,137,2235,149,149,14.9,0.3139899671077728,0.4100095331668854,2.871273994445801,3.1560378074645996,0.5183852910995483,0,-1,0,0,0.0,2.0,149,2.250959873199463,0,0.0,0,0.0,0,4.965025901794434,0,5
SH,FVD,137,2236,138,138,13.8,0.22150689363479614,0.3256135880947113,3.5425820350646973,5.056793689727783,0.9374623894691467,0,-1,1,104,0.7536231884057971,2.0,138,1.5682674646377563,0,0.0,0,0.0,0,27.352033615112305,2,7
SH,FVD,137,2237,150,150,15.0,0.425091028213501,0.5154364109039307,8.949237823486328,10.668802261352539,1.1933199167251587,0,-1,0,0,0.0,2.0,150,2.0121302604675293,0,0.0,0,0.0,0,21.11223602294922,0,5
SH,FVD,137,2238,265,265,26.5,0.34790533781051636,0.4356268048286438,2.214439868927002,2.735919952392578,0.7129998803138733,1,257,1,69,0.26037735849056604,2.0,257,0.0,0,0.0,0,0.0,0,0.0,2,7
SH,FVD,137,2239,161,161,16.1,0.5409865975379944,0.7506585121154785,3.7474205493927,4.552299499511719,1.3957701921463013,0,-1,0,0,0.0,2.0,161,2.534578800201416,0,0.0,0,0.0,0,7.794210433959961,0,5
SH,FVD,137,2240,378,378,37.800000000000004,0.42846226692199707,0.5389014482498169,9.955965042114258,11.237774848937988,0.9411211013793945,0,-1,1,2,0.005291005291005291,2.0,378,1.9283835887908936,0,0.0,0,0.0,0,6.357632637023926,1,6
SH,FVD,137,2241,165,165,16.5,0.22561201453208923,0.2635296881198883,4.474943161010742,5.755289554595947,0.7189086675643921,0,-1,1,90,0.5454545454545454,2.0,165,1.4209507703781128,0,0.0,0,0.0,0,23.349023818969727,1,6
SH,FVD,137,2242,160,160,16.0,0.3051900267601013,0.40994685888290405,3.6684653759002686,4.28981876373291,0.7335454225540161,0,-1,1,29,0.18125,2.0,160,1.9178224802017212,0,0.0,0,0.0,0,23.31421661376953,0,5
SH,FVD,137,2243,545,545,54.5,0.39698880910873413,0.490287184715271,4.439709663391113,5.840529441833496,0.7236315608024597,0,-1,1,97,0.1779816513761468,2.0,545,1.6973659992218018,0,0.0,0,0.0,0,4.958036422729492,0,5
SH,FVD,137,2244,450,450,45.0,0.24549095332622528,0.2974846661090851,19.222185134887695,22.95719337463379,0.9282056093215942,0,-1,1,450,1.0,2.0,450,0.7242663502693176,0,0.0,0,0.0,0,16.247316360473633,2,7
SH,FVD,137,2245,494,494,49.400000000000006,0.27481094002723694,0.34797152876853943,8.415336608886719,9.04964828491211,0.5283768773078918,0,-1,1,494,1.0,2.0,494,0.47919541597366333,0,0.0,0,0.0,0,3.3145737648010254,2,7
SH,FVD,137,2246,253,253,25.3,0.32319995760917664,0.40338876843452454,2.123724937438965,2.451253652572632,0.5465126633644104,0,-1,1,253,1.0,2.0,253,1.0054945945739746,0,0.0,0,0.0,0,4.919731140136719,1,6
SH,FVD,137,2247,322,322,32.2,0.6631115078926086,1.0521451234817505,26.290943145751953,31.057754516601562,2.74211049079895,0,-1,0,0,0.0,2.0,322,2.4722461700439453,0,0.0,0,0.0,0,10.025700569152832,1,6
SH,FVD,137,2248,160,160,16.0,0.16964875161647797,0.22912082076072693,3.6715645790100098,4.083194255828857,0.4132605493068695,0,-1,0,0,0.0,2.0,160,6.4304423332214355,0,0.0,0,0.0,0,11.633829116821289,1,6
SH,FVD,137,2249,332,332,33.2,0.45827391743659973,0.5909773707389832,8.398371696472168,9.939759254455566,3.1893467903137207,1,157,1,157,0.47289156626506024,2.0,157,0.0,0,0.0,0,0.0,0,0.0,2,7
SH,FVD,137,2250,1738,1738,173.8,0.44457271695137024,0.6106137633323669,13.710225105285645,15.650066375732422,9.758317947387695,1,73,1,73,0.04200230149597238,2.0,73,0.0,0,0.0,0,0.0,0,0.0,2,7
SH,FVD,137,2251,588,588,58.800000000000004,0.14227935671806335,0.1898517906665802,32.6243782043457,38.76203155517578,1.2135941982269287,0,-1,1,588,1.0,2.0,588,0.4054403305053711,0,0.0,0,0.0,0,7.613050937652588,2,7
SH,FVD,137,2252,274,274,27.400000000000002,0.4554898738861084,0.6058998703956604,4.326033592224121,5.9046430587768555,1.1018311977386475,0,-1,1,106,0.38686131386861317,2.0,274,1.4568102359771729,0,0.0,0,0.0,0,8.731297492980957,0,5
SH,FVD,137,2253,186,186,18.6,0.34644168615341187,0.4615357518196106,1.5439996719360352,1.944601058959961,0.5710327625274658,0,-1,1,186,1.0,2.0,186,0.7891991138458252,0,0.0,0,0.0,0,11.889777183532715,1,6
SH,FVD,137,2254,215,215,21.5,0.12641654908657074,0.15116165578365326,13.116669654846191,16.989891052246094,1.5832726955413818,0,-1,0,0,0.0,2.0,215,2.138289213180542,0,0.0,0,0.0,0,61.566184997558594,2,7
SH,FVD,137,2255,858,858,85.80000000000001,0.3341844379901886,0.47836029529571533,3.2927772998809814,4.103518486022949,1.288251519203186,1,447,1,293,0.3414918414918415,2.0,447,0.0,0,0.0,0,0.0,0,0.0,2,7
SH,FVD,137,2256,279,279,27.900000000000002,0.1704326868057251,0.23124714195728302,2.2840428352355957,2.5135014057159424,0.39166465401649475,1,262,1,37,0.13261648745519714,2.0,262,0.0,0,0.0,0,0.0,0,0.0,2,7
SH,FVD,137,2257,141,141,14.100000000000001,0.11888278275728226,0.15702340006828308,0.9336278438568115,1.1773382425308228,0.20459507405757904,0,-1,1,141,1.0,2.0,141,1.597432255744934,0,0.0,0,0.0,0,32.20363235473633,1,6
SH,FVD,137,2258,279,279,27.900000000000002,0.4407516419887543,0.6402080059051514,4.927779674530029,5.556189060211182,2.681103229522705,1,96,1,96,0.34408602150537637,2.0,96,0.0,0,0.0,0,0.0,0,0.0,1,6
SH,FVD,137,2259,224,224,22.400000000000002,0.22312626242637634,0.2786513864994049,1.922965407371521,2.2918736934661865,0.3684512674808502,0,-1,0,0,0.0,2.0,224,3.07655930519104,0,0.0,0,0.0,0,5.41309118270874,0,5
SH,FVD,137,2260,167,167,16.7,0.2453465759754181,0.31042754650115967,2.124210834503174,2.3820900917053223,0.38134896755218506,0,-1,0,0,0.0,2.0,167,2.0022363662719727,0,0.0,0,0.0,0,4.836020469665527,0,5
SH,FVD,137,2261,513,513,51.300000000000004,0.5986726880073547,0.7399771213531494,8.934852600097656,9.76430606842041,9.236769676208496,1,104,1,104,0.20272904483430798,2.0,104,0.0,0,0.0,0,0.0,0,0.0,1,6
SH,FVD,137,2262,204,204,20.400000000000002,0.14472168684005737,0.176084503531456,5.051886558532715,5.807438373565674,0.3577924370765686,0,-1,1,204,1.0,2.0,204,0.8677359819412231,0,0.0,0,0.0,0,4.932440280914307,1,6
SH,FVD,137,2263,239,239,23.900000000000002,0.16598087549209595,0.20402754843235016,3.524343252182007,3.9104790687561035,0.4136822521686554,0,-1,1,239,1.0,2.0,239,0.5842809677124023,0,0.0,0,0.0,0,3.6438844203948975,0,5
SH,FVD,137,2264,134,134,13.4,0.45857951045036316,0.5346745848655701,5.743622303009033,6.707818984985352,1.3732751607894897,1,81,1,42,0.31343283582089554,2.0,81,0.0,0,0.0,0,0.0,0,0.0,1,6
SH,FVD,137,2265,132,132,13.200000000000001,0.43113619089126587,0.4840976893901825,1.1624677181243896,1.383432149887085,0.41780778765678406,0,-1,1,132,1.0,2.0,132,0.7037694454193115,0,0.0,0,0.0,0,2.1469547748565674,0,5
SH,FVD,137,2266,208,208,20.8,0.45915937423706055,0.5525374412536621,2.673403263092041,2.911931276321411,0.5966120362281799,0,-1,1,21,0.10096153846153846,2.0,208,1.0963081121444702,0,0.0,0,0.0,0,1.7779289484024048,2,7
SH,FVD,137,2267,266,266,26.6,0.3209160566329956,0.3969537317752838,7.81305456161499,9.368032455444336,0.7327369451522827,0,-1,0,0,0.0,2.0,266,2.023972988128662,0,0.0,0,0.0,0,4.749661445617676,0,5
SH,FVD,137,2268,774,774,77.4,0.2184203714132309,0.26711738109588623,1.3893778324127197,1.5642588138580322,0.3337356150150299,1,702,1,537,0.6937984496124031,2.0,702,0.0,0,0.0,0,0.0,0,0.0,1,6
SH,FVD,137,2269,315,315,31.5,0.28831803798675537,0.3614552915096283,22.937307357788086,27.26059913635254,1.4535443782806396,0,-1,0,0,0.0,2.0,315,2.3064770698547363,0,0.0,0,0.0,0,3.078640937805176,0,5
SH,FVD,137,2270,163,163,16.3,0.3405710756778717,0.49812084436416626,5.745678901672363,6.297916412353516,0.889549195766449,0,-1,0,0,0.0,2.0,163,3.0449423789978027,0,0.0,0,0.0,0,15.369916915893555,1,6
SH,FVD,137,2271,265,265,26.5,0.11900392919778824,0.14141161739826202,1.7383478879928589,2.732421636581421,0.42199286818504333,0,-1,1,130,0.49056603773584906,2.0,265,1.0643112659454346,0,0.0,0,0.0,0,5.210520267486572,0,5
SH,FVD,137,2272,174,174,17.400000000000002,0.35569265484809875,0.5153826475143433,0.7715164422988892,0.9879879355430603,0.39935505390167236,0,-1,0,0,0.0,2.0,174,3.986762523651123,0,0.0,0,0.0,0,3.625267744064331,1,6
SH,FVD,137,2273,207,207,20.700000000000003,0.22552020847797394,0.3019508123397827,8.298044204711914,9.374614715576172,0.6628010869026184,0,-1,1,207,1.0,2.0,207,0.860029399394989,0,0.0,0,0.0,0,16.233854293823242,1,6
SH,FVD,137,2274,158,158,15.8,0.2108290195465088,0.25999441742897034,0.5065768957138062,0.674044668674469,0.24784111976623535,0,-1,1,158,1.0,2.0,158,0.7689248919487,0,0.0,0,0.0,0,16.231393814086914,0,5
SH,FVD,137,2275,167,167,16.7,0.3909587860107422,0.4590335786342621,1.804499626159668,2.183588981628418,0.6172667741775513,0,-1,0,0,0.0,2.0,167,4.055413722991943,0,0.0,0,0.0,0,5.579041481018066,1,6
SH,FVD,137,2276,187,187,18.7,0.1859385222196579,0.2221057116985321,2.662882089614868,3.1816842555999756,0.40923720598220825,0,-1,1,74,0.39572192513368987,2.0,187,1.4128035306930542,0,0.0,0,0.0,0,9.833102226257324,0,5
SH,FVD,137,2277,573,573,57.300000000000004,0.3894692063331604,0.538878858089447,4.684144020080566,5.676408290863037,1.4616683721542358,1,480,1,140,0.2443280977312391,2.0,480,0.0,0,0.0,0,0.0,0,0.0,0,5
SH,FVD,137,2278,254,254,25.400000000000002,0.2335154116153717,0.31319552659988403,7.044776439666748,7.627819061279297,0.7137095332145691,0,-1,1,240,0.9448818897637795,2.0,254,1.6076514720916748,0,0.0,0,0.0,0,28.665184020996094,1,6
SH,FVD,137,2279,169,169,16.900000000000002,0.5087078809738159,0.6060642004013062,6.7476935386657715,8.086673736572266,1.0764083862304688,0,-1,0,0,0.0,2.0,169,3.4159905910491943,0,0.0,0,0.0,0,4.8042473793029785,1,6
SH,FVD,137,2280,445,445,44.5,0.16026857495307922,0.21057334542274475,1.9293560981750488,2.2191760540008545,0.3733365535736084,0,-1,1,445,1.0,2.0,445,0.9022267460823059,0,0.0,0,0.0,0,9.71558666229248,2,7
SH,FVD,137,2281,175,175,17.5,0.2598375678062439,0.3221236765384674,8.752842903137207,11.224969863891602,1.3996458053588867,0,-1,1,46,0.26285714285714284,2.0,175,1.7975038290023804,0,0.0,0,0.0,0,37.16995620727539,1,6
SH,FVD,137,2282,208,208,20.8,0.13368169963359833,0.1631404310464859,4.372189044952393,5.746347904205322,0.6123101711273193,0,-1,1,208,1.0,2.0,208,1.221192479133606,0,0.0,0,0.0,0,14.344498634338379,0,5
SH,FVD,137,2283,262,262,26.200000000000003,0.4780631959438324,0.6009723544120789,5.4138922691345215,5.830440998077393,0.8202608227729797,0,-1,0,0,0.0,2.0,262,2.0087087154388428,0,0.0,0,0.0,0,6.664398193359375,2,7
SH,FVD,137,2284,564,564,56.400000000000006,0.19161610305309296,0.2639125883579254,4.200178623199463,4.740384101867676,0.615342915058136,0,-1,1,564,1.0,2.0,564,1.1610971689224243,0,0.0,0,0.0,0,17.293651580810547,0,5
SH,FVD,137,2285,495,495,49.5,0.3451353907585144,0.4812809228897095,11.39527416229248,12.12088680267334,1.8578176498413086,1,464,1,421,0.8505050505050505,2.0,464,0.0,0,0.0,0,0.0,0,0.0,2,7
SH,FVD,137,2286,349,349,34.9,0.233965665102005,0.28401875495910645,2.2177774906158447,3.269543170928955,0.5008028745651245,0,-1,1,349,1.0,2.0,349,0.8309809565544128,0,0.0,0,0.0,0,20.003276824951172,2,7
SH,FVD,137,2287,165,165,16.5,0.35450100898742676,0.4975835978984833,6.657677173614502,7.755316734313965,0.9323983788490295,0,-1,1,113,0.6848484848484848,2.0,165,1.3253520727157593,0,0.0,0,0.0,0,11.754929542541504,2,7
SH,FVD,137,2288,426,426,42.6,0.21613329648971558,0.34109094738960266,3.09468936920166,3.3754215240478516,0.3421025574207306,0,-1,1,138,0.323943661971831,2.0,426,0.6099238991737366,0,0.0,0,0.0,0,0.7970032095909119,1,6
SH,FVD,137,2289,257,257,25.700000000000003,0.639031171798706,0.7898797392845154,8.986255645751953,10.182543754577637,1.1122617721557617,0,-1,0,0,0.0,2.0,257,2.4572641849517822,0,0.0,0,0.0,0,14.391473770141602,0,5
SH,FVD,137,2290,303,303,30.3,0.39578697085380554,0.5307207107543945,3.2881686687469482,4.291696071624756,2.155848741531372,1,110,1,42,0.13861386138613863,2.0,110,0.0,0,0.0,0,0.0,0,0.0,0,5
SH,FVD,137,2291,170,170,17.0,0.22119887173175812,0.3050968647003174,2.0766685009002686,2.539309501647949,0.28965213894844055,0,-1,1,170,1.0,2.0,170,1.157798171043396,0,0.0,0,0.0,0,20.40254783630371,0,5
SH,FVD,137,2292,367,367,36.7,0.30349189043045044,0.3935425281524658,2.815791606903076,2.99776554107666,0.34748631715774536,0,-1,1,367,1.0,2.0,367,0.5302737355232239,0,0.0,0,0.0,0,1.900128960609436,2,7
SH,FVD,137,2293,148,148,14.8,0.32794445753097534,0.39031845331192017,14.020785331726074,17.334815979003906,2.1613917350769043,0,-1,0,0,0.0,2.0,148,3.7638416290283203,0,0.0,0,0.0,0,23.087631225585938,1,6
SH,FVD,137,2294,172,172,17.2,0.3141692876815796,0.4036773145198822,2.146111488342285,2.7207911014556885,0.49128222465515137,0,-1,1,148,0.8604651162790697,2.0,172,0.7137961387634277,0,0.0,0,0.0,0,1.703794002532959,0,5
SH,FVD,137,2295,259,259,25.900000000000002,0.34096959233283997,0.41004061698913574,19.694223403930664,22.63587188720703,1.6558036804199219,0,-1,0,0,0.0,2.0,259,2.970844268798828,0,0.0,0,0.0,0,54.372535705566406,2,7
SH,FVD,137,2296,172,172,17.2,0.36103251576423645,0.45515525341033936,3.609837770462036,4.217167854309082,0.5897907614707947,0,-1,1,172,1.0,2.0,172,1.1560600996017456,0,0.0,0,0.0,0,12.207554817199707,1,6
SH,FVD,137,2297,366,366,36.6,0.24382133781909943,0.32904985547065735,1.5313715934753418,1.6565433740615845,0.258550763130188,0,-1,0,0,0.0,2.0,366,2.4357755184173584,0,0.0,0,0.0,0,1.9988641738891602,1,6
SH,FVD,137,2298,144,144,14.4,0.24193651974201202,0.30680105090141296,1.9536213874816895,2.1626853942871094,0.2989856004714966,0,-1,1,144,1.0,2.0,144,0.8673977255821228,0,0.0,0,0.0,0,13.23564338684082,0,5
SH,FVD,137,2299,232,232,23.200000000000003,0.2313326895236969,0.34839770197868347,0.49834510684013367,0.8330641388893127,0.3632795214653015,0,-1,1,232,1.0,2.0,232,1.266124963760376,0,0.0,0,0.0,0,15.160881042480469,1,6
SH,FVD,137,2300,149,149,14.9,0.2461395263671875,0.29023319482803345,5.524973392486572,7.645282745361328,1.1780891418457031,0,-1,1,128,0.8590604026845637,2.0,149,1.5935697555541992,0,0.0,0,0.0,0,30.0716495513916,1,6
SH,FVD,137,2301,1768,1768,176.8,0.2474476844072342,0.30411913990974426,10.582290649414062,11.320140838623047,0.5128133893013,0,-1,1,1725,0.9756787330316742,2.0,1768,0.6141576170921326,0,0.0,0,0.0,0,9.106934547424316,0,5
SH,FVD,137,2302,237,237,23.700000000000003,0.25330841541290283,0.34435856342315674,0.9773795008659363,1.2382704019546509,0.3741097152233124,1,230,1,29,0.12236286919831224,2.0,230,0.0,0,0.0,0,0.0,0,0.0,0,5
SH,FVD,137,2303,252,252,25.200000000000003,0.1618591845035553,0.19185611605644226,2.1313931941986084,2.6323130130767822,0.3942449986934662,0,-1,1,252,1.0,2.0,252,1.7465578317642212,0,0.0,0,0.0,0,34.66514587402344,2,7
SH,FVD,137,2304,654,654,65.4,0.2176050990819931,0.34636417031288147,5.199413776397705,6.758983612060547,0.9316549301147461,1,608,1,608,0.9296636085626911,2.0,608,0.0,0,0.0,0,0.0,0,0.0,2,7
SH,FVD,137,2305,232,232,23.200000000000003,0.3876238763332367,0.4408278465270996,4.307793140411377,4.875020503997803,1.3598941564559937,1,139,1,139,0.5991379310344828,2.0,139,0.0,0,0.0,0,0.0,0,0.0,2,7
SH,FVD,137,2306,152,152,15.200000000000001,0.23912179470062256,0.28239402174949646,11.482001304626465,14.218832969665527,1.6350643634796143,0,-1,1,152,1.0,2.0,152,0.5701702237129211,0,0.0,0,0.0,0,5.683847904205322,1,6
SH,FVD,137,2307,400,400,40.0,0.30318352580070496,0.4195983111858368,9.43595027923584,11.092314720153809,1.2119816541671753,0,-1,0,0,0.0,2.0,400,2.2325961589813232,0,0.0,0,0.0,0,6.227970600128174,0,5
SH,FVD,137,2308,181,181,18.1,0.5032039284706116,0.5964525938034058,9.101072311401367,11.040935516357422,1.6551159620285034,0,-1,1,107,0.5911602209944752,2.0,181,1.3021392822265625,0,0.0,0,0.0,0,26.43070411682129,0,5
SH,FVD,137,2309,379,379,37.9,0.2618163228034973,0.3216165602207184,1.4339712858200073,1.7787705659866333,0.2838624119758606,0,-1,1,379,1.0,2.0,379,0.5205186605453491,0,0.0,0,0.0,0,6.8892741203308105,0,5
SH,FVD,137,2310,161,161,16.1,0.5675262212753296,0.737326979637146,14.61248779296875,17.524248123168945,1.8135305643081665,0,-1,0,0,0.0,2.0,161,3.6573286056518555,0,0.0,0,0.0,0,7.255761623382568,1,6
SH,FVD,137,2311,237,237,23.700000000000003,0.18804994225502014,0.23551826179027557,2.455925464630127,2.9900193214416504,0.2935884892940521,0,-1,1,237,1.0,2.0,237,1.0827360153198242,0,0.0,0,0.0,0,3.3533973693847656,1,6
SH,FVD,137,2312,243,243,24.3,0.3017209768295288,0.35838019847869873,8.43854808807373,12.791315078735352,1.8851228952407837,0,-1,1,114,0.4691358024691358,2.0,243,1.1317840814590454,0,0.0,0,0.0,0,26.92027473449707,1,6
SH,FVD,137,2313,213,213,21.3,0.27646151185035706,0.33161836862564087,4.121551513671875,4.6742777824401855,0.4485976994037628,0,-1,0,0,0.0,2.0,213,2.253206729888916,0,0.0,0,0.0,0,6.027557849884033,0,5
SH,FVD,137,2314,157,157,15.700000000000001,0.3296453654766083,0.4456516206264496,2.2217445373535156,2.7445809841156006,0.9837052822113037,0,-1,1,101,0.643312101910828,2.0,157,1.0032942295074463,0,0.0,0,0.0,0,18.492237091064453,0,5
SH,FVD,137,2315,163,163,16.3,0.49423015117645264,0.6243847012519836,13.212700843811035,15.200606346130371,1.575723648071289,1,161,1,161,0.9877300613496932,2.0,161,0.0,0,0.0,0,0.0,0,0.0,2,7
SH,FVD,137,2316,156,156,15.600000000000001,0.2583748996257782,0.30277523398399353,2.8893330097198486,3.2271783351898193,0.5305250883102417,0,-1,1,55,0.3525641025641026,2.0,156,1.2482976913452148,0,0.0,0,0.0,0,5.6097307205200195,1,6
SH,FVD,137,2317,206,206,20.6,0.48624667525291443,0.6519874334335327,3.6383585929870605,4.024383068084717,1.4537688493728638,1,105,1,105,0.5097087378640777,2.0,105,0.0,0,0.0,0,0.0,0,0.0,1,6
SH,FVD,137,2318,174,174,17.400000000000002,0.5257452726364136,0.6268219351768494,5.2083916664123535,6.177256107330322,0.8685609698295593,0,-1,1,138,0.7931034482758621,2.0,174,1.13949716091156,0,0.0,0,0.0,0,18.940019607543945,2,7
SH,FVD,137,2319,282,282,28.200000000000003,0.2711105942726135,0.35766148567199707,1.5269705057144165,2.123345375061035,0.4785979390144348,0,-1,1,142,0.5035460992907801,2.0,282,1.5336172580718994,0,0.0,0,0.0,0,9.132282257080078,0,5
SH,FVD,137,2320,157,157,15.700000000000001,0.3948701024055481,0.46582645177841187,1.6813490390777588,2.4291610717773438,0.7196078300476074,0,-1,1,157,1.0,2.0,157,1.2565237283706665,0,0.0,0,0.0,0,22.883535385131836,1,6
SH,FVD,137,2321,175,175,17.5,0.4725794792175293,0.5593364834785461,2.2664382457733154,2.6534695625305176,0.6135358810424805,0,-1,1,73,0.41714285714285715,2.0,175,1.6060268878936768,0,0.0,0,0.0,0,19.198169708251953,2,7
SH,FVD,137,2322,155,155,15.5,0.23379206657409668,0.2990589141845703,3.3352763652801514,4.057592868804932,0.5885754227638245,0,-1,0,0,0.0,2.0,155,2.820190668106079,0,0.0,0,0.0,0,43.43456268310547,0,5
SH,FVD,137,2323,171,171,17.1,0.5045425891876221,0.6001510620117188,3.7001523971557617,4.131424427032471,2.6833555698394775,1,52,1,52,0.30409356725146197,2.0,52,0.0,0,0.0,0,0.0,0,0.0,0,5
SH,FVD,137,2324,381,381,38.1,0.2758653163909912,0.364726185798645,7.564208507537842,9.795320510864258,1.170176386833191,0,-1,1,381,1.0,2.0,381,0.7730671763420105,0,0.0,0,0.0,0,17.739253997802734,2,7
SH,FVD,137,2325,206,206,20.6,0.17727136611938477,0.2459646612405777,3.452223062515259,3.7915265560150146,0.3933373689651489,0,-1,1,4,0.019417475728155338,2.0,206,1.7998645305633545,0,0.0,0,0.0,0,2.8266360759735107,2,7
SH,FVD,137,2326,682,682,68.2,0.3491285741329193,0.4765210747718811,14.202741622924805,15.296941757202148,3.4999887943267822,1,432,1,432,0.6334310850439883,2.0,432,0.0,0,0.0,0,0.0,0,0.0,1,6
SH,FVD,137,2327,150,150,15.0,0.3602214455604553,0.45031973719596863,4.1940765380859375,4.615513801574707,3.104731559753418,1,69,1,69,0.46,2.0,69,0.0,0,0.0,0,0.0,0,0.0,1,6
SH,FVD,137,2328,248,248,24.8,0.3997232913970947,0.5222846865653992,10.0882568359375,11.814781188964844,1.4783341884613037,0,-1,0,0,0.0,2.0,248,2.313791275024414,0,0.0,0,0.0,0,5.666309833526611,1,6
SH,FVD,137,2329,333,333,33.300000000000004,0.29515060782432556,0.4033014476299286,12.410390853881836,13.678226470947266,1.0771442651748657,0,-1,0,0,0.0,2.0,333,2.754025459289551,0,0.0,0,0.0,0,8.626821517944336,0,5
SH,FVD,137,2330,187,187,18.7,0.5159452557563782,0.6074635982513428,5.847352504730225,6.8926825523376465,1.3986166715621948,1,127,1,49,0.2620320855614973,2.0,127,0.0,0,0.0,0,0.0,0,0.0,1,6
SH,FVD,137,2331,323,323,32.300000000000004,0.29400214552879333,0.39693260192871094,2.0579938888549805,2.4123544692993164,0.4888877868652344,1,316,1,156,0.48297213622291024,2.0,316,0.0,0,0.0,0,0.0,0,0.0,1,6
SH,FVD,137,2332,259,259,25.900000000000002,0.22096280753612518,0.26877015829086304,1.6526732444763184,2.0128064155578613,0.39412760734558105,0,-1,1,259,1.0,2.0,259,1.3985190391540527,0,0.0,0,0.0,0,15.249616622924805,0,5
SH,FVD,137,2333,278,278,27.8,0.29272565245628357,0.36858829855918884,7.589186668395996,9.142740249633789,1.0876257419586182,0,-1,0,0,0.0,2.0,278,2.8405628204345703,0,0.0,0,0.0,0,19.078065872192383,1,6
SH,FVD,137,2334,173,173,17.3,0.40198349952697754,0.5687593817710876,4.43411922454834,5.906495571136475,0.8241686224937439,0,-1,1,173,1.0,2.0,173,1.2342067956924438,0,0.0,0,0.0,0,12.896903991699219,2,7
SH,FVD,137,2335,236,236,23.6,0.25772273540496826,0.31060561537742615,4.507694244384766,5.0149383544921875,0.7795378565788269,0,-1,1,236,1.0,2.0,236,1.581195592880249,0,0.0,0,0.0,0,28.287887573242188,1,6
SH,FVD,137,2336,291,291,29.1,0.31661292910575867,0.41824471950531006,4.044261455535889,4.811328411102295,2.3696062564849854,1,76,1,60,0.20618556701030927,2.0,76,0.0,0,0.0,0,0.0,0,0.0,1,6
SH,FVD,137,2337,422,422,42.2,0.1982070654630661,0.23688004910945892,4.189019680023193,4.955349922180176,0.45230045914649963,0,-1,0,0,0.0,2.0,422,2.122684955596924,0,0.0,0,0.0,0,4.33287239074707,1,6
SH,FVD,137,2338,150,150,15.0,0.2375706434249878,0.2802302837371826,3.1886212825775146,3.9111902713775635,0.535871684551239,0,-1,1,140,0.9333333333333333,2.0,150,1.6185070276260376,0,0.0,0,0.0,0,48.85304641723633,2,7
SH,FVD,137,2339,440,440,44.0,0.2655540406703949,0.3540031611919403,8.319957733154297,10.138256072998047,0.6944512724876404,0,-1,1,24,0.05454545454545454,2.0,440,1.9318373203277588,0,0.0,0,0.0,0,6.63590145111084,2,7
SH,FVD,137,2340,222,222,22.200000000000003,0.5623379349708557,0.7325559854507446,5.0052571296691895,5.605001449584961,0.8844985365867615,0,-1,0,0,0.0,2.0,222,3.0475881099700928,0,0.0,0,0.0,0,37.842384338378906,1,6
SH,FVD,137,2341,140,140,14.0,0.23277440667152405,0.31691545248031616,1.5739588737487793,2.15529203414917,0.7525981068611145,0,-1,1,97,0.6928571428571428,2.0,140,1.3714772462844849,0,0.0,0,0.0,0,29.321205139160156,0,5
SH,FVD,137,2342,434,434,43.400000000000006,0.2409934252500534,0.30427709221839905,9.1370267868042,10.804956436157227,0.9232933521270752,1,425,1,34,0.07834101382488479,2.0,425,0.0,0,0.0,0,0.0,0,0.0,1,6
SH,FVD,137,2343,282,282,28.200000000000003,0.17321348190307617,0.2226366400718689,15.694024085998535,20.263391494750977,1.555457353591919,0,-1,0,0,0.0,2.0,282,2.0646450519561768,0,0.0,0,0.0,0,32.49230194091797,1,6
SH,FVD,137,2344,501,501,50.1,0.349674254655838,0.4821617305278778,11.739313125610352,12.10946273803711,7.847797393798828,1,38,1,38,0.07584830339321358,2.0,38,0.0,0,0.0,0,0.0,0,0.0,2,7
SH,FVD,137,2345,172,172,17.2,0.226311594247818,0.27627602219581604,3.485246181488037,3.8837687969207764,0.3625374436378479,0,-1,1,172,1.0,2.0,172,1.2474170923233032,0,0.0,0,0.0,0,20.48232078552246,2,7
SH,FVD,137,2346,204,204,20.400000000000002,0.25250622630119324,0.3517950773239136,8.105547904968262,10.120190620422363,0.9472501873970032,0,-1,0,0,0.0,2.0,204,3.5685782432556152,0,0.0,0,0.0,0,6.182847023010254,2,7
SH,FVD,137,2347,150,150,15.0,0.3814840316772461,0.46608835458755493,5.1020331382751465,5.794954776763916,0.6085179448127747,0,-1,0,0,0.0,2.0,150,3.135929822921753,0,0.0,0,0.0,0,5.3621697425842285,0,5
SH,FVD,137,2348,180,180,18.0,0.2604726254940033,0.32725560665130615,8.273736000061035,10.383978843688965,0.923429548740387,0,-1,1,8,0.044444444444444446,2.0,180,1.5535579919815063,0,0.0,0,0.0,0,1.8713724613189697,2,7
SH,FVD,137,2349,275,275,27.5,0.4137631952762604,0.5392611026763916,8.797401428222656,10.226541519165039,1.3057067394256592,1,199,1,199,0.7236363636363636,2.0,199,0.0,0,0.0,0,0.0,0,0.0,2,7
SH,FVD,137,2350,791,791,79.10000000000001,0.39801618456840515,0.4888014495372772,7.699893951416016,9.548559188842773,1.110663890838623,1,719,1,297,0.3754740834386852,2.0,719,0.0,0,0.0,0,0.0,0,0.0,0,5
SH,FVD,137,2351,470,470,47.0,0.2760189175605774,0.34799298644065857,4.91895055770874,7.368746280670166,0.6827453374862671,0,-1,1,470,1.0,2.0,470,0.8777174353599548,0,0.0,0,0.0,0,15.57007884979248,1,6
SH,FVD,137,2352,169,169,16.900000000000002,0.25699570775032043,0.3175114393234253,1.41458261013031,1.7417701482772827,0.4469241201877594,0,-1,0,0,0.0,2.0,169,2.132526159286499,0,0.0,0,0.0,0,1.994941234588623,2,7
SH,FVD,137,2353,163,163,16.3,0.22065222263336182,0.27132928371429443,3.723792791366577,4.417942523956299,0.3909236788749695,0,-1,1,163,1.0,2.0,163,0.9653129577636719,0,0.0,0,0.0,0,19.55209732055664,0,5
SH,FVD,137,2354,482,482,48.2,0.1566687524318695,0.2012724131345749,4.090054035186768,5.108255863189697,0.4972955584526062,0,-1,1,482,1.0,2.0,482,0.9633728861808777,0,0.0,0,0.0,0,14.901468276977539,2,7
SH,FVD,137,2355,321,321,32.1,0.3977433741092682,0.5346183776855469,5.279733657836914,6.306893825531006,1.051862359046936,0,-1,1,321,1.0,2.0,321,0.3340989053249359,0,0.0,0,0.0,0,3.225254535675049,1,6
SH,FVD,137,2356,238,238,23.8,0.34634533524513245,0.48750174045562744,3.195178985595703,4.06104040145874,0.7926359176635742,0,-1,1,27,0.1134453781512605,2.0,238,0.35282695293426514,0,0.0,0,0.0,0,0.4278538227081299,1,6
SH,FVD,137,2357,191,191,19.1,0.33424025774002075,0.409004271030426,1.9692999124526978,2.722990036010742,0.48579156398773193,0,-1,1,149,0.7801047120418848,2.0,191,1.5814892053604126,0,0.0,0,0.0,0,5.281904697418213,0,5
SH,FVD,137,2358,294,294,29.400000000000002,0.23140257596969604,0.30421262979507446,3.338624954223633,4.629312992095947,0.4282171428203583,0,-1,1,213,0.7244897959183674,2.0,294,1.3036179542541504,0,0.0,0,0.0,0,19.101484298706055,0,5
SH,FVD,137,2359,149,149,14.9,0.35503876209259033,0.4722133278846741,0.9335347414016724,1.1697250604629517,0.430650532245636,0,-1,1,31,0.2080536912751678,2.0,149,1.6744015216827393,0,0.0,0,0.0,0,2.7112858295440674,2,7
SH,FVD,137,2360,202,202,20.200000000000003,0.2175711840391159,0.29476243257522583,6.584670066833496,7.758434772491455,0.623984694480896,0,-1,1,69,0.3415841584158416,2.0,202,1.4552701711654663,0,0.0,0,0.0,0,12.359588623046875,1,6
SH,FVD,137,2361,139,139,13.9,0.4020134210586548,0.5017030239105225,4.061784744262695,5.232578277587891,1.0706424713134766,1,101,1,59,0.4244604316546763,2.0,101,0.0,0,0.0,0,0.0,0,0.0,2,7
SH,FVD,137,2362,710,710,71.0,0.17773175239562988,0.23952795565128326,4.785869598388672,5.717322826385498,0.42237696051597595,0,-1,1,710,1.0,2.0,710,0.2806266248226166,0,0.0,0,0.0,0,3.0249009132385254,0,5
SH,FVD,137,2363,201,201,20.1,0.36190417408943176,0.44865334033966064,25.399688720703125,31.292943954467773,3.045053243637085,0,-1,0,0,0.0,2.0,201,2.0125062465667725,0,0.0,0,0.0,0,3.6728219985961914,0,5
SH,FVD,137,2364,467,467,46.7,0.23023827373981476,0.3104625344276428,33.78129959106445,40.44465255737305,1.596328854560852,0,-1,0,0,0.0,2.0,467,2.126309394836426,0,0.0,0,0.0,0,4.786782264709473,0,5
SH,FVD,137,2365,131,131,13.100000000000001,0.21382910013198853,0.2472839653491974,1.5562313795089722,1.7324848175048828,0.2558095455169678,0,-1,1,131,1.0,2.0,131,1.0949114561080933,0,0.0,0,0.0,0,16.469402313232422,1,6
SH,FVD,137,2366,262,262,26.200000000000003,0.1872999370098114,0.22279907763004303,1.232391119003296,1.532497525215149,0.30425354838371277,0,-1,1,191,0.7290076335877863,2.0,262,1.1105035543441772,0,0.0,0,0.0,0,16.489131927490234,0,5
SH,FVD,137,2367,198,198,19.8,0.3519611060619354,0.4836723208427429,5.381706237792969,5.740054607391357,0.48508983850479126,0,-1,1,131,0.6616161616161617,2.0,198,0.23872046172618866,0,0.0,0,0.0,0,0.9002217054367065,0,5
SH,FVD,137,2368,135,135,13.5,0.5531054735183716,0.6648301482200623,1.090270757675171,1.475678563117981,1.183607578277588,1,88,1,32,0.23703703703703705,2.0,88,0.0,0,0.0,0,0.0,0,0.0,2,7
SH,FVD,137,2369,164,164,16.400000000000002,0.5955875515937805,0.7474320530891418,7.891264915466309,9.157453536987305,1.6369857788085938,1,118,1,89,0.5426829268292683,2.0,118,0.0,0,0.0,0,0.0,0,0.0,2,7
SH,FVD,137,2370,144,144,14.4,0.35836857557296753,0.46688249707221985,13.483457565307617,16.52461051940918,2.1087839603424072,0,-1,0,0,0.0,2.0,144,2.0066235065460205,0,0.0,0,0.0,0,33.077239990234375,1,6
SH,FVD,137,2371,196,196,19.6,0.11124318093061447,0.1398114264011383,7.3083930015563965,10.179157257080078,1.1067254543304443,0,-1,0,0,0.0,2.0,196,3.9133238792419434,0,0.0,0,0.0,0,65.41191864013672,2,7
SH,FVD,137,2372,263,263,26.3,0.2025478184223175,0.2824077010154724,9.036834716796875,9.846485137939453,0.637681782245636,0,-1,1,263,1.0,2.0,263,1.3172976970672607,0,0.0,0,0.0,0,13.929279327392578,2,7
SH,FVD,137,2373,151,151,15.100000000000001,0.41114333271980286,0.5124939680099487,2.016906976699829,2.507894515991211,1.20769202709198,1,102,1,82,0.543046357615894,2.0,102,0.0,0,0.0,0,0.0,0,0.0,1,6
SH,FVD,137,2374,156,156,15.600000000000001,0.32541075348854065,0.3903466463088989,3.848369598388672,4.501132488250732,0.6209927797317505,0,-1,0,0,0.0,2.0,156,3.2241857051849365,0,0.0,0,0.0,0,4.153535842895508,2,7
SH,FVD,137,2375,743,743,74.3,0.2612808346748352,0.33449268341064453,2.378969192504883,3.101616382598877,0.4673640727996826,1,743,1,566,0.7617765814266487,2.0,743,0.0,0,0.0,0,0.0,0,0.0,2,7
SH,FVD,137,2376,528,528,52.800000000000004,0.3750717043876648,0.5531205534934998,8.684786796569824,9.60055160522461,8.901548385620117,1,202,1,202,0.38257575757575757,2.0,202,0.0,0,0.0,0,0.0,0,0.0,1,6
SH,FVD,137,2377,186,186,18.6,0.20432712137699127,0.2483154535293579,5.46669864654541,6.284457206726074,0.4630925953388214,0,-1,1,186,1.0,2.0,186,0.2926582396030426,0,0.0,0,0.0,0,0.695518434047699,2,7
SH,FVD,137,2378,131,131,13.100000000000001,0.16029135882854462,0.19633875787258148,2.670384645462036,3.274097442626953,0.406465083360672,0,-1,1,131,1.0,2.0,131,1.4403049945831299,0,0.0,0,0.0,0,19.687259674072266,2,7
SH,FVD,137,2379,210,210,21.0,0.20762307941913605,0.2791857421398163,1.9802170991897583,2.8343727588653564,0.33280184864997864,0,-1,1,169,0.8047619047619048,2.0,210,1.247713565826416,0,0.0,0,0.0,0,2.394660711288452,1,6
SH,FVD,137,2380,197,197,19.700000000000003,0.5000417232513428,0.6141278743743896,6.68660831451416,7.95556640625,0.922182559967041,0,-1,1,76,0.38578680203045684,2.0,197,1.4963845014572144,0,0.0,0,0.0,0,4.943005561828613,1,6
SH,FVD,137,2381,285,285,28.5,0.3338548541069031,0.42155081033706665,4.987028121948242,5.968588829040527,0.9410872459411621,0,-1,1,73,0.256140350877193,2.0,285,1.7388633489608765,0,0.0,0,0.0,0,10.797502517700195,1,6
SH,FVD,137,2382,172,172,17.2,0.2734561860561371,0.3502455949783325,3.35360050201416,4.011637210845947,1.0562937259674072,0,-1,1,104,0.6046511627906976,2.0,172,1.8354909420013428,0,0.0,0,0.0,0,35.685794830322266,0,5
SH,FVD,137,2383,192,192,19.200000000000003,0.3901726305484772,0.5348368883132935,10.391814231872559,12.42440128326416,1.1499261856079102,0,-1,0,0,0.0,2.0,192,3.662588119506836,0,0.0,0,0.0,0,3.7832705974578857,1,6
SH,FVD,137,2384,248,248,24.8,0.49451944231987,0.6072043776512146,9.522455215454102,10.580233573913574,5.806971073150635,1,96,1,96,0.3870967741935484,2.0,96,0.0,0,0.0,0,0.0,0,0.0,2,7
SH,FVD,137,2385,318,318,31.8,0.19868318736553192,0.25636252760887146,2.8145434856414795,3.100097417831421,0.42750534415245056,0,-1,1,318,1.0,2.0,318,1.6694954633712769,0,0.0,0,0.0,0,14.13746452331543,1,6
SH,FVD,137,2386,166,166,16.6,0.4771994650363922,0.647208034992218,1.4345049858093262,2.391944408416748,2.5309815406799316,1,7,1,7,0.04216867469879518,2.0,7,0.0,0,0.0,0,0.0,0,0.0,2,7
SH,FVD,137,2387,684,684,68.4,0.30310630798339844,0.4020072817802429,2.8489127159118652,3.477419853210449,2.1859703063964844,1,170,1,170,0.24853801169590642,2.0,170,0.0,0,0.0,0,0.0,0,0.0,1,6
SH,FVD,137,2388,193,193,19.3,0.33300140500068665,0.4879506826400757,1.6243233680725098,2.201608180999756,0.8599761724472046,1,109,1,109,0.5647668393782384,2.0,109,0.0,0,0.0,0,0.0,0,0.0,0,5
SH,FVD,137,2389,357,357,35.7,0.27324503660202026,0.3464415371417999,1.6746007204055786,2.163952589035034,0.431396484375,0,-1,1,357,1.0,2.0,357,1.0439010858535767,0,0.0,0,0.0,0,10.711766242980957,2,7
SH,FVD,137,2390,402,402,40.2,0.24886612594127655,0.30031949281692505,1.0703366994857788,1.3054004907608032,0.36909568309783936,0,-1,1,65,0.16169154228855723,2.0,402,1.204887866973877,0,0.0,0,0.0,0,6.802748203277588,0,5
SH,FVD,137,2391,743,743,74.3,0.36492520570755005,0.4956112205982208,10.16749095916748,12.367457389831543,1.0922582149505615,1,728,1,140,0.18842530282637954,2.0,728,0.0,0,0.0,0,0.0,0,0.0,1,6
SH,FVD,137,2392,165,165,16.5,0.22168953716754913,0.2924624979496002,4.051512241363525,5.002040863037109,0.5809518694877625,0,-1,1,165,1.0,2.0,165,0.8827021718025208,0,0.0,0,0.0,0,9.119926452636719,0,5
SH,FVD,137,2393,215,215,21.5,0.37118253111839294,0.45564135909080505,8.207919120788574,10.304009437561035,0.9917875528335571,0,-1,0,0,0.0,2.0,215,3.279496192932129,0,0.0,0,0.0,0,3.098205804824829,0,5
SH,FVD,137,2394,154,154,15.4,0.08251212537288666,0.09892963618040085,1.350206732749939,1.6737433671951294,0.13865427672863007,0,-1,1,154,1.0,2.0,154,0.7434735298156738,0,0.0,0,0.0,0,10.68513298034668,2,7
SH,FVD,137,2395,190,190,19.0,0.6481844782829285,0.9063275456428528,6.933505535125732,8.075611114501953,4.288966178894043,1,56,1,56,0.29473684210526313,2.0,56,0.0,0,0.0,0,0.0,0,0.0,1,6
SH,FVD,137,2396,132,132,13.200000000000001,0.28052812814712524,0.35596176981925964,6.678047180175781,8.340093612670898,1.2370069026947021,0,-1,1,32,0.24242424242424243,2.0,132,1.06167733669281,0,0.0,0,0.0,0,2.2665085792541504,1,6
SH,FVD,137,2397,222,222,22.200000000000003,0.1932281106710434,0.22973352670669556,6.632928848266602,7.640160083770752,0.6974538564682007,0,-1,1,222,1.0,2.0,222,1.3424656391143799,0,0.0,0,0.0,0,21.47965431213379,2,7
SH,FVD,137,2398,162,162,16.2,0.4449560344219208,0.535897433757782,5.901767253875732,6.5631184577941895,0.8057349920272827,0,-1,0,0,0.0,2.0,162,2.2136266231536865,0,0.0,0,0.0,0,6.693526744842529,2,7
SH,FVD,137,2399,175,175,17.5,0.3896608054637909,0.5060732960700989,16.619211196899414,22.572704315185547,2.661320924758911,0,-1,0,0,0.0,2.0,175,2.215289831161499,0,0.0,0,0.0,0,19.43769645690918,0,5
SH,FVD,137,2400,343,343,34.300000000000004,0.3071736991405487,0.3913481831550598,2.2409749031066895,2.7059786319732666,0.4539884328842163,0,-1,1,224,0.6530612244897959,2.0,343,1.1513644456863403,0,0.0,0,0.0,0,8.391034126281738,1,6
SH,FVD,137,2401,661,661,66.10000000000001,0.24334393441677094,0.314744234085083,13.952269554138184,15.705406188964844,0.7317136526107788,0,-1,1,661,1.0,2.0,661,0.585191547870636,0,0.0,0,0.0,0,8.91340446472168,2,7
SH,FVD,137,2402,276,276,27.6,0.37737348675727844,0.469258576631546,6.336879253387451,7.905093193054199,1.2625353336334229,1,251,1,29,0.10507246376811594,2.0,251,0.0,0,0.0,0,0.0,0,0.0,1,6
SH,FVD,137,2403,156,156,15.600000000000001,0.32140615582466125,0.4142829477787018,7.534355163574219,9.328156471252441,3.0795576572418213,1,106,1,106,0.6794871794871795,2.0,106,0.0,0,0.0,0,0.0,0,0.0,0,5
SH,FVD,137,2404,255,255,25.5,0.3265310525894165,0.41463321447372437,2.3960888385772705,2.857790231704712,0.5881978869438171,0,-1,1,148,0.5803921568627451,2.0,255,1.1441974639892578,0,0.0,0,0.0,0,6.5641374588012695,1,6
SH,FVD,137,2405,240,240,24.0,0.44710415601730347,0.5375103950500488,9.724899291992188,10.789515495300293,0.7916401028633118,0,-1,1,22,0.09166666666666666,2.0,240,1.6366198062896729,0,0.0,0,0.0,0,4.380612850189209,0,5
SH,FVD,137,2406,296,296,29.6,0.3551492691040039,0.4768329858779907,2.8237409591674805,3.6085073947906494,0.658613920211792,0,-1,1,296,1.0,2.0,296,0.8655304312705994,0,0.0,0,0.0,0,15.4362211227417,0,5
SH,FVD,137,2407,231,231,23.1,0.25849661231040955,0.3128511607646942,0.6268807053565979,0.8557547926902771,0.3387134075164795,0,-1,0,0,0.0,2.0,231,2.9200761318206787,0,0.0,0,0.0,0,2.008557081222534,2,7
SH,FVD,137,2408,454,454,45.400000000000006,0.3037009537220001,0.36192554235458374,3.373065710067749,4.443399429321289,0.438598096370697,0,-1,1,454,1.0,2.0,454,0.7433249354362488,0,0.0,0,0.0,0,12.926855087280273,2,7
SH,FVD,137,2409,1831,1831,183.10000000000002,0.2920030653476715,0.40812948346138,8.615865707397461,10.265857696533203,3.833531618118286,1,1088,1,599,0.3271436373566357,2.0,1088,0.0,0,0.0,0,0.0,0,0.0,1,6
SH,FVD,137,2410,161,161,16.1,0.4147704243659973,0.6485438942909241,2.4677224159240723,4.315216541290283,1.047458291053772,0,-1,1,161,1.0,2.0,161,0.21291205286979675,0,0.0,0,0.0,0,2.126810073852539,2,7
SH,FVD,137,2411,184,184,18.400000000000002,0.4803052246570587,0.7063131332397461,3.9798030853271484,4.812479019165039,1.1363041400909424,1,144,1,144,0.782608695652174,2.0,144,0.0,0,0.0,0,0.0,0,0.0,1,6
SH,FVD,137,2412,134,134,13.4,0.6207837462425232,0.7291754484176636,5.19652795791626,5.851602077484131,1.1188684701919556,1,80,1,30,0.22388059701492538,2.0,80,0.0,0,0.0,0,0.0,0,0.0,2,7
SH,FVD,137,2413,135,135,13.5,0.22993101179599762,0.28097617626190186,2.1614155769348145,2.4535510540008545,0.48315948247909546,0,-1,1,135,1.0,2.0,135,0.8087174296379089,0,0.0,0,0.0,0,15.043256759643555,0,5
SH,FVD,137,2414,141,141,14.100000000000001,0.2492048591375351,0.34148216247558594,3.1918158531188965,4.467680931091309,0.6100584864616394,0,-1,0,0,0.0,2.0,141,3.182706832885742,0,0.0,0,0.0,0,8.21616268157959,2,7
SH,FVD,137,2415,289,289,28.900000000000002,0.29728445410728455,0.3780519664287567,4.861817836761475,5.446983814239502,0.5182414054870605,0,-1,1,289,1.0,2.0,289,0.5380901098251343,0,0.0,0,0.0,0,5.710360050201416,2,7
SH,FVD,137,2416,869,869,86.9,0.27385637164115906,0.34808188676834106,7.265938758850098,9.508072853088379,3.414600133895874,1,428,1,100,0.11507479861910241,2.0,428,0.0,0,0.0,0,0.0,0,0.0,1,6
SH,FVD,137,2417,167,167,16.7,0.20978523790836334,0.23921871185302734,8.400793075561523,11.659736633300781,1.608132004737854,0,-1,0,0,0.0,2.0,167,2.4102160930633545,0,0.0,0,0.0,0,53.58419418334961,2,7
SH,FVD,137,2418,167,167,16.7,0.21495608985424042,0.27727189660072327,7.025528907775879,9.12628173828125,1.2516130208969116,0,-1,1,59,0.3532934131736527,2.0,167,0.9081475138664246,0,0.0,0,0.0,0,2.617971420288086,0,5
SH,FVD,137,2419,237,237,23.700000000000003,0.24582044780254364,0.34193509817123413,36.64030075073242,45.775978088378906,3.7090415954589844,0,-1,1,237,1.0,2.0,237,0.7129301428794861,0,0.0,0,0.0,0,19.30951690673828,2,7
SH,FVD,137,2420,257,257,25.700000000000003,0.42230018973350525,0.5310158729553223,5.47824764251709,6.3704633712768555,1.1843523979187012,0,-1,1,216,0.8404669260700389,2.0,257,0.006410447880625725,0,0.0,0,0.0,0,0.03661924600601196,1,6
SH,FVD,137,2421,142,142,14.200000000000001,0.40524470806121826,0.51303631067276,2.0270869731903076,2.6802785396575928,1.0647987127304077,0,-1,0,0,0.0,2.0,142,2.133984327316284,0,0.0,0,0.0,0,29.3491268157959,1,6
SH,FVD,137,2422,266,266,26.6,0.2147035002708435,0.26552778482437134,9.9873628616333,11.431206703186035,0.5879445672035217,0,-1,1,266,1.0,2.0,266,0.6579061150550842,0,0.0,0,0.0,0,10.538641929626465,2,7
SH,FVD,137,2423,753,753,75.3,0.3672538101673126,0.45644956827163696,12.578792572021484,15.152724266052246,1.0895357131958008,0,-1,1,43,0.057104913678618856,2.0,753,1.9203447103500366,0,0.0,0,0.0,0,12.722277641296387,1,6
SH,FVD,137,2424,233,233,23.3,0.2547209560871124,0.3294816315174103,1.5643889904022217,2.233875036239624,0.3568057417869568,0,-1,1,233,1.0,2.0,233,0.7951122522354126,0,0.0,0,0.0,0,4.9731292724609375,0,5
SH,FVD,137,2425,173,173,17.3,0.3896271884441376,0.44341376423835754,5.241149425506592,5.7732014656066895,0.7325242757797241,0,-1,0,0,0.0,2.0,173,2.4973859786987305,0,0.0,0,0.0,0,6.036386966705322,0,5
SH,FVD,137,2426,314,314,31.400000000000002,0.2140747308731079,0.3304174244403839,5.65852689743042,6.462101936340332,4.227105617523193,1,158,1,158,0.5031847133757962,2.0,158,0.0,0,0.0,0,0.0,0,0.0,0,5
SH,FVD,137,2427,197,197,19.700000000000003,0.2086872011423111,0.2566946744918823,10.604459762573242,12.985194206237793,1.0943427085876465,0,-1,0,0,0.0,2.0,197,2.015160322189331,0,0.0,0,0.0,0,64.66064453125,2,7
SH,FVD,137,2428,198,198,19.8,0.3537602722644806,0.3851855397224426,7.358006954193115,8.20674991607666,0.9012051820755005,0,-1,1,29,0.14646464646464646,2.0,198,1.2212855815887451,0,0.0,0,0.0,0,3.4183270931243896,1,6
SH,FVD,137,2429,477,477,47.7,0.11794731765985489,0.15058960020542145,7.548397541046143,9.10751724243164,0.3146018385887146,0,-1,1,272,0.570230607966457,2.0,477,0.7822350263595581,0,0.0,0,0.0,0,11.113183975219727,2,7
SH,FVD,137,2430,180,180,18.0,0.2913971245288849,0.36487725377082825,2.165992021560669,2.69026780128479,0.908997654914856,1,168,1,95,0.5277777777777778,2.0,168,0.0,0,0.0,0,0.0,0,0.0,0,5
SH,FVD,137,2431,174,174,17.400000000000002,0.2460535615682602,0.3522147834300995,5.758685111999512,8.195917129516602,1.3708890676498413,0,-1,1,136,0.7816091954022989,2.0,174,1.5084304809570312,0,0.0,0,0.0,0,26.028074264526367,0,5
SH,FVD,137,2432,165,165,16.5,0.4484413266181946,0.5265389084815979,8.260297775268555,9.770711898803711,0.9453606605529785,0,-1,0,0,0.0,2.0,165,4.248736381530762,0,0.0,0,0.0,0,10.789032936096191,1,6
SH,FVD,137,2433,150,150,15.0,0.49388957023620605,0.612238883972168,3.4706530570983887,4.2223076820373535,1.2655315399169922,0,-1,0,0,0.0,2.0,150,2.0444207191467285,0,0.0,0,0.0,0,15.405540466308594,1,6
SH,FVD,137,2434,319,319,31.900000000000002,0.5675647854804993,0.8155037760734558,19.884037017822266,24.335302352905273,2.606066942214966,0,-1,1,24,0.07523510971786834,2.0,319,0.42617157101631165,0,0.0,0,0.0,0,1.669586420059204,2,7
SH,FVD,137,2435,1191,1191,119.10000000000001,0.3445833921432495,0.47206738591194153,8.013285636901855,8.986940383911133,2.367650270462036,1,905,1,287,0.2409739714525609,2.0,905,0.0,0,0.0,0,0.0,0,0.0,2,7
SH,FVD,137,2436,328,328,32.800000000000004,0.6659408211708069,0.8161347508430481,24.798004150390625,28.802854537963867,1.7085747718811035,0,-1,0,0,0.0,2.0,328,2.4416441917419434,0,0.0,0,0.0,0,5.934476375579834,1,6
SH,FVD,137,2437,210,210,21.0,0.13195233047008514,0.15359939634799957,9.052947998046875,12.297605514526367,1.2548741102218628,0,-1,0,0,0.0,2.0,210,2.095672845840454,0,0.0,0,0.0,0,36.793785095214844,2,7
SH,FVD,137,2438,297,297,29.700000000000003,0.34100231528282166,0.457194060087204,5.9879655838012695,6.9038848876953125,1.4795200824737549,1,278,1,191,0.6430976430976431,2.0,278,0.0,0,0.0,0,0.0,0,0.0,2,7
SH,FVD,137,2439,223,223,22.3,0.3132932484149933,0.4187127947807312,6.401317596435547,7.464208602905273,1.0843241214752197,1,187,1,46,0.2062780269058296,2.0,187,0.0,0,0.0,0,0.0,0,0.0,1,6
SH,FVD,137,2440,175,175,17.5,0.42434340715408325,0.4978995621204376,4.693238735198975,5.705882549285889,0.6979343295097351,0,-1,1,2,0.011428571428571429,2.0,175,1.930045247077942,0,0.0,0,0.0,0,3.5417420864105225,1,6
SH,FVD,137,2441,329,329,32.9,0.3381001055240631,0.4218637943267822,6.760067462921143,8.630349159240723,0.6749180555343628,0,-1,1,329,1.0,2.0,329,1.382327914237976,0,0.0,0,0.0,0,23.11761474609375,0,5
SH,FVD,137,2442,201,201,20.1,0.5623486042022705,0.6546190977096558,1.7402269840240479,2.051067352294922,0.7381788492202759,0,-1,1,201,1.0,2.0,201,0.9640007615089417,0,0.0,0,0.0,0,14.371050834655762,1,6
SH,FVD,137,2443,193,193,19.3,0.2519947588443756,0.3072264492511749,11.128501892089844,13.439719200134277,1.3399654626846313,0,-1,0,0,0.0,2.0,193,3.953925609588623,0,0.0,0,0.0,0,14.999279022216797,1,6
SH,FVD,137,2444,738,738,73.8,0.3223886787891388,0.462675541639328,5.145264148712158,6.375272274017334,0.7789095044136047,1,654,1,654,0.8861788617886179,2.0,654,0.0,0,0.0,0,0.0,0,0.0,1,6
SH,FVD,137,2445,279,279,27.900000000000002,0.11563804745674133,0.16097159683704376,2.8569083213806152,4.030571937561035,0.4925515353679657,0,-1,0,0,0.0,2.0,279,5.476287841796875,0,0.0,0,0.0,0,61.80297088623047,0,5
SH,FVD,137,2446,212,212,21.200000000000003,0.33343803882598877,0.4367035925388336,2.8927361965179443,3.2774674892425537,0.4717405438423157,0,-1,0,0,0.0,2.0,212,3.4210214614868164,0,0.0,0,0.0,0,3.326017141342163,2,7
SH,FVD,137,2447,266,266,26.6,0.23481649160385132,0.3158218562602997,9.135326385498047,11.310569763183594,0.8649476766586304,0,-1,1,266,1.0,2.0,266,1.1536084413528442,0,0.0,0,0.0,0,15.381226539611816,1,6
SH,FVD,137,2448,268,268,26.8,0.23346343636512756,0.2917889654636383,1.4739420413970947,2.110431671142578,0.5205689668655396,0,-1,1,239,0.8917910447761194,2.0,268,1.4971442222595215,0,0.0,0,0.0,0,22.017112731933594,2,7
SH,FVD,137,2449,196,196,19.6,0.3670911490917206,0.50624680519104,2.4436967372894287,2.9478530883789062,0.5483880639076233,0,-1,1,195,0.9948979591836735,2.0,196,0.19160471856594086,0,0.0,0,0.0,0,0.3228985667228699,0,5
SH,FVD,137,2450,254,254,25.400000000000002,0.4086155593395233,0.47677433490753174,4.350691795349121,5.257800102233887,0.6847262978553772,0,-1,1,254,1.0,2.0,254,0.3464353680610657,0,0.0,0,0.0,0,4.704331398010254,2,7
SH,FVD,137,2451,187,187,18.7,0.34242358803749084,0.4003808796405792,1.230023741722107,1.4780378341674805,0.43293464183807373,0,-1,0,0,0.0,2.0,187,2.170668601989746,0,0.0,0,0.0,0,10.439559936523438,2,7
SH,FVD,137,2452,187,187,18.7,0.18047764897346497,0.2496490776538849,4.714440822601318,6.943127155303955,0.9067720770835876,0,-1,1,44,0.23529411764705882,2.0,187,1.5803217887878418,0,0.0,0,0.0,0,46.23341751098633,0,5
SH,FVD,137,2453,345,345,34.5,0.4793681800365448,0.6571587920188904,2.8876750469207764,3.472330093383789,1.3830078840255737,1,257,1,257,0.744927536231884,2.0,257,0.0,0,0.0,0,0.0,0,0.0,0,5
SH,FVD,137,2454,152,152,15.200000000000001,0.35485824942588806,0.4388440251350403,4.150790691375732,4.722488880157471,0.677800714969635,1,125,1,99,0.6513157894736842,2.0,125,0.0,0,0.0,0,0.0,0,0.0,2,7
SH,FVD,137,2455,136,136,13.600000000000001,0.3133868873119354,0.4132417142391205,0.47616633772850037,0.5908703207969666,0.24276641011238098,0,-1,0,0,0.0,2.0,136,2.774521827697754,0,0.0,0,0.0,0,1.9376970529556274,1,6
SH,FVD,137,2456,300,300,30.0,0.23598217964172363,0.3354615569114685,1.509827971458435,1.6813615560531616,0.5721540451049805,1,230,1,230,0.7666666666666667,2.0,230,0.0,0,0.0,0,0.0,0,0.0,0,5
SH,FVD,137,2457,894,894,89.4,0.2703312337398529,0.3957568109035492,7.91295051574707,8.846049308776855,2.1248717308044434,1,475,1,124,0.13870246085011187,2.0,475,0.0,0,0.0,0,0.0,0,0.0,0,5
SH,FVD,137,2458,325,325,32.5,0.3718326985836029,0.46779027581214905,6.874715328216553,7.848211288452148,1.8396430015563965,1,215,1,215,0.6615384615384615,2.0,215,0.0,0,0.0,0,0.0,0,0.0,1,6
SH,FVD,137,2459,174,174,17.400000000000002,0.30864498019218445,0.3826342523097992,9.368728637695312,11.152297973632812,1.002550721168518,0,-1,0,0,0.0,2.0,174,3.862579107284546,0,0.0,0,0.0,0,43.17505645751953,1,6
SH,FVD,137,2460,190,190,19.0,0.43598461151123047,0.5724351406097412,8.457119941711426,9.361102104187012,0.9098269939422607,0,-1,0,0,0.0,2.0,190,2.1954963207244873,0,0.0,0,0.0,0,14.246274948120117,2,7
SH,FVD,137,2461,178,178,17.8,0.4515794813632965,0.688202440738678,1.8346443176269531,2.3128862380981445,0.604119598865509,0,-1,1,178,1.0,2.0,178,0.684190034866333,0,0.0,0,0.0,0,9.824048042297363,1,6
SH,FVD,137,2462,343,343,34.300000000000004,0.2778266370296478,0.3402648866176605,3.094001293182373,3.9782514572143555,0.6185852885246277,1,329,1,30,0.08746355685131195,2.0,329,0.0,0,0.0,0,0.0,0,0.0,2,7
SH,FVD,137,2463,277,277,27.700000000000003,0.3120885491371155,0.4000968933105469,5.325047016143799,6.2597527503967285,0.6375709772109985,0,-1,1,167,0.6028880866425993,2.0,277,1.4066078662872314,0,0.0,0,0.0,0,21.741634368896484,1,6
SH,FVD,137,2464,439,439,43.900000000000006,0.18532459437847137,0.2535649538040161,9.59522819519043,10.507149696350098,0.5621232986450195,0,-1,1,8,0.018223234624145785,2.0,439,1.7350289821624756,0,0.0,0,0.0,0,7.858717441558838,2,7
SH,FVD,137,2465,515,515,51.5,0.1926204413175583,0.23760616779327393,10.841856002807617,11.758270263671875,0.5936580300331116,0,-1,0,0,0.0,2.0,515,3.0006136894226074,0,0.0,0,0.0,0,4.85972785949707,1,6
SH,FVD,137,2466,1328,1328,132.8,0.3553081750869751,0.5024124979972839,8.02553653717041,9.538822174072266,4.041913032531738,1,654,1,654,0.4924698795180723,2.0,654,0.0,0,0.0,0,0.0,0,0.0,0,5
SH,FVD,137,2467,265,265,26.5,0.3281570374965668,0.39258813858032227,2.582050085067749,2.930647850036621,0.704642117023468,0,-1,1,82,0.30943396226415093,2.0,265,0.9201061725616455,0,0.0,0,0.0,0,8.129521369934082,1,6
SH,FVD,137,2468,344,344,34.4,0.2719494104385376,0.3892562687397003,7.30021333694458,8.20612621307373,0.9444534182548523,0,-1,1,1,0.0029069767441860465,2.0,344,1.991358995437622,0,0.0,0,0.0,0,3.800178050994873,1,6
SH,FVD,137,2469,358,358,35.800000000000004,0.3636067509651184,0.4595673680305481,4.297214984893799,4.674540996551514,1.5571783781051636,1,78,1,78,0.21787709497206703,2.0,78,0.0,0,0.0,0,0.0,0,0.0,1,6
SH,FVD,137,2470,484,484,48.400000000000006,0.14755745232105255,0.1785772144794464,9.021105766296387,9.524358749389648,0.38880765438079834,0,-1,1,484,1.0,2.0,484,1.5091235637664795,0,0.0,0,0.0,0,20.71966552734375,2,7
SH,FVD,137,2471,312,312,31.200000000000003,0.31604546308517456,0.38094228506088257,6.371299743652344,7.344143390655518,1.061456322669983,1,285,1,34,0.10897435897435898,2.0,285,0.0,0,0.0,0,0.0,0,0.0,0,5
SH,FVD,137,2472,229,229,22.900000000000002,0.11987639218568802,0.14861366152763367,3.912621021270752,4.643217086791992,0.3462047278881073,0,-1,0,0,0.0,2.0,229,2.822575092315674,0,0.0,0,0.0,0,65.51152801513672,1,6
SH,FVD,137,2473,140,140,14.0,0.20146439969539642,0.27707499265670776,4.032826900482178,4.758271217346191,0.5394183397293091,0,-1,0,0,0.0,2.0,140,2.3748512268066406,0,0.0,0,0.0,0,65.79063415527344,1,6
SH,FVD,137,2474,246,246,24.6,0.41210460662841797,0.5157354474067688,3.5046823024749756,4.600490570068359,0.7222954630851746,0,-1,1,246,1.0,2.0,246,0.1017923653125763,0,0.0,0,0.0,0,0.46030575037002563,0,5
SH,FVD,137,2475,251,251,25.1,0.19259695708751678,0.28179070353507996,14.147284507751465,15.745973587036133,0.9150893092155457,0,-1,1,251,1.0,2.0,251,1.0663080215454102,0,0.0,0,0.0,0,18.267982482910156,1,6
SH,FVD,137,2476,164,164,16.400000000000002,0.43673208355903625,0.5280972719192505,5.682117938995361,6.575535297393799,0.9806462526321411,0,-1,0,0,0.0,2.0,164,2.765990972518921,0,0.0,0,0.0,0,17.08072853088379,0,5
SH,FVD,137,2477,262,262,26.200000000000003,0.5602579712867737,0.7953495979309082,3.1629791259765625,3.610600233078003,1.5406478643417358,1,224,1,224,0.8549618320610687,2.0,224,0.0,0,0.0,0,0.0,0,0.0,1,6
SH,FVD,137,2478,708,708,70.8,0.13894766569137573,0.18113836646080017,17.38948631286621,18.12156105041504,0.523483395576477,0,-1,1,708,1.0,2.0,708,0.01789156347513199,0,0.0,0,0.0,0,0.24175448715686798,0,5
SH,FVD,137,2479,291,291,29.1,0.3072449862957001,0.3798604905605316,1.4901535511016846,1.822939395904541,0.5228075981140137,0,-1,1,291,1.0,2.0,291,1.2048832178115845,0,0.0,0,0.0,0,25.678054809570312,2,7
SH,FVD,137,2480,149,149,14.9,0.3351716995239258,0.41210928559303284,4.062621116638184,4.460967063903809,0.48024073243141174,0,-1,1,149,1.0,2.0,149,0.6297165155410767,0,0.0,0,0.0,0,9.804573059082031,0,5
SH,FVD,137,2481,134,134,13.4,0.3639906048774719,0.4323218762874603,2.760040760040283,3.21447491645813,0.5440863370895386,0,-1,0,0,0.0,2.0,134,2.76232647895813,0,0.0,0,0.0,0,24.085458755493164,0,5
SH,FVD,137,2482,290,290,29.0,0.2945474684238434,0.41508737206459045,1.855784296989441,2.0052244663238525,1.0213218927383423,1,52,1,52,0.1793103448275862,2.0,52,0.0,0,0.0,0,0.0,0,0.0,0,5
SH,FVD,137,2483,436,436,43.6,0.35062041878700256,0.4237479269504547,1.874070644378662,2.3045294284820557,0.5239111185073853,0,-1,1,436,1.0,2.0,436,0.817581057548523,0,0.0,0,0.0,0,14.603297233581543,0,5
SH,FVD,137,2484,750,750,75.0,0.48196548223495483,0.6292517781257629,21.97437286376953,28.651517868041992,3.2108869552612305,1,469,1,38,0.050666666666666665,2.0,469,0.0,0,0.0,0,0.0,0,0.0,0,5
SH,FVD,137,2485,159,159,15.9,0.2799757421016693,0.346994012594223,0.8063300848007202,0.9449382424354553,0.3484271168708801,0,-1,1,159,1.0,2.0,159,1.149172067642212,0,0.0,0,0.0,0,27.03754997253418,0,5
SH,FVD,137,2486,365,365,36.5,0.36758700013160706,0.484775573015213,1.8731642961502075,2.3387017250061035,0.6430461406707764,0,-1,1,255,0.6986301369863014,2.0,365,0.3381229341030121,0,0.0,0,0.0,0,0.7305353283882141,2,7
SH,FVD,137,2487,141,141,14.100000000000001,0.21397413313388824,0.2661820948123932,8.205723762512207,10.937893867492676,1.6932313442230225,0,-1,0,0,0.0,2.0,141,2.792083501815796,0,0.0,0,0.0,0,45.321044921875,0,5
SH,FVD,137,2488,182,182,18.2,0.3081735372543335,0.3951413631439209,2.0769901275634766,3.578972101211548,0.8441323041915894,0,-1,1,182,1.0,2.0,182,1.0649657249450684,0,0.0,0,0.0,0,11.652793884277344,2,7
SH,FVD,137,2489,250,250,25.0,0.24491791427135468,0.3267386555671692,5.739355087280273,6.7391862869262695,0.4858962595462799,0,-1,0,0,0.0,2.0,250,3.538952350616455,0,0.0,0,0.0,0,1.2362817525863647,0,5
SH,FVD,137,2490,1027,1027,102.7,0.27669358253479004,0.34703025221824646,4.726529121398926,6.523755073547363,0.6597049236297607,0,-1,1,1027,1.0,2.0,1027,0.2180550992488861,0,0.0,0,0.0,0,1.617388129234314,2,7
SH,FVD,137,2491,181,181,18.1,0.3839660882949829,0.43955710530281067,4.151187896728516,4.741274833679199,0.7303845286369324,0,-1,1,73,0.40331491712707185,2.0,181,1.2705254554748535,0,0.0,0,0.0,0,8.035533905029297,1,6
SH,FVD,137,2492,470,470,47.0,0.30777719616889954,0.3850095272064209,10.203245162963867,12.666189193725586,1.5809043645858765,1,348,1,110,0.23404255319148937,2.0,348,0.0,0,0.0,0,0.0,0,0.0,2,7
SH,FVD,137,2493,143,143,14.3,0.6508081555366516,0.7592476010322571,5.920547962188721,6.971242427825928,2.07179856300354,1,75,1,75,0.5244755244755245,2.0,75,0.0,0,0.0,0,0.0,0,0.0,1,6
SH,FVD,137,2494,463,463,46.300000000000004,0.5480788946151733,0.7384411096572876,12.958517074584961,13.731247901916504,5.233771800994873,1,65,1,65,0.14038876889848811,2.0,65,0.0,0,0.0,0,0.0,0,0.0,1,6
SH,FVD,137,2495,207,207,20.700000000000003,0.4899037778377533,0.6788074374198914,2.7411208152770996,3.072415351867676,2.6326117515563965,1,53,1,49,0.23671497584541062,2.0,53,0.0,0,0.0,0,0.0,0,0.0,2,7
SH,FVD,137,2496,159,159,15.9,0.2691729962825775,0.371386855840683,2.753173589706421,3.3734941482543945,0.49858736991882324,0,-1,0,0,0.0,2.0,159,3.226480484008789,0,0.0,0,0.0,0,3.093689441680908,1,6
SH,FVD,137,2497,196,196,19.6,0.24700520932674408,0.2858765125274658,2.96769642829895,3.465388774871826,0.688524067401886,0,-1,1,196,1.0,2.0,196,0.6725019812583923,0,0.0,0,0.0,0,12.990985870361328,1,6
SH,FVD,137,2498,133,133,13.3,0.29483821988105774,0.41861459612846375,0.8508173823356628,1.3020764589309692,0.5122576355934143,0,-1,0,0,0.0,2.0,133,3.0906991958618164,0,0.0,0,0.0,0,7.000177383422852,1,6
SH,FVD,137,2499,218,218,21.8,0.16415773332118988,0.19771923124790192,9.249831199645996,11.696745872497559,0.9170352816581726,0,-1,1,218,1.0,2.0,218,1.0558369159698486,0,0.0,0,0.0,0,20.082815170288086,2,7
SH,FVD,137,2500,191,191,19.1,0.35869529843330383,0.48830118775367737,10.245104789733887,11.464977264404297,0.9987765550613403,0,-1,0,0,0.0,2.0,191,3.890601396560669,0,0.0,0,0.0,0,6.7361345291137695,1,6
SH,FVD,137,2501,220,220,22.0,0.37084153294563293,0.4565584659576416,5.350458145141602,6.225338935852051,1.2533825635910034,0,-1,1,38,0.17272727272727273,2.0,220,0.289451539516449,0,0.0,0,0.0,0,1.1559194326400757,1,6
SH,FVD,137,2502,284,284,28.400000000000002,0.2726381719112396,0.3716713786125183,11.976923942565918,12.965319633483887,0.6116433143615723,0,-1,1,284,1.0,2.0,284,0.5003176927566528,0,0.0,0,0.0,0,7.663687705993652,1,6
SH,FVD,137,2503,332,332,33.2,0.19366085529327393,0.30461958050727844,0.8079220652580261,0.919979989528656,0.2798493802547455,0,-1,1,3,0.009036144578313253,2.0,332,1.891839861869812,0,0.0,0,0.0,0,2.0341427326202393,0,5
SH,FVD,137,2504,187,187,18.7,0.5036396384239197,0.5815573930740356,5.510408401489258,8.388649940490723,1.189557671546936,0,-1,0,0,0.0,2.0,187,2.0589733123779297,0,0.0,0,0.0,0,12.104134559631348,1,6
SH,FVD,137,2505,205,205,20.5,0.2517598569393158,0.29701972007751465,9.184198379516602,10.464430809020996,0.7534549832344055,0,-1,1,20,0.0975609756097561,2.0,205,1.916419267654419,0,0.0,0,0.0,0,38.102813720703125,0,5
SH,FVD,137,2506,382,382,38.2,0.4382789433002472,0.5419631600379944,8.513223648071289,9.902824401855469,3.4130568504333496,1,164,1,164,0.4293193717277487,2.0,164,0.0,0,0.0,0,0.0,0,0.0,1,6
SH,FVD,137,2507,602,602,60.2,0.1694972962141037,0.20352615416049957,1.6523956060409546,2.152198314666748,0.34155967831611633,0,-1,1,602,1.0,2.0,602,0.4550831615924835,0,0.0,0,0.0,0,7.695794582366943,0,5
SH,FVD,137,2508,551,551,55.1,0.24176421761512756,0.31385305523872375,7.714193344116211,8.888786315917969,0.8250548243522644,1,509,1,72,0.1306715063520871,2.0,509,0.0,0,0.0,0,0.0,0,0.0,1,6
SH,FVD,137,2509,327,327,32.7,0.5959368944168091,0.8031488060951233,4.776301383972168,5.36429500579834,2.3811726570129395,1,121,1,121,0.37003058103975534,2.0,121,0.0,0,0.0,0,0.0,0,0.0,0,5
SH,FVD,137,2510,295,295,29.5,0.29367634654045105,0.38721203804016113,3.1835477352142334,3.4028525352478027,0.422147274017334,0,-1,0,0,0.0,2.0,295,3.278700351715088,0,0.0,0,0.0,0,4.215050220489502,0,5
SH,FVD,137,2511,429,429,42.900000000000006,0.3492718040943146,0.4938737750053406,5.824584484100342,6.856777191162109,2.1328608989715576,1,189,1,135,0.3146853146853147,2.0,189,0.0,0,0.0,0,0.0,0,0.0,2,7
SH,FVD,137,2512,211,211,21.1,0.400034099817276,0.5548847913742065,8.114818572998047,9.314616203308105,0.7859837412834167,0,-1,1,18,0.08530805687203792,2.0,211,1.7751954793930054,0,0.0,0,0.0,0,3.811873435974121,2,7
SH,FVD,137,2513,131,131,13.100000000000001,0.2701548933982849,0.31017589569091797,9.690391540527344,12.003878593444824,1.66200590133667,0,-1,1,38,0.2900763358778626,2.0,131,1.821218490600586,0,0.0,0,0.0,0,25.030057907104492,0,5
SH,FVD,137,2514,133,133,13.3,0.3341871201992035,0.3875812888145447,4.001596450805664,4.963113307952881,0.7271159887313843,0,-1,1,133,1.0,2.0,133,0.8379241228103638,0,0.0,0,0.0,0,9.845148086547852,2,7
SH,FVD,137,2515,205,205,20.5,0.4283217787742615,0.6065953373908997,10.406289100646973,12.787343978881836,1.064975380897522,0,-1,1,205,1.0,2.0,205,0.06776749342679977,0,0.0,0,0.0,0,0.8812242150306702,1,6
SH,FVD,137,2516,151,151,15.100000000000001,0.17017853260040283,0.21550264954566956,0.9939611554145813,1.2717465162277222,0.3424097001552582,0,-1,0,0,0.0,2.0,151,2.618802309036255,0,0.0,0,0.0,0,42.33412170410156,2,7
SH,FVD,137,2517,290,290,29.0,0.4701296091079712,0.5820895433425903,9.627303123474121,13.22152328491211,1.1431280374526978,0,-1,1,100,0.3448275862068966,2.0,290,0.622185468673706,0,0.0,0,0.0,0,1.1329294443130493,1,6
SH,FVD,137,2518,456,456,45.6,0.3322867751121521,0.44005030393600464,3.261049509048462,4.3718743324279785,0.6670705676078796,0,-1,1,163,0.3574561403508772,2.0,456,1.4352688789367676,0,0.0,0,0.0,0,2.574765920639038,1,6
SH,FVD,137,2519,224,224,22.400000000000002,0.569798469543457,0.6865986585617065,6.8888773918151855,7.852768898010254,2.5218300819396973,1,124,1,95,0.42410714285714285,2.0,124,0.0,0,0.0,0,0.0,0,0.0,1,6
SH,FVD,137,2520,373,373,37.300000000000004,0.4181566834449768,0.5361983776092529,11.116049766540527,12.676182746887207,0.9733627438545227,0,-1,0,0,0.0,2.0,373,2.213094711303711,0,0.0,0,0.0,0,3.564483165740967,0,5
SH,FVD,137,2521,260,260,26.0,0.29345986247062683,0.38785919547080994,5.964646816253662,6.9066548347473145,3.729283571243286,1,112,1,96,0.36923076923076925,2.0,112,0.0,0,0.0,0,0.0,0,0.0,0,5
SH,FVD,137,2522,582,582,58.2,0.23442944884300232,0.3005726635456085,3.269179582595825,3.959806442260742,0.5739896893501282,0,-1,1,582,1.0,2.0,582,0.777677059173584,0,0.0,0,0.0,0,12.767375946044922,2,7
SH,FVD,137,2523,336,336,33.6,0.2564961910247803,0.3471490442752838,2.239078998565674,3.0542075634002686,0.5838719606399536,0,-1,1,336,1.0,2.0,336,0.4993445575237274,0,0.0,0,0.0,0,5.466176986694336,2,7
SH,FVD,137,2524,162,162,16.2,0.4948594272136688,0.5760834813117981,2.4289097785949707,3.00673770904541,0.7882795333862305,0,-1,1,162,1.0,2.0,162,0.5635152459144592,0,0.0,0,0.0,0,10.478873252868652,0,5
SH,FVD,137,2525,415,415,41.5,0.2858278155326843,0.4107259511947632,3.672992706298828,4.352628707885742,0.4697168171405792,0,-1,1,88,0.21204819277108433,2.0,415,1.7706844806671143,0,0.0,0,0.0,0,8.292366027832031,0,5
SH,FVD,137,2526,877,877,87.7,0.2150617390871048,0.2745424509048462,8.985451698303223,10.040105819702148,0.5869616866111755,0,-1,1,54,0.06157354618015964,2.0,877,1.9172357320785522,0,0.0,0,0.0,0,6.300812244415283,2,7
SH,FVD,137,2527,292,292,29.200000000000003,0.24258673191070557,0.3690730333328247,2.918485641479492,5.149313926696777,0.6805669069290161,0,-1,0,0,0.0,2.0,292,3.7966256141662598,0,0.0,0,0.0,0,3.8510589599609375,1,6
SH,FVD,137,2528,866,866,86.60000000000001,0.4505192041397095,0.6397774815559387,10.503003120422363,11.106061935424805,7.156261444091797,1,268,1,268,0.3094688221709007,2.0,268,0.0,0,0.0,0,0.0,0,0.0,2,7
SH,FVD,137,2529,278,278,27.8,0.2701452374458313,0.4369924068450928,1.1737595796585083,1.507363200187683,0.5123574137687683,0,-1,1,205,0.737410071942446,2.0,278,0.8515303730964661,0,0.0,0,0.0,0,6.286194324493408,0,5
SH,FVD,137,2530,396,396,39.6,0.1290711760520935,0.16056221723556519,7.797659873962402,8.712685585021973,0.5278993248939514,0,-1,1,396,1.0,2.0,396,1.3032828569412231,0,0.0,0,0.0,0,25.775785446166992,0,5
SH,FVD,137,2531,227,227,22.700000000000003,0.4572451710700989,0.5355469584465027,3.9986307621002197,4.684523582458496,0.9724857211112976,0,-1,1,24,0.10572687224669604,2.0,227,1.5765303373336792,0,0.0,0,0.0,0,18.74929428100586,1,6
SH,FVD,137,2532,165,165,16.5,0.49950525164604187,0.5935708284378052,5.099273681640625,6.2495503425598145,1.6900615692138672,1,99,1,99,0.6,2.0,99,0.0,0,0.0,0,0.0,0,0.0,2,7
SH,FVD,137,2533,169,169,16.900000000000002,0.36315709352493286,0.4273654520511627,3.2954952716827393,3.7095389366149902,0.5813536047935486,0,-1,0,0,0.0,2.0,169,3.1229758262634277,0,0.0,0,0.0,0,7.5821614265441895,0,5
SH,FVD,137,2534,289,289,28.900000000000002,0.17175133526325226,0.21393822133541107,11.262521743774414,14.480973243713379,1.0998681783676147,0,-1,1,192,0.6643598615916955,2.0,289,1.6430078744888306,0,0.0,0,0.0,0,37.48126220703125,0,5
SH,FVD,137,2535,143,143,14.3,0.2854081988334656,0.3792364299297333,6.152609348297119,6.860345363616943,0.7503343820571899,0,-1,0,0,0.0,2.0,143,3.8408501148223877,0,0.0,0,0.0,0,4.64957332611084,2,7
SH,FVD,137,2536,196,196,19.6,0.24655155837535858,0.28807979822158813,3.9330523014068604,5.611547470092773,0.8016363382339478,0,-1,0,0,0.0,2.0,196,2.090916156768799,0,0.0,0,0.0,0,47.77442169189453,2,7
SH,FVD,137,2537,132,132,13.200000000000001,0.3590104877948761,0.48466095328330994,0.8474459052085876,1.1922767162322998,0.5405816435813904,1,125,1,36,0.2727272727272727,2.0,125,0.0,0,0.0,0,0.0,0,0.0,2,7
SH,FVD,137,2538,4054,4054,405.40000000000003,0.3484383523464203,0.471915066242218,9.641134262084961,12.31579875946045,5.969076156616211,1,98,1,98,0.024173655648741982,2.0,98,0.0,0,0.0,0,0.0,0,0.0,0,5
SH,FVD,137,2539,377,377,37.7,0.3595845401287079,0.5015243291854858,7.2024688720703125,8.189347267150879,1.6020290851593018,1,195,1,75,0.1989389920424403,2.0,195,0.0,0,0.0,0,0.0,0,0.0,1,6
SH,FVD,137,2540,242,242,24.200000000000003,0.3379065692424774,0.38800111413002014,17.08864402770996,22.04969596862793,1.5655264854431152,0,-1,1,242,1.0,2.0,242,1.083988904953003,0,0.0,0,0.0,0,15.552237510681152,1,6
SH,FVD,137,2541,161,161,16.1,0.37662845849990845,0.4747689664363861,8.248926162719727,10.67877197265625,1.541773796081543,0,-1,0,0,0.0,2.0,161,3.1056926250457764,0,0.0,0,0.0,0,27.697574615478516,0,5
SH,FVD,137,2542,205,205,20.5,0.4057023227214813,0.49418118596076965,6.0200676918029785,7.131110191345215,0.9924451112747192,0,-1,0,0,0.0,2.0,205,2.6525368690490723,0,0.0,0,0.0,0,2.2278554439544678,2,7
SH,FVD,137,2543,263,263,26.3,0.3762732446193695,0.5392071604728699,1.1467307806015015,1.445188283920288,0.6841416954994202,0,-1,1,97,0.3688212927756654,2.0,263,1.3470745086669922,0,0.0,0,0.0,0,5.487804889678955,0,5
SH,FVD,137,2544,189,189,18.900000000000002,0.10591373592615128,0.13811077177524567,4.674675941467285,6.443531513214111,0.7127089500427246,0,-1,1,189,1.0,2.0,189,1.510850429534912,0,0.0,0,0.0,0,21.538524627685547,2,7
SH,FVD,137,2545,154,154,15.4,0.3009953796863556,0.4199373722076416,4.1320881843566895,5.152834415435791,1.250205397605896,1,81,1,46,0.2987012987012987,2.0,81,0.0,0,0.0,0,0.0,0,0.0,0,5
SH,FVD,137,2546,232,232,23.200000000000003,0.1563895344734192,0.20834887027740479,0.34595245122909546,0.4978552460670471,0.15740981698036194,0,-1,1,232,1.0,2.0,232,0.7927000522613525,0,0.0,0,0.0,0,18.637523651123047,0,5
SH,FVD,137,2547,318,318,31.8,0.2893404960632324,0.3533674478530884,2.3250746726989746,2.631476879119873,0.4798215925693512,0,-1,0,0,0.0,2.0,318,2.585050582885742,0,0.0,0,0.0,0,4.48811674118042,2,7
SH,FVD,137,2548,164,164,16.400000000000002,0.33693191409111023,0.4785022437572479,8.095036506652832,10.276322364807129,1.1612491607666016,0,-1,1,55,0.3353658536585366,2.0,164,1.6368718147277832,0,0.0,0,0.0,0,22.09529685974121,1,6
SH,FVD,137,2549,203,203,20.3,0.40810251235961914,0.5320329070091248,6.238661766052246,7.476711273193359,1.2762820720672607,0,-1,1,25,0.12315270935960591,2.0,203,0.5089743137359619,0,0.0,0,0.0,0,1.1638736724853516,0,5
SH,FVD,137,2550,146,146,14.600000000000001,0.48112139105796814,0.628906786441803,15.922123908996582,18.82345962524414,2.3722541332244873,0,-1,1,28,0.1917808219178082,2.0,146,1.3297128677368164,0,0.0,0,0.0,0,3.7693898677825928,0,5
SH,FVD,137,2551,245,245,24.5,0.20955313742160797,0.26311632990837097,4.740642070770264,6.097297668457031,0.5622531175613403,0,-1,1,245,1.0,2.0,245,0.9448711276054382,0,0.0,0,0.0,0,15.776998519897461,1,6
SH,FVD,137,2552,131,131,13.100000000000001,0.45373082160949707,0.5503435134887695,3.58610463142395,3.8928351402282715,0.8055486679077148,0,-1,0,0,0.0,2.0,131,2.0122230052948,0,0.0,0,0.0,0,1.9817837476730347,1,6
SH,FVD,137,2553,133,133,13.3,0.25995728373527527,0.30198249220848083,5.544210433959961,6.760577201843262,1.042254090309143,0,-1,0,0,0.0,2.0,133,2.774170160293579,0,0.0,0,0.0,0,21.917560577392578,0,5
SH,FVD,137,2554,246,246,24.6,0.1804937720298767,0.2377801239490509,1.215915560722351,1.410271167755127,0.2439737617969513,0,-1,1,246,1.0,2.0,246,0.42452090978622437,0,0.0,0,0.0,0,1.4084479808807373,1,6
SH,FVD,137,2555,239,239,23.900000000000002,0.5836049318313599,0.7518038749694824,7.995705604553223,8.64698314666748,2.701890230178833,1,52,1,52,0.2175732217573222,2.0,52,0.0,0,0.0,0,0.0,0,0.0,1,6
SH,FVD,137,2556,277,277,27.700000000000003,0.27220362424850464,0.3573255240917206,3.076641798019409,3.335594415664673,0.41205647587776184,0,-1,1,220,0.7942238267148014,2.0,277,1.5454223155975342,0,0.0,0,0.0,0,11.534329414367676,2,7
SH,FVD,137,2557,172,172,17.2,0.2388787865638733,0.3467947840690613,2.4564108848571777,3.5658209323883057,1.7635153532028198,1,154,1,154,0.8953488372093024,2.0,154,0.0,0,0.0,0,0.0,0,0.0,1,6
SH,FVD,137,2558,177,177,17.7,0.4410422444343567,0.5259191989898682,5.161830902099609,6.860429763793945,0.9946673512458801,0,-1,1,129,0.7288135593220338,2.0,177,1.1500988006591797,0,0.0,0,0.0,0,8.628780364990234,0,5
SH,FVD,137,2559,207,207,20.700000000000003,0.2517216205596924,0.33301451802253723,4.539490699768066,5.053842544555664,0.5934429168701172,0,-1,1,207,1.0,2.0,207,0.6202365756034851,0,0.0,0,0.0,0,10.954723358154297,0,5
SH,FVD,137,2560,190,190,19.0,0.4505935609340668,0.5537128448486328,2.6927714347839355,3.5879018306732178,0.7074583172798157,1,129,1,49,0.2578947368421053,2.0,129,0.0,0,0.0,0,0.0,0,0.0,0,5
SH,FVD,137,2561,311,311,31.1,0.3636401891708374,0.444940984249115,3.9014830589294434,4.478930950164795,1.1947989463806152,1,245,1,245,0.7877813504823151,2.0,245,0.0,0,0.0,0,0.0,0,0.0,2,7
SH,FVD,137,2562,718,718,71.8,0.1892029047012329,0.2417818009853363,9.278278350830078,12.20792007446289,0.7662734389305115,0,-1,1,645,0.8983286908077994,2.0,718,0.39294561743736267,0,0.0,0,0.0,0,5.907947063446045,0,5
SH,FVD,137,2563,148,148,14.8,0.5926826000213623,0.6560223698616028,6.136201858520508,6.921388149261475,1.2929922342300415,0,-1,1,10,0.06756756756756757,2.0,148,1.4320268630981445,0,0.0,0,0.0,0,4.89132022857666,2,7
SH,FVD,137,2564,171,171,17.1,0.3780524730682373,0.47544196248054504,8.750737190246582,9.782804489135742,3.145984411239624,1,100,1,100,0.5847953216374269,2.0,100,0.0,0,0.0,0,0.0,0,0.0,1,6
SH,FVD,137,2565,190,190,19.0,0.35060277581214905,0.534853994846344,2.0119597911834717,2.3449344635009766,0.538212239742279,0,-1,1,99,0.5210526315789473,2.0,190,1.1907603740692139,0,0.0,0,0.0,0,11.50399398803711,1,6
SH,FVD,137,2566,682,682,68.2,0.33377528190612793,0.40266725420951843,12.20994758605957,13.307868957519531,0.5546330809593201,0,-1,0,0,0.0,2.0,682,2.7096054553985596,0,0.0,0,0.0,0,3.6288034915924072,2,7
SH,FVD,137,2567,350,350,35.0,0.30305999517440796,0.5229004621505737,7.212163925170898,8.99583625793457,1.3755755424499512,0,-1,0,0,0.0,2.0,350,2.1228325366973877,0,0.0,0,0.0,0,38.392791748046875,0,5
SH,FVD,137,2568,153,153,15.3,0.31326058506965637,0.4043194055557251,1.922622799873352,2.516590118408203,0.4399644434452057,0,-1,1,43,0.28104575163398693,2.0,153,1.3856247663497925,0,0.0,0,0.0,0,6.9289045333862305,2,7
SH,FVD,137,2569,481,481,48.1,0.22442485392093658,0.3021390438079834,4.796187877655029,5.582696437835693,2.9217658042907715,1,395,1,329,0.683991683991684,2.0,395,0.0,0,0.0,0,0.0,0,0.0,0,5
SH,FVD,137,2570,206,206,20.6,0.24432790279388428,0.3019864857196808,3.740910530090332,5.174869060516357,0.7875776290893555,0,-1,1,187,0.9077669902912622,2.0,206,1.6126384735107422,0,0.0,0,0.0,0,16.754451751708984,0,5
SH,FVD,137,2571,708,708,70.8,0.251778781414032,0.32050374150276184,14.224480628967285,15.88475227355957,0.7786511778831482,0,-1,1,656,0.9265536723163842,2.0,708,0.0983794555068016,0,0.0,0,0.0,0,1.9207791090011597,1,6
SH,FVD,137,2572,439,439,43.900000000000006,0.47558799386024475,0.5900801420211792,4.913273334503174,5.954071044921875,1.239281415939331,1,376,1,376,0.856492027334852,2.0,376,0.0,0,0.0,0,0.0,0,0.0,0,5
SH,FVD,137,2573,400,400,40.0,0.4327099919319153,0.5580990314483643,7.641983509063721,8.958415985107422,1.0572683811187744,0,-1,1,188,0.47,2.0,400,1.3614349365234375,0,0.0,0,0.0,0,5.6352996826171875,1,6
SH,FVD,137,2574,326,326,32.6,0.23842300474643707,0.2783186137676239,1.5680946111679077,1.9634839296340942,0.5221379399299622,0,-1,1,3,0.009202453987730062,2.0,326,1.9591532945632935,0,0.0,0,0.0,0,23.789918899536133,0,5
SH,FVD,137,2575,155,155,15.5,0.5168510675430298,0.7147417068481445,6.7379937171936035,7.941467761993408,0.970707356929779,0,-1,1,155,1.0,2.0,155,0.66515052318573,0,0.0,0,0.0,0,8.875556945800781,1,6
SH,FVD,137,2576,304,304,30.400000000000002,0.18559473752975464,0.24033495783805847,3.812239408493042,4.297421455383301,0.6268004179000854,0,-1,1,294,0.9671052631578947,2.0,304,1.1771161556243896,0,0.0,0,0.0,0,24.940570831298828,0,5
SH,FVD,137,2577,935,935,93.5,0.3684530258178711,0.4912393391132355,6.871346473693848,8.642919540405273,2.0835540294647217,1,695,1,695,0.7433155080213903,2.0,695,0.0,0,0.0,0,0.0,0,0.0,1,6
SH,FVD,137,2578,177,177,17.7,0.27727049589157104,0.47559335827827454,1.9835387468338013,2.266068696975708,0.3012084364891052,0,-1,1,177,1.0,2.0,177,0.42981091141700745,0,0.0,0,0.0,0,6.303310394287109,1,6
SH,FVD,137,2579,292,292,29.200000000000003,0.4153771698474884,0.500096321105957,2.7685484886169434,3.1166889667510986,0.8633642792701721,1,221,1,68,0.2328767123287671,2.0,221,0.0,0,0.0,0,0.0,0,0.0,2,7
SH,FVD,137,2580,440,440,44.0,0.4070703983306885,0.5097433924674988,3.735109806060791,4.6926679611206055,0.9059007167816162,0,-1,1,245,0.5568181818181818,2.0,440,0.783378005027771,0,0.0,0,0.0,0,3.660625457763672,0,5
SH,FVD,137,2581,234,234,23.400000000000002,0.43412846326828003,0.5743868350982666,7.832019805908203,8.805456161499023,1.0708954334259033,0,-1,0,0,0.0,2.0,234,2.4145660400390625,0,0.0,0,0.0,0,3.440769910812378,1,6
SH,FVD,137,2582,362,362,36.2,0.36053332686424255,0.44934290647506714,13.87307071685791,16.26114273071289,1.5784974098205566,1,262,1,42,0.11602209944751381,2.0,262,0.0,0,0.0,0,0.0,0,0.0,1,6
SH,FVD,137,2583,133,133,13.3,0.17040473222732544,0.2260867804288864,1.8071473836898804,2.307609796524048,0.36569732427597046,0,-1,0,0,0.0,2.0,133,6.0534539222717285,0,0.0,0,0.0,0,7.490975856781006,1,6
SH,FVD,137,2584,327,327,32.7,0.21100910007953644,0.26227110624313354,2.788095712661743,3.3085484504699707,0.5927184820175171,0,-1,1,325,0.9938837920489296,2.0,327,0.7374532222747803,0,0.0,0,0.0,0,9.308701515197754,1,6
SH,FVD,137,2585,232,232,23.200000000000003,0.49917086958885193,0.6457796692848206,2.7152979373931885,3.4433634281158447,0.7780171632766724,0,-1,1,232,1.0,2.0,232,0.19194097816944122,0,0.0,0,0.0,0,2.76558256149292,1,6
SH,FVD,137,2586,241,241,24.1,0.2583371102809906,0.3312857151031494,2.0482382774353027,2.4164955615997314,0.5537719130516052,0,-1,1,241,1.0,2.0,241,0.4331117272377014,0,0.0,0,0.0,0,3.154296636581421,1,6
SH,FVD,137,2587,287,287,28.700000000000003,0.21562305092811584,0.28943026065826416,1.7646361589431763,2.0805015563964844,0.3695541024208069,0,-1,1,287,1.0,2.0,287,1.1110167503356934,0,0.0,0,0.0,0,10.454225540161133,0,5
SH,FVD,137,2588,248,248,24.8,0.39923107624053955,0.5775661468505859,1.571408748626709,2.59637713432312,0.5821552276611328,0,-1,1,248,1.0,2.0,248,0.6135036945343018,0,0.0,0,0.0,0,7.363404273986816,0,5
SH,FVD,137,2589,216,216,21.6,0.13090158998966217,0.18086233735084534,7.845187187194824,10.620625495910645,0.954304575920105,0,-1,0,0,0.0,2.0,216,2.3184311389923096,0,0.0,0,0.0,0,45.67581558227539,1,6
SH,FVD,137,2590,146,146,14.600000000000001,0.34564661979675293,0.46995067596435547,5.923685550689697,7.016559600830078,0.8073933720588684,0,-1,0,0,0.0,2.0,146,2.6178650856018066,0,0.0,0,0.0,0,10.384330749511719,1,6
SH,FVD,137,2591,144,144,14.4,0.3556831181049347,0.46584856510162354,2.53531813621521,2.9712612628936768,0.5567694306373596,0,-1,0,0,0.0,2.0,144,4.8026580810546875,0,0.0,0,0.0,0,6.559403896331787,2,7
SH,FVD,137,2592,517,517,51.7,0.11398972570896149,0.14926622807979584,13.724995613098145,16.47991180419922,0.5075191259384155,0,-1,1,238,0.46034816247582205,2.0,517,1.6703288555145264,0,0.0,0,0.0,0,36.052677154541016,1,6
SH,FVD,137,2593,989,989,98.9,0.23281674087047577,0.27509939670562744,16.588008880615234,20.053585052490234,11.277837753295898,1,398,1,398,0.4024266936299292,2.0,398,0.0,0,0.0,0,0.0,0,0.0,1,6
SH,FVD,137,2594,152,152,15.200000000000001,0.2255299687385559,0.266038179397583,4.404270172119141,5.048069477081299,0.5647767186164856,0,-1,0,0,0.0,2.0,152,2.8383262157440186,0,0.0,0,0.0,0,21.928354263305664,0,5
SH,FVD,137,2595,159,159,15.9,0.2407952845096588,0.313087522983551,9.265848159790039,10.94646167755127,1.2997061014175415,0,-1,0,0,0.0,2.0,159,2.1328206062316895,0,0.0,0,0.0,0,3.6179254055023193,2,7
SH,FVD,137,2596,284,284,28.400000000000002,0.36917218565940857,0.48138150572776794,6.413038730621338,6.870792388916016,0.7429238557815552,0,-1,0,0,0.0,2.0,284,2.067004919052124,0,0.0,0,0.0,0,8.65271282196045,2,7
SH,FVD,137,2597,225,225,22.5,0.2269694209098816,0.28523221611976624,2.7468936443328857,3.1895065307617188,0.3288249969482422,0,-1,1,7,0.03111111111111111,2.0,225,1.6931166648864746,0,0.0,0,0.0,0,2.561948299407959,1,6
SH,FVD,137,2598,371,371,37.1,0.24068991839885712,0.31780701875686646,5.26902961730957,6.444800853729248,0.39353880286216736,0,-1,1,371,1.0,2.0,371,0.4455586373806,0,0.0,0,0.0,0,6.529094696044922,2,7
SH,FVD,137,2599,188,188,18.8,0.7052002549171448,0.8240307569503784,14.763626098632812,20.221599578857422,2.3070836067199707,0,-1,0,0,0.0,2.0,188,4.335141181945801,0,0.0,0,0.0,0,41.31528091430664,2,7
SH,FVD,137,2600,504,504,50.400000000000006,0.30068260431289673,0.45660147070884705,3.3276705741882324,4.233191967010498,0.5051243305206299,0,-1,1,184,0.36507936507936506,2.0,504,0.5809454321861267,0,0.0,0,0.0,0,1.0173012018203735,2,7
SH,FVD,137,2601,353,353,35.300000000000004,0.4046090841293335,0.48949867486953735,7.551932334899902,8.41306209564209,0.6608032584190369,0,-1,1,17,0.04815864022662889,2.0,353,1.0648707151412964,0,0.0,0,0.0,0,2.6908984184265137,1,6
SH,FVD,137,2602,500,500,50.0,0.17242799699306488,0.22426171600818634,3.7848732471466064,4.492642402648926,0.2757413387298584,0,-1,1,500,1.0,2.0,500,0.914539098739624,0,0.0,0,0.0,0,16.516834259033203,0,5
SH,FVD,137,2603,141,141,14.100000000000001,0.11818639934062958,0.1683320850133896,6.6349945068359375,7.993196487426758,0.9990299344062805,0,-1,1,141,1.0,2.0,141,1.057012677192688,0,0.0,0,0.0,0,19.452518463134766,1,6
SH,FVD,137,2604,811,811,81.10000000000001,0.43913403153419495,0.5711941123008728,6.907691478729248,10.677558898925781,3.76832914352417,1,637,1,637,0.7854500616522812,2.0,637,0.0,0,0.0,0,0.0,0,0.0,1,6
SH,FVD,137,2605,160,160,16.0,0.16526499390602112,0.22003118693828583,1.8888975381851196,2.7023322582244873,0.9166191816329956,1,138,1,138,0.8625,2.0,138,0.0,0,0.0,0,0.0,0,0.0,2,7
SH,FVD,137,2606,138,138,13.8,0.219952791929245,0.3515423834323883,1.144694209098816,1.3754373788833618,0.34142065048217773,0,-1,0,0,0.0,2.0,138,3.2095861434936523,0,0.0,0,0.0,0,9.295735359191895,0,5
SH,FVD,137,2607,209,209,20.900000000000002,0.433801531791687,0.5273160338401794,2.7988526821136475,3.1561334133148193,0.9595241546630859,1,170,1,170,0.8133971291866029,2.0,170,0.0,0,0.0,0,0.0,0,0.0,1,6
SH,FVD,137,2608,392,392,39.2,0.39383265376091003,0.5331070423126221,7.787490367889404,10.325737953186035,1.0918424129486084,0,-1,1,114,0.29081632653061223,2.0,392,1.2604901790618896,0,0.0,0,0.0,0,4.91740083694458,2,7
SH,FVD,137,2609,495,495,49.5,0.315438449382782,0.3972962498664856,2.031754493713379,2.3065669536590576,0.4512486457824707,0,-1,1,495,1.0,2.0,495,0.29596424102783203,0,0.0,0,0.0,0,3.446737766265869,0,5
SH,FVD,137,2610,182,182,18.2,0.8092001676559448,1.0616917610168457,10.766648292541504,13.85368537902832,1.2758451700210571,0,-1,1,182,1.0,2.0,182,0.24589985609054565,0,0.0,0,0.0,0,3.9678475856781006,0,5
SH,FVD,137,2611,197,197,19.700000000000003,0.430221825838089,0.5111944675445557,5.021229267120361,5.645883083343506,0.9727640151977539,0,-1,1,197,1.0,2.0,197,1.101309061050415,0,0.0,0,0.0,0,21.6662654876709,0,5
SH,FVD,137,2612,153,153,15.3,0.2680574059486389,0.33208951354026794,0.6401776671409607,0.764116108417511,0.3749125003814697,0,-1,0,0,0.0,2.0,153,4.437749862670898,0,0.0,0,0.0,0,7.9701738357543945,0,5
SH,FVD,137,2613,155,155,15.5,0.5046558380126953,0.6015152335166931,7.271061420440674,8.185626983642578,0.8898800611495972,0,-1,1,155,1.0,2.0,155,0.3023664653301239,0,0.0,0,0.0,0,2.9206531047821045,2,7
SH,FVD,137,2614,322,322,32.2,0.39160045981407166,0.5297366976737976,9.26801586151123,11.347475051879883,1.4560966491699219,1,295,1,123,0.38198757763975155,2.0,295,0.0,0,0.0,0,0.0,0,0.0,2,7
SH,FVD,137,2615,230,230,23.0,0.3275532126426697,0.43101245164871216,2.245990753173828,2.5031046867370605,0.512803852558136,0,-1,1,230,1.0,2.0,230,0.704452395439148,0,0.0,0,0.0,0,14.476058959960938,0,5
SH,FVD,137,2616,234,234,23.400000000000002,0.26598143577575684,0.3302781581878662,11.145844459533691,12.76117992401123,1.066444754600525,0,-1,1,156,0.6666666666666666,2.0,234,0.6642097234725952,0,0.0,0,0.0,0,11.103293418884277,2,7
SH,FVD,137,2617,197,197,19.700000000000003,0.35654202103614807,0.4303533732891083,4.111810684204102,5.986568450927734,0.8681185245513916,0,-1,1,197,1.0,2.0,197,0.7461824417114258,0,0.0,0,0.0,0,12.55302619934082,1,6
SH,FVD,137,2618,194,194,19.400000000000002,0.2919868230819702,0.39123913645744324,8.208599090576172,9.568525314331055,0.935916006565094,0,-1,0,0,0.0,2.0,194,2.391946792602539,0,0.0,0,0.0,0,3.281562089920044,0,5
SH,FVD,137,2619,407,407,40.7,0.30932527780532837,0.39697664976119995,4.568413257598877,6.098008632659912,1.8099560737609863,1,378,1,378,0.9287469287469288,2.0,378,0.0,0,0.0,0,0.0,0,0.0,0,5
SH,FVD,137,2620,227,227,22.700000000000003,0.3905825614929199,0.48386257886886597,7.086822986602783,8.78611946105957,1.6022915840148926,0,-1,1,19,0.08370044052863436,2.0,227,1.7056094408035278,0,0.0,0,0.0,0,8.1978759765625,2,7
SH,FVD,137,2621,691,691,69.10000000000001,0.15083162486553192,0.18516185879707336,4.9228386878967285,5.866562366485596,0.4729102849960327,0,-1,1,691,1.0,2.0,691,0.45635437965393066,0,0.0,0,0.0,0,7.933316230773926,2,7
SH,FVD,137,2622,254,254,25.400000000000002,0.2601480484008789,0.3279288113117218,2.2986414432525635,2.4865784645080566,0.49206677079200745,0,-1,1,20,0.07874015748031496,2.0,254,1.8743171691894531,0,0.0,0,0.0,0,3.292013168334961,0,5
SH,FVD,137,2623,239,239,23.900000000000002,0.2254428118467331,0.2943641245365143,5.951646327972412,6.95805549621582,0.6939602494239807,0,-1,0,0,0.0,2.0,239,2.1299984455108643,0,0.0,0,0.0,0,2.2003567218780518,2,7
SH,FVD,137,2624,203,203,20.3,0.264032781124115,0.32919079065322876,8.244800567626953,10.57910442352295,1.0110385417938232,0,-1,1,203,1.0,2.0,203,0.8662346005439758,0,0.0,0,0.0,0,19.341144561767578,1,6
SH,FVD,137,2625,275,275,27.5,0.23917053639888763,0.2951095998287201,4.997410297393799,5.777423858642578,0.46837425231933594,0,-1,0,0,0.0,2.0,275,2.903635263442993,0,0.0,0,0.0,0,19.304243087768555,0,5
SH,FVD,137,2626,132,132,13.200000000000001,0.2030615210533142,0.23949214816093445,2.6987428665161133,3.7723028659820557,0.6714858412742615,0,-1,0,0,0.0,2.0,132,3.038646936416626,0,0.0,0,0.0,0,27.179800033569336,0,5
SH,FVD,137,2627,160,160,16.0,0.2615722417831421,0.34925660490989685,5.270716667175293,5.928971767425537,0.6499315500259399,0,-1,1,85,0.53125,2.0,160,1.4204484224319458,0,0.0,0,0.0,0,9.22292709350586,0,5
SH,FVD,137,2628,184,184,18.400000000000002,0.4439041316509247,0.5874505043029785,2.786651849746704,4.227503776550293,1.5041011571884155,1,98,1,98,0.532608695652174,2.0,98,0.0,0,0.0,0,0.0,0,0.0,2,7
SH,FVD,137,2629,168,168,16.8,0.3863644301891327,0.5019209980964661,5.984928131103516,9.134678840637207,1.1971502304077148,0,-1,0,0,0.0,2.0,168,2.104595422744751,0,0.0,0,0.0,0,27.59942626953125,0,5
SH,FVD,137,2630,619,619,61.900000000000006,0.19273419678211212,0.2501981556415558,3.963423013687134,5.273751735687256,0.30796536803245544,0,-1,1,619,1.0,2.0,619,1.3569378852844238,0,0.0,0,0.0,0,6.217032432556152,2,7
SH,FVD,137,2631,246,246,24.6,0.30101338028907776,0.39683765172958374,4.804041385650635,6.722111701965332,1.2520570755004883,0,-1,0,0,0.0,2.0,246,3.224766731262207,0,0.0,0,0.0,0,4.362175464630127,2,7
SH,FVD,137,2632,148,148,14.8,0.2805642783641815,0.35743892192840576,2.16027569770813,3.222048282623291,0.643639862537384,0,-1,1,148,1.0,2.0,148,0.3426501452922821,0,0.0,0,0.0,0,4.813689708709717,0,5
SH,FVD,137,2633,413,413,41.300000000000004,0.28482499718666077,0.40930867195129395,2.311032772064209,2.5344724655151367,1.227409839630127,1,240,1,240,0.5811138014527845,2.0,240,0.0,0,0.0,0,0.0,0,0.0,1,6
SH,FVD,137,2634,165,165,16.5,0.4834674298763275,0.6105883717536926,3.10154390335083,3.2680459022521973,5.041384220123291,1,32,1,32,0.19393939393939394,2.0,32,0.0,0,0.0,0,0.0,0,0.0,0,5
SH,FVD,137,2635,191,191,19.1,0.3943308889865875,0.475046306848526,8.64312744140625,11.312567710876465,1.0983831882476807,0,-1,0,0,0.0,2.0,191,3.32119083404541,0,0.0,0,0.0,0,32.4290657043457,2,7
SH,FVD,137,2636,220,220,22.0,0.2280222326517105,0.3544698655605316,5.771958827972412,7.890080451965332,1.8922476768493652,1,32,1,32,0.14545454545454545,2.0,32,0.0,0,0.0,0,0.0,0,0.0,2,7
SH,FVD,137,2637,259,259,25.900000000000002,0.29638567566871643,0.4121142327785492,3.631096839904785,4.10466194152832,2.232700824737549,1,77,1,72,0.277992277992278,2.0,77,0.0,0,0.0,0,0.0,0,0.0,1,6
SH,FVD,137,2638,184,184,18.400000000000002,0.28541240096092224,0.3441094160079956,1.717145323753357,1.9876813888549805,0.5291707515716553,0,-1,1,184,1.0,2.0,184,1.188962697982788,0,0.0,0,0.0,0,22.744972229003906,0,5
SH,FVD,137,2639,1280,1280,128.0,0.37567588686943054,0.4844447374343872,4.7372727394104,5.039032459259033,3.7089600563049316,1,83,1,83,0.06484375,2.0,83,0.0,0,0.0,0,0.0,0,0.0,2,7
SH,FVD,137,2640,176,176,17.6,0.26708266139030457,0.35871800780296326,1.1419155597686768,1.9216930866241455,0.6095068454742432,0,-1,0,0,0.0,2.0,176,3.96848464012146,0,0.0,0,0.0,0,55.5601692199707,0,5
SH,FVD,137,2641,283,283,28.3,0.1730562448501587,0.2573014795780182,6.006928443908691,6.748839378356934,0.29617905616760254,0,-1,1,283,1.0,2.0,283,0.13105128705501556,0,0.0,0,0.0,0,1.9940111637115479,0,5
SH,FVD,137,2642,136,136,13.600000000000001,0.297772616147995,0.4042028486728668,1.7793941497802734,2.1295981407165527,0.40089529752731323,0,-1,1,136,1.0,2.0,136,0.2716325521469116,0,0.0,0,0.0,0,3.9445698261260986,2,7
SH,FVD,137,2643,169,169,16.900000000000002,0.28709596395492554,0.37598127126693726,1.738089680671692,1.9828002452850342,0.3235011696815491,1,164,1,29,0.17159763313609466,2.0,164,0.0,0,0.0,0,0.0,0,0.0,1,6
SH,FVD,137,2644,149,149,14.9,0.40499117970466614,0.5294503569602966,2.8180501461029053,3.095980405807495,0.5771604180335999,0,-1,0,0,0.0,2.0,149,5.467193603515625,0,0.0,0,0.0,0,4.755502223968506,1,6
SH,FVD,137,2645,250,250,25.0,0.41179215908050537,0.5863210558891296,1.7028145790100098,2.2404980659484863,1.0360960960388184,1,129,1,105,0.42,2.0,129,0.0,0,0.0,0,0.0,0,0.0,1,6
SH,FVD,137,2646,168,168,16.8,0.36933013796806335,0.5018324851989746,2.9464337825775146,3.404165744781494,2.5946357250213623,1,76,1,76,0.4523809523809524,2.0,76,0.0,0,0.0,0,0.0,0,0.0,1,6
SH,FVD,137,2647,536,536,53.6,0.28098657727241516,0.3611236810684204,10.13237476348877,14.285362243652344,1.480011224746704,1,479,1,336,0.6268656716417911,2.0,479,0.0,0,0.0,0,0.0,0,0.0,1,6
SH,FVD,137,2648,335,335,33.5,0.17868725955486298,0.2281915247440338,2.962306499481201,3.3054232597351074,0.28335070610046387,0,-1,1,335,1.0,2.0,335,1.1717581748962402,0,0.0,0,0.0,0,6.252508640289307,0,5
SH,FVD,137,2649,190,190,19.0,0.32891231775283813,0.4009478688240051,1.7753880023956299,2.2010207176208496,0.4841882884502411,0,-1,1,190,1.0,2.0,190,1.2519941329956055,0,0.0,0,0.0,0,20.66884422302246,2,7
SH,FVD,137,2650,165,165,16.5,0.24922975897789001,0.3411608636379242,5.306736946105957,6.697084903717041,0.6868877410888672,0,-1,1,44,0.26666666666666666,2.0,165,1.277740716934204,0,0.0,0,0.0,0,33.20594024658203,1,6
SH,FVD,137,2651,209,209,20.900000000000002,0.14145302772521973,0.17534635961055756,3.7350804805755615,4.215276718139648,0.3279438316822052,0,-1,1,115,0.5502392344497608,2.0,209,1.7460094690322876,0,0.0,0,0.0,0,17.53758430480957,2,7
SH,FVD,137,2652,214,214,21.400000000000002,0.3372732996940613,0.499695748090744,1.3134392499923706,1.6346513032913208,0.5069917440414429,1,198,1,87,0.40654205607476634,2.0,198,0.0,0,0.0,0,0.0,0,0.0,1,6
SH,FVD,137,2653,238,238,23.8,0.1540323942899704,0.1895473748445511,0.6064370274543762,0.7308825850486755,0.23670721054077148,0,-1,1,1,0.004201680672268907,2.0,238,1.992576241493225,0,0.0,0,0.0,0,11.019506454467773,2,7
SH,FVD,137,2654,316,316,31.6,0.19867512583732605,0.24973462522029877,5.672585964202881,6.709875106811523,1.0616822242736816,0,-1,1,221,0.6993670886075949,2.0,316,0.9610857963562012,0,0.0,0,0.0,0,23.130088806152344,1,6
SH,FVD,137,2655,609,609,60.900000000000006,0.7914267182350159,0.908441424369812,37.521419525146484,47.774723052978516,4.896152019500732,1,456,1,35,0.05747126436781609,2.0,456,0.0,0,0.0,0,0.0,0,0.0,1,6
SH,FVD,137,2656,139,139,13.9,0.4090167284011841,0.7357667088508606,1.7948341369628906,2.0279667377471924,1.3752177953720093,1,105,1,86,0.6187050359712231,2.0,105,0.0,0,0.0,0,0.0,0,0.0,0,5
SH,FVD,137,2657,256,256,25.6,0.1805139183998108,0.2502208352088928,9.637181282043457,13.180581092834473,1.0839810371398926,0,-1,1,256,1.0,2.0,256,1.6001412868499756,0,0.0,0,0.0,0,32.567413330078125,0,5
SH,FVD,137,2658,470,470,47.0,0.33828699588775635,0.4007473289966583,20.446557998657227,23.997303009033203,1.012454628944397,0,-1,0,0,0.0,2.0,470,2.0202901363372803,0,0.0,0,0.0,0,2.147040367126465,0,5
SH,FVD,137,2659,141,141,14.100000000000001,0.3632509410381317,0.43830862641334534,0.5371639132499695,0.7663026452064514,0.41122862696647644,0,-1,0,0,0.0,2.0,141,3.1833629608154297,0,0.0,0,0.0,0,3.1708014011383057,2,7
SH,FVD,137,2660,174,174,17.400000000000002,0.6437385678291321,0.8372446894645691,6.125317573547363,7.056024551391602,1.5911585092544556,0,-1,0,0,0.0,2.0,174,2.3502395153045654,0,0.0,0,0.0,0,14.581707000732422,2,7
SH,FVD,137,2661,246,246,24.6,0.20578332245349884,0.25089791417121887,7.223816394805908,10.074010848999023,0.8628472685813904,0,-1,1,246,1.0,2.0,246,0.7643141746520996,0,0.0,0,0.0,0,18.592037200927734,0,5
SH,FVD,137,2662,384,384,38.400000000000006,0.3098749816417694,0.4067493975162506,3.963425874710083,5.5893049240112305,1.4063016176223755,1,247,1,140,0.3645833333333333,2.0,247,0.0,0,0.0,0,0.0,0,0.0,1,6
SH,FVD,137,2663,142,142,14.200000000000001,0.20717746019363403,0.2559519410133362,10.438204765319824,12.966116905212402,1.7214797735214233,0,-1,1,142,1.0,2.0,142,1.6730461120605469,0,0.0,0,0.0,0,25.592609405517578,2,7
SH,FVD,137,2664,151,151,15.100000000000001,0.6093968152999878,0.7997772097587585,5.370046138763428,7.266712188720703,2.2713963985443115,1,137,1,137,0.9072847682119205,2.0,137,0.0,0,0.0,0,0.0,0,0.0,0,5
SH,FVD,137,2665,749,749,74.9,0.4494190514087677,0.5728505253791809,13.298600196838379,18.27735710144043,7.469989776611328,1,208,1,156,0.2082777036048064,2.0,208,0.0,0,0.0,0,0.0,0,0.0,1,6
SH,FVD,137,2666,194,194,19.400000000000002,0.3843977749347687,0.4475393295288086,3.526287317276001,4.4832763671875,0.7258425951004028,0,-1,1,194,1.0,2.0,194,0.9796922206878662,0,0.0,0,0.0,0,29.35157012939453,1,6
SH,FVD,137,2667,136,136,13.600000000000001,0.5480387806892395,0.6351091265678406,5.104087829589844,6.032138824462891,1.1023554801940918,1,107,1,49,0.3602941176470588,2.0,107,0.0,0,0.0,0,0.0,0,0.0,0,5
SH,FVD,137,2668,627,627,62.7,0.15639625489711761,0.1972663551568985,7.481998920440674,8.427976608276367,0.5506076812744141,0,-1,1,605,0.9649122807017544,2.0,627,1.180077075958252,0,0.0,0,0.0,0,19.754758834838867,0,5
SH,FVD,137,2669,274,274,27.400000000000002,0.2156032919883728,0.25893858075141907,1.4466419219970703,1.659874439239502,0.3325980007648468,0,-1,0,0,0.0,2.0,274,2.0680317878723145,0,0.0,0,0.0,0,33.194950103759766,1,6
SH,FVD,137,2670,173,173,17.3,0.273764044046402,0.35907092690467834,3.978012800216675,5.070436477661133,0.6915509700775146,0,-1,1,96,0.5549132947976878,2.0,173,0.9142404794692993,0,0.0,0,0.0,0,5.20630407333374,1,6
SH,FVD,137,2671,681,681,68.10000000000001,0.17596906423568726,0.2115536779165268,6.078509330749512,6.876896381378174,0.29455992579460144,0,-1,1,681,1.0,2.0,681,0.5619690418243408,0,0.0,0,0.0,0,12.006134033203125,0,5
SH,FVD,137,2672,455,455,45.5,0.26859959959983826,0.37240782380104065,7.023983955383301,8.868685722351074,0.9152716398239136,1,389,1,36,0.07912087912087912,2.0,389,0.0,0,0.0,0,0.0,0,0.0,0,5
SH,FVD,137,2673,164,164,16.400000000000002,0.2712288498878479,0.3305690884590149,1.5784977674484253,1.8355787992477417,0.2664315402507782,0,-1,0,0,0.0,2.0,164,2.440495491027832,0,0.0,0,0.0,0,34.71558380126953,2,7
SH,FVD,137,2674,211,211,21.1,0.2512813210487366,0.31421512365341187,2.934077024459839,3.3948886394500732,0.569301962852478,0,-1,1,211,1.0,2.0,211,0.7503668069839478,0,0.0,0,0.0,0,11.221015930175781,0,5
SH,FVD,137,2675,193,193,19.3,0.46547821164131165,0.5931854844093323,8.823298454284668,9.981061935424805,0.9375213384628296,0,-1,0,0,0.0,2.0,193,2.734170436859131,0,0.0,0,0.0,0,8.194535255432129,2,7
SH,FVD,137,2676,140,140,14.0,0.2549443244934082,0.2860710918903351,5.894231796264648,7.841705322265625,1.3153557777404785,0,-1,1,61,0.4357142857142857,2.0,140,1.6899045705795288,0,0.0,0,0.0,0,33.59395980834961,2,7
SH,FVD,137,2677,194,194,19.400000000000002,0.6402193307876587,0.8155006170272827,3.078291654586792,3.4605178833007812,2.638613700866699,1,108,1,108,0.5567010309278351,2.0,108,0.0,0,0.0,0,0.0,0,0.0,2,7
SH,FVD,137,2678,278,278,27.8,0.22752539813518524,0.3038162291049957,8.129437446594238,10.205523490905762,0.7489204406738281,0,-1,0,0,0.0,2.0,278,3.4685800075531006,0,0.0,0,0.0,0,2.916736125946045,2,7
SH,FVD,137,2679,259,259,25.900000000000002,0.385486900806427,0.46419328451156616,15.74748706817627,18.546751022338867,1.231182336807251,0,-1,1,3,0.011583011583011582,2.0,259,1.9318548440933228,0,0.0,0,0.0,0,4.355441093444824,2,7
SH,FVD,137,2680,132,132,13.200000000000001,0.7520941495895386,0.9901013374328613,11.24632453918457,14.125784873962402,1.9851051568984985,0,-1,0,0,0.0,2.0,132,2.8744986057281494,0,0.0,0,0.0,0,12.701930046081543,1,6
SH,FVD,137,2681,177,177,17.7,0.44732850790023804,0.5965343713760376,6.1017165184021,7.233118534088135,1.0138615369796753,0,-1,1,121,0.6836158192090396,2.0,177,1.4276553392410278,0,0.0,0,0.0,0,8.529620170593262,2,7
SH,FVD,137,2682,514,514,51.400000000000006,0.19775469601154327,0.2891960144042969,5.928829669952393,6.739766597747803,0.44926488399505615,0,-1,1,418,0.8132295719844358,2.0,514,1.49234938621521,0,0.0,0,0.0,0,23.699901580810547,2,7
SH,FVD,137,2683,221,221,22.1,0.37982475757598877,0.45927995443344116,4.120018005371094,5.725327014923096,0.9549025297164917,0,-1,1,221,1.0,2.0,221,1.042651653289795,0,0.0,0,0.0,0,29.84195899963379,0,5
SH,FVD,137,2684,456,456,45.6,0.24721498787403107,0.32727181911468506,21.57304573059082,23.733043670654297,0.9019837379455566,0,-1,0,0,0.0,2.0,456,3.497498035430908,0,0.0,0,0.0,0,10.474813461303711,2,7
SH,FVD,137,2685,473,473,47.300000000000004,0.13575391471385956,0.17287573218345642,7.447603225708008,9.884525299072266,0.6304818987846375,0,-1,1,473,1.0,2.0,473,0.867592990398407,0,0.0,0,0.0,0,16.720638275146484,1,6
SH,FVD,137,2686,905,905,90.5,0.31186994910240173,0.42146122455596924,5.126177787780762,6.945557117462158,2.696506977081299,1,600,1,600,0.6629834254143646,2.0,600,0.0,0,0.0,0,0.0,0,0.0,0,5
SH,FVD,137,2687,457,457,45.7,0.398072212934494,0.5573663711547852,18.354089736938477,19.92163848876953,0.9317533373832703,0,-1,1,16,0.0350109409190372,2.0,457,1.6620855331420898,0,0.0,0,0.0,0,4.028104305267334,0,5
SH,FVD,137,2688,335,335,33.5,0.3404887914657593,0.40809398889541626,10.871017456054688,13.226886749267578,1.5038185119628906,0,-1,1,102,0.3044776119402985,2.0,335,1.553184151649475,0,0.0,0,0.0,0,30.762407302856445,2,7
SH,FVD,137,2689,227,227,22.700000000000003,0.21071268618106842,0.2610762119293213,4.243354797363281,4.600590229034424,0.4019825756549835,0,-1,1,227,1.0,2.0,227,0.7697978019714355,0,0.0,0,0.0,0,15.168865203857422,0,5
SH,FVD,137,2690,343,343,34.300000000000004,0.18920791149139404,0.2371399700641632,6.99760627746582,11.793838500976562,1.2130463123321533,0,-1,1,59,0.17201166180758018,2.0,343,1.2164088487625122,0,0.0,0,0.0,0,5.222322463989258,0,5
SH,FVD,137,2691,185,185,18.5,0.3099168837070465,0.38837605714797974,3.449615001678467,4.234041213989258,0.6519762873649597,0,-1,1,64,0.34594594594594597,2.0,185,1.889320969581604,0,0.0,0,0.0,0,29.18443489074707,1,6
SH,FVD,137,2692,132,132,13.200000000000001,0.48378658294677734,0.574938178062439,0.7289009690284729,0.9252135753631592,0.43280965089797974,0,-1,0,0,0.0,2.0,132,5.187746524810791,0,0.0,0,0.0,0,14.410219192504883,2,7
SH,FVD,137,2693,362,362,36.2,0.2037491798400879,0.2530626952648163,6.080934524536133,6.693746566772461,0.36137908697128296,0,-1,1,362,1.0,2.0,362,1.642948031425476,0,0.0,0,0.0,0,24.193153381347656,2,7
SH,FVD,137,2694,198,198,19.8,0.6427703499794006,0.7444160580635071,19.510807037353516,23.388277053833008,1.8421013355255127,0,-1,1,155,0.7828282828282829,2.0,198,0.18926803767681122,0,0.0,0,0.0,0,3.6876220703125,2,7
SH,FVD,137,2695,140,140,14.0,0.20715463161468506,0.26897624135017395,0.6586876511573792,0.8323847055435181,0.388998419046402,0,-1,0,0,0.0,2.0,140,3.168048620223999,0,0.0,0,0.0,0,18.5414981842041,0,5
SH,FVD,137,2696,533,533,53.300000000000004,0.43710342049598694,0.589918851852417,6.177728652954102,7.42777156829834,3.5135090351104736,1,173,1,173,0.324577861163227,2.0,173,0.0,0,0.0,0,0.0,0,0.0,0,5
SH,FVD,137,2697,177,177,17.7,0.11315452307462692,0.14835797250270844,0.6122581958770752,0.7485088109970093,0.2349643111228943,0,-1,0,0,0.0,2.0,177,2.0546298027038574,0,0.0,0,0.0,0,37.068397521972656,0,5
SH,FVD,137,2698,142,142,14.200000000000001,0.18857604265213013,0.2385883927345276,1.0431469678878784,1.423880696296692,0.36865976452827454,0,-1,0,0,0.0,2.0,142,4.217439651489258,0,0.0,0,0.0,0,64.79645538330078,0,5
SH,FVD,137,2699,166,166,16.6,0.42175549268722534,0.5234209895133972,4.4059882164001465,4.850457191467285,0.516585111618042,0,-1,1,73,0.4397590361445783,2.0,166,0.8519020676612854,0,0.0,0,0.0,0,8.990419387817383,0,5
SH,FVD,137,2700,450,450,45.0,0.17911086976528168,0.24732188880443573,1.659392237663269,1.9856370687484741,0.30247366428375244,1,434,1,37,0.08222222222222222,2.0,434,0.0,0,0.0,0,0.0,0,0.0,0,5
SH,FVD,137,2701,223,223,22.3,0.5300570726394653,0.6870734691619873,8.691662788391113,10.491632461547852,1.3275777101516724,0,-1,1,133,0.5964125560538116,2.0,223,0.8638079762458801,0,0.0,0,0.0,0,6.089512348175049,2,7
SH,FVD,137,2702,277,277,27.700000000000003,0.5510120987892151,0.7326300144195557,7.120370388031006,8.025294303894043,0.8203433156013489,0,-1,0,0,0.0,2.0,277,2.1395809650421143,0,0.0,0,0.0,0,5.922667980194092,0,5
SH,FVD,137,2703,923,923,92.30000000000001,0.15557001531124115,0.21454867720603943,1.0104511976242065,1.468333125114441,0.2579335868358612,1,915,1,100,0.10834236186348863,2.0,915,0.0,0,0.0,0,0.0,0,0.0,2,7
SH,FVD,137,2704,216,216,21.6,0.258609801530838,0.3004591464996338,1.1867238283157349,1.60909104347229,0.5199596285820007,0,-1,1,216,1.0,2.0,216,0.3313654661178589,0,0.0,0,0.0,0,4.95266056060791,2,7
SH,FVD,137,2705,285,285,28.5,0.5711796283721924,0.8316468000411987,4.129377365112305,4.600503921508789,2.6350486278533936,1,28,1,28,0.09824561403508772,2.0,28,0.0,0,0.0,0,0.0,0,0.0,2,7
SH,FVD,137,2706,140,140,14.0,0.6725844740867615,0.8370376825332642,5.8326544761657715,7.290985584259033,1.3921253681182861,0,-1,1,13,0.09285714285714286,2.0,140,1.836379885673523,0,0.0,0,0.0,0,3.6899216175079346,1,6
SH,FVD,137,2707,155,155,15.5,0.4612831473350525,0.5881642699241638,2.2971835136413574,3.2935845851898193,0.859673261642456,0,-1,1,35,0.22580645161290322,2.0,155,1.8006857633590698,0,0.0,0,0.0,0,6.2598114013671875,0,5
SH,FVD,137,2708,332,332,33.2,0.21622037887573242,0.2632998824119568,1.7661657333374023,2.1653189659118652,0.5544063448905945,0,-1,0,0,0.0,2.0,332,2.754957914352417,0,0.0,0,0.0,0,27.0140438079834,1,6
SH,FVD,137,2709,153,153,15.3,0.31857505440711975,0.43764790892601013,1.5958749055862427,2.170166015625,0.5448058843612671,1,135,1,135,0.8823529411764706,2.0,135,0.0,0,0.0,0,0.0,0,0.0,1,6
SH,FVD,137,2710,490,490,49.0,0.44707751274108887,0.5954622030258179,4.4485626220703125,4.998956203460693,3.3228466510772705,1,59,1,59,0.12040816326530612,2.0,59,0.0,0,0.0,0,0.0,0,0.0,0,5
SH,FVD,137,2711,144,144,14.4,0.5082805752754211,0.691302478313446,1.6679021120071411,2.000579357147217,0.6131964325904846,0,-1,1,144,1.0,2.0,144,0.44971024990081787,0,0.0,0,0.0,0,0.6817957162857056,0,5
SH,FVD,137,2712,1394,1394,139.4,0.3517056405544281,0.4625151455402374,5.023825168609619,6.589974403381348,0.8915323615074158,1,1221,1,638,0.45767575322812054,2.0,1221,0.0,0,0.0,0,0.0,0,0.0,1,6
SH,FVD,137,2713,320,320,32.0,0.3610955476760864,0.4658648669719696,4.591691970825195,5.5195207595825195,0.9966168403625488,0,-1,1,276,0.8625,2.0,320,0.33256906270980835,0,0.0,0,0.0,0,1.6041454076766968,1,6
SH,FVD,137,2714,507,507,50.7,0.32761216163635254,0.4064253866672516,15.40582275390625,16.67743682861328,0.6836550831794739,0,-1,1,33,0.0650887573964497,2.0,507,1.3378331661224365,0,0.0,0,0.0,0,3.786529302597046,0,5
SH,FVD,137,2715,324,324,32.4,0.49050554633140564,0.6383371949195862,2.18843150138855,2.3567845821380615,0.6231436729431152,0,-1,1,197,0.6080246913580247,2.0,324,0.7567903995513916,0,0.0,0,0.0,0,3.3437705039978027,0,5
SH,FVD,137,2716,345,345,34.5,0.21920306980609894,0.28148362040519714,3.2857935428619385,4.161469459533691,0.9757431149482727,1,276,1,96,0.2782608695652174,2.0,276,0.0,0,0.0,0,0.0,0,0.0,1,6
SH,FVD,137,2717,205,205,20.5,0.19013437628746033,0.24354718625545502,1.1819771528244019,1.5062814950942993,0.3126884400844574,0,-1,1,205,1.0,2.0,205,0.6950564980506897,0,0.0,0,0.0,0,21.813831329345703,0,5
SH,FVD,137,2718,377,377,37.7,0.25438761711120605,0.3030976355075836,14.604640007019043,15.819734573364258,0.659050703048706,0,-1,1,294,0.7798408488063661,2.0,377,1.3881758451461792,0,0.0,0,0.0,0,28.62277603149414,2,7
SH,FVD,137,2719,366,366,36.6,0.3616437315940857,0.5852549076080322,3.4707448482513428,4.222151756286621,0.8632341623306274,0,-1,0,0,0.0,2.0,366,2.1463966369628906,0,0.0,0,0.0,0,6.26850700378418,2,7
SH,FVD,137,2720,455,455,45.5,0.37448650598526,0.6212166547775269,6.179666996002197,6.679150581359863,0.7758797407150269,0,-1,1,10,0.02197802197802198,2.0,455,1.972698450088501,0,0.0,0,0.0,0,5.7066755294799805,1,6
SH,FVD,137,2721,211,211,21.1,0.1668439507484436,0.22039246559143066,4.519206523895264,5.154696464538574,0.43172064423561096,0,-1,1,58,0.27488151658767773,2.0,211,1.5634028911590576,0,0.0,0,0.0,0,6.692551612854004,1,6
SH,FVD,137,2722,131,131,13.100000000000001,0.3458958566188812,0.4359305500984192,3.3955085277557373,4.311600685119629,0.6632185578346252,0,-1,0,0,0.0,2.0,131,5.309719562530518,0,0.0,0,0.0,0,9.889143943786621,2,7
SH,FVD,137,2723,495,495,49.5,0.2611744999885559,0.42113107442855835,9.66753101348877,12.328055381774902,0.7283061146736145,0,-1,1,495,1.0,2.0,495,1.0949318408966064,0,0.0,0,0.0,0,18.367231369018555,1,6
SH,FVD,137,2724,251,251,25.1,0.48946598172187805,0.5641051530838013,5.521444320678711,6.632204055786133,1.072750210762024,0,-1,0,0,0.0,2.0,251,3.325324058532715,0,0.0,0,0.0,0,7.2006402015686035,2,7
SH,FVD,137,2725,240,240,24.0,0.28135061264038086,0.34236466884613037,2.7926571369171143,3.4449656009674072,0.9483802318572998,1,173,1,173,0.7208333333333333,2.0,173,0.0,0,0.0,0,0.0,0,0.0,1,6
SH,FVD,137,2726,272,272,27.200000000000003,0.2945876121520996,0.36428067088127136,8.046585083007812,8.702252388000488,0.624213695526123,0,-1,1,272,1.0,2.0,272,1.1471177339553833,0,0.0,0,0.0,0,22.584070205688477,0,5
SH,FVD,137,2727,138,138,13.8,0.4289519488811493,0.4982810616493225,13.077569961547852,16.32020378112793,2.2416839599609375,0,-1,0,0,0.0,2.0,138,2.0090346336364746,0,0.0,0,0.0,0,37.42061996459961,1,6
SH,FVD,137,2728,184,184,18.400000000000002,0.18645921349525452,0.22025226056575775,2.719280958175659,3.0715878009796143,0.24452340602874756,0,-1,1,184,1.0,2.0,184,0.4878598749637604,0,0.0,0,0.0,0,9.26053237915039,1,6
SH,FVD,137,2729,235,235,23.5,0.31089937686920166,0.3598165214061737,1.0304709672927856,1.2829335927963257,0.34503689408302307,0,-1,1,200,0.851063829787234,2.0,235,1.619510293006897,0,0.0,0,0.0,0,8.521305084228516,1,6
SH,FVD,137,2730,133,133,13.3,0.2495611310005188,0.28174349665641785,2.651203155517578,3.0890071392059326,0.4094524383544922,0,-1,0,0,0.0,2.0,133,2.248169422149658,0,0.0,0,0.0,0,11.023714065551758,2,7
SH,FVD,137,2731,162,162,16.2,0.32135775685310364,0.381803959608078,2.4557318687438965,2.666893482208252,1.6084280014038086,1,45,1,45,0.2777777777777778,2.0,45,0.0,0,0.0,0,0.0,0,0.0,1,6
SH,FVD,137,2732,189,189,18.900000000000002,0.23741450905799866,0.29356488585472107,3.296492099761963,3.6888985633850098,0.43772009015083313,0,-1,1,189,1.0,2.0,189,1.3044240474700928,0,0.0,0,0.0,0,39.364471435546875,0,5
SH,FVD,137,2733,369,369,36.9,0.27993538975715637,0.41305333375930786,8.09215259552002,9.628194808959961,0.6573237776756287,0,-1,1,261,0.7073170731707317,2.0,369,0.9446931481361389,0,0.0,0,0.0,0,3.1610770225524902,2,7
SH,FVD,137,2734,536,536,53.6,0.3404107391834259,0.47097834944725037,21.480989456176758,24.9971981048584,1.564812421798706,0,-1,1,32,0.05970149253731343,2.0,536,1.5427478551864624,0,0.0,0,0.0,0,8.152738571166992,1,6
SH,FVD,137,2735,140,140,14.0,0.8248171806335449,0.9554643034934998,7.225487232208252,8.192655563354492,3.1051042079925537,1,56,1,56,0.4,2.0,56,0.0,0,0.0,0,0.0,0,0.0,2,7
SH,FVD,137,2736,184,184,18.400000000000002,0.6427041888237,0.7872682809829712,8.055585861206055,9.32726764678955,1.7939740419387817,0,-1,0,0,0.0,2.0,184,2.0303518772125244,0,0.0,0,0.0,0,6.483126163482666,2,7
SH,FVD,137,2737,191,191,19.1,0.3935486674308777,0.5707042217254639,7.980120658874512,9.04282283782959,0.7776972651481628,0,-1,0,0,0.0,2.0,191,3.8495776653289795,0,0.0,0,0.0,0,5.73388671875,0,5
SH,FVD,137,2738,253,253,25.3,0.291072815656662,0.3494599163532257,4.473144054412842,5.089588165283203,0.528014063835144,0,-1,1,65,0.25691699604743085,2.0,253,1.6130611896514893,0,0.0,0,0.0,0,8.6903657913208,2,7
SH,FVD,137,2739,146,146,14.600000000000001,0.6917622089385986,0.9910560250282288,4.205446720123291,5.257932662963867,2.7454617023468018,1,100,1,100,0.684931506849315,2.0,100,0.0,0,0.0,0,0.0,0,0.0,2,7
SH,FVD,137,2740,396,396,39.6,0.22177709639072418,0.29531919956207275,1.5848265886306763,1.9152265787124634,0.30268701910972595,0,-1,0,0,0.0,2.0,396,2.3504958152770996,0,0.0,0,0.0,0,1.4109562635421753,1,6
SH,FVD,137,2741,433,433,43.300000000000004,0.2936125695705414,0.3812222182750702,16.720914840698242,18.297643661499023,0.7830236554145813,0,-1,0,0,0.0,2.0,433,2.921875238418579,0,0.0,0,0.0,0,9.147773742675781,2,7
SH,FVD,137,2742,137,137,13.700000000000001,0.3465353548526764,0.42455723881721497,1.359669804573059,1.7321428060531616,0.5959821343421936,0,-1,1,115,0.8394160583941606,2.0,137,0.9904054403305054,0,0.0,0,0.0,0,18.724937438964844,1,6
SH,FVD,137,2743,194,194,19.400000000000002,0.2862883508205414,0.34835702180862427,4.207226753234863,5.3575568199157715,0.6332443356513977,0,-1,0,0,0.0,2.0,194,3.7267982959747314,0,0.0,0,0.0,0,4.496132850646973,0,5
SH,FVD,137,2744,406,406,40.6,0.32945799827575684,0.3906262516975403,5.847022533416748,6.605070114135742,0.7395157217979431,0,-1,1,51,0.12561576354679804,2.0,406,1.377041220664978,0,0.0,0,0.0,0,11.694621086120605,2,7
SH,FVD,137,2745,394,394,39.400000000000006,0.5480203628540039,0.9847022294998169,6.9170308113098145,8.629874229431152,1.1689969301223755,0,-1,1,394,1.0,2.0,394,1.3192484378814697,0,0.0,0,0.0,0,13.969259262084961,1,6
SH,FVD,137,2746,152,152,15.200000000000001,0.2373589426279068,0.3008495569229126,9.010444641113281,11.013654708862305,1.4441243410110474,0,-1,0,0,0.0,2.0,152,2.7752456665039062,0,0.0,0,0.0,0,46.102176666259766,1,6
SH,FVD,137,2747,287,287,28.700000000000003,0.6719193458557129,0.8746005296707153,4.43812370300293,5.15457820892334,2.5887115001678467,1,98,1,98,0.34146341463414637,2.0,98,0.0,0,0.0,0,0.0,0,0.0,1,6
SH,FVD,137,2748,195,195,19.5,0.32733890414237976,0.45063814520835876,0.8123166561126709,1.116901159286499,0.4423423707485199,0,-1,1,195,1.0,2.0,195,1.0347671508789062,0,0.0,0,0.0,0,20.476877212524414,0,5
SH,FVD,137,2749,248,248,24.8,0.6107468008995056,0.7103191614151001,7.081497669219971,8.380925178527832,1.6616886854171753,1,221,1,62,0.25,2.0,221,0.0,0,0.0,0,0.0,0,0.0,1,6
SH,FVD,137,2750,278,278,27.8,0.5763469934463501,0.7239833474159241,8.515890121459961,10.352167129516602,4.867677688598633,1,121,1,121,0.4352517985611511,2.0,121,0.0,0,0.0,0,0.0,0,0.0,1,6
SH,FVD,137,2751,147,147,14.700000000000001,0.5038557648658752,0.6383237242698669,4.765677452087402,5.699937343597412,1.232979416847229,0,-1,1,147,1.0,2.0,147,0.29610690474510193,0,0.0,0,0.0,0,2.549158811569214,1,6
SH,FVD,137,2752,765,765,76.5,0.26577937602996826,0.36466744542121887,3.0783541202545166,3.635032892227173,0.442534476518631,1,738,1,404,0.5281045751633987,2.0,738,0.0,0,0.0,0,0.0,0,0.0,2,7
SH,FVD,137,2753,233,233,23.3,0.3193713128566742,0.37397608160972595,13.421972274780273,15.190033912658691,1.066799283027649,0,-1,1,210,0.9012875536480687,2.0,233,0.9906397461891174,0,0.0,0,0.0,0,16.2805233001709,1,6
SH,FVD,137,2754,174,174,17.400000000000002,0.8024284839630127,1.3657459020614624,5.625305652618408,6.716752052307129,1.3436493873596191,0,-1,1,66,0.3793103448275862,2.0,174,1.3219828605651855,0,0.0,0,0.0,0,7.347102642059326,0,5
SH,FVD,137,2755,134,134,13.4,0.25961774587631226,0.34781312942504883,9.47465991973877,11.25070571899414,1.3479104042053223,0,-1,1,37,0.27611940298507465,2.0,134,0.08510042726993561,0,0.0,0,0.0,0,0.11514028161764145,1,6
SH,FVD,137,2756,479,479,47.900000000000006,0.1994868814945221,0.2483595460653305,8.429107666015625,9.391108512878418,0.3643587827682495,0,-1,1,466,0.9728601252609603,2.0,479,0.6538835763931274,0,0.0,0,0.0,0,9.66113567352295,1,6
SH,FVD,137,2757,244,244,24.400000000000002,0.38874417543411255,0.5300717949867249,3.679374933242798,4.025691032409668,1.7535934448242188,1,48,1,48,0.19672131147540983,2.0,48,0.0,0,0.0,0,0.0,0,0.0,0,5
SH,FVD,137,2758,315,315,31.5,0.5269284248352051,0.7115435004234314,13.346882820129395,14.786169052124023,6.707548141479492,1,44,1,44,0.13968253968253969,2.0,44,0.0,0,0.0,0,0.0,0,0.0,1,6
SH,FVD,137,2759,215,215,21.5,0.17519286274909973,0.2032865434885025,2.986764907836914,3.8127529621124268,0.4681256413459778,0,-1,0,0,0.0,2.0,215,2.3389456272125244,0,0.0,0,0.0,0,11.6707181930542,1,6
SH,FVD,137,2760,182,182,18.2,0.28664296865463257,0.3402763307094574,9.332073211669922,10.579706192016602,0.9001297950744629,0,-1,1,182,1.0,2.0,182,1.17709219455719,0,0.0,0,0.0,0,13.605938911437988,1,6
SH,FVD,137,2761,263,263,26.3,0.3123951852321625,0.40112918615341187,5.765448093414307,6.362670421600342,0.5334974527359009,0,-1,0,0,0.0,2.0,263,3.4011449813842773,0,0.0,0,0.0,0,4.706017017364502,1,6
SH,FVD,137,2762,177,177,17.7,0.5295571088790894,0.6917363405227661,4.395968914031982,5.433130741119385,0.9348855018615723,0,-1,0,0,0.0,2.0,177,2.007875442504883,0,0.0,0,0.0,0,14.946553230285645,1,6
SH,FVD,137,2763,694,694,69.4,0.17228755354881287,0.21998514235019684,4.580380916595459,5.430666446685791,0.4228454828262329,0,-1,1,502,0.723342939481268,2.0,694,0.2082337886095047,0,0.0,0,0.0,0,1.0664855241775513,0,5
SH,FVD,137,2764,240,240,24.0,0.3639872372150421,0.4430422782897949,3.6476662158966064,4.499758243560791,0.7055328488349915,1,195,1,195,0.8125,2.0,195,0.0,0,0.0,0,0.0,0,0.0,2,7
SH,FVD,137,2765,1386,1386,138.6,0.2940811812877655,0.40513259172439575,4.186667442321777,5.029175758361816,1.2160228490829468,1,1015,1,315,0.22727272727272727,2.0,1015,0.0,0,0.0,0,0.0,0,0.0,2,7
SH,FVD,137,2766,138,138,13.8,0.4682358503341675,0.5998618602752686,1.2354943752288818,1.6137230396270752,0.5252277255058289,0,-1,1,112,0.8115942028985508,2.0,138,0.7605257630348206,0,0.0,0,0.0,0,1.5577402114868164,2,7
SH,FVD,137,2767,2123,2123,212.3,0.3294084072113037,0.43336060643196106,6.748947620391846,7.588162422180176,2.5497183799743652,1,946,1,794,0.37399905793688176,2.0,946,0.0,0,0.0,0,0.0,0,0.0,1,6
SH,FVD,137,2768,138,138,13.8,0.29231351613998413,0.35876452922821045,2.070744514465332,2.7945523262023926,0.6552473902702332,1,108,1,108,0.782608695652174,2.0,108,0.0,0,0.0,0,0.0,0,0.0,0,5
SH,FVD,137,2769,235,235,23.5,0.38349470496177673,0.47164034843444824,2.3033766746520996,2.7786731719970703,0.5244150161743164,0,-1,1,34,0.14468085106382977,2.0,235,1.1697008609771729,0,0.0,0,0.0,0,1.3511748313903809,2,7
SH,FVD,137,2770,358,358,35.800000000000004,0.2442602813243866,0.3016696274280548,2.0005202293395996,2.6844875812530518,0.4925841987133026,0,-1,1,76,0.2122905027932961,2.0,358,1.0386451482772827,0,0.0,0,0.0,0,7.261866092681885,2,7
SH,FVD,137,2771,646,646,64.60000000000001,0.33525529503822327,0.4737817943096161,11.647598266601562,12.32422924041748,5.947289943695068,1,227,1,208,0.3219814241486068,2.0,227,0.0,0,0.0,0,0.0,0,0.0,0,5
SH,FVD,137,2772,171,171,17.1,0.16946342587471008,0.20681729912757874,2.9447810649871826,3.7153372764587402,0.4506557583808899,0,-1,1,171,1.0,2.0,171,1.4054967164993286,0,0.0,0,0.0,0,19.221630096435547,2,7
SH,FVD,137,2773,243,243,24.3,0.48036107420921326,0.6165541410446167,4.231105327606201,5.032032489776611,1.1134729385375977,1,185,1,77,0.3168724279835391,2.0,185,0.0,0,0.0,0,0.0,0,0.0,2,7
SH,FVD,137,2774,513,513,51.300000000000004,0.146661177277565,0.1799703687429428,2.1855621337890625,2.649806022644043,0.34841570258140564,0,-1,1,446,0.8693957115009746,2.0,513,1.556938886642456,0,0.0,0,0.0,0,17.222270965576172,0,5
SH,FVD,137,2775,216,216,21.6,0.41824814677238464,0.48058319091796875,8.608011245727539,9.8038969039917,1.0870285034179688,0,-1,0,0,0.0,2.0,216,2.800138235092163,0,0.0,0,0.0,0,4.701900005340576,0,5
SH,FVD,137,2776,133,133,13.3,0.4220166504383087,0.48889458179473877,6.299197196960449,7.153223037719727,1.187393069267273,0,-1,0,0,0.0,2.0,133,2.7028539180755615,0,0.0,0,0.0,0,4.656919956207275,0,5
SH,FVD,137,2777,158,158,15.8,0.22239400446414948,0.33016982674598694,2.2054038047790527,2.6253204345703125,0.4246461093425751,0,-1,1,21,0.13291139240506328,2.0,158,1.7401127815246582,0,0.0,0,0.0,0,39.20331954956055,1,6
SH,FVD,137,2778,323,323,32.300000000000004,0.35661184787750244,0.42993736267089844,6.154569625854492,6.833149433135986,0.47737306356430054,0,-1,1,14,0.043343653250773995,2.0,323,1.9244575500488281,0,0.0,0,0.0,0,5.379894256591797,2,7
SH,FVD,137,2779,137,137,13.700000000000001,0.30888402462005615,0.40629759430885315,0.6621489524841309,0.9735921025276184,0.35418444871902466,0,-1,0,0,0.0,2.0,137,7.295401573181152,0,0.0,0,0.0,0,26.459501266479492,2,7
SH,FVD,137,2780,142,142,14.200000000000001,0.5322720408439636,0.6337519884109497,1.5762662887573242,1.7835849523544312,0.5082826018333435,1,119,1,119,0.8380281690140845,2.0,119,0.0,0,0.0,0,0.0,0,0.0,1,6
SH,FVD,137,2781,146,146,14.600000000000001,0.6378629803657532,0.727107048034668,19.489294052124023,23.000612258911133,2.245115280151367,0,-1,1,115,0.7876712328767124,2.0,146,0.8140703439712524,0,0.0,0,0.0,0,22.178855895996094,0,5
SH,FVD,137,2782,216,216,21.6,0.2800805866718292,0.32776889204978943,8.165327072143555,9.389138221740723,0.7050196528434753,0,-1,0,0,0.0,2.0,216,2.7174935340881348,0,0.0,0,0.0,0,6.025666236877441,1,6
SH,FVD,137,2783,145,145,14.5,0.38245585560798645,0.49619928002357483,5.2260894775390625,5.893866062164307,0.8898248076438904,0,-1,0,0,0.0,2.0,145,2.1749415397644043,0,0.0,0,0.0,0,6.710089683532715,0,5
SH,FVD,137,2784,660,660,66.0,0.5381227731704712,0.6722283959388733,6.4955153465271,7.4818196296691895,4.821682453155518,1,116,1,55,0.08333333333333333,2.0,116,0.0,0,0.0,0,0.0,0,0.0,1,6
SH,FVD,137,2785,183,183,18.3,0.1559782773256302,0.20993593335151672,1.2899296283721924,1.6226221323013306,0.42535075545310974,0,-1,1,183,1.0,2.0,183,1.7327245473861694,0,0.0,0,0.0,0,21.179841995239258,0,5
SH,FVD,137,2786,361,361,36.1,0.2273751050233841,0.3119697868824005,4.230381965637207,4.992882251739502,0.7498549222946167,0,-1,1,361,1.0,2.0,361,0.24928990006446838,0,0.0,0,0.0,0,2.2148587703704834,2,7
SH,FVD,137,2787,221,221,22.1,0.20184384286403656,0.27095821499824524,1.4436746835708618,1.7285192012786865,0.4109150767326355,0,-1,1,108,0.48868778280542985,2.0,221,1.395006775856018,0,0.0,0,0.0,0,15.254279136657715,1,6
SH,FVD,137,2788,148,148,14.8,0.38800185918807983,0.4670434892177582,1.5275355577468872,2.216646432876587,0.6437225937843323,0,-1,0,0,0.0,2.0,148,4.095820903778076,0,0.0,0,0.0,0,44.26447677612305,1,6
SH,FVD,137,2789,145,145,14.5,0.22768767178058624,0.2790035307407379,1.0954614877700806,1.247129201889038,0.4142964482307434,0,-1,1,14,0.09655172413793103,2.0,145,1.7862440347671509,0,0.0,0,0.0,0,42.78890609741211,1,6
SH,FVD,137,2790,189,189,18.900000000000002,0.3238358497619629,0.39541345834732056,1.694927453994751,2.3824617862701416,0.39814361929893494,0,-1,1,31,0.164021164021164,2.0,189,1.4916883707046509,0,0.0,0,0.0,0,13.226863861083984,1,6
SH,FVD,137,2791,154,154,15.4,0.2210431545972824,0.27718132734298706,1.0555956363677979,1.3175779581069946,0.39532530307769775,0,-1,1,40,0.2597402597402597,2.0,154,1.8613829612731934,0,0.0,0,0.0,0,18.707321166992188,1,6
SH,FVD,137,2792,555,555,55.5,0.1508069634437561,0.22076264023780823,9.852502822875977,10.666486740112305,0.48931097984313965,0,-1,0,0,0.0,2.0,555,2.1475601196289062,0,0.0,0,0.0,0,9.877872467041016,2,7
SH,FVD,137,2793,236,236,23.6,0.33856239914894104,0.43460723757743835,7.905441761016846,8.631031036376953,0.6475344300270081,0,-1,0,0,0.0,2.0,236,2.3095104694366455,0,0.0,0,0.0,0,2.923776388168335,2,7
SH,FVD,137,2794,137,137,13.700000000000001,0.18996873497962952,0.21701179444789886,1.8694255352020264,2.840735912322998,0.7203609943389893,0,-1,0,0,0.0,2.0,137,2.0205187797546387,0,0.0,0,0.0,0,41.97330093383789,0,5
SH,FVD,137,2795,285,285,28.5,0.3945657014846802,0.4903125762939453,5.561432838439941,7.14029598236084,0.8251959085464478,0,-1,1,100,0.3508771929824561,2.0,285,1.4948121309280396,0,0.0,0,0.0,0,11.666332244873047,0,5
SH,FVD,137,2796,549,549,54.900000000000006,0.27441394329071045,0.3673558235168457,2.931389808654785,3.3762028217315674,0.47583386301994324,0,-1,1,461,0.8397085610200364,2.0,549,0.5870158672332764,0,0.0,0,0.0,0,2.813436985015869,0,5
SH,FVD,137,2797,585,585,58.5,0.34193718433380127,0.48799437284469604,1.614490032196045,2.2017297744750977,0.5749037265777588,1,518,1,348,0.5948717948717949,2.0,518,0.0,0,0.0,0,0.0,0,0.0,0,5
SH,FVD,137,2798,293,293,29.3,0.2564408481121063,0.3200003504753113,11.5633544921875,14.215578079223633,1.0258513689041138,0,-1,1,293,1.0,2.0,293,1.0300629138946533,0,0.0,0,0.0,0,14.416284561157227,0,5
SH,FVD,137,2799,426,426,42.6,0.28992003202438354,0.3686642050743103,2.6955251693725586,3.648057222366333,0.43032652139663696,0,-1,1,426,1.0,2.0,426,0.01834895834326744,0,0.0,0,0.0,0,0.19624672830104828,0,5
SH,FVD,137,2800,422,422,42.2,0.21659724414348602,0.30645087361335754,4.489623546600342,5.215996265411377,0.921511709690094,0,-1,1,422,1.0,2.0,422,1.4833974838256836,0,0.0,0,0.0,0,25.885482788085938,2,7
SH,FVD,137,2801,911,911,91.10000000000001,0.3291551172733307,0.43019214272499084,7.491512775421143,8.13671875,5.550592422485352,1,188,1,188,0.20636663007683864,2.0,188,0.0,0,0.0,0,0.0,0,0.0,2,7
SH,FVD,137,2802,241,241,24.1,0.3541285991668701,0.5132108330726624,7.850442886352539,9.302847862243652,1.8114575147628784,0,-1,1,146,0.6058091286307054,2.0,241,0.021733131259679794,0,0.0,0,0.0,0,0.17792044579982758,2,7
SH,FVD,137,2803,364,364,36.4,0.1678285449743271,0.2068764865398407,4.3024773597717285,5.1978631019592285,0.4555357098579407,0,-1,0,0,0.0,2.0,364,3.051032781600952,0,0.0,0,0.0,0,8.90679931640625,2,7
SH,FVD,137,2804,144,144,14.4,0.12182702124118805,0.16807115077972412,5.286804676055908,6.586129665374756,0.611509382724762,0,-1,0,0,0.0,2.0,144,7.158872604370117,0,0.0,0,0.0,0,13.078999519348145,1,6
SH,FVD,137,2805,223,223,22.3,0.4936675727367401,0.6293995976448059,12.485931396484375,13.694676399230957,1.0157443284988403,0,-1,0,0,0.0,2.0,223,3.902456760406494,0,0.0,0,0.0,0,25.605865478515625,0,5
SH,FVD,137,2806,131,131,13.100000000000001,0.23439964652061462,0.29092514514923096,5.502657890319824,6.729136943817139,0.8986142873764038,0,-1,0,0,0.0,2.0,131,2.3689754009246826,0,0.0,0,0.0,0,6.008345127105713,0,5
SH,FVD,137,2807,269,269,26.900000000000002,0.18653953075408936,0.24112071096897125,1.3277136087417603,2.0088050365448,0.26676204800605774,0,-1,1,269,1.0,2.0,269,1.2378814220428467,0,0.0,0,0.0,0,8.682417869567871,2,7
SH,FVD,137,2808,212,212,21.200000000000003,0.2090558260679245,0.2924579679965973,2.9343605041503906,3.5758602619171143,0.3907037079334259,0,-1,1,25,0.1179245283018868,2.0,212,1.5894050598144531,0,0.0,0,0.0,0,3.121417284011841,0,5
SH,FVD,137,2809,157,157,15.700000000000001,0.29994577169418335,0.38235723972320557,8.78485107421875,10.130141258239746,1.2167439460754395,0,-1,0,0,0.0,2.0,157,3.713930130004883,0,0.0,0,0.0,0,7.1588239669799805,2,7
SH,FVD,137,2810,194,194,19.400000000000002,0.3785317838191986,0.46355897188186646,2.35601544380188,2.544189453125,0.9339240789413452,1,54,1,54,0.27835051546391754,2.0,54,0.0,0,0.0,0,0.0,0,0.0,1,6
SH,FVD,137,2811,667,667,66.7,0.5837352871894836,0.7310444116592407,8.564010620117188,9.285101890563965,7.415700912475586,1,53,1,53,0.07946026986506746,2.0,53,0.0,0,0.0,0,0.0,0,0.0,2,7
SH,FVD,137,2812,167,167,16.7,0.24831394851207733,0.32651814818382263,2.0385963916778564,2.5598549842834473,0.6949614882469177,0,-1,1,8,0.04790419161676647,2.0,167,1.7458152770996094,0,0.0,0,0.0,0,4.925484657287598,1,6
SH,FVD,137,2813,557,557,55.7,0.33799174427986145,0.4656338095664978,23.361919403076172,28.108184814453125,1.8755220174789429,1,557,1,32,0.05745062836624776,2.0,557,0.0,0,0.0,0,0.0,0,0.0,0,5
SH,FVD,137,2814,168,168,16.8,0.3884464502334595,0.44986623525619507,15.488615036010742,19.46247673034668,2.179570198059082,0,-1,0,0,0.0,2.0,168,3.7039096355438232,0,0.0,0,0.0,0,39.45536422729492,2,7
SH,FVD,137,2815,132,132,13.200000000000001,0.40916308760643005,0.4775330424308777,1.3773283958435059,1.6306654214859009,0.6211315989494324,0,-1,0,0,0.0,2.0,132,4.524289131164551,0,0.0,0,0.0,0,2.734234571456909,0,5
SH,FVD,137,2816,415,415,41.5,0.26445263624191284,0.3269745111465454,8.07932186126709,9.237854957580566,1.5455448627471924,1,227,1,160,0.3855421686746988,2.0,227,0.0,0,0.0,0,0.0,0,0.0,1,6
SH,FVD,137,2817,171,171,17.1,0.2230297327041626,0.2818882167339325,4.550639629364014,5.861912727355957,0.4352063238620758,0,-1,0,0,0.0,2.0,171,7.0572509765625,0,0.0,0,0.0,0,11.961404800415039,0,5
SH,FVD,137,2818,307,307,30.700000000000003,0.27777886390686035,0.420769065618515,2.390300989151001,4.6813178062438965,0.9150291085243225,0,-1,1,307,1.0,2.0,307,0.855353057384491,0,0.0,0,0.0,0,11.842185974121094,2,7
SH,FVD,137,2819,250,250,25.0,0.2722511887550354,0.3287533223628998,1.854070782661438,2.4411232471466064,0.5833658576011658,1,239,1,114,0.456,2.0,239,0.0,0,0.0,0,0.0,0,0.0,2,7
SH,FVD,137,2820,339,339,33.9,0.17619633674621582,0.22863967716693878,5.7696614265441895,6.425797462463379,0.5258718132972717,0,-1,1,339,1.0,2.0,339,0.9270268678665161,0,0.0,0,0.0,0,12.188010215759277,1,6
SH,FVD,137,2821,440,440,44.0,0.39682871103286743,0.484043687582016,5.083578586578369,5.370546817779541,1.7688909769058228,1,101,1,62,0.1409090909090909,2.0,101,0.0,0,0.0,0,0.0,0,0.0,1,6
SH,FVD,137,2822,174,174,17.400000000000002,0.6246137619018555,0.7794868350028992,6.744867324829102,8.586864471435547,0.8528866767883301,0,-1,0,0,0.0,2.0,174,2.5219812393188477,0,0.0,0,0.0,0,9.703128814697266,1,6
SH,FVD,137,2823,432,432,43.2,0.24503453075885773,0.3195526599884033,7.066709041595459,10.384941101074219,0.8861691355705261,0,-1,1,95,0.2199074074074074,2.0,432,1.3562266826629639,0,0.0,0,0.0,0,18.586021423339844,1,6
SH,FVD,137,2824,209,209,20.900000000000002,0.22523586452007294,0.29346781969070435,2.0744965076446533,3.534208059310913,0.6700899600982666,0,-1,1,86,0.41148325358851673,2.0,209,1.7290701866149902,0,0.0,0,0.0,0,27.836915969848633,0,5
SH,FVD,137,2825,335,335,33.5,0.4140358865261078,0.5506042838096619,7.518989086151123,8.24797248840332,3.644036054611206,1,89,1,89,0.2656716417910448,2.0,89,0.0,0,0.0,0,0.0,0,0.0,1,6
SH,FVD,137,2826,304,304,30.400000000000002,0.22895680367946625,0.29872944951057434,0.9456784129142761,1.2195965051651,0.3345077931880951,0,-1,1,111,0.3651315789473684,2.0,304,1.469059705734253,0,0.0,0,0.0,0,10.115042686462402,1,6
SH,FVD,137,2827,151,151,15.100000000000001,0.12570121884346008,0.16255447268486023,2.6049036979675293,2.999894142150879,0.3747839033603668,0,-1,1,46,0.304635761589404,2.0,151,1.68422532081604,0,0.0,0,0.0,0,22.8138484954834,1,6
SH,FVD,137,2828,178,178,17.8,0.34281641244888306,0.46421995759010315,3.614274024963379,4.173041343688965,1.1394621133804321,0,-1,1,178,1.0,2.0,178,0.5320138335227966,0,0.0,0,0.0,0,7.093510627746582,2,7
SH,FVD,137,2829,1687,1687,168.70000000000002,0.24921558797359467,0.33958929777145386,7.839366912841797,9.458611488342285,0.6728534698486328,1,1504,1,342,0.2027267338470658,2.0,1504,0.0,0,0.0,0,0.0,0,0.0,0,5
SH,FVD,137,2830,176,176,17.6,0.3454028367996216,0.54791659116745,1.91973876953125,2.1613781452178955,0.3700959384441376,0,-1,1,176,1.0,2.0,176,0.6115173101425171,0,0.0,0,0.0,0,6.476334571838379,1,6
SH,FVD,137,2831,152,152,15.200000000000001,0.24091258645057678,0.31461071968078613,8.22927474975586,9.896032333374023,1.150633692741394,0,-1,1,75,0.4934210526315789,2.0,152,1.3675942420959473,0,0.0,0,0.0,0,11.850823402404785,2,7
SH,FVD,137,2832,188,188,18.8,0.3339516222476959,0.4037221372127533,1.2769817113876343,1.459701657295227,0.6251451373100281,1,180,1,33,0.17553191489361702,2.0,180,0.0,0,0.0,0,0.0,0,0.0,0,5
SH,FVD,137,2833,183,183,18.3,0.4294615387916565,0.540981113910675,6.0586066246032715,6.626387596130371,0.6960037350654602,0,-1,1,41,0.22404371584699453,2.0,183,1.397796630859375,0,0.0,0,0.0,0,5.248082637786865,1,6
SH,FVD,137,2834,834,834,83.4,0.28302764892578125,0.45070409774780273,9.855951309204102,11.485149383544922,0.6950773000717163,1,817,1,66,0.07913669064748201,2.0,817,0.0,0,0.0,0,0.0,0,0.0,2,7
SH,FVD,137,2835,158,158,15.8,0.14202095568180084,0.17994871735572815,3.772308349609375,4.444775581359863,0.3699713945388794,0,-1,1,158,1.0,2.0,158,1.257850170135498,0,0.0,0,0.0,0,11.805526733398438,2,7
SH,FVD,137,2836,191,191,19.1,0.26111575961112976,0.32165494561195374,6.819414138793945,7.436938762664795,0.6576266288757324,0,-1,0,0,0.0,2.0,191,2.626887559890747,0,0.0,0,0.0,0,24.262107849121094,1,6
SH,FVD,137,2837,928,928,92.80000000000001,0.23432235419750214,0.2888925075531006,12.449363708496094,13.587422370910645,0.7220687866210938,0,-1,1,346,0.3728448275862069,2.0,928,1.1075350046157837,0,0.0,0,0.0,0,14.056551933288574,1,6
SH,FVD,137,2838,275,275,27.5,0.3539937436580658,0.5557790994644165,4.109248638153076,4.908788204193115,0.8561041951179504,0,-1,0,0,0.0,2.0,275,2.535736083984375,0,0.0,0,0.0,0,2.806636095046997,1,6
SH,FVD,137,2839,495,495,49.5,0.27124178409576416,0.35797804594039917,4.4586005210876465,5.6428985595703125,0.503989577293396,0,-1,0,0,0.0,2.0,495,3.0444440841674805,0,0.0,0,0.0,0,2.089918851852417,2,7
SH,FVD,137,2840,260,260,26.0,0.21713104844093323,0.2630471885204315,4.276678562164307,5.345437049865723,0.6636619567871094,0,-1,1,38,0.14615384615384616,2.0,260,0.5798733830451965,0,0.0,0,0.0,0,3.3692541122436523,1,6
SH,FVD,137,2841,175,175,17.5,0.750977098941803,0.8477385640144348,18.905418395996094,21.58273696899414,2.284085750579834,0,-1,0,0,0.0,2.0,175,4.944610595703125,0,0.0,0,0.0,0,26.775232315063477,2,7
SH,FVD,137,2842,646,646,64.60000000000001,0.20241470634937286,0.2509433627128601,6.1610002517700195,7.352200508117676,0.3964141309261322,0,-1,1,646,1.0,2.0,646,0.8075678944587708,0,0.0,0,0.0,0,12.730977058410645,1,6
SH,FVD,137,2843,188,188,18.8,0.2697291970252991,0.3640393018722534,2.7026052474975586,3.0741639137268066,0.8052816987037659,1,179,1,65,0.34574468085106386,2.0,179,0.0,0,0.0,0,0.0,0,0.0,1,6
SH,FVD,137,2844,155,155,15.5,0.656973659992218,0.7583283185958862,8.080310821533203,9.215710639953613,1.490492343902588,1,108,1,35,0.22580645161290322,2.0,108,0.0,0,0.0,0,0.0,0,0.0,1,6
SH,FVD,137,2845,153,153,15.3,0.3538568615913391,0.41972774267196655,20.2443790435791,26.163543701171875,3.593787431716919,0,-1,0,0,0.0,2.0,153,3.478818655014038,0,0.0,0,0.0,0,62.92646408081055,2,7
SH,FVD,137,2846,148,148,14.8,0.33159828186035156,0.40011876821517944,4.865034580230713,5.277707576751709,0.6207189559936523,0,-1,1,148,1.0,2.0,148,1.0407044887542725,0,0.0,0,0.0,0,15.554610252380371,2,7
SH,FVD,137,2847,193,193,19.3,0.22274023294448853,0.2753027081489563,2.360227346420288,2.7772843837738037,0.2212134301662445,0,-1,1,193,1.0,2.0,193,1.0261517763137817,0,0.0,0,0.0,0,13.034305572509766,0,5
SH,FVD,137,2848,165,165,16.5,0.25805214047431946,0.3552582859992981,2.296933174133301,2.6807689666748047,0.36312875151634216,0,-1,0,0,0.0,2.0,165,4.3804826736450195,0,0.0,0,0.0,0,2.7070930004119873,2,7
SH,FVD,137,2849,137,137,13.700000000000001,0.22403791546821594,0.24479812383651733,8.008954048156738,10.582695007324219,1.6429275274276733,0,-1,1,58,0.4233576642335766,2.0,137,1.955866813659668,0,0.0,0,0.0,0,47.71400451660156,1,6
SH,FVD,137,2850,141,141,14.100000000000001,0.15638937056064606,0.17581810057163239,3.142066478729248,3.7805368900299072,0.5609811544418335,0,-1,1,141,1.0,2.0,141,1.6251355409622192,0,0.0,0,0.0,0,39.05842208862305,0,5
SH,FVD,137,2851,1015,1015,101.5,0.3867088854312897,0.48541170358657837,9.487025260925293,12.24278736114502,1.1595112085342407,1,961,1,155,0.15270935960591134,2.0,961,0.0,0,0.0,0,0.0,0,0.0,0,5
SH,FVD,137,2852,161,161,16.1,0.2247481793165207,0.2733008861541748,0.6396024227142334,0.8474700450897217,0.41776227951049805,0,-1,1,161,1.0,2.0,161,1.6239447593688965,0,0.0,0,0.0,0,31.249155044555664,1,6
SH,FVD,137,2853,319,319,31.900000000000002,0.4208526015281677,0.5466101765632629,10.781184196472168,11.468602180480957,0.7783616185188293,0,-1,0,0,0.0,2.0,319,2.378343105316162,0,0.0,0,0.0,0,7.341278553009033,0,5
SH,FVD,137,2854,482,482,48.2,0.2751586437225342,0.38558685779571533,7.505744934082031,8.222912788391113,1.227439522743225,1,319,1,319,0.6618257261410788,2.0,319,0.0,0,0.0,0,0.0,0,0.0,0,5
SH,FVD,137,2855,464,464,46.400000000000006,0.3578450381755829,0.4892043471336365,17.350292205810547,20.19702911376953,4.820590019226074,1,310,1,310,0.6681034482758621,2.0,310,0.0,0,0.0,0,0.0,0,0.0,0,5
SH,FVD,137,2856,206,206,20.6,0.18067464232444763,0.2521999776363373,17.55377197265625,22.11817169189453,2.121440887451172,0,-1,0,0,0.0,2.0,206,3.297276496887207,0,0.0,0,0.0,0,66.74298858642578,1,6
SH,FVD,137,2857,151,151,15.100000000000001,0.9120258092880249,1.420158863067627,2.9529666900634766,5.736609935760498,1.84989333152771,0,-1,0,0,0.0,2.0,151,2.29683780670166,0,0.0,0,0.0,0,18.61674690246582,2,7
SH,FVD,137,2858,504,504,50.400000000000006,0.5038666129112244,0.6776329874992371,5.0417375564575195,7.085887432098389,1.092871904373169,0,-1,1,2,0.003968253968253968,2.0,504,1.9886305332183838,0,0.0,0,0.0,0,10.556220054626465,0,5
SH,FVD,137,2859,830,830,83.0,0.32431653141975403,0.4622989594936371,7.863155364990234,9.351783752441406,2.7440106868743896,1,421,1,239,0.28795180722891567,2.0,421,0.0,0,0.0,0,0.0,0,0.0,0,5
SH,FVD,137,2860,212,212,21.200000000000003,0.1742994338274002,0.22828495502471924,2.2406444549560547,2.7709946632385254,0.48608723282814026,0,-1,1,212,1.0,2.0,212,0.6000959873199463,0,0.0,0,0.0,0,9.280726432800293,1,6
SH,FVD,137,2861,153,153,15.3,0.1445159912109375,0.18156267702579498,2.4656729698181152,2.665419578552246,0.25549206137657166,0,-1,1,153,1.0,2.0,153,0.27663689851760864,0,0.0,0,0.0,0,4.740008354187012,0,5
SH,FVD,137,2862,457,457,45.7,0.3890725076198578,0.5160859823226929,6.952136039733887,9.192380905151367,0.948776125907898,0,-1,1,209,0.4573304157549234,2.0,457,0.36950790882110596,0,0.0,0,0.0,0,1.190022349357605,1,6
SH,FVD,137,2863,262,262,26.200000000000003,0.19089876115322113,0.22878722846508026,11.268555641174316,16.516048431396484,1.575245976448059,0,-1,0,0,0.0,2.0,262,4.323012828826904,0,0.0,0,0.0,0,16.99201202392578,2,7
SH,FVD,137,2864,379,379,37.9,0.44268685579299927,0.5750641226768494,21.215991973876953,25.230915069580078,2.3188178539276123,0,-1,1,25,0.06596306068601583,2.0,379,0.5476059317588806,0,0.0,0,0.0,0,1.577779769897461,1,6
SH,FVD,137,2865,285,285,28.5,0.21076908707618713,0.30175766348838806,5.458174705505371,6.736520290374756,0.4705687463283539,0,-1,1,45,0.15789473684210525,2.0,285,0.6335867643356323,0,0.0,0,0.0,0,2.7700154781341553,1,6
SH,FVD,137,2866,220,220,22.0,0.1982623040676117,0.23436309397220612,1.4973018169403076,2.1745405197143555,0.332417756319046,0,-1,1,220,1.0,2.0,220,1.3647692203521729,0,0.0,0,0.0,0,21.9006404876709,0,5
SH,FVD,137,2867,301,301,30.1,0.33208075165748596,0.41709786653518677,3.0504887104034424,3.328691005706787,0.48201459646224976,0,-1,1,238,0.7906976744186046,2.0,301,1.0550141334533691,0,0.0,0,0.0,0,7.461514949798584,2,7
SH,FVD,137,2868,140,140,14.0,0.46054452657699585,0.5416589975357056,1.3414064645767212,1.643455982208252,0.8145931363105774,0,-1,0,0,0.0,2.0,140,4.2988057136535645,0,0.0,0,0.0,0,8.191572189331055,0,5
SH,FVD,137,2869,410,410,41.0,0.28561702370643616,0.3768482804298401,20.57787322998047,22.42211151123047,1.281508445739746,0,-1,1,410,1.0,2.0,410,0.1827312856912613,0,0.0,0,0.0,0,2.907381296157837,0,5
SH,FVD,137,2870,140,140,14.0,0.3573001027107239,0.4405677318572998,4.463099002838135,5.077567100524902,0.8658427596092224,0,-1,0,0,0.0,2.0,140,2.4146313667297363,0,0.0,0,0.0,0,22.052181243896484,1,6
SH,FVD,137,2871,239,239,23.900000000000002,0.25754714012145996,0.4123598337173462,1.5620290040969849,2.3740158081054688,0.504167377948761,0,-1,0,0,0.0,2.0,239,3.4670543670654297,0,0.0,0,0.0,0,1.3398768901824951,0,5
SH,FVD,137,2872,191,191,19.1,0.29919153451919556,0.3915383219718933,7.642014026641846,9.272216796875,0.9487929344177246,0,-1,1,16,0.08376963350785341,2.0,191,1.9175431728363037,0,0.0,0,0.0,0,3.968370199203491,2,7
SH,FVD,137,2873,136,136,13.600000000000001,0.14891397953033447,0.17525386810302734,2.6546950340270996,3.3603768348693848,0.55412358045578,0,-1,1,136,1.0,2.0,136,1.381904125213623,0,0.0,0,0.0,0,16.285791397094727,1,6
SH,FVD,137,2874,136,136,13.600000000000001,0.1698305308818817,0.2217189520597458,0.7209247946739197,0.8620340824127197,0.2758018970489502,0,-1,1,73,0.5367647058823529,2.0,136,1.9534666538238525,0,0.0,0,0.0,0,6.562402248382568,2,7
SH,FVD,137,2875,989,989,98.9,0.43596532940864563,0.6491138339042664,7.212250709533691,9.301514625549316,2.0071773529052734,1,795,1,398,0.4024266936299292,2.0,795,0.0,0,0.0,0,0.0,0,0.0,2,7
SH,FVD,137,2876,594,594,59.400000000000006,0.1649666279554367,0.20740748941898346,7.616292476654053,8.618727684020996,0.407748281955719,0,-1,1,594,1.0,2.0,594,1.0819064378738403,0,0.0,0,0.0,0,20.446165084838867,0,5
SH,FVD,137,2877,144,144,14.4,0.6429328918457031,0.8075876832008362,12.437203407287598,14.64690113067627,5.191977500915527,1,48,1,48,0.3333333333333333,2.0,48,0.0,0,0.0,0,0.0,0,0.0,2,7
SH,FVD,137,2878,142,142,14.200000000000001,0.3069792687892914,0.3534209132194519,1.2431426048278809,1.4293125867843628,0.48210567235946655,0,-1,1,142,1.0,2.0,142,1.1298996210098267,0,0.0,0,0.0,0,6.930478096008301,2,7
SH,FVD,137,2879,166,166,16.6,0.5298415422439575,0.689915120601654,1.9729886054992676,2.415666341781616,0.7018557190895081,1,128,1,128,0.7710843373493976,2.0,128,0.0,0,0.0,0,0.0,0,0.0,1,6
SH,FVD,137,2880,384,384,38.400000000000006,0.4628230035305023,0.6085566282272339,22.64497184753418,26.874717712402344,2.3392016887664795,1,371,1,38,0.09895833333333333,2.0,371,0.0,0,0.0,0,0.0,0,0.0,2,7
SH,FVD,137,2881,1012,1012,101.2,0.2899308204650879,0.39352360367774963,4.398800849914551,5.275059223175049,1.1895778179168701,1,782,1,631,0.6235177865612648,2.0,782,0.0,0,0.0,0,0.0,0,0.0,2,7
SH,FVD,137,2882,627,627,62.7,0.24916119873523712,0.3371840715408325,13.684831619262695,15.932243347167969,1.1415886878967285,1,532,1,73,0.11642743221690591,2.0,532,0.0,0,0.0,0,0.0,0,0.0,2,7
SH,FVD,137,2883,409,409,40.900000000000006,0.4030922055244446,0.4988225996494293,7.31389856338501,7.945892810821533,4.334610939025879,1,40,1,40,0.097799511002445,2.0,40,0.0,0,0.0,0,0.0,0,0.0,2,7
SH,FVD,137,2884,190,190,19.0,0.4793805480003357,0.5796700716018677,3.395869493484497,4.033230304718018,1.2616147994995117,1,160,1,49,0.2578947368421053,2.0,160,0.0,0,0.0,0,0.0,0,0.0,0,5
SH,FVD,137,2885,391,391,39.1,0.22298288345336914,0.32589539885520935,8.104752540588379,9.289219856262207,0.66133713722229,0,-1,0,0,0.0,2.0,391,3.1842031478881836,0,0.0,0,0.0,0,3.3681304454803467,1,6
SH,FVD,137,2886,163,163,16.3,0.4155582785606384,0.5067874193191528,8.544625282287598,10.358290672302246,1.4273312091827393,1,142,1,142,0.8711656441717791,2.0,142,0.0,0,0.0,0,0.0,0,0.0,1,6
SH,FVD,137,2887,709,709,70.9,0.25747165083885193,0.3272125720977783,5.972209453582764,6.635742664337158,0.6584369540214539,0,-1,1,634,0.8942172073342737,2.0,709,1.0584237575531006,0,0.0,0,0.0,0,19.356735229492188,1,6
SH,FVD,137,2888,561,561,56.1,0.2619425058364868,0.3244922161102295,8.772871971130371,9.56818675994873,0.48993974924087524,0,-1,1,561,1.0,2.0,561,1.1398833990097046,0,0.0,0,0.0,0,11.175727844238281,1,6
SH,FVD,137,2889,131,131,13.100000000000001,0.14392989873886108,0.19676430523395538,0.9074962139129639,1.034958839416504,0.24476297199726105,0,-1,0,0,0.0,2.0,131,4.634407997131348,0,0.0,0,0.0,0,8.784355163574219,1,6
SH,FVD,137,2890,190,190,19.0,0.3576293885707855,0.4868949353694916,7.712597846984863,9.051753044128418,1.1696609258651733,0,-1,0,0,0.0,2.0,190,2.295536994934082,0,0.0,0,0.0,0,21.133275985717773,1,6
SH,FVD,137,2891,2053,2053,205.3,0.3279401361942291,0.4454919695854187,6.803203105926514,7.994596004486084,3.5121495723724365,1,1062,1,391,0.19045299561617146,2.0,1062,0.0,0,0.0,0,0.0,0,0.0,1,6
SH,FVD,137,2892,163,163,16.3,0.33294588327407837,0.5414579510688782,2.01924991607666,2.5410921573638916,0.6220760941505432,0,-1,1,156,0.9570552147239264,2.0,163,0.2728703022003174,0,0.0,0,0.0,0,1.0085304975509644,2,7
SH,FVD,137,2893,231,231,23.1,0.2243347465991974,0.2784803807735443,11.689818382263184,13.82060718536377,0.9110530018806458,0,-1,0,0,0.0,2.0,231,2.050708532333374,0,0.0,0,0.0,0,31.16375160217285,0,5
SH,FVD,137,2894,254,254,25.400000000000002,0.45428353548049927,0.6599037647247314,2.0638351440429688,2.843116044998169,0.8151446580886841,0,-1,1,254,1.0,2.0,254,0.7314926385879517,0,0.0,0,0.0,0,14.526816368103027,1,6
SH,FVD,137,2895,166,166,16.6,0.42154303193092346,0.5381245017051697,10.91268253326416,15.945138931274414,2.318120002746582,0,-1,0,0,0.0,2.0,166,3.6082746982574463,0,0.0,0,0.0,0,39.10633850097656,2,7
SH,FVD,137,2896,229,229,22.900000000000002,0.4892825782299042,0.6406736373901367,7.363336563110352,9.280296325683594,2.225691318511963,1,139,1,139,0.6069868995633187,2.0,139,0.0,0,0.0,0,0.0,0,0.0,2,7
SH,FVD,137,2897,173,173,17.3,0.3050220012664795,0.38141605257987976,7.467957496643066,8.745046615600586,0.9874370694160461,0,-1,0,0,0.0,2.0,173,2.2502048015594482,0,0.0,0,0.0,0,15.917001724243164,2,7
SH,FVD,137,2898,587,587,58.7,0.20017307996749878,0.26563477516174316,30.984115600585938,41.655086517333984,1.8785687685012817,0,-1,1,587,1.0,2.0,587,0.6562088131904602,0,0.0,0,0.0,0,21.92362403869629,2,7
SH,FVD,137,2899,423,423,42.300000000000004,0.21605096757411957,0.27127188444137573,11.365869522094727,13.07234001159668,1.0908435583114624,0,-1,0,0,0.0,2.0,423,2.1564741134643555,0,0.0,0,0.0,0,10.520915985107422,0,5
SH,FVD,137,2900,368,368,36.800000000000004,0.22172297537326813,0.31433749198913574,4.386528015136719,5.4881768226623535,0.4052869975566864,0,-1,1,368,1.0,2.0,368,0.6004266738891602,0,0.0,0,0.0,0,11.603989601135254,2,7
SH,FVD,137,2901,147,147,14.700000000000001,0.13330651819705963,0.16891194880008698,2.6724443435668945,3.351456642150879,0.5777959227561951,0,-1,0,0,0.0,2.0,147,2.259488821029663,0,0.0,0,0.0,0,36.22431182861328,2,7
SH,FVD,137,2902,358,358,35.800000000000004,0.11848766356706619,0.1454600840806961,2.296877861022949,2.667207717895508,0.31765639781951904,0,-1,1,358,1.0,2.0,358,0.7861081957817078,0,0.0,0,0.0,0,15.558873176574707,0,5
SH,FVD,137,2903,331,331,33.1,0.301273912191391,0.3861674666404724,1.0511232614517212,1.2532744407653809,0.46923860907554626,0,-1,0,0,0.0,2.0,331,3.085958957672119,0,0.0,0,0.0,0,5.169741630554199,0,5
SH,FVD,137,2904,373,373,37.300000000000004,0.24556130170822144,0.3258981704711914,4.116597652435303,4.3965253829956055,1.718799114227295,1,77,1,77,0.2064343163538874,2.0,77,0.0,0,0.0,0,0.0,0,0.0,1,6
SH,FVD,137,2905,190,190,19.0,0.21607668697834015,0.3183293342590332,7.563093662261963,9.14547348022461,1.034738302230835,0,-1,1,21,0.11052631578947368,2.0,190,1.7280699014663696,0,0.0,0,0.0,0,39.018978118896484,2,7
SH,FVD,137,2906,411,411,41.1,0.2152298390865326,0.33092933893203735,3.63417911529541,4.010582447052002,0.5132651329040527,0,-1,1,17,0.0413625304136253,2.0,411,1.1262329816818237,0,0.0,0,0.0,0,1.747043251991272,1,6
SH,FVD,137,2907,163,163,16.3,0.45520487427711487,0.5310455560684204,7.2940473556518555,8.469592094421387,1.2347888946533203,0,-1,0,0,0.0,2.0,163,4.865550994873047,0,0.0,0,0.0,0,8.06895637512207,0,5
SH,FVD,137,2908,221,221,22.1,0.31479397416114807,0.38917121291160583,5.693212032318115,6.505552291870117,0.6541835069656372,0,-1,1,221,1.0,2.0,221,0.5380265712738037,0,0.0,0,0.0,0,9.317398071289062,2,7
SH,FVD,137,2909,237,237,23.700000000000003,0.29091018438339233,0.45987212657928467,1.1009089946746826,1.3013988733291626,0.5066647529602051,1,215,1,90,0.379746835443038,2.0,215,0.0,0,0.0,0,0.0,0,0.0,0,5
SH,FVD,137,2910,156,156,15.600000000000001,0.08619271218776703,0.10571995377540588,1.780220627784729,2.3303840160369873,0.42891624569892883,0,-1,1,112,0.717948717948718,2.0,156,0.56648850440979,0,0.0,0,0.0,0,2.0342893600463867,1,6
SH,FVD,137,2911,196,196,19.6,0.18621529638767242,0.2241152971982956,2.204077959060669,3.0582659244537354,0.4430592954158783,0,-1,1,196,1.0,2.0,196,1.1110031604766846,0,0.0,0,0.0,0,20.40636444091797,0,5
SH,FVD,137,2912,140,140,14.0,0.3019520044326782,0.3504851758480072,6.647172451019287,7.795135974884033,0.869466245174408,0,-1,1,100,0.7142857142857143,2.0,140,1.8098713159561157,0,0.0,0,0.0,0,19.92255973815918,2,7
SH,FVD,137,2913,140,140,14.0,0.2007419914007187,0.2224472314119339,1.023619532585144,1.3349761962890625,0.4898112118244171,0,-1,0,0,0.0,2.0,140,3.7090091705322266,0,0.0,0,0.0,0,20.581045150756836,0,5
SH,FVD,137,2914,354,354,35.4,0.2861749529838562,0.39897578954696655,8.182250022888184,10.142148971557617,1.140976071357727,1,249,1,57,0.16101694915254236,2.0,249,0.0,0,0.0,0,0.0,0,0.0,0,5
SH,FVD,137,2915,140,140,14.0,0.6093626618385315,0.7461693286895752,14.66932201385498,17.185792922973633,1.9458357095718384,0,-1,0,0,0.0,2.0,140,2.9147591590881348,0,0.0,0,0.0,0,13.932435035705566,1,6
SH,FVD,137,2916,340,340,34.0,0.21306881308555603,0.263386994600296,5.536656379699707,6.745086669921875,0.4581582844257355,0,-1,1,90,0.2647058823529412,2.0,340,0.23651079833507538,0,0.0,0,0.0,0,0.21595171093940735,1,6
SH,FVD,137,2917,1207,1207,120.7,0.14282263815402985,0.18384255468845367,3.7711732387542725,5.072640419006348,0.41397005319595337,0,-1,1,1207,1.0,2.0,1207,1.1782437562942505,0,0.0,0,0.0,0,17.44910430908203,2,7
SH,FVD,137,2918,192,192,19.200000000000003,0.621444821357727,0.6888605952262878,12.711429595947266,13.90684700012207,1.2142950296401978,0,-1,1,123,0.640625,2.0,192,1.457779884338379,0,0.0,0,0.0,0,15.730388641357422,2,7
SH,FVD,137,2919,138,138,13.8,0.3165264129638672,0.4303808808326721,7.8341064453125,9.595074653625488,1.053484320640564,0,-1,1,138,1.0,2.0,138,0.19453592598438263,0,0.0,0,0.0,0,3.9150938987731934,1,6
SH,FVD,137,2920,401,401,40.1,0.4596490263938904,0.6675408482551575,27.40113067626953,29.473283767700195,1.3568272590637207,0,-1,0,0,0.0,2.0,401,4.220585346221924,0,0.0,0,0.0,0,24.665475845336914,1,6
SH,FVD,137,2921,163,163,16.3,0.3280640244483948,0.3905823230743408,6.270864486694336,7.0947699546813965,0.870701789855957,0,-1,1,4,0.024539877300613498,2.0,163,1.9231706857681274,0,0.0,0,0.0,0,4.1293511390686035,1,6
SH,FVD,137,2922,233,233,23.3,0.21598954498767853,0.24809738993644714,12.196630477905273,15.854002952575684,1.6388039588928223,0,-1,0,0,0.0,2.0,233,3.6869893074035645,0,0.0,0,0.0,0,9.651381492614746,2,7
SH,FVD,137,2923,488,488,48.800000000000004,0.4035707116127014,0.5310596823692322,4.911755084991455,6.411440849304199,2.5477869510650635,1,236,1,202,0.4139344262295082,2.0,236,0.0,0,0.0,0,0.0,0,0.0,1,6
SH,FVD,137,2924,284,284,28.400000000000002,0.39949628710746765,0.5160467028617859,4.755145072937012,5.556325912475586,3.136098623275757,1,114,1,114,0.4014084507042254,2.0,114,0.0,0,0.0,0,0.0,0,0.0,0,5
SH,FVD,137,2925,166,166,16.6,0.3330609202384949,0.4579593241214752,1.7758373022079468,2.081923246383667,0.6573384404182434,1,157,1,39,0.23493975903614459,2.0,157,0.0,0,0.0,0,0.0,0,0.0,0,5
SH,FVD,137,2926,136,136,13.600000000000001,0.2687408924102783,0.3946060538291931,3.774426221847534,4.343649864196777,0.6260182857513428,0,-1,1,104,0.7647058823529411,2.0,136,1.1631919145584106,0,0.0,0,0.0,0,12.981332778930664,0,5
SH,FVD,137,2927,137,137,13.700000000000001,0.3490097224712372,0.5892922282218933,0.7065616250038147,1.1348551511764526,0.5181270837783813,0,-1,1,127,0.927007299270073,2.0,137,1.5691940784454346,0,0.0,0,0.0,0,15.720869064331055,2,7
SH,FVD,137,2928,819,819,81.9,0.32718610763549805,0.5801531672477722,3.8952651023864746,4.47756814956665,0.5278540253639221,1,817,1,713,0.8705738705738706,2.0,817,0.0,0,0.0,0,0.0,0,0.0,2,7
SH,FVD,137,2929,207,207,20.700000000000003,0.13196122646331787,0.17103561758995056,6.330985069274902,8.399685859680176,0.8344372510910034,0,-1,0,0,0.0,2.0,207,2.723020076751709,0,0.0,0,0.0,0,50.97777557373047,1,6
SH,FVD,137,2930,274,274,27.400000000000002,0.1717575639486313,0.21056270599365234,8.605881690979004,9.760862350463867,0.6961276531219482,0,-1,0,0,0.0,2.0,274,2.2823493480682373,0,0.0,0,0.0,0,5.352520942687988,2,7
SH,FVD,137,2931,1751,1751,175.10000000000002,0.36380648612976074,0.46476081013679504,9.44406509399414,10.379510879516602,5.6057915687561035,1,303,1,303,0.173043974871502,2.0,303,0.0,0,0.0,0,0.0,0,0.0,0,5
SH,FVD,137,2932,146,146,14.600000000000001,0.3615328371524811,0.4939438998699188,3.5946733951568604,4.137380123138428,0.6969980001449585,0,-1,0,0,0.0,2.0,146,2.916834831237793,0,0.0,0,0.0,0,11.285120010375977,1,6
SH,FVD,137,2933,231,231,23.1,0.2134186178445816,0.2899901866912842,3.5980329513549805,4.425215721130371,0.5344855189323425,0,-1,0,0,0.0,2.0,231,2.576052188873291,0,0.0,0,0.0,0,15.644536972045898,1,6
SH,FVD,137,2934,152,152,15.200000000000001,0.3538711965084076,0.47953835129737854,9.107536315917969,10.562192916870117,1.2825710773468018,0,-1,1,152,1.0,2.0,152,0.463627427816391,0,0.0,0,0.0,0,3.7513601779937744,0,5
SH,FVD,137,2935,1074,1074,107.4,0.16501156985759735,0.247944638133049,5.068776607513428,7.808131217956543,0.42020168900489807,0,-1,1,1074,1.0,2.0,1074,0.650162935256958,0,0.0,0,0.0,0,7.851436614990234,1,6
SH,FVD,137,2936,221,221,22.1,0.28174322843551636,0.3541112542152405,3.9401702880859375,4.609316825866699,0.7824333310127258,0,-1,1,18,0.08144796380090498,2.0,221,0.9267274141311646,0,0.0,0,0.0,0,1.0826826095581055,0,5
SH,FVD,137,2937,176,176,17.6,0.3785626292228699,0.45102646946907043,2.944256067276001,3.343648672103882,0.4203214943408966,0,-1,1,17,0.09659090909090909,2.0,176,1.754402995109558,0,0.0,0,0.0,0,2.9230923652648926,2,7
SH,FVD,137,2938,186,186,18.6,0.3877567946910858,0.46353238821029663,7.075992584228516,8.363798141479492,0.8714269995689392,0,-1,1,6,0.03225806451612903,2.0,186,1.9754942655563354,0,0.0,0,0.0,0,6.0234222412109375,0,5
SH,FVD,137,2939,136,136,13.600000000000001,0.31646597385406494,0.40207740664482117,0.7342381477355957,0.9838148951530457,0.39789390563964844,0,-1,1,44,0.3235294117647059,2.0,136,1.7879929542541504,0,0.0,0,0.0,0,26.248096466064453,1,6
SH,FVD,137,2940,140,140,14.0,0.32672780752182007,0.4419344961643219,5.122951984405518,7.587648391723633,1.2430371046066284,0,-1,0,0,0.0,2.0,140,4.386628150939941,0,0.0,0,0.0,0,8.892936706542969,2,7
SH,FVD,137,2941,276,276,27.6,0.29204893112182617,0.35598769783973694,6.310676097869873,7.2670207023620605,0.7705942392349243,0,-1,0,0,0.0,2.0,276,4.269558906555176,0,0.0,0,0.0,0,23.868450164794922,2,7
SH,FVD,137,2942,683,683,68.3,0.2191750854253769,0.274845689535141,5.99719762802124,7.597766399383545,0.614082396030426,0,-1,0,0,0.0,2.0,683,2.462437868118286,0,0.0,0,0.0,0,10.936660766601562,0,5
SH,FVD,137,2943,166,166,16.6,0.5043157339096069,0.656645655632019,2.9951281547546387,3.9216768741607666,0.9672466516494751,0,-1,0,0,0.0,2.0,166,4.064246654510498,0,0.0,0,0.0,0,5.090704441070557,1,6
SH,FVD,137,2944,553,553,55.300000000000004,0.5152193307876587,0.6408035755157471,15.7042236328125,19.049571990966797,5.34971284866333,1,166,1,148,0.26763110307414106,2.0,166,0.0,0,0.0,0,0.0,0,0.0,1,6
SH,FVD,137,2945,135,135,13.5,0.2732985019683838,0.32027146220207214,4.117010593414307,4.914073944091797,0.6154078841209412,0,-1,0,0,0.0,2.0,135,2.085373640060425,0,0.0,0,0.0,0,4.380552768707275,1,6
SH,FVD,137,2946,357,357,35.7,0.24654008448123932,0.3058170974254608,6.3484578132629395,7.932637691497803,0.46886882185935974,0,-1,1,357,1.0,2.0,357,0.3864455223083496,0,0.0,0,0.0,0,6.080001354217529,0,5
SH,FVD,137,2947,135,135,13.5,0.2358892261981964,0.3093731701374054,3.83626127243042,4.852783203125,0.6288837194442749,0,-1,1,135,1.0,2.0,135,1.425096035003662,0,0.0,0,0.0,0,18.506698608398438,2,7
SH,FVD,137,2948,293,293,29.3,0.22509020566940308,0.2945583462715149,13.448685646057129,16.63796043395996,1.094265103340149,0,-1,1,234,0.7986348122866894,2.0,293,1.1272600889205933,0,0.0,0,0.0,0,28.77071762084961,1,6
SH,FVD,137,2949,312,312,31.200000000000003,0.4301222860813141,0.5200571417808533,4.122780799865723,5.0843186378479,0.9164242744445801,0,-1,1,199,0.6378205128205128,2.0,312,1.2449424266815186,0,0.0,0,0.0,0,14.063311576843262,1,6
SH,FVD,137,2950,313,313,31.3,0.44935691356658936,0.5389723181724548,13.450455665588379,15.010918617248535,0.9100050330162048,0,-1,0,0,0.0,2.0,313,2.069620370864868,0,0.0,0,0.0,0,4.486540794372559,1,6
SH,FVD,137,2951,134,134,13.4,0.06561054289340973,0.0845935270190239,0.43751242756843567,0.5305443406105042,0.18245543539524078,0,-1,1,134,1.0,2.0,134,1.829334020614624,0,0.0,0,0.0,0,41.14230728149414,2,7
SH,FVD,137,2952,305,305,30.5,0.3993350863456726,0.5109459757804871,4.929611682891846,6.111523151397705,0.9123799204826355,0,-1,1,305,1.0,2.0,305,0.20168234407901764,0,0.0,0,0.0,0,2.1418139934539795,2,7
SH,FVD,137,2953,161,161,16.1,0.3520025312900543,0.5606344938278198,2.065751314163208,2.851101875305176,0.8887898921966553,1,131,1,75,0.4658385093167702,2.0,131,0.0,0,0.0,0,0.0,0,0.0,2,7
SH,FVD,137,2954,171,171,17.1,0.18625423312187195,0.22986772656440735,11.47618293762207,14.76159381866455,1.8414124250411987,0,-1,0,0,0.0,2.0,171,2.2859671115875244,0,0.0,0,0.0,0,42.706871032714844,1,6
SH,FVD,137,2955,369,369,36.9,0.2330704927444458,0.31674596667289734,2.110649824142456,2.7230653762817383,0.3421981632709503,0,-1,1,369,1.0,2.0,369,0.1981557160615921,0,0.0,0,0.0,0,0.7005664110183716,1,6
SH,FVD,137,2956,260,260,26.0,0.23108744621276855,0.27757856249809265,1.929000973701477,2.3790640830993652,0.42093944549560547,0,-1,1,214,0.823076923076923,2.0,260,1.3454467058181763,0,0.0,0,0.0,0,19.99777603149414,2,7
SH,FVD,137,2957,170,170,17.0,0.1852477490901947,0.21703481674194336,3.3486123085021973,3.7759757041931152,0.29129233956336975,0,-1,1,170,1.0,2.0,170,1.062558650970459,0,0.0,0,0.0,0,20.465471267700195,1,6
SH,FVD,137,2958,147,147,14.700000000000001,0.3450361490249634,0.4189637303352356,1.4978307485580444,2.0902698040008545,0.7593361735343933,0,-1,0,0,0.0,2.0,147,3.6855275630950928,0,0.0,0,0.0,0,6.709035396575928,0,5
SH,FVD,137,2959,711,711,71.10000000000001,0.2549900412559509,0.33149054646492004,16.471094131469727,17.238258361816406,0.5542907118797302,0,-1,0,0,0.0,2.0,711,2.4220268726348877,0,0.0,0,0.0,0,6.026474475860596,0,5
SH,FVD,137,2960,240,240,24.0,0.2997509837150574,0.373441606760025,4.466076850891113,5.557617664337158,1.0135581493377686,1,180,1,46,0.19166666666666668,2.0,180,0.0,0,0.0,0,0.0,0,0.0,0,5
SH,FVD,137,2961,583,583,58.300000000000004,0.29691800475120544,0.37496814131736755,2.484537124633789,3.063905954360962,0.30251339077949524,0,-1,1,28,0.048027444253859346,2.0,583,1.829293966293335,0,0.0,0,0.0,0,4.248382091522217,2,7
SH,FVD,137,2962,283,283,28.3,0.3248487114906311,0.48686134815216064,3.989708185195923,4.343416690826416,0.7531594634056091,0,-1,1,184,0.6501766784452296,2.0,283,0.5295657515525818,0,0.0,0,0.0,0,2.9385852813720703,1,6
SH,FVD,137,2963,167,167,16.7,0.5913732051849365,0.6731224060058594,6.807785511016846,8.931604385375977,1.133805751800537,1,164,1,164,0.9820359281437125,2.0,164,0.0,0,0.0,0,0.0,0,0.0,2,7
SH,FVD,137,2964,260,260,26.0,0.40601903200149536,0.5696742534637451,2.832134485244751,5.138680934906006,0.9515298008918762,0,-1,1,203,0.7807692307692308,2.0,260,0.8535671830177307,0,0.0,0,0.0,0,7.333639621734619,0,5
SH,FVD,137,2965,480,480,48.0,0.15441039204597473,0.18598660826683044,22.449922561645508,25.284738540649414,0.9522323608398438,0,-1,1,381,0.79375,2.0,480,1.2143183946609497,0,0.0,0,0.0,0,27.050260543823242,2,7
SH,FVD,137,2966,154,154,15.4,0.49746525287628174,0.7381179332733154,6.6281962394714355,7.897276878356934,1.2197688817977905,0,-1,1,154,1.0,2.0,154,1.488753080368042,0,0.0,0,0.0,0,15.790103912353516,2,7
SH,FVD,137,2967,132,132,13.200000000000001,0.3788839876651764,0.5373306274414062,0.7271205186843872,0.9111615419387817,0.40682896971702576,0,-1,1,132,1.0,2.0,132,0.9505903124809265,0,0.0,0,0.0,0,10.539651870727539,1,6
SH,FVD,137,2968,341,341,34.1,0.1365675926208496,0.16824811697006226,7.800047397613525,10.166041374206543,0.7367646098136902,0,-1,1,341,1.0,2.0,341,1.2545775175094604,0,0.0,0,0.0,0,22.48111343383789,2,7
SH,FVD,137,2969,158,158,15.8,0.3498072922229767,0.4345359802246094,6.355357646942139,8.001789093017578,0.8823865056037903,0,-1,1,158,1.0,2.0,158,0.5155099630355835,0,0.0,0,0.0,0,3.617111921310425,0,5
SH,FVD,137,2970,460,460,46.0,0.29371732473373413,0.4035581350326538,8.525710105895996,9.94105052947998,0.7420144081115723,0,-1,1,460,1.0,2.0,460,0.5805476307868958,0,0.0,0,0.0,0,6.037751197814941,1,6
SH,FVD,137,2971,131,131,13.100000000000001,0.21129663288593292,0.2726152837276459,3.83708119392395,4.427844047546387,0.508152425289154,0,-1,0,0,0.0,2.0,131,2.3811821937561035,0,0.0,0,0.0,0,29.33737564086914,2,7
SH,FVD,137,2972,168,168,16.8,0.4765034317970276,0.6254751086235046,10.454508781433105,13.926015853881836,1.9004082679748535,0,-1,1,168,1.0,2.0,168,0.5968675017356873,0,0.0,0,0.0,0,10.614995956420898,0,5
SH,FVD,137,2973,294,294,29.400000000000002,0.5692505836486816,0.7513745427131653,12.365155220031738,13.554068565368652,1.2799509763717651,0,-1,0,0,0.0,2.0,294,2.9572596549987793,0,0.0,0,0.0,0,5.852107524871826,1,6
SH,FVD,137,2974,148,148,14.8,0.4534151256084442,0.5019575357437134,5.290604591369629,5.983789920806885,0.8842469453811646,0,-1,1,3,0.02027027027027027,2.0,148,1.9897769689559937,0,0.0,0,0.0,0,50.69337463378906,0,5
SH,FVD,137,2975,362,362,36.2,0.24251697957515717,0.2999574542045593,2.272955894470215,2.9161341190338135,0.47445881366729736,0,-1,1,189,0.5220994475138122,2.0,362,1.8899143934249878,0,0.0,0,0.0,0,25.050533294677734,0,5
SH,FVD,137,2976,136,136,13.600000000000001,0.26043206453323364,0.3153036832809448,1.0791796445846558,1.530425786972046,0.543164074420929,0,-1,1,104,0.7647058823529411,2.0,136,1.5122157335281372,0,0.0,0,0.0,0,28.631078720092773,2,7
SH,FVD,137,2977,162,162,16.2,0.27674102783203125,0.3632686138153076,2.7354471683502197,2.9063472747802734,0.394890695810318,0,-1,0,0,0.0,2.0,162,2.8415658473968506,0,0.0,0,0.0,0,3.2725565433502197,2,7
SH,FVD,137,2978,145,145,14.5,0.17653051018714905,0.20653751492500305,0.9099562168121338,1.0381181240081787,0.15940538048744202,0,-1,1,125,0.8620689655172413,2.0,145,1.3733160495758057,0,0.0,0,0.0,0,4.265995502471924,2,7
SH,FVD,137,2979,629,629,62.900000000000006,0.4105234444141388,0.5177960395812988,10.612627983093262,12.102019309997559,5.1008100509643555,1,127,1,127,0.20190779014308427,2.0,127,0.0,0,0.0,0,0.0,0,0.0,2,7
SH,FVD,137,2980,212,212,21.200000000000003,0.20057892799377441,0.2835366427898407,2.9248459339141846,3.124157190322876,0.2771158516407013,0,-1,1,212,1.0,2.0,212,1.138584852218628,0,0.0,0,0.0,0,12.639328956604004,2,7
SH,FVD,137,2981,135,135,13.5,0.2785828113555908,0.42023909091949463,13.895944595336914,16.67888641357422,2.2567100524902344,0,-1,1,135,1.0,2.0,135,1.1155130863189697,0,0.0,0,0.0,0,19.8629093170166,0,5
SH,FVD,137,2982,426,426,42.6,0.35690075159072876,0.45937398076057434,2.195596694946289,2.90874981880188,0.5075740814208984,1,419,1,144,0.3380281690140845,2.0,419,0.0,0,0.0,0,0.0,0,0.0,2,7
SH,FVD,137,2983,171,171,17.1,0.36570313572883606,0.4921867549419403,7.694068908691406,8.65114974975586,0.7393451929092407,0,-1,1,171,1.0,2.0,171,1.3418418169021606,0,0.0,0,0.0,0,22.30652618408203,2,7
SH,FVD,137,2984,161,161,16.1,0.10791893303394318,0.14086206257343292,0.33454665541648865,0.388146311044693,0.09375903010368347,0,-1,1,161,1.0,2.0,161,0.5584129691123962,0,0.0,0,0.0,0,9.832610130310059,0,5
SH,FVD,137,2985,204,204,20.400000000000002,0.18155939877033234,0.2399854063987732,15.22220230102539,18.54923439025879,1.6243706941604614,0,-1,1,204,1.0,2.0,204,1.5243940353393555,0,0.0,0,0.0,0,32.81761169433594,0,5
SH,FVD,137,2986,567,567,56.7,0.49542832374572754,0.6731207966804504,5.795860767364502,6.951826095581055,0.6881982684135437,0,-1,0,0,0.0,2.0,567,2.815742254257202,0,0.0,0,0.0,0,5.389778137207031,2,7
SH,FVD,137,2987,421,421,42.1,0.201218843460083,0.26969611644744873,7.387091159820557,8.415258407592773,0.5926510691642761,0,-1,1,160,0.38004750593824227,2.0,421,0.7007825970649719,0,0.0,0,0.0,0,4.581217288970947,0,5
SH,FVD,137,2988,608,608,60.800000000000004,0.2279677391052246,0.3478167951107025,6.996670246124268,7.815658092498779,0.51511150598526,1,594,1,36,0.05921052631578947,2.0,594,0.0,0,0.0,0,0.0,0,0.0,2,7
SH,FVD,137,2989,454,454,45.400000000000006,0.504555344581604,0.6383478045463562,4.4375410079956055,5.7546491622924805,0.6763268113136292,0,-1,1,160,0.3524229074889868,2.0,454,0.8542535305023193,0,0.0,0,0.0,0,1.545055627822876,0,5
SH,FVD,137,2990,263,263,26.3,0.2778586149215698,0.31972700357437134,26.071950912475586,32.55708312988281,2.114379644393921,0,-1,0,0,0.0,2.0,263,2.4756667613983154,0,0.0,0,0.0,0,44.65943908691406,2,7
SH,FVD,137,2991,154,154,15.4,0.3020649552345276,0.3791700005531311,10.174612998962402,11.9649658203125,1.0931408405303955,0,-1,1,154,1.0,2.0,154,0.37905624508857727,0,0.0,0,0.0,0,7.221014022827148,0,5
SH,FVD,137,2992,147,147,14.700000000000001,0.27080830931663513,0.37626317143440247,4.458294868469238,5.333714962005615,0.7034633159637451,0,-1,1,147,1.0,2.0,147,0.6714548468589783,0,0.0,0,0.0,0,9.748685836791992,1,6
SH,FVD,137,2993,160,160,16.0,0.2410091906785965,0.28341662883758545,10.452898025512695,13.621318817138672,1.543919563293457,0,-1,0,0,0.0,2.0,160,2.9494857788085938,0,0.0,0,0.0,0,69.79389953613281,1,6
SH,FVD,137,2994,162,162,16.2,0.1661386787891388,0.20456361770629883,7.344183921813965,8.70533561706543,0.7940983772277832,0,-1,1,162,1.0,2.0,162,1.1667753458023071,0,0.0,0,0.0,0,30.46933937072754,0,5
SH,FVD,137,2995,414,414,41.400000000000006,0.2697313129901886,0.37696871161460876,3.4983911514282227,4.8553619384765625,0.51457279920578,0,-1,1,208,0.5024154589371981,2.0,414,0.38427746295928955,0,0.0,0,0.0,0,1.963091254234314,2,7
SH,FVD,137,2996,195,195,19.5,0.2965562641620636,0.36771056056022644,2.781104564666748,3.5991768836975098,0.9068715572357178,1,170,1,46,0.2358974358974359,2.0,170,0.0,0,0.0,0,0.0,0,0.0,1,6
SH,FVD,137,2997,959,959,95.9,0.17986786365509033,0.26023098826408386,13.286031723022461,16.649349212646484,1.0365052223205566,0,-1,1,959,1.0,2.0,959,0.9698514342308044,0,0.0,0,0.0,0,26.000099182128906,1,6
SH,FVD,137,2998,341,341,34.1,0.08851069957017899,0.11180808395147324,15.204075813293457,17.971555709838867,0.9297018051147461,0,-1,0,0,0.0,2.0,341,3.3180959224700928,0,0.0,0,0.0,0,89.30548095703125,0,5
SH,FVD,137,2999,171,171,17.1,0.37795963883399963,0.5864018201828003,5.058257579803467,5.411072254180908,0.5901243686676025,0,-1,0,0,0.0,2.0,171,5.530694007873535,0,0.0,0,0.0,0,5.747097015380859,0,5
SH,FVD,137,3000,211,211,21.1,0.3805966377258301,0.5297448039054871,9.05372428894043,10.589564323425293,1.5543596744537354,0,-1,1,35,0.16587677725118483,2.0,211,0.9647185206413269,0,0.0,0,0.0,0,3.281724214553833,2,7
SH,FVD,137,3001,392,392,39.2,0.1862175464630127,0.2431184947490692,2.5412685871124268,2.8371996879577637,0.35708796977996826,0,-1,1,318,0.8112244897959183,2.0,392,1.186782956123352,0,0.0,0,0.0,0,7.119327068328857,0,5
SH,FVD,137,3002,263,263,26.3,0.3242979347705841,0.3991982936859131,1.2840874195098877,1.9849779605865479,0.5318994522094727,0,-1,1,263,1.0,2.0,263,1.2201350927352905,0,0.0,0,0.0,0,30.0965576171875,0,5
SH,FVD,137,3003,152,152,15.200000000000001,0.23878060281276703,0.29499882459640503,3.1782541275024414,3.694291591644287,1.0110911130905151,1,124,1,124,0.8157894736842105,2.0,124,0.0,0,0.0,0,0.0,0,0.0,1,6
SH,FVD,137,3004,145,145,14.5,0.24737957119941711,0.3103761374950409,3.1066057682037354,3.4413208961486816,0.45161452889442444,0,-1,0,0,0.0,2.0,145,2.650223970413208,0,0.0,0,0.0,0,6.410940647125244,0,5
SH,FVD,137,3005,270,270,27.0,0.46882081031799316,0.6602974534034729,3.8683371543884277,4.402772426605225,1.740890383720398,1,135,1,135,0.5,2.0,135,0.0,0,0.0,0,0.0,0,0.0,0,5
SH,FVD,137,3006,203,203,20.3,0.34841683506965637,0.44864702224731445,8.301722526550293,9.239696502685547,0.9831884503364563,0,-1,0,0,0.0,2.0,203,2.970125913619995,0,0.0,0,0.0,0,10.291057586669922,2,7
SH,FVD,137,3007,180,180,18.0,0.2455051839351654,0.296245813369751,1.8179517984390259,2.4029178619384766,0.4078051745891571,0,-1,1,180,1.0,2.0,180,1.3844754695892334,0,0.0,0,0.0,0,15.994277000427246,1,6
SH,FVD,137,3008,325,325,32.5,0.28148704767227173,0.3754653334617615,7.550343990325928,9.418007850646973,0.8211060762405396,0,-1,1,325,1.0,2.0,325,0.8338330388069153,0,0.0,0,0.0,0,13.374357223510742,2,7
SH,FVD,137,3009,2991,2991,299.1,0.40209388732910156,0.4935871660709381,4.892972946166992,5.437987327575684,3.197322130203247,1,408,1,408,0.13640922768304914,2.0,408,0.0,0,0.0,0,0.0,0,0.0,2,7
SH,FVD,137,3010,210,210,21.0,0.35595574975013733,0.46454477310180664,2.259489059448242,2.7452571392059326,0.6813094615936279,0,-1,1,123,0.5857142857142857,2.0,210,1.3659123182296753,0,0.0,0,0.0,0,6.043281555175781,0,5
SH,FVD,137,3011,474,474,47.400000000000006,0.3033609688282013,0.3781658411026001,10.657346725463867,11.615141868591309,0.6476338505744934,0,-1,0,0,0.0,2.0,474,2.3601129055023193,0,0.0,0,0.0,0,4.399395942687988,0,5
SH,FVD,137,3012,138,138,13.8,0.62645024061203,0.7238993644714355,8.425254821777344,9.910264015197754,2.436481237411499,1,80,1,80,0.5797101449275363,2.0,80,0.0,0,0.0,0,0.0,0,0.0,2,7
SH,FVD,137,3013,136,136,13.600000000000001,0.7365645170211792,0.8730218410491943,8.95567798614502,10.836904525756836,1.7236417531967163,0,-1,1,89,0.6544117647058824,2.0,136,0.5345271229743958,0,0.0,0,0.0,0,2.440722942352295,0,5
SH,FVD,137,3014,252,252,25.200000000000003,0.1734018623828888,0.20795369148254395,19.580053329467773,24.63004493713379,2.032207489013672,0,-1,0,0,0.0,2.0,252,4.016480922698975,0,0.0,0,0.0,0,77.7345199584961,0,5
SH,FVD,137,3015,601,601,60.1,0.20014768838882446,0.25886595249176025,23.87885856628418,28.442527770996094,1.1034588813781738,0,-1,1,226,0.37603993344425957,2.0,601,1.5031237602233887,0,0.0,0,0.0,0,30.015382766723633,1,6
SH,FVD,137,3016,225,225,22.5,0.23415416479110718,0.29393714666366577,1.88497793674469,2.068056106567383,0.42968839406967163,0,-1,1,50,0.2222222222222222,2.0,225,1.950592279434204,0,0.0,0,0.0,0,10.114008903503418,2,7
SH,FVD,137,3017,137,137,13.700000000000001,0.31643399596214294,0.39374977350234985,7.307132244110107,9.403326034545898,1.175729513168335,0,-1,1,137,1.0,2.0,137,1.0658899545669556,0,0.0,0,0.0,0,14.606130599975586,0,5
SH,FVD,137,3018,148,148,14.8,0.13125082850456238,0.1651359647512436,2.0966007709503174,2.5629987716674805,0.17543551325798035,0,-1,0,0,0.0,2.0,148,8.127518653869629,0,0.0,0,0.0,0,3.585782527923584,1,6
SH,FVD,137,3019,143,143,14.3,0.4749898314476013,0.5728021264076233,4.182690143585205,5.080174922943115,1.0285991430282593,0,-1,1,49,0.34265734265734266,2.0,143,1.590541958808899,0,0.0,0,0.0,0,12.433625221252441,0,5
SH,FVD,137,3020,254,254,25.400000000000002,0.2307295948266983,0.30826202034950256,0.7755030393600464,0.8934422731399536,0.5135126709938049,1,75,1,70,0.2755905511811024,2.0,75,0.0,0,0.0,0,0.0,0,0.0,2,7
SH,FVD,137,3021,343,343,34.300000000000004,0.2790646255016327,0.33131057024002075,21.88604164123535,24.157238006591797,1.268445372581482,0,-1,1,146,0.42565597667638483,2.0,343,1.400241494178772,0,0.0,0,0.0,0,30.473081588745117,1,6
SH,FVD,137,3022,333,333,33.300000000000004,0.5111024379730225,0.7238587737083435,4.0331130027771,5.5002875328063965,1.6925922632217407,1,113,1,113,0.33933933933933935,2.0,113,0.0,0,0.0,0,0.0,0,0.0,1,6
SH,FVD,137,3023,1059,1059,105.9,0.3031284809112549,0.3964049816131592,2.908751964569092,3.605083703994751,0.5525746941566467,1,1036,1,585,0.5524079320113314,2.0,1036,0.0,0,0.0,0,0.0,0,0.0,0,5
SH,FVD,137,3024,179,179,17.900000000000002,0.35767099261283875,0.44099363684654236,4.954284191131592,5.899352073669434,0.6846203804016113,0,-1,0,0,0.0,2.0,179,2.3825244903564453,0,0.0,0,0.0,0,23.0954647064209,2,7
SH,FVD,137,3025,174,174,17.400000000000002,0.2376885712146759,0.31618669629096985,16.02863311767578,19.54136085510254,2.064676284790039,0,-1,1,174,1.0,2.0,174,1.5308341979980469,0,0.0,0,0.0,0,27.82423973083496,2,7
SH,FVD,137,3026,353,353,35.300000000000004,0.2954319715499878,0.3796190917491913,3.4928646087646484,4.220720291137695,0.6141160726547241,0,-1,1,353,1.0,2.0,353,0.6153636574745178,0,0.0,0,0.0,0,12.272669792175293,2,7
SH,FVD,137,3027,281,281,28.1,0.5091639757156372,0.7635592818260193,13.452130317687988,16.769224166870117,1.740229606628418,0,-1,0,0,0.0,2.0,281,3.8356268405914307,0,0.0,0,0.0,0,10.463826179504395,2,7
SH,FVD,137,3028,180,180,18.0,0.44546830654144287,0.5416532158851624,2.958451271057129,3.461397171020508,1.330190658569336,1,134,1,134,0.7444444444444445,2.0,134,0.0,0,0.0,0,0.0,0,0.0,2,7
SH,FVD,137,3029,348,348,34.800000000000004,0.48319339752197266,0.6506034135818481,1.880873441696167,2.326845169067383,0.7135415077209473,0,-1,1,263,0.7557471264367817,2.0,348,0.09174097329378128,0,0.0,0,0.0,0,0.22942522168159485,1,6
SH,FVD,137,3030,248,248,24.8,0.3296237289905548,0.44492107629776,1.0619736909866333,1.295196294784546,0.3905353546142578,0,-1,1,248,1.0,2.0,248,0.32938867807388306,0,0.0,0,0.0,0,3.0874757766723633,2,7
SH,FVD,137,3031,1357,1357,135.70000000000002,0.16842083632946014,0.21865609288215637,9.446516990661621,10.695605278015137,0.5472965836524963,0,-1,1,1357,1.0,2.0,1357,0.5334291458129883,0,0.0,0,0.0,0,7.087061405181885,0,5
SH,FVD,137,3032,159,159,15.9,0.32782721519470215,0.3962123990058899,5.046395778656006,6.104401588439941,0.7543560266494751,0,-1,0,0,0.0,2.0,159,3.0089497566223145,0,0.0,0,0.0,0,12.483360290527344,0,5
SH,FVD,137,3033,235,235,23.5,0.21965229511260986,0.27552086114883423,14.202482223510742,16.15715980529785,1.0297911167144775,0,-1,1,235,1.0,2.0,235,1.7743257284164429,0,0.0,0,0.0,0,17.979360580444336,0,5
SH,FVD,137,3034,190,190,19.0,0.2278401404619217,0.3356814384460449,1.6830452680587769,2.396436929702759,0.4154052734375,0,-1,1,58,0.30526315789473685,2.0,190,1.5997251272201538,0,0.0,0,0.0,0,15.115437507629395,0,5
SH,FVD,137,3035,198,198,19.8,0.5120619535446167,0.6919389367103577,4.893412113189697,6.269315242767334,1.516251564025879,0,-1,1,4,0.020202020202020204,2.0,198,1.810304880142212,0,0.0,0,0.0,0,1.9533575773239136,0,5
SH,FVD,137,3036,885,885,88.5,0.4775826930999756,0.5949116349220276,14.444879531860352,15.929652214050293,7.262659072875977,1,287,1,183,0.20677966101694914,2.0,287,0.0,0,0.0,0,0.0,0,0.0,2,7
SH,FVD,137,3037,1776,1776,177.60000000000002,0.39009973406791687,0.48610544204711914,8.750931739807129,9.373540878295898,6.088638782501221,1,96,1,96,0.05405405405405406,2.0,96,0.0,0,0.0,0,0.0,0,0.0,2,7
SH,FVD,137,3038,151,151,15.100000000000001,0.359565407037735,0.39390191435813904,2.3476297855377197,2.881324529647827,1.01307213306427,0,-1,1,107,0.7086092715231788,2.0,151,1.4388419389724731,0,0.0,0,0.0,0,23.799663543701172,0,5
SH,FVD,137,3039,495,495,49.5,0.2205299288034439,0.27359476685523987,9.118927955627441,10.74363899230957,0.6671609878540039,0,-1,1,495,1.0,2.0,495,0.44067299365997314,0,0.0,0,0.0,0,7.178847789764404,0,5
SH,FVD,137,3040,477,477,47.7,0.39613309502601624,0.5079724788665771,3.1394922733306885,3.4797630310058594,1.8308331966400146,1,103,1,103,0.21593291404612158,2.0,103,0.0,0,0.0,0,0.0,0,0.0,0,5
SH,FVD,137,3041,208,208,20.8,0.11866051703691483,0.15719525516033173,10.678220748901367,13.016507148742676,1.1190242767333984,0,-1,0,0,0.0,2.0,208,2.2285540103912354,0,0.0,0,0.0,0,33.299991607666016,1,6
SH,FVD,137,3042,222,222,22.200000000000003,0.3553960621356964,0.45583832263946533,13.070508003234863,14.186873435974121,1.0207325220108032,0,-1,0,0,0.0,2.0,222,3.0447285175323486,0,0.0,0,0.0,0,21.148204803466797,0,5
SH,FVD,137,3043,391,391,39.1,0.3277485966682434,0.42740875482559204,3.3127026557922363,4.0057454109191895,0.6480059623718262,0,-1,1,300,0.7672634271099744,2.0,391,1.1665135622024536,0,0.0,0,0.0,0,9.888716697692871,2,7
SH,FVD,137,3044,268,268,26.8,0.2890496850013733,0.3496212959289551,5.577399253845215,7.521255970001221,0.6327915787696838,0,-1,0,0,0.0,2.0,268,2.327885866165161,0,0.0,0,0.0,0,58.970703125,0,5
SH,FVD,137,3045,186,186,18.6,0.3326132893562317,0.38502800464630127,6.958195686340332,7.892695426940918,0.7403188943862915,0,-1,0,0,0.0,2.0,186,3.5852179527282715,0,0.0,0,0.0,0,2.865330457687378,1,6
SH,FVD,137,3046,482,482,48.2,0.1153809055685997,0.14522917568683624,5.78933572769165,6.294294834136963,0.34073197841644287,0,-1,1,447,0.9273858921161826,2.0,482,1.5850045680999756,0,0.0,0,0.0,0,35.08335494995117,1,6
SH,FVD,137,3047,240,240,24.0,0.22835735976696014,0.28469225764274597,3.583294153213501,4.109290599822998,0.43687158823013306,0,-1,1,240,1.0,2.0,240,1.2717779874801636,0,0.0,0,0.0,0,30.794113159179688,1,6
SH,FVD,137,3048,286,286,28.6,0.38619711995124817,0.4844677448272705,5.568605422973633,6.5290069580078125,0.8481956720352173,0,-1,1,259,0.9055944055944056,2.0,286,0.6599870920181274,0,0.0,0,0.0,0,2.742332935333252,0,5
SH,FVD,137,3049,158,158,15.8,0.28831517696380615,0.36550238728523254,1.6887133121490479,2.3683035373687744,0.996464192867279,1,151,1,151,0.9556962025316456,2.0,151,0.0,0,0.0,0,0.0,0,0.0,1,6
SH,FVD,137,3050,383,383,38.300000000000004,0.5490112900733948,0.6555297374725342,9.229552268981934,10.036710739135742,6.725724697113037,1,79,1,79,0.206266318537859,2.0,79,0.0,0,0.0,0,0.0,0,0.0,0,5
SH,FVD,137,3051,198,198,19.8,0.5630084872245789,0.7124454379081726,1.3504613637924194,1.5586497783660889,0.47647401690483093,0,-1,1,178,0.898989898989899,2.0,198,0.6152525544166565,0,0.0,0,0.0,0,0.9816278219223022,1,6
SH,FVD,137,3052,389,389,38.900000000000006,0.24162787199020386,0.32112446427345276,9.348145484924316,10.443522453308105,0.605111837387085,0,-1,0,0,0.0,2.0,389,2.605487585067749,0,0.0,0,0.0,0,7.184144973754883,2,7
SH,FVD,137,3053,181,181,18.1,0.17708034813404083,0.22192218899726868,2.0431723594665527,2.43259859085083,0.4299485385417938,0,-1,1,181,1.0,2.0,181,1.2769153118133545,0,0.0,0,0.0,0,14.008026123046875,2,7
SH,FVD,137,3054,416,416,41.6,0.27695053815841675,0.34555333852767944,8.010024070739746,9.141075134277344,0.6210638284683228,0,-1,0,0,0.0,2.0,416,2.5392441749572754,0,0.0,0,0.0,0,4.8905768394470215,2,7
SH,FVD,137,3055,342,342,34.2,0.41100767254829407,0.5591484308242798,6.461055278778076,7.0053791999816895,3.898059606552124,1,66,1,66,0.19298245614035087,2.0,66,0.0,0,0.0,0,0.0,0,0.0,0,5
SH,FVD,137,3056,142,142,14.200000000000001,0.24090348184108734,0.29641658067703247,1.0202969312667847,1.2372959852218628,0.43713268637657166,1,131,1,44,0.30985915492957744,2.0,131,0.0,0,0.0,0,0.0,0,0.0,0,5
SH,FVD,137,3057,255,255,25.5,0.24727994203567505,0.30782443284988403,1.0219780206680298,1.3455088138580322,0.310295969247818,0,-1,1,255,1.0,2.0,255,0.5591618418693542,0,0.0,0,0.0,0,9.212240219116211,2,7
SH,FVD,137,3058,371,371,37.1,0.3258853852748871,0.4272656738758087,2.436755418777466,3.1163008213043213,0.4483870565891266,0,-1,1,108,0.29110512129380056,2.0,371,1.7351579666137695,0,0.0,0,0.0,0,11.286904335021973,0,5
SH,FVD,137,3059,366,366,36.6,0.20045205950737,0.23972013592720032,2.141780376434326,2.4472224712371826,0.4052640497684479,0,-1,0,0,0.0,2.0,366,2.076526165008545,0,0.0,0,0.0,0,7.226966857910156,0,5
SH,FVD,137,3060,204,204,20.400000000000002,0.6264773607254028,0.7510346174240112,3.0570011138916016,3.3687424659729004,2.532656192779541,1,91,1,91,0.44607843137254904,2.0,91,0.0,0,0.0,0,0.0,0,0.0,1,6
SH,FVD,137,3061,316,316,31.6,0.1355908215045929,0.17102773487567902,6.155252456665039,7.695648670196533,0.46878939867019653,0,-1,1,316,1.0,2.0,316,1.2106598615646362,0,0.0,0,0.0,0,22.33266258239746,2,7
SH,FVD,137,3062,217,217,21.700000000000003,0.7645354866981506,1.075324296951294,7.510663986206055,8.583098411560059,1.761043667793274,1,132,1,132,0.6082949308755761,2.0,132,0.0,0,0.0,0,0.0,0,0.0,2,7
SH,FVD,137,3063,566,566,56.6,0.2808357775211334,0.38139182329177856,4.802926540374756,5.729818820953369,0.6373050808906555,1,504,1,52,0.09187279151943463,2.0,504,0.0,0,0.0,0,0.0,0,0.0,0,5
SH,FVD,137,3064,236,236,23.6,0.4005039930343628,0.5721899271011353,7.06688117980957,8.474477767944336,0.8377142548561096,0,-1,0,0,0.0,2.0,236,2.4006314277648926,0,0.0,0,0.0,0,9.163309097290039,0,5
SH,FVD,137,3065,355,355,35.5,0.2079876810312271,0.28273507952690125,6.498863697052002,7.3341145515441895,0.4445861279964447,0,-1,1,355,1.0,2.0,355,1.5557302236557007,0,0.0,0,0.0,0,33.389930725097656,0,5
SH,FVD,137,3066,285,285,28.5,0.40366044640541077,0.604045569896698,3.3275749683380127,5.849228858947754,1.3140499591827393,0,-1,1,53,0.18596491228070175,2.0,285,1.006135106086731,0,0.0,0,0.0,0,4.065356731414795,2,7
SH,FVD,137,3067,470,470,47.0,0.10734295845031738,0.173602893948555,49.85939025878906,57.66176986694336,2.027587652206421,0,-1,1,470,1.0,2.0,470,0.5703049302101135,0,0.0,0,0.0,0,15.790614128112793,1,6
SH,FVD,137,3068,196,196,19.6,0.29909956455230713,0.41489875316619873,1.8143879175186157,2.7482411861419678,0.7001281380653381,1,163,1,74,0.37755102040816324,2.0,163,0.0,0,0.0,0,0.0,0,0.0,1,6
SH,FVD,137,3069,165,165,16.5,0.31855395436286926,0.3753229081630707,1.9291231632232666,2.643817901611328,0.8771694302558899,0,-1,0,0,0.0,2.0,165,4.119422912597656,0,0.0,0,0.0,0,23.5281925201416,0,5
SH,FVD,137,3070,271,271,27.1,0.44497910141944885,0.5560632944107056,3.4288742542266846,4.437201976776123,0.9715611338615417,0,-1,1,271,1.0,2.0,271,0.6015632748603821,0,0.0,0,0.0,0,4.567637920379639,2,7
SH,FVD,137,3071,140,140,14.0,0.2402096539735794,0.31941288709640503,4.432056903839111,6.774627685546875,1.2322131395339966,0,-1,1,12,0.08571428571428572,2.0,140,1.8027750253677368,0,0.0,0,0.0,0,29.893579483032227,0,5
SH,FVD,137,3072,283,283,28.3,0.21128052473068237,0.2572774589061737,3.4396204948425293,5.420337677001953,0.795973002910614,0,-1,1,216,0.7632508833922261,2.0,283,0.7783223986625671,0,0.0,0,0.0,0,3.197347640991211,2,7
SH,FVD,137,3073,494,494,49.400000000000006,0.2586669921875,0.35871177911758423,8.698477745056152,9.608235359191895,0.632492184638977,0,-1,0,0,0.0,2.0,494,2.10567307472229,0,0.0,0,0.0,0,2.055790662765503,0,5
SH,FVD,137,3074,318,318,31.8,0.27663740515708923,0.36323970556259155,8.480425834655762,9.522059440612793,0.6650204062461853,0,-1,0,0,0.0,2.0,318,3.08764910697937,0,0.0,0,0.0,0,4.01987361907959,0,5
SH,FVD,137,3075,354,354,35.4,0.20132002234458923,0.28477713465690613,4.82382345199585,5.6554436683654785,1.8689972162246704,1,171,1,171,0.4830508474576271,2.0,171,0.0,0,0.0,0,0.0,0,0.0,1,6
SH,FVD,137,3076,167,167,16.7,0.4422404170036316,0.5548911690711975,4.253013610839844,5.90848970413208,0.8655656576156616,0,-1,1,59,0.3532934131736527,2.0,167,1.3653738498687744,0,0.0,0,0.0,0,21.17595863342285,0,5
SH,FVD,137,3077,478,478,47.800000000000004,0.19850747287273407,0.2526777386665344,4.006967067718506,4.467939853668213,0.5949280261993408,1,416,1,416,0.8702928870292888,2.0,416,0.0,0,0.0,0,0.0,0,0.0,2,7
SH,FVD,137,3078,149,149,14.9,0.4858200252056122,0.5905765295028687,1.0005309581756592,1.2601760625839233,0.6694004535675049,0,-1,1,38,0.2550335570469799,2.0,149,1.4856594800949097,0,0.0,0,0.0,0,2.760082721710205,2,7
SH,FVD,137,3079,385,385,38.5,0.36542797088623047,0.5221376419067383,2.3646597862243652,2.88149356842041,0.4646303355693817,0,-1,1,101,0.2623376623376623,2.0,385,0.8080613613128662,0,0.0,0,0.0,0,1.657723307609558,0,5
SH,FVD,137,3080,222,222,22.200000000000003,0.2653571367263794,0.35472050309181213,2.5061609745025635,3.0819790363311768,0.49735814332962036,0,-1,0,0,0.0,2.0,222,2.717848777770996,0,0.0,0,0.0,0,8.407919883728027,1,6
SH,FVD,137,3081,297,297,29.700000000000003,0.30046555399894714,0.4051007032394409,15.3194580078125,17.252792358398438,1.234618067741394,0,-1,0,0,0.0,2.0,297,2.5464236736297607,0,0.0,0,0.0,0,7.728569507598877,0,5
SH,FVD,137,3082,279,279,27.900000000000002,0.20694224536418915,0.26857635378837585,15.697104454040527,17.80772590637207,0.869740903377533,0,-1,1,279,1.0,2.0,279,0.09266950935125351,0,0.0,0,0.0,0,1.4527394771575928,2,7
SH,FVD,137,3083,191,191,19.1,0.346574068069458,0.4462692439556122,2.029527187347412,2.6316871643066406,0.6389340162277222,0,-1,0,0,0.0,2.0,191,2.5490455627441406,0,0.0,0,0.0,0,4.640158653259277,0,5
SH,FVD,137,3084,794,794,79.4,0.3203054368495941,0.4079343378543854,15.259550094604492,18.07145118713379,5.279730319976807,1,103,1,77,0.09697732997481108,2.0,103,0.0,0,0.0,0,0.0,0,0.0,2,7
SH,FVD,137,3085,139,139,13.9,0.1917075663805008,0.22867602109909058,1.1660305261611938,1.4715245962142944,0.4128054678440094,0,-1,0,0,0.0,2.0,139,2.5120482444763184,0,0.0,0,0.0,0,50.007652282714844,1,6
SH,FVD,137,3086,169,169,16.900000000000002,0.18431439995765686,0.2922268807888031,2.5744264125823975,3.542992115020752,0.4692692160606384,0,-1,1,124,0.7337278106508875,2.0,169,0.45234230160713196,0,0.0,0,0.0,0,0.9345152378082275,2,7
SH,FVD,137,3087,248,248,24.8,0.4776614010334015,0.6307873725891113,3.06697678565979,4.314178466796875,1.385630488395691,1,181,1,181,0.7298387096774194,2.0,181,0.0,0,0.0,0,0.0,0,0.0,0,5
SH,FVD,137,3088,134,134,13.4,0.26932159066200256,0.320871502161026,3.2411961555480957,5.0805768966674805,1.1056251525878906,0,-1,1,113,0.8432835820895522,2.0,134,1.5471324920654297,0,0.0,0,0.0,0,35.05110168457031,0,5
SH,FVD,137,3089,247,247,24.700000000000003,0.3323281407356262,0.5347275137901306,3.8612327575683594,5.107645034790039,0.7788352370262146,1,214,1,132,0.5344129554655871,2.0,214,0.0,0,0.0,0,0.0,0,0.0,1,6
SH,FVD,137,3090,694,694,69.4,0.47814616560935974,0.6432762145996094,9.356972694396973,10.157052040100098,5.051743507385254,1,138,1,109,0.15706051873198848,2.0,138,0.0,0,0.0,0,0.0,0,0.0,2,7
SH,FVD,137,3091,203,203,20.3,0.33661502599716187,0.45132359862327576,33.738502502441406,40.9002571105957,3.4271233081817627,0,-1,1,203,1.0,2.0,203,0.4185284376144409,0,0.0,0,0.0,0,8.982635498046875,0,5
SH,FVD,137,3092,401,401,40.1,0.4356631338596344,0.5915077924728394,8.348343849182129,10.211283683776855,1.3359811305999756,0,-1,0,0,0.0,2.0,401,2.2101199626922607,0,0.0,0,0.0,0,4.29173469543457,2,7
SH,FVD,137,3093,314,314,31.400000000000002,0.2815206050872803,0.34491658210754395,12.925132751464844,14.091778755187988,0.7713028192520142,0,-1,0,0,0.0,2.0,314,2.788156509399414,0,0.0,0,0.0,0,15.733063697814941,2,7
SH,FVD,137,3094,248,248,24.8,0.1902662068605423,0.26458805799484253,10.016744613647461,12.327947616577148,0.8044928908348083,0,-1,1,248,1.0,2.0,248,1.086854100227356,0,0.0,0,0.0,0,15.064045906066895,1,6
SH,FVD,137,3095,284,284,28.400000000000002,0.28254151344299316,0.348480224609375,4.847606182098389,5.531815528869629,2.0571398735046387,1,90,1,90,0.31690140845070425,2.0,90,0.0,0,0.0,0,0.0,0,0.0,1,6
SH,FVD,137,3096,242,242,24.200000000000003,0.26560941338539124,0.331903874874115,1.3460612297058105,1.7583651542663574,0.344489187002182,0,-1,1,63,0.2603305785123967,2.0,242,1.5929077863693237,0,0.0,0,0.0,0,4.38735818862915,2,7
SH,FVD,137,3097,287,287,28.700000000000003,0.19884338974952698,0.23683269321918488,13.897189140319824,17.580904006958008,0.9545625448226929,0,-1,1,187,0.6515679442508711,2.0,287,1.2806830406188965,0,0.0,0,0.0,0,32.71914291381836,2,7
SH,FVD,137,3098,236,236,23.6,0.18674781918525696,0.2285654991865158,5.695146083831787,7.308468818664551,0.5589573979377747,0,-1,1,236,1.0,2.0,236,1.2304184436798096,0,0.0,0,0.0,0,22.94473648071289,1,6
SH,FVD,137,3099,295,295,29.5,0.2121722549200058,0.27333420515060425,26.071563720703125,32.282413482666016,2.3267085552215576,0,-1,0,0,0.0,2.0,295,4.156747817993164,0,0.0,0,0.0,0,8.226591110229492,1,6
SH,FVD,137,3100,201,201,20.1,0.3935520350933075,0.4767819046974182,6.619395732879639,7.486810684204102,1.3564074039459229,1,147,1,147,0.7313432835820896,2.0,147,0.0,0,0.0,0,0.0,0,0.0,2,7
SH,FVD,137,3101,301,301,30.1,0.21142666041851044,0.2629392743110657,7.148083686828613,8.359158515930176,0.5391938090324402,0,-1,1,301,1.0,2.0,301,0.4465017318725586,0,0.0,0,0.0,0,4.034684658050537,0,5
SH,FVD,137,3102,276,276,27.6,0.3888609707355499,0.5454527735710144,13.708227157592773,15.769356727600098,1.7854323387145996,1,215,1,148,0.5362318840579711,2.0,215,0.0,0,0.0,0,0.0,0,0.0,0,5
SH,FVD,137,3103,448,448,44.800000000000004,0.2591429352760315,0.3363352119922638,5.032260417938232,6.394119739532471,0.4657437801361084,0,-1,1,448,1.0,2.0,448,0.37623751163482666,0,0.0,0,0.0,0,4.983987331390381,0,5
SH,FVD,137,3104,200,200,20.0,0.2550785541534424,0.2875952422618866,1.4388394355773926,1.6437013149261475,0.6087925434112549,0,-1,1,200,1.0,2.0,200,0.7743820548057556,0,0.0,0,0.0,0,21.834375381469727,0,5
SH,FVD,137,3105,172,172,17.2,0.4844665825366974,0.5951470136642456,1.5662841796875,1.8755099773406982,0.41409945487976074,0,-1,1,172,1.0,2.0,172,1.2839075326919556,0,0.0,0,0.0,0,4.479768753051758,2,7
SH,FVD,137,3106,1353,1353,135.3,0.20334243774414062,0.25661972165107727,4.060215950012207,4.83891487121582,0.3657499849796295,0,-1,1,1241,0.9172209903917221,2.0,1353,0.5998916029930115,0,0.0,0,0.0,0,4.45235013961792,1,6
SH,FVD,137,3107,284,284,28.400000000000002,0.5178576707839966,0.6539198756217957,2.3443288803100586,2.91681170463562,1.29188072681427,1,186,1,186,0.6549295774647887,2.0,186,0.0,0,0.0,0,0.0,0,0.0,2,7
SH,FVD,137,3108,150,150,15.0,0.34184107184410095,0.4336543679237366,0.8099502325057983,0.9754056334495544,0.563623309135437,0,-1,1,117,0.78,2.0,150,1.2453964948654175,0,0.0,0,0.0,0,2.4199342727661133,2,7
SH,FVD,137,3109,321,321,32.1,0.5230089426040649,0.6734251976013184,3.7996890544891357,4.110264778137207,2.4802303314208984,1,49,1,49,0.1526479750778816,2.0,49,0.0,0,0.0,0,0.0,0,0.0,2,7
SH,FVD,137,3110,381,381,38.1,0.37486958503723145,0.47825297713279724,13.013713836669922,13.994346618652344,0.7080415487289429,0,-1,0,0,0.0,2.0,381,2.8768818378448486,0,0.0,0,0.0,0,22.380481719970703,0,5
SH,FVD,137,3111,155,155,15.5,0.2916507422924042,0.3502828776836395,4.930305480957031,5.414719104766846,0.6970807909965515,0,-1,0,0,0.0,2.0,155,2.873533010482788,0,0.0,0,0.0,0,6.541282653808594,2,7
SH,FVD,137,3112,170,170,17.0,0.2719729542732239,0.32114502787590027,4.69834041595459,5.389084815979004,0.47819775342941284,0,-1,1,81,0.4764705882352941,2.0,170,0.7238601446151733,0,0.0,0,0.0,0,2.0432140827178955,2,7
SH,FVD,137,3113,402,402,40.2,0.41377225518226624,0.5055827498435974,3.9434585571289062,4.778820514678955,0.7010620832443237,0,-1,1,116,0.2885572139303483,2.0,402,1.4263685941696167,0,0.0,0,0.0,0,4.136022090911865,2,7
SH,FVD,137,3114,341,341,34.1,0.1930903047323227,0.23588870465755463,4.00675106048584,4.498895168304443,0.41462084650993347,0,-1,1,282,0.8269794721407625,2.0,341,0.8865164518356323,0,0.0,0,0.0,0,13.716339111328125,1,6
SH,FVD,137,3115,322,322,32.2,0.26354342699050903,0.3406161069869995,2.058119535446167,2.516523838043213,0.7212448120117188,1,271,1,269,0.8354037267080745,2.0,271,0.0,0,0.0,0,0.0,0,0.0,0,5
SH,FVD,137,3116,139,139,13.9,0.37129706144332886,0.44183093309402466,17.204511642456055,22.39491844177246,3.274064540863037,0,-1,1,125,0.8992805755395683,2.0,139,1.224541187286377,0,0.0,0,0.0,0,13.499027252197266,2,7
SH,FVD,137,3117,354,354,35.4,0.18119344115257263,0.21924398839473724,4.086031436920166,4.50014066696167,0.30881598591804504,0,-1,0,0,0.0,2.0,354,2.0451548099517822,0,0.0,0,0.0,0,15.587108612060547,2,7
SH,FVD,137,3118,445,445,44.5,0.32637184858322144,0.40280741453170776,9.684447288513184,10.709994316101074,0.8053368926048279,0,-1,0,0,0.0,2.0,445,2.125465154647827,0,0.0,0,0.0,0,4.015504837036133,2,7
SH,FVD,137,3119,541,541,54.1,0.28762495517730713,0.3667353689670563,8.836699485778809,9.49402141571045,0.7078055739402771,0,-1,1,391,0.722735674676525,2.0,541,1.3908394575119019,0,0.0,0,0.0,0,17.96858024597168,1,6
SH,FVD,137,3120,232,232,23.200000000000003,0.31515979766845703,0.37145358324050903,2.6510026454925537,3.332064151763916,0.7333328127861023,0,-1,1,232,1.0,2.0,232,1.2876712083816528,0,0.0,0,0.0,0,25.506446838378906,2,7
SH,FVD,137,3121,185,185,18.5,0.3251473903656006,0.4068681001663208,16.88270378112793,20.507638931274414,2.113884925842285,0,-1,1,185,1.0,2.0,185,0.8195071816444397,0,0.0,0,0.0,0,21.37377166748047,2,7
SH,FVD,137,3122,136,136,13.600000000000001,0.17466989159584045,0.22450104355812073,0.9746358394622803,1.1534392833709717,0.2674289047718048,0,-1,1,136,1.0,2.0,136,1.4292711019515991,0,0.0,0,0.0,0,14.388382911682129,1,6
SH,FVD,137,3123,1005,1005,100.5,0.3969540297985077,0.5727861523628235,7.879815101623535,8.831317901611328,2.7570550441741943,1,464,1,384,0.382089552238806,2.0,464,0.0,0,0.0,0,0.0,0,0.0,1,6
SH,FVD,137,3124,296,296,29.6,0.32636576890945435,0.43686792254447937,10.435922622680664,12.72835922241211,1.6097415685653687,1,288,1,36,0.12162162162162163,2.0,288,0.0,0,0.0,0,0.0,0,0.0,1,6
SH,FVD,137,3125,262,262,26.200000000000003,0.20890286564826965,0.2620484530925751,11.024908065795898,12.642595291137695,0.8078739047050476,0,-1,1,171,0.6526717557251909,2.0,262,1.8605668544769287,0,0.0,0,0.0,0,37.21530532836914,0,5
SH,FVD,137,3126,198,198,19.8,0.4259248673915863,0.47242873907089233,16.602693557739258,18.861177444458008,1.6270710229873657,0,-1,0,0,0.0,2.0,198,2.8851280212402344,0,0.0,0,0.0,0,62.152076721191406,2,7
SH,FVD,137,3127,266,266,26.6,0.5910705924034119,0.7372391223907471,5.347501277923584,5.9186015129089355,4.047065258026123,1,90,1,90,0.3383458646616541,2.0,90,0.0,0,0.0,0,0.0,0,0.0,0,5
SH,FVD,137,3128,307,307,30.700000000000003,0.17421846091747284,0.20459572970867157,1.5423866510391235,1.8332633972167969,0.3957311809062958,0,-1,1,307,1.0,2.0,307,1.0678701400756836,0,0.0,0,0.0,0,13.237434387207031,0,5
SH,FVD,137,3129,178,178,17.8,0.43487346172332764,0.5698303580284119,1.6189345121383667,1.9200667142868042,0.6988843083381653,0,-1,1,105,0.5898876404494382,2.0,178,1.463732123374939,0,0.0,0,0.0,0,6.9137091636657715,0,5
SH,FVD,137,3130,311,311,31.1,0.17459481954574585,0.23802822828292847,5.856083393096924,6.279764175415039,0.382630854845047,0,-1,1,311,1.0,2.0,311,0.9997192025184631,0,0.0,0,0.0,0,26.84157371520996,0,5
SH,FVD,137,3131,342,342,34.2,0.24437662959098816,0.35340702533721924,2.260185956954956,2.411799669265747,0.9039434194564819,1,167,1,167,0.48830409356725146,2.0,167,0.0,0,0.0,0,0.0,0,0.0,1,6
SH,FVD,137,3132,181,181,18.1,0.25776877999305725,0.31749227643013,3.5907578468322754,4.099564075469971,0.897792398929596,0,-1,1,179,0.988950276243094,2.0,181,0.8926666975021362,0,0.0,0,0.0,0,10.030029296875,0,5
SH,FVD,137,3133,272,272,27.200000000000003,0.21424689888954163,0.26795995235443115,6.311460494995117,7.309638023376465,0.6473126411437988,0,-1,0,0,0.0,2.0,272,2.673701763153076,0,0.0,0,0.0,0,37.59693145751953,1,6
SH,FVD,137,3134,194,194,19.400000000000002,0.29802170395851135,0.3653615713119507,1.4326924085617065,1.6904181241989136,0.4343388080596924,0,-1,0,0,0.0,2.0,194,2.459707260131836,0,0.0,0,0.0,0,17.70626449584961,2,7
SH,FVD,137,3135,505,505,50.5,0.40186235308647156,0.5341305732727051,9.69525146484375,10.941457748413086,13.520177841186523,1,118,1,118,0.23366336633663368,2.0,118,0.0,0,0.0,0,0.0,0,0.0,1,6
SH,FVD,137,3136,699,699,69.9,0.28278350830078125,0.418054461479187,26.47711944580078,28.562536239624023,1.1294326782226562,0,-1,0,0,0.0,2.0,699,2.7106027603149414,0,0.0,0,0.0,0,8.205881118774414,2,7
SH,FVD,137,3137,133,133,13.3,0.21130935847759247,0.30970463156700134,1.817664623260498,2.6379964351654053,0.48612281680107117,0,-1,1,21,0.15789473684210525,2.0,133,1.7349987030029297,0,0.0,0,0.0,0,5.6632184982299805,1,6
SH,FVD,137,3138,190,190,19.0,0.3628964126110077,0.39296627044677734,8.773080825805664,10.168333053588867,1.1877349615097046,0,-1,0,0,0.0,2.0,190,3.8445613384246826,0,0.0,0,0.0,0,19.05074691772461,1,6
SH,FVD,137,3139,144,144,14.4,0.3971213102340698,0.6082382798194885,3.3924903869628906,4.009030818939209,0.6389055252075195,0,-1,1,15,0.10416666666666667,2.0,144,1.7611016035079956,0,0.0,0,0.0,0,2.2639060020446777,0,5
SH,FVD,137,3140,338,338,33.800000000000004,0.39977142214775085,0.674031674861908,3.5847997665405273,5.530603885650635,0.8660886883735657,0,-1,0,0,0.0,2.0,338,2.0991568565368652,0,0.0,0,0.0,0,3.08524751663208,2,7
SH,FVD,137,3141,136,136,13.600000000000001,0.23923762142658234,0.33641278743743896,1.4060317277908325,1.6103262901306152,0.36538824439048767,0,-1,0,0,0.0,2.0,136,5.934028625488281,0,0.0,0,0.0,0,2.2117090225219727,2,7
SH,FVD,137,3142,270,270,27.0,0.33819690346717834,0.42148104310035706,3.728154182434082,4.240016937255859,0.4489039480686188,0,-1,1,270,1.0,2.0,270,1.2106486558914185,0,0.0,0,0.0,0,10.642365455627441,1,6
SH,FVD,137,3143,159,159,15.9,0.16127867996692657,0.19569943845272064,1.0018153190612793,1.4510444402694702,0.3368755280971527,0,-1,1,159,1.0,2.0,159,1.1490850448608398,0,0.0,0,0.0,0,10.377071380615234,1,6
SH,FVD,137,3144,342,342,34.2,0.31369659304618835,0.4115905463695526,3.5866858959198,3.8659257888793945,1.555077314376831,1,230,1,90,0.2631578947368421,2.0,230,0.0,0,0.0,0,0.0,0,0.0,2,7
SH,FVD,137,3145,652,652,65.2,0.17208775877952576,0.2170875519514084,2.83727765083313,3.935997247695923,0.3986016809940338,1,633,1,273,0.4187116564417178,2.0,633,0.0,0,0.0,0,0.0,0,0.0,2,7
SH,FVD,137,3146,303,303,30.3,0.34479254484176636,0.4379277229309082,3.53204083442688,5.258508682250977,1.3642768859863281,1,221,1,221,0.7293729372937293,2.0,221,0.0,0,0.0,0,0.0,0,0.0,1,6
SH,FVD,137,3147,256,256,25.6,0.20748215913772583,0.24188701808452606,4.873901844024658,7.2529754638671875,0.8074904084205627,0,-1,1,77,0.30078125,2.0,256,1.458802580833435,0,0.0,0,0.0,0,39.63345718383789,1,6
SH,FVD,137,3148,356,356,35.6,0.21253567934036255,0.2789321839809418,8.223620414733887,9.498780250549316,2.4697322845458984,1,191,1,191,0.5365168539325843,2.0,191,0.0,0,0.0,0,0.0,0,0.0,1,6
SH,FVD,137,3149,163,163,16.3,0.2213047295808792,0.25703784823417664,4.771710395812988,5.667693138122559,0.46286287903785706,0,-1,1,163,1.0,2.0,163,1.0848135948181152,0,0.0,0,0.0,0,12.518590927124023,2,7
SH,FVD,137,3150,1143,1143,114.30000000000001,0.1806715577840805,0.21908041834831238,36.22919845581055,49.15900802612305,1.6306328773498535,0,-1,1,612,0.5354330708661418,2.0,1143,1.621204137802124,0,0.0,0,0.0,0,39.12355422973633,1,6
SH,FVD,137,3151,149,149,14.9,0.1489255577325821,0.18321914970874786,1.9547260999679565,2.6093554496765137,0.6460954546928406,0,-1,0,0,0.0,2.0,149,4.6757307052612305,0,0.0,0,0.0,0,1.7295844554901123,0,5
SH,FVD,137,3152,224,224,22.400000000000002,0.33564943075180054,0.5171467065811157,1.8905460834503174,2.292354106903076,0.604860246181488,0,-1,1,224,1.0,2.0,224,1.5862624645233154,0,0.0,0,0.0,0,21.249605178833008,2,7
SH,FVD,137,3153,659,659,65.9,0.3941262662410736,0.5176532864570618,6.415180683135986,7.738234043121338,0.731153130531311,0,-1,1,64,0.09711684370257967,2.0,659,1.6200706958770752,0,0.0,0,0.0,0,4.7540154457092285,0,5
SH,FVD,137,3154,172,172,17.2,0.4553889036178589,0.5508602857589722,7.088481903076172,8.761052131652832,1.6768468618392944,1,114,1,44,0.2558139534883721,2.0,114,0.0,0,0.0,0,0.0,0,0.0,0,5
SH,FVD,137,3155,340,340,34.0,0.2830379605293274,0.3691888749599457,10.35340690612793,11.34421157836914,0.7724307179450989,0,-1,1,59,0.17352941176470588,2.0,340,1.2399461269378662,0,0.0,0,0.0,0,8.34583854675293,2,7
SH,FVD,137,3156,234,234,23.400000000000002,0.19276155531406403,0.25289544463157654,1.6683614253997803,2.020663261413574,0.379883736371994,0,-1,0,0,0.0,2.0,234,3.9228312969207764,0,0.0,0,0.0,0,14.549873352050781,0,5
SH,FVD,137,3157,331,331,33.1,0.2747512459754944,0.35603585839271545,1.987213373184204,2.621619462966919,0.44641003012657166,0,-1,1,331,1.0,2.0,331,1.1959004402160645,0,0.0,0,0.0,0,12.49701976776123,1,6
SH,FVD,137,3158,373,373,37.300000000000004,0.27961787581443787,0.3622620701789856,1.9290121793746948,2.2179815769195557,0.693114161491394,1,222,1,142,0.3806970509383378,2.0,222,0.0,0,0.0,0,0.0,0,0.0,2,7
SH,FVD,137,3159,331,331,33.1,0.182888463139534,0.24283236265182495,5.558180332183838,6.980137348175049,0.380887895822525,0,-1,1,331,1.0,2.0,331,1.3518304824829102,0,0.0,0,0.0,0,22.324440002441406,2,7
SH,FVD,137,3160,173,173,17.3,0.33392754197120667,0.42074111104011536,6.140605449676514,8.703168869018555,1.1411731243133545,0,-1,1,173,1.0,2.0,173,0.14189721643924713,0,0.0,0,0.0,0,1.7375891208648682,0,5
SH,FVD,137,3161,240,240,24.0,0.2881011664867401,0.4129175841808319,2.7485690116882324,3.3123714923858643,0.7108937501907349,0,-1,1,240,1.0,2.0,240,0.9061524271965027,0,0.0,0,0.0,0,15.304883003234863,2,7
SH,FVD,137,3162,1987,1987,198.70000000000002,0.2912536561489105,0.3880491256713867,17.815486907958984,19.417362213134766,8.724129676818848,1,309,1,309,0.15551082033215904,2.0,309,0.0,0,0.0,0,0.0,0,0.0,0,5
SH,FVD,137,3163,190,190,19.0,0.24029985070228577,0.29313525557518005,0.5816542506217957,0.8045763969421387,0.3149926960468292,0,-1,1,190,1.0,2.0,190,0.9750824570655823,0,0.0,0,0.0,0,5.296561241149902,2,7
SH,FVD,137,3164,344,344,34.4,0.11149268597364426,0.14160719513893127,5.724849224090576,6.868404865264893,0.4895937144756317,0,-1,0,0,0.0,2.0,344,2.2510616779327393,0,0.0,0,0.0,0,28.17438316345215,2,7
SH,FVD,137,3165,174,174,17.400000000000002,0.5651758909225464,0.8691951036453247,6.3400421142578125,7.078067779541016,3.7439026832580566,1,52,1,52,0.2988505747126437,2.0,52,0.0,0,0.0,0,0.0,0,0.0,0,5
SH,FVD,137,3166,237,237,23.700000000000003,0.272258996963501,0.3624330759048462,3.05915904045105,3.5583438873291016,0.5331044793128967,0,-1,1,237,1.0,2.0,237,0.20083996653556824,0,0.0,0,0.0,0,4.189603805541992,1,6
SH,FVD,137,3167,135,135,13.5,0.4040735960006714,0.48760101199150085,1.719157338142395,2.1400625705718994,0.5138782262802124,1,119,1,35,0.25925925925925924,2.0,119,0.0,0,0.0,0,0.0,0,0.0,1,6
SH,FVD,137,3168,191,191,19.1,0.2259158343076706,0.2834629714488983,4.418872356414795,4.879683017730713,0.6685528755187988,0,-1,1,191,1.0,2.0,191,0.2252703309059143,0,0.0,0,0.0,0,3.8930585384368896,1,6
SH,FVD,137,3169,264,264,26.400000000000002,0.3387780785560608,0.48157647252082825,1.3281583786010742,1.8306677341461182,0.49376586079597473,0,-1,1,196,0.7424242424242424,2.0,264,0.8290051817893982,0,0.0,0,0.0,0,1.7832332849502563,2,7
SH,FVD,137,3170,821,821,82.10000000000001,0.23141831159591675,0.2832936942577362,13.602997779846191,15.365585327148438,0.7928316593170166,0,-1,1,821,1.0,2.0,821,0.41707298159599304,0,0.0,0,0.0,0,5.611069202423096,0,5
SH,FVD,137,3171,175,175,17.5,0.6894584894180298,0.9797042012214661,7.571020603179932,12.701008796691895,2.4747934341430664,0,-1,1,2,0.011428571428571429,2.0,175,1.9809926748275757,0,0.0,0,0.0,0,15.35693359375,0,5
SH,FVD,137,3172,324,324,32.4,0.4589049816131592,0.555803656578064,2.7004354000091553,3.043698310852051,0.7081446051597595,0,-1,1,324,1.0,2.0,324,0.5568003058433533,0,0.0,0,0.0,0,9.623136520385742,1,6
SH,FVD,137,3173,299,299,29.900000000000002,0.3211471438407898,0.3680340647697449,5.80894136428833,7.842091083526611,0.9879533052444458,0,-1,1,40,0.13377926421404682,2.0,299,1.532616138458252,0,0.0,0,0.0,0,5.926046371459961,2,7
SH,FVD,137,3174,251,251,25.1,0.6022616028785706,0.9968051314353943,5.504047870635986,6.956924915313721,0.8789154291152954,1,227,1,183,0.7290836653386454,2.0,227,0.0,0,0.0,0,0.0,0,0.0,0,5
SH,FVD,137,3175,132,132,13.200000000000001,0.38849306106567383,0.5199007391929626,2.063011884689331,2.371211290359497,0.7497125864028931,1,105,1,31,0.23484848484848486,2.0,105,0.0,0,0.0,0,0.0,0,0.0,2,7
SH,FVD,137,3176,246,246,24.6,0.35753995180130005,0.46204861998558044,4.06955623626709,4.9369096755981445,0.8157000541687012,0,-1,1,29,0.11788617886178862,2.0,246,0.3273044526576996,0,0.0,0,0.0,0,0.5097521543502808,1,6
SH,FVD,137,3177,374,374,37.4,0.5836215615272522,0.6897535920143127,18.004474639892578,19.257041931152344,1.3490937948226929,0,-1,0,0,0.0,2.0,374,2.3954334259033203,0,0.0,0,0.0,0,24.725013732910156,2,7
SH,FVD,137,3178,836,836,83.60000000000001,0.2903158664703369,0.3994978368282318,8.818565368652344,9.478117942810059,0.5842263698577881,0,-1,1,791,0.9461722488038278,2.0,836,0.8517755270004272,0,0.0,0,0.0,0,12.424053192138672,1,6
SH,FVD,137,3179,275,275,27.5,0.3491060137748718,0.42064592242240906,34.8815803527832,46.88005828857422,3.680727958679199,0,-1,0,0,0.0,2.0,275,3.333289384841919,0,0.0,0,0.0,0,9.10260009765625,2,7
SH,FVD,137,3180,180,180,18.0,0.6933720707893372,0.8331546187400818,5.143453121185303,7.450786590576172,2.2372779846191406,0,-1,1,31,0.17222222222222222,2.0,180,1.9506968259811401,0,0.0,0,0.0,0,15.874296188354492,0,5
SH,FVD,137,3181,211,211,21.1,0.25513631105422974,0.3336367905139923,5.147650241851807,6.043534278869629,0.7008052468299866,0,-1,1,110,0.5213270142180095,2.0,211,1.5072803497314453,0,0.0,0,0.0,0,32.156986236572266,0,5
SH,FVD,137,3182,154,154,15.4,0.4258449673652649,0.5018889904022217,1.7641042470932007,2.341836452484131,0.78361976146698,0,-1,1,154,1.0,2.0,154,1.0348050594329834,0,0.0,0,0.0,0,8.814689636230469,1,6
SH,FVD,137,3183,167,167,16.7,0.41319146752357483,0.4857035279273987,10.288629531860352,12.717253684997559,5.067076206207275,1,73,1,73,0.437125748502994,2.0,73,0.0,0,0.0,0,0.0,0,0.0,1,6
SH,FVD,137,3184,341,341,34.1,0.2877594530582428,0.3724212348461151,26.352134704589844,30.657642364501953,1.4443790912628174,0,-1,1,41,0.12023460410557185,2.0,341,1.2529785633087158,0,0.0,0,0.0,0,3.3460636138916016,2,7
SH,FVD,137,3185,169,169,16.900000000000002,0.5044659376144409,0.6548625230789185,8.377985954284668,9.652212142944336,1.7585837841033936,0,-1,1,6,0.03550295857988166,2.0,169,1.7278165817260742,0,0.0,0,0.0,0,5.301243782043457,0,5
SH,FVD,137,3186,259,259,25.900000000000002,0.3674996495246887,0.433976411819458,2.550992727279663,3.0631911754608154,0.897152841091156,0,-1,1,211,0.8146718146718147,2.0,259,1.4519461393356323,0,0.0,0,0.0,0,9.165961265563965,0,5
SH,FVD,137,3187,547,547,54.7,0.28660568594932556,0.3691817820072174,2.3251953125,2.6215031147003174,0.3910985589027405,1,507,1,29,0.05301645338208409,2.0,507,0.0,0,0.0,0,0.0,0,0.0,2,7
SH,FVD,137,3188,202,202,20.200000000000003,0.43386921286582947,0.5264362692832947,13.546152114868164,15.899102210998535,1.6470552682876587,0,-1,1,121,0.599009900990099,2.0,202,0.8707795143127441,0,0.0,0,0.0,0,24.15862274169922,2,7
SH,FVD,137,3189,196,196,19.6,0.20047228038311005,0.23741985857486725,8.40857219696045,9.952566146850586,0.8998553156852722,0,-1,0,0,0.0,2.0,196,2.3301827907562256,0,0.0,0,0.0,0,28.066617965698242,2,7
SH,FVD,137,3190,144,144,14.4,0.3152922987937927,0.42581382393836975,4.503190994262695,5.325001239776611,0.6494052410125732,0,-1,1,144,1.0,2.0,144,0.514374315738678,0,0.0,0,0.0,0,3.963543653488159,1,6
SH,FVD,137,3191,266,266,26.6,0.24136994779109955,0.30327242612838745,7.678397178649902,9.220876693725586,0.8030978441238403,0,-1,1,266,1.0,2.0,266,1.0419330596923828,0,0.0,0,0.0,0,19.606565475463867,2,7
SH,FVD,137,3192,329,329,32.9,0.5509692430496216,0.7232856154441833,23.480703353881836,26.404577255249023,1.2584205865859985,0,-1,0,0,0.0,2.0,329,2.2507123947143555,0,0.0,0,0.0,0,3.825313091278076,1,6
SH,FVD,137,3193,408,408,40.800000000000004,0.39764052629470825,0.4763520061969757,13.542156219482422,16.884111404418945,6.987121105194092,1,129,1,129,0.3161764705882353,2.0,129,0.0,0,0.0,0,0.0,0,0.0,1,6
SH,FVD,137,3194,493,493,49.300000000000004,0.3695478141307831,0.5057579874992371,6.744929790496826,8.003366470336914,0.8310827016830444,0,-1,1,45,0.09127789046653144,2.0,493,1.1565364599227905,0,0.0,0,0.0,0,2.95654559135437,1,6
SH,FVD,137,3195,352,352,35.2,0.4384455382823944,0.5530540943145752,4.044133186340332,4.806717872619629,0.8428787589073181,0,-1,1,352,1.0,2.0,352,0.6979096531867981,0,0.0,0,0.0,0,6.574343681335449,2,7
SH,FVD,137,3196,858,858,85.80000000000001,0.29748445749282837,0.3934330940246582,23.939361572265625,27.28272819519043,1.3002067804336548,1,848,1,33,0.038461538461538464,2.0,848,0.0,0,0.0,0,0.0,0,0.0,1,6
SH,FVD,137,3197,369,369,36.9,0.2848772704601288,0.3796699345111847,4.7114057540893555,5.744719982147217,0.7994096875190735,0,-1,1,369,1.0,2.0,369,0.5508080720901489,0,0.0,0,0.0,0,7.24955415725708,0,5
SH,FVD,137,3198,192,192,19.200000000000003,0.34931230545043945,0.45225590467453003,5.824810028076172,6.3823723793029785,0.6835386157035828,0,-1,1,192,1.0,2.0,192,1.1010470390319824,0,0.0,0,0.0,0,15.738187789916992,0,5
SH,FVD,137,3199,329,329,32.9,0.19274947047233582,0.24705088138580322,6.178212642669678,7.998502731323242,0.5150238275527954,0,-1,1,329,1.0,2.0,329,1.4762455224990845,0,0.0,0,0.0,0,23.450960159301758,2,7
SH,FVD,137,3200,145,145,14.5,0.1271759569644928,0.16696162521839142,3.903883457183838,5.149319648742676,0.7285082340240479,0,-1,1,117,0.8068965517241379,2.0,145,1.5870789289474487,0,0.0,0,0.0,0,5.689643859863281,1,6
SH,FVD,137,3201,285,285,28.5,0.28336313366889954,0.36668699979782104,4.665910720825195,5.0484395027160645,0.5738892555236816,0,-1,1,24,0.08421052631578947,2.0,285,0.6692823171615601,0,0.0,0,0.0,0,1.2202972173690796,0,5
SH,FVD,137,3202,339,339,33.9,0.2705249488353729,0.3451499044895172,28.866113662719727,35.48814010620117,2.279480457305908,0,-1,1,17,0.05014749262536873,2.0,339,1.8442732095718384,0,0.0,0,0.0,0,5.633788585662842,2,7
SH,FVD,137,3203,171,171,17.1,0.5090774893760681,0.6814762353897095,2.3090085983276367,3.117354154586792,0.7208555340766907,1,148,1,83,0.4853801169590643,2.0,148,0.0,0,0.0,0,0.0,0,0.0,1,6
SH,FVD,137,3204,147,147,14.700000000000001,0.4217028021812439,0.5020657777786255,2.1864395141601562,2.5961642265319824,0.5941124558448792,0,-1,1,147,1.0,2.0,147,0.07617819309234619,0,0.0,0,0.0,0,0.642134964466095,2,7
SH,FVD,137,3205,388,388,38.800000000000004,0.5851365923881531,0.8128217458724976,5.0185394287109375,6.179667949676514,2.1886157989501953,1,61,1,61,0.15721649484536082,2.0,61,0.0,0,0.0,0,0.0,0,0.0,1,6
SH,FVD,137,3206,277,277,27.700000000000003,0.18319956958293915,0.24358321726322174,27.333229064941406,34.5411376953125,2.314941644668579,0,-1,1,277,1.0,2.0,277,0.966358482837677,0,0.0,0,0.0,0,25.18790054321289,1,6
SH,FVD,137,3207,464,464,46.400000000000006,0.5874864459037781,0.7667998671531677,6.195614814758301,6.927372455596924,4.1115851402282715,1,91,1,91,0.1961206896551724,2.0,91,0.0,0,0.0,0,0.0,0,0.0,1,6
SH,FVD,137,3208,416,416,41.6,0.255723774433136,0.3143296539783478,7.527342796325684,8.775946617126465,4.315376281738281,1,138,1,138,0.3317307692307692,2.0,138,0.0,0,0.0,0,0.0,0,0.0,0,5
SH,FVD,137,3209,464,464,46.400000000000006,0.39120998978614807,0.5142115950584412,19.517358779907227,22.6871395111084,1.1448543071746826,0,-1,0,0,0.0,2.0,464,3.607712507247925,0,0.0,0,0.0,0,9.388069152832031,2,7
SH,FVD,137,3210,149,149,14.9,0.5960034132003784,0.7148141264915466,2.7925655841827393,3.1337649822235107,1.456797480583191,1,133,1,119,0.7986577181208053,2.0,133,0.0,0,0.0,0,0.0,0,0.0,1,6
SH,FVD,137,3211,189,189,18.900000000000002,0.5351287722587585,0.7854186296463013,2.9865686893463135,3.5950517654418945,1.6268706321716309,1,102,1,102,0.5396825396825397,2.0,102,0.0,0,0.0,0,0.0,0,0.0,2,7
SH,FVD,137,3212,385,385,38.5,0.42954474687576294,0.5289602875709534,4.069590091705322,5.3242411613464355,0.7422696352005005,0,-1,1,132,0.34285714285714286,2.0,385,0.6986349821090698,0,0.0,0,0.0,0,6.071727275848389,1,6
SH,FVD,137,3213,532,532,53.2,0.24690166115760803,0.3188377320766449,11.827789306640625,12.815681457519531,0.7611638903617859,0,-1,1,54,0.10150375939849623,2.0,532,1.286179780960083,0,0.0,0,0.0,0,7.34295654296875,0,5
SH,FVD,137,3214,196,196,19.6,0.4825718402862549,0.6583727598190308,4.647701263427734,5.506178379058838,4.338053226470947,1,113,1,113,0.576530612244898,2.0,113,0.0,0,0.0,0,0.0,0,0.0,0,5
SH,FVD,137,3215,610,610,61.0,0.1583479940891266,0.2114061415195465,9.24911880493164,10.021049499511719,0.4642123878002167,0,-1,0,0,0.0,2.0,610,2.158949851989746,0,0.0,0,0.0,0,22.157278060913086,0,5
SH,FVD,137,3216,138,138,13.8,0.6875172257423401,0.924425482749939,2.3797624111175537,3.6619415283203125,1.0777647495269775,0,-1,1,21,0.15217391304347827,2.0,138,1.8248167037963867,0,0.0,0,0.0,0,3.910621166229248,0,5
SH,FVD,137,3217,401,401,40.1,0.27276045083999634,0.37375760078430176,2.0342469215393066,2.4216184616088867,0.7374509572982788,1,270,1,70,0.1745635910224439,2.0,270,0.0,0,0.0,0,0.0,0,0.0,0,5
SH,FVD,137,3218,240,240,24.0,0.2568604350090027,0.33978110551834106,1.5608704090118408,1.7602790594100952,0.40257757902145386,0,-1,1,29,0.12083333333333333,2.0,240,0.3357299268245697,0,0.0,0,0.0,0,0.4021730422973633,0,5
SH,FVD,137,3219,158,158,15.8,0.24264685809612274,0.30627256631851196,1.0752278566360474,1.3481236696243286,0.4186983108520508,0,-1,1,4,0.02531645569620253,2.0,158,1.8339216709136963,0,0.0,0,0.0,0,2.6074881553649902,2,7
SH,FVD,137,3220,173,173,17.3,0.22987771034240723,0.30054885149002075,1.9824984073638916,2.4701690673828125,0.3733358681201935,0,-1,1,53,0.3063583815028902,2.0,173,1.8806986808776855,0,0.0,0,0.0,0,11.197136878967285,1,6
SH,FVD,137,3221,209,209,20.900000000000002,0.14613968133926392,0.1887851059436798,2.8976898193359375,3.593269109725952,0.4055427610874176,0,-1,1,170,0.8133971291866029,2.0,209,1.7267370223999023,0,0.0,0,0.0,0,26.973173141479492,1,6
SH,FVD,137,3222,528,528,52.800000000000004,0.4801616072654724,0.6359270215034485,29.021480560302734,34.290618896484375,2.1921844482421875,0,-1,1,9,0.017045454545454544,2.0,528,1.507208228111267,0,0.0,0,0.0,0,6.635451793670654,2,7
SH,FVD,137,3223,295,295,29.5,0.347520112991333,0.44863367080688477,5.906697750091553,6.985914707183838,1.2025834321975708,1,218,1,218,0.7389830508474576,2.0,218,0.0,0,0.0,0,0.0,0,0.0,2,7
SH,FVD,137,3224,174,174,17.400000000000002,0.10220164805650711,0.12368061393499374,1.3756262063980103,1.516436219215393,0.16126547753810883,0,-1,1,152,0.8735632183908046,2.0,174,1.4097152948379517,0,0.0,0,0.0,0,14.125385284423828,1,6
SH,FVD,137,3225,339,339,33.9,0.32325875759124756,0.46291255950927734,11.967107772827148,13.36021900177002,1.116511344909668,0,-1,0,0,0.0,2.0,339,2.4490559101104736,0,0.0,0,0.0,0,5.995930194854736,0,5
SH,FVD,137,3226,161,161,16.1,0.4423290193080902,0.5441450476646423,10.96272087097168,12.729695320129395,1.2431936264038086,0,-1,0,0,0.0,2.0,161,2.8795969486236572,0,0.0,0,0.0,0,5.847682476043701,1,6
SH,FVD,137,3227,379,379,37.9,0.2962297797203064,0.3837466239929199,12.948315620422363,15.047334671020508,0.7647169828414917,0,-1,1,379,1.0,2.0,379,0.0820930227637291,0,0.0,0,0.0,0,1.332324504852295,2,7
SH,FVD,137,3228,369,369,36.9,0.1472109705209732,0.2011023610830307,1.8033738136291504,2.2539052963256836,0.3320147395133972,0,-1,1,369,1.0,2.0,369,1.4365254640579224,0,0.0,0,0.0,0,21.613313674926758,2,7
SH,FVD,137,3229,276,276,27.6,0.3268297016620636,0.4182603061199188,7.424874782562256,8.485766410827637,2.5717387199401855,1,128,1,128,0.463768115942029,2.0,128,0.0,0,0.0,0,0.0,0,0.0,1,6
SH,FVD,137,3230,236,236,23.6,0.3116267919540405,0.3656696677207947,23.400861740112305,28.718246459960938,2.2118375301361084,0,-1,0,0,0.0,2.0,236,3.5179038047790527,0,0.0,0,0.0,0,55.8515739440918,2,7
SH,FVD,137,3231,157,157,15.700000000000001,0.22263051569461823,0.25873497128486633,4.129220008850098,4.919321060180664,0.5859100818634033,0,-1,1,149,0.9490445859872612,2.0,157,1.0148314237594604,0,0.0,0,0.0,0,26.425277709960938,0,5
SH,FVD,137,3232,186,186,18.6,0.28606942296028137,0.4040057957172394,8.342690467834473,9.908617973327637,0.9318841695785522,0,-1,0,0,0.0,2.0,186,2.036015272140503,0,0.0,0,0.0,0,7.050811767578125,2,7
SH,FVD,137,3233,205,205,20.5,0.35470089316368103,0.4512489140033722,3.6967976093292236,4.356175899505615,0.6867191791534424,0,-1,0,0,0.0,2.0,205,4.606387615203857,0,0.0,0,0.0,0,3.5512025356292725,1,6
SH,FVD,137,3234,985,985,98.5,0.29402607679367065,0.3653709590435028,5.203355312347412,5.9596662521362305,0.5032357573509216,0,-1,1,985,1.0,2.0,985,0.7900034785270691,0,0.0,0,0.0,0,10.22226619720459,1,6
SH,FVD,137,3235,175,175,17.5,0.4623897075653076,0.6480064392089844,2.2002792358398438,3.095487117767334,0.995939314365387,1,141,1,90,0.5142857142857142,2.0,141,0.0,0,0.0,0,0.0,0,0.0,1,6
SH,FVD,137,3236,217,217,21.700000000000003,0.36571362614631653,0.4792715609073639,6.570132255554199,7.368319034576416,0.8822386264801025,0,-1,1,217,1.0,2.0,217,0.6018648743629456,0,0.0,0,0.0,0,8.576169967651367,0,5
SH,FVD,137,3237,214,214,21.400000000000002,0.16729271411895752,0.2719641625881195,3.638681650161743,4.154664039611816,0.36592522263526917,1,193,1,30,0.14018691588785046,2.0,193,0.0,0,0.0,0,0.0,0,0.0,2,7
SH,FVD,137,3238,234,234,23.400000000000002,0.3744136691093445,0.44640323519706726,13.804854393005371,15.215951919555664,0.9434391260147095,0,-1,0,0,0.0,2.0,234,2.8366854190826416,0,0.0,0,0.0,0,8.737020492553711,1,6
SH,FVD,137,3239,145,145,14.5,0.2982461154460907,0.3708253502845764,2.4864583015441895,3.4271152019500732,0.6883407235145569,0,-1,0,0,0.0,2.0,145,3.898803472518921,0,0.0,0,0.0,0,5.47049617767334,2,7
SH,FVD,137,3240,362,362,36.2,0.259326696395874,0.3484662175178528,5.224255084991455,6.123528957366943,0.826765775680542,1,320,1,82,0.2265193370165746,2.0,320,0.0,0,0.0,0,0.0,0,0.0,1,6
SH,FVD,137,3241,186,186,18.6,0.31858590245246887,0.39234334230422974,9.25810432434082,10.276389122009277,0.8285210728645325,0,-1,1,73,0.3924731182795699,2.0,186,1.923788070678711,0,0.0,0,0.0,0,22.092910766601562,0,5
SH,FVD,137,3242,185,185,18.5,0.2794564366340637,0.3728502094745636,4.8831634521484375,5.415322303771973,0.5069705247879028,0,-1,1,31,0.16756756756756758,2.0,185,1.2720234394073486,0,0.0,0,0.0,0,6.933047294616699,0,5
SH,FVD,137,3243,162,162,16.2,0.4200686812400818,0.4998460114002228,8.000860214233398,9.136489868164062,0.9051669239997864,0,-1,0,0,0.0,2.0,162,2.4409737586975098,0,0.0,0,0.0,0,9.35279655456543,1,6
SH,FVD,137,3244,133,133,13.3,0.5178206562995911,0.6510311365127563,3.45479679107666,4.5447516441345215,1.7174911499023438,1,81,1,43,0.3233082706766917,2.0,81,0.0,0,0.0,0,0.0,0,0.0,2,7
SH,FVD,137,3245,334,334,33.4,0.4856215715408325,0.7487212419509888,6.281940937042236,7.18624210357666,7.3597564697265625,1,105,1,105,0.3143712574850299,2.0,105,0.0,0,0.0,0,0.0,0,0.0,2,7
SH,FVD,137,3246,318,318,31.8,0.2898697257041931,0.3572474718093872,4.855659484863281,5.551614761352539,0.4964599013328552,0,-1,1,318,1.0,2.0,318,0.35401052236557007,0,0.0,0,0.0,0,7.060267925262451,1,6
SH,FVD,137,3247,247,247,24.700000000000003,0.2931835353374481,0.3574564754962921,1.6700236797332764,2.214229106903076,0.6797476410865784,0,-1,1,156,0.631578947368421,2.0,247,1.1130763292312622,0,0.0,0,0.0,0,4.937011241912842,2,7
SH,FVD,137,3248,243,243,24.3,0.25420546531677246,0.3217989504337311,1.0606780052185059,1.2292219400405884,0.25487178564071655,0,-1,0,0,0.0,2.0,243,2.659330129623413,0,0.0,0,0.0,0,3.0745928287506104,0,5
SH,FVD,137,3249,156,156,15.600000000000001,0.26717492938041687,0.355480432510376,3.20131516456604,3.685969829559326,0.4569905698299408,0,-1,1,156,1.0,2.0,156,0.5729363560676575,0,0.0,0,0.0,0,8.972955703735352,2,7
SH,FVD,137,3250,447,447,44.7,0.23871447145938873,0.28609558939933777,6.600773811340332,7.900153160095215,0.46731728315353394,0,-1,1,447,1.0,2.0,447,1.2020835876464844,0,0.0,0,0.0,0,15.20125675201416,2,7
SH,FVD,137,3251,172,172,17.2,0.4382566809654236,0.5950570702552795,2.3167686462402344,2.9808897972106934,0.7520593404769897,0,-1,1,24,0.13953488372093023,2.0,172,0.716806173324585,0,0.0,0,0.0,0,1.5203100442886353,1,6
SH,FVD,137,3252,200,200,20.0,0.2969810962677002,0.3779039978981018,5.038787364959717,5.879447937011719,0.8331092596054077,1,142,1,41,0.205,2.0,142,0.0,0,0.0,0,0.0,0,0.0,1,6
SH,FVD,137,3253,196,196,19.6,0.18004567921161652,0.22683930397033691,1.649135947227478,2.0183188915252686,0.3084890842437744,0,-1,0,0,0.0,2.0,196,2.0401103496551514,0,0.0,0,0.0,0,3.0767555236816406,1,6
SH,FVD,137,3254,552,552,55.2,0.18671397864818573,0.24463236331939697,3.8426482677459717,4.3583173751831055,0.4151819050312042,0,-1,1,552,1.0,2.0,552,1.0239629745483398,0,0.0,0,0.0,0,15.723566055297852,0,5
SH,FVD,137,3255,248,248,24.8,0.6646726727485657,0.8710579872131348,4.692789554595947,6.115283489227295,1.02532160282135,1,241,1,99,0.39919354838709675,2.0,241,0.0,0,0.0,0,0.0,0,0.0,2,7
SH,FVD,137,3256,136,136,13.600000000000001,0.18851222097873688,0.22247938811779022,1.2689398527145386,1.6120017766952515,0.5787068009376526,0,-1,0,0,0.0,2.0,136,2.369986057281494,0,0.0,0,0.0,0,31.777660369873047,0,5
SH,FVD,137,3257,149,149,14.9,0.16780638694763184,0.22004450857639313,1.1427375078201294,1.293069839477539,0.24605076014995575,0,-1,0,0,0.0,2.0,149,4.623180866241455,0,0.0,0,0.0,0,4.221134185791016,2,7
SH,FVD,137,3258,167,167,16.7,0.3149679899215698,0.37513643503189087,2.4129393100738525,3.212484359741211,0.6781503558158875,1,137,1,32,0.19161676646706588,2.0,137,0.0,0,0.0,0,0.0,0,0.0,2,7
SH,FVD,137,3259,248,248,24.8,0.2698882520198822,0.32354018092155457,4.295173168182373,4.711201190948486,0.5199973583221436,0,-1,0,0,0.0,2.0,248,2.8808484077453613,0,0.0,0,0.0,0,3.4936683177948,0,5
SH,FVD,137,3260,306,306,30.6,0.48953497409820557,0.6783719062805176,11.628640174865723,20.38640785217285,1.3458410501480103,1,102,1,102,0.3333333333333333,2.0,102,0.0,0,0.0,0,0.0,0,0.0,2,7
SH,FVD,137,3261,199,199,19.900000000000002,0.20152859389781952,0.23605023324489594,5.715935230255127,6.452094554901123,0.7145732045173645,0,-1,0,0,0.0,2.0,199,2.098930597305298,0,0.0,0,0.0,0,43.77065658569336,1,6
SH,FVD,137,3262,220,220,22.0,0.19328337907791138,0.21037639677524567,4.2700605392456055,6.925652980804443,1.0808463096618652,0,-1,1,173,0.7863636363636364,2.0,220,1.6076332330703735,0,0.0,0,0.0,0,25.560054779052734,1,6
SH,FVD,137,3263,679,679,67.9,0.27494749426841736,0.3363972306251526,11.841526985168457,15.210017204284668,0.7048092484474182,0,-1,1,309,0.45508100147275404,2.0,679,0.9386053085327148,0,0.0,0,0.0,0,21.300264358520508,1,6
SH,FVD,137,3264,164,164,16.400000000000002,0.44784414768218994,0.5698074102401733,5.108153820037842,5.995353698730469,1.1145793199539185,1,115,1,115,0.7012195121951219,2.0,115,0.0,0,0.0,0,0.0,0,0.0,0,5
SH,FVD,137,3265,412,412,41.2,0.41247454285621643,0.8698943853378296,9.950701713562012,11.370482444763184,0.7695188522338867,0,-1,0,0,0.0,2.0,412,2.152611255645752,0,0.0,0,0.0,0,2.9331438541412354,2,7
SH,FVD,137,3266,1275,1275,127.5,0.3307584524154663,0.41190120577812195,7.652083396911621,9.186323165893555,0.5452626347541809,0,-1,1,920,0.7215686274509804,2.0,1275,0.5628359317779541,0,0.0,0,0.0,0,2.2281861305236816,0,5
SH,FVD,137,3267,224,224,22.400000000000002,0.36951544880867004,0.4572039842605591,7.9933552742004395,9.066530227661133,1.0758599042892456,0,-1,1,7,0.03125,2.0,224,1.681677222251892,0,0.0,0,0.0,0,2.7970876693725586,0,5
SH,FVD,137,3268,186,186,18.6,0.3247870206832886,0.4799725413322449,31.409250259399414,38.12335968017578,3.621732711791992,0,-1,1,186,1.0,2.0,186,0.7911866307258606,0,0.0,0,0.0,0,16.618764877319336,1,6
SH,FVD,137,3269,243,243,24.3,0.26982954144477844,0.31445738673210144,3.324054479598999,3.5516135692596436,0.40532946586608887,0,-1,0,0,0.0,2.0,243,2.4252898693084717,0,0.0,0,0.0,0,6.101683139801025,1,6
SH,FVD,137,3270,153,153,15.3,0.14117388427257538,0.1604350507259369,4.793799877166748,6.326376438140869,0.8075892925262451,0,-1,1,153,1.0,2.0,153,1.3714479207992554,0,0.0,0,0.0,0,12.548979759216309,1,6
SH,FVD,137,3271,254,254,25.400000000000002,0.3874337077140808,0.5075125098228455,2.355140209197998,2.775456666946411,0.7375572323799133,1,242,1,213,0.8385826771653543,2.0,242,0.0,0,0.0,0,0.0,0,0.0,0,5
SH,FVD,137,3272,239,239,23.900000000000002,0.26996567845344543,0.34877026081085205,5.341088771820068,6.898985862731934,0.5577906370162964,0,-1,0,0,0.0,2.0,239,3.505463123321533,0,0.0,0,0.0,0,1.822174310684204,1,6
SH,FVD,137,3273,173,173,17.3,0.1114087849855423,0.1358707845211029,1.0567114353179932,1.1819812059402466,0.2410176694393158,0,-1,1,173,1.0,2.0,173,1.5819228887557983,0,0.0,0,0.0,0,31.015499114990234,2,7
SH,FVD,137,3274,188,188,18.8,0.3719366490840912,0.4467337429523468,2.6512317657470703,3.0375049114227295,0.46567460894584656,0,-1,1,135,0.7180851063829787,2.0,188,1.9287182092666626,0,0.0,0,0.0,0,10.223652839660645,2,7
SH,FVD,137,3275,146,146,14.600000000000001,0.27717143297195435,0.3282531499862671,3.589578628540039,5.062246799468994,0.8493989109992981,0,-1,1,146,1.0,2.0,146,0.2377188354730606,0,0.0,0,0.0,0,4.536052227020264,2,7
SH,FVD,137,3276,175,175,17.5,0.22293727099895477,0.2823261618614197,3.4940345287323,5.26477575302124,0.596320390701294,0,-1,0,0,0.0,2.0,175,3.2440431118011475,0,0.0,0,0.0,0,8.52606201171875,2,7
SH,FVD,137,3277,139,139,13.9,0.4380497634410858,0.5356298685073853,3.7031567096710205,4.551633358001709,0.9742552638053894,0,-1,1,15,0.1079136690647482,2.0,139,1.7823951244354248,0,0.0,0,0.0,0,5.105381965637207,0,5
SH,FVD,137,3278,590,590,59.0,0.23451752960681915,0.295672744512558,2.1968350410461426,2.732795000076294,0.46201059222221375,0,-1,1,466,0.7898305084745763,2.0,590,0.6813086271286011,0,0.0,0,0.0,0,2.783506393432617,2,7
SH,FVD,137,3279,155,155,15.5,0.3958626091480255,0.45276638865470886,3.3479621410369873,3.957793951034546,1.4556500911712646,1,85,1,85,0.5483870967741935,2.0,85,0.0,0,0.0,0,0.0,0,0.0,0,5
SH,FVD,137,3280,338,338,33.800000000000004,0.3888680338859558,0.510476291179657,15.999612808227539,17.04220962524414,1.887310266494751,1,291,1,217,0.6420118343195266,2.0,291,0.0,0,0.0,0,0.0,0,0.0,0,5
SH,FVD,137,3281,145,145,14.5,0.2648320198059082,0.33344602584838867,4.148033618927002,5.876980781555176,0.960197925567627,0,-1,0,0,0.0,2.0,145,2.407214641571045,0,0.0,0,0.0,0,35.52383041381836,0,5
SH,FVD,137,3282,246,246,24.6,0.23817050457000732,0.2970806360244751,22.154991149902344,26.362363815307617,1.7716346979141235,0,-1,1,246,1.0,2.0,246,0.3860037624835968,0,0.0,0,0.0,0,6.71851921081543,2,7
SH,FVD,137,3283,198,198,19.8,0.1554303765296936,0.206519216299057,9.435502052307129,12.590340614318848,1.3861817121505737,0,-1,0,0,0.0,2.0,198,4.050692081451416,0,0.0,0,0.0,0,90.1700439453125,0,5
SH,FVD,137,3284,294,294,29.400000000000002,0.4373159110546112,0.5556835532188416,10.704633712768555,13.186570167541504,1.8434776067733765,0,-1,0,0,0.0,2.0,294,2.8993632793426514,0,0.0,0,0.0,0,31.96408462524414,2,7
SH,FVD,137,3285,234,234,23.400000000000002,0.35385388135910034,0.493388831615448,4.538685321807861,6.257621765136719,0.6629621982574463,0,-1,1,234,1.0,2.0,234,0.7474669218063354,0,0.0,0,0.0,0,11.564491271972656,2,7
SH,FVD,137,3286,530,530,53.0,0.33220207691192627,0.4197104573249817,7.7276105880737305,8.706043243408203,1.7960692644119263,1,293,1,36,0.06792452830188679,2.0,293,0.0,0,0.0,0,0.0,0,0.0,0,5
SH,FVD,137,3287,306,306,30.6,0.46563565731048584,0.6295312643051147,14.182764053344727,16.170413970947266,1.6533983945846558,0,-1,1,24,0.0784313725490196,2.0,306,0.5709203481674194,0,0.0,0,0.0,0,1.276396632194519,0,5
SH,FVD,137,3288,231,231,23.1,0.39594531059265137,0.5436635613441467,8.06069564819336,9.183627128601074,1.3622422218322754,1,172,1,172,0.7445887445887446,2.0,172,0.0,0,0.0,0,0.0,0,0.0,2,7
SH,FVD,137,3289,159,159,15.9,0.359282523393631,0.592750608921051,1.2202049493789673,1.670426845550537,0.7354100346565247,0,-1,0,0,0.0,2.0,159,3.666802167892456,0,0.0,0,0.0,0,8.07618236541748,2,7
SH,FVD,137,3290,156,156,15.600000000000001,0.2887967526912689,0.40045592188835144,10.293190002441406,11.974811553955078,1.3228060007095337,0,-1,0,0,0.0,2.0,156,3.259617805480957,0,0.0,0,0.0,0,6.139516830444336,0,5
SH,FVD,137,3291,1271,1271,127.10000000000001,0.4979340136051178,0.6410026550292969,6.12589693069458,6.695285797119141,4.756557941436768,1,188,1,188,0.14791502753737215,2.0,188,0.0,0,0.0,0,0.0,0,0.0,1,6
SH,FVD,137,3292,159,159,15.9,0.2579011917114258,0.5178121328353882,1.3530417680740356,1.8239082098007202,0.5275158286094666,0,-1,1,33,0.20754716981132076,2.0,159,1.7572513818740845,0,0.0,0,0.0,0,20.87467384338379,0,5
SH,FVD,137,3293,247,247,24.700000000000003,0.6710785031318665,0.8213294148445129,22.227930068969727,26.628210067749023,5.868680000305176,1,23,1,23,0.0931174089068826,2.0,23,0.0,0,0.0,0,0.0,0,0.0,0,5
SH,FVD,137,3294,474,474,47.400000000000006,0.4110771417617798,0.5518031120300293,2.919813394546509,3.6421189308166504,0.7832310795783997,0,-1,1,421,0.8881856540084389,2.0,474,0.7733728885650635,0,0.0,0,0.0,0,3.5213608741760254,2,7
SH,FVD,137,3295,140,140,14.0,0.3707321584224701,0.45940539240837097,11.825413703918457,14.608796119689941,1.7987666130065918,0,-1,1,7,0.05,2.0,140,1.8210471868515015,0,0.0,0,0.0,0,22.520370483398438,1,6
SH,FVD,137,3296,194,194,19.400000000000002,0.45987433195114136,0.5652769207954407,9.478141784667969,10.74911880493164,0.8617737889289856,0,-1,0,0,0.0,2.0,194,3.607915163040161,0,0.0,0,0.0,0,5.936672210693359,0,5
SH,FVD,137,3297,714,714,71.4,0.22367724776268005,0.3197677433490753,4.317532062530518,4.805141448974609,2.9007821083068848,1,428,1,428,0.5994397759103641,2.0,428,0.0,0,0.0,0,0.0,0,0.0,1,6
SH,FVD,137,3298,159,159,15.9,0.3699062168598175,0.44660791754722595,2.076409101486206,2.4980616569519043,0.8483237028121948,0,-1,1,62,0.389937106918239,2.0,159,1.6532436609268188,0,0.0,0,0.0,0,16.762357711791992,1,6
SH,FVD,137,3299,530,530,53.0,0.26303961873054504,0.3248811960220337,6.429433345794678,7.474130153656006,0.8559354543685913,0,-1,1,182,0.3433962264150943,2.0,530,1.6211671829223633,0,0.0,0,0.0,0,27.082571029663086,1,6
SH,FVD,137,3300,138,138,13.8,0.1820444017648697,0.22974668443202972,2.24712872505188,2.627302885055542,0.39415475726127625,0,-1,0,0,0.0,2.0,138,2.226837158203125,0,0.0,0,0.0,0,7.069822788238525,1,6
SH,FVD,137,3301,340,340,34.0,0.3679802715778351,0.4646741449832916,1.5746382474899292,1.898021936416626,0.7794349193572998,1,264,1,264,0.7764705882352941,2.0,264,0.0,0,0.0,0,0.0,0,0.0,0,5
SH,FVD,137,3302,481,481,48.1,0.23246468603610992,0.3021293580532074,4.015076160430908,5.078073978424072,0.7806922793388367,0,-1,1,31,0.06444906444906445,2.0,481,1.6973824501037598,0,0.0,0,0.0,0,14.082903861999512,1,6
SH,FVD,137,3303,454,454,45.400000000000006,0.34140756726264954,0.4389791786670685,4.291881084442139,5.072222709655762,0.7391120195388794,1,428,1,87,0.19162995594713655,2.0,428,0.0,0,0.0,0,0.0,0,0.0,1,6
SH,FVD,137,3304,154,154,15.4,0.46888911724090576,0.703731894493103,2.5912492275238037,3.1294682025909424,0.9952401518821716,0,-1,1,29,0.18831168831168832,2.0,154,1.7868022918701172,0,0.0,0,0.0,0,3.5435144901275635,2,7
SH,FVD,137,3305,246,246,24.6,0.23144149780273438,0.2651819884777069,12.888047218322754,14.821601867675781,0.8506470918655396,0,-1,1,19,0.07723577235772358,2.0,246,1.9976798295974731,0,0.0,0,0.0,0,28.220325469970703,0,5
SH,FVD,137,3306,1121,1121,112.10000000000001,0.2870188057422638,0.391845703125,3.8569319248199463,5.667026996612549,0.5616128444671631,0,-1,1,259,0.2310437109723461,2.0,1121,1.4772089719772339,0,0.0,0,0.0,0,2.9186644554138184,1,6
SH,FVD,137,3307,479,479,47.900000000000006,0.18098731338977814,0.22322089970111847,4.1402506828308105,5.304163455963135,0.5992634296417236,0,-1,1,479,1.0,2.0,479,0.6398526430130005,0,0.0,0,0.0,0,9.257332801818848,0,5
SH,FVD,137,3308,304,304,30.400000000000002,0.371980220079422,0.4721824526786804,8.224403381347656,9.25934886932373,0.8053270578384399,0,-1,1,304,1.0,2.0,304,0.925665020942688,0,0.0,0,0.0,0,16.769590377807617,2,7
SH,FVD,137,3309,163,163,16.3,0.13070304691791534,0.1971586048603058,1.1037591695785522,1.288299560546875,0.2827683687210083,0,-1,0,0,0.0,2.0,163,3.5858471393585205,0,0.0,0,0.0,0,2.029634952545166,0,5
SH,FVD,137,3310,171,171,17.1,0.41291406750679016,0.5005213022232056,5.878781795501709,7.29847526550293,3.580653190612793,1,91,1,91,0.5321637426900585,2.0,91,0.0,0,0.0,0,0.0,0,0.0,2,7
SH,FVD,137,3311,187,187,18.7,0.39014124870300293,0.527339518070221,5.039276123046875,5.737245559692383,0.9134780764579773,0,-1,0,0,0.0,2.0,187,2.2708609104156494,0,0.0,0,0.0,0,5.125026226043701,2,7
SH,FVD,137,3312,193,193,19.3,0.24728848040103912,0.32646486163139343,4.439472198486328,5.761719703674316,0.6214460730552673,0,-1,1,22,0.11398963730569948,2.0,193,1.7728198766708374,0,0.0,0,0.0,0,24.738618850708008,1,6
SH,FVD,137,3313,311,311,31.1,0.27788475155830383,0.33844414353370667,3.9946258068084717,4.422990322113037,0.4568346440792084,0,-1,0,0,0.0,2.0,311,2.189593553543091,0,0.0,0,0.0,0,25.67364501953125,1,6
SH,FVD,137,3314,158,158,15.8,0.6072542667388916,0.8320884704589844,3.8204071521759033,4.2673187255859375,6.536530017852783,1,40,1,40,0.25316455696202533,2.0,40,0.0,0,0.0,0,0.0,0,0.0,0,5
SH,FVD,137,3315,1228,1228,122.80000000000001,0.4397313594818115,0.5876122713088989,8.367640495300293,9.215129852294922,3.5712265968322754,1,279,1,279,0.2271986970684039,2.0,279,0.0,0,0.0,0,0.0,0,0.0,0,5
SH,FVD,137,3316,280,280,28.0,0.3205290138721466,0.4512193202972412,1.8218022584915161,2.1672444343566895,0.41570407152175903,0,-1,1,280,1.0,2.0,280,0.3692193925380707,0,0.0,0,0.0,0,4.4122185707092285,0,5
SH,FVD,137,3317,195,195,19.5,0.19656501710414886,0.23153537511825562,4.4615864753723145,6.412228584289551,0.9534278512001038,0,-1,1,195,1.0,2.0,195,1.1651970148086548,0,0.0,0,0.0,0,14.028377532958984,2,7
SH,FVD,137,3318,442,442,44.2,0.2925410568714142,0.38194671273231506,11.672818183898926,13.015196800231934,0.9159253239631653,0,-1,0,0,0.0,2.0,442,2.0952765941619873,0,0.0,0,0.0,0,6.272286891937256,2,7
SH,FVD,137,3319,253,253,25.3,0.3972587287425995,0.492998331785202,5.5136895179748535,6.23759651184082,1.0299923419952393,0,-1,1,176,0.6956521739130435,2.0,253,0.8293898701667786,0,0.0,0,0.0,0,6.8112287521362305,0,5
SH,FVD,137,3320,175,175,17.5,0.37872594594955444,0.501832127571106,2.539893388748169,2.7793660163879395,0.5650326013565063,0,-1,1,61,0.3485714285714286,2.0,175,1.7186318635940552,0,0.0,0,0.0,0,5.750486850738525,0,5
SH,FVD,137,3321,288,288,28.8,0.3599124550819397,0.43599259853363037,1.678243637084961,2.892000675201416,0.5331204533576965,0,-1,1,288,1.0,2.0,288,1.1674731969833374,0,0.0,0,0.0,0,16.15169334411621,0,5
SH,FVD,137,3322,329,329,32.9,0.35311591625213623,0.4782108664512634,3.60349178314209,4.410536766052246,0.8600434064865112,1,262,1,262,0.7963525835866262,2.0,262,0.0,0,0.0,0,0.0,0,0.0,0,5
SH,FVD,137,3323,135,135,13.5,0.4795675277709961,0.6902263164520264,8.63848876953125,9.975361824035645,1.1999294757843018,0,-1,1,135,1.0,2.0,135,0.23940372467041016,0,0.0,0,0.0,0,3.742574691772461,2,7
SH,FVD,137,3324,188,188,18.8,0.285267174243927,0.39273419976234436,3.4562323093414307,3.8716773986816406,0.3826618492603302,0,-1,0,0,0.0,2.0,188,2.028780221939087,0,0.0,0,0.0,0,23.395835876464844,0,5
SH,FVD,137,3325,228,228,22.8,0.7648478150367737,1.033319115638733,29.978178024291992,36.15869903564453,2.895721435546875,1,136,1,136,0.5964912280701754,2.0,136,0.0,0,0.0,0,0.0,0,0.0,0,5
SH,FVD,137,3326,485,485,48.5,0.5181208252906799,0.6674500703811646,8.149436950683594,9.408271789550781,5.410383701324463,1,113,1,113,0.2329896907216495,2.0,113,0.0,0,0.0,0,0.0,0,0.0,1,6
SH,FVD,137,3327,290,290,29.0,0.25573819875717163,0.3521909713745117,2.3152811527252197,3.2358927726745605,0.7634330987930298,1,228,1,228,0.7862068965517242,2.0,228,0.0,0,0.0,0,0.0,0,0.0,2,7
SH,FVD,137,3328,155,155,15.5,0.3003343343734741,0.3814186155796051,4.258523941040039,5.0395002365112305,0.6812737584114075,0,-1,1,39,0.25161290322580643,2.0,155,1.215232491493225,0,0.0,0,0.0,0,4.767467975616455,1,6
SH,FVD,137,3329,672,672,67.2,0.2665102183818817,0.31907516717910767,8.755619049072266,10.410407066345215,0.6641899943351746,0,-1,1,5,0.00744047619047619,2.0,672,1.964518666267395,0,0.0,0,0.0,0,5.428365230560303,0,5
SH,FVD,137,3330,358,358,35.800000000000004,0.3095911741256714,0.37625372409820557,3.7867069244384766,4.417201042175293,0.6997817754745483,0,-1,1,139,0.388268156424581,2.0,358,0.09969582408666611,0,0.0,0,0.0,0,0.372220516204834,1,6
SH,FVD,137,3331,206,206,20.6,0.14968593418598175,0.19534677267074585,0.3001421093940735,0.38806965947151184,0.18629159033298492,0,-1,1,206,1.0,2.0,206,0.7542909979820251,0,0.0,0,0.0,0,15.171927452087402,2,7
SH,FVD,137,3332,496,496,49.6,0.5754961967468262,0.7936334609985352,4.194124221801758,4.919736385345459,4.478824615478516,1,66,1,66,0.13306451612903225,2.0,66,0.0,0,0.0,0,0.0,0,0.0,0,5
SH,FVD,137,3333,466,466,46.6,0.5447074174880981,0.699366569519043,3.3775672912597656,3.980729818344116,3.1485321521759033,1,201,1,201,0.4313304721030043,2.0,201,0.0,0,0.0,0,0.0,0,0.0,1,6
SH,FVD,137,3334,136,136,13.600000000000001,0.3376676142215729,0.41823479533195496,5.699735641479492,6.823544979095459,3.8473262786865234,1,87,1,87,0.6397058823529411,2.0,87,0.0,0,0.0,0,0.0,0,0.0,1,6
SH,FVD,137,3335,204,204,20.400000000000002,0.3321757912635803,0.39985936880111694,6.346567153930664,7.1639323234558105,0.605262041091919,0,-1,0,0,0.0,2.0,204,2.1401424407958984,0,0.0,0,0.0,0,4.994873523712158,2,7
SH,FVD,137,3336,220,220,22.0,0.18387168645858765,0.24883057177066803,4.525256633758545,4.976101398468018,0.7024558186531067,0,-1,0,0,0.0,2.0,220,6.304279327392578,0,0.0,0,0.0,0,6.794841766357422,2,7
SH,FVD,137,3337,321,321,32.1,0.3686688244342804,0.4619391858577728,16.055038452148438,17.398252487182617,1.00300133228302,0,-1,0,0,0.0,2.0,321,2.202672004699707,0,0.0,0,0.0,0,6.848604679107666,0,5
SH,FVD,137,3338,425,425,42.5,0.21806170046329498,0.27843931317329407,27.919275283813477,34.88979721069336,1.452500581741333,0,-1,1,425,1.0,2.0,425,1.4828649759292603,0,0.0,0,0.0,0,27.950231552124023,0,5
SH,FVD,137,3339,381,381,38.1,0.35961076617240906,0.4394715130329132,4.437624454498291,6.379554271697998,0.6821917295455933,0,-1,1,125,0.32808398950131235,2.0,381,0.3802821934223175,0,0.0,0,0.0,0,0.6650018095970154,1,6
SH,FVD,137,3340,251,251,25.1,0.2664608657360077,0.3303666412830353,5.253826141357422,5.819010257720947,0.4877309203147888,0,-1,1,232,0.9243027888446215,2.0,251,1.0599724054336548,0,0.0,0,0.0,0,7.4454145431518555,1,6
SH,FVD,137,3341,224,224,22.400000000000002,0.27135640382766724,0.32598069310188293,2.7314324378967285,3.1810660362243652,0.7114672064781189,0,-1,1,158,0.7053571428571429,2.0,224,1.2041339874267578,0,0.0,0,0.0,0,15.52070140838623,1,6
SH,FVD,137,3342,152,152,15.200000000000001,0.5699177980422974,0.6976413130760193,3.6651225090026855,4.43027400970459,1.4209706783294678,0,-1,1,126,0.8289473684210527,2.0,152,0.6612564921379089,0,0.0,0,0.0,0,3.673764944076538,2,7
SH,FVD,137,3343,300,300,30.0,0.31400275230407715,0.36505046486854553,12.951878547668457,16.044580459594727,0.9628258347511292,0,-1,0,0,0.0,2.0,300,4.574000358581543,0,0.0,0,0.0,0,13.601158142089844,1,6
SH,FVD,137,3344,188,188,18.8,0.34309664368629456,0.4224691092967987,13.66594409942627,16.00544548034668,1.406241536140442,0,-1,0,0,0.0,2.0,188,2.3043625354766846,0,0.0,0,0.0,0,23.991008758544922,1,6
SH,FVD,137,3345,720,720,72.0,0.34147533774375916,0.42476940155029297,9.075501441955566,10.82226276397705,3.489877939224243,1,308,1,163,0.2263888888888889,2.0,308,0.0,0,0.0,0,0.0,0,0.0,2,7
SH,FVD,137,3346,185,185,18.5,0.6153823733329773,0.8784079551696777,2.2624380588531494,2.700416088104248,1.1506470441818237,1,185,1,185,1.0,2.0,185,0.0,0,0.0,0,0.0,0,0.0,1,6
SH,FVD,137,3347,170,170,17.0,0.17833784222602844,0.22215667366981506,2.6720058917999268,3.7535173892974854,0.7578619718551636,0,-1,1,119,0.7,2.0,170,1.9298149347305298,0,0.0,0,0.0,0,31.420623779296875,0,5
SH,FVD,137,3348,262,262,26.200000000000003,0.29592186212539673,0.41785597801208496,6.178681373596191,10.354942321777344,1.2612196207046509,0,-1,1,54,0.20610687022900764,2.0,262,0.9248951077461243,0,0.0,0,0.0,0,10.913506507873535,1,6
SH,FVD,137,3349,231,231,23.1,0.38466763496398926,0.482835054397583,12.96727466583252,17.60791778564453,1.6996506452560425,0,-1,0,0,0.0,2.0,231,2.635694980621338,0,0.0,0,0.0,0,40.170555114746094,0,5
SH,FVD,137,3350,192,192,19.200000000000003,0.25686711072921753,0.4109160006046295,3.0692577362060547,3.5304503440856934,0.46144601702690125,0,-1,1,7,0.036458333333333336,2.0,192,1.7236733436584473,0,0.0,0,0.0,0,10.064055442810059,1,6
SH,FVD,137,3351,145,145,14.5,0.1961733102798462,0.2584691345691681,4.687162399291992,5.594038486480713,0.6908848285675049,0,-1,0,0,0.0,2.0,145,3.2510931491851807,0,0.0,0,0.0,0,8.629449844360352,1,6
SH,FVD,137,3352,223,223,22.3,0.2631663978099823,0.35855311155319214,2.4646472930908203,2.761303424835205,0.5844523906707764,0,-1,0,0,0.0,2.0,223,3.2342476844787598,0,0.0,0,0.0,0,10.286964416503906,1,6
SH,FVD,137,3353,205,205,20.5,0.32239851355552673,0.4650404751300812,1.5101951360702515,1.8429962396621704,0.6043248772621155,0,-1,1,75,0.36585365853658536,2.0,205,1.088779330253601,0,0.0,0,0.0,0,1.8906726837158203,2,7
SH,FVD,137,3354,242,242,24.200000000000003,0.37345051765441895,0.4838365316390991,1.3171464204788208,1.469998836517334,0.5023887157440186,0,-1,1,27,0.1115702479338843,2.0,242,0.17089228332042694,0,0.0,0,0.0,0,0.20058855414390564,0,5
SH,FVD,137,3355,189,189,18.900000000000002,0.14304150640964508,0.21982236206531525,1.8870344161987305,2.5361900329589844,0.3990868031978607,0,-1,1,189,1.0,2.0,189,0.7348929643630981,0,0.0,0,0.0,0,14.15947437286377,0,5
SH,FVD,137,3356,549,549,54.900000000000006,0.23396365344524384,0.29859626293182373,1.524896264076233,1.8164315223693848,0.24120178818702698,0,-1,1,549,1.0,2.0,549,0.5622411370277405,0,0.0,0,0.0,0,6.864507675170898,2,7
SH,FVD,137,3357,226,226,22.6,0.2358199656009674,0.30845752358436584,8.992388725280762,9.709848403930664,0.6214796900749207,0,-1,0,0,0.0,2.0,226,2.011435031890869,0,0.0,0,0.0,0,4.093412399291992,0,5
SH,FVD,137,3358,198,198,19.8,0.35741308331489563,0.4578511416912079,8.059738159179688,8.775463104248047,0.8915473818778992,0,-1,1,23,0.11616161616161616,2.0,198,1.567065715789795,0,0.0,0,0.0,0,6.411654472351074,1,6
SH,FVD,137,3359,152,152,15.200000000000001,0.2641434669494629,0.31171995401382446,6.691516399383545,8.258060455322266,1.6997429132461548,1,96,1,96,0.631578947368421,2.0,96,0.0,0,0.0,0,0.0,0,0.0,0,5
SH,FVD,137,3360,215,215,21.5,0.13975349068641663,0.17717739939689636,0.98590087890625,1.2400305271148682,0.39384639263153076,0,-1,0,0,0.0,2.0,215,5.001275539398193,0,0.0,0,0.0,0,77.72735595703125,2,7
SH,FVD,137,3361,183,183,18.3,0.33360937237739563,0.3857293725013733,1.4052261114120483,1.900876760482788,0.48776715993881226,0,-1,0,0,0.0,2.0,183,2.4266607761383057,0,0.0,0,0.0,0,5.7144575119018555,2,7
SH,FVD,137,3362,152,152,15.200000000000001,0.5618501901626587,0.6332418918609619,5.301350116729736,7.426748275756836,1.2229300737380981,0,-1,1,71,0.46710526315789475,2.0,152,1.5351543426513672,0,0.0,0,0.0,0,9.593221664428711,1,6
SH,FVD,137,3363,449,449,44.900000000000006,0.311207115650177,0.41370922327041626,6.8105034828186035,7.648412227630615,0.8147808909416199,1,414,1,62,0.13808463251670378,2.0,414,0.0,0,0.0,0,0.0,0,0.0,2,7
SH,FVD,137,3364,238,238,23.8,0.3865823745727539,0.5702183842658997,7.305278301239014,8.681845664978027,1.3540897369384766,1,144,1,144,0.6050420168067226,2.0,144,0.0,0,0.0,0,0.0,0,0.0,0,5
SH,FVD,137,3365,215,215,21.5,0.24812942743301392,0.3593832850456238,1.3146613836288452,1.7358814477920532,0.4335988461971283,0,-1,1,108,0.5023255813953489,2.0,215,1.5901011228561401,0,0.0,0,0.0,0,3.5553252696990967,0,5
SH,FVD,137,3366,147,147,14.700000000000001,0.36087560653686523,0.5332282781600952,16.272689819335938,19.38438606262207,2.1949005126953125,0,-1,1,147,1.0,2.0,147,1.3482403755187988,0,0.0,0,0.0,0,21.05525779724121,0,5
SH,FVD,137,3367,147,147,14.700000000000001,0.18720752000808716,0.2598625421524048,3.754595994949341,4.3515944480896,0.4972403943538666,0,-1,1,101,0.6870748299319728,2.0,147,1.1057626008987427,0,0.0,0,0.0,0,9.078290939331055,1,6
SH,FVD,137,3368,312,312,31.200000000000003,0.23981685936450958,0.29792892932891846,4.162935256958008,5.506750583648682,0.5271986722946167,0,-1,1,312,1.0,2.0,312,0.8619049191474915,0,0.0,0,0.0,0,15.782880783081055,2,7
SH,FVD,137,3369,384,384,38.400000000000006,0.3166566789150238,0.41403600573539734,6.060848712921143,7.1222991943359375,0.7790696024894714,0,-1,1,22,0.057291666666666664,2.0,384,0.6527165174484253,0,0.0,0,0.0,0,1.6871150732040405,0,5
SH,FVD,137,3370,320,320,32.0,0.4106648564338684,0.5438377857208252,6.327290058135986,7.002054214477539,0.8939552307128906,1,318,1,30,0.09375,2.0,318,0.0,0,0.0,0,0.0,0,0.0,2,7
SH,FVD,137,3371,137,137,13.700000000000001,0.2800532579421997,0.32924994826316833,3.9153082370758057,5.814051628112793,1.1654046773910522,0,-1,0,0,0.0,2.0,137,3.761972188949585,0,0.0,0,0.0,0,3.5923027992248535,1,6
SH,FVD,137,3372,595,595,59.5,0.28847500681877136,0.34284889698028564,6.7031073570251465,7.378227233886719,0.573862612247467,0,-1,1,289,0.4857142857142857,2.0,595,1.6236287355422974,0,0.0,0,0.0,0,13.625123977661133,1,6
SH,FVD,137,3373,371,371,37.1,0.30095037817955017,0.3889235556125641,14.094388008117676,15.860438346862793,1.2009907960891724,0,-1,1,36,0.09703504043126684,2.0,371,1.2908496856689453,0,0.0,0,0.0,0,7.009357929229736,1,6
SH,FVD,137,3374,142,142,14.200000000000001,0.3190452754497528,0.35988131165504456,7.291645050048828,8.583956718444824,0.9022148251533508,0,-1,1,142,1.0,2.0,142,1.5541845560073853,0,0.0,0,0.0,0,34.5018196105957,1,6
SH,FVD,137,3375,316,316,31.6,0.27591440081596375,0.3352189064025879,3.9771385192871094,4.915431499481201,0.501108705997467,0,-1,1,301,0.9525316455696202,2.0,316,0.05250849947333336,0,0.0,0,0.0,0,0.9800452589988708,0,5
SH,FVD,137,3376,308,308,30.8,0.4716424345970154,0.6214458346366882,10.880080223083496,12.861093521118164,1.489121675491333,1,297,1,63,0.20454545454545456,2.0,297,0.0,0,0.0,0,0.0,0,0.0,1,6
SH,FVD,137,3377,211,211,21.1,0.340400755405426,0.4178013801574707,7.19091796875,11.577661514282227,1.0058330297470093,1,171,1,171,0.8104265402843602,2.0,171,0.0,0,0.0,0,0.0,0,0.0,1,6
